end of GMACS.DAT
+----------------------+
| Reading data file    |
+----------------------+
 * Model dimensions
 * Natural mortality
 * Catch data
 * Abundance data
 * Size composition data
end of data section
+----------------------+
| Reading control file |
+----------------------+
Warning - the end of block 2 exceeds nyrRetro
 * General controls
 1982 2025 1 1 2 0.5 6 1 1 0 0 200 5 1940 1950 2050 2051 0 0
Expecting 98 theta parameters
 * Allometry
 * Maturity definition
## Legal definition
 * Growth parameter controls
growth increment option for sex 1 is 1
growth increment option for sex 2 is 1
LinearGM: setting nparG=3 for ig 1
ig = 1 nparG = 3
LinearGM: setting nparG=3 for ig 2
ig = 2 nparG = 3
ig = 3 nparG = 0
ig = 4 nparG = 0
ig = 5 nparG = 0
ig = 6 nparG = 0
nparGs 3 3 0 0 0 0
assigning growth parameters
1 1 Alpha_male 2.049 -5 20 0 2.049 1 3 0 0 0 0 0 0 0.3 0
    Alpha_male
printing Gpar_control
2 1 Beta_male -0.2258 -1 0 0 -0.2258 0.5 3 0 0 0 0 0 0 0.3 0
    Beta_male
printing Gpar_control
3 1 Gscale_male 0.25 0.001 5 0 0 999 -3 0 0 0 0 0 0 0.3 0
    Gscale_male
printing Gpar_control
IPAR1  2.049 -5 20 0 2.049 1 3 0 0 0 0 0 0 0.3 0
IPAR2  -0.2258 -1 0 0 -0.2258 0.5 3 0 0 0 0 0 0 0.3 0
IPAR3  0.25 0.001 5 0 0 999 -3 0 0 0 0 0 0 0.3 0
1 1 Alpha_female -1.1539 -5 10 0 -1.1539 1 3 0 0 0 0 0 0 0.3 0
    Alpha_female
printing Gpar_control
2 1 Beta_female -0.3389 -1 0 0 -0.3389 0.5 3 0 0 0 0 0 0 0.3 0
    Beta_female
printing Gpar_control
3 1 Gscale_female 0.25 0.001 5 0 0 999 -3 0 0 0 0 0 0 0.3 0
    Gscale_female
printing Gpar_control
IPAR4  -1.1539 -5 10 0 -1.1539 1 3 0 0 0 0 0 0 0.3 0
IPAR5  -0.3389 -1 0 0 -0.3389 0.5 3 0 0 0 0 0 0 0.3 0
IPAR6  0.25 0.001 5 0 0 999 -3 0 0 0 0 0 0 0.3 0
1
Special 1 0
2
Special 2 0
3
Special 3 0
4
Special 4 0
5
Special 5 1
6
Special 6 1
 * Natural mortality parameter controls
 * Selectivity parameter controls
 * Catchability parameter controls
 0 0 0 0
 0 0 0 0
 * Additional CV controls
 * Fishing mortality controls
 * Size composition controls
## Emphasis Factors (Fdev Penalties) ##
## Emphasis Factors (Priors/Penalties) ##
end of control section
+-------------------------+
| Reading projection file |
+-------------------------+
end of projection section
Number of estimated parameters: 412
Number of std variables: 430
+----------------------+
| Parameter section    |
+----------------------+
+----------------------+
| Preliminary section  |
+----------------------+
+------------------------------+
| Initial Procedure Section    |
+------------------------------+
initialize model AEP
initialize model AEP
Finished PRELIMINARY_CALCS_SECTION
Starting optimization of 'gmacs' in phase 1 of 4 at Sat Sep 12 13:25:40 2026

#--BETWEEN_PHASES_SECTION---------------------
#----Starting phase 1 of 4
Finished BETWEEN_PHASES_SECTION
----------------------------------------------
DEBUG: Total gradient stack used is 231548 out of 10000000
DEBUG: Total dvariable address used is 2077 out of 150000
DEBUG: Total dvariable address used is 3873808 out of 50000000
phase= 1 | nvar=260 | iter=  0 | nll=-2.40e+04 | mag=2.90e+02 | par[  2]=T_pars_est[3]
DEBUG: Total gradient stack used is 231548 out of 10000000
DEBUG: Total dvariable address used is 2077 out of 150000
DEBUG: Total dvariable address used is 3873808 out of 50000000
DEBUG: Total gradient stack used is 231548 out of 10000000
DEBUG: Total dvariable address used is 2077 out of 150000
DEBUG: Total dvariable address used is 3873808 out of 50000000
DEBUG: Total gradient stack used is 231548 out of 10000000
DEBUG: Total dvariable address used is 2077 out of 150000
DEBUG: Total dvariable address used is 3873808 out of 50000000
DEBUG: Total gradient stack used is 231548 out of 10000000
DEBUG: Total dvariable address used is 2077 out of 150000
DEBUG: Total dvariable address used is 3873808 out of 50000000
DEBUG: Total gradient stack used is 231548 out of 10000000
DEBUG: Total dvariable address used is 2077 out of 150000
DEBUG: Total dvariable address used is 3873808 out of 50000000
DEBUG: Total gradient stack used is 231548 out of 10000000
DEBUG: Total dvariable address used is 2077 out of 150000
DEBUG: Total dvariable address used is 3873808 out of 50000000
DEBUG: Total gradient stack used is 231548 out of 10000000
DEBUG: Total dvariable address used is 2077 out of 150000
DEBUG: Total dvariable address used is 3873808 out of 50000000
DEBUG: Total gradient stack used is 231548 out of 10000000
DEBUG: Total dvariable address used is 2077 out of 150000
DEBUG: Total dvariable address used is 3873808 out of 50000000
DEBUG: Total gradient stack used is 231548 out of 10000000
DEBUG: Total dvariable address used is 2077 out of 150000
DEBUG: Total dvariable address used is 3873808 out of 50000000
DEBUG: Total gradient stack used is 231548 out of 10000000
DEBUG: Total dvariable address used is 2077 out of 150000
DEBUG: Total dvariable address used is 3873808 out of 50000000
DEBUG: Total gradient stack used is 231548 out of 10000000
DEBUG: Total dvariable address used is 2077 out of 150000
DEBUG: Total dvariable address used is 3873808 out of 50000000
DEBUG: Total gradient stack used is 231548 out of 10000000
DEBUG: Total dvariable address used is 2077 out of 150000
DEBUG: Total dvariable address used is 3873808 out of 50000000
DEBUG: Total gradient stack used is 231548 out of 10000000
DEBUG: Total dvariable address used is 2077 out of 150000
DEBUG: Total dvariable address used is 3873808 out of 50000000
DEBUG: Total gradient stack used is 231548 out of 10000000
DEBUG: Total dvariable address used is 2077 out of 150000
DEBUG: Total dvariable address used is 3873808 out of 50000000
DEBUG: Total gradient stack used is 231548 out of 10000000
DEBUG: Total dvariable address used is 2077 out of 150000
DEBUG: Total dvariable address used is 3873808 out of 50000000
DEBUG: Total gradient stack used is 231548 out of 10000000
DEBUG: Total dvariable address used is 2077 out of 150000
DEBUG: Total dvariable address used is 3873808 out of 50000000
DEBUG: Total gradient stack used is 231548 out of 10000000
DEBUG: Total dvariable address used is 2077 out of 150000
DEBUG: Total dvariable address used is 3873808 out of 50000000
DEBUG: Total gradient stack used is 231548 out of 10000000
DEBUG: Total dvariable address used is 2077 out of 150000
DEBUG: Total dvariable address used is 3873808 out of 50000000
DEBUG: Total gradient stack used is 231548 out of 10000000
DEBUG: Total dvariable address used is 2077 out of 150000
DEBUG: Total dvariable address used is 3873808 out of 50000000
DEBUG: Total gradient stack used is 231548 out of 10000000
DEBUG: Total dvariable address used is 2077 out of 150000
DEBUG: Total dvariable address used is 3873808 out of 50000000
DEBUG: Total gradient stack used is 231548 out of 10000000
DEBUG: Total dvariable address used is 2077 out of 150000
DEBUG: Total dvariable address used is 3873808 out of 50000000
DEBUG: Total gradient stack used is 231548 out of 10000000
DEBUG: Total dvariable address used is 2077 out of 150000
DEBUG: Total dvariable address used is 3873808 out of 50000000
phase= 1 | nvar=260 | iter= 20 | nll=-2.40e+04 | mag=4.73e+01 | par[ 86]=log_fbar[1]
DEBUG: Total gradient stack used is 231548 out of 10000000
DEBUG: Total dvariable address used is 2077 out of 150000
DEBUG: Total dvariable address used is 3873808 out of 50000000
DEBUG: Total gradient stack used is 231548 out of 10000000
DEBUG: Total dvariable address used is 2077 out of 150000
DEBUG: Total dvariable address used is 3873808 out of 50000000
DEBUG: Total gradient stack used is 231548 out of 10000000
DEBUG: Total dvariable address used is 2077 out of 150000
DEBUG: Total dvariable address used is 3873808 out of 50000000
DEBUG: Total gradient stack used is 231548 out of 10000000
DEBUG: Total dvariable address used is 2077 out of 150000
DEBUG: Total dvariable address used is 3873808 out of 50000000
DEBUG: Total gradient stack used is 231548 out of 10000000
DEBUG: Total dvariable address used is 2077 out of 150000
DEBUG: Total dvariable address used is 3873808 out of 50000000
DEBUG: Total gradient stack used is 231548 out of 10000000
DEBUG: Total dvariable address used is 2077 out of 150000
DEBUG: Total dvariable address used is 3873808 out of 50000000
DEBUG: Total gradient stack used is 231548 out of 10000000
DEBUG: Total dvariable address used is 2077 out of 150000
DEBUG: Total dvariable address used is 3873808 out of 50000000
DEBUG: Total gradient stack used is 231548 out of 10000000
DEBUG: Total dvariable address used is 2077 out of 150000
DEBUG: Total dvariable address used is 3873808 out of 50000000
DEBUG: Total gradient stack used is 231548 out of 10000000
DEBUG: Total dvariable address used is 2077 out of 150000
DEBUG: Total dvariable address used is 3873808 out of 50000000
DEBUG: Total gradient stack used is 231548 out of 10000000
DEBUG: Total dvariable address used is 2077 out of 150000
DEBUG: Total dvariable address used is 3873808 out of 50000000
DEBUG: Total gradient stack used is 231548 out of 10000000
DEBUG: Total dvariable address used is 2077 out of 150000
DEBUG: Total dvariable address used is 3873808 out of 50000000
DEBUG: Total gradient stack used is 231548 out of 10000000
DEBUG: Total dvariable address used is 2077 out of 150000
DEBUG: Total dvariable address used is 3873808 out of 50000000
DEBUG: Total gradient stack used is 231548 out of 10000000
DEBUG: Total dvariable address used is 2077 out of 150000
DEBUG: Total dvariable address used is 3873808 out of 50000000
DEBUG: Total gradient stack used is 231548 out of 10000000
DEBUG: Total dvariable address used is 2077 out of 150000
DEBUG: Total dvariable address used is 3873808 out of 50000000
DEBUG: Total gradient stack used is 231548 out of 10000000
DEBUG: Total dvariable address used is 2077 out of 150000
DEBUG: Total dvariable address used is 3873808 out of 50000000
DEBUG: Total gradient stack used is 231548 out of 10000000
DEBUG: Total dvariable address used is 2077 out of 150000
DEBUG: Total dvariable address used is 3873808 out of 50000000
DEBUG: Total gradient stack used is 231548 out of 10000000
DEBUG: Total dvariable address used is 2077 out of 150000
DEBUG: Total dvariable address used is 3873808 out of 50000000
DEBUG: Total gradient stack used is 231548 out of 10000000
DEBUG: Total dvariable address used is 2077 out of 150000
DEBUG: Total dvariable address used is 3873808 out of 50000000
DEBUG: Total gradient stack used is 231548 out of 10000000
DEBUG: Total dvariable address used is 2077 out of 150000
DEBUG: Total dvariable address used is 3873808 out of 50000000
DEBUG: Total gradient stack used is 231548 out of 10000000
DEBUG: Total dvariable address used is 2077 out of 150000
DEBUG: Total dvariable address used is 3873808 out of 50000000
DEBUG: Total gradient stack used is 231548 out of 10000000
DEBUG: Total dvariable address used is 2077 out of 150000
DEBUG: Total dvariable address used is 3873808 out of 50000000
phase= 1 | nvar=260 | iter= 40 | nll=-2.40e+04 | mag=4.73e+01 | par[ 86]=log_fbar[1]
DEBUG: Total gradient stack used is 231548 out of 10000000
DEBUG: Total dvariable address used is 2077 out of 150000
DEBUG: Total dvariable address used is 3873808 out of 50000000
DEBUG: Total gradient stack used is 231548 out of 10000000
DEBUG: Total dvariable address used is 2077 out of 150000
DEBUG: Total dvariable address used is 3873808 out of 50000000
DEBUG: Total gradient stack used is 231548 out of 10000000
DEBUG: Total dvariable address used is 2077 out of 150000
DEBUG: Total dvariable address used is 3873808 out of 50000000
DEBUG: Total gradient stack used is 231548 out of 10000000
DEBUG: Total dvariable address used is 2077 out of 150000
DEBUG: Total dvariable address used is 3873808 out of 50000000
DEBUG: Total gradient stack used is 231548 out of 10000000
DEBUG: Total dvariable address used is 2077 out of 150000
DEBUG: Total dvariable address used is 3873808 out of 50000000
DEBUG: Total gradient stack used is 231548 out of 10000000
DEBUG: Total dvariable address used is 2077 out of 150000
DEBUG: Total dvariable address used is 3873808 out of 50000000
DEBUG: Total gradient stack used is 231548 out of 10000000
DEBUG: Total dvariable address used is 2077 out of 150000
DEBUG: Total dvariable address used is 3873808 out of 50000000
DEBUG: Total gradient stack used is 231548 out of 10000000
DEBUG: Total dvariable address used is 2077 out of 150000
DEBUG: Total dvariable address used is 3873808 out of 50000000
DEBUG: Total gradient stack used is 231548 out of 10000000
DEBUG: Total dvariable address used is 2077 out of 150000
DEBUG: Total dvariable address used is 3873808 out of 50000000
DEBUG: Total gradient stack used is 231548 out of 10000000
DEBUG: Total dvariable address used is 2077 out of 150000
DEBUG: Total dvariable address used is 3873808 out of 50000000
DEBUG: Total gradient stack used is 231548 out of 10000000
DEBUG: Total dvariable address used is 2077 out of 150000
DEBUG: Total dvariable address used is 3873808 out of 50000000
DEBUG: Total gradient stack used is 231548 out of 10000000
DEBUG: Total dvariable address used is 2077 out of 150000
DEBUG: Total dvariable address used is 3873808 out of 50000000
DEBUG: Total gradient stack used is 231548 out of 10000000
DEBUG: Total dvariable address used is 2077 out of 150000
DEBUG: Total dvariable address used is 3873808 out of 50000000
DEBUG: Total gradient stack used is 231548 out of 10000000
DEBUG: Total dvariable address used is 2077 out of 150000
DEBUG: Total dvariable address used is 3873808 out of 50000000
DEBUG: Total gradient stack used is 231548 out of 10000000
DEBUG: Total dvariable address used is 2077 out of 150000
DEBUG: Total dvariable address used is 3873808 out of 50000000
DEBUG: Total gradient stack used is 231548 out of 10000000
DEBUG: Total dvariable address used is 2077 out of 150000
DEBUG: Total dvariable address used is 3873808 out of 50000000
DEBUG: Total gradient stack used is 231548 out of 10000000
DEBUG: Total dvariable address used is 2077 out of 150000
DEBUG: Total dvariable address used is 3873808 out of 50000000
DEBUG: Total gradient stack used is 231548 out of 10000000
DEBUG: Total dvariable address used is 2077 out of 150000
DEBUG: Total dvariable address used is 3873808 out of 50000000
DEBUG: Total gradient stack used is 231548 out of 10000000
DEBUG: Total dvariable address used is 2077 out of 150000
DEBUG: Total dvariable address used is 3873808 out of 50000000
DEBUG: Total gradient stack used is 231548 out of 10000000
DEBUG: Total dvariable address used is 2077 out of 150000
DEBUG: Total dvariable address used is 3873808 out of 50000000
phase= 1 | nvar=260 | iter= 60 | nll=-2.40e+04 | mag=3.62e+01 | par[ 86]=log_fbar[1]
DEBUG: Total gradient stack used is 231548 out of 10000000
DEBUG: Total dvariable address used is 2077 out of 150000
DEBUG: Total dvariable address used is 3873808 out of 50000000
DEBUG: Total gradient stack used is 231548 out of 10000000
DEBUG: Total dvariable address used is 2077 out of 150000
DEBUG: Total dvariable address used is 3873808 out of 50000000
DEBUG: Total gradient stack used is 231548 out of 10000000
DEBUG: Total dvariable address used is 2077 out of 150000
DEBUG: Total dvariable address used is 3873808 out of 50000000
DEBUG: Total gradient stack used is 231548 out of 10000000
DEBUG: Total dvariable address used is 2077 out of 150000
DEBUG: Total dvariable address used is 3873808 out of 50000000
DEBUG: Total gradient stack used is 231548 out of 10000000
DEBUG: Total dvariable address used is 2077 out of 150000
DEBUG: Total dvariable address used is 3873808 out of 50000000
DEBUG: Total gradient stack used is 231548 out of 10000000
DEBUG: Total dvariable address used is 2077 out of 150000
DEBUG: Total dvariable address used is 3873808 out of 50000000
DEBUG: Total gradient stack used is 231548 out of 10000000
DEBUG: Total dvariable address used is 2077 out of 150000
DEBUG: Total dvariable address used is 3873808 out of 50000000
DEBUG: Total gradient stack used is 231548 out of 10000000
DEBUG: Total dvariable address used is 2077 out of 150000
DEBUG: Total dvariable address used is 3873808 out of 50000000
DEBUG: Total gradient stack used is 231548 out of 10000000
DEBUG: Total dvariable address used is 2077 out of 150000
DEBUG: Total dvariable address used is 3873808 out of 50000000
DEBUG: Total gradient stack used is 231548 out of 10000000
DEBUG: Total dvariable address used is 2077 out of 150000
DEBUG: Total dvariable address used is 3873808 out of 50000000
DEBUG: Total gradient stack used is 231548 out of 10000000
DEBUG: Total dvariable address used is 2077 out of 150000
DEBUG: Total dvariable address used is 3873808 out of 50000000
DEBUG: Total gradient stack used is 231548 out of 10000000
DEBUG: Total dvariable address used is 2077 out of 150000
DEBUG: Total dvariable address used is 3873808 out of 50000000
DEBUG: Total gradient stack used is 231548 out of 10000000
DEBUG: Total dvariable address used is 2077 out of 150000
DEBUG: Total dvariable address used is 3873808 out of 50000000
DEBUG: Total gradient stack used is 231548 out of 10000000
DEBUG: Total dvariable address used is 2077 out of 150000
DEBUG: Total dvariable address used is 3873808 out of 50000000
DEBUG: Total gradient stack used is 231548 out of 10000000
DEBUG: Total dvariable address used is 2077 out of 150000
DEBUG: Total dvariable address used is 3873808 out of 50000000
DEBUG: Total gradient stack used is 231548 out of 10000000
DEBUG: Total dvariable address used is 2077 out of 150000
DEBUG: Total dvariable address used is 3873808 out of 50000000
DEBUG: Total gradient stack used is 231548 out of 10000000
DEBUG: Total dvariable address used is 2077 out of 150000
DEBUG: Total dvariable address used is 3873808 out of 50000000
DEBUG: Total gradient stack used is 231548 out of 10000000
DEBUG: Total dvariable address used is 2077 out of 150000
DEBUG: Total dvariable address used is 3873808 out of 50000000
DEBUG: Total gradient stack used is 231548 out of 10000000
DEBUG: Total dvariable address used is 2077 out of 150000
DEBUG: Total dvariable address used is 3873808 out of 50000000
DEBUG: Total gradient stack used is 231548 out of 10000000
DEBUG: Total dvariable address used is 2077 out of 150000
DEBUG: Total dvariable address used is 3873808 out of 50000000
DEBUG: Total gradient stack used is 231548 out of 10000000
DEBUG: Total dvariable address used is 2077 out of 150000
DEBUG: Total dvariable address used is 3873808 out of 50000000
DEBUG: Total gradient stack used is 231548 out of 10000000
DEBUG: Total dvariable address used is 2077 out of 150000
DEBUG: Total dvariable address used is 3873808 out of 50000000
DEBUG: Total gradient stack used is 231548 out of 10000000
DEBUG: Total dvariable address used is 2077 out of 150000
DEBUG: Total dvariable address used is 3873808 out of 50000000
phase= 1 | nvar=260 | iter= 80 | nll=-2.40e+04 | mag=7.67e+00 | par[113]=log_fdev[1][26]
DEBUG: Total gradient stack used is 231548 out of 10000000
DEBUG: Total dvariable address used is 2077 out of 150000
DEBUG: Total dvariable address used is 3873808 out of 50000000
DEBUG: Total gradient stack used is 231548 out of 10000000
DEBUG: Total dvariable address used is 2077 out of 150000
DEBUG: Total dvariable address used is 3873808 out of 50000000
DEBUG: Total gradient stack used is 231548 out of 10000000
DEBUG: Total dvariable address used is 2077 out of 150000
DEBUG: Total dvariable address used is 3873808 out of 50000000
DEBUG: Total gradient stack used is 231548 out of 10000000
DEBUG: Total dvariable address used is 2077 out of 150000
DEBUG: Total dvariable address used is 3873808 out of 50000000
DEBUG: Total gradient stack used is 231548 out of 10000000
DEBUG: Total dvariable address used is 2077 out of 150000
DEBUG: Total dvariable address used is 3873808 out of 50000000
DEBUG: Total gradient stack used is 231548 out of 10000000
DEBUG: Total dvariable address used is 2077 out of 150000
DEBUG: Total dvariable address used is 3873808 out of 50000000
DEBUG: Total gradient stack used is 231548 out of 10000000
DEBUG: Total dvariable address used is 2077 out of 150000
DEBUG: Total dvariable address used is 3873808 out of 50000000
DEBUG: Total gradient stack used is 231548 out of 10000000
DEBUG: Total dvariable address used is 2077 out of 150000
DEBUG: Total dvariable address used is 3873808 out of 50000000
DEBUG: Total gradient stack used is 231548 out of 10000000
DEBUG: Total dvariable address used is 2077 out of 150000
DEBUG: Total dvariable address used is 3873808 out of 50000000
DEBUG: Total gradient stack used is 231548 out of 10000000
DEBUG: Total dvariable address used is 2077 out of 150000
DEBUG: Total dvariable address used is 3873808 out of 50000000
DEBUG: Total gradient stack used is 231548 out of 10000000
DEBUG: Total dvariable address used is 2077 out of 150000
DEBUG: Total dvariable address used is 3873808 out of 50000000
DEBUG: Total gradient stack used is 231548 out of 10000000
DEBUG: Total dvariable address used is 2077 out of 150000
DEBUG: Total dvariable address used is 3873808 out of 50000000
DEBUG: Total gradient stack used is 231548 out of 10000000
DEBUG: Total dvariable address used is 2077 out of 150000
DEBUG: Total dvariable address used is 3873808 out of 50000000
DEBUG: Total gradient stack used is 231548 out of 10000000
DEBUG: Total dvariable address used is 2077 out of 150000
DEBUG: Total dvariable address used is 3873808 out of 50000000
DEBUG: Total gradient stack used is 231548 out of 10000000
DEBUG: Total dvariable address used is 2077 out of 150000
DEBUG: Total dvariable address used is 3873808 out of 50000000
DEBUG: Total gradient stack used is 231548 out of 10000000
DEBUG: Total dvariable address used is 2077 out of 150000
DEBUG: Total dvariable address used is 3873808 out of 50000000
DEBUG: Total gradient stack used is 231548 out of 10000000
DEBUG: Total dvariable address used is 2077 out of 150000
DEBUG: Total dvariable address used is 3873808 out of 50000000
DEBUG: Total gradient stack used is 231548 out of 10000000
DEBUG: Total dvariable address used is 2077 out of 150000
DEBUG: Total dvariable address used is 3873808 out of 50000000
DEBUG: Total gradient stack used is 231548 out of 10000000
DEBUG: Total dvariable address used is 2077 out of 150000
DEBUG: Total dvariable address used is 3873808 out of 50000000
DEBUG: Total gradient stack used is 231548 out of 10000000
DEBUG: Total dvariable address used is 2077 out of 150000
DEBUG: Total dvariable address used is 3873808 out of 50000000
DEBUG: Total gradient stack used is 231548 out of 10000000
DEBUG: Total dvariable address used is 2077 out of 150000
DEBUG: Total dvariable address used is 3873808 out of 50000000
DEBUG: Total gradient stack used is 231548 out of 10000000
DEBUG: Total dvariable address used is 2077 out of 150000
DEBUG: Total dvariable address used is 3873808 out of 50000000
DEBUG: Total gradient stack used is 231548 out of 10000000
DEBUG: Total dvariable address used is 2077 out of 150000
DEBUG: Total dvariable address used is 3873808 out of 50000000
DEBUG: Total gradient stack used is 231548 out of 10000000
DEBUG: Total dvariable address used is 2077 out of 150000
DEBUG: Total dvariable address used is 3873808 out of 50000000
phase= 1 | nvar=260 | iter=100 | nll=-2.40e+04 | mag=7.33e+00 | par[113]=log_fdev[1][26]
DEBUG: Total gradient stack used is 231548 out of 10000000
DEBUG: Total dvariable address used is 2077 out of 150000
DEBUG: Total dvariable address used is 3873808 out of 50000000
DEBUG: Total gradient stack used is 231548 out of 10000000
DEBUG: Total dvariable address used is 2077 out of 150000
DEBUG: Total dvariable address used is 3873808 out of 50000000
DEBUG: Total gradient stack used is 231548 out of 10000000
DEBUG: Total dvariable address used is 2077 out of 150000
DEBUG: Total dvariable address used is 3873808 out of 50000000
DEBUG: Total gradient stack used is 231548 out of 10000000
DEBUG: Total dvariable address used is 2077 out of 150000
DEBUG: Total dvariable address used is 3873808 out of 50000000
DEBUG: Total gradient stack used is 231548 out of 10000000
DEBUG: Total dvariable address used is 2077 out of 150000
DEBUG: Total dvariable address used is 3873808 out of 50000000
DEBUG: Total gradient stack used is 231548 out of 10000000
DEBUG: Total dvariable address used is 2077 out of 150000
DEBUG: Total dvariable address used is 3873808 out of 50000000
DEBUG: Total gradient stack used is 231548 out of 10000000
DEBUG: Total dvariable address used is 2077 out of 150000
DEBUG: Total dvariable address used is 3873808 out of 50000000
DEBUG: Total gradient stack used is 231548 out of 10000000
DEBUG: Total dvariable address used is 2077 out of 150000
DEBUG: Total dvariable address used is 3873808 out of 50000000
DEBUG: Total gradient stack used is 231548 out of 10000000
DEBUG: Total dvariable address used is 2077 out of 150000
DEBUG: Total dvariable address used is 3873808 out of 50000000
DEBUG: Total gradient stack used is 231548 out of 10000000
DEBUG: Total dvariable address used is 2077 out of 150000
DEBUG: Total dvariable address used is 3873808 out of 50000000
DEBUG: Total gradient stack used is 231548 out of 10000000
DEBUG: Total dvariable address used is 2077 out of 150000
DEBUG: Total dvariable address used is 3873808 out of 50000000
DEBUG: Total gradient stack used is 231548 out of 10000000
DEBUG: Total dvariable address used is 2077 out of 150000
DEBUG: Total dvariable address used is 3873808 out of 50000000
DEBUG: Total gradient stack used is 231548 out of 10000000
DEBUG: Total dvariable address used is 2077 out of 150000
DEBUG: Total dvariable address used is 3873808 out of 50000000
DEBUG: Total gradient stack used is 231548 out of 10000000
DEBUG: Total dvariable address used is 2077 out of 150000
DEBUG: Total dvariable address used is 3873808 out of 50000000
DEBUG: Total gradient stack used is 231548 out of 10000000
DEBUG: Total dvariable address used is 2077 out of 150000
DEBUG: Total dvariable address used is 3873808 out of 50000000
DEBUG: Total gradient stack used is 231548 out of 10000000
DEBUG: Total dvariable address used is 2077 out of 150000
DEBUG: Total dvariable address used is 3873808 out of 50000000
DEBUG: Total gradient stack used is 231548 out of 10000000
DEBUG: Total dvariable address used is 2077 out of 150000
DEBUG: Total dvariable address used is 3873808 out of 50000000
DEBUG: Total gradient stack used is 231548 out of 10000000
DEBUG: Total dvariable address used is 2077 out of 150000
DEBUG: Total dvariable address used is 3873808 out of 50000000
DEBUG: Total gradient stack used is 231548 out of 10000000
DEBUG: Total dvariable address used is 2077 out of 150000
DEBUG: Total dvariable address used is 3873808 out of 50000000
DEBUG: Total gradient stack used is 231548 out of 10000000
DEBUG: Total dvariable address used is 2077 out of 150000
DEBUG: Total dvariable address used is 3873808 out of 50000000
DEBUG: Total gradient stack used is 231548 out of 10000000
DEBUG: Total dvariable address used is 2077 out of 150000
DEBUG: Total dvariable address used is 3873808 out of 50000000
DEBUG: Total gradient stack used is 231548 out of 10000000
DEBUG: Total dvariable address used is 2077 out of 150000
DEBUG: Total dvariable address used is 3873808 out of 50000000
DEBUG: Total gradient stack used is 231548 out of 10000000
DEBUG: Total dvariable address used is 2077 out of 150000
DEBUG: Total dvariable address used is 3873808 out of 50000000
DEBUG: Total gradient stack used is 231548 out of 10000000
DEBUG: Total dvariable address used is 2077 out of 150000
DEBUG: Total dvariable address used is 3873808 out of 50000000
DEBUG: Total gradient stack used is 231548 out of 10000000
DEBUG: Total dvariable address used is 2077 out of 150000
DEBUG: Total dvariable address used is 3873808 out of 50000000
DEBUG: Total gradient stack used is 231548 out of 10000000
DEBUG: Total dvariable address used is 2077 out of 150000
DEBUG: Total dvariable address used is 3873808 out of 50000000
DEBUG: Total gradient stack used is 231548 out of 10000000
DEBUG: Total dvariable address used is 2077 out of 150000
DEBUG: Total dvariable address used is 3873808 out of 50000000
DEBUG: Total gradient stack used is 231548 out of 10000000
DEBUG: Total dvariable address used is 2077 out of 150000
DEBUG: Total dvariable address used is 3873808 out of 50000000
phase= 1 | nvar=260 | iter=120 | nll=-2.40e+04 | mag=1.89e+00 | par[114]=log_fdev[1][27]
DEBUG: Total gradient stack used is 231548 out of 10000000
DEBUG: Total dvariable address used is 2077 out of 150000
DEBUG: Total dvariable address used is 3873808 out of 50000000
DEBUG: Total gradient stack used is 231548 out of 10000000
DEBUG: Total dvariable address used is 2077 out of 150000
DEBUG: Total dvariable address used is 3873808 out of 50000000
DEBUG: Total gradient stack used is 231548 out of 10000000
DEBUG: Total dvariable address used is 2077 out of 150000
DEBUG: Total dvariable address used is 3873808 out of 50000000
DEBUG: Total gradient stack used is 231548 out of 10000000
DEBUG: Total dvariable address used is 2077 out of 150000
DEBUG: Total dvariable address used is 3873808 out of 50000000
DEBUG: Total gradient stack used is 231548 out of 10000000
DEBUG: Total dvariable address used is 2077 out of 150000
DEBUG: Total dvariable address used is 3873808 out of 50000000
DEBUG: Total gradient stack used is 231548 out of 10000000
DEBUG: Total dvariable address used is 2077 out of 150000
DEBUG: Total dvariable address used is 3873808 out of 50000000
DEBUG: Total gradient stack used is 231548 out of 10000000
DEBUG: Total dvariable address used is 2077 out of 150000
DEBUG: Total dvariable address used is 3873808 out of 50000000
DEBUG: Total gradient stack used is 231548 out of 10000000
DEBUG: Total dvariable address used is 2077 out of 150000
DEBUG: Total dvariable address used is 3873808 out of 50000000
DEBUG: Total gradient stack used is 231548 out of 10000000
DEBUG: Total dvariable address used is 2077 out of 150000
DEBUG: Total dvariable address used is 3873808 out of 50000000
DEBUG: Total gradient stack used is 231548 out of 10000000
DEBUG: Total dvariable address used is 2077 out of 150000
DEBUG: Total dvariable address used is 3873808 out of 50000000
DEBUG: Total gradient stack used is 231548 out of 10000000
DEBUG: Total dvariable address used is 2077 out of 150000
DEBUG: Total dvariable address used is 3873808 out of 50000000
DEBUG: Total gradient stack used is 231548 out of 10000000
DEBUG: Total dvariable address used is 2077 out of 150000
DEBUG: Total dvariable address used is 3873808 out of 50000000
DEBUG: Total gradient stack used is 231548 out of 10000000
DEBUG: Total dvariable address used is 2077 out of 150000
DEBUG: Total dvariable address used is 3873808 out of 50000000
DEBUG: Total gradient stack used is 231548 out of 10000000
DEBUG: Total dvariable address used is 2077 out of 150000
DEBUG: Total dvariable address used is 3873808 out of 50000000
DEBUG: Total gradient stack used is 231548 out of 10000000
DEBUG: Total dvariable address used is 2077 out of 150000
DEBUG: Total dvariable address used is 3873808 out of 50000000
DEBUG: Total gradient stack used is 231548 out of 10000000
DEBUG: Total dvariable address used is 2077 out of 150000
DEBUG: Total dvariable address used is 3873808 out of 50000000
DEBUG: Total gradient stack used is 231548 out of 10000000
DEBUG: Total dvariable address used is 2077 out of 150000
DEBUG: Total dvariable address used is 3873808 out of 50000000
DEBUG: Total gradient stack used is 231548 out of 10000000
DEBUG: Total dvariable address used is 2077 out of 150000
DEBUG: Total dvariable address used is 3873808 out of 50000000
DEBUG: Total gradient stack used is 231548 out of 10000000
DEBUG: Total dvariable address used is 2077 out of 150000
DEBUG: Total dvariable address used is 3873808 out of 50000000
DEBUG: Total gradient stack used is 231548 out of 10000000
DEBUG: Total dvariable address used is 2077 out of 150000
DEBUG: Total dvariable address used is 3873808 out of 50000000
DEBUG: Total gradient stack used is 231548 out of 10000000
DEBUG: Total dvariable address used is 2077 out of 150000
DEBUG: Total dvariable address used is 3873808 out of 50000000
DEBUG: Total gradient stack used is 231548 out of 10000000
DEBUG: Total dvariable address used is 2077 out of 150000
DEBUG: Total dvariable address used is 3873808 out of 50000000
DEBUG: Total gradient stack used is 231548 out of 10000000
DEBUG: Total dvariable address used is 2077 out of 150000
DEBUG: Total dvariable address used is 3873808 out of 50000000
DEBUG: Total gradient stack used is 231548 out of 10000000
DEBUG: Total dvariable address used is 2077 out of 150000
DEBUG: Total dvariable address used is 3873808 out of 50000000
DEBUG: Total gradient stack used is 231548 out of 10000000
DEBUG: Total dvariable address used is 2077 out of 150000
DEBUG: Total dvariable address used is 3873808 out of 50000000
DEBUG: Total gradient stack used is 231548 out of 10000000
DEBUG: Total dvariable address used is 2077 out of 150000
DEBUG: Total dvariable address used is 3873808 out of 50000000
DEBUG: Total gradient stack used is 231548 out of 10000000
DEBUG: Total dvariable address used is 2077 out of 150000
DEBUG: Total dvariable address used is 3873808 out of 50000000
DEBUG: Total gradient stack used is 231548 out of 10000000
DEBUG: Total dvariable address used is 2077 out of 150000
DEBUG: Total dvariable address used is 3873808 out of 50000000
DEBUG: Total gradient stack used is 231548 out of 10000000
DEBUG: Total dvariable address used is 2077 out of 150000
DEBUG: Total dvariable address used is 3873808 out of 50000000
DEBUG: Total gradient stack used is 231548 out of 10000000
DEBUG: Total dvariable address used is 2077 out of 150000
DEBUG: Total dvariable address used is 3873808 out of 50000000
DEBUG: Total gradient stack used is 231548 out of 10000000
DEBUG: Total dvariable address used is 2077 out of 150000
DEBUG: Total dvariable address used is 3873808 out of 50000000
DEBUG: Total gradient stack used is 231548 out of 10000000
DEBUG: Total dvariable address used is 2077 out of 150000
DEBUG: Total dvariable address used is 3873808 out of 50000000
DEBUG: Total gradient stack used is 231548 out of 10000000
DEBUG: Total dvariable address used is 2077 out of 150000
DEBUG: Total dvariable address used is 3873808 out of 50000000
phase= 1 | nvar=260 | iter=140 | nll=-2.40e+04 | mag=7.83e-02 | par[ 10]=T_pars_est[18]
DEBUG: Total gradient stack used is 231548 out of 10000000
DEBUG: Total dvariable address used is 2077 out of 150000
DEBUG: Total dvariable address used is 3873808 out of 50000000
DEBUG: Total gradient stack used is 231548 out of 10000000
DEBUG: Total dvariable address used is 2077 out of 150000
DEBUG: Total dvariable address used is 3873808 out of 50000000
DEBUG: Total gradient stack used is 231548 out of 10000000
DEBUG: Total dvariable address used is 2077 out of 150000
DEBUG: Total dvariable address used is 3873808 out of 50000000
DEBUG: Total gradient stack used is 231548 out of 10000000
DEBUG: Total dvariable address used is 2077 out of 150000
DEBUG: Total dvariable address used is 3873808 out of 50000000
DEBUG: Total gradient stack used is 231548 out of 10000000
DEBUG: Total dvariable address used is 2077 out of 150000
DEBUG: Total dvariable address used is 3873808 out of 50000000
DEBUG: Total gradient stack used is 231548 out of 10000000
DEBUG: Total dvariable address used is 2077 out of 150000
DEBUG: Total dvariable address used is 3873808 out of 50000000
DEBUG: Total gradient stack used is 231548 out of 10000000
DEBUG: Total dvariable address used is 2077 out of 150000
DEBUG: Total dvariable address used is 3873808 out of 50000000
DEBUG: Total gradient stack used is 231548 out of 10000000
DEBUG: Total dvariable address used is 2077 out of 150000
DEBUG: Total dvariable address used is 3873808 out of 50000000
DEBUG: Total gradient stack used is 231548 out of 10000000
DEBUG: Total dvariable address used is 2077 out of 150000
DEBUG: Total dvariable address used is 3873808 out of 50000000
DEBUG: Total gradient stack used is 231548 out of 10000000
DEBUG: Total dvariable address used is 2077 out of 150000
DEBUG: Total dvariable address used is 3873808 out of 50000000
DEBUG: Total gradient stack used is 231548 out of 10000000
DEBUG: Total dvariable address used is 2077 out of 150000
DEBUG: Total dvariable address used is 3873808 out of 50000000
DEBUG: Total gradient stack used is 231548 out of 10000000
DEBUG: Total dvariable address used is 2077 out of 150000
DEBUG: Total dvariable address used is 3873808 out of 50000000
DEBUG: Total gradient stack used is 231548 out of 10000000
DEBUG: Total dvariable address used is 2077 out of 150000
DEBUG: Total dvariable address used is 3873808 out of 50000000
DEBUG: Total gradient stack used is 231548 out of 10000000
DEBUG: Total dvariable address used is 2077 out of 150000
DEBUG: Total dvariable address used is 3873808 out of 50000000
DEBUG: Total gradient stack used is 231548 out of 10000000
DEBUG: Total dvariable address used is 2077 out of 150000
DEBUG: Total dvariable address used is 3873808 out of 50000000
DEBUG: Total gradient stack used is 231548 out of 10000000
DEBUG: Total dvariable address used is 2077 out of 150000
DEBUG: Total dvariable address used is 3873808 out of 50000000
DEBUG: Total gradient stack used is 231548 out of 10000000
DEBUG: Total dvariable address used is 2077 out of 150000
DEBUG: Total dvariable address used is 3873808 out of 50000000
DEBUG: Total gradient stack used is 231548 out of 10000000
DEBUG: Total dvariable address used is 2077 out of 150000
DEBUG: Total dvariable address used is 3873808 out of 50000000
DEBUG: Total gradient stack used is 231548 out of 10000000
DEBUG: Total dvariable address used is 2077 out of 150000
DEBUG: Total dvariable address used is 3873808 out of 50000000
DEBUG: Total gradient stack used is 231548 out of 10000000
DEBUG: Total dvariable address used is 2077 out of 150000
DEBUG: Total dvariable address used is 3873808 out of 50000000
DEBUG: Total gradient stack used is 231548 out of 10000000
DEBUG: Total dvariable address used is 2077 out of 150000
DEBUG: Total dvariable address used is 3873808 out of 50000000
DEBUG: Total gradient stack used is 231548 out of 10000000
DEBUG: Total dvariable address used is 2077 out of 150000
DEBUG: Total dvariable address used is 3873808 out of 50000000
DEBUG: Total gradient stack used is 231548 out of 10000000
DEBUG: Total dvariable address used is 2077 out of 150000
DEBUG: Total dvariable address used is 3873808 out of 50000000
DEBUG: Total gradient stack used is 231548 out of 10000000
DEBUG: Total dvariable address used is 2077 out of 150000
DEBUG: Total dvariable address used is 3873808 out of 50000000
DEBUG: Total gradient stack used is 231548 out of 10000000
DEBUG: Total dvariable address used is 2077 out of 150000
DEBUG: Total dvariable address used is 3873808 out of 50000000
DEBUG: Total gradient stack used is 231548 out of 10000000
DEBUG: Total dvariable address used is 2077 out of 150000
DEBUG: Total dvariable address used is 3873808 out of 50000000
DEBUG: Total gradient stack used is 231548 out of 10000000
DEBUG: Total dvariable address used is 2077 out of 150000
DEBUG: Total dvariable address used is 3873808 out of 50000000
DEBUG: Total gradient stack used is 231548 out of 10000000
DEBUG: Total dvariable address used is 2077 out of 150000
DEBUG: Total dvariable address used is 3873808 out of 50000000
DEBUG: Total gradient stack used is 231548 out of 10000000
DEBUG: Total dvariable address used is 2077 out of 150000
DEBUG: Total dvariable address used is 3873808 out of 50000000
DEBUG: Total gradient stack used is 231548 out of 10000000
DEBUG: Total dvariable address used is 2077 out of 150000
DEBUG: Total dvariable address used is 3873808 out of 50000000
phase= 1 | nvar=260 | iter=160 | nll=-2.40e+04 | mag=3.96e-02 | par[ 10]=T_pars_est[18]
DEBUG: Total gradient stack used is 231548 out of 10000000
DEBUG: Total dvariable address used is 2077 out of 150000
DEBUG: Total dvariable address used is 3873808 out of 50000000
DEBUG: Total gradient stack used is 231548 out of 10000000
DEBUG: Total dvariable address used is 2077 out of 150000
DEBUG: Total dvariable address used is 3873808 out of 50000000
DEBUG: Total gradient stack used is 231548 out of 10000000
DEBUG: Total dvariable address used is 2077 out of 150000
DEBUG: Total dvariable address used is 3873808 out of 50000000
DEBUG: Total gradient stack used is 231548 out of 10000000
DEBUG: Total dvariable address used is 2077 out of 150000
DEBUG: Total dvariable address used is 3873808 out of 50000000
DEBUG: Total gradient stack used is 231548 out of 10000000
DEBUG: Total dvariable address used is 2077 out of 150000
DEBUG: Total dvariable address used is 3873808 out of 50000000
DEBUG: Total gradient stack used is 231548 out of 10000000
DEBUG: Total dvariable address used is 2077 out of 150000
DEBUG: Total dvariable address used is 3873808 out of 50000000
DEBUG: Total gradient stack used is 231548 out of 10000000
DEBUG: Total dvariable address used is 2077 out of 150000
DEBUG: Total dvariable address used is 3873808 out of 50000000
phase= 1 | nvar=260 | iter=165 | nll=-2.40e+04 | mag=7.97e-03 | par[ 10]=T_pars_est[18]
DEBUG: Total gradient stack used is 0 out of 10000000
DEBUG: Total dvariable address used is 2077 out of 150000
DEBUG: Total dvariable address used is 3873808 out of 50000000
Starting REPORT_SECTION
+--------------------------+
| Beginning report section |
+--------------------------+
Finished WriteFiles
REPORT_SECTION: finished CreateOutput
REPORT_SECTION: finished save_gradients
Finished REPORT_SECTION

#--BETWEEN_PHASES_SECTION---------------------
#----Starting phase 2 of 4
Finished BETWEEN_PHASES_SECTION
----------------------------------------------
DEBUG: Total gradient stack used is 232357 out of 10000000
DEBUG: Total dvariable address used is 2077 out of 150000
DEBUG: Total dvariable address used is 3999296 out of 50000000
phase= 2 | nvar=304 | iter=  0 | nll=-2.40e+04 | mag=4.80e+01 | par[299]=logit_rec_prop_est[39]
DEBUG: Total gradient stack used is 232357 out of 10000000
DEBUG: Total dvariable address used is 2077 out of 150000
DEBUG: Total dvariable address used is 3999296 out of 50000000
DEBUG: Total gradient stack used is 232357 out of 10000000
DEBUG: Total dvariable address used is 2077 out of 150000
DEBUG: Total dvariable address used is 3999296 out of 50000000
DEBUG: Total gradient stack used is 232357 out of 10000000
DEBUG: Total dvariable address used is 2077 out of 150000
DEBUG: Total dvariable address used is 3999296 out of 50000000
DEBUG: Total gradient stack used is 232357 out of 10000000
DEBUG: Total dvariable address used is 2077 out of 150000
DEBUG: Total dvariable address used is 3999296 out of 50000000
DEBUG: Total gradient stack used is 232357 out of 10000000
DEBUG: Total dvariable address used is 2077 out of 150000
DEBUG: Total dvariable address used is 3999296 out of 50000000
DEBUG: Total gradient stack used is 232357 out of 10000000
DEBUG: Total dvariable address used is 2077 out of 150000
DEBUG: Total dvariable address used is 3999296 out of 50000000
DEBUG: Total gradient stack used is 232357 out of 10000000
DEBUG: Total dvariable address used is 2077 out of 150000
DEBUG: Total dvariable address used is 3999296 out of 50000000
DEBUG: Total gradient stack used is 232357 out of 10000000
DEBUG: Total dvariable address used is 2077 out of 150000
DEBUG: Total dvariable address used is 3999296 out of 50000000
DEBUG: Total gradient stack used is 232357 out of 10000000
DEBUG: Total dvariable address used is 2077 out of 150000
DEBUG: Total dvariable address used is 3999296 out of 50000000
DEBUG: Total gradient stack used is 232357 out of 10000000
DEBUG: Total dvariable address used is 2077 out of 150000
DEBUG: Total dvariable address used is 3999296 out of 50000000
DEBUG: Total gradient stack used is 232357 out of 10000000
DEBUG: Total dvariable address used is 2077 out of 150000
DEBUG: Total dvariable address used is 3999296 out of 50000000
DEBUG: Total gradient stack used is 232357 out of 10000000
DEBUG: Total dvariable address used is 2077 out of 150000
DEBUG: Total dvariable address used is 3999296 out of 50000000
DEBUG: Total gradient stack used is 232357 out of 10000000
DEBUG: Total dvariable address used is 2077 out of 150000
DEBUG: Total dvariable address used is 3999296 out of 50000000
DEBUG: Total gradient stack used is 232357 out of 10000000
DEBUG: Total dvariable address used is 2077 out of 150000
DEBUG: Total dvariable address used is 3999296 out of 50000000
DEBUG: Total gradient stack used is 232357 out of 10000000
DEBUG: Total dvariable address used is 2077 out of 150000
DEBUG: Total dvariable address used is 3999296 out of 50000000
DEBUG: Total gradient stack used is 232357 out of 10000000
DEBUG: Total dvariable address used is 2077 out of 150000
DEBUG: Total dvariable address used is 3999296 out of 50000000
DEBUG: Total gradient stack used is 232357 out of 10000000
DEBUG: Total dvariable address used is 2077 out of 150000
DEBUG: Total dvariable address used is 3999296 out of 50000000
DEBUG: Total gradient stack used is 232357 out of 10000000
DEBUG: Total dvariable address used is 2077 out of 150000
DEBUG: Total dvariable address used is 3999296 out of 50000000
DEBUG: Total gradient stack used is 232357 out of 10000000
DEBUG: Total dvariable address used is 2077 out of 150000
DEBUG: Total dvariable address used is 3999296 out of 50000000
DEBUG: Total gradient stack used is 232357 out of 10000000
DEBUG: Total dvariable address used is 2077 out of 150000
DEBUG: Total dvariable address used is 3999296 out of 50000000
DEBUG: Total gradient stack used is 232357 out of 10000000
DEBUG: Total dvariable address used is 2077 out of 150000
DEBUG: Total dvariable address used is 3999296 out of 50000000
DEBUG: Total gradient stack used is 232357 out of 10000000
DEBUG: Total dvariable address used is 2077 out of 150000
DEBUG: Total dvariable address used is 3999296 out of 50000000
DEBUG: Total gradient stack used is 232357 out of 10000000
DEBUG: Total dvariable address used is 2077 out of 150000
DEBUG: Total dvariable address used is 3999296 out of 50000000
phase= 2 | nvar=304 | iter= 20 | nll=-2.40e+04 | mag=6.13e+01 | par[261]=logit_rec_prop_est[1]
DEBUG: Total gradient stack used is 232357 out of 10000000
DEBUG: Total dvariable address used is 2077 out of 150000
DEBUG: Total dvariable address used is 3999296 out of 50000000
DEBUG: Total gradient stack used is 232357 out of 10000000
DEBUG: Total dvariable address used is 2077 out of 150000
DEBUG: Total dvariable address used is 3999296 out of 50000000
DEBUG: Total gradient stack used is 232357 out of 10000000
DEBUG: Total dvariable address used is 2077 out of 150000
DEBUG: Total dvariable address used is 3999296 out of 50000000
DEBUG: Total gradient stack used is 232357 out of 10000000
DEBUG: Total dvariable address used is 2077 out of 150000
DEBUG: Total dvariable address used is 3999296 out of 50000000
DEBUG: Total gradient stack used is 232357 out of 10000000
DEBUG: Total dvariable address used is 2077 out of 150000
DEBUG: Total dvariable address used is 3999296 out of 50000000
DEBUG: Total gradient stack used is 232357 out of 10000000
DEBUG: Total dvariable address used is 2077 out of 150000
DEBUG: Total dvariable address used is 3999296 out of 50000000
DEBUG: Total gradient stack used is 232357 out of 10000000
DEBUG: Total dvariable address used is 2077 out of 150000
DEBUG: Total dvariable address used is 3999296 out of 50000000
DEBUG: Total gradient stack used is 232357 out of 10000000
DEBUG: Total dvariable address used is 2077 out of 150000
DEBUG: Total dvariable address used is 3999296 out of 50000000
DEBUG: Total gradient stack used is 232357 out of 10000000
DEBUG: Total dvariable address used is 2077 out of 150000
DEBUG: Total dvariable address used is 3999296 out of 50000000
DEBUG: Total gradient stack used is 232357 out of 10000000
DEBUG: Total dvariable address used is 2077 out of 150000
DEBUG: Total dvariable address used is 3999296 out of 50000000
DEBUG: Total gradient stack used is 232357 out of 10000000
DEBUG: Total dvariable address used is 2077 out of 150000
DEBUG: Total dvariable address used is 3999296 out of 50000000
DEBUG: Total gradient stack used is 232357 out of 10000000
DEBUG: Total dvariable address used is 2077 out of 150000
DEBUG: Total dvariable address used is 3999296 out of 50000000
DEBUG: Total gradient stack used is 232357 out of 10000000
DEBUG: Total dvariable address used is 2077 out of 150000
DEBUG: Total dvariable address used is 3999296 out of 50000000
DEBUG: Total gradient stack used is 232357 out of 10000000
DEBUG: Total dvariable address used is 2077 out of 150000
DEBUG: Total dvariable address used is 3999296 out of 50000000
DEBUG: Total gradient stack used is 232357 out of 10000000
DEBUG: Total dvariable address used is 2077 out of 150000
DEBUG: Total dvariable address used is 3999296 out of 50000000
DEBUG: Total gradient stack used is 232357 out of 10000000
DEBUG: Total dvariable address used is 2077 out of 150000
DEBUG: Total dvariable address used is 3999296 out of 50000000
DEBUG: Total gradient stack used is 232357 out of 10000000
DEBUG: Total dvariable address used is 2077 out of 150000
DEBUG: Total dvariable address used is 3999296 out of 50000000
DEBUG: Total gradient stack used is 232357 out of 10000000
DEBUG: Total dvariable address used is 2077 out of 150000
DEBUG: Total dvariable address used is 3999296 out of 50000000
DEBUG: Total gradient stack used is 232357 out of 10000000
DEBUG: Total dvariable address used is 2077 out of 150000
DEBUG: Total dvariable address used is 3999296 out of 50000000
DEBUG: Total gradient stack used is 232357 out of 10000000
DEBUG: Total dvariable address used is 2077 out of 150000
DEBUG: Total dvariable address used is 3999296 out of 50000000
DEBUG: Total gradient stack used is 232357 out of 10000000
DEBUG: Total dvariable address used is 2077 out of 150000
DEBUG: Total dvariable address used is 3999296 out of 50000000
phase= 2 | nvar=304 | iter= 40 | nll=-2.40e+04 | mag=6.18e+01 | par[261]=logit_rec_prop_est[1]
DEBUG: Total gradient stack used is 232357 out of 10000000
DEBUG: Total dvariable address used is 2077 out of 150000
DEBUG: Total dvariable address used is 3999296 out of 50000000
DEBUG: Total gradient stack used is 232357 out of 10000000
DEBUG: Total dvariable address used is 2077 out of 150000
DEBUG: Total dvariable address used is 3999296 out of 50000000
DEBUG: Total gradient stack used is 232357 out of 10000000
DEBUG: Total dvariable address used is 2077 out of 150000
DEBUG: Total dvariable address used is 3999296 out of 50000000
DEBUG: Total gradient stack used is 232357 out of 10000000
DEBUG: Total dvariable address used is 2077 out of 150000
DEBUG: Total dvariable address used is 3999296 out of 50000000
DEBUG: Total gradient stack used is 232357 out of 10000000
DEBUG: Total dvariable address used is 2077 out of 150000
DEBUG: Total dvariable address used is 3999296 out of 50000000
DEBUG: Total gradient stack used is 232357 out of 10000000
DEBUG: Total dvariable address used is 2077 out of 150000
DEBUG: Total dvariable address used is 3999296 out of 50000000
DEBUG: Total gradient stack used is 232357 out of 10000000
DEBUG: Total dvariable address used is 2077 out of 150000
DEBUG: Total dvariable address used is 3999296 out of 50000000
DEBUG: Total gradient stack used is 232357 out of 10000000
DEBUG: Total dvariable address used is 2077 out of 150000
DEBUG: Total dvariable address used is 3999296 out of 50000000
DEBUG: Total gradient stack used is 232357 out of 10000000
DEBUG: Total dvariable address used is 2077 out of 150000
DEBUG: Total dvariable address used is 3999296 out of 50000000
DEBUG: Total gradient stack used is 232357 out of 10000000
DEBUG: Total dvariable address used is 2077 out of 150000
DEBUG: Total dvariable address used is 3999296 out of 50000000
DEBUG: Total gradient stack used is 232357 out of 10000000
DEBUG: Total dvariable address used is 2077 out of 150000
DEBUG: Total dvariable address used is 3999296 out of 50000000
DEBUG: Total gradient stack used is 232357 out of 10000000
DEBUG: Total dvariable address used is 2077 out of 150000
DEBUG: Total dvariable address used is 3999296 out of 50000000
DEBUG: Total gradient stack used is 232357 out of 10000000
DEBUG: Total dvariable address used is 2077 out of 150000
DEBUG: Total dvariable address used is 3999296 out of 50000000
DEBUG: Total gradient stack used is 232357 out of 10000000
DEBUG: Total dvariable address used is 2077 out of 150000
DEBUG: Total dvariable address used is 3999296 out of 50000000
DEBUG: Total gradient stack used is 232357 out of 10000000
DEBUG: Total dvariable address used is 2077 out of 150000
DEBUG: Total dvariable address used is 3999296 out of 50000000
DEBUG: Total gradient stack used is 232357 out of 10000000
DEBUG: Total dvariable address used is 2077 out of 150000
DEBUG: Total dvariable address used is 3999296 out of 50000000
DEBUG: Total gradient stack used is 232357 out of 10000000
DEBUG: Total dvariable address used is 2077 out of 150000
DEBUG: Total dvariable address used is 3999296 out of 50000000
DEBUG: Total gradient stack used is 232357 out of 10000000
DEBUG: Total dvariable address used is 2077 out of 150000
DEBUG: Total dvariable address used is 3999296 out of 50000000
DEBUG: Total gradient stack used is 232357 out of 10000000
DEBUG: Total dvariable address used is 2077 out of 150000
DEBUG: Total dvariable address used is 3999296 out of 50000000
DEBUG: Total gradient stack used is 232357 out of 10000000
DEBUG: Total dvariable address used is 2077 out of 150000
DEBUG: Total dvariable address used is 3999296 out of 50000000
phase= 2 | nvar=304 | iter= 60 | nll=-2.40e+04 | mag=6.17e+01 | par[261]=logit_rec_prop_est[1]
DEBUG: Total gradient stack used is 232357 out of 10000000
DEBUG: Total dvariable address used is 2077 out of 150000
DEBUG: Total dvariable address used is 3999296 out of 50000000
DEBUG: Total gradient stack used is 232357 out of 10000000
DEBUG: Total dvariable address used is 2077 out of 150000
DEBUG: Total dvariable address used is 3999296 out of 50000000
DEBUG: Total gradient stack used is 232357 out of 10000000
DEBUG: Total dvariable address used is 2077 out of 150000
DEBUG: Total dvariable address used is 3999296 out of 50000000
DEBUG: Total gradient stack used is 232357 out of 10000000
DEBUG: Total dvariable address used is 2077 out of 150000
DEBUG: Total dvariable address used is 3999296 out of 50000000
DEBUG: Total gradient stack used is 232357 out of 10000000
DEBUG: Total dvariable address used is 2077 out of 150000
DEBUG: Total dvariable address used is 3999296 out of 50000000
DEBUG: Total gradient stack used is 232357 out of 10000000
DEBUG: Total dvariable address used is 2077 out of 150000
DEBUG: Total dvariable address used is 3999296 out of 50000000
DEBUG: Total gradient stack used is 232357 out of 10000000
DEBUG: Total dvariable address used is 2077 out of 150000
DEBUG: Total dvariable address used is 3999296 out of 50000000
DEBUG: Total gradient stack used is 232357 out of 10000000
DEBUG: Total dvariable address used is 2077 out of 150000
DEBUG: Total dvariable address used is 3999296 out of 50000000
DEBUG: Total gradient stack used is 232357 out of 10000000
DEBUG: Total dvariable address used is 2077 out of 150000
DEBUG: Total dvariable address used is 3999296 out of 50000000
DEBUG: Total gradient stack used is 232357 out of 10000000
DEBUG: Total dvariable address used is 2077 out of 150000
DEBUG: Total dvariable address used is 3999296 out of 50000000
DEBUG: Total gradient stack used is 232357 out of 10000000
DEBUG: Total dvariable address used is 2077 out of 150000
DEBUG: Total dvariable address used is 3999296 out of 50000000
DEBUG: Total gradient stack used is 232357 out of 10000000
DEBUG: Total dvariable address used is 2077 out of 150000
DEBUG: Total dvariable address used is 3999296 out of 50000000
DEBUG: Total gradient stack used is 232357 out of 10000000
DEBUG: Total dvariable address used is 2077 out of 150000
DEBUG: Total dvariable address used is 3999296 out of 50000000
DEBUG: Total gradient stack used is 232357 out of 10000000
DEBUG: Total dvariable address used is 2077 out of 150000
DEBUG: Total dvariable address used is 3999296 out of 50000000
DEBUG: Total gradient stack used is 232357 out of 10000000
DEBUG: Total dvariable address used is 2077 out of 150000
DEBUG: Total dvariable address used is 3999296 out of 50000000
DEBUG: Total gradient stack used is 232357 out of 10000000
DEBUG: Total dvariable address used is 2077 out of 150000
DEBUG: Total dvariable address used is 3999296 out of 50000000
DEBUG: Total gradient stack used is 232357 out of 10000000
DEBUG: Total dvariable address used is 2077 out of 150000
DEBUG: Total dvariable address used is 3999296 out of 50000000
DEBUG: Total gradient stack used is 232357 out of 10000000
DEBUG: Total dvariable address used is 2077 out of 150000
DEBUG: Total dvariable address used is 3999296 out of 50000000
DEBUG: Total gradient stack used is 232357 out of 10000000
DEBUG: Total dvariable address used is 2077 out of 150000
DEBUG: Total dvariable address used is 3999296 out of 50000000
DEBUG: Total gradient stack used is 232357 out of 10000000
DEBUG: Total dvariable address used is 2077 out of 150000
DEBUG: Total dvariable address used is 3999296 out of 50000000
phase= 2 | nvar=304 | iter= 80 | nll=-2.40e+04 | mag=5.76e+01 | par[261]=logit_rec_prop_est[1]
DEBUG: Total gradient stack used is 232357 out of 10000000
DEBUG: Total dvariable address used is 2077 out of 150000
DEBUG: Total dvariable address used is 3999296 out of 50000000
DEBUG: Total gradient stack used is 232357 out of 10000000
DEBUG: Total dvariable address used is 2077 out of 150000
DEBUG: Total dvariable address used is 3999296 out of 50000000
DEBUG: Total gradient stack used is 232357 out of 10000000
DEBUG: Total dvariable address used is 2077 out of 150000
DEBUG: Total dvariable address used is 3999296 out of 50000000
DEBUG: Total gradient stack used is 232357 out of 10000000
DEBUG: Total dvariable address used is 2077 out of 150000
DEBUG: Total dvariable address used is 3999296 out of 50000000
DEBUG: Total gradient stack used is 232357 out of 10000000
DEBUG: Total dvariable address used is 2077 out of 150000
DEBUG: Total dvariable address used is 3999296 out of 50000000
DEBUG: Total gradient stack used is 232357 out of 10000000
DEBUG: Total dvariable address used is 2077 out of 150000
DEBUG: Total dvariable address used is 3999296 out of 50000000
DEBUG: Total gradient stack used is 232357 out of 10000000
DEBUG: Total dvariable address used is 2077 out of 150000
DEBUG: Total dvariable address used is 3999296 out of 50000000
DEBUG: Total gradient stack used is 232357 out of 10000000
DEBUG: Total dvariable address used is 2077 out of 150000
DEBUG: Total dvariable address used is 3999296 out of 50000000
DEBUG: Total gradient stack used is 232357 out of 10000000
DEBUG: Total dvariable address used is 2077 out of 150000
DEBUG: Total dvariable address used is 3999296 out of 50000000
DEBUG: Total gradient stack used is 232357 out of 10000000
DEBUG: Total dvariable address used is 2077 out of 150000
DEBUG: Total dvariable address used is 3999296 out of 50000000
DEBUG: Total gradient stack used is 232357 out of 10000000
DEBUG: Total dvariable address used is 2077 out of 150000
DEBUG: Total dvariable address used is 3999296 out of 50000000
DEBUG: Total gradient stack used is 232357 out of 10000000
DEBUG: Total dvariable address used is 2077 out of 150000
DEBUG: Total dvariable address used is 3999296 out of 50000000
DEBUG: Total gradient stack used is 232357 out of 10000000
DEBUG: Total dvariable address used is 2077 out of 150000
DEBUG: Total dvariable address used is 3999296 out of 50000000
DEBUG: Total gradient stack used is 232357 out of 10000000
DEBUG: Total dvariable address used is 2077 out of 150000
DEBUG: Total dvariable address used is 3999296 out of 50000000
DEBUG: Total gradient stack used is 232357 out of 10000000
DEBUG: Total dvariable address used is 2077 out of 150000
DEBUG: Total dvariable address used is 3999296 out of 50000000
DEBUG: Total gradient stack used is 232357 out of 10000000
DEBUG: Total dvariable address used is 2077 out of 150000
DEBUG: Total dvariable address used is 3999296 out of 50000000
DEBUG: Total gradient stack used is 232357 out of 10000000
DEBUG: Total dvariable address used is 2077 out of 150000
DEBUG: Total dvariable address used is 3999296 out of 50000000
DEBUG: Total gradient stack used is 232357 out of 10000000
DEBUG: Total dvariable address used is 2077 out of 150000
DEBUG: Total dvariable address used is 3999296 out of 50000000
DEBUG: Total gradient stack used is 232357 out of 10000000
DEBUG: Total dvariable address used is 2077 out of 150000
DEBUG: Total dvariable address used is 3999296 out of 50000000
DEBUG: Total gradient stack used is 232357 out of 10000000
DEBUG: Total dvariable address used is 2077 out of 150000
DEBUG: Total dvariable address used is 3999296 out of 50000000
phase= 2 | nvar=304 | iter=100 | nll=-2.40e+04 | mag=1.05e+00 | par[261]=logit_rec_prop_est[1]
DEBUG: Total gradient stack used is 232357 out of 10000000
DEBUG: Total dvariable address used is 2077 out of 150000
DEBUG: Total dvariable address used is 3999296 out of 50000000
DEBUG: Total gradient stack used is 232357 out of 10000000
DEBUG: Total dvariable address used is 2077 out of 150000
DEBUG: Total dvariable address used is 3999296 out of 50000000
DEBUG: Total gradient stack used is 232357 out of 10000000
DEBUG: Total dvariable address used is 2077 out of 150000
DEBUG: Total dvariable address used is 3999296 out of 50000000
DEBUG: Total gradient stack used is 232357 out of 10000000
DEBUG: Total dvariable address used is 2077 out of 150000
DEBUG: Total dvariable address used is 3999296 out of 50000000
DEBUG: Total gradient stack used is 232357 out of 10000000
DEBUG: Total dvariable address used is 2077 out of 150000
DEBUG: Total dvariable address used is 3999296 out of 50000000
DEBUG: Total gradient stack used is 232357 out of 10000000
DEBUG: Total dvariable address used is 2077 out of 150000
DEBUG: Total dvariable address used is 3999296 out of 50000000
DEBUG: Total gradient stack used is 232357 out of 10000000
DEBUG: Total dvariable address used is 2077 out of 150000
DEBUG: Total dvariable address used is 3999296 out of 50000000
DEBUG: Total gradient stack used is 232357 out of 10000000
DEBUG: Total dvariable address used is 2077 out of 150000
DEBUG: Total dvariable address used is 3999296 out of 50000000
DEBUG: Total gradient stack used is 232357 out of 10000000
DEBUG: Total dvariable address used is 2077 out of 150000
DEBUG: Total dvariable address used is 3999296 out of 50000000
DEBUG: Total gradient stack used is 232357 out of 10000000
DEBUG: Total dvariable address used is 2077 out of 150000
DEBUG: Total dvariable address used is 3999296 out of 50000000
DEBUG: Total gradient stack used is 232357 out of 10000000
DEBUG: Total dvariable address used is 2077 out of 150000
DEBUG: Total dvariable address used is 3999296 out of 50000000
DEBUG: Total gradient stack used is 232357 out of 10000000
DEBUG: Total dvariable address used is 2077 out of 150000
DEBUG: Total dvariable address used is 3999296 out of 50000000
DEBUG: Total gradient stack used is 232357 out of 10000000
DEBUG: Total dvariable address used is 2077 out of 150000
DEBUG: Total dvariable address used is 3999296 out of 50000000
DEBUG: Total gradient stack used is 232357 out of 10000000
DEBUG: Total dvariable address used is 2077 out of 150000
DEBUG: Total dvariable address used is 3999296 out of 50000000
DEBUG: Total gradient stack used is 232357 out of 10000000
DEBUG: Total dvariable address used is 2077 out of 150000
DEBUG: Total dvariable address used is 3999296 out of 50000000
DEBUG: Total gradient stack used is 232357 out of 10000000
DEBUG: Total dvariable address used is 2077 out of 150000
DEBUG: Total dvariable address used is 3999296 out of 50000000
DEBUG: Total gradient stack used is 232357 out of 10000000
DEBUG: Total dvariable address used is 2077 out of 150000
DEBUG: Total dvariable address used is 3999296 out of 50000000
DEBUG: Total gradient stack used is 232357 out of 10000000
DEBUG: Total dvariable address used is 2077 out of 150000
DEBUG: Total dvariable address used is 3999296 out of 50000000
DEBUG: Total gradient stack used is 232357 out of 10000000
DEBUG: Total dvariable address used is 2077 out of 150000
DEBUG: Total dvariable address used is 3999296 out of 50000000
DEBUG: Total gradient stack used is 232357 out of 10000000
DEBUG: Total dvariable address used is 2077 out of 150000
DEBUG: Total dvariable address used is 3999296 out of 50000000
DEBUG: Total gradient stack used is 232357 out of 10000000
DEBUG: Total dvariable address used is 2077 out of 150000
DEBUG: Total dvariable address used is 3999296 out of 50000000
DEBUG: Total gradient stack used is 232357 out of 10000000
DEBUG: Total dvariable address used is 2077 out of 150000
DEBUG: Total dvariable address used is 3999296 out of 50000000
phase= 2 | nvar=304 | iter=120 | nll=-2.40e+04 | mag=1.70e+00 | par[261]=logit_rec_prop_est[1]
DEBUG: Total gradient stack used is 232357 out of 10000000
DEBUG: Total dvariable address used is 2077 out of 150000
DEBUG: Total dvariable address used is 3999296 out of 50000000
DEBUG: Total gradient stack used is 232357 out of 10000000
DEBUG: Total dvariable address used is 2077 out of 150000
DEBUG: Total dvariable address used is 3999296 out of 50000000
DEBUG: Total gradient stack used is 232357 out of 10000000
DEBUG: Total dvariable address used is 2077 out of 150000
DEBUG: Total dvariable address used is 3999296 out of 50000000
DEBUG: Total gradient stack used is 232357 out of 10000000
DEBUG: Total dvariable address used is 2077 out of 150000
DEBUG: Total dvariable address used is 3999296 out of 50000000
DEBUG: Total gradient stack used is 232357 out of 10000000
DEBUG: Total dvariable address used is 2077 out of 150000
DEBUG: Total dvariable address used is 3999296 out of 50000000
DEBUG: Total gradient stack used is 232357 out of 10000000
DEBUG: Total dvariable address used is 2077 out of 150000
DEBUG: Total dvariable address used is 3999296 out of 50000000
DEBUG: Total gradient stack used is 232357 out of 10000000
DEBUG: Total dvariable address used is 2077 out of 150000
DEBUG: Total dvariable address used is 3999296 out of 50000000
DEBUG: Total gradient stack used is 232357 out of 10000000
DEBUG: Total dvariable address used is 2077 out of 150000
DEBUG: Total dvariable address used is 3999296 out of 50000000
DEBUG: Total gradient stack used is 232357 out of 10000000
DEBUG: Total dvariable address used is 2077 out of 150000
DEBUG: Total dvariable address used is 3999296 out of 50000000
DEBUG: Total gradient stack used is 232357 out of 10000000
DEBUG: Total dvariable address used is 2077 out of 150000
DEBUG: Total dvariable address used is 3999296 out of 50000000
DEBUG: Total gradient stack used is 232357 out of 10000000
DEBUG: Total dvariable address used is 2077 out of 150000
DEBUG: Total dvariable address used is 3999296 out of 50000000
DEBUG: Total gradient stack used is 232357 out of 10000000
DEBUG: Total dvariable address used is 2077 out of 150000
DEBUG: Total dvariable address used is 3999296 out of 50000000
DEBUG: Total gradient stack used is 232357 out of 10000000
DEBUG: Total dvariable address used is 2077 out of 150000
DEBUG: Total dvariable address used is 3999296 out of 50000000
DEBUG: Total gradient stack used is 232357 out of 10000000
DEBUG: Total dvariable address used is 2077 out of 150000
DEBUG: Total dvariable address used is 3999296 out of 50000000
DEBUG: Total gradient stack used is 232357 out of 10000000
DEBUG: Total dvariable address used is 2077 out of 150000
DEBUG: Total dvariable address used is 3999296 out of 50000000
DEBUG: Total gradient stack used is 232357 out of 10000000
DEBUG: Total dvariable address used is 2077 out of 150000
DEBUG: Total dvariable address used is 3999296 out of 50000000
DEBUG: Total gradient stack used is 232357 out of 10000000
DEBUG: Total dvariable address used is 2077 out of 150000
DEBUG: Total dvariable address used is 3999296 out of 50000000
DEBUG: Total gradient stack used is 232357 out of 10000000
DEBUG: Total dvariable address used is 2077 out of 150000
DEBUG: Total dvariable address used is 3999296 out of 50000000
DEBUG: Total gradient stack used is 232357 out of 10000000
DEBUG: Total dvariable address used is 2077 out of 150000
DEBUG: Total dvariable address used is 3999296 out of 50000000
DEBUG: Total gradient stack used is 232357 out of 10000000
DEBUG: Total dvariable address used is 2077 out of 150000
DEBUG: Total dvariable address used is 3999296 out of 50000000
DEBUG: Total gradient stack used is 232357 out of 10000000
DEBUG: Total dvariable address used is 2077 out of 150000
DEBUG: Total dvariable address used is 3999296 out of 50000000
DEBUG: Total gradient stack used is 232357 out of 10000000
DEBUG: Total dvariable address used is 2077 out of 150000
DEBUG: Total dvariable address used is 3999296 out of 50000000
phase= 2 | nvar=304 | iter=140 | nll=-2.40e+04 | mag=4.39e-01 | par[261]=logit_rec_prop_est[1]
DEBUG: Total gradient stack used is 232357 out of 10000000
DEBUG: Total dvariable address used is 2077 out of 150000
DEBUG: Total dvariable address used is 3999296 out of 50000000
DEBUG: Total gradient stack used is 232357 out of 10000000
DEBUG: Total dvariable address used is 2077 out of 150000
DEBUG: Total dvariable address used is 3999296 out of 50000000
DEBUG: Total gradient stack used is 232357 out of 10000000
DEBUG: Total dvariable address used is 2077 out of 150000
DEBUG: Total dvariable address used is 3999296 out of 50000000
DEBUG: Total gradient stack used is 232357 out of 10000000
DEBUG: Total dvariable address used is 2077 out of 150000
DEBUG: Total dvariable address used is 3999296 out of 50000000
DEBUG: Total gradient stack used is 232357 out of 10000000
DEBUG: Total dvariable address used is 2077 out of 150000
DEBUG: Total dvariable address used is 3999296 out of 50000000
DEBUG: Total gradient stack used is 232357 out of 10000000
DEBUG: Total dvariable address used is 2077 out of 150000
DEBUG: Total dvariable address used is 3999296 out of 50000000
DEBUG: Total gradient stack used is 232357 out of 10000000
DEBUG: Total dvariable address used is 2077 out of 150000
DEBUG: Total dvariable address used is 3999296 out of 50000000
DEBUG: Total gradient stack used is 232357 out of 10000000
DEBUG: Total dvariable address used is 2077 out of 150000
DEBUG: Total dvariable address used is 3999296 out of 50000000
DEBUG: Total gradient stack used is 232357 out of 10000000
DEBUG: Total dvariable address used is 2077 out of 150000
DEBUG: Total dvariable address used is 3999296 out of 50000000
DEBUG: Total gradient stack used is 232357 out of 10000000
DEBUG: Total dvariable address used is 2077 out of 150000
DEBUG: Total dvariable address used is 3999296 out of 50000000
DEBUG: Total gradient stack used is 232357 out of 10000000
DEBUG: Total dvariable address used is 2077 out of 150000
DEBUG: Total dvariable address used is 3999296 out of 50000000
DEBUG: Total gradient stack used is 232357 out of 10000000
DEBUG: Total dvariable address used is 2077 out of 150000
DEBUG: Total dvariable address used is 3999296 out of 50000000
DEBUG: Total gradient stack used is 232357 out of 10000000
DEBUG: Total dvariable address used is 2077 out of 150000
DEBUG: Total dvariable address used is 3999296 out of 50000000
DEBUG: Total gradient stack used is 232357 out of 10000000
DEBUG: Total dvariable address used is 2077 out of 150000
DEBUG: Total dvariable address used is 3999296 out of 50000000
DEBUG: Total gradient stack used is 232357 out of 10000000
DEBUG: Total dvariable address used is 2077 out of 150000
DEBUG: Total dvariable address used is 3999296 out of 50000000
DEBUG: Total gradient stack used is 232357 out of 10000000
DEBUG: Total dvariable address used is 2077 out of 150000
DEBUG: Total dvariable address used is 3999296 out of 50000000
DEBUG: Total gradient stack used is 232357 out of 10000000
DEBUG: Total dvariable address used is 2077 out of 150000
DEBUG: Total dvariable address used is 3999296 out of 50000000
DEBUG: Total gradient stack used is 232357 out of 10000000
DEBUG: Total dvariable address used is 2077 out of 150000
DEBUG: Total dvariable address used is 3999296 out of 50000000
DEBUG: Total gradient stack used is 232357 out of 10000000
DEBUG: Total dvariable address used is 2077 out of 150000
DEBUG: Total dvariable address used is 3999296 out of 50000000
DEBUG: Total gradient stack used is 232357 out of 10000000
DEBUG: Total dvariable address used is 2077 out of 150000
DEBUG: Total dvariable address used is 3999296 out of 50000000
DEBUG: Total gradient stack used is 232357 out of 10000000
DEBUG: Total dvariable address used is 2077 out of 150000
DEBUG: Total dvariable address used is 3999296 out of 50000000
DEBUG: Total gradient stack used is 232357 out of 10000000
DEBUG: Total dvariable address used is 2077 out of 150000
DEBUG: Total dvariable address used is 3999296 out of 50000000
DEBUG: Total gradient stack used is 232357 out of 10000000
DEBUG: Total dvariable address used is 2077 out of 150000
DEBUG: Total dvariable address used is 3999296 out of 50000000
DEBUG: Total gradient stack used is 232357 out of 10000000
DEBUG: Total dvariable address used is 2077 out of 150000
DEBUG: Total dvariable address used is 3999296 out of 50000000
phase= 2 | nvar=304 | iter=160 | nll=-2.40e+04 | mag=1.16e-01 | par[261]=logit_rec_prop_est[1]
DEBUG: Total gradient stack used is 232357 out of 10000000
DEBUG: Total dvariable address used is 2077 out of 150000
DEBUG: Total dvariable address used is 3999296 out of 50000000
DEBUG: Total gradient stack used is 232357 out of 10000000
DEBUG: Total dvariable address used is 2077 out of 150000
DEBUG: Total dvariable address used is 3999296 out of 50000000
DEBUG: Total gradient stack used is 232357 out of 10000000
DEBUG: Total dvariable address used is 2077 out of 150000
DEBUG: Total dvariable address used is 3999296 out of 50000000
DEBUG: Total gradient stack used is 232357 out of 10000000
DEBUG: Total dvariable address used is 2077 out of 150000
DEBUG: Total dvariable address used is 3999296 out of 50000000
DEBUG: Total gradient stack used is 232357 out of 10000000
DEBUG: Total dvariable address used is 2077 out of 150000
DEBUG: Total dvariable address used is 3999296 out of 50000000
DEBUG: Total gradient stack used is 232357 out of 10000000
DEBUG: Total dvariable address used is 2077 out of 150000
DEBUG: Total dvariable address used is 3999296 out of 50000000
DEBUG: Total gradient stack used is 232357 out of 10000000
DEBUG: Total dvariable address used is 2077 out of 150000
DEBUG: Total dvariable address used is 3999296 out of 50000000
DEBUG: Total gradient stack used is 232357 out of 10000000
DEBUG: Total dvariable address used is 2077 out of 150000
DEBUG: Total dvariable address used is 3999296 out of 50000000
DEBUG: Total gradient stack used is 232357 out of 10000000
DEBUG: Total dvariable address used is 2077 out of 150000
DEBUG: Total dvariable address used is 3999296 out of 50000000
DEBUG: Total gradient stack used is 232357 out of 10000000
DEBUG: Total dvariable address used is 2077 out of 150000
DEBUG: Total dvariable address used is 3999296 out of 50000000
DEBUG: Total gradient stack used is 232357 out of 10000000
DEBUG: Total dvariable address used is 2077 out of 150000
DEBUG: Total dvariable address used is 3999296 out of 50000000
DEBUG: Total gradient stack used is 232357 out of 10000000
DEBUG: Total dvariable address used is 2077 out of 150000
DEBUG: Total dvariable address used is 3999296 out of 50000000
DEBUG: Total gradient stack used is 232357 out of 10000000
DEBUG: Total dvariable address used is 2077 out of 150000
DEBUG: Total dvariable address used is 3999296 out of 50000000
DEBUG: Total gradient stack used is 232357 out of 10000000
DEBUG: Total dvariable address used is 2077 out of 150000
DEBUG: Total dvariable address used is 3999296 out of 50000000
DEBUG: Total gradient stack used is 232357 out of 10000000
DEBUG: Total dvariable address used is 2077 out of 150000
DEBUG: Total dvariable address used is 3999296 out of 50000000
DEBUG: Total gradient stack used is 232357 out of 10000000
DEBUG: Total dvariable address used is 2077 out of 150000
DEBUG: Total dvariable address used is 3999296 out of 50000000
DEBUG: Total gradient stack used is 232357 out of 10000000
DEBUG: Total dvariable address used is 2077 out of 150000
DEBUG: Total dvariable address used is 3999296 out of 50000000
DEBUG: Total gradient stack used is 232357 out of 10000000
DEBUG: Total dvariable address used is 2077 out of 150000
DEBUG: Total dvariable address used is 3999296 out of 50000000
DEBUG: Total gradient stack used is 232357 out of 10000000
DEBUG: Total dvariable address used is 2077 out of 150000
DEBUG: Total dvariable address used is 3999296 out of 50000000
DEBUG: Total gradient stack used is 232357 out of 10000000
DEBUG: Total dvariable address used is 2077 out of 150000
DEBUG: Total dvariable address used is 3999296 out of 50000000
DEBUG: Total gradient stack used is 232357 out of 10000000
DEBUG: Total dvariable address used is 2077 out of 150000
DEBUG: Total dvariable address used is 3999296 out of 50000000
DEBUG: Total gradient stack used is 232357 out of 10000000
DEBUG: Total dvariable address used is 2077 out of 150000
DEBUG: Total dvariable address used is 3999296 out of 50000000
DEBUG: Total gradient stack used is 232357 out of 10000000
DEBUG: Total dvariable address used is 2077 out of 150000
DEBUG: Total dvariable address used is 3999296 out of 50000000
DEBUG: Total gradient stack used is 232357 out of 10000000
DEBUG: Total dvariable address used is 2077 out of 150000
DEBUG: Total dvariable address used is 3999296 out of 50000000
DEBUG: Total gradient stack used is 232357 out of 10000000
DEBUG: Total dvariable address used is 2077 out of 150000
DEBUG: Total dvariable address used is 3999296 out of 50000000
DEBUG: Total gradient stack used is 232357 out of 10000000
DEBUG: Total dvariable address used is 2077 out of 150000
DEBUG: Total dvariable address used is 3999296 out of 50000000
DEBUG: Total gradient stack used is 232357 out of 10000000
DEBUG: Total dvariable address used is 2077 out of 150000
DEBUG: Total dvariable address used is 3999296 out of 50000000
DEBUG: Total gradient stack used is 232357 out of 10000000
DEBUG: Total dvariable address used is 2077 out of 150000
DEBUG: Total dvariable address used is 3999296 out of 50000000
DEBUG: Total gradient stack used is 232357 out of 10000000
DEBUG: Total dvariable address used is 2077 out of 150000
DEBUG: Total dvariable address used is 3999296 out of 50000000
DEBUG: Total gradient stack used is 232357 out of 10000000
DEBUG: Total dvariable address used is 2077 out of 150000
DEBUG: Total dvariable address used is 3999296 out of 50000000
DEBUG: Total gradient stack used is 232357 out of 10000000
DEBUG: Total dvariable address used is 2077 out of 150000
DEBUG: Total dvariable address used is 3999296 out of 50000000
DEBUG: Total gradient stack used is 232357 out of 10000000
DEBUG: Total dvariable address used is 2077 out of 150000
DEBUG: Total dvariable address used is 3999296 out of 50000000
phase= 2 | nvar=304 | iter=180 | nll=-2.40e+04 | mag=4.65e-02 | par[261]=logit_rec_prop_est[1]
DEBUG: Total gradient stack used is 232357 out of 10000000
DEBUG: Total dvariable address used is 2077 out of 150000
DEBUG: Total dvariable address used is 3999296 out of 50000000
DEBUG: Total gradient stack used is 232357 out of 10000000
DEBUG: Total dvariable address used is 2077 out of 150000
DEBUG: Total dvariable address used is 3999296 out of 50000000
DEBUG: Total gradient stack used is 232357 out of 10000000
DEBUG: Total dvariable address used is 2077 out of 150000
DEBUG: Total dvariable address used is 3999296 out of 50000000
DEBUG: Total gradient stack used is 232357 out of 10000000
DEBUG: Total dvariable address used is 2077 out of 150000
DEBUG: Total dvariable address used is 3999296 out of 50000000
DEBUG: Total gradient stack used is 232357 out of 10000000
DEBUG: Total dvariable address used is 2077 out of 150000
DEBUG: Total dvariable address used is 3999296 out of 50000000
DEBUG: Total gradient stack used is 232357 out of 10000000
DEBUG: Total dvariable address used is 2077 out of 150000
DEBUG: Total dvariable address used is 3999296 out of 50000000
DEBUG: Total gradient stack used is 232357 out of 10000000
DEBUG: Total dvariable address used is 2077 out of 150000
DEBUG: Total dvariable address used is 3999296 out of 50000000
DEBUG: Total gradient stack used is 232357 out of 10000000
DEBUG: Total dvariable address used is 2077 out of 150000
DEBUG: Total dvariable address used is 3999296 out of 50000000
DEBUG: Total gradient stack used is 232357 out of 10000000
DEBUG: Total dvariable address used is 2077 out of 150000
DEBUG: Total dvariable address used is 3999296 out of 50000000
DEBUG: Total gradient stack used is 232357 out of 10000000
DEBUG: Total dvariable address used is 2077 out of 150000
DEBUG: Total dvariable address used is 3999296 out of 50000000
DEBUG: Total gradient stack used is 232357 out of 10000000
DEBUG: Total dvariable address used is 2077 out of 150000
DEBUG: Total dvariable address used is 3999296 out of 50000000
DEBUG: Total gradient stack used is 232357 out of 10000000
DEBUG: Total dvariable address used is 2077 out of 150000
DEBUG: Total dvariable address used is 3999296 out of 50000000
DEBUG: Total gradient stack used is 232357 out of 10000000
DEBUG: Total dvariable address used is 2077 out of 150000
DEBUG: Total dvariable address used is 3999296 out of 50000000
DEBUG: Total gradient stack used is 232357 out of 10000000
DEBUG: Total dvariable address used is 2077 out of 150000
DEBUG: Total dvariable address used is 3999296 out of 50000000
DEBUG: Total gradient stack used is 232357 out of 10000000
DEBUG: Total dvariable address used is 2077 out of 150000
DEBUG: Total dvariable address used is 3999296 out of 50000000
DEBUG: Total gradient stack used is 232357 out of 10000000
DEBUG: Total dvariable address used is 2077 out of 150000
DEBUG: Total dvariable address used is 3999296 out of 50000000
DEBUG: Total gradient stack used is 232357 out of 10000000
DEBUG: Total dvariable address used is 2077 out of 150000
DEBUG: Total dvariable address used is 3999296 out of 50000000
DEBUG: Total gradient stack used is 232357 out of 10000000
DEBUG: Total dvariable address used is 2077 out of 150000
DEBUG: Total dvariable address used is 3999296 out of 50000000
DEBUG: Total gradient stack used is 232357 out of 10000000
DEBUG: Total dvariable address used is 2077 out of 150000
DEBUG: Total dvariable address used is 3999296 out of 50000000
DEBUG: Total gradient stack used is 232357 out of 10000000
DEBUG: Total dvariable address used is 2077 out of 150000
DEBUG: Total dvariable address used is 3999296 out of 50000000
DEBUG: Total gradient stack used is 232357 out of 10000000
DEBUG: Total dvariable address used is 2077 out of 150000
DEBUG: Total dvariable address used is 3999296 out of 50000000
DEBUG: Total gradient stack used is 232357 out of 10000000
DEBUG: Total dvariable address used is 2077 out of 150000
DEBUG: Total dvariable address used is 3999296 out of 50000000
DEBUG: Total gradient stack used is 232357 out of 10000000
DEBUG: Total dvariable address used is 2077 out of 150000
DEBUG: Total dvariable address used is 3999296 out of 50000000
DEBUG: Total gradient stack used is 232357 out of 10000000
DEBUG: Total dvariable address used is 2077 out of 150000
DEBUG: Total dvariable address used is 3999296 out of 50000000
DEBUG: Total gradient stack used is 232357 out of 10000000
DEBUG: Total dvariable address used is 2077 out of 150000
DEBUG: Total dvariable address used is 3999296 out of 50000000
DEBUG: Total gradient stack used is 232357 out of 10000000
DEBUG: Total dvariable address used is 2077 out of 150000
DEBUG: Total dvariable address used is 3999296 out of 50000000
DEBUG: Total gradient stack used is 232357 out of 10000000
DEBUG: Total dvariable address used is 2077 out of 150000
DEBUG: Total dvariable address used is 3999296 out of 50000000
phase= 2 | nvar=304 | iter=200 | nll=-2.40e+04 | mag=2.16e-02 | par[261]=logit_rec_prop_est[1]
DEBUG: Total gradient stack used is 232357 out of 10000000
DEBUG: Total dvariable address used is 2077 out of 150000
DEBUG: Total dvariable address used is 3999296 out of 50000000
DEBUG: Total gradient stack used is 232357 out of 10000000
DEBUG: Total dvariable address used is 2077 out of 150000
DEBUG: Total dvariable address used is 3999296 out of 50000000
DEBUG: Total gradient stack used is 232357 out of 10000000
DEBUG: Total dvariable address used is 2077 out of 150000
DEBUG: Total dvariable address used is 3999296 out of 50000000
DEBUG: Total gradient stack used is 232357 out of 10000000
DEBUG: Total dvariable address used is 2077 out of 150000
DEBUG: Total dvariable address used is 3999296 out of 50000000
DEBUG: Total gradient stack used is 232357 out of 10000000
DEBUG: Total dvariable address used is 2077 out of 150000
DEBUG: Total dvariable address used is 3999296 out of 50000000
DEBUG: Total gradient stack used is 232357 out of 10000000
DEBUG: Total dvariable address used is 2077 out of 150000
DEBUG: Total dvariable address used is 3999296 out of 50000000
DEBUG: Total gradient stack used is 232357 out of 10000000
DEBUG: Total dvariable address used is 2077 out of 150000
DEBUG: Total dvariable address used is 3999296 out of 50000000
DEBUG: Total gradient stack used is 232357 out of 10000000
DEBUG: Total dvariable address used is 2077 out of 150000
DEBUG: Total dvariable address used is 3999296 out of 50000000
DEBUG: Total gradient stack used is 232357 out of 10000000
DEBUG: Total dvariable address used is 2077 out of 150000
DEBUG: Total dvariable address used is 3999296 out of 50000000
DEBUG: Total gradient stack used is 232357 out of 10000000
DEBUG: Total dvariable address used is 2077 out of 150000
DEBUG: Total dvariable address used is 3999296 out of 50000000
DEBUG: Total gradient stack used is 232357 out of 10000000
DEBUG: Total dvariable address used is 2077 out of 150000
DEBUG: Total dvariable address used is 3999296 out of 50000000
DEBUG: Total gradient stack used is 232357 out of 10000000
DEBUG: Total dvariable address used is 2077 out of 150000
DEBUG: Total dvariable address used is 3999296 out of 50000000
DEBUG: Total gradient stack used is 232357 out of 10000000
DEBUG: Total dvariable address used is 2077 out of 150000
DEBUG: Total dvariable address used is 3999296 out of 50000000
DEBUG: Total gradient stack used is 232357 out of 10000000
DEBUG: Total dvariable address used is 2077 out of 150000
DEBUG: Total dvariable address used is 3999296 out of 50000000
DEBUG: Total gradient stack used is 232357 out of 10000000
DEBUG: Total dvariable address used is 2077 out of 150000
DEBUG: Total dvariable address used is 3999296 out of 50000000
DEBUG: Total gradient stack used is 232357 out of 10000000
DEBUG: Total dvariable address used is 2077 out of 150000
DEBUG: Total dvariable address used is 3999296 out of 50000000
DEBUG: Total gradient stack used is 232357 out of 10000000
DEBUG: Total dvariable address used is 2077 out of 150000
DEBUG: Total dvariable address used is 3999296 out of 50000000
DEBUG: Total gradient stack used is 232357 out of 10000000
DEBUG: Total dvariable address used is 2077 out of 150000
DEBUG: Total dvariable address used is 3999296 out of 50000000
phase= 2 | nvar=304 | iter=211 | nll=-2.40e+04 | mag=9.98e-03 | par[261]=logit_rec_prop_est[1]
DEBUG: Total gradient stack used is 0 out of 10000000
DEBUG: Total dvariable address used is 2077 out of 150000
DEBUG: Total dvariable address used is 3999296 out of 50000000
Starting REPORT_SECTION
+--------------------------+
| Beginning report section |
+--------------------------+
Finished WriteFiles
REPORT_SECTION: finished CreateOutput
REPORT_SECTION: finished save_gradients
Finished REPORT_SECTION

#--BETWEEN_PHASES_SECTION---------------------
#----Starting phase 3 of 4
Finished BETWEEN_PHASES_SECTION
----------------------------------------------
DEBUG: Total gradient stack used is 449546 out of 10000000
DEBUG: Total dvariable address used is 2087 out of 150000
DEBUG: Total dvariable address used is 3999296 out of 50000000
phase= 3 | nvar=394 | iter=  0 | nll=-2.39e+04 | mag=9.56e+00 | par[ 89]=G_pars_est[5]
DEBUG: Total gradient stack used is 449245 out of 10000000
DEBUG: Total dvariable address used is 2087 out of 150000
DEBUG: Total dvariable address used is 3999296 out of 50000000
DEBUG: Total gradient stack used is 449546 out of 10000000
DEBUG: Total dvariable address used is 2087 out of 150000
DEBUG: Total dvariable address used is 3999296 out of 50000000
DEBUG: Total gradient stack used is 449546 out of 10000000
DEBUG: Total dvariable address used is 2087 out of 150000
DEBUG: Total dvariable address used is 3999296 out of 50000000
DEBUG: Total gradient stack used is 449546 out of 10000000
DEBUG: Total dvariable address used is 2087 out of 150000
DEBUG: Total dvariable address used is 3999296 out of 50000000
DEBUG: Total gradient stack used is 449546 out of 10000000
DEBUG: Total dvariable address used is 2087 out of 150000
DEBUG: Total dvariable address used is 3999296 out of 50000000
DEBUG: Total gradient stack used is 449546 out of 10000000
DEBUG: Total dvariable address used is 2087 out of 150000
DEBUG: Total dvariable address used is 3999296 out of 50000000
DEBUG: Total gradient stack used is 449546 out of 10000000
DEBUG: Total dvariable address used is 2087 out of 150000
DEBUG: Total dvariable address used is 3999296 out of 50000000
DEBUG: Total gradient stack used is 449546 out of 10000000
DEBUG: Total dvariable address used is 2087 out of 150000
DEBUG: Total dvariable address used is 3999296 out of 50000000
DEBUG: Total gradient stack used is 449546 out of 10000000
DEBUG: Total dvariable address used is 2087 out of 150000
DEBUG: Total dvariable address used is 3999296 out of 50000000
DEBUG: Total gradient stack used is 449546 out of 10000000
DEBUG: Total dvariable address used is 2087 out of 150000
DEBUG: Total dvariable address used is 3999296 out of 50000000
DEBUG: Total gradient stack used is 449546 out of 10000000
DEBUG: Total dvariable address used is 2087 out of 150000
DEBUG: Total dvariable address used is 3999296 out of 50000000
DEBUG: Total gradient stack used is 449546 out of 10000000
DEBUG: Total dvariable address used is 2087 out of 150000
DEBUG: Total dvariable address used is 3999296 out of 50000000
DEBUG: Total gradient stack used is 449546 out of 10000000
DEBUG: Total dvariable address used is 2087 out of 150000
DEBUG: Total dvariable address used is 3999296 out of 50000000
DEBUG: Total gradient stack used is 449560 out of 10000000
DEBUG: Total dvariable address used is 2087 out of 150000
DEBUG: Total dvariable address used is 3999296 out of 50000000
DEBUG: Total gradient stack used is 449560 out of 10000000
DEBUG: Total dvariable address used is 2087 out of 150000
DEBUG: Total dvariable address used is 3999296 out of 50000000
DEBUG: Total gradient stack used is 449560 out of 10000000
DEBUG: Total dvariable address used is 2087 out of 150000
DEBUG: Total dvariable address used is 3999296 out of 50000000
DEBUG: Total gradient stack used is 449560 out of 10000000
DEBUG: Total dvariable address used is 2087 out of 150000
DEBUG: Total dvariable address used is 3999296 out of 50000000
DEBUG: Total gradient stack used is 449560 out of 10000000
DEBUG: Total dvariable address used is 2087 out of 150000
DEBUG: Total dvariable address used is 3999296 out of 50000000
DEBUG: Total gradient stack used is 449560 out of 10000000
DEBUG: Total dvariable address used is 2087 out of 150000
DEBUG: Total dvariable address used is 3999296 out of 50000000
DEBUG: Total gradient stack used is 449546 out of 10000000
DEBUG: Total dvariable address used is 2087 out of 150000
DEBUG: Total dvariable address used is 3999296 out of 50000000
DEBUG: Total gradient stack used is 449546 out of 10000000
DEBUG: Total dvariable address used is 2087 out of 150000
DEBUG: Total dvariable address used is 3999296 out of 50000000
DEBUG: Total gradient stack used is 449546 out of 10000000
DEBUG: Total dvariable address used is 2087 out of 150000
DEBUG: Total dvariable address used is 3999296 out of 50000000
DEBUG: Total gradient stack used is 449546 out of 10000000
DEBUG: Total dvariable address used is 2087 out of 150000
DEBUG: Total dvariable address used is 3999296 out of 50000000
DEBUG: Total gradient stack used is 449546 out of 10000000
DEBUG: Total dvariable address used is 2087 out of 150000
DEBUG: Total dvariable address used is 3999296 out of 50000000
phase= 3 | nvar=394 | iter= 20 | nll=-2.39e+04 | mag=1.27e+01 | par[354]=logit_rec_prop_est[4]
DEBUG: Total gradient stack used is 449546 out of 10000000
DEBUG: Total dvariable address used is 2087 out of 150000
DEBUG: Total dvariable address used is 3999296 out of 50000000
DEBUG: Total gradient stack used is 449546 out of 10000000
DEBUG: Total dvariable address used is 2087 out of 150000
DEBUG: Total dvariable address used is 3999296 out of 50000000
DEBUG: Total gradient stack used is 449546 out of 10000000
DEBUG: Total dvariable address used is 2087 out of 150000
DEBUG: Total dvariable address used is 3999296 out of 50000000
DEBUG: Total gradient stack used is 449546 out of 10000000
DEBUG: Total dvariable address used is 2087 out of 150000
DEBUG: Total dvariable address used is 3999296 out of 50000000
DEBUG: Total gradient stack used is 449546 out of 10000000
DEBUG: Total dvariable address used is 2087 out of 150000
DEBUG: Total dvariable address used is 3999296 out of 50000000
DEBUG: Total gradient stack used is 449546 out of 10000000
DEBUG: Total dvariable address used is 2087 out of 150000
DEBUG: Total dvariable address used is 3999296 out of 50000000
DEBUG: Total gradient stack used is 449546 out of 10000000
DEBUG: Total dvariable address used is 2087 out of 150000
DEBUG: Total dvariable address used is 3999296 out of 50000000
DEBUG: Total gradient stack used is 449546 out of 10000000
DEBUG: Total dvariable address used is 2087 out of 150000
DEBUG: Total dvariable address used is 3999296 out of 50000000
DEBUG: Total gradient stack used is 449546 out of 10000000
DEBUG: Total dvariable address used is 2087 out of 150000
DEBUG: Total dvariable address used is 3999296 out of 50000000
DEBUG: Total gradient stack used is 449546 out of 10000000
DEBUG: Total dvariable address used is 2087 out of 150000
DEBUG: Total dvariable address used is 3999296 out of 50000000
DEBUG: Total gradient stack used is 449546 out of 10000000
DEBUG: Total dvariable address used is 2087 out of 150000
DEBUG: Total dvariable address used is 3999296 out of 50000000
DEBUG: Total gradient stack used is 449546 out of 10000000
DEBUG: Total dvariable address used is 2087 out of 150000
DEBUG: Total dvariable address used is 3999296 out of 50000000
DEBUG: Total gradient stack used is 449546 out of 10000000
DEBUG: Total dvariable address used is 2087 out of 150000
DEBUG: Total dvariable address used is 3999296 out of 50000000
DEBUG: Total gradient stack used is 449546 out of 10000000
DEBUG: Total dvariable address used is 2087 out of 150000
DEBUG: Total dvariable address used is 3999296 out of 50000000
DEBUG: Total gradient stack used is 449546 out of 10000000
DEBUG: Total dvariable address used is 2087 out of 150000
DEBUG: Total dvariable address used is 3999296 out of 50000000
DEBUG: Total gradient stack used is 449546 out of 10000000
DEBUG: Total dvariable address used is 2087 out of 150000
DEBUG: Total dvariable address used is 3999296 out of 50000000
DEBUG: Total gradient stack used is 449546 out of 10000000
DEBUG: Total dvariable address used is 2087 out of 150000
DEBUG: Total dvariable address used is 3999296 out of 50000000
DEBUG: Total gradient stack used is 449546 out of 10000000
DEBUG: Total dvariable address used is 2087 out of 150000
DEBUG: Total dvariable address used is 3999296 out of 50000000
DEBUG: Total gradient stack used is 449546 out of 10000000
DEBUG: Total dvariable address used is 2087 out of 150000
DEBUG: Total dvariable address used is 3999296 out of 50000000
DEBUG: Total gradient stack used is 449546 out of 10000000
DEBUG: Total dvariable address used is 2087 out of 150000
DEBUG: Total dvariable address used is 3999296 out of 50000000
DEBUG: Total gradient stack used is 449546 out of 10000000
DEBUG: Total dvariable address used is 2087 out of 150000
DEBUG: Total dvariable address used is 3999296 out of 50000000
phase= 3 | nvar=394 | iter= 40 | nll=-2.39e+04 | mag=1.37e+01 | par[354]=logit_rec_prop_est[4]
DEBUG: Total gradient stack used is 449546 out of 10000000
DEBUG: Total dvariable address used is 2087 out of 150000
DEBUG: Total dvariable address used is 3999296 out of 50000000
DEBUG: Total gradient stack used is 449546 out of 10000000
DEBUG: Total dvariable address used is 2087 out of 150000
DEBUG: Total dvariable address used is 3999296 out of 50000000
DEBUG: Total gradient stack used is 449546 out of 10000000
DEBUG: Total dvariable address used is 2087 out of 150000
DEBUG: Total dvariable address used is 3999296 out of 50000000
DEBUG: Total gradient stack used is 449546 out of 10000000
DEBUG: Total dvariable address used is 2087 out of 150000
DEBUG: Total dvariable address used is 3999296 out of 50000000
DEBUG: Total gradient stack used is 449546 out of 10000000
DEBUG: Total dvariable address used is 2087 out of 150000
DEBUG: Total dvariable address used is 3999296 out of 50000000
DEBUG: Total gradient stack used is 449546 out of 10000000
DEBUG: Total dvariable address used is 2087 out of 150000
DEBUG: Total dvariable address used is 3999296 out of 50000000
DEBUG: Total gradient stack used is 449546 out of 10000000
DEBUG: Total dvariable address used is 2087 out of 150000
DEBUG: Total dvariable address used is 3999296 out of 50000000
DEBUG: Total gradient stack used is 449546 out of 10000000
DEBUG: Total dvariable address used is 2087 out of 150000
DEBUG: Total dvariable address used is 3999296 out of 50000000
DEBUG: Total gradient stack used is 449546 out of 10000000
DEBUG: Total dvariable address used is 2087 out of 150000
DEBUG: Total dvariable address used is 3999296 out of 50000000
DEBUG: Total gradient stack used is 449546 out of 10000000
DEBUG: Total dvariable address used is 2087 out of 150000
DEBUG: Total dvariable address used is 3999296 out of 50000000
DEBUG: Total gradient stack used is 449546 out of 10000000
DEBUG: Total dvariable address used is 2087 out of 150000
DEBUG: Total dvariable address used is 3999296 out of 50000000
DEBUG: Total gradient stack used is 449546 out of 10000000
DEBUG: Total dvariable address used is 2087 out of 150000
DEBUG: Total dvariable address used is 3999296 out of 50000000
DEBUG: Total gradient stack used is 449546 out of 10000000
DEBUG: Total dvariable address used is 2087 out of 150000
DEBUG: Total dvariable address used is 3999296 out of 50000000
DEBUG: Total gradient stack used is 449546 out of 10000000
DEBUG: Total dvariable address used is 2087 out of 150000
DEBUG: Total dvariable address used is 3999296 out of 50000000
DEBUG: Total gradient stack used is 449546 out of 10000000
DEBUG: Total dvariable address used is 2087 out of 150000
DEBUG: Total dvariable address used is 3999296 out of 50000000
DEBUG: Total gradient stack used is 449546 out of 10000000
DEBUG: Total dvariable address used is 2087 out of 150000
DEBUG: Total dvariable address used is 3999296 out of 50000000
DEBUG: Total gradient stack used is 449546 out of 10000000
DEBUG: Total dvariable address used is 2087 out of 150000
DEBUG: Total dvariable address used is 3999296 out of 50000000
DEBUG: Total gradient stack used is 449546 out of 10000000
DEBUG: Total dvariable address used is 2087 out of 150000
DEBUG: Total dvariable address used is 3999296 out of 50000000
DEBUG: Total gradient stack used is 449546 out of 10000000
DEBUG: Total dvariable address used is 2087 out of 150000
DEBUG: Total dvariable address used is 3999296 out of 50000000
DEBUG: Total gradient stack used is 449546 out of 10000000
DEBUG: Total dvariable address used is 2087 out of 150000
DEBUG: Total dvariable address used is 3999296 out of 50000000
phase= 3 | nvar=394 | iter= 60 | nll=-2.39e+04 | mag=1.37e+01 | par[354]=logit_rec_prop_est[4]
DEBUG: Total gradient stack used is 449546 out of 10000000
DEBUG: Total dvariable address used is 2087 out of 150000
DEBUG: Total dvariable address used is 3999296 out of 50000000
DEBUG: Total gradient stack used is 449546 out of 10000000
DEBUG: Total dvariable address used is 2087 out of 150000
DEBUG: Total dvariable address used is 3999296 out of 50000000
DEBUG: Total gradient stack used is 449546 out of 10000000
DEBUG: Total dvariable address used is 2087 out of 150000
DEBUG: Total dvariable address used is 3999296 out of 50000000
DEBUG: Total gradient stack used is 449546 out of 10000000
DEBUG: Total dvariable address used is 2087 out of 150000
DEBUG: Total dvariable address used is 3999296 out of 50000000
DEBUG: Total gradient stack used is 449546 out of 10000000
DEBUG: Total dvariable address used is 2087 out of 150000
DEBUG: Total dvariable address used is 3999296 out of 50000000
DEBUG: Total gradient stack used is 449546 out of 10000000
DEBUG: Total dvariable address used is 2087 out of 150000
DEBUG: Total dvariable address used is 3999296 out of 50000000
DEBUG: Total gradient stack used is 449546 out of 10000000
DEBUG: Total dvariable address used is 2087 out of 150000
DEBUG: Total dvariable address used is 3999296 out of 50000000
DEBUG: Total gradient stack used is 449546 out of 10000000
DEBUG: Total dvariable address used is 2087 out of 150000
DEBUG: Total dvariable address used is 3999296 out of 50000000
DEBUG: Total gradient stack used is 449546 out of 10000000
DEBUG: Total dvariable address used is 2087 out of 150000
DEBUG: Total dvariable address used is 3999296 out of 50000000
DEBUG: Total gradient stack used is 449546 out of 10000000
DEBUG: Total dvariable address used is 2087 out of 150000
DEBUG: Total dvariable address used is 3999296 out of 50000000
DEBUG: Total gradient stack used is 449546 out of 10000000
DEBUG: Total dvariable address used is 2087 out of 150000
DEBUG: Total dvariable address used is 3999296 out of 50000000
DEBUG: Total gradient stack used is 449546 out of 10000000
DEBUG: Total dvariable address used is 2087 out of 150000
DEBUG: Total dvariable address used is 3999296 out of 50000000
DEBUG: Total gradient stack used is 449546 out of 10000000
DEBUG: Total dvariable address used is 2087 out of 150000
DEBUG: Total dvariable address used is 3999296 out of 50000000
DEBUG: Total gradient stack used is 449546 out of 10000000
DEBUG: Total dvariable address used is 2087 out of 150000
DEBUG: Total dvariable address used is 3999296 out of 50000000
DEBUG: Total gradient stack used is 449546 out of 10000000
DEBUG: Total dvariable address used is 2087 out of 150000
DEBUG: Total dvariable address used is 3999296 out of 50000000
DEBUG: Total gradient stack used is 449546 out of 10000000
DEBUG: Total dvariable address used is 2087 out of 150000
DEBUG: Total dvariable address used is 3999296 out of 50000000
DEBUG: Total gradient stack used is 449546 out of 10000000
DEBUG: Total dvariable address used is 2087 out of 150000
DEBUG: Total dvariable address used is 3999296 out of 50000000
DEBUG: Total gradient stack used is 449546 out of 10000000
DEBUG: Total dvariable address used is 2087 out of 150000
DEBUG: Total dvariable address used is 3999296 out of 50000000
DEBUG: Total gradient stack used is 449546 out of 10000000
DEBUG: Total dvariable address used is 2087 out of 150000
DEBUG: Total dvariable address used is 3999296 out of 50000000
DEBUG: Total gradient stack used is 449546 out of 10000000
DEBUG: Total dvariable address used is 2087 out of 150000
DEBUG: Total dvariable address used is 3999296 out of 50000000
phase= 3 | nvar=394 | iter= 80 | nll=-2.39e+04 | mag=1.37e+01 | par[354]=logit_rec_prop_est[4]
DEBUG: Total gradient stack used is 449546 out of 10000000
DEBUG: Total dvariable address used is 2087 out of 150000
DEBUG: Total dvariable address used is 3999296 out of 50000000
DEBUG: Total gradient stack used is 449546 out of 10000000
DEBUG: Total dvariable address used is 2087 out of 150000
DEBUG: Total dvariable address used is 3999296 out of 50000000
DEBUG: Total gradient stack used is 449546 out of 10000000
DEBUG: Total dvariable address used is 2087 out of 150000
DEBUG: Total dvariable address used is 3999296 out of 50000000
DEBUG: Total gradient stack used is 449546 out of 10000000
DEBUG: Total dvariable address used is 2087 out of 150000
DEBUG: Total dvariable address used is 3999296 out of 50000000
DEBUG: Total gradient stack used is 449546 out of 10000000
DEBUG: Total dvariable address used is 2087 out of 150000
DEBUG: Total dvariable address used is 3999296 out of 50000000
DEBUG: Total gradient stack used is 449546 out of 10000000
DEBUG: Total dvariable address used is 2087 out of 150000
DEBUG: Total dvariable address used is 3999296 out of 50000000
DEBUG: Total gradient stack used is 449546 out of 10000000
DEBUG: Total dvariable address used is 2087 out of 150000
DEBUG: Total dvariable address used is 3999296 out of 50000000
DEBUG: Total gradient stack used is 449546 out of 10000000
DEBUG: Total dvariable address used is 2087 out of 150000
DEBUG: Total dvariable address used is 3999296 out of 50000000
DEBUG: Total gradient stack used is 449546 out of 10000000
DEBUG: Total dvariable address used is 2087 out of 150000
DEBUG: Total dvariable address used is 3999296 out of 50000000
DEBUG: Total gradient stack used is 449546 out of 10000000
DEBUG: Total dvariable address used is 2087 out of 150000
DEBUG: Total dvariable address used is 3999296 out of 50000000
DEBUG: Total gradient stack used is 449546 out of 10000000
DEBUG: Total dvariable address used is 2087 out of 150000
DEBUG: Total dvariable address used is 3999296 out of 50000000
DEBUG: Total gradient stack used is 449546 out of 10000000
DEBUG: Total dvariable address used is 2087 out of 150000
DEBUG: Total dvariable address used is 3999296 out of 50000000
DEBUG: Total gradient stack used is 449546 out of 10000000
DEBUG: Total dvariable address used is 2087 out of 150000
DEBUG: Total dvariable address used is 3999296 out of 50000000
DEBUG: Total gradient stack used is 449546 out of 10000000
DEBUG: Total dvariable address used is 2087 out of 150000
DEBUG: Total dvariable address used is 3999296 out of 50000000
DEBUG: Total gradient stack used is 449546 out of 10000000
DEBUG: Total dvariable address used is 2087 out of 150000
DEBUG: Total dvariable address used is 3999296 out of 50000000
DEBUG: Total gradient stack used is 449546 out of 10000000
DEBUG: Total dvariable address used is 2087 out of 150000
DEBUG: Total dvariable address used is 3999296 out of 50000000
DEBUG: Total gradient stack used is 449546 out of 10000000
DEBUG: Total dvariable address used is 2087 out of 150000
DEBUG: Total dvariable address used is 3999296 out of 50000000
DEBUG: Total gradient stack used is 449546 out of 10000000
DEBUG: Total dvariable address used is 2087 out of 150000
DEBUG: Total dvariable address used is 3999296 out of 50000000
DEBUG: Total gradient stack used is 449546 out of 10000000
DEBUG: Total dvariable address used is 2087 out of 150000
DEBUG: Total dvariable address used is 3999296 out of 50000000
DEBUG: Total gradient stack used is 449546 out of 10000000
DEBUG: Total dvariable address used is 2087 out of 150000
DEBUG: Total dvariable address used is 3999296 out of 50000000
phase= 3 | nvar=394 | iter=100 | nll=-2.39e+04 | mag=1.33e+01 | par[354]=logit_rec_prop_est[4]
DEBUG: Total gradient stack used is 449546 out of 10000000
DEBUG: Total dvariable address used is 2087 out of 150000
DEBUG: Total dvariable address used is 3999296 out of 50000000
DEBUG: Total gradient stack used is 449546 out of 10000000
DEBUG: Total dvariable address used is 2087 out of 150000
DEBUG: Total dvariable address used is 3999296 out of 50000000
DEBUG: Total gradient stack used is 449546 out of 10000000
DEBUG: Total dvariable address used is 2087 out of 150000
DEBUG: Total dvariable address used is 3999296 out of 50000000
DEBUG: Total gradient stack used is 449546 out of 10000000
DEBUG: Total dvariable address used is 2087 out of 150000
DEBUG: Total dvariable address used is 3999296 out of 50000000
DEBUG: Total gradient stack used is 449546 out of 10000000
DEBUG: Total dvariable address used is 2087 out of 150000
DEBUG: Total dvariable address used is 3999296 out of 50000000
DEBUG: Total gradient stack used is 449546 out of 10000000
DEBUG: Total dvariable address used is 2087 out of 150000
DEBUG: Total dvariable address used is 3999296 out of 50000000
DEBUG: Total gradient stack used is 449546 out of 10000000
DEBUG: Total dvariable address used is 2087 out of 150000
DEBUG: Total dvariable address used is 3999296 out of 50000000
DEBUG: Total gradient stack used is 449546 out of 10000000
DEBUG: Total dvariable address used is 2087 out of 150000
DEBUG: Total dvariable address used is 3999296 out of 50000000
DEBUG: Total gradient stack used is 449546 out of 10000000
DEBUG: Total dvariable address used is 2087 out of 150000
DEBUG: Total dvariable address used is 3999296 out of 50000000
DEBUG: Total gradient stack used is 449546 out of 10000000
DEBUG: Total dvariable address used is 2087 out of 150000
DEBUG: Total dvariable address used is 3999296 out of 50000000
DEBUG: Total gradient stack used is 449546 out of 10000000
DEBUG: Total dvariable address used is 2087 out of 150000
DEBUG: Total dvariable address used is 3999296 out of 50000000
DEBUG: Total gradient stack used is 449546 out of 10000000
DEBUG: Total dvariable address used is 2087 out of 150000
DEBUG: Total dvariable address used is 3999296 out of 50000000
DEBUG: Total gradient stack used is 449546 out of 10000000
DEBUG: Total dvariable address used is 2087 out of 150000
DEBUG: Total dvariable address used is 3999296 out of 50000000
DEBUG: Total gradient stack used is 449546 out of 10000000
DEBUG: Total dvariable address used is 2087 out of 150000
DEBUG: Total dvariable address used is 3999296 out of 50000000
DEBUG: Total gradient stack used is 449546 out of 10000000
DEBUG: Total dvariable address used is 2087 out of 150000
DEBUG: Total dvariable address used is 3999296 out of 50000000
DEBUG: Total gradient stack used is 449546 out of 10000000
DEBUG: Total dvariable address used is 2087 out of 150000
DEBUG: Total dvariable address used is 3999296 out of 50000000
DEBUG: Total gradient stack used is 449546 out of 10000000
DEBUG: Total dvariable address used is 2087 out of 150000
DEBUG: Total dvariable address used is 3999296 out of 50000000
DEBUG: Total gradient stack used is 449546 out of 10000000
DEBUG: Total dvariable address used is 2087 out of 150000
DEBUG: Total dvariable address used is 3999296 out of 50000000
DEBUG: Total gradient stack used is 449546 out of 10000000
DEBUG: Total dvariable address used is 2087 out of 150000
DEBUG: Total dvariable address used is 3999296 out of 50000000
DEBUG: Total gradient stack used is 449546 out of 10000000
DEBUG: Total dvariable address used is 2087 out of 150000
DEBUG: Total dvariable address used is 3999296 out of 50000000
phase= 3 | nvar=394 | iter=120 | nll=-2.39e+04 | mag=9.33e+00 | par[354]=logit_rec_prop_est[4]
DEBUG: Total gradient stack used is 449546 out of 10000000
DEBUG: Total dvariable address used is 2087 out of 150000
DEBUG: Total dvariable address used is 3999296 out of 50000000
DEBUG: Total gradient stack used is 449546 out of 10000000
DEBUG: Total dvariable address used is 2087 out of 150000
DEBUG: Total dvariable address used is 3999296 out of 50000000
DEBUG: Total gradient stack used is 449546 out of 10000000
DEBUG: Total dvariable address used is 2087 out of 150000
DEBUG: Total dvariable address used is 3999296 out of 50000000
DEBUG: Total gradient stack used is 449546 out of 10000000
DEBUG: Total dvariable address used is 2087 out of 150000
DEBUG: Total dvariable address used is 3999296 out of 50000000
DEBUG: Total gradient stack used is 449546 out of 10000000
DEBUG: Total dvariable address used is 2087 out of 150000
DEBUG: Total dvariable address used is 3999296 out of 50000000
DEBUG: Total gradient stack used is 449546 out of 10000000
DEBUG: Total dvariable address used is 2087 out of 150000
DEBUG: Total dvariable address used is 3999296 out of 50000000
DEBUG: Total gradient stack used is 449546 out of 10000000
DEBUG: Total dvariable address used is 2087 out of 150000
DEBUG: Total dvariable address used is 3999296 out of 50000000
DEBUG: Total gradient stack used is 449546 out of 10000000
DEBUG: Total dvariable address used is 2087 out of 150000
DEBUG: Total dvariable address used is 3999296 out of 50000000
DEBUG: Total gradient stack used is 449546 out of 10000000
DEBUG: Total dvariable address used is 2087 out of 150000
DEBUG: Total dvariable address used is 3999296 out of 50000000
DEBUG: Total gradient stack used is 449546 out of 10000000
DEBUG: Total dvariable address used is 2087 out of 150000
DEBUG: Total dvariable address used is 3999296 out of 50000000
DEBUG: Total gradient stack used is 449546 out of 10000000
DEBUG: Total dvariable address used is 2087 out of 150000
DEBUG: Total dvariable address used is 3999296 out of 50000000
DEBUG: Total gradient stack used is 449546 out of 10000000
DEBUG: Total dvariable address used is 2087 out of 150000
DEBUG: Total dvariable address used is 3999296 out of 50000000
DEBUG: Total gradient stack used is 449546 out of 10000000
DEBUG: Total dvariable address used is 2087 out of 150000
DEBUG: Total dvariable address used is 3999296 out of 50000000
DEBUG: Total gradient stack used is 449546 out of 10000000
DEBUG: Total dvariable address used is 2087 out of 150000
DEBUG: Total dvariable address used is 3999296 out of 50000000
DEBUG: Total gradient stack used is 449546 out of 10000000
DEBUG: Total dvariable address used is 2087 out of 150000
DEBUG: Total dvariable address used is 3999296 out of 50000000
DEBUG: Total gradient stack used is 449546 out of 10000000
DEBUG: Total dvariable address used is 2087 out of 150000
DEBUG: Total dvariable address used is 3999296 out of 50000000
DEBUG: Total gradient stack used is 449546 out of 10000000
DEBUG: Total dvariable address used is 2087 out of 150000
DEBUG: Total dvariable address used is 3999296 out of 50000000
DEBUG: Total gradient stack used is 449546 out of 10000000
DEBUG: Total dvariable address used is 2087 out of 150000
DEBUG: Total dvariable address used is 3999296 out of 50000000
DEBUG: Total gradient stack used is 449546 out of 10000000
DEBUG: Total dvariable address used is 2087 out of 150000
DEBUG: Total dvariable address used is 3999296 out of 50000000
DEBUG: Total gradient stack used is 449546 out of 10000000
DEBUG: Total dvariable address used is 2087 out of 150000
DEBUG: Total dvariable address used is 3999296 out of 50000000
phase= 3 | nvar=394 | iter=140 | nll=-2.39e+04 | mag=8.33e-01 | par[354]=logit_rec_prop_est[4]
DEBUG: Total gradient stack used is 449546 out of 10000000
DEBUG: Total dvariable address used is 2087 out of 150000
DEBUG: Total dvariable address used is 3999296 out of 50000000
DEBUG: Total gradient stack used is 449546 out of 10000000
DEBUG: Total dvariable address used is 2087 out of 150000
DEBUG: Total dvariable address used is 3999296 out of 50000000
DEBUG: Total gradient stack used is 449546 out of 10000000
DEBUG: Total dvariable address used is 2087 out of 150000
DEBUG: Total dvariable address used is 3999296 out of 50000000
DEBUG: Total gradient stack used is 449546 out of 10000000
DEBUG: Total dvariable address used is 2087 out of 150000
DEBUG: Total dvariable address used is 3999296 out of 50000000
DEBUG: Total gradient stack used is 449546 out of 10000000
DEBUG: Total dvariable address used is 2087 out of 150000
DEBUG: Total dvariable address used is 3999296 out of 50000000
DEBUG: Total gradient stack used is 449546 out of 10000000
DEBUG: Total dvariable address used is 2087 out of 150000
DEBUG: Total dvariable address used is 3999296 out of 50000000
DEBUG: Total gradient stack used is 449546 out of 10000000
DEBUG: Total dvariable address used is 2087 out of 150000
DEBUG: Total dvariable address used is 3999296 out of 50000000
DEBUG: Total gradient stack used is 449546 out of 10000000
DEBUG: Total dvariable address used is 2087 out of 150000
DEBUG: Total dvariable address used is 3999296 out of 50000000
DEBUG: Total gradient stack used is 449546 out of 10000000
DEBUG: Total dvariable address used is 2087 out of 150000
DEBUG: Total dvariable address used is 3999296 out of 50000000
DEBUG: Total gradient stack used is 449546 out of 10000000
DEBUG: Total dvariable address used is 2087 out of 150000
DEBUG: Total dvariable address used is 3999296 out of 50000000
DEBUG: Total gradient stack used is 449546 out of 10000000
DEBUG: Total dvariable address used is 2087 out of 150000
DEBUG: Total dvariable address used is 3999296 out of 50000000
DEBUG: Total gradient stack used is 449546 out of 10000000
DEBUG: Total dvariable address used is 2087 out of 150000
DEBUG: Total dvariable address used is 3999296 out of 50000000
DEBUG: Total gradient stack used is 449546 out of 10000000
DEBUG: Total dvariable address used is 2087 out of 150000
DEBUG: Total dvariable address used is 3999296 out of 50000000
DEBUG: Total gradient stack used is 449546 out of 10000000
DEBUG: Total dvariable address used is 2087 out of 150000
DEBUG: Total dvariable address used is 3999296 out of 50000000
DEBUG: Total gradient stack used is 449546 out of 10000000
DEBUG: Total dvariable address used is 2087 out of 150000
DEBUG: Total dvariable address used is 3999296 out of 50000000
DEBUG: Total gradient stack used is 449546 out of 10000000
DEBUG: Total dvariable address used is 2087 out of 150000
DEBUG: Total dvariable address used is 3999296 out of 50000000
DEBUG: Total gradient stack used is 449546 out of 10000000
DEBUG: Total dvariable address used is 2087 out of 150000
DEBUG: Total dvariable address used is 3999296 out of 50000000
DEBUG: Total gradient stack used is 449546 out of 10000000
DEBUG: Total dvariable address used is 2087 out of 150000
DEBUG: Total dvariable address used is 3999296 out of 50000000
DEBUG: Total gradient stack used is 449546 out of 10000000
DEBUG: Total dvariable address used is 2087 out of 150000
DEBUG: Total dvariable address used is 3999296 out of 50000000
DEBUG: Total gradient stack used is 449546 out of 10000000
DEBUG: Total dvariable address used is 2087 out of 150000
DEBUG: Total dvariable address used is 3999296 out of 50000000
phase= 3 | nvar=394 | iter=160 | nll=-2.39e+04 | mag=4.86e-01 | par[394]=logit_rec_prop_est[44]
DEBUG: Total gradient stack used is 449546 out of 10000000
DEBUG: Total dvariable address used is 2087 out of 150000
DEBUG: Total dvariable address used is 3999296 out of 50000000
DEBUG: Total gradient stack used is 449546 out of 10000000
DEBUG: Total dvariable address used is 2087 out of 150000
DEBUG: Total dvariable address used is 3999296 out of 50000000
DEBUG: Total gradient stack used is 449546 out of 10000000
DEBUG: Total dvariable address used is 2087 out of 150000
DEBUG: Total dvariable address used is 3999296 out of 50000000
DEBUG: Total gradient stack used is 449546 out of 10000000
DEBUG: Total dvariable address used is 2087 out of 150000
DEBUG: Total dvariable address used is 3999296 out of 50000000
DEBUG: Total gradient stack used is 449546 out of 10000000
DEBUG: Total dvariable address used is 2087 out of 150000
DEBUG: Total dvariable address used is 3999296 out of 50000000
DEBUG: Total gradient stack used is 449546 out of 10000000
DEBUG: Total dvariable address used is 2087 out of 150000
DEBUG: Total dvariable address used is 3999296 out of 50000000
DEBUG: Total gradient stack used is 449546 out of 10000000
DEBUG: Total dvariable address used is 2087 out of 150000
DEBUG: Total dvariable address used is 3999296 out of 50000000
DEBUG: Total gradient stack used is 449546 out of 10000000
DEBUG: Total dvariable address used is 2087 out of 150000
DEBUG: Total dvariable address used is 3999296 out of 50000000
DEBUG: Total gradient stack used is 449546 out of 10000000
DEBUG: Total dvariable address used is 2087 out of 150000
DEBUG: Total dvariable address used is 3999296 out of 50000000
DEBUG: Total gradient stack used is 449546 out of 10000000
DEBUG: Total dvariable address used is 2087 out of 150000
DEBUG: Total dvariable address used is 3999296 out of 50000000
DEBUG: Total gradient stack used is 449546 out of 10000000
DEBUG: Total dvariable address used is 2087 out of 150000
DEBUG: Total dvariable address used is 3999296 out of 50000000
DEBUG: Total gradient stack used is 449546 out of 10000000
DEBUG: Total dvariable address used is 2087 out of 150000
DEBUG: Total dvariable address used is 3999296 out of 50000000
DEBUG: Total gradient stack used is 449546 out of 10000000
DEBUG: Total dvariable address used is 2087 out of 150000
DEBUG: Total dvariable address used is 3999296 out of 50000000
DEBUG: Total gradient stack used is 449546 out of 10000000
DEBUG: Total dvariable address used is 2087 out of 150000
DEBUG: Total dvariable address used is 3999296 out of 50000000
DEBUG: Total gradient stack used is 449546 out of 10000000
DEBUG: Total dvariable address used is 2087 out of 150000
DEBUG: Total dvariable address used is 3999296 out of 50000000
DEBUG: Total gradient stack used is 449546 out of 10000000
DEBUG: Total dvariable address used is 2087 out of 150000
DEBUG: Total dvariable address used is 3999296 out of 50000000
DEBUG: Total gradient stack used is 449546 out of 10000000
DEBUG: Total dvariable address used is 2087 out of 150000
DEBUG: Total dvariable address used is 3999296 out of 50000000
DEBUG: Total gradient stack used is 449546 out of 10000000
DEBUG: Total dvariable address used is 2087 out of 150000
DEBUG: Total dvariable address used is 3999296 out of 50000000
DEBUG: Total gradient stack used is 449546 out of 10000000
DEBUG: Total dvariable address used is 2087 out of 150000
DEBUG: Total dvariable address used is 3999296 out of 50000000
DEBUG: Total gradient stack used is 449546 out of 10000000
DEBUG: Total dvariable address used is 2087 out of 150000
DEBUG: Total dvariable address used is 3999296 out of 50000000
phase= 3 | nvar=394 | iter=180 | nll=-2.39e+04 | mag=4.60e-01 | par[394]=logit_rec_prop_est[44]
DEBUG: Total gradient stack used is 449546 out of 10000000
DEBUG: Total dvariable address used is 2087 out of 150000
DEBUG: Total dvariable address used is 3999296 out of 50000000
DEBUG: Total gradient stack used is 449546 out of 10000000
DEBUG: Total dvariable address used is 2087 out of 150000
DEBUG: Total dvariable address used is 3999296 out of 50000000
DEBUG: Total gradient stack used is 449546 out of 10000000
DEBUG: Total dvariable address used is 2087 out of 150000
DEBUG: Total dvariable address used is 3999296 out of 50000000
DEBUG: Total gradient stack used is 449546 out of 10000000
DEBUG: Total dvariable address used is 2087 out of 150000
DEBUG: Total dvariable address used is 3999296 out of 50000000
DEBUG: Total gradient stack used is 449546 out of 10000000
DEBUG: Total dvariable address used is 2087 out of 150000
DEBUG: Total dvariable address used is 3999296 out of 50000000
DEBUG: Total gradient stack used is 449546 out of 10000000
DEBUG: Total dvariable address used is 2087 out of 150000
DEBUG: Total dvariable address used is 3999296 out of 50000000
DEBUG: Total gradient stack used is 449546 out of 10000000
DEBUG: Total dvariable address used is 2087 out of 150000
DEBUG: Total dvariable address used is 3999296 out of 50000000
DEBUG: Total gradient stack used is 449546 out of 10000000
DEBUG: Total dvariable address used is 2087 out of 150000
DEBUG: Total dvariable address used is 3999296 out of 50000000
DEBUG: Total gradient stack used is 449546 out of 10000000
DEBUG: Total dvariable address used is 2087 out of 150000
DEBUG: Total dvariable address used is 3999296 out of 50000000
DEBUG: Total gradient stack used is 449546 out of 10000000
DEBUG: Total dvariable address used is 2087 out of 150000
DEBUG: Total dvariable address used is 3999296 out of 50000000
DEBUG: Total gradient stack used is 449546 out of 10000000
DEBUG: Total dvariable address used is 2087 out of 150000
DEBUG: Total dvariable address used is 3999296 out of 50000000
DEBUG: Total gradient stack used is 449546 out of 10000000
DEBUG: Total dvariable address used is 2087 out of 150000
DEBUG: Total dvariable address used is 3999296 out of 50000000
DEBUG: Total gradient stack used is 449546 out of 10000000
DEBUG: Total dvariable address used is 2087 out of 150000
DEBUG: Total dvariable address used is 3999296 out of 50000000
DEBUG: Total gradient stack used is 449546 out of 10000000
DEBUG: Total dvariable address used is 2087 out of 150000
DEBUG: Total dvariable address used is 3999296 out of 50000000
DEBUG: Total gradient stack used is 449546 out of 10000000
DEBUG: Total dvariable address used is 2087 out of 150000
DEBUG: Total dvariable address used is 3999296 out of 50000000
DEBUG: Total gradient stack used is 449546 out of 10000000
DEBUG: Total dvariable address used is 2087 out of 150000
DEBUG: Total dvariable address used is 3999296 out of 50000000
DEBUG: Total gradient stack used is 449546 out of 10000000
DEBUG: Total dvariable address used is 2087 out of 150000
DEBUG: Total dvariable address used is 3999296 out of 50000000
DEBUG: Total gradient stack used is 449546 out of 10000000
DEBUG: Total dvariable address used is 2087 out of 150000
DEBUG: Total dvariable address used is 3999296 out of 50000000
DEBUG: Total gradient stack used is 449546 out of 10000000
DEBUG: Total dvariable address used is 2087 out of 150000
DEBUG: Total dvariable address used is 3999296 out of 50000000
DEBUG: Total gradient stack used is 449546 out of 10000000
DEBUG: Total dvariable address used is 2087 out of 150000
DEBUG: Total dvariable address used is 3999296 out of 50000000
DEBUG: Total gradient stack used is 449546 out of 10000000
DEBUG: Total dvariable address used is 2087 out of 150000
DEBUG: Total dvariable address used is 3999296 out of 50000000
DEBUG: Total gradient stack used is 449546 out of 10000000
DEBUG: Total dvariable address used is 2087 out of 150000
DEBUG: Total dvariable address used is 3999296 out of 50000000
phase= 3 | nvar=394 | iter=200 | nll=-2.39e+04 | mag=2.55e-02 | par[286]=log_fdov[1][22]
DEBUG: Total gradient stack used is 449546 out of 10000000
DEBUG: Total dvariable address used is 2087 out of 150000
DEBUG: Total dvariable address used is 3999296 out of 50000000
DEBUG: Total gradient stack used is 449546 out of 10000000
DEBUG: Total dvariable address used is 2087 out of 150000
DEBUG: Total dvariable address used is 3999296 out of 50000000
DEBUG: Total gradient stack used is 449546 out of 10000000
DEBUG: Total dvariable address used is 2087 out of 150000
DEBUG: Total dvariable address used is 3999296 out of 50000000
DEBUG: Total gradient stack used is 449546 out of 10000000
DEBUG: Total dvariable address used is 2087 out of 150000
DEBUG: Total dvariable address used is 3999296 out of 50000000
DEBUG: Total gradient stack used is 449546 out of 10000000
DEBUG: Total dvariable address used is 2087 out of 150000
DEBUG: Total dvariable address used is 3999296 out of 50000000
DEBUG: Total gradient stack used is 449546 out of 10000000
DEBUG: Total dvariable address used is 2087 out of 150000
DEBUG: Total dvariable address used is 3999296 out of 50000000
DEBUG: Total gradient stack used is 449546 out of 10000000
DEBUG: Total dvariable address used is 2087 out of 150000
DEBUG: Total dvariable address used is 3999296 out of 50000000
DEBUG: Total gradient stack used is 449546 out of 10000000
DEBUG: Total dvariable address used is 2087 out of 150000
DEBUG: Total dvariable address used is 3999296 out of 50000000
DEBUG: Total gradient stack used is 449546 out of 10000000
DEBUG: Total dvariable address used is 2087 out of 150000
DEBUG: Total dvariable address used is 3999296 out of 50000000
DEBUG: Total gradient stack used is 449546 out of 10000000
DEBUG: Total dvariable address used is 2087 out of 150000
DEBUG: Total dvariable address used is 3999296 out of 50000000
DEBUG: Total gradient stack used is 449546 out of 10000000
DEBUG: Total dvariable address used is 2087 out of 150000
DEBUG: Total dvariable address used is 3999296 out of 50000000
DEBUG: Total gradient stack used is 449546 out of 10000000
DEBUG: Total dvariable address used is 2087 out of 150000
DEBUG: Total dvariable address used is 3999296 out of 50000000
DEBUG: Total gradient stack used is 449546 out of 10000000
DEBUG: Total dvariable address used is 2087 out of 150000
DEBUG: Total dvariable address used is 3999296 out of 50000000
DEBUG: Total gradient stack used is 449546 out of 10000000
DEBUG: Total dvariable address used is 2087 out of 150000
DEBUG: Total dvariable address used is 3999296 out of 50000000
DEBUG: Total gradient stack used is 449546 out of 10000000
DEBUG: Total dvariable address used is 2087 out of 150000
DEBUG: Total dvariable address used is 3999296 out of 50000000
DEBUG: Total gradient stack used is 449546 out of 10000000
DEBUG: Total dvariable address used is 2087 out of 150000
DEBUG: Total dvariable address used is 3999296 out of 50000000
DEBUG: Total gradient stack used is 449546 out of 10000000
DEBUG: Total dvariable address used is 2087 out of 150000
DEBUG: Total dvariable address used is 3999296 out of 50000000
DEBUG: Total gradient stack used is 449546 out of 10000000
DEBUG: Total dvariable address used is 2087 out of 150000
DEBUG: Total dvariable address used is 3999296 out of 50000000
DEBUG: Total gradient stack used is 449546 out of 10000000
DEBUG: Total dvariable address used is 2087 out of 150000
DEBUG: Total dvariable address used is 3999296 out of 50000000
DEBUG: Total gradient stack used is 449546 out of 10000000
DEBUG: Total dvariable address used is 2087 out of 150000
DEBUG: Total dvariable address used is 3999296 out of 50000000
DEBUG: Total gradient stack used is 449546 out of 10000000
DEBUG: Total dvariable address used is 2087 out of 150000
DEBUG: Total dvariable address used is 3999296 out of 50000000
DEBUG: Total gradient stack used is 449546 out of 10000000
DEBUG: Total dvariable address used is 2087 out of 150000
DEBUG: Total dvariable address used is 3999296 out of 50000000
DEBUG: Total gradient stack used is 449546 out of 10000000
DEBUG: Total dvariable address used is 2087 out of 150000
DEBUG: Total dvariable address used is 3999296 out of 50000000
DEBUG: Total gradient stack used is 449546 out of 10000000
DEBUG: Total dvariable address used is 2087 out of 150000
DEBUG: Total dvariable address used is 3999296 out of 50000000
DEBUG: Total gradient stack used is 449546 out of 10000000
DEBUG: Total dvariable address used is 2087 out of 150000
DEBUG: Total dvariable address used is 3999296 out of 50000000
DEBUG: Total gradient stack used is 449546 out of 10000000
DEBUG: Total dvariable address used is 2087 out of 150000
DEBUG: Total dvariable address used is 3999296 out of 50000000
DEBUG: Total gradient stack used is 449546 out of 10000000
DEBUG: Total dvariable address used is 2087 out of 150000
DEBUG: Total dvariable address used is 3999296 out of 50000000
DEBUG: Total gradient stack used is 449546 out of 10000000
DEBUG: Total dvariable address used is 2087 out of 150000
DEBUG: Total dvariable address used is 3999296 out of 50000000
DEBUG: Total gradient stack used is 449546 out of 10000000
DEBUG: Total dvariable address used is 2087 out of 150000
DEBUG: Total dvariable address used is 3999296 out of 50000000
DEBUG: Total gradient stack used is 449546 out of 10000000
DEBUG: Total dvariable address used is 2087 out of 150000
DEBUG: Total dvariable address used is 3999296 out of 50000000
DEBUG: Total gradient stack used is 449546 out of 10000000
DEBUG: Total dvariable address used is 2087 out of 150000
DEBUG: Total dvariable address used is 3999296 out of 50000000
DEBUG: Total gradient stack used is 449546 out of 10000000
DEBUG: Total dvariable address used is 2087 out of 150000
DEBUG: Total dvariable address used is 3999296 out of 50000000
DEBUG: Total gradient stack used is 449546 out of 10000000
DEBUG: Total dvariable address used is 2087 out of 150000
DEBUG: Total dvariable address used is 3999296 out of 50000000
DEBUG: Total gradient stack used is 449546 out of 10000000
DEBUG: Total dvariable address used is 2087 out of 150000
DEBUG: Total dvariable address used is 3999296 out of 50000000
DEBUG: Total gradient stack used is 449546 out of 10000000
DEBUG: Total dvariable address used is 2087 out of 150000
DEBUG: Total dvariable address used is 3999296 out of 50000000
DEBUG: Total gradient stack used is 449546 out of 10000000
DEBUG: Total dvariable address used is 2087 out of 150000
DEBUG: Total dvariable address used is 3999296 out of 50000000
DEBUG: Total gradient stack used is 449546 out of 10000000
DEBUG: Total dvariable address used is 2087 out of 150000
DEBUG: Total dvariable address used is 3999296 out of 50000000
DEBUG: Total gradient stack used is 449546 out of 10000000
DEBUG: Total dvariable address used is 2087 out of 150000
DEBUG: Total dvariable address used is 3999296 out of 50000000
DEBUG: Total gradient stack used is 449546 out of 10000000
DEBUG: Total dvariable address used is 2087 out of 150000
DEBUG: Total dvariable address used is 3999296 out of 50000000
DEBUG: Total gradient stack used is 449546 out of 10000000
DEBUG: Total dvariable address used is 2087 out of 150000
DEBUG: Total dvariable address used is 3999296 out of 50000000
DEBUG: Total gradient stack used is 449546 out of 10000000
DEBUG: Total dvariable address used is 2087 out of 150000
DEBUG: Total dvariable address used is 3999296 out of 50000000
DEBUG: Total gradient stack used is 449546 out of 10000000
DEBUG: Total dvariable address used is 2087 out of 150000
DEBUG: Total dvariable address used is 3999296 out of 50000000
DEBUG: Total gradient stack used is 449546 out of 10000000
DEBUG: Total dvariable address used is 2087 out of 150000
DEBUG: Total dvariable address used is 3999296 out of 50000000
DEBUG: Total gradient stack used is 449546 out of 10000000
DEBUG: Total dvariable address used is 2087 out of 150000
DEBUG: Total dvariable address used is 3999296 out of 50000000
DEBUG: Total gradient stack used is 449546 out of 10000000
DEBUG: Total dvariable address used is 2087 out of 150000
DEBUG: Total dvariable address used is 3999296 out of 50000000
DEBUG: Total gradient stack used is 449546 out of 10000000
DEBUG: Total dvariable address used is 2087 out of 150000
DEBUG: Total dvariable address used is 3999296 out of 50000000
DEBUG: Total gradient stack used is 449546 out of 10000000
DEBUG: Total dvariable address used is 2087 out of 150000
DEBUG: Total dvariable address used is 3999296 out of 50000000
DEBUG: Total gradient stack used is 449546 out of 10000000
DEBUG: Total dvariable address used is 2087 out of 150000
DEBUG: Total dvariable address used is 3999296 out of 50000000
DEBUG: Total gradient stack used is 449546 out of 10000000
DEBUG: Total dvariable address used is 2087 out of 150000
DEBUG: Total dvariable address used is 3999296 out of 50000000
DEBUG: Total gradient stack used is 449546 out of 10000000
DEBUG: Total dvariable address used is 2087 out of 150000
DEBUG: Total dvariable address used is 3999296 out of 50000000
phase= 3 | nvar=394 | iter=217 | nll=-2.39e+04 | mag=2.31e-02 | par[285]=log_fdov[1][21]
DEBUG: Total gradient stack used is 0 out of 10000000
DEBUG: Total dvariable address used is 2087 out of 150000
DEBUG: Total dvariable address used is 3999296 out of 50000000
Starting REPORT_SECTION
+--------------------------+
| Beginning report section |
+--------------------------+
Finished WriteFiles
REPORT_SECTION: finished CreateOutput
REPORT_SECTION: finished save_gradients
Finished REPORT_SECTION

#--BETWEEN_PHASES_SECTION---------------------
#----Starting phase 4 of 4
Finished BETWEEN_PHASES_SECTION
----------------------------------------------
DEBUG: Total gradient stack used is 449973 out of 10000000
DEBUG: Total dvariable address used is 2087 out of 150000
DEBUG: Total dvariable address used is 3999296 out of 50000000
phase= 4 | nvar=412 | iter=  0 | nll=-2.39e+04 | mag=4.10e+01 | par[192]=S_pars_est[95]
DEBUG: Total gradient stack used is 449973 out of 10000000
DEBUG: Total dvariable address used is 2087 out of 150000
DEBUG: Total dvariable address used is 3999296 out of 50000000
DEBUG: Total gradient stack used is 449973 out of 10000000
DEBUG: Total dvariable address used is 2087 out of 150000
DEBUG: Total dvariable address used is 3999296 out of 50000000
DEBUG: Total gradient stack used is 449973 out of 10000000
DEBUG: Total dvariable address used is 2087 out of 150000
DEBUG: Total dvariable address used is 3999296 out of 50000000
DEBUG: Total gradient stack used is 449973 out of 10000000
DEBUG: Total dvariable address used is 2087 out of 150000
DEBUG: Total dvariable address used is 3999296 out of 50000000
DEBUG: Total gradient stack used is 449973 out of 10000000
DEBUG: Total dvariable address used is 2087 out of 150000
DEBUG: Total dvariable address used is 3999296 out of 50000000
DEBUG: Total gradient stack used is 449973 out of 10000000
DEBUG: Total dvariable address used is 2087 out of 150000
DEBUG: Total dvariable address used is 3999296 out of 50000000
DEBUG: Total gradient stack used is 449973 out of 10000000
DEBUG: Total dvariable address used is 2087 out of 150000
DEBUG: Total dvariable address used is 3999296 out of 50000000
DEBUG: Total gradient stack used is 449987 out of 10000000
DEBUG: Total dvariable address used is 2087 out of 150000
DEBUG: Total dvariable address used is 3999296 out of 50000000
DEBUG: Total gradient stack used is 449987 out of 10000000
DEBUG: Total dvariable address used is 2087 out of 150000
DEBUG: Total dvariable address used is 3999296 out of 50000000
DEBUG: Total gradient stack used is 449987 out of 10000000
DEBUG: Total dvariable address used is 2087 out of 150000
DEBUG: Total dvariable address used is 3999296 out of 50000000
DEBUG: Total gradient stack used is 449987 out of 10000000
DEBUG: Total dvariable address used is 2087 out of 150000
DEBUG: Total dvariable address used is 3999296 out of 50000000
DEBUG: Total gradient stack used is 449987 out of 10000000
DEBUG: Total dvariable address used is 2087 out of 150000
DEBUG: Total dvariable address used is 3999296 out of 50000000
DEBUG: Total gradient stack used is 449987 out of 10000000
DEBUG: Total dvariable address used is 2087 out of 150000
DEBUG: Total dvariable address used is 3999296 out of 50000000
DEBUG: Total gradient stack used is 449973 out of 10000000
DEBUG: Total dvariable address used is 2087 out of 150000
DEBUG: Total dvariable address used is 3999296 out of 50000000
DEBUG: Total gradient stack used is 449973 out of 10000000
DEBUG: Total dvariable address used is 2087 out of 150000
DEBUG: Total dvariable address used is 3999296 out of 50000000
DEBUG: Total gradient stack used is 449987 out of 10000000
DEBUG: Total dvariable address used is 2087 out of 150000
DEBUG: Total dvariable address used is 3999296 out of 50000000
DEBUG: Total gradient stack used is 449987 out of 10000000
DEBUG: Total dvariable address used is 2087 out of 150000
DEBUG: Total dvariable address used is 3999296 out of 50000000
DEBUG: Total gradient stack used is 449987 out of 10000000
DEBUG: Total dvariable address used is 2087 out of 150000
DEBUG: Total dvariable address used is 3999296 out of 50000000
DEBUG: Total gradient stack used is 449987 out of 10000000
DEBUG: Total dvariable address used is 2087 out of 150000
DEBUG: Total dvariable address used is 3999296 out of 50000000
DEBUG: Total gradient stack used is 449987 out of 10000000
DEBUG: Total dvariable address used is 2087 out of 150000
DEBUG: Total dvariable address used is 3999296 out of 50000000
DEBUG: Total gradient stack used is 449987 out of 10000000
DEBUG: Total dvariable address used is 2087 out of 150000
DEBUG: Total dvariable address used is 3999296 out of 50000000
DEBUG: Total gradient stack used is 449987 out of 10000000
DEBUG: Total dvariable address used is 2087 out of 150000
DEBUG: Total dvariable address used is 3999296 out of 50000000
phase= 4 | nvar=412 | iter= 20 | nll=-2.39e+04 | mag=6.15e+01 | par[  2]=T_pars_est[3]
DEBUG: Total gradient stack used is 449987 out of 10000000
DEBUG: Total dvariable address used is 2087 out of 150000
DEBUG: Total dvariable address used is 3999296 out of 50000000
DEBUG: Total gradient stack used is 449987 out of 10000000
DEBUG: Total dvariable address used is 2087 out of 150000
DEBUG: Total dvariable address used is 3999296 out of 50000000
DEBUG: Total gradient stack used is 449987 out of 10000000
DEBUG: Total dvariable address used is 2087 out of 150000
DEBUG: Total dvariable address used is 3999296 out of 50000000
DEBUG: Total gradient stack used is 449987 out of 10000000
DEBUG: Total dvariable address used is 2087 out of 150000
DEBUG: Total dvariable address used is 3999296 out of 50000000
DEBUG: Total gradient stack used is 449973 out of 10000000
DEBUG: Total dvariable address used is 2087 out of 150000
DEBUG: Total dvariable address used is 3999296 out of 50000000
DEBUG: Total gradient stack used is 449973 out of 10000000
DEBUG: Total dvariable address used is 2087 out of 150000
DEBUG: Total dvariable address used is 3999296 out of 50000000
DEBUG: Total gradient stack used is 449973 out of 10000000
DEBUG: Total dvariable address used is 2087 out of 150000
DEBUG: Total dvariable address used is 3999296 out of 50000000
DEBUG: Total gradient stack used is 449973 out of 10000000
DEBUG: Total dvariable address used is 2087 out of 150000
DEBUG: Total dvariable address used is 3999296 out of 50000000
DEBUG: Total gradient stack used is 449973 out of 10000000
DEBUG: Total dvariable address used is 2087 out of 150000
DEBUG: Total dvariable address used is 3999296 out of 50000000
DEBUG: Total gradient stack used is 449973 out of 10000000
DEBUG: Total dvariable address used is 2087 out of 150000
DEBUG: Total dvariable address used is 3999296 out of 50000000
DEBUG: Total gradient stack used is 449973 out of 10000000
DEBUG: Total dvariable address used is 2087 out of 150000
DEBUG: Total dvariable address used is 3999296 out of 50000000
DEBUG: Total gradient stack used is 449973 out of 10000000
DEBUG: Total dvariable address used is 2087 out of 150000
DEBUG: Total dvariable address used is 3999296 out of 50000000
DEBUG: Total gradient stack used is 449973 out of 10000000
DEBUG: Total dvariable address used is 2087 out of 150000
DEBUG: Total dvariable address used is 3999296 out of 50000000
DEBUG: Total gradient stack used is 449973 out of 10000000
DEBUG: Total dvariable address used is 2087 out of 150000
DEBUG: Total dvariable address used is 3999296 out of 50000000
DEBUG: Total gradient stack used is 449973 out of 10000000
DEBUG: Total dvariable address used is 2087 out of 150000
DEBUG: Total dvariable address used is 3999296 out of 50000000
DEBUG: Total gradient stack used is 449973 out of 10000000
DEBUG: Total dvariable address used is 2087 out of 150000
DEBUG: Total dvariable address used is 3999296 out of 50000000
DEBUG: Total gradient stack used is 449973 out of 10000000
DEBUG: Total dvariable address used is 2087 out of 150000
DEBUG: Total dvariable address used is 3999296 out of 50000000
DEBUG: Total gradient stack used is 449973 out of 10000000
DEBUG: Total dvariable address used is 2087 out of 150000
DEBUG: Total dvariable address used is 3999296 out of 50000000
DEBUG: Total gradient stack used is 449973 out of 10000000
DEBUG: Total dvariable address used is 2087 out of 150000
DEBUG: Total dvariable address used is 3999296 out of 50000000
DEBUG: Total gradient stack used is 449973 out of 10000000
DEBUG: Total dvariable address used is 2087 out of 150000
DEBUG: Total dvariable address used is 3999296 out of 50000000
phase= 4 | nvar=412 | iter= 40 | nll=-2.39e+04 | mag=6.06e+01 | par[  2]=T_pars_est[3]
DEBUG: Total gradient stack used is 449973 out of 10000000
DEBUG: Total dvariable address used is 2087 out of 150000
DEBUG: Total dvariable address used is 3999296 out of 50000000
DEBUG: Total gradient stack used is 449973 out of 10000000
DEBUG: Total dvariable address used is 2087 out of 150000
DEBUG: Total dvariable address used is 3999296 out of 50000000
DEBUG: Total gradient stack used is 449973 out of 10000000
DEBUG: Total dvariable address used is 2087 out of 150000
DEBUG: Total dvariable address used is 3999296 out of 50000000
DEBUG: Total gradient stack used is 449973 out of 10000000
DEBUG: Total dvariable address used is 2087 out of 150000
DEBUG: Total dvariable address used is 3999296 out of 50000000
DEBUG: Total gradient stack used is 449973 out of 10000000
DEBUG: Total dvariable address used is 2087 out of 150000
DEBUG: Total dvariable address used is 3999296 out of 50000000
DEBUG: Total gradient stack used is 449973 out of 10000000
DEBUG: Total dvariable address used is 2087 out of 150000
DEBUG: Total dvariable address used is 3999296 out of 50000000
DEBUG: Total gradient stack used is 449973 out of 10000000
DEBUG: Total dvariable address used is 2087 out of 150000
DEBUG: Total dvariable address used is 3999296 out of 50000000
DEBUG: Total gradient stack used is 449973 out of 10000000
DEBUG: Total dvariable address used is 2087 out of 150000
DEBUG: Total dvariable address used is 3999296 out of 50000000
DEBUG: Total gradient stack used is 449973 out of 10000000
DEBUG: Total dvariable address used is 2087 out of 150000
DEBUG: Total dvariable address used is 3999296 out of 50000000
DEBUG: Total gradient stack used is 449973 out of 10000000
DEBUG: Total dvariable address used is 2087 out of 150000
DEBUG: Total dvariable address used is 3999296 out of 50000000
DEBUG: Total gradient stack used is 449973 out of 10000000
DEBUG: Total dvariable address used is 2087 out of 150000
DEBUG: Total dvariable address used is 3999296 out of 50000000
DEBUG: Total gradient stack used is 449987 out of 10000000
DEBUG: Total dvariable address used is 2087 out of 150000
DEBUG: Total dvariable address used is 3999296 out of 50000000
DEBUG: Total gradient stack used is 449973 out of 10000000
DEBUG: Total dvariable address used is 2087 out of 150000
DEBUG: Total dvariable address used is 3999296 out of 50000000
DEBUG: Total gradient stack used is 449973 out of 10000000
DEBUG: Total dvariable address used is 2087 out of 150000
DEBUG: Total dvariable address used is 3999296 out of 50000000
DEBUG: Total gradient stack used is 449973 out of 10000000
DEBUG: Total dvariable address used is 2087 out of 150000
DEBUG: Total dvariable address used is 3999296 out of 50000000
DEBUG: Total gradient stack used is 449973 out of 10000000
DEBUG: Total dvariable address used is 2087 out of 150000
DEBUG: Total dvariable address used is 3999296 out of 50000000
DEBUG: Total gradient stack used is 449973 out of 10000000
DEBUG: Total dvariable address used is 2087 out of 150000
DEBUG: Total dvariable address used is 3999296 out of 50000000
DEBUG: Total gradient stack used is 449973 out of 10000000
DEBUG: Total dvariable address used is 2087 out of 150000
DEBUG: Total dvariable address used is 3999296 out of 50000000
DEBUG: Total gradient stack used is 449973 out of 10000000
DEBUG: Total dvariable address used is 2087 out of 150000
DEBUG: Total dvariable address used is 3999296 out of 50000000
DEBUG: Total gradient stack used is 449973 out of 10000000
DEBUG: Total dvariable address used is 2087 out of 150000
DEBUG: Total dvariable address used is 3999296 out of 50000000
phase= 4 | nvar=412 | iter= 60 | nll=-2.39e+04 | mag=5.65e+01 | par[  2]=T_pars_est[3]
DEBUG: Total gradient stack used is 449973 out of 10000000
DEBUG: Total dvariable address used is 2087 out of 150000
DEBUG: Total dvariable address used is 3999296 out of 50000000
DEBUG: Total gradient stack used is 449973 out of 10000000
DEBUG: Total dvariable address used is 2087 out of 150000
DEBUG: Total dvariable address used is 3999296 out of 50000000
DEBUG: Total gradient stack used is 449973 out of 10000000
DEBUG: Total dvariable address used is 2087 out of 150000
DEBUG: Total dvariable address used is 3999296 out of 50000000
DEBUG: Total gradient stack used is 449973 out of 10000000
DEBUG: Total dvariable address used is 2087 out of 150000
DEBUG: Total dvariable address used is 3999296 out of 50000000
DEBUG: Total gradient stack used is 449973 out of 10000000
DEBUG: Total dvariable address used is 2087 out of 150000
DEBUG: Total dvariable address used is 3999296 out of 50000000
DEBUG: Total gradient stack used is 449973 out of 10000000
DEBUG: Total dvariable address used is 2087 out of 150000
DEBUG: Total dvariable address used is 3999296 out of 50000000
DEBUG: Total gradient stack used is 449973 out of 10000000
DEBUG: Total dvariable address used is 2087 out of 150000
DEBUG: Total dvariable address used is 3999296 out of 50000000
DEBUG: Total gradient stack used is 449973 out of 10000000
DEBUG: Total dvariable address used is 2087 out of 150000
DEBUG: Total dvariable address used is 3999296 out of 50000000
DEBUG: Total gradient stack used is 449973 out of 10000000
DEBUG: Total dvariable address used is 2087 out of 150000
DEBUG: Total dvariable address used is 3999296 out of 50000000
DEBUG: Total gradient stack used is 449973 out of 10000000
DEBUG: Total dvariable address used is 2087 out of 150000
DEBUG: Total dvariable address used is 3999296 out of 50000000
DEBUG: Total gradient stack used is 449973 out of 10000000
DEBUG: Total dvariable address used is 2087 out of 150000
DEBUG: Total dvariable address used is 3999296 out of 50000000
DEBUG: Total gradient stack used is 449973 out of 10000000
DEBUG: Total dvariable address used is 2087 out of 150000
DEBUG: Total dvariable address used is 3999296 out of 50000000
DEBUG: Total gradient stack used is 449973 out of 10000000
DEBUG: Total dvariable address used is 2087 out of 150000
DEBUG: Total dvariable address used is 3999296 out of 50000000
DEBUG: Total gradient stack used is 449987 out of 10000000
DEBUG: Total dvariable address used is 2087 out of 150000
DEBUG: Total dvariable address used is 3999296 out of 50000000
DEBUG: Total gradient stack used is 449987 out of 10000000
DEBUG: Total dvariable address used is 2087 out of 150000
DEBUG: Total dvariable address used is 3999296 out of 50000000
DEBUG: Total gradient stack used is 449987 out of 10000000
DEBUG: Total dvariable address used is 2087 out of 150000
DEBUG: Total dvariable address used is 3999296 out of 50000000
DEBUG: Total gradient stack used is 449987 out of 10000000
DEBUG: Total dvariable address used is 2087 out of 150000
DEBUG: Total dvariable address used is 3999296 out of 50000000
DEBUG: Total gradient stack used is 449987 out of 10000000
DEBUG: Total dvariable address used is 2087 out of 150000
DEBUG: Total dvariable address used is 3999296 out of 50000000
DEBUG: Total gradient stack used is 449987 out of 10000000
DEBUG: Total dvariable address used is 2087 out of 150000
DEBUG: Total dvariable address used is 3999296 out of 50000000
DEBUG: Total gradient stack used is 449987 out of 10000000
DEBUG: Total dvariable address used is 2087 out of 150000
DEBUG: Total dvariable address used is 3999296 out of 50000000
phase= 4 | nvar=412 | iter= 80 | nll=-2.39e+04 | mag=5.42e+01 | par[  2]=T_pars_est[3]
DEBUG: Total gradient stack used is 449987 out of 10000000
DEBUG: Total dvariable address used is 2087 out of 150000
DEBUG: Total dvariable address used is 3999296 out of 50000000
DEBUG: Total gradient stack used is 449987 out of 10000000
DEBUG: Total dvariable address used is 2087 out of 150000
DEBUG: Total dvariable address used is 3999296 out of 50000000
DEBUG: Total gradient stack used is 449987 out of 10000000
DEBUG: Total dvariable address used is 2087 out of 150000
DEBUG: Total dvariable address used is 3999296 out of 50000000
DEBUG: Total gradient stack used is 449987 out of 10000000
DEBUG: Total dvariable address used is 2087 out of 150000
DEBUG: Total dvariable address used is 3999296 out of 50000000
DEBUG: Total gradient stack used is 449987 out of 10000000
DEBUG: Total dvariable address used is 2087 out of 150000
DEBUG: Total dvariable address used is 3999296 out of 50000000
DEBUG: Total gradient stack used is 449987 out of 10000000
DEBUG: Total dvariable address used is 2087 out of 150000
DEBUG: Total dvariable address used is 3999296 out of 50000000
DEBUG: Total gradient stack used is 449987 out of 10000000
DEBUG: Total dvariable address used is 2087 out of 150000
DEBUG: Total dvariable address used is 3999296 out of 50000000
DEBUG: Total gradient stack used is 449987 out of 10000000
DEBUG: Total dvariable address used is 2087 out of 150000
DEBUG: Total dvariable address used is 3999296 out of 50000000
DEBUG: Total gradient stack used is 449987 out of 10000000
DEBUG: Total dvariable address used is 2087 out of 150000
DEBUG: Total dvariable address used is 3999296 out of 50000000
DEBUG: Total gradient stack used is 449987 out of 10000000
DEBUG: Total dvariable address used is 2087 out of 150000
DEBUG: Total dvariable address used is 3999296 out of 50000000
DEBUG: Total gradient stack used is 449987 out of 10000000
DEBUG: Total dvariable address used is 2087 out of 150000
DEBUG: Total dvariable address used is 3999296 out of 50000000
DEBUG: Total gradient stack used is 449987 out of 10000000
DEBUG: Total dvariable address used is 2087 out of 150000
DEBUG: Total dvariable address used is 3999296 out of 50000000
DEBUG: Total gradient stack used is 449987 out of 10000000
DEBUG: Total dvariable address used is 2087 out of 150000
DEBUG: Total dvariable address used is 3999296 out of 50000000
DEBUG: Total gradient stack used is 449987 out of 10000000
DEBUG: Total dvariable address used is 2087 out of 150000
DEBUG: Total dvariable address used is 3999296 out of 50000000
DEBUG: Total gradient stack used is 449987 out of 10000000
DEBUG: Total dvariable address used is 2087 out of 150000
DEBUG: Total dvariable address used is 3999296 out of 50000000
DEBUG: Total gradient stack used is 449987 out of 10000000
DEBUG: Total dvariable address used is 2087 out of 150000
DEBUG: Total dvariable address used is 3999296 out of 50000000
DEBUG: Total gradient stack used is 449987 out of 10000000
DEBUG: Total dvariable address used is 2087 out of 150000
DEBUG: Total dvariable address used is 3999296 out of 50000000
DEBUG: Total gradient stack used is 449987 out of 10000000
DEBUG: Total dvariable address used is 2087 out of 150000
DEBUG: Total dvariable address used is 3999296 out of 50000000
DEBUG: Total gradient stack used is 449987 out of 10000000
DEBUG: Total dvariable address used is 2087 out of 150000
DEBUG: Total dvariable address used is 3999296 out of 50000000
DEBUG: Total gradient stack used is 449987 out of 10000000
DEBUG: Total dvariable address used is 2087 out of 150000
DEBUG: Total dvariable address used is 3999296 out of 50000000
phase= 4 | nvar=412 | iter=100 | nll=-2.39e+04 | mag=5.43e+01 | par[192]=S_pars_est[95]
DEBUG: Total gradient stack used is 449987 out of 10000000
DEBUG: Total dvariable address used is 2087 out of 150000
DEBUG: Total dvariable address used is 3999296 out of 50000000
DEBUG: Total gradient stack used is 449987 out of 10000000
DEBUG: Total dvariable address used is 2087 out of 150000
DEBUG: Total dvariable address used is 3999296 out of 50000000
DEBUG: Total gradient stack used is 449987 out of 10000000
DEBUG: Total dvariable address used is 2087 out of 150000
DEBUG: Total dvariable address used is 3999296 out of 50000000
DEBUG: Total gradient stack used is 449987 out of 10000000
DEBUG: Total dvariable address used is 2087 out of 150000
DEBUG: Total dvariable address used is 3999296 out of 50000000
DEBUG: Total gradient stack used is 449987 out of 10000000
DEBUG: Total dvariable address used is 2087 out of 150000
DEBUG: Total dvariable address used is 3999296 out of 50000000
DEBUG: Total gradient stack used is 449987 out of 10000000
DEBUG: Total dvariable address used is 2087 out of 150000
DEBUG: Total dvariable address used is 3999296 out of 50000000
DEBUG: Total gradient stack used is 449987 out of 10000000
DEBUG: Total dvariable address used is 2087 out of 150000
DEBUG: Total dvariable address used is 3999296 out of 50000000
DEBUG: Total gradient stack used is 449987 out of 10000000
DEBUG: Total dvariable address used is 2087 out of 150000
DEBUG: Total dvariable address used is 3999296 out of 50000000
DEBUG: Total gradient stack used is 449987 out of 10000000
DEBUG: Total dvariable address used is 2087 out of 150000
DEBUG: Total dvariable address used is 3999296 out of 50000000
DEBUG: Total gradient stack used is 449987 out of 10000000
DEBUG: Total dvariable address used is 2087 out of 150000
DEBUG: Total dvariable address used is 3999296 out of 50000000
DEBUG: Total gradient stack used is 449987 out of 10000000
DEBUG: Total dvariable address used is 2087 out of 150000
DEBUG: Total dvariable address used is 3999296 out of 50000000
DEBUG: Total gradient stack used is 449987 out of 10000000
DEBUG: Total dvariable address used is 2087 out of 150000
DEBUG: Total dvariable address used is 3999296 out of 50000000
DEBUG: Total gradient stack used is 449987 out of 10000000
DEBUG: Total dvariable address used is 2087 out of 150000
DEBUG: Total dvariable address used is 3999296 out of 50000000
DEBUG: Total gradient stack used is 449987 out of 10000000
DEBUG: Total dvariable address used is 2087 out of 150000
DEBUG: Total dvariable address used is 3999296 out of 50000000
DEBUG: Total gradient stack used is 449987 out of 10000000
DEBUG: Total dvariable address used is 2087 out of 150000
DEBUG: Total dvariable address used is 3999296 out of 50000000
DEBUG: Total gradient stack used is 449987 out of 10000000
DEBUG: Total dvariable address used is 2087 out of 150000
DEBUG: Total dvariable address used is 3999296 out of 50000000
DEBUG: Total gradient stack used is 449987 out of 10000000
DEBUG: Total dvariable address used is 2087 out of 150000
DEBUG: Total dvariable address used is 3999296 out of 50000000
DEBUG: Total gradient stack used is 449987 out of 10000000
DEBUG: Total dvariable address used is 2087 out of 150000
DEBUG: Total dvariable address used is 3999296 out of 50000000
DEBUG: Total gradient stack used is 449987 out of 10000000
DEBUG: Total dvariable address used is 2087 out of 150000
DEBUG: Total dvariable address used is 3999296 out of 50000000
DEBUG: Total gradient stack used is 449987 out of 10000000
DEBUG: Total dvariable address used is 2087 out of 150000
DEBUG: Total dvariable address used is 3999296 out of 50000000
phase= 4 | nvar=412 | iter=120 | nll=-2.39e+04 | mag=5.43e+01 | par[192]=S_pars_est[95]
DEBUG: Total gradient stack used is 449987 out of 10000000
DEBUG: Total dvariable address used is 2087 out of 150000
DEBUG: Total dvariable address used is 3999296 out of 50000000
DEBUG: Total gradient stack used is 449987 out of 10000000
DEBUG: Total dvariable address used is 2087 out of 150000
DEBUG: Total dvariable address used is 3999296 out of 50000000
DEBUG: Total gradient stack used is 449987 out of 10000000
DEBUG: Total dvariable address used is 2087 out of 150000
DEBUG: Total dvariable address used is 3999296 out of 50000000
DEBUG: Total gradient stack used is 449987 out of 10000000
DEBUG: Total dvariable address used is 2087 out of 150000
DEBUG: Total dvariable address used is 3999296 out of 50000000
DEBUG: Total gradient stack used is 449987 out of 10000000
DEBUG: Total dvariable address used is 2087 out of 150000
DEBUG: Total dvariable address used is 3999296 out of 50000000
DEBUG: Total gradient stack used is 449987 out of 10000000
DEBUG: Total dvariable address used is 2087 out of 150000
DEBUG: Total dvariable address used is 3999296 out of 50000000
DEBUG: Total gradient stack used is 449987 out of 10000000
DEBUG: Total dvariable address used is 2087 out of 150000
DEBUG: Total dvariable address used is 3999296 out of 50000000
DEBUG: Total gradient stack used is 449987 out of 10000000
DEBUG: Total dvariable address used is 2087 out of 150000
DEBUG: Total dvariable address used is 3999296 out of 50000000
DEBUG: Total gradient stack used is 449987 out of 10000000
DEBUG: Total dvariable address used is 2087 out of 150000
DEBUG: Total dvariable address used is 3999296 out of 50000000
DEBUG: Total gradient stack used is 449987 out of 10000000
DEBUG: Total dvariable address used is 2087 out of 150000
DEBUG: Total dvariable address used is 3999296 out of 50000000
DEBUG: Total gradient stack used is 449987 out of 10000000
DEBUG: Total dvariable address used is 2087 out of 150000
DEBUG: Total dvariable address used is 3999296 out of 50000000
DEBUG: Total gradient stack used is 449987 out of 10000000
DEBUG: Total dvariable address used is 2087 out of 150000
DEBUG: Total dvariable address used is 3999296 out of 50000000
DEBUG: Total gradient stack used is 449987 out of 10000000
DEBUG: Total dvariable address used is 2087 out of 150000
DEBUG: Total dvariable address used is 3999296 out of 50000000
DEBUG: Total gradient stack used is 449987 out of 10000000
DEBUG: Total dvariable address used is 2087 out of 150000
DEBUG: Total dvariable address used is 3999296 out of 50000000
DEBUG: Total gradient stack used is 449987 out of 10000000
DEBUG: Total dvariable address used is 2087 out of 150000
DEBUG: Total dvariable address used is 3999296 out of 50000000
DEBUG: Total gradient stack used is 449987 out of 10000000
DEBUG: Total dvariable address used is 2087 out of 150000
DEBUG: Total dvariable address used is 3999296 out of 50000000
DEBUG: Total gradient stack used is 449987 out of 10000000
DEBUG: Total dvariable address used is 2087 out of 150000
DEBUG: Total dvariable address used is 3999296 out of 50000000
DEBUG: Total gradient stack used is 449987 out of 10000000
DEBUG: Total dvariable address used is 2087 out of 150000
DEBUG: Total dvariable address used is 3999296 out of 50000000
DEBUG: Total gradient stack used is 449987 out of 10000000
DEBUG: Total dvariable address used is 2087 out of 150000
DEBUG: Total dvariable address used is 3999296 out of 50000000
DEBUG: Total gradient stack used is 449987 out of 10000000
DEBUG: Total dvariable address used is 2087 out of 150000
DEBUG: Total dvariable address used is 3999296 out of 50000000
phase= 4 | nvar=412 | iter=140 | nll=-2.39e+04 | mag=5.43e+01 | par[192]=S_pars_est[95]
DEBUG: Total gradient stack used is 449987 out of 10000000
DEBUG: Total dvariable address used is 2087 out of 150000
DEBUG: Total dvariable address used is 3999296 out of 50000000
DEBUG: Total gradient stack used is 449987 out of 10000000
DEBUG: Total dvariable address used is 2087 out of 150000
DEBUG: Total dvariable address used is 3999296 out of 50000000
DEBUG: Total gradient stack used is 449987 out of 10000000
DEBUG: Total dvariable address used is 2087 out of 150000
DEBUG: Total dvariable address used is 3999296 out of 50000000
DEBUG: Total gradient stack used is 449987 out of 10000000
DEBUG: Total dvariable address used is 2087 out of 150000
DEBUG: Total dvariable address used is 3999296 out of 50000000
DEBUG: Total gradient stack used is 449987 out of 10000000
DEBUG: Total dvariable address used is 2087 out of 150000
DEBUG: Total dvariable address used is 3999296 out of 50000000
DEBUG: Total gradient stack used is 449987 out of 10000000
DEBUG: Total dvariable address used is 2087 out of 150000
DEBUG: Total dvariable address used is 3999296 out of 50000000
DEBUG: Total gradient stack used is 449987 out of 10000000
DEBUG: Total dvariable address used is 2087 out of 150000
DEBUG: Total dvariable address used is 3999296 out of 50000000
DEBUG: Total gradient stack used is 449987 out of 10000000
DEBUG: Total dvariable address used is 2087 out of 150000
DEBUG: Total dvariable address used is 3999296 out of 50000000
DEBUG: Total gradient stack used is 449987 out of 10000000
DEBUG: Total dvariable address used is 2087 out of 150000
DEBUG: Total dvariable address used is 3999296 out of 50000000
DEBUG: Total gradient stack used is 449987 out of 10000000
DEBUG: Total dvariable address used is 2087 out of 150000
DEBUG: Total dvariable address used is 3999296 out of 50000000
DEBUG: Total gradient stack used is 449987 out of 10000000
DEBUG: Total dvariable address used is 2087 out of 150000
DEBUG: Total dvariable address used is 3999296 out of 50000000
DEBUG: Total gradient stack used is 449987 out of 10000000
DEBUG: Total dvariable address used is 2087 out of 150000
DEBUG: Total dvariable address used is 3999296 out of 50000000
DEBUG: Total gradient stack used is 449987 out of 10000000
DEBUG: Total dvariable address used is 2087 out of 150000
DEBUG: Total dvariable address used is 3999296 out of 50000000
DEBUG: Total gradient stack used is 449987 out of 10000000
DEBUG: Total dvariable address used is 2087 out of 150000
DEBUG: Total dvariable address used is 3999296 out of 50000000
DEBUG: Total gradient stack used is 449987 out of 10000000
DEBUG: Total dvariable address used is 2087 out of 150000
DEBUG: Total dvariable address used is 3999296 out of 50000000
DEBUG: Total gradient stack used is 449987 out of 10000000
DEBUG: Total dvariable address used is 2087 out of 150000
DEBUG: Total dvariable address used is 3999296 out of 50000000
DEBUG: Total gradient stack used is 449987 out of 10000000
DEBUG: Total dvariable address used is 2087 out of 150000
DEBUG: Total dvariable address used is 3999296 out of 50000000
DEBUG: Total gradient stack used is 449987 out of 10000000
DEBUG: Total dvariable address used is 2087 out of 150000
DEBUG: Total dvariable address used is 3999296 out of 50000000
DEBUG: Total gradient stack used is 449987 out of 10000000
DEBUG: Total dvariable address used is 2087 out of 150000
DEBUG: Total dvariable address used is 3999296 out of 50000000
DEBUG: Total gradient stack used is 449987 out of 10000000
DEBUG: Total dvariable address used is 2087 out of 150000
DEBUG: Total dvariable address used is 3999296 out of 50000000
phase= 4 | nvar=412 | iter=160 | nll=-2.39e+04 | mag=5.08e+01 | par[192]=S_pars_est[95]
DEBUG: Total gradient stack used is 449987 out of 10000000
DEBUG: Total dvariable address used is 2087 out of 150000
DEBUG: Total dvariable address used is 3999296 out of 50000000
DEBUG: Total gradient stack used is 449987 out of 10000000
DEBUG: Total dvariable address used is 2087 out of 150000
DEBUG: Total dvariable address used is 3999296 out of 50000000
DEBUG: Total gradient stack used is 449987 out of 10000000
DEBUG: Total dvariable address used is 2087 out of 150000
DEBUG: Total dvariable address used is 3999296 out of 50000000
DEBUG: Total gradient stack used is 449987 out of 10000000
DEBUG: Total dvariable address used is 2087 out of 150000
DEBUG: Total dvariable address used is 3999296 out of 50000000
DEBUG: Total gradient stack used is 449987 out of 10000000
DEBUG: Total dvariable address used is 2087 out of 150000
DEBUG: Total dvariable address used is 3999296 out of 50000000
DEBUG: Total gradient stack used is 449987 out of 10000000
DEBUG: Total dvariable address used is 2087 out of 150000
DEBUG: Total dvariable address used is 3999296 out of 50000000
DEBUG: Total gradient stack used is 449987 out of 10000000
DEBUG: Total dvariable address used is 2087 out of 150000
DEBUG: Total dvariable address used is 3999296 out of 50000000
DEBUG: Total gradient stack used is 449987 out of 10000000
DEBUG: Total dvariable address used is 2087 out of 150000
DEBUG: Total dvariable address used is 3999296 out of 50000000
DEBUG: Total gradient stack used is 449987 out of 10000000
DEBUG: Total dvariable address used is 2087 out of 150000
DEBUG: Total dvariable address used is 3999296 out of 50000000
DEBUG: Total gradient stack used is 449987 out of 10000000
DEBUG: Total dvariable address used is 2087 out of 150000
DEBUG: Total dvariable address used is 3999296 out of 50000000
DEBUG: Total gradient stack used is 449987 out of 10000000
DEBUG: Total dvariable address used is 2087 out of 150000
DEBUG: Total dvariable address used is 3999296 out of 50000000
DEBUG: Total gradient stack used is 449987 out of 10000000
DEBUG: Total dvariable address used is 2087 out of 150000
DEBUG: Total dvariable address used is 3999296 out of 50000000
DEBUG: Total gradient stack used is 449987 out of 10000000
DEBUG: Total dvariable address used is 2087 out of 150000
DEBUG: Total dvariable address used is 3999296 out of 50000000
DEBUG: Total gradient stack used is 449987 out of 10000000
DEBUG: Total dvariable address used is 2087 out of 150000
DEBUG: Total dvariable address used is 3999296 out of 50000000
DEBUG: Total gradient stack used is 449987 out of 10000000
DEBUG: Total dvariable address used is 2087 out of 150000
DEBUG: Total dvariable address used is 3999296 out of 50000000
DEBUG: Total gradient stack used is 449987 out of 10000000
DEBUG: Total dvariable address used is 2087 out of 150000
DEBUG: Total dvariable address used is 3999296 out of 50000000
DEBUG: Total gradient stack used is 449987 out of 10000000
DEBUG: Total dvariable address used is 2087 out of 150000
DEBUG: Total dvariable address used is 3999296 out of 50000000
DEBUG: Total gradient stack used is 449987 out of 10000000
DEBUG: Total dvariable address used is 2087 out of 150000
DEBUG: Total dvariable address used is 3999296 out of 50000000
DEBUG: Total gradient stack used is 449987 out of 10000000
DEBUG: Total dvariable address used is 2087 out of 150000
DEBUG: Total dvariable address used is 3999296 out of 50000000
DEBUG: Total gradient stack used is 449987 out of 10000000
DEBUG: Total dvariable address used is 2087 out of 150000
DEBUG: Total dvariable address used is 3999296 out of 50000000
phase= 4 | nvar=412 | iter=180 | nll=-2.39e+04 | mag=2.28e+01 | par[192]=S_pars_est[95]
DEBUG: Total gradient stack used is 449987 out of 10000000
DEBUG: Total dvariable address used is 2087 out of 150000
DEBUG: Total dvariable address used is 3999296 out of 50000000
DEBUG: Total gradient stack used is 449987 out of 10000000
DEBUG: Total dvariable address used is 2087 out of 150000
DEBUG: Total dvariable address used is 3999296 out of 50000000
DEBUG: Total gradient stack used is 449987 out of 10000000
DEBUG: Total dvariable address used is 2087 out of 150000
DEBUG: Total dvariable address used is 3999296 out of 50000000
DEBUG: Total gradient stack used is 449987 out of 10000000
DEBUG: Total dvariable address used is 2087 out of 150000
DEBUG: Total dvariable address used is 3999296 out of 50000000
DEBUG: Total gradient stack used is 449987 out of 10000000
DEBUG: Total dvariable address used is 2087 out of 150000
DEBUG: Total dvariable address used is 3999296 out of 50000000
DEBUG: Total gradient stack used is 449987 out of 10000000
DEBUG: Total dvariable address used is 2087 out of 150000
DEBUG: Total dvariable address used is 3999296 out of 50000000
DEBUG: Total gradient stack used is 449987 out of 10000000
DEBUG: Total dvariable address used is 2087 out of 150000
DEBUG: Total dvariable address used is 3999296 out of 50000000
DEBUG: Total gradient stack used is 449987 out of 10000000
DEBUG: Total dvariable address used is 2087 out of 150000
DEBUG: Total dvariable address used is 3999296 out of 50000000
DEBUG: Total gradient stack used is 449987 out of 10000000
DEBUG: Total dvariable address used is 2087 out of 150000
DEBUG: Total dvariable address used is 3999296 out of 50000000
DEBUG: Total gradient stack used is 449987 out of 10000000
DEBUG: Total dvariable address used is 2087 out of 150000
DEBUG: Total dvariable address used is 3999296 out of 50000000
DEBUG: Total gradient stack used is 449987 out of 10000000
DEBUG: Total dvariable address used is 2087 out of 150000
DEBUG: Total dvariable address used is 3999296 out of 50000000
DEBUG: Total gradient stack used is 449987 out of 10000000
DEBUG: Total dvariable address used is 2087 out of 150000
DEBUG: Total dvariable address used is 3999296 out of 50000000
DEBUG: Total gradient stack used is 449987 out of 10000000
DEBUG: Total dvariable address used is 2087 out of 150000
DEBUG: Total dvariable address used is 3999296 out of 50000000
DEBUG: Total gradient stack used is 449987 out of 10000000
DEBUG: Total dvariable address used is 2087 out of 150000
DEBUG: Total dvariable address used is 3999296 out of 50000000
DEBUG: Total gradient stack used is 449987 out of 10000000
DEBUG: Total dvariable address used is 2087 out of 150000
DEBUG: Total dvariable address used is 3999296 out of 50000000
DEBUG: Total gradient stack used is 449987 out of 10000000
DEBUG: Total dvariable address used is 2087 out of 150000
DEBUG: Total dvariable address used is 3999296 out of 50000000
DEBUG: Total gradient stack used is 449987 out of 10000000
DEBUG: Total dvariable address used is 2087 out of 150000
DEBUG: Total dvariable address used is 3999296 out of 50000000
DEBUG: Total gradient stack used is 449987 out of 10000000
DEBUG: Total dvariable address used is 2087 out of 150000
DEBUG: Total dvariable address used is 3999296 out of 50000000
DEBUG: Total gradient stack used is 449987 out of 10000000
DEBUG: Total dvariable address used is 2087 out of 150000
DEBUG: Total dvariable address used is 3999296 out of 50000000
DEBUG: Total gradient stack used is 449987 out of 10000000
DEBUG: Total dvariable address used is 2087 out of 150000
DEBUG: Total dvariable address used is 3999296 out of 50000000
phase= 4 | nvar=412 | iter=200 | nll=-2.39e+04 | mag=2.29e+00 | par[  2]=T_pars_est[3]
DEBUG: Total gradient stack used is 449987 out of 10000000
DEBUG: Total dvariable address used is 2087 out of 150000
DEBUG: Total dvariable address used is 3999296 out of 50000000
DEBUG: Total gradient stack used is 449987 out of 10000000
DEBUG: Total dvariable address used is 2087 out of 150000
DEBUG: Total dvariable address used is 3999296 out of 50000000
DEBUG: Total gradient stack used is 449987 out of 10000000
DEBUG: Total dvariable address used is 2087 out of 150000
DEBUG: Total dvariable address used is 3999296 out of 50000000
DEBUG: Total gradient stack used is 449987 out of 10000000
DEBUG: Total dvariable address used is 2087 out of 150000
DEBUG: Total dvariable address used is 3999296 out of 50000000
DEBUG: Total gradient stack used is 449987 out of 10000000
DEBUG: Total dvariable address used is 2087 out of 150000
DEBUG: Total dvariable address used is 3999296 out of 50000000
DEBUG: Total gradient stack used is 449973 out of 10000000
DEBUG: Total dvariable address used is 2087 out of 150000
DEBUG: Total dvariable address used is 3999296 out of 50000000
DEBUG: Total gradient stack used is 449987 out of 10000000
DEBUG: Total dvariable address used is 2087 out of 150000
DEBUG: Total dvariable address used is 3999296 out of 50000000
DEBUG: Total gradient stack used is 449973 out of 10000000
DEBUG: Total dvariable address used is 2087 out of 150000
DEBUG: Total dvariable address used is 3999296 out of 50000000
DEBUG: Total gradient stack used is 449973 out of 10000000
DEBUG: Total dvariable address used is 2087 out of 150000
DEBUG: Total dvariable address used is 3999296 out of 50000000
DEBUG: Total gradient stack used is 449973 out of 10000000
DEBUG: Total dvariable address used is 2087 out of 150000
DEBUG: Total dvariable address used is 3999296 out of 50000000
DEBUG: Total gradient stack used is 449973 out of 10000000
DEBUG: Total dvariable address used is 2087 out of 150000
DEBUG: Total dvariable address used is 3999296 out of 50000000
DEBUG: Total gradient stack used is 449973 out of 10000000
DEBUG: Total dvariable address used is 2087 out of 150000
DEBUG: Total dvariable address used is 3999296 out of 50000000
DEBUG: Total gradient stack used is 449973 out of 10000000
DEBUG: Total dvariable address used is 2087 out of 150000
DEBUG: Total dvariable address used is 3999296 out of 50000000
DEBUG: Total gradient stack used is 449973 out of 10000000
DEBUG: Total dvariable address used is 2087 out of 150000
DEBUG: Total dvariable address used is 3999296 out of 50000000
DEBUG: Total gradient stack used is 449973 out of 10000000
DEBUG: Total dvariable address used is 2087 out of 150000
DEBUG: Total dvariable address used is 3999296 out of 50000000
DEBUG: Total gradient stack used is 449973 out of 10000000
DEBUG: Total dvariable address used is 2087 out of 150000
DEBUG: Total dvariable address used is 3999296 out of 50000000
DEBUG: Total gradient stack used is 449973 out of 10000000
DEBUG: Total dvariable address used is 2087 out of 150000
DEBUG: Total dvariable address used is 3999296 out of 50000000
DEBUG: Total gradient stack used is 449973 out of 10000000
DEBUG: Total dvariable address used is 2087 out of 150000
DEBUG: Total dvariable address used is 3999296 out of 50000000
DEBUG: Total gradient stack used is 449973 out of 10000000
DEBUG: Total dvariable address used is 2087 out of 150000
DEBUG: Total dvariable address used is 3999296 out of 50000000
DEBUG: Total gradient stack used is 449973 out of 10000000
DEBUG: Total dvariable address used is 2087 out of 150000
DEBUG: Total dvariable address used is 3999296 out of 50000000
phase= 4 | nvar=412 | iter=220 | nll=-2.39e+04 | mag=2.45e+00 | par[  2]=T_pars_est[3]
DEBUG: Total gradient stack used is 449973 out of 10000000
DEBUG: Total dvariable address used is 2087 out of 150000
DEBUG: Total dvariable address used is 3999296 out of 50000000
DEBUG: Total gradient stack used is 449973 out of 10000000
DEBUG: Total dvariable address used is 2087 out of 150000
DEBUG: Total dvariable address used is 3999296 out of 50000000
DEBUG: Total gradient stack used is 449973 out of 10000000
DEBUG: Total dvariable address used is 2087 out of 150000
DEBUG: Total dvariable address used is 3999296 out of 50000000
DEBUG: Total gradient stack used is 449973 out of 10000000
DEBUG: Total dvariable address used is 2087 out of 150000
DEBUG: Total dvariable address used is 3999296 out of 50000000
DEBUG: Total gradient stack used is 449973 out of 10000000
DEBUG: Total dvariable address used is 2087 out of 150000
DEBUG: Total dvariable address used is 3999296 out of 50000000
DEBUG: Total gradient stack used is 449973 out of 10000000
DEBUG: Total dvariable address used is 2087 out of 150000
DEBUG: Total dvariable address used is 3999296 out of 50000000
DEBUG: Total gradient stack used is 449973 out of 10000000
DEBUG: Total dvariable address used is 2087 out of 150000
DEBUG: Total dvariable address used is 3999296 out of 50000000
DEBUG: Total gradient stack used is 449973 out of 10000000
DEBUG: Total dvariable address used is 2087 out of 150000
DEBUG: Total dvariable address used is 3999296 out of 50000000
DEBUG: Total gradient stack used is 449973 out of 10000000
DEBUG: Total dvariable address used is 2087 out of 150000
DEBUG: Total dvariable address used is 3999296 out of 50000000
DEBUG: Total gradient stack used is 449973 out of 10000000
DEBUG: Total dvariable address used is 2087 out of 150000
DEBUG: Total dvariable address used is 3999296 out of 50000000
DEBUG: Total gradient stack used is 449973 out of 10000000
DEBUG: Total dvariable address used is 2087 out of 150000
DEBUG: Total dvariable address used is 3999296 out of 50000000
DEBUG: Total gradient stack used is 449987 out of 10000000
DEBUG: Total dvariable address used is 2087 out of 150000
DEBUG: Total dvariable address used is 3999296 out of 50000000
DEBUG: Total gradient stack used is 449987 out of 10000000
DEBUG: Total dvariable address used is 2087 out of 150000
DEBUG: Total dvariable address used is 3999296 out of 50000000
DEBUG: Total gradient stack used is 449987 out of 10000000
DEBUG: Total dvariable address used is 2087 out of 150000
DEBUG: Total dvariable address used is 3999296 out of 50000000
DEBUG: Total gradient stack used is 449987 out of 10000000
DEBUG: Total dvariable address used is 2087 out of 150000
DEBUG: Total dvariable address used is 3999296 out of 50000000
DEBUG: Total gradient stack used is 449987 out of 10000000
DEBUG: Total dvariable address used is 2087 out of 150000
DEBUG: Total dvariable address used is 3999296 out of 50000000
DEBUG: Total gradient stack used is 449987 out of 10000000
DEBUG: Total dvariable address used is 2087 out of 150000
DEBUG: Total dvariable address used is 3999296 out of 50000000
DEBUG: Total gradient stack used is 449987 out of 10000000
DEBUG: Total dvariable address used is 2087 out of 150000
DEBUG: Total dvariable address used is 3999296 out of 50000000
DEBUG: Total gradient stack used is 449987 out of 10000000
DEBUG: Total dvariable address used is 2087 out of 150000
DEBUG: Total dvariable address used is 3999296 out of 50000000
DEBUG: Total gradient stack used is 449987 out of 10000000
DEBUG: Total dvariable address used is 2087 out of 150000
DEBUG: Total dvariable address used is 3999296 out of 50000000
phase= 4 | nvar=412 | iter=240 | nll=-2.39e+04 | mag=8.78e-01 | par[  2]=T_pars_est[3]
DEBUG: Total gradient stack used is 449987 out of 10000000
DEBUG: Total dvariable address used is 2087 out of 150000
DEBUG: Total dvariable address used is 3999296 out of 50000000
DEBUG: Total gradient stack used is 449987 out of 10000000
DEBUG: Total dvariable address used is 2087 out of 150000
DEBUG: Total dvariable address used is 3999296 out of 50000000
DEBUG: Total gradient stack used is 449987 out of 10000000
DEBUG: Total dvariable address used is 2087 out of 150000
DEBUG: Total dvariable address used is 3999296 out of 50000000
DEBUG: Total gradient stack used is 449987 out of 10000000
DEBUG: Total dvariable address used is 2087 out of 150000
DEBUG: Total dvariable address used is 3999296 out of 50000000
DEBUG: Total gradient stack used is 449987 out of 10000000
DEBUG: Total dvariable address used is 2087 out of 150000
DEBUG: Total dvariable address used is 3999296 out of 50000000
DEBUG: Total gradient stack used is 449987 out of 10000000
DEBUG: Total dvariable address used is 2087 out of 150000
DEBUG: Total dvariable address used is 3999296 out of 50000000
DEBUG: Total gradient stack used is 449987 out of 10000000
DEBUG: Total dvariable address used is 2087 out of 150000
DEBUG: Total dvariable address used is 3999296 out of 50000000
DEBUG: Total gradient stack used is 449987 out of 10000000
DEBUG: Total dvariable address used is 2087 out of 150000
DEBUG: Total dvariable address used is 3999296 out of 50000000
DEBUG: Total gradient stack used is 449987 out of 10000000
DEBUG: Total dvariable address used is 2087 out of 150000
DEBUG: Total dvariable address used is 3999296 out of 50000000
DEBUG: Total gradient stack used is 449987 out of 10000000
DEBUG: Total dvariable address used is 2087 out of 150000
DEBUG: Total dvariable address used is 3999296 out of 50000000
DEBUG: Total gradient stack used is 449987 out of 10000000
DEBUG: Total dvariable address used is 2087 out of 150000
DEBUG: Total dvariable address used is 3999296 out of 50000000
DEBUG: Total gradient stack used is 449987 out of 10000000
DEBUG: Total dvariable address used is 2087 out of 150000
DEBUG: Total dvariable address used is 3999296 out of 50000000
DEBUG: Total gradient stack used is 449987 out of 10000000
DEBUG: Total dvariable address used is 2087 out of 150000
DEBUG: Total dvariable address used is 3999296 out of 50000000
DEBUG: Total gradient stack used is 449987 out of 10000000
DEBUG: Total dvariable address used is 2087 out of 150000
DEBUG: Total dvariable address used is 3999296 out of 50000000
DEBUG: Total gradient stack used is 449987 out of 10000000
DEBUG: Total dvariable address used is 2087 out of 150000
DEBUG: Total dvariable address used is 3999296 out of 50000000
DEBUG: Total gradient stack used is 449987 out of 10000000
DEBUG: Total dvariable address used is 2087 out of 150000
DEBUG: Total dvariable address used is 3999296 out of 50000000
DEBUG: Total gradient stack used is 449987 out of 10000000
DEBUG: Total dvariable address used is 2087 out of 150000
DEBUG: Total dvariable address used is 3999296 out of 50000000
DEBUG: Total gradient stack used is 449987 out of 10000000
DEBUG: Total dvariable address used is 2087 out of 150000
DEBUG: Total dvariable address used is 3999296 out of 50000000
DEBUG: Total gradient stack used is 449987 out of 10000000
DEBUG: Total dvariable address used is 2087 out of 150000
DEBUG: Total dvariable address used is 3999296 out of 50000000
DEBUG: Total gradient stack used is 449987 out of 10000000
DEBUG: Total dvariable address used is 2087 out of 150000
DEBUG: Total dvariable address used is 3999296 out of 50000000
DEBUG: Total gradient stack used is 449987 out of 10000000
DEBUG: Total dvariable address used is 2087 out of 150000
DEBUG: Total dvariable address used is 3999296 out of 50000000
phase= 4 | nvar=412 | iter=260 | nll=-2.39e+04 | mag=3.46e-01 | par[  2]=T_pars_est[3]
DEBUG: Total gradient stack used is 449987 out of 10000000
DEBUG: Total dvariable address used is 2087 out of 150000
DEBUG: Total dvariable address used is 3999296 out of 50000000
DEBUG: Total gradient stack used is 449987 out of 10000000
DEBUG: Total dvariable address used is 2087 out of 150000
DEBUG: Total dvariable address used is 3999296 out of 50000000
DEBUG: Total gradient stack used is 449987 out of 10000000
DEBUG: Total dvariable address used is 2087 out of 150000
DEBUG: Total dvariable address used is 3999296 out of 50000000
DEBUG: Total gradient stack used is 449987 out of 10000000
DEBUG: Total dvariable address used is 2087 out of 150000
DEBUG: Total dvariable address used is 3999296 out of 50000000
DEBUG: Total gradient stack used is 449987 out of 10000000
DEBUG: Total dvariable address used is 2087 out of 150000
DEBUG: Total dvariable address used is 3999296 out of 50000000
DEBUG: Total gradient stack used is 449987 out of 10000000
DEBUG: Total dvariable address used is 2087 out of 150000
DEBUG: Total dvariable address used is 3999296 out of 50000000
DEBUG: Total gradient stack used is 449987 out of 10000000
DEBUG: Total dvariable address used is 2087 out of 150000
DEBUG: Total dvariable address used is 3999296 out of 50000000
DEBUG: Total gradient stack used is 449987 out of 10000000
DEBUG: Total dvariable address used is 2087 out of 150000
DEBUG: Total dvariable address used is 3999296 out of 50000000
DEBUG: Total gradient stack used is 449987 out of 10000000
DEBUG: Total dvariable address used is 2087 out of 150000
DEBUG: Total dvariable address used is 3999296 out of 50000000
DEBUG: Total gradient stack used is 449987 out of 10000000
DEBUG: Total dvariable address used is 2087 out of 150000
DEBUG: Total dvariable address used is 3999296 out of 50000000
DEBUG: Total gradient stack used is 449987 out of 10000000
DEBUG: Total dvariable address used is 2087 out of 150000
DEBUG: Total dvariable address used is 3999296 out of 50000000
DEBUG: Total gradient stack used is 449987 out of 10000000
DEBUG: Total dvariable address used is 2087 out of 150000
DEBUG: Total dvariable address used is 3999296 out of 50000000
DEBUG: Total gradient stack used is 449987 out of 10000000
DEBUG: Total dvariable address used is 2087 out of 150000
DEBUG: Total dvariable address used is 3999296 out of 50000000
DEBUG: Total gradient stack used is 449987 out of 10000000
DEBUG: Total dvariable address used is 2087 out of 150000
DEBUG: Total dvariable address used is 3999296 out of 50000000
DEBUG: Total gradient stack used is 449987 out of 10000000
DEBUG: Total dvariable address used is 2087 out of 150000
DEBUG: Total dvariable address used is 3999296 out of 50000000
DEBUG: Total gradient stack used is 449987 out of 10000000
DEBUG: Total dvariable address used is 2087 out of 150000
DEBUG: Total dvariable address used is 3999296 out of 50000000
DEBUG: Total gradient stack used is 449987 out of 10000000
DEBUG: Total dvariable address used is 2087 out of 150000
DEBUG: Total dvariable address used is 3999296 out of 50000000
DEBUG: Total gradient stack used is 449987 out of 10000000
DEBUG: Total dvariable address used is 2087 out of 150000
DEBUG: Total dvariable address used is 3999296 out of 50000000
DEBUG: Total gradient stack used is 449987 out of 10000000
DEBUG: Total dvariable address used is 2087 out of 150000
DEBUG: Total dvariable address used is 3999296 out of 50000000
DEBUG: Total gradient stack used is 449987 out of 10000000
DEBUG: Total dvariable address used is 2087 out of 150000
DEBUG: Total dvariable address used is 3999296 out of 50000000
DEBUG: Total gradient stack used is 449987 out of 10000000
DEBUG: Total dvariable address used is 2087 out of 150000
DEBUG: Total dvariable address used is 3999296 out of 50000000
phase= 4 | nvar=412 | iter=280 | nll=-2.39e+04 | mag=2.19e-02 | par[  2]=T_pars_est[3]
DEBUG: Total gradient stack used is 449987 out of 10000000
DEBUG: Total dvariable address used is 2087 out of 150000
DEBUG: Total dvariable address used is 3999296 out of 50000000
DEBUG: Total gradient stack used is 449987 out of 10000000
DEBUG: Total dvariable address used is 2087 out of 150000
DEBUG: Total dvariable address used is 3999296 out of 50000000
DEBUG: Total gradient stack used is 449987 out of 10000000
DEBUG: Total dvariable address used is 2087 out of 150000
DEBUG: Total dvariable address used is 3999296 out of 50000000
DEBUG: Total gradient stack used is 449987 out of 10000000
DEBUG: Total dvariable address used is 2087 out of 150000
DEBUG: Total dvariable address used is 3999296 out of 50000000
DEBUG: Total gradient stack used is 449987 out of 10000000
DEBUG: Total dvariable address used is 2087 out of 150000
DEBUG: Total dvariable address used is 3999296 out of 50000000
DEBUG: Total gradient stack used is 449987 out of 10000000
DEBUG: Total dvariable address used is 2087 out of 150000
DEBUG: Total dvariable address used is 3999296 out of 50000000
DEBUG: Total gradient stack used is 449987 out of 10000000
DEBUG: Total dvariable address used is 2087 out of 150000
DEBUG: Total dvariable address used is 3999296 out of 50000000
DEBUG: Total gradient stack used is 449987 out of 10000000
DEBUG: Total dvariable address used is 2087 out of 150000
DEBUG: Total dvariable address used is 3999296 out of 50000000
DEBUG: Total gradient stack used is 449987 out of 10000000
DEBUG: Total dvariable address used is 2087 out of 150000
DEBUG: Total dvariable address used is 3999296 out of 50000000
DEBUG: Total gradient stack used is 449987 out of 10000000
DEBUG: Total dvariable address used is 2087 out of 150000
DEBUG: Total dvariable address used is 3999296 out of 50000000
DEBUG: Total gradient stack used is 449987 out of 10000000
DEBUG: Total dvariable address used is 2087 out of 150000
DEBUG: Total dvariable address used is 3999296 out of 50000000
DEBUG: Total gradient stack used is 449987 out of 10000000
DEBUG: Total dvariable address used is 2087 out of 150000
DEBUG: Total dvariable address used is 3999296 out of 50000000
DEBUG: Total gradient stack used is 449987 out of 10000000
DEBUG: Total dvariable address used is 2087 out of 150000
DEBUG: Total dvariable address used is 3999296 out of 50000000
DEBUG: Total gradient stack used is 449987 out of 10000000
DEBUG: Total dvariable address used is 2087 out of 150000
DEBUG: Total dvariable address used is 3999296 out of 50000000
DEBUG: Total gradient stack used is 449987 out of 10000000
DEBUG: Total dvariable address used is 2087 out of 150000
DEBUG: Total dvariable address used is 3999296 out of 50000000
DEBUG: Total gradient stack used is 449987 out of 10000000
DEBUG: Total dvariable address used is 2087 out of 150000
DEBUG: Total dvariable address used is 3999296 out of 50000000
DEBUG: Total gradient stack used is 449987 out of 10000000
DEBUG: Total dvariable address used is 2087 out of 150000
DEBUG: Total dvariable address used is 3999296 out of 50000000
DEBUG: Total gradient stack used is 449987 out of 10000000
DEBUG: Total dvariable address used is 2087 out of 150000
DEBUG: Total dvariable address used is 3999296 out of 50000000
DEBUG: Total gradient stack used is 449987 out of 10000000
DEBUG: Total dvariable address used is 2087 out of 150000
DEBUG: Total dvariable address used is 3999296 out of 50000000
DEBUG: Total gradient stack used is 449987 out of 10000000
DEBUG: Total dvariable address used is 2087 out of 150000
DEBUG: Total dvariable address used is 3999296 out of 50000000
DEBUG: Total gradient stack used is 449987 out of 10000000
DEBUG: Total dvariable address used is 2087 out of 150000
DEBUG: Total dvariable address used is 3999296 out of 50000000
phase= 4 | nvar=412 | iter=300 | nll=-2.39e+04 | mag=7.78e-03 | par[ 75]=T_pars_est[83]
DEBUG: Total gradient stack used is 449987 out of 10000000
DEBUG: Total dvariable address used is 2087 out of 150000
DEBUG: Total dvariable address used is 3999296 out of 50000000
DEBUG: Total gradient stack used is 449987 out of 10000000
DEBUG: Total dvariable address used is 2087 out of 150000
DEBUG: Total dvariable address used is 3999296 out of 50000000
DEBUG: Total gradient stack used is 449987 out of 10000000
DEBUG: Total dvariable address used is 2087 out of 150000
DEBUG: Total dvariable address used is 3999296 out of 50000000
DEBUG: Total gradient stack used is 449987 out of 10000000
DEBUG: Total dvariable address used is 2087 out of 150000
DEBUG: Total dvariable address used is 3999296 out of 50000000
DEBUG: Total gradient stack used is 449987 out of 10000000
DEBUG: Total dvariable address used is 2087 out of 150000
DEBUG: Total dvariable address used is 3999296 out of 50000000
DEBUG: Total gradient stack used is 449987 out of 10000000
DEBUG: Total dvariable address used is 2087 out of 150000
DEBUG: Total dvariable address used is 3999296 out of 50000000
DEBUG: Total gradient stack used is 449987 out of 10000000
DEBUG: Total dvariable address used is 2087 out of 150000
DEBUG: Total dvariable address used is 3999296 out of 50000000
DEBUG: Total gradient stack used is 449987 out of 10000000
DEBUG: Total dvariable address used is 2087 out of 150000
DEBUG: Total dvariable address used is 3999296 out of 50000000
DEBUG: Total gradient stack used is 449987 out of 10000000
DEBUG: Total dvariable address used is 2087 out of 150000
DEBUG: Total dvariable address used is 3999296 out of 50000000
DEBUG: Total gradient stack used is 449987 out of 10000000
DEBUG: Total dvariable address used is 2087 out of 150000
DEBUG: Total dvariable address used is 3999296 out of 50000000
DEBUG: Total gradient stack used is 449987 out of 10000000
DEBUG: Total dvariable address used is 2087 out of 150000
DEBUG: Total dvariable address used is 3999296 out of 50000000
DEBUG: Total gradient stack used is 449987 out of 10000000
DEBUG: Total dvariable address used is 2087 out of 150000
DEBUG: Total dvariable address used is 3999296 out of 50000000
DEBUG: Total gradient stack used is 449987 out of 10000000
DEBUG: Total dvariable address used is 2087 out of 150000
DEBUG: Total dvariable address used is 3999296 out of 50000000
DEBUG: Total gradient stack used is 449987 out of 10000000
DEBUG: Total dvariable address used is 2087 out of 150000
DEBUG: Total dvariable address used is 3999296 out of 50000000
DEBUG: Total gradient stack used is 449987 out of 10000000
DEBUG: Total dvariable address used is 2087 out of 150000
DEBUG: Total dvariable address used is 3999296 out of 50000000
DEBUG: Total gradient stack used is 449987 out of 10000000
DEBUG: Total dvariable address used is 2087 out of 150000
DEBUG: Total dvariable address used is 3999296 out of 50000000
DEBUG: Total gradient stack used is 449987 out of 10000000
DEBUG: Total dvariable address used is 2087 out of 150000
DEBUG: Total dvariable address used is 3999296 out of 50000000
DEBUG: Total gradient stack used is 449987 out of 10000000
DEBUG: Total dvariable address used is 2087 out of 150000
DEBUG: Total dvariable address used is 3999296 out of 50000000
DEBUG: Total gradient stack used is 449987 out of 10000000
DEBUG: Total dvariable address used is 2087 out of 150000
DEBUG: Total dvariable address used is 3999296 out of 50000000
DEBUG: Total gradient stack used is 449987 out of 10000000
DEBUG: Total dvariable address used is 2087 out of 150000
DEBUG: Total dvariable address used is 3999296 out of 50000000
DEBUG: Total gradient stack used is 449987 out of 10000000
DEBUG: Total dvariable address used is 2087 out of 150000
DEBUG: Total dvariable address used is 3999296 out of 50000000
DEBUG: Total gradient stack used is 449987 out of 10000000
DEBUG: Total dvariable address used is 2087 out of 150000
DEBUG: Total dvariable address used is 3999296 out of 50000000
DEBUG: Total gradient stack used is 449987 out of 10000000
DEBUG: Total dvariable address used is 2087 out of 150000
DEBUG: Total dvariable address used is 3999296 out of 50000000
DEBUG: Total gradient stack used is 449987 out of 10000000
DEBUG: Total dvariable address used is 2087 out of 150000
DEBUG: Total dvariable address used is 3999296 out of 50000000
DEBUG: Total gradient stack used is 449987 out of 10000000
DEBUG: Total dvariable address used is 2087 out of 150000
DEBUG: Total dvariable address used is 3999296 out of 50000000
DEBUG: Total gradient stack used is 449987 out of 10000000
DEBUG: Total dvariable address used is 2087 out of 150000
DEBUG: Total dvariable address used is 3999296 out of 50000000
DEBUG: Total gradient stack used is 449987 out of 10000000
DEBUG: Total dvariable address used is 2087 out of 150000
DEBUG: Total dvariable address used is 3999296 out of 50000000
DEBUG: Total gradient stack used is 449987 out of 10000000
DEBUG: Total dvariable address used is 2087 out of 150000
DEBUG: Total dvariable address used is 3999296 out of 50000000
DEBUG: Total gradient stack used is 449987 out of 10000000
DEBUG: Total dvariable address used is 2087 out of 150000
DEBUG: Total dvariable address used is 3999296 out of 50000000
DEBUG: Total gradient stack used is 449987 out of 10000000
DEBUG: Total dvariable address used is 2087 out of 150000
DEBUG: Total dvariable address used is 3999296 out of 50000000
DEBUG: Total gradient stack used is 449987 out of 10000000
DEBUG: Total dvariable address used is 2087 out of 150000
DEBUG: Total dvariable address used is 3999296 out of 50000000
DEBUG: Total gradient stack used is 449987 out of 10000000
DEBUG: Total dvariable address used is 2087 out of 150000
DEBUG: Total dvariable address used is 3999296 out of 50000000
DEBUG: Total gradient stack used is 449987 out of 10000000
DEBUG: Total dvariable address used is 2087 out of 150000
DEBUG: Total dvariable address used is 3999296 out of 50000000
DEBUG: Total gradient stack used is 449987 out of 10000000
DEBUG: Total dvariable address used is 2087 out of 150000
DEBUG: Total dvariable address used is 3999296 out of 50000000
DEBUG: Total gradient stack used is 449987 out of 10000000
DEBUG: Total dvariable address used is 2087 out of 150000
DEBUG: Total dvariable address used is 3999296 out of 50000000
DEBUG: Total gradient stack used is 449987 out of 10000000
DEBUG: Total dvariable address used is 2087 out of 150000
DEBUG: Total dvariable address used is 3999296 out of 50000000
DEBUG: Total gradient stack used is 449987 out of 10000000
DEBUG: Total dvariable address used is 2087 out of 150000
DEBUG: Total dvariable address used is 3999296 out of 50000000
DEBUG: Total gradient stack used is 449987 out of 10000000
DEBUG: Total dvariable address used is 2087 out of 150000
DEBUG: Total dvariable address used is 3999296 out of 50000000
DEBUG: Total gradient stack used is 449987 out of 10000000
DEBUG: Total dvariable address used is 2087 out of 150000
DEBUG: Total dvariable address used is 3999296 out of 50000000
DEBUG: Total gradient stack used is 449987 out of 10000000
DEBUG: Total dvariable address used is 2087 out of 150000
DEBUG: Total dvariable address used is 3999296 out of 50000000
DEBUG: Total gradient stack used is 449987 out of 10000000
DEBUG: Total dvariable address used is 2087 out of 150000
DEBUG: Total dvariable address used is 3999296 out of 50000000
DEBUG: Total gradient stack used is 449987 out of 10000000
DEBUG: Total dvariable address used is 2087 out of 150000
DEBUG: Total dvariable address used is 3999296 out of 50000000
DEBUG: Total gradient stack used is 449987 out of 10000000
DEBUG: Total dvariable address used is 2087 out of 150000
DEBUG: Total dvariable address used is 3999296 out of 50000000
phase= 4 | nvar=412 | iter=309 | nll=-2.39e+04 | mag=3.32e-03 | par[ 38]=T_pars_est[46]
Optimization completed after 37 s with final statistics:
  nll=-23888.166734 | mag=3.32188e-03 | par[ 38]=T_pars_est[46]

Warning: the following parameters had issues
  S_pars_est[46] is within 1% of upper bound: -11.5129 < -0.11296 < 0
  S_pars_est[47] is within 1% of upper bound: -11.5129 < -0.0691056 < 0
  S_pars_est[48] is within 1% of upper bound: -11.5129 < -0.0542497 < 0
  S_pars_est[71] is within 1% of upper bound: -11.5129 < -0.080601 < 0
  S_pars_est[93] is within 1% of upper bound: -11.5129 < -0.0806009 < 0

DEBUG: Total gradient stack used is 0 out of 10000000
DEBUG: Total dvariable address used is 2087 out of 150000
DEBUG: Total dvariable address used is 3999296 out of 50000000
Starting REPORT_SECTION
+--------------------------+
| Beginning report section |
+--------------------------+
last phase
Finished WriteFiles
REPORT_SECTION: finished CreateOutput
REPORT_SECTION: finished save_gradients
Finished REPORT_SECTION
Calculating Hessian (412 variables): DEBUG: Total gradient stack used is 449987 out of 10000000
DEBUG: Total dvariable address used is 2087 out of 150000
DEBUG: Total dvariable address used is 4013584 out of 50000000
DEBUG: Total gradient stack used is 449987 out of 10000000
DEBUG: Total dvariable address used is 2087 out of 150000
DEBUG: Total dvariable address used is 4013584 out of 50000000
DEBUG: Total gradient stack used is 449987 out of 10000000
DEBUG: Total dvariable address used is 2087 out of 150000
DEBUG: Total dvariable address used is 4013584 out of 50000000
DEBUG: Total gradient stack used is 449987 out of 10000000
DEBUG: Total dvariable address used is 2087 out of 150000
DEBUG: Total dvariable address used is 4013584 out of 50000000
DEBUG: Total gradient stack used is 449987 out of 10000000
DEBUG: Total dvariable address used is 2087 out of 150000
DEBUG: Total dvariable address used is 4013584 out of 50000000
DEBUG: Total gradient stack used is 449987 out of 10000000
DEBUG: Total dvariable address used is 2087 out of 150000
DEBUG: Total dvariable address used is 4013584 out of 50000000
DEBUG: Total gradient stack used is 449987 out of 10000000
DEBUG: Total dvariable address used is 2087 out of 150000
DEBUG: Total dvariable address used is 4013584 out of 50000000
DEBUG: Total gradient stack used is 449987 out of 10000000
DEBUG: Total dvariable address used is 2087 out of 150000
DEBUG: Total dvariable address used is 4013584 out of 50000000
DEBUG: Total gradient stack used is 449987 out of 10000000
DEBUG: Total dvariable address used is 2087 out of 150000
DEBUG: Total dvariable address used is 4013584 out of 50000000
DEBUG: Total gradient stack used is 449987 out of 10000000
DEBUG: Total dvariable address used is 2087 out of 150000
DEBUG: Total dvariable address used is 4013584 out of 50000000
DEBUG: Total gradient stack used is 449987 out of 10000000
DEBUG: Total dvariable address used is 2087 out of 150000
DEBUG: Total dvariable address used is 4013584 out of 50000000
DEBUG: Total gradient stack used is 449987 out of 10000000
DEBUG: Total dvariable address used is 2087 out of 150000
DEBUG: Total dvariable address used is 4013584 out of 50000000
DEBUG: Total gradient stack used is 449987 out of 10000000
DEBUG: Total dvariable address used is 2087 out of 150000
DEBUG: Total dvariable address used is 4013584 out of 50000000
DEBUG: Total gradient stack used is 449987 out of 10000000
DEBUG: Total dvariable address used is 2087 out of 150000
DEBUG: Total dvariable address used is 4013584 out of 50000000
DEBUG: Total gradient stack used is 449987 out of 10000000
DEBUG: Total dvariable address used is 2087 out of 150000
DEBUG: Total dvariable address used is 4013584 out of 50000000
DEBUG: Total gradient stack used is 449987 out of 10000000
DEBUG: Total dvariable address used is 2087 out of 150000
DEBUG: Total dvariable address used is 4013584 out of 50000000
DEBUG: Total gradient stack used is 449987 out of 10000000
DEBUG: Total dvariable address used is 2087 out of 150000
DEBUG: Total dvariable address used is 4013584 out of 50000000
DEBUG: Total gradient stack used is 449987 out of 10000000
DEBUG: Total dvariable address used is 2087 out of 150000
DEBUG: Total dvariable address used is 4013584 out of 50000000
DEBUG: Total gradient stack used is 449987 out of 10000000
DEBUG: Total dvariable address used is 2087 out of 150000
DEBUG: Total dvariable address used is 4013584 out of 50000000
DEBUG: Total gradient stack used is 449987 out of 10000000
DEBUG: Total dvariable address used is 2087 out of 150000
DEBUG: Total dvariable address used is 4013584 out of 50000000
DEBUG: Total gradient stack used is 449987 out of 10000000
DEBUG: Total dvariable address used is 2087 out of 150000
DEBUG: Total dvariable address used is 4013584 out of 50000000
DEBUG: Total gradient stack used is 449987 out of 10000000
DEBUG: Total dvariable address used is 2087 out of 150000
DEBUG: Total dvariable address used is 4013584 out of 50000000
DEBUG: Total gradient stack used is 449987 out of 10000000
DEBUG: Total dvariable address used is 2087 out of 150000
DEBUG: Total dvariable address used is 4013584 out of 50000000
DEBUG: Total gradient stack used is 449987 out of 10000000
DEBUG: Total dvariable address used is 2087 out of 150000
DEBUG: Total dvariable address used is 4013584 out of 50000000
DEBUG: Total gradient stack used is 449987 out of 10000000
DEBUG: Total dvariable address used is 2087 out of 150000
DEBUG: Total dvariable address used is 4013584 out of 50000000
DEBUG: Total gradient stack used is 449987 out of 10000000
DEBUG: Total dvariable address used is 2087 out of 150000
DEBUG: Total dvariable address used is 4013584 out of 50000000
DEBUG: Total gradient stack used is 449987 out of 10000000
DEBUG: Total dvariable address used is 2087 out of 150000
DEBUG: Total dvariable address used is 4013584 out of 50000000
DEBUG: Total gradient stack used is 449987 out of 10000000
DEBUG: Total dvariable address used is 2087 out of 150000
DEBUG: Total dvariable address used is 4013584 out of 50000000
DEBUG: Total gradient stack used is 449987 out of 10000000
DEBUG: Total dvariable address used is 2087 out of 150000
DEBUG: Total dvariable address used is 4013584 out of 50000000
DEBUG: Total gradient stack used is 449987 out of 10000000
DEBUG: Total dvariable address used is 2087 out of 150000
DEBUG: Total dvariable address used is 4013584 out of 50000000
DEBUG: Total gradient stack used is 449987 out of 10000000
DEBUG: Total dvariable address used is 2087 out of 150000
DEBUG: Total dvariable address used is 4013584 out of 50000000
DEBUG: Total gradient stack used is 449987 out of 10000000
DEBUG: Total dvariable address used is 2087 out of 150000
DEBUG: Total dvariable address used is 4013584 out of 50000000
DEBUG: Total gradient stack used is 449987 out of 10000000
DEBUG: Total dvariable address used is 2087 out of 150000
DEBUG: Total dvariable address used is 4013584 out of 50000000
DEBUG: Total gradient stack used is 449987 out of 10000000
DEBUG: Total dvariable address used is 2087 out of 150000
DEBUG: Total dvariable address used is 4013584 out of 50000000
DEBUG: Total gradient stack used is 449987 out of 10000000
DEBUG: Total dvariable address used is 2087 out of 150000
DEBUG: Total dvariable address used is 4013584 out of 50000000
DEBUG: Total gradient stack used is 449987 out of 10000000
DEBUG: Total dvariable address used is 2087 out of 150000
DEBUG: Total dvariable address used is 4013584 out of 50000000
DEBUG: Total gradient stack used is 449987 out of 10000000
DEBUG: Total dvariable address used is 2087 out of 150000
DEBUG: Total dvariable address used is 4013584 out of 50000000
DEBUG: Total gradient stack used is 449987 out of 10000000
DEBUG: Total dvariable address used is 2087 out of 150000
DEBUG: Total dvariable address used is 4013584 out of 50000000
DEBUG: Total gradient stack used is 449987 out of 10000000
DEBUG: Total dvariable address used is 2087 out of 150000
DEBUG: Total dvariable address used is 4013584 out of 50000000
DEBUG: Total gradient stack used is 449987 out of 10000000
DEBUG: Total dvariable address used is 2087 out of 150000
DEBUG: Total dvariable address used is 4013584 out of 50000000
DEBUG: Total gradient stack used is 449987 out of 10000000
DEBUG: Total dvariable address used is 2087 out of 150000
DEBUG: Total dvariable address used is 4013584 out of 50000000
DEBUG: Total gradient stack used is 449987 out of 10000000
DEBUG: Total dvariable address used is 2087 out of 150000
DEBUG: Total dvariable address used is 4013584 out of 50000000
DEBUG: Total gradient stack used is 449987 out of 10000000
DEBUG: Total dvariable address used is 2087 out of 150000
DEBUG: Total dvariable address used is 4013584 out of 50000000
DEBUG: Total gradient stack used is 449987 out of 10000000
DEBUG: Total dvariable address used is 2087 out of 150000
DEBUG: Total dvariable address used is 4013584 out of 50000000
DEBUG: Total gradient stack used is 449987 out of 10000000
DEBUG: Total dvariable address used is 2087 out of 150000
DEBUG: Total dvariable address used is 4013584 out of 50000000
DEBUG: Total gradient stack used is 449987 out of 10000000
DEBUG: Total dvariable address used is 2087 out of 150000
DEBUG: Total dvariable address used is 4013584 out of 50000000
DEBUG: Total gradient stack used is 449987 out of 10000000
DEBUG: Total dvariable address used is 2087 out of 150000
DEBUG: Total dvariable address used is 4013584 out of 50000000
DEBUG: Total gradient stack used is 449987 out of 10000000
DEBUG: Total dvariable address used is 2087 out of 150000
DEBUG: Total dvariable address used is 4013584 out of 50000000
DEBUG: Total gradient stack used is 449987 out of 10000000
DEBUG: Total dvariable address used is 2087 out of 150000
DEBUG: Total dvariable address used is 4013584 out of 50000000
DEBUG: Total gradient stack used is 449987 out of 10000000
DEBUG: Total dvariable address used is 2087 out of 150000
DEBUG: Total dvariable address used is 4013584 out of 50000000
DEBUG: Total gradient stack used is 449987 out of 10000000
DEBUG: Total dvariable address used is 2087 out of 150000
DEBUG: Total dvariable address used is 4013584 out of 50000000
DEBUG: Total gradient stack used is 449987 out of 10000000
DEBUG: Total dvariable address used is 2087 out of 150000
DEBUG: Total dvariable address used is 4013584 out of 50000000
DEBUG: Total gradient stack used is 449987 out of 10000000
DEBUG: Total dvariable address used is 2087 out of 150000
DEBUG: Total dvariable address used is 4013584 out of 50000000
DEBUG: Total gradient stack used is 449987 out of 10000000
DEBUG: Total dvariable address used is 2087 out of 150000
DEBUG: Total dvariable address used is 4013584 out of 50000000
DEBUG: Total gradient stack used is 449987 out of 10000000
DEBUG: Total dvariable address used is 2087 out of 150000
DEBUG: Total dvariable address used is 4013584 out of 50000000
DEBUG: Total gradient stack used is 449987 out of 10000000
DEBUG: Total dvariable address used is 2087 out of 150000
DEBUG: Total dvariable address used is 4013584 out of 50000000
DEBUG: Total gradient stack used is 449987 out of 10000000
DEBUG: Total dvariable address used is 2087 out of 150000
DEBUG: Total dvariable address used is 4013584 out of 50000000
DEBUG: Total gradient stack used is 449987 out of 10000000
DEBUG: Total dvariable address used is 2087 out of 150000
DEBUG: Total dvariable address used is 4013584 out of 50000000
DEBUG: Total gradient stack used is 449987 out of 10000000
DEBUG: Total dvariable address used is 2087 out of 150000
DEBUG: Total dvariable address used is 4013584 out of 50000000
DEBUG: Total gradient stack used is 449987 out of 10000000
DEBUG: Total dvariable address used is 2087 out of 150000
DEBUG: Total dvariable address used is 4013584 out of 50000000
DEBUG: Total gradient stack used is 449987 out of 10000000
DEBUG: Total dvariable address used is 2087 out of 150000
DEBUG: Total dvariable address used is 4013584 out of 50000000
DEBUG: Total gradient stack used is 449987 out of 10000000
DEBUG: Total dvariable address used is 2087 out of 150000
DEBUG: Total dvariable address used is 4013584 out of 50000000
DEBUG: Total gradient stack used is 449987 out of 10000000
DEBUG: Total dvariable address used is 2087 out of 150000
DEBUG: Total dvariable address used is 4013584 out of 50000000
DEBUG: Total gradient stack used is 449987 out of 10000000
DEBUG: Total dvariable address used is 2087 out of 150000
DEBUG: Total dvariable address used is 4013584 out of 50000000
DEBUG: Total gradient stack used is 449987 out of 10000000
DEBUG: Total dvariable address used is 2087 out of 150000
DEBUG: Total dvariable address used is 4013584 out of 50000000
DEBUG: Total gradient stack used is 449987 out of 10000000
DEBUG: Total dvariable address used is 2087 out of 150000
DEBUG: Total dvariable address used is 4013584 out of 50000000
DEBUG: Total gradient stack used is 449987 out of 10000000
DEBUG: Total dvariable address used is 2087 out of 150000
DEBUG: Total dvariable address used is 4013584 out of 50000000
DEBUG: Total gradient stack used is 449987 out of 10000000
DEBUG: Total dvariable address used is 2087 out of 150000
DEBUG: Total dvariable address used is 4013584 out of 50000000
DEBUG: Total gradient stack used is 449987 out of 10000000
DEBUG: Total dvariable address used is 2087 out of 150000
DEBUG: Total dvariable address used is 4013584 out of 50000000
DEBUG: Total gradient stack used is 449987 out of 10000000
DEBUG: Total dvariable address used is 2087 out of 150000
DEBUG: Total dvariable address used is 4013584 out of 50000000
DEBUG: Total gradient stack used is 449987 out of 10000000
DEBUG: Total dvariable address used is 2087 out of 150000
DEBUG: Total dvariable address used is 4013584 out of 50000000
DEBUG: Total gradient stack used is 449987 out of 10000000
DEBUG: Total dvariable address used is 2087 out of 150000
DEBUG: Total dvariable address used is 4013584 out of 50000000
DEBUG: Total gradient stack used is 449987 out of 10000000
DEBUG: Total dvariable address used is 2087 out of 150000
DEBUG: Total dvariable address used is 4013584 out of 50000000
DEBUG: Total gradient stack used is 449987 out of 10000000
DEBUG: Total dvariable address used is 2087 out of 150000
DEBUG: Total dvariable address used is 4013584 out of 50000000
DEBUG: Total gradient stack used is 449987 out of 10000000
DEBUG: Total dvariable address used is 2087 out of 150000
DEBUG: Total dvariable address used is 4013584 out of 50000000
DEBUG: Total gradient stack used is 449987 out of 10000000
DEBUG: Total dvariable address used is 2087 out of 150000
DEBUG: Total dvariable address used is 4013584 out of 50000000
DEBUG: Total gradient stack used is 449987 out of 10000000
DEBUG: Total dvariable address used is 2087 out of 150000
DEBUG: Total dvariable address used is 4013584 out of 50000000
DEBUG: Total gradient stack used is 449987 out of 10000000
DEBUG: Total dvariable address used is 2087 out of 150000
DEBUG: Total dvariable address used is 4013584 out of 50000000
DEBUG: Total gradient stack used is 449987 out of 10000000
DEBUG: Total dvariable address used is 2087 out of 150000
DEBUG: Total dvariable address used is 4013584 out of 50000000
DEBUG: Total gradient stack used is 449987 out of 10000000
DEBUG: Total dvariable address used is 2087 out of 150000
DEBUG: Total dvariable address used is 4013584 out of 50000000
DEBUG: Total gradient stack used is 449987 out of 10000000
DEBUG: Total dvariable address used is 2087 out of 150000
DEBUG: Total dvariable address used is 4013584 out of 50000000
DEBUG: Total gradient stack used is 449987 out of 10000000
DEBUG: Total dvariable address used is 2087 out of 150000
DEBUG: Total dvariable address used is 4013584 out of 50000000
DEBUG: Total gradient stack used is 449987 out of 10000000
DEBUG: Total dvariable address used is 2087 out of 150000
DEBUG: Total dvariable address used is 4013584 out of 50000000
DEBUG: Total gradient stack used is 449987 out of 10000000
DEBUG: Total dvariable address used is 2087 out of 150000
DEBUG: Total dvariable address used is 4013584 out of 50000000
DEBUG: Total gradient stack used is 449987 out of 10000000
DEBUG: Total dvariable address used is 2087 out of 150000
DEBUG: Total dvariable address used is 4013584 out of 50000000
DEBUG: Total gradient stack used is 449987 out of 10000000
DEBUG: Total dvariable address used is 2087 out of 150000
DEBUG: Total dvariable address used is 4013584 out of 50000000
DEBUG: Total gradient stack used is 449987 out of 10000000
DEBUG: Total dvariable address used is 2087 out of 150000
DEBUG: Total dvariable address used is 4013584 out of 50000000
DEBUG: Total gradient stack used is 449987 out of 10000000
DEBUG: Total dvariable address used is 2087 out of 150000
DEBUG: Total dvariable address used is 4013584 out of 50000000
DEBUG: Total gradient stack used is 449987 out of 10000000
DEBUG: Total dvariable address used is 2087 out of 150000
DEBUG: Total dvariable address used is 4013584 out of 50000000
DEBUG: Total gradient stack used is 449987 out of 10000000
DEBUG: Total dvariable address used is 2087 out of 150000
DEBUG: Total dvariable address used is 4013584 out of 50000000
DEBUG: Total gradient stack used is 449987 out of 10000000
DEBUG: Total dvariable address used is 2087 out of 150000
DEBUG: Total dvariable address used is 4013584 out of 50000000
DEBUG: Total gradient stack used is 449987 out of 10000000
DEBUG: Total dvariable address used is 2087 out of 150000
DEBUG: Total dvariable address used is 4013584 out of 50000000
DEBUG: Total gradient stack used is 449987 out of 10000000
DEBUG: Total dvariable address used is 2087 out of 150000
DEBUG: Total dvariable address used is 4013584 out of 50000000
DEBUG: Total gradient stack used is 449987 out of 10000000
DEBUG: Total dvariable address used is 2087 out of 150000
DEBUG: Total dvariable address used is 4013584 out of 50000000
DEBUG: Total gradient stack used is 449987 out of 10000000
DEBUG: Total dvariable address used is 2087 out of 150000
DEBUG: Total dvariable address used is 4013584 out of 50000000
DEBUG: Total gradient stack used is 449987 out of 10000000
DEBUG: Total dvariable address used is 2087 out of 150000
DEBUG: Total dvariable address used is 4013584 out of 50000000
DEBUG: Total gradient stack used is 449987 out of 10000000
DEBUG: Total dvariable address used is 2087 out of 150000
DEBUG: Total dvariable address used is 4013584 out of 50000000
DEBUG: Total gradient stack used is 449987 out of 10000000
DEBUG: Total dvariable address used is 2087 out of 150000
DEBUG: Total dvariable address used is 4013584 out of 50000000
DEBUG: Total gradient stack used is 449987 out of 10000000
DEBUG: Total dvariable address used is 2087 out of 150000
DEBUG: Total dvariable address used is 4013584 out of 50000000
DEBUG: Total gradient stack used is 449987 out of 10000000
DEBUG: Total dvariable address used is 2087 out of 150000
DEBUG: Total dvariable address used is 4013584 out of 50000000
DEBUG: Total gradient stack used is 449987 out of 10000000
DEBUG: Total dvariable address used is 2087 out of 150000
DEBUG: Total dvariable address used is 4013584 out of 50000000
DEBUG: Total gradient stack used is 449987 out of 10000000
DEBUG: Total dvariable address used is 2087 out of 150000
DEBUG: Total dvariable address used is 4013584 out of 50000000
DEBUG: Total gradient stack used is 449987 out of 10000000
DEBUG: Total dvariable address used is 2087 out of 150000
DEBUG: Total dvariable address used is 4013584 out of 50000000
DEBUG: Total gradient stack used is 449987 out of 10000000
DEBUG: Total dvariable address used is 2087 out of 150000
DEBUG: Total dvariable address used is 4013584 out of 50000000
DEBUG: Total gradient stack used is 449987 out of 10000000
DEBUG: Total dvariable address used is 2087 out of 150000
DEBUG: Total dvariable address used is 4013584 out of 50000000
DEBUG: Total gradient stack used is 449987 out of 10000000
DEBUG: Total dvariable address used is 2087 out of 150000
DEBUG: Total dvariable address used is 4013584 out of 50000000
DEBUG: Total gradient stack used is 449987 out of 10000000
DEBUG: Total dvariable address used is 2087 out of 150000
DEBUG: Total dvariable address used is 4013584 out of 50000000
DEBUG: Total gradient stack used is 449987 out of 10000000
DEBUG: Total dvariable address used is 2087 out of 150000
DEBUG: Total dvariable address used is 4013584 out of 50000000
DEBUG: Total gradient stack used is 449987 out of 10000000
DEBUG: Total dvariable address used is 2087 out of 150000
DEBUG: Total dvariable address used is 4013584 out of 50000000
DEBUG: Total gradient stack used is 449987 out of 10000000
DEBUG: Total dvariable address used is 2087 out of 150000
DEBUG: Total dvariable address used is 4013584 out of 50000000
DEBUG: Total gradient stack used is 449987 out of 10000000
DEBUG: Total dvariable address used is 2087 out of 150000
DEBUG: Total dvariable address used is 4013584 out of 50000000
DEBUG: Total gradient stack used is 449987 out of 10000000
DEBUG: Total dvariable address used is 2087 out of 150000
DEBUG: Total dvariable address used is 4013584 out of 50000000
DEBUG: Total gradient stack used is 449987 out of 10000000
DEBUG: Total dvariable address used is 2087 out of 150000
DEBUG: Total dvariable address used is 4013584 out of 50000000
DEBUG: Total gradient stack used is 449987 out of 10000000
DEBUG: Total dvariable address used is 2087 out of 150000
DEBUG: Total dvariable address used is 4013584 out of 50000000
DEBUG: Total gradient stack used is 449987 out of 10000000
DEBUG: Total dvariable address used is 2087 out of 150000
DEBUG: Total dvariable address used is 4013584 out of 50000000
DEBUG: Total gradient stack used is 449987 out of 10000000
DEBUG: Total dvariable address used is 2087 out of 150000
DEBUG: Total dvariable address used is 4013584 out of 50000000
DEBUG: Total gradient stack used is 449987 out of 10000000
DEBUG: Total dvariable address used is 2087 out of 150000
DEBUG: Total dvariable address used is 4013584 out of 50000000
DEBUG: Total gradient stack used is 449987 out of 10000000
DEBUG: Total dvariable address used is 2087 out of 150000
DEBUG: Total dvariable address used is 4013584 out of 50000000
DEBUG: Total gradient stack used is 449987 out of 10000000
DEBUG: Total dvariable address used is 2087 out of 150000
DEBUG: Total dvariable address used is 4013584 out of 50000000
DEBUG: Total gradient stack used is 449987 out of 10000000
DEBUG: Total dvariable address used is 2087 out of 150000
DEBUG: Total dvariable address used is 4013584 out of 50000000
DEBUG: Total gradient stack used is 449987 out of 10000000
DEBUG: Total dvariable address used is 2087 out of 150000
DEBUG: Total dvariable address used is 4013584 out of 50000000
DEBUG: Total gradient stack used is 449987 out of 10000000
DEBUG: Total dvariable address used is 2087 out of 150000
DEBUG: Total dvariable address used is 4013584 out of 50000000
DEBUG: Total gradient stack used is 449987 out of 10000000
DEBUG: Total dvariable address used is 2087 out of 150000
DEBUG: Total dvariable address used is 4013584 out of 50000000
DEBUG: Total gradient stack used is 449987 out of 10000000
DEBUG: Total dvariable address used is 2087 out of 150000
DEBUG: Total dvariable address used is 4013584 out of 50000000
DEBUG: Total gradient stack used is 449987 out of 10000000
DEBUG: Total dvariable address used is 2087 out of 150000
DEBUG: Total dvariable address used is 4013584 out of 50000000
DEBUG: Total gradient stack used is 449987 out of 10000000
DEBUG: Total dvariable address used is 2087 out of 150000
DEBUG: Total dvariable address used is 4013584 out of 50000000
DEBUG: Total gradient stack used is 449987 out of 10000000
DEBUG: Total dvariable address used is 2087 out of 150000
DEBUG: Total dvariable address used is 4013584 out of 50000000
DEBUG: Total gradient stack used is 449987 out of 10000000
DEBUG: Total dvariable address used is 2087 out of 150000
DEBUG: Total dvariable address used is 4013584 out of 50000000
DEBUG: Total gradient stack used is 449987 out of 10000000
DEBUG: Total dvariable address used is 2087 out of 150000
DEBUG: Total dvariable address used is 4013584 out of 50000000
DEBUG: Total gradient stack used is 449987 out of 10000000
DEBUG: Total dvariable address used is 2087 out of 150000
DEBUG: Total dvariable address used is 4013584 out of 50000000
DEBUG: Total gradient stack used is 449987 out of 10000000
DEBUG: Total dvariable address used is 2087 out of 150000
DEBUG: Total dvariable address used is 4013584 out of 50000000
DEBUG: Total gradient stack used is 449987 out of 10000000
DEBUG: Total dvariable address used is 2087 out of 150000
DEBUG: Total dvariable address used is 4013584 out of 50000000
DEBUG: Total gradient stack used is 449987 out of 10000000
DEBUG: Total dvariable address used is 2087 out of 150000
DEBUG: Total dvariable address used is 4013584 out of 50000000
DEBUG: Total gradient stack used is 449987 out of 10000000
DEBUG: Total dvariable address used is 2087 out of 150000
DEBUG: Total dvariable address used is 4013584 out of 50000000
DEBUG: Total gradient stack used is 449987 out of 10000000
DEBUG: Total dvariable address used is 2087 out of 150000
DEBUG: Total dvariable address used is 4013584 out of 50000000
DEBUG: Total gradient stack used is 449987 out of 10000000
DEBUG: Total dvariable address used is 2087 out of 150000
DEBUG: Total dvariable address used is 4013584 out of 50000000
DEBUG: Total gradient stack used is 449987 out of 10000000
DEBUG: Total dvariable address used is 2087 out of 150000
DEBUG: Total dvariable address used is 4013584 out of 50000000
DEBUG: Total gradient stack used is 449987 out of 10000000
DEBUG: Total dvariable address used is 2087 out of 150000
DEBUG: Total dvariable address used is 4013584 out of 50000000
DEBUG: Total gradient stack used is 449987 out of 10000000
DEBUG: Total dvariable address used is 2087 out of 150000
DEBUG: Total dvariable address used is 4013584 out of 50000000
DEBUG: Total gradient stack used is 449987 out of 10000000
DEBUG: Total dvariable address used is 2087 out of 150000
DEBUG: Total dvariable address used is 4013584 out of 50000000
DEBUG: Total gradient stack used is 449987 out of 10000000
DEBUG: Total dvariable address used is 2087 out of 150000
DEBUG: Total dvariable address used is 4013584 out of 50000000
DEBUG: Total gradient stack used is 449987 out of 10000000
DEBUG: Total dvariable address used is 2087 out of 150000
DEBUG: Total dvariable address used is 4013584 out of 50000000
DEBUG: Total gradient stack used is 449987 out of 10000000
DEBUG: Total dvariable address used is 2087 out of 150000
DEBUG: Total dvariable address used is 4013584 out of 50000000
DEBUG: Total gradient stack used is 449987 out of 10000000
DEBUG: Total dvariable address used is 2087 out of 150000
DEBUG: Total dvariable address used is 4013584 out of 50000000
DEBUG: Total gradient stack used is 449987 out of 10000000
DEBUG: Total dvariable address used is 2087 out of 150000
DEBUG: Total dvariable address used is 4013584 out of 50000000
DEBUG: Total gradient stack used is 449987 out of 10000000
DEBUG: Total dvariable address used is 2087 out of 150000
DEBUG: Total dvariable address used is 4013584 out of 50000000
DEBUG: Total gradient stack used is 449987 out of 10000000
DEBUG: Total dvariable address used is 2087 out of 150000
DEBUG: Total dvariable address used is 4013584 out of 50000000
DEBUG: Total gradient stack used is 449987 out of 10000000
DEBUG: Total dvariable address used is 2087 out of 150000
DEBUG: Total dvariable address used is 4013584 out of 50000000
DEBUG: Total gradient stack used is 449987 out of 10000000
DEBUG: Total dvariable address used is 2087 out of 150000
DEBUG: Total dvariable address used is 4013584 out of 50000000
DEBUG: Total gradient stack used is 449987 out of 10000000
DEBUG: Total dvariable address used is 2087 out of 150000
DEBUG: Total dvariable address used is 4013584 out of 50000000
DEBUG: Total gradient stack used is 449987 out of 10000000
DEBUG: Total dvariable address used is 2087 out of 150000
DEBUG: Total dvariable address used is 4013584 out of 50000000
DEBUG: Total gradient stack used is 449987 out of 10000000
DEBUG: Total dvariable address used is 2087 out of 150000
DEBUG: Total dvariable address used is 4013584 out of 50000000
DEBUG: Total gradient stack used is 449987 out of 10000000
DEBUG: Total dvariable address used is 2087 out of 150000
DEBUG: Total dvariable address used is 4013584 out of 50000000
DEBUG: Total gradient stack used is 449987 out of 10000000
DEBUG: Total dvariable address used is 2087 out of 150000
DEBUG: Total dvariable address used is 4013584 out of 50000000
DEBUG: Total gradient stack used is 449987 out of 10000000
DEBUG: Total dvariable address used is 2087 out of 150000
DEBUG: Total dvariable address used is 4013584 out of 50000000
DEBUG: Total gradient stack used is 449987 out of 10000000
DEBUG: Total dvariable address used is 2087 out of 150000
DEBUG: Total dvariable address used is 4013584 out of 50000000
DEBUG: Total gradient stack used is 449987 out of 10000000
DEBUG: Total dvariable address used is 2087 out of 150000
DEBUG: Total dvariable address used is 4013584 out of 50000000
DEBUG: Total gradient stack used is 449987 out of 10000000
DEBUG: Total dvariable address used is 2087 out of 150000
DEBUG: Total dvariable address used is 4013584 out of 50000000
DEBUG: Total gradient stack used is 449987 out of 10000000
DEBUG: Total dvariable address used is 2087 out of 150000
DEBUG: Total dvariable address used is 4013584 out of 50000000
DEBUG: Total gradient stack used is 449987 out of 10000000
DEBUG: Total dvariable address used is 2087 out of 150000
DEBUG: Total dvariable address used is 4013584 out of 50000000
DEBUG: Total gradient stack used is 449987 out of 10000000
DEBUG: Total dvariable address used is 2087 out of 150000
DEBUG: Total dvariable address used is 4013584 out of 50000000
DEBUG: Total gradient stack used is 449987 out of 10000000
DEBUG: Total dvariable address used is 2087 out of 150000
DEBUG: Total dvariable address used is 4013584 out of 50000000
DEBUG: Total gradient stack used is 449987 out of 10000000
DEBUG: Total dvariable address used is 2087 out of 150000
DEBUG: Total dvariable address used is 4013584 out of 50000000
DEBUG: Total gradient stack used is 449987 out of 10000000
DEBUG: Total dvariable address used is 2087 out of 150000
DEBUG: Total dvariable address used is 4013584 out of 50000000
DEBUG: Total gradient stack used is 449987 out of 10000000
DEBUG: Total dvariable address used is 2087 out of 150000
DEBUG: Total dvariable address used is 4013584 out of 50000000
DEBUG: Total gradient stack used is 449987 out of 10000000
DEBUG: Total dvariable address used is 2087 out of 150000
DEBUG: Total dvariable address used is 4013584 out of 50000000
DEBUG: Total gradient stack used is 449987 out of 10000000
DEBUG: Total dvariable address used is 2087 out of 150000
DEBUG: Total dvariable address used is 4013584 out of 50000000
DEBUG: Total gradient stack used is 449987 out of 10000000
DEBUG: Total dvariable address used is 2087 out of 150000
DEBUG: Total dvariable address used is 4013584 out of 50000000
DEBUG: Total gradient stack used is 449987 out of 10000000
DEBUG: Total dvariable address used is 2087 out of 150000
DEBUG: Total dvariable address used is 4013584 out of 50000000
DEBUG: Total gradient stack used is 449987 out of 10000000
DEBUG: Total dvariable address used is 2087 out of 150000
DEBUG: Total dvariable address used is 4013584 out of 50000000
DEBUG: Total gradient stack used is 449987 out of 10000000
DEBUG: Total dvariable address used is 2087 out of 150000
DEBUG: Total dvariable address used is 4013584 out of 50000000
DEBUG: Total gradient stack used is 449987 out of 10000000
DEBUG: Total dvariable address used is 2087 out of 150000
DEBUG: Total dvariable address used is 4013584 out of 50000000
DEBUG: Total gradient stack used is 449987 out of 10000000
DEBUG: Total dvariable address used is 2087 out of 150000
DEBUG: Total dvariable address used is 4013584 out of 50000000
DEBUG: Total gradient stack used is 449987 out of 10000000
DEBUG: Total dvariable address used is 2087 out of 150000
DEBUG: Total dvariable address used is 4013584 out of 50000000
DEBUG: Total gradient stack used is 449987 out of 10000000
DEBUG: Total dvariable address used is 2087 out of 150000
DEBUG: Total dvariable address used is 4013584 out of 50000000
DEBUG: Total gradient stack used is 449987 out of 10000000
DEBUG: Total dvariable address used is 2087 out of 150000
DEBUG: Total dvariable address used is 4013584 out of 50000000
DEBUG: Total gradient stack used is 449987 out of 10000000
DEBUG: Total dvariable address used is 2087 out of 150000
DEBUG: Total dvariable address used is 4013584 out of 50000000
DEBUG: Total gradient stack used is 449987 out of 10000000
DEBUG: Total dvariable address used is 2087 out of 150000
DEBUG: Total dvariable address used is 4013584 out of 50000000
DEBUG: Total gradient stack used is 449987 out of 10000000
DEBUG: Total dvariable address used is 2087 out of 150000
DEBUG: Total dvariable address used is 4013584 out of 50000000
DEBUG: Total gradient stack used is 449987 out of 10000000
DEBUG: Total dvariable address used is 2087 out of 150000
DEBUG: Total dvariable address used is 4013584 out of 50000000
DEBUG: Total gradient stack used is 449987 out of 10000000
DEBUG: Total dvariable address used is 2087 out of 150000
DEBUG: Total dvariable address used is 4013584 out of 50000000
DEBUG: Total gradient stack used is 449987 out of 10000000
DEBUG: Total dvariable address used is 2087 out of 150000
DEBUG: Total dvariable address used is 4013584 out of 50000000
DEBUG: Total gradient stack used is 449987 out of 10000000
DEBUG: Total dvariable address used is 2087 out of 150000
DEBUG: Total dvariable address used is 4013584 out of 50000000
DEBUG: Total gradient stack used is 449987 out of 10000000
DEBUG: Total dvariable address used is 2087 out of 150000
DEBUG: Total dvariable address used is 4013584 out of 50000000
DEBUG: Total gradient stack used is 449987 out of 10000000
DEBUG: Total dvariable address used is 2087 out of 150000
DEBUG: Total dvariable address used is 4013584 out of 50000000
DEBUG: Total gradient stack used is 449987 out of 10000000
DEBUG: Total dvariable address used is 2087 out of 150000
DEBUG: Total dvariable address used is 4013584 out of 50000000
DEBUG: Total gradient stack used is 449987 out of 10000000
DEBUG: Total dvariable address used is 2087 out of 150000
DEBUG: Total dvariable address used is 4013584 out of 50000000
DEBUG: Total gradient stack used is 449987 out of 10000000
DEBUG: Total dvariable address used is 2087 out of 150000
DEBUG: Total dvariable address used is 4013584 out of 50000000
DEBUG: Total gradient stack used is 449987 out of 10000000
DEBUG: Total dvariable address used is 2087 out of 150000
DEBUG: Total dvariable address used is 4013584 out of 50000000
DEBUG: Total gradient stack used is 449987 out of 10000000
DEBUG: Total dvariable address used is 2087 out of 150000
DEBUG: Total dvariable address used is 4013584 out of 50000000
DEBUG: Total gradient stack used is 449987 out of 10000000
DEBUG: Total dvariable address used is 2087 out of 150000
DEBUG: Total dvariable address used is 4013584 out of 50000000
DEBUG: Total gradient stack used is 449987 out of 10000000
DEBUG: Total dvariable address used is 2087 out of 150000
DEBUG: Total dvariable address used is 4013584 out of 50000000
DEBUG: Total gradient stack used is 449987 out of 10000000
DEBUG: Total dvariable address used is 2087 out of 150000
DEBUG: Total dvariable address used is 4013584 out of 50000000
DEBUG: Total gradient stack used is 449987 out of 10000000
DEBUG: Total dvariable address used is 2087 out of 150000
DEBUG: Total dvariable address used is 4013584 out of 50000000
DEBUG: Total gradient stack used is 449987 out of 10000000
DEBUG: Total dvariable address used is 2087 out of 150000
DEBUG: Total dvariable address used is 4013584 out of 50000000
DEBUG: Total gradient stack used is 449987 out of 10000000
DEBUG: Total dvariable address used is 2087 out of 150000
DEBUG: Total dvariable address used is 4013584 out of 50000000
DEBUG: Total gradient stack used is 449987 out of 10000000
DEBUG: Total dvariable address used is 2087 out of 150000
DEBUG: Total dvariable address used is 4013584 out of 50000000
DEBUG: Total gradient stack used is 449987 out of 10000000
DEBUG: Total dvariable address used is 2087 out of 150000
DEBUG: Total dvariable address used is 4013584 out of 50000000
DEBUG: Total gradient stack used is 449987 out of 10000000
DEBUG: Total dvariable address used is 2087 out of 150000
DEBUG: Total dvariable address used is 4013584 out of 50000000
DEBUG: Total gradient stack used is 449987 out of 10000000
DEBUG: Total dvariable address used is 2087 out of 150000
DEBUG: Total dvariable address used is 4013584 out of 50000000
DEBUG: Total gradient stack used is 449987 out of 10000000
DEBUG: Total dvariable address used is 2087 out of 150000
DEBUG: Total dvariable address used is 4013584 out of 50000000
DEBUG: Total gradient stack used is 449987 out of 10000000
DEBUG: Total dvariable address used is 2087 out of 150000
DEBUG: Total dvariable address used is 4013584 out of 50000000
DEBUG: Total gradient stack used is 449987 out of 10000000
DEBUG: Total dvariable address used is 2087 out of 150000
DEBUG: Total dvariable address used is 4013584 out of 50000000
DEBUG: Total gradient stack used is 449987 out of 10000000
DEBUG: Total dvariable address used is 2087 out of 150000
DEBUG: Total dvariable address used is 4013584 out of 50000000
DEBUG: Total gradient stack used is 449987 out of 10000000
DEBUG: Total dvariable address used is 2087 out of 150000
DEBUG: Total dvariable address used is 4013584 out of 50000000
DEBUG: Total gradient stack used is 449987 out of 10000000
DEBUG: Total dvariable address used is 2087 out of 150000
DEBUG: Total dvariable address used is 4013584 out of 50000000
DEBUG: Total gradient stack used is 449987 out of 10000000
DEBUG: Total dvariable address used is 2087 out of 150000
DEBUG: Total dvariable address used is 4013584 out of 50000000
DEBUG: Total gradient stack used is 449987 out of 10000000
DEBUG: Total dvariable address used is 2087 out of 150000
DEBUG: Total dvariable address used is 4013584 out of 50000000
DEBUG: Total gradient stack used is 449987 out of 10000000
DEBUG: Total dvariable address used is 2087 out of 150000
DEBUG: Total dvariable address used is 4013584 out of 50000000
DEBUG: Total gradient stack used is 449987 out of 10000000
DEBUG: Total dvariable address used is 2087 out of 150000
DEBUG: Total dvariable address used is 4013584 out of 50000000
DEBUG: Total gradient stack used is 449987 out of 10000000
DEBUG: Total dvariable address used is 2087 out of 150000
DEBUG: Total dvariable address used is 4013584 out of 50000000
DEBUG: Total gradient stack used is 449987 out of 10000000
DEBUG: Total dvariable address used is 2087 out of 150000
DEBUG: Total dvariable address used is 4013584 out of 50000000
DEBUG: Total gradient stack used is 449987 out of 10000000
DEBUG: Total dvariable address used is 2087 out of 150000
DEBUG: Total dvariable address used is 4013584 out of 50000000
DEBUG: Total gradient stack used is 449987 out of 10000000
DEBUG: Total dvariable address used is 2087 out of 150000
DEBUG: Total dvariable address used is 4013584 out of 50000000
DEBUG: Total gradient stack used is 449987 out of 10000000
DEBUG: Total dvariable address used is 2087 out of 150000
DEBUG: Total dvariable address used is 4013584 out of 50000000
DEBUG: Total gradient stack used is 449987 out of 10000000
DEBUG: Total dvariable address used is 2087 out of 150000
DEBUG: Total dvariable address used is 4013584 out of 50000000
DEBUG: Total gradient stack used is 449987 out of 10000000
DEBUG: Total dvariable address used is 2087 out of 150000
DEBUG: Total dvariable address used is 4013584 out of 50000000
DEBUG: Total gradient stack used is 449987 out of 10000000
DEBUG: Total dvariable address used is 2087 out of 150000
DEBUG: Total dvariable address used is 4013584 out of 50000000
DEBUG: Total gradient stack used is 449987 out of 10000000
DEBUG: Total dvariable address used is 2087 out of 150000
DEBUG: Total dvariable address used is 4013584 out of 50000000
DEBUG: Total gradient stack used is 449987 out of 10000000
DEBUG: Total dvariable address used is 2087 out of 150000
DEBUG: Total dvariable address used is 4013584 out of 50000000
DEBUG: Total gradient stack used is 449987 out of 10000000
DEBUG: Total dvariable address used is 2087 out of 150000
DEBUG: Total dvariable address used is 4013584 out of 50000000
DEBUG: Total gradient stack used is 449987 out of 10000000
DEBUG: Total dvariable address used is 2087 out of 150000
DEBUG: Total dvariable address used is 4013584 out of 50000000
DEBUG: Total gradient stack used is 449987 out of 10000000
DEBUG: Total dvariable address used is 2087 out of 150000
DEBUG: Total dvariable address used is 4013584 out of 50000000
DEBUG: Total gradient stack used is 449987 out of 10000000
DEBUG: Total dvariable address used is 2087 out of 150000
DEBUG: Total dvariable address used is 4013584 out of 50000000
DEBUG: Total gradient stack used is 449987 out of 10000000
DEBUG: Total dvariable address used is 2087 out of 150000
DEBUG: Total dvariable address used is 4013584 out of 50000000
DEBUG: Total gradient stack used is 449987 out of 10000000
DEBUG: Total dvariable address used is 2087 out of 150000
DEBUG: Total dvariable address used is 4013584 out of 50000000
DEBUG: Total gradient stack used is 449987 out of 10000000
DEBUG: Total dvariable address used is 2087 out of 150000
DEBUG: Total dvariable address used is 4013584 out of 50000000
DEBUG: Total gradient stack used is 449987 out of 10000000
DEBUG: Total dvariable address used is 2087 out of 150000
DEBUG: Total dvariable address used is 4013584 out of 50000000
DEBUG: Total gradient stack used is 449987 out of 10000000
DEBUG: Total dvariable address used is 2087 out of 150000
DEBUG: Total dvariable address used is 4013584 out of 50000000
DEBUG: Total gradient stack used is 449987 out of 10000000
DEBUG: Total dvariable address used is 2087 out of 150000
DEBUG: Total dvariable address used is 4013584 out of 50000000
DEBUG: Total gradient stack used is 449987 out of 10000000
DEBUG: Total dvariable address used is 2087 out of 150000
DEBUG: Total dvariable address used is 4013584 out of 50000000
DEBUG: Total gradient stack used is 449987 out of 10000000
DEBUG: Total dvariable address used is 2087 out of 150000
DEBUG: Total dvariable address used is 4013584 out of 50000000
DEBUG: Total gradient stack used is 449987 out of 10000000
DEBUG: Total dvariable address used is 2087 out of 150000
DEBUG: Total dvariable address used is 4013584 out of 50000000
DEBUG: Total gradient stack used is 449987 out of 10000000
DEBUG: Total dvariable address used is 2087 out of 150000
DEBUG: Total dvariable address used is 4013584 out of 50000000
DEBUG: Total gradient stack used is 449987 out of 10000000
DEBUG: Total dvariable address used is 2087 out of 150000
DEBUG: Total dvariable address used is 4013584 out of 50000000
DEBUG: Total gradient stack used is 449987 out of 10000000
DEBUG: Total dvariable address used is 2087 out of 150000
DEBUG: Total dvariable address used is 4013584 out of 50000000
DEBUG: Total gradient stack used is 449987 out of 10000000
DEBUG: Total dvariable address used is 2087 out of 150000
DEBUG: Total dvariable address used is 4013584 out of 50000000
DEBUG: Total gradient stack used is 449987 out of 10000000
DEBUG: Total dvariable address used is 2087 out of 150000
DEBUG: Total dvariable address used is 4013584 out of 50000000
DEBUG: Total gradient stack used is 449987 out of 10000000
DEBUG: Total dvariable address used is 2087 out of 150000
DEBUG: Total dvariable address used is 4013584 out of 50000000
DEBUG: Total gradient stack used is 449987 out of 10000000
DEBUG: Total dvariable address used is 2087 out of 150000
DEBUG: Total dvariable address used is 4013584 out of 50000000
DEBUG: Total gradient stack used is 449987 out of 10000000
DEBUG: Total dvariable address used is 2087 out of 150000
DEBUG: Total dvariable address used is 4013584 out of 50000000
DEBUG: Total gradient stack used is 449987 out of 10000000
DEBUG: Total dvariable address used is 2087 out of 150000
DEBUG: Total dvariable address used is 4013584 out of 50000000
DEBUG: Total gradient stack used is 449987 out of 10000000
DEBUG: Total dvariable address used is 2087 out of 150000
DEBUG: Total dvariable address used is 4013584 out of 50000000
DEBUG: Total gradient stack used is 449987 out of 10000000
DEBUG: Total dvariable address used is 2087 out of 150000
DEBUG: Total dvariable address used is 4013584 out of 50000000
DEBUG: Total gradient stack used is 449987 out of 10000000
DEBUG: Total dvariable address used is 2087 out of 150000
DEBUG: Total dvariable address used is 4013584 out of 50000000
DEBUG: Total gradient stack used is 449987 out of 10000000
DEBUG: Total dvariable address used is 2087 out of 150000
DEBUG: Total dvariable address used is 4013584 out of 50000000
DEBUG: Total gradient stack used is 449987 out of 10000000
DEBUG: Total dvariable address used is 2087 out of 150000
DEBUG: Total dvariable address used is 4013584 out of 50000000
DEBUG: Total gradient stack used is 449987 out of 10000000
DEBUG: Total dvariable address used is 2087 out of 150000
DEBUG: Total dvariable address used is 4013584 out of 50000000
DEBUG: Total gradient stack used is 449987 out of 10000000
DEBUG: Total dvariable address used is 2087 out of 150000
DEBUG: Total dvariable address used is 4013584 out of 50000000
DEBUG: Total gradient stack used is 449987 out of 10000000
DEBUG: Total dvariable address used is 2087 out of 150000
DEBUG: Total dvariable address used is 4013584 out of 50000000
DEBUG: Total gradient stack used is 449987 out of 10000000
DEBUG: Total dvariable address used is 2087 out of 150000
DEBUG: Total dvariable address used is 4013584 out of 50000000
DEBUG: Total gradient stack used is 449987 out of 10000000
DEBUG: Total dvariable address used is 2087 out of 150000
DEBUG: Total dvariable address used is 4013584 out of 50000000
DEBUG: Total gradient stack used is 449987 out of 10000000
DEBUG: Total dvariable address used is 2087 out of 150000
DEBUG: Total dvariable address used is 4013584 out of 50000000
DEBUG: Total gradient stack used is 449987 out of 10000000
DEBUG: Total dvariable address used is 2087 out of 150000
DEBUG: Total dvariable address used is 4013584 out of 50000000
DEBUG: Total gradient stack used is 449987 out of 10000000
DEBUG: Total dvariable address used is 2087 out of 150000
DEBUG: Total dvariable address used is 4013584 out of 50000000
DEBUG: Total gradient stack used is 449987 out of 10000000
DEBUG: Total dvariable address used is 2087 out of 150000
DEBUG: Total dvariable address used is 4013584 out of 50000000
DEBUG: Total gradient stack used is 449987 out of 10000000
DEBUG: Total dvariable address used is 2087 out of 150000
DEBUG: Total dvariable address used is 4013584 out of 50000000
DEBUG: Total gradient stack used is 449987 out of 10000000
DEBUG: Total dvariable address used is 2087 out of 150000
DEBUG: Total dvariable address used is 4013584 out of 50000000
DEBUG: Total gradient stack used is 449987 out of 10000000
DEBUG: Total dvariable address used is 2087 out of 150000
DEBUG: Total dvariable address used is 4013584 out of 50000000
DEBUG: Total gradient stack used is 449987 out of 10000000
DEBUG: Total dvariable address used is 2087 out of 150000
DEBUG: Total dvariable address used is 4013584 out of 50000000
DEBUG: Total gradient stack used is 449987 out of 10000000
DEBUG: Total dvariable address used is 2087 out of 150000
DEBUG: Total dvariable address used is 4013584 out of 50000000
DEBUG: Total gradient stack used is 449987 out of 10000000
DEBUG: Total dvariable address used is 2087 out of 150000
DEBUG: Total dvariable address used is 4013584 out of 50000000
DEBUG: Total gradient stack used is 449987 out of 10000000
DEBUG: Total dvariable address used is 2087 out of 150000
DEBUG: Total dvariable address used is 4013584 out of 50000000
DEBUG: Total gradient stack used is 449987 out of 10000000
DEBUG: Total dvariable address used is 2087 out of 150000
DEBUG: Total dvariable address used is 4013584 out of 50000000
DEBUG: Total gradient stack used is 449987 out of 10000000
DEBUG: Total dvariable address used is 2087 out of 150000
DEBUG: Total dvariable address used is 4013584 out of 50000000
DEBUG: Total gradient stack used is 449987 out of 10000000
DEBUG: Total dvariable address used is 2087 out of 150000
DEBUG: Total dvariable address used is 4013584 out of 50000000
DEBUG: Total gradient stack used is 449987 out of 10000000
DEBUG: Total dvariable address used is 2087 out of 150000
DEBUG: Total dvariable address used is 4013584 out of 50000000
DEBUG: Total gradient stack used is 449987 out of 10000000
DEBUG: Total dvariable address used is 2087 out of 150000
DEBUG: Total dvariable address used is 4013584 out of 50000000
DEBUG: Total gradient stack used is 449987 out of 10000000
DEBUG: Total dvariable address used is 2087 out of 150000
DEBUG: Total dvariable address used is 4013584 out of 50000000
DEBUG: Total gradient stack used is 449987 out of 10000000
DEBUG: Total dvariable address used is 2087 out of 150000
DEBUG: Total dvariable address used is 4013584 out of 50000000
DEBUG: Total gradient stack used is 449987 out of 10000000
DEBUG: Total dvariable address used is 2087 out of 150000
DEBUG: Total dvariable address used is 4013584 out of 50000000
DEBUG: Total gradient stack used is 449987 out of 10000000
DEBUG: Total dvariable address used is 2087 out of 150000
DEBUG: Total dvariable address used is 4013584 out of 50000000
DEBUG: Total gradient stack used is 449987 out of 10000000
DEBUG: Total dvariable address used is 2087 out of 150000
DEBUG: Total dvariable address used is 4013584 out of 50000000
DEBUG: Total gradient stack used is 449987 out of 10000000
DEBUG: Total dvariable address used is 2087 out of 150000
DEBUG: Total dvariable address used is 4013584 out of 50000000
DEBUG: Total gradient stack used is 449987 out of 10000000
DEBUG: Total dvariable address used is 2087 out of 150000
DEBUG: Total dvariable address used is 4013584 out of 50000000
DEBUG: Total gradient stack used is 449987 out of 10000000
DEBUG: Total dvariable address used is 2087 out of 150000
DEBUG: Total dvariable address used is 4013584 out of 50000000
DEBUG: Total gradient stack used is 449987 out of 10000000
DEBUG: Total dvariable address used is 2087 out of 150000
DEBUG: Total dvariable address used is 4013584 out of 50000000
DEBUG: Total gradient stack used is 449987 out of 10000000
DEBUG: Total dvariable address used is 2087 out of 150000
DEBUG: Total dvariable address used is 4013584 out of 50000000
DEBUG: Total gradient stack used is 449987 out of 10000000
DEBUG: Total dvariable address used is 2087 out of 150000
DEBUG: Total dvariable address used is 4013584 out of 50000000
DEBUG: Total gradient stack used is 449987 out of 10000000
DEBUG: Total dvariable address used is 2087 out of 150000
DEBUG: Total dvariable address used is 4013584 out of 50000000
DEBUG: Total gradient stack used is 449987 out of 10000000
DEBUG: Total dvariable address used is 2087 out of 150000
DEBUG: Total dvariable address used is 4013584 out of 50000000
DEBUG: Total gradient stack used is 449987 out of 10000000
DEBUG: Total dvariable address used is 2087 out of 150000
DEBUG: Total dvariable address used is 4013584 out of 50000000
DEBUG: Total gradient stack used is 449987 out of 10000000
DEBUG: Total dvariable address used is 2087 out of 150000
DEBUG: Total dvariable address used is 4013584 out of 50000000
DEBUG: Total gradient stack used is 449987 out of 10000000
DEBUG: Total dvariable address used is 2087 out of 150000
DEBUG: Total dvariable address used is 4013584 out of 50000000
DEBUG: Total gradient stack used is 449987 out of 10000000
DEBUG: Total dvariable address used is 2087 out of 150000
DEBUG: Total dvariable address used is 4013584 out of 50000000
DEBUG: Total gradient stack used is 449987 out of 10000000
DEBUG: Total dvariable address used is 2087 out of 150000
DEBUG: Total dvariable address used is 4013584 out of 50000000
DEBUG: Total gradient stack used is 449987 out of 10000000
DEBUG: Total dvariable address used is 2087 out of 150000
DEBUG: Total dvariable address used is 4013584 out of 50000000
DEBUG: Total gradient stack used is 449987 out of 10000000
DEBUG: Total dvariable address used is 2087 out of 150000
DEBUG: Total dvariable address used is 4013584 out of 50000000
DEBUG: Total gradient stack used is 449987 out of 10000000
DEBUG: Total dvariable address used is 2087 out of 150000
DEBUG: Total dvariable address used is 4013584 out of 50000000
DEBUG: Total gradient stack used is 449987 out of 10000000
DEBUG: Total dvariable address used is 2087 out of 150000
DEBUG: Total dvariable address used is 4013584 out of 50000000
DEBUG: Total gradient stack used is 449987 out of 10000000
DEBUG: Total dvariable address used is 2087 out of 150000
DEBUG: Total dvariable address used is 4013584 out of 50000000
DEBUG: Total gradient stack used is 449987 out of 10000000
DEBUG: Total dvariable address used is 2087 out of 150000
DEBUG: Total dvariable address used is 4013584 out of 50000000
DEBUG: Total gradient stack used is 449987 out of 10000000
DEBUG: Total dvariable address used is 2087 out of 150000
DEBUG: Total dvariable address used is 4013584 out of 50000000
DEBUG: Total gradient stack used is 449987 out of 10000000
DEBUG: Total dvariable address used is 2087 out of 150000
DEBUG: Total dvariable address used is 4013584 out of 50000000
DEBUG: Total gradient stack used is 449987 out of 10000000
DEBUG: Total dvariable address used is 2087 out of 150000
DEBUG: Total dvariable address used is 4013584 out of 50000000
DEBUG: Total gradient stack used is 449987 out of 10000000
DEBUG: Total dvariable address used is 2087 out of 150000
DEBUG: Total dvariable address used is 4013584 out of 50000000
DEBUG: Total gradient stack used is 449987 out of 10000000
DEBUG: Total dvariable address used is 2087 out of 150000
DEBUG: Total dvariable address used is 4013584 out of 50000000
DEBUG: Total gradient stack used is 449987 out of 10000000
DEBUG: Total dvariable address used is 2087 out of 150000
DEBUG: Total dvariable address used is 4013584 out of 50000000
DEBUG: Total gradient stack used is 449987 out of 10000000
DEBUG: Total dvariable address used is 2087 out of 150000
DEBUG: Total dvariable address used is 4013584 out of 50000000
DEBUG: Total gradient stack used is 449987 out of 10000000
DEBUG: Total dvariable address used is 2087 out of 150000
DEBUG: Total dvariable address used is 4013584 out of 50000000
DEBUG: Total gradient stack used is 449987 out of 10000000
DEBUG: Total dvariable address used is 2087 out of 150000
DEBUG: Total dvariable address used is 4013584 out of 50000000
DEBUG: Total gradient stack used is 449987 out of 10000000
DEBUG: Total dvariable address used is 2087 out of 150000
DEBUG: Total dvariable address used is 4013584 out of 50000000
DEBUG: Total gradient stack used is 449987 out of 10000000
DEBUG: Total dvariable address used is 2087 out of 150000
DEBUG: Total dvariable address used is 4013584 out of 50000000
DEBUG: Total gradient stack used is 449987 out of 10000000
DEBUG: Total dvariable address used is 2087 out of 150000
DEBUG: Total dvariable address used is 4013584 out of 50000000
DEBUG: Total gradient stack used is 449987 out of 10000000
DEBUG: Total dvariable address used is 2087 out of 150000
DEBUG: Total dvariable address used is 4013584 out of 50000000
DEBUG: Total gradient stack used is 449987 out of 10000000
DEBUG: Total dvariable address used is 2087 out of 150000
DEBUG: Total dvariable address used is 4013584 out of 50000000
DEBUG: Total gradient stack used is 449987 out of 10000000
DEBUG: Total dvariable address used is 2087 out of 150000
DEBUG: Total dvariable address used is 4013584 out of 50000000
DEBUG: Total gradient stack used is 449987 out of 10000000
DEBUG: Total dvariable address used is 2087 out of 150000
DEBUG: Total dvariable address used is 4013584 out of 50000000
DEBUG: Total gradient stack used is 449987 out of 10000000
DEBUG: Total dvariable address used is 2087 out of 150000
DEBUG: Total dvariable address used is 4013584 out of 50000000
DEBUG: Total gradient stack used is 449987 out of 10000000
DEBUG: Total dvariable address used is 2087 out of 150000
DEBUG: Total dvariable address used is 4013584 out of 50000000
DEBUG: Total gradient stack used is 449987 out of 10000000
DEBUG: Total dvariable address used is 2087 out of 150000
DEBUG: Total dvariable address used is 4013584 out of 50000000
DEBUG: Total gradient stack used is 449987 out of 10000000
DEBUG: Total dvariable address used is 2087 out of 150000
DEBUG: Total dvariable address used is 4013584 out of 50000000
DEBUG: Total gradient stack used is 449987 out of 10000000
DEBUG: Total dvariable address used is 2087 out of 150000
DEBUG: Total dvariable address used is 4013584 out of 50000000
DEBUG: Total gradient stack used is 449987 out of 10000000
DEBUG: Total dvariable address used is 2087 out of 150000
DEBUG: Total dvariable address used is 4013584 out of 50000000
DEBUG: Total gradient stack used is 449987 out of 10000000
DEBUG: Total dvariable address used is 2087 out of 150000
DEBUG: Total dvariable address used is 4013584 out of 50000000
DEBUG: Total gradient stack used is 449987 out of 10000000
DEBUG: Total dvariable address used is 2087 out of 150000
DEBUG: Total dvariable address used is 4013584 out of 50000000
DEBUG: Total gradient stack used is 449987 out of 10000000
DEBUG: Total dvariable address used is 2087 out of 150000
DEBUG: Total dvariable address used is 4013584 out of 50000000
DEBUG: Total gradient stack used is 449987 out of 10000000
DEBUG: Total dvariable address used is 2087 out of 150000
DEBUG: Total dvariable address used is 4013584 out of 50000000
DEBUG: Total gradient stack used is 449987 out of 10000000
DEBUG: Total dvariable address used is 2087 out of 150000
DEBUG: Total dvariable address used is 4013584 out of 50000000
DEBUG: Total gradient stack used is 449987 out of 10000000
DEBUG: Total dvariable address used is 2087 out of 150000
DEBUG: Total dvariable address used is 4013584 out of 50000000
DEBUG: Total gradient stack used is 449987 out of 10000000
DEBUG: Total dvariable address used is 2087 out of 150000
DEBUG: Total dvariable address used is 4013584 out of 50000000
DEBUG: Total gradient stack used is 449987 out of 10000000
DEBUG: Total dvariable address used is 2087 out of 150000
DEBUG: Total dvariable address used is 4013584 out of 50000000
DEBUG: Total gradient stack used is 449987 out of 10000000
DEBUG: Total dvariable address used is 2087 out of 150000
DEBUG: Total dvariable address used is 4013584 out of 50000000
DEBUG: Total gradient stack used is 449987 out of 10000000
DEBUG: Total dvariable address used is 2087 out of 150000
DEBUG: Total dvariable address used is 4013584 out of 50000000
DEBUG: Total gradient stack used is 449987 out of 10000000
DEBUG: Total dvariable address used is 2087 out of 150000
DEBUG: Total dvariable address used is 4013584 out of 50000000
DEBUG: Total gradient stack used is 449987 out of 10000000
DEBUG: Total dvariable address used is 2087 out of 150000
DEBUG: Total dvariable address used is 4013584 out of 50000000
DEBUG: Total gradient stack used is 449987 out of 10000000
DEBUG: Total dvariable address used is 2087 out of 150000
DEBUG: Total dvariable address used is 4013584 out of 50000000
DEBUG: Total gradient stack used is 449987 out of 10000000
DEBUG: Total dvariable address used is 2087 out of 150000
DEBUG: Total dvariable address used is 4013584 out of 50000000
DEBUG: Total gradient stack used is 449987 out of 10000000
DEBUG: Total dvariable address used is 2087 out of 150000
DEBUG: Total dvariable address used is 4013584 out of 50000000
DEBUG: Total gradient stack used is 449987 out of 10000000
DEBUG: Total dvariable address used is 2087 out of 150000
DEBUG: Total dvariable address used is 4013584 out of 50000000
DEBUG: Total gradient stack used is 449987 out of 10000000
DEBUG: Total dvariable address used is 2087 out of 150000
DEBUG: Total dvariable address used is 4013584 out of 50000000
DEBUG: Total gradient stack used is 449987 out of 10000000
DEBUG: Total dvariable address used is 2087 out of 150000
DEBUG: Total dvariable address used is 4013584 out of 50000000
DEBUG: Total gradient stack used is 449987 out of 10000000
DEBUG: Total dvariable address used is 2087 out of 150000
DEBUG: Total dvariable address used is 4013584 out of 50000000
20%DEBUG: Total gradient stack used is 449987 out of 10000000
DEBUG: Total dvariable address used is 2087 out of 150000
DEBUG: Total dvariable address used is 4013584 out of 50000000
DEBUG: Total gradient stack used is 449987 out of 10000000
DEBUG: Total dvariable address used is 2087 out of 150000
DEBUG: Total dvariable address used is 4013584 out of 50000000
DEBUG: Total gradient stack used is 449987 out of 10000000
DEBUG: Total dvariable address used is 2087 out of 150000
DEBUG: Total dvariable address used is 4013584 out of 50000000
DEBUG: Total gradient stack used is 449987 out of 10000000
DEBUG: Total dvariable address used is 2087 out of 150000
DEBUG: Total dvariable address used is 4013584 out of 50000000
DEBUG: Total gradient stack used is 449987 out of 10000000
DEBUG: Total dvariable address used is 2087 out of 150000
DEBUG: Total dvariable address used is 4013584 out of 50000000
DEBUG: Total gradient stack used is 449987 out of 10000000
DEBUG: Total dvariable address used is 2087 out of 150000
DEBUG: Total dvariable address used is 4013584 out of 50000000
DEBUG: Total gradient stack used is 449987 out of 10000000
DEBUG: Total dvariable address used is 2087 out of 150000
DEBUG: Total dvariable address used is 4013584 out of 50000000
DEBUG: Total gradient stack used is 449987 out of 10000000
DEBUG: Total dvariable address used is 2087 out of 150000
DEBUG: Total dvariable address used is 4013584 out of 50000000
DEBUG: Total gradient stack used is 449987 out of 10000000
DEBUG: Total dvariable address used is 2087 out of 150000
DEBUG: Total dvariable address used is 4013584 out of 50000000
DEBUG: Total gradient stack used is 449973 out of 10000000
DEBUG: Total dvariable address used is 2087 out of 150000
DEBUG: Total dvariable address used is 4013584 out of 50000000
DEBUG: Total gradient stack used is 449987 out of 10000000
DEBUG: Total dvariable address used is 2087 out of 150000
DEBUG: Total dvariable address used is 4013584 out of 50000000
DEBUG: Total gradient stack used is 449987 out of 10000000
DEBUG: Total dvariable address used is 2087 out of 150000
DEBUG: Total dvariable address used is 4013584 out of 50000000
DEBUG: Total gradient stack used is 449973 out of 10000000
DEBUG: Total dvariable address used is 2087 out of 150000
DEBUG: Total dvariable address used is 4013584 out of 50000000
DEBUG: Total gradient stack used is 449987 out of 10000000
DEBUG: Total dvariable address used is 2087 out of 150000
DEBUG: Total dvariable address used is 4013584 out of 50000000
DEBUG: Total gradient stack used is 449973 out of 10000000
DEBUG: Total dvariable address used is 2087 out of 150000
DEBUG: Total dvariable address used is 4013584 out of 50000000
DEBUG: Total gradient stack used is 449987 out of 10000000
DEBUG: Total dvariable address used is 2087 out of 150000
DEBUG: Total dvariable address used is 4013584 out of 50000000
DEBUG: Total gradient stack used is 449987 out of 10000000
DEBUG: Total dvariable address used is 2087 out of 150000
DEBUG: Total dvariable address used is 4013584 out of 50000000
DEBUG: Total gradient stack used is 449987 out of 10000000
DEBUG: Total dvariable address used is 2087 out of 150000
DEBUG: Total dvariable address used is 4013584 out of 50000000
DEBUG: Total gradient stack used is 449987 out of 10000000
DEBUG: Total dvariable address used is 2087 out of 150000
DEBUG: Total dvariable address used is 4013584 out of 50000000
DEBUG: Total gradient stack used is 449987 out of 10000000
DEBUG: Total dvariable address used is 2087 out of 150000
DEBUG: Total dvariable address used is 4013584 out of 50000000
DEBUG: Total gradient stack used is 449987 out of 10000000
DEBUG: Total dvariable address used is 2087 out of 150000
DEBUG: Total dvariable address used is 4013584 out of 50000000
DEBUG: Total gradient stack used is 449987 out of 10000000
DEBUG: Total dvariable address used is 2087 out of 150000
DEBUG: Total dvariable address used is 4013584 out of 50000000
DEBUG: Total gradient stack used is 449987 out of 10000000
DEBUG: Total dvariable address used is 2087 out of 150000
DEBUG: Total dvariable address used is 4013584 out of 50000000
DEBUG: Total gradient stack used is 449987 out of 10000000
DEBUG: Total dvariable address used is 2087 out of 150000
DEBUG: Total dvariable address used is 4013584 out of 50000000
DEBUG: Total gradient stack used is 449987 out of 10000000
DEBUG: Total dvariable address used is 2087 out of 150000
DEBUG: Total dvariable address used is 4013584 out of 50000000
DEBUG: Total gradient stack used is 449987 out of 10000000
DEBUG: Total dvariable address used is 2087 out of 150000
DEBUG: Total dvariable address used is 4013584 out of 50000000
DEBUG: Total gradient stack used is 449987 out of 10000000
DEBUG: Total dvariable address used is 2087 out of 150000
DEBUG: Total dvariable address used is 4013584 out of 50000000
DEBUG: Total gradient stack used is 449987 out of 10000000
DEBUG: Total dvariable address used is 2087 out of 150000
DEBUG: Total dvariable address used is 4013584 out of 50000000
DEBUG: Total gradient stack used is 449987 out of 10000000
DEBUG: Total dvariable address used is 2087 out of 150000
DEBUG: Total dvariable address used is 4013584 out of 50000000
DEBUG: Total gradient stack used is 449987 out of 10000000
DEBUG: Total dvariable address used is 2087 out of 150000
DEBUG: Total dvariable address used is 4013584 out of 50000000
DEBUG: Total gradient stack used is 449987 out of 10000000
DEBUG: Total dvariable address used is 2087 out of 150000
DEBUG: Total dvariable address used is 4013584 out of 50000000
DEBUG: Total gradient stack used is 449987 out of 10000000
DEBUG: Total dvariable address used is 2087 out of 150000
DEBUG: Total dvariable address used is 4013584 out of 50000000
DEBUG: Total gradient stack used is 449987 out of 10000000
DEBUG: Total dvariable address used is 2087 out of 150000
DEBUG: Total dvariable address used is 4013584 out of 50000000
DEBUG: Total gradient stack used is 449987 out of 10000000
DEBUG: Total dvariable address used is 2087 out of 150000
DEBUG: Total dvariable address used is 4013584 out of 50000000
DEBUG: Total gradient stack used is 449987 out of 10000000
DEBUG: Total dvariable address used is 2087 out of 150000
DEBUG: Total dvariable address used is 4013584 out of 50000000
DEBUG: Total gradient stack used is 449987 out of 10000000
DEBUG: Total dvariable address used is 2087 out of 150000
DEBUG: Total dvariable address used is 4013584 out of 50000000
DEBUG: Total gradient stack used is 449987 out of 10000000
DEBUG: Total dvariable address used is 2087 out of 150000
DEBUG: Total dvariable address used is 4013584 out of 50000000
DEBUG: Total gradient stack used is 449987 out of 10000000
DEBUG: Total dvariable address used is 2087 out of 150000
DEBUG: Total dvariable address used is 4013584 out of 50000000
DEBUG: Total gradient stack used is 449987 out of 10000000
DEBUG: Total dvariable address used is 2087 out of 150000
DEBUG: Total dvariable address used is 4013584 out of 50000000
DEBUG: Total gradient stack used is 449987 out of 10000000
DEBUG: Total dvariable address used is 2087 out of 150000
DEBUG: Total dvariable address used is 4013584 out of 50000000
DEBUG: Total gradient stack used is 449987 out of 10000000
DEBUG: Total dvariable address used is 2087 out of 150000
DEBUG: Total dvariable address used is 4013584 out of 50000000
DEBUG: Total gradient stack used is 449987 out of 10000000
DEBUG: Total dvariable address used is 2087 out of 150000
DEBUG: Total dvariable address used is 4013584 out of 50000000
DEBUG: Total gradient stack used is 449987 out of 10000000
DEBUG: Total dvariable address used is 2087 out of 150000
DEBUG: Total dvariable address used is 4013584 out of 50000000
DEBUG: Total gradient stack used is 449987 out of 10000000
DEBUG: Total dvariable address used is 2087 out of 150000
DEBUG: Total dvariable address used is 4013584 out of 50000000
DEBUG: Total gradient stack used is 449987 out of 10000000
DEBUG: Total dvariable address used is 2087 out of 150000
DEBUG: Total dvariable address used is 4013584 out of 50000000
DEBUG: Total gradient stack used is 449987 out of 10000000
DEBUG: Total dvariable address used is 2087 out of 150000
DEBUG: Total dvariable address used is 4013584 out of 50000000
DEBUG: Total gradient stack used is 449987 out of 10000000
DEBUG: Total dvariable address used is 2087 out of 150000
DEBUG: Total dvariable address used is 4013584 out of 50000000
DEBUG: Total gradient stack used is 449987 out of 10000000
DEBUG: Total dvariable address used is 2087 out of 150000
DEBUG: Total dvariable address used is 4013584 out of 50000000
DEBUG: Total gradient stack used is 449987 out of 10000000
DEBUG: Total dvariable address used is 2087 out of 150000
DEBUG: Total dvariable address used is 4013584 out of 50000000
DEBUG: Total gradient stack used is 449987 out of 10000000
DEBUG: Total dvariable address used is 2087 out of 150000
DEBUG: Total dvariable address used is 4013584 out of 50000000
DEBUG: Total gradient stack used is 449987 out of 10000000
DEBUG: Total dvariable address used is 2087 out of 150000
DEBUG: Total dvariable address used is 4013584 out of 50000000
DEBUG: Total gradient stack used is 449987 out of 10000000
DEBUG: Total dvariable address used is 2087 out of 150000
DEBUG: Total dvariable address used is 4013584 out of 50000000
DEBUG: Total gradient stack used is 449987 out of 10000000
DEBUG: Total dvariable address used is 2087 out of 150000
DEBUG: Total dvariable address used is 4013584 out of 50000000
DEBUG: Total gradient stack used is 449987 out of 10000000
DEBUG: Total dvariable address used is 2087 out of 150000
DEBUG: Total dvariable address used is 4013584 out of 50000000
DEBUG: Total gradient stack used is 449987 out of 10000000
DEBUG: Total dvariable address used is 2087 out of 150000
DEBUG: Total dvariable address used is 4013584 out of 50000000
DEBUG: Total gradient stack used is 449987 out of 10000000
DEBUG: Total dvariable address used is 2087 out of 150000
DEBUG: Total dvariable address used is 4013584 out of 50000000
DEBUG: Total gradient stack used is 449987 out of 10000000
DEBUG: Total dvariable address used is 2087 out of 150000
DEBUG: Total dvariable address used is 4013584 out of 50000000
DEBUG: Total gradient stack used is 449987 out of 10000000
DEBUG: Total dvariable address used is 2087 out of 150000
DEBUG: Total dvariable address used is 4013584 out of 50000000
DEBUG: Total gradient stack used is 449987 out of 10000000
DEBUG: Total dvariable address used is 2087 out of 150000
DEBUG: Total dvariable address used is 4013584 out of 50000000
DEBUG: Total gradient stack used is 449987 out of 10000000
DEBUG: Total dvariable address used is 2087 out of 150000
DEBUG: Total dvariable address used is 4013584 out of 50000000
DEBUG: Total gradient stack used is 449987 out of 10000000
DEBUG: Total dvariable address used is 2087 out of 150000
DEBUG: Total dvariable address used is 4013584 out of 50000000
DEBUG: Total gradient stack used is 449987 out of 10000000
DEBUG: Total dvariable address used is 2087 out of 150000
DEBUG: Total dvariable address used is 4013584 out of 50000000
DEBUG: Total gradient stack used is 449987 out of 10000000
DEBUG: Total dvariable address used is 2087 out of 150000
DEBUG: Total dvariable address used is 4013584 out of 50000000
DEBUG: Total gradient stack used is 449987 out of 10000000
DEBUG: Total dvariable address used is 2087 out of 150000
DEBUG: Total dvariable address used is 4013584 out of 50000000
DEBUG: Total gradient stack used is 449987 out of 10000000
DEBUG: Total dvariable address used is 2087 out of 150000
DEBUG: Total dvariable address used is 4013584 out of 50000000
DEBUG: Total gradient stack used is 449987 out of 10000000
DEBUG: Total dvariable address used is 2087 out of 150000
DEBUG: Total dvariable address used is 4013584 out of 50000000
DEBUG: Total gradient stack used is 449987 out of 10000000
DEBUG: Total dvariable address used is 2087 out of 150000
DEBUG: Total dvariable address used is 4013584 out of 50000000
DEBUG: Total gradient stack used is 449987 out of 10000000
DEBUG: Total dvariable address used is 2087 out of 150000
DEBUG: Total dvariable address used is 4013584 out of 50000000
DEBUG: Total gradient stack used is 449987 out of 10000000
DEBUG: Total dvariable address used is 2087 out of 150000
DEBUG: Total dvariable address used is 4013584 out of 50000000
DEBUG: Total gradient stack used is 449987 out of 10000000
DEBUG: Total dvariable address used is 2087 out of 150000
DEBUG: Total dvariable address used is 4013584 out of 50000000
DEBUG: Total gradient stack used is 449987 out of 10000000
DEBUG: Total dvariable address used is 2087 out of 150000
DEBUG: Total dvariable address used is 4013584 out of 50000000
DEBUG: Total gradient stack used is 449987 out of 10000000
DEBUG: Total dvariable address used is 2087 out of 150000
DEBUG: Total dvariable address used is 4013584 out of 50000000
DEBUG: Total gradient stack used is 449987 out of 10000000
DEBUG: Total dvariable address used is 2087 out of 150000
DEBUG: Total dvariable address used is 4013584 out of 50000000
DEBUG: Total gradient stack used is 449987 out of 10000000
DEBUG: Total dvariable address used is 2087 out of 150000
DEBUG: Total dvariable address used is 4013584 out of 50000000
DEBUG: Total gradient stack used is 449987 out of 10000000
DEBUG: Total dvariable address used is 2087 out of 150000
DEBUG: Total dvariable address used is 4013584 out of 50000000
DEBUG: Total gradient stack used is 449987 out of 10000000
DEBUG: Total dvariable address used is 2087 out of 150000
DEBUG: Total dvariable address used is 4013584 out of 50000000
DEBUG: Total gradient stack used is 449987 out of 10000000
DEBUG: Total dvariable address used is 2087 out of 150000
DEBUG: Total dvariable address used is 4013584 out of 50000000
DEBUG: Total gradient stack used is 449987 out of 10000000
DEBUG: Total dvariable address used is 2087 out of 150000
DEBUG: Total dvariable address used is 4013584 out of 50000000
DEBUG: Total gradient stack used is 449987 out of 10000000
DEBUG: Total dvariable address used is 2087 out of 150000
DEBUG: Total dvariable address used is 4013584 out of 50000000
DEBUG: Total gradient stack used is 449987 out of 10000000
DEBUG: Total dvariable address used is 2087 out of 150000
DEBUG: Total dvariable address used is 4013584 out of 50000000
DEBUG: Total gradient stack used is 449987 out of 10000000
DEBUG: Total dvariable address used is 2087 out of 150000
DEBUG: Total dvariable address used is 4013584 out of 50000000
DEBUG: Total gradient stack used is 449987 out of 10000000
DEBUG: Total dvariable address used is 2087 out of 150000
DEBUG: Total dvariable address used is 4013584 out of 50000000
DEBUG: Total gradient stack used is 449987 out of 10000000
DEBUG: Total dvariable address used is 2087 out of 150000
DEBUG: Total dvariable address used is 4013584 out of 50000000
DEBUG: Total gradient stack used is 449987 out of 10000000
DEBUG: Total dvariable address used is 2087 out of 150000
DEBUG: Total dvariable address used is 4013584 out of 50000000
DEBUG: Total gradient stack used is 449987 out of 10000000
DEBUG: Total dvariable address used is 2087 out of 150000
DEBUG: Total dvariable address used is 4013584 out of 50000000
DEBUG: Total gradient stack used is 449987 out of 10000000
DEBUG: Total dvariable address used is 2087 out of 150000
DEBUG: Total dvariable address used is 4013584 out of 50000000
DEBUG: Total gradient stack used is 449987 out of 10000000
DEBUG: Total dvariable address used is 2087 out of 150000
DEBUG: Total dvariable address used is 4013584 out of 50000000
DEBUG: Total gradient stack used is 449987 out of 10000000
DEBUG: Total dvariable address used is 2087 out of 150000
DEBUG: Total dvariable address used is 4013584 out of 50000000
DEBUG: Total gradient stack used is 449987 out of 10000000
DEBUG: Total dvariable address used is 2087 out of 150000
DEBUG: Total dvariable address used is 4013584 out of 50000000
DEBUG: Total gradient stack used is 449987 out of 10000000
DEBUG: Total dvariable address used is 2087 out of 150000
DEBUG: Total dvariable address used is 4013584 out of 50000000
DEBUG: Total gradient stack used is 449987 out of 10000000
DEBUG: Total dvariable address used is 2087 out of 150000
DEBUG: Total dvariable address used is 4013584 out of 50000000
DEBUG: Total gradient stack used is 449987 out of 10000000
DEBUG: Total dvariable address used is 2087 out of 150000
DEBUG: Total dvariable address used is 4013584 out of 50000000
DEBUG: Total gradient stack used is 449987 out of 10000000
DEBUG: Total dvariable address used is 2087 out of 150000
DEBUG: Total dvariable address used is 4013584 out of 50000000
DEBUG: Total gradient stack used is 449987 out of 10000000
DEBUG: Total dvariable address used is 2087 out of 150000
DEBUG: Total dvariable address used is 4013584 out of 50000000
DEBUG: Total gradient stack used is 449987 out of 10000000
DEBUG: Total dvariable address used is 2087 out of 150000
DEBUG: Total dvariable address used is 4013584 out of 50000000
DEBUG: Total gradient stack used is 449987 out of 10000000
DEBUG: Total dvariable address used is 2087 out of 150000
DEBUG: Total dvariable address used is 4013584 out of 50000000
DEBUG: Total gradient stack used is 449987 out of 10000000
DEBUG: Total dvariable address used is 2087 out of 150000
DEBUG: Total dvariable address used is 4013584 out of 50000000
DEBUG: Total gradient stack used is 449987 out of 10000000
DEBUG: Total dvariable address used is 2087 out of 150000
DEBUG: Total dvariable address used is 4013584 out of 50000000
DEBUG: Total gradient stack used is 449987 out of 10000000
DEBUG: Total dvariable address used is 2087 out of 150000
DEBUG: Total dvariable address used is 4013584 out of 50000000
DEBUG: Total gradient stack used is 449987 out of 10000000
DEBUG: Total dvariable address used is 2087 out of 150000
DEBUG: Total dvariable address used is 4013584 out of 50000000
DEBUG: Total gradient stack used is 449987 out of 10000000
DEBUG: Total dvariable address used is 2087 out of 150000
DEBUG: Total dvariable address used is 4013584 out of 50000000
DEBUG: Total gradient stack used is 449987 out of 10000000
DEBUG: Total dvariable address used is 2087 out of 150000
DEBUG: Total dvariable address used is 4013584 out of 50000000
DEBUG: Total gradient stack used is 449987 out of 10000000
DEBUG: Total dvariable address used is 2087 out of 150000
DEBUG: Total dvariable address used is 4013584 out of 50000000
DEBUG: Total gradient stack used is 449987 out of 10000000
DEBUG: Total dvariable address used is 2087 out of 150000
DEBUG: Total dvariable address used is 4013584 out of 50000000
DEBUG: Total gradient stack used is 449987 out of 10000000
DEBUG: Total dvariable address used is 2087 out of 150000
DEBUG: Total dvariable address used is 4013584 out of 50000000
DEBUG: Total gradient stack used is 449987 out of 10000000
DEBUG: Total dvariable address used is 2087 out of 150000
DEBUG: Total dvariable address used is 4013584 out of 50000000
DEBUG: Total gradient stack used is 449987 out of 10000000
DEBUG: Total dvariable address used is 2087 out of 150000
DEBUG: Total dvariable address used is 4013584 out of 50000000
DEBUG: Total gradient stack used is 449987 out of 10000000
DEBUG: Total dvariable address used is 2087 out of 150000
DEBUG: Total dvariable address used is 4013584 out of 50000000
DEBUG: Total gradient stack used is 449987 out of 10000000
DEBUG: Total dvariable address used is 2087 out of 150000
DEBUG: Total dvariable address used is 4013584 out of 50000000
DEBUG: Total gradient stack used is 449987 out of 10000000
DEBUG: Total dvariable address used is 2087 out of 150000
DEBUG: Total dvariable address used is 4013584 out of 50000000
DEBUG: Total gradient stack used is 449987 out of 10000000
DEBUG: Total dvariable address used is 2087 out of 150000
DEBUG: Total dvariable address used is 4013584 out of 50000000
DEBUG: Total gradient stack used is 449987 out of 10000000
DEBUG: Total dvariable address used is 2087 out of 150000
DEBUG: Total dvariable address used is 4013584 out of 50000000
DEBUG: Total gradient stack used is 449987 out of 10000000
DEBUG: Total dvariable address used is 2087 out of 150000
DEBUG: Total dvariable address used is 4013584 out of 50000000
DEBUG: Total gradient stack used is 449987 out of 10000000
DEBUG: Total dvariable address used is 2087 out of 150000
DEBUG: Total dvariable address used is 4013584 out of 50000000
DEBUG: Total gradient stack used is 449987 out of 10000000
DEBUG: Total dvariable address used is 2087 out of 150000
DEBUG: Total dvariable address used is 4013584 out of 50000000
DEBUG: Total gradient stack used is 449987 out of 10000000
DEBUG: Total dvariable address used is 2087 out of 150000
DEBUG: Total dvariable address used is 4013584 out of 50000000
DEBUG: Total gradient stack used is 449987 out of 10000000
DEBUG: Total dvariable address used is 2087 out of 150000
DEBUG: Total dvariable address used is 4013584 out of 50000000
DEBUG: Total gradient stack used is 449987 out of 10000000
DEBUG: Total dvariable address used is 2087 out of 150000
DEBUG: Total dvariable address used is 4013584 out of 50000000
DEBUG: Total gradient stack used is 449987 out of 10000000
DEBUG: Total dvariable address used is 2087 out of 150000
DEBUG: Total dvariable address used is 4013584 out of 50000000
DEBUG: Total gradient stack used is 449987 out of 10000000
DEBUG: Total dvariable address used is 2087 out of 150000
DEBUG: Total dvariable address used is 4013584 out of 50000000
DEBUG: Total gradient stack used is 449987 out of 10000000
DEBUG: Total dvariable address used is 2087 out of 150000
DEBUG: Total dvariable address used is 4013584 out of 50000000
DEBUG: Total gradient stack used is 449987 out of 10000000
DEBUG: Total dvariable address used is 2087 out of 150000
DEBUG: Total dvariable address used is 4013584 out of 50000000
DEBUG: Total gradient stack used is 449987 out of 10000000
DEBUG: Total dvariable address used is 2087 out of 150000
DEBUG: Total dvariable address used is 4013584 out of 50000000
DEBUG: Total gradient stack used is 449987 out of 10000000
DEBUG: Total dvariable address used is 2087 out of 150000
DEBUG: Total dvariable address used is 4013584 out of 50000000
DEBUG: Total gradient stack used is 449987 out of 10000000
DEBUG: Total dvariable address used is 2087 out of 150000
DEBUG: Total dvariable address used is 4013584 out of 50000000
DEBUG: Total gradient stack used is 449987 out of 10000000
DEBUG: Total dvariable address used is 2087 out of 150000
DEBUG: Total dvariable address used is 4013584 out of 50000000
DEBUG: Total gradient stack used is 449987 out of 10000000
DEBUG: Total dvariable address used is 2087 out of 150000
DEBUG: Total dvariable address used is 4013584 out of 50000000
DEBUG: Total gradient stack used is 449987 out of 10000000
DEBUG: Total dvariable address used is 2087 out of 150000
DEBUG: Total dvariable address used is 4013584 out of 50000000
DEBUG: Total gradient stack used is 449987 out of 10000000
DEBUG: Total dvariable address used is 2087 out of 150000
DEBUG: Total dvariable address used is 4013584 out of 50000000
DEBUG: Total gradient stack used is 449987 out of 10000000
DEBUG: Total dvariable address used is 2087 out of 150000
DEBUG: Total dvariable address used is 4013584 out of 50000000
DEBUG: Total gradient stack used is 449987 out of 10000000
DEBUG: Total dvariable address used is 2087 out of 150000
DEBUG: Total dvariable address used is 4013584 out of 50000000
DEBUG: Total gradient stack used is 449987 out of 10000000
DEBUG: Total dvariable address used is 2087 out of 150000
DEBUG: Total dvariable address used is 4013584 out of 50000000
DEBUG: Total gradient stack used is 449987 out of 10000000
DEBUG: Total dvariable address used is 2087 out of 150000
DEBUG: Total dvariable address used is 4013584 out of 50000000
DEBUG: Total gradient stack used is 449987 out of 10000000
DEBUG: Total dvariable address used is 2087 out of 150000
DEBUG: Total dvariable address used is 4013584 out of 50000000
DEBUG: Total gradient stack used is 449987 out of 10000000
DEBUG: Total dvariable address used is 2087 out of 150000
DEBUG: Total dvariable address used is 4013584 out of 50000000
DEBUG: Total gradient stack used is 449987 out of 10000000
DEBUG: Total dvariable address used is 2087 out of 150000
DEBUG: Total dvariable address used is 4013584 out of 50000000
DEBUG: Total gradient stack used is 449987 out of 10000000
DEBUG: Total dvariable address used is 2087 out of 150000
DEBUG: Total dvariable address used is 4013584 out of 50000000
DEBUG: Total gradient stack used is 449987 out of 10000000
DEBUG: Total dvariable address used is 2087 out of 150000
DEBUG: Total dvariable address used is 4013584 out of 50000000
DEBUG: Total gradient stack used is 449987 out of 10000000
DEBUG: Total dvariable address used is 2087 out of 150000
DEBUG: Total dvariable address used is 4013584 out of 50000000
DEBUG: Total gradient stack used is 449987 out of 10000000
DEBUG: Total dvariable address used is 2087 out of 150000
DEBUG: Total dvariable address used is 4013584 out of 50000000
DEBUG: Total gradient stack used is 449987 out of 10000000
DEBUG: Total dvariable address used is 2087 out of 150000
DEBUG: Total dvariable address used is 4013584 out of 50000000
DEBUG: Total gradient stack used is 449987 out of 10000000
DEBUG: Total dvariable address used is 2087 out of 150000
DEBUG: Total dvariable address used is 4013584 out of 50000000
DEBUG: Total gradient stack used is 449987 out of 10000000
DEBUG: Total dvariable address used is 2087 out of 150000
DEBUG: Total dvariable address used is 4013584 out of 50000000
DEBUG: Total gradient stack used is 449987 out of 10000000
DEBUG: Total dvariable address used is 2087 out of 150000
DEBUG: Total dvariable address used is 4013584 out of 50000000
DEBUG: Total gradient stack used is 449987 out of 10000000
DEBUG: Total dvariable address used is 2087 out of 150000
DEBUG: Total dvariable address used is 4013584 out of 50000000
DEBUG: Total gradient stack used is 449987 out of 10000000
DEBUG: Total dvariable address used is 2087 out of 150000
DEBUG: Total dvariable address used is 4013584 out of 50000000
DEBUG: Total gradient stack used is 449987 out of 10000000
DEBUG: Total dvariable address used is 2087 out of 150000
DEBUG: Total dvariable address used is 4013584 out of 50000000
DEBUG: Total gradient stack used is 449987 out of 10000000
DEBUG: Total dvariable address used is 2087 out of 150000
DEBUG: Total dvariable address used is 4013584 out of 50000000
DEBUG: Total gradient stack used is 449987 out of 10000000
DEBUG: Total dvariable address used is 2087 out of 150000
DEBUG: Total dvariable address used is 4013584 out of 50000000
DEBUG: Total gradient stack used is 449987 out of 10000000
DEBUG: Total dvariable address used is 2087 out of 150000
DEBUG: Total dvariable address used is 4013584 out of 50000000
DEBUG: Total gradient stack used is 449987 out of 10000000
DEBUG: Total dvariable address used is 2087 out of 150000
DEBUG: Total dvariable address used is 4013584 out of 50000000
DEBUG: Total gradient stack used is 449987 out of 10000000
DEBUG: Total dvariable address used is 2087 out of 150000
DEBUG: Total dvariable address used is 4013584 out of 50000000
DEBUG: Total gradient stack used is 449987 out of 10000000
DEBUG: Total dvariable address used is 2087 out of 150000
DEBUG: Total dvariable address used is 4013584 out of 50000000
DEBUG: Total gradient stack used is 449987 out of 10000000
DEBUG: Total dvariable address used is 2087 out of 150000
DEBUG: Total dvariable address used is 4013584 out of 50000000
DEBUG: Total gradient stack used is 449987 out of 10000000
DEBUG: Total dvariable address used is 2087 out of 150000
DEBUG: Total dvariable address used is 4013584 out of 50000000
DEBUG: Total gradient stack used is 449987 out of 10000000
DEBUG: Total dvariable address used is 2087 out of 150000
DEBUG: Total dvariable address used is 4013584 out of 50000000
DEBUG: Total gradient stack used is 449987 out of 10000000
DEBUG: Total dvariable address used is 2087 out of 150000
DEBUG: Total dvariable address used is 4013584 out of 50000000
DEBUG: Total gradient stack used is 449987 out of 10000000
DEBUG: Total dvariable address used is 2087 out of 150000
DEBUG: Total dvariable address used is 4013584 out of 50000000
DEBUG: Total gradient stack used is 449987 out of 10000000
DEBUG: Total dvariable address used is 2087 out of 150000
DEBUG: Total dvariable address used is 4013584 out of 50000000
DEBUG: Total gradient stack used is 449987 out of 10000000
DEBUG: Total dvariable address used is 2087 out of 150000
DEBUG: Total dvariable address used is 4013584 out of 50000000
DEBUG: Total gradient stack used is 449987 out of 10000000
DEBUG: Total dvariable address used is 2087 out of 150000
DEBUG: Total dvariable address used is 4013584 out of 50000000
DEBUG: Total gradient stack used is 449987 out of 10000000
DEBUG: Total dvariable address used is 2087 out of 150000
DEBUG: Total dvariable address used is 4013584 out of 50000000
DEBUG: Total gradient stack used is 449987 out of 10000000
DEBUG: Total dvariable address used is 2087 out of 150000
DEBUG: Total dvariable address used is 4013584 out of 50000000
DEBUG: Total gradient stack used is 449987 out of 10000000
DEBUG: Total dvariable address used is 2087 out of 150000
DEBUG: Total dvariable address used is 4013584 out of 50000000
DEBUG: Total gradient stack used is 449987 out of 10000000
DEBUG: Total dvariable address used is 2087 out of 150000
DEBUG: Total dvariable address used is 4013584 out of 50000000
DEBUG: Total gradient stack used is 449987 out of 10000000
DEBUG: Total dvariable address used is 2087 out of 150000
DEBUG: Total dvariable address used is 4013584 out of 50000000
DEBUG: Total gradient stack used is 449987 out of 10000000
DEBUG: Total dvariable address used is 2087 out of 150000
DEBUG: Total dvariable address used is 4013584 out of 50000000
DEBUG: Total gradient stack used is 449987 out of 10000000
DEBUG: Total dvariable address used is 2087 out of 150000
DEBUG: Total dvariable address used is 4013584 out of 50000000
DEBUG: Total gradient stack used is 449987 out of 10000000
DEBUG: Total dvariable address used is 2087 out of 150000
DEBUG: Total dvariable address used is 4013584 out of 50000000
DEBUG: Total gradient stack used is 449987 out of 10000000
DEBUG: Total dvariable address used is 2087 out of 150000
DEBUG: Total dvariable address used is 4013584 out of 50000000
DEBUG: Total gradient stack used is 449987 out of 10000000
DEBUG: Total dvariable address used is 2087 out of 150000
DEBUG: Total dvariable address used is 4013584 out of 50000000
DEBUG: Total gradient stack used is 449987 out of 10000000
DEBUG: Total dvariable address used is 2087 out of 150000
DEBUG: Total dvariable address used is 4013584 out of 50000000
DEBUG: Total gradient stack used is 449987 out of 10000000
DEBUG: Total dvariable address used is 2087 out of 150000
DEBUG: Total dvariable address used is 4013584 out of 50000000
DEBUG: Total gradient stack used is 449987 out of 10000000
DEBUG: Total dvariable address used is 2087 out of 150000
DEBUG: Total dvariable address used is 4013584 out of 50000000
DEBUG: Total gradient stack used is 449987 out of 10000000
DEBUG: Total dvariable address used is 2087 out of 150000
DEBUG: Total dvariable address used is 4013584 out of 50000000
DEBUG: Total gradient stack used is 449987 out of 10000000
DEBUG: Total dvariable address used is 2087 out of 150000
DEBUG: Total dvariable address used is 4013584 out of 50000000
DEBUG: Total gradient stack used is 449987 out of 10000000
DEBUG: Total dvariable address used is 2087 out of 150000
DEBUG: Total dvariable address used is 4013584 out of 50000000
DEBUG: Total gradient stack used is 449987 out of 10000000
DEBUG: Total dvariable address used is 2087 out of 150000
DEBUG: Total dvariable address used is 4013584 out of 50000000
DEBUG: Total gradient stack used is 449987 out of 10000000
DEBUG: Total dvariable address used is 2087 out of 150000
DEBUG: Total dvariable address used is 4013584 out of 50000000
DEBUG: Total gradient stack used is 449987 out of 10000000
DEBUG: Total dvariable address used is 2087 out of 150000
DEBUG: Total dvariable address used is 4013584 out of 50000000
DEBUG: Total gradient stack used is 449987 out of 10000000
DEBUG: Total dvariable address used is 2087 out of 150000
DEBUG: Total dvariable address used is 4013584 out of 50000000
DEBUG: Total gradient stack used is 449987 out of 10000000
DEBUG: Total dvariable address used is 2087 out of 150000
DEBUG: Total dvariable address used is 4013584 out of 50000000
DEBUG: Total gradient stack used is 449987 out of 10000000
DEBUG: Total dvariable address used is 2087 out of 150000
DEBUG: Total dvariable address used is 4013584 out of 50000000
DEBUG: Total gradient stack used is 449987 out of 10000000
DEBUG: Total dvariable address used is 2087 out of 150000
DEBUG: Total dvariable address used is 4013584 out of 50000000
DEBUG: Total gradient stack used is 449987 out of 10000000
DEBUG: Total dvariable address used is 2087 out of 150000
DEBUG: Total dvariable address used is 4013584 out of 50000000
DEBUG: Total gradient stack used is 449987 out of 10000000
DEBUG: Total dvariable address used is 2087 out of 150000
DEBUG: Total dvariable address used is 4013584 out of 50000000
DEBUG: Total gradient stack used is 449987 out of 10000000
DEBUG: Total dvariable address used is 2087 out of 150000
DEBUG: Total dvariable address used is 4013584 out of 50000000
DEBUG: Total gradient stack used is 449987 out of 10000000
DEBUG: Total dvariable address used is 2087 out of 150000
DEBUG: Total dvariable address used is 4013584 out of 50000000
DEBUG: Total gradient stack used is 449987 out of 10000000
DEBUG: Total dvariable address used is 2087 out of 150000
DEBUG: Total dvariable address used is 4013584 out of 50000000
DEBUG: Total gradient stack used is 449987 out of 10000000
DEBUG: Total dvariable address used is 2087 out of 150000
DEBUG: Total dvariable address used is 4013584 out of 50000000
DEBUG: Total gradient stack used is 449987 out of 10000000
DEBUG: Total dvariable address used is 2087 out of 150000
DEBUG: Total dvariable address used is 4013584 out of 50000000
DEBUG: Total gradient stack used is 449987 out of 10000000
DEBUG: Total dvariable address used is 2087 out of 150000
DEBUG: Total dvariable address used is 4013584 out of 50000000
DEBUG: Total gradient stack used is 449987 out of 10000000
DEBUG: Total dvariable address used is 2087 out of 150000
DEBUG: Total dvariable address used is 4013584 out of 50000000
DEBUG: Total gradient stack used is 449987 out of 10000000
DEBUG: Total dvariable address used is 2087 out of 150000
DEBUG: Total dvariable address used is 4013584 out of 50000000
DEBUG: Total gradient stack used is 449987 out of 10000000
DEBUG: Total dvariable address used is 2087 out of 150000
DEBUG: Total dvariable address used is 4013584 out of 50000000
DEBUG: Total gradient stack used is 449987 out of 10000000
DEBUG: Total dvariable address used is 2087 out of 150000
DEBUG: Total dvariable address used is 4013584 out of 50000000
DEBUG: Total gradient stack used is 449987 out of 10000000
DEBUG: Total dvariable address used is 2087 out of 150000
DEBUG: Total dvariable address used is 4013584 out of 50000000
DEBUG: Total gradient stack used is 449987 out of 10000000
DEBUG: Total dvariable address used is 2087 out of 150000
DEBUG: Total dvariable address used is 4013584 out of 50000000
DEBUG: Total gradient stack used is 449987 out of 10000000
DEBUG: Total dvariable address used is 2087 out of 150000
DEBUG: Total dvariable address used is 4013584 out of 50000000
DEBUG: Total gradient stack used is 449987 out of 10000000
DEBUG: Total dvariable address used is 2087 out of 150000
DEBUG: Total dvariable address used is 4013584 out of 50000000
DEBUG: Total gradient stack used is 449987 out of 10000000
DEBUG: Total dvariable address used is 2087 out of 150000
DEBUG: Total dvariable address used is 4013584 out of 50000000
DEBUG: Total gradient stack used is 449987 out of 10000000
DEBUG: Total dvariable address used is 2087 out of 150000
DEBUG: Total dvariable address used is 4013584 out of 50000000
DEBUG: Total gradient stack used is 449987 out of 10000000
DEBUG: Total dvariable address used is 2087 out of 150000
DEBUG: Total dvariable address used is 4013584 out of 50000000
DEBUG: Total gradient stack used is 449987 out of 10000000
DEBUG: Total dvariable address used is 2087 out of 150000
DEBUG: Total dvariable address used is 4013584 out of 50000000
DEBUG: Total gradient stack used is 449987 out of 10000000
DEBUG: Total dvariable address used is 2087 out of 150000
DEBUG: Total dvariable address used is 4013584 out of 50000000
DEBUG: Total gradient stack used is 449987 out of 10000000
DEBUG: Total dvariable address used is 2087 out of 150000
DEBUG: Total dvariable address used is 4013584 out of 50000000
DEBUG: Total gradient stack used is 449987 out of 10000000
DEBUG: Total dvariable address used is 2087 out of 150000
DEBUG: Total dvariable address used is 4013584 out of 50000000
DEBUG: Total gradient stack used is 449987 out of 10000000
DEBUG: Total dvariable address used is 2087 out of 150000
DEBUG: Total dvariable address used is 4013584 out of 50000000
DEBUG: Total gradient stack used is 449987 out of 10000000
DEBUG: Total dvariable address used is 2087 out of 150000
DEBUG: Total dvariable address used is 4013584 out of 50000000
DEBUG: Total gradient stack used is 449987 out of 10000000
DEBUG: Total dvariable address used is 2087 out of 150000
DEBUG: Total dvariable address used is 4013584 out of 50000000
DEBUG: Total gradient stack used is 449987 out of 10000000
DEBUG: Total dvariable address used is 2087 out of 150000
DEBUG: Total dvariable address used is 4013584 out of 50000000
DEBUG: Total gradient stack used is 449987 out of 10000000
DEBUG: Total dvariable address used is 2087 out of 150000
DEBUG: Total dvariable address used is 4013584 out of 50000000
DEBUG: Total gradient stack used is 449987 out of 10000000
DEBUG: Total dvariable address used is 2087 out of 150000
DEBUG: Total dvariable address used is 4013584 out of 50000000
DEBUG: Total gradient stack used is 449987 out of 10000000
DEBUG: Total dvariable address used is 2087 out of 150000
DEBUG: Total dvariable address used is 4013584 out of 50000000
DEBUG: Total gradient stack used is 449987 out of 10000000
DEBUG: Total dvariable address used is 2087 out of 150000
DEBUG: Total dvariable address used is 4013584 out of 50000000
DEBUG: Total gradient stack used is 449987 out of 10000000
DEBUG: Total dvariable address used is 2087 out of 150000
DEBUG: Total dvariable address used is 4013584 out of 50000000
DEBUG: Total gradient stack used is 449987 out of 10000000
DEBUG: Total dvariable address used is 2087 out of 150000
DEBUG: Total dvariable address used is 4013584 out of 50000000
DEBUG: Total gradient stack used is 449987 out of 10000000
DEBUG: Total dvariable address used is 2087 out of 150000
DEBUG: Total dvariable address used is 4013584 out of 50000000
DEBUG: Total gradient stack used is 449987 out of 10000000
DEBUG: Total dvariable address used is 2087 out of 150000
DEBUG: Total dvariable address used is 4013584 out of 50000000
DEBUG: Total gradient stack used is 449987 out of 10000000
DEBUG: Total dvariable address used is 2087 out of 150000
DEBUG: Total dvariable address used is 4013584 out of 50000000
DEBUG: Total gradient stack used is 449987 out of 10000000
DEBUG: Total dvariable address used is 2087 out of 150000
DEBUG: Total dvariable address used is 4013584 out of 50000000
DEBUG: Total gradient stack used is 449987 out of 10000000
DEBUG: Total dvariable address used is 2087 out of 150000
DEBUG: Total dvariable address used is 4013584 out of 50000000
DEBUG: Total gradient stack used is 449987 out of 10000000
DEBUG: Total dvariable address used is 2087 out of 150000
DEBUG: Total dvariable address used is 4013584 out of 50000000
DEBUG: Total gradient stack used is 449987 out of 10000000
DEBUG: Total dvariable address used is 2087 out of 150000
DEBUG: Total dvariable address used is 4013584 out of 50000000
DEBUG: Total gradient stack used is 449987 out of 10000000
DEBUG: Total dvariable address used is 2087 out of 150000
DEBUG: Total dvariable address used is 4013584 out of 50000000
DEBUG: Total gradient stack used is 449987 out of 10000000
DEBUG: Total dvariable address used is 2087 out of 150000
DEBUG: Total dvariable address used is 4013584 out of 50000000
DEBUG: Total gradient stack used is 449987 out of 10000000
DEBUG: Total dvariable address used is 2087 out of 150000
DEBUG: Total dvariable address used is 4013584 out of 50000000
DEBUG: Total gradient stack used is 449987 out of 10000000
DEBUG: Total dvariable address used is 2087 out of 150000
DEBUG: Total dvariable address used is 4013584 out of 50000000
DEBUG: Total gradient stack used is 449987 out of 10000000
DEBUG: Total dvariable address used is 2087 out of 150000
DEBUG: Total dvariable address used is 4013584 out of 50000000
DEBUG: Total gradient stack used is 449987 out of 10000000
DEBUG: Total dvariable address used is 2087 out of 150000
DEBUG: Total dvariable address used is 4013584 out of 50000000
DEBUG: Total gradient stack used is 449987 out of 10000000
DEBUG: Total dvariable address used is 2087 out of 150000
DEBUG: Total dvariable address used is 4013584 out of 50000000
DEBUG: Total gradient stack used is 449987 out of 10000000
DEBUG: Total dvariable address used is 2087 out of 150000
DEBUG: Total dvariable address used is 4013584 out of 50000000
DEBUG: Total gradient stack used is 449987 out of 10000000
DEBUG: Total dvariable address used is 2087 out of 150000
DEBUG: Total dvariable address used is 4013584 out of 50000000
DEBUG: Total gradient stack used is 449987 out of 10000000
DEBUG: Total dvariable address used is 2087 out of 150000
DEBUG: Total dvariable address used is 4013584 out of 50000000
DEBUG: Total gradient stack used is 449987 out of 10000000
DEBUG: Total dvariable address used is 2087 out of 150000
DEBUG: Total dvariable address used is 4013584 out of 50000000
DEBUG: Total gradient stack used is 449987 out of 10000000
DEBUG: Total dvariable address used is 2087 out of 150000
DEBUG: Total dvariable address used is 4013584 out of 50000000
DEBUG: Total gradient stack used is 449987 out of 10000000
DEBUG: Total dvariable address used is 2087 out of 150000
DEBUG: Total dvariable address used is 4013584 out of 50000000
DEBUG: Total gradient stack used is 449987 out of 10000000
DEBUG: Total dvariable address used is 2087 out of 150000
DEBUG: Total dvariable address used is 4013584 out of 50000000
DEBUG: Total gradient stack used is 449987 out of 10000000
DEBUG: Total dvariable address used is 2087 out of 150000
DEBUG: Total dvariable address used is 4013584 out of 50000000
DEBUG: Total gradient stack used is 449987 out of 10000000
DEBUG: Total dvariable address used is 2087 out of 150000
DEBUG: Total dvariable address used is 4013584 out of 50000000
DEBUG: Total gradient stack used is 449987 out of 10000000
DEBUG: Total dvariable address used is 2087 out of 150000
DEBUG: Total dvariable address used is 4013584 out of 50000000
DEBUG: Total gradient stack used is 449987 out of 10000000
DEBUG: Total dvariable address used is 2087 out of 150000
DEBUG: Total dvariable address used is 4013584 out of 50000000
DEBUG: Total gradient stack used is 449987 out of 10000000
DEBUG: Total dvariable address used is 2087 out of 150000
DEBUG: Total dvariable address used is 4013584 out of 50000000
DEBUG: Total gradient stack used is 449987 out of 10000000
DEBUG: Total dvariable address used is 2087 out of 150000
DEBUG: Total dvariable address used is 4013584 out of 50000000
DEBUG: Total gradient stack used is 449987 out of 10000000
DEBUG: Total dvariable address used is 2087 out of 150000
DEBUG: Total dvariable address used is 4013584 out of 50000000
DEBUG: Total gradient stack used is 449987 out of 10000000
DEBUG: Total dvariable address used is 2087 out of 150000
DEBUG: Total dvariable address used is 4013584 out of 50000000
DEBUG: Total gradient stack used is 449987 out of 10000000
DEBUG: Total dvariable address used is 2087 out of 150000
DEBUG: Total dvariable address used is 4013584 out of 50000000
DEBUG: Total gradient stack used is 449987 out of 10000000
DEBUG: Total dvariable address used is 2087 out of 150000
DEBUG: Total dvariable address used is 4013584 out of 50000000
DEBUG: Total gradient stack used is 449987 out of 10000000
DEBUG: Total dvariable address used is 2087 out of 150000
DEBUG: Total dvariable address used is 4013584 out of 50000000
DEBUG: Total gradient stack used is 449987 out of 10000000
DEBUG: Total dvariable address used is 2087 out of 150000
DEBUG: Total dvariable address used is 4013584 out of 50000000
DEBUG: Total gradient stack used is 449987 out of 10000000
DEBUG: Total dvariable address used is 2087 out of 150000
DEBUG: Total dvariable address used is 4013584 out of 50000000
DEBUG: Total gradient stack used is 449987 out of 10000000
DEBUG: Total dvariable address used is 2087 out of 150000
DEBUG: Total dvariable address used is 4013584 out of 50000000
DEBUG: Total gradient stack used is 449987 out of 10000000
DEBUG: Total dvariable address used is 2087 out of 150000
DEBUG: Total dvariable address used is 4013584 out of 50000000
DEBUG: Total gradient stack used is 449987 out of 10000000
DEBUG: Total dvariable address used is 2087 out of 150000
DEBUG: Total dvariable address used is 4013584 out of 50000000
DEBUG: Total gradient stack used is 449987 out of 10000000
DEBUG: Total dvariable address used is 2087 out of 150000
DEBUG: Total dvariable address used is 4013584 out of 50000000
DEBUG: Total gradient stack used is 449987 out of 10000000
DEBUG: Total dvariable address used is 2087 out of 150000
DEBUG: Total dvariable address used is 4013584 out of 50000000
DEBUG: Total gradient stack used is 449987 out of 10000000
DEBUG: Total dvariable address used is 2087 out of 150000
DEBUG: Total dvariable address used is 4013584 out of 50000000
DEBUG: Total gradient stack used is 449987 out of 10000000
DEBUG: Total dvariable address used is 2087 out of 150000
DEBUG: Total dvariable address used is 4013584 out of 50000000
DEBUG: Total gradient stack used is 449987 out of 10000000
DEBUG: Total dvariable address used is 2087 out of 150000
DEBUG: Total dvariable address used is 4013584 out of 50000000
DEBUG: Total gradient stack used is 449987 out of 10000000
DEBUG: Total dvariable address used is 2087 out of 150000
DEBUG: Total dvariable address used is 4013584 out of 50000000
DEBUG: Total gradient stack used is 449987 out of 10000000
DEBUG: Total dvariable address used is 2087 out of 150000
DEBUG: Total dvariable address used is 4013584 out of 50000000
DEBUG: Total gradient stack used is 449987 out of 10000000
DEBUG: Total dvariable address used is 2087 out of 150000
DEBUG: Total dvariable address used is 4013584 out of 50000000
DEBUG: Total gradient stack used is 449987 out of 10000000
DEBUG: Total dvariable address used is 2087 out of 150000
DEBUG: Total dvariable address used is 4013584 out of 50000000
DEBUG: Total gradient stack used is 449987 out of 10000000
DEBUG: Total dvariable address used is 2087 out of 150000
DEBUG: Total dvariable address used is 4013584 out of 50000000
DEBUG: Total gradient stack used is 449987 out of 10000000
DEBUG: Total dvariable address used is 2087 out of 150000
DEBUG: Total dvariable address used is 4013584 out of 50000000
DEBUG: Total gradient stack used is 449987 out of 10000000
DEBUG: Total dvariable address used is 2087 out of 150000
DEBUG: Total dvariable address used is 4013584 out of 50000000
DEBUG: Total gradient stack used is 449987 out of 10000000
DEBUG: Total dvariable address used is 2087 out of 150000
DEBUG: Total dvariable address used is 4013584 out of 50000000
DEBUG: Total gradient stack used is 449987 out of 10000000
DEBUG: Total dvariable address used is 2087 out of 150000
DEBUG: Total dvariable address used is 4013584 out of 50000000
DEBUG: Total gradient stack used is 449987 out of 10000000
DEBUG: Total dvariable address used is 2087 out of 150000
DEBUG: Total dvariable address used is 4013584 out of 50000000
DEBUG: Total gradient stack used is 449987 out of 10000000
DEBUG: Total dvariable address used is 2087 out of 150000
DEBUG: Total dvariable address used is 4013584 out of 50000000
DEBUG: Total gradient stack used is 449987 out of 10000000
DEBUG: Total dvariable address used is 2087 out of 150000
DEBUG: Total dvariable address used is 4013584 out of 50000000
DEBUG: Total gradient stack used is 449987 out of 10000000
DEBUG: Total dvariable address used is 2087 out of 150000
DEBUG: Total dvariable address used is 4013584 out of 50000000
DEBUG: Total gradient stack used is 449987 out of 10000000
DEBUG: Total dvariable address used is 2087 out of 150000
DEBUG: Total dvariable address used is 4013584 out of 50000000
DEBUG: Total gradient stack used is 449987 out of 10000000
DEBUG: Total dvariable address used is 2087 out of 150000
DEBUG: Total dvariable address used is 4013584 out of 50000000
DEBUG: Total gradient stack used is 449987 out of 10000000
DEBUG: Total dvariable address used is 2087 out of 150000
DEBUG: Total dvariable address used is 4013584 out of 50000000
DEBUG: Total gradient stack used is 449987 out of 10000000
DEBUG: Total dvariable address used is 2087 out of 150000
DEBUG: Total dvariable address used is 4013584 out of 50000000
DEBUG: Total gradient stack used is 449987 out of 10000000
DEBUG: Total dvariable address used is 2087 out of 150000
DEBUG: Total dvariable address used is 4013584 out of 50000000
DEBUG: Total gradient stack used is 449987 out of 10000000
DEBUG: Total dvariable address used is 2087 out of 150000
DEBUG: Total dvariable address used is 4013584 out of 50000000
DEBUG: Total gradient stack used is 449987 out of 10000000
DEBUG: Total dvariable address used is 2087 out of 150000
DEBUG: Total dvariable address used is 4013584 out of 50000000
DEBUG: Total gradient stack used is 449987 out of 10000000
DEBUG: Total dvariable address used is 2087 out of 150000
DEBUG: Total dvariable address used is 4013584 out of 50000000
DEBUG: Total gradient stack used is 449987 out of 10000000
DEBUG: Total dvariable address used is 2087 out of 150000
DEBUG: Total dvariable address used is 4013584 out of 50000000
DEBUG: Total gradient stack used is 449987 out of 10000000
DEBUG: Total dvariable address used is 2087 out of 150000
DEBUG: Total dvariable address used is 4013584 out of 50000000
DEBUG: Total gradient stack used is 449987 out of 10000000
DEBUG: Total dvariable address used is 2087 out of 150000
DEBUG: Total dvariable address used is 4013584 out of 50000000
DEBUG: Total gradient stack used is 449987 out of 10000000
DEBUG: Total dvariable address used is 2087 out of 150000
DEBUG: Total dvariable address used is 4013584 out of 50000000
DEBUG: Total gradient stack used is 449987 out of 10000000
DEBUG: Total dvariable address used is 2087 out of 150000
DEBUG: Total dvariable address used is 4013584 out of 50000000
DEBUG: Total gradient stack used is 449987 out of 10000000
DEBUG: Total dvariable address used is 2087 out of 150000
DEBUG: Total dvariable address used is 4013584 out of 50000000
DEBUG: Total gradient stack used is 449987 out of 10000000
DEBUG: Total dvariable address used is 2087 out of 150000
DEBUG: Total dvariable address used is 4013584 out of 50000000
DEBUG: Total gradient stack used is 449987 out of 10000000
DEBUG: Total dvariable address used is 2087 out of 150000
DEBUG: Total dvariable address used is 4013584 out of 50000000
DEBUG: Total gradient stack used is 449987 out of 10000000
DEBUG: Total dvariable address used is 2087 out of 150000
DEBUG: Total dvariable address used is 4013584 out of 50000000
DEBUG: Total gradient stack used is 449987 out of 10000000
DEBUG: Total dvariable address used is 2087 out of 150000
DEBUG: Total dvariable address used is 4013584 out of 50000000
DEBUG: Total gradient stack used is 449987 out of 10000000
DEBUG: Total dvariable address used is 2087 out of 150000
DEBUG: Total dvariable address used is 4013584 out of 50000000
DEBUG: Total gradient stack used is 449987 out of 10000000
DEBUG: Total dvariable address used is 2087 out of 150000
DEBUG: Total dvariable address used is 4013584 out of 50000000
DEBUG: Total gradient stack used is 449987 out of 10000000
DEBUG: Total dvariable address used is 2087 out of 150000
DEBUG: Total dvariable address used is 4013584 out of 50000000
DEBUG: Total gradient stack used is 449987 out of 10000000
DEBUG: Total dvariable address used is 2087 out of 150000
DEBUG: Total dvariable address used is 4013584 out of 50000000
DEBUG: Total gradient stack used is 449987 out of 10000000
DEBUG: Total dvariable address used is 2087 out of 150000
DEBUG: Total dvariable address used is 4013584 out of 50000000
DEBUG: Total gradient stack used is 449987 out of 10000000
DEBUG: Total dvariable address used is 2087 out of 150000
DEBUG: Total dvariable address used is 4013584 out of 50000000
DEBUG: Total gradient stack used is 449987 out of 10000000
DEBUG: Total dvariable address used is 2087 out of 150000
DEBUG: Total dvariable address used is 4013584 out of 50000000
DEBUG: Total gradient stack used is 449987 out of 10000000
DEBUG: Total dvariable address used is 2087 out of 150000
DEBUG: Total dvariable address used is 4013584 out of 50000000
DEBUG: Total gradient stack used is 449987 out of 10000000
DEBUG: Total dvariable address used is 2087 out of 150000
DEBUG: Total dvariable address used is 4013584 out of 50000000
DEBUG: Total gradient stack used is 449987 out of 10000000
DEBUG: Total dvariable address used is 2087 out of 150000
DEBUG: Total dvariable address used is 4013584 out of 50000000
DEBUG: Total gradient stack used is 449987 out of 10000000
DEBUG: Total dvariable address used is 2087 out of 150000
DEBUG: Total dvariable address used is 4013584 out of 50000000
DEBUG: Total gradient stack used is 449987 out of 10000000
DEBUG: Total dvariable address used is 2087 out of 150000
DEBUG: Total dvariable address used is 4013584 out of 50000000
DEBUG: Total gradient stack used is 449987 out of 10000000
DEBUG: Total dvariable address used is 2087 out of 150000
DEBUG: Total dvariable address used is 4013584 out of 50000000
DEBUG: Total gradient stack used is 449987 out of 10000000
DEBUG: Total dvariable address used is 2087 out of 150000
DEBUG: Total dvariable address used is 4013584 out of 50000000
DEBUG: Total gradient stack used is 449987 out of 10000000
DEBUG: Total dvariable address used is 2087 out of 150000
DEBUG: Total dvariable address used is 4013584 out of 50000000
DEBUG: Total gradient stack used is 449987 out of 10000000
DEBUG: Total dvariable address used is 2087 out of 150000
DEBUG: Total dvariable address used is 4013584 out of 50000000
DEBUG: Total gradient stack used is 449987 out of 10000000
DEBUG: Total dvariable address used is 2087 out of 150000
DEBUG: Total dvariable address used is 4013584 out of 50000000
DEBUG: Total gradient stack used is 449987 out of 10000000
DEBUG: Total dvariable address used is 2087 out of 150000
DEBUG: Total dvariable address used is 4013584 out of 50000000
DEBUG: Total gradient stack used is 449987 out of 10000000
DEBUG: Total dvariable address used is 2087 out of 150000
DEBUG: Total dvariable address used is 4013584 out of 50000000
DEBUG: Total gradient stack used is 449987 out of 10000000
DEBUG: Total dvariable address used is 2087 out of 150000
DEBUG: Total dvariable address used is 4013584 out of 50000000
DEBUG: Total gradient stack used is 449987 out of 10000000
DEBUG: Total dvariable address used is 2087 out of 150000
DEBUG: Total dvariable address used is 4013584 out of 50000000
DEBUG: Total gradient stack used is 449987 out of 10000000
DEBUG: Total dvariable address used is 2087 out of 150000
DEBUG: Total dvariable address used is 4013584 out of 50000000
DEBUG: Total gradient stack used is 449987 out of 10000000
DEBUG: Total dvariable address used is 2087 out of 150000
DEBUG: Total dvariable address used is 4013584 out of 50000000
DEBUG: Total gradient stack used is 449987 out of 10000000
DEBUG: Total dvariable address used is 2087 out of 150000
DEBUG: Total dvariable address used is 4013584 out of 50000000
DEBUG: Total gradient stack used is 449987 out of 10000000
DEBUG: Total dvariable address used is 2087 out of 150000
DEBUG: Total dvariable address used is 4013584 out of 50000000
DEBUG: Total gradient stack used is 449987 out of 10000000
DEBUG: Total dvariable address used is 2087 out of 150000
DEBUG: Total dvariable address used is 4013584 out of 50000000
DEBUG: Total gradient stack used is 449987 out of 10000000
DEBUG: Total dvariable address used is 2087 out of 150000
DEBUG: Total dvariable address used is 4013584 out of 50000000
DEBUG: Total gradient stack used is 449987 out of 10000000
DEBUG: Total dvariable address used is 2087 out of 150000
DEBUG: Total dvariable address used is 4013584 out of 50000000
DEBUG: Total gradient stack used is 449987 out of 10000000
DEBUG: Total dvariable address used is 2087 out of 150000
DEBUG: Total dvariable address used is 4013584 out of 50000000
DEBUG: Total gradient stack used is 449987 out of 10000000
DEBUG: Total dvariable address used is 2087 out of 150000
DEBUG: Total dvariable address used is 4013584 out of 50000000
DEBUG: Total gradient stack used is 449987 out of 10000000
DEBUG: Total dvariable address used is 2087 out of 150000
DEBUG: Total dvariable address used is 4013584 out of 50000000
DEBUG: Total gradient stack used is 449987 out of 10000000
DEBUG: Total dvariable address used is 2087 out of 150000
DEBUG: Total dvariable address used is 4013584 out of 50000000
DEBUG: Total gradient stack used is 449987 out of 10000000
DEBUG: Total dvariable address used is 2087 out of 150000
DEBUG: Total dvariable address used is 4013584 out of 50000000
DEBUG: Total gradient stack used is 449987 out of 10000000
DEBUG: Total dvariable address used is 2087 out of 150000
DEBUG: Total dvariable address used is 4013584 out of 50000000
DEBUG: Total gradient stack used is 449987 out of 10000000
DEBUG: Total dvariable address used is 2087 out of 150000
DEBUG: Total dvariable address used is 4013584 out of 50000000
DEBUG: Total gradient stack used is 449987 out of 10000000
DEBUG: Total dvariable address used is 2087 out of 150000
DEBUG: Total dvariable address used is 4013584 out of 50000000
DEBUG: Total gradient stack used is 449987 out of 10000000
DEBUG: Total dvariable address used is 2087 out of 150000
DEBUG: Total dvariable address used is 4013584 out of 50000000
DEBUG: Total gradient stack used is 449987 out of 10000000
DEBUG: Total dvariable address used is 2087 out of 150000
DEBUG: Total dvariable address used is 4013584 out of 50000000
, 40%DEBUG: Total gradient stack used is 449987 out of 10000000
DEBUG: Total dvariable address used is 2087 out of 150000
DEBUG: Total dvariable address used is 4013584 out of 50000000
DEBUG: Total gradient stack used is 449987 out of 10000000
DEBUG: Total dvariable address used is 2087 out of 150000
DEBUG: Total dvariable address used is 4013584 out of 50000000
DEBUG: Total gradient stack used is 449987 out of 10000000
DEBUG: Total dvariable address used is 2087 out of 150000
DEBUG: Total dvariable address used is 4013584 out of 50000000
DEBUG: Total gradient stack used is 449987 out of 10000000
DEBUG: Total dvariable address used is 2087 out of 150000
DEBUG: Total dvariable address used is 4013584 out of 50000000
DEBUG: Total gradient stack used is 449987 out of 10000000
DEBUG: Total dvariable address used is 2087 out of 150000
DEBUG: Total dvariable address used is 4013584 out of 50000000
DEBUG: Total gradient stack used is 449987 out of 10000000
DEBUG: Total dvariable address used is 2087 out of 150000
DEBUG: Total dvariable address used is 4013584 out of 50000000
DEBUG: Total gradient stack used is 449987 out of 10000000
DEBUG: Total dvariable address used is 2087 out of 150000
DEBUG: Total dvariable address used is 4013584 out of 50000000
DEBUG: Total gradient stack used is 449987 out of 10000000
DEBUG: Total dvariable address used is 2087 out of 150000
DEBUG: Total dvariable address used is 4013584 out of 50000000
DEBUG: Total gradient stack used is 449987 out of 10000000
DEBUG: Total dvariable address used is 2087 out of 150000
DEBUG: Total dvariable address used is 4013584 out of 50000000
DEBUG: Total gradient stack used is 449987 out of 10000000
DEBUG: Total dvariable address used is 2087 out of 150000
DEBUG: Total dvariable address used is 4013584 out of 50000000
DEBUG: Total gradient stack used is 449987 out of 10000000
DEBUG: Total dvariable address used is 2087 out of 150000
DEBUG: Total dvariable address used is 4013584 out of 50000000
DEBUG: Total gradient stack used is 449987 out of 10000000
DEBUG: Total dvariable address used is 2087 out of 150000
DEBUG: Total dvariable address used is 4013584 out of 50000000
DEBUG: Total gradient stack used is 449987 out of 10000000
DEBUG: Total dvariable address used is 2087 out of 150000
DEBUG: Total dvariable address used is 4013584 out of 50000000
DEBUG: Total gradient stack used is 449987 out of 10000000
DEBUG: Total dvariable address used is 2087 out of 150000
DEBUG: Total dvariable address used is 4013584 out of 50000000
DEBUG: Total gradient stack used is 449987 out of 10000000
DEBUG: Total dvariable address used is 2087 out of 150000
DEBUG: Total dvariable address used is 4013584 out of 50000000
DEBUG: Total gradient stack used is 449987 out of 10000000
DEBUG: Total dvariable address used is 2087 out of 150000
DEBUG: Total dvariable address used is 4013584 out of 50000000
DEBUG: Total gradient stack used is 449987 out of 10000000
DEBUG: Total dvariable address used is 2087 out of 150000
DEBUG: Total dvariable address used is 4013584 out of 50000000
DEBUG: Total gradient stack used is 449987 out of 10000000
DEBUG: Total dvariable address used is 2087 out of 150000
DEBUG: Total dvariable address used is 4013584 out of 50000000
DEBUG: Total gradient stack used is 449987 out of 10000000
DEBUG: Total dvariable address used is 2087 out of 150000
DEBUG: Total dvariable address used is 4013584 out of 50000000
DEBUG: Total gradient stack used is 449987 out of 10000000
DEBUG: Total dvariable address used is 2087 out of 150000
DEBUG: Total dvariable address used is 4013584 out of 50000000
DEBUG: Total gradient stack used is 449987 out of 10000000
DEBUG: Total dvariable address used is 2087 out of 150000
DEBUG: Total dvariable address used is 4013584 out of 50000000
DEBUG: Total gradient stack used is 449987 out of 10000000
DEBUG: Total dvariable address used is 2087 out of 150000
DEBUG: Total dvariable address used is 4013584 out of 50000000
DEBUG: Total gradient stack used is 449987 out of 10000000
DEBUG: Total dvariable address used is 2087 out of 150000
DEBUG: Total dvariable address used is 4013584 out of 50000000
DEBUG: Total gradient stack used is 449987 out of 10000000
DEBUG: Total dvariable address used is 2087 out of 150000
DEBUG: Total dvariable address used is 4013584 out of 50000000
DEBUG: Total gradient stack used is 449987 out of 10000000
DEBUG: Total dvariable address used is 2087 out of 150000
DEBUG: Total dvariable address used is 4013584 out of 50000000
DEBUG: Total gradient stack used is 449987 out of 10000000
DEBUG: Total dvariable address used is 2087 out of 150000
DEBUG: Total dvariable address used is 4013584 out of 50000000
DEBUG: Total gradient stack used is 449987 out of 10000000
DEBUG: Total dvariable address used is 2087 out of 150000
DEBUG: Total dvariable address used is 4013584 out of 50000000
DEBUG: Total gradient stack used is 449987 out of 10000000
DEBUG: Total dvariable address used is 2087 out of 150000
DEBUG: Total dvariable address used is 4013584 out of 50000000
DEBUG: Total gradient stack used is 449987 out of 10000000
DEBUG: Total dvariable address used is 2087 out of 150000
DEBUG: Total dvariable address used is 4013584 out of 50000000
DEBUG: Total gradient stack used is 449987 out of 10000000
DEBUG: Total dvariable address used is 2087 out of 150000
DEBUG: Total dvariable address used is 4013584 out of 50000000
DEBUG: Total gradient stack used is 449987 out of 10000000
DEBUG: Total dvariable address used is 2087 out of 150000
DEBUG: Total dvariable address used is 4013584 out of 50000000
DEBUG: Total gradient stack used is 449987 out of 10000000
DEBUG: Total dvariable address used is 2087 out of 150000
DEBUG: Total dvariable address used is 4013584 out of 50000000
DEBUG: Total gradient stack used is 449987 out of 10000000
DEBUG: Total dvariable address used is 2087 out of 150000
DEBUG: Total dvariable address used is 4013584 out of 50000000
DEBUG: Total gradient stack used is 449987 out of 10000000
DEBUG: Total dvariable address used is 2087 out of 150000
DEBUG: Total dvariable address used is 4013584 out of 50000000
DEBUG: Total gradient stack used is 449987 out of 10000000
DEBUG: Total dvariable address used is 2087 out of 150000
DEBUG: Total dvariable address used is 4013584 out of 50000000
DEBUG: Total gradient stack used is 449987 out of 10000000
DEBUG: Total dvariable address used is 2087 out of 150000
DEBUG: Total dvariable address used is 4013584 out of 50000000
DEBUG: Total gradient stack used is 449987 out of 10000000
DEBUG: Total dvariable address used is 2087 out of 150000
DEBUG: Total dvariable address used is 4013584 out of 50000000
DEBUG: Total gradient stack used is 449987 out of 10000000
DEBUG: Total dvariable address used is 2087 out of 150000
DEBUG: Total dvariable address used is 4013584 out of 50000000
DEBUG: Total gradient stack used is 449987 out of 10000000
DEBUG: Total dvariable address used is 2087 out of 150000
DEBUG: Total dvariable address used is 4013584 out of 50000000
DEBUG: Total gradient stack used is 449987 out of 10000000
DEBUG: Total dvariable address used is 2087 out of 150000
DEBUG: Total dvariable address used is 4013584 out of 50000000
DEBUG: Total gradient stack used is 449987 out of 10000000
DEBUG: Total dvariable address used is 2087 out of 150000
DEBUG: Total dvariable address used is 4013584 out of 50000000
DEBUG: Total gradient stack used is 449987 out of 10000000
DEBUG: Total dvariable address used is 2087 out of 150000
DEBUG: Total dvariable address used is 4013584 out of 50000000
DEBUG: Total gradient stack used is 449987 out of 10000000
DEBUG: Total dvariable address used is 2087 out of 150000
DEBUG: Total dvariable address used is 4013584 out of 50000000
DEBUG: Total gradient stack used is 449987 out of 10000000
DEBUG: Total dvariable address used is 2087 out of 150000
DEBUG: Total dvariable address used is 4013584 out of 50000000
DEBUG: Total gradient stack used is 449987 out of 10000000
DEBUG: Total dvariable address used is 2087 out of 150000
DEBUG: Total dvariable address used is 4013584 out of 50000000
DEBUG: Total gradient stack used is 449987 out of 10000000
DEBUG: Total dvariable address used is 2087 out of 150000
DEBUG: Total dvariable address used is 4013584 out of 50000000
DEBUG: Total gradient stack used is 449987 out of 10000000
DEBUG: Total dvariable address used is 2087 out of 150000
DEBUG: Total dvariable address used is 4013584 out of 50000000
DEBUG: Total gradient stack used is 449987 out of 10000000
DEBUG: Total dvariable address used is 2087 out of 150000
DEBUG: Total dvariable address used is 4013584 out of 50000000
DEBUG: Total gradient stack used is 449987 out of 10000000
DEBUG: Total dvariable address used is 2087 out of 150000
DEBUG: Total dvariable address used is 4013584 out of 50000000
DEBUG: Total gradient stack used is 449987 out of 10000000
DEBUG: Total dvariable address used is 2087 out of 150000
DEBUG: Total dvariable address used is 4013584 out of 50000000
DEBUG: Total gradient stack used is 449987 out of 10000000
DEBUG: Total dvariable address used is 2087 out of 150000
DEBUG: Total dvariable address used is 4013584 out of 50000000
DEBUG: Total gradient stack used is 449987 out of 10000000
DEBUG: Total dvariable address used is 2087 out of 150000
DEBUG: Total dvariable address used is 4013584 out of 50000000
DEBUG: Total gradient stack used is 449987 out of 10000000
DEBUG: Total dvariable address used is 2087 out of 150000
DEBUG: Total dvariable address used is 4013584 out of 50000000
DEBUG: Total gradient stack used is 449987 out of 10000000
DEBUG: Total dvariable address used is 2087 out of 150000
DEBUG: Total dvariable address used is 4013584 out of 50000000
DEBUG: Total gradient stack used is 449987 out of 10000000
DEBUG: Total dvariable address used is 2087 out of 150000
DEBUG: Total dvariable address used is 4013584 out of 50000000
DEBUG: Total gradient stack used is 449987 out of 10000000
DEBUG: Total dvariable address used is 2087 out of 150000
DEBUG: Total dvariable address used is 4013584 out of 50000000
DEBUG: Total gradient stack used is 449987 out of 10000000
DEBUG: Total dvariable address used is 2087 out of 150000
DEBUG: Total dvariable address used is 4013584 out of 50000000
DEBUG: Total gradient stack used is 449987 out of 10000000
DEBUG: Total dvariable address used is 2087 out of 150000
DEBUG: Total dvariable address used is 4013584 out of 50000000
DEBUG: Total gradient stack used is 449987 out of 10000000
DEBUG: Total dvariable address used is 2087 out of 150000
DEBUG: Total dvariable address used is 4013584 out of 50000000
DEBUG: Total gradient stack used is 449987 out of 10000000
DEBUG: Total dvariable address used is 2087 out of 150000
DEBUG: Total dvariable address used is 4013584 out of 50000000
DEBUG: Total gradient stack used is 449987 out of 10000000
DEBUG: Total dvariable address used is 2087 out of 150000
DEBUG: Total dvariable address used is 4013584 out of 50000000
DEBUG: Total gradient stack used is 449987 out of 10000000
DEBUG: Total dvariable address used is 2087 out of 150000
DEBUG: Total dvariable address used is 4013584 out of 50000000
DEBUG: Total gradient stack used is 449987 out of 10000000
DEBUG: Total dvariable address used is 2087 out of 150000
DEBUG: Total dvariable address used is 4013584 out of 50000000
DEBUG: Total gradient stack used is 449987 out of 10000000
DEBUG: Total dvariable address used is 2087 out of 150000
DEBUG: Total dvariable address used is 4013584 out of 50000000
DEBUG: Total gradient stack used is 449987 out of 10000000
DEBUG: Total dvariable address used is 2087 out of 150000
DEBUG: Total dvariable address used is 4013584 out of 50000000
DEBUG: Total gradient stack used is 449987 out of 10000000
DEBUG: Total dvariable address used is 2087 out of 150000
DEBUG: Total dvariable address used is 4013584 out of 50000000
DEBUG: Total gradient stack used is 449987 out of 10000000
DEBUG: Total dvariable address used is 2087 out of 150000
DEBUG: Total dvariable address used is 4013584 out of 50000000
DEBUG: Total gradient stack used is 449987 out of 10000000
DEBUG: Total dvariable address used is 2087 out of 150000
DEBUG: Total dvariable address used is 4013584 out of 50000000
DEBUG: Total gradient stack used is 449987 out of 10000000
DEBUG: Total dvariable address used is 2087 out of 150000
DEBUG: Total dvariable address used is 4013584 out of 50000000
DEBUG: Total gradient stack used is 449987 out of 10000000
DEBUG: Total dvariable address used is 2087 out of 150000
DEBUG: Total dvariable address used is 4013584 out of 50000000
DEBUG: Total gradient stack used is 449987 out of 10000000
DEBUG: Total dvariable address used is 2087 out of 150000
DEBUG: Total dvariable address used is 4013584 out of 50000000
DEBUG: Total gradient stack used is 449987 out of 10000000
DEBUG: Total dvariable address used is 2087 out of 150000
DEBUG: Total dvariable address used is 4013584 out of 50000000
DEBUG: Total gradient stack used is 449987 out of 10000000
DEBUG: Total dvariable address used is 2087 out of 150000
DEBUG: Total dvariable address used is 4013584 out of 50000000
DEBUG: Total gradient stack used is 449987 out of 10000000
DEBUG: Total dvariable address used is 2087 out of 150000
DEBUG: Total dvariable address used is 4013584 out of 50000000
DEBUG: Total gradient stack used is 449987 out of 10000000
DEBUG: Total dvariable address used is 2087 out of 150000
DEBUG: Total dvariable address used is 4013584 out of 50000000
DEBUG: Total gradient stack used is 449987 out of 10000000
DEBUG: Total dvariable address used is 2087 out of 150000
DEBUG: Total dvariable address used is 4013584 out of 50000000
DEBUG: Total gradient stack used is 449987 out of 10000000
DEBUG: Total dvariable address used is 2087 out of 150000
DEBUG: Total dvariable address used is 4013584 out of 50000000
DEBUG: Total gradient stack used is 449987 out of 10000000
DEBUG: Total dvariable address used is 2087 out of 150000
DEBUG: Total dvariable address used is 4013584 out of 50000000
DEBUG: Total gradient stack used is 449987 out of 10000000
DEBUG: Total dvariable address used is 2087 out of 150000
DEBUG: Total dvariable address used is 4013584 out of 50000000
DEBUG: Total gradient stack used is 449987 out of 10000000
DEBUG: Total dvariable address used is 2087 out of 150000
DEBUG: Total dvariable address used is 4013584 out of 50000000
DEBUG: Total gradient stack used is 449987 out of 10000000
DEBUG: Total dvariable address used is 2087 out of 150000
DEBUG: Total dvariable address used is 4013584 out of 50000000
DEBUG: Total gradient stack used is 449987 out of 10000000
DEBUG: Total dvariable address used is 2087 out of 150000
DEBUG: Total dvariable address used is 4013584 out of 50000000
DEBUG: Total gradient stack used is 449987 out of 10000000
DEBUG: Total dvariable address used is 2087 out of 150000
DEBUG: Total dvariable address used is 4013584 out of 50000000
DEBUG: Total gradient stack used is 449987 out of 10000000
DEBUG: Total dvariable address used is 2087 out of 150000
DEBUG: Total dvariable address used is 4013584 out of 50000000
DEBUG: Total gradient stack used is 449987 out of 10000000
DEBUG: Total dvariable address used is 2087 out of 150000
DEBUG: Total dvariable address used is 4013584 out of 50000000
DEBUG: Total gradient stack used is 449987 out of 10000000
DEBUG: Total dvariable address used is 2087 out of 150000
DEBUG: Total dvariable address used is 4013584 out of 50000000
DEBUG: Total gradient stack used is 449987 out of 10000000
DEBUG: Total dvariable address used is 2087 out of 150000
DEBUG: Total dvariable address used is 4013584 out of 50000000
DEBUG: Total gradient stack used is 449987 out of 10000000
DEBUG: Total dvariable address used is 2087 out of 150000
DEBUG: Total dvariable address used is 4013584 out of 50000000
DEBUG: Total gradient stack used is 449987 out of 10000000
DEBUG: Total dvariable address used is 2087 out of 150000
DEBUG: Total dvariable address used is 4013584 out of 50000000
DEBUG: Total gradient stack used is 449987 out of 10000000
DEBUG: Total dvariable address used is 2087 out of 150000
DEBUG: Total dvariable address used is 4013584 out of 50000000
DEBUG: Total gradient stack used is 449987 out of 10000000
DEBUG: Total dvariable address used is 2087 out of 150000
DEBUG: Total dvariable address used is 4013584 out of 50000000
DEBUG: Total gradient stack used is 449987 out of 10000000
DEBUG: Total dvariable address used is 2087 out of 150000
DEBUG: Total dvariable address used is 4013584 out of 50000000
DEBUG: Total gradient stack used is 449987 out of 10000000
DEBUG: Total dvariable address used is 2087 out of 150000
DEBUG: Total dvariable address used is 4013584 out of 50000000
DEBUG: Total gradient stack used is 449987 out of 10000000
DEBUG: Total dvariable address used is 2087 out of 150000
DEBUG: Total dvariable address used is 4013584 out of 50000000
DEBUG: Total gradient stack used is 449987 out of 10000000
DEBUG: Total dvariable address used is 2087 out of 150000
DEBUG: Total dvariable address used is 4013584 out of 50000000
DEBUG: Total gradient stack used is 449987 out of 10000000
DEBUG: Total dvariable address used is 2087 out of 150000
DEBUG: Total dvariable address used is 4013584 out of 50000000
DEBUG: Total gradient stack used is 449987 out of 10000000
DEBUG: Total dvariable address used is 2087 out of 150000
DEBUG: Total dvariable address used is 4013584 out of 50000000
DEBUG: Total gradient stack used is 449987 out of 10000000
DEBUG: Total dvariable address used is 2087 out of 150000
DEBUG: Total dvariable address used is 4013584 out of 50000000
DEBUG: Total gradient stack used is 449987 out of 10000000
DEBUG: Total dvariable address used is 2087 out of 150000
DEBUG: Total dvariable address used is 4013584 out of 50000000
DEBUG: Total gradient stack used is 449987 out of 10000000
DEBUG: Total dvariable address used is 2087 out of 150000
DEBUG: Total dvariable address used is 4013584 out of 50000000
DEBUG: Total gradient stack used is 449987 out of 10000000
DEBUG: Total dvariable address used is 2087 out of 150000
DEBUG: Total dvariable address used is 4013584 out of 50000000
DEBUG: Total gradient stack used is 449987 out of 10000000
DEBUG: Total dvariable address used is 2087 out of 150000
DEBUG: Total dvariable address used is 4013584 out of 50000000
DEBUG: Total gradient stack used is 449987 out of 10000000
DEBUG: Total dvariable address used is 2087 out of 150000
DEBUG: Total dvariable address used is 4013584 out of 50000000
DEBUG: Total gradient stack used is 449987 out of 10000000
DEBUG: Total dvariable address used is 2087 out of 150000
DEBUG: Total dvariable address used is 4013584 out of 50000000
DEBUG: Total gradient stack used is 449987 out of 10000000
DEBUG: Total dvariable address used is 2087 out of 150000
DEBUG: Total dvariable address used is 4013584 out of 50000000
DEBUG: Total gradient stack used is 449987 out of 10000000
DEBUG: Total dvariable address used is 2087 out of 150000
DEBUG: Total dvariable address used is 4013584 out of 50000000
DEBUG: Total gradient stack used is 449987 out of 10000000
DEBUG: Total dvariable address used is 2087 out of 150000
DEBUG: Total dvariable address used is 4013584 out of 50000000
DEBUG: Total gradient stack used is 449987 out of 10000000
DEBUG: Total dvariable address used is 2087 out of 150000
DEBUG: Total dvariable address used is 4013584 out of 50000000
DEBUG: Total gradient stack used is 449987 out of 10000000
DEBUG: Total dvariable address used is 2087 out of 150000
DEBUG: Total dvariable address used is 4013584 out of 50000000
DEBUG: Total gradient stack used is 449987 out of 10000000
DEBUG: Total dvariable address used is 2087 out of 150000
DEBUG: Total dvariable address used is 4013584 out of 50000000
DEBUG: Total gradient stack used is 449987 out of 10000000
DEBUG: Total dvariable address used is 2087 out of 150000
DEBUG: Total dvariable address used is 4013584 out of 50000000
DEBUG: Total gradient stack used is 449987 out of 10000000
DEBUG: Total dvariable address used is 2087 out of 150000
DEBUG: Total dvariable address used is 4013584 out of 50000000
DEBUG: Total gradient stack used is 449987 out of 10000000
DEBUG: Total dvariable address used is 2087 out of 150000
DEBUG: Total dvariable address used is 4013584 out of 50000000
DEBUG: Total gradient stack used is 449987 out of 10000000
DEBUG: Total dvariable address used is 2087 out of 150000
DEBUG: Total dvariable address used is 4013584 out of 50000000
DEBUG: Total gradient stack used is 449987 out of 10000000
DEBUG: Total dvariable address used is 2087 out of 150000
DEBUG: Total dvariable address used is 4013584 out of 50000000
DEBUG: Total gradient stack used is 449987 out of 10000000
DEBUG: Total dvariable address used is 2087 out of 150000
DEBUG: Total dvariable address used is 4013584 out of 50000000
DEBUG: Total gradient stack used is 449987 out of 10000000
DEBUG: Total dvariable address used is 2087 out of 150000
DEBUG: Total dvariable address used is 4013584 out of 50000000
DEBUG: Total gradient stack used is 449987 out of 10000000
DEBUG: Total dvariable address used is 2087 out of 150000
DEBUG: Total dvariable address used is 4013584 out of 50000000
DEBUG: Total gradient stack used is 449987 out of 10000000
DEBUG: Total dvariable address used is 2087 out of 150000
DEBUG: Total dvariable address used is 4013584 out of 50000000
DEBUG: Total gradient stack used is 449987 out of 10000000
DEBUG: Total dvariable address used is 2087 out of 150000
DEBUG: Total dvariable address used is 4013584 out of 50000000
DEBUG: Total gradient stack used is 449987 out of 10000000
DEBUG: Total dvariable address used is 2087 out of 150000
DEBUG: Total dvariable address used is 4013584 out of 50000000
DEBUG: Total gradient stack used is 449987 out of 10000000
DEBUG: Total dvariable address used is 2087 out of 150000
DEBUG: Total dvariable address used is 4013584 out of 50000000
DEBUG: Total gradient stack used is 449987 out of 10000000
DEBUG: Total dvariable address used is 2087 out of 150000
DEBUG: Total dvariable address used is 4013584 out of 50000000
DEBUG: Total gradient stack used is 449987 out of 10000000
DEBUG: Total dvariable address used is 2087 out of 150000
DEBUG: Total dvariable address used is 4013584 out of 50000000
DEBUG: Total gradient stack used is 449987 out of 10000000
DEBUG: Total dvariable address used is 2087 out of 150000
DEBUG: Total dvariable address used is 4013584 out of 50000000
DEBUG: Total gradient stack used is 449987 out of 10000000
DEBUG: Total dvariable address used is 2087 out of 150000
DEBUG: Total dvariable address used is 4013584 out of 50000000
DEBUG: Total gradient stack used is 449987 out of 10000000
DEBUG: Total dvariable address used is 2087 out of 150000
DEBUG: Total dvariable address used is 4013584 out of 50000000
DEBUG: Total gradient stack used is 449987 out of 10000000
DEBUG: Total dvariable address used is 2087 out of 150000
DEBUG: Total dvariable address used is 4013584 out of 50000000
DEBUG: Total gradient stack used is 449987 out of 10000000
DEBUG: Total dvariable address used is 2087 out of 150000
DEBUG: Total dvariable address used is 4013584 out of 50000000
DEBUG: Total gradient stack used is 449987 out of 10000000
DEBUG: Total dvariable address used is 2087 out of 150000
DEBUG: Total dvariable address used is 4013584 out of 50000000
DEBUG: Total gradient stack used is 449987 out of 10000000
DEBUG: Total dvariable address used is 2087 out of 150000
DEBUG: Total dvariable address used is 4013584 out of 50000000
DEBUG: Total gradient stack used is 449987 out of 10000000
DEBUG: Total dvariable address used is 2087 out of 150000
DEBUG: Total dvariable address used is 4013584 out of 50000000
DEBUG: Total gradient stack used is 449987 out of 10000000
DEBUG: Total dvariable address used is 2087 out of 150000
DEBUG: Total dvariable address used is 4013584 out of 50000000
DEBUG: Total gradient stack used is 449987 out of 10000000
DEBUG: Total dvariable address used is 2087 out of 150000
DEBUG: Total dvariable address used is 4013584 out of 50000000
DEBUG: Total gradient stack used is 449987 out of 10000000
DEBUG: Total dvariable address used is 2087 out of 150000
DEBUG: Total dvariable address used is 4013584 out of 50000000
DEBUG: Total gradient stack used is 449987 out of 10000000
DEBUG: Total dvariable address used is 2087 out of 150000
DEBUG: Total dvariable address used is 4013584 out of 50000000
DEBUG: Total gradient stack used is 449987 out of 10000000
DEBUG: Total dvariable address used is 2087 out of 150000
DEBUG: Total dvariable address used is 4013584 out of 50000000
DEBUG: Total gradient stack used is 449987 out of 10000000
DEBUG: Total dvariable address used is 2087 out of 150000
DEBUG: Total dvariable address used is 4013584 out of 50000000
DEBUG: Total gradient stack used is 449987 out of 10000000
DEBUG: Total dvariable address used is 2087 out of 150000
DEBUG: Total dvariable address used is 4013584 out of 50000000
DEBUG: Total gradient stack used is 449987 out of 10000000
DEBUG: Total dvariable address used is 2087 out of 150000
DEBUG: Total dvariable address used is 4013584 out of 50000000
DEBUG: Total gradient stack used is 449987 out of 10000000
DEBUG: Total dvariable address used is 2087 out of 150000
DEBUG: Total dvariable address used is 4013584 out of 50000000
DEBUG: Total gradient stack used is 449987 out of 10000000
DEBUG: Total dvariable address used is 2087 out of 150000
DEBUG: Total dvariable address used is 4013584 out of 50000000
DEBUG: Total gradient stack used is 449987 out of 10000000
DEBUG: Total dvariable address used is 2087 out of 150000
DEBUG: Total dvariable address used is 4013584 out of 50000000
DEBUG: Total gradient stack used is 449987 out of 10000000
DEBUG: Total dvariable address used is 2087 out of 150000
DEBUG: Total dvariable address used is 4013584 out of 50000000
DEBUG: Total gradient stack used is 449987 out of 10000000
DEBUG: Total dvariable address used is 2087 out of 150000
DEBUG: Total dvariable address used is 4013584 out of 50000000
DEBUG: Total gradient stack used is 449987 out of 10000000
DEBUG: Total dvariable address used is 2087 out of 150000
DEBUG: Total dvariable address used is 4013584 out of 50000000
DEBUG: Total gradient stack used is 449987 out of 10000000
DEBUG: Total dvariable address used is 2087 out of 150000
DEBUG: Total dvariable address used is 4013584 out of 50000000
DEBUG: Total gradient stack used is 449987 out of 10000000
DEBUG: Total dvariable address used is 2087 out of 150000
DEBUG: Total dvariable address used is 4013584 out of 50000000
DEBUG: Total gradient stack used is 449987 out of 10000000
DEBUG: Total dvariable address used is 2087 out of 150000
DEBUG: Total dvariable address used is 4013584 out of 50000000
DEBUG: Total gradient stack used is 449987 out of 10000000
DEBUG: Total dvariable address used is 2087 out of 150000
DEBUG: Total dvariable address used is 4013584 out of 50000000
DEBUG: Total gradient stack used is 449987 out of 10000000
DEBUG: Total dvariable address used is 2087 out of 150000
DEBUG: Total dvariable address used is 4013584 out of 50000000
DEBUG: Total gradient stack used is 449987 out of 10000000
DEBUG: Total dvariable address used is 2087 out of 150000
DEBUG: Total dvariable address used is 4013584 out of 50000000
DEBUG: Total gradient stack used is 449987 out of 10000000
DEBUG: Total dvariable address used is 2087 out of 150000
DEBUG: Total dvariable address used is 4013584 out of 50000000
DEBUG: Total gradient stack used is 449987 out of 10000000
DEBUG: Total dvariable address used is 2087 out of 150000
DEBUG: Total dvariable address used is 4013584 out of 50000000
DEBUG: Total gradient stack used is 449987 out of 10000000
DEBUG: Total dvariable address used is 2087 out of 150000
DEBUG: Total dvariable address used is 4013584 out of 50000000
DEBUG: Total gradient stack used is 449987 out of 10000000
DEBUG: Total dvariable address used is 2087 out of 150000
DEBUG: Total dvariable address used is 4013584 out of 50000000
DEBUG: Total gradient stack used is 449987 out of 10000000
DEBUG: Total dvariable address used is 2087 out of 150000
DEBUG: Total dvariable address used is 4013584 out of 50000000
DEBUG: Total gradient stack used is 449987 out of 10000000
DEBUG: Total dvariable address used is 2087 out of 150000
DEBUG: Total dvariable address used is 4013584 out of 50000000
DEBUG: Total gradient stack used is 449987 out of 10000000
DEBUG: Total dvariable address used is 2087 out of 150000
DEBUG: Total dvariable address used is 4013584 out of 50000000
DEBUG: Total gradient stack used is 449987 out of 10000000
DEBUG: Total dvariable address used is 2087 out of 150000
DEBUG: Total dvariable address used is 4013584 out of 50000000
DEBUG: Total gradient stack used is 449987 out of 10000000
DEBUG: Total dvariable address used is 2087 out of 150000
DEBUG: Total dvariable address used is 4013584 out of 50000000
DEBUG: Total gradient stack used is 449987 out of 10000000
DEBUG: Total dvariable address used is 2087 out of 150000
DEBUG: Total dvariable address used is 4013584 out of 50000000
DEBUG: Total gradient stack used is 449987 out of 10000000
DEBUG: Total dvariable address used is 2087 out of 150000
DEBUG: Total dvariable address used is 4013584 out of 50000000
DEBUG: Total gradient stack used is 449987 out of 10000000
DEBUG: Total dvariable address used is 2087 out of 150000
DEBUG: Total dvariable address used is 4013584 out of 50000000
DEBUG: Total gradient stack used is 449987 out of 10000000
DEBUG: Total dvariable address used is 2087 out of 150000
DEBUG: Total dvariable address used is 4013584 out of 50000000
DEBUG: Total gradient stack used is 449987 out of 10000000
DEBUG: Total dvariable address used is 2087 out of 150000
DEBUG: Total dvariable address used is 4013584 out of 50000000
DEBUG: Total gradient stack used is 449987 out of 10000000
DEBUG: Total dvariable address used is 2087 out of 150000
DEBUG: Total dvariable address used is 4013584 out of 50000000
DEBUG: Total gradient stack used is 449987 out of 10000000
DEBUG: Total dvariable address used is 2087 out of 150000
DEBUG: Total dvariable address used is 4013584 out of 50000000
DEBUG: Total gradient stack used is 449987 out of 10000000
DEBUG: Total dvariable address used is 2087 out of 150000
DEBUG: Total dvariable address used is 4013584 out of 50000000
DEBUG: Total gradient stack used is 449987 out of 10000000
DEBUG: Total dvariable address used is 2087 out of 150000
DEBUG: Total dvariable address used is 4013584 out of 50000000
DEBUG: Total gradient stack used is 449987 out of 10000000
DEBUG: Total dvariable address used is 2087 out of 150000
DEBUG: Total dvariable address used is 4013584 out of 50000000
DEBUG: Total gradient stack used is 449987 out of 10000000
DEBUG: Total dvariable address used is 2087 out of 150000
DEBUG: Total dvariable address used is 4013584 out of 50000000
DEBUG: Total gradient stack used is 449987 out of 10000000
DEBUG: Total dvariable address used is 2087 out of 150000
DEBUG: Total dvariable address used is 4013584 out of 50000000
DEBUG: Total gradient stack used is 449987 out of 10000000
DEBUG: Total dvariable address used is 2087 out of 150000
DEBUG: Total dvariable address used is 4013584 out of 50000000
DEBUG: Total gradient stack used is 449987 out of 10000000
DEBUG: Total dvariable address used is 2087 out of 150000
DEBUG: Total dvariable address used is 4013584 out of 50000000
DEBUG: Total gradient stack used is 449987 out of 10000000
DEBUG: Total dvariable address used is 2087 out of 150000
DEBUG: Total dvariable address used is 4013584 out of 50000000
DEBUG: Total gradient stack used is 449987 out of 10000000
DEBUG: Total dvariable address used is 2087 out of 150000
DEBUG: Total dvariable address used is 4013584 out of 50000000
DEBUG: Total gradient stack used is 449987 out of 10000000
DEBUG: Total dvariable address used is 2087 out of 150000
DEBUG: Total dvariable address used is 4013584 out of 50000000
DEBUG: Total gradient stack used is 449987 out of 10000000
DEBUG: Total dvariable address used is 2087 out of 150000
DEBUG: Total dvariable address used is 4013584 out of 50000000
DEBUG: Total gradient stack used is 449987 out of 10000000
DEBUG: Total dvariable address used is 2087 out of 150000
DEBUG: Total dvariable address used is 4013584 out of 50000000
DEBUG: Total gradient stack used is 449987 out of 10000000
DEBUG: Total dvariable address used is 2087 out of 150000
DEBUG: Total dvariable address used is 4013584 out of 50000000
DEBUG: Total gradient stack used is 449987 out of 10000000
DEBUG: Total dvariable address used is 2087 out of 150000
DEBUG: Total dvariable address used is 4013584 out of 50000000
DEBUG: Total gradient stack used is 449987 out of 10000000
DEBUG: Total dvariable address used is 2087 out of 150000
DEBUG: Total dvariable address used is 4013584 out of 50000000
DEBUG: Total gradient stack used is 449987 out of 10000000
DEBUG: Total dvariable address used is 2087 out of 150000
DEBUG: Total dvariable address used is 4013584 out of 50000000
DEBUG: Total gradient stack used is 449987 out of 10000000
DEBUG: Total dvariable address used is 2087 out of 150000
DEBUG: Total dvariable address used is 4013584 out of 50000000
DEBUG: Total gradient stack used is 449987 out of 10000000
DEBUG: Total dvariable address used is 2087 out of 150000
DEBUG: Total dvariable address used is 4013584 out of 50000000
DEBUG: Total gradient stack used is 449987 out of 10000000
DEBUG: Total dvariable address used is 2087 out of 150000
DEBUG: Total dvariable address used is 4013584 out of 50000000
DEBUG: Total gradient stack used is 449987 out of 10000000
DEBUG: Total dvariable address used is 2087 out of 150000
DEBUG: Total dvariable address used is 4013584 out of 50000000
DEBUG: Total gradient stack used is 449987 out of 10000000
DEBUG: Total dvariable address used is 2087 out of 150000
DEBUG: Total dvariable address used is 4013584 out of 50000000
DEBUG: Total gradient stack used is 449987 out of 10000000
DEBUG: Total dvariable address used is 2087 out of 150000
DEBUG: Total dvariable address used is 4013584 out of 50000000
DEBUG: Total gradient stack used is 449987 out of 10000000
DEBUG: Total dvariable address used is 2087 out of 150000
DEBUG: Total dvariable address used is 4013584 out of 50000000
DEBUG: Total gradient stack used is 449987 out of 10000000
DEBUG: Total dvariable address used is 2087 out of 150000
DEBUG: Total dvariable address used is 4013584 out of 50000000
DEBUG: Total gradient stack used is 449987 out of 10000000
DEBUG: Total dvariable address used is 2087 out of 150000
DEBUG: Total dvariable address used is 4013584 out of 50000000
DEBUG: Total gradient stack used is 449987 out of 10000000
DEBUG: Total dvariable address used is 2087 out of 150000
DEBUG: Total dvariable address used is 4013584 out of 50000000
DEBUG: Total gradient stack used is 449987 out of 10000000
DEBUG: Total dvariable address used is 2087 out of 150000
DEBUG: Total dvariable address used is 4013584 out of 50000000
DEBUG: Total gradient stack used is 449987 out of 10000000
DEBUG: Total dvariable address used is 2087 out of 150000
DEBUG: Total dvariable address used is 4013584 out of 50000000
DEBUG: Total gradient stack used is 449987 out of 10000000
DEBUG: Total dvariable address used is 2087 out of 150000
DEBUG: Total dvariable address used is 4013584 out of 50000000
DEBUG: Total gradient stack used is 449987 out of 10000000
DEBUG: Total dvariable address used is 2087 out of 150000
DEBUG: Total dvariable address used is 4013584 out of 50000000
DEBUG: Total gradient stack used is 449987 out of 10000000
DEBUG: Total dvariable address used is 2087 out of 150000
DEBUG: Total dvariable address used is 4013584 out of 50000000
DEBUG: Total gradient stack used is 449987 out of 10000000
DEBUG: Total dvariable address used is 2087 out of 150000
DEBUG: Total dvariable address used is 4013584 out of 50000000
DEBUG: Total gradient stack used is 449987 out of 10000000
DEBUG: Total dvariable address used is 2087 out of 150000
DEBUG: Total dvariable address used is 4013584 out of 50000000
DEBUG: Total gradient stack used is 449987 out of 10000000
DEBUG: Total dvariable address used is 2087 out of 150000
DEBUG: Total dvariable address used is 4013584 out of 50000000
DEBUG: Total gradient stack used is 449987 out of 10000000
DEBUG: Total dvariable address used is 2087 out of 150000
DEBUG: Total dvariable address used is 4013584 out of 50000000
DEBUG: Total gradient stack used is 449987 out of 10000000
DEBUG: Total dvariable address used is 2087 out of 150000
DEBUG: Total dvariable address used is 4013584 out of 50000000
DEBUG: Total gradient stack used is 449987 out of 10000000
DEBUG: Total dvariable address used is 2087 out of 150000
DEBUG: Total dvariable address used is 4013584 out of 50000000
DEBUG: Total gradient stack used is 449987 out of 10000000
DEBUG: Total dvariable address used is 2087 out of 150000
DEBUG: Total dvariable address used is 4013584 out of 50000000
DEBUG: Total gradient stack used is 449987 out of 10000000
DEBUG: Total dvariable address used is 2087 out of 150000
DEBUG: Total dvariable address used is 4013584 out of 50000000
DEBUG: Total gradient stack used is 449987 out of 10000000
DEBUG: Total dvariable address used is 2087 out of 150000
DEBUG: Total dvariable address used is 4013584 out of 50000000
DEBUG: Total gradient stack used is 449987 out of 10000000
DEBUG: Total dvariable address used is 2087 out of 150000
DEBUG: Total dvariable address used is 4013584 out of 50000000
DEBUG: Total gradient stack used is 449987 out of 10000000
DEBUG: Total dvariable address used is 2087 out of 150000
DEBUG: Total dvariable address used is 4013584 out of 50000000
DEBUG: Total gradient stack used is 449987 out of 10000000
DEBUG: Total dvariable address used is 2087 out of 150000
DEBUG: Total dvariable address used is 4013584 out of 50000000
DEBUG: Total gradient stack used is 449987 out of 10000000
DEBUG: Total dvariable address used is 2087 out of 150000
DEBUG: Total dvariable address used is 4013584 out of 50000000
DEBUG: Total gradient stack used is 449987 out of 10000000
DEBUG: Total dvariable address used is 2087 out of 150000
DEBUG: Total dvariable address used is 4013584 out of 50000000
DEBUG: Total gradient stack used is 449987 out of 10000000
DEBUG: Total dvariable address used is 2087 out of 150000
DEBUG: Total dvariable address used is 4013584 out of 50000000
DEBUG: Total gradient stack used is 449987 out of 10000000
DEBUG: Total dvariable address used is 2087 out of 150000
DEBUG: Total dvariable address used is 4013584 out of 50000000
DEBUG: Total gradient stack used is 449987 out of 10000000
DEBUG: Total dvariable address used is 2087 out of 150000
DEBUG: Total dvariable address used is 4013584 out of 50000000
DEBUG: Total gradient stack used is 449987 out of 10000000
DEBUG: Total dvariable address used is 2087 out of 150000
DEBUG: Total dvariable address used is 4013584 out of 50000000
DEBUG: Total gradient stack used is 449987 out of 10000000
DEBUG: Total dvariable address used is 2087 out of 150000
DEBUG: Total dvariable address used is 4013584 out of 50000000
DEBUG: Total gradient stack used is 449987 out of 10000000
DEBUG: Total dvariable address used is 2087 out of 150000
DEBUG: Total dvariable address used is 4013584 out of 50000000
DEBUG: Total gradient stack used is 449987 out of 10000000
DEBUG: Total dvariable address used is 2087 out of 150000
DEBUG: Total dvariable address used is 4013584 out of 50000000
DEBUG: Total gradient stack used is 449987 out of 10000000
DEBUG: Total dvariable address used is 2087 out of 150000
DEBUG: Total dvariable address used is 4013584 out of 50000000
DEBUG: Total gradient stack used is 449987 out of 10000000
DEBUG: Total dvariable address used is 2087 out of 150000
DEBUG: Total dvariable address used is 4013584 out of 50000000
DEBUG: Total gradient stack used is 449987 out of 10000000
DEBUG: Total dvariable address used is 2087 out of 150000
DEBUG: Total dvariable address used is 4013584 out of 50000000
DEBUG: Total gradient stack used is 449987 out of 10000000
DEBUG: Total dvariable address used is 2087 out of 150000
DEBUG: Total dvariable address used is 4013584 out of 50000000
DEBUG: Total gradient stack used is 449987 out of 10000000
DEBUG: Total dvariable address used is 2087 out of 150000
DEBUG: Total dvariable address used is 4013584 out of 50000000
DEBUG: Total gradient stack used is 449987 out of 10000000
DEBUG: Total dvariable address used is 2087 out of 150000
DEBUG: Total dvariable address used is 4013584 out of 50000000
DEBUG: Total gradient stack used is 449987 out of 10000000
DEBUG: Total dvariable address used is 2087 out of 150000
DEBUG: Total dvariable address used is 4013584 out of 50000000
DEBUG: Total gradient stack used is 449987 out of 10000000
DEBUG: Total dvariable address used is 2087 out of 150000
DEBUG: Total dvariable address used is 4013584 out of 50000000
DEBUG: Total gradient stack used is 449987 out of 10000000
DEBUG: Total dvariable address used is 2087 out of 150000
DEBUG: Total dvariable address used is 4013584 out of 50000000
DEBUG: Total gradient stack used is 449987 out of 10000000
DEBUG: Total dvariable address used is 2087 out of 150000
DEBUG: Total dvariable address used is 4013584 out of 50000000
DEBUG: Total gradient stack used is 449987 out of 10000000
DEBUG: Total dvariable address used is 2087 out of 150000
DEBUG: Total dvariable address used is 4013584 out of 50000000
DEBUG: Total gradient stack used is 449987 out of 10000000
DEBUG: Total dvariable address used is 2087 out of 150000
DEBUG: Total dvariable address used is 4013584 out of 50000000
DEBUG: Total gradient stack used is 449987 out of 10000000
DEBUG: Total dvariable address used is 2087 out of 150000
DEBUG: Total dvariable address used is 4013584 out of 50000000
DEBUG: Total gradient stack used is 449987 out of 10000000
DEBUG: Total dvariable address used is 2087 out of 150000
DEBUG: Total dvariable address used is 4013584 out of 50000000
DEBUG: Total gradient stack used is 449987 out of 10000000
DEBUG: Total dvariable address used is 2087 out of 150000
DEBUG: Total dvariable address used is 4013584 out of 50000000
DEBUG: Total gradient stack used is 449987 out of 10000000
DEBUG: Total dvariable address used is 2087 out of 150000
DEBUG: Total dvariable address used is 4013584 out of 50000000
DEBUG: Total gradient stack used is 449987 out of 10000000
DEBUG: Total dvariable address used is 2087 out of 150000
DEBUG: Total dvariable address used is 4013584 out of 50000000
DEBUG: Total gradient stack used is 449987 out of 10000000
DEBUG: Total dvariable address used is 2087 out of 150000
DEBUG: Total dvariable address used is 4013584 out of 50000000
DEBUG: Total gradient stack used is 449987 out of 10000000
DEBUG: Total dvariable address used is 2087 out of 150000
DEBUG: Total dvariable address used is 4013584 out of 50000000
DEBUG: Total gradient stack used is 449987 out of 10000000
DEBUG: Total dvariable address used is 2087 out of 150000
DEBUG: Total dvariable address used is 4013584 out of 50000000
DEBUG: Total gradient stack used is 449987 out of 10000000
DEBUG: Total dvariable address used is 2087 out of 150000
DEBUG: Total dvariable address used is 4013584 out of 50000000
DEBUG: Total gradient stack used is 449987 out of 10000000
DEBUG: Total dvariable address used is 2087 out of 150000
DEBUG: Total dvariable address used is 4013584 out of 50000000
DEBUG: Total gradient stack used is 449987 out of 10000000
DEBUG: Total dvariable address used is 2087 out of 150000
DEBUG: Total dvariable address used is 4013584 out of 50000000
DEBUG: Total gradient stack used is 449987 out of 10000000
DEBUG: Total dvariable address used is 2087 out of 150000
DEBUG: Total dvariable address used is 4013584 out of 50000000
DEBUG: Total gradient stack used is 449987 out of 10000000
DEBUG: Total dvariable address used is 2087 out of 150000
DEBUG: Total dvariable address used is 4013584 out of 50000000
DEBUG: Total gradient stack used is 449987 out of 10000000
DEBUG: Total dvariable address used is 2087 out of 150000
DEBUG: Total dvariable address used is 4013584 out of 50000000
DEBUG: Total gradient stack used is 449987 out of 10000000
DEBUG: Total dvariable address used is 2087 out of 150000
DEBUG: Total dvariable address used is 4013584 out of 50000000
DEBUG: Total gradient stack used is 449987 out of 10000000
DEBUG: Total dvariable address used is 2087 out of 150000
DEBUG: Total dvariable address used is 4013584 out of 50000000
DEBUG: Total gradient stack used is 449987 out of 10000000
DEBUG: Total dvariable address used is 2087 out of 150000
DEBUG: Total dvariable address used is 4013584 out of 50000000
DEBUG: Total gradient stack used is 449987 out of 10000000
DEBUG: Total dvariable address used is 2087 out of 150000
DEBUG: Total dvariable address used is 4013584 out of 50000000
DEBUG: Total gradient stack used is 449987 out of 10000000
DEBUG: Total dvariable address used is 2087 out of 150000
DEBUG: Total dvariable address used is 4013584 out of 50000000
DEBUG: Total gradient stack used is 449987 out of 10000000
DEBUG: Total dvariable address used is 2087 out of 150000
DEBUG: Total dvariable address used is 4013584 out of 50000000
DEBUG: Total gradient stack used is 449987 out of 10000000
DEBUG: Total dvariable address used is 2087 out of 150000
DEBUG: Total dvariable address used is 4013584 out of 50000000
DEBUG: Total gradient stack used is 449987 out of 10000000
DEBUG: Total dvariable address used is 2087 out of 150000
DEBUG: Total dvariable address used is 4013584 out of 50000000
DEBUG: Total gradient stack used is 449987 out of 10000000
DEBUG: Total dvariable address used is 2087 out of 150000
DEBUG: Total dvariable address used is 4013584 out of 50000000
DEBUG: Total gradient stack used is 449987 out of 10000000
DEBUG: Total dvariable address used is 2087 out of 150000
DEBUG: Total dvariable address used is 4013584 out of 50000000
DEBUG: Total gradient stack used is 449987 out of 10000000
DEBUG: Total dvariable address used is 2087 out of 150000
DEBUG: Total dvariable address used is 4013584 out of 50000000
DEBUG: Total gradient stack used is 449987 out of 10000000
DEBUG: Total dvariable address used is 2087 out of 150000
DEBUG: Total dvariable address used is 4013584 out of 50000000
DEBUG: Total gradient stack used is 449987 out of 10000000
DEBUG: Total dvariable address used is 2087 out of 150000
DEBUG: Total dvariable address used is 4013584 out of 50000000
DEBUG: Total gradient stack used is 449987 out of 10000000
DEBUG: Total dvariable address used is 2087 out of 150000
DEBUG: Total dvariable address used is 4013584 out of 50000000
DEBUG: Total gradient stack used is 449987 out of 10000000
DEBUG: Total dvariable address used is 2087 out of 150000
DEBUG: Total dvariable address used is 4013584 out of 50000000
DEBUG: Total gradient stack used is 449987 out of 10000000
DEBUG: Total dvariable address used is 2087 out of 150000
DEBUG: Total dvariable address used is 4013584 out of 50000000
DEBUG: Total gradient stack used is 449987 out of 10000000
DEBUG: Total dvariable address used is 2087 out of 150000
DEBUG: Total dvariable address used is 4013584 out of 50000000
DEBUG: Total gradient stack used is 449987 out of 10000000
DEBUG: Total dvariable address used is 2087 out of 150000
DEBUG: Total dvariable address used is 4013584 out of 50000000
DEBUG: Total gradient stack used is 449987 out of 10000000
DEBUG: Total dvariable address used is 2087 out of 150000
DEBUG: Total dvariable address used is 4013584 out of 50000000
DEBUG: Total gradient stack used is 449987 out of 10000000
DEBUG: Total dvariable address used is 2087 out of 150000
DEBUG: Total dvariable address used is 4013584 out of 50000000
DEBUG: Total gradient stack used is 449987 out of 10000000
DEBUG: Total dvariable address used is 2087 out of 150000
DEBUG: Total dvariable address used is 4013584 out of 50000000
DEBUG: Total gradient stack used is 449987 out of 10000000
DEBUG: Total dvariable address used is 2087 out of 150000
DEBUG: Total dvariable address used is 4013584 out of 50000000
DEBUG: Total gradient stack used is 449987 out of 10000000
DEBUG: Total dvariable address used is 2087 out of 150000
DEBUG: Total dvariable address used is 4013584 out of 50000000
DEBUG: Total gradient stack used is 449987 out of 10000000
DEBUG: Total dvariable address used is 2087 out of 150000
DEBUG: Total dvariable address used is 4013584 out of 50000000
DEBUG: Total gradient stack used is 449987 out of 10000000
DEBUG: Total dvariable address used is 2087 out of 150000
DEBUG: Total dvariable address used is 4013584 out of 50000000
DEBUG: Total gradient stack used is 449987 out of 10000000
DEBUG: Total dvariable address used is 2087 out of 150000
DEBUG: Total dvariable address used is 4013584 out of 50000000
DEBUG: Total gradient stack used is 449987 out of 10000000
DEBUG: Total dvariable address used is 2087 out of 150000
DEBUG: Total dvariable address used is 4013584 out of 50000000
DEBUG: Total gradient stack used is 449987 out of 10000000
DEBUG: Total dvariable address used is 2087 out of 150000
DEBUG: Total dvariable address used is 4013584 out of 50000000
DEBUG: Total gradient stack used is 449987 out of 10000000
DEBUG: Total dvariable address used is 2087 out of 150000
DEBUG: Total dvariable address used is 4013584 out of 50000000
DEBUG: Total gradient stack used is 449987 out of 10000000
DEBUG: Total dvariable address used is 2087 out of 150000
DEBUG: Total dvariable address used is 4013584 out of 50000000
DEBUG: Total gradient stack used is 449987 out of 10000000
DEBUG: Total dvariable address used is 2087 out of 150000
DEBUG: Total dvariable address used is 4013584 out of 50000000
DEBUG: Total gradient stack used is 449987 out of 10000000
DEBUG: Total dvariable address used is 2087 out of 150000
DEBUG: Total dvariable address used is 4013584 out of 50000000
DEBUG: Total gradient stack used is 449987 out of 10000000
DEBUG: Total dvariable address used is 2087 out of 150000
DEBUG: Total dvariable address used is 4013584 out of 50000000
DEBUG: Total gradient stack used is 449987 out of 10000000
DEBUG: Total dvariable address used is 2087 out of 150000
DEBUG: Total dvariable address used is 4013584 out of 50000000
DEBUG: Total gradient stack used is 449987 out of 10000000
DEBUG: Total dvariable address used is 2087 out of 150000
DEBUG: Total dvariable address used is 4013584 out of 50000000
DEBUG: Total gradient stack used is 449987 out of 10000000
DEBUG: Total dvariable address used is 2087 out of 150000
DEBUG: Total dvariable address used is 4013584 out of 50000000
DEBUG: Total gradient stack used is 449987 out of 10000000
DEBUG: Total dvariable address used is 2087 out of 150000
DEBUG: Total dvariable address used is 4013584 out of 50000000
DEBUG: Total gradient stack used is 449987 out of 10000000
DEBUG: Total dvariable address used is 2087 out of 150000
DEBUG: Total dvariable address used is 4013584 out of 50000000
DEBUG: Total gradient stack used is 449987 out of 10000000
DEBUG: Total dvariable address used is 2087 out of 150000
DEBUG: Total dvariable address used is 4013584 out of 50000000
DEBUG: Total gradient stack used is 449987 out of 10000000
DEBUG: Total dvariable address used is 2087 out of 150000
DEBUG: Total dvariable address used is 4013584 out of 50000000
DEBUG: Total gradient stack used is 449987 out of 10000000
DEBUG: Total dvariable address used is 2087 out of 150000
DEBUG: Total dvariable address used is 4013584 out of 50000000
DEBUG: Total gradient stack used is 449987 out of 10000000
DEBUG: Total dvariable address used is 2087 out of 150000
DEBUG: Total dvariable address used is 4013584 out of 50000000
DEBUG: Total gradient stack used is 449987 out of 10000000
DEBUG: Total dvariable address used is 2087 out of 150000
DEBUG: Total dvariable address used is 4013584 out of 50000000
DEBUG: Total gradient stack used is 449987 out of 10000000
DEBUG: Total dvariable address used is 2087 out of 150000
DEBUG: Total dvariable address used is 4013584 out of 50000000
DEBUG: Total gradient stack used is 449987 out of 10000000
DEBUG: Total dvariable address used is 2087 out of 150000
DEBUG: Total dvariable address used is 4013584 out of 50000000
DEBUG: Total gradient stack used is 449987 out of 10000000
DEBUG: Total dvariable address used is 2087 out of 150000
DEBUG: Total dvariable address used is 4013584 out of 50000000
DEBUG: Total gradient stack used is 449987 out of 10000000
DEBUG: Total dvariable address used is 2087 out of 150000
DEBUG: Total dvariable address used is 4013584 out of 50000000
DEBUG: Total gradient stack used is 449987 out of 10000000
DEBUG: Total dvariable address used is 2087 out of 150000
DEBUG: Total dvariable address used is 4013584 out of 50000000
DEBUG: Total gradient stack used is 449987 out of 10000000
DEBUG: Total dvariable address used is 2087 out of 150000
DEBUG: Total dvariable address used is 4013584 out of 50000000
DEBUG: Total gradient stack used is 449987 out of 10000000
DEBUG: Total dvariable address used is 2087 out of 150000
DEBUG: Total dvariable address used is 4013584 out of 50000000
DEBUG: Total gradient stack used is 449987 out of 10000000
DEBUG: Total dvariable address used is 2087 out of 150000
DEBUG: Total dvariable address used is 4013584 out of 50000000
DEBUG: Total gradient stack used is 449987 out of 10000000
DEBUG: Total dvariable address used is 2087 out of 150000
DEBUG: Total dvariable address used is 4013584 out of 50000000
DEBUG: Total gradient stack used is 449987 out of 10000000
DEBUG: Total dvariable address used is 2087 out of 150000
DEBUG: Total dvariable address used is 4013584 out of 50000000
DEBUG: Total gradient stack used is 449987 out of 10000000
DEBUG: Total dvariable address used is 2087 out of 150000
DEBUG: Total dvariable address used is 4013584 out of 50000000
DEBUG: Total gradient stack used is 449987 out of 10000000
DEBUG: Total dvariable address used is 2087 out of 150000
DEBUG: Total dvariable address used is 4013584 out of 50000000
DEBUG: Total gradient stack used is 449987 out of 10000000
DEBUG: Total dvariable address used is 2087 out of 150000
DEBUG: Total dvariable address used is 4013584 out of 50000000
DEBUG: Total gradient stack used is 449987 out of 10000000
DEBUG: Total dvariable address used is 2087 out of 150000
DEBUG: Total dvariable address used is 4013584 out of 50000000
DEBUG: Total gradient stack used is 449987 out of 10000000
DEBUG: Total dvariable address used is 2087 out of 150000
DEBUG: Total dvariable address used is 4013584 out of 50000000
DEBUG: Total gradient stack used is 449987 out of 10000000
DEBUG: Total dvariable address used is 2087 out of 150000
DEBUG: Total dvariable address used is 4013584 out of 50000000
DEBUG: Total gradient stack used is 449987 out of 10000000
DEBUG: Total dvariable address used is 2087 out of 150000
DEBUG: Total dvariable address used is 4013584 out of 50000000
DEBUG: Total gradient stack used is 449987 out of 10000000
DEBUG: Total dvariable address used is 2087 out of 150000
DEBUG: Total dvariable address used is 4013584 out of 50000000
DEBUG: Total gradient stack used is 449987 out of 10000000
DEBUG: Total dvariable address used is 2087 out of 150000
DEBUG: Total dvariable address used is 4013584 out of 50000000
DEBUG: Total gradient stack used is 449987 out of 10000000
DEBUG: Total dvariable address used is 2087 out of 150000
DEBUG: Total dvariable address used is 4013584 out of 50000000
DEBUG: Total gradient stack used is 449987 out of 10000000
DEBUG: Total dvariable address used is 2087 out of 150000
DEBUG: Total dvariable address used is 4013584 out of 50000000
DEBUG: Total gradient stack used is 449987 out of 10000000
DEBUG: Total dvariable address used is 2087 out of 150000
DEBUG: Total dvariable address used is 4013584 out of 50000000
DEBUG: Total gradient stack used is 449987 out of 10000000
DEBUG: Total dvariable address used is 2087 out of 150000
DEBUG: Total dvariable address used is 4013584 out of 50000000
DEBUG: Total gradient stack used is 449987 out of 10000000
DEBUG: Total dvariable address used is 2087 out of 150000
DEBUG: Total dvariable address used is 4013584 out of 50000000
DEBUG: Total gradient stack used is 449987 out of 10000000
DEBUG: Total dvariable address used is 2087 out of 150000
DEBUG: Total dvariable address used is 4013584 out of 50000000
DEBUG: Total gradient stack used is 449987 out of 10000000
DEBUG: Total dvariable address used is 2087 out of 150000
DEBUG: Total dvariable address used is 4013584 out of 50000000
DEBUG: Total gradient stack used is 449987 out of 10000000
DEBUG: Total dvariable address used is 2087 out of 150000
DEBUG: Total dvariable address used is 4013584 out of 50000000
DEBUG: Total gradient stack used is 449987 out of 10000000
DEBUG: Total dvariable address used is 2087 out of 150000
DEBUG: Total dvariable address used is 4013584 out of 50000000
DEBUG: Total gradient stack used is 449987 out of 10000000
DEBUG: Total dvariable address used is 2087 out of 150000
DEBUG: Total dvariable address used is 4013584 out of 50000000
DEBUG: Total gradient stack used is 449987 out of 10000000
DEBUG: Total dvariable address used is 2087 out of 150000
DEBUG: Total dvariable address used is 4013584 out of 50000000
DEBUG: Total gradient stack used is 449987 out of 10000000
DEBUG: Total dvariable address used is 2087 out of 150000
DEBUG: Total dvariable address used is 4013584 out of 50000000
DEBUG: Total gradient stack used is 449987 out of 10000000
DEBUG: Total dvariable address used is 2087 out of 150000
DEBUG: Total dvariable address used is 4013584 out of 50000000
DEBUG: Total gradient stack used is 449987 out of 10000000
DEBUG: Total dvariable address used is 2087 out of 150000
DEBUG: Total dvariable address used is 4013584 out of 50000000
DEBUG: Total gradient stack used is 449987 out of 10000000
DEBUG: Total dvariable address used is 2087 out of 150000
DEBUG: Total dvariable address used is 4013584 out of 50000000
DEBUG: Total gradient stack used is 449987 out of 10000000
DEBUG: Total dvariable address used is 2087 out of 150000
DEBUG: Total dvariable address used is 4013584 out of 50000000
DEBUG: Total gradient stack used is 449987 out of 10000000
DEBUG: Total dvariable address used is 2087 out of 150000
DEBUG: Total dvariable address used is 4013584 out of 50000000
DEBUG: Total gradient stack used is 449987 out of 10000000
DEBUG: Total dvariable address used is 2087 out of 150000
DEBUG: Total dvariable address used is 4013584 out of 50000000
DEBUG: Total gradient stack used is 449987 out of 10000000
DEBUG: Total dvariable address used is 2087 out of 150000
DEBUG: Total dvariable address used is 4013584 out of 50000000
DEBUG: Total gradient stack used is 449987 out of 10000000
DEBUG: Total dvariable address used is 2087 out of 150000
DEBUG: Total dvariable address used is 4013584 out of 50000000
, 60%DEBUG: Total gradient stack used is 449987 out of 10000000
DEBUG: Total dvariable address used is 2087 out of 150000
DEBUG: Total dvariable address used is 4013584 out of 50000000
DEBUG: Total gradient stack used is 449987 out of 10000000
DEBUG: Total dvariable address used is 2087 out of 150000
DEBUG: Total dvariable address used is 4013584 out of 50000000
DEBUG: Total gradient stack used is 449987 out of 10000000
DEBUG: Total dvariable address used is 2087 out of 150000
DEBUG: Total dvariable address used is 4013584 out of 50000000
DEBUG: Total gradient stack used is 449987 out of 10000000
DEBUG: Total dvariable address used is 2087 out of 150000
DEBUG: Total dvariable address used is 4013584 out of 50000000
DEBUG: Total gradient stack used is 449987 out of 10000000
DEBUG: Total dvariable address used is 2087 out of 150000
DEBUG: Total dvariable address used is 4013584 out of 50000000
DEBUG: Total gradient stack used is 449987 out of 10000000
DEBUG: Total dvariable address used is 2087 out of 150000
DEBUG: Total dvariable address used is 4013584 out of 50000000
DEBUG: Total gradient stack used is 449987 out of 10000000
DEBUG: Total dvariable address used is 2087 out of 150000
DEBUG: Total dvariable address used is 4013584 out of 50000000
DEBUG: Total gradient stack used is 449987 out of 10000000
DEBUG: Total dvariable address used is 2087 out of 150000
DEBUG: Total dvariable address used is 4013584 out of 50000000
DEBUG: Total gradient stack used is 449987 out of 10000000
DEBUG: Total dvariable address used is 2087 out of 150000
DEBUG: Total dvariable address used is 4013584 out of 50000000
DEBUG: Total gradient stack used is 449987 out of 10000000
DEBUG: Total dvariable address used is 2087 out of 150000
DEBUG: Total dvariable address used is 4013584 out of 50000000
DEBUG: Total gradient stack used is 449987 out of 10000000
DEBUG: Total dvariable address used is 2087 out of 150000
DEBUG: Total dvariable address used is 4013584 out of 50000000
DEBUG: Total gradient stack used is 449987 out of 10000000
DEBUG: Total dvariable address used is 2087 out of 150000
DEBUG: Total dvariable address used is 4013584 out of 50000000
DEBUG: Total gradient stack used is 449987 out of 10000000
DEBUG: Total dvariable address used is 2087 out of 150000
DEBUG: Total dvariable address used is 4013584 out of 50000000
DEBUG: Total gradient stack used is 449987 out of 10000000
DEBUG: Total dvariable address used is 2087 out of 150000
DEBUG: Total dvariable address used is 4013584 out of 50000000
DEBUG: Total gradient stack used is 449987 out of 10000000
DEBUG: Total dvariable address used is 2087 out of 150000
DEBUG: Total dvariable address used is 4013584 out of 50000000
DEBUG: Total gradient stack used is 449987 out of 10000000
DEBUG: Total dvariable address used is 2087 out of 150000
DEBUG: Total dvariable address used is 4013584 out of 50000000
DEBUG: Total gradient stack used is 449987 out of 10000000
DEBUG: Total dvariable address used is 2087 out of 150000
DEBUG: Total dvariable address used is 4013584 out of 50000000
DEBUG: Total gradient stack used is 449987 out of 10000000
DEBUG: Total dvariable address used is 2087 out of 150000
DEBUG: Total dvariable address used is 4013584 out of 50000000
DEBUG: Total gradient stack used is 449987 out of 10000000
DEBUG: Total dvariable address used is 2087 out of 150000
DEBUG: Total dvariable address used is 4013584 out of 50000000
DEBUG: Total gradient stack used is 449987 out of 10000000
DEBUG: Total dvariable address used is 2087 out of 150000
DEBUG: Total dvariable address used is 4013584 out of 50000000
DEBUG: Total gradient stack used is 449987 out of 10000000
DEBUG: Total dvariable address used is 2087 out of 150000
DEBUG: Total dvariable address used is 4013584 out of 50000000
DEBUG: Total gradient stack used is 449987 out of 10000000
DEBUG: Total dvariable address used is 2087 out of 150000
DEBUG: Total dvariable address used is 4013584 out of 50000000
DEBUG: Total gradient stack used is 449987 out of 10000000
DEBUG: Total dvariable address used is 2087 out of 150000
DEBUG: Total dvariable address used is 4013584 out of 50000000
DEBUG: Total gradient stack used is 449987 out of 10000000
DEBUG: Total dvariable address used is 2087 out of 150000
DEBUG: Total dvariable address used is 4013584 out of 50000000
DEBUG: Total gradient stack used is 449987 out of 10000000
DEBUG: Total dvariable address used is 2087 out of 150000
DEBUG: Total dvariable address used is 4013584 out of 50000000
DEBUG: Total gradient stack used is 449987 out of 10000000
DEBUG: Total dvariable address used is 2087 out of 150000
DEBUG: Total dvariable address used is 4013584 out of 50000000
DEBUG: Total gradient stack used is 449987 out of 10000000
DEBUG: Total dvariable address used is 2087 out of 150000
DEBUG: Total dvariable address used is 4013584 out of 50000000
DEBUG: Total gradient stack used is 449987 out of 10000000
DEBUG: Total dvariable address used is 2087 out of 150000
DEBUG: Total dvariable address used is 4013584 out of 50000000
DEBUG: Total gradient stack used is 449987 out of 10000000
DEBUG: Total dvariable address used is 2087 out of 150000
DEBUG: Total dvariable address used is 4013584 out of 50000000
DEBUG: Total gradient stack used is 449987 out of 10000000
DEBUG: Total dvariable address used is 2087 out of 150000
DEBUG: Total dvariable address used is 4013584 out of 50000000
DEBUG: Total gradient stack used is 449987 out of 10000000
DEBUG: Total dvariable address used is 2087 out of 150000
DEBUG: Total dvariable address used is 4013584 out of 50000000
DEBUG: Total gradient stack used is 449987 out of 10000000
DEBUG: Total dvariable address used is 2087 out of 150000
DEBUG: Total dvariable address used is 4013584 out of 50000000
DEBUG: Total gradient stack used is 449987 out of 10000000
DEBUG: Total dvariable address used is 2087 out of 150000
DEBUG: Total dvariable address used is 4013584 out of 50000000
DEBUG: Total gradient stack used is 449987 out of 10000000
DEBUG: Total dvariable address used is 2087 out of 150000
DEBUG: Total dvariable address used is 4013584 out of 50000000
DEBUG: Total gradient stack used is 449987 out of 10000000
DEBUG: Total dvariable address used is 2087 out of 150000
DEBUG: Total dvariable address used is 4013584 out of 50000000
DEBUG: Total gradient stack used is 449987 out of 10000000
DEBUG: Total dvariable address used is 2087 out of 150000
DEBUG: Total dvariable address used is 4013584 out of 50000000
DEBUG: Total gradient stack used is 449987 out of 10000000
DEBUG: Total dvariable address used is 2087 out of 150000
DEBUG: Total dvariable address used is 4013584 out of 50000000
DEBUG: Total gradient stack used is 449987 out of 10000000
DEBUG: Total dvariable address used is 2087 out of 150000
DEBUG: Total dvariable address used is 4013584 out of 50000000
DEBUG: Total gradient stack used is 449987 out of 10000000
DEBUG: Total dvariable address used is 2087 out of 150000
DEBUG: Total dvariable address used is 4013584 out of 50000000
DEBUG: Total gradient stack used is 449987 out of 10000000
DEBUG: Total dvariable address used is 2087 out of 150000
DEBUG: Total dvariable address used is 4013584 out of 50000000
DEBUG: Total gradient stack used is 449987 out of 10000000
DEBUG: Total dvariable address used is 2087 out of 150000
DEBUG: Total dvariable address used is 4013584 out of 50000000
DEBUG: Total gradient stack used is 449987 out of 10000000
DEBUG: Total dvariable address used is 2087 out of 150000
DEBUG: Total dvariable address used is 4013584 out of 50000000
DEBUG: Total gradient stack used is 449987 out of 10000000
DEBUG: Total dvariable address used is 2087 out of 150000
DEBUG: Total dvariable address used is 4013584 out of 50000000
DEBUG: Total gradient stack used is 449987 out of 10000000
DEBUG: Total dvariable address used is 2087 out of 150000
DEBUG: Total dvariable address used is 4013584 out of 50000000
DEBUG: Total gradient stack used is 449987 out of 10000000
DEBUG: Total dvariable address used is 2087 out of 150000
DEBUG: Total dvariable address used is 4013584 out of 50000000
DEBUG: Total gradient stack used is 449987 out of 10000000
DEBUG: Total dvariable address used is 2087 out of 150000
DEBUG: Total dvariable address used is 4013584 out of 50000000
DEBUG: Total gradient stack used is 449987 out of 10000000
DEBUG: Total dvariable address used is 2087 out of 150000
DEBUG: Total dvariable address used is 4013584 out of 50000000
DEBUG: Total gradient stack used is 449987 out of 10000000
DEBUG: Total dvariable address used is 2087 out of 150000
DEBUG: Total dvariable address used is 4013584 out of 50000000
DEBUG: Total gradient stack used is 449987 out of 10000000
DEBUG: Total dvariable address used is 2087 out of 150000
DEBUG: Total dvariable address used is 4013584 out of 50000000
DEBUG: Total gradient stack used is 449987 out of 10000000
DEBUG: Total dvariable address used is 2087 out of 150000
DEBUG: Total dvariable address used is 4013584 out of 50000000
DEBUG: Total gradient stack used is 449987 out of 10000000
DEBUG: Total dvariable address used is 2087 out of 150000
DEBUG: Total dvariable address used is 4013584 out of 50000000
DEBUG: Total gradient stack used is 449987 out of 10000000
DEBUG: Total dvariable address used is 2087 out of 150000
DEBUG: Total dvariable address used is 4013584 out of 50000000
DEBUG: Total gradient stack used is 449987 out of 10000000
DEBUG: Total dvariable address used is 2087 out of 150000
DEBUG: Total dvariable address used is 4013584 out of 50000000
DEBUG: Total gradient stack used is 449987 out of 10000000
DEBUG: Total dvariable address used is 2087 out of 150000
DEBUG: Total dvariable address used is 4013584 out of 50000000
DEBUG: Total gradient stack used is 449987 out of 10000000
DEBUG: Total dvariable address used is 2087 out of 150000
DEBUG: Total dvariable address used is 4013584 out of 50000000
DEBUG: Total gradient stack used is 449987 out of 10000000
DEBUG: Total dvariable address used is 2087 out of 150000
DEBUG: Total dvariable address used is 4013584 out of 50000000
DEBUG: Total gradient stack used is 449987 out of 10000000
DEBUG: Total dvariable address used is 2087 out of 150000
DEBUG: Total dvariable address used is 4013584 out of 50000000
DEBUG: Total gradient stack used is 449987 out of 10000000
DEBUG: Total dvariable address used is 2087 out of 150000
DEBUG: Total dvariable address used is 4013584 out of 50000000
DEBUG: Total gradient stack used is 449987 out of 10000000
DEBUG: Total dvariable address used is 2087 out of 150000
DEBUG: Total dvariable address used is 4013584 out of 50000000
DEBUG: Total gradient stack used is 449987 out of 10000000
DEBUG: Total dvariable address used is 2087 out of 150000
DEBUG: Total dvariable address used is 4013584 out of 50000000
DEBUG: Total gradient stack used is 449987 out of 10000000
DEBUG: Total dvariable address used is 2087 out of 150000
DEBUG: Total dvariable address used is 4013584 out of 50000000
DEBUG: Total gradient stack used is 449987 out of 10000000
DEBUG: Total dvariable address used is 2087 out of 150000
DEBUG: Total dvariable address used is 4013584 out of 50000000
DEBUG: Total gradient stack used is 449987 out of 10000000
DEBUG: Total dvariable address used is 2087 out of 150000
DEBUG: Total dvariable address used is 4013584 out of 50000000
DEBUG: Total gradient stack used is 449987 out of 10000000
DEBUG: Total dvariable address used is 2087 out of 150000
DEBUG: Total dvariable address used is 4013584 out of 50000000
DEBUG: Total gradient stack used is 449987 out of 10000000
DEBUG: Total dvariable address used is 2087 out of 150000
DEBUG: Total dvariable address used is 4013584 out of 50000000
DEBUG: Total gradient stack used is 449987 out of 10000000
DEBUG: Total dvariable address used is 2087 out of 150000
DEBUG: Total dvariable address used is 4013584 out of 50000000
DEBUG: Total gradient stack used is 449987 out of 10000000
DEBUG: Total dvariable address used is 2087 out of 150000
DEBUG: Total dvariable address used is 4013584 out of 50000000
DEBUG: Total gradient stack used is 449987 out of 10000000
DEBUG: Total dvariable address used is 2087 out of 150000
DEBUG: Total dvariable address used is 4013584 out of 50000000
DEBUG: Total gradient stack used is 449987 out of 10000000
DEBUG: Total dvariable address used is 2087 out of 150000
DEBUG: Total dvariable address used is 4013584 out of 50000000
DEBUG: Total gradient stack used is 449987 out of 10000000
DEBUG: Total dvariable address used is 2087 out of 150000
DEBUG: Total dvariable address used is 4013584 out of 50000000
DEBUG: Total gradient stack used is 449987 out of 10000000
DEBUG: Total dvariable address used is 2087 out of 150000
DEBUG: Total dvariable address used is 4013584 out of 50000000
DEBUG: Total gradient stack used is 449987 out of 10000000
DEBUG: Total dvariable address used is 2087 out of 150000
DEBUG: Total dvariable address used is 4013584 out of 50000000
DEBUG: Total gradient stack used is 449987 out of 10000000
DEBUG: Total dvariable address used is 2087 out of 150000
DEBUG: Total dvariable address used is 4013584 out of 50000000
DEBUG: Total gradient stack used is 449987 out of 10000000
DEBUG: Total dvariable address used is 2087 out of 150000
DEBUG: Total dvariable address used is 4013584 out of 50000000
DEBUG: Total gradient stack used is 449987 out of 10000000
DEBUG: Total dvariable address used is 2087 out of 150000
DEBUG: Total dvariable address used is 4013584 out of 50000000
DEBUG: Total gradient stack used is 449987 out of 10000000
DEBUG: Total dvariable address used is 2087 out of 150000
DEBUG: Total dvariable address used is 4013584 out of 50000000
DEBUG: Total gradient stack used is 449987 out of 10000000
DEBUG: Total dvariable address used is 2087 out of 150000
DEBUG: Total dvariable address used is 4013584 out of 50000000
DEBUG: Total gradient stack used is 449987 out of 10000000
DEBUG: Total dvariable address used is 2087 out of 150000
DEBUG: Total dvariable address used is 4013584 out of 50000000
DEBUG: Total gradient stack used is 449987 out of 10000000
DEBUG: Total dvariable address used is 2087 out of 150000
DEBUG: Total dvariable address used is 4013584 out of 50000000
DEBUG: Total gradient stack used is 449987 out of 10000000
DEBUG: Total dvariable address used is 2087 out of 150000
DEBUG: Total dvariable address used is 4013584 out of 50000000
DEBUG: Total gradient stack used is 449987 out of 10000000
DEBUG: Total dvariable address used is 2087 out of 150000
DEBUG: Total dvariable address used is 4013584 out of 50000000
DEBUG: Total gradient stack used is 449987 out of 10000000
DEBUG: Total dvariable address used is 2087 out of 150000
DEBUG: Total dvariable address used is 4013584 out of 50000000
DEBUG: Total gradient stack used is 449987 out of 10000000
DEBUG: Total dvariable address used is 2087 out of 150000
DEBUG: Total dvariable address used is 4013584 out of 50000000
DEBUG: Total gradient stack used is 449987 out of 10000000
DEBUG: Total dvariable address used is 2087 out of 150000
DEBUG: Total dvariable address used is 4013584 out of 50000000
DEBUG: Total gradient stack used is 449987 out of 10000000
DEBUG: Total dvariable address used is 2087 out of 150000
DEBUG: Total dvariable address used is 4013584 out of 50000000
DEBUG: Total gradient stack used is 449987 out of 10000000
DEBUG: Total dvariable address used is 2087 out of 150000
DEBUG: Total dvariable address used is 4013584 out of 50000000
DEBUG: Total gradient stack used is 449987 out of 10000000
DEBUG: Total dvariable address used is 2087 out of 150000
DEBUG: Total dvariable address used is 4013584 out of 50000000
DEBUG: Total gradient stack used is 449987 out of 10000000
DEBUG: Total dvariable address used is 2087 out of 150000
DEBUG: Total dvariable address used is 4013584 out of 50000000
DEBUG: Total gradient stack used is 449987 out of 10000000
DEBUG: Total dvariable address used is 2087 out of 150000
DEBUG: Total dvariable address used is 4013584 out of 50000000
DEBUG: Total gradient stack used is 449987 out of 10000000
DEBUG: Total dvariable address used is 2087 out of 150000
DEBUG: Total dvariable address used is 4013584 out of 50000000
DEBUG: Total gradient stack used is 449987 out of 10000000
DEBUG: Total dvariable address used is 2087 out of 150000
DEBUG: Total dvariable address used is 4013584 out of 50000000
DEBUG: Total gradient stack used is 449987 out of 10000000
DEBUG: Total dvariable address used is 2087 out of 150000
DEBUG: Total dvariable address used is 4013584 out of 50000000
DEBUG: Total gradient stack used is 449987 out of 10000000
DEBUG: Total dvariable address used is 2087 out of 150000
DEBUG: Total dvariable address used is 4013584 out of 50000000
DEBUG: Total gradient stack used is 449987 out of 10000000
DEBUG: Total dvariable address used is 2087 out of 150000
DEBUG: Total dvariable address used is 4013584 out of 50000000
DEBUG: Total gradient stack used is 449987 out of 10000000
DEBUG: Total dvariable address used is 2087 out of 150000
DEBUG: Total dvariable address used is 4013584 out of 50000000
DEBUG: Total gradient stack used is 449987 out of 10000000
DEBUG: Total dvariable address used is 2087 out of 150000
DEBUG: Total dvariable address used is 4013584 out of 50000000
DEBUG: Total gradient stack used is 449987 out of 10000000
DEBUG: Total dvariable address used is 2087 out of 150000
DEBUG: Total dvariable address used is 4013584 out of 50000000
DEBUG: Total gradient stack used is 449987 out of 10000000
DEBUG: Total dvariable address used is 2087 out of 150000
DEBUG: Total dvariable address used is 4013584 out of 50000000
DEBUG: Total gradient stack used is 449987 out of 10000000
DEBUG: Total dvariable address used is 2087 out of 150000
DEBUG: Total dvariable address used is 4013584 out of 50000000
DEBUG: Total gradient stack used is 449987 out of 10000000
DEBUG: Total dvariable address used is 2087 out of 150000
DEBUG: Total dvariable address used is 4013584 out of 50000000
DEBUG: Total gradient stack used is 449987 out of 10000000
DEBUG: Total dvariable address used is 2087 out of 150000
DEBUG: Total dvariable address used is 4013584 out of 50000000
DEBUG: Total gradient stack used is 449987 out of 10000000
DEBUG: Total dvariable address used is 2087 out of 150000
DEBUG: Total dvariable address used is 4013584 out of 50000000
DEBUG: Total gradient stack used is 449987 out of 10000000
DEBUG: Total dvariable address used is 2087 out of 150000
DEBUG: Total dvariable address used is 4013584 out of 50000000
DEBUG: Total gradient stack used is 449987 out of 10000000
DEBUG: Total dvariable address used is 2087 out of 150000
DEBUG: Total dvariable address used is 4013584 out of 50000000
DEBUG: Total gradient stack used is 449987 out of 10000000
DEBUG: Total dvariable address used is 2087 out of 150000
DEBUG: Total dvariable address used is 4013584 out of 50000000
DEBUG: Total gradient stack used is 449987 out of 10000000
DEBUG: Total dvariable address used is 2087 out of 150000
DEBUG: Total dvariable address used is 4013584 out of 50000000
DEBUG: Total gradient stack used is 449987 out of 10000000
DEBUG: Total dvariable address used is 2087 out of 150000
DEBUG: Total dvariable address used is 4013584 out of 50000000
DEBUG: Total gradient stack used is 449987 out of 10000000
DEBUG: Total dvariable address used is 2087 out of 150000
DEBUG: Total dvariable address used is 4013584 out of 50000000
DEBUG: Total gradient stack used is 449987 out of 10000000
DEBUG: Total dvariable address used is 2087 out of 150000
DEBUG: Total dvariable address used is 4013584 out of 50000000
DEBUG: Total gradient stack used is 449987 out of 10000000
DEBUG: Total dvariable address used is 2087 out of 150000
DEBUG: Total dvariable address used is 4013584 out of 50000000
DEBUG: Total gradient stack used is 449987 out of 10000000
DEBUG: Total dvariable address used is 2087 out of 150000
DEBUG: Total dvariable address used is 4013584 out of 50000000
DEBUG: Total gradient stack used is 449987 out of 10000000
DEBUG: Total dvariable address used is 2087 out of 150000
DEBUG: Total dvariable address used is 4013584 out of 50000000
DEBUG: Total gradient stack used is 449987 out of 10000000
DEBUG: Total dvariable address used is 2087 out of 150000
DEBUG: Total dvariable address used is 4013584 out of 50000000
DEBUG: Total gradient stack used is 449987 out of 10000000
DEBUG: Total dvariable address used is 2087 out of 150000
DEBUG: Total dvariable address used is 4013584 out of 50000000
DEBUG: Total gradient stack used is 449987 out of 10000000
DEBUG: Total dvariable address used is 2087 out of 150000
DEBUG: Total dvariable address used is 4013584 out of 50000000
DEBUG: Total gradient stack used is 449987 out of 10000000
DEBUG: Total dvariable address used is 2087 out of 150000
DEBUG: Total dvariable address used is 4013584 out of 50000000
DEBUG: Total gradient stack used is 449987 out of 10000000
DEBUG: Total dvariable address used is 2087 out of 150000
DEBUG: Total dvariable address used is 4013584 out of 50000000
DEBUG: Total gradient stack used is 449987 out of 10000000
DEBUG: Total dvariable address used is 2087 out of 150000
DEBUG: Total dvariable address used is 4013584 out of 50000000
DEBUG: Total gradient stack used is 449987 out of 10000000
DEBUG: Total dvariable address used is 2087 out of 150000
DEBUG: Total dvariable address used is 4013584 out of 50000000
DEBUG: Total gradient stack used is 449987 out of 10000000
DEBUG: Total dvariable address used is 2087 out of 150000
DEBUG: Total dvariable address used is 4013584 out of 50000000
DEBUG: Total gradient stack used is 449987 out of 10000000
DEBUG: Total dvariable address used is 2087 out of 150000
DEBUG: Total dvariable address used is 4013584 out of 50000000
DEBUG: Total gradient stack used is 449987 out of 10000000
DEBUG: Total dvariable address used is 2087 out of 150000
DEBUG: Total dvariable address used is 4013584 out of 50000000
DEBUG: Total gradient stack used is 449987 out of 10000000
DEBUG: Total dvariable address used is 2087 out of 150000
DEBUG: Total dvariable address used is 4013584 out of 50000000
DEBUG: Total gradient stack used is 449987 out of 10000000
DEBUG: Total dvariable address used is 2087 out of 150000
DEBUG: Total dvariable address used is 4013584 out of 50000000
DEBUG: Total gradient stack used is 449987 out of 10000000
DEBUG: Total dvariable address used is 2087 out of 150000
DEBUG: Total dvariable address used is 4013584 out of 50000000
DEBUG: Total gradient stack used is 449987 out of 10000000
DEBUG: Total dvariable address used is 2087 out of 150000
DEBUG: Total dvariable address used is 4013584 out of 50000000
DEBUG: Total gradient stack used is 449987 out of 10000000
DEBUG: Total dvariable address used is 2087 out of 150000
DEBUG: Total dvariable address used is 4013584 out of 50000000
DEBUG: Total gradient stack used is 449987 out of 10000000
DEBUG: Total dvariable address used is 2087 out of 150000
DEBUG: Total dvariable address used is 4013584 out of 50000000
DEBUG: Total gradient stack used is 449987 out of 10000000
DEBUG: Total dvariable address used is 2087 out of 150000
DEBUG: Total dvariable address used is 4013584 out of 50000000
DEBUG: Total gradient stack used is 449987 out of 10000000
DEBUG: Total dvariable address used is 2087 out of 150000
DEBUG: Total dvariable address used is 4013584 out of 50000000
DEBUG: Total gradient stack used is 449987 out of 10000000
DEBUG: Total dvariable address used is 2087 out of 150000
DEBUG: Total dvariable address used is 4013584 out of 50000000
DEBUG: Total gradient stack used is 449987 out of 10000000
DEBUG: Total dvariable address used is 2087 out of 150000
DEBUG: Total dvariable address used is 4013584 out of 50000000
DEBUG: Total gradient stack used is 449987 out of 10000000
DEBUG: Total dvariable address used is 2087 out of 150000
DEBUG: Total dvariable address used is 4013584 out of 50000000
DEBUG: Total gradient stack used is 449987 out of 10000000
DEBUG: Total dvariable address used is 2087 out of 150000
DEBUG: Total dvariable address used is 4013584 out of 50000000
DEBUG: Total gradient stack used is 449987 out of 10000000
DEBUG: Total dvariable address used is 2087 out of 150000
DEBUG: Total dvariable address used is 4013584 out of 50000000
DEBUG: Total gradient stack used is 449987 out of 10000000
DEBUG: Total dvariable address used is 2087 out of 150000
DEBUG: Total dvariable address used is 4013584 out of 50000000
DEBUG: Total gradient stack used is 449987 out of 10000000
DEBUG: Total dvariable address used is 2087 out of 150000
DEBUG: Total dvariable address used is 4013584 out of 50000000
DEBUG: Total gradient stack used is 449987 out of 10000000
DEBUG: Total dvariable address used is 2087 out of 150000
DEBUG: Total dvariable address used is 4013584 out of 50000000
DEBUG: Total gradient stack used is 449987 out of 10000000
DEBUG: Total dvariable address used is 2087 out of 150000
DEBUG: Total dvariable address used is 4013584 out of 50000000
DEBUG: Total gradient stack used is 449987 out of 10000000
DEBUG: Total dvariable address used is 2087 out of 150000
DEBUG: Total dvariable address used is 4013584 out of 50000000
DEBUG: Total gradient stack used is 449987 out of 10000000
DEBUG: Total dvariable address used is 2087 out of 150000
DEBUG: Total dvariable address used is 4013584 out of 50000000
DEBUG: Total gradient stack used is 449987 out of 10000000
DEBUG: Total dvariable address used is 2087 out of 150000
DEBUG: Total dvariable address used is 4013584 out of 50000000
DEBUG: Total gradient stack used is 449987 out of 10000000
DEBUG: Total dvariable address used is 2087 out of 150000
DEBUG: Total dvariable address used is 4013584 out of 50000000
DEBUG: Total gradient stack used is 449987 out of 10000000
DEBUG: Total dvariable address used is 2087 out of 150000
DEBUG: Total dvariable address used is 4013584 out of 50000000
DEBUG: Total gradient stack used is 449987 out of 10000000
DEBUG: Total dvariable address used is 2087 out of 150000
DEBUG: Total dvariable address used is 4013584 out of 50000000
DEBUG: Total gradient stack used is 449987 out of 10000000
DEBUG: Total dvariable address used is 2087 out of 150000
DEBUG: Total dvariable address used is 4013584 out of 50000000
DEBUG: Total gradient stack used is 449987 out of 10000000
DEBUG: Total dvariable address used is 2087 out of 150000
DEBUG: Total dvariable address used is 4013584 out of 50000000
DEBUG: Total gradient stack used is 449987 out of 10000000
DEBUG: Total dvariable address used is 2087 out of 150000
DEBUG: Total dvariable address used is 4013584 out of 50000000
DEBUG: Total gradient stack used is 449987 out of 10000000
DEBUG: Total dvariable address used is 2087 out of 150000
DEBUG: Total dvariable address used is 4013584 out of 50000000
DEBUG: Total gradient stack used is 449987 out of 10000000
DEBUG: Total dvariable address used is 2087 out of 150000
DEBUG: Total dvariable address used is 4013584 out of 50000000
DEBUG: Total gradient stack used is 449987 out of 10000000
DEBUG: Total dvariable address used is 2087 out of 150000
DEBUG: Total dvariable address used is 4013584 out of 50000000
DEBUG: Total gradient stack used is 449987 out of 10000000
DEBUG: Total dvariable address used is 2087 out of 150000
DEBUG: Total dvariable address used is 4013584 out of 50000000
DEBUG: Total gradient stack used is 449987 out of 10000000
DEBUG: Total dvariable address used is 2087 out of 150000
DEBUG: Total dvariable address used is 4013584 out of 50000000
DEBUG: Total gradient stack used is 449987 out of 10000000
DEBUG: Total dvariable address used is 2087 out of 150000
DEBUG: Total dvariable address used is 4013584 out of 50000000
DEBUG: Total gradient stack used is 449987 out of 10000000
DEBUG: Total dvariable address used is 2087 out of 150000
DEBUG: Total dvariable address used is 4013584 out of 50000000
DEBUG: Total gradient stack used is 449987 out of 10000000
DEBUG: Total dvariable address used is 2087 out of 150000
DEBUG: Total dvariable address used is 4013584 out of 50000000
DEBUG: Total gradient stack used is 449987 out of 10000000
DEBUG: Total dvariable address used is 2087 out of 150000
DEBUG: Total dvariable address used is 4013584 out of 50000000
DEBUG: Total gradient stack used is 449987 out of 10000000
DEBUG: Total dvariable address used is 2087 out of 150000
DEBUG: Total dvariable address used is 4013584 out of 50000000
DEBUG: Total gradient stack used is 449987 out of 10000000
DEBUG: Total dvariable address used is 2087 out of 150000
DEBUG: Total dvariable address used is 4013584 out of 50000000
DEBUG: Total gradient stack used is 449987 out of 10000000
DEBUG: Total dvariable address used is 2087 out of 150000
DEBUG: Total dvariable address used is 4013584 out of 50000000
DEBUG: Total gradient stack used is 449987 out of 10000000
DEBUG: Total dvariable address used is 2087 out of 150000
DEBUG: Total dvariable address used is 4013584 out of 50000000
DEBUG: Total gradient stack used is 449987 out of 10000000
DEBUG: Total dvariable address used is 2087 out of 150000
DEBUG: Total dvariable address used is 4013584 out of 50000000
DEBUG: Total gradient stack used is 449987 out of 10000000
DEBUG: Total dvariable address used is 2087 out of 150000
DEBUG: Total dvariable address used is 4013584 out of 50000000
DEBUG: Total gradient stack used is 449987 out of 10000000
DEBUG: Total dvariable address used is 2087 out of 150000
DEBUG: Total dvariable address used is 4013584 out of 50000000
DEBUG: Total gradient stack used is 449987 out of 10000000
DEBUG: Total dvariable address used is 2087 out of 150000
DEBUG: Total dvariable address used is 4013584 out of 50000000
DEBUG: Total gradient stack used is 449987 out of 10000000
DEBUG: Total dvariable address used is 2087 out of 150000
DEBUG: Total dvariable address used is 4013584 out of 50000000
DEBUG: Total gradient stack used is 449987 out of 10000000
DEBUG: Total dvariable address used is 2087 out of 150000
DEBUG: Total dvariable address used is 4013584 out of 50000000
DEBUG: Total gradient stack used is 449987 out of 10000000
DEBUG: Total dvariable address used is 2087 out of 150000
DEBUG: Total dvariable address used is 4013584 out of 50000000
DEBUG: Total gradient stack used is 449987 out of 10000000
DEBUG: Total dvariable address used is 2087 out of 150000
DEBUG: Total dvariable address used is 4013584 out of 50000000
DEBUG: Total gradient stack used is 449987 out of 10000000
DEBUG: Total dvariable address used is 2087 out of 150000
DEBUG: Total dvariable address used is 4013584 out of 50000000
DEBUG: Total gradient stack used is 449987 out of 10000000
DEBUG: Total dvariable address used is 2087 out of 150000
DEBUG: Total dvariable address used is 4013584 out of 50000000
DEBUG: Total gradient stack used is 449987 out of 10000000
DEBUG: Total dvariable address used is 2087 out of 150000
DEBUG: Total dvariable address used is 4013584 out of 50000000
DEBUG: Total gradient stack used is 449987 out of 10000000
DEBUG: Total dvariable address used is 2087 out of 150000
DEBUG: Total dvariable address used is 4013584 out of 50000000
DEBUG: Total gradient stack used is 449987 out of 10000000
DEBUG: Total dvariable address used is 2087 out of 150000
DEBUG: Total dvariable address used is 4013584 out of 50000000
DEBUG: Total gradient stack used is 449987 out of 10000000
DEBUG: Total dvariable address used is 2087 out of 150000
DEBUG: Total dvariable address used is 4013584 out of 50000000
DEBUG: Total gradient stack used is 449987 out of 10000000
DEBUG: Total dvariable address used is 2087 out of 150000
DEBUG: Total dvariable address used is 4013584 out of 50000000
DEBUG: Total gradient stack used is 449987 out of 10000000
DEBUG: Total dvariable address used is 2087 out of 150000
DEBUG: Total dvariable address used is 4013584 out of 50000000
DEBUG: Total gradient stack used is 449987 out of 10000000
DEBUG: Total dvariable address used is 2087 out of 150000
DEBUG: Total dvariable address used is 4013584 out of 50000000
DEBUG: Total gradient stack used is 449987 out of 10000000
DEBUG: Total dvariable address used is 2087 out of 150000
DEBUG: Total dvariable address used is 4013584 out of 50000000
DEBUG: Total gradient stack used is 449987 out of 10000000
DEBUG: Total dvariable address used is 2087 out of 150000
DEBUG: Total dvariable address used is 4013584 out of 50000000
DEBUG: Total gradient stack used is 449987 out of 10000000
DEBUG: Total dvariable address used is 2087 out of 150000
DEBUG: Total dvariable address used is 4013584 out of 50000000
DEBUG: Total gradient stack used is 449987 out of 10000000
DEBUG: Total dvariable address used is 2087 out of 150000
DEBUG: Total dvariable address used is 4013584 out of 50000000
DEBUG: Total gradient stack used is 449987 out of 10000000
DEBUG: Total dvariable address used is 2087 out of 150000
DEBUG: Total dvariable address used is 4013584 out of 50000000
DEBUG: Total gradient stack used is 449987 out of 10000000
DEBUG: Total dvariable address used is 2087 out of 150000
DEBUG: Total dvariable address used is 4013584 out of 50000000
DEBUG: Total gradient stack used is 449987 out of 10000000
DEBUG: Total dvariable address used is 2087 out of 150000
DEBUG: Total dvariable address used is 4013584 out of 50000000
DEBUG: Total gradient stack used is 449987 out of 10000000
DEBUG: Total dvariable address used is 2087 out of 150000
DEBUG: Total dvariable address used is 4013584 out of 50000000
DEBUG: Total gradient stack used is 449987 out of 10000000
DEBUG: Total dvariable address used is 2087 out of 150000
DEBUG: Total dvariable address used is 4013584 out of 50000000
DEBUG: Total gradient stack used is 449987 out of 10000000
DEBUG: Total dvariable address used is 2087 out of 150000
DEBUG: Total dvariable address used is 4013584 out of 50000000
DEBUG: Total gradient stack used is 449987 out of 10000000
DEBUG: Total dvariable address used is 2087 out of 150000
DEBUG: Total dvariable address used is 4013584 out of 50000000
DEBUG: Total gradient stack used is 449987 out of 10000000
DEBUG: Total dvariable address used is 2087 out of 150000
DEBUG: Total dvariable address used is 4013584 out of 50000000
DEBUG: Total gradient stack used is 449987 out of 10000000
DEBUG: Total dvariable address used is 2087 out of 150000
DEBUG: Total dvariable address used is 4013584 out of 50000000
DEBUG: Total gradient stack used is 449987 out of 10000000
DEBUG: Total dvariable address used is 2087 out of 150000
DEBUG: Total dvariable address used is 4013584 out of 50000000
DEBUG: Total gradient stack used is 449987 out of 10000000
DEBUG: Total dvariable address used is 2087 out of 150000
DEBUG: Total dvariable address used is 4013584 out of 50000000
DEBUG: Total gradient stack used is 449987 out of 10000000
DEBUG: Total dvariable address used is 2087 out of 150000
DEBUG: Total dvariable address used is 4013584 out of 50000000
DEBUG: Total gradient stack used is 449987 out of 10000000
DEBUG: Total dvariable address used is 2087 out of 150000
DEBUG: Total dvariable address used is 4013584 out of 50000000
DEBUG: Total gradient stack used is 449987 out of 10000000
DEBUG: Total dvariable address used is 2087 out of 150000
DEBUG: Total dvariable address used is 4013584 out of 50000000
DEBUG: Total gradient stack used is 449987 out of 10000000
DEBUG: Total dvariable address used is 2087 out of 150000
DEBUG: Total dvariable address used is 4013584 out of 50000000
DEBUG: Total gradient stack used is 449987 out of 10000000
DEBUG: Total dvariable address used is 2087 out of 150000
DEBUG: Total dvariable address used is 4013584 out of 50000000
DEBUG: Total gradient stack used is 449987 out of 10000000
DEBUG: Total dvariable address used is 2087 out of 150000
DEBUG: Total dvariable address used is 4013584 out of 50000000
DEBUG: Total gradient stack used is 449987 out of 10000000
DEBUG: Total dvariable address used is 2087 out of 150000
DEBUG: Total dvariable address used is 4013584 out of 50000000
DEBUG: Total gradient stack used is 449987 out of 10000000
DEBUG: Total dvariable address used is 2087 out of 150000
DEBUG: Total dvariable address used is 4013584 out of 50000000
DEBUG: Total gradient stack used is 449987 out of 10000000
DEBUG: Total dvariable address used is 2087 out of 150000
DEBUG: Total dvariable address used is 4013584 out of 50000000
DEBUG: Total gradient stack used is 449987 out of 10000000
DEBUG: Total dvariable address used is 2087 out of 150000
DEBUG: Total dvariable address used is 4013584 out of 50000000
DEBUG: Total gradient stack used is 449987 out of 10000000
DEBUG: Total dvariable address used is 2087 out of 150000
DEBUG: Total dvariable address used is 4013584 out of 50000000
DEBUG: Total gradient stack used is 449987 out of 10000000
DEBUG: Total dvariable address used is 2087 out of 150000
DEBUG: Total dvariable address used is 4013584 out of 50000000
DEBUG: Total gradient stack used is 449987 out of 10000000
DEBUG: Total dvariable address used is 2087 out of 150000
DEBUG: Total dvariable address used is 4013584 out of 50000000
DEBUG: Total gradient stack used is 449987 out of 10000000
DEBUG: Total dvariable address used is 2087 out of 150000
DEBUG: Total dvariable address used is 4013584 out of 50000000
DEBUG: Total gradient stack used is 449987 out of 10000000
DEBUG: Total dvariable address used is 2087 out of 150000
DEBUG: Total dvariable address used is 4013584 out of 50000000
DEBUG: Total gradient stack used is 449987 out of 10000000
DEBUG: Total dvariable address used is 2087 out of 150000
DEBUG: Total dvariable address used is 4013584 out of 50000000
DEBUG: Total gradient stack used is 449987 out of 10000000
DEBUG: Total dvariable address used is 2087 out of 150000
DEBUG: Total dvariable address used is 4013584 out of 50000000
DEBUG: Total gradient stack used is 449987 out of 10000000
DEBUG: Total dvariable address used is 2087 out of 150000
DEBUG: Total dvariable address used is 4013584 out of 50000000
DEBUG: Total gradient stack used is 449987 out of 10000000
DEBUG: Total dvariable address used is 2087 out of 150000
DEBUG: Total dvariable address used is 4013584 out of 50000000
DEBUG: Total gradient stack used is 449987 out of 10000000
DEBUG: Total dvariable address used is 2087 out of 150000
DEBUG: Total dvariable address used is 4013584 out of 50000000
DEBUG: Total gradient stack used is 449987 out of 10000000
DEBUG: Total dvariable address used is 2087 out of 150000
DEBUG: Total dvariable address used is 4013584 out of 50000000
DEBUG: Total gradient stack used is 449987 out of 10000000
DEBUG: Total dvariable address used is 2087 out of 150000
DEBUG: Total dvariable address used is 4013584 out of 50000000
DEBUG: Total gradient stack used is 449987 out of 10000000
DEBUG: Total dvariable address used is 2087 out of 150000
DEBUG: Total dvariable address used is 4013584 out of 50000000
DEBUG: Total gradient stack used is 449987 out of 10000000
DEBUG: Total dvariable address used is 2087 out of 150000
DEBUG: Total dvariable address used is 4013584 out of 50000000
DEBUG: Total gradient stack used is 449987 out of 10000000
DEBUG: Total dvariable address used is 2087 out of 150000
DEBUG: Total dvariable address used is 4013584 out of 50000000
DEBUG: Total gradient stack used is 449987 out of 10000000
DEBUG: Total dvariable address used is 2087 out of 150000
DEBUG: Total dvariable address used is 4013584 out of 50000000
DEBUG: Total gradient stack used is 449987 out of 10000000
DEBUG: Total dvariable address used is 2087 out of 150000
DEBUG: Total dvariable address used is 4013584 out of 50000000
DEBUG: Total gradient stack used is 449987 out of 10000000
DEBUG: Total dvariable address used is 2087 out of 150000
DEBUG: Total dvariable address used is 4013584 out of 50000000
DEBUG: Total gradient stack used is 449987 out of 10000000
DEBUG: Total dvariable address used is 2087 out of 150000
DEBUG: Total dvariable address used is 4013584 out of 50000000
DEBUG: Total gradient stack used is 449987 out of 10000000
DEBUG: Total dvariable address used is 2087 out of 150000
DEBUG: Total dvariable address used is 4013584 out of 50000000
DEBUG: Total gradient stack used is 449987 out of 10000000
DEBUG: Total dvariable address used is 2087 out of 150000
DEBUG: Total dvariable address used is 4013584 out of 50000000
DEBUG: Total gradient stack used is 449987 out of 10000000
DEBUG: Total dvariable address used is 2087 out of 150000
DEBUG: Total dvariable address used is 4013584 out of 50000000
DEBUG: Total gradient stack used is 449987 out of 10000000
DEBUG: Total dvariable address used is 2087 out of 150000
DEBUG: Total dvariable address used is 4013584 out of 50000000
DEBUG: Total gradient stack used is 449987 out of 10000000
DEBUG: Total dvariable address used is 2087 out of 150000
DEBUG: Total dvariable address used is 4013584 out of 50000000
DEBUG: Total gradient stack used is 449987 out of 10000000
DEBUG: Total dvariable address used is 2087 out of 150000
DEBUG: Total dvariable address used is 4013584 out of 50000000
DEBUG: Total gradient stack used is 449987 out of 10000000
DEBUG: Total dvariable address used is 2087 out of 150000
DEBUG: Total dvariable address used is 4013584 out of 50000000
DEBUG: Total gradient stack used is 449987 out of 10000000
DEBUG: Total dvariable address used is 2087 out of 150000
DEBUG: Total dvariable address used is 4013584 out of 50000000
DEBUG: Total gradient stack used is 449987 out of 10000000
DEBUG: Total dvariable address used is 2087 out of 150000
DEBUG: Total dvariable address used is 4013584 out of 50000000
DEBUG: Total gradient stack used is 449987 out of 10000000
DEBUG: Total dvariable address used is 2087 out of 150000
DEBUG: Total dvariable address used is 4013584 out of 50000000
DEBUG: Total gradient stack used is 449987 out of 10000000
DEBUG: Total dvariable address used is 2087 out of 150000
DEBUG: Total dvariable address used is 4013584 out of 50000000
DEBUG: Total gradient stack used is 449987 out of 10000000
DEBUG: Total dvariable address used is 2087 out of 150000
DEBUG: Total dvariable address used is 4013584 out of 50000000
DEBUG: Total gradient stack used is 449987 out of 10000000
DEBUG: Total dvariable address used is 2087 out of 150000
DEBUG: Total dvariable address used is 4013584 out of 50000000
DEBUG: Total gradient stack used is 449987 out of 10000000
DEBUG: Total dvariable address used is 2087 out of 150000
DEBUG: Total dvariable address used is 4013584 out of 50000000
DEBUG: Total gradient stack used is 449987 out of 10000000
DEBUG: Total dvariable address used is 2087 out of 150000
DEBUG: Total dvariable address used is 4013584 out of 50000000
DEBUG: Total gradient stack used is 449987 out of 10000000
DEBUG: Total dvariable address used is 2087 out of 150000
DEBUG: Total dvariable address used is 4013584 out of 50000000
DEBUG: Total gradient stack used is 449987 out of 10000000
DEBUG: Total dvariable address used is 2087 out of 150000
DEBUG: Total dvariable address used is 4013584 out of 50000000
DEBUG: Total gradient stack used is 449987 out of 10000000
DEBUG: Total dvariable address used is 2087 out of 150000
DEBUG: Total dvariable address used is 4013584 out of 50000000
DEBUG: Total gradient stack used is 449987 out of 10000000
DEBUG: Total dvariable address used is 2087 out of 150000
DEBUG: Total dvariable address used is 4013584 out of 50000000
DEBUG: Total gradient stack used is 449987 out of 10000000
DEBUG: Total dvariable address used is 2087 out of 150000
DEBUG: Total dvariable address used is 4013584 out of 50000000
DEBUG: Total gradient stack used is 449987 out of 10000000
DEBUG: Total dvariable address used is 2087 out of 150000
DEBUG: Total dvariable address used is 4013584 out of 50000000
DEBUG: Total gradient stack used is 449987 out of 10000000
DEBUG: Total dvariable address used is 2087 out of 150000
DEBUG: Total dvariable address used is 4013584 out of 50000000
DEBUG: Total gradient stack used is 449987 out of 10000000
DEBUG: Total dvariable address used is 2087 out of 150000
DEBUG: Total dvariable address used is 4013584 out of 50000000
DEBUG: Total gradient stack used is 449987 out of 10000000
DEBUG: Total dvariable address used is 2087 out of 150000
DEBUG: Total dvariable address used is 4013584 out of 50000000
DEBUG: Total gradient stack used is 449987 out of 10000000
DEBUG: Total dvariable address used is 2087 out of 150000
DEBUG: Total dvariable address used is 4013584 out of 50000000
DEBUG: Total gradient stack used is 449987 out of 10000000
DEBUG: Total dvariable address used is 2087 out of 150000
DEBUG: Total dvariable address used is 4013584 out of 50000000
DEBUG: Total gradient stack used is 449987 out of 10000000
DEBUG: Total dvariable address used is 2087 out of 150000
DEBUG: Total dvariable address used is 4013584 out of 50000000
DEBUG: Total gradient stack used is 449987 out of 10000000
DEBUG: Total dvariable address used is 2087 out of 150000
DEBUG: Total dvariable address used is 4013584 out of 50000000
DEBUG: Total gradient stack used is 449987 out of 10000000
DEBUG: Total dvariable address used is 2087 out of 150000
DEBUG: Total dvariable address used is 4013584 out of 50000000
DEBUG: Total gradient stack used is 449987 out of 10000000
DEBUG: Total dvariable address used is 2087 out of 150000
DEBUG: Total dvariable address used is 4013584 out of 50000000
DEBUG: Total gradient stack used is 449987 out of 10000000
DEBUG: Total dvariable address used is 2087 out of 150000
DEBUG: Total dvariable address used is 4013584 out of 50000000
DEBUG: Total gradient stack used is 449987 out of 10000000
DEBUG: Total dvariable address used is 2087 out of 150000
DEBUG: Total dvariable address used is 4013584 out of 50000000
DEBUG: Total gradient stack used is 449987 out of 10000000
DEBUG: Total dvariable address used is 2087 out of 150000
DEBUG: Total dvariable address used is 4013584 out of 50000000
DEBUG: Total gradient stack used is 449987 out of 10000000
DEBUG: Total dvariable address used is 2087 out of 150000
DEBUG: Total dvariable address used is 4013584 out of 50000000
DEBUG: Total gradient stack used is 449987 out of 10000000
DEBUG: Total dvariable address used is 2087 out of 150000
DEBUG: Total dvariable address used is 4013584 out of 50000000
DEBUG: Total gradient stack used is 449987 out of 10000000
DEBUG: Total dvariable address used is 2087 out of 150000
DEBUG: Total dvariable address used is 4013584 out of 50000000
DEBUG: Total gradient stack used is 449987 out of 10000000
DEBUG: Total dvariable address used is 2087 out of 150000
DEBUG: Total dvariable address used is 4013584 out of 50000000
DEBUG: Total gradient stack used is 449987 out of 10000000
DEBUG: Total dvariable address used is 2087 out of 150000
DEBUG: Total dvariable address used is 4013584 out of 50000000
DEBUG: Total gradient stack used is 449987 out of 10000000
DEBUG: Total dvariable address used is 2087 out of 150000
DEBUG: Total dvariable address used is 4013584 out of 50000000
DEBUG: Total gradient stack used is 449987 out of 10000000
DEBUG: Total dvariable address used is 2087 out of 150000
DEBUG: Total dvariable address used is 4013584 out of 50000000
DEBUG: Total gradient stack used is 449987 out of 10000000
DEBUG: Total dvariable address used is 2087 out of 150000
DEBUG: Total dvariable address used is 4013584 out of 50000000
DEBUG: Total gradient stack used is 449987 out of 10000000
DEBUG: Total dvariable address used is 2087 out of 150000
DEBUG: Total dvariable address used is 4013584 out of 50000000
DEBUG: Total gradient stack used is 449987 out of 10000000
DEBUG: Total dvariable address used is 2087 out of 150000
DEBUG: Total dvariable address used is 4013584 out of 50000000
DEBUG: Total gradient stack used is 449987 out of 10000000
DEBUG: Total dvariable address used is 2087 out of 150000
DEBUG: Total dvariable address used is 4013584 out of 50000000
DEBUG: Total gradient stack used is 449987 out of 10000000
DEBUG: Total dvariable address used is 2087 out of 150000
DEBUG: Total dvariable address used is 4013584 out of 50000000
DEBUG: Total gradient stack used is 449987 out of 10000000
DEBUG: Total dvariable address used is 2087 out of 150000
DEBUG: Total dvariable address used is 4013584 out of 50000000
DEBUG: Total gradient stack used is 449987 out of 10000000
DEBUG: Total dvariable address used is 2087 out of 150000
DEBUG: Total dvariable address used is 4013584 out of 50000000
DEBUG: Total gradient stack used is 449987 out of 10000000
DEBUG: Total dvariable address used is 2087 out of 150000
DEBUG: Total dvariable address used is 4013584 out of 50000000
DEBUG: Total gradient stack used is 449987 out of 10000000
DEBUG: Total dvariable address used is 2087 out of 150000
DEBUG: Total dvariable address used is 4013584 out of 50000000
DEBUG: Total gradient stack used is 449987 out of 10000000
DEBUG: Total dvariable address used is 2087 out of 150000
DEBUG: Total dvariable address used is 4013584 out of 50000000
DEBUG: Total gradient stack used is 449987 out of 10000000
DEBUG: Total dvariable address used is 2087 out of 150000
DEBUG: Total dvariable address used is 4013584 out of 50000000
DEBUG: Total gradient stack used is 449987 out of 10000000
DEBUG: Total dvariable address used is 2087 out of 150000
DEBUG: Total dvariable address used is 4013584 out of 50000000
DEBUG: Total gradient stack used is 449987 out of 10000000
DEBUG: Total dvariable address used is 2087 out of 150000
DEBUG: Total dvariable address used is 4013584 out of 50000000
DEBUG: Total gradient stack used is 449987 out of 10000000
DEBUG: Total dvariable address used is 2087 out of 150000
DEBUG: Total dvariable address used is 4013584 out of 50000000
DEBUG: Total gradient stack used is 449987 out of 10000000
DEBUG: Total dvariable address used is 2087 out of 150000
DEBUG: Total dvariable address used is 4013584 out of 50000000
DEBUG: Total gradient stack used is 449987 out of 10000000
DEBUG: Total dvariable address used is 2087 out of 150000
DEBUG: Total dvariable address used is 4013584 out of 50000000
DEBUG: Total gradient stack used is 449987 out of 10000000
DEBUG: Total dvariable address used is 2087 out of 150000
DEBUG: Total dvariable address used is 4013584 out of 50000000
DEBUG: Total gradient stack used is 449987 out of 10000000
DEBUG: Total dvariable address used is 2087 out of 150000
DEBUG: Total dvariable address used is 4013584 out of 50000000
DEBUG: Total gradient stack used is 449987 out of 10000000
DEBUG: Total dvariable address used is 2087 out of 150000
DEBUG: Total dvariable address used is 4013584 out of 50000000
DEBUG: Total gradient stack used is 449987 out of 10000000
DEBUG: Total dvariable address used is 2087 out of 150000
DEBUG: Total dvariable address used is 4013584 out of 50000000
DEBUG: Total gradient stack used is 449987 out of 10000000
DEBUG: Total dvariable address used is 2087 out of 150000
DEBUG: Total dvariable address used is 4013584 out of 50000000
DEBUG: Total gradient stack used is 449987 out of 10000000
DEBUG: Total dvariable address used is 2087 out of 150000
DEBUG: Total dvariable address used is 4013584 out of 50000000
DEBUG: Total gradient stack used is 449987 out of 10000000
DEBUG: Total dvariable address used is 2087 out of 150000
DEBUG: Total dvariable address used is 4013584 out of 50000000
DEBUG: Total gradient stack used is 449987 out of 10000000
DEBUG: Total dvariable address used is 2087 out of 150000
DEBUG: Total dvariable address used is 4013584 out of 50000000
DEBUG: Total gradient stack used is 449987 out of 10000000
DEBUG: Total dvariable address used is 2087 out of 150000
DEBUG: Total dvariable address used is 4013584 out of 50000000
DEBUG: Total gradient stack used is 449987 out of 10000000
DEBUG: Total dvariable address used is 2087 out of 150000
DEBUG: Total dvariable address used is 4013584 out of 50000000
DEBUG: Total gradient stack used is 449987 out of 10000000
DEBUG: Total dvariable address used is 2087 out of 150000
DEBUG: Total dvariable address used is 4013584 out of 50000000
DEBUG: Total gradient stack used is 449987 out of 10000000
DEBUG: Total dvariable address used is 2087 out of 150000
DEBUG: Total dvariable address used is 4013584 out of 50000000
DEBUG: Total gradient stack used is 449987 out of 10000000
DEBUG: Total dvariable address used is 2087 out of 150000
DEBUG: Total dvariable address used is 4013584 out of 50000000
DEBUG: Total gradient stack used is 449987 out of 10000000
DEBUG: Total dvariable address used is 2087 out of 150000
DEBUG: Total dvariable address used is 4013584 out of 50000000
DEBUG: Total gradient stack used is 449987 out of 10000000
DEBUG: Total dvariable address used is 2087 out of 150000
DEBUG: Total dvariable address used is 4013584 out of 50000000
DEBUG: Total gradient stack used is 449987 out of 10000000
DEBUG: Total dvariable address used is 2087 out of 150000
DEBUG: Total dvariable address used is 4013584 out of 50000000
DEBUG: Total gradient stack used is 449987 out of 10000000
DEBUG: Total dvariable address used is 2087 out of 150000
DEBUG: Total dvariable address used is 4013584 out of 50000000
DEBUG: Total gradient stack used is 449987 out of 10000000
DEBUG: Total dvariable address used is 2087 out of 150000
DEBUG: Total dvariable address used is 4013584 out of 50000000
DEBUG: Total gradient stack used is 449987 out of 10000000
DEBUG: Total dvariable address used is 2087 out of 150000
DEBUG: Total dvariable address used is 4013584 out of 50000000
DEBUG: Total gradient stack used is 449987 out of 10000000
DEBUG: Total dvariable address used is 2087 out of 150000
DEBUG: Total dvariable address used is 4013584 out of 50000000
DEBUG: Total gradient stack used is 449987 out of 10000000
DEBUG: Total dvariable address used is 2087 out of 150000
DEBUG: Total dvariable address used is 4013584 out of 50000000
DEBUG: Total gradient stack used is 449987 out of 10000000
DEBUG: Total dvariable address used is 2087 out of 150000
DEBUG: Total dvariable address used is 4013584 out of 50000000
DEBUG: Total gradient stack used is 449987 out of 10000000
DEBUG: Total dvariable address used is 2087 out of 150000
DEBUG: Total dvariable address used is 4013584 out of 50000000
DEBUG: Total gradient stack used is 449987 out of 10000000
DEBUG: Total dvariable address used is 2087 out of 150000
DEBUG: Total dvariable address used is 4013584 out of 50000000
DEBUG: Total gradient stack used is 449987 out of 10000000
DEBUG: Total dvariable address used is 2087 out of 150000
DEBUG: Total dvariable address used is 4013584 out of 50000000
DEBUG: Total gradient stack used is 449987 out of 10000000
DEBUG: Total dvariable address used is 2087 out of 150000
DEBUG: Total dvariable address used is 4013584 out of 50000000
DEBUG: Total gradient stack used is 449987 out of 10000000
DEBUG: Total dvariable address used is 2087 out of 150000
DEBUG: Total dvariable address used is 4013584 out of 50000000
DEBUG: Total gradient stack used is 449987 out of 10000000
DEBUG: Total dvariable address used is 2087 out of 150000
DEBUG: Total dvariable address used is 4013584 out of 50000000
DEBUG: Total gradient stack used is 449987 out of 10000000
DEBUG: Total dvariable address used is 2087 out of 150000
DEBUG: Total dvariable address used is 4013584 out of 50000000
DEBUG: Total gradient stack used is 449987 out of 10000000
DEBUG: Total dvariable address used is 2087 out of 150000
DEBUG: Total dvariable address used is 4013584 out of 50000000
DEBUG: Total gradient stack used is 449987 out of 10000000
DEBUG: Total dvariable address used is 2087 out of 150000
DEBUG: Total dvariable address used is 4013584 out of 50000000
DEBUG: Total gradient stack used is 449987 out of 10000000
DEBUG: Total dvariable address used is 2087 out of 150000
DEBUG: Total dvariable address used is 4013584 out of 50000000
DEBUG: Total gradient stack used is 449987 out of 10000000
DEBUG: Total dvariable address used is 2087 out of 150000
DEBUG: Total dvariable address used is 4013584 out of 50000000
DEBUG: Total gradient stack used is 449987 out of 10000000
DEBUG: Total dvariable address used is 2087 out of 150000
DEBUG: Total dvariable address used is 4013584 out of 50000000
DEBUG: Total gradient stack used is 449987 out of 10000000
DEBUG: Total dvariable address used is 2087 out of 150000
DEBUG: Total dvariable address used is 4013584 out of 50000000
DEBUG: Total gradient stack used is 449987 out of 10000000
DEBUG: Total dvariable address used is 2087 out of 150000
DEBUG: Total dvariable address used is 4013584 out of 50000000
DEBUG: Total gradient stack used is 449987 out of 10000000
DEBUG: Total dvariable address used is 2087 out of 150000
DEBUG: Total dvariable address used is 4013584 out of 50000000
DEBUG: Total gradient stack used is 449987 out of 10000000
DEBUG: Total dvariable address used is 2087 out of 150000
DEBUG: Total dvariable address used is 4013584 out of 50000000
DEBUG: Total gradient stack used is 449987 out of 10000000
DEBUG: Total dvariable address used is 2087 out of 150000
DEBUG: Total dvariable address used is 4013584 out of 50000000
DEBUG: Total gradient stack used is 449987 out of 10000000
DEBUG: Total dvariable address used is 2087 out of 150000
DEBUG: Total dvariable address used is 4013584 out of 50000000
DEBUG: Total gradient stack used is 449987 out of 10000000
DEBUG: Total dvariable address used is 2087 out of 150000
DEBUG: Total dvariable address used is 4013584 out of 50000000
DEBUG: Total gradient stack used is 449987 out of 10000000
DEBUG: Total dvariable address used is 2087 out of 150000
DEBUG: Total dvariable address used is 4013584 out of 50000000
DEBUG: Total gradient stack used is 449987 out of 10000000
DEBUG: Total dvariable address used is 2087 out of 150000
DEBUG: Total dvariable address used is 4013584 out of 50000000
DEBUG: Total gradient stack used is 449987 out of 10000000
DEBUG: Total dvariable address used is 2087 out of 150000
DEBUG: Total dvariable address used is 4013584 out of 50000000
DEBUG: Total gradient stack used is 449987 out of 10000000
DEBUG: Total dvariable address used is 2087 out of 150000
DEBUG: Total dvariable address used is 4013584 out of 50000000
DEBUG: Total gradient stack used is 449987 out of 10000000
DEBUG: Total dvariable address used is 2087 out of 150000
DEBUG: Total dvariable address used is 4013584 out of 50000000
DEBUG: Total gradient stack used is 449987 out of 10000000
DEBUG: Total dvariable address used is 2087 out of 150000
DEBUG: Total dvariable address used is 4013584 out of 50000000
DEBUG: Total gradient stack used is 449987 out of 10000000
DEBUG: Total dvariable address used is 2087 out of 150000
DEBUG: Total dvariable address used is 4013584 out of 50000000
DEBUG: Total gradient stack used is 449987 out of 10000000
DEBUG: Total dvariable address used is 2087 out of 150000
DEBUG: Total dvariable address used is 4013584 out of 50000000
DEBUG: Total gradient stack used is 449987 out of 10000000
DEBUG: Total dvariable address used is 2087 out of 150000
DEBUG: Total dvariable address used is 4013584 out of 50000000
, 80%DEBUG: Total gradient stack used is 449987 out of 10000000
DEBUG: Total dvariable address used is 2087 out of 150000
DEBUG: Total dvariable address used is 4013584 out of 50000000
DEBUG: Total gradient stack used is 449987 out of 10000000
DEBUG: Total dvariable address used is 2087 out of 150000
DEBUG: Total dvariable address used is 4013584 out of 50000000
DEBUG: Total gradient stack used is 449987 out of 10000000
DEBUG: Total dvariable address used is 2087 out of 150000
DEBUG: Total dvariable address used is 4013584 out of 50000000
DEBUG: Total gradient stack used is 449987 out of 10000000
DEBUG: Total dvariable address used is 2087 out of 150000
DEBUG: Total dvariable address used is 4013584 out of 50000000
DEBUG: Total gradient stack used is 449987 out of 10000000
DEBUG: Total dvariable address used is 2087 out of 150000
DEBUG: Total dvariable address used is 4013584 out of 50000000
DEBUG: Total gradient stack used is 449987 out of 10000000
DEBUG: Total dvariable address used is 2087 out of 150000
DEBUG: Total dvariable address used is 4013584 out of 50000000
DEBUG: Total gradient stack used is 449987 out of 10000000
DEBUG: Total dvariable address used is 2087 out of 150000
DEBUG: Total dvariable address used is 4013584 out of 50000000
DEBUG: Total gradient stack used is 449987 out of 10000000
DEBUG: Total dvariable address used is 2087 out of 150000
DEBUG: Total dvariable address used is 4013584 out of 50000000
DEBUG: Total gradient stack used is 449987 out of 10000000
DEBUG: Total dvariable address used is 2087 out of 150000
DEBUG: Total dvariable address used is 4013584 out of 50000000
DEBUG: Total gradient stack used is 449987 out of 10000000
DEBUG: Total dvariable address used is 2087 out of 150000
DEBUG: Total dvariable address used is 4013584 out of 50000000
DEBUG: Total gradient stack used is 449987 out of 10000000
DEBUG: Total dvariable address used is 2087 out of 150000
DEBUG: Total dvariable address used is 4013584 out of 50000000
DEBUG: Total gradient stack used is 449987 out of 10000000
DEBUG: Total dvariable address used is 2087 out of 150000
DEBUG: Total dvariable address used is 4013584 out of 50000000
DEBUG: Total gradient stack used is 449987 out of 10000000
DEBUG: Total dvariable address used is 2087 out of 150000
DEBUG: Total dvariable address used is 4013584 out of 50000000
DEBUG: Total gradient stack used is 449987 out of 10000000
DEBUG: Total dvariable address used is 2087 out of 150000
DEBUG: Total dvariable address used is 4013584 out of 50000000
DEBUG: Total gradient stack used is 449987 out of 10000000
DEBUG: Total dvariable address used is 2087 out of 150000
DEBUG: Total dvariable address used is 4013584 out of 50000000
DEBUG: Total gradient stack used is 449987 out of 10000000
DEBUG: Total dvariable address used is 2087 out of 150000
DEBUG: Total dvariable address used is 4013584 out of 50000000
DEBUG: Total gradient stack used is 449987 out of 10000000
DEBUG: Total dvariable address used is 2087 out of 150000
DEBUG: Total dvariable address used is 4013584 out of 50000000
DEBUG: Total gradient stack used is 449987 out of 10000000
DEBUG: Total dvariable address used is 2087 out of 150000
DEBUG: Total dvariable address used is 4013584 out of 50000000
DEBUG: Total gradient stack used is 449987 out of 10000000
DEBUG: Total dvariable address used is 2087 out of 150000
DEBUG: Total dvariable address used is 4013584 out of 50000000
DEBUG: Total gradient stack used is 449987 out of 10000000
DEBUG: Total dvariable address used is 2087 out of 150000
DEBUG: Total dvariable address used is 4013584 out of 50000000
DEBUG: Total gradient stack used is 449987 out of 10000000
DEBUG: Total dvariable address used is 2087 out of 150000
DEBUG: Total dvariable address used is 4013584 out of 50000000
DEBUG: Total gradient stack used is 449987 out of 10000000
DEBUG: Total dvariable address used is 2087 out of 150000
DEBUG: Total dvariable address used is 4013584 out of 50000000
DEBUG: Total gradient stack used is 449987 out of 10000000
DEBUG: Total dvariable address used is 2087 out of 150000
DEBUG: Total dvariable address used is 4013584 out of 50000000
DEBUG: Total gradient stack used is 449987 out of 10000000
DEBUG: Total dvariable address used is 2087 out of 150000
DEBUG: Total dvariable address used is 4013584 out of 50000000
DEBUG: Total gradient stack used is 449987 out of 10000000
DEBUG: Total dvariable address used is 2087 out of 150000
DEBUG: Total dvariable address used is 4013584 out of 50000000
DEBUG: Total gradient stack used is 449987 out of 10000000
DEBUG: Total dvariable address used is 2087 out of 150000
DEBUG: Total dvariable address used is 4013584 out of 50000000
DEBUG: Total gradient stack used is 449987 out of 10000000
DEBUG: Total dvariable address used is 2087 out of 150000
DEBUG: Total dvariable address used is 4013584 out of 50000000
DEBUG: Total gradient stack used is 449987 out of 10000000
DEBUG: Total dvariable address used is 2087 out of 150000
DEBUG: Total dvariable address used is 4013584 out of 50000000
DEBUG: Total gradient stack used is 449987 out of 10000000
DEBUG: Total dvariable address used is 2087 out of 150000
DEBUG: Total dvariable address used is 4013584 out of 50000000
DEBUG: Total gradient stack used is 449987 out of 10000000
DEBUG: Total dvariable address used is 2087 out of 150000
DEBUG: Total dvariable address used is 4013584 out of 50000000
DEBUG: Total gradient stack used is 449987 out of 10000000
DEBUG: Total dvariable address used is 2087 out of 150000
DEBUG: Total dvariable address used is 4013584 out of 50000000
DEBUG: Total gradient stack used is 449987 out of 10000000
DEBUG: Total dvariable address used is 2087 out of 150000
DEBUG: Total dvariable address used is 4013584 out of 50000000
DEBUG: Total gradient stack used is 449987 out of 10000000
DEBUG: Total dvariable address used is 2087 out of 150000
DEBUG: Total dvariable address used is 4013584 out of 50000000
DEBUG: Total gradient stack used is 449987 out of 10000000
DEBUG: Total dvariable address used is 2087 out of 150000
DEBUG: Total dvariable address used is 4013584 out of 50000000
DEBUG: Total gradient stack used is 449987 out of 10000000
DEBUG: Total dvariable address used is 2087 out of 150000
DEBUG: Total dvariable address used is 4013584 out of 50000000
DEBUG: Total gradient stack used is 449987 out of 10000000
DEBUG: Total dvariable address used is 2087 out of 150000
DEBUG: Total dvariable address used is 4013584 out of 50000000
DEBUG: Total gradient stack used is 449987 out of 10000000
DEBUG: Total dvariable address used is 2087 out of 150000
DEBUG: Total dvariable address used is 4013584 out of 50000000
DEBUG: Total gradient stack used is 449987 out of 10000000
DEBUG: Total dvariable address used is 2087 out of 150000
DEBUG: Total dvariable address used is 4013584 out of 50000000
DEBUG: Total gradient stack used is 449987 out of 10000000
DEBUG: Total dvariable address used is 2087 out of 150000
DEBUG: Total dvariable address used is 4013584 out of 50000000
DEBUG: Total gradient stack used is 449987 out of 10000000
DEBUG: Total dvariable address used is 2087 out of 150000
DEBUG: Total dvariable address used is 4013584 out of 50000000
DEBUG: Total gradient stack used is 449987 out of 10000000
DEBUG: Total dvariable address used is 2087 out of 150000
DEBUG: Total dvariable address used is 4013584 out of 50000000
DEBUG: Total gradient stack used is 449987 out of 10000000
DEBUG: Total dvariable address used is 2087 out of 150000
DEBUG: Total dvariable address used is 4013584 out of 50000000
DEBUG: Total gradient stack used is 449987 out of 10000000
DEBUG: Total dvariable address used is 2087 out of 150000
DEBUG: Total dvariable address used is 4013584 out of 50000000
DEBUG: Total gradient stack used is 449987 out of 10000000
DEBUG: Total dvariable address used is 2087 out of 150000
DEBUG: Total dvariable address used is 4013584 out of 50000000
DEBUG: Total gradient stack used is 449987 out of 10000000
DEBUG: Total dvariable address used is 2087 out of 150000
DEBUG: Total dvariable address used is 4013584 out of 50000000
DEBUG: Total gradient stack used is 449987 out of 10000000
DEBUG: Total dvariable address used is 2087 out of 150000
DEBUG: Total dvariable address used is 4013584 out of 50000000
DEBUG: Total gradient stack used is 449987 out of 10000000
DEBUG: Total dvariable address used is 2087 out of 150000
DEBUG: Total dvariable address used is 4013584 out of 50000000
DEBUG: Total gradient stack used is 449987 out of 10000000
DEBUG: Total dvariable address used is 2087 out of 150000
DEBUG: Total dvariable address used is 4013584 out of 50000000
DEBUG: Total gradient stack used is 449987 out of 10000000
DEBUG: Total dvariable address used is 2087 out of 150000
DEBUG: Total dvariable address used is 4013584 out of 50000000
DEBUG: Total gradient stack used is 449987 out of 10000000
DEBUG: Total dvariable address used is 2087 out of 150000
DEBUG: Total dvariable address used is 4013584 out of 50000000
DEBUG: Total gradient stack used is 449987 out of 10000000
DEBUG: Total dvariable address used is 2087 out of 150000
DEBUG: Total dvariable address used is 4013584 out of 50000000
DEBUG: Total gradient stack used is 449987 out of 10000000
DEBUG: Total dvariable address used is 2087 out of 150000
DEBUG: Total dvariable address used is 4013584 out of 50000000
DEBUG: Total gradient stack used is 449987 out of 10000000
DEBUG: Total dvariable address used is 2087 out of 150000
DEBUG: Total dvariable address used is 4013584 out of 50000000
DEBUG: Total gradient stack used is 449987 out of 10000000
DEBUG: Total dvariable address used is 2087 out of 150000
DEBUG: Total dvariable address used is 4013584 out of 50000000
DEBUG: Total gradient stack used is 449987 out of 10000000
DEBUG: Total dvariable address used is 2087 out of 150000
DEBUG: Total dvariable address used is 4013584 out of 50000000
DEBUG: Total gradient stack used is 449987 out of 10000000
DEBUG: Total dvariable address used is 2087 out of 150000
DEBUG: Total dvariable address used is 4013584 out of 50000000
DEBUG: Total gradient stack used is 449987 out of 10000000
DEBUG: Total dvariable address used is 2087 out of 150000
DEBUG: Total dvariable address used is 4013584 out of 50000000
DEBUG: Total gradient stack used is 449987 out of 10000000
DEBUG: Total dvariable address used is 2087 out of 150000
DEBUG: Total dvariable address used is 4013584 out of 50000000
DEBUG: Total gradient stack used is 449987 out of 10000000
DEBUG: Total dvariable address used is 2087 out of 150000
DEBUG: Total dvariable address used is 4013584 out of 50000000
DEBUG: Total gradient stack used is 449987 out of 10000000
DEBUG: Total dvariable address used is 2087 out of 150000
DEBUG: Total dvariable address used is 4013584 out of 50000000
DEBUG: Total gradient stack used is 449987 out of 10000000
DEBUG: Total dvariable address used is 2087 out of 150000
DEBUG: Total dvariable address used is 4013584 out of 50000000
DEBUG: Total gradient stack used is 449987 out of 10000000
DEBUG: Total dvariable address used is 2087 out of 150000
DEBUG: Total dvariable address used is 4013584 out of 50000000
DEBUG: Total gradient stack used is 449987 out of 10000000
DEBUG: Total dvariable address used is 2087 out of 150000
DEBUG: Total dvariable address used is 4013584 out of 50000000
DEBUG: Total gradient stack used is 449987 out of 10000000
DEBUG: Total dvariable address used is 2087 out of 150000
DEBUG: Total dvariable address used is 4013584 out of 50000000
DEBUG: Total gradient stack used is 449987 out of 10000000
DEBUG: Total dvariable address used is 2087 out of 150000
DEBUG: Total dvariable address used is 4013584 out of 50000000
DEBUG: Total gradient stack used is 449987 out of 10000000
DEBUG: Total dvariable address used is 2087 out of 150000
DEBUG: Total dvariable address used is 4013584 out of 50000000
DEBUG: Total gradient stack used is 449987 out of 10000000
DEBUG: Total dvariable address used is 2087 out of 150000
DEBUG: Total dvariable address used is 4013584 out of 50000000
DEBUG: Total gradient stack used is 449987 out of 10000000
DEBUG: Total dvariable address used is 2087 out of 150000
DEBUG: Total dvariable address used is 4013584 out of 50000000
DEBUG: Total gradient stack used is 449987 out of 10000000
DEBUG: Total dvariable address used is 2087 out of 150000
DEBUG: Total dvariable address used is 4013584 out of 50000000
DEBUG: Total gradient stack used is 449987 out of 10000000
DEBUG: Total dvariable address used is 2087 out of 150000
DEBUG: Total dvariable address used is 4013584 out of 50000000
DEBUG: Total gradient stack used is 449987 out of 10000000
DEBUG: Total dvariable address used is 2087 out of 150000
DEBUG: Total dvariable address used is 4013584 out of 50000000
DEBUG: Total gradient stack used is 449987 out of 10000000
DEBUG: Total dvariable address used is 2087 out of 150000
DEBUG: Total dvariable address used is 4013584 out of 50000000
DEBUG: Total gradient stack used is 449987 out of 10000000
DEBUG: Total dvariable address used is 2087 out of 150000
DEBUG: Total dvariable address used is 4013584 out of 50000000
DEBUG: Total gradient stack used is 449987 out of 10000000
DEBUG: Total dvariable address used is 2087 out of 150000
DEBUG: Total dvariable address used is 4013584 out of 50000000
DEBUG: Total gradient stack used is 449987 out of 10000000
DEBUG: Total dvariable address used is 2087 out of 150000
DEBUG: Total dvariable address used is 4013584 out of 50000000
DEBUG: Total gradient stack used is 449987 out of 10000000
DEBUG: Total dvariable address used is 2087 out of 150000
DEBUG: Total dvariable address used is 4013584 out of 50000000
DEBUG: Total gradient stack used is 449987 out of 10000000
DEBUG: Total dvariable address used is 2087 out of 150000
DEBUG: Total dvariable address used is 4013584 out of 50000000
DEBUG: Total gradient stack used is 449987 out of 10000000
DEBUG: Total dvariable address used is 2087 out of 150000
DEBUG: Total dvariable address used is 4013584 out of 50000000
DEBUG: Total gradient stack used is 449987 out of 10000000
DEBUG: Total dvariable address used is 2087 out of 150000
DEBUG: Total dvariable address used is 4013584 out of 50000000
DEBUG: Total gradient stack used is 449987 out of 10000000
DEBUG: Total dvariable address used is 2087 out of 150000
DEBUG: Total dvariable address used is 4013584 out of 50000000
DEBUG: Total gradient stack used is 449987 out of 10000000
DEBUG: Total dvariable address used is 2087 out of 150000
DEBUG: Total dvariable address used is 4013584 out of 50000000
DEBUG: Total gradient stack used is 449987 out of 10000000
DEBUG: Total dvariable address used is 2087 out of 150000
DEBUG: Total dvariable address used is 4013584 out of 50000000
DEBUG: Total gradient stack used is 449987 out of 10000000
DEBUG: Total dvariable address used is 2087 out of 150000
DEBUG: Total dvariable address used is 4013584 out of 50000000
DEBUG: Total gradient stack used is 449987 out of 10000000
DEBUG: Total dvariable address used is 2087 out of 150000
DEBUG: Total dvariable address used is 4013584 out of 50000000
DEBUG: Total gradient stack used is 449987 out of 10000000
DEBUG: Total dvariable address used is 2087 out of 150000
DEBUG: Total dvariable address used is 4013584 out of 50000000
DEBUG: Total gradient stack used is 449987 out of 10000000
DEBUG: Total dvariable address used is 2087 out of 150000
DEBUG: Total dvariable address used is 4013584 out of 50000000
DEBUG: Total gradient stack used is 449987 out of 10000000
DEBUG: Total dvariable address used is 2087 out of 150000
DEBUG: Total dvariable address used is 4013584 out of 50000000
DEBUG: Total gradient stack used is 449987 out of 10000000
DEBUG: Total dvariable address used is 2087 out of 150000
DEBUG: Total dvariable address used is 4013584 out of 50000000
DEBUG: Total gradient stack used is 449987 out of 10000000
DEBUG: Total dvariable address used is 2087 out of 150000
DEBUG: Total dvariable address used is 4013584 out of 50000000
DEBUG: Total gradient stack used is 449987 out of 10000000
DEBUG: Total dvariable address used is 2087 out of 150000
DEBUG: Total dvariable address used is 4013584 out of 50000000
DEBUG: Total gradient stack used is 449987 out of 10000000
DEBUG: Total dvariable address used is 2087 out of 150000
DEBUG: Total dvariable address used is 4013584 out of 50000000
DEBUG: Total gradient stack used is 449987 out of 10000000
DEBUG: Total dvariable address used is 2087 out of 150000
DEBUG: Total dvariable address used is 4013584 out of 50000000
DEBUG: Total gradient stack used is 449987 out of 10000000
DEBUG: Total dvariable address used is 2087 out of 150000
DEBUG: Total dvariable address used is 4013584 out of 50000000
DEBUG: Total gradient stack used is 449987 out of 10000000
DEBUG: Total dvariable address used is 2087 out of 150000
DEBUG: Total dvariable address used is 4013584 out of 50000000
DEBUG: Total gradient stack used is 449987 out of 10000000
DEBUG: Total dvariable address used is 2087 out of 150000
DEBUG: Total dvariable address used is 4013584 out of 50000000
DEBUG: Total gradient stack used is 449987 out of 10000000
DEBUG: Total dvariable address used is 2087 out of 150000
DEBUG: Total dvariable address used is 4013584 out of 50000000
DEBUG: Total gradient stack used is 449987 out of 10000000
DEBUG: Total dvariable address used is 2087 out of 150000
DEBUG: Total dvariable address used is 4013584 out of 50000000
DEBUG: Total gradient stack used is 449987 out of 10000000
DEBUG: Total dvariable address used is 2087 out of 150000
DEBUG: Total dvariable address used is 4013584 out of 50000000
DEBUG: Total gradient stack used is 449987 out of 10000000
DEBUG: Total dvariable address used is 2087 out of 150000
DEBUG: Total dvariable address used is 4013584 out of 50000000
DEBUG: Total gradient stack used is 449987 out of 10000000
DEBUG: Total dvariable address used is 2087 out of 150000
DEBUG: Total dvariable address used is 4013584 out of 50000000
DEBUG: Total gradient stack used is 449987 out of 10000000
DEBUG: Total dvariable address used is 2087 out of 150000
DEBUG: Total dvariable address used is 4013584 out of 50000000
DEBUG: Total gradient stack used is 449987 out of 10000000
DEBUG: Total dvariable address used is 2087 out of 150000
DEBUG: Total dvariable address used is 4013584 out of 50000000
DEBUG: Total gradient stack used is 449987 out of 10000000
DEBUG: Total dvariable address used is 2087 out of 150000
DEBUG: Total dvariable address used is 4013584 out of 50000000
DEBUG: Total gradient stack used is 449987 out of 10000000
DEBUG: Total dvariable address used is 2087 out of 150000
DEBUG: Total dvariable address used is 4013584 out of 50000000
DEBUG: Total gradient stack used is 449987 out of 10000000
DEBUG: Total dvariable address used is 2087 out of 150000
DEBUG: Total dvariable address used is 4013584 out of 50000000
DEBUG: Total gradient stack used is 449987 out of 10000000
DEBUG: Total dvariable address used is 2087 out of 150000
DEBUG: Total dvariable address used is 4013584 out of 50000000
DEBUG: Total gradient stack used is 449987 out of 10000000
DEBUG: Total dvariable address used is 2087 out of 150000
DEBUG: Total dvariable address used is 4013584 out of 50000000
DEBUG: Total gradient stack used is 449987 out of 10000000
DEBUG: Total dvariable address used is 2087 out of 150000
DEBUG: Total dvariable address used is 4013584 out of 50000000
DEBUG: Total gradient stack used is 449987 out of 10000000
DEBUG: Total dvariable address used is 2087 out of 150000
DEBUG: Total dvariable address used is 4013584 out of 50000000
DEBUG: Total gradient stack used is 449987 out of 10000000
DEBUG: Total dvariable address used is 2087 out of 150000
DEBUG: Total dvariable address used is 4013584 out of 50000000
DEBUG: Total gradient stack used is 449987 out of 10000000
DEBUG: Total dvariable address used is 2087 out of 150000
DEBUG: Total dvariable address used is 4013584 out of 50000000
DEBUG: Total gradient stack used is 449987 out of 10000000
DEBUG: Total dvariable address used is 2087 out of 150000
DEBUG: Total dvariable address used is 4013584 out of 50000000
DEBUG: Total gradient stack used is 449987 out of 10000000
DEBUG: Total dvariable address used is 2087 out of 150000
DEBUG: Total dvariable address used is 4013584 out of 50000000
DEBUG: Total gradient stack used is 449987 out of 10000000
DEBUG: Total dvariable address used is 2087 out of 150000
DEBUG: Total dvariable address used is 4013584 out of 50000000
DEBUG: Total gradient stack used is 449987 out of 10000000
DEBUG: Total dvariable address used is 2087 out of 150000
DEBUG: Total dvariable address used is 4013584 out of 50000000
DEBUG: Total gradient stack used is 449987 out of 10000000
DEBUG: Total dvariable address used is 2087 out of 150000
DEBUG: Total dvariable address used is 4013584 out of 50000000
DEBUG: Total gradient stack used is 449987 out of 10000000
DEBUG: Total dvariable address used is 2087 out of 150000
DEBUG: Total dvariable address used is 4013584 out of 50000000
DEBUG: Total gradient stack used is 449987 out of 10000000
DEBUG: Total dvariable address used is 2087 out of 150000
DEBUG: Total dvariable address used is 4013584 out of 50000000
DEBUG: Total gradient stack used is 449987 out of 10000000
DEBUG: Total dvariable address used is 2087 out of 150000
DEBUG: Total dvariable address used is 4013584 out of 50000000
DEBUG: Total gradient stack used is 449987 out of 10000000
DEBUG: Total dvariable address used is 2087 out of 150000
DEBUG: Total dvariable address used is 4013584 out of 50000000
DEBUG: Total gradient stack used is 449987 out of 10000000
DEBUG: Total dvariable address used is 2087 out of 150000
DEBUG: Total dvariable address used is 4013584 out of 50000000
DEBUG: Total gradient stack used is 449987 out of 10000000
DEBUG: Total dvariable address used is 2087 out of 150000
DEBUG: Total dvariable address used is 4013584 out of 50000000
DEBUG: Total gradient stack used is 449987 out of 10000000
DEBUG: Total dvariable address used is 2087 out of 150000
DEBUG: Total dvariable address used is 4013584 out of 50000000
DEBUG: Total gradient stack used is 449987 out of 10000000
DEBUG: Total dvariable address used is 2087 out of 150000
DEBUG: Total dvariable address used is 4013584 out of 50000000
DEBUG: Total gradient stack used is 449987 out of 10000000
DEBUG: Total dvariable address used is 2087 out of 150000
DEBUG: Total dvariable address used is 4013584 out of 50000000
DEBUG: Total gradient stack used is 449987 out of 10000000
DEBUG: Total dvariable address used is 2087 out of 150000
DEBUG: Total dvariable address used is 4013584 out of 50000000
DEBUG: Total gradient stack used is 449987 out of 10000000
DEBUG: Total dvariable address used is 2087 out of 150000
DEBUG: Total dvariable address used is 4013584 out of 50000000
DEBUG: Total gradient stack used is 449987 out of 10000000
DEBUG: Total dvariable address used is 2087 out of 150000
DEBUG: Total dvariable address used is 4013584 out of 50000000
DEBUG: Total gradient stack used is 449987 out of 10000000
DEBUG: Total dvariable address used is 2087 out of 150000
DEBUG: Total dvariable address used is 4013584 out of 50000000
DEBUG: Total gradient stack used is 449987 out of 10000000
DEBUG: Total dvariable address used is 2087 out of 150000
DEBUG: Total dvariable address used is 4013584 out of 50000000
DEBUG: Total gradient stack used is 449987 out of 10000000
DEBUG: Total dvariable address used is 2087 out of 150000
DEBUG: Total dvariable address used is 4013584 out of 50000000
DEBUG: Total gradient stack used is 449987 out of 10000000
DEBUG: Total dvariable address used is 2087 out of 150000
DEBUG: Total dvariable address used is 4013584 out of 50000000
DEBUG: Total gradient stack used is 449987 out of 10000000
DEBUG: Total dvariable address used is 2087 out of 150000
DEBUG: Total dvariable address used is 4013584 out of 50000000
DEBUG: Total gradient stack used is 449987 out of 10000000
DEBUG: Total dvariable address used is 2087 out of 150000
DEBUG: Total dvariable address used is 4013584 out of 50000000
DEBUG: Total gradient stack used is 449987 out of 10000000
DEBUG: Total dvariable address used is 2087 out of 150000
DEBUG: Total dvariable address used is 4013584 out of 50000000
DEBUG: Total gradient stack used is 449987 out of 10000000
DEBUG: Total dvariable address used is 2087 out of 150000
DEBUG: Total dvariable address used is 4013584 out of 50000000
DEBUG: Total gradient stack used is 449987 out of 10000000
DEBUG: Total dvariable address used is 2087 out of 150000
DEBUG: Total dvariable address used is 4013584 out of 50000000
DEBUG: Total gradient stack used is 449987 out of 10000000
DEBUG: Total dvariable address used is 2087 out of 150000
DEBUG: Total dvariable address used is 4013584 out of 50000000
DEBUG: Total gradient stack used is 449987 out of 10000000
DEBUG: Total dvariable address used is 2087 out of 150000
DEBUG: Total dvariable address used is 4013584 out of 50000000
DEBUG: Total gradient stack used is 449987 out of 10000000
DEBUG: Total dvariable address used is 2087 out of 150000
DEBUG: Total dvariable address used is 4013584 out of 50000000
DEBUG: Total gradient stack used is 449987 out of 10000000
DEBUG: Total dvariable address used is 2087 out of 150000
DEBUG: Total dvariable address used is 4013584 out of 50000000
DEBUG: Total gradient stack used is 449987 out of 10000000
DEBUG: Total dvariable address used is 2087 out of 150000
DEBUG: Total dvariable address used is 4013584 out of 50000000
DEBUG: Total gradient stack used is 449987 out of 10000000
DEBUG: Total dvariable address used is 2087 out of 150000
DEBUG: Total dvariable address used is 4013584 out of 50000000
DEBUG: Total gradient stack used is 449987 out of 10000000
DEBUG: Total dvariable address used is 2087 out of 150000
DEBUG: Total dvariable address used is 4013584 out of 50000000
DEBUG: Total gradient stack used is 449987 out of 10000000
DEBUG: Total dvariable address used is 2087 out of 150000
DEBUG: Total dvariable address used is 4013584 out of 50000000
DEBUG: Total gradient stack used is 449987 out of 10000000
DEBUG: Total dvariable address used is 2087 out of 150000
DEBUG: Total dvariable address used is 4013584 out of 50000000
DEBUG: Total gradient stack used is 449987 out of 10000000
DEBUG: Total dvariable address used is 2087 out of 150000
DEBUG: Total dvariable address used is 4013584 out of 50000000
DEBUG: Total gradient stack used is 449987 out of 10000000
DEBUG: Total dvariable address used is 2087 out of 150000
DEBUG: Total dvariable address used is 4013584 out of 50000000
DEBUG: Total gradient stack used is 449987 out of 10000000
DEBUG: Total dvariable address used is 2087 out of 150000
DEBUG: Total dvariable address used is 4013584 out of 50000000
DEBUG: Total gradient stack used is 449987 out of 10000000
DEBUG: Total dvariable address used is 2087 out of 150000
DEBUG: Total dvariable address used is 4013584 out of 50000000
DEBUG: Total gradient stack used is 449987 out of 10000000
DEBUG: Total dvariable address used is 2087 out of 150000
DEBUG: Total dvariable address used is 4013584 out of 50000000
DEBUG: Total gradient stack used is 449987 out of 10000000
DEBUG: Total dvariable address used is 2087 out of 150000
DEBUG: Total dvariable address used is 4013584 out of 50000000
DEBUG: Total gradient stack used is 449987 out of 10000000
DEBUG: Total dvariable address used is 2087 out of 150000
DEBUG: Total dvariable address used is 4013584 out of 50000000
DEBUG: Total gradient stack used is 449987 out of 10000000
DEBUG: Total dvariable address used is 2087 out of 150000
DEBUG: Total dvariable address used is 4013584 out of 50000000
DEBUG: Total gradient stack used is 449987 out of 10000000
DEBUG: Total dvariable address used is 2087 out of 150000
DEBUG: Total dvariable address used is 4013584 out of 50000000
DEBUG: Total gradient stack used is 449987 out of 10000000
DEBUG: Total dvariable address used is 2087 out of 150000
DEBUG: Total dvariable address used is 4013584 out of 50000000
DEBUG: Total gradient stack used is 449987 out of 10000000
DEBUG: Total dvariable address used is 2087 out of 150000
DEBUG: Total dvariable address used is 4013584 out of 50000000
DEBUG: Total gradient stack used is 449987 out of 10000000
DEBUG: Total dvariable address used is 2087 out of 150000
DEBUG: Total dvariable address used is 4013584 out of 50000000
DEBUG: Total gradient stack used is 449987 out of 10000000
DEBUG: Total dvariable address used is 2087 out of 150000
DEBUG: Total dvariable address used is 4013584 out of 50000000
DEBUG: Total gradient stack used is 449987 out of 10000000
DEBUG: Total dvariable address used is 2087 out of 150000
DEBUG: Total dvariable address used is 4013584 out of 50000000
DEBUG: Total gradient stack used is 449987 out of 10000000
DEBUG: Total dvariable address used is 2087 out of 150000
DEBUG: Total dvariable address used is 4013584 out of 50000000
DEBUG: Total gradient stack used is 449987 out of 10000000
DEBUG: Total dvariable address used is 2087 out of 150000
DEBUG: Total dvariable address used is 4013584 out of 50000000
DEBUG: Total gradient stack used is 449987 out of 10000000
DEBUG: Total dvariable address used is 2087 out of 150000
DEBUG: Total dvariable address used is 4013584 out of 50000000
DEBUG: Total gradient stack used is 449987 out of 10000000
DEBUG: Total dvariable address used is 2087 out of 150000
DEBUG: Total dvariable address used is 4013584 out of 50000000
DEBUG: Total gradient stack used is 449987 out of 10000000
DEBUG: Total dvariable address used is 2087 out of 150000
DEBUG: Total dvariable address used is 4013584 out of 50000000
DEBUG: Total gradient stack used is 449987 out of 10000000
DEBUG: Total dvariable address used is 2087 out of 150000
DEBUG: Total dvariable address used is 4013584 out of 50000000
DEBUG: Total gradient stack used is 449987 out of 10000000
DEBUG: Total dvariable address used is 2087 out of 150000
DEBUG: Total dvariable address used is 4013584 out of 50000000
DEBUG: Total gradient stack used is 449987 out of 10000000
DEBUG: Total dvariable address used is 2087 out of 150000
DEBUG: Total dvariable address used is 4013584 out of 50000000
DEBUG: Total gradient stack used is 449987 out of 10000000
DEBUG: Total dvariable address used is 2087 out of 150000
DEBUG: Total dvariable address used is 4013584 out of 50000000
DEBUG: Total gradient stack used is 449987 out of 10000000
DEBUG: Total dvariable address used is 2087 out of 150000
DEBUG: Total dvariable address used is 4013584 out of 50000000
DEBUG: Total gradient stack used is 449987 out of 10000000
DEBUG: Total dvariable address used is 2087 out of 150000
DEBUG: Total dvariable address used is 4013584 out of 50000000
DEBUG: Total gradient stack used is 449987 out of 10000000
DEBUG: Total dvariable address used is 2087 out of 150000
DEBUG: Total dvariable address used is 4013584 out of 50000000
DEBUG: Total gradient stack used is 449987 out of 10000000
DEBUG: Total dvariable address used is 2087 out of 150000
DEBUG: Total dvariable address used is 4013584 out of 50000000
DEBUG: Total gradient stack used is 449987 out of 10000000
DEBUG: Total dvariable address used is 2087 out of 150000
DEBUG: Total dvariable address used is 4013584 out of 50000000
DEBUG: Total gradient stack used is 449987 out of 10000000
DEBUG: Total dvariable address used is 2087 out of 150000
DEBUG: Total dvariable address used is 4013584 out of 50000000
DEBUG: Total gradient stack used is 449987 out of 10000000
DEBUG: Total dvariable address used is 2087 out of 150000
DEBUG: Total dvariable address used is 4013584 out of 50000000
DEBUG: Total gradient stack used is 449987 out of 10000000
DEBUG: Total dvariable address used is 2087 out of 150000
DEBUG: Total dvariable address used is 4013584 out of 50000000
DEBUG: Total gradient stack used is 449987 out of 10000000
DEBUG: Total dvariable address used is 2087 out of 150000
DEBUG: Total dvariable address used is 4013584 out of 50000000
DEBUG: Total gradient stack used is 449987 out of 10000000
DEBUG: Total dvariable address used is 2087 out of 150000
DEBUG: Total dvariable address used is 4013584 out of 50000000
DEBUG: Total gradient stack used is 449987 out of 10000000
DEBUG: Total dvariable address used is 2087 out of 150000
DEBUG: Total dvariable address used is 4013584 out of 50000000
DEBUG: Total gradient stack used is 449987 out of 10000000
DEBUG: Total dvariable address used is 2087 out of 150000
DEBUG: Total dvariable address used is 4013584 out of 50000000
DEBUG: Total gradient stack used is 449987 out of 10000000
DEBUG: Total dvariable address used is 2087 out of 150000
DEBUG: Total dvariable address used is 4013584 out of 50000000
DEBUG: Total gradient stack used is 449987 out of 10000000
DEBUG: Total dvariable address used is 2087 out of 150000
DEBUG: Total dvariable address used is 4013584 out of 50000000
DEBUG: Total gradient stack used is 449987 out of 10000000
DEBUG: Total dvariable address used is 2087 out of 150000
DEBUG: Total dvariable address used is 4013584 out of 50000000
DEBUG: Total gradient stack used is 449987 out of 10000000
DEBUG: Total dvariable address used is 2087 out of 150000
DEBUG: Total dvariable address used is 4013584 out of 50000000
DEBUG: Total gradient stack used is 449987 out of 10000000
DEBUG: Total dvariable address used is 2087 out of 150000
DEBUG: Total dvariable address used is 4013584 out of 50000000
DEBUG: Total gradient stack used is 449987 out of 10000000
DEBUG: Total dvariable address used is 2087 out of 150000
DEBUG: Total dvariable address used is 4013584 out of 50000000
DEBUG: Total gradient stack used is 449987 out of 10000000
DEBUG: Total dvariable address used is 2087 out of 150000
DEBUG: Total dvariable address used is 4013584 out of 50000000
DEBUG: Total gradient stack used is 449987 out of 10000000
DEBUG: Total dvariable address used is 2087 out of 150000
DEBUG: Total dvariable address used is 4013584 out of 50000000
DEBUG: Total gradient stack used is 449987 out of 10000000
DEBUG: Total dvariable address used is 2087 out of 150000
DEBUG: Total dvariable address used is 4013584 out of 50000000
DEBUG: Total gradient stack used is 449987 out of 10000000
DEBUG: Total dvariable address used is 2087 out of 150000
DEBUG: Total dvariable address used is 4013584 out of 50000000
DEBUG: Total gradient stack used is 449987 out of 10000000
DEBUG: Total dvariable address used is 2087 out of 150000
DEBUG: Total dvariable address used is 4013584 out of 50000000
DEBUG: Total gradient stack used is 449987 out of 10000000
DEBUG: Total dvariable address used is 2087 out of 150000
DEBUG: Total dvariable address used is 4013584 out of 50000000
DEBUG: Total gradient stack used is 449987 out of 10000000
DEBUG: Total dvariable address used is 2087 out of 150000
DEBUG: Total dvariable address used is 4013584 out of 50000000
DEBUG: Total gradient stack used is 449987 out of 10000000
DEBUG: Total dvariable address used is 2087 out of 150000
DEBUG: Total dvariable address used is 4013584 out of 50000000
DEBUG: Total gradient stack used is 449987 out of 10000000
DEBUG: Total dvariable address used is 2087 out of 150000
DEBUG: Total dvariable address used is 4013584 out of 50000000
DEBUG: Total gradient stack used is 449987 out of 10000000
DEBUG: Total dvariable address used is 2087 out of 150000
DEBUG: Total dvariable address used is 4013584 out of 50000000
DEBUG: Total gradient stack used is 449987 out of 10000000
DEBUG: Total dvariable address used is 2087 out of 150000
DEBUG: Total dvariable address used is 4013584 out of 50000000
DEBUG: Total gradient stack used is 449987 out of 10000000
DEBUG: Total dvariable address used is 2087 out of 150000
DEBUG: Total dvariable address used is 4013584 out of 50000000
DEBUG: Total gradient stack used is 449987 out of 10000000
DEBUG: Total dvariable address used is 2087 out of 150000
DEBUG: Total dvariable address used is 4013584 out of 50000000
DEBUG: Total gradient stack used is 449987 out of 10000000
DEBUG: Total dvariable address used is 2087 out of 150000
DEBUG: Total dvariable address used is 4013584 out of 50000000
DEBUG: Total gradient stack used is 449987 out of 10000000
DEBUG: Total dvariable address used is 2087 out of 150000
DEBUG: Total dvariable address used is 4013584 out of 50000000
DEBUG: Total gradient stack used is 449987 out of 10000000
DEBUG: Total dvariable address used is 2087 out of 150000
DEBUG: Total dvariable address used is 4013584 out of 50000000
DEBUG: Total gradient stack used is 449987 out of 10000000
DEBUG: Total dvariable address used is 2087 out of 150000
DEBUG: Total dvariable address used is 4013584 out of 50000000
DEBUG: Total gradient stack used is 449987 out of 10000000
DEBUG: Total dvariable address used is 2087 out of 150000
DEBUG: Total dvariable address used is 4013584 out of 50000000
DEBUG: Total gradient stack used is 449987 out of 10000000
DEBUG: Total dvariable address used is 2087 out of 150000
DEBUG: Total dvariable address used is 4013584 out of 50000000
DEBUG: Total gradient stack used is 449987 out of 10000000
DEBUG: Total dvariable address used is 2087 out of 150000
DEBUG: Total dvariable address used is 4013584 out of 50000000
DEBUG: Total gradient stack used is 449987 out of 10000000
DEBUG: Total dvariable address used is 2087 out of 150000
DEBUG: Total dvariable address used is 4013584 out of 50000000
DEBUG: Total gradient stack used is 449987 out of 10000000
DEBUG: Total dvariable address used is 2087 out of 150000
DEBUG: Total dvariable address used is 4013584 out of 50000000
DEBUG: Total gradient stack used is 449987 out of 10000000
DEBUG: Total dvariable address used is 2087 out of 150000
DEBUG: Total dvariable address used is 4013584 out of 50000000
DEBUG: Total gradient stack used is 449987 out of 10000000
DEBUG: Total dvariable address used is 2087 out of 150000
DEBUG: Total dvariable address used is 4013584 out of 50000000
DEBUG: Total gradient stack used is 449987 out of 10000000
DEBUG: Total dvariable address used is 2087 out of 150000
DEBUG: Total dvariable address used is 4013584 out of 50000000
DEBUG: Total gradient stack used is 449987 out of 10000000
DEBUG: Total dvariable address used is 2087 out of 150000
DEBUG: Total dvariable address used is 4013584 out of 50000000
DEBUG: Total gradient stack used is 449987 out of 10000000
DEBUG: Total dvariable address used is 2087 out of 150000
DEBUG: Total dvariable address used is 4013584 out of 50000000
DEBUG: Total gradient stack used is 449987 out of 10000000
DEBUG: Total dvariable address used is 2087 out of 150000
DEBUG: Total dvariable address used is 4013584 out of 50000000
DEBUG: Total gradient stack used is 449987 out of 10000000
DEBUG: Total dvariable address used is 2087 out of 150000
DEBUG: Total dvariable address used is 4013584 out of 50000000
DEBUG: Total gradient stack used is 449987 out of 10000000
DEBUG: Total dvariable address used is 2087 out of 150000
DEBUG: Total dvariable address used is 4013584 out of 50000000
DEBUG: Total gradient stack used is 449987 out of 10000000
DEBUG: Total dvariable address used is 2087 out of 150000
DEBUG: Total dvariable address used is 4013584 out of 50000000
DEBUG: Total gradient stack used is 449987 out of 10000000
DEBUG: Total dvariable address used is 2087 out of 150000
DEBUG: Total dvariable address used is 4013584 out of 50000000
DEBUG: Total gradient stack used is 449987 out of 10000000
DEBUG: Total dvariable address used is 2087 out of 150000
DEBUG: Total dvariable address used is 4013584 out of 50000000
DEBUG: Total gradient stack used is 449987 out of 10000000
DEBUG: Total dvariable address used is 2087 out of 150000
DEBUG: Total dvariable address used is 4013584 out of 50000000
DEBUG: Total gradient stack used is 449987 out of 10000000
DEBUG: Total dvariable address used is 2087 out of 150000
DEBUG: Total dvariable address used is 4013584 out of 50000000
DEBUG: Total gradient stack used is 449987 out of 10000000
DEBUG: Total dvariable address used is 2087 out of 150000
DEBUG: Total dvariable address used is 4013584 out of 50000000
DEBUG: Total gradient stack used is 449987 out of 10000000
DEBUG: Total dvariable address used is 2087 out of 150000
DEBUG: Total dvariable address used is 4013584 out of 50000000
DEBUG: Total gradient stack used is 449987 out of 10000000
DEBUG: Total dvariable address used is 2087 out of 150000
DEBUG: Total dvariable address used is 4013584 out of 50000000
DEBUG: Total gradient stack used is 449987 out of 10000000
DEBUG: Total dvariable address used is 2087 out of 150000
DEBUG: Total dvariable address used is 4013584 out of 50000000
DEBUG: Total gradient stack used is 449987 out of 10000000
DEBUG: Total dvariable address used is 2087 out of 150000
DEBUG: Total dvariable address used is 4013584 out of 50000000
DEBUG: Total gradient stack used is 449987 out of 10000000
DEBUG: Total dvariable address used is 2087 out of 150000
DEBUG: Total dvariable address used is 4013584 out of 50000000
DEBUG: Total gradient stack used is 449987 out of 10000000
DEBUG: Total dvariable address used is 2087 out of 150000
DEBUG: Total dvariable address used is 4013584 out of 50000000
DEBUG: Total gradient stack used is 449987 out of 10000000
DEBUG: Total dvariable address used is 2087 out of 150000
DEBUG: Total dvariable address used is 4013584 out of 50000000
DEBUG: Total gradient stack used is 449987 out of 10000000
DEBUG: Total dvariable address used is 2087 out of 150000
DEBUG: Total dvariable address used is 4013584 out of 50000000
DEBUG: Total gradient stack used is 449987 out of 10000000
DEBUG: Total dvariable address used is 2087 out of 150000
DEBUG: Total dvariable address used is 4013584 out of 50000000
DEBUG: Total gradient stack used is 449987 out of 10000000
DEBUG: Total dvariable address used is 2087 out of 150000
DEBUG: Total dvariable address used is 4013584 out of 50000000
DEBUG: Total gradient stack used is 449987 out of 10000000
DEBUG: Total dvariable address used is 2087 out of 150000
DEBUG: Total dvariable address used is 4013584 out of 50000000
DEBUG: Total gradient stack used is 449987 out of 10000000
DEBUG: Total dvariable address used is 2087 out of 150000
DEBUG: Total dvariable address used is 4013584 out of 50000000
DEBUG: Total gradient stack used is 449987 out of 10000000
DEBUG: Total dvariable address used is 2087 out of 150000
DEBUG: Total dvariable address used is 4013584 out of 50000000
DEBUG: Total gradient stack used is 449987 out of 10000000
DEBUG: Total dvariable address used is 2087 out of 150000
DEBUG: Total dvariable address used is 4013584 out of 50000000
DEBUG: Total gradient stack used is 449987 out of 10000000
DEBUG: Total dvariable address used is 2087 out of 150000
DEBUG: Total dvariable address used is 4013584 out of 50000000
DEBUG: Total gradient stack used is 449987 out of 10000000
DEBUG: Total dvariable address used is 2087 out of 150000
DEBUG: Total dvariable address used is 4013584 out of 50000000
DEBUG: Total gradient stack used is 449987 out of 10000000
DEBUG: Total dvariable address used is 2087 out of 150000
DEBUG: Total dvariable address used is 4013584 out of 50000000
DEBUG: Total gradient stack used is 449987 out of 10000000
DEBUG: Total dvariable address used is 2087 out of 150000
DEBUG: Total dvariable address used is 4013584 out of 50000000
DEBUG: Total gradient stack used is 449987 out of 10000000
DEBUG: Total dvariable address used is 2087 out of 150000
DEBUG: Total dvariable address used is 4013584 out of 50000000
DEBUG: Total gradient stack used is 449987 out of 10000000
DEBUG: Total dvariable address used is 2087 out of 150000
DEBUG: Total dvariable address used is 4013584 out of 50000000
DEBUG: Total gradient stack used is 449987 out of 10000000
DEBUG: Total dvariable address used is 2087 out of 150000
DEBUG: Total dvariable address used is 4013584 out of 50000000
DEBUG: Total gradient stack used is 449987 out of 10000000
DEBUG: Total dvariable address used is 2087 out of 150000
DEBUG: Total dvariable address used is 4013584 out of 50000000
DEBUG: Total gradient stack used is 449987 out of 10000000
DEBUG: Total dvariable address used is 2087 out of 150000
DEBUG: Total dvariable address used is 4013584 out of 50000000
DEBUG: Total gradient stack used is 449987 out of 10000000
DEBUG: Total dvariable address used is 2087 out of 150000
DEBUG: Total dvariable address used is 4013584 out of 50000000
DEBUG: Total gradient stack used is 449987 out of 10000000
DEBUG: Total dvariable address used is 2087 out of 150000
DEBUG: Total dvariable address used is 4013584 out of 50000000
DEBUG: Total gradient stack used is 449987 out of 10000000
DEBUG: Total dvariable address used is 2087 out of 150000
DEBUG: Total dvariable address used is 4013584 out of 50000000
DEBUG: Total gradient stack used is 449987 out of 10000000
DEBUG: Total dvariable address used is 2087 out of 150000
DEBUG: Total dvariable address used is 4013584 out of 50000000
DEBUG: Total gradient stack used is 449987 out of 10000000
DEBUG: Total dvariable address used is 2087 out of 150000
DEBUG: Total dvariable address used is 4013584 out of 50000000
DEBUG: Total gradient stack used is 449987 out of 10000000
DEBUG: Total dvariable address used is 2087 out of 150000
DEBUG: Total dvariable address used is 4013584 out of 50000000
DEBUG: Total gradient stack used is 449987 out of 10000000
DEBUG: Total dvariable address used is 2087 out of 150000
DEBUG: Total dvariable address used is 4013584 out of 50000000
DEBUG: Total gradient stack used is 449987 out of 10000000
DEBUG: Total dvariable address used is 2087 out of 150000
DEBUG: Total dvariable address used is 4013584 out of 50000000
DEBUG: Total gradient stack used is 449987 out of 10000000
DEBUG: Total dvariable address used is 2087 out of 150000
DEBUG: Total dvariable address used is 4013584 out of 50000000
DEBUG: Total gradient stack used is 449987 out of 10000000
DEBUG: Total dvariable address used is 2087 out of 150000
DEBUG: Total dvariable address used is 4013584 out of 50000000
DEBUG: Total gradient stack used is 449987 out of 10000000
DEBUG: Total dvariable address used is 2087 out of 150000
DEBUG: Total dvariable address used is 4013584 out of 50000000
DEBUG: Total gradient stack used is 449987 out of 10000000
DEBUG: Total dvariable address used is 2087 out of 150000
DEBUG: Total dvariable address used is 4013584 out of 50000000
DEBUG: Total gradient stack used is 449987 out of 10000000
DEBUG: Total dvariable address used is 2087 out of 150000
DEBUG: Total dvariable address used is 4013584 out of 50000000
DEBUG: Total gradient stack used is 449987 out of 10000000
DEBUG: Total dvariable address used is 2087 out of 150000
DEBUG: Total dvariable address used is 4013584 out of 50000000
DEBUG: Total gradient stack used is 449987 out of 10000000
DEBUG: Total dvariable address used is 2087 out of 150000
DEBUG: Total dvariable address used is 4013584 out of 50000000
DEBUG: Total gradient stack used is 449987 out of 10000000
DEBUG: Total dvariable address used is 2087 out of 150000
DEBUG: Total dvariable address used is 4013584 out of 50000000
DEBUG: Total gradient stack used is 449987 out of 10000000
DEBUG: Total dvariable address used is 2087 out of 150000
DEBUG: Total dvariable address used is 4013584 out of 50000000
DEBUG: Total gradient stack used is 449987 out of 10000000
DEBUG: Total dvariable address used is 2087 out of 150000
DEBUG: Total dvariable address used is 4013584 out of 50000000
DEBUG: Total gradient stack used is 449987 out of 10000000
DEBUG: Total dvariable address used is 2087 out of 150000
DEBUG: Total dvariable address used is 4013584 out of 50000000
DEBUG: Total gradient stack used is 449987 out of 10000000
DEBUG: Total dvariable address used is 2087 out of 150000
DEBUG: Total dvariable address used is 4013584 out of 50000000
DEBUG: Total gradient stack used is 449987 out of 10000000
DEBUG: Total dvariable address used is 2087 out of 150000
DEBUG: Total dvariable address used is 4013584 out of 50000000
DEBUG: Total gradient stack used is 449987 out of 10000000
DEBUG: Total dvariable address used is 2087 out of 150000
DEBUG: Total dvariable address used is 4013584 out of 50000000
DEBUG: Total gradient stack used is 449987 out of 10000000
DEBUG: Total dvariable address used is 2087 out of 150000
DEBUG: Total dvariable address used is 4013584 out of 50000000
DEBUG: Total gradient stack used is 449987 out of 10000000
DEBUG: Total dvariable address used is 2087 out of 150000
DEBUG: Total dvariable address used is 4013584 out of 50000000
DEBUG: Total gradient stack used is 449987 out of 10000000
DEBUG: Total dvariable address used is 2087 out of 150000
DEBUG: Total dvariable address used is 4013584 out of 50000000
DEBUG: Total gradient stack used is 449987 out of 10000000
DEBUG: Total dvariable address used is 2087 out of 150000
DEBUG: Total dvariable address used is 4013584 out of 50000000
DEBUG: Total gradient stack used is 449987 out of 10000000
DEBUG: Total dvariable address used is 2087 out of 150000
DEBUG: Total dvariable address used is 4013584 out of 50000000
DEBUG: Total gradient stack used is 449987 out of 10000000
DEBUG: Total dvariable address used is 2087 out of 150000
DEBUG: Total dvariable address used is 4013584 out of 50000000
DEBUG: Total gradient stack used is 449987 out of 10000000
DEBUG: Total dvariable address used is 2087 out of 150000
DEBUG: Total dvariable address used is 4013584 out of 50000000
DEBUG: Total gradient stack used is 449987 out of 10000000
DEBUG: Total dvariable address used is 2087 out of 150000
DEBUG: Total dvariable address used is 4013584 out of 50000000
DEBUG: Total gradient stack used is 449987 out of 10000000
DEBUG: Total dvariable address used is 2087 out of 150000
DEBUG: Total dvariable address used is 4013584 out of 50000000
DEBUG: Total gradient stack used is 449987 out of 10000000
DEBUG: Total dvariable address used is 2087 out of 150000
DEBUG: Total dvariable address used is 4013584 out of 50000000
DEBUG: Total gradient stack used is 449987 out of 10000000
DEBUG: Total dvariable address used is 2087 out of 150000
DEBUG: Total dvariable address used is 4013584 out of 50000000
DEBUG: Total gradient stack used is 449987 out of 10000000
DEBUG: Total dvariable address used is 2087 out of 150000
DEBUG: Total dvariable address used is 4013584 out of 50000000
DEBUG: Total gradient stack used is 449987 out of 10000000
DEBUG: Total dvariable address used is 2087 out of 150000
DEBUG: Total dvariable address used is 4013584 out of 50000000
DEBUG: Total gradient stack used is 449987 out of 10000000
DEBUG: Total dvariable address used is 2087 out of 150000
DEBUG: Total dvariable address used is 4013584 out of 50000000
DEBUG: Total gradient stack used is 449987 out of 10000000
DEBUG: Total dvariable address used is 2087 out of 150000
DEBUG: Total dvariable address used is 4013584 out of 50000000
DEBUG: Total gradient stack used is 449987 out of 10000000
DEBUG: Total dvariable address used is 2087 out of 150000
DEBUG: Total dvariable address used is 4013584 out of 50000000
DEBUG: Total gradient stack used is 449987 out of 10000000
DEBUG: Total dvariable address used is 2087 out of 150000
DEBUG: Total dvariable address used is 4013584 out of 50000000
DEBUG: Total gradient stack used is 449987 out of 10000000
DEBUG: Total dvariable address used is 2087 out of 150000
DEBUG: Total dvariable address used is 4013584 out of 50000000
DEBUG: Total gradient stack used is 449987 out of 10000000
DEBUG: Total dvariable address used is 2087 out of 150000
DEBUG: Total dvariable address used is 4013584 out of 50000000
DEBUG: Total gradient stack used is 449987 out of 10000000
DEBUG: Total dvariable address used is 2087 out of 150000
DEBUG: Total dvariable address used is 4013584 out of 50000000
DEBUG: Total gradient stack used is 449987 out of 10000000
DEBUG: Total dvariable address used is 2087 out of 150000
DEBUG: Total dvariable address used is 4013584 out of 50000000
DEBUG: Total gradient stack used is 449987 out of 10000000
DEBUG: Total dvariable address used is 2087 out of 150000
DEBUG: Total dvariable address used is 4013584 out of 50000000
DEBUG: Total gradient stack used is 449987 out of 10000000
DEBUG: Total dvariable address used is 2087 out of 150000
DEBUG: Total dvariable address used is 4013584 out of 50000000
DEBUG: Total gradient stack used is 449987 out of 10000000
DEBUG: Total dvariable address used is 2087 out of 150000
DEBUG: Total dvariable address used is 4013584 out of 50000000
DEBUG: Total gradient stack used is 449987 out of 10000000
DEBUG: Total dvariable address used is 2087 out of 150000
DEBUG: Total dvariable address used is 4013584 out of 50000000
DEBUG: Total gradient stack used is 449987 out of 10000000
DEBUG: Total dvariable address used is 2087 out of 150000
DEBUG: Total dvariable address used is 4013584 out of 50000000
DEBUG: Total gradient stack used is 449987 out of 10000000
DEBUG: Total dvariable address used is 2087 out of 150000
DEBUG: Total dvariable address used is 4013584 out of 50000000
DEBUG: Total gradient stack used is 449987 out of 10000000
DEBUG: Total dvariable address used is 2087 out of 150000
DEBUG: Total dvariable address used is 4013584 out of 50000000
DEBUG: Total gradient stack used is 449987 out of 10000000
DEBUG: Total dvariable address used is 2087 out of 150000
DEBUG: Total dvariable address used is 4013584 out of 50000000
DEBUG: Total gradient stack used is 449987 out of 10000000
DEBUG: Total dvariable address used is 2087 out of 150000
DEBUG: Total dvariable address used is 4013584 out of 50000000
DEBUG: Total gradient stack used is 449987 out of 10000000
DEBUG: Total dvariable address used is 2087 out of 150000
DEBUG: Total dvariable address used is 4013584 out of 50000000
DEBUG: Total gradient stack used is 449987 out of 10000000
DEBUG: Total dvariable address used is 2087 out of 150000
DEBUG: Total dvariable address used is 4013584 out of 50000000
DEBUG: Total gradient stack used is 449987 out of 10000000
DEBUG: Total dvariable address used is 2087 out of 150000
DEBUG: Total dvariable address used is 4013584 out of 50000000
DEBUG: Total gradient stack used is 449987 out of 10000000
DEBUG: Total dvariable address used is 2087 out of 150000
DEBUG: Total dvariable address used is 4013584 out of 50000000
DEBUG: Total gradient stack used is 449987 out of 10000000
DEBUG: Total dvariable address used is 2087 out of 150000
DEBUG: Total dvariable address used is 4013584 out of 50000000
DEBUG: Total gradient stack used is 449987 out of 10000000
DEBUG: Total dvariable address used is 2087 out of 150000
DEBUG: Total dvariable address used is 4013584 out of 50000000
DEBUG: Total gradient stack used is 449987 out of 10000000
DEBUG: Total dvariable address used is 2087 out of 150000
DEBUG: Total dvariable address used is 4013584 out of 50000000
DEBUG: Total gradient stack used is 449987 out of 10000000
DEBUG: Total dvariable address used is 2087 out of 150000
DEBUG: Total dvariable address used is 4013584 out of 50000000
DEBUG: Total gradient stack used is 449987 out of 10000000
DEBUG: Total dvariable address used is 2087 out of 150000
DEBUG: Total dvariable address used is 4013584 out of 50000000
DEBUG: Total gradient stack used is 449987 out of 10000000
DEBUG: Total dvariable address used is 2087 out of 150000
DEBUG: Total dvariable address used is 4013584 out of 50000000
DEBUG: Total gradient stack used is 449987 out of 10000000
DEBUG: Total dvariable address used is 2087 out of 150000
DEBUG: Total dvariable address used is 4013584 out of 50000000
DEBUG: Total gradient stack used is 449987 out of 10000000
DEBUG: Total dvariable address used is 2087 out of 150000
DEBUG: Total dvariable address used is 4013584 out of 50000000
DEBUG: Total gradient stack used is 449987 out of 10000000
DEBUG: Total dvariable address used is 2087 out of 150000
DEBUG: Total dvariable address used is 4013584 out of 50000000
DEBUG: Total gradient stack used is 449987 out of 10000000
DEBUG: Total dvariable address used is 2087 out of 150000
DEBUG: Total dvariable address used is 4013584 out of 50000000
DEBUG: Total gradient stack used is 449987 out of 10000000
DEBUG: Total dvariable address used is 2087 out of 150000
DEBUG: Total dvariable address used is 4013584 out of 50000000
DEBUG: Total gradient stack used is 449987 out of 10000000
DEBUG: Total dvariable address used is 2087 out of 150000
DEBUG: Total dvariable address used is 4013584 out of 50000000
DEBUG: Total gradient stack used is 449987 out of 10000000
DEBUG: Total dvariable address used is 2087 out of 150000
DEBUG: Total dvariable address used is 4013584 out of 50000000
DEBUG: Total gradient stack used is 449987 out of 10000000
DEBUG: Total dvariable address used is 2087 out of 150000
DEBUG: Total dvariable address used is 4013584 out of 50000000
DEBUG: Total gradient stack used is 449987 out of 10000000
DEBUG: Total dvariable address used is 2087 out of 150000
DEBUG: Total dvariable address used is 4013584 out of 50000000
DEBUG: Total gradient stack used is 449987 out of 10000000
DEBUG: Total dvariable address used is 2087 out of 150000
DEBUG: Total dvariable address used is 4013584 out of 50000000
DEBUG: Total gradient stack used is 449987 out of 10000000
DEBUG: Total dvariable address used is 2087 out of 150000
DEBUG: Total dvariable address used is 4013584 out of 50000000
DEBUG: Total gradient stack used is 449987 out of 10000000
DEBUG: Total dvariable address used is 2087 out of 150000
DEBUG: Total dvariable address used is 4013584 out of 50000000
DEBUG: Total gradient stack used is 449987 out of 10000000
DEBUG: Total dvariable address used is 2087 out of 150000
DEBUG: Total dvariable address used is 4013584 out of 50000000
DEBUG: Total gradient stack used is 449987 out of 10000000
DEBUG: Total dvariable address used is 2087 out of 150000
DEBUG: Total dvariable address used is 4013584 out of 50000000
DEBUG: Total gradient stack used is 449987 out of 10000000
DEBUG: Total dvariable address used is 2087 out of 150000
DEBUG: Total dvariable address used is 4013584 out of 50000000
DEBUG: Total gradient stack used is 449987 out of 10000000
DEBUG: Total dvariable address used is 2087 out of 150000
DEBUG: Total dvariable address used is 4013584 out of 50000000
DEBUG: Total gradient stack used is 449987 out of 10000000
DEBUG: Total dvariable address used is 2087 out of 150000
DEBUG: Total dvariable address used is 4013584 out of 50000000
DEBUG: Total gradient stack used is 449987 out of 10000000
DEBUG: Total dvariable address used is 2087 out of 150000
DEBUG: Total dvariable address used is 4013584 out of 50000000
DEBUG: Total gradient stack used is 449987 out of 10000000
DEBUG: Total dvariable address used is 2087 out of 150000
DEBUG: Total dvariable address used is 4013584 out of 50000000
DEBUG: Total gradient stack used is 449987 out of 10000000
DEBUG: Total dvariable address used is 2087 out of 150000
DEBUG: Total dvariable address used is 4013584 out of 50000000
, 100%DEBUG: Total gradient stack used is 449987 out of 10000000
DEBUG: Total dvariable address used is 2087 out of 150000
DEBUG: Total dvariable address used is 4013584 out of 50000000
DEBUG: Total gradient stack used is 449987 out of 10000000
DEBUG: Total dvariable address used is 2087 out of 150000
DEBUG: Total dvariable address used is 4013584 out of 50000000
DEBUG: Total gradient stack used is 449987 out of 10000000
DEBUG: Total dvariable address used is 2087 out of 150000
DEBUG: Total dvariable address used is 4013584 out of 50000000
DEBUG: Total gradient stack used is 449987 out of 10000000
DEBUG: Total dvariable address used is 2087 out of 150000
DEBUG: Total dvariable address used is 4013584 out of 50000000
 done (58 s) 
Differentiating 4 derived quantities: DEBUG: Total gradient stack used is 2563586 out of 10000000
DEBUG: Total dvariable address used is 2087 out of 150000
DEBUG: Total dvariable address used is 4013584 out of 50000000
1, 2, 3, 4 done (5 m 43 s) 
Inverting Hessian (412 variables): 20%, 40%, 60%, 80%, 100% done (0.45 s) 
Starting standard error calculations... 
 Warning: Non-positive variance of sdreport variables: 921, 922, 925, 926, 929, 930
 done (1.4 s) 
Starting FINAL_SECTION
+--------------------------+
| Beginning report section |
+--------------------------+
last phase
Finished WriteFiles
Finished CreateOutput
nsel_patterns = 16
nsel_use      = 8
deleting ppSLX array w/ 8 sel patterns
deleting ppSLX[0]
deleted ppSLX[0]
deleting ppSLX[1]
deleted ppSLX[1]
deleting ppSLX[2]
deleted ppSLX[2]
deleting ppSLX[3]
deleted ppSLX[3]
deleting ppSLX[4]
deleted ppSLX[4]
deleting ppSLX[5]
deleted ppSLX[5]
deleting ppSLX[6]
deleted ppSLX[6]
deleting ppSLX[7]
deleted ppSLX[7]
Finished deleting ppSLX

Starting time statistics


*******************************************


-------------------------------------------
--Start time: Sat Sep 12 13:25:40 2026

--Finish time: Sat Sep 12 13:33:01 2026

--Runtime: 0 hours, 7 minutes, 21 seconds
--Number of function evaluations: 2720
*******************************************

Finished running model 'gmacs' after 7 m 21 s.

./gmacs elapsed time is 440806026 microseconds.
