#========================================================================================================
 # Gmacs Main Data File
1982 # Start year
2024 # End year
3 # Number of seasons
4 # Number of distinct data groups (fleet, among fishing fleets and surveys)
2 # Number of sexes
1 # Number of shell condition types
2 # Number of maturity types
22 # Number of size-classes in the model
3 # Season recruitment occurs
3 # Season molting and growth occurs
3 # Season to calculate SSB (changed to match Feb mating)
1 # Season for N output
# maximum size-class (males then females)
 22 22
# size_breaks (a vector giving the break points between size intervals with dimension nclass+1)
 25 30 35 40 45 50 55 60 65 70 75 80 85 90 95 100 105 110 115 120 125 130 135
# Natural mortality per season input type (1 = vector by season, 2 = matrix by season/year)
1
# Proportion of the total natural mortality to be applied each season
 0.62 0.01 0.37

# Fishing fleet and survey names
Pot_Fishery
Trawl_Bycatch
NMFS_Trawl_1982
NMFS_Trawl_1989
# Are the seasons instantaneous (0) or continuous (1)
 1 1 1


##------------------------------------------------------------
##--CATCH DATA------------------------------------------------
##------------------------------------------------------------
 0 #--input catch data format (0: old format, 1: new format)
# Number of catch data frames
4
# Number of rows in each data frame
 41 41 41 43


##  CATCH DATA
##  Type of catch: 1 = retained, 2 = discard
##  Units of catch: 1 = biomass, 2 = numbers
# year  seas    fleet   sex     obs     cv      type    units   mult    effort  discard_mortality # original
1982	 2	 1	 1	 11.7961	 0.04	 1	 1	 1	 0	 0.3	  # 11.8518
1983	 2	 1	 1	 12.0076	 0.04	 1	 1	 1	 0	 0.3	  # 12.1623
1984	 2	 1	 1	 29.5519	 0.04	 1	 1	 1	 0	 0.3	  # 29.9369
1985	 2	 1	 1	 43.1684	 0.04	 1	 1	 1	 0	 0.3	  # 44.4455
1986	 2	 1	 1	 43.6071	 0.04	 1	 1	 1	 0	 0.3	  # 46.2231
1987	 2	 1	 1	 50.8998	 0.04	 1	 1	 1	 0	 0.3	  # 61.3965
1988	 2	 1	 1	 54.5019	 0.04	 1	 1	 1	 0	 0.3	  # 67.7927
1989	 2	 1	 1	 60.4157	 0.04	 1	 1	 1	 0	 0.3	  # 73.3261
1990	 2	 1	 1	 140.628	 0.04	 1	 1	 1	 0	 0.3	  # 149.072
1991	 2	 1	 1	 116.472	 0.04	 1	 1	 1	 0	 0.3	  # 143.018
1992	 2	 1	 1	 114.325	 0.04	 1	 1	 1	 0	 0.3	  # 104.668
1993	 2	 1	 1	 68.0741	 0.04	 1	 1	 1	 0	 0.3	  # 67.9448
1994	 2	 1	 1	 29.2751	 0.04	 1	 1	 1	 0	 0.3	  # 34.1596
1995	 2	 1	 1	 31.2755	 0.04	 1	 1	 1	 0	 0.3	  # 29.7993
1996	 2	 1	 1	 55.8521	 0.04	 1	 1	 1	 0	 0.3	  # 54.2394
1997	 2	 1	 1	 79.4269	 0.04	 1	 1	 1	 0	 0.3	  # 110.44
1998	 2	 1	 1	 100.462	 0.04	 1	 1	 1	 0	 0.3	  # 88.1515
1999	 2	 1	 1	 16.354	 0.04	 1	 1	 1	 0	 0.3	  # 15.1007
2000	 2	 1	 1	 12.3277	 0.04	 1	 1	 1	 0	 0.3	  # 11.4561
2001	 2	 1	 1	 14.8892	 0.04	 1	 1	 1	 0	 0.3	  # 14.7986
2002	 2	 1	 1	 13.3205	 0.04	 1	 1	 1	 0	 0.3	  # 12.842
2003	 2	 1	 1	 11.1076	 0.04	 1	 1	 1	 0	 0.3	  # 10.8601
2004	 2	 1	 1	 13.5722	 0.04	 1	 1	 1	 0	 0.3	  # 11.2909
2005	 2	 1	 1	 12.6154	 0.04	 1	 1	 1	 0	 0.3	  # 16.7711
2006	 2	 1	 1	 18.5011	 0.04	 1	 1	 1	 0	 0.3	  # 16.4906
2007	 2	 1	 1	 29.6768	 0.04	 1	 1	 1	 0	 0.3	  # 28.589
2008	 2	 1	 1	 28.3173	 0.04	 1	 1	 1	 0	 0.3	  # 26.5568
2009	 2	 1	 1	 22.7573	 0.04	 1	 1	 1	 0	 0.3	  # 21.7788
2010	 2	 1	 1	 28.7492	 0.04	 1	 1	 1	 0	 0.3	  # 24.6134
2011	 2	 1	 1	 36.2533	 0.04	 1	 1	 1	 0	 0.3	  # 40.2929
2012	 2	 1	 1	 28.8024	 0.04	 1	 1	 1	 0	 0.3	  # 30.0525
2013	 2	 1	 1	 27.0976	 0.04	 1	 1	 1	 0	 0.3	  # 24.4864
2014	 2	 1	 1	 31.269	 0.04	 1	 1	 1	 0	 0.3	  # 30.8178
2015	 2	 1	 1	 20.6625	 0.04	 1	 1	 1	 0	 0.3	  # 18.421
2016	 2	 1	 1	 10.2854	 0.04	 1	 1	 1	 0	 0.3	  # 9.78439
2017	 2	 1	 1	 9.98799	 0.04	 1	 1	 1	 0	 0.3	  # 8.60168
2018	 2	 1	 1	 12.1961	 0.04	 1	 1	 1	 0	 0.3	  # 12.5093
2019	 2	 1	 1	 18.7744	 0.04	 1	 1	 1	 0	 0.3	  # 15.4333
2020	 2	 1	 1	 16.1023	 0.04	 1	 1	 1	 0	 0.3	  # 20.4122
2021	 2	 1	 1	 2.94254	 0.04	 1	 1	 1	 0	 0.3	  # 2.51664
2024	 2	 1	 1	 2.07952	 0.04	 1	 1	 1	 0	 0.3	  # 2.14527
1982	 2	 1	 1	 1.28744	 0.07	 2	 1	 1	 0	 0.3	  # 1.2665
1983	 2	 1	 1	 1.27662	 0.07	 2	 1	 1	 0	 0.3	  # 1.23826
1984	 2	 1	 1	 2.80547	 0.07	 2	 1	 1	 0	 0.3	  # 2.75873
1985	 2	 1	 1	 3.96263	 0.07	 2	 1	 1	 0	 0.3	  # 4.01467
1986	 2	 1	 1	 4.14281	 0.07	 2	 1	 1	 0	 0.3	  # 4.24531
1987	 2	 1	 1	 7.31698	 0.07	 2	 1	 1	 0	 0.3	  # 5.52241
1988	 2	 1	 1	 8.82096	 0.07	 2	 1	 1	 0	 0.3	  # 5.81669
1989	 2	 1	 1	 10.1857	 0.07	 2	 1	 1	 0	 0.3	  # 6.68474
1990	 2	 1	 1	 34.4304	 0.07	 2	 1	 1	 0	 0.3	  # 35.55
1991	 2	 1	 1	 16.1471	 0.07	 2	 1	 1	 0	 0.3	  # 9.03
1992	 2	 1	 1	 18.2916	 0.07	 2	 1	 1	 0	 0.3	  # 21.18
1993	 2	 1	 1	 17.918	 0.07	 2	 1	 1	 0	 0.3	  # 22.27
1994	 2	 1	 1	 11.049	 0.07	 2	 1	 1	 0	 0.3	  # 7.78
1995	 2	 1	 1	 13.8441	 0.07	 2	 1	 1	 0	 0.3	  # 14.73
1996	 2	 1	 1	 19.3566	 0.07	 2	 1	 1	 0	 0.3	  # 23.23
1997	 2	 1	 1	 16.1401	 0.07	 2	 1	 1	 0	 0.3	  # 7.1
1998	 2	 1	 1	 20.0368	 0.07	 2	 1	 1	 0	 0.3	  # 19.5
1999	 2	 1	 1	 3.44333	 0.07	 2	 1	 1	 0	 0.3	  # 4.13
2000	 2	 1	 1	 2.6837	 0.07	 2	 1	 1	 0	 0.3	  # 3.25
2001	 2	 1	 1	 4.19028	 0.07	 2	 1	 1	 0	 0.3	  # 3.98
2002	 2	 1	 1	 4.46301	 0.07	 2	 1	 1	 0	 0.3	  # 4.5
2003	 2	 1	 1	 2.36961	 0.07	 2	 1	 1	 0	 0.3	  # 2.4
2004	 2	 1	 1	 2.00627	 0.07	 2	 1	 1	 0	 0.3	  # 3.58
2005	 2	 1	 1	 1.44851	 0.07	 2	 1	 1	 0	 0.3	  # 0.62
2006	 2	 1	 1	 3.38178	 0.07	 2	 1	 1	 0	 0.3	  # 4.17
2007	 2	 1	 1	 5.83133	 0.07	 2	 1	 1	 0	 0.3	  # 5.77
2008	 2	 1	 1	 4.55974	 0.07	 2	 1	 1	 0	 0.3	  # 5.11
2009	 2	 1	 1	 3.85056	 0.07	 2	 1	 1	 0	 0.3	  # 4.28
2010	 2	 1	 1	 2.52817	 0.07	 2	 1	 1	 0	 0.3	  # 4.47
2011	 2	 1	 1	 4.20413	 0.07	 2	 1	 1	 0	 0.3	  # 3.73
2012	 2	 1	 1	 6.14884	 0.07	 2	 1	 1	 0	 0.3	  # 5.53
2013	 2	 1	 1	 8.46351	 0.07	 2	 1	 1	 0	 0.3	  # 10.61
2014	 2	 1	 1	 11.3304	 0.07	 2	 1	 1	 0	 0.3	  # 11.62
2015	 2	 1	 1	 8.45972	 0.07	 2	 1	 1	 0	 0.3	  # 10.9
2016	 2	 1	 1	 4.31409	 0.07	 2	 1	 1	 0	 0.3	  # 4.51
2017	 2	 1	 1	 4.14021	 0.07	 2	 1	 1	 0	 0.3	  # 5.88
2018	 2	 1	 1	 8.84814	 0.07	 2	 1	 1	 0	 0.3	  # 8.63
2019	 2	 1	 1	 7.87725	 0.07	 2	 1	 1	 0	 0.3	  # 15.61
2020	 2	 1	 1	 9.95358	 0.07	 2	 1	 1	 0	 0.3	  # 6.12
2021	 2	 1	 1	 1.08306	 0.07	 2	 1	 1	 0	 0.3	  # 1.68
2024	 2	 1	 1	 0.709789	 0.07	 2	 1	 1	 0	 0.3	  # 0.66
1982	 2	 1	 2	 0.0155562	 0.07	 2	 1	 1	 0	 0.3	  # 0.015556
1983	 2	 1	 2	 0.0108888	 0.07	 2	 1	 1	 0	 0.3	  # 0.0108887
1984	 2	 1	 2	 0.0107821	 0.07	 2	 1	 1	 0	 0.3	  # 0.010782
1985	 2	 1	 2	 0.0108527	 0.07	 2	 1	 1	 0	 0.3	  # 0.0108527
1986	 2	 1	 2	 0.0239125	 0.07	 2	 1	 1	 0	 0.3	  # 0.0239127
1987	 2	 1	 2	 0.0345783	 0.07	 2	 1	 1	 0	 0.3	  # 0.0345783
1988	 2	 1	 2	 0.0367522	 0.07	 2	 1	 1	 0	 0.3	  # 0.0367518
1989	 2	 1	 2	 0.0477863	 0.07	 2	 1	 1	 0	 0.3	  # 0.0477847
1990	 2	 1	 2	 1.52525	 0.07	 2	 1	 1	 0	 0.3	  # 1.52266
1991	 2	 1	 2	 0.19998	 0.07	 2	 1	 1	 0	 0.3	  # 0.199925
1992	 2	 1	 2	 0.278428	 0.07	 2	 1	 1	 0	 0.3	  # 0.278296
1993	 2	 1	 2	 0.115585	 0.07	 2	 1	 1	 0	 0.3	  # 0.115559
1994	 2	 1	 2	 0.078139	 0.07	 2	 1	 1	 0	 0.3	  # 0.0781262
1995	 2	 1	 2	 0.0213118	 0.07	 2	 1	 1	 0	 0.3	  # 0.0213107
1996	 2	 1	 2	 0.100601	 0.07	 2	 1	 1	 0	 0.3	  # 0.100574
1997	 2	 1	 2	 0.0990424	 0.07	 2	 1	 1	 0	 0.3	  # 0.0990139
1998	 2	 1	 2	 0.0076006	 0.07	 2	 1	 1	 0	 0.3	  # 0.00760042
1999	 2	 1	 2	 0.00802073	 0.07	 2	 1	 1	 0	 0.3	  # 0.00802051
2000	 2	 1	 2	 0.000918845	 0.07	 2	 1	 1	 0	 0.3	  # 0.000918842
2001	 2	 1	 2	 0.0159923	 0.07	 2	 1	 1	 0	 0.3	  # 0.0159914
2002	 2	 1	 2	 0.0018359	 0.07	 2	 1	 1	 0	 0.3	  # 0.00183588
2003	 2	 1	 2	 0.000821391	 0.07	 2	 1	 1	 0	 0.3	  # 0.000821389
2004	 2	 1	 2	 0.00147843	 0.07	 2	 1	 1	 0	 0.3	  # 0.00147843
2005	 2	 1	 2	 0.00353372	 0.07	 2	 1	 1	 0	 0.3	  # 0.00353372
2006	 2	 1	 2	 0.00124946	 0.07	 2	 1	 1	 0	 0.3	  # 0.00124946
2007	 2	 1	 2	 0.0183682	 0.07	 2	 1	 1	 0	 0.3	  # 0.0183682
2008	 2	 1	 2	 0.0173898	 0.07	 2	 1	 1	 0	 0.3	  # 0.0173898
2009	 2	 1	 2	 0.0124125	 0.07	 2	 1	 1	 0	 0.3	  # 0.0124124
2010	 2	 1	 2	 0.0100496	 0.07	 2	 1	 1	 0	 0.3	  # 0.0100496
2011	 2	 1	 2	 0.190907	 0.07	 2	 1	 1	 0	 0.3	  # 0.190936
2012	 2	 1	 2	 0.0571362	 0.07	 2	 1	 1	 0	 0.3	  # 0.0571378
2013	 2	 1	 2	 0.11566	 0.07	 2	 1	 1	 0	 0.3	  # 0.115654
2014	 2	 1	 2	 0.299059	 0.07	 2	 1	 1	 0	 0.3	  # 0.298942
2015	 2	 1	 2	 0.11502	 0.07	 2	 1	 1	 0	 0.3	  # 0.114997
2016	 2	 1	 2	 0.0332346	 0.07	 2	 1	 1	 0	 0.3	  # 0.0332321
2017	 2	 1	 2	 0.0280132	 0.07	 2	 1	 1	 0	 0.3	  # 0.0280113
2018	 2	 1	 2	 0.0221902	 0.07	 2	 1	 1	 0	 0.3	  # 0.0221893
2019	 2	 1	 2	 0.021414	 0.07	 2	 1	 1	 0	 0.3	  # 0.0214133
2020	 2	 1	 2	 0.00078163	 0.07	 2	 1	 1	 0	 0.3	  # 0.00078163
2021	 2	 1	 2	 4.19e-05	 0.07	 2	 1	 1	 0	 0.3	  # 4.19e-05
2024	 2	 1	 2	 1.96e-05	 0.07	 2	 1	 1	 0	 0.3	  # 1.96e-05
1982	 2	 2	 0	 0.367903	 0.2	 2	 1	 1	 0	 1	  # 0.367285
1983	 2	 2	 0	 0.473292	 0.2	 2	 1	 1	 0	 1	  # 0.473323
1984	 2	 2	 0	 0.502673	 0.2	 2	 1	 1	 0	 1	  # 0.502882
1985	 2	 2	 0	 0.429325	 0.2	 2	 1	 1	 0	 1	  # 0.431674
1986	 2	 2	 0	 4.99999e-05	 0.2	 2	 1	 1	 0	 1	  # 5e-05
1987	 2	 2	 0	 0.00280376	 0.2	 2	 1	 1	 0	 1	  # 0.002804
1988	 2	 2	 0	 0.00193092	 0.2	 2	 1	 1	 0	 1	  # 0.001931
1989	 2	 2	 0	 0.100088	 0.2	 2	 1	 1	 0	 1	  # 0.100212
1990	 2	 2	 0	 0.331514	 0.1	 2	 1	 1	 0	 1	  # 0.33163
1991	 2	 2	 0	 4.4694	 0.1	 2	 1	 1	 0	 1	  # 4.45118
1992	 2	 2	 0	 2.06183	 0.1	 2	 1	 1	 0	 1	  # 2.04994
1993	 2	 2	 0	 1.12391	 0.1	 2	 1	 1	 0	 1	  # 1.12599
1994	 2	 2	 0	 0.699	 0.1	 2	 1	 1	 0	 1	  # 0.699353
1995	 2	 2	 0	 1.04832	 0.1	 2	 1	 1	 0	 1	  # 1.04396
1996	 2	 2	 0	 1.22259	 0.1	 2	 1	 1	 0	 1	  # 1.22347
1997	 2	 2	 0	 0.726552	 0.1	 2	 1	 1	 0	 1	  # 0.726483
1998	 2	 2	 0	 0.581589	 0.1	 2	 1	 1	 0	 1	  # 0.578719
1999	 2	 2	 0	 0.242762	 0.1	 2	 1	 1	 0	 1	  # 0.242208
2000	 2	 2	 0	 0.247735	 0.1	 2	 1	 1	 0	 1	  # 0.247225
2001	 2	 2	 0	 0.181629	 0.1	 2	 1	 1	 0	 1	  # 0.181282
2002	 2	 2	 0	 0.104688	 0.1	 2	 1	 1	 0	 1	  # 0.104544
2003	 2	 2	 0	 0.136491	 0.1	 2	 1	 1	 0	 1	  # 0.13631
2004	 2	 2	 0	 0.179552	 0.1	 2	 1	 1	 0	 1	  # 0.179526
2005	 2	 2	 0	 0.188724	 0.1	 2	 1	 1	 0	 1	  # 0.188691
2006	 2	 2	 0	 0.364828	 0.1	 2	 1	 1	 0	 1	  # 0.363289
2007	 2	 2	 0	 0.30673	 0.1	 2	 1	 1	 0	 1	  # 0.306062
2008	 2	 2	 0	 0.189242	 0.1	 2	 1	 1	 0	 1	  # 0.189057
2009	 2	 2	 0	 0.389068	 0.1	 2	 1	 1	 0	 1	  # 0.388753
2010	 2	 2	 0	 0.137993	 0.1	 2	 1	 1	 0	 1	  # 0.138071
2011	 2	 2	 0	 0.139503	 0.1	 2	 1	 1	 0	 1	  # 0.139626
2012	 2	 2	 0	 0.150452	 0.1	 2	 1	 1	 0	 1	  # 0.150425
2013	 2	 2	 0	 0.162211	 0.1	 2	 1	 1	 0	 1	  # 0.162111
2014	 2	 2	 0	 0.618402	 0.1	 2	 1	 1	 0	 1	  # 0.617397
2015	 2	 2	 0	 1.59522	 0.1	 2	 1	 1	 0	 1	  # 1.58188
2016	 2	 2	 0	 0.0350867	 0.1	 2	 1	 1	 0	 1	  # 0.0350739
2017	 2	 2	 0	 0.10132	 0.1	 2	 1	 1	 0	 1	  # 0.101233
2018	 2	 2	 0	 0.401306	 0.1	 2	 1	 1	 0	 1	  # 0.401393
2019	 2	 2	 0	 0.210292	 0.1	 2	 1	 1	 0	 1	  # 0.210519
2020	 2	 2	 0	 0.192987	 0.1	 2	 1	 1	 0	 1	  # 0.193233
2021	 2	 2	 0	 0.129834	 0.1	 2	 1	 1	 0	 1	  # 0.129531
2022	 2	 2	 0	 0.0604033	 0.1	 2	 1	 1	 0	 1	  # 0.0603996
2023	 2	 2	 0	 0.10715	 0.1	 2	 1	 1	 0	 1	  # 0.107238
2024	 2	 2	 0	 0.0924068	 0.1	 2	 1	 1	 0	 1	  # 0.0924678


##------------------------------------------------------------
##--RELATIVE ABUNDANCE DATA-----------------------------------
##------------------------------------------------------------
0  #--input format type (0: old format, 1: new format)
## Index: One q is estimated for each index (the number of index values should match nSurveys
## Sex: 1 = male, 2 = female, 0 = both
## Maturity: 1 = mature, 2 = immature, 0 = both
## Units of survey: 1 = biomass, 2 = numbers
##  Number  of  relative  abundance indicies
4
# Type of 'survey' catchability (1=Selectivity; 2=Selectivity+Retention), by data frame
 1 1 1 1
##  Number of rows in index
86
#Index	Year	Season	Fleet	Sex	Maturity	Value	CV	Type	Time # original
1	 1982	 1	 3	 2	 1	 71.2828	 0.158	 1	 0	 # 141.49
1	 1983	 1	 3	 2	 1	 54.6367	 0.203	 1	 0	 # 82.18
1	 1984	 1	 3	 2	 1	 42.4693	 0.2	 1	 0	 # 39.37
1	 1985	 1	 3	 2	 1	 35.2143	 0.215	 1	 0	 # 5.89
1	 1986	 1	 3	 2	 1	 38.9066	 0.209	 1	 0	 # 15.17
1	 1987	 1	 3	 2	 1	 74.2946	 0.189	 1	 0	 # 119.55
1	 1988	 1	 3	 2	 1	 135.231	 0.177	 1	 0	 # 165.62
2	 1989	 1	 4	 2	 1	 203.983	 0.324	 1	 0	 # 256.73
2	 1990	 1	 4	 2	 1	 191.413	 0.21	 1	 0	 # 174.94
2	 1991	 1	 4	 2	 1	 161.802	 0.243	 1	 0	 # 199.02
2	 1992	 1	 4	 2	 1	 132.31	 0.202	 1	 0	 # 123.48
2	 1993	 1	 4	 2	 1	 111.469	 0.166	 1	 0	 # 127.08
2	 1994	 1	 4	 2	 1	 100.354	 0.14	 1	 0	 # 122.6
2	 1995	 1	 4	 2	 1	 97.3489	 0.136	 1	 0	 # 164.96
2	 1996	 1	 4	 2	 1	 97.4782	 0.151	 1	 0	 # 104.43
2	 1997	 1	 4	 2	 1	 93.3284	 0.197	 1	 0	 # 101.39
2	 1998	 1	 4	 2	 1	 81.684	 0.28	 1	 0	 # 70.18
2	 1999	 1	 4	 2	 1	 66.026	 0.238	 1	 0	 # 29.85
2	 2000	 1	 4	 2	 1	 54.7237	 0.539	 1	 0	 # 93.88
2	 2001	 1	 4	 2	 1	 50.101	 0.297	 1	 0	 # 74.84
2	 2002	 1	 4	 2	 1	 47.7347	 0.319	 1	 0	 # 29.51
2	 2003	 1	 4	 2	 1	 46.3747	 0.406	 1	 0	 # 38.76
2	 2004	 1	 4	 2	 1	 66.3961	 0.28	 1	 0	 # 47.74
2	 2005	 1	 4	 2	 1	 93.0651	 0.223	 1	 0	 # 62.6
2	 2006	 1	 4	 2	 1	 91.4794	 0.204	 1	 0	 # 50.59
2	 2007	 1	 4	 2	 1	 79.9943	 0.324	 1	 0	 # 54.45
2	 2008	 1	 4	 2	 1	 67.3808	 0.235	 1	 0	 # 49.35
2	 2009	 1	 4	 2	 1	 58.2104	 0.231	 1	 0	 # 50
2	 2010	 1	 4	 2	 1	 75.0143	 0.184	 1	 0	 # 94.96
2	 2011	 1	 4	 2	 1	 100.703	 0.192	 1	 0	 # 169.12
2	 2012	 1	 4	 2	 1	 99.9284	 0.235	 1	 0	 # 143.25
2	 2013	 1	 4	 2	 1	 90.9256	 0.207	 1	 0	 # 125.67
2	 2014	 1	 4	 2	 1	 81.0463	 0.214	 1	 0	 # 111.36
2	 2015	 1	 4	 2	 1	 68.0628	 0.183	 1	 0	 # 81.63
2	 2016	 1	 4	 2	 1	 62.701	 0.206	 1	 0	 # 53.12
2	 2017	 1	 4	 2	 1	 81.1743	 0.219	 1	 0	 # 105.88
2	 2018	 1	 4	 2	 1	 144.896	 0.2	 1	 0	 # 165.45
2	 2019	 1	 4	 2	 1	 111.955	 0.197	 1	 0	 # 109.23
2	 2021	 1	 4	 2	 1	 41.0109	 0.443	 1	 0	 # 30.54
2	 2022	 1	 4	 2	 1	 35.7405	 0.345	 1	 0	 # 21.43
2	 2023	 1	 4	 2	 1	 37.3501	 0.274	 1	 0	 # 15.3
2	 2024	 1	 4	 2	 1	 49.1161	 0.229	 1	 0	 # 41.9
2	 2025	 1	 4	 2	 1	 64.7432	 0.172	 1	 0	 # 147.34
3	 1982	 1	 3	 1	 1	 112.151	 0.138	 1	 0	 # 170.63
3	 1983	 1	 3	 1	 1	 165.889	 0.126	 1	 0	 # 146.95
3	 1984	 1	 3	 1	 1	 211.9	 0.118	 1	 0	 # 166.22
3	 1985	 1	 3	 1	 1	 226.313	 0.106	 1	 0	 # 69.76
3	 1986	 1	 3	 1	 1	 220.918	 0.112	 1	 0	 # 84.32
3	 1987	 1	 3	 1	 1	 221.533	 0.107	 1	 0	 # 180.98
3	 1988	 1	 3	 1	 1	 240.582	 0.149	 1	 0	 # 245.81
4	 1989	 1	 4	 1	 1	 283.883	 0.107	 1	 0	 # 245.37
4	 1990	 1	 4	 1	 1	 293.619	 0.139	 1	 0	 # 348.38
4	 1991	 1	 4	 1	 1	 295.93	 0.147	 1	 0	 # 381.69
4	 1992	 1	 4	 1	 1	 265.739	 0.094	 1	 0	 # 219.72
4	 1993	 1	 4	 1	 1	 199.531	 0.105	 1	 0	 # 175.3
4	 1994	 1	 4	 1	 1	 153.17	 0.084	 1	 0	 # 148.74
4	 1995	 1	 4	 1	 1	 169.286	 0.127	 1	 0	 # 193.05
4	 1996	 1	 4	 1	 1	 206.789	 0.125	 1	 0	 # 263.23
4	 1997	 1	 4	 1	 1	 225.734	 0.095	 1	 0	 # 284.08
4	 1998	 1	 4	 1	 1	 203.493	 0.09	 1	 0	 # 194.36
4	 1999	 1	 4	 1	 1	 117.295	 0.09	 1	 0	 # 91.33
4	 2000	 1	 4	 1	 1	 95.1856	 0.136	 1	 0	 # 85.94
4	 2001	 1	 4	 1	 1	 78.1818	 0.116	 1	 0	 # 113.97
4	 2002	 1	 4	 1	 1	 68.8183	 0.227	 1	 0	 # 82.98
4	 2003	 1	 4	 1	 1	 71.337	 0.119	 1	 0	 # 63.1
4	 2004	 1	 4	 1	 1	 87.588	 0.138	 1	 0	 # 73.04
4	 2005	 1	 4	 1	 1	 95.4559	 0.113	 1	 0	 # 117.21
4	 2006	 1	 4	 1	 1	 102.797	 0.26	 1	 0	 # 134.74
4	 2007	 1	 4	 1	 1	 123.11	 0.147	 1	 0	 # 147.14
4	 2008	 1	 4	 1	 1	 136.754	 0.102	 1	 0	 # 121.93
4	 2009	 1	 4	 1	 1	 128.767	 0.128	 1	 0	 # 120.89
4	 2010	 1	 4	 1	 1	 181.557	 0.122	 1	 0	 # 164.27
4	 2011	 1	 4	 1	 1	 141.444	 0.114	 1	 0	 # 154.35
4	 2012	 1	 4	 1	 1	 108.28	 0.119	 1	 0	 # 118.04
4	 2013	 1	 4	 1	 1	 100.196	 0.118	 1	 0	 # 99.3
4	 2014	 1	 4	 1	 1	 90.7951	 0.164	 1	 0	 # 153.58
4	 2015	 1	 4	 1	 1	 74.8408	 0.118	 1	 0	 # 81.16
4	 2016	 1	 4	 1	 1	 64.058	 0.108	 1	 0	 # 57.44
4	 2017	 1	 4	 1	 1	 95.0415	 0.131	 1	 0	 # 87.01
4	 2018	 1	 4	 1	 1	 159.202	 0.17	 1	 0	 # 219.79
4	 2019	 1	 4	 1	 1	 135.183	 0.172	 1	 0	 # 161.35
4	 2021	 1	 4	 1	 1	 72.0471	 0.134	 1	 0	 # 59.99
4	 2022	 1	 4	 1	 1	 58.1459	 0.149	 1	 0	 # 36.5
4	 2023	 1	 4	 1	 1	 49.6459	 0.127	 1	 0	 # 23.07
4	 2024	 1	 4	 1	 1	 56.8216	 0.122	 1	 0	 # 61.6
4	 2025	 1	 4	 1	 1	 87.479	 0.147	 1	 0	 # 113.01


##------------------------------------------------------------
##--SIZE COMPOSITION DATA-------------------------------------
##------------------------------------------------------------
0   #--format flag (0=old style, 1=new style)
#  Number  of  length  frequency matrices
13
##  Number of rows in each matrix
 41 31 31 34 34 7 36 7 36 7 36 7 36
##  Number of bins in each matrix (columns of size data)
 22 22 22 22 22 22 22 22 22 22 22 22 22
## Sex: 1 = male, 2 = female, 0 = both
## Type of catch: 1 = retained, 2 = discard, 0 = total
## Shell: 1 = newshell, 2 = oldshell, 0 = both
## Maturity: 1 = immature, 2 = mature, 0 = both
## Stage1_EffN: the stage-1 effective sample size (this can be modified in the CTL file)
# Year Season Fleet Sex Type Shell Maturity Stage1_EffN Data
1982	 2	 1	 1	 1	 0	 0	 100	 7.5167e-30	 8.53549e-28	 1.92882e-25	 3.24556e-23	 1.74423e-21	 2.02765e-19	 1.71155e-17	 1.50389e-15	 1.51203e-13	 1.09464e-11	 7.65311e-10	 6.44923e-08	 6.11013e-06	 0.000324948	 0.0168841	 0.323163	 0.34916	 0.180197	 0.074265	 0.030469	 0.0148625	 0.0106675	 	 # 0	 0	 0	 0	 0	 0	 0	 0	 0	 0.000194628	 0.000389257	 0.000973141	 0.00369794	 0.0198521	 0.132931	 0.343519	 0.276373	 0.140522	 0.0566368	 0.0184896	 0.0048657	 0.00155703	 
1983	 2	 1	 1	 1	 0	 0	 100	 3.3765e-29	 4.58994e-27	 3.17818e-25	 5.41556e-24	 9.46455e-22	 1.30717e-19	 1.19615e-17	 1.02877e-15	 9.93543e-14	 8.98249e-12	 7.96825e-10	 6.80701e-08	 5.31042e-06	 0.00036389	 0.0203519	 0.241841	 0.297646	 0.216797	 0.121791	 0.0560233	 0.0252261	 0.019954	 	 # 0	 0	 0	 0	 0	 0	 0	 0	 0	 0	 0.000238284	 0.00039714	 0.00127085	 0.00833996	 0.0518665	 0.188483	 0.274981	 0.25846	 0.147578	 0.0540906	 0.0119936	 0.00230342	 
1984	 2	 1	 1	 1	 0	 0	 100	 1.56297e-29	 2.97722e-27	 3.20538e-25	 2.14105e-23	 1.56635e-21	 8.08234e-20	 6.04377e-18	 7.14387e-16	 7.80471e-14	 7.33495e-12	 6.4675e-10	 5.50452e-08	 4.51744e-06	 0.000348458	 0.0210068	 0.199956	 0.253954	 0.208381	 0.139284	 0.0827552	 0.0512891	 0.0430209	 	 # 0	 0	 0	 0	 0	 0	 0	 6.74e-05	 0	 0.000202265	 0.000134844	 0.00168555	 0.00532632	 0.0211705	 0.068568	 0.16815	 0.228425	 0.234358	 0.168756	 0.0788161	 0.0200917	 0.00424758	 
1985	 2	 1	 1	 1	 0	 0	 100	 2.38355e-29	 3.67057e-27	 3.34409e-25	 1.95331e-23	 2.00959e-21	 1.62807e-19	 1.25326e-17	 9.4322e-16	 7.0987e-14	 5.99747e-12	 5.60255e-10	 5.15406e-08	 4.44817e-06	 0.000355322	 0.0215299	 0.18012	 0.229235	 0.199761	 0.147357	 0.0989275	 0.0670763	 0.0556331	 	 # 0	 0	 0	 0	 0	 0	 0	 0	 0	 5.2e-05	 0.000311705	 0.00135072	 0.00493532	 0.0261313	 0.09081	 0.185723	 0.22105	 0.213621	 0.149203	 0.0753285	 0.0257676	 0.00571458	 
1986	 2	 1	 1	 1	 0	 0	 100	 3.25265e-29	 5.21479e-27	 4.8168e-25	 2.6899e-23	 2.50837e-21	 1.93555e-19	 1.65379e-17	 1.50422e-15	 1.2724e-13	 1.02799e-11	 8.10893e-10	 6.2237e-08	 4.74679e-06	 0.000364554	 0.0222706	 0.17299	 0.219135	 0.196201	 0.150708	 0.105401	 0.0729267	 0.059998	 	 # 0	 0	 0	 0	 0	 0	 0	 0	 0	 0	 0	 0.00119102	 0.00458085	 0.0304168	 0.100962	 0.166193	 0.218873	 0.218323	 0.151168	 0.0790655	 0.0238205	 0.00540541	 
1987	 2	 1	 1	 1	 0	 0	 100	 3.18671e-30	 1.84365e-27	 3.44482e-25	 4.19392e-23	 3.92629e-21	 2.94097e-19	 2.37661e-17	 2.08455e-15	 1.76223e-13	 1.49349e-11	 1.26052e-09	 1.02194e-07	 7.91101e-06	 0.000584024	 0.0319847	 0.198585	 0.224452	 0.186385	 0.137967	 0.0962765	 0.0674909	 0.0562676	 	 # 0	 0	 0	 0	 0	 0	 0	 0	 0	 0	 0	 0.00241351	 0.0103245	 0.0186377	 0.0754894	 0.186377	 0.228881	 0.215339	 0.154331	 0.0821936	 0.0225261	 0.00348619	 
1988	 2	 1	 1	 1	 0	 0	 100	 1.87684e-29	 2.59199e-27	 2.24599e-25	 1.59727e-23	 2.43424e-21	 2.80444e-19	 2.76413e-17	 2.44379e-15	 2.01006e-13	 1.65262e-11	 1.36307e-09	 1.09491e-07	 8.55797e-06	 0.000649857	 0.0360984	 0.205247	 0.23044	 0.192691	 0.140231	 0.0928855	 0.0591368	 0.0426119	 	 # 0	 0	 0	 0	 0	 0	 0	 0	 0	 0	 0	 0.00274904	 0.00655697	 0.0218498	 0.0728395	 0.160788	 0.200538	 0.21021	 0.166103	 0.107294	 0.041256	 0.00981511	 
1989	 2	 1	 1	 1	 0	 0	 100	 9.30706e-30	 1.82908e-27	 2.07584e-25	 1.66646e-23	 1.66084e-21	 1.53695e-19	 1.69599e-17	 1.9141e-15	 1.92273e-13	 1.76447e-11	 1.50233e-09	 1.19963e-07	 9.22627e-06	 0.000690294	 0.0375569	 0.199213	 0.223132	 0.190841	 0.143119	 0.09753	 0.0630725	 0.0448364	 	 # 0	 0	 0	 0	 0	 0	 0	 6.23e-05	 0.000218007	 0.000342583	 0.00146377	 0.00261609	 0.00688281	 0.0261297	 0.0877012	 0.197016	 0.218599	 0.179513	 0.143667	 0.0894453	 0.0357533	 0.0105889	 
1990	 2	 1	 1	 1	 0	 0	 100	 1.00101e-29	 1.68865e-27	 1.80391e-25	 1.52668e-23	 1.77995e-21	 1.71384e-19	 1.6537e-17	 1.59574e-15	 1.47871e-13	 1.40119e-11	 1.36477e-09	 1.3058e-07	 1.18676e-05	 0.000993284	 0.0548901	 0.249165	 0.243673	 0.182612	 0.122067	 0.0753503	 0.0439666	 0.0272702	 	 # 0	 0	 0	 0	 0	 0	 0	 5.15e-05	 0.000103034	 0.000103034	 0.000231828	 0.00113338	 0.00291072	 0.0158673	 0.0627994	 0.174411	 0.258951	 0.22495	 0.152825	 0.0780227	 0.0233116	 0.00432744	 
1991	 2	 1	 1	 1	 0	 0	 100	 2.75082e-29	 3.88876e-27	 2.97911e-25	 9.76731e-24	 1.12425e-21	 1.1342e-19	 1.16595e-17	 1.16884e-15	 1.09478e-13	 1.01701e-11	 9.39444e-10	 8.34271e-08	 7.12983e-06	 0.000590356	 0.0340283	 0.162162	 0.196354	 0.195365	 0.167594	 0.122516	 0.0767953	 0.0445881	 	 # 0	 0	 0	 0	 0	 0	 0	 8.63e-06	 6.04e-05	 0.00044891	 0.00164457	 0.00430782	 0.00885304	 0.0282339	 0.0959806	 0.219457	 0.235492	 0.187377	 0.121197	 0.0649065	 0.0245131	 0.00751925	 
1992	 2	 1	 1	 1	 0	 0	 100	 4.71684e-29	 7.50141e-27	 6.70998e-25	 3.27221e-23	 2.69864e-21	 1.71499e-19	 1.35366e-17	 1.36235e-15	 1.32579e-13	 1.26848e-11	 1.18508e-09	 1.04706e-07	 8.73495e-06	 0.000696725	 0.0384881	 0.167367	 0.193872	 0.186491	 0.159499	 0.120516	 0.0812448	 0.0518172	 	 # 0	 0	 0	 0	 0	 7.89e-06	 7.89e-06	 4.34e-05	 2.37e-05	 0.00015788	 0.000698619	 0.00247082	 0.00645729	 0.0166998	 0.0452129	 0.118374	 0.188307	 0.23982	 0.20612	 0.120498	 0.0420711	 0.0114779	 
1993	 2	 1	 1	 1	 0	 0	 100	 6.21097e-30	 3.71538e-27	 6.89754e-25	 8.28588e-23	 7.56142e-21	 5.30041e-19	 3.88077e-17	 3.10691e-15	 2.41721e-13	 2.0274e-11	 1.82726e-09	 1.62763e-07	 1.38249e-05	 0.00111446	 0.0594655	 0.221787	 0.218736	 0.179195	 0.13429	 0.091968	 0.0576102	 0.03582	 	 # 0	 0	 0	 0	 0	 0	 8.42e-06	 8.42e-06	 5.05e-05	 0.000314196	 0.000892093	 0.00270994	 0.005692	 0.0173117	 0.0522239	 0.134412	 0.198684	 0.222967	 0.1859	 0.114906	 0.0472669	 0.0146382	 
1994	 2	 1	 1	 1	 0	 0	 100	 2.26535e-29	 3.4013e-27	 4.02189e-25	 5.12246e-23	 7.98953e-21	 9.32594e-19	 9.11397e-17	 7.86924e-15	 6.26057e-13	 4.96882e-11	 3.94184e-09	 2.99769e-07	 2.18933e-05	 0.00157495	 0.0765043	 0.239707	 0.216571	 0.173414	 0.128777	 0.0849992	 0.0493535	 0.0290762	 	 # 0	 0	 0	 1.92e-05	 0	 2.88e-05	 9.61e-06	 1.92e-05	 8.65e-05	 0.000874353	 0.00304582	 0.00754249	 0.0130576	 0.0358773	 0.0965151	 0.177273	 0.202456	 0.185968	 0.141453	 0.0875313	 0.0362328	 0.0107805	 
1995	 2	 1	 1	 1	 0	 0	 100	 8.1292e-30	 1.78037e-27	 2.27019e-25	 2.41404e-23	 3.24088e-21	 4.07109e-19	 5.16936e-17	 6.1048e-15	 6.32292e-13	 5.87751e-11	 4.94666e-09	 3.78532e-07	 2.69761e-05	 0.00182996	 0.0825271	 0.267038	 0.233558	 0.169317	 0.112009	 0.0687631	 0.0398866	 0.025044	 	 # 0	 0	 0	 0	 0	 0	 1.03e-05	 4.12e-05	 0.000164673	 0.000566065	 0.00218192	 0.00700891	 0.017795	 0.0418682	 0.106647	 0.194232	 0.212532	 0.187573	 0.129053	 0.0694716	 0.0237541	 0.00647372	 
1996	 2	 1	 1	 1	 0	 0	 100	 3.8588e-30	 6.76192e-28	 7.96051e-26	 8.72845e-24	 1.23558e-21	 1.47015e-19	 1.76278e-17	 2.12061e-15	 2.41151e-13	 2.59291e-11	 2.57416e-09	 2.32434e-07	 1.92292e-05	 0.0014494	 0.0697205	 0.262816	 0.247084	 0.180366	 0.115002	 0.0666789	 0.0362223	 0.0206418	 	 # 0	 0	 0	 0	 0	 0	 0	 0	 3.92e-05	 0.000101795	 0.000501143	 0.00166787	 0.00542644	 0.0219955	 0.0955304	 0.253782	 0.262403	 0.188532	 0.104708	 0.0464654	 0.0149951	 0.00348451	 
1997	 2	 1	 1	 1	 0	 0	 100	 6.99587e-30	 1.00974e-27	 8.18859e-26	 4.01081e-24	 5.71029e-22	 6.97743e-20	 8.55923e-18	 1.03003e-15	 1.1526e-13	 1.22711e-11	 1.23249e-09	 1.16024e-07	 1.03663e-05	 0.00086816	 0.0467732	 0.202073	 0.225187	 0.195965	 0.146007	 0.0951806	 0.0555948	 0.0323406	 	 # 0	 0	 0	 0	 0	 0	 0	 5.52e-06	 2.21e-05	 0.000127028	 0.000347947	 0.000624096	 0.00185572	 0.00738421	 0.0425931	 0.159244	 0.245369	 0.24401	 0.1695	 0.0858049	 0.0329445	 0.00934487	 
1998	 2	 1	 1	 1	 0	 0	 100	 9.8775e-30	 1.64375e-27	 1.5748e-25	 9.69791e-24	 9.6829e-22	 8.57605e-20	 9.23609e-18	 1.10218e-15	 1.24187e-13	 1.3309e-11	 1.32571e-09	 1.21663e-07	 1.05925e-05	 0.000882758	 0.0472694	 0.183068	 0.202298	 0.185758	 0.152424	 0.111048	 0.0722172	 0.0450244	 	 # 0	 0	 0	 0	 0	 0	 0	 1.98e-05	 2.64e-05	 9.23e-05	 0.000210932	 0.000665753	 0.0018852	 0.00905028	 0.0468663	 0.161857	 0.247258	 0.249071	 0.173946	 0.0796728	 0.0239473	 0.00503599	 
1999	 2	 1	 1	 1	 0	 0	 100	 1.93985e-29	 3.04212e-27	 2.76693e-25	 1.58792e-23	 1.67081e-21	 1.4771e-19	 1.41006e-17	 1.45099e-15	 1.4856e-13	 1.53477e-11	 1.5048e-09	 1.3531e-07	 1.15083e-05	 0.000942786	 0.0492723	 0.176763	 0.19669	 0.188093	 0.160088	 0.116311	 0.0710208	 0.0408074	 	 # 0	 0	 0	 0	 0	 0	 0	 0.000104225	 0.000173708	 0.000173708	 0.00045164	 0.00104225	 0.0014244	 0.00660089	 0.0353321	 0.13108	 0.217204	 0.261916	 0.201153	 0.105892	 0.0299125	 0.00715675	 
2000	 2	 1	 1	 1	 0	 0	 100	 2.51528e-29	 4.19055e-27	 4.09327e-25	 2.63389e-23	 2.5815e-21	 2.10279e-19	 1.91707e-17	 1.92056e-15	 1.8742e-13	 1.82565e-11	 1.70502e-09	 1.48247e-07	 1.23355e-05	 0.000995722	 0.0511239	 0.177381	 0.190035	 0.175464	 0.147688	 0.112105	 0.0794568	 0.0657381	 	 # 0	 0	 0	 0	 0	 0	 0	 3.36e-05	 0	 0.000100861	 0.000537924	 0.00141205	 0.00322754	 0.00695939	 0.0280393	 0.11135	 0.193619	 0.244083	 0.223306	 0.132228	 0.0434373	 0.0107921	 
2001	 2	 1	 1	 1	 0	 0	 100	 7.44899e-30	 2.23744e-27	 3.48929e-25	 3.93396e-23	 3.96855e-21	 3.34372e-19	 3.05939e-17	 2.96642e-15	 2.74565e-13	 2.52994e-11	 2.26571e-09	 1.91539e-07	 1.56119e-05	 0.00123633	 0.0622649	 0.212225	 0.212892	 0.176895	 0.133752	 0.0929259	 0.060801	 0.0469931	 	 # 0	 0	 0	 0	 0	 0	 3.42e-05	 0	 0.000102638	 0.000239488	 0.000821102	 0.00177906	 0.00396866	 0.0126587	 0.05149	 0.179582	 0.224058	 0.214581	 0.169318	 0.0976428	 0.0352048	 0.00745835	 
2002	 2	 1	 1	 1	 0	 0	 100	 1.06428e-28	 1.42888e-26	 1.00518e-24	 2.16439e-23	 3.08672e-21	 3.52667e-19	 3.68152e-17	 3.60283e-15	 3.32196e-13	 3.04447e-11	 2.7193e-09	 2.29771e-07	 1.85862e-05	 0.00143953	 0.07047	 0.239244	 0.226882	 0.17505	 0.122549	 0.0797698	 0.0496384	 0.0349384	 	 # 0	 0	 0	 0	 0	 0	 0	 0	 0	 0.000104044	 0.000762988	 0.00239301	 0.00686689	 0.0244156	 0.0962405	 0.249601	 0.263092	 0.186967	 0.110876	 0.0441493	 0.011965	 0.00235833	 
2003	 2	 1	 1	 1	 0	 0	 100	 6.13975e-29	 1.04133e-26	 9.93969e-25	 5.42797e-23	 4.08882e-21	 2.17225e-19	 1.64401e-17	 1.9307e-15	 2.0691e-13	 1.99883e-11	 1.75857e-09	 1.4341e-07	 1.13961e-05	 0.000896935	 0.0469901	 0.198505	 0.228565	 0.202958	 0.150537	 0.0946174	 0.0510148	 0.0259041	 	 # 0	 0	 0	 0	 0	 0	 0	 3.62e-05	 0.000108562	 0.000180937	 0.000289498	 0.000434248	 0.00144749	 0.00665846	 0.039227	 0.154375	 0.244916	 0.25038	 0.18318	 0.0869219	 0.0264167	 0.00492147	 
2004	 2	 1	 1	 1	 0	 0	 100	 4.64431e-29	 7.59232e-27	 7.34452e-25	 4.63463e-23	 4.34982e-21	 3.10799e-19	 2.2666e-17	 1.77373e-15	 1.35437e-13	 1.13313e-11	 1.0204e-09	 9.08477e-08	 7.8368e-06	 0.000646969	 0.0353254	 0.166788	 0.204833	 0.193612	 0.156244	 0.112209	 0.0755247	 0.0548083	 	 # 0	 0	 0	 0	 0	 0	 0	 4.47e-05	 4.47e-05	 0.000312723	 0.000446748	 0.000893495	 0.00245711	 0.00826483	 0.0301555	 0.0960061	 0.174008	 0.228779	 0.225384	 0.15042	 0.0646444	 0.0167977	 
2005	 2	 1	 1	 1	 0	 0	 100	 5.08869e-29	 8.17111e-27	 7.62715e-25	 4.44066e-23	 4.31081e-21	 3.49621e-19	 2.97897e-17	 2.57046e-15	 2.00736e-13	 1.5366e-11	 1.17963e-09	 8.90333e-08	 6.67293e-06	 0.000505285	 0.0272675	 0.135366	 0.181097	 0.189231	 0.167882	 0.130932	 0.0949805	 0.072732	 	 # 0	 0	 0	 0	 0	 0	 0	 0	 2.47e-05	 2.47e-05	 0.000271672	 0.000469252	 0.000815016	 0.00167943	 0.00664362	 0.0450235	 0.116449	 0.208743	 0.256483	 0.217239	 0.108274	 0.0343048	 
2006	 2	 1	 1	 1	 0	 0	 100	 1.86437e-29	 4.61019e-27	 6.38717e-25	 6.33639e-23	 5.97778e-21	 4.60739e-19	 3.8621e-17	 3.47059e-15	 2.9209e-13	 2.42431e-11	 1.97944e-09	 1.54107e-07	 1.14108e-05	 0.000809356	 0.039824	 0.178042	 0.200187	 0.178056	 0.14228	 0.107023	 0.0804708	 0.0732951	 	 # 0	 0	 0	 0	 0	 0	 0	 0	 2.9e-05	 2.9e-05	 5.79e-05	 0.000753317	 0.00153561	 0.00480964	 0.0356957	 0.208524	 0.33343	 0.239497	 0.0983659	 0.0456337	 0.0203106	 0.00730138	 
2007	 2	 1	 1	 1	 0	 0	 100	 1.26164e-29	 2.23535e-27	 2.75518e-25	 3.03786e-23	 3.79671e-21	 3.82061e-19	 3.69123e-17	 3.41104e-15	 2.84994e-13	 2.27796e-11	 1.7772e-09	 1.35897e-07	 1.05042e-05	 0.000811727	 0.0433051	 0.206074	 0.230866	 0.192383	 0.136576	 0.0891735	 0.0576465	 0.0431536	 	 # 0	 0	 0	 0	 0	 0	 0	 0	 4.01e-05	 6.02e-05	 0.000100281	 0.000340955	 0.00128359	 0.00435219	 0.0372042	 0.210449	 0.322002	 0.234075	 0.116707	 0.0541917	 0.0156237	 0.00326915	 
2008	 2	 1	 1	 1	 0	 0	 100	 1.59039e-29	 2.45976e-27	 2.26177e-25	 1.46856e-23	 1.81592e-21	 2.05392e-19	 2.42466e-17	 2.67937e-15	 2.52701e-13	 2.14288e-11	 1.68153e-09	 1.24769e-07	 9.1605e-06	 0.000676154	 0.03593	 0.176078	 0.209642	 0.19293	 0.154392	 0.109825	 0.0714433	 0.0490744	 	 # 0	 0	 0	 0	 0	 0	 0	 0	 0	 2.02e-05	 0.00012118	 0.000403934	 0.000929049	 0.00521075	 0.0387979	 0.184901	 0.284067	 0.237513	 0.141579	 0.0756367	 0.0257912	 0.00464525	 
2009	 2	 1	 1	 1	 0	 0	 100	 3.2573e-29	 4.76896e-27	 3.86051e-25	 1.52543e-23	 1.53033e-21	 1.37186e-19	 1.49643e-17	 1.72663e-15	 1.76099e-13	 1.6522e-11	 1.444e-09	 1.18509e-07	 9.38244e-06	 0.000716513	 0.0381972	 0.187276	 0.216738	 0.191668	 0.147339	 0.10238	 0.0670909	 0.048584	 	 # 0	 0	 0	 0	 0	 0	 0	 0	 3.25e-05	 3.25e-05	 9.76e-05	 0.000195154	 0.000455359	 0.002537	 0.0187998	 0.116702	 0.213108	 0.234835	 0.212067	 0.136673	 0.0518458	 0.0117092	 
2010	 2	 1	 1	 1	 0	 0	 100	 3.18516e-30	 1.09472e-27	 1.70665e-25	 1.80181e-23	 1.57629e-21	 1.08115e-19	 8.94758e-18	 8.88299e-16	 8.16865e-14	 7.21535e-12	 6.16441e-10	 5.12078e-08	 4.28785e-06	 0.000364471	 0.0226004	 0.134994	 0.190238	 0.198793	 0.171656	 0.128535	 0.0885156	 0.0642985	 	 # 0	 0	 0	 0	 0	 0	 0	 0	 0	 0	 0	 8.19e-05	 0.000354784	 0.00150101	 0.0103979	 0.0616779	 0.14366	 0.228153	 0.269663	 0.19142	 0.0748595	 0.0164565	 
2011	 2	 1	 1	 1	 0	 0	 100	 8.57048e-30	 1.31723e-27	 1.41284e-25	 1.44371e-23	 2.00486e-21	 2.12826e-19	 2.02205e-17	 1.77232e-15	 1.41395e-13	 1.11966e-11	 8.94115e-10	 7.10971e-08	 5.76535e-06	 0.000480123	 0.0289829	 0.156804	 0.199671	 0.191932	 0.158202	 0.117294	 0.0825734	 0.0640537	 	 # 0	 0	 0	 0	 0	 0	 0	 0	 1.71e-05	 0	 0.000188018	 0.000529869	 0.00117939	 0.00211948	 0.0124092	 0.0654816	 0.141817	 0.21764	 0.255824	 0.194377	 0.083292	 0.0224596	 
2012	 2	 1	 1	 1	 0	 0	 100	 1.17104e-29	 2.08856e-27	 2.24973e-25	 1.89947e-23	 2.26984e-21	 2.4374e-19	 2.78701e-17	 3.06271e-15	 2.92475e-13	 2.53673e-11	 2.04086e-09	 1.55198e-07	 1.16476e-05	 0.000883119	 0.0478004	 0.210635	 0.218684	 0.177902	 0.132232	 0.0935461	 0.0654645	 0.0528407	 	 # 0	 0	 0	 0	 0	 0	 0	 0	 2.16e-05	 0	 6.49e-05	 0.000281227	 0.000778783	 0.00350452	 0.0257864	 0.12454	 0.201488	 0.214663	 0.203608	 0.144399	 0.0607667	 0.0181067	 
2013	 2	 1	 1	 1	 0	 0	 100	 5.55328e-29	 7.79754e-27	 5.95374e-25	 2.02114e-23	 2.37603e-21	 2.36775e-19	 2.52667e-17	 2.75255e-15	 2.75957e-13	 2.6338e-11	 2.37609e-09	 2.01734e-07	 1.64086e-05	 0.00127442	 0.0661264	 0.260178	 0.240272	 0.1748	 0.115465	 0.0713991	 0.0424716	 0.0279972	 	 # 0	 0	 0	 0	 0	 0	 0	 0	 0	 5.13e-05	 0.000128159	 0.000128159	 0.000974009	 0.00712565	 0.063003	 0.218332	 0.25901	 0.198365	 0.128979	 0.0796893	 0.0335777	 0.00986825	 
2014	 2	 1	 1	 1	 0	 0	 100	 7.17391e-29	 1.19532e-26	 1.13563e-24	 6.47066e-23	 5.45411e-21	 3.55647e-19	 2.93575e-17	 3.06813e-15	 3.00757e-13	 2.83432e-11	 2.57297e-09	 2.24187e-07	 1.89497e-05	 0.00152142	 0.0774329	 0.262405	 0.227464	 0.166811	 0.114415	 0.0734864	 0.0450785	 0.0313666	 	 # 0	 0	 0	 0	 0	 0	 0	 2.19e-05	 2.19e-05	 2.19e-05	 2.19e-05	 0.000349895	 0.000612316	 0.00441742	 0.0399755	 0.203355	 0.292403	 0.227213	 0.126968	 0.0670268	 0.028254	 0.00850682	 
2015	 2	 1	 1	 1	 0	 0	 100	 7.01911e-28	 9.56318e-26	 6.73376e-24	 1.12114e-22	 1.08109e-20	 8.16939e-19	 6.44569e-17	 5.43643e-15	 4.38447e-13	 3.67511e-11	 3.18235e-09	 2.71651e-07	 2.256e-05	 0.00177686	 0.0854362	 0.24584	 0.213222	 0.16985	 0.126192	 0.0832799	 0.0478925	 0.026488	 	 # 0	 0	 0	 0	 0	 0	 0	 0	 0	 3.26e-05	 0.000195759	 0.000228385	 0.000489396	 0.00309951	 0.0352039	 0.141566	 0.197096	 0.185905	 0.163948	 0.14509	 0.0911909	 0.02969	 
2016	 2	 1	 1	 1	 0	 0	 100	 5.88632e-28	 1.06109e-25	 1.08159e-23	 6.63622e-22	 4.83605e-20	 2.21197e-18	 1.09069e-16	 9.05055e-15	 7.3186e-13	 5.71465e-11	 4.401e-09	 3.30986e-07	 2.45745e-05	 0.00179189	 0.0818747	 0.231768	 0.218647	 0.184289	 0.138092	 0.0858604	 0.0418832	 0.0157688	 	 # 0	 0	 0	 0	 0	 0	 0	 0	 0	 9.82e-05	 0.000147275	 0.000147275	 0.000589102	 0.00328915	 0.034757	 0.15621	 0.226706	 0.195925	 0.161856	 0.13083	 0.065243	 0.020864	 
2017	 2	 1	 1	 1	 0	 0	 100	 9.73961e-29	 2.90183e-26	 4.63941e-24	 5.34754e-22	 5.24083e-20	 3.93119e-18	 2.80095e-16	 1.90795e-14	 1.12318e-12	 6.72211e-11	 4.622e-09	 3.42017e-07	 2.49947e-05	 0.00174172	 0.0771381	 0.250278	 0.232308	 0.176105	 0.119713	 0.0742787	 0.0426438	 0.0257686	 	 # 0	 0	 0	 0	 0	 0	 6.55e-05	 0	 0.000131062	 0	 0.000262123	 0.000262123	 0.000524246	 0.00517693	 0.0634338	 0.254915	 0.283355	 0.204653	 0.115072	 0.0512451	 0.0171035	 0.00353866	 
2018	 2	 1	 1	 1	 0	 0	 100	 3.81855e-29	 1.17002e-26	 2.45101e-24	 4.07762e-22	 5.53153e-20	 5.87052e-18	 5.35874e-16	 4.26988e-14	 3.01226e-12	 2.02831e-10	 1.32203e-08	 8.16128e-07	 4.78381e-05	 0.00271838	 0.104685	 0.31257	 0.246832	 0.157703	 0.0908266	 0.0483025	 0.0240704	 0.0122435	 	 # 0	 0	 0	 0	 0	 0	 4.56e-05	 0	 0	 0.00018244	 0.0004561	 0.000957811	 0.00150513	 0.00451539	 0.0570125	 0.237081	 0.271471	 0.198677	 0.123466	 0.0655872	 0.0291904	 0.00875713	 
2019	 2	 1	 1	 1	 0	 0	 100	 2.33881e-30	 4.05318e-28	 6.4837e-26	 1.29046e-23	 2.47418e-21	 3.53368e-19	 4.3586e-17	 4.77322e-15	 4.63942e-13	 4.22055e-11	 3.66306e-09	 3.0163e-07	 2.34491e-05	 0.00166884	 0.0764363	 0.306322	 0.273247	 0.176482	 0.0947921	 0.0447113	 0.0188143	 0.00750307	 	 # 0	 0	 0	 0	 0	 0	 0	 0	 0	 6.44e-05	 9.66e-05	 0.000386274	 0.000836928	 0.00968905	 0.0960858	 0.29389	 0.269072	 0.161366	 0.0868795	 0.0466748	 0.0233696	 0.0100109	 
2020	 2	 1	 1	 1	 0	 0	 100	 8.0968e-29	 1.06974e-26	 7.23142e-25	 1.28167e-23	 2.53304e-21	 3.61205e-19	 4.50326e-17	 5.06103e-15	 5.09111e-13	 4.88203e-11	 4.54037e-09	 4.02178e-07	 3.33449e-05	 0.00247541	 0.110919	 0.351662	 0.25566	 0.145187	 0.0749327	 0.0359943	 0.0160598	 0.00707552	 	 # 0	 0	 0	 0	 0	 0	 0	 0	 0	 3.77e-05	 0.00018848	 0.00018848	 0.00075392	 0.00542823	 0.073168	 0.283889	 0.304245	 0.194021	 0.0878317	 0.0341903	 0.0116104	 0.00384499	 
2021	 2	 1	 1	 1	 0	 0	 100	 8.7005e-29	 1.38226e-26	 1.22778e-24	 5.91652e-23	 4.9963e-21	 3.36861e-19	 2.95811e-17	 3.20537e-15	 3.21012e-13	 3.08628e-11	 2.89226e-09	 2.58879e-07	 2.17597e-05	 0.00164426	 0.0743314	 0.23569	 0.213612	 0.178377	 0.135224	 0.0878652	 0.0485451	 0.0246888	 	 # 0	 0	 0	 0	 0	 0	 0	 0	 0	 0	 0	 0.000138562	 0.000415685	 0.0047111	 0.0813357	 0.28807	 0.296106	 0.199945	 0.0892338	 0.0314535	 0.00706665	 0.00152418	 
2024	 2	 1	 1	 1	 0	 0	 100	 2.08187e-28	 4.52811e-26	 5.58827e-24	 4.70591e-22	 3.87529e-20	 2.26129e-18	 1.41365e-16	 1.07824e-14	 7.72276e-13	 5.57232e-11	 4.19567e-09	 3.14253e-07	 2.25233e-05	 0.00149955	 0.0641308	 0.224301	 0.212985	 0.17428	 0.130166	 0.089046	 0.0583336	 0.0452347	 	 # 0	 0	 0	 0	 0	 0	 0	 0	 0	 0	 0	 0	 0	 0.00124224	 0.0145963	 0.0906832	 0.193478	 0.251553	 0.227019	 0.147205	 0.0540373	 0.0170807	 
1992	 2	 1	 1	 0	 0	 0	 100	 2.89149e-06	 1.1542e-05	 2.59137e-05	 3.17189e-05	 6.56584e-05	 0.000104731	 0.000207488	 0.000524132	 0.00128025	 0.00307448	 0.00720951	 0.0159882	 0.0334844	 0.0675581	 0.122474	 0.138614	 0.149111	 0.143157	 0.122431	 0.0925073	 0.0623632	 0.0397747	 	 # 0	 0	 0	 7.25e-06	 0.000152269	 0.000819351	 0.00150819	 0.00257407	 0.00459707	 0.00795423	 0.0134867	 0.0235364	 0.0367765	 0.0564482	 0.0860826	 0.135432	 0.182752	 0.204243	 0.15026	 0.0702249	 0.0188886	 0.00361095	 
1993	 2	 1	 1	 0	 0	 0	 100	 3.36707e-07	 5.0555e-06	 2.35572e-05	 7.10293e-05	 0.000162694	 0.00028625	 0.000526044	 0.00105707	 0.00206422	 0.00434561	 0.00983059	 0.0219789	 0.0468667	 0.0955657	 0.167342	 0.16244	 0.148776	 0.121647	 0.0911591	 0.0624297	 0.0391069	 0.0243153	 	 # 5.94e-06	 0	 0	 5.94e-06	 5.94e-05	 0.000451655	 0.00118262	 0.00266239	 0.00445712	 0.0113983	 0.0287158	 0.0441315	 0.051976	 0.0758543	 0.10441	 0.141475	 0.167481	 0.163481	 0.120491	 0.0565995	 0.0198609	 0.00443335	 
1994	 2	 1	 1	 0	 0	 0	 100	 1.07177e-06	 4.03906e-06	 1.19877e-05	 3.83223e-05	 0.000150025	 0.000439544	 0.00107817	 0.00233658	 0.00466585	 0.00929476	 0.0185077	 0.0353274	 0.0647722	 0.117863	 0.187888	 0.153219	 0.128555	 0.102739	 0.0762902	 0.0503551	 0.0292379	 0.0172253	 	 # 0	 0	 0	 0	 2.57e-05	 0.000179854	 0.00122044	 0.00454773	 0.0172403	 0.0528899	 0.0869465	 0.0922265	 0.0860215	 0.0891433	 0.101348	 0.120875	 0.120823	 0.10014	 0.0702201	 0.0379235	 0.0143626	 0.00321168	 
1995	 2	 1	 1	 0	 0	 0	 100	 3.62534e-07	 1.99287e-06	 6.37822e-06	 1.70236e-05	 5.73638e-05	 0.000180865	 0.000576434	 0.00170865	 0.00444189	 0.0103636	 0.0218927	 0.0420495	 0.07523	 0.129088	 0.191048	 0.160893	 0.130682	 0.0945551	 0.0625484	 0.0383988	 0.0222735	 0.0139851	 	 # 0	 0	 0	 0	 1.31e-05	 7.88e-05	 0.000709006	 0.0026916	 0.00870501	 0.028334	 0.0571931	 0.0903457	 0.113795	 0.124509	 0.118955	 0.124956	 0.117774	 0.100246	 0.0678545	 0.0316558	 0.00996547	 0.00193007	 
1996	 2	 1	 1	 0	 0	 0	 100	 1.92888e-07	 8.48383e-07	 2.50687e-06	 6.89916e-06	 2.45131e-05	 7.32078e-05	 0.000220324	 0.000665265	 0.00189886	 0.00512458	 0.0127696	 0.0289408	 0.0601071	 0.1146	 0.180909	 0.177488	 0.15496	 0.112899	 0.0719812	 0.0417353	 0.022672	 0.01292	 	 # 0	 0	 0	 7.74e-06	 7.74e-06	 0.000100608	 0.000982858	 0.00229849	 0.00437256	 0.00883798	 0.019425	 0.0414271	 0.0746353	 0.129528	 0.184282	 0.2	 0.158627	 0.0994776	 0.0498394	 0.0195875	 0.00557211	 0.000859033	 
1997	 2	 1	 1	 0	 0	 0	 100	 4.09892e-07	 1.48493e-06	 3.02256e-06	 3.71592e-06	 1.32789e-05	 4.07256e-05	 0.000125394	 0.000378755	 0.00106379	 0.00284268	 0.00716638	 0.016933	 0.0379808	 0.0804586	 0.142256	 0.159956	 0.165536	 0.143777	 0.107119	 0.0698294	 0.0407873	 0.0237268	 	 # 0	 3.67e-06	 0	 3.67e-05	 0.000157606	 0.000597437	 0.00116555	 0.00203788	 0.00305683	 0.00726454	 0.01487	 0.0278596	 0.0493307	 0.0934018	 0.148956	 0.175581	 0.178179	 0.145368	 0.090279	 0.0418169	 0.0153428	 0.0040721	 
1998	 2	 1	 1	 0	 0	 0	 100	 5.76462e-07	 2.40785e-06	 5.7901e-06	 8.94968e-06	 2.24287e-05	 4.98602e-05	 0.000134779	 0.000403697	 0.00114169	 0.00307105	 0.00767819	 0.0176864	 0.0386574	 0.081491	 0.143202	 0.144344	 0.148128	 0.135754	 0.111388	 0.0811512	 0.0527747	 0.0329029	 	 # 0	 0	 8.86e-06	 0	 3.55e-05	 0.000106358	 0.000327939	 0.000974953	 0.00195877	 0.00543315	 0.011531	 0.0241168	 0.0422243	 0.0863276	 0.142964	 0.182201	 0.187785	 0.16318	 0.0985057	 0.0402833	 0.00991793	 0.00185241	 
1999	 2	 1	 1	 0	 0	 0	 100	 1.11314e-06	 4.38153e-06	 1.00027e-05	 1.44084e-05	 3.80524e-05	 8.44372e-05	 0.000202316	 0.000522546	 0.00134287	 0.00348211	 0.00856931	 0.0193405	 0.0412954	 0.0855733	 0.146768	 0.137036	 0.141607	 0.135157	 0.115028	 0.0835723	 0.0510303	 0.0293212	 	 # 1.97e-05	 0	 0	 0	 0	 1.97e-05	 0.000294962	 0.00186809	 0.00475872	 0.00839659	 0.0132536	 0.0147088	 0.0194872	 0.0416093	 0.0857946	 0.134778	 0.192256	 0.213218	 0.163763	 0.0789318	 0.0223778	 0.00393283	 
2000	 2	 1	 1	 0	 0	 0	 100	 1.42024e-06	 5.93904e-06	 1.45607e-05	 2.35169e-05	 5.78527e-05	 0.000118281	 0.000270661	 0.000680587	 0.00166702	 0.0040758	 0.00955414	 0.0208507	 0.0435556	 0.0889321	 0.149846	 0.135315	 0.134626	 0.124065	 0.10442	 0.0792614	 0.0561784	 0.0464789	 	 # 0	 0	 0	 0	 0	 3.07e-05	 4.61e-05	 0.000553199	 0.00104493	 0.0029965	 0.00814432	 0.0196078	 0.0316553	 0.055489	 0.105615	 0.163301	 0.191991	 0.193835	 0.13976	 0.0651853	 0.0167035	 0.003688	 
2001	 2	 1	 1	 0	 0	 0	 100	 3.92407e-07	 2.95841e-06	 1.15801e-05	 3.27699e-05	 8.29746e-05	 0.000175474	 0.000402982	 0.000980737	 0.00227842	 0.00526948	 0.0118449	 0.0251336	 0.0514289	 0.103019	 0.170266	 0.151042	 0.140708	 0.116691	 0.0882271	 0.0612968	 0.0401062	 0.0309981	 	 # 0	 0	 0	 4.43e-05	 0.000332498	 0.00203932	 0.00241616	 0.00170682	 0.00346907	 0.0105956	 0.0221222	 0.0398998	 0.0530002	 0.0882118	 0.141146	 0.1903	 0.169419	 0.134307	 0.0843881	 0.041917	 0.0119256	 0.00223882	 
2002	 2	 1	 1	 0	 0	 0	 100	 5.31783e-06	 1.79201e-05	 3.16416e-05	 1.71009e-05	 6.12137e-05	 0.000175544	 0.000459956	 0.0011298	 0.00261469	 0.00601459	 0.0134841	 0.0285976	 0.0580737	 0.113774	 0.18278	 0.161504	 0.142232	 0.109528	 0.0766739	 0.0499088	 0.0310568	 0.0218596	 	 # 0	 9.47e-05	 8.12e-05	 4.06e-05	 2.71e-05	 6.77e-05	 0.000446555	 0.0016915	 0.0039784	 0.0115157	 0.0264144	 0.0520846	 0.0809889	 0.135942	 0.185321	 0.196078	 0.146024	 0.0912732	 0.0461982	 0.0169962	 0.00388368	 0.000676599	 
2003	 2	 1	 1	 0	 0	 0	 100	 3.53678e-06	 1.50561e-05	 3.60717e-05	 4.94425e-05	 9.34823e-05	 0.000124655	 0.000236796	 0.000697995	 0.00187754	 0.00455251	 0.0100532	 0.0205776	 0.041051	 0.0817264	 0.140511	 0.154487	 0.165192	 0.146402	 0.108583	 0.068248	 0.0367972	 0.0186847	 	 # 0	 0	 0	 0	 0	 4.55e-05	 0.000113869	 0.000569346	 0.0013892	 0.00425871	 0.00856297	 0.0150763	 0.0277613	 0.0583922	 0.105557	 0.171146	 0.208836	 0.191369	 0.13448	 0.0545434	 0.0152357	 0.00236848	 
2004	 2	 1	 1	 0	 0	 0	 100	 2.90176e-06	 1.19065e-05	 2.89096e-05	 4.57891e-05	 0.000107867	 0.000193448	 0.000354101	 0.00069552	 0.00133299	 0.00279925	 0.00632704	 0.0141388	 0.030619	 0.0639395	 0.114571	 0.14079	 0.160569	 0.151481	 0.122239	 0.0877869	 0.0590871	 0.0428795	 	 # 0	 0	 0	 2.27e-05	 0	 0.00011351	 0.000295126	 0.00308747	 0.00615224	 0.0123953	 0.0138255	 0.0174124	 0.0251538	 0.0431792	 0.0689686	 0.119004	 0.172603	 0.209222	 0.167019	 0.101092	 0.032986	 0.00644737	 
2005	 2	 1	 1	 0	 0	 0	 100	 3.30313e-06	 1.33128e-05	 3.11903e-05	 4.558e-05	 0.000111059	 0.000226079	 0.000483502	 0.00104716	 0.00205255	 0.00394365	 0.00759896	 0.0143956	 0.0270862	 0.0518801	 0.0918779	 0.118712	 0.147487	 0.153814	 0.136454	 0.106421	 0.0771998	 0.0591163	 	 # 7.91e-06	 0	 0	 0	 3.16e-05	 0.000213626	 0.000648791	 0.0012422	 0.00271384	 0.00562549	 0.0157688	 0.0319965	 0.0437617	 0.0494347	 0.0676641	 0.0970417	 0.134735	 0.175007	 0.177096	 0.123856	 0.0548465	 0.0156422	 
2006	 2	 1	 1	 0	 0	 0	 100	 1.09559e-06	 6.79996e-06	 2.36464e-05	 5.88798e-05	 0.000139423	 0.000269722	 0.000567484	 0.00127998	 0.00270386	 0.00563282	 0.0115438	 0.0225579	 0.041932	 0.0752321	 0.121481	 0.141353	 0.147597	 0.131026	 0.104695	 0.0787516	 0.0592132	 0.0539331	 	 # 0	 0	 0	 0	 0	 5.89e-06	 8.84e-05	 0.000589327	 0.00109026	 0.00380116	 0.0127295	 0.0389958	 0.0624687	 0.0807909	 0.135864	 0.2252	 0.229413	 0.120783	 0.0488788	 0.0252527	 0.0105313	 0.00305272	 
2007	 2	 1	 1	 0	 0	 0	 100	 7.3979e-07	 3.28994e-06	 1.0178e-05	 2.81675e-05	 8.83602e-05	 0.000223178	 0.0005412	 0.00125528	 0.00263245	 0.00528127	 0.0103418	 0.0198491	 0.0385165	 0.0752886	 0.131814	 0.163254	 0.169846	 0.141262	 0.100279	 0.0654745	 0.0423262	 0.031685	 	 # 0	 0	 4.48e-06	 0	 0	 4.48e-06	 0.000147933	 0.000681388	 0.00136278	 0.00371626	 0.00753113	 0.0200292	 0.0365753	 0.0742848	 0.141375	 0.229076	 0.233922	 0.145391	 0.0673902	 0.0290621	 0.007697	 0.0014614	 
2008	 2	 1	 1	 0	 0	 0	 100	 9.71031e-07	 3.76957e-06	 8.69995e-06	 1.41784e-05	 4.40049e-05	 0.000124927	 0.000370163	 0.0010267	 0.00243045	 0.00517305	 0.0101887	 0.0189756	 0.0349753	 0.0653011	 0.113876	 0.145244	 0.160594	 0.147508	 0.118037	 0.0839639	 0.0546202	 0.0375187	 	 # 0	 0	 0	 0	 5.19e-06	 0	 9.86e-05	 0.000664304	 0.00118329	 0.00232506	 0.00453595	 0.0119419	 0.0264943	 0.0636382	 0.144688	 0.221306	 0.229205	 0.158431	 0.0839098	 0.0388514	 0.0107638	 0.0017957	 
2009	 2	 1	 1	 0	 0	 0	 100	 1.97693e-06	 7.26485e-06	 1.4761e-05	 1.46397e-05	 3.68632e-05	 8.29442e-05	 0.000227092	 0.000657677	 0.00168361	 0.00396473	 0.00869737	 0.017916	 0.0356091	 0.0687864	 0.120341	 0.153561	 0.16504	 0.145669	 0.111973	 0.0778059	 0.050987	 0.0369223	 	 # 0	 0	 0	 0	 0	 6.42e-06	 9.63e-05	 0.000410991	 0.00160543	 0.00300537	 0.00601717	 0.0107307	 0.0191753	 0.0471613	 0.104231	 0.166252	 0.189994	 0.186802	 0.147315	 0.0838037	 0.0273566	 0.00549701	 
2010	 2	 1	 1	 0	 0	 0	 100	 2.17711e-07	 1.87811e-06	 7.34905e-06	 1.94743e-05	 4.27621e-05	 7.36169e-05	 0.000152921	 0.000381056	 0.000879526	 0.00194995	 0.00418145	 0.00871851	 0.0183273	 0.0394055	 0.0801883	 0.12466	 0.163143	 0.17015	 0.146917	 0.11001	 0.0757583	 0.0550315	 	 # 0	 0	 0	 0	 0	 6.36e-05	 0.000280689	 0.000688483	 0.000895028	 0.00107509	 0.00124456	 0.0023991	 0.00635522	 0.0207498	 0.0586111	 0.109723	 0.165564	 0.222422	 0.22032	 0.135345	 0.0448785	 0.00847893	 
2011	 2	 1	 1	 0	 0	 0	 100	 5.60564e-07	 2.16247e-06	 5.82171e-06	 1.49316e-05	 5.20449e-05	 0.000138671	 0.000330693	 0.000727518	 0.00145681	 0.00289549	 0.00580363	 0.0115832	 0.0235807	 0.0496726	 0.098403	 0.138561	 0.163854	 0.157199	 0.129567	 0.0960635	 0.0676273	 0.0524597	 	 # 0	 5.85e-06	 1.75e-05	 0.000228136	 0.00198887	 0.010155	 0.00961679	 0.00821288	 0.00653989	 0.00463291	 0.00721844	 0.013536	 0.015911	 0.0261829	 0.0548929	 0.097022	 0.141555	 0.190815	 0.202754	 0.139046	 0.0538049	 0.0130271	 
2012	 2	 1	 1	 0	 0	 0	 100	 6.69253e-07	 2.99594e-06	 8.10001e-06	 1.71655e-05	 5.14859e-05	 0.000138767	 0.000398261	 0.00109851	 0.00263303	 0.00573205	 0.0115749	 0.0220934	 0.0416262	 0.0798328	 0.141806	 0.162634	 0.156804	 0.127316	 0.0946276	 0.066943	 0.0468474	 0.0378136	 	 # 0	 4.24e-06	 4.24e-06	 1.27e-05	 7.21e-05	 0.000275736	 0.000636313	 0.00153139	 0.00293977	 0.00654554	 0.0112415	 0.0210535	 0.0301825	 0.0507226	 0.105009	 0.163342	 0.17485	 0.16332	 0.137775	 0.0862628	 0.034573	 0.00819147	 
2013	 2	 1	 1	 0	 0	 0	 100	 2.87302e-06	 1.01255e-05	 1.94052e-05	 1.65346e-05	 4.87883e-05	 0.000122031	 0.000326852	 0.00089373	 0.00224896	 0.00538755	 0.0121994	 0.0259972	 0.053085	 0.104291	 0.177587	 0.181855	 0.155961	 0.113244	 0.0747999	 0.0462535	 0.0275138	 0.018137	 	 # 0	 0	 0	 0	 8.23e-06	 0.000251049	 0.000724339	 0.00228002	 0.0045477	 0.0104741	 0.0179932	 0.0360235	 0.0558976	 0.100901	 0.175377	 0.199815	 0.164425	 0.107885	 0.0687341	 0.0372376	 0.0136143	 0.00325953	 
2014	 2	 1	 1	 0	 0	 0	 100	 3.51376e-06	 1.4695e-05	 3.50422e-05	 5.01153e-05	 0.000106027	 0.000173532	 0.000359541	 0.000943129	 0.0023205	 0.00548888	 0.0125066	 0.0273518	 0.0580405	 0.117872	 0.196874	 0.173641	 0.139782	 0.102311	 0.0701715	 0.0450697	 0.027647	 0.0192374	 	 # 0	 0	 0	 0	 2.31e-05	 0.000421281	 0.00130551	 0.00351839	 0.00980982	 0.0186799	 0.0271518	 0.0435169	 0.0543406	 0.078798	 0.144046	 0.201446	 0.189618	 0.120176	 0.062544	 0.0305776	 0.0109811	 0.00257398	 
2015	 2	 1	 1	 0	 0	 0	 100	 3.24768e-05	 0.000111061	 0.000196285	 8.20274e-05	 0.000198531	 0.000376552	 0.000745715	 0.00157865	 0.00319564	 0.00672325	 0.0146126	 0.0313083	 0.0652742	 0.130044	 0.205201	 0.153677	 0.123779	 0.0984101	 0.0731116	 0.0482496	 0.0277473	 0.0153463	 	 # 0	 0	 0	 0	 1.98e-05	 0.000401993	 0.00115326	 0.00287326	 0.00696568	 0.0122707	 0.0209893	 0.0355994	 0.0560154	 0.0937961	 0.14017	 0.157522	 0.142997	 0.110798	 0.0911008	 0.0725762	 0.0398434	 0.0122114	 
2016	 2	 1	 1	 0	 0	 0	 100	 2.66617e-05	 0.000120633	 0.000308633	 0.000475303	 0.000869379	 0.000998084	 0.00123526	 0.00257276	 0.00522181	 0.0102341	 0.0197825	 0.0373432	 0.0696049	 0.12838	 0.192504	 0.141828	 0.124253	 0.104527	 0.0783205	 0.0486966	 0.0237544	 0.00894343	 	 # 0	 0	 0	 0	 0	 7.68e-05	 0.000428157	 0.00132839	 0.00422668	 0.0112748	 0.0209468	 0.0370301	 0.0551115	 0.0876186	 0.138218	 0.162667	 0.146496	 0.11535	 0.0917794	 0.0739724	 0.0387098	 0.0119335	 
2017	 2	 1	 1	 0	 0	 0	 100	 4.4022e-06	 3.29207e-05	 0.000132108	 0.000382198	 0.000940162	 0.00177009	 0.00316553	 0.00541223	 0.007997	 0.012013	 0.0207322	 0.0385065	 0.0706458	 0.124523	 0.180986	 0.152832	 0.131739	 0.0996743	 0.0677536	 0.0420392	 0.0241349	 0.0145841	 	 # 0	 0	 0	 2.31e-05	 2.31e-05	 0.000173214	 0.000866071	 0.00353357	 0.00769071	 0.0159473	 0.0315134	 0.0493545	 0.0712719	 0.121712	 0.187406	 0.192937	 0.149692	 0.0934895	 0.0472759	 0.0200928	 0.00527726	 0.00127024	 
2018	 2	 1	 1	 0	 0	 0	 100	 1.30197e-06	 1.00131e-05	 5.26484e-05	 0.000219845	 0.000748554	 0.00199399	 0.00456855	 0.00913693	 0.0161788	 0.0273436	 0.0447332	 0.0693138	 0.101997	 0.146608	 0.185282	 0.143984	 0.105591	 0.0673328	 0.0387774	 0.0206222	 0.0102766	 0.00522723	 	 # 0	 0	 0	 1.62e-05	 0.000199921	 0.000491698	 0.00143187	 0.00298261	 0.00593279	 0.0161558	 0.0425454	 0.076559	 0.101998	 0.137902	 0.179616	 0.173013	 0.123011	 0.0717285	 0.0389846	 0.0184144	 0.00687296	 0.00179389	 
2019	 2	 1	 1	 0	 0	 0	 100	 1.09663e-07	 4.7701e-07	 1.91524e-06	 9.5678e-06	 4.60436e-05	 0.000165057	 0.000511001	 0.00140461	 0.0034267	 0.00782438	 0.0170449	 0.0352286	 0.0687545	 0.123772	 0.186041	 0.194046	 0.160746	 0.103621	 0.0556541	 0.0262508	 0.0110462	 0.00440518	 	 # 0	 0	 0	 0	 1.52e-05	 0.000143261	 0.000859567	 0.00236533	 0.00422468	 0.0105769	 0.0292283	 0.0669914	 0.114722	 0.18606	 0.235232	 0.168954	 0.094461	 0.0473707	 0.0225134	 0.0103544	 0.00424297	 0.00135336	 
2020	 2	 1	 1	 0	 0	 0	 100	 3.24026e-06	 1.07451e-05	 1.82317e-05	 8.11051e-06	 4.0233e-05	 0.000144	 0.000450614	 0.00127112	 0.00320943	 0.00772476	 0.018032	 0.0400905	 0.0834462	 0.156696	 0.23042	 0.190132	 0.128366	 0.0727577	 0.0375491	 0.0180369	 0.00804762	 0.00354557	 	 # 0	 0	 0	 5.89e-06	 5.89e-06	 2.36e-05	 5.89e-05	 0.000229656	 0.00108351	 0.00497589	 0.0152869	 0.0405078	 0.0785012	 0.145107	 0.201844	 0.207827	 0.153092	 0.0880055	 0.0384939	 0.0167944	 0.00615361	 0.00158404	 
2021	 2	 1	 1	 0	 0	 0	 100	 4.18938e-06	 1.67057e-05	 3.72446e-05	 4.50482e-05	 9.54836e-05	 0.000161585	 0.000356149	 0.000968646	 0.00243487	 0.00587569	 0.0138207	 0.0310499	 0.0655195	 0.125233	 0.185791	 0.153325	 0.129049	 0.107554	 0.0815306	 0.0529766	 0.0292694	 0.0148856	 	 # 0	 0	 0	 0	 0	 3.56e-05	 0	 7.13e-05	 0.000392129	 0.00167546	 0.00573934	 0.0155426	 0.0376087	 0.0933267	 0.174426	 0.231142	 0.205582	 0.141915	 0.0638101	 0.022387	 0.00566805	 0.000534721	 
2024	 2	 1	 1	 0	 0	 0	 100	 1.00426e-05	 5.48247e-05	 0.000169826	 0.000358956	 0.000741942	 0.00108665	 0.00170508	 0.00326427	 0.00586831	 0.0106278	 0.0200853	 0.0377596	 0.0679414	 0.114418	 0.160585	 0.14618	 0.128903	 0.105274	 0.0786234	 0.0537857	 0.0352348	 0.0273228	 	 # 0	 0	 0	 0	 0	 3.94e-05	 0	 3.94e-05	 0.000157418	 0.0017316	 0.00609996	 0.0184179	 0.0288076	 0.0494687	 0.0867769	 0.157143	 0.194766	 0.197521	 0.148642	 0.0776466	 0.0260921	 0.00574577	 
1992	 2	 1	 2	 2	 0	 0	 100	 3.55319e-07	 3.34851e-06	 1.88874e-05	 0.000114714	 0.00141578	 0.00994486	 0.039547	 0.165479	 0.313033	 0.25312	 0.147771	 0.0553055	 0.00978117	 0.00139472	 0.000737558	 0.000597726	 0.000470486	 0.000368241	 0.000290518	 0.000231203	 0.000196273	 0.000177734	 	 # 0	 0	 0	 0	 0.0036	 0.0458	 0.0833	 0.1594	 0.2193	 0.2318	 0.1359	 0.075	 0.0208	 0.0188	 0.0042	 0.0021	 0	 0	 0	 0	 0	 0	 
1993	 2	 1	 2	 2	 0	 0	 100	 5.71535e-07	 5.50021e-06	 2.99719e-05	 0.000146613	 0.00157456	 0.0104398	 0.0401597	 0.166189	 0.313531	 0.252459	 0.14682	 0.0548182	 0.00964805	 0.00133607	 0.000688534	 0.000555943	 0.000436294	 0.000340218	 0.000267291	 0.000211829	 0.000179145	 0.000161717	 	 # 0	 0	 0	 0.0008	 0.0055	 0.0416	 0.1265	 0.2577	 0.3001	 0.1705	 0.0353	 0.0181	 0.0204	 0.0079	 0.0118	 0.0039	 0	 0	 0	 0	 0	 0	 
1994	 2	 1	 2	 2	 0	 0	 100	 8.77637e-07	 8.42426e-06	 4.46393e-05	 0.000186468	 0.00179683	 0.0112453	 0.0418105	 0.169028	 0.316168	 0.250516	 0.143202	 0.0529959	 0.00925754	 0.00123274	 0.000612677	 0.000492612	 0.000385561	 0.00029971	 0.000234643	 0.000185302	 0.000156211	 0.000140637	 	 # 0	 0	 0	 0	 0.0019	 0.0186	 0.0761	 0.1484	 0.2393	 0.3506	 0.0872	 0.0186	 0.0223	 0.0148	 0.0111	 0.0037	 0.0074	 0	 0	 0	 0	 0	 
1995	 2	 1	 2	 2	 0	 0	 100	 7.51104e-07	 7.91255e-06	 4.60753e-05	 0.000232837	 0.00204816	 0.0121289	 0.0435152	 0.171881	 0.318982	 0.248631	 0.139461	 0.0510818	 0.00882546	 0.00109791	 0.000508899	 0.000406295	 0.000316979	 0.000245515	 0.000191471	 0.000150633	 0.000126549	 0.00011361	 	 # 0	 0	 0	 0	 0.0074	 0.0221	 0.1176	 0.1838	 0.3603	 0.1765	 0.0735	 0.0368	 0.0147	 0	 0.0074	 0	 0	 0	 0	 0	 0	 0	 
1996	 2	 1	 2	 2	 0	 0	 100	 4.4466e-07	 5.08104e-06	 3.33225e-05	 0.000217745	 0.00201319	 0.0122016	 0.0446895	 0.174987	 0.322464	 0.247231	 0.135975	 0.0492553	 0.00839922	 0.00095291	 0.000394993	 0.000311841	 0.000242318	 0.000186886	 0.000145092	 0.000113655	 9.51254e-05	 8.51416e-05	 	 # 0	 0	 0	 0	 0.0013	 0.0051	 0.108	 0.2694	 0.3062	 0.2541	 0.0419	 0.0038	 0.0064	 0.0025	 0	 0	 0	 0.0013	 0	 0	 0	 0	 
1997	 2	 1	 2	 2	 0	 0	 100	 4.5266e-08	 1.26904e-06	 1.44258e-05	 0.000170523	 0.00176545	 0.0113728	 0.0434322	 0.173509	 0.32189	 0.248985	 0.138121	 0.0501806	 0.00847965	 0.000869635	 0.000308676	 0.000239706	 0.000185474	 0.000142453	 0.00011014	 8.59584e-05	 7.17319e-05	 6.40619e-05	 	 # 0	 0	 0.0009	 0.0019	 0.0244	 0.1098	 0.2158	 0.3049	 0.2364	 0.0769	 0.0206	 0.0056	 0.0009	 0	 0.0009	 0	 0	 0.0009	 0	 0	 0	 0	 
1998	 2	 1	 2	 2	 0	 0	 100	 7.12608e-08	 7.69183e-07	 7.64418e-06	 0.000107373	 0.00141978	 0.010147	 0.0411446	 0.170044	 0.319352	 0.251977	 0.142779	 0.0523708	 0.00881486	 0.000840638	 0.000258883	 0.00019758	 0.000152243	 0.000116436	 8.96406e-05	 6.97072e-05	 5.80166e-05	 5.17226e-05	 	 # 0	 0	 0	 0.009	 0.027	 0.0721	 0.1802	 0.3694	 0.2883	 0.018	 0	 0.009	 0	 0.018	 0.009	 0	 0	 0	 0	 0	 0	 0	 
1999	 2	 1	 2	 2	 0	 0	 100	 4.11865e-07	 3.60053e-06	 1.83194e-05	 9.43739e-05	 0.00128515	 0.00940786	 0.0384748	 0.164542	 0.314443	 0.255623	 0.149406	 0.0555801	 0.00935689	 0.000856944	 0.000239899	 0.000180652	 0.000138713	 0.000105673	 8.10182e-05	 6.27801e-05	 5.21201e-05	 4.63924e-05	 	 # 0	 0	 0	 0	 0	 0.01	 0.03	 0.11	 0.38	 0.34	 0.07	 0.04	 0.02	 0	 0	 0	 0	 0	 0	 0	 0	 0	 
2000	 2	 1	 2	 2	 0	 0	 100	 6.08781e-07	 5.97841e-06	 3.23656e-05	 0.000150685	 0.00153763	 0.0100653	 0.0385357	 0.163349	 0.312821	 0.255731	 0.150454	 0.0561393	 0.00944861	 0.000855528	 0.000232699	 0.000174447	 0.00013371	 0.000101592	 7.76457e-05	 5.99974e-05	 4.97075e-05	 4.41869e-05	 	 # 0	 0	 0	 0	 0	 0.0667	 0	 0.2667	 0	 0.3333	 0.1333	 0.1333	 0.0667	 0	 0	 0	 0	 0	 0	 0	 0	 0	 
2001	 2	 1	 2	 2	 0	 0	 100	 5.40939e-07	 5.79304e-06	 3.48537e-05	 0.000196351	 0.00182695	 0.0112479	 0.0415418	 0.168868	 0.317604	 0.251819	 0.143614	 0.0528175	 0.00884789	 0.000791985	 0.000209604	 0.000156469	 0.00011976	 9.08309e-05	 6.92806e-05	 5.34309e-05	 4.4197e-05	 3.92417e-05	 	 # 0	 0	 0	 0.0018	 0.0376	 0.2473	 0.4032	 0.1756	 0.0878	 0.0287	 0.0018	 0	 0.0018	 0.0036	 0.0018	 0.0018	 0.0054	 0	 0.0018	 0	 0	 0	 
2002	 2	 1	 2	 2	 0	 0	 100	 8.70248e-07	 8.24639e-06	 4.36696e-05	 0.000186362	 0.00181937	 0.0114213	 0.0428931	 0.172132	 0.320987	 0.250056	 0.139738	 0.0508678	 0.00847469	 0.000730952	 0.000174206	 0.000127854	 9.75275e-05	 7.37769e-05	 5.61487e-05	 4.32257e-05	 3.57062e-05	 3.16711e-05	 	 # 0	 0	 0	 0	 0	 0.0317	 0.1905	 0.2857	 0.3492	 0.1111	 0.0317	 0	 0	 0	 0	 0	 0	 0	 0	 0	 0	 0	 
2003	 2	 1	 2	 2	 0	 0	 100	 5.42137e-06	 4.60131e-05	 0.000197968	 0.000224596	 0.00197791	 0.0117797	 0.0426103	 0.170693	 0.319623	 0.250655	 0.140959	 0.0514473	 0.0085511	 0.000707027	 0.000145942	 0.000104272	 7.91086e-05	 5.95645e-05	 4.51396e-05	 3.46357e-05	 2.8549e-05	 2.52923e-05	 	 # 0	 0	 0	 0	 0	 0	 0	 0.2727	 0.2727	 0.0909	 0.1818	 0.1364	 0.0455	 0	 0	 0	 0	 0	 0	 0	 0	 0	 
2004	 2	 1	 2	 2	 0	 0	 100	 8.11547e-07	 1.63486e-05	 0.000126252	 0.000817296	 0.00478275	 0.0199193	 0.0491926	 0.171557	 0.316542	 0.244202	 0.134909	 0.0488068	 0.00807511	 0.000645783	 0.000116826	 8.11353e-05	 6.1195e-05	 4.58058e-05	 3.45072e-05	 2.63516e-05	 2.16551e-05	 1.91552e-05	 	 # 0	 0	 0	 0	 0	 0.2222	 0.2222	 0.1111	 0.2222	 0	 0.1111	 0	 0	 0.1111	 0	 0	 0	 0	 0	 0	 0	 0	 
2005	 2	 1	 2	 2	 0	 0	 100	 3.78122e-07	 4.17555e-06	 3.25089e-05	 0.00027591	 0.00261003	 0.015435	 0.0564375	 0.199616	 0.34586	 0.232018	 0.106745	 0.0347818	 0.00556862	 0.000420732	 5.9276e-05	 3.8671e-05	 2.88956e-05	 2.14602e-05	 1.60501e-05	 1.21888e-05	 9.98224e-06	 8.81512e-06	 	 # 0.0076	 0	 0	 0	 0	 0.0682	 0.2273	 0.2955	 0.197	 0.1061	 0.0758	 0.0227	 0	 0	 0	 0	 0	 0	 0	 0	 0	 0	 
2006	 2	 1	 2	 2	 0	 0	 100	 2.94401e-07	 3.06907e-06	 1.95394e-05	 0.000143972	 0.00162739	 0.0109392	 0.0431349	 0.173986	 0.3243	 0.250107	 0.137396	 0.0494944	 0.00812391	 0.000582353	 5.19018e-05	 2.73055e-05	 1.93993e-05	 1.3924e-05	 1.01633e-05	 7.59914e-06	 6.17101e-06	 5.42953e-06	 	 # 0	 0	 0	 0	 0	 0	 0.0351	 0.1404	 0.3333	 0.2632	 0.1579	 0.0175	 0.0526	 0	 0	 0	 0	 0	 0	 0	 0	 0	 
2007	 2	 1	 2	 2	 0	 0	 100	 4.83135e-08	 1.07739e-06	 1.13413e-05	 0.000136085	 0.00150713	 0.0101664	 0.0399056	 0.166947	 0.31732	 0.254331	 0.146165	 0.0538489	 0.00888739	 0.000634332	 5.34839e-05	 2.71395e-05	 1.89482e-05	 1.31416e-05	 9.15589e-06	 6.56126e-06	 5.18598e-06	 4.51034e-06	 	 # 0	 0	 0	 0	 0	 0	 0.011	 0.2055	 0.2575	 0.3041	 0.1342	 0.0384	 0.0329	 0.011	 0.0027	 0.0027	 0	 0	 0	 0	 0	 0	 
2008	 2	 1	 2	 2	 0	 0	 100	 6.42094e-07	 5.45528e-06	 2.61955e-05	 0.000102748	 0.00135275	 0.00972673	 0.0395755	 0.166946	 0.317368	 0.25457	 0.146579	 0.054058	 0.00892227	 0.000635107	 5.21471e-05	 2.6035e-05	 1.80637e-05	 1.23519e-05	 8.42555e-06	 5.91298e-06	 4.60802e-06	 3.98288e-06	 	 # 0	 0	 0	 0	 0	 0	 0.0217	 0.1649	 0.2646	 0.3688	 0.1605	 0.013	 0.0043	 0.0022	 0	 0	 0	 0	 0	 0	 0	 0	 
2009	 2	 1	 2	 2	 0	 0	 100	 3.95902e-06	 3.38114e-05	 0.000146384	 0.000183868	 0.00168661	 0.0104621	 0.0387825	 0.163386	 0.313584	 0.25597	 0.149997	 0.0557614	 0.00921992	 0.000654554	 5.19736e-05	 2.52966e-05	 1.74011e-05	 1.1775e-05	 7.92933e-06	 5.49739e-06	 4.24869e-06	 3.65827e-06	 	 # 0	 0	 0	 0	 0	 0.0041	 0.0041	 0.0935	 0.3211	 0.3862	 0.1504	 0.0285	 0.0041	 0.0081	 0	 0	 0	 0	 0	 0	 0	 0	 
2010	 2	 1	 2	 2	 0	 0	 100	 8.95215e-07	 1.51838e-05	 0.000110655	 0.000678319	 0.00410167	 0.0178199	 0.046786	 0.169515	 0.315739	 0.247029	 0.138664	 0.0505296	 0.00831047	 0.000588253	 4.59293e-05	 2.21444e-05	 1.51931e-05	 1.02114e-05	 6.80251e-06	 4.66301e-06	 3.57483e-06	 3.06651e-06	 	 # 0	 0	 0	 0	 0	 0.0172	 0.0905	 0.2371	 0.2845	 0.2737	 0.0668	 0.0151	 0.0108	 0	 0.0043	 0	 0	 0	 0	 0	 0	 0	 
2011	 2	 1	 2	 2	 0	 0	 100	 4.38513e-07	 4.85664e-06	 3.55827e-05	 0.000276915	 0.00256209	 0.0150485	 0.0546698	 0.195821	 0.342473	 0.234493	 0.111259	 0.0369603	 0.00592089	 0.000411786	 2.79745e-05	 1.21247e-05	 8.14373e-06	 5.39375e-06	 3.54998e-06	 2.41098e-06	 1.83774e-06	 1.57255e-06	 	 # 0	 0	 0.0004	 0.0048	 0.0305	 0.2648	 0.2993	 0.1905	 0.1523	 0.0458	 0.0078	 0.0018	 0.0005	 0.0005	 0.0009	 0	 0	 0	 0	 0	 0	 0	 
2012	 2	 1	 2	 2	 0	 0	 100	 5.49733e-07	 5.2583e-06	 2.90972e-05	 0.000154537	 0.0016835	 0.0111279	 0.0434398	 0.174446	 0.324559	 0.249692	 0.136907	 0.0492699	 0.008068	 0.000557855	 3.16738e-05	 1.07395e-05	 6.53364e-06	 4.00565e-06	 2.4699e-06	 1.59436e-06	 1.17736e-06	 9.94187e-07	 	 # 0	 0	 0	 0.0019	 0.0081	 0.0305	 0.0585	 0.0921	 0.1469	 0.3385	 0.2427	 0.0653	 0.0137	 0.0006	 0.0012	 0	 0	 0	 0	 0	 0	 0	 
2013	 2	 1	 2	 2	 0	 0	 100	 1.18901e-07	 2.13579e-06	 1.85001e-05	 0.000173549	 0.00169318	 0.0107504	 0.0406479	 0.167787	 0.317816	 0.253439	 0.144946	 0.0532757	 0.00877373	 0.000608849	 3.59354e-05	 1.28963e-05	 7.92972e-06	 4.70823e-06	 2.6714e-06	 1.53766e-06	 1.02865e-06	 8.2743e-07	 	 # 0	 0	 0	 0	 0.0003	 0.0099	 0.0443	 0.0985	 0.183	 0.3799	 0.2327	 0.0405	 0.0075	 0.002	 0.0003	 0	 0	 0	 0	 0.001	 0	 0	 
2014	 2	 1	 2	 2	 0	 0	 100	 1.80979e-07	 1.83428e-06	 1.31552e-05	 0.00012397	 0.00149663	 0.0103531	 0.041327	 0.170401	 0.320283	 0.252174	 0.142512	 0.0520906	 0.00856341	 0.000593814	 3.52161e-05	 1.27985e-05	 7.89728e-06	 4.63474e-06	 2.54537e-06	 1.3916e-06	 8.8381e-07	 6.90751e-07	 	 # 0	 0	 0	 0	 0.0002	 0.0109	 0.0352	 0.0789	 0.228	 0.3948	 0.2154	 0.0281	 0.0057	 0.0021	 0.0005	 0.0002	 0	 0	 0	 0	 0	 0	 
2015	 2	 1	 2	 2	 0	 0	 100	 1.05572e-06	 9.09865e-06	 4.18689e-05	 0.000115125	 0.00139136	 0.00975827	 0.0391295	 0.165952	 0.31635	 0.255162	 0.147803	 0.0546093	 0.00899051	 0.00062175	 3.60705e-05	 1.26709e-05	 7.6629e-06	 4.39411e-06	 2.33921e-06	 1.22856e-06	 7.49264e-07	 5.70819e-07	 	 # 0	 0	 0	 0	 0.0004	 0.0186	 0.0503	 0.1167	 0.2563	 0.3651	 0.1635	 0.0212	 0.0052	 0.0004	 0.0004	 0.0004	 0.0004	 0	 0	 0.0009	 0	 0	 
2016	 2	 1	 2	 2	 0	 0	 100	 3.50217e-06	 3.09648e-05	 0.000140512	 0.000254695	 0.00203955	 0.0115741	 0.0401792	 0.165037	 0.31438	 0.254217	 0.147781	 0.0546758	 0.00899717	 0.000621776	 3.6451e-05	 1.30157e-05	 7.88628e-06	 4.48146e-06	 2.32842e-06	 1.17278e-06	 6.80874e-07	 5.01974e-07	 	 # 0	 0	 0	 0	 0	 0.0064	 0.023	 0.0691	 0.2199	 0.399	 0.2238	 0.0409	 0.009	 0.0051	 0.0026	 0	 0.0013	 0	 0	 0	 0	 0	 
2017	 2	 1	 2	 2	 0	 0	 100	 7.93268e-06	 7.11985e-05	 0.000327317	 0.000588705	 0.00375625	 0.0171943	 0.0485197	 0.175502	 0.321647	 0.24409	 0.132517	 0.0474477	 0.00774184	 0.000533375	 3.0685e-05	 1.0771e-05	 6.51609e-06	 3.68871e-06	 1.89837e-06	 9.39578e-07	 5.33568e-07	 3.87709e-07	 	 # 0	 0	 0	 0.0019	 0.0019	 0.0115	 0.0477	 0.1603	 0.3874	 0.2824	 0.0687	 0.0153	 0.0191	 0.0038	 0	 0	 0	 0	 0	 0	 0	 0	 
2018	 2	 1	 2	 2	 0	 0	 100	 7.16635e-08	 1.76839e-06	 2.18836e-05	 0.000314552	 0.00356438	 0.0202391	 0.0533871	 0.191242	 0.335994	 0.234956	 0.114801	 0.0387866	 0.0062287	 0.000425481	 2.23679e-05	 6.88939e-06	 3.98792e-06	 2.18653e-06	 1.09348e-06	 5.24512e-07	 2.88106e-07	 2.04839e-07	 	 # 0	 0	 0	 0.0039	 0.043	 0.1289	 0.25	 0.2559	 0.2305	 0.0645	 0.0117	 0.0098	 0.002	 0	 0	 0	 0	 0	 0	 0	 0	 0	 
2019	 2	 1	 2	 2	 0	 0	 100	 3.73502e-07	 3.44964e-06	 2.40235e-05	 0.000259886	 0.00335454	 0.019791	 0.0529932	 0.191807	 0.336774	 0.235088	 0.114589	 0.0386531	 0.00620238	 0.00042332	 2.21633e-05	 6.78059e-06	 3.90975e-06	 2.13543e-06	 1.06346e-06	 5.07698e-07	 2.77488e-07	 1.96542e-07	 	 # 0	 0	 0	 0	 0.0018	 0.0175	 0.1336	 0.3714	 0.3825	 0.07	 0.0147	 0.0046	 0.0018	 0.0018	 0	 0	 0	 0	 0	 0	 0	 0	 
2020	 2	 1	 2	 2	 0	 0	 100	 4.66305e-08	 1.31662e-06	 1.8451e-05	 0.000296063	 0.00350825	 0.0201717	 0.0530449	 0.191192	 0.335996	 0.235152	 0.115032	 0.038882	 0.00624171	 0.000425919	 2.22679e-05	 6.7893e-06	 3.90414e-06	 2.12653e-06	 1.05573e-06	 5.02086e-07	 2.73252e-07	 1.92927e-07	 	 # 0	 0	 0	 0.0556	 0	 0.2778	 0.1111	 0.1667	 0.3889	 0	 0	 0	 0	 0	 0	 0	 0	 0	 0	 0	 0	 0	 
2021	 2	 1	 2	 2	 0	 0	 10	 1.49264e-06	 1.26632e-05	 6.16868e-05	 0.000267493	 0.00335529	 0.0197372	 0.0538915	 0.193707	 0.338568	 0.233937	 0.112413	 0.0375881	 0.00601406	 0.000409842	 2.13388e-05	 6.48828e-06	 3.73307e-06	 2.0318e-06	 1.00581e-06	 4.75665e-07	 2.56911e-07	 1.80344e-07	 	 # 0	 0	 0	 0	 0	 1	 0	 0	 0	 0	 0	 0	 0	 0	 0	 0	 0	 0	 0	 0	 0	 0	 
2024	 2	 1	 2	 2	 0	 0	 10	 2.12812e-06	 2.56968e-05	 0.000159032	 0.000800472	 0.00532843	 0.0238229	 0.0586077	 0.192326	 0.335388	 0.230784	 0.109925	 0.0365589	 0.00584607	 0.0003973	 1.89851e-05	 4.79378e-06	 2.51432e-06	 1.26793e-06	 5.81234e-07	 2.49096e-07	 1.18517e-07	 7.55092e-08	 	 # 0	 0	 0	 0	 0	 1	 0	 0	 0	 0	 0	 0	 0	 0	 0	 0	 0	 0	 0	 0	 0	 0	 
1991	 2	 2	 2	 2	 0	 0	 100	 0.00274849	 0.00658774	 0.0110101	 0.0248415	 0.0803429	 0.142026	 0.144294	 0.16828	 0.14014	 0.104936	 0.084099	 0.0475853	 0.0129951	 0.0029788	 0.00246972	 0.00294902	 0.00331261	 0.00356178	 0.00368795	 0.00366347	 0.00369321	 0.00379751	 	 # 0.054	 0.051	 0.037	 0.052	 0.081	 0.133	 0.142	 0.152	 0.134	 0.087	 0.029	 0.011	 0.005	 0.004	 0.003	 0.004	 0.003	 0.005	 0.003	 0.001	 0.003	 0.004	 
1992	 2	 2	 2	 2	 0	 0	 100	 0.00529752	 0.0123601	 0.0172596	 0.0259497	 0.0793045	 0.138321	 0.139174	 0.164621	 0.138207	 0.104986	 0.0854369	 0.0486275	 0.0131902	 0.00286111	 0.00226658	 0.00269083	 0.00300942	 0.00321836	 0.00331218	 0.00327032	 0.003279	 0.00335655	 	 # 0.028	 0.161	 0.177	 0.174	 0.142	 0.087	 0.1	 0.055	 0.035	 0.017	 0.007	 0.001	 0.002	 0.002	 0.003	 0.002	 0.001	 0.003	 0.001	 0.001	 0	 0	 
1993	 2	 2	 2	 2	 0	 0	 100	 0.00816286	 0.0194489	 0.0262371	 0.0317715	 0.0844902	 0.139099	 0.135389	 0.158377	 0.132607	 0.100309	 0.0813179	 0.0461725	 0.0124637	 0.00262558	 0.00202696	 0.00239751	 0.00267338	 0.00284843	 0.00291924	 0.0028703	 0.00286703	 0.00292565	 	 # 0	 0.002	 0.01	 0.112	 0.327	 0.26	 0.199	 0.067	 0.019	 0.003	 0	 0.001	 0.001	 0	 0	 0	 0	 0	 0	 0	 0	 0	 
1994	 2	 2	 2	 2	 0	 0	 100	 0.0118185	 0.0280864	 0.036844	 0.0380991	 0.0909078	 0.141271	 0.1329	 0.151877	 0.126081	 0.0938496	 0.0747818	 0.042087	 0.0112759	 0.0022841	 0.00170058	 0.002003	 0.00222752	 0.0023659	 0.00241624	 0.00236739	 0.00235714	 0.00239892	 	 # 0	 0	 0	 0.009	 0.009	 0.161	 0.136	 0.243	 0.159	 0.102	 0.048	 0.039	 0.023	 0.011	 0.02	 0.005	 0.005	 0	 0.011	 0.005	 0.009	 0.005	 
1995	 2	 2	 2	 2	 0	 0	 100	 0.00980135	 0.0255635	 0.0368516	 0.0461001	 0.100415	 0.147653	 0.134035	 0.149659	 0.123265	 0.0902592	 0.0705733	 0.0393108	 0.0104167	 0.00197128	 0.00136879	 0.00160088	 0.00177459	 0.00187808	 0.00191062	 0.00186486	 0.00185043	 0.0018779	 	 # 0.02	 0.014	 0.003	 0.017	 0.042	 0.127	 0.133	 0.21	 0.207	 0.105	 0.025	 0.04	 0.011	 0.017	 0.017	 0.008	 0.003	 0	 0	 0	 0	 0	 
1996	 2	 2	 2	 2	 0	 0	 100	 0.00596555	 0.0168769	 0.0274007	 0.0443236	 0.101474	 0.152712	 0.14152	 0.156645	 0.128112	 0.0922733	 0.0707427	 0.0389703	 0.0101922	 0.00175901	 0.00109227	 0.00126324	 0.00139473	 0.00146977	 0.00148851	 0.00144661	 0.00143003	 0.00144688	 	 # 0.002	 0.002	 0.004	 0.014	 0.07	 0.125	 0.183	 0.187	 0.206	 0.1	 0.033	 0.027	 0.011	 0.011	 0.007	 0.009	 0.002	 0.002	 0.002	 0.001	 0.001	 0	 
1997	 2	 2	 2	 2	 0	 0	 100	 0.000654225	 0.00454094	 0.012779	 0.0373941	 0.0958644	 0.153341	 0.148169	 0.167327	 0.137768	 0.10011	 0.0774131	 0.0427711	 0.0110851	 0.00172937	 0.000919555	 0.00104608	 0.00115006	 0.00120691	 0.00121726	 0.00117865	 0.0011617	 0.0011728	 	 # 0.008	 0.067	 0.059	 0.168	 0.158	 0.144	 0.196	 0.098	 0.047	 0.019	 0.009	 0.009	 0.008	 0.004	 0.003	 0.002	 0.001	 0.001	 0	 0	 0	 0	 
1998	 2	 2	 2	 2	 0	 0	 100	 0.00110081	 0.00294177	 0.0072376	 0.0251664	 0.0824005	 0.146229	 0.150026	 0.175272	 0.146089	 0.108286	 0.0855316	 0.0477101	 0.0123164	 0.00178676	 0.0008243	 0.000921584	 0.00100898	 0.00105438	 0.00105889	 0.0010216	 0.00100425	 0.00101207	 	 # 0.02	 0.028	 0.046	 0.17	 0.222	 0.148	 0.121	 0.08	 0.047	 0.026	 0.019	 0.013	 0.011	 0.011	 0.01	 0.01	 0.004	 0.005	 0.005	 0.002	 0.001	 0.001	 
1999	 2	 2	 2	 2	 0	 0	 100	 0.00639077	 0.0138319	 0.0174226	 0.0222185	 0.0749204	 0.136183	 0.140918	 0.170359	 0.144486	 0.110344	 0.0899015	 0.0508601	 0.0131322	 0.00182956	 0.000767267	 0.000846391	 0.000923414	 0.000961192	 0.000961318	 0.000924192	 0.000906214	 0.00091183	 	 # 0.003	 0.006	 0.027	 0.072	 0.072	 0.135	 0.237	 0.211	 0.112	 0.044	 0.014	 0.007	 0.007	 0.004	 0.006	 0.007	 0.008	 0.011	 0.008	 0.005	 0.004	 0.001	 
2000	 2	 2	 2	 2	 0	 0	 100	 0.00889218	 0.0216197	 0.0289757	 0.0333949	 0.0843816	 0.137154	 0.132862	 0.159203	 0.13531	 0.103916	 0.0852221	 0.0483585	 0.0124831	 0.0017194	 0.000700587	 0.000769379	 0.000837905	 0.000869876	 0.000867263	 0.000831423	 0.000813573	 0.000817541	 	 # 0.006	 0.014	 0.016	 0.029	 0.05	 0.134	 0.219	 0.187	 0.128	 0.099	 0.033	 0.025	 0.018	 0.007	 0.006	 0.003	 0.006	 0.008	 0.005	 0.004	 0.001	 0.001	 
2001	 2	 2	 2	 2	 0	 0	 100	 0.00752105	 0.0199413	 0.0297017	 0.0414216	 0.0954343	 0.145894	 0.136335	 0.156663	 0.130769	 0.0974026	 0.0774332	 0.0433079	 0.011127	 0.00151511	 0.00060069	 0.000656884	 0.000714372	 0.00074031	 0.000736594	 0.000704798	 0.000688574	 0.000691109	 	 # 0.01	 0.027	 0.06	 0.078	 0.055	 0.143	 0.163	 0.131	 0.126	 0.091	 0.038	 0.023	 0.012	 0.01	 0.012	 0.004	 0.005	 0.006	 0.003	 0.004	 0	 0	 
2002	 2	 2	 2	 2	 0	 0	 100	 0.0118259	 0.0277442	 0.0363725	 0.0384248	 0.0928882	 0.144791	 0.137585	 0.156078	 0.129171	 0.0945321	 0.073639	 0.0407656	 0.0104165	 0.00136671	 0.000487949	 0.000524608	 0.000568593	 0.000587707	 0.000583469	 0.000557283	 0.000543705	 0.00054516	 	 # 0.004	 0.007	 0.014	 0.032	 0.078	 0.185	 0.241	 0.17	 0.103	 0.043	 0.03	 0.03	 0.018	 0.014	 0.01	 0.007	 0.002	 0.005	 0.005	 0.002	 0.002	 0	 
2003	 2	 2	 2	 2	 0	 0	 100	 0.0551547	 0.115897	 0.123444	 0.0346688	 0.0756011	 0.1118	 0.102325	 0.115872	 0.0962938	 0.0709417	 0.0556119	 0.0308671	 0.00786871	 0.000989704	 0.000306038	 0.000320311	 0.000345287	 0.000355231	 0.00035117	 0.000334303	 0.000325456	 0.000325935	 	 # 0.023	 0.324	 0.16	 0.058	 0.046	 0.069	 0.083	 0.079	 0.06	 0.035	 0.018	 0.01	 0.004	 0.005	 0.004	 0.003	 0.005	 0.005	 0.006	 0.003	 0.002	 0	 
2004	 2	 2	 2	 2	 0	 0	 100	 0.00738396	 0.0368276	 0.0704072	 0.112829	 0.163494	 0.169077	 0.105649	 0.104153	 0.085289	 0.0618123	 0.0476013	 0.0261888	 0.00664556	 0.000808458	 0.000219097	 0.000222903	 0.000238877	 0.000244312	 0.000240089	 0.00022747	 0.000220782	 0.000220766	 	 # 0.016	 0.031	 0.04	 0.104	 0.238	 0.308	 0.134	 0.05	 0.038	 0.017	 0.008	 0.006	 0.003	 0.002	 0.001	 0.001	 0.001	 0.001	 0.001	 0	 0	 0	 
2005	 2	 2	 2	 2	 0	 0	 100	 0.0046123	 0.01261	 0.0243048	 0.0510643	 0.119613	 0.175641	 0.162497	 0.162469	 0.124932	 0.0787332	 0.0504933	 0.0250206	 0.00614386	 0.000706135	 0.000149034	 0.00014243	 0.000151217	 0.000153451	 0.00014971	 0.000141055	 0.00013644	 0.000136202	 	 # 0.005	 0.006	 0.01	 0.026	 0.125	 0.258	 0.242	 0.129	 0.091	 0.045	 0.022	 0.012	 0.006	 0.006	 0.003	 0.005	 0.004	 0.002	 0.002	 0.002	 0.002	 0.001	 
2006	 2	 2	 2	 2	 0	 0	 100	 0.00431457	 0.0111358	 0.0175514	 0.032014	 0.0896059	 0.149561	 0.149217	 0.170138	 0.140745	 0.101971	 0.078086	 0.0427773	 0.0107689	 0.0011743	 0.000156784	 0.000120831	 0.000121974	 0.000119622	 0.000113899	 0.000105659	 0.00010134	 0.000100793	 	 # 0	 0.001	 0.001	 0.009	 0.027	 0.12	 0.254	 0.281	 0.178	 0.076	 0.026	 0.009	 0.004	 0.004	 0.001	 0.003	 0.002	 0	 0.001	 0	 0.001	 0	 
2007	 2	 2	 2	 2	 0	 0	 100	 0.000742739	 0.00410068	 0.0106864	 0.0317426	 0.0870497	 0.145805	 0.144808	 0.171252	 0.144462	 0.108772	 0.0871389	 0.0488207	 0.0123581	 0.00134178	 0.000169477	 0.000125979	 0.000124974	 0.000118431	 0.000107635	 9.56967e-05	 8.93359e-05	 8.78306e-05	 	 # 0	 0.002	 0.002	 0.009	 0.037	 0.12	 0.237	 0.225	 0.171	 0.077	 0.033	 0.018	 0.016	 0.014	 0.014	 0.01	 0.007	 0.004	 0.001	 0.001	 0	 0	 
2008	 2	 2	 2	 2	 0	 0	 100	 0.00971435	 0.0204338	 0.0242909	 0.0235859	 0.0768917	 0.137283	 0.14133	 0.168531	 0.142188	 0.107145	 0.085998	 0.0482319	 0.0122095	 0.00132208	 0.000162617	 0.000118933	 0.000117248	 0.000109547	 9.74763e-05	 8.48717e-05	 7.8119e-05	 7.63274e-05	 	 # 0.005	 0.007	 0.006	 0.012	 0.048	 0.12	 0.172	 0.203	 0.191	 0.117	 0.042	 0.021	 0.017	 0.012	 0.011	 0.005	 0.004	 0.002	 0.003	 0	 0.002	 0	 
2009	 2	 2	 2	 2	 0	 0	 100	 0.045645	 0.0965129	 0.103443	 0.0321644	 0.0730581	 0.112528	 0.105544	 0.125693	 0.107065	 0.0821004	 0.067064	 0.0379139	 0.0096148	 0.00103836	 0.000123512	 8.80638e-05	 8.60727e-05	 7.95821e-05	 6.99083e-05	 6.01317e-05	 5.48893e-05	 5.34256e-05	 	 # 0.001	 0.002	 0.003	 0.007	 0.039	 0.184	 0.279	 0.217	 0.16	 0.062	 0.018	 0.006	 0.005	 0.004	 0.004	 0.002	 0.003	 0.002	 0.001	 0.001	 0	 0	 
2010	 2	 2	 2	 2	 0	 0	 100	 0.00881327	 0.037009	 0.0667701	 0.101323	 0.151711	 0.163663	 0.108722	 0.111355	 0.0920501	 0.0676562	 0.052939	 0.0293369	 0.0074002	 0.000796838	 9.32006e-05	 6.5827e-05	 6.41709e-05	 5.89312e-05	 5.12112e-05	 4.3553e-05	 3.9436e-05	 3.82404e-05	 	 # 0.002	 0.025	 0.011	 0.041	 0.146	 0.173	 0.215	 0.141	 0.095	 0.048	 0.028	 0.016	 0.008	 0.007	 0.008	 0.005	 0.007	 0.006	 0.004	 0.009	 0.003	 0.002	 
2011	 2	 2	 2	 2	 0	 0	 100	 0.00538479	 0.0147652	 0.0267811	 0.0515936	 0.118203	 0.172391	 0.158462	 0.160448	 0.124537	 0.0801063	 0.0529812	 0.0267658	 0.00657629	 0.000695751	 7.08056e-05	 4.49561e-05	 4.29034e-05	 3.88263e-05	 3.33349e-05	 2.80881e-05	 2.5287e-05	 2.44602e-05	 	 # 0.001	 0.003	 0.006	 0.042	 0.114	 0.124	 0.122	 0.174	 0.194	 0.099	 0.042	 0.013	 0.006	 0.004	 0.005	 0.006	 0.013	 0.013	 0.008	 0.004	 0.004	 0.003	 
2012	 2	 2	 2	 2	 0	 0	 100	 0.00783326	 0.0185504	 0.0254123	 0.0334109	 0.0901264	 0.147924	 0.146107	 0.16586	 0.136953	 0.0989797	 0.0756514	 0.0414029	 0.0103984	 0.00109372	 9.30273e-05	 4.62069e-05	 3.99418e-05	 3.34589e-05	 2.69126e-05	 2.15536e-05	 1.87987e-05	 1.79443e-05	 	 # 0.002	 0.001	 0.004	 0.011	 0.036	 0.099	 0.153	 0.21	 0.21	 0.142	 0.066	 0.028	 0.011	 0.006	 0.006	 0.004	 0.001	 0.002	 0.002	 0.003	 0.003	 0	 
2013	 2	 2	 2	 2	 0	 0	 100	 0.00175576	 0.00780823	 0.0167438	 0.0388832	 0.093935	 0.148094	 0.14168	 0.16532	 0.138976	 0.104112	 0.0830014	 0.0463944	 0.0117184	 0.00123704	 0.000109375	 5.75006e-05	 5.02362e-05	 4.07552e-05	 3.0165e-05	 2.15416e-05	 1.70204e-05	 1.54767e-05	 	 # 0.004	 0.029	 0.023	 0.022	 0.066	 0.141	 0.127	 0.098	 0.112	 0.13	 0.13	 0.06	 0.025	 0.009	 0.008	 0.005	 0.005	 0.004	 0.002	 0.001	 0.001	 0.001	 
2014	 2	 2	 2	 2	 0	 0	 100	 0.00275438	 0.00691159	 0.0122714	 0.0286271	 0.0855774	 0.146994	 0.148464	 0.173044	 0.14435	 0.106769	 0.0841103	 0.0467535	 0.0117883	 0.00124349	 0.000110473	 5.88145e-05	 5.15651e-05	 4.13495e-05	 2.96232e-05	 2.00934e-05	 1.50724e-05	 1.33164e-05	 	 # 0.002	 0.023	 0.023	 0.102	 0.164	 0.141	 0.169	 0.116	 0.115	 0.08	 0.025	 0.009	 0.009	 0.005	 0.002	 0.003	 0.002	 0.001	 0.003	 0.003	 0.001	 0.001	 
2015	 2	 2	 2	 2	 0	 0	 100	 0.0153893	 0.032837	 0.0374079	 0.0254627	 0.0762006	 0.132702	 0.134637	 0.161414	 0.13656	 0.103475	 0.0835515	 0.0469457	 0.0118539	 0.00124704	 0.000108378	 5.57707e-05	 4.79232e-05	 3.75483e-05	 2.60751e-05	 1.69905e-05	 1.22386e-05	 1.05399e-05	 	 # 0.008	 0.015	 0.023	 0.076	 0.124	 0.137	 0.214	 0.221	 0.089	 0.053	 0.017	 0.008	 0.003	 0.004	 0.004	 0.001	 0.002	 0.002	 0.001	 0	 0	 0	 
2016	 2	 2	 2	 2	 0	 0	 100	 0.0394123	 0.0862739	 0.096919	 0.0434889	 0.0862335	 0.121511	 0.10673	 0.123927	 0.10477	 0.0795885	 0.0644934	 0.0362869	 0.00915817	 0.000962774	 8.45519e-05	 4.42274e-05	 3.80758e-05	 2.9564e-05	 2.00374e-05	 1.25214e-05	 8.58596e-06	 7.15557e-06	 	 # 0.002	 0.006	 0.032	 0.064	 0.115	 0.194	 0.16	 0.115	 0.087	 0.07	 0.046	 0.038	 0.02	 0.012	 0.014	 0.006	 0.011	 0.004	 0.004	 0.002	 0	 0	 
2017	 2	 2	 2	 2	 0	 0	 100	 0.0596826	 0.132622	 0.150938	 0.0672031	 0.106177	 0.120683	 0.0861664	 0.0881046	 0.0716628	 0.051089	 0.0386635	 0.0210524	 0.00526841	 0.000552149	 4.75853e-05	 2.44689e-05	 2.10328e-05	 1.62686e-05	 1.09218e-05	 6.7066e-06	 4.49826e-06	 3.69489e-06	 	 # 0.003	 0.007	 0.045	 0.169	 0.16	 0.202	 0.129	 0.099	 0.053	 0.041	 0.028	 0.01	 0.013	 0.008	 0.008	 0.01	 0.003	 0.001	 0.006	 0	 0.003	 0.003	 
2018	 2	 2	 2	 2	 0	 0	 100	 0.000813273	 0.00496858	 0.0152216	 0.054162	 0.151974	 0.214271	 0.14301	 0.144814	 0.112916	 0.0741781	 0.0505226	 0.0259585	 0.00639357	 0.000664376	 5.23218e-05	 2.36075e-05	 1.94163e-05	 1.4546e-05	 9.48933e-06	 5.64724e-06	 3.66369e-06	 2.94455e-06	 	 # 0.004	 0.006	 0.008	 0.053	 0.134	 0.293	 0.24	 0.138	 0.069	 0.02	 0.007	 0.008	 0.004	 0.005	 0.003	 0.001	 0.002	 0.001	 0	 0.001	 0	 0	 
2019	 2	 2	 2	 2	 0	 0	 100	 0.0042989	 0.00983002	 0.0169473	 0.0453847	 0.145059	 0.212504	 0.143971	 0.147305	 0.114786	 0.075274	 0.0511454	 0.0262366	 0.00645699	 0.00067039	 5.25796e-05	 2.35647e-05	 1.93061e-05	 1.44078e-05	 9.35989e-06	 5.54384e-06	 3.57878e-06	 2.86541e-06	 	 # 0.002	 0.004	 0.009	 0.027	 0.127	 0.298	 0.226	 0.155	 0.076	 0.026	 0.017	 0.014	 0.008	 0.006	 0.002	 0.001	 0.001	 0.001	 0	 0	 0.001	 0	 
2020	 2	 2	 2	 2	 0	 0	 100	 0.000535043	 0.00374022	 0.012976	 0.0515426	 0.151236	 0.215922	 0.143666	 0.146378	 0.114167	 0.0750617	 0.0511843	 0.0263103	 0.00647783	 0.00067242	 5.26644e-05	 2.3522e-05	 1.92188e-05	 1.43034e-05	 9.26311e-06	 5.4656e-06	 3.51325e-06	 2.80402e-06	 	 # 0.008	 0.012	 0.015	 0.048	 0.181	 0.296	 0.207	 0.096	 0.055	 0.017	 0.012	 0.015	 0.012	 0.008	 0.007	 0.008	 0	 0.002	 0.002	 0	 0	 0	 
2021	 2	 2	 2	 2	 0	 0	 100	 0.0160752	 0.0337648	 0.040719	 0.0437098	 0.135762	 0.1983	 0.136998	 0.139199	 0.107978	 0.0700893	 0.0469481	 0.0238732	 0.00585838	 0.000607316	 4.73688e-05	 2.1099e-05	 1.72485e-05	 1.28272e-05	 8.2833e-06	 4.8601e-06	 3.10036e-06	 2.46021e-06	 	 # 0	 0.019	 0.041	 0.056	 0.071	 0.152	 0.1	 0.16	 0.104	 0.067	 0.048	 0.03	 0.045	 0.022	 0.033	 0.019	 0.022	 0	 0.004	 0.004	 0.004	 0	 
2022	 2	 2	 2	 2	 0	 0	 100	 0.0194855	 0.0477079	 0.0633955	 0.0674319	 0.148201	 0.190177	 0.119497	 0.118736	 0.0929682	 0.0616952	 0.0425705	 0.0220324	 0.0054352	 0.000563953	 4.33236e-05	 1.8571e-05	 1.48515e-05	 1.08651e-05	 6.92502e-06	 4.01396e-06	 2.52997e-06	 1.99182e-06	 	 # 0.01	 0.055	 0.039	 0.074	 0.141	 0.119	 0.161	 0.116	 0.077	 0.042	 0.064	 0.029	 0.035	 0.016	 0.003	 0.006	 0.006	 0.006	 0	 0	 0	 0	 
2023	 2	 2	 2	 2	 0	 0	 100	 0.045136	 0.0987098	 0.113089	 0.0613454	 0.127136	 0.161052	 0.108812	 0.103995	 0.0793922	 0.0497913	 0.0316883	 0.0155993	 0.00379226	 0.000391813	 2.9778e-05	 1.28053e-05	 1.03807e-05	 7.63101e-06	 4.81554e-06	 2.70476e-06	 1.62011e-06	 1.22466e-06	 	 # 0.083	 0.092	 0.076	 0.071	 0.138	 0.112	 0.101	 0.136	 0.082	 0.032	 0.032	 0.014	 0.008	 0.011	 0.004	 0.004	 0.004	 0.001	 0	 0	 0	 0.001	 
2024	 2	 2	 2	 2	 0	 0	 100	 0.0173504	 0.0518689	 0.079469	 0.0990196	 0.163214	 0.181193	 0.112787	 0.104625	 0.0809741	 0.0523441	 0.0347542	 0.0175778	 0.00431105	 0.000445682	 3.19038e-05	 1.1801e-05	 8.79456e-06	 6.05975e-06	 3.62367e-06	 1.92673e-06	 1.08272e-06	 7.79793e-07	 	 # 0.005	 0.056	 0.083	 0.04	 0.115	 0.135	 0.162	 0.165	 0.057	 0.067	 0.048	 0.023	 0.016	 0.008	 0.009	 0.003	 0.003	 0.001	 0.001	 0.001	 0.001	 0.001	 
1991	 2	 2	 1	 2	 0	 0	 100	 0.00153539	 0.0033476	 0.00395491	 0.00199939	 0.00354788	 0.00551627	 0.0087354	 0.0134802	 0.019417	 0.0277031	 0.0392494	 0.0534364	 0.0702685	 0.0915816	 0.112623	 0.10012	 0.0945878	 0.093611	 0.089533	 0.0757998	 0.0545508	 0.0354012	 	 # 0.015	 0.019	 0.012	 0.021	 0.024	 0.021	 0.021	 0.022	 0.021	 0.022	 0.035	 0.045	 0.067	 0.093	 0.091	 0.078	 0.073	 0.08	 0.092	 0.07	 0.052	 0.025	 
1992	 2	 2	 1	 2	 0	 0	 100	 0.00237545	 0.00582643	 0.00803728	 0.00604367	 0.00768402	 0.00752583	 0.00915055	 0.0141765	 0.021216	 0.0311761	 0.0446732	 0.0605116	 0.0776745	 0.0975198	 0.114935	 0.0932356	 0.0842651	 0.0806256	 0.0768813	 0.0672753	 0.0520714	 0.0371201	 	 # 0.011	 0.055	 0.075	 0.097	 0.121	 0.068	 0.067	 0.052	 0.042	 0.029	 0.036	 0.028	 0.028	 0.026	 0.035	 0.033	 0.039	 0.056	 0.043	 0.033	 0.019	 0.006	 
1993	 2	 2	 1	 2	 0	 0	 100	 0.000238258	 0.00219814	 0.00629326	 0.0116571	 0.0163999	 0.0177172	 0.0199825	 0.0246265	 0.0294645	 0.0379554	 0.0524678	 0.0716498	 0.0936424	 0.11882	 0.135264	 0.0941111	 0.0724177	 0.0590112	 0.0493062	 0.0391059	 0.0281253	 0.0195458	 	 # 0	 0.001	 0.002	 0.023	 0.047	 0.073	 0.12	 0.104	 0.064	 0.053	 0.044	 0.031	 0.028	 0.036	 0.049	 0.069	 0.076	 0.071	 0.058	 0.03	 0.013	 0.008	 
1994	 2	 2	 1	 2	 0	 0	 100	 0.000607618	 0.00140704	 0.00256578	 0.00503895	 0.0121162	 0.0217965	 0.0328131	 0.0436128	 0.0533588	 0.0650421	 0.0791407	 0.0922688	 0.103688	 0.117408	 0.121678	 0.0711202	 0.0501342	 0.0399303	 0.0330601	 0.0252714	 0.016847	 0.0110937	 	 # 0	 0	 0	 0.002	 0.002	 0.019	 0.024	 0.039	 0.056	 0.074	 0.072	 0.058	 0.054	 0.066	 0.068	 0.083	 0.102	 0.108	 0.076	 0.052	 0.032	 0.013	 
1995	 2	 2	 1	 2	 0	 0	 100	 0.000206013	 0.000695862	 0.00136837	 0.00224366	 0.00464366	 0.00898995	 0.0175844	 0.0319672	 0.0509168	 0.072692	 0.0938349	 0.110084	 0.120712	 0.128892	 0.124015	 0.0748577	 0.0510834	 0.0368358	 0.0271687	 0.0193162	 0.0128642	 0.00902802	 	 # 0.001	 0.003	 0.001	 0.005	 0.015	 0.03	 0.053	 0.073	 0.095	 0.094	 0.112	 0.101	 0.098	 0.079	 0.065	 0.051	 0.037	 0.035	 0.026	 0.015	 0.009	 0.004	 
1996	 2	 2	 1	 2	 0	 0	 100	 0.000136334	 0.000368456	 0.000668936	 0.00113097	 0.00246814	 0.00452596	 0.00835972	 0.0154809	 0.027073	 0.0447078	 0.0680756	 0.0942374	 0.11996	 0.142323	 0.146064	 0.102712	 0.0753412	 0.0547049	 0.0388886	 0.026113	 0.0162868	 0.0103738	 	 # 0	 0.001	 0.001	 0.002	 0.002	 0.008	 0.028	 0.06	 0.088	 0.093	 0.084	 0.067	 0.073	 0.088	 0.095	 0.087	 0.072	 0.061	 0.044	 0.027	 0.013	 0.006	 
1997	 2	 2	 1	 2	 0	 0	 100	 0.000346424	 0.000771152	 0.000964425	 0.000728389	 0.00159873	 0.00301066	 0.00568912	 0.010539	 0.0181359	 0.0296548	 0.0456832	 0.0659305	 0.0906389	 0.119482	 0.137339	 0.110686	 0.096238	 0.0833041	 0.0692005	 0.0522436	 0.0350357	 0.0227801	 	 # 0.002	 0.006	 0.006	 0.011	 0.008	 0.012	 0.03	 0.052	 0.073	 0.081	 0.073	 0.055	 0.052	 0.054	 0.066	 0.073	 0.082	 0.094	 0.082	 0.054	 0.026	 0.008	 
1998	 2	 2	 1	 2	 0	 0	 100	 0.00047571	 0.00122095	 0.00180391	 0.00171293	 0.00263664	 0.003599	 0.00597073	 0.0109681	 0.019005	 0.0312814	 0.0477913	 0.0672396	 0.0900776	 0.118161	 0.134991	 0.0975268	 0.0840861	 0.0768004	 0.0702615	 0.0592819	 0.0442634	 0.030845	 	 # 0.002	 0.002	 0.004	 0.008	 0.007	 0.007	 0.015	 0.026	 0.041	 0.052	 0.056	 0.057	 0.064	 0.086	 0.105	 0.102	 0.102	 0.093	 0.079	 0.055	 0.027	 0.01	 
1999	 2	 2	 1	 2	 0	 0	 100	 0.000883752	 0.00213748	 0.00299815	 0.00265312	 0.00430366	 0.00586368	 0.0086227	 0.0136587	 0.0215061	 0.0341233	 0.0513151	 0.0707398	 0.0925754	 0.119374	 0.133105	 0.0890779	 0.077336	 0.0735626	 0.0698054	 0.0587354	 0.0411772	 0.0264449	 	 # 0	 0.001	 0.005	 0.008	 0.009	 0.016	 0.032	 0.049	 0.055	 0.058	 0.053	 0.048	 0.053	 0.066	 0.081	 0.086	 0.102	 0.107	 0.091	 0.053	 0.021	 0.006	 
2000	 2	 2	 1	 2	 0	 0	 100	 0.00107403	 0.00275973	 0.00415713	 0.00412471	 0.00623236	 0.00782395	 0.0109878	 0.0169451	 0.0254298	 0.0380447	 0.0544959	 0.0726422	 0.0930059	 0.118169	 0.129445	 0.0837826	 0.0700326	 0.0643193	 0.0603594	 0.0530606	 0.0431788	 0.039929	 	 # 0.002	 0.001	 0.002	 0.004	 0.008	 0.019	 0.032	 0.041	 0.05	 0.064	 0.058	 0.048	 0.047	 0.053	 0.065	 0.083	 0.103	 0.118	 0.105	 0.061	 0.027	 0.008	 
2001	 2	 2	 1	 2	 0	 0	 100	 0.00027436	 0.00127098	 0.0030567	 0.00531395	 0.00826426	 0.0107313	 0.0151252	 0.0225757	 0.032134	 0.0454757	 0.0624643	 0.0809567	 0.101532	 0.126559	 0.135987	 0.086464	 0.0676735	 0.0559318	 0.0471511	 0.0379383	 0.0284999	 0.0246206	 	 # 0.001	 0.001	 0.003	 0.002	 0.002	 0.004	 0.016	 0.035	 0.055	 0.07	 0.069	 0.055	 0.05	 0.056	 0.077	 0.091	 0.107	 0.112	 0.097	 0.062	 0.025	 0.009	 
2002	 2	 2	 1	 2	 0	 0	 100	 0.00350858	 0.00726497	 0.00788153	 0.00261682	 0.00575334	 0.0101307	 0.0162909	 0.0245417	 0.0347988	 0.0489813	 0.0671022	 0.0869244	 0.10819	 0.131896	 0.137755	 0.0872434	 0.0645522	 0.0495403	 0.0386679	 0.0291494	 0.0208258	 0.0163839	 	 # 0	 0	 0.001	 0.002	 0.004	 0.01	 0.017	 0.022	 0.031	 0.037	 0.045	 0.052	 0.063	 0.087	 0.122	 0.132	 0.125	 0.107	 0.077	 0.043	 0.017	 0.005	 
2003	 2	 2	 1	 2	 0	 0	 100	 0.00266922	 0.00698207	 0.0102778	 0.00865438	 0.0100503	 0.00822889	 0.00959363	 0.0173434	 0.0285832	 0.0424086	 0.0572267	 0.071546	 0.0874808	 0.108375	 0.121135	 0.09546	 0.0857591	 0.0757464	 0.062639	 0.0455955	 0.0282253	 0.0160192	 	 # 0.001	 0.044	 0.022	 0.009	 0.004	 0.006	 0.015	 0.029	 0.044	 0.05	 0.051	 0.051	 0.059	 0.069	 0.088	 0.104	 0.107	 0.102	 0.075	 0.047	 0.018	 0.005	 
2004	 2	 2	 1	 2	 0	 0	 100	 0.00237964	 0.00599971	 0.0089505	 0.00870905	 0.0126012	 0.0138762	 0.0155887	 0.0187786	 0.0220508	 0.0283347	 0.0391352	 0.0534167	 0.0709011	 0.092132	 0.107327	 0.0945308	 0.0905791	 0.0851619	 0.0766238	 0.0637287	 0.0492481	 0.0399464	 	 # 0.003	 0.004	 0.005	 0.011	 0.023	 0.031	 0.034	 0.051	 0.052	 0.05	 0.05	 0.049	 0.054	 0.062	 0.073	 0.083	 0.082	 0.091	 0.089	 0.061	 0.033	 0.011	 
2005	 2	 2	 1	 2	 0	 0	 100	 0.00261243	 0.0064697	 0.00931309	 0.00836087	 0.0125126	 0.0156399	 0.0205281	 0.0272668	 0.0327461	 0.0384986	 0.0453305	 0.0524522	 0.0604894	 0.072096	 0.0830068	 0.0768712	 0.0802392	 0.0833974	 0.0824918	 0.0745082	 0.0620558	 0.0531135	 	 # 0	 0.001	 0.001	 0.003	 0.008	 0.012	 0.016	 0.035	 0.051	 0.054	 0.067	 0.078	 0.081	 0.065	 0.067	 0.069	 0.075	 0.085	 0.089	 0.08	 0.044	 0.018	 
2006	 2	 2	 1	 2	 0	 0	 100	 0.000767968	 0.00292884	 0.00625768	 0.00957236	 0.013922	 0.0165373	 0.021354	 0.0295393	 0.0382318	 0.0487356	 0.0610322	 0.072846	 0.0829949	 0.0926591	 0.0972719	 0.0811244	 0.0711681	 0.0629636	 0.0560951	 0.0488662	 0.0421851	 0.0429465	 	 # 0	 0	 0	 0	 0.001	 0.003	 0.007	 0.018	 0.028	 0.031	 0.035	 0.048	 0.062	 0.071	 0.088	 0.12	 0.139	 0.138	 0.1	 0.063	 0.033	 0.014	 
2007	 2	 2	 1	 2	 0	 0	 100	 0.00054559	 0.00149088	 0.00283384	 0.00481798	 0.00928302	 0.0143967	 0.0214263	 0.0304793	 0.039162	 0.0480755	 0.0575272	 0.0674393	 0.080208	 0.0975616	 0.111046	 0.0985764	 0.0861646	 0.0714201	 0.0565295	 0.0427451	 0.0317259	 0.0265454	 	 # 0	 0	 0	 0.001	 0.002	 0.005	 0.012	 0.026	 0.036	 0.046	 0.049	 0.064	 0.082	 0.08	 0.096	 0.119	 0.129	 0.106	 0.072	 0.043	 0.022	 0.009	 
2008	 2	 2	 1	 2	 0	 0	 100	 0.00075003	 0.00178909	 0.00253698	 0.00253999	 0.00484195	 0.0084403	 0.0153487	 0.0261092	 0.0378686	 0.0493195	 0.0593587	 0.0675236	 0.0762814	 0.0886252	 0.100476	 0.0918537	 0.0853279	 0.0781084	 0.0696899	 0.0574108	 0.0428792	 0.0329209	 	 # 0	 0.001	 0	 0.001	 0.001	 0.002	 0.007	 0.02	 0.03	 0.034	 0.034	 0.039	 0.046	 0.061	 0.091	 0.141	 0.168	 0.144	 0.094	 0.054	 0.023	 0.009	 
2009	 2	 2	 1	 2	 0	 0	 100	 0.00159555	 0.00360282	 0.00449771	 0.00274038	 0.00423826	 0.00585547	 0.00983904	 0.0174758	 0.0274099	 0.0394967	 0.0529451	 0.0666156	 0.0811509	 0.0975471	 0.110947	 0.101474	 0.0916275	 0.0805983	 0.069078	 0.0555889	 0.0418241	 0.0338523	 	 # 0	 0.001	 0	 0.001	 0.001	 0.002	 0.007	 0.017	 0.024	 0.03	 0.039	 0.052	 0.07	 0.093	 0.115	 0.122	 0.126	 0.111	 0.092	 0.061	 0.028	 0.01	 
2010	 2	 2	 1	 2	 0	 0	 100	 0.000207703	 0.00110098	 0.00264697	 0.00430907	 0.0058116	 0.00614321	 0.00783178	 0.0119689	 0.0169261	 0.0229622	 0.0300889	 0.0383194	 0.0493712	 0.0660557	 0.087389	 0.0973739	 0.107065	 0.111284	 0.107137	 0.0929076	 0.0734581	 0.059642	 	 # 0.001	 0.003	 0.001	 0.003	 0.006	 0.009	 0.019	 0.032	 0.031	 0.024	 0.029	 0.033	 0.043	 0.061	 0.077	 0.09	 0.102	 0.116	 0.128	 0.109	 0.063	 0.022	 
2011	 2	 2	 1	 2	 0	 0	 100	 0.000490147	 0.00116185	 0.0019218	 0.00302808	 0.00648268	 0.0106058	 0.0155224	 0.0209435	 0.0256952	 0.0312501	 0.0382754	 0.0466601	 0.0582199	 0.0763151	 0.0982865	 0.0991965	 0.0985539	 0.0942302	 0.086597	 0.074356	 0.0600995	 0.0521082	 	 # 0	 0.001	 0.001	 0.006	 0.012	 0.007	 0.013	 0.024	 0.028	 0.027	 0.034	 0.039	 0.039	 0.045	 0.061	 0.081	 0.094	 0.122	 0.132	 0.124	 0.077	 0.031	 
2012	 2	 2	 1	 2	 0	 0	 100	 0.000488585	 0.00134394	 0.00223249	 0.00290646	 0.00535442	 0.00886119	 0.0156081	 0.0264033	 0.0387749	 0.0516519	 0.0637359	 0.0743063	 0.0858081	 0.102405	 0.118257	 0.0972107	 0.0787446	 0.0637191	 0.0528047	 0.0432624	 0.0347602	 0.03136	 	 # 0	 0.001	 0.001	 0.002	 0.004	 0.015	 0.041	 0.058	 0.044	 0.033	 0.044	 0.053	 0.051	 0.046	 0.06	 0.08	 0.095	 0.1	 0.108	 0.089	 0.053	 0.024	 
2013	 2	 2	 1	 2	 0	 0	 100	 0.00201616	 0.00436614	 0.00514113	 0.00269114	 0.00487726	 0.00749049	 0.0123131	 0.0206489	 0.0318357	 0.0466664	 0.0645717	 0.0840479	 0.105189	 0.128595	 0.142358	 0.104487	 0.0752863	 0.0544801	 0.0401229	 0.0287333	 0.0196238	 0.0144587	 	 # 0.001	 0.004	 0.002	 0.002	 0.002	 0.004	 0.009	 0.02	 0.024	 0.032	 0.05	 0.064	 0.065	 0.067	 0.093	 0.112	 0.117	 0.107	 0.094	 0.073	 0.042	 0.016	 
2014	 2	 2	 1	 2	 0	 0	 100	 0.00234131	 0.00601661	 0.00881524	 0.00774491	 0.0100641	 0.010114	 0.0128607	 0.0206901	 0.03119	 0.0451437	 0.0628554	 0.0839627	 0.109202	 0.138003	 0.149851	 0.094731	 0.0640698	 0.0467357	 0.0357399	 0.0265844	 0.0187233	 0.0145616	 	 # 0.002	 0.003	 0.002	 0.008	 0.013	 0.01	 0.016	 0.024	 0.033	 0.043	 0.047	 0.049	 0.052	 0.062	 0.09	 0.126	 0.129	 0.106	 0.086	 0.06	 0.032	 0.01	 
2015	 2	 2	 1	 2	 0	 0	 100	 0.0178557	 0.0375199	 0.0407422	 0.0104597	 0.0155491	 0.0181085	 0.0220094	 0.0285755	 0.0354411	 0.0456257	 0.0605964	 0.0793008	 0.101334	 0.125627	 0.128874	 0.0691772	 0.0468127	 0.037092	 0.0307252	 0.0234829	 0.015505	 0.00958483	 	 # 0.002	 0.001	 0.005	 0.016	 0.018	 0.019	 0.046	 0.066	 0.051	 0.052	 0.055	 0.068	 0.06	 0.051	 0.054	 0.059	 0.064	 0.058	 0.064	 0.083	 0.073	 0.037	 
2016	 2	 2	 1	 2	 0	 0	 100	 0.0116165	 0.0322961	 0.0507676	 0.0480306	 0.05396	 0.0380374	 0.028892	 0.0369056	 0.045894	 0.0550385	 0.0650111	 0.0749573	 0.0856328	 0.098283	 0.0958102	 0.0505943	 0.0372402	 0.0312214	 0.0260837	 0.018782	 0.0105191	 0.00442661	 	 # 0.001	 0.001	 0.003	 0.007	 0.012	 0.021	 0.035	 0.044	 0.043	 0.048	 0.066	 0.073	 0.078	 0.086	 0.09	 0.09	 0.079	 0.065	 0.051	 0.048	 0.039	 0.02	 
2017	 2	 2	 1	 2	 0	 0	 100	 0.00177322	 0.00814813	 0.0200899	 0.0357059	 0.0539474	 0.0623655	 0.0684497	 0.0717752	 0.0649781	 0.0597273	 0.0629878	 0.0714565	 0.0803512	 0.0881324	 0.0832763	 0.0504034	 0.0365026	 0.0275242	 0.0208608	 0.0149901	 0.00988069	 0.00667348	 	 # 0.001	 0.001	 0.006	 0.013	 0.026	 0.033	 0.04	 0.043	 0.041	 0.044	 0.047	 0.052	 0.058	 0.084	 0.101	 0.092	 0.085	 0.077	 0.061	 0.049	 0.034	 0.013	 
2018	 2	 2	 1	 2	 0	 0	 100	 0.00039643	 0.00187338	 0.00605209	 0.0155253	 0.0324685	 0.0531059	 0.0746749	 0.0915945	 0.0993704	 0.102765	 0.102734	 0.0972296	 0.087693	 0.0784358	 0.0644437	 0.0358948	 0.022116	 0.0140549	 0.00902504	 0.00555847	 0.00318024	 0.00180807	 	 # 0	 0	 0.001	 0.003	 0.016	 0.076	 0.15	 0.166	 0.13	 0.105	 0.089	 0.071	 0.053	 0.039	 0.035	 0.024	 0.016	 0.01	 0.006	 0.005	 0.002	 0.001	 
2019	 2	 2	 1	 2	 0	 0	 100	 6.84874e-05	 0.000183053	 0.000451576	 0.00138587	 0.00409634	 0.00901658	 0.0171319	 0.028881	 0.0431693	 0.0603156	 0.0802904	 0.101359	 0.121246	 0.135821	 0.132723	 0.0992225	 0.0690569	 0.0443646	 0.0265678	 0.0145128	 0.00701151	 0.00312532	 	 # 0.003	 0.008	 0.01	 0.014	 0.018	 0.024	 0.044	 0.068	 0.094	 0.116	 0.118	 0.1	 0.093	 0.083	 0.068	 0.055	 0.034	 0.023	 0.014	 0.008	 0.004	 0.002	 
2020	 2	 2	 1	 2	 0	 0	 100	 0.00189638	 0.00386415	 0.00402837	 0.00110091	 0.00335431	 0.00737166	 0.0141574	 0.0244927	 0.0378897	 0.0558031	 0.0795991	 0.108094	 0.1379	 0.161137	 0.154046	 0.0911075	 0.0516787	 0.0291919	 0.0167978	 0.00934468	 0.00478697	 0.00235728	 	 # 0	 0.001	 0.002	 0.003	 0.004	 0.012	 0.022	 0.035	 0.041	 0.055	 0.067	 0.098	 0.115	 0.132	 0.134	 0.108	 0.077	 0.051	 0.024	 0.011	 0.005	 0.003	 
2021	 2	 2	 1	 2	 0	 0	 100	 0.00270661	 0.00663188	 0.00908438	 0.00675014	 0.00878778	 0.00913127	 0.0123521	 0.0206037	 0.0317321	 0.0468557	 0.0673478	 0.0924166	 0.119525	 0.142163	 0.137115	 0.0811035	 0.0573515	 0.0476367	 0.0402626	 0.0302981	 0.0192192	 0.010925	 	 # 0.001	 0.002	 0.004	 0.004	 0.004	 0.004	 0.009	 0.015	 0.023	 0.031	 0.05	 0.088	 0.141	 0.158	 0.155	 0.127	 0.091	 0.053	 0.024	 0.009	 0.004	 0.002	 
2022	 2	 2	 1	 2	 0	 0	 100	 0.00633136	 0.0144789	 0.0187388	 0.0128242	 0.0179192	 0.0176128	 0.0184759	 0.0238001	 0.0306895	 0.0412538	 0.0573198	 0.0779914	 0.100894	 0.120852	 0.118453	 0.0740101	 0.0588786	 0.0544568	 0.0496974	 0.0400984	 0.0277964	 0.0174273	 	 # 0.001	 0.003	 0.005	 0.006	 0.007	 0.012	 0.017	 0.022	 0.025	 0.035	 0.047	 0.064	 0.077	 0.117	 0.156	 0.142	 0.117	 0.082	 0.042	 0.015	 0.004	 0.002	 
2023	 2	 2	 1	 2	 0	 0	 100	 0.013911	 0.0315675	 0.039443	 0.0226745	 0.0301102	 0.0290512	 0.0303459	 0.0371913	 0.0423198	 0.0482126	 0.0576062	 0.0700021	 0.0837821	 0.0958445	 0.0919808	 0.0572837	 0.0460253	 0.0436624	 0.0413847	 0.0354395	 0.0277177	 0.024444	 	 # 0.008	 0.012	 0.025	 0.034	 0.054	 0.063	 0.089	 0.098	 0.075	 0.058	 0.047	 0.043	 0.048	 0.057	 0.067	 0.068	 0.061	 0.045	 0.027	 0.013	 0.006	 0.002	 
2024	 2	 2	 1	 2	 0	 0	 100	 0.00457049	 0.0153317	 0.0291796	 0.0378895	 0.048102	 0.0432578	 0.0416577	 0.0489113	 0.0538739	 0.0597023	 0.068947	 0.07917	 0.0873103	 0.0914967	 0.0834847	 0.05447	 0.0403549	 0.0328457	 0.0273512	 0.0216691	 0.0162981	 0.0141261	 	 # 0	 0.009	 0.02	 0.028	 0.081	 0.08	 0.059	 0.06	 0.045	 0.033	 0.034	 0.044	 0.06	 0.065	 0.076	 0.083	 0.079	 0.06	 0.042	 0.027	 0.013	 0.004	 
1982	 1	 3	 2	 2	 0	 2	 100	 0.00388099	 0.00311617	 0.00810891	 0.0732716	 0.207785	 0.452842	 0.146312	 0.0429059	 0.0177976	 0.00869772	 0.00560197	 0.00414553	 0.00327002	 0.00273126	 0.0024043	 0.00221141	 0.00209813	 0.00203478	 0.00227037	 0.00254593	 0.0028605	 0.00310845	 	 # 0.0279	 0.0342	 0.014	 0.0485	 0.2125	 0.4795	 0.1375	 0.0326	 0.0099	 0.0019	 0.0004	 0	 0	 0	 0	 0	 0	 0	 0	 0	 0	 0	 
1983	 1	 3	 2	 2	 0	 2	 100	 0.242742	 0.266751	 0.490507	 2.42723e-11	 2.53073e-11	 1.73634e-11	 1.57011e-11	 8.72122e-15	 9.04106e-15	 6.67713e-15	 3.67568e-15	 1.88258e-15	 1.00588e-15	 5.97598e-16	 3.99198e-16	 2.97546e-16	 2.42151e-16	 2.09892e-16	 1.92193e-16	 1.91634e-16	 2.43839e-16	 1.15823e-15	 	 # 0.2703	 0.161	 0.026	 0.0541	 0.1754	 0.1442	 0.0158	 0.0044	 0.0002	 0	 0	 0	 0	 0	 0	 0	 0	 0	 0	 0	 0	 0	 
1984	 1	 3	 2	 2	 0	 2	 100	 0.0681103	 0.0818526	 0.167692	 0.32527	 0.262922	 0.0857205	 0.00843203	 1.09592e-07	 8.94719e-10	 2.43476e-12	 2.88447e-15	 2.06482e-17	 3.38919e-18	 2.78884e-19	 4.84603e-20	 3.41017e-20	 2.51431e-20	 1.76691e-20	 1.24452e-20	 9.33876e-21	 8.56668e-21	 2.86862e-20	 	 # 0.0934	 0.1068	 0.0926	 0.3017	 0.3317	 0.05	 0.0129	 0.0008	 0.0001	 0.0002	 0	 0	 0	 0	 0	 0	 0	 0	 0	 0	 0	 0	 
1985	 1	 3	 2	 2	 0	 2	 100	 0.113653	 0.129157	 0.248823	 0.218247	 0.190873	 0.0767699	 0.0224699	 4.55234e-06	 1.90071e-06	 5.6826e-07	 1.51221e-07	 3.14808e-08	 4.22141e-09	 2.76908e-10	 8.16339e-12	 1.12378e-13	 8.23044e-16	 6.1835e-18	 1.19696e-19	 2.97851e-21	 8.73057e-23	 1.16785e-23	 	 # 0.0912	 0.1423	 0.1972	 0.3366	 0.1379	 0.0721	 0.0153	 0.0034	 0.0001	 0	 0	 0	 0	 0	 0	 0	 0	 0	 0	 0	 0	 0	 
1986	 1	 3	 2	 2	 0	 2	 100	 0.0765175	 0.0902415	 0.181495	 0.296687	 0.248091	 0.0893476	 0.0176154	 2.86278e-06	 1.25808e-06	 4.503e-07	 1.7766e-07	 5.68168e-08	 9.20411e-09	 6.49429e-10	 2.89264e-11	 5.32523e-12	 2.31822e-12	 9.62099e-13	 3.57439e-13	 1.16479e-13	 3.24516e-14	 7.33884e-15	 	 # 0.0332	 0.1062	 0.1698	 0.3212	 0.1822	 0.112	 0.0644	 0.0079	 0.0023	 0.0001	 0	 0	 0	 0	 0	 0	 0	 0	 0	 0	 0	 0	 
1987	 1	 3	 2	 2	 0	 2	 100	 0.0213103	 0.0309983	 0.0768028	 0.380366	 0.328204	 0.128011	 0.0342964	 6.76251e-06	 2.90576e-06	 9.48257e-07	 3.147e-07	 8.6933e-08	 1.33715e-08	 9.28641e-10	 4.02625e-11	 8.08482e-12	 4.33362e-12	 2.25833e-12	 1.0315e-12	 3.91681e-13	 1.20982e-13	 2.97727e-14	 	 # 0.0058	 0.0147	 0.1182	 0.343	 0.2527	 0.1515	 0.0944	 0.0151	 0.0039	 0.0003	 0.0001	 0	 0	 0	 0	 0	 0	 0	 0	 0	 0	 0	 
1988	 1	 3	 2	 2	 0	 2	 100	 0.00834609	 0.0144852	 0.0433841	 0.334263	 0.335912	 0.176522	 0.087051	 2.17708e-05	 9.74729e-06	 3.40403e-06	 1.28779e-06	 3.99157e-07	 6.40072e-08	 4.50625e-09	 2.03623e-10	 4.12351e-11	 2.02011e-11	 9.61896e-12	 4.09094e-12	 1.48255e-12	 4.45167e-13	 1.07945e-13	 	 # 0.013	 0.0781	 0.1301	 0.2533	 0.2725	 0.14	 0.0889	 0.0194	 0.0041	 0.0001	 0	 0	 0	 0	 0	 0	 0	 0	 0	 0	 0	 0	 
1989	 1	 4	 2	 2	 0	 2	 100	 0.00909083	 0.0294983	 0.0721272	 0.31827	 0.338172	 0.150499	 0.0823147	 1.57531e-05	 7.34513e-06	 2.75317e-06	 1.40212e-06	 7.45734e-07	 1.47055e-07	 1.06492e-08	 5.40201e-10	 1.3714e-10	 7.28283e-11	 3.71265e-11	 1.66851e-11	 6.27293e-12	 1.9275e-12	 4.72934e-13	 	 # 0.0028	 0.017	 0.0711	 0.2551	 0.2757	 0.1805	 0.1411	 0.0484	 0.0054	 0.0018	 0.0007	 0	 0	 0	 0	 0	 0	 0	 0	 0	 0	 0	 
1990	 1	 4	 2	 2	 0	 2	 100	 0.0080076	 0.0276213	 0.0690646	 0.31527	 0.337313	 0.154026	 0.0886618	 1.84364e-05	 9.4719e-06	 4.13568e-06	 2.42774e-06	 1.37313e-06	 2.75135e-07	 2.01875e-08	 1.21688e-09	 4.39372e-10	 2.81726e-10	 1.65255e-10	 8.16287e-11	 3.24457e-11	 1.02989e-11	 2.60191e-12	 	 # 0.0045	 0.1064	 0.2134	 0.1517	 0.2111	 0.1479	 0.1108	 0.039	 0.0074	 0.0072	 0.0001	 0	 0	 0	 0	 0	 0	 0	 0	 0	 0	 0	 
1991	 1	 4	 2	 2	 0	 2	 100	 0.0265991	 0.066718	 0.12316	 0.27106	 0.294945	 0.137193	 0.0802912	 1.68199e-05	 8.73674e-06	 3.90981e-06	 2.35688e-06	 1.34848e-06	 2.71091e-07	 2.00738e-08	 1.39004e-09	 6.15374e-10	 4.28772e-10	 2.64599e-10	 1.34631e-10	 5.4388e-11	 1.74493e-11	 4.55214e-12	 	 # 0.0807	 0.0806	 0.0949	 0.2116	 0.2712	 0.1355	 0.0709	 0.027	 0.0014	 0.0004	 0	 0	 0	 0	 0	 0	 0	 0	 0	 0	 0	 0	 
1992	 1	 4	 2	 2	 0	 2	 100	 0.0433237	 0.107726	 0.187424	 0.28925	 0.252341	 0.0851583	 0.0347633	 6.82469e-06	 3.56947e-06	 1.61875e-06	 9.85715e-07	 5.66109e-07	 1.13916e-07	 8.44734e-09	 5.97677e-10	 2.73098e-10	 1.93109e-10	 1.20245e-10	 6.14971e-11	 2.49142e-11	 8.01849e-12	 2.14852e-12	 	 # 0.0506	 0.1323	 0.1749	 0.3419	 0.1773	 0.0529	 0.0409	 0.0116	 0.0016	 0.0001	 0.0001	 0	 0	 0	 0	 0	 0	 0	 0	 0	 0	 0	 
1993	 1	 4	 2	 2	 0	 2	 100	 0.0385019	 0.0984725	 0.176479	 0.316302	 0.264154	 0.0802279	 0.0258557	 4.20629e-06	 1.87813e-06	 6.70546e-07	 3.2907e-07	 1.72478e-07	 3.39193e-08	 2.49584e-09	 1.71723e-10	 7.75068e-11	 5.50869e-11	 3.44189e-11	 1.76378e-11	 7.15394e-12	 2.30492e-12	 6.2129e-13	 	 # 0.0755	 0.1487	 0.1913	 0.3159	 0.2053	 0.0497	 0.0066	 0.0024	 0.0002	 0	 0	 0	 0	 0	 0	 0	 0	 0	 0	 0	 0	 0	 
1994	 1	 4	 2	 2	 0	 2	 100	 0.0369756	 0.0946334	 0.170461	 0.314738	 0.268564	 0.0850423	 0.0295786	 4.81628e-06	 2.06713e-06	 6.73494e-07	 2.91747e-07	 1.42576e-07	 2.74759e-08	 1.98353e-09	 1.07213e-10	 3.36699e-11	 2.10032e-11	 1.21505e-11	 5.9563e-12	 2.35934e-12	 7.5029e-13	 2.00036e-13	 	 # 0.0741	 0.1354	 0.2411	 0.3252	 0.1457	 0.0477	 0.017	 0.0046	 0.0008	 0.0001	 0	 0	 0	 0	 0	 0	 0	 0	 0	 0	 0	 0	 
1995	 1	 4	 2	 2	 0	 2	 100	 0.0242258	 0.0678669	 0.133717	 0.347616	 0.29772	 0.0951035	 0.0337412	 5.59053e-06	 2.44096e-06	 8.21681e-07	 3.71092e-07	 1.85705e-07	 3.60259e-08	 2.60074e-09	 1.35252e-10	 3.80661e-11	 2.21051e-11	 1.21381e-11	 5.7518e-12	 2.23359e-12	 7.00376e-13	 1.7785e-13	 	 # 0.0156	 0.0886	 0.1905	 0.2747	 0.3092	 0.1032	 0.0143	 0.0017	 0.0006	 0.0003	 0	 0	 0	 0	 0	 0	 0	 0	 0	 0	 0	 0	 
1996	 1	 4	 2	 2	 0	 2	 100	 0.0162347	 0.0489206	 0.105036	 0.348197	 0.318423	 0.114355	 0.0488197	 8.51794e-06	 3.74164e-06	 1.26911e-06	 5.79168e-07	 2.9157e-07	 5.66621e-08	 4.09696e-09	 2.17879e-10	 6.44057e-11	 3.8347e-11	 2.14348e-11	 1.02752e-11	 4.01631e-12	 1.26336e-12	 3.19129e-13	 	 # 0.0123	 0.0074	 0.0763	 0.2773	 0.406	 0.1868	 0.0313	 0.002	 0.0005	 0.0001	 0	 0	 0	 0	 0	 0	 0	 0	 0	 0	 0	 0	 
1997	 1	 4	 2	 2	 0	 2	 100	 0.00236956	 0.0177567	 0.0593114	 0.361065	 0.351527	 0.139687	 0.0682608	 1.27057e-05	 5.87657e-06	 2.18467e-06	 1.107e-06	 5.87797e-07	 1.15889e-07	 8.4226e-09	 4.60284e-10	 1.41103e-10	 8.46214e-11	 4.75112e-11	 2.28423e-11	 8.94401e-12	 2.81691e-12	 7.14357e-13	 	 # 0.0096	 0.0137	 0.0384	 0.182	 0.471	 0.2444	 0.0375	 0.0024	 0.0004	 0	 0	 0	 0	 0	 0	 0	 0	 0	 0	 0	 0	 0	 
1998	 1	 4	 2	 2	 0	 2	 100	 0.0107626	 0.0272781	 0.0612454	 0.253554	 0.338514	 0.18738	 0.12122	 2.44954e-05	 1.18939e-05	 4.78264e-06	 2.62118e-06	 1.44213e-06	 2.8699e-07	 2.09956e-08	 1.24055e-09	 4.37612e-10	 2.79447e-10	 1.63611e-10	 8.07386e-11	 3.20792e-11	 1.01882e-11	 2.60413e-12	 	 # 0.0349	 0.0161	 0.0351	 0.1951	 0.3439	 0.1759	 0.1742	 0.0219	 0.0004	 0.0001	 0	 0	 0	 0	 0	 0	 0	 0	 0	 0	 0	 0	 
1999	 1	 4	 2	 2	 0	 2	 100	 0.076708	 0.176128	 0.277749	 0.173315	 0.174373	 0.0766048	 0.0450992	 1.06258e-05	 6.19141e-06	 3.13983e-06	 2.04549e-06	 1.20128e-06	 2.42902e-07	 1.79344e-08	 1.1588e-09	 4.64405e-10	 3.10878e-10	 1.87381e-10	 9.40743e-11	 3.77332e-11	 1.20563e-11	 3.12923e-12	 	 # 0.0898	 0.178	 0.1323	 0.1525	 0.2029	 0.0929	 0.0716	 0.0516	 0.0218	 0.0041	 0	 0	 0	 0	 0	 0	 0	 0	 0	 0	 0	 0	 
2000	 1	 4	 2	 2	 0	 2	 100	 0.0394018	 0.102524	 0.184694	 0.3338	 0.259504	 0.0666723	 0.0133991	 1.86776e-06	 9.26082e-07	 4.08254e-07	 2.47155e-07	 1.4204e-07	 2.86143e-08	 2.15164e-09	 1.82812e-10	 9.94699e-11	 7.37847e-11	 4.70902e-11	 2.44008e-11	 9.95163e-12	 3.21168e-12	 8.50833e-13	 	 # 0.053	 0.0762	 0.1469	 0.2853	 0.2292	 0.1393	 0.0573	 0.0089	 0.0018	 0.0007	 0	 0	 0	 0	 0	 0	 0	 0	 0	 0	 0	 0	 
2001	 1	 4	 2	 2	 0	 2	 100	 0.0231051	 0.0653384	 0.130307	 0.351514	 0.30108	 0.0956058	 0.0330419	 5.17018e-06	 2.08707e-06	 5.91941e-07	 2.04421e-07	 8.47928e-08	 1.55e-08	 1.10428e-09	 6.1749e-11	 2.29541e-11	 1.61332e-11	 1.00686e-11	 5.16083e-12	 2.09524e-12	 6.77661e-13	 1.90546e-13	 	 # 0.0122	 0.0337	 0.1464	 0.3487	 0.0893	 0.2244	 0.1261	 0.0144	 0.0039	 0.0002	 0	 0	 0	 0	 0	 0	 0	 0	 0	 0	 0	 0	 
2002	 1	 4	 2	 2	 0	 2	 100	 0.0354796	 0.0893166	 0.160345	 0.297239	 0.274214	 0.0999091	 0.0434831	 7.61997e-06	 3.34214e-06	 1.12568e-06	 5.07313e-07	 2.53417e-07	 4.9126e-08	 3.53418e-09	 1.71494e-10	 3.97942e-11	 2.02733e-11	 9.97876e-12	 4.36537e-12	 1.61352e-12	 4.91841e-13	 1.24277e-13	 	 # 0.0278	 0.0769	 0.0965	 0.2037	 0.2157	 0.2532	 0.1152	 0.0088	 0.0005	 0	 0	 0	 0	 0	 0	 0	 0	 0	 0	 0	 0	 0	 
2003	 1	 4	 2	 2	 0	 2	 100	 0.0906336	 0.207027	 0.324008	 0.16996	 0.145217	 0.0464255	 0.0167233	 2.9016e-06	 1.34569e-06	 5.05792e-07	 2.59204e-07	 1.3836e-07	 2.73163e-08	 1.98608e-09	 1.08515e-10	 3.30842e-11	 1.97123e-11	 1.10094e-11	 5.27426e-12	 2.0607e-12	 6.47675e-13	 1.61958e-13	 	 # 0.0556	 0.1349	 0.1017	 0.2487	 0.2513	 0.1351	 0.0509	 0.0067	 0.0006	 0.0001	 0	 0	 0	 0	 0	 0	 0	 0	 0	 0	 0	 0	 
2004	 1	 4	 2	 2	 0	 2	 100	 0.00650304	 0.0347067	 0.0933348	 0.432116	 0.333985	 0.0841487	 0.0152031	 1.78914e-06	 7.66132e-07	 2.60466e-07	 1.19672e-07	 6.05138e-08	 1.17775e-08	 8.55271e-10	 4.90803e-11	 1.69448e-11	 1.08789e-11	 6.39713e-12	 3.16513e-12	 1.25941e-12	 4.00309e-13	 1.02342e-13	 	 # 0.0267	 0.2492	 0.4096	 0.1616	 0.1138	 0.029	 0.0056	 0.0009	 0.0004	 0.0002	 0	 0	 0	 0	 0	 0	 0	 0	 0	 0	 0	 0	 
2005	 1	 4	 2	 2	 0	 2	 100	 0.00920724	 0.0262682	 0.0650175	 0.301098	 0.345193	 0.162865	 0.0903264	 1.57393e-05	 6.35222e-06	 1.76817e-06	 5.85116e-07	 2.33107e-07	 4.19591e-08	 2.95051e-09	 1.36264e-10	 3.33361e-11	 1.98287e-11	 1.11664e-11	 5.38074e-12	 2.11014e-12	 6.6583e-13	 1.71116e-13	 	 # 0.0112	 0.0513	 0.077	 0.2499	 0.3247	 0.2117	 0.0549	 0.0162	 0.0018	 0.0001	 0	 0	 0	 0	 0	 0	 0	 0	 0	 0	 0	 0	 
2006	 1	 4	 2	 2	 0	 2	 100	 0.0203445	 0.0549168	 0.106894	 0.283723	 0.305683	 0.142962	 0.0854403	 1.85901e-05	 9.90364e-06	 4.4696e-06	 2.6632e-06	 1.51196e-06	 3.03032e-07	 2.20302e-08	 1.11158e-09	 2.68147e-10	 1.33972e-10	 6.44223e-11	 2.76379e-11	 1.00788e-11	 3.04123e-12	 7.43106e-13	 	 # 0.0336	 0.0613	 0.1478	 0.2971	 0.1571	 0.1015	 0.1334	 0.0594	 0.0051	 0.0025	 0.0009	 0	 0	 0	 0	 0	 0	 0	 0	 0	 0	 0	 
2007	 1	 4	 2	 2	 0	 2	 100	 0.00458632	 0.0248419	 0.0719905	 0.377006	 0.342182	 0.12367	 0.0557005	 1.11461e-05	 5.83578e-06	 2.66663e-06	 1.64036e-06	 9.46357e-07	 1.90685e-07	 1.41892e-08	 1.04237e-09	 4.88749e-10	 3.44466e-10	 2.13584e-10	 1.08894e-10	 4.40135e-11	 1.40938e-11	 3.56964e-12	 	 # 0.0054	 0.0134	 0.0382	 0.09	 0.3	 0.3512	 0.1688	 0.0263	 0.0047	 0.001	 0.0003	 0	 0.0001	 0	 0	 0	 0	 0	 0	 0	 0	 0	 
2008	 1	 4	 2	 2	 0	 2	 100	 0.0721456	 0.162165	 0.254821	 0.160326	 0.193806	 0.0978887	 0.0588274	 1.13273e-05	 5.25167e-06	 1.97839e-06	 1.02786e-06	 5.53431e-07	 1.09605e-07	 8.08616e-09	 5.64784e-10	 2.59122e-10	 1.85224e-10	 1.16154e-10	 5.96585e-11	 2.42331e-11	 7.81965e-12	 2.12299e-12	 	 # 0.0828	 0.132	 0.0774	 0.1573	 0.1651	 0.2078	 0.1158	 0.029	 0.0081	 0.0008	 0.0001	 0	 0.0001	 0	 0	 0	 0	 0	 0	 0	 0	 0	 
2009	 1	 4	 2	 2	 0	 2	 100	 0.0929015	 0.213368	 0.334602	 0.178139	 0.13811	 0.0355074	 0.00737012	 1.1524e-06	 6.25321e-07	 2.975e-07	 1.85438e-07	 1.0719e-07	 2.15882e-08	 1.58588e-09	 9.58461e-11	 3.49181e-11	 2.26094e-11	 1.33708e-11	 6.64218e-12	 2.6505e-12	 8.46559e-13	 2.27042e-13	 	 # 0.0825	 0.1413	 0.1731	 0.1732	 0.2978	 0.0964	 0.0263	 0.0043	 0.0006	 0.0003	 0.0001	 0	 0	 0	 0	 0	 0	 0	 0	 0	 0	 0	 
2010	 1	 4	 2	 2	 0	 2	 100	 0.00871839	 0.0391712	 0.0993134	 0.425436	 0.329297	 0.0831029	 0.0149588	 1.66908e-06	 6.57797e-07	 1.87091e-07	 6.53839e-08	 2.74434e-08	 5.04037e-09	 3.62184e-10	 2.28564e-11	 9.87335e-12	 7.10642e-12	 4.47251e-12	 2.29994e-12	 9.34176e-13	 3.00561e-13	 7.85956e-14	 	 # 0.0392	 0.0424	 0.0952	 0.4397	 0.3196	 0.0355	 0.0185	 0.0028	 0.0002	 0	 0	 0	 0	 0	 0	 0	 0	 0	 0	 0	 0	 0	 
2011	 1	 4	 2	 2	 0	 2	 100	 0.0107378	 0.0309131	 0.0730506	 0.309363	 0.33989	 0.153664	 0.0823588	 1.42744e-05	 5.76341e-06	 1.60508e-06	 5.30706e-07	 2.11147e-07	 3.79793e-08	 2.66171e-09	 1.13964e-10	 2.141e-11	 1.08124e-11	 5.35652e-12	 2.35674e-12	 8.74708e-13	 2.67715e-13	 6.90642e-14	 	 # 0.0693	 0.0782	 0.1322	 0.2352	 0.2019	 0.1239	 0.0863	 0.0578	 0.0113	 0.0017	 0	 0	 0	 0	 0	 0	 0	 0	 0	 0	 0	 0	 
2012	 1	 4	 2	 2	 0	 2	 100	 0.0307663	 0.0774713	 0.139556	 0.27129	 0.282837	 0.126228	 0.0718214	 1.51556e-05	 7.88089e-06	 3.45373e-06	 2.01402e-06	 1.13412e-06	 2.26858e-07	 1.64823e-08	 8.29543e-10	 1.99381e-10	 9.95405e-11	 4.78338e-11	 2.05082e-11	 7.47469e-12	 2.25321e-12	 5.45083e-13	 	 # 0.0348	 0.0961	 0.182	 0.27	 0.1485	 0.0587	 0.0901	 0.094	 0.0183	 0.0031	 0.0001	 0.0005	 0	 0	 0	 0	 0	 0	 0	 0	 0	 0	 
2013	 1	 4	 2	 2	 0	 2	 100	 0.00700701	 0.0319573	 0.0844306	 0.391303	 0.335412	 0.108751	 0.0411237	 7.73558e-06	 3.94712e-06	 1.74096e-06	 1.04055e-06	 5.93718e-07	 1.19295e-07	 8.84534e-09	 6.23584e-10	 2.79818e-10	 1.94647e-10	 1.1983e-10	 6.08564e-11	 2.45481e-11	 7.85254e-12	 1.98749e-12	 	 # 0.0494	 0.2013	 0.1648	 0.1738	 0.1701	 0.1181	 0.088	 0.0255	 0.0021	 0.0002	 0.0006	 0	 0.0001	 0	 0	 0	 0	 0	 0	 0	 0	 0	 
2014	 1	 4	 2	 2	 0	 2	 100	 0.0182796	 0.0467889	 0.0941812	 0.283449	 0.32078	 0.15115	 0.0853437	 1.57709e-05	 6.98021e-06	 2.41019e-06	 1.13437e-06	 5.8175e-07	 1.13717e-07	 8.32999e-09	 5.47879e-10	 2.35529e-10	 1.65459e-10	 1.02779e-10	 5.25106e-11	 2.12687e-11	 6.84834e-12	 1.8422e-12	 	 # 0.0352	 0.065	 0.0457	 0.2203	 0.3331	 0.1732	 0.0852	 0.0305	 0.0005	 0.0001	 0.0001	 0	 0	 0	 0	 0	 0	 0	 0	 0	 0	 0	 
2015	 1	 4	 2	 2	 0	 2	 100	 0.0799441	 0.183698	 0.290109	 0.181931	 0.168965	 0.0641803	 0.0311594	 6.48795e-06	 3.44095e-06	 1.55802e-06	 9.35506e-07	 5.33185e-07	 1.07002e-07	 7.82512e-09	 4.42397e-10	 1.42566e-10	 8.70428e-11	 4.95099e-11	 2.40127e-11	 9.45373e-12	 2.99423e-12	 7.89998e-13	 	 # 0.066	 0.1928	 0.2924	 0.2442	 0.126	 0.0506	 0.0239	 0.0011	 0	 0.0015	 0	 0	 0	 0	 0	 0	 0	 0	 0	 0	 0	 0	 
2016	 1	 4	 2	 2	 0	 2	 100	 0.0685864	 0.162888	 0.266299	 0.248871	 0.19365	 0.0497835	 0.00992007	 1.31581e-06	 6.09393e-07	 2.38915e-07	 1.29517e-07	 7.1097e-08	 1.41522e-08	 1.04768e-09	 7.49033e-11	 3.45747e-11	 2.44258e-11	 1.51748e-11	 7.74409e-12	 3.13084e-12	 1.00332e-12	 2.58436e-13	 	 # 0.03	 0.1764	 0.2249	 0.3199	 0.1747	 0.0557	 0.0132	 0.0004	 0	 0	 0	 0	 0	 0	 0	 0	 0	 0	 0	 0	 0	 0	 
2017	 1	 4	 2	 2	 0	 2	 100	 0.0588021	 0.141946	 0.237205	 0.271829	 0.216888	 0.059132	 0.0141956	 1.91839e-06	 7.67559e-07	 2.17558e-07	 7.49131e-08	 3.0977e-08	 5.65487e-09	 4.01159e-10	 2.06393e-11	 6.48312e-12	 4.26763e-12	 2.56349e-12	 1.2854e-12	 5.15576e-13	 1.65195e-13	 4.44953e-14	 	 # 0.0314	 0.122	 0.1841	 0.454	 0.1551	 0.0434	 0.008	 0.0008	 0.0001	 0.0001	 0	 0	 0	 0	 0	 0	 0	 0	 0	 0	 0	 0	 
2018	 1	 4	 2	 2	 0	 2	 100	 0.00598446	 0.0316735	 0.0868702	 0.416415	 0.337609	 0.0956729	 0.0257696	 3.72711e-06	 1.52835e-06	 4.54429e-07	 1.70278e-07	 7.53923e-08	 1.40862e-08	 1.00076e-09	 4.58416e-11	 9.71593e-12	 4.91389e-12	 2.41449e-12	 1.05472e-12	 3.89408e-13	 1.18517e-13	 2.95209e-14	 	 # 0.0108	 0.0056	 0.0668	 0.4952	 0.332	 0.0725	 0.0158	 0.0005	 0	 0.0001	 0	 0	 0	 0	 0	 0	 0	 0	 0	 0	 0	 0	 
2019	 1	 4	 2	 2	 0	 2	 100	 0.117211	 0.259957	 0.3932	 0.0755755	 0.0878497	 0.0422333	 0.0239664	 4.30022e-06	 1.80917e-06	 5.55871e-07	 2.20035e-07	 1.01398e-07	 1.91917e-08	 1.37092e-09	 6.55056e-11	 1.53746e-11	 8.18309e-12	 4.19839e-12	 1.89588e-12	 7.14864e-13	 2.2003e-13	 5.41179e-14	 	 # 0.0055	 0.005	 0.0166	 0.0658	 0.3765	 0.4214	 0.1055	 0.003	 0	 0.0003	 0	 0	 0	 0	 0	 0	 0	 0	 0	 0	 0	 0	 
2021	 1	 4	 2	 2	 0	 2	 100	 0.105785	 0.235202	 0.358574	 0.100806	 0.115464	 0.0542755	 0.0298851	 5.13315e-06	 2.02603e-06	 5.31984e-07	 1.54192e-07	 5.3136e-08	 8.99848e-09	 6.21494e-10	 2.90212e-11	 8.62212e-12	 6.01225e-12	 3.7433e-12	 1.91324e-12	 7.74397e-13	 2.48296e-13	 6.34021e-14	 	 # 0.3472	 0.2038	 0.1222	 0.0822	 0.0941	 0.0641	 0.033	 0.0271	 0.0068	 0.0045	 0	 0	 0	 0	 0	 0	 0	 0	 0	 0	 0	 0	 
2022	 1	 4	 2	 2	 0	 2	 100	 0.0400724	 0.104798	 0.188755	 0.338936	 0.257003	 0.0616255	 0.00880771	 9.37175e-07	 4.77049e-07	 2.14409e-07	 1.27277e-07	 7.21396e-08	 1.44515e-08	 1.04921e-09	 5.15909e-11	 1.14788e-11	 5.33283e-12	 2.37273e-12	 9.49019e-13	 3.28944e-13	 9.60763e-14	 2.31843e-14	 	 # 0.0364	 0.1289	 0.069	 0.3134	 0.3467	 0.0895	 0.0072	 0.0005	 0.0001	 0	 0	 0	 0	 0	 0	 0	 0	 0	 0	 0	 0	 0	 
2023	 1	 4	 2	 2	 0	 2	 100	 0.0622641	 0.147349	 0.242433	 0.246708	 0.211289	 0.0669726	 0.0229791	 3.54061e-06	 1.39681e-06	 3.72968e-07	 1.12859e-07	 4.098e-08	 7.10638e-09	 4.96198e-10	 2.5019e-11	 8.23712e-12	 5.72134e-12	 3.54265e-12	 1.80491e-12	 7.29233e-13	 2.3341e-13	 5.88926e-14	 	 # 0.0666	 0.221	 0.1688	 0.1856	 0.2316	 0.0783	 0.0168	 0.0048	 0.0052	 0.0006	 0	 0	 0	 0	 0	 0	 0	 0	 0	 0	 0	 0	 
2024	 1	 4	 2	 2	 0	 2	 100	 0.0175251	 0.0561865	 0.120663	 0.387316	 0.310468	 0.0859389	 0.0218968	 3.20452e-06	 1.39046e-06	 4.67302e-07	 2.09867e-07	 1.04607e-07	 2.02647e-08	 1.45594e-09	 6.88696e-11	 1.46769e-11	 6.94808e-12	 3.17375e-12	 1.30168e-12	 4.59865e-13	 1.36115e-13	 3.33733e-14	 	 # 0.0223	 0.1684	 0.1557	 0.2097	 0.2058	 0.0603	 0.0984	 0.0683	 0.009	 0.0005	 0.0012	 0.0001	 0	 0	 0	 0	 0	 0	 0	 0	 0	 0	 
2025	 1	 4	 2	 2	 0	 2	 100	 0.00194388	 0.0162466	 0.0573349	 0.364602	 0.355079	 0.139286	 0.0654898	 1.12726e-05	 4.69214e-06	 1.41536e-06	 5.4488e-07	 2.4632e-07	 4.63471e-08	 3.31326e-09	 1.66705e-10	 4.58888e-11	 2.71552e-11	 1.51423e-11	 7.24652e-12	 2.8294e-12	 8.88712e-13	 2.21373e-13	 	 # 0.0068	 0.017	 0.0351	 0.2084	 0.3516	 0.1874	 0.1353	 0.0535	 0.0037	 0.0001	 0	 0	 0	 0	 0	 0	 0	 0	 0	 0	 0	 0	 
1982	 1	 3	 1	 2	 0	 2	 100	 0.0082344	 0.015447	 0.0559604	 0.193884	 0.10061	 0.132044	 0.133709	 0.106573	 0.0890326	 0.0540007	 0.0294247	 0.0271207	 0.0323407	 0.0146157	 0.0037246	 0.00113464	 0.000608993	 0.000395785	 0.000337677	 0.000303518	 0.000271908	 0.000225035	 	 # 0.0011	 0.0011	 0.0023	 0.0122	 0.0531	 0.1184	 0.1568	 0.1399	 0.1205	 0.1133	 0.1008	 0.0704	 0.0484	 0.0313	 0.0185	 0.0086	 0.0022	 0.0007	 0.0001	 0	 0	 0	 
1983	 1	 3	 1	 2	 0	 2	 100	 0.0568226	 0.12699	 0.135727	 0.0430981	 0.0734132	 0.110408	 0.116889	 0.0860537	 0.0630233	 0.0495689	 0.0409251	 0.0345109	 0.0259548	 0.0175461	 0.00954783	 0.00462988	 0.00289976	 0.00138515	 0.000491731	 9.93116e-05	 1.28098e-05	 2.63834e-06	 	 # 0.0546	 0.0798	 0.0108	 0.0163	 0.0484	 0.0845	 0.1289	 0.1409	 0.1127	 0.0737	 0.0579	 0.054	 0.0546	 0.0454	 0.023	 0.0095	 0.0038	 0.001	 0.0002	 0	 0	 0	 
1984	 1	 3	 1	 2	 0	 2	 100	 0.0302039	 0.0947471	 0.156858	 0.206011	 0.141508	 0.0695787	 0.0517532	 0.0565241	 0.0471892	 0.0379129	 0.0300805	 0.024038	 0.0188568	 0.0151694	 0.00997965	 0.00491009	 0.00271156	 0.0012508	 0.000526996	 0.000152527	 3.08876e-05	 6.60511e-06	 	 # 0.0606	 0.1003	 0.0995	 0.142	 0.1895	 0.0649	 0.042	 0.0407	 0.0419	 0.0367	 0.038	 0.0349	 0.0319	 0.032	 0.0222	 0.0115	 0.007	 0.0033	 0.001	 0.0002	 0	 0	 
1985	 1	 3	 1	 2	 0	 2	 100	 0.0387999	 0.0980835	 0.136883	 0.153064	 0.148755	 0.128269	 0.113098	 0.0673682	 0.0302568	 0.0184912	 0.0161051	 0.0149774	 0.0125954	 0.0102471	 0.00660657	 0.00318085	 0.00177743	 0.000872935	 0.000406679	 0.000129506	 2.71487e-05	 5.59698e-06	 	 # 0.0431	 0.099	 0.1042	 0.1675	 0.1208	 0.0808	 0.0774	 0.0627	 0.0348	 0.0318	 0.0364	 0.0369	 0.0331	 0.0265	 0.0194	 0.0124	 0.0075	 0.004	 0.0014	 0.0003	 0	 0	 
1986	 1	 3	 1	 2	 0	 2	 100	 0.0386469	 0.10164	 0.143693	 0.152478	 0.13151	 0.104982	 0.103602	 0.082026	 0.0506257	 0.0337246	 0.0222113	 0.0136127	 0.00809026	 0.00556536	 0.00361656	 0.00188865	 0.00113275	 0.000577115	 0.000270947	 8.52405e-05	 1.7481e-05	 3.57825e-06	 	 # 0.0505	 0.1731	 0.1123	 0.1261	 0.1046	 0.1127	 0.1038	 0.0718	 0.0411	 0.0318	 0.0234	 0.0169	 0.01	 0.0073	 0.006	 0.0044	 0.0025	 0.0013	 0.0004	 0.0001	 0	 0	 
1987	 1	 3	 1	 2	 0	 2	 100	 0.00302258	 0.0292815	 0.0828988	 0.195128	 0.168844	 0.130446	 0.119077	 0.0879903	 0.053539	 0.0388296	 0.030427	 0.0229601	 0.0160192	 0.0111321	 0.00610989	 0.00244248	 0.00111996	 0.000463789	 0.000193504	 5.87822e-05	 1.23127e-05	 2.64505e-06	 	 # 0.0033	 0.03	 0.1634	 0.2292	 0.1611	 0.1042	 0.1107	 0.0723	 0.0402	 0.025	 0.0199	 0.013	 0.0089	 0.008	 0.0053	 0.0032	 0.0015	 0.0006	 0.0002	 0	 0	 0	 
1988	 1	 3	 1	 2	 0	 2	 100	 0.0219685	 0.0496391	 0.0642155	 0.0782875	 0.112625	 0.142197	 0.165954	 0.124539	 0.0733051	 0.0503867	 0.0375527	 0.0276927	 0.0197454	 0.0147992	 0.00916273	 0.00421617	 0.00219461	 0.000979355	 0.000405535	 0.000111503	 1.92555e-05	 3.06898e-06	 	 # 0.0031	 0.0462	 0.0802	 0.1239	 0.1405	 0.1583	 0.1376	 0.104	 0.0572	 0.0479	 0.0338	 0.0261	 0.0149	 0.0113	 0.0072	 0.0044	 0.002	 0.0009	 0.0004	 0.0001	 0	 0	 
1989	 1	 4	 1	 2	 0	 2	 100	 0.00614012	 0.0288152	 0.0613361	 0.0895983	 0.0921795	 0.0812115	 0.098308	 0.117164	 0.109624	 0.0967961	 0.0771734	 0.0550863	 0.0351081	 0.0231936	 0.0146146	 0.00849429	 0.0034204	 0.00127252	 0.000399272	 6.43404e-05	 0	 0	 	 # 0.0005	 0.0042	 0.0306	 0.1073	 0.111	 0.1026	 0.0977	 0.0977	 0.1198	 0.116	 0.0827	 0.0566	 0.0345	 0.0213	 0.0111	 0.0043	 0.0015	 0.0004	 0.0001	 0	 0	 0	 
1990	 1	 4	 1	 2	 0	 2	 100	 0.00665446	 0.026783	 0.05367	 0.0835147	 0.105389	 0.101252	 0.0996434	 0.0866969	 0.0627768	 0.0508951	 0.0482833	 0.0512515	 0.0519846	 0.052725	 0.0481646	 0.0397932	 0.021343	 0.00763274	 0.00145165	 9.60307e-05	 0	 0	 	 # 0.0031	 0.0264	 0.0521	 0.0514	 0.0829	 0.1106	 0.1127	 0.0901	 0.07	 0.0507	 0.0427	 0.0461	 0.0526	 0.0752	 0.0679	 0.0415	 0.0172	 0.0054	 0.0012	 0.0001	 0	 0	 
1991	 1	 4	 1	 2	 0	 2	 100	 0.0243994	 0.0824073	 0.12045	 0.0716153	 0.0888885	 0.0905512	 0.0974564	 0.0891319	 0.065083	 0.0500261	 0.0409159	 0.0353731	 0.0316968	 0.0323521	 0.0316595	 0.0275821	 0.0150632	 0.00499423	 0.00028243	 0	 5.4197e-05	 1.6784e-05	 	 # 0.0506	 0.0613	 0.0776	 0.1282	 0.1384	 0.0975	 0.1142	 0.0928	 0.0513	 0.0268	 0.0245	 0.0243	 0.0298	 0.0399	 0.0245	 0.0111	 0.0049	 0.0022	 0.0001	 0	 0	 0	 
1992	 1	 4	 1	 2	 0	 2	 100	 0.0262137	 0.0996429	 0.170764	 0.161428	 0.147628	 0.0885452	 0.0630275	 0.0559915	 0.0427422	 0.0339993	 0.0277171	 0.0224899	 0.017235	 0.0140687	 0.0112923	 0.00893776	 0.00519155	 0.00241452	 0.000670999	 0	 0	 0	 	 # 0.0325	 0.0864	 0.1156	 0.2292	 0.2398	 0.0896	 0.0514	 0.0442	 0.0308	 0.0181	 0.0194	 0.0142	 0.0098	 0.0072	 0.0047	 0.0034	 0.0021	 0.0011	 0.0003	 0	 0	 0	 
1993	 1	 4	 1	 2	 0	 2	 100	 0.0016876	 0.0242288	 0.0860141	 0.205758	 0.21794	 0.163102	 0.12334	 0.0810463	 0.0365702	 0.0160495	 0.00947306	 0.00836706	 0.00760091	 0.00671684	 0.00514054	 0.0033388	 0.00171751	 0.00117077	 0.000620813	 0.00011734	 0	 0	 	 # 0.0338	 0.0985	 0.1235	 0.1913	 0.1713	 0.157	 0.11	 0.0637	 0.0232	 0.0103	 0.0056	 0.0041	 0.0025	 0.0021	 0.0014	 0.0009	 0.0004	 0.0003	 0.0002	 0	 0	 0	 
1994	 1	 4	 1	 2	 0	 2	 100	 0.0038982	 0.0139739	 0.0310986	 0.0745228	 0.135255	 0.179308	 0.196332	 0.153348	 0.0877031	 0.0497786	 0.0293834	 0.0176899	 0.0102618	 0.00656499	 0.00441052	 0.00320868	 0.00185942	 0.000967562	 0.000365877	 6.89128e-05	 0	 0	 	 # 0.0259	 0.0894	 0.12	 0.1539	 0.1339	 0.134	 0.1242	 0.0907	 0.0551	 0.0331	 0.0185	 0.0101	 0.0042	 0.0032	 0.0016	 0.0013	 0.0005	 0.0003	 0.0001	 0	 0	 0	 
1995	 1	 4	 1	 2	 0	 2	 100	 0.00211901	 0.0110897	 0.0263989	 0.049299	 0.0684672	 0.0926692	 0.136661	 0.160659	 0.138869	 0.109393	 0.0786959	 0.0518542	 0.0304648	 0.018584	 0.0114462	 0.00739564	 0.00368964	 0.00158634	 0.000529284	 0.000123293	 4.85036e-06	 0	 	 # 0.0056	 0.0218	 0.0368	 0.0632	 0.129	 0.1607	 0.1585	 0.1467	 0.1076	 0.0769	 0.0402	 0.0245	 0.0135	 0.008	 0.004	 0.0019	 0.0006	 0.0003	 0.0001	 0	 0	 0	 
1996	 1	 4	 1	 2	 0	 2	 100	 0.00273253	 0.0114297	 0.0248255	 0.0451503	 0.0627015	 0.0719035	 0.087789	 0.0978791	 0.095186	 0.096451	 0.0954816	 0.088157	 0.0712237	 0.0565123	 0.0413876	 0.0287482	 0.014343	 0.00592331	 0.00182322	 0.000351695	 0	 0	 	 # 0.0011	 0.0031	 0.0148	 0.0327	 0.0476	 0.0823	 0.1184	 0.1335	 0.1332	 0.1128	 0.0931	 0.0791	 0.0594	 0.0449	 0.0237	 0.0125	 0.0052	 0.0018	 0.0005	 0.0001	 0	 0	 
1997	 1	 4	 1	 2	 0	 2	 100	 0.0109178	 0.0376419	 0.0575548	 0.043912	 0.0572891	 0.06284	 0.0749875	 0.0789265	 0.0678667	 0.0618811	 0.0630744	 0.0695396	 0.0720999	 0.0744646	 0.0691005	 0.0565978	 0.0295172	 0.0101709	 0.00158569	 2.62123e-05	 3.84982e-06	 2.16177e-06	 	 # 0.0008	 0.0022	 0.0079	 0.0242	 0.0463	 0.0611	 0.0698	 0.0857	 0.0844	 0.0989	 0.0977	 0.1041	 0.0998	 0.0934	 0.0646	 0.0359	 0.0166	 0.0056	 0.0008	 0	 0	 0	 
1998	 1	 4	 1	 2	 0	 2	 100	 0.0151506	 0.0602526	 0.109909	 0.123652	 0.119816	 0.0817917	 0.0691825	 0.0665387	 0.0520123	 0.0415885	 0.038295	 0.040457	 0.0410419	 0.0423063	 0.0389911	 0.0296438	 0.0148316	 0.00879545	 0.00477767	 0.000966068	 0	 0	 	 # 0.0122	 0.0123	 0.0253	 0.0848	 0.1856	 0.1185	 0.1078	 0.0915	 0.0648	 0.0396	 0.0346	 0.0378	 0.0473	 0.0538	 0.0427	 0.0239	 0.0099	 0.0052	 0.0021	 0.0003	 0	 0	 
1999	 1	 4	 1	 2	 0	 2	 100	 0.0207196	 0.0773913	 0.132766	 0.136901	 0.149924	 0.121875	 0.101392	 0.0742579	 0.0436064	 0.0292894	 0.0230884	 0.0191525	 0.0150082	 0.0127666	 0.011582	 0.011475	 0.00889724	 0.00587405	 0.00290511	 0.000983962	 0.000144034	 0	 	 # 0.0566	 0.1241	 0.0861	 0.074	 0.1137	 0.119	 0.1271	 0.113	 0.0629	 0.0304	 0.0192	 0.0139	 0.0117	 0.0128	 0.012	 0.0091	 0.0064	 0.0048	 0.0023	 0.0007	 0.0001	 0	 
2000	 1	 4	 1	 2	 0	 2	 100	 0.0167514	 0.0665467	 0.123454	 0.150826	 0.16339	 0.13044	 0.109215	 0.0825359	 0.050213	 0.033162	 0.0238194	 0.0175272	 0.0120723	 0.00868084	 0.00570249	 0.00300583	 0.00108277	 0.000790882	 0.000583751	 0.000200058	 0	 0	 	 # 0.0193	 0.0533	 0.0909	 0.1524	 0.1417	 0.1766	 0.1721	 0.0901	 0.0384	 0.0218	 0.0165	 0.012	 0.0067	 0.004	 0.0021	 0.0009	 0.0003	 0.0003	 0.0002	 0.0001	 0	 0	 
2001	 1	 4	 1	 2	 0	 2	 100	 0.00316247	 0.0226031	 0.0666264	 0.145372	 0.16494	 0.143495	 0.132667	 0.109142	 0.0707361	 0.0472474	 0.0325077	 0.0221279	 0.0141175	 0.00966044	 0.0066827	 0.00471209	 0.00251977	 0.00116814	 0.000414571	 9.53276e-05	 6.86268e-07	 0	 	 # 0.0045	 0.0075	 0.0731	 0.1285	 0.0479	 0.082	 0.1366	 0.1464	 0.14	 0.105	 0.0646	 0.0331	 0.0156	 0.0074	 0.0039	 0.0025	 0.0009	 0.0004	 0.0001	 0	 0	 0	 
2002	 1	 4	 1	 2	 0	 2	 100	 0.0324362	 0.104041	 0.140112	 0.053887	 0.0890788	 0.114631	 0.12592	 0.101265	 0.064183	 0.04501	 0.0362703	 0.0310531	 0.0241628	 0.0182883	 0.0117598	 0.0058069	 0.00156273	 0.000392968	 0.000122233	 1.75538e-05	 0	 0	 	 # 0.0074	 0.0232	 0.0357	 0.0804	 0.0787	 0.1196	 0.1011	 0.1018	 0.0731	 0.0751	 0.0615	 0.0633	 0.0746	 0.0587	 0.031	 0.0114	 0.0028	 0.0006	 0.0001	 0	 0	 0	 
2003	 1	 4	 1	 2	 0	 2	 100	 0.021806	 0.0883195	 0.16078	 0.171026	 0.147934	 0.0787716	 0.0536264	 0.0572204	 0.05069	 0.0425293	 0.0338362	 0.0259585	 0.0190796	 0.0155289	 0.0127892	 0.0103863	 0.00602491	 0.0027462	 0.000830908	 0.000115428	 0	 0	 	 # 0.0232	 0.0801	 0.1227	 0.1205	 0.2104	 0.1203	 0.0885	 0.058	 0.0482	 0.0334	 0.0264	 0.0192	 0.0153	 0.014	 0.0105	 0.0048	 0.0028	 0.0013	 0.0004	 0	 0	 0	 
2004	 1	 4	 1	 2	 0	 2	 100	 0.0182602	 0.0712674	 0.131991	 0.166054	 0.183602	 0.139278	 0.10284	 0.0646732	 0.0307182	 0.0171595	 0.0131912	 0.0121003	 0.0112784	 0.0112538	 0.0103052	 0.0086037	 0.00487436	 0.00200626	 0.000491931	 5.20455e-05	 0	 0	 	 # 0.0175	 0.1217	 0.2555	 0.1362	 0.1237	 0.1002	 0.0788	 0.0869	 0.0399	 0.0121	 0.0085	 0.0055	 0.0028	 0.0035	 0.0029	 0.002	 0.0014	 0.0007	 0.0002	 0	 0	 0	 
2005	 1	 4	 1	 2	 0	 2	 100	 0.0180035	 0.0688326	 0.121727	 0.135903	 0.152663	 0.133267	 0.123097	 0.0978661	 0.0586677	 0.0347684	 0.0206076	 0.0119131	 0.00659391	 0.00431662	 0.00334289	 0.00306419	 0.00233223	 0.00160357	 0.00089708	 0.000401582	 0.000125565	 5.28844e-06	 	 # 0.0062	 0.0247	 0.0353	 0.127	 0.1425	 0.1345	 0.127	 0.1605	 0.1103	 0.0442	 0.0286	 0.0277	 0.018	 0.0078	 0.0026	 0.0014	 0.0007	 0.0006	 0.0004	 0.0002	 0	 0	 
2006	 1	 4	 1	 2	 0	 2	 100	 0.00543533	 0.0319226	 0.0828579	 0.156006	 0.169134	 0.140197	 0.119985	 0.0898313	 0.0566554	 0.0416802	 0.0340232	 0.0271068	 0.0180343	 0.0113199	 0.00711258	 0.00490592	 0.00251265	 0.000982331	 0.00026222	 3.52026e-05	 0	 0	 	 # 0.0151	 0.0318	 0.1064	 0.1857	 0.0928	 0.0697	 0.0934	 0.0998	 0.075	 0.0533	 0.0415	 0.0505	 0.0331	 0.0166	 0.0117	 0.011	 0.0084	 0.0035	 0.0006	 0	 0	 0	 
2007	 1	 4	 1	 2	 0	 2	 100	 0.00510812	 0.0214501	 0.0487957	 0.0997522	 0.145446	 0.15888	 0.155141	 0.115811	 0.0684611	 0.0442562	 0.0325241	 0.0263984	 0.0216548	 0.0193273	 0.0159074	 0.0113883	 0.00571076	 0.0027163	 0.00103468	 0.00023386	 2.4208e-06	 0	 	 # 0.0019	 0.0106	 0.0505	 0.0833	 0.1467	 0.2044	 0.1468	 0.0947	 0.0462	 0.0377	 0.0327	 0.0369	 0.0341	 0.032	 0.0185	 0.0121	 0.0069	 0.003	 0.001	 0.0001	 0	 0	 
2008	 1	 4	 1	 2	 0	 2	 100	 0.00997118	 0.0366692	 0.0624822	 0.0684042	 0.0926693	 0.109922	 0.135524	 0.135438	 0.102655	 0.0748454	 0.0536196	 0.0380424	 0.0257643	 0.0189956	 0.0140807	 0.0104474	 0.00590696	 0.00300416	 0.00118017	 0.000314196	 5.46051e-05	 9.69276e-06	 	 # 0.037	 0.0641	 0.0354	 0.0447	 0.0469	 0.0889	 0.1167	 0.1313	 0.1331	 0.1133	 0.0627	 0.0406	 0.0292	 0.0234	 0.0151	 0.0097	 0.0046	 0.0024	 0.0006	 0.0001	 0	 0	 
2009	 1	 4	 1	 2	 0	 2	 100	 0.0235122	 0.0821498	 0.126103	 0.0854372	 0.0845773	 0.0632886	 0.0599958	 0.0630364	 0.0588453	 0.0580807	 0.0581939	 0.0566091	 0.0500408	 0.0445067	 0.0362282	 0.027336	 0.0144332	 0.00592162	 0.00157309	 0.000131029	 0	 0	 	 # 0.0478	 0.0827	 0.1468	 0.1126	 0.1338	 0.0794	 0.0567	 0.0486	 0.036	 0.0417	 0.041	 0.0378	 0.039	 0.0382	 0.0286	 0.0155	 0.0082	 0.0039	 0.0013	 0.0001	 0	 0	 
2010	 1	 4	 1	 2	 0	 2	 100	 0.00459845	 0.0376511	 0.110421	 0.220492	 0.208063	 0.129541	 0.0849634	 0.0595279	 0.035209	 0.0239933	 0.0190294	 0.016109	 0.0130247	 0.0110263	 0.00922691	 0.00787011	 0.00506723	 0.00277099	 0.00113745	 0.000277115	 0	 0	 	 # 0.0403	 0.069	 0.0745	 0.1918	 0.2995	 0.1666	 0.0743	 0.0435	 0.0175	 0.0069	 0.0043	 0.0027	 0.0023	 0.0024	 0.0019	 0.0012	 0.0007	 0.0004	 0.0002	 0.0001	 0	 0	 
2011	 1	 4	 1	 2	 0	 2	 100	 0.00741438	 0.0271447	 0.0537372	 0.0964258	 0.152103	 0.17757	 0.177141	 0.128444	 0.0686177	 0.0380111	 0.0233554	 0.015311	 0.00992697	 0.00731197	 0.00580338	 0.00498788	 0.0033642	 0.00198446	 0.00093838	 0.000344525	 6.3521e-05	 0	 	 # 0.0501	 0.0544	 0.0673	 0.1106	 0.1205	 0.138	 0.1534	 0.1326	 0.0714	 0.0337	 0.027	 0.0143	 0.0079	 0.0054	 0.0047	 0.003	 0.0024	 0.0017	 0.001	 0.0004	 0	 0	 
2012	 1	 4	 1	 2	 0	 2	 100	 0.00674339	 0.0286327	 0.0568422	 0.0802684	 0.0980776	 0.107498	 0.133713	 0.1401	 0.110166	 0.0813496	 0.0573384	 0.0386339	 0.023907	 0.015585	 0.00997368	 0.00627657	 0.0029871	 0.0012993	 0.000459674	 0.000120188	 2.31351e-05	 5.41636e-06	 	 # 0.0196	 0.0686	 0.1525	 0.1275	 0.0841	 0.0891	 0.1172	 0.118	 0.0785	 0.0494	 0.0342	 0.0279	 0.0151	 0.007	 0.0058	 0.0033	 0.0014	 0.0006	 0.0002	 0	 0	 0	 
2013	 1	 4	 1	 2	 0	 2	 100	 0.0293204	 0.0983307	 0.142215	 0.0784293	 0.0930215	 0.0871916	 0.0882329	 0.0820975	 0.065386	 0.055433	 0.0472759	 0.0384987	 0.0282441	 0.02133	 0.01605	 0.0126889	 0.00799147	 0.00461921	 0.0022649	 0.000947214	 0.000330782	 0.000100781	 	 # 0.0202	 0.0882	 0.1145	 0.1033	 0.1451	 0.1251	 0.1122	 0.0769	 0.049	 0.045	 0.0412	 0.0325	 0.0193	 0.0084	 0.0073	 0.0053	 0.0033	 0.0018	 0.001	 0.0004	 0.0001	 0	 
2014	 1	 4	 1	 2	 0	 2	 100	 0.0230823	 0.0918159	 0.165655	 0.177017	 0.161459	 0.0947044	 0.0632543	 0.0525395	 0.0372154	 0.0281491	 0.0231193	 0.020031	 0.0168409	 0.0148938	 0.0123213	 0.00938729	 0.00507342	 0.00235757	 0.000837657	 0.000205863	 3.44005e-05	 6.42001e-06	 	 # 0.0179	 0.0842	 0.0351	 0.097	 0.2012	 0.106	 0.1083	 0.1194	 0.0756	 0.0481	 0.0318	 0.0211	 0.0147	 0.0123	 0.0114	 0.0087	 0.0049	 0.0016	 0.0006	 0.0001	 0	 0	 
2015	 1	 4	 1	 2	 0	 2	 100	 0.0660856	 0.215238	 0.291446	 0.0936914	 0.103858	 0.0806592	 0.0601018	 0.0370579	 0.017268	 0.00920897	 0.00648247	 0.00553515	 0.00477039	 0.00422891	 0.00304382	 0.00131533	 0	 0	 0	 7.72547e-06	 5.58473e-07	 0	 	 # 0.0622	 0.1881	 0.2505	 0.1735	 0.0909	 0.0662	 0.0579	 0.0409	 0.0236	 0.0132	 0.0099	 0.0097	 0.0058	 0.0042	 0.0027	 0.0008	 0	 0	 0	 0	 0	 0	 
2016	 1	 4	 1	 2	 0	 2	 100	 0.0234206	 0.10082	 0.196477	 0.239211	 0.205623	 0.100648	 0.0480792	 0.0342142	 0.0204859	 0.0121781	 0.00735777	 0.00442953	 0.00253898	 0.00164333	 0.00115116	 0.000857678	 0.000494952	 0.000251144	 9.34071e-05	 2.15723e-05	 2.76624e-06	 2.54552e-07	 	 # 0.0164	 0.1659	 0.2251	 0.2247	 0.1761	 0.0886	 0.0414	 0.0247	 0.0109	 0.0066	 0.0066	 0.0052	 0.0035	 0.0018	 0.0011	 0.0008	 0.0004	 0.0002	 0	 0	 0	 0	 
2017	 1	 4	 1	 2	 0	 2	 100	 0.00402064	 0.0285663	 0.0859677	 0.191469	 0.213574	 0.173123	 0.136309	 0.0875199	 0.0396024	 0.0178903	 0.00959293	 0.00576798	 0.00319331	 0.00175697	 0.000921146	 0.000478283	 0.00018076	 5.54617e-05	 1.08133e-05	 0	 0	 0	 	 # 0.0187	 0.0779	 0.1292	 0.2923	 0.1893	 0.1027	 0.0825	 0.0535	 0.0236	 0.0141	 0.0091	 0.004	 0.0017	 0.0006	 0.0005	 0.0003	 0.0001	 0	 0	 0	 0	 0	 
2018	 1	 4	 1	 2	 0	 2	 100	 0.00101235	 0.00738297	 0.02882	 0.0929466	 0.148377	 0.180746	 0.191667	 0.150947	 0.0894814	 0.0521352	 0.0292039	 0.0149245	 0.00661547	 0.00302718	 0.00144406	 0.000758035	 0.000324328	 0.000130937	 4.38799e-05	 1.08125e-05	 1.38315e-06	 0	 	 # 0.0037	 0.0032	 0.0379	 0.1347	 0.1848	 0.2415	 0.1769	 0.1018	 0.052	 0.0279	 0.0175	 0.0103	 0.0042	 0.0022	 0.0009	 0.0004	 0.0001	 0	 0	 0	 0	 0	 
2019	 1	 4	 1	 2	 0	 2	 100	 0.0014995	 0.00592304	 0.0130671	 0.0299158	 0.0597756	 0.0993066	 0.148246	 0.168482	 0.145043	 0.117094	 0.0867839	 0.0578368	 0.0327795	 0.0178408	 0.00914445	 0.00471651	 0.00180837	 0.000579023	 0.000138089	 1.98135e-05	 0	 0	 	 # 0.0005	 0.0004	 0.0005	 0.0079	 0.0507	 0.0997	 0.1153	 0.1516	 0.1507	 0.1494	 0.1219	 0.0775	 0.0406	 0.0207	 0.0079	 0.0033	 0.001	 0.0003	 0.0001	 0	 0	 0	 
2021	 1	 4	 1	 2	 0	 2	 100	 0.0510042	 0.192676	 0.308535	 0.199909	 0.131372	 0.0443428	 0.00821334	 0.00517247	 0.00550992	 0.00656149	 0.00784453	 0.00880946	 0.00862913	 0.00815232	 0.00668685	 0.004472	 0.00170105	 0.00040386	 4.60411e-06	 0	 0	 0	 	 # 0.032	 0.0291	 0.0271	 0.0135	 0.0172	 0.0159	 0.0206	 0.0303	 0.041	 0.0828	 0.1408	 0.182	 0.1704	 0.1139	 0.058	 0.021	 0.0039	 0.0007	 0	 0	 0	 0	 
2022	 1	 4	 1	 2	 0	 2	 100	 0.0434782	 0.1538	 0.24071	 0.178598	 0.173282	 0.105768	 0.0577245	 0.0284167	 0.00932669	 0.00256376	 0.000896339	 0.000655218	 0.000642148	 0.000713128	 0.000793192	 0.000890537	 0.000746404	 0.000528933	 0.000293301	 0.000127652	 3.9599e-05	 5.54867e-06	 	 # 0.0661	 0.1235	 0.1012	 0.2256	 0.2135	 0.1145	 0.0579	 0.0331	 0.0162	 0.0129	 0.0101	 0.0071	 0.0057	 0.0039	 0.0033	 0.0025	 0.0018	 0.0009	 0.0003	 0.0001	 0	 0	 
2023	 1	 4	 1	 2	 0	 2	 100	 0.0422708	 0.148516	 0.228217	 0.15557	 0.15236	 0.101862	 0.071817	 0.0500283	 0.02594	 0.0128235	 0.0061827	 0.00275717	 0.00102409	 0.000365316	 0.000136681	 6.9536e-05	 3.64275e-05	 1.7961e-05	 5.80523e-06	 0	 0	 0	 	 # 0.0676	 0.1698	 0.2996	 0.1266	 0.0904	 0.0931	 0.0714	 0.0466	 0.0157	 0.0073	 0.0038	 0.0024	 0.0016	 0.0016	 0.0011	 0.0007	 0.0004	 0.0002	 0	 0	 0	 0	 
2024	 1	 4	 1	 2	 0	 2	 100	 0.0113842	 0.0586968	 0.135319	 0.218286	 0.208418	 0.132772	 0.0895051	 0.0629772	 0.0348153	 0.0198962	 0.0120643	 0.00725513	 0.0039551	 0.00222779	 0.00124861	 0.000717575	 0.000308293	 0.000111291	 3.21523e-05	 7.945e-06	 1.69886e-06	 2.23886e-07	 	 # 0.0196	 0.1059	 0.1345	 0.1475	 0.1829	 0.1589	 0.0893	 0.072	 0.0393	 0.0207	 0.0143	 0.0078	 0.0035	 0.0017	 0.0009	 0.0005	 0.0003	 0.0003	 0.0001	 0	 0	 0	 
2025	 1	 4	 1	 2	 0	 2	 100	 0.00818087	 0.0340515	 0.0733792	 0.132185	 0.17803	 0.179081	 0.163104	 0.111224	 0.0542484	 0.0263924	 0.0140623	 0.00834761	 0.00548438	 0.00434119	 0.00337183	 0.0024851	 0.00130661	 0.000548173	 0.000156763	 1.98323e-05	 0	 0	 	 # 0.0087	 0.0192	 0.0456	 0.1281	 0.187	 0.1559	 0.1468	 0.127	 0.0965	 0.0368	 0.0174	 0.0145	 0.0073	 0.0041	 0.0025	 0.0015	 0.0008	 0.0003	 0.0001	 0	 0	 0	 
1982	 1	 3	 2	 2	 0	 1	 100	 0.00111434	 0.000974945	 0.00300345	 0.0365787	 0.205912	 0.405503	 0.219472	 0.0760643	 0.0227875	 0.00728657	 0.00360257	 0.00245159	 0.00202627	 0.00198957	 0.00194025	 0.00178212	 0.00157398	 0.00139057	 0.00124422	 0.00112772	 0.00109007	 0.00108412	 	 # 0	 0	 0.0013	 0.0235	 0.1965	 0.3969	 0.2169	 0.1126	 0.0417	 0.0093	 0.0013	 0.0001	 0	 0	 0	 0	 0	 0	 0	 0	 0	 0	 
1983	 1	 3	 2	 2	 0	 1	 100	 0.00111442	 0.000975019	 0.00300368	 0.0365813	 0.205926	 0.405526	 0.219481	 0.0760637	 0.0227845	 0.00728466	 0.00360129	 0.00245044	 0.00202499	 0.00198784	 0.00193789	 0.00177909	 0.00157028	 0.00138619	 0.00123918	 0.00112209	 0.00108368	 0.00107697	 	 # 0	 0	 0.0007	 0.0347	 0.2752	 0.4158	 0.1759	 0.0702	 0.0225	 0.0045	 0.0003	 0	 0	 0	 0	 0	 0	 0	 0	 0	 0	 0	 
1984	 1	 3	 2	 2	 0	 1	 100	 0.00109412	 0.000961655	 0.00300635	 0.0379424	 0.208804	 0.406671	 0.216491	 0.0746906	 0.0223615	 0.00714846	 0.00353365	 0.00240418	 0.00198647	 0.0019496	 0.00190001	 0.00174354	 0.001538	 0.00135671	 0.00121182	 0.00109639	 0.00105802	 0.00105076	 	 # 0	 0	 0.0012	 0.0398	 0.2319	 0.3726	 0.2091	 0.1031	 0.0369	 0.0035	 0.0005	 0.0012	 0.0001	 0	 0	 0	 0	 0	 0	 0	 0	 0	 
1985	 1	 3	 2	 2	 0	 1	 100	 0.00100226	 0.000892916	 0.00291746	 0.0408543	 0.212862	 0.406882	 0.2108	 0.0742894	 0.0229369	 0.00728042	 0.00343025	 0.00224093	 0.00182307	 0.00178389	 0.00173772	 0.00159402	 0.00140542	 0.00123901	 0.00110593	 0.000999879	 0.000964249	 0.000957094	 	 # 0	 0	 0.0014	 0.0323	 0.1983	 0.4522	 0.2454	 0.0547	 0.0125	 0.0014	 0.0009	 0.0008	 0	 0	 0	 0	 0	 0	 0	 0	 0	 0	 
1986	 1	 3	 2	 2	 0	 1	 100	 0.000659993	 0.000652046	 0.00277032	 0.0575372	 0.243843	 0.415533	 0.174739	 0.0624564	 0.0210779	 0.00693438	 0.00310134	 0.00174146	 0.00123886	 0.00117193	 0.00113845	 0.00104388	 0.000919988	 0.000810642	 0.000723159	 0.000653427	 0.000629796	 0.000624831	 	 # 0	 0	 0.0012	 0.0156	 0.1992	 0.4733	 0.2459	 0.0513	 0.0122	 0.0012	 0	 0	 0	 0	 0	 0	 0	 0	 0	 0	 0	 0	 
1987	 1	 3	 2	 2	 0	 1	 100	 0.000258596	 0.000349048	 0.00234881	 0.069154	 0.258368	 0.414125	 0.152084	 0.0627708	 0.0247485	 0.00809707	 0.00299537	 0.00116834	 0.000553843	 0.000456869	 0.000438886	 0.000402265	 0.000354506	 0.000312362	 0.000278647	 0.000251775	 0.000242668	 0.000240754	 	 # 0	 0	 0.0024	 0.047	 0.233	 0.3701	 0.2103	 0.0998	 0.033	 0.004	 0.0003	 0.0002	 0	 0	 0	 0	 0	 0	 0	 0	 0	 0	 
1988	 1	 3	 2	 2	 0	 1	 100	 0.000117879	 0.000195122	 0.00161403	 0.0541488	 0.21012	 0.38174	 0.188443	 0.0977762	 0.0422644	 0.0145136	 0.00546005	 0.00180018	 0.000453371	 0.000219712	 0.000197885	 0.000180908	 0.000159378	 0.000140404	 0.000125234	 0.000113149	 0.000109053	 0.000108191	 	 # 0	 0	 0.0067	 0.0464	 0.2427	 0.3764	 0.1746	 0.0844	 0.0496	 0.0171	 0.0016	 0.0003	 0	 0	 0	 0	 0	 0	 0	 0	 0	 0	 
1989	 1	 4	 2	 2	 0	 1	 100	 0.000139486	 0.000504482	 0.00365705	 0.0704237	 0.262305	 0.361284	 0.182563	 0.0706288	 0.0303555	 0.0101046	 0.00452754	 0.00230245	 0.000525299	 0.000129046	 9.71689e-05	 8.78519e-05	 7.71191e-05	 6.7774e-05	 6.03611e-05	 5.44935e-05	 5.25224e-05	 5.19633e-05	 	 # 0	 0.0001	 0.0041	 0.0758	 0.318	 0.3382	 0.1455	 0.0682	 0.0389	 0.0105	 0.0005	 0.0002	 0.0001	 0	 0	 0	 0	 0	 0	 0	 0	 0	 
1990	 1	 4	 2	 2	 0	 1	 100	 0.00011713	 0.000444226	 0.00333811	 0.0656745	 0.248771	 0.355306	 0.190772	 0.0774122	 0.0348079	 0.0125632	 0.00620059	 0.00329099	 0.000712886	 0.000127979	 8.24526e-05	 7.38834e-05	 6.47467e-05	 5.68113e-05	 5.05245e-05	 4.55649e-05	 4.38893e-05	 4.34091e-05	 	 # 0	 0	 0.0033	 0.0591	 0.2453	 0.3739	 0.1706	 0.0892	 0.045	 0.0112	 0.0021	 0.0001	 0.0001	 0	 0	 0	 0	 0	 0	 0	 0	 0	 
1991	 1	 4	 2	 2	 0	 1	 100	 0.000107564	 0.000417433	 0.00319305	 0.063518	 0.242677	 0.352668	 0.194509	 0.0804267	 0.0367369	 0.0136581	 0.00697907	 0.003759	 0.000802242	 0.000127752	 7.57298e-05	 6.74808e-05	 5.90494e-05	 5.17233e-05	 4.59165e-05	 4.13471e-05	 3.97853e-05	 3.93246e-05	 	 # 0	 0	 0.0021	 0.0479	 0.3079	 0.3631	 0.1601	 0.0657	 0.0414	 0.0099	 0.0017	 0.0002	 0	 0	 0	 0	 0	 0	 0	 0	 0	 0	 
1992	 1	 4	 2	 2	 0	 1	 100	 0.000101307	 0.000411211	 0.00320993	 0.0640507	 0.243439	 0.351914	 0.193159	 0.0802919	 0.0369774	 0.0139473	 0.00723636	 0.00392	 0.000830783	 0.000125147	 7.08485e-05	 6.27236e-05	 5.45974e-05	 4.75123e-05	 4.18691e-05	 3.74254e-05	 3.57725e-05	 3.51638e-05	 	 # 0	 0.0002	 0.007	 0.0726	 0.2274	 0.3131	 0.1967	 0.099	 0.0617	 0.018	 0.004	 0.0003	 0.0001	 0	 0	 0	 0	 0	 0	 0	 0	 0	 
1993	 1	 4	 2	 2	 0	 1	 100	 9.22762e-05	 0.000410087	 0.00332045	 0.0665053	 0.249171	 0.35306	 0.188557	 0.0778057	 0.0357295	 0.0134178	 0.00693446	 0.00374734	 0.000790305	 0.000115609	 6.37735e-05	 5.62441e-05	 4.88022e-05	 4.23023e-05	 3.71126e-05	 3.30258e-05	 3.14398e-05	 3.08013e-05	 	 # 0.0001	 0	 0.0141	 0.1296	 0.3259	 0.3084	 0.1193	 0.0456	 0.0391	 0.0151	 0.0025	 0.0002	 0	 0	 0	 0	 0	 0	 0	 0	 0	 0	 
1994	 1	 4	 2	 2	 0	 1	 100	 7.89783e-05	 0.000402916	 0.00343061	 0.0692522	 0.255682	 0.354853	 0.183726	 0.0749219	 0.0341104	 0.0126045	 0.00640272	 0.00342938	 0.000717803	 0.000100962	 5.37065e-05	 4.71595e-05	 4.08027e-05	 3.52486e-05	 3.08079e-05	 2.73117e-05	 2.59103e-05	 2.53109e-05	 	 # 0	 0	 0.0084	 0.1289	 0.27	 0.2673	 0.1898	 0.0929	 0.0343	 0.0074	 0.0006	 0.0002	 0	 0	 0	 0	 0	 0	 0	 0	 0	 0	 
1995	 1	 4	 2	 2	 0	 1	 100	 6.33909e-05	 0.000393022	 0.00354319	 0.0721457	 0.262425	 0.35655	 0.178596	 0.0719847	 0.0325132	 0.0118179	 0.0058907	 0.00312289	 0.000646545	 8.4968e-05	 4.21607e-05	 3.67698e-05	 3.17212e-05	 2.73158e-05	 2.37929e-05	 2.10221e-05	 1.98837e-05	 1.93758e-05	 	 # 0	 0	 0.0042	 0.1007	 0.3198	 0.3385	 0.1562	 0.0477	 0.0268	 0.0057	 0.0002	 0.0001	 0	 0	 0	 0	 0	 0	 0	 0	 0	 0	 
1996	 1	 4	 2	 2	 0	 1	 100	 4.98925e-05	 0.0003634	 0.0034348	 0.0711246	 0.259827	 0.35675	 0.181248	 0.0730977	 0.0327887	 0.0117245	 0.00573042	 0.00300432	 0.000613876	 7.35674e-05	 3.26408e-05	 2.81453e-05	 2.41787e-05	 2.07265e-05	 1.79667e-05	 1.58011e-05	 1.4885e-05	 1.44574e-05	 	 # 0	 0.0004	 0.0107	 0.1493	 0.3626	 0.2969	 0.1181	 0.0465	 0.0135	 0.0015	 0.0003	 0.0003	 0	 0	 0	 0	 0	 0	 0	 0	 0	 0	 
1997	 1	 4	 2	 2	 0	 1	 100	 4.11543e-05	 0.000332571	 0.00324326	 0.0682218	 0.25237	 0.354979	 0.187009	 0.0765364	 0.034561	 0.0124675	 0.00614572	 0.00323127	 0.000654182	 7.08525e-05	 2.69105e-05	 2.28143e-05	 1.95043e-05	 1.6638e-05	 1.43512e-05	 1.25644e-05	 1.17916e-05	 1.14199e-05	 	 # 0	 0	 0.0107	 0.1202	 0.3132	 0.3656	 0.1432	 0.0368	 0.0085	 0.001	 0.0001	 0.0006	 0	 0	 0	 0	 0	 0	 0	 0	 0	 0	 
1998	 1	 4	 2	 2	 0	 1	 100	 3.67196e-05	 0.000300426	 0.0029792	 0.063767	 0.241093	 0.352026	 0.195488	 0.0817035	 0.0373424	 0.0137389	 0.00691741	 0.00367191	 0.00074047	 7.45774e-05	 2.45763e-05	 2.04778e-05	 1.7435e-05	 1.48111e-05	 1.27221e-05	 1.10988e-05	 1.03894e-05	 1.0045e-05	 	 # 0	 0	 0.0109	 0.1205	 0.3064	 0.3528	 0.1518	 0.0479	 0.0066	 0.0027	 0.0003	 0.0001	 0	 0	 0	 0	 0	 0	 0	 0	 0	 0	 
1999	 1	 4	 2	 2	 0	 1	 100	 3.52466e-05	 0.000294938	 0.00293337	 0.0628063	 0.238021	 0.349686	 0.19656	 0.0834009	 0.0387869	 0.0147026	 0.00763554	 0.00411052	 0.000829031	 8.01782e-05	 2.40152e-05	 1.97399e-05	 1.67438e-05	 1.41638e-05	 1.21115e-05	 1.0525e-05	 9.82429e-06	 9.48089e-06	 	 # 0	 0	 0.0011	 0.0565	 0.3027	 0.3698	 0.1838	 0.0576	 0.0204	 0.0074	 0.0004	 0.0002	 0	 0	 0	 0	 0	 0	 0	 0	 0	 0	 
2000	 1	 4	 2	 2	 0	 1	 100	 3.31992e-05	 0.00031799	 0.00318759	 0.0673103	 0.248745	 0.351265	 0.187483	 0.0787365	 0.0366945	 0.0139874	 0.00731204	 0.00394833	 0.000796137	 7.61262e-05	 2.21549e-05	 1.81307e-05	 1.53531e-05	 1.29546e-05	 1.10444e-05	 9.57205e-06	 8.9176e-06	 8.5956e-06	 	 # 0	 0	 0.0033	 0.0512	 0.201	 0.4092	 0.2502	 0.0604	 0.0173	 0.007	 0.0003	 0.0001	 0	 0	 0	 0	 0	 0	 0	 0	 0	 0	 
2001	 1	 4	 2	 2	 0	 1	 100	 2.87327e-05	 0.000325287	 0.00333016	 0.0702767	 0.256452	 0.354294	 0.182484	 0.0750524	 0.0343538	 0.0127013	 0.0064364	 0.00342561	 0.000687502	 6.49876e-05	 1.84029e-05	 1.49966e-05	 1.2681e-05	 1.06809e-05	 9.08747e-06	 7.86086e-06	 7.31177e-06	 7.03934e-06	 	 # 0	 0	 0.0014	 0.0257	 0.1501	 0.4237	 0.2737	 0.0916	 0.0303	 0.003	 0.0005	 0	 0	 0	 0	 0	 0	 0	 0	 0	 0	 0	 
2002	 1	 4	 2	 2	 0	 1	 100	 2.41643e-05	 0.00031192	 0.00326312	 0.0694674	 0.25468	 0.354815	 0.184619	 0.075726	 0.0343649	 0.0124827	 0.00619816	 0.00326506	 0.00065167	 5.93537e-05	 1.51342e-05	 1.21238e-05	 1.02155e-05	 8.58022e-06	 7.28248e-06	 6.28676e-06	 5.83832e-06	 5.61413e-06	 	 # 0	 0	 0.0002	 0.0184	 0.223	 0.4223	 0.2039	 0.0923	 0.036	 0.0027	 0.0007	 0.0002	 0.0001	 0	 0.0001	 0.0001	 0	 0	 0	 0	 0	 0	 
2003	 1	 4	 2	 2	 0	 1	 100	 2.05462e-05	 0.000321918	 0.00340561	 0.0720478	 0.260596	 0.355319	 0.17934	 0.0732738	 0.0333898	 0.0122094	 0.00610078	 0.00322223	 0.00064161	 5.60197e-05	 1.23717e-05	 9.6481e-06	 8.08553e-06	 6.7596e-06	 5.71288e-06	 4.91553e-06	 4.55511e-06	 4.37495e-06	 	 # 0	 0.0001	 0.0001	 0.0256	 0.2907	 0.3648	 0.2187	 0.072	 0.0255	 0.002	 0.0006	 0	 0	 0	 0	 0	 0	 0	 0	 0	 0	 0	 
2004	 1	 4	 2	 2	 0	 1	 100	 1.63662e-05	 0.000456715	 0.00478799	 0.0961609	 0.318622	 0.365166	 0.1314	 0.0479015	 0.0215087	 0.00773708	 0.00379792	 0.00198831	 0.000394101	 3.32812e-05	 6.44158e-06	 4.88301e-06	 4.06818e-06	 3.38103e-06	 2.84052e-06	 2.43242e-06	 2.24724e-06	 2.15501e-06	 	 # 0	 0.0026	 0.0509	 0.106	 0.2614	 0.3506	 0.1527	 0.0603	 0.0123	 0.0021	 0.0009	 0.0002	 0	 0	 0	 0	 0	 0	 0	 0	 0	 0	 
2005	 1	 4	 2	 2	 0	 1	 100	 1.01942e-05	 0.000300467	 0.00337748	 0.0731428	 0.265555	 0.362717	 0.180445	 0.0698568	 0.0294551	 0.00921358	 0.00376644	 0.00177598	 0.000340634	 2.71768e-05	 4.09647e-06	 2.91701e-06	 2.40761e-06	 1.9853e-06	 1.65584e-06	 1.41006e-06	 1.29823e-06	 1.24285e-06	 	 # 0	 0	 0.0043	 0.07	 0.2078	 0.4033	 0.2276	 0.0599	 0.0195	 0.0055	 0.0018	 0.0003	 0	 0	 0	 0	 0	 0	 0	 0	 0	 0	 
2006	 1	 4	 2	 2	 0	 1	 100	 8.80209e-06	 0.000270314	 0.00305143	 0.0665659	 0.247219	 0.35363	 0.190914	 0.0791948	 0.0359233	 0.0129182	 0.00630573	 0.00328729	 0.000646448	 4.89392e-05	 4.66732e-06	 2.6808e-06	 2.10445e-06	 1.67773e-06	 1.36626e-06	 1.14603e-06	 1.0467e-06	 9.98734e-07	 	 # 0	 0	 0.0002	 0.0116	 0.1146	 0.3057	 0.2906	 0.1918	 0.067	 0.014	 0.003	 0.0015	 0	 0	 0	 0	 0	 0	 0	 0	 0	 0	 
2007	 1	 4	 2	 2	 0	 1	 100	 8.39492e-06	 0.000268987	 0.00303841	 0.0662229	 0.245692	 0.351473	 0.190576	 0.0801345	 0.037068	 0.0138536	 0.00707439	 0.00377168	 0.000745768	 5.62112e-05	 5.0711e-06	 2.80903e-06	 2.16669e-06	 1.6688e-06	 1.29691e-06	 1.04241e-06	 9.26469e-07	 8.73695e-07	 	 # 0	 0	 0.0006	 0.0614	 0.1456	 0.3558	 0.1999	 0.1003	 0.0914	 0.0381	 0.0059	 0.0008	 0.0002	 0	 0	 0	 0	 0	 0	 0	 0	 0	 
2008	 1	 4	 2	 2	 0	 1	 100	 7.81404e-06	 0.000252461	 0.00288432	 0.0636117	 0.239403	 0.350442	 0.195779	 0.0828538	 0.0383317	 0.014337	 0.00733501	 0.00391458	 0.000774014	 5.81785e-05	 5.11055e-06	 2.78484e-06	 2.13417e-06	 1.6202e-06	 1.23241e-06	 9.69768e-07	 8.49565e-07	 7.96017e-07	 	 # 0	 0	 0.0022	 0.0693	 0.146	 0.2736	 0.1992	 0.177	 0.1043	 0.026	 0.002	 0.0003	 0.0001	 0	 0	 0	 0	 0	 0	 0	 0	 0	 
2009	 1	 4	 2	 2	 0	 1	 100	 8.31227e-06	 0.000291972	 0.00325893	 0.0698867	 0.254122	 0.351878	 0.18278	 0.0766251	 0.0357906	 0.0136228	 0.00709321	 0.00381597	 0.000755907	 5.66713e-05	 4.81471e-06	 2.55812e-06	 1.94405e-06	 1.46087e-06	 1.09732e-06	 8.53275e-07	 7.4153e-07	 6.92301e-07	 	 # 0	 0	 0.0003	 0.0331	 0.1335	 0.3306	 0.2354	 0.14	 0.0925	 0.0298	 0.004	 0.0004	 0.0004	 0	 0	 0	 0	 0	 0	 0	 0	 0	 
2010	 1	 4	 2	 2	 0	 1	 100	 1.00713e-05	 0.000424743	 0.00455568	 0.0924736	 0.309408	 0.363205	 0.138665	 0.052029	 0.023584	 0.00860374	 0.00429117	 0.00226279	 0.000445818	 3.3321e-05	 2.78313e-06	 1.46443e-06	 1.10962e-06	 8.27856e-07	 6.14864e-07	 4.72497e-07	 4.07129e-07	 3.78528e-07	 	 # 0	 0	 0.0128	 0.1728	 0.1864	 0.3706	 0.161	 0.0618	 0.03	 0.0042	 0.0003	 0.0001	 0	 0	 0	 0	 0	 0	 0	 0	 0	 0	 
2011	 1	 4	 2	 2	 0	 1	 100	 6.90409e-06	 0.000298011	 0.00339146	 0.0734492	 0.265877	 0.361955	 0.179521	 0.0698974	 0.0297617	 0.00950556	 0.00400779	 0.00192667	 0.000369744	 2.7153e-05	 1.97339e-06	 9.33482e-07	 6.92474e-07	 5.09145e-07	 3.73638e-07	 2.84495e-07	 2.43747e-07	 2.26081e-07	 	 # 0	 0.0001	 0.0036	 0.0824	 0.2714	 0.4019	 0.1656	 0.0509	 0.0207	 0.0031	 0.0003	 0	 0	 0	 0	 0	 0	 0	 0	 0	 0	 0	 
2012	 1	 4	 2	 2	 0	 1	 100	 6.17036e-06	 0.00026994	 0.00308425	 0.0673132	 0.248997	 0.354046	 0.189527	 0.0783985	 0.0354997	 0.0127355	 0.00620467	 0.00323127	 0.000633884	 4.62821e-05	 2.81141e-06	 1.04047e-06	 6.99194e-07	 4.75934e-07	 3.27263e-07	 2.36882e-07	 1.96651e-07	 1.80018e-07	 	 # 0	 0.0001	 0.0086	 0.0832	 0.3125	 0.3561	 0.1513	 0.048	 0.0208	 0.0141	 0.0046	 0.0004	 0.0001	 0.0001	 0	 0	 0	 0	 0	 0	 0	 0	 
2013	 1	 4	 2	 2	 0	 1	 100	 6.31227e-06	 0.000281162	 0.00318702	 0.0689333	 0.252258	 0.352825	 0.185349	 0.0772333	 0.0356091	 0.0132432	 0.00673018	 0.00357977	 0.000706271	 5.17554e-05	 3.26823e-06	 1.28024e-06	 8.69581e-07	 5.73294e-07	 3.62783e-07	 2.34175e-07	 1.76129e-07	 1.53601e-07	 	 # 0	 0.0036	 0.0023	 0.0917	 0.2671	 0.3689	 0.1285	 0.0655	 0.0411	 0.0258	 0.0045	 0.0008	 0.0002	 0	 0	 0	 0	 0	 0	 0	 0	 0	 
2014	 1	 4	 2	 2	 0	 1	 100	 5.73499e-06	 0.000256832	 0.00296154	 0.0652086	 0.243597	 0.352182	 0.193145	 0.0808373	 0.0370015	 0.0135933	 0.0068279	 0.00361245	 0.000711685	 5.2138e-05	 3.31045e-06	 1.31448e-06	 8.97115e-07	 5.85519e-07	 3.5927e-07	 2.20673e-07	 1.5784e-07	 1.33938e-07	 	 # 0	 0	 0.0049	 0.0937	 0.229	 0.3155	 0.1669	 0.0627	 0.0678	 0.0482	 0.0096	 0.0013	 0.0004	 0	 0	 0	 0	 0	 0	 0	 0	 0	 
2015	 1	 4	 2	 2	 0	 1	 100	 5.68476e-06	 0.000256053	 0.00294278	 0.0646334	 0.241588	 0.350321	 0.193622	 0.0820457	 0.0380804	 0.0143303	 0.00738018	 0.0039493	 0.00077991	 5.70625e-05	 3.55152e-06	 1.36697e-06	 9.17822e-07	 5.88033e-07	 3.51594e-07	 2.08585e-07	 1.43989e-07	 1.19611e-07	 	 # 0	 0.0002	 0.0037	 0.0437	 0.1957	 0.3149	 0.2024	 0.0851	 0.0787	 0.0575	 0.0153	 0.0024	 0.0003	 0	 0	 0	 0	 0	 0	 0	 0	 0	 
2016	 1	 4	 2	 2	 0	 1	 100	 6.85182e-06	 0.000315425	 0.00351313	 0.0744449	 0.265287	 0.354337	 0.174035	 0.0716472	 0.0332166	 0.0125251	 0.00646951	 0.00346368	 0.000682789	 4.98242e-05	 3.12472e-06	 1.21769e-06	 8.14852e-07	 5.14022e-07	 2.97771e-07	 1.68143e-07	 1.09721e-07	 8.76794e-08	 	 # 0	 0	 0.0056	 0.0757	 0.1717	 0.3526	 0.1682	 0.0961	 0.0817	 0.0387	 0.0082	 0.0009	 0.0004	 0	 0	 0	 0	 0	 0	 0	 0	 0	 
2017	 1	 4	 2	 2	 0	 1	 100	 8.4402e-06	 0.000398114	 0.00432283	 0.0887122	 0.300759	 0.36294	 0.14679	 0.0556013	 0.0248006	 0.00877625	 0.00423367	 0.00219362	 0.000428792	 3.11952e-05	 1.92006e-06	 7.35643e-07	 4.91588e-07	 3.0898e-07	 1.77334e-07	 9.84202e-08	 6.28339e-08	 4.94972e-08	 	 # 0	 0.0004	 0.0433	 0.1913	 0.2739	 0.2993	 0.1227	 0.0459	 0.0172	 0.0041	 0.001	 0.0001	 0	 0.0009	 0	 0	 0	 0	 0	 0	 0	 0	 
2018	 1	 4	 2	 2	 0	 1	 100	 9.15648e-06	 0.000437451	 0.00471259	 0.0956726	 0.318342	 0.36791	 0.13386	 0.0475285	 0.0203229	 0.00662726	 0.00287755	 0.00140714	 0.000270783	 1.95403e-05	 1.09967e-06	 3.69992e-07	 2.36826e-07	 1.44363e-07	 8.06346e-08	 4.34392e-08	 2.68634e-08	 2.07313e-08	 	 # 0	 0.0002	 0.0102	 0.1348	 0.3863	 0.3193	 0.0934	 0.0396	 0.0142	 0.0015	 0.0004	 0	 0	 0.0001	 0	 0	 0	 0	 0	 0	 0	 0	 
2019	 1	 4	 2	 2	 0	 1	 100	 9.06379e-06	 0.000433077	 0.00467146	 0.0949828	 0.316717	 0.367743	 0.135294	 0.04822	 0.0206054	 0.00670736	 0.00290504	 0.00141809	 0.000272614	 1.96486e-05	 1.10068e-06	 3.67587e-07	 2.34155e-07	 1.42021e-07	 7.889e-08	 4.22405e-08	 2.59596e-08	 1.99363e-08	 	 # 0.0003	 0	 0.0068	 0.0756	 0.3288	 0.3946	 0.1263	 0.0489	 0.0153	 0.0033	 0.0002	 0	 0	 0	 0	 0	 0	 0	 0	 0	 0	 0	 
2021	 1	 4	 2	 2	 0	 1	 100	 8.91421e-06	 0.000426165	 0.00460811	 0.0939555	 0.314385	 0.367723	 0.137522	 0.0491653	 0.0209124	 0.00673756	 0.00287673	 0.00139202	 0.000266828	 1.92024e-05	 1.06974e-06	 3.55062e-07	 2.25687e-07	 1.36408e-07	 7.53206e-08	 3.99511e-08	 2.42631e-08	 1.84675e-08	 	 # 0.0024	 0.0005	 0.0031	 0.0842	 0.397	 0.3889	 0.1007	 0.0189	 0.0039	 0.0001	 0	 0.0001	 0	 0.0001	 0	 0	 0	 0	 0	 0	 0	 0	 
2022	 1	 4	 2	 2	 0	 1	 100	 9.51145e-06	 0.000455039	 0.00487663	 0.0983917	 0.324686	 0.368448	 0.128207	 0.044868	 0.0192633	 0.00634487	 0.00279061	 0.00137432	 0.000264814	 1.90731e-05	 1.0464e-06	 3.34194e-07	 2.07759e-07	 1.23498e-07	 6.72864e-08	 3.52471e-08	 2.11443e-08	 1.59635e-08	 	 # 0	 0	 0.0115	 0.1212	 0.2707	 0.3949	 0.1379	 0.0439	 0.0197	 0.0001	 0.0001	 0	 0	 0.0001	 0	 0	 0	 0	 0	 0	 0	 0	 
2023	 1	 4	 2	 2	 0	 1	 100	 8.97636e-06	 0.000430387	 0.00465453	 0.0948773	 0.316922	 0.368927	 0.136034	 0.0478946	 0.0200493	 0.00624107	 0.00253185	 0.00118604	 0.000225225	 1.61543e-05	 8.76905e-07	 2.81004e-07	 1.77123e-07	 1.05826e-07	 5.71049e-08	 2.89966e-08	 1.6536e-08	 1.19898e-08	 	 # 0	 0.0003	 0.0065	 0.0778	 0.3428	 0.4171	 0.1051	 0.035	 0.0088	 0.0035	 0.0002	 0.0027	 0	 0	 0	 0.0001	 0	 0	 0	 0	 0	 0	 
2024	 1	 4	 2	 2	 0	 1	 100	 9.48314e-06	 0.000455402	 0.00488387	 0.0985931	 0.3254	 0.369158	 0.128087	 0.0444492	 0.0188633	 0.00605226	 0.00256144	 0.00123278	 0.000236168	 1.69488e-05	 8.66537e-07	 2.3884e-07	 1.38385e-07	 7.74908e-08	 3.96199e-08	 1.90424e-08	 1.01868e-08	 7.03672e-09	 	 # 0	 0	 0.0056	 0.0843	 0.3693	 0.3103	 0.1497	 0.0531	 0.014	 0.0099	 0.0027	 0.0005	 0.0006	 0	 0	 0	 0	 0	 0	 0	 0	 0	 
2025	 1	 4	 2	 2	 0	 1	 100	 7.37604e-06	 0.00035552	 0.00394813	 0.0829731	 0.288751	 0.365617	 0.16048	 0.0599581	 0.0251769	 0.00781472	 0.00314919	 0.00146909	 0.000278954	 1.9979e-05	 1.01339e-06	 2.79061e-07	 1.63282e-07	 9.12027e-08	 4.51588e-08	 1.97843e-08	 8.75314e-09	 4.89681e-09	 	 # 0	 0.0001	 0.0067	 0.0529	 0.1752	 0.2943	 0.207	 0.0833	 0.0994	 0.0674	 0.0121	 0.0007	 0.0006	 0	 0.0001	 0	 0	 0	 0	 0	 0	 0	 
1982	 1	 3	 1	 2	 0	 1	 100	 0.00148914	 0.00251338	 0.00411769	 0.00969129	 0.0154747	 0.0321386	 0.067302	 0.0840752	 0.0814441	 0.0867573	 0.0892328	 0.0724642	 0.0540115	 0.0462274	 0.0532478	 0.134534	 0.094504	 0.0397303	 0.0173991	 0.00765855	 0.00369582	 0.0022914	 	 # 0	 0	 0	 0.0029	 0.0165	 0.0542	 0.0957	 0.1054	 0.1044	 0.1168	 0.126	 0.102	 0.079	 0.0624	 0.0513	 0.0404	 0.0201	 0.0125	 0.0049	 0.0034	 0.0014	 0.0007	 
1983	 1	 3	 1	 2	 0	 1	 100	 0.00074106	 0.00128175	 0.00239784	 0.0075102	 0.0167748	 0.0397983	 0.0730779	 0.0845591	 0.0844657	 0.0892125	 0.0910477	 0.0816336	 0.0671485	 0.0575897	 0.0539532	 0.0862692	 0.0694389	 0.0418725	 0.0260627	 0.0137245	 0.00664769	 0.00479246	 	 # 0.0001	 0.0005	 0.0003	 0.0017	 0.0123	 0.0415	 0.0848	 0.1026	 0.1008	 0.0943	 0.0928	 0.0913	 0.0975	 0.096	 0.0707	 0.0489	 0.0341	 0.0175	 0.0072	 0.0037	 0.0013	 0.0003	 
1984	 1	 3	 1	 2	 0	 1	 100	 0.00046029	 0.000966997	 0.00351219	 0.0159521	 0.0257691	 0.0378334	 0.0606584	 0.0770322	 0.0812275	 0.0862014	 0.0865161	 0.0784436	 0.0672754	 0.0619115	 0.0586549	 0.0729408	 0.0622861	 0.043091	 0.0319912	 0.0217217	 0.0144793	 0.0110748	 	 # 0.0001	 0.0007	 0.0023	 0.0088	 0.0303	 0.0344	 0.0564	 0.0614	 0.0617	 0.0682	 0.0771	 0.0741	 0.0719	 0.0877	 0.0894	 0.0758	 0.0743	 0.0601	 0.0388	 0.0191	 0.0056	 0.0018	 
1985	 1	 3	 1	 2	 0	 1	 100	 0.000315984	 0.000753888	 0.0036739	 0.0199892	 0.0351038	 0.0521647	 0.077905	 0.0845065	 0.0756495	 0.0753291	 0.0766542	 0.0724532	 0.0645349	 0.061384	 0.0576828	 0.0613307	 0.0528753	 0.0391392	 0.0321814	 0.0247155	 0.018025	 0.0136324	 	 # 0.0001	 0.0006	 0.0027	 0.0138	 0.0165	 0.0248	 0.0417	 0.0544	 0.0444	 0.0516	 0.0688	 0.0733	 0.0767	 0.0782	 0.083	 0.0907	 0.0887	 0.086	 0.0625	 0.0322	 0.0075	 0.002	 
1986	 1	 3	 1	 2	 0	 1	 100	 0.00022021	 0.000649641	 0.00412195	 0.0237153	 0.0411829	 0.0596222	 0.0903725	 0.100789	 0.0890218	 0.0846821	 0.0793626	 0.0688098	 0.0576238	 0.0536225	 0.0498325	 0.0478166	 0.0409882	 0.0312791	 0.0268422	 0.0214815	 0.0159792	 0.0119843	 	 # 0.0001	 0.0021	 0.0053	 0.0155	 0.0252	 0.0521	 0.0809	 0.092	 0.0874	 0.0813	 0.0744	 0.0669	 0.0487	 0.0498	 0.0564	 0.0634	 0.0635	 0.0607	 0.0415	 0.0238	 0.0071	 0.0021	 
1987	 1	 3	 1	 2	 0	 1	 100	 0.000149565	 0.000572175	 0.00447711	 0.0268281	 0.0463504	 0.0652414	 0.0968397	 0.106851	 0.0932532	 0.0892016	 0.0843697	 0.0733437	 0.0608723	 0.0554294	 0.0484265	 0.0392445	 0.0312676	 0.0227159	 0.019024	 0.0152605	 0.0115199	 0.00876192	 	 # 0	 0.0004	 0.0095	 0.0362	 0.0521	 0.0708	 0.11	 0.1066	 0.0828	 0.0716	 0.0711	 0.0595	 0.0493	 0.0569	 0.0551	 0.055	 0.0439	 0.0316	 0.022	 0.0108	 0.0039	 0.001	 
1988	 1	 3	 1	 2	 0	 1	 100	 0.000100701	 0.000395528	 0.00329881	 0.021388	 0.0407005	 0.0648516	 0.103574	 0.114155	 0.0976723	 0.0919941	 0.0859866	 0.0742561	 0.0617041	 0.0567955	 0.0493412	 0.0362052	 0.0289192	 0.021442	 0.0178701	 0.0137137	 0.00943146	 0.00620477	 	 # 0.0001	 0.0005	 0.0038	 0.014	 0.0353	 0.0738	 0.1033	 0.1076	 0.088	 0.0931	 0.0833	 0.0726	 0.0516	 0.0514	 0.0492	 0.0491	 0.0387	 0.0315	 0.0256	 0.017	 0.0087	 0.0021	 
1989	 1	 4	 1	 2	 0	 1	 100	 2.97029e-05	 0.000169978	 0.00179457	 0.0127183	 0.0313408	 0.0521485	 0.0799647	 0.0971899	 0.0879234	 0.0780791	 0.0715059	 0.0664664	 0.0595976	 0.0596159	 0.0639394	 0.0689553	 0.0552891	 0.0420891	 0.0296583	 0.0199678	 0.0128166	 0.00873984	 	 # 0	 0.0007	 0.0012	 0.0112	 0.0303	 0.0586	 0.0847	 0.0907	 0.0949	 0.0837	 0.0765	 0.0718	 0.069	 0.0739	 0.0733	 0.0622	 0.0477	 0.0295	 0.0202	 0.0131	 0.0046	 0.0022	 
1990	 1	 4	 1	 2	 0	 1	 100	 2.32138e-05	 0.000136573	 0.00139639	 0.00989633	 0.0260393	 0.0452349	 0.0683399	 0.0820497	 0.0776509	 0.0758325	 0.0754666	 0.0725589	 0.0652215	 0.0649934	 0.0697922	 0.073886	 0.0623409	 0.0501521	 0.0353862	 0.0225298	 0.0131909	 0.00788181	 	 # 0	 0	 0	 0.0028	 0.0077	 0.0234	 0.0384	 0.0423	 0.0537	 0.0703	 0.0749	 0.074	 0.071	 0.0944	 0.104	 0.1	 0.0813	 0.0641	 0.0542	 0.0277	 0.0106	 0.0054	 
1991	 1	 4	 1	 2	 0	 1	 100	 1.9208e-05	 0.000114792	 0.00115361	 0.00817573	 0.022089	 0.0396388	 0.0625228	 0.0782564	 0.0757806	 0.0742496	 0.0732011	 0.0692543	 0.0606356	 0.0591587	 0.0628439	 0.0617041	 0.060751	 0.0613136	 0.05295	 0.0386128	 0.0240918	 0.0134825	 	 # 0.0001	 0.0001	 0	 0.0002	 0.0042	 0.014	 0.0425	 0.0625	 0.0607	 0.0532	 0.0532	 0.0516	 0.0542	 0.0691	 0.0724	 0.0738	 0.076	 0.1043	 0.0913	 0.069	 0.0318	 0.0157	 
1992	 1	 4	 1	 2	 0	 1	 100	 1.54323e-05	 9.22269e-05	 0.00120221	 0.0106403	 0.0276586	 0.0433444	 0.062893	 0.0783126	 0.0764642	 0.0756791	 0.0750462	 0.0715728	 0.0636008	 0.0629138	 0.0659195	 0.061177	 0.0557137	 0.0521911	 0.0444402	 0.034066	 0.0229519	 0.014105	 	 # 0	 0	 0.0026	 0.023	 0.0619	 0.055	 0.0485	 0.0595	 0.0614	 0.0543	 0.0661	 0.0613	 0.0566	 0.0584	 0.058	 0.0634	 0.0662	 0.0722	 0.0629	 0.0427	 0.0175	 0.0085	 
1993	 1	 4	 1	 2	 0	 1	 100	 1.29408e-05	 7.73364e-05	 0.00114241	 0.0113025	 0.0314502	 0.0503185	 0.0723515	 0.0904806	 0.0895596	 0.0885358	 0.0862793	 0.0802824	 0.0701031	 0.0684428	 0.0685014	 0.0554311	 0.0428188	 0.0334057	 0.0246767	 0.017324	 0.0109444	 0.00655899	 	 # 0	 0	 0.0023	 0.0122	 0.046	 0.0808	 0.1102	 0.1113	 0.0983	 0.0913	 0.0794	 0.0605	 0.0426	 0.0427	 0.0443	 0.0464	 0.0373	 0.0357	 0.0297	 0.0183	 0.0067	 0.004	 
1994	 1	 4	 1	 2	 0	 1	 100	 1.02721e-05	 6.13878e-05	 0.00105208	 0.0111972	 0.0329025	 0.0580763	 0.0914202	 0.116795	 0.11371	 0.107776	 0.0982743	 0.084116	 0.066992	 0.0602299	 0.0544458	 0.0340779	 0.0228223	 0.0171992	 0.0126	 0.00847808	 0.00495489	 0.00280952	 	 # 0	 0.0026	 0.012	 0.0347	 0.0401	 0.0785	 0.1203	 0.1322	 0.1291	 0.1163	 0.093	 0.0636	 0.0362	 0.0299	 0.0216	 0.0242	 0.0179	 0.0167	 0.0153	 0.0097	 0.0048	 0.0016	 
1995	 1	 4	 1	 2	 0	 1	 100	 7.19746e-06	 4.30129e-05	 0.000802643	 0.00859153	 0.0254652	 0.0467785	 0.0788077	 0.108414	 0.113701	 0.114142	 0.107734	 0.0940944	 0.0752707	 0.0658645	 0.0566134	 0.0372224	 0.0246494	 0.0170563	 0.0111779	 0.00698998	 0.00409659	 0.00247864	 	 # 0	 0	 0.003	 0.0157	 0.0349	 0.0763	 0.1009	 0.1344	 0.1293	 0.1286	 0.0993	 0.0753	 0.0562	 0.0448	 0.0343	 0.0252	 0.0151	 0.0115	 0.0087	 0.0046	 0.0016	 0.0005	 
1996	 1	 4	 1	 2	 0	 1	 100	 5.19994e-06	 3.10753e-05	 0.000612688	 0.00666172	 0.0198573	 0.0368331	 0.0627339	 0.0875982	 0.0945186	 0.0991988	 0.0994482	 0.0938598	 0.0820221	 0.0775483	 0.0712588	 0.0563139	 0.041646	 0.0297577	 0.0190699	 0.0113541	 0.00624462	 0.00342595	 	 # 0	 0	 0.0005	 0.0069	 0.017	 0.0303	 0.0616	 0.0906	 0.1038	 0.103	 0.104	 0.0923	 0.0847	 0.0856	 0.0666	 0.0564	 0.0421	 0.0276	 0.0154	 0.0075	 0.0028	 0.0012	 
1997	 1	 4	 1	 2	 0	 1	 100	 4.24819e-06	 2.70088e-05	 0.000496819	 0.00540182	 0.0166608	 0.0317286	 0.054424	 0.0758282	 0.0822289	 0.0871942	 0.0878761	 0.0831178	 0.0737844	 0.0729358	 0.0719871	 0.0639001	 0.0574621	 0.0501759	 0.0376243	 0.0247132	 0.0143816	 0.00804725	 	 # 0.0001	 0	 0	 0.0003	 0.0038	 0.0136	 0.0272	 0.0529	 0.0708	 0.0955	 0.0899	 0.0811	 0.0737	 0.0732	 0.0784	 0.0791	 0.081	 0.0759	 0.0536	 0.0307	 0.0141	 0.0051	 
1998	 1	 4	 1	 2	 0	 1	 100	 3.7736e-06	 2.39914e-05	 0.000450292	 0.00510942	 0.0160526	 0.0301137	 0.0508598	 0.0708962	 0.0779585	 0.0841414	 0.0852939	 0.0801908	 0.0708409	 0.0705765	 0.0708387	 0.062646	 0.0584322	 0.0534956	 0.0440644	 0.0331325	 0.0217822	 0.0130965	 	 # 0.0001	 0	 0.0001	 0.0011	 0.0086	 0.014	 0.0274	 0.0404	 0.0609	 0.0687	 0.0679	 0.0653	 0.0652	 0.0726	 0.0845	 0.1007	 0.1009	 0.096	 0.0663	 0.0399	 0.0147	 0.0051	 
1999	 1	 4	 1	 2	 0	 1	 100	 4.90191e-06	 0.000138173	 0.00143406	 0.00972685	 0.0244548	 0.0407676	 0.0641336	 0.0851595	 0.0902617	 0.0956389	 0.0965808	 0.0910063	 0.0803431	 0.0789215	 0.0729858	 0.0470192	 0.0350308	 0.0292645	 0.0235872	 0.0171617	 0.0105397	 0.00583897	 	 # 0.0007	 0.0032	 0.0039	 0.0065	 0.015	 0.0292	 0.0489	 0.0711	 0.0716	 0.0668	 0.0622	 0.0626	 0.0628	 0.0754	 0.0936	 0.082	 0.0681	 0.0686	 0.053	 0.0342	 0.0153	 0.0056	 
2000	 1	 4	 1	 2	 0	 1	 100	 4.47396e-06	 0.00012611	 0.00136169	 0.00940907	 0.0236346	 0.0403637	 0.0666618	 0.0913939	 0.0956147	 0.0981604	 0.0964869	 0.0893302	 0.0782158	 0.0767064	 0.0708722	 0.0458949	 0.0336307	 0.0266111	 0.0206072	 0.0154059	 0.0108777	 0.00863041	 	 # 0.0001	 0.0004	 0.0012	 0.0151	 0.0296	 0.0527	 0.0891	 0.1074	 0.0771	 0.067	 0.0648	 0.0584	 0.0595	 0.0614	 0.0702	 0.074	 0.0537	 0.0522	 0.0355	 0.0213	 0.006	 0.0033	 
2001	 1	 4	 1	 2	 0	 1	 100	 3.9414e-06	 0.000111098	 0.00135958	 0.0102954	 0.0262352	 0.0441188	 0.0708502	 0.0945102	 0.0966461	 0.0977924	 0.0956696	 0.0887442	 0.0778901	 0.0762399	 0.0701516	 0.0462201	 0.0332035	 0.0250267	 0.0180989	 0.0125467	 0.00819819	 0.00608762	 	 # 0	 0	 0.0013	 0.0077	 0.0093	 0.0431	 0.0696	 0.1143	 0.1302	 0.1186	 0.1021	 0.0775	 0.0558	 0.0587	 0.051	 0.0537	 0.0383	 0.0321	 0.0192	 0.0104	 0.0051	 0.0019	 
2002	 1	 4	 1	 2	 0	 1	 100	 3.30165e-06	 9.30652e-05	 0.00115303	 0.00871938	 0.0219764	 0.0375203	 0.0685267	 0.101398	 0.106792	 0.106089	 0.0994014	 0.0878797	 0.0749405	 0.0731497	 0.0683963	 0.0475665	 0.0343392	 0.0243835	 0.0162464	 0.0105115	 0.00651044	 0.0044031	 	 # 0	 0	 0.0002	 0.0008	 0.0012	 0.0135	 0.0378	 0.0763	 0.0924	 0.1152	 0.0895	 0.0784	 0.0761	 0.0797	 0.0844	 0.0883	 0.0723	 0.048	 0.0242	 0.0154	 0.005	 0.0014	 
2003	 1	 4	 1	 2	 0	 1	 100	 2.51831e-06	 0.000155605	 0.00268135	 0.0161922	 0.0316744	 0.0408344	 0.0637257	 0.0930381	 0.0986192	 0.0982072	 0.0918957	 0.0812469	 0.0692894	 0.0678609	 0.064976	 0.0504555	 0.0417769	 0.0342627	 0.0247783	 0.0157341	 0.00846927	 0.00412386	 	 # 0	 0.001	 0.008	 0.0194	 0.0617	 0.0545	 0.0625	 0.0649	 0.0795	 0.076	 0.0732	 0.0691	 0.0628	 0.0703	 0.0712	 0.0624	 0.0573	 0.0497	 0.0323	 0.0182	 0.0047	 0.0013	 
2004	 1	 4	 1	 2	 0	 1	 100	 2.85615e-06	 0.000171537	 0.00176427	 0.010654	 0.0279552	 0.0510897	 0.0780687	 0.0968491	 0.0894894	 0.0836906	 0.0792748	 0.0732981	 0.0642327	 0.0626538	 0.0611058	 0.0533881	 0.046828	 0.0404568	 0.0313588	 0.0223695	 0.0149202	 0.0103778	 	 # 0.0006	 0.0019	 0.0033	 0.0093	 0.0233	 0.0832	 0.1087	 0.162	 0.1172	 0.0656	 0.0608	 0.0525	 0.0381	 0.0469	 0.0417	 0.0389	 0.0373	 0.0372	 0.0329	 0.0262	 0.0087	 0.0038	 
2005	 1	 4	 1	 2	 0	 1	 100	 3.57758e-06	 0.00045602	 0.00415578	 0.0204918	 0.0423754	 0.0645834	 0.0919732	 0.108192	 0.0947264	 0.083061	 0.0736205	 0.0640541	 0.0533354	 0.0503819	 0.0489897	 0.0441292	 0.0394777	 0.0354739	 0.0292801	 0.0226161	 0.0164336	 0.0121896	 	 # 0.0002	 0.0011	 0.0033	 0.0223	 0.0413	 0.0564	 0.0811	 0.1477	 0.14	 0.0881	 0.0685	 0.0827	 0.077	 0.0464	 0.0285	 0.0249	 0.0205	 0.0227	 0.0201	 0.0141	 0.0094	 0.0035	 
2006	 1	 4	 1	 2	 0	 1	 100	 2.21855e-06	 0.000282789	 0.00382762	 0.0247041	 0.0466994	 0.063612	 0.0956512	 0.123402	 0.111024	 0.0935787	 0.0770637	 0.0626909	 0.0510988	 0.0480077	 0.0454171	 0.0396366	 0.0320247	 0.0259374	 0.0198075	 0.014805	 0.0110589	 0.00966761	 	 # 0.0013	 0.0027	 0.0032	 0.0196	 0.0189	 0.0258	 0.06	 0.1214	 0.1202	 0.0958	 0.0713	 0.0748	 0.0587	 0.0478	 0.0464	 0.0565	 0.0631	 0.0578	 0.0304	 0.0137	 0.0082	 0.0023	 
2007	 1	 4	 1	 2	 0	 1	 100	 1.42323e-06	 0.000181412	 0.00245545	 0.0158478	 0.0336135	 0.0560122	 0.09676	 0.129611	 0.117829	 0.0987785	 0.0795168	 0.062531	 0.0492018	 0.0458518	 0.0460733	 0.0457348	 0.039098	 0.0303704	 0.0209964	 0.0139269	 0.00907772	 0.00653021	 	 # 0	 0	 0	 0.0008	 0.0131	 0.0495	 0.0754	 0.1044	 0.0875	 0.0828	 0.0768	 0.082	 0.0688	 0.0652	 0.0567	 0.0642	 0.0696	 0.0523	 0.0316	 0.0131	 0.005	 0.0011	 
2008	 1	 4	 1	 2	 0	 1	 100	 1.10957e-06	 0.000145436	 0.0020139	 0.0131876	 0.0289898	 0.0502612	 0.0889241	 0.12155	 0.114913	 0.100345	 0.082916	 0.0660371	 0.0519758	 0.0481305	 0.0481045	 0.0464997	 0.0398438	 0.0331673	 0.025399	 0.0180782	 0.0117519	 0.00776477	 	 # 0	 0.0004	 0.0008	 0.0038	 0.008	 0.0224	 0.0568	 0.0921	 0.1161	 0.1171	 0.0857	 0.0672	 0.063	 0.0604	 0.0604	 0.071	 0.0637	 0.0567	 0.0288	 0.0162	 0.0064	 0.003	 
2009	 1	 4	 1	 2	 0	 1	 100	 8.87549e-07	 0.000116334	 0.00171535	 0.0137258	 0.0329326	 0.0552037	 0.0913789	 0.120152	 0.112275	 0.0982022	 0.0811645	 0.0640112	 0.0493385	 0.0453936	 0.0468434	 0.0465123	 0.041019	 0.0346415	 0.0263572	 0.0185494	 0.0120784	 0.00838783	 	 # 0	 0	 0.0012	 0.0129	 0.0457	 0.0628	 0.0789	 0.0889	 0.0685	 0.0657	 0.0568	 0.0556	 0.0491	 0.0473	 0.0641	 0.0736	 0.0709	 0.0551	 0.0467	 0.0367	 0.0137	 0.0057	 
2010	 1	 4	 1	 2	 0	 1	 100	 5.87015e-07	 7.6942e-05	 0.00168436	 0.0139875	 0.0319639	 0.0480946	 0.0730515	 0.0932559	 0.0863585	 0.0767452	 0.0667356	 0.0576229	 0.0500675	 0.0516039	 0.0577791	 0.0639399	 0.0606447	 0.0543781	 0.0433424	 0.0318291	 0.021722	 0.0151158	 	 # 0	 0	 0.0024	 0.0231	 0.0963	 0.1296	 0.0906	 0.1173	 0.0593	 0.056	 0.0589	 0.0336	 0.0415	 0.0378	 0.0417	 0.0435	 0.0404	 0.0417	 0.04	 0.028	 0.0137	 0.0046	 
2011	 1	 4	 1	 2	 0	 1	 100	 5.24777e-07	 6.87842e-05	 0.00172252	 0.0145882	 0.0347381	 0.0548109	 0.0832039	 0.102104	 0.0911542	 0.0790984	 0.068201	 0.0588393	 0.0509947	 0.0521747	 0.0573677	 0.0597729	 0.0531925	 0.0453016	 0.035168	 0.0258298	 0.0181357	 0.0135328	 	 # 0	 0.0017	 0.0025	 0.0128	 0.0264	 0.0523	 0.0956	 0.1147	 0.1054	 0.072	 0.0664	 0.0491	 0.0384	 0.0384	 0.047	 0.048	 0.0553	 0.0552	 0.0556	 0.0407	 0.0156	 0.007	 
2012	 1	 4	 1	 2	 0	 1	 100	 5.52442e-07	 7.67347e-05	 0.00174554	 0.0142387	 0.0339794	 0.0551074	 0.0873809	 0.112387	 0.105756	 0.0950427	 0.0819891	 0.0686765	 0.0567194	 0.0549331	 0.0566278	 0.0513375	 0.0394863	 0.0296469	 0.0212238	 0.0150098	 0.0104886	 0.00814672	 	 # 0	 0.0006	 0.0057	 0.0206	 0.0434	 0.0678	 0.0933	 0.1154	 0.112	 0.0993	 0.078	 0.0689	 0.0459	 0.0297	 0.0401	 0.0438	 0.0376	 0.0356	 0.0293	 0.0191	 0.0102	 0.0037	 
2013	 1	 4	 1	 2	 0	 1	 100	 4.39202e-07	 6.10055e-05	 0.00152362	 0.0127822	 0.0307863	 0.0501678	 0.0799476	 0.104238	 0.101296	 0.0959656	 0.0887516	 0.0799785	 0.0693598	 0.0671074	 0.0653841	 0.0532355	 0.0369152	 0.0252943	 0.0164543	 0.0103971	 0.00629783	 0.00405591	 	 # 0	 0.0008	 0.0031	 0.0092	 0.0249	 0.0484	 0.0703	 0.0816	 0.0759	 0.0878	 0.1068	 0.1056	 0.0803	 0.0498	 0.0598	 0.0577	 0.0496	 0.0358	 0.0266	 0.0163	 0.0063	 0.0036	 
2014	 1	 4	 1	 2	 0	 1	 100	 7.24588e-07	 0.000111937	 0.00217582	 0.0159468	 0.0352878	 0.0518132	 0.0773415	 0.0999642	 0.0974052	 0.0929739	 0.0869101	 0.0793784	 0.0698864	 0.0684804	 0.0659351	 0.0501545	 0.0358301	 0.0265863	 0.0186315	 0.0123494	 0.00767211	 0.00516478	 	 # 0	 0.0006	 0.0011	 0.0084	 0.036	 0.0324	 0.0736	 0.1108	 0.095	 0.0884	 0.0844	 0.0661	 0.0504	 0.0473	 0.0574	 0.0722	 0.0706	 0.0435	 0.0336	 0.0184	 0.0074	 0.0024	 
2015	 1	 4	 1	 2	 0	 1	 100	 1.0496e-06	 9.77986e-05	 0.00183123	 0.0134211	 0.0335152	 0.0577823	 0.0921831	 0.117453	 0.107326	 0.0965295	 0.0872688	 0.077888	 0.0668958	 0.0639555	 0.0583987	 0.0386255	 0.0283955	 0.0219584	 0.0161384	 0.0107638	 0.00623493	 0.00333685	 	 # 0.0002	 0.0003	 0.0014	 0.0012	 0.009	 0.0305	 0.0845	 0.1077	 0.1146	 0.1021	 0.0926	 0.0841	 0.0588	 0.0504	 0.055	 0.0527	 0.0458	 0.033	 0.0284	 0.0246	 0.0148	 0.0082	 
2016	 1	 4	 1	 2	 0	 1	 100	 3.12945e-06	 0.000477174	 0.00722313	 0.0429442	 0.0805244	 0.0889454	 0.100537	 0.119585	 0.106424	 0.0921645	 0.0789983	 0.0664831	 0.0540191	 0.0491013	 0.0412308	 0.0228564	 0.0160775	 0.0128563	 0.0095172	 0.00601241	 0.00294903	 0.00107043	 	 # 0.0001	 0.0044	 0.0257	 0.065	 0.1017	 0.0909	 0.0846	 0.0785	 0.0569	 0.0614	 0.0685	 0.0665	 0.0611	 0.0491	 0.0471	 0.0427	 0.0349	 0.0242	 0.0173	 0.0094	 0.0057	 0.0043	 
2017	 1	 4	 1	 2	 0	 1	 100	 1.27719e-06	 0.000194744	 0.00575347	 0.0447209	 0.103257	 0.139477	 0.158015	 0.142863	 0.0955698	 0.0673562	 0.0533474	 0.0448546	 0.0365754	 0.0325503	 0.0269539	 0.0173481	 0.0117106	 0.0080824	 0.0052368	 0.00322474	 0.00183901	 0.00106763	 	 # 0	 0	 0.0097	 0.0803	 0.126	 0.1257	 0.1571	 0.1286	 0.0795	 0.0643	 0.0583	 0.0368	 0.0283	 0.0191	 0.0225	 0.0205	 0.0164	 0.013	 0.0076	 0.0039	 0.002	 0.0005	 
2018	 1	 4	 1	 2	 0	 1	 100	 6.13105e-07	 9.34853e-05	 0.0030365	 0.0258718	 0.0662251	 0.105892	 0.146216	 0.155761	 0.121989	 0.0951971	 0.0756114	 0.0585738	 0.0419364	 0.0326127	 0.0252764	 0.0177671	 0.0117535	 0.00756313	 0.00440744	 0.00240511	 0.00121373	 0.000597635	 	 # 0	 0	 0.0011	 0.018	 0.058	 0.1307	 0.168	 0.1575	 0.1134	 0.0855	 0.0734	 0.0628	 0.0392	 0.0313	 0.0221	 0.0179	 0.0103	 0.0056	 0.0028	 0.0014	 0.0008	 0.0003	 
2019	 1	 4	 1	 2	 0	 1	 100	 6.47866e-07	 8.91248e-05	 0.00182448	 0.014531	 0.0381256	 0.0662503	 0.100684	 0.118971	 0.107398	 0.0973278	 0.0895318	 0.0813569	 0.0692185	 0.0617178	 0.0524305	 0.0424468	 0.0275132	 0.0161679	 0.00828104	 0.00388221	 0.00162743	 0.00062391	 	 # 0	 0	 0.0004	 0.0065	 0.0371	 0.0627	 0.0855	 0.095	 0.1002	 0.1084	 0.1117	 0.1037	 0.085	 0.0744	 0.0516	 0.0366	 0.0207	 0.0105	 0.0055	 0.0025	 0.0015	 0.0004	 
2021	 1	 4	 1	 2	 0	 1	 100	 5.72687e-07	 0.000341292	 0.0073994	 0.041068	 0.0680903	 0.0746844	 0.0928752	 0.108689	 0.0994582	 0.0918015	 0.0859535	 0.0792752	 0.0681956	 0.0609794	 0.0483075	 0.0273211	 0.0164379	 0.0117167	 0.00813313	 0.00512309	 0.00278975	 0.00135891	 	 # 0.0001	 0.0005	 0.0017	 0.003	 0.0081	 0.023	 0.0324	 0.0513	 0.066	 0.0981	 0.1341	 0.1419	 0.1258	 0.1076	 0.0841	 0.0589	 0.0332	 0.0205	 0.0067	 0.0022	 0.0006	 0.0003	 
2022	 1	 4	 1	 2	 0	 1	 100	 5.2366e-07	 0.000320948	 0.00812285	 0.0459198	 0.0778877	 0.0844282	 0.098736	 0.109505	 0.0956765	 0.0857127	 0.0793751	 0.0731664	 0.0631341	 0.0567461	 0.0451954	 0.0259314	 0.0165063	 0.0124992	 0.00919203	 0.00621662	 0.00371837	 0.00200885	 	 # 0	 0.0004	 0.0062	 0.0357	 0.0757	 0.0671	 0.0624	 0.0573	 0.0662	 0.0711	 0.0802	 0.0786	 0.0769	 0.0741	 0.0776	 0.0638	 0.0497	 0.0316	 0.0173	 0.0061	 0.0013	 0.0008	 
2023	 1	 4	 1	 2	 0	 1	 100	 4.3392e-07	 0.000441675	 0.00940397	 0.0520523	 0.0884791	 0.0949645	 0.108	 0.116532	 0.09705	 0.0824822	 0.0733389	 0.0655171	 0.0550412	 0.0485268	 0.0383589	 0.0222996	 0.0144988	 0.0112586	 0.00853996	 0.00607855	 0.00406652	 0.0030687	 	 # 0	 0.0061	 0.0438	 0.0414	 0.0532	 0.0916	 0.0975	 0.0969	 0.053	 0.0369	 0.0316	 0.0389	 0.0426	 0.0661	 0.0672	 0.0696	 0.0658	 0.0514	 0.0256	 0.0144	 0.0049	 0.0015	 
2024	 1	 4	 1	 2	 0	 1	 100	 5.96036e-06	 0.00133742	 0.0144739	 0.0677116	 0.108782	 0.109971	 0.115693	 0.11942	 0.0950936	 0.077391	 0.0662927	 0.0569184	 0.0455311	 0.0382495	 0.0297798	 0.0188471	 0.0119856	 0.00843381	 0.00581057	 0.00388469	 0.00251626	 0.00187124	 	 # 0.0003	 0.0084	 0.026	 0.0624	 0.1111	 0.1316	 0.1178	 0.1247	 0.0892	 0.0707	 0.0608	 0.0446	 0.0312	 0.0245	 0.0236	 0.0207	 0.0164	 0.0177	 0.0118	 0.005	 0.0013	 0.0002	 
2025	 1	 4	 1	 2	 0	 1	 100	 3.61341e-06	 0.000754706	 0.00791157	 0.0370117	 0.0654068	 0.0852642	 0.117933	 0.138644	 0.117073	 0.096604	 0.0810949	 0.0662749	 0.0491387	 0.03851	 0.0303156	 0.0231476	 0.0164459	 0.0116554	 0.00757383	 0.00467619	 0.00276548	 0.00179481	 	 # 0	 0.0001	 0	 0.0022	 0.0125	 0.0491	 0.1002	 0.1527	 0.1922	 0.1269	 0.092	 0.0993	 0.0539	 0.0321	 0.0249	 0.0212	 0.0172	 0.0124	 0.0069	 0.0032	 0.0008	 0.0005	 

##  Growth data (increment)
# Type of growth increment (0=no growth data;1=size-at-release; 2= size-class-at-release)
1
# nobs_growth
294
# Growth data
 25.2 1 7.6 0.03
 25.2 1 7.6 0.03
 25.4 1 6.4 0.03
 25.6 1 5.8 0.03
 25.6 1 5.8 0.03
 25.7 1 7.57 0.03
 25.7 1 5.47 0.03
 25.8 1 4.9 0.03
 25.9 1 5.2 0.03
 25.9 1 5.2 0.03
 26 1 6.2 0.03
 26.1 1 5.4 0.03
 26.3 1 73 0.03
 26.5 1 6.7 0.03
 26.7 1 8.1 0.03
 27.1 1 5.5 0.03
 27.2 1 6.1 0.03
 27.4 1 7.4 0.03
 27.6 1 5.4 0.03
 27.9 1 8.9 0.03
 28.8 1 6.8 0.03
 28.9 1 7.05 0.03
 29 1 6.9 0.03
 29.1 1 7 0.03
 29.7 1 7.3 0.03
 29.9 1 10 0.03
 30.3 1 10 0.03
 30.7 1 9.8 0.03
 44.2 1 14.5 0.03
 44.7 1 12.6 0.03
 53.56 1 12.14 0.03
 54.84 1 13.11 0.03
 56.07 1 15.92 0.03
 56.5 1 13.5 0.03
 56.5 1 15.74 0.03
 56.95 1 13.08 0.03
 57 1 13 0.03
 57.42 1 16.56 0.03
 57.44 1 18.13 0.03
 57.63 1 10.97 0.03
 57.63 1 10.97 0.03
 58.47 1 16.29 0.03
 58.7 1 13.8 0.03
 59.3 1 15.8 0.03
 59.86 1 14.75 0.03
 60.3 1 14.8 0.03
 60.48 1 16.67 0.03
 60.6 1 16.49 0.03
 60.62 1 18.51 0.03
 60.8 1 17.6 0.03
 60.82 1 18.14 0.03
 60.86 1 18.14 0.03
 61.09 1 19.86 0.03
 61.45 1 16 0.03
 61.59 1 18.43 0.03
 61.94 1 17.02 0.03
 62.15 1 19.03 0.03
 62.28 1 14.5 0.03
 62.3 1 19.5 0.03
 62.57 1 17.38 0.03
 62.72 1 16.99 0.03
 62.78 1 17.11 0.03
 63.09 1 18.22 0.03
 63.37 1 20.62 0.03
 63.75 1 15.92 0.03
 63.81 1 15.49 0.03
 63.89 1 15.2 0.03
 64 1 20.7 0.03
 64 1 20.7 0.03
 64.01 1 16.54 0.03
 64.21 1 19.03 0.03
 64.37 1 18.02 0.03
 64.59 1 19.2 0.03
 64.7 1 18 0.03
 65.02 1 15.07 0.03
 65.42 1 15.41 0.03
 65.76 1 16.12 0.03
 65.79 1 17.23 0.03
 65.85 1 18.38 0.03
 65.94 1 17.1 0.03
 65.97 1 17.13 0.03
 66.01 1 15.5 0.03
 66.04 1 18.42 0.03
 66.37 1 16.64 0.03
 66.52 1 19.72 0.03
 67.05 1 17.45 0.03
 67.1 1 16.74 0.03
 67.23 1 18.33 0.03
 67.34 1 16.47 0.03
 67.44 1 16.9 0.03
 67.6 1 18.4 0.03
 67.66 1 20.98 0.03
 67.86 1 16.64 0.03
 67.88 1 19.73 0.03
 67.9 1 17.4 0.03
 68.75 1 17.95 0.03
 68.86 1 19.66 0.03
 69.03 1 16.55 0.03
 69.05 1 20.67 0.03
 69.06 1 15.05 0.03
 69.36 1 17.91 0.03
 69.57 1 17.28 0.03
 69.69 1 17.44 0.03
 69.8 1 17.27 0.03
 70.19 1 21.96 0.03
 70.25 1 9.9 0.03
 70.87 1 19 0.03
 71.04 1 27.79 0.03
 71.2 1 20.37 0.03
 71.4 1 18.98 0.03
 71.71 1 21.25 0.03
 71.71 1 9.65 0.03
 72.19 1 16.38 0.03
 72.26 1 18.82 0.03
 72.37 1 17.49 0.03
 72.4 1 18.54 0.03
 72.53 1 15.7 0.03
 72.53 1 15.91 0.03
 73.19 1 17.15 0.03
 73.27 1 18.17 0.03
 73.41 1 21.45 0.03
 73.54 1 17.55 0.03
 73.61 1 18.48 0.03
 73.89 1 19.77 0.03
 73.89 1 15.82 0.03
 73.97 1 18.41 0.03
 74.01 1 19.55 0.03
 74.06 1 18.78 0.03
 74.5 1 19.4 0.03
 74.97 1 19.7 0.03
 75.19 1 20.88 0.03
 75.35 1 20.39 0.03
 75.43 1 20.28 0.03
 75.54 1 17.67 0.03
 75.66 1 18.98 0.03
 75.71 1 15.11 0.03
 75.72 1 17.96 0.03
 75.98 1 20.66 0.03
 76.31 1 21.82 0.03
 76.81 1 17.28 0.03
 77.1 1 20.36 0.03
 77.22 1 20.94 0.03
 78.05 1 21.3 0.03
 78.1 1 19.17 0.03
 78.21 1 17.75 0.03
 78.53 1 19.58 0.03
 78.72 1 17.39 0.03
 79.61 1 21.33 0.03
 79.9 1 17.9 0.03
 80.14 1 20.19 0.03
 80.7 1 14.18 0.03
 80.85 1 22.16 0.03
 80.88 1 18.23 0.03
 82.89 1 21.87 0.03
 83.12 1 21.36 0.03
 84.6 1 20.13 0.03
 87.29 1 22.7 0.03
 89.8 1 20.2 0.03
 89.9 1 22.2 0.03
 89.9 1 22.4 0.03
 93.8 1 23.8 0.03
 25 2 6.1 0.03
 25.1 2 7.1 0.03
 25.2 2 6.8 0.03
 25.2 2 6.8 0.03
 25.3 2 8.2 0.03
 25.4 2 6.3 0.03
 25.4 2 6.3 0.03
 25.5 2 9.1 0.03
 25.5 2 7.4 0.03
 25.5 2 9.1 0.03
 25.5 2 7.4 0.03
 25.5 2 5.72 0.03
 25.7 2 6.8 0.03
 25.7 2 7.6 0.03
 25.7 2 4.2 0.03
 25.8 2 7.8 0.03
 25.8 2 6.3 0.03
 25.9 2 6.8 0.03
 25.9 2 6.8 0.03
 25.9 2 5.7 0.03
 25.9 2 6.7 0.03
 26 2 7.1 0.03
 26 2 6.8 0.03
 26 2 6.2 0.03
 26.1 2 7.1 0.03
 26.2 2 6.4 0.03
 26.2 2 6.4 0.03
 26.2 2 7 0.03
 26.3 2 6.5 0.03
 26.3 2 3.9 0.03
 26.4 2 5.4 0.03
 26.4 2 5.4 0.03
 26.4 2 6.2 0.03
 26.4 2 7.3 0.03
 26.5 2 7.4 0.03
 26.5 2 7.2 0.03
 26.5 2 6.19 0.03
 26.6 2 8.3 0.03
 26.7 2 5 0.03
 26.7 2 4.5 0.03
 26.7 2 5.7 0.03
 26.9 2 7.5 0.03
 26.9 2 7.6 0.03
 26.9 2 6.2 0.03
 27 2 7.7 0.03
 27.1 2 5.93 0.03
 27.1 2 6.3 0.03
 27.1 2 6.2 0.03
 27.1 2 5.6 0.03
 27.2 2 7.2 0.03
 27.2 2 7.3 0.03
 27.2 2 6.3 0.03
 27.4 2 7.7 0.03
 27.4 2 7.1 0.03
 27.4 2 6.8 0.03
 27.5 2 7.3 0.03
 27.5 2 6.5 0.03
 27.6 2 5.3 0.03
 27.6 2 5.14 0.03
 27.7 2 5.81 0.03
 28 2 7 0.03
 28 2 6.8 0.03
 28.1 2 6.4 0.03
 28.1 2 6.4 0.03
 28.1 2 6.5 0.03
 28.1 2 6.3 0.03
 28.2 2 8.02 0.03
 28.2 2 7.6 0.03
 28.2 2 8.02 0.03
 28.2 2 7.6 0.03
 28.2 2 7.6 0.03
 28.3 2 6.44 0.03
 28.3 2 7.24 0.03
 28.4 2 6.5 0.03
 28.5 2 7.9 0.03
 28.5 2 7.5 0.03
 28.5 2 7.63 0.03
 28.6 2 6.9 0.03
 28.6 2 6.8 0.03
 28.7 2 8.4 0.03
 28.7 2 7.3 0.03
 28.7 2 8.4 0.03
 28.7 2 7.3 0.03
 28.7 2 5.8 0.03
 28.7 2 6.76 0.03
 28.9 2 7 0.03
 28.9 2 5.9 0.03
 28.9 2 6.8 0.03
 29 2 7.7 0.03
 29 2 7.7 0.03
 29 2 6.9 0.03
 29.1 2 9.3 0.03
 29.1 2 9.3 0.03
 29.1 2 7.5 0.03
 29.1 2 2.7 0.03
 29.1 2 4.82 0.03
 29.2 2 9.3 0.03
 29.2 2 7.6 0.03
 29.3 2 6.1 0.03
 29.3 2 6.34 0.03
 29.4 2 7.3 0.03
 29.4 2 7.3 0.03
 29.5 2 8.9 0.03
 29.6 2 6.6 0.03
 29.6 2 5.88 0.03
 29.8 2 7.38 0.03
 30 2 6.08 0.03
 30.3 2 6.7 0.03
 30.4 2 6.8 0.03
 30.6 2 5.8 0.03
 30.6 2 6.15 0.03
 30.9 2 7.5 0.03
 30.9 2 7.5 0.03
 30.9 2 6.6 0.03
 31 2 6.5 0.03
 31.7 2 7.35 0.03
 31.8 2 7.8 0.03
 32.8 2 12.1 0.01
 33.3 2 8.04 0.01
 34.9 2 9.9 0.01
 34.9 2 9.9 0.01
 35.3 2 12.3 0.01
 38.3 2 12.6 0.01
 38.9 2 14.1 0.01
 41 2 14.8 0.01
 42.1 2 12.5 0.01
 44.2 2 15.3 0.01
 44.3 2 15 0.01
 44.8 2 14.9 0.01
 45.2 2 14.4 0.01
 46.9 2 13.5 0.01
 47 2 14.4 0.01
 47.9 2 13.5 0.01

# Environmental data
# Number of series
0
# Year ranges
#--none
# Indices
# Index Year Value
#--none

## eof
9999
