#========================================================================================================																													
#	Gmacs	Main	Data	File	Version	1.1:	BBRKC	Example																					
#	GEAR_INDEX	DESCRIPTION																											
#	1	:	Pot	fishery	retained	catch.																							
#	1	:	Pot	fishery	with	discarded	catch.																						
#	2	:	Trawl	bycatch																									
#	3	:	Trawl	survey																									
#	Fisheries:	1	Pot	"Fishery,"	2	Pot	"Discard,"	3	Trawl	"by-catch,"	4	Tanner bycatch 5 fixed gear																	
#	Surveys:	6	NMFS	Trawl	"Survey,"	7	BSFRF	Survey																					
#========================================================================================================																													
1982	# Start	year																											
2019	# End	year																											
3	# Number of seasons																												
4	# Number of fleets (fishing fleets and surveys)																												
2	# Number of sexes																												
1	# Number of shell condition types																												
2	# Number of maturity types																												
22	# Number of size-classes in the	model																											
3	# Season recruitment occurs																												
3	# Season molting and growth occurs																												
3	# Season to calculate SSB																												
1	# Season for N output																												
# maximum size-class (males then females)																													
22 22																													
#	size_breaks (a	vector	giving	the	break	points	between	size	"intervals,"	dim=nclass+1)																			
25	30	35	40	45	50	55	60	65	70	75	80	85	90	95	100	105	110	115	120	125	130	135							
#	Natural	mortality	per	season	input	type	(1	=	vector	by	"season,"	2	=	matrix	by	season/year)													
1																													
#	Proportion of the total	natural	mortality to be	applied	each	season																							
#0.625 0.00 0.375																													
0.62 0.01 0.37																													
# Fishing fleet	names (delimited with spaces; no spaces in names)																												
Pot_Fishery Trawl_Bycatch																													
# Survey names (delimited with spaces; no spaces in names)																													
NMFS_Trawl_1982 NMFS_Trawl_1989																													
# Are the seasons instantaneous (0) or continuous (1)																													
1 1 1																													
# Input catch data format (0: old; 1:new)																													
0																													
# Number of catch data frames																													
4																													
# Number of rows in each data frame																													
38	38	38	38
##		##																											
##	CATCH	DATA																											
##	Type of	"catch: 1 = retained, 2"	"= discard, 0 ="	total																									
##	Units of catch:	"1 = biomass, 2 = numbers"																											
##	for snow Units	are in 1000 mt	for landed & discards.																										
##		##																											
##	Male	retained	pot	fishery	(tonnes)																								
#year	seas	fleet	sex	obs	cv	type	units	mult	effort	discard_mortality																			
1982	2	1	1	11.8518			0.04	1	1	1	0	0.3																	
1983	2	1	1	12.1623			0.04	1	1	1	0	0.3																	
1984	2	1	1	29.9369			0.04	1	1	1	0	0.3																	
1985	2	1	1	44.4455			0.04	1	1	1	0	0.3																	
1986	2	1	1	46.2231			0.04	1	1	1	0	0.3																	
1987	2	1	1	61.3965			0.04	1	1	1	0	0.3																	
1988	2	1	1	67.7927			0.04	1	1	1	0	0.3																	
1989	2	1	1	73.32605206		0.04	1	1	1	0	0.3																	
1990	2	1	1	149.072180273048	0.04	1	1	1	0	0.3
1991	2	1	1	143.018480206128	0.04	1	1	1	0	0.3
1992	2	1	1	104.66823413884	0.04	1	1	1	0	0.3
1993	2	1	1	67.944778543056	0.04	1	1	1	0	0.3
1994	2	1	1	34.159644749704	0.04	1	1	1	0	0.3
1995	2	1	1	29.799258503416	0.04	1	1	1	0	0.3
1996	2	1	1	54.239421420376	0.04	1	1	1	0	0.3
1997	2	1	1	110.439909297432	0.04	1	1	1	0	0.3
1998	2	1	1	88.151462997856	0.04	1	1	1	0	0.3
1999	2	1	1	15.100687307648	0.04	1	1	1	0	0.3
2000	2	1	1	11.456093731328	0.04	1	1	1	0	0.3
2001	2	1	1	14.7986159190237	0.04	1	1	1	0	0.3
2002	2	1	1	12.842016871808	0.04	1	1	1	0	0.3
2003	2	1	1	10.860068853816	0.04	1	1	1	0	0.3
2004	2	1	1	11.290870123776	0.04	1	1	1	0	0.3
2005	2	1	1	16.77106071288	0.04	1	1	1	0	0.3
2006	2	1	1	16.490631541208	0.04	1	1	1	0	0.3
2007	2	1	1	28.589012905312	0.04	1	1	1	0	0.3
2008	2	1	1	26.556835923608	0.04	1	1	1	0	0.3
2009	2	1	1	21.778806657688	0.04	1	1	1	0	0.3
2010	2	1	1	24.6133534144	0.04	1	1	1	0	0.3
2011	2	1	1	40.292873101984	0.04	1	1	1	0	0.3
2012	2	1	1	30.052523864576	0.04	1	1	1	0	0.3
2013	2	1	1	24.486386663312	0.04	1	1	1	0	0.3
2014	2	1	1	30.817760330504	0.04	1	1	1	0	0.3
2015	2	1	1	18.421027014032	0.04	1	1	1	0	0.3
2016	2	1	1	9.78439447668	0.04	1	1	1	0	0.3
2017	2	1	1	8.601679645016	0.04	1	1	1	0	0.3
2018	2	1	1	12.509270852448	0.04	1	1	1	0	0.3
2019	2	1	1	15.433265044376	0.04	1	1	1	0	0.3
##	Male	discard	pot	fishery																									
#year	seas	fleet	sex	obs	cv	type	units	mult	effort	discard_mortality																			
1982	2	1	1	1.2665			0.07	2	1	1	0	0.3																	
1983	2	1	1	1.23826			0.07	2	1	1	0	0.3																	
1984	2	1	1	2.75873			0.07	2	1	1	0	0.3																	
1985	2	1	1	4.01467			0.07	2	1	1	0	0.3																	
1986	2	1	1	4.24531			0.07	2	1	1	0	0.3																	
1987	2	1	1	5.52241			0.07	2	1	1	0	0.3																	
1988	2	1	1	5.81669			0.07	2	1	1	0	0.3																	
1989	2	1	1	6.68474			0.07	2	1	1	0	0.3																	
1990	2	1	1	35.5465562095417	0.07	2	1	1	0	0.3
1991	2	1	1	9.02779563294146	0.07	2	1	1	0	0.3
1992	2	1	1	21.1834415760531	0.07	2	1	1	0	0.3
1993	2	1	1	22.2701583523816	0.07	2	1	1	0	0.3
1994	2	1	1	7.78206439591139	0.07	2	1	1	0	0.3
1995	2	1	1	14.7306237864452	0.07	2	1	1	0	0.3
1996	2	1	1	23.2300353821624	0.07	2	1	1	0	0.3
1997	2	1	1	7.10251374427153	0.07	2	1	1	0	0.3
1998	2	1	1	19.9104358073479	0.07	2	1	1	0	0.3
1999	2	1	1	4.12991982661068	0.07	2	1	1	0	0.3
2000	2	1	1	3.25339876525434	0.07	2	1	1	0	0.3
2001	2	1	1	3.98488712651814	0.07	2	1	1	0	0.3
2002	2	1	1	4.50081981059033	0.07	2	1	1	0	0.3
2003	2	1	1	2.45292246349378	0.07	2	1	1	0	0.3
2004	2	1	1	3.58488762871696	0.07	2	1	1	0	0.3
2005	2	1	1	0.622698696502844	0.07	2	1	1	0	0.3
2006	2	1	1	4.17454493803792	0.07	2	1	1	0	0.3
2007	2	1	1	5.76824116559381	0.07	2	1	1	0	0.3
2008	2	1	1	5.11393725356141	0.07	2	1	1	0	0.3
2009	2	1	1	4.28472161496942	0.07	2	1	1	0	0.3
2010	2	1	1	4.47376148288991	0.07	2	1	1	0	0.3
2011	2	1	1	3.72522673356899	0.07	2	1	1	0	0.3
2012	2	1	1	5.52856629603888	0.07	2	1	1	0	0.3
2013	2	1	1	10.6144072270591	0.07	2	1	1	0	0.3
2014	2	1	1	11.6187436042016	0.07	2	1	1	0	0.3
2015	2	1	1	10.90202454883	0.07	2	1	1	0	0.3
2016	2	1	1	4.51492759417163	0.07	2	1	1	0	0.3
2017	2	1	1	5.88232917956583	0.07	2	1	1	0	0.3
2018	2	1	1	8.62504001891633	0.07	2	1	1	0	0.3
2019	2	1	1	15.6077666701562	0.07	2	1	1	0	0.3
##	Female	discard																											
#year	seas	fleet	sex	obs	cv	type	units	mult	effort	discard_mortality																			
1982	2	1	2	0.015556	0.07	2	1	1	0	0.3																			
1983	2	1	2	0.0108887	0.07	2	1	1	0	0.3																			
1984	2	1	2	0.010782	0.07	2	1	1	0	0.3																			
1985	2	1	2	0.0108527	0.07	2	1	1	0	0.3																			
1986	2	1	2	0.0239127	0.07	2	1	1	0	0.3																			
1987	2	1	2	0.0345783	0.07	2	1	1	0	0.3																			
1988	2	1	2	0.0367518	0.07	2	1	1	0	0.3																			
1989	2	1	2	0.0477847	0.07	2	1	1	0	0.3																			
1990	2	1	2	1.52265965863943	0.07	2	1	1	0	0.3
1991	2	1	2	0.199924588417077	0.07	2	1	1	0	0.3
1992	2	1	2	0.278295622421399	0.07	2	1	1	0	0.3
1993	2	1	2	0.115559031110383	0.07	2	1	1	0	0.3
1994	2	1	2	0.0781261884907289	0.07	2	1	1	0	0.3
1995	2	1	2	0.021310661702215	0.07	2	1	1	0	0.3
1996	2	1	2	0.100573669945353	0.07	2	1	1	0	0.3
1997	2	1	2	0.0990138702161506	0.07	2	1	1	0	0.3
1998	2	1	2	0.00760041904324053	0.07	2	1	1	0	0.3
1999	2	1	2	0.00802050559609549	0.07	2	1	1	0	0.3
2000	2	1	2	0.000918842468912956	0.07	2	1	1	0	0.3
2001	2	1	2	0.0159913694010944	0.07	2	1	1	0	0.3
2002	2	1	2	0.00183588446377711	0.07	2	1	1	0	0.3
2003	2	1	2	0.000821388761053258	0.07	2	1	1	0	0.3
2004	2	1	2	0.0014784297972461	0.07	2	1	1	0	0.3
2005	2	1	2	0.00353372220581866	0.07	2	1	1	0	0.3
2006	2	1	2	0.00124945519313769	0.07	2	1	1	0	0.3
2007	2	1	2	0.018368231087425	0.07	2	1	1	0	0.3
2008	2	1	2	0.0173897965858076	0.07	2	1	1	0	0.3
2009	2	1	2	0.0124123820381476	0.07	2	1	1	0	0.3
2010	2	1	2	0.0100496404614937	0.07	2	1	1	0	0.3
2011	2	1	2	0.190936000431846	0.07	2	1	1	0	0.3
2012	2	1	2	0.0571378051879034	0.07	2	1	1	0	0.3
2013	2	1	2	0.115653820913199	0.07	2	1	1	0	0.3
2014	2	1	2	0.29894180440904	0.07	2	1	1	0	0.3
2015	2	1	2	0.114997309956948	0.07	2	1	1	0	0.3
2016	2	1	2	0.0332320913502436	0.07	2	1	1	0	0.3
2017	2	1	2	0.0280113038115586	0.07	2	1	1	0	0.3
2018	2	1	2	0.0221893157567928	0.07	2	1	1	0	0.3
2019	2	1	2	0.0214132915886582	0.07	2	1	1	0	0.3
##	Bycatch	from all 																											
#year	seas	fleet	sex	obs	cv	type	units	mult	effort	discard_mortality																			
1982	2	2	0	0.367285		0.2	2	1	1	0	1																		
1983	2	2	0	0.473323		0.2	2	1	1	0	1																		
1984	2	2	0	0.502882		0.2	2	1	1	0	1																		
1985	2	2	0	0.431674		0.2	2	1	1	0	1																		
1986	2	2	0	0.00005			0.2	2	1	1	0	1																		
1987	2	2	0	0.002804		0.2	2	1	1	0	1																		
1988	2	2	0	0.001931		0.2	2	1	1	0	1																		
1989	2	2	0	0.100212		0.2	2	1	1	0	1																		
1990	2	2	0	0.331561206834102	0.1	2	1	1	0	1
1991	2	2	0	4.45056510496463	0.1	2	1	1	0	1
1992	2	2	0	2.0494434836808	0.1	2	1	1	0	1
1993	2	2	0	1.1259227925613	0.1	2	1	1	0	1
1994	2	2	0	0.699169109458274	0.1	2	1	1	0	1
1995	2	2	0	1.04390244096282	0.1	2	1	1	0	1
1996	2	2	0	1.22335891483662	0.1	2	1	1	0	1
1997	2	2	0	0.726351141124542	0.1	2	1	1	0	1
1998	2	2	0	0.578201979314174	0.1	2	1	1	0	1
1999	2	2	0	0.241415518701522	0.1	2	1	1	0	1
2000	2	2	0	0.247213600140356	0.1	2	1	1	0	1
2001	2	2	0	0.181251368251813	0.1	2	1	1	0	1
2002	2	2	0	0.104225114460185	0.1	2	1	1	0	1
2003	2	2	0	0.136253673900845	0.1	2	1	1	0	1
2004	2	2	0	0.179524033724942	0.1	2	1	1	0	1
2005	2	2	0	0.188688114493371	0.1	2	1	1	0	1
2006	2	2	0	0.363270650926848	0.1	2	1	1	0	1
2007	2	2	0	0.305645583671174	0.1	2	1	1	0	1
2008	2	2	0	0.188951942584393	0.1	2	1	1	0	1
2009	2	2	0	0.388750104617836	0.1	2	1	1	0	1
2010	2	2	0	0.138054690547551	0.1	2	1	1	0	1
2011	2	2	0	0.139623974566371	0.1	2	1	1	0	1
2012	2	2	0	0.1504211639946	0.1	2	1	1	0	1
2013	2	2	0	0.162109446502765	0.1	2	1	1	0	1
2014	2	2	0	0.617396969214794	0.1	2	1	1	0	1
2015	2	2	0	1.58187850918595	0.1	2	1	1	0	1
2016	2	2	0	0.0350713236311788	0.1	2	1	1	0	1
2017	2	2	0	0.101232616275947	0.1	2	1	1	0	1
2018	2	2	0	0.401392627269252	0.1	2	1	1	0	1
2019	2	2	0	0.210518829064968	0.1	2	1	1	0	1
##	RELATIVE	ABUNDANCE	DATA																										
# Input abundance data format (0: old; 1:new)																													
0																													
##	Number	of	relative	abundance	indicies																								
4																													
# Index Type  (1=Selecivity; 2=retention)																													
1 1 1 1																													
##	Number	of	rows of index data																										
76
##	Survey	data																											
##  Mature: 1=mature; 2=immature; 0=combined																													
##  Index: indicates if a different q is estimated for the survey																													
##	Units:	of	Abundance:	1	=	"biomass,"	2	=	numbers		(Units for snow crab are in 1000 mt.)																		
#Index Year	Season	Fleet	Sex Mature	Obs		CV		Units	Timing	RAI																			
1	1982	1	3	2	1	141.492000713347	0.158453362565569	1	0	1
1	1983	1	3	2	1	82.1821314580155	0.202513111697348	1	0	1
1	1984	1	3	2	1	39.3686378866757	0.199801561612919	1	0	1
1	1985	1	3	2	1	5.88913821299534	0.215444708660892	1	0	1
1	1986	1	3	2	1	15.1739557834732	0.208775452376609	1	0	1
1	1987	1	3	2	1	119.55120143744	0.188936091535149	1	0	1
1	1988	1	3	2	1	165.618574549038	0.176562445268525	1	0	1
2	1989	1	4	2	1	256.727533751669	0.324162566521812	1	0	2
2	1990	1	4	2	1	174.94184588605	0.210417837422485	1	0	2
2	1991	1	4	2	1	199.019575176495	0.242710432754576	1	0	2
2	1992	1	4	2	1	123.479179063344	0.201645069978923	1	0	2
2	1993	1	4	2	1	127.080564677938	0.166262690396058	1	0	2
2	1994	1	4	2	1	122.60395733716	0.140025005609801	1	0	2
2	1995	1	4	2	1	164.958521831314	0.13621072499988	1	0	2
2	1996	1	4	2	1	104.429105530683	0.151494117623505	1	0	2
2	1997	1	4	2	1	101.393429032752	0.196958975127053	1	0	2
2	1998	1	4	2	1	70.1826636932359	0.280132609932778	1	0	2
2	1999	1	4	2	1	29.8489754608652	0.238358392756879	1	0	2
2	2000	1	4	2	1	93.8820933853643	0.53867228576359	1	0	2
2	2001	1	4	2	1	74.8401024931202	0.296941732061633	1	0	2
2	2002	1	4	2	1	29.5080611942114	0.318966757796024	1	0	2
2	2003	1	4	2	1	38.7614576956064	0.406033028958188	1	0	2
2	2004	1	4	2	1	47.7426489181972	0.27950071347701	1	0	2
2	2005	1	4	2	1	62.6031340770991	0.223264714859875	1	0	2
2	2006	1	4	2	1	50.5924362889234	0.203562564017867	1	0	2
2	2007	1	4	2	1	54.4486054497502	0.323707006159477	1	0	2
2	2008	1	4	2	1	49.3519599571903	0.235248512949306	1	0	2
2	2009	1	4	2	1	50.0017450615409	0.230841877449593	1	0	2
2	2010	1	4	2	1	94.9560696728096	0.183636174287044	1	0	2
2	2011	1	4	2	1	169.117354666679	0.192171127585698	1	0	2
2	2012	1	4	2	1	143.252851035284	0.234781550538836	1	0	2
2	2013	1	4	2	1	125.67181083375	0.206738316138733	1	0	2
2	2014	1	4	2	1	111.361857527118	0.213974576243242	1	0	2
2	2015	1	4	2	1	81.6277699926336	0.18286333982271	1	0	2
2	2016	1	4	2	1	53.1241818969891	0.206034736023932	1	0	2
2	2017	1	4	2	1	105.882964864136	0.219326395874879	1	0	2
2	2018	1	4	2	1	165.448352278054	0.199848997750133	1	0	2
2	2019	1	4	2	1	109.225882772988	0.196982285117444	1	0	2
3	1982	1	3	1	1	172.376311803425	0.137672590482913	1	0	3
3	1983	1	3	1	1	147.607936493576	0.125745079654206	1	0	3
3	1984	1	3	1	1	166.493879740492	0.11809394959155	1	0	3
3	1985	1	3	1	1	70.0197244287684	0.106383722063543	1	0	3
3	1986	1	3	1	1	85.7842993971314	0.111755621865519	1	0	3
3	1987	1	3	1	1	185.380551113439	0.106531785007417	1	0	3
3	1988	1	3	1	1	251.021878502988	0.149473540241556	1	0	3
4	1989	1	4	1	1	272.611276958136	0.107479841133939	1	0	4
4	1990	1	4	1	1	370.6030414688	0.138804919072894	1	0	4
4	1991	1	4	1	1	396.951658362058	0.146783824609653	1	0	4
4	1992	1	4	1	1	223.189316773193	0.0935105478661627	1	0	4
4	1993	1	4	1	1	215.021963686823	0.105030158261864	1	0	4
4	1994	1	4	1	1	140.674169453409	0.0836820542485329	1	0	4
4	1995	1	4	1	1	205.735323808817	0.127413857407473	1	0	4
4	1996	1	4	1	1	270.82202336726	0.124971945552857	1	0	4
4	1997	1	4	1	1	281.367098492756	0.0949941902815062	1	0	4
4	1998	1	4	1	1	199.470389094276	0.0896271298462897	1	0	4
4	1999	1	4	1	1	90.5773544747643	0.0896501231364168	1	0	4
4	2000	1	4	1	1	88.2639296137244	0.136138643626889	1	0	4
4	2001	1	4	1	1	117.136114969842	0.116307987897813	1	0	4
4	2002	1	4	1	1	84.3372586243607	0.226758298481348	1	0	4
4	2003	1	4	1	1	61.2435197385217	0.118666633242819	1	0	4
4	2004	1	4	1	1	71.7701246941394	0.137811185143317	1	0	4
4	2005	1	4	1	1	125.122913280965	0.112658847783127	1	0	4
4	2006	1	4	1	1	138.687884724827	0.260356089768817	1	0	4
4	2007	1	4	1	1	148.912252443534	0.14742330595097	1	0	4
4	2008	1	4	1	1	126.24989092834	0.101776163036285	1	0	4
4	2009	1	4	1	1	133.420112805404	0.128305998570058	1	0	4
4	2010	1	4	1	1	157.481190762131	0.121562793976423	1	0	4
4	2011	1	4	1	1	167.681161504047	0.114164472193153	1	0	4
4	2012	1	4	1	1	124.009627747215	0.118587539658112	1	0	4
4	2013	1	4	1	1	93.1168035943211	0.11812299701488	1	0	4
4	2014	1	4	1	1	164.041221542642	0.163949853665845	1	0	4
4	2015	1	4	1	1	76.9622777584471	0.117512078798174	1	0	4
4	2016	1	4	1	1	62.8200164647323	0.107936516495982	1	0	4
4	2017	1	4	1	1	82.8410457921809	0.130962611119783	1	0	4
4	2018	1	4	1	1	232.99410370336	0.170348243614935	1	0	4
4	2019	1	4	1	1	202.888150748876	0.171822356978459	1	0	4
999 #chk      <-NEW as of version 2.20.29												
# Input abundance data format (0: old; 1:new)							#																						
0																													
## Number of length frequency matrices	 																												
13																													
## Number of rows in each matrix																													
38	30	30	29	29	7	31	7	31	7	31	7	31
##	Number	of	bins	in	each	matrix	(columns	of	size	data)																			
22	22	22	22	22	22	22	22	22	22	22	22	22																	
##	SIZE COMPOSITION DATA FOR ALL FLEETS																												
##	SIZE	COMP	LEGEND																										
##	Sex: 1	"= male,"	"2 = female, 0"	#NAME?																									
##	Type of	composition: 1	"= retained, 2 ="	"discard, 0 = total composition"																									
##	Maturity	state:	1	=	"mature,"	2	=	"immature,"	0	=	both	states	combined																
##	Shell	condition:	1	=	new	"shell,"	2	=	old	"shell,"	0	=	both	shell	types	combined													
##		##																											
#Retained	males																												
#Year	Season	Fleet	Sex	Type	Shell	Maturity	Nsamp	27.5	32.5	37.5	42.5	47.5	52.5	57.5	62.5	67.5	72.5	77.5	82.5	87.5	92.5	97.5	102.5	107.5	112.5	117.5	122.5	127.5	132.5																					
1982	2	1	1	1	0	0	100	0	0	0	0	0	0	0	0	0	0.000194628	0.000389257	0.000973141	0.003697937	0.01985206	0.1329311	0.3435186	0.2763725	0.1405216	0.05663681	0.01848965	0.004865703	0.001557026
1983	2	1	1	1	0	0	100	0	0	0	0	0	0	0	0	0	0	0.000238284	0.00039714	0.00127085	0.00833996	0.0518665	0.1884829	0.2749805	0.2584595	0.1475775	0.05409058	0.01199365	0.002303416
1984	2	1	1	1	0	0	100	0	0	0	0	0	0	0	6.74E-05	0	0.000202265	0.000134844	0.001685545	0.005326318	0.02117045	0.068568	0.1681495	0.2284249	0.2343583	0.1687563	0.0788161	0.02009168	0.00424758
1985	2	1	1	1	0	0	100	0	0	0	0	0	0	0	0	0	5.20E-05	0.000311705	0.00135072	0.00493532	0.02613126	0.09081	0.1857234	0.22105	0.2136211	0.149203	0.0753285	0.02576755	0.00571458
1986	2	1	1	1	0	0	100	0	0	0	0	0	0	0	0	0	0	0	0.001191021	0.00458085	0.03041682	0.100962	0.166193	0.2188732	0.2183231	0.1511677	0.0790655	0.02382047	0.00540541
1987	2	1	1	1	0	0	100	0	0	0	0	0	0	0	0	0	0	0	0.002413513	0.010324468	0.01863771	0.0754894	0.1863766	0.2288815	0.2153393	0.1543311	0.0821936	0.02252612	0.003486185
1988	2	1	1	1	0	0	100	0	0	0	0	0	0	0	0	0	0	0	0.00274904	0.00655697	0.02184975	0.0728395	0.1607883	0.2005376	0.2102102	0.1661033	0.1072941	0.041256	0.00981511
1989	2	1	1	1	0	0	100	0	0	0	0	0	0	0	6.23E-05	0.000218007	0.000342583	0.001463768	0.002616093	0.006882809	0.026129722	0.08770124	0.19701647	0.21859907	0.17951344	0.14366726	0.08944532	0.035753259	0.010588944
1990	2	1	1	1	0	0	100	0	0	0	0	0	0	0	0	0	0	0	0	0.000723327305605787	0.00216998191681736	0.00976491862567812	0.0314647377938517	0.0741410488245931	0.149005424954792	0.2	0.241591320072333	0.148643761301989	0.14249547920434
1991	2	1	1	1	0	0	100	0	0	0	0	0	0	5.45327632841811e-06	5.45327632841811e-06	1.63598289852543e-05	0.000239944158450397	0.000572594014483902	0.00188683360963267	0.00432444812843556	0.0147292993630573	0.0439915801413489	0.119050475525696	0.18643115783963	0.225067620626472	0.196781476310968	0.128675508245354	0.0564523165517843	0.0215622546025652
1992	2	1	1	1	0	0	100	0	0	0	0	0	7.98110075341591e-06	7.98110075341591e-06	4.38960541437875e-05	2.39433022602477e-05	0.000159622015068318	0.000706327416677308	0.00249808453581918	0.0065205593155408	0.0168600753415911	0.0456040097050185	0.119333418465075	0.189567105095135	0.240821734133572	0.206187747414123	0.119161824798876	0.0408951602605031	0.01160052994509
1993	2	1	1	1	0	0	100	0	0	0	0	0	0	1.15547492908273e-05	1.15547492908273e-05	8.66606196812045e-05	0.000392861475888127	0.0012305807994731	0.00358197228015645	0.00714083506173125	0.0200474900195853	0.0609455251344684	0.150685485501678	0.211665674884019	0.220741930451964	0.174372721547874	0.100318333342962	0.0375356030712524	0.0112312163106841
1994	2	1	1	1	0	0	100	0	0	0	1.92165415990084e-05	0	2.88248123985126e-05	9.60827079950421e-06	1.92165415990084e-05	8.64744371955379e-05	0.000874352642754883	0.00304582184344284	0.00754249257761081	0.0130576400165262	0.0358772831653487	0.0965150801810198	0.177272596250853	0.202455874016353	0.185968081324404	0.141452962710301	0.0875313469834834	0.0362327891849304	0.0120103384993803
1995	2	1	1	1	0	0	100	0	0	0	0	0	0	1.02920895000103e-05	4.11683580000412e-05	0.000164673432000165	0.000566064922500566	0.00218192297400218	0.00700891294950701	0.0177950227455178	0.0418682200860419	0.106646631399107	0.194232313044194	0.212531648175213	0.187573331137688	0.129052510240629	0.0694716041250695	0.0237541425660238	0.0071015417550071
1996	2	1	1	1	0	0	100	0	0	0	0	0	0	0	0	3.9151815078147e-05	0.000101794719203182	0.000501143233000282	0.00166786732232906	0.00542644156983118	0.021995489710903	0.0955304287906787	0.253782065336549	0.262403295016757	0.188531650327309	0.104707614244996	0.0464653741347449	0.0149951451749303	0.00385253860368967
1997	2	1	1	1	0	0	100	0	0	0	0	0	0	0	5.5229700323646e-06	2.20918801294584e-05	0.000127028310744386	0.00034794711203897	0.0006240956136572	0.00185571793087451	0.00738421093327148	0.0425931448895958	0.159243794943169	0.245368989627862	0.244010338999901	0.16949995029327	0.0858048624228165	0.0329445162430549	0.0101677878295832
1998	2	1	1	1	0	0	100	0	0	0	0	0	0	0	1.97748305956179e-05	2.63664407941572e-05	9.22825427795502e-05	0.000210931526353258	0.000665752630052469	0.00188520051678224	0.00905028080259446	0.0468663485116144	0.161856988425132	0.247257890157408	0.249070582962006	0.173946001529254	0.0796727924697445	0.0239473198512933	0.00543148680359638
1999	2	1	1	1	0	0	100	0	0	0	0	0	0	0	0.000104224569205114	0.000173707615341857	0.000173707615341857	0.000451639799888827	0.00104224569205114	0.00142440244580322	0.00660088938299055	0.0353321289605336	0.131079766536965	0.217204002223457	0.261916342412451	0.20115341856587	0.105892162312396	0.0299124513618677	0.00753891050583658
2000	2	1	1	1	0	0	100	0	0	0	0	0	0	0	3.36202259279182e-05	0	0.000100860677783755	0.000537923614846692	0.00141204948897257	0.00322754168908015	0.00695938676707907	0.0280392684238838	0.111350188273265	0.193618881118881	0.244082840236686	0.223305540613233	0.132228348574502	0.0434373318988704	0.0116662183969876
2001	2	1	1	1	0	0	100	0	0	0	0	0	0	3.42125970782442e-05	0	0.000102637791234733	0.000239488179547709	0.000821102329877861	0.0017790550480687	0.00396866126107633	0.0126586609189504	0.0514899586027575	0.179581922063704	0.224058298265421	0.214581408874748	0.169318142940231	0.097642752061309	0.0352047623935133	0.00851893667248281
2002	2	1	1	1	0	0	100	0	0	0	0	0	0	0	0	0	0.000104043837136714	0.000762988139002566	0.00239300825414441	0.0068668932510231	0.0244156204480821	0.0962405493514601	0.249601165290976	0.263092182839703	0.186966775334674	0.110876049108691	0.0441492682250121	0.0119650412707221	0.00256641464937227
2003	2	1	1	1	0	0	100	0	0	0	0	0	0	0	3.6187305493233e-05	0.000108561916479699	0.000180936527466165	0.000289498443945864	0.000434247665918796	0.00144749221972932	0.00665846421075487	0.0392270391546645	0.154375045234132	0.244915683578201	0.250379966707679	0.183180140406745	0.0869219077947456	0.0264167330100601	0.00542809582398495
2004	2	1	1	1	0	0	100	0	0	0	0	0	0	0	4.4674767691208e-05	4.4674767691208e-05	0.000312723373838456	0.00044674767691208	0.00089349535382416	0.00245711222301644	0.00826483202287348	0.0301554681915654	0.096006075768406	0.174008220157255	0.228779485346676	0.225384203002144	0.150419942816297	0.064644388849178	0.0181379556826304
2005	2	1	1	1	0	0	100	0	0	0	0	0	0	0	0	2.46974561620153e-05	2.46974561620153e-05	0.000271672017782168	0.000469251667078291	0.000815016053346505	0.00167942701901704	0.00664361570758212	0.0450234625833539	0.116448505803902	0.208742899481353	0.256483082242529	0.217238824401087	0.108273647814275	0.0378612002963695
2006	2	1	1	1	0	0	100	0	0	0	0	0	0	0	0	2.89737497826969e-05	2.89737497826969e-05	5.79474995653938e-05	0.000753317494350119	0.00153560873848293	0.00480964246392768	0.0356956597322826	0.208524077186069	0.333429912499276	0.239497015703772	0.0983658805122559	0.0456336559077476	0.0203105985976705	0.0113287361650345
2007	2	1	1	1	0	0	100	0	0	0	0	0	0	0	0	4.01123144805455e-05	6.01684717208183e-05	0.000100280786201364	0.000340954673084637	0.00128359406337746	0.00435218612113919	0.037204171680706	0.210449257922182	0.322001604492579	0.234075411151223	0.116706778981147	0.054191736863217	0.0156237464901725	0.00356999598876855
2008	2	1	1	1	0	0	100	0	0	0	0	0	0	0	0	0	2.01967160139761e-05	0.000121180296083857	0.000403934320279523	0.000929048936642902	0.00521075273160584	0.0387978914628481	0.184900935107951	0.284066810736574	0.237513380324359	0.141578979257973	0.0756367014723406	0.0257912063498475	0.00502898228748006
2009	2	1	1	1	0	0	100	0	0	0	0	0	0	0	0	3.25256139209628e-05	3.25256139209628e-05	9.75768417628883e-05	0.000195153683525777	0.000455358594893479	0.00253699788583509	0.0187998048463165	0.116701902748414	0.213107822410148	0.234834932509351	0.212067002764677	0.136672629695886	0.0518458285900146	0.0126199382013335
2010	2	1	1	1	0	0	100	0	0	0	0	0	0	0	0	0	0	0	8.2092819614711e-05	0.000355735551663748	0.0015050350262697	0.0104257880910683	0.0615969789842382	0.143306698774081	0.228108581436077	0.26975700525394	0.191577276707531	0.075005472854641	0.0182793345008757
2011	2	1	1	1	0	0	100	0	0	0	0	0	0	0	0	1.70943093044326e-05	0	0.000188037402348758	0.000529923588437409	0.00116241303270141	0.00211969435374964	0.0123762799364092	0.0655395818731944	0.142104993247748	0.217542180208209	0.255935998905964	0.194276825244876	0.0831296261474555	0.0250773517496026
2012	2	1	1	1	0	0	100	0	0	0	0	0	0	0	0	2.15842866393266e-05	0	6.47528599179797e-05	0.000280595726311245	0.000798618605655083	0.0034966544355709	0.0257716382473559	0.124390243902439	0.20127347291172	0.214849989207857	0.20353982300885	0.144506799050291	0.0608892726095403	0.0201165551478524
2013	2	1	1	1	0	0	100	0	0	0	0	0	0	0	0	0	5.1263648946532e-05	0.00012815912236633	0.00012815912236633	0.000974009329984108	0.00712564720356795	0.0630030245552878	0.21833188086328	0.259009586302353	0.198364689598606	0.128979340749475	0.079689342287384	0.0335776900599785	0.0106372071564054
2014	2	1	1	1	0	0	100	0	0	0	0	0	0	0	2.18684394681596e-05	2.18684394681596e-05	2.18684394681596e-05	2.18684394681596e-05	0.000349895031490553	0.000612316305108467	0.00441742477256823	0.0399755073477957	0.203354618614416	0.292402904128761	0.227213086074178	0.126968159552134	0.067026766969909	0.0282540237928621	0.00933782365290413
2015	2	1	1	1	0	0	100	0	0	0	0	0	0	0	0	0	3.27332242225859e-05	0.000196399345335516	0.000229132569558101	0.000490998363338789	0.00304418985270049	0.0351554828150573	0.141472995090016	0.196988543371522	0.185597381342062	0.163895253682488	0.145466448445172	0.0913584288052373	0.0360720130932897
2016	2	1	1	1	0	0	100	0	0	0	0	0	0	0	0	0	9.77039570102589e-05	0.000146555935515388	0.000146555935515388	0.000586223742061553	0.00337078651685393	0.0348314606741573	0.156277479237909	0.226722032242306	0.196336101612115	0.161944308744504	0.130337078651685	0.0651196873473376	0.0240840254030288
2017	2	1	1	1	0	0	100	0	0	0	0	0	0	0	0	0.000131926121372032	0	0.000263852242744063	0.000263852242744063	0.000527704485488127	0.00521108179419525	0.0631266490765171	0.253298153034301	0.283311345646438	0.205672823218997	0.1155672823219	0.0515831134564644	0.0172163588390501	0.00382585751978892
2018	2	1	1	1	0	0	100	0	0	0	0	0	0	9.08059023836549e-05	0	0	0.00018161180476731	0.000454029511918275	0.000953461975028377	0.00149829738933031	0.00449489216799092	0.0572531214528944	0.238274687854711	0.27155505107832	0.19800227014756	0.123087400681044	0.0652894438138479	0.0290578887627696	0.00980703745743473
2019	2	1	1	1	0	0	100	0	0	0	0	0	0	0	0	0	6.43790639284105e-05	9.65685958926157e-05	0.000386274383570463	0.000836927831069336	0.00968904912122578	0.0960857529131526	0.293890426833194	0.269072297688792	0.161366123736561	0.0868795467713899	0.0466748213480976	0.023369600206013	0.0115882315071139
# Total	males						
#Year	Season	Fleet	Sex	Type	Shell	Maturity	Nsamp	27.5	32.5	37.5	42.5	47.5	52.5	57.5	62.5	67.5	72.5	77.5	82.5	87.5	92.5	97.5	102.5	107.5	112.5	117.5	122.5	127.5	132.5																					
1990	2	1	1	0	0	0	100	3.13636933885334e-05	3.13636933885334e-05	1.25454773554134e-05	5.01819094216535e-05	9.40910801656003e-05	0.000169363944298081	0.000520637310249655	0.00195709446744449	0.0035629155689374	0.00914565299209635	0.0157947559904654	0.022776314138753	0.0451198093087442	0.0981432693513988	0.156962739932254	0.194655626646594	0.16356793375988	0.134010789110526	0.0884957972650859	0.0446368084305608	0.0153807552377368	0.0047860996110902
1991	2	1	1	0	0	0	100	1.6461989266783e-05	0	8.2309946333915e-06	8.2309946333915e-06	8.2309946333915e-06	8.2309946333915e-06	0.000148157903401047	0.000296315806802094	0.00098771935600698	0.003679254601126	0.00721035129885095	0.0134906002041287	0.0221578375530899	0.048776874197478	0.085421262305337	0.135292858789056	0.174488855233266	0.197757877061864	0.162364600138281	0.0932654001909591	0.0383975899647713	0.0161739044546143
1992	2	1	1	0	0	0	100	0	0	0	7.35326558524641e-06	0	1.47065311704928e-05	0.000139712046119682	0.00028677735782461	0.000764739620865626	0.00443401914790358	0.0101033869141286	0.0213244701972146	0.0333176463667515	0.0532008765092578	0.0774004735503037	0.127483565451417	0.173022339220848	0.212604967866229	0.166580878568172	0.0877391649631601	0.0252217009573952	0.0063532214656529
1993	2	1	1	0	0	0	100	5.98813152332078e-06	0	0	0	0	5.98813152332078e-06	4.19169206632454e-05	0.000275454050072756	0.00165871243195986	0.00793427426840003	0.0247669119804547	0.0416953597968826	0.0495278358293862	0.0705761181338587	0.0975526506464188	0.135529380767319	0.162859213039755	0.172679748738001	0.131846679880477	0.0698156254303969	0.0254076420534501	0.00782049976945694
1994	2	1	1	0	0	0	100	0	0	0	0	0	1.29362759048925e-05	0.000336343173527205	0.00272955421593232	0.0107888541046803	0.0426638379343355	0.081110449923676	0.095430907350392	0.0868282838736385	0.087966676153269	0.0976688830819384	0.118884375565962	0.123140410338672	0.105016687795917	0.07942873405604	0.0444878528369253	0.0178520607487517	0.00565315257043802
1995	2	1	1	0	0	0	100	0	0	0	0	0	0	0.000210451550107199	0.00176253173214779	0.00569534507477607	0.0225972351927605	0.0499427834848146	0.0857063937811567	0.10747497599537	0.125481736751417	0.119944230339222	0.125021373985558	0.117760795506859	0.107369750220316	0.0761045418075157	0.0385652465571442	0.0129953832191195	0.00336722480171518
1996	2	1	1	0	0	0	100	0	0	0	7.78646401096334e-06	0	0	7.00781760986701e-05	0.000459401376646837	0.00185317843460928	0.00629924938486934	0.0160245429345626	0.036526302675429	0.0659824960289034	0.117957143302084	0.174518017877721	0.204893013984489	0.169986295823341	0.113152895007319	0.0585542093624443	0.0246052262746442	0.0075606565546454	0.00154171987417074
1997	2	1	1	0	0	0	100	0	0	0	3.67963615757674e-06	0	0.000103029812412149	0.00018030217172126	0.000588741785212278	0.00174414753869137	0.00579910658434094	0.0124150923956639	0.0249442535122127	0.0432541230323146	0.0813346776270762	0.137898044641346	0.173388135381174	0.179643516849054	0.156965919209909	0.10404539199164	0.0514265949382925	0.0196418978091446	0.00662334508363813
1998	2	1	1	0	0	0	100	0	0	0	0	0	8.87193363793639e-06	8.87193363793639e-05	0.000434724748258883	0.00141063744843189	0.00447145455351994	0.00995430954176463	0.0209998669209954	0.0362152331100563	0.0747016812314244	0.130364192875837	0.177287849886883	0.187206671694096	0.172807523399725	0.115485960165018	0.0510047464844963	0.0143725324934569	0.00318502417601916
1999	2	1	1	0	0	0	100	1.9702880561138e-05	0	0	0	0	0	5.91086416834141e-05	0.00132009299759625	0.00323127241202664	0.00711273988257083	0.0116641052921937	0.0149544863459038	0.0172794262521181	0.0353469677266816	0.0733932300902392	0.126295464396895	0.179315915986917	0.215628324861095	0.18039957441778	0.096209165780037	0.0312093628088427	0.00656105922685897
2000	2	1	1	0	0	0	100	0	0	0	0	0	1.53701910514748e-05	4.61105731544243e-05	0.000368884585235394	0.000906841272037011	0.00224404789351532	0.00697806673736955	0.0165998063355927	0.0283426322989195	0.048723505633175	0.0931279875808856	0.152856550006917	0.189037979742088	0.1948940225327	0.158804813943837	0.078311123407264	0.0229630654309033	0.00577919183535451
2001	2	1	1	0	0	0	100	0	0	0	1.11522505241558e-05	0	2.23045010483115e-05	0.00021189275995896	0.000657982780925191	0.00210777534906544	0.00863184190569657	0.0189588258910648	0.0364232502118928	0.0507985011375296	0.0779542311638489	0.131964580452335	0.185093901949413	0.177722264352946	0.142548066199759	0.0966454030423339	0.0500847571039836	0.0161261542579293	0.00403711468974439
2002	2	1	1	0	0	0	100	0	8.12611734113441e-05	9.48047023132347e-05	4.0630586705672e-05	2.70870578037814e-05	1.35435289018907e-05	0.000176065875724579	0.000907416436426675	0.00308792458963107	0.0091554255376781	0.0225093450349423	0.045966737093017	0.0730808819546021	0.122392870686386	0.179126713256406	0.197843870198819	0.158405114036513	0.102646405547429	0.0551357061595969	0.0222791050436102	0.00568828213879408	0.00134080936128718
2003	2	1	1	0	0	0	100	0	0	0	0	0	2.27852716004375e-05	9.11410864017499e-05	0.00027342325920525	0.000865840320816624	0.00373678454247175	0.00715457528253737	0.014218009478673	0.0235827561064528	0.0516086401749909	0.0946728034998177	0.159155122129056	0.199234414874225	0.203518045935108	0.148332118118848	0.0700647101713452	0.0190257017863653	0.00444312796208531
2004	2	1	1	0	0	0	100	0	0	0	0	2.27066303360581e-05	4.54132606721163e-05	0.000113533151680291	0.00224795640326975	0.00535876475930972	0.0106267029972752	0.0135558583106267	0.0168483197093551	0.0227520435967302	0.0376702997275204	0.0645776566757493	0.104019073569482	0.162193460490463	0.200544959128065	0.185853769300636	0.118346957311535	0.0440281562216167	0.0111943687556767
2005	2	1	1	0	0	0	100	0	0	0	0	7.9203529309266e-06	8.71238822401926e-05	0.000324734470167991	0.000871238822401926	0.00198008823273165	0.00460172505286836	0.0123636709251764	0.0290518545506388	0.0417006581813286	0.0487418519369223	0.0609787972152039	0.0914325542346167	0.123042682781945	0.169709402250964	0.182651258940098	0.140974361817563	0.0657706107384145	0.0257094656137878
2006	2	1	1	0	0	0	100	0	0	0	0	0	0	5.89525314216992e-05	0.000359610441672365	0.00080764968047728	0.00289456929280543	0.0095267290777466	0.0334142948098191	0.0582274152852123	0.0756832598391775	0.119508571698069	0.209664678001273	0.238804914283019	0.14586624849671	0.0588110453462872	0.0287865210932157	0.0127396420402292	0.00484589808286368
2007	2	1	1	0	0	0	100	0	0	4.49016429511156e-06	0	0	4.49016429511156e-06	1.34704928853347e-05	0.000237978707640913	0.000790268915939634	0.00263123627693537	0.00598987916967882	0.0173410145077208	0.0319205779739481	0.0653767921368243	0.123205618093566	0.215774845201586	0.240219299624173	0.167375364264578	0.0808454081334836	0.0353555536597084	0.0104531024790197	0.00246061003372113
2008	2	1	1	0	0	0	100	0	0	0	0	5.20231815296896e-06	0	5.20231815296896e-06	9.88440449064103e-05	0.000457803997461269	0.00120173549333583	0.00312139089178138	0.0101809366253603	0.0220058057870587	0.0537711604290872	0.1211671921008	0.214574814537358	0.235628596102423	0.176972458927698	0.0963105159659144	0.0465555451509193	0.0150190925076214	0.00292370280196856
2009	2	1	1	0	0	0	100	0	0	0	0	0	0	3.85914134105162e-05	0.000192957067052581	0.000713941148094549	0.00210323203087313	0.00491397330760572	0.00960283003698344	0.016671490593343	0.0389966232513266	0.0915709921209198	0.153928284290079	0.190448625180897	0.186640939057726	0.160437369351986	0.09794500723589	0.0367711850779868	0.0090239588358257
2010	2	1	1	0	0	0	100	0	0	0	0	0	0	5.30906735613755e-06	3.18544041368253e-05	0.000122108549191164	0.000408798186422591	0.000854759844338145	0.00215548134659184	0.00482063315937289	0.0161554919647266	0.0483178220082078	0.0989981789898969	0.154945130788874	0.209755942173638	0.230838248644861	0.15919769374114	0.058978429259332	0.0144141178719134
2011	2	1	1	0	0	0	100	0	0	0	0	6.04799690342559e-06	0.000139103928778788	0.000622943681052835	0.00187487904006193	0.0022921908263983	0.00339897425972518	0.00602985291271531	0.0125798335591252	0.0160997677569189	0.0235871879233598	0.0487105670601897	0.0921351848267854	0.134791706986646	0.186804480356106	0.214891377975614	0.162848364621637	0.0699027482097929	0.0232847880781885
2012	2	1	1	0	0	0	100	0	0	4.27120439421508e-06	0	0	1.28136131826452e-05	0.000132407336220668	0.000700477520651273	0.00151200635555214	0.00325892895278611	0.00846125590494008	0.0183747213039133	0.0281344233446947	0.0448049340953162	0.0905452619529655	0.155352246226391	0.176148740421824	0.168853523316505	0.145554103346062	0.100685101184832	0.0434338774847732	0.0140138216174197
2013	2	1	1	0	0	0	100	0	0	0	0	0	2.91611989418651e-05	9.58153679518424e-05	0.000662375804536649	0.00157470474286071	0.00474910954196088	0.0130600512403924	0.0322231248307609	0.0508238038701077	0.0895873690349726	0.162194588514654	0.203765960549064	0.176246120519069	0.121448061821742	0.0763273552875502	0.0444375013018392	0.0172509321168947	0.00551563248557562
2014	2	1	1	0	0	0	100	0	0	0	0	0	9.51289234735375e-06	9.98853696472144e-05	0.000713466926051531	0.00195014293120752	0.00685403893626838	0.0193159279113018	0.0412479012181259	0.0526823978196451	0.0726404459643932	0.131387312655476	0.199970510033723	0.202305925104999	0.139720606351758	0.0746333969111639	0.0376520279108261	0.014454839921804	0.00435690469508802
2015	2	1	1	0	0	0	100	0	0	0	0	6.6917383797963e-06	6.6917383797963e-06	0.000167293459494908	0.000461729948205945	0.00206105542097726	0.00588203803584095	0.0158928786520162	0.0327226006772039	0.0510981142681246	0.0854401156332392	0.133734391520229	0.159477509067306	0.149245841084597	0.120377681714156	0.0952635875747802	0.0795313106438791	0.0478994633225819	0.0207243137622292
2016	2	1	1	0	0	0	100	0	0	0	0	0	1.10734613425465e-05	8.85876907403716e-05	0.000365424224304033	0.00161672535601178	0.00606825681571546	0.0165548247071069	0.0339290855535623	0.0504949837220118	0.0789537793723562	0.129648085398534	0.161096715611366	0.152913427679224	0.12276039244347	0.0977122228866299	0.0804708435762851	0.046608198790778	0.0207073727105619
2017	2	1	1	0	0	0	100	0	0	0	0	0	4.64716406812743e-05	0.000360155215279875	0.00191695517810256	0.00414759393080373	0.0119548295652578	0.027755187396891	0.0458558914422474	0.0651300044148059	0.108290540697539	0.177359016660083	0.199061272858238	0.160710551386017	0.105885633292283	0.0569161419243906	0.0247926203034598	0.00734251922764133	0.00247461486627785
2018	2	1	1	0	0	0	100	0	0	0	0	0	0.000108365255931643	0.000373860132964169	0.00193431981837983	0.00432377371167256	0.0128304463023066	0.0354246021640542	0.0700635562226039	0.0959682706530632	0.129870340971278	0.173178515504359	0.181761043774145	0.13313213517482	0.082536397180336	0.0443809905668045	0.0224966271314091	0.00863671089775196	0.00298004453812019
2019	2	1	1	0	0	0	100	0	0	0	0	3.05822555636768e-06	2.44658044509415e-05	0.000198784661163899	0.000770672840204656	0.00255667656512338	0.00830614061109463	0.0232883876117399	0.0587362800355977	0.103692195714203	0.171202524871019	0.232474073892846	0.189594693367015	0.107869731824201	0.0548553918045672	0.0266065623403989	0.0122726591577035	0.00534272004697434	0.0022049806261411
# Discard	females							1	2	3	4	5	6	7	8	9	10	11	12	13	14	15	16	17	18	19	20	21	22
#Year	Season	Fleet	Sex	Type	Shell	Maturity	Nsamp	27.5	32.5	37.5	42.5	47.5	52.5	57.5	62.5	67.5	72.5	77.5	82.5	87.5	92.5	97.5	102.5	107.5	112.5	117.5	122.5	127.5	132.5
1990	2	1	2	2	0	0	100	0.000830823553847752	0.00103852944230969	0.00446567660193167	0.00820438259424655	0.0314674421019836	0.121611797694465	0.215598712223492	0.252466507425485	0.230865095025444	0.0998026794059612	0.0229515006750441	0.00571191193270329	0.00197320594038841	0.00145394121923357	0.000934676498078721	0.000207705888461938	0.000103852944230969	0	0	0	0	0.000103852944230969
1991	2	1	2	2	0	0	100	0	0	0.000731528895391368	0.00146305779078274	0.0131675201170446	0.0351133869787857	0.0819312362838332	0.141185076810534	0.264813460131675	0.264081931236284	0.0885149963423555	0.0343818580833943	0.013899049012436	0.0204828090709583	0.013899049012436	0.013899049012436	0.00658376005852231	0.00585223116313094	0	0	0	0
1992	2	1	2	2	0	0	100	0	0	0	0	0.00364583333333333	0.0458333333333333	0.0833333333333333	0.159375	0.219270833333333	0.231770833333333	0.1359375	0.075	0.0208333333333333	0.01875	0.00416666666666667	0.00208333333333333	0	0	0	0	0	0
1993	2	1	2	2	0	0	100	0	0	0	0.000785545954438335	0.00549882168106834	0.0416339355852317	0.126472898664572	0.257659073055774	0.300078554595444	0.170463472113119	0.0353495679497251	0.0180675569520817	0.0204241948153967	0.00785545954438335	0.011783189316575	0.00392772977219167	0	0	0	0	0	0
1994	2	1	2	2	0	0	100	0	0	0	0	0.00185528756957328	0.0185528756957328	0.0760667903525046	0.148423005565863	0.239332096474954	0.350649350649351	0.0871985157699443	0.0185528756957328	0.0222634508348794	0.0148423005565863	0.0111317254174397	0.00371057513914657	0.00742115027829314	0	0	0	0	0
1995	2	1	2	2	0	0	100	0	0	0	0	0.00735294117647059	0.0220588235294118	0.117647058823529	0.183823529411765	0.360294117647059	0.176470588235294	0.0735294117647059	0.0367647058823529	0.0147058823529412	0	0.00735294117647059	0	0	0	0	0	0	0
1996	2	1	2	2	0	0	100	0	0	0	0	0.00127064803049555	0.00508259212198221	0.108005082592122	0.269377382465057	0.306226175349428	0.254129606099111	0.0419313850063532	0.00381194409148666	0.00635324015247776	0.00254129606099111	0	0	0	0.00127064803049555	0	0	0	0
1997	2	1	2	2	0	0	100	0	0	0.000938086303939962	0.00187617260787992	0.024390243902439	0.109756097560976	0.215759849906191	0.304878048780488	0.236397748592871	0.0769230769230769	0.0206378986866792	0.00562851782363977	0.000938086303939962	0	0.000938086303939962	0	0	0.000938086303939962	0	0	0	0
1998	2	1	2	2	0	0	100	0	0	0	0.00900900900900901	0.027027027027027	0.0720720720720721	0.18018018018018	0.369369369369369	0.288288288288288	0.018018018018018	0	0.00900900900900901	0	0.018018018018018	0.00900900900900901	0	0	0	0	0	0	0
1999	2	1	2	2	0	0	100	0	0	0	0	0	0.01	0.03	0.11	0.38	0.34	0.07	0.04	0.02	0	0	0	0	0	0	0	0	0
2000	2	1	2	2	0	0	100	0	0	0	0	0	0.0666666666666667	0	0.266666666666667	0	0.333333333333333	0.133333333333333	0.133333333333333	0.0666666666666667	0	0	0	0	0	0	0	0	0
2001	2	1	2	2	0	0	100	0	0	0	0.0017921146953405	0.0376344086021505	0.247311827956989	0.403225806451613	0.175627240143369	0.0878136200716846	0.028673835125448	0.0017921146953405	0	0.0017921146953405	0.003584229390681	0.0017921146953405	0.0017921146953405	0.00537634408602151	0	0.0017921146953405	0	0	0
2002	2	1	2	2	0	0	100	0	0	0	0	0	0.0317460317460317	0.19047619047619	0.285714285714286	0.349206349206349	0.111111111111111	0.0317460317460317	0	0	0	0	0	0	0	0	0	0	0
2003	2	1	2	2	0	0	100	0	0	0	0	0	0	0	0.272727272727273	0.272727272727273	0.0909090909090909	0.181818181818182	0.136363636363636	0.0454545454545455	0	0	0	0	0	0	0	0	0
2004	2	1	2	2	0	0	100	0	0	0	0	0	0.222222222222222	0.222222222222222	0.111111111111111	0.222222222222222	0	0.111111111111111	0	0	0.111111111111111	0	0	0	0	0	0	0	0
2005	2	1	2	2	0	0	100	0.00757575757575758	0	0	0	0	0.0681818181818182	0.227272727272727	0.295454545454545	0.196969696969697	0.106060606060606	0.0757575757575758	0.0227272727272727	0	0	0	0	0	0	0	0	0	0
2006	2	1	2	2	0	0	100	0	0	0	0	0	0	0.0350877192982456	0.140350877192982	0.333333333333333	0.263157894736842	0.157894736842105	0.0175438596491228	0.0526315789473684	0	0	0	0	0	0	0	0	0
2007	2	1	2	2	0	0	100	0	0	0	0	0	0	0.010958904109589	0.205479452054795	0.257534246575342	0.304109589041096	0.134246575342466	0.0383561643835616	0.0328767123287671	0.010958904109589	0.00273972602739726	0.00273972602739726	0	0	0	0	0	0
2008	2	1	2	2	0	0	100	0	0	0	0	0	0	0.0216919739696312	0.164859002169197	0.264642082429501	0.368763557483731	0.160520607375271	0.0130151843817787	0.00433839479392625	0.00216919739696312	0	0	0	0	0	0	0	0
2009	2	1	2	2	0	0	100	0	0	0	0	0	0.0040650406504065	0.0040650406504065	0.0934959349593496	0.321138211382114	0.386178861788618	0.150406504065041	0.0284552845528455	0.0040650406504065	0.00813008130081301	0	0	0	0	0	0	0	0
2010	2	1	2	2	0	0	100	0	0	0	0	0	0.0172413793103448	0.0905172413793103	0.237068965517241	0.28448275862069	0.273706896551724	0.0668103448275862	0.0150862068965517	0.0107758620689655	0	0.00431034482758621	0	0	0	0	0	0	0
2011	2	1	2	2	0	0	100	0	0	0.000356696985910469	0.00481540930979133	0.0304975922953451	0.264847512038523	0.299268771178884	0.19047619047619	0.15230961298377	0.0458355626894953	0.00784733369003032	0.00178348492955235	0.000535045478865704	0.000535045478865704	0.000891742464776173	0	0	0	0	0	0	0
2012	2	1	2	2	0	0	100	0	0	0	0.00186683260734287	0.00808960796515246	0.030491599253267	0.0584940883634101	0.0920970752955818	0.146857498444306	0.338518979464841	0.242688238954574	0.0653391412570006	0.0136901057871811	0.000622277535780958	0.00124455507156192	0	0	0	0	0	0	0
2013	2	1	2	2	0	0	100	0	0	0	0	0.000340715502555366	0.00988074957410562	0.0442930153321976	0.0984667802385008	0.182964224872232	0.379897785349233	0.232708688245315	0.0405451448040886	0.00749574105621806	0.0020442930153322	0.000340715502555366	0	0	0	0	0	0	0
2014	2	1	2	2	0	0	100	0	0	0	0	0.000173400381480839	0.0109242240332929	0.0352002774406104	0.0788971735737819	0.228021501647304	0.394832668631871	0.215363273799202	0.028090861799896	0.0057222125888677	0.00208080457777007	0.000520201144442518	0.000173400381480839	0	0	0	0	0	0
2015	2	1	2	2	0	0	100	0	0	0	0	0.000433651344319167	0.0186470078057242	0.0503035559410234	0.116652211621856	0.256287944492628	0.365134431916739	0.163486556808326	0.0212489158716392	0.00520381613183001	0.000433651344319167	0.000433651344319167	0.000433651344319167	0.000433651344319167	0	0	0	0	0
2016	2	1	2	2	0	0	100	0	0	0	0	0	0.00639386189258312	0.0230179028132992	0.0690537084398977	0.219948849104859	0.398976982097187	0.223785166240409	0.040920716112532	0.00895140664961637	0.0051150895140665	0.00255754475703325	0	0.00127877237851662	0	0	0	0	0
2017	2	1	2	2	0	0	100	0	0	0	0.00190839694656489	0.00190839694656489	0.0114503816793893	0.0477099236641221	0.16030534351145	0.387404580152672	0.282442748091603	0.0687022900763359	0.0152671755725191	0.0190839694656489	0.00381679389312977	0	0	0	0	0	0	0	0
2018	2	1	2	2	0	0	100	0	0	0	0.00390625	0.04296875	0.12890625	0.25	0.255859375	0.23046875	0.064453125	0.01171875	0.009765625	0.001953125	0	0	0	0	0	0	0	0	0
2019	2	1	2	2	0	0	100	0	0	0	0	0.00184331797235023	0.0175115207373272	0.133640552995392	0.371428571428571	0.382488479262673	0.0700460829493088	0.0147465437788018	0.00460829493087558	0.00184331797235023	0.00184331797235023	0	0	0	0	0	0	0	0
# Trawl bycatch female				
#Year	Season	Fleet	Sex	Type	Shell	Maturity	Nsamp	DataVec																					
1991	2	2	2	2	0	0	100	0.054	0.051	0.037	0.052	0.081	0.133	0.142	0.152	0.134	0.087	0.029	0.011	0.005	0.004	0.003	0.004	0.003	0.005	0.003	0.001	0.003	0.005
1992	2	2	2	2	0	0	100	0.028	0.161	0.177	0.174	0.142	0.087	0.1	0.055	0.035	0.017	0.007	0.001	0.002	0.002	0.003	0.002	0.001	0.003	0.001	0.001	0	0.001
1993	2	2	2	2	0	0	100	0	0.002	0.01	0.112	0.327	0.26	0.199	0.067	0.019	0.003	0	0.001	0.001	0	0	0	0	0	0	0	0	0
1994	2	2	2	2	0	0	100	0	0	0	0.009	0.009	0.161	0.136	0.243	0.159	0.102	0.048	0.039	0.023	0.011	0.02	0.005	0.005	0	0.011	0.005	0.009	0.007
1995	2	2	2	2	0	0	100	0.02	0.014	0.003	0.017	0.043	0.128	0.134	0.21	0.207	0.105	0.026	0.037	0.011	0.017	0.017	0.009	0.003	0	0	0	0	0
1996	2	2	2	2	0	0	100	0.001	0.002	0.004	0.014	0.07	0.125	0.183	0.187	0.206	0.1	0.033	0.027	0.011	0.011	0.007	0.009	0.002	0.002	0.002	0.001	0.001	0.001
1997	2	2	2	2	0	0	100	0.008	0.067	0.059	0.168	0.158	0.144	0.197	0.098	0.047	0.019	0.009	0.009	0.008	0.004	0.003	0.002	0.001	0.001	0	0	0	0
1998	2	2	2	2	0	0	100	0.02	0.028	0.046	0.17	0.223	0.148	0.121	0.08	0.048	0.026	0.019	0.013	0.011	0.011	0.01	0.01	0.004	0.005	0.005	0.002	0.001	0.001
1999	2	2	2	2	0	0	100	0.003	0.006	0.027	0.072	0.072	0.134	0.237	0.211	0.112	0.044	0.014	0.007	0.007	0.004	0.006	0.006	0.008	0.011	0.008	0.005	0.004	0.001
2000	2	2	2	2	0	0	100	0.006	0.014	0.016	0.029	0.05	0.133	0.218	0.186	0.127	0.099	0.033	0.025	0.018	0.007	0.006	0.003	0.006	0.008	0.005	0.004	0.001	0.006
2001	2	2	2	2	0	0	100	0.01	0.027	0.06	0.078	0.055	0.144	0.163	0.131	0.126	0.09	0.038	0.023	0.012	0.009	0.011	0.004	0.005	0.006	0.003	0.004	0	0.001
2002	2	2	2	2	0	0	100	0.004	0.007	0.015	0.033	0.08	0.19	0.247	0.174	0.104	0.041	0.027	0.025	0.012	0.013	0.006	0.007	0.002	0.005	0.005	0.002	0.002	0.001
2003	2	2	2	2	0	0	100	0.023	0.324	0.16	0.058	0.046	0.069	0.083	0.079	0.06	0.035	0.018	0.01	0.004	0.005	0.004	0.003	0.005	0.005	0.006	0.003	0.002	0.001
2004	2	2	2	2	0	0	100	0.016	0.031	0.04	0.104	0.238	0.308	0.134	0.05	0.038	0.017	0.008	0.006	0.003	0.002	0.001	0.001	0.001	0.001	0.001	0	0	0
2005	2	2	2	2	0	0	100	0.005	0.006	0.01	0.026	0.125	0.257	0.242	0.129	0.091	0.045	0.022	0.012	0.006	0.006	0.003	0.005	0.004	0.002	0.002	0.002	0.002	0.001
2006	2	2	2	2	0	0	100	0	0.001	0.001	0.009	0.027	0.12	0.254	0.281	0.178	0.076	0.026	0.009	0.004	0.004	0.001	0.003	0.002	0	0.001	0	0.001	0.001
2007	2	2	2	2	0	0	100	0	0.002	0.002	0.009	0.038	0.122	0.242	0.229	0.174	0.079	0.033	0.017	0.015	0.011	0.01	0.007	0.006	0.003	0.001	0.001	0	0
2008	2	2	2	2	0	0	100	0.005	0.007	0.006	0.012	0.047	0.12	0.173	0.203	0.191	0.117	0.042	0.021	0.017	0.012	0.01	0.005	0.004	0.002	0.003	0	0.002	0
2009	2	2	2	2	0	0	100	0.001	0.002	0.003	0.007	0.039	0.184	0.279	0.217	0.16	0.062	0.018	0.006	0.005	0.004	0.004	0.002	0.003	0.002	0.001	0.001	0	0.001
2010	2	2	2	2	0	0	100	0.002	0.025	0.011	0.041	0.146	0.173	0.214	0.141	0.095	0.048	0.028	0.016	0.008	0.006	0.008	0.005	0.007	0.006	0.004	0.009	0.003	0.003
2011	2	2	2	2	0	0	100	0.001	0.003	0.006	0.041	0.114	0.124	0.121	0.174	0.194	0.099	0.041	0.013	0.006	0.004	0.005	0.005	0.013	0.013	0.008	0.004	0.004	0.005
2012	2	2	2	2	0	0	100	0.002	0.001	0.004	0.011	0.036	0.099	0.153	0.209	0.209	0.142	0.066	0.028	0.011	0.006	0.006	0.004	0.001	0.002	0.002	0.003	0.003	0.001
2013	2	2	2	2	0	0	100	0.004	0.029	0.023	0.022	0.066	0.141	0.127	0.098	0.112	0.13	0.13	0.06	0.025	0.009	0.008	0.005	0.005	0.004	0.002	0.001	0.001	0.001
2014	2	2	2	2	0	0	100	0.002	0.023	0.023	0.102	0.164	0.141	0.169	0.116	0.115	0.08	0.025	0.009	0.009	0.005	0.002	0.003	0.002	0.001	0.003	0.003	0.001	0.002
2015	2	2	2	2	0	0	100	0.008	0.015	0.023	0.076	0.124	0.137	0.213	0.221	0.089	0.053	0.017	0.008	0.003	0.004	0.004	0.001	0.002	0.002	0.001	0	0	0.001
2016	2	2	2	2	0	0	100	0.002	0.006	0.032	0.064	0.115	0.194	0.16	0.115	0.087	0.07	0.046	0.038	0.02	0.012	0.014	0.006	0.011	0.004	0.004	0.002	0	0
2017	2	2	2	2	0	0	100	0.003	0.007	0.045	0.169	0.159	0.202	0.129	0.099	0.053	0.041	0.027	0.01	0.013	0.008	0.008	0.01	0.003	0.001	0.005	0	0.003	0.004
2018	2	2	2	2	0	0	100	0.004	0.006	0.008	0.053	0.134	0.293	0.24	0.138	0.069	0.02	0.007	0.008	0.004	0.005	0.003	0.001	0.002	0.001	0	0.001	0	0.001
2019	2	2	2	2	0	0	100	0.002	0.004	0.009	0.027	0.127	0.298	0.226	0.155	0.076	0.026	0.017	0.014	0.008	0.006	0.002	0.001	0.001	0.001	0	0	0.001	0
# Trawl bycatch male				
#Year	Season	Fleet	Sex	Type	Shell	Maturity	Nsamp	DataVec																					
1991	2	2	1	2	0	0	100	0.015	0.018	0.012	0.021	0.023	0.021	0.021	0.022	0.02	0.022	0.035	0.044	0.066	0.092	0.09	0.077	0.072	0.079	0.09	0.069	0.051	0.041
1992	2	2	1	2	0	0	100	0.011	0.055	0.075	0.097	0.12	0.068	0.067	0.052	0.042	0.029	0.036	0.027	0.028	0.026	0.035	0.033	0.039	0.056	0.043	0.033	0.019	0.009
1993	2	2	1	2	0	0	100	0	0.001	0.002	0.023	0.047	0.073	0.12	0.104	0.064	0.053	0.044	0.031	0.028	0.036	0.049	0.069	0.076	0.07	0.058	0.03	0.013	0.01
1994	2	2	1	2	0	0	100	0	0	0	0.002	0.002	0.018	0.024	0.039	0.056	0.073	0.071	0.057	0.054	0.065	0.068	0.082	0.101	0.106	0.075	0.051	0.031	0.025
1995	2	2	1	2	0	0	100	0.001	0.003	0.001	0.005	0.015	0.03	0.053	0.073	0.095	0.094	0.112	0.1	0.098	0.079	0.065	0.05	0.037	0.035	0.026	0.015	0.009	0.006
1996	2	2	1	2	0	0	100	0	0.001	0.001	0.002	0.002	0.008	0.028	0.059	0.088	0.093	0.083	0.067	0.072	0.088	0.095	0.087	0.072	0.061	0.044	0.026	0.013	0.01
1997	2	2	1	2	0	0	100	0.002	0.006	0.006	0.011	0.008	0.012	0.03	0.052	0.073	0.081	0.072	0.055	0.051	0.054	0.065	0.073	0.082	0.094	0.082	0.054	0.026	0.011
1998	2	2	1	2	0	0	100	0.002	0.002	0.004	0.008	0.007	0.007	0.015	0.026	0.041	0.052	0.056	0.057	0.063	0.085	0.105	0.101	0.101	0.092	0.079	0.055	0.027	0.016
1999	2	2	1	2	0	0	100	0	0.001	0.005	0.008	0.009	0.016	0.032	0.049	0.055	0.057	0.053	0.048	0.053	0.066	0.08	0.085	0.102	0.107	0.09	0.053	0.021	0.009
2000	2	2	1	2	0	0	100	0.001	0.001	0.002	0.004	0.008	0.019	0.032	0.041	0.049	0.063	0.057	0.048	0.046	0.053	0.064	0.082	0.102	0.117	0.104	0.061	0.027	0.017
2001	2	2	1	2	0	0	100	0.001	0.001	0.003	0.002	0.002	0.004	0.016	0.035	0.055	0.07	0.069	0.054	0.049	0.056	0.077	0.09	0.106	0.111	0.097	0.061	0.025	0.016
2002	2	2	1	2	0	0	100	0	0	0.001	0.002	0.004	0.01	0.017	0.022	0.031	0.037	0.045	0.052	0.063	0.086	0.121	0.132	0.125	0.106	0.077	0.043	0.016	0.011
2003	2	2	1	2	0	0	100	0.001	0.043	0.022	0.009	0.004	0.006	0.015	0.029	0.044	0.05	0.051	0.05	0.059	0.069	0.088	0.104	0.107	0.102	0.075	0.046	0.018	0.008
2004	2	2	1	2	0	0	100	0.003	0.004	0.005	0.011	0.023	0.031	0.034	0.05	0.052	0.05	0.05	0.049	0.053	0.061	0.072	0.082	0.082	0.09	0.089	0.06	0.033	0.014
2005	2	2	1	2	0	0	100	0	0.001	0.001	0.002	0.008	0.012	0.016	0.034	0.05	0.054	0.067	0.077	0.08	0.064	0.067	0.069	0.075	0.084	0.088	0.079	0.043	0.029
2006	2	2	1	2	0	0	100	0	0	0	0	0.001	0.003	0.007	0.018	0.028	0.031	0.035	0.047	0.061	0.071	0.088	0.119	0.137	0.137	0.099	0.063	0.033	0.021
2007	2	2	1	2	0	0	100	0	0	0	0.001	0.002	0.005	0.012	0.026	0.036	0.045	0.048	0.064	0.082	0.079	0.095	0.118	0.128	0.105	0.071	0.042	0.021	0.018
2008	2	2	1	2	0	0	100	0	0.001	0	0.001	0.001	0.002	0.007	0.02	0.03	0.034	0.034	0.039	0.046	0.06	0.091	0.141	0.167	0.144	0.094	0.053	0.022	0.012
2009	2	2	1	2	0	0	100	0	0.001	0	0.001	0.001	0.002	0.007	0.017	0.024	0.03	0.039	0.051	0.07	0.092	0.114	0.122	0.125	0.11	0.092	0.061	0.028	0.014
2010	2	2	1	2	0	0	100	0.001	0.003	0.001	0.003	0.006	0.009	0.019	0.032	0.03	0.024	0.029	0.033	0.042	0.06	0.076	0.09	0.1	0.115	0.126	0.108	0.062	0.032
2011	2	2	1	2	0	0	100	0	0.001	0.001	0.006	0.012	0.007	0.013	0.024	0.028	0.027	0.034	0.038	0.038	0.044	0.06	0.079	0.092	0.12	0.129	0.121	0.075	0.049
2012	2	2	1	2	0	0	100	0	0.001	0.001	0.002	0.004	0.014	0.04	0.057	0.044	0.033	0.043	0.052	0.05	0.045	0.059	0.079	0.093	0.098	0.106	0.088	0.053	0.037
2013	2	2	1	2	0	0	100	0.001	0.004	0.002	0.002	0.002	0.004	0.009	0.02	0.024	0.032	0.05	0.064	0.064	0.067	0.092	0.111	0.116	0.106	0.093	0.073	0.041	0.024
2014	2	2	1	2	0	0	100	0.002	0.003	0.002	0.008	0.013	0.01	0.016	0.024	0.032	0.043	0.046	0.048	0.051	0.062	0.089	0.125	0.128	0.106	0.085	0.06	0.032	0.016
2015	2	2	1	2	0	0	100	0.002	0.001	0.005	0.016	0.017	0.019	0.045	0.065	0.051	0.051	0.054	0.067	0.059	0.05	0.054	0.058	0.063	0.057	0.063	0.082	0.072	0.051
2016	2	2	1	2	0	0	100	0.001	0.001	0.003	0.007	0.012	0.021	0.034	0.044	0.043	0.048	0.065	0.073	0.078	0.085	0.089	0.089	0.078	0.064	0.05	0.048	0.038	0.028
2017	2	2	1	2	0	0	100	0.001	0.001	0.006	0.013	0.026	0.032	0.04	0.043	0.041	0.044	0.046	0.051	0.058	0.083	0.1	0.092	0.084	0.077	0.061	0.048	0.034	0.018
2018	2	2	1	2	0	0	100	0	0	0.001	0.003	0.016	0.076	0.15	0.166	0.13	0.105	0.089	0.071	0.053	0.039	0.035	0.024	0.016	0.01	0.006	0.005	0.002	0.002
2019	2	2	1	2	0	0	100	0.003	0.008	0.01	0.014	0.018	0.024	0.044	0.068	0.094	0.115	0.117	0.1	0.093	0.083	0.067	0.055	0.034	0.023	0.014	0.008	0.004	0.004
# Survey immature females																													
# Year	Season	Fleet	Sex	Type	Shell	Maturity	Nsamp	DataVec																					
1982	1	3	2	2	0	2	100	0.0173191872406262	0.0459024438382681	0.00639463066124461	0.0398637494725489	0.15563749543215	0.477933164237735	0.19598294054287	0.0471979917021218	0.0114441608261785	0.00190633321532197	0	0.000417902830935376	0	0	0	0	0	0	0	0	0	0
1983	1	3	2	2	0	2	100	0.330811624487805	0.243400865334163	0.0310048733166137	0.02590334823156	0.180423855328044	0.154574257329815	0.0275005529000273	0.00595049900621628	0.000430124065755905	0	0	0	0	0	0	0	0	0	0	0	0	0
1984	1	3	2	2	0	2	100	0.0685352456200707	0.11871482794858	0.0882312482851323	0.245327649637124	0.37196849790546	0.0916481633558689	0.0135064934774967	0.00182937484747226	5.92784599401427e-05	0.000179220462855579	0	0	0	0	0	0	0	0	0	0	0	0
1985	1	3	2	2	0	2	100	0.0567330819424627	0.162645171758722	0.15519939100145	0.34290816732942	0.170237114500992	0.0833270455290945	0.0244568213146484	0.00408917472255515	0.000404031900655496	0	0	0	0	0	0	0	0	0	0	0	0	0
1986	1	3	2	2	0	2	100	0.017133013012613	0.101898940149792	0.136252746201738	0.307883832205121	0.230728780397262	0.112328975327048	0.0773734184389076	0.0137933978191765	0.00175001616462594	0.000856880283716218	0	0	0	0	0	0	0	0	0	0	0	0
1987	1	3	2	2	0	2	100	0.00485465590629539	0.00785907030751923	0.0936223113241079	0.277556292033591	0.311179783506618	0.162126379652997	0.106287592726758	0.0314154111916295	0.00471136090426053	0.000332090576090605	5.50518701321411e-05	0	0	0	0	0	0	0	0	0	0	0
1988	1	3	2	2	0	2	100	0.00869528087829305	0.0650018700129275	0.114937495292253	0.239829636013143	0.272593175674389	0.164080559072737	0.0967549502575152	0.0327965589164317	0.00487962400666982	0.000384088974840971	4.67609007997525e-05	0	0	0	0	0	0	0	0	0	0	0
1989	1	4	2	2	0	2	100	0.00181008905407867	0.0132032237381352	0.0451769541999069	0.237027348239353	0.274703776858976	0.192781276175077	0.161401604469805	0.0596833756637112	0.0113698526853892	0.00165989530109523	0.000944042011296649	0.000238561603176505	0	0	0	0	0	0	0	0	0	0
1990	1	4	2	2	0	2	100	0.00262966982930265	0.0523641405113003	0.235301338087732	0.115255841647143	0.226122033045122	0.162893956693226	0.133331303756086	0.0557352378318777	0.00553884462369277	0.00735029826128659	0.00347733571323137	0	0	0	0	0	0	0	0	0	0	0
1991	1	4	2	2	0	2	100	0.0823680223586344	0.0903315883254415	0.0786090564712613	0.190637092325479	0.284483212860357	0.153466404719199	0.079799305881404	0.0358026826276335	0.00402168286706437	0.000480951563526308	0	0	0	0	0	0	0	0	0	0	0	0
1992	1	4	2	2	0	2	100	0.0511284893604805	0.112620826819005	0.172922926966955	0.303613207626196	0.23594677081516	0.0586458322583761	0.0448926358894872	0.0176830830526403	0.00235560017237824	0.000112861279224959	7.77657600960889e-05	0	0	0	0	0	0	0	0	0	0	0
1993	1	4	2	2	0	2	100	0.0596896743255969	0.121355423892717	0.181588663766068	0.310149990763951	0.243882287199526	0.0652495875496293	0.0147702075397614	0.00302447365834328	0.000212442464880561	7.72488395273699e-05	0	0	0	0	0	0	0	0	0	0	0	0
1994	1	4	2	2	0	2	100	0.0620977233439046	0.107070449697061	0.224425600717608	0.333474355656538	0.187269930945278	0.0560686430581169	0.021650011885111	0.00666604848231789	0.00112686044921064	0.000150375764853504	0	0	0	0	0	0	0	0	0	0	0	0
1995	1	4	2	2	0	2	100	0.00813263872433173	0.0692898817146184	0.179671560109675	0.243331380749558	0.334563062336693	0.142758343297367	0.0189391962014507	0.00228437490839465	0.000665739138161285	0.000231212637921386	0.000132610181829622	0	0	0	0	0	0	0	0	0	0	0
1996	1	4	2	2	0	2	100	0.00325064452952934	0.0163228829590549	0.0473679174714069	0.224421613741045	0.421568299102697	0.230567474265407	0.0513984735160638	0.00398038312926359	0.00104618830071062	7.61229848217434e-05	0	0	0	0	0	0	0	0	0	0	0	0
1997	1	4	2	2	0	2	100	0.00675763191321033	0.0157353920222141	0.03226448744979	0.127331120701494	0.487566942689121	0.25750970865716	0.0679881322463701	0.00376213897419902	0.0010844453464417	0	0	0	0	0	0	0	0	0	0	0	0	0
1998	1	4	2	2	0	2	100	0.0298829853683216	0.0215574069103316	0.0240612399835878	0.145468486285122	0.32449060192593	0.233747649196154	0.16586747658475	0.0543579413919052	0.000392584120905541	0.000173628232990918	0	0	0	0	0	0	0	0	0	0	0	0
1999	1	4	2	2	0	2	100	0.0559206811520335	0.195937284026477	0.116013811571504	0.153544935398497	0.200534953902191	0.114616872516387	0.0697949218183684	0.0614827855126405	0.0249530848091142	0.00660776037920666	0.000592908913580903	0	0	0	0	0	0	0	0	0	0	0
2000	1	4	2	2	0	2	100	0.0337601391172177	0.0834282161235881	0.121808498276981	0.267452620307104	0.240659061515682	0.171922318741323	0.0635155972972563	0.0145627553872893	0.00193220108509254	0.00079625981527381	0.00016233233319208	0	0	0	0	0	0	0	0	0	0	0
2001	1	4	2	2	0	2	100	0.00903406712935836	0.0262393591349521	0.100114011979768	0.3487196055482	0.120038927526835	0.193718614875372	0.168680206489578	0.0271261468419102	0.00613279473850685	0.000196265735519661	0	0	0	0	0	0	0	0	0	0	0	0
2002	1	4	2	2	0	2	100	0.0138884026930127	0.0746972412742952	0.0622622377792718	0.218056011987375	0.208970123943053	0.258556722175849	0.152369408206721	0.0105102176573137	0.000689634283109309	0	0	0	0	0	0	0	0	0	0	0	0	0
2003	1	4	2	2	0	2	100	0.0573586667743219	0.107322896239254	0.128776417494365	0.19540554700397	0.287464031070708	0.139697299244641	0.0714819019280182	0.0107873791589082	0.00146961683876404	0.000236244247050738	0	0	0	0	0	0	0	0	0	0	0	0
2004	1	4	2	2	0	2	100	0.0199941134562633	0.175518865426566	0.446392977670321	0.171085650468456	0.137315582824073	0.0388886173936525	0.00894416858689919	0.0012346497580648	0.000435791106054179	0.000189583309649962	0	0	0	0	0	0	0	0	0	0	0	0
2005	1	4	2	2	0	2	100	0.00728561533481798	0.0451666105111725	0.0555860968597798	0.222990832330899	0.306175446674582	0.271715626042939	0.065173084146688	0.0232275033010238	0.00261020575175902	6.89790463393829e-05	0	0	0	0	0	0	0	0	0	0	0	0
2006	1	4	2	2	0	2	100	0.0171860335687493	0.0628235335639035	0.114471366391766	0.286770687864342	0.196145839450012	0.102692216550159	0.124824334879187	0.0842922926907015	0.00707551844512585	0.00247489763338158	0.00121019510671074	3.30838559613384e-05	0	0	0	0	0	0	0	0	0	0
2007	1	4	2	2	0	2	100	0.00343068883436846	0.0110668962160337	0.0358839500974965	0.063633054283658	0.253114071832663	0.378617605324416	0.201909834918391	0.0452778603801523	0.00521866434391138	0.00137106275809574	0.000340305742853162	0	0.000136005267960347	0	0	0	0	0	0	0	0	0
2008	1	4	2	2	0	2	100	0.0772670079135526	0.14680541848895	0.0740544510026862	0.146096294074485	0.162886471405571	0.197155713109393	0.145446037302331	0.0377446534059608	0.0112751987482052	0.000901434042754888	0.000241911970816815	0	0.000125408535292976	0	0	0	0	0	0	0	0	0
2009	1	4	2	2	0	2	100	0.0562004233072716	0.140614248456211	0.174662661728876	0.157152460022663	0.302148730878753	0.132152552375268	0.028513145253181	0.00735454485026212	0.000684552407167798	0.000378433999879888	0.000112947662863772	0	0	2.52990576018441e-05	0	0	0	0	0	0	0	0
2010	1	4	2	2	0	2	100	0.0308451645892779	0.0498995403836543	0.0670364767381902	0.346126496058697	0.426911751726252	0.0535014919579128	0.0202820389626355	0.00503469028273484	0.000278287315384159	5.97114069917919e-05	8.69144398545265e-06	1.56591342842638e-05	0	0	0	0	0	0	0	0	0	0
2011	1	4	2	2	0	2	100	0.0492450344962359	0.0886075661614353	0.0995253983707727	0.234765940330327	0.207272742844011	0.145827920646635	0.0809177829214195	0.0752506408541361	0.0164646732248371	0.00200624068526573	0.000101573719608201	1.44857453158364e-05	0	0	0	0	0	0	0	0	0	0
2012	1	4	2	2	0	2	100	0.0306860497586305	0.077823177912365	0.16876548489307	0.258312388768784	0.172790156844007	0.0737999002472586	0.081914788358258	0.0987835572326051	0.0325697730431852	0.00376740174205231	0.000271241124744521	0	0.000516080075039987	0	0	0	0	0	0	0	0	0
2013	1	4	2	2	0	2	100	0.0321228670990295	0.180335137807129	0.181723044338577	0.158389307132384	0.179756377438819	0.130805147511903	0.0964854595721556	0.0355040958052264	0.00385071268976155	0.000279128680611661	0.000580677847595938	2.74239151086235e-05	0.000140620161699511	0	0	0	0	0	0	0	0	0
2014	1	4	2	2	0	2	100	0.0337036216613277	0.0643021943357582	0.0431482103551065	0.191056545727071	0.322177520867112	0.204035773436382	0.0890711498997721	0.0518338239569318	0.000515246865563788	4.72202336630867e-05	9.71833631076907e-05	1.15092982043476e-05	0	0	0	0	0	0	0	0	0	0
2015	1	4	2	2	0	2	100	0.0370695409027766	0.172045260778456	0.287841969639995	0.251846428478317	0.156225802635541	0.059861098058741	0.0301030249867453	0.00348887337549998	1.72603602918642e-05	0.00146630742939784	1.14777847458077e-05	2.29555694916154e-05	0	0	0	0	0	0	0	0	0	0
2016	1	4	2	2	0	2	100	0.0267555380540037	0.133121526077207	0.230452405559965	0.303859700483745	0.215592257452039	0.0726134908393088	0.0165959307931036	0.000994154239300324	1.49965013268465e-05	0	0	0	0	0	0	0	0	0	0	0	0	0
2017	1	4	2	2	0	2	100	0.0164316598955645	0.124160051330353	0.124680251464454	0.447239276145925	0.224009036782613	0.0476789039105322	0.014353038471033	0.00125616327032188	0.000101445209578408	7.89018296720954e-05	1.12716899531565e-05	0	0	0	0	0	0	0	0	0	0	0
2018	1	4	2	2	0	2	100	0.00894548919124745	0.00775752537068695	0.0426175152372397	0.409860191452946	0.409056684899041	0.0994868409030143	0.0208914698880631	0.0012798726161692	1.79759271708346e-05	0	8.64345144223337e-05	0	0	0	0	0	0	0	0	0	0	0
2019	1	4	2	2	0	2	100	0.00564068171960664	0.00479269135056001	0.0106810010297106	0.0554751346949578	0.26481087444406	0.49855222977102	0.156546073198769	0.0032345864673358	0	0.00026672732397932	0	0	0	0	0	0	0	0	0	0	0	0
# Survey immature males				
# Year	Season	Fleet	Sex	Type	Shell	Maturity	Nsamp	DataVec																					
1982	1	3	1	2	0	2	100	0.00112064598573711	0.00115047896274192	0.00237841599535392	0.0126406671418942	0.0546497299583762	0.117752487025468	0.150608149021295	0.133737256278053	0.117306175664852	0.112395038104791	0.102040830613978	0.074882666713969	0.0538552402569669	0.0352201070262495	0.0198319211137242	0.00784899800790879	0.00169754185405056	0.000632105801483475	0.00015905938370828	6.83313732046021e-05	1.68108725799684e-05	7.34284361432553e-06
1983	1	3	1	2	0	2	100	0.0558586347338935	0.0818692549362275	0.010978947278682	0.0166977432073622	0.0495090023203652	0.0834710468734132	0.122971366815265	0.133699286114962	0.108892870956719	0.0726365154124125	0.0581536886000743	0.0571162877741516	0.0602850077047078	0.0506859085447658	0.02446459022517	0.00859892070546307	0.0028637625127557	0.000884273979611577	0.000253430464456661	8.95239701715669e-05	1.62348742236458e-05	3.70199514538162e-06
1984	1	3	1	2	0	2	100	0.0610827822541329	0.10140612212862	0.0998714587184238	0.143509712330331	0.190789072348132	0.0631487498036291	0.0394699879286011	0.0380317373651603	0.0398873629314064	0.0356720219562647	0.0375843122643716	0.0363142263787146	0.0346859008777808	0.0352699697406039	0.0232254900646562	0.0102460729198608	0.00524926923075102	0.00271973332248657	0.00129704802132085	0.000441586196721057	7.96722104875554e-05	1.7711007543139e-05
1985	1	3	1	2	0	2	100	0.0435950348860078	0.100471242013432	0.105063406326109	0.17003601630974	0.122142900717641	0.0789934294097674	0.0730848084145245	0.058894635869192	0.0333274662798285	0.030985282698057	0.0362174190115911	0.0385797359236183	0.0362030055336382	0.029306134489499	0.0203963701954062	0.0110756551388698	0.00562303776908037	0.00335015376752227	0.00188233210941053	0.000653718695813381	9.81879611375726e-05	2.00264801137265e-05
1986	1	3	1	2	0	2	100	0.0514815655750974	0.176849620400202	0.113888172088337	0.12879489474242	0.106438548974758	0.110910991298113	0.0986328152295348	0.0678455143756166	0.0395679372822085	0.0311681761847452	0.0234499356343002	0.0177910845554588	0.010993799409232	0.00816833721476994	0.0063346607936755	0.00394529646904759	0.00187676532018187	0.00109229499568618	0.00052536415593722	0.000204101164117317	3.43245483462005e-05	5.7995882134914e-06
1987	1	3	1	2	0	2	100	0.0033806879364374	0.0306618450176239	0.16576758688477	0.23417266588508	0.163949792362491	0.102584376358972	0.105216637344975	0.0683165688670861	0.0387447422850387	0.0244861362946984	0.0199194090946126	0.0137194486277178	0.00979210462884867	0.00890244193967076	0.00563029560356913	0.00283522212811896	0.00109353596732747	0.000476241330168298	0.000244226796718238	8.30948669933447e-05	1.96813788239632e-05	3.25840025820837e-06
1988	1	3	1	2	0	2	100	0.00321909961306568	0.047503471016638	0.0819607437305157	0.127458501101568	0.144040028261455	0.156825083097785	0.131619104883696	0.0989479080794096	0.0554861419898921	0.0473147238246485	0.0341135855437049	0.0276172683776091	0.0165217532144283	0.0126403695199572	0.00769692497481178	0.00401313288847602	0.00148610805449935	0.000762606821875748	0.000466824680608693	0.00022052140097133	7.3753699527439e-05	1.23452248568818e-05
1989	1	4	1	2	0	2	100	0.000510909365045323	0.00469831678788503	0.0336574183907953	0.117599730897338	0.122758692034239	0.110286713223965	0.0978064650164343	0.0920277264381856	0.107730069634794	0.0974856889138245	0.0690210903367909	0.0528907416975538	0.0384972588635588	0.0276265785523008	0.0160927984475607	0.00730358108205694	0.00239249719433476	0.00087615678463183	0.000488486428844629	0.000207221874839958	3.47008035153576e-05	7.15723150593533e-06
1990	1	4	1	2	0	2	100	0.00329927682619216	0.0279982578298237	0.0546869831177005	0.0534799078116126	0.0865929334645448	0.115227900213954	0.111419915397401	0.0856098032170059	0.0680804564486807	0.0506477977251467	0.0444737974538876	0.0477107758253137	0.0535935425455562	0.0727998176999109	0.0618992580074144	0.0353836108943431	0.0141427166604065	0.00661003318316493	0.00419445612302175	0.0015920439453634	0.000380440471606187	0.000176275137949317
1991	1	4	1	2	0	2	100	0.0532817661711578	0.0645117591299195	0.0809138632109353	0.131132402160711	0.139489454208016	0.0962027306787737	0.110782170342878	0.0912635754887788	0.0517474023107738	0.0268685455001498	0.0240007420086831	0.0233958634817918	0.0279591636869981	0.0360476555127823	0.0211682720129967	0.00884269240210961	0.00395173465477987	0.00375513477959526	0.00269933577365087	0.00144561230373656	0.00041325875114716	0.000126865429634578
1992	1	4	1	2	0	2	100	0.0333334756564085	0.0886673803423029	0.117266238890049	0.231888765312806	0.240554954689871	0.0883496191288111	0.0484858564298087	0.0414040021751233	0.0297818287237471	0.0169541071659855	0.0183684769426146	0.0141872420181234	0.0105271336196899	0.00829440836407516	0.0052067380832166	0.00317868784864543	0.00151348283111846	0.000986205336751929	0.00062607833840225	0.000322876713904838	7.77949259919161e-05	2.46464625517195e-05
1993	1	4	1	2	0	2	100	0.0392587273042391	0.114427795657225	0.141054965920401	0.211133992827077	0.176380832627284	0.139024577217637	0.0830563781451825	0.0469496044909543	0.018049436281787	0.0098172849295278	0.00686339998885861	0.00522915646436235	0.00300403668251411	0.00250219280652428	0.00157662076870175	0.000907233513975357	0.000351825730354503	0.000203796838691889	0.000133984934433545	5.57025551359759e-05	1.5751603304052e-05	2.70271182792317e-06
1994	1	4	1	2	0	2	100	0.0258048751335095	0.0890254550422212	0.119498594033105	0.153819010019971	0.132709802886867	0.128175452064158	0.116054428011008	0.0884413066597071	0.0581011594711293	0.0387848773651294	0.0233925949536819	0.0135013362035158	0.00536495209942749	0.00396929139342044	0.00164691939401161	0.00101357889656624	0.000324196071986599	0.000160214311106522	0.000120167343860462	6.54417521245689e-05	2.13852302881228e-05	4.96166320399661e-06
1995	1	4	1	2	0	2	100	0.00600150518569129	0.0234391058409068	0.0393614590465432	0.0678685130320281	0.137799654198616	0.161971693589576	0.15009789496955	0.134516454117267	0.0975217982374477	0.0715682950359159	0.0405821568394713	0.0290294519901977	0.0194699967034998	0.0119858733035047	0.00599171614298306	0.00213991236949253	0.00044870486493525	0.000123723799315009	5.5508003088159e-05	2.24665863309167e-05	3.39371927285138e-06	7.2242436703042e-07
1996	1	4	1	2	0	2	100	0.00125171464132012	0.00344192364072832	0.0161326881588724	0.035096020719832	0.0489297760345724	0.0801025174798623	0.109460045210158	0.120812683980178	0.11894293557694	0.101422538968158	0.0869886004286391	0.0831545163229233	0.0719130654482302	0.0608973559168188	0.0351807284167268	0.0169763922265076	0.005720794084421	0.00232966430262918	0.00101159625321625	0.00017505501478631	4.42784284712223e-05	1.51087460089358e-05
1997	1	4	1	2	0	2	100	0.000841937599113897	0.0023091969121664	0.00798631153346745	0.0241547322155484	0.047806209460381	0.0644356122648567	0.0715132818811437	0.0836013538123259	0.081573899624046	0.0948762812185038	0.0911088519508103	0.095142709330534	0.0913423823976914	0.0918348820439222	0.0682062459532745	0.0410290817862434	0.0209523940876705	0.0127185123031535	0.00597096837613154	0.0020989447767086	0.00039862026230491	9.7590210002027e-05
1998	1	4	1	2	0	2	100	0.0128673485490642	0.0129754438320962	0.0255597039023328	0.0858898810839092	0.193587323446179	0.122527731407913	0.107589132008407	0.0874489774132537	0.0614193621188129	0.0405709555308453	0.0363481128188401	0.0365078120464809	0.0432075281780149	0.0499476292568161	0.0400157358395073	0.0231849724640084	0.0100836827115214	0.005955478286987	0.00298471543056901	0.00104035113094227	0.000235218510566084	5.29040329339367e-05
1999	1	4	1	2	0	2	100	0.0544613303009613	0.121327027165393	0.084692099887072	0.0750026722367269	0.117090662500013	0.12152735311799	0.126820834657938	0.112576247306951	0.0626174401120698	0.0307299821857368	0.0186326207655601	0.0148596874163137	0.0136961037296806	0.0152308354401918	0.012894132684237	0.00771393552018944	0.00329437788377624	0.00307258118745315	0.00202938098724286	0.0011651809218181	0.00045694895613521	0.000108565036550182
2000	1	4	1	2	0	2	100	0.0201326999443329	0.0555784082898862	0.0931853094232733	0.156192068752321	0.142671326067047	0.171875493181429	0.165048624154351	0.0899872467004315	0.0398557256254439	0.0227493906704198	0.0165566470513004	0.0120211623187265	0.00668322188847676	0.00405766999215179	0.00197415444610214	0.000843572148165392	0.000209797027129043	0.000177122892756735	0.000125150598546106	6.14029328452901e-05	9.87818888619421e-06	3.92770597862047e-06
2001	1	4	1	2	0	2	100	0.0047283095584777	0.00780947298527349	0.0753829105451175	0.13377906122107	0.0500798015171344	0.0833849716292362	0.133765202008759	0.138944884978557	0.132086156914956	0.0993406977607958	0.0643250480784929	0.0371691647646681	0.0198524657840896	0.0104162136225869	0.00548657166875446	0.00247024858061263	0.000614711238623436	0.00021098322956866	0.000105713494944675	3.76500901280672e-05	9.37908454583354e-06	3.81243607527347e-07
2002	1	4	1	2	0	2	100	0.00755470548584127	0.0237235071659684	0.0352958566706171	0.0784366281640011	0.0768347526735899	0.11496811714946	0.0980040793636741	0.104530973113284	0.0811914884858744	0.0844161819065565	0.0647782368109883	0.0608720666240975	0.069337441140177	0.0541367148395438	0.0288033896088018	0.0117601910219577	0.00361160892650627	0.0012887805913002	0.000322718323307514	0.000102136438620434	2.74131697827531e-05	3.01232604960561e-06
2003	1	4	1	2	0	2	100	0.0226795222422806	0.0784484267603408	0.121192808048184	0.121009555280107	0.213845887145116	0.122231550867788	0.0892048430133387	0.0564785343650642	0.0467993286005111	0.0313835334614385	0.025518401225815	0.0196927221903195	0.0164022651777502	0.0153902979460136	0.0115367710566345	0.00429395885701085	0.00200933041339808	0.00108543561883273	0.000538302184235589	0.000226909695670004	2.75045641518108e-05	4.11128599946513e-06
2004	1	4	1	2	0	2	100	0.0174869013251817	0.122019912050002	0.250864095583517	0.132274375784225	0.120203410687104	0.0996116484343779	0.0800107552083879	0.0903641019649662	0.04333968982055	0.0138527750173869	0.0100747912529916	0.0067868498534556	0.00337274563442523	0.00390556656897196	0.00262786023926665	0.00137065320204554	0.000718058695801637	0.000500265061876746	0.000374898806987826	0.000182157151539554	4.46701588839037e-05	1.38174980551829e-05
2005	1	4	1	2	0	2	100	0.0066029579165746	0.026501404432981	0.0379751417984653	0.137661496930044	0.145731120780517	0.128750499983215	0.124535281845619	0.156373980132244	0.105231106374614	0.0405232278522287	0.0266629300090504	0.0285640963050755	0.020939686831742	0.00969803355631615	0.00276511039751756	0.000856776286779787	0.000252359401907849	0.00016695217243745	0.000119405220887163	5.67149032356268e-05	2.63978006189104e-05	5.31906792805206e-06
2006	1	4	1	2	0	2	100	0.0149013865753548	0.0314282547730824	0.105884660940825	0.190017989244483	0.092814203223047	0.0644998891238546	0.0919113243277674	0.106288814605684	0.0845777166299816	0.0611593996021461	0.0423130586364614	0.047669534485515	0.029375522443099	0.0150710329579014	0.0104920234371297	0.00705116665622131	0.0029825378500652	0.00111911734182517	0.000368360108690514	4.45679176004032e-05	1.79676145133239e-05	1.14715047512935e-05
2007	1	4	1	2	0	2	100	0.00188777574698041	0.0107492784341408	0.050722797693195	0.0827113955391441	0.143257229933156	0.197075212939243	0.140505999405542	0.0952048636784453	0.0491726703068555	0.0444798299097644	0.0388492216356776	0.0426882477959493	0.0377725387900351	0.0328414380367339	0.0171045318602933	0.00876050391877932	0.00400572726973419	0.00142942692097471	0.000595535824946515	0.000159440975304759	2.48891022647185e-05	1.4442828401096e-06
2008	1	4	1	2	0	2	100	0.0389441576122675	0.0676527330763702	0.0372151791063887	0.0474740719012458	0.0492469116466703	0.0900680328307539	0.112672360977759	0.124730478794624	0.129251273475969	0.112971010604143	0.0636245065057761	0.0419046844305203	0.0300573276891746	0.0239005821709536	0.0147928039499019	0.00847251626714826	0.00355993551026091	0.00214715210397806	0.000842391772686002	0.000334875993664218	9.99645912291693e-05	3.70489885166726e-05
2009	1	4	1	2	0	2	100	0.0489160370950067	0.0846578678474741	0.148989093713808	0.117813619813656	0.148179029924204	0.0915984229420382	0.0647926373085133	0.0527999313488639	0.0365686866833982	0.0387945522528374	0.0350944551161674	0.0310828295294571	0.031738793266097	0.0299118683159834	0.0213154701165485	0.00924192228707959	0.00375590727253239	0.00202025844409369	0.00145000177660825	0.000961445709324326	0.000243113614315926	7.40556219923952e-05
2010	1	4	1	2	0	2	100	0.0407028622927729	0.0696076911119176	0.0747540280155397	0.194578560281721	0.301243650189374	0.159645175531044	0.0667085851882468	0.0388386392864806	0.0165517308375358	0.00710096454371301	0.00540154167149603	0.00420390552703099	0.00437900975058471	0.00543534656892003	0.00461219145652671	0.00254132841724992	0.00120657108752176	0.00103720407982803	0.000841906519004363	0.000445787870018685	0.000128843708190553	3.44760652829407e-05
2011	1	4	1	2	0	2	100	0.0547137036096118	0.0594269055321128	0.0739367262505	0.12155059115033	0.130741261056182	0.139244873025257	0.141543459377065	0.116097711488254	0.0617364282485269	0.0312427303342974	0.0276518737248318	0.0167256963354115	0.00898839468534077	0.00557991123007449	0.00421074958373988	0.00215111539685904	0.00148670591931456	0.00105663835804323	0.00101837405720445	0.000648767507332086	0.000178323170660817	6.90599590499826e-05
2012	1	4	1	2	0	2	100	0.0207589817621519	0.0730075997243137	0.161064492597195	0.133173910888905	0.0862971345042121	0.0888818484888951	0.110803261896876	0.1121984589366	0.0746603805578799	0.0458171640119562	0.0313331219819732	0.0268981830379898	0.015630847477495	0.00760168869044759	0.00652660611563616	0.00324540662311786	0.00115399596728175	0.00051440244078301	0.000250588224494751	0.000111721178304534	5.12110535015063e-05	1.89938399905554e-05
2013	1	4	1	2	0	2	100	0.0198342420620777	0.086600662417339	0.112123984053499	0.101471654227356	0.143006093200653	0.122324689711335	0.103649684083588	0.069744778335986	0.0449861051328388	0.0436763720048517	0.0445707586580193	0.0425940907912284	0.0289949104980051	0.0130529269529318	0.0108370552763416	0.00638480428366883	0.00312594913744977	0.00160254557011849	0.000899496813305993	0.000397391348784072	9.75063696510502e-05	2.42990709730926e-05
2014	1	4	1	2	0	2	100	0.0194805414521371	0.0921557645704507	0.038231688076382	0.1051030336241	0.210749233329969	0.105395706530892	0.100711751744676	0.109301135670372	0.070262104613158	0.0439677816030978	0.0294198952040428	0.0202689447263217	0.0149403115064413	0.0131473299573389	0.0123012733096055	0.00802237836183509	0.00395738789044522	0.0014183814342842	0.000787198283966917	0.000285762568884696	7.48987986357025e-05	1.74967429625951e-05
2015	1	4	1	2	0	2	100	0.0619039693908008	0.187151596344493	0.24716114528913	0.168310076996775	0.0869003974972637	0.0630978768077548	0.0563592015008362	0.0438667874135382	0.0287261340171668	0.0168621225926701	0.0120756413071292	0.0113700745108701	0.00614897481355268	0.00433474046829231	0.00282712472321037	0.00119322413793284	0.000564240524711696	0.00028744108432341	0.000367312129338731	0.000305550845141954	0.000136381859481689	4.99857455858586e-05
2016	1	4	1	2	0	2	100	0.0168876485843322	0.17129244731749	0.231534142718717	0.229221688650252	0.176947149401606	0.0839950136245675	0.0360188413940913	0.0215898586437149	0.00957099830377658	0.00585382049003233	0.0058848994580901	0.00472263582651198	0.00321064936952765	0.00162112591655425	0.000821982419433356	0.000464407999803282	0.000192749116898271	8.95145538749093e-05	4.68770107967131e-05	1.69645204791266e-05	9.48682977778718e-06	7.09784967287933e-06
2017	1	4	1	2	0	2	100	0.0183517282820891	0.0764700625901575	0.127039520847014	0.2935834837172	0.193485035894701	0.103121255103169	0.0801594675551778	0.0505339554695961	0.0230434372995332	0.014383725842314	0.0102231389269369	0.00509440914454524	0.00235927323079817	0.000843446543451486	0.000762398649601941	0.000358040209531477	0.000125164544478821	4.4415505847099e-05	1.27626965796778e-05	4.31133019929862e-06	8.47734351530737e-07	1.18882725936473e-07
2018	1	4	1	2	0	2	100	0.00390441294672794	0.00340696279019266	0.0401583199925729	0.14346450780938	0.193023962078812	0.237076179195205	0.164829714247149	0.0935954088426476	0.0489024183385007	0.0258956997196153	0.0170097988145407	0.0123552983996193	0.00736596170436252	0.0053962743115439	0.00242217129868609	0.000910758013400996	0.000211721044967052	5.34299232620009e-05	1.23405631441224e-05	3.11698472640117e-06	1.24504448635944e-06	2.97936456890051e-07
2019	1	4	1	2	0	2	100	0.000609418292320767	0.000472830995168649	0.000556012624559624	0.00992979373413196	0.0644548320832385	0.114142922035141	0.118737421739887	0.154418578120692	0.151324988648375	0.135785843983294	0.106010378334312	0.0661623925574195	0.0380837518892471	0.0246196850964934	0.00973304200775195	0.0030279157429462	0.0011652112691989	0.000478899917511003	0.000206684801031981	4.14112441559839e-05	3.77906085248937e-05	1.94274598245992e-07
# Survey mature females																													
# Year	Season	Fleet	Sex	Type	Shell	Maturity	Nsamp	DataVec																					
1982	1	3	2	2	0	1	100	0	0	0.00116291318419819	0.012860966668421	0.131686932922605	0.393267640373164	0.266256871006817	0.123635084393457	0.0577852724544935	0.0114852620824418	0.00173893856381014	9.28691235912887e-05	2.72492270016404e-05	0	0	0	0	0	0	0	0	0
1983	1	3	2	2	0	1	100	0	0	0.000682847642516629	0.0206935338326935	0.205637299323064	0.427395681525676	0.227199220519099	0.0841919551204413	0.0270783706212201	0.00669716102023776	0.000364693607183982	5.92367878681401e-05	0	0	0	0	0	0	0	0	0	0
1984	1	3	2	2	0	1	100	0	0	0.00124253631353352	0.0237519904390688	0.189063685135719	0.359248628789527	0.251559862568739	0.117863832431748	0.0497838680838925	0.00490625694711842	0.00127763341263841	0.00121496748540861	8.67383926069051e-05	0	0	0	0	0	0	0	0	0
1985	1	3	2	2	0	1	100	0	0	0.00135080074859585	0.0175149102661476	0.141355072011232	0.458273652674089	0.284933801934324	0.0722999868832019	0.0200496946556187	0.00245872217848897	0.000667925454248611	0.0010954331940535	0	0	0	0	0	0	0	0	0	0
1986	1	3	2	2	0	1	100	0	0	0.000625198320968957	0.010214240359298	0.132911787779667	0.47519247000804	0.292513381089831	0.0669042309438457	0.020153120996321	0.000410848227574596	0.00107472227445398	0	0	0	0	0	0	0	0	0	0	0
1987	1	3	2	2	0	1	100	0	0	0.00113240750553577	0.0340658125382058	0.173311041909388	0.378923734889463	0.247832080957724	0.105029448173351	0.0514583673980913	0.00769324807269367	0.000363800531891331	0.000176060567758969	1.39974558972879e-05	0	0	0	0	0	0	0	0	0
1988	1	3	2	2	0	1	100	0	1.08121874747549e-05	0.00193594993054207	0.035983381592679	0.172358248623877	0.396960640502403	0.210770710747382	0.103940411570229	0.0519760346085744	0.0231857472254575	0.00235315413094071	0.000471428461155663	3.74462378447256e-05	9.70723922778756e-06	6.32694221266601e-06	0	0	0	0	0	0	0
1989	1	4	2	2	0	1	100	0	8.00866688216461e-05	0.000574438653984058	0.0547934971991959	0.248569572166239	0.371313825648588	0.177928298250569	0.0849481988521451	0.0454043283898766	0.0144443171560292	0.00168317683765729	0.000188373272636266	7.1886904258196e-05	0	0	0	0	0	0	0	0	0
1990	1	4	2	2	0	1	100	0	0	0.00156841203814671	0.0359996482712757	0.197227907390904	0.381332059803248	0.204663137397389	0.101613388164062	0.0580746177084446	0.0154239664365267	0.00347711739788595	0.000532513795147979	7.10870864396053e-05	1.61445105294443e-05	0	0	0	0	0	0	0	0
1991	1	4	2	2	0	1	100	0	0	0.00198694324312545	0.0288235840107283	0.236591900623843	0.397685926071845	0.191043745454249	0.0809978234387605	0.0470102474949111	0.0132912847835095	0.00228122847280587	0.000248667304173267	3.86491020487141e-05	0	0	0	0	0	0	0	0	0
1992	1	4	2	2	0	1	100	0	6.69174312068681e-05	0.0041665458237253	0.0590441357338745	0.197557266481291	0.304588781563904	0.221431542492367	0.115484656257824	0.0667487987156909	0.0242747456557627	0.00602165636792002	0.00050182278682038	9.05663312798869e-05	2.25643583331872e-05	0	0	0	0	0	0	0	0
1993	1	4	2	2	0	1	100	0	0.000145545174688859	0.00528276421104545	0.0804304618652822	0.299538454044647	0.355747649981737	0.142111493595937	0.0517339945466128	0.0418761289775071	0.0185175087061778	0.00432244327790687	0.000201082539632312	6.20458476666473e-05	3.04272311593511e-05	0	0	0	0	0	0	0	0
1994	1	4	2	2	0	1	100	0	0	0.00263299247691281	0.0924497496920511	0.257911058781882	0.274874033032105	0.20084032461921	0.117800274808358	0.0415431026056606	0.0100036995464631	0.00157891389393785	0.000243914115194683	7.81758902118714e-05	3.65404317020691e-05	7.22010631069533e-06	0	0	0	0	0	0	0
1995	1	4	2	2	0	1	100	0	0	0.00233399098464411	0.0648873076373007	0.281764064182078	0.368830598509777	0.186628290166426	0.0549269407641125	0.031527122511263	0.0085287084286995	0.000439335605148088	9.0546466243607e-05	3.43914738023341e-05	8.70327050515239e-06	0	0	0	0	0	0	0	0
1996	1	4	2	2	0	1	100	0	0	0.00474229711405402	0.107523189085689	0.332051377943871	0.330587831539414	0.152441001052562	0.05107114590928	0.0167967636324763	0.00412182197879673	0.000395503909065797	0.000228851943380029	4.02158914117498e-05	0	0	0	0	0	0	0	0	0
1997	1	4	2	2	0	1	100	0	0	0.00906436802205539	0.0802932856616561	0.29244286541747	0.356261212736929	0.199262851357197	0.0465324019451652	0.0139583544300876	0.00133101481804094	0.00023127903663679	0.000609015962024903	1.33506127373763e-05	0	0	0	0	0	0	0	0	0
1998	1	4	2	2	0	1	100	0	0	0.00462729087734866	0.0803933460717937	0.293075198880727	0.364671269695139	0.187359546814674	0.0559799088914075	0.0102558164767521	0.00323123737337716	0.000336284815152497	7.0100103628724e-05	0	0	0	0	0	0	0	0	0	0
1999	1	4	2	2	0	1	100	0	0	0.00053739375355546	0.039821187180503	0.250507526315537	0.382940304802296	0.215444018349234	0.0765377934133413	0.0222944644948576	0.0104025900494786	0.00123774337515183	0.000276978266045633	0	0	0	0	0	0	0	0	0	0
2000	1	4	2	2	0	1	100	0	0	0.00141800425388002	0.0335433689698327	0.17383764977181	0.383561493449666	0.298764670278769	0.0752995984266528	0.0214259442377484	0.0116469182922443	0.00036787053938298	0.000117432000333427	1.70497796806579e-05	0	0	0	0	0	0	0	0	0
2001	1	4	2	2	0	1	100	0	0	0.0013020520976813	0.0133206752748608	0.108030790121928	0.38417175263424	0.34285977158368	0.104029755866026	0.036714430032551	0.00899168811524852	0.000500342120037138	7.87421537476673e-05	0	0	0	0	0	0	0	0	0	0
2002	1	4	2	2	0	1	100	0	0	6.56360604373538e-05	0.0106654754122857	0.168847892527978	0.42656915554318	0.233325834071205	0.107329228870948	0.0451579396596363	0.00674432602743231	0.000583033947248125	0.000404294274786217	0.00010027954079587	0	5.17260160168001e-05	5.17260160168001e-05	0.0001034520320336	0	0	0	0	0
2003	1	4	2	2	0	1	100	0	8.77402954166095e-05	2.50808983336641e-05	0.0131282640174966	0.214580136128139	0.370636805946261	0.278015669547374	0.0801118853541346	0.0392191445782216	0.00343434025299172	0.000540366980306853	0.000180661419058616	3.99045822661901e-05	0	0	0	0	0	0	0	0	0
2004	1	4	2	2	0	1	100	0	0.00116691538918378	0.0408671634597869	0.0828070840179948	0.219135512589865	0.358686377996396	0.202941549223543	0.0675877794503095	0.0227905054666629	0.00272848926252938	0.000979904096910806	0.000234872000347776	5.61044345319477e-05	0	1.77426119388758e-05	0	0	0	0	0	0	0
2005	1	4	2	2	0	1	100	0	0	0.00197836644717506	0.0444536372179513	0.162448046047935	0.401983350431416	0.276423620699747	0.0794671645752745	0.0195570196895617	0.0114535471794366	0.00198174771052652	0.000213045652802053	4.04543481740349e-05	0	0	0	0	0	0	0	0	0
2006	1	4	2	2	0	1	100	0	0	0.000249789396311007	0.00602502990159047	0.0811675008620295	0.27064673487079	0.311338504492015	0.218773850306611	0.0835184000317664	0.0233725941680174	0.00342424582444312	0.0014833501464265	0	0	0	0	0	0	0	0	0	0
2007	1	4	2	2	0	1	100	0	0	0.000444779670975038	0.0396439944569438	0.137404231133322	0.320777197667344	0.240403315880011	0.111144180137402	0.0858599924943678	0.0545129923074303	0.00853274155635056	0.000973365449378512	0.000303209246474223	0	0	0	0	0	0	0	0	0
2008	1	4	2	2	0	1	100	0	0	0.000207653940969982	0.0529422527457547	0.110360481541705	0.282417934061639	0.209603187454733	0.183200999836051	0.120264141424059	0.0369646639705088	0.00348670892191359	0.000410203469052678	7.71410200234991e-05	0	4.06369476982422e-05	0	2.39946658919034e-05	0	0	0	0	0
2009	1	4	2	2	0	1	100	0	0	0.000214423357876979	0.0155568020412133	0.107695193807355	0.319233835910759	0.249832109647117	0.159214059603433	0.103083881732436	0.0371397408806063	0.007093290611544	0.000475320119083255	0.000388307645490943	3.60864367513748e-05	3.69482063350002e-05	0	0	0	0	0	0	0
2010	1	4	2	2	0	1	100	0	0	0.00492012662145627	0.143108997149853	0.177947004607589	0.354639745777485	0.206765178174192	0.07183259390391	0.0335739518776386	0.00655944873775996	0.000522253510726689	0.000105352246109523	2.53473932797915e-05	0	0	0	0	0	0	0	0	0
2011	1	4	2	2	0	1	100	0	2.97951358388991e-05	4.37665772518292e-05	0.0565983813435798	0.222951605933185	0.416020987517975	0.208040439502631	0.0653478843929853	0.0244744097986101	0.00593535722818753	0.000488564976889505	3.55233112509117e-05	1.86970144852195e-05	8.48072614544755e-06	6.1065409851202e-06	0	0	0	0	0	0	0
2012	1	4	2	2	0	1	100	0	9.09044988019071e-05	0.00478760152528346	0.0560997485039326	0.271413180267678	0.375718433981621	0.191343941841414	0.0525990354218733	0.0258586190577386	0.0153218113035704	0.0059972827077219	0.000607988749823841	6.09783313042017e-05	9.03922366201683e-05	0	1.00815726160236e-05	0	0	0	0	0	0
2013	1	4	2	2	0	1	100	1.21471574233202e-05	0.00353174207061453	0.00144354046610292	0.0641145313519635	0.227702664850093	0.378199827151813	0.171548194175463	0.0722650154904703	0.0435046582240906	0.029261994935782	0.00700023113561283	0.0011351780360954	0.000255786875750819	2.44880787245265e-05	0	0	0	0	0	0	0	0
2014	1	4	2	2	0	1	100	0	0	0.00126330660546751	0.0678866490596413	0.189616439112758	0.327382370724053	0.202637702009964	0.0720682204029212	0.0682120779909201	0.0545294820295419	0.0141048994899527	0.00135109718644628	0.000809000732466224	0.000107221543193764	0	3.15331126740069e-05	0	0	0	0	0	0
2015	1	4	2	2	0	1	100	0	0	0.000864940185747691	0.0342120377533174	0.154162804789915	0.318311641997973	0.223860472344266	0.0994917349519438	0.0780994893989944	0.0677455483961266	0.019725531589938	0.0032566880047289	0.000269110587049447	0	0	0	0	0	0	0	0	0
2016	1	4	2	2	0	1	100	0	0	0.000217215857286679	0.0642432508339797	0.139540262088752	0.335904822815162	0.212312644462236	0.102351689050121	0.0810254185693522	0.0495193644450965	0.0123240072469187	0.00202020282573358	0.000541121805362125	0	0	0	0	0	0	0	0	0
2017	1	4	2	2	0	1	100	0	0	0.0212411132361765	0.167362047644879	0.252785159820636	0.31249184519693	0.165704726250092	0.0498042037721989	0.0229638249776282	0.00531832707806738	0.00129068866423653	0.000114691958316252	1.33129730929281e-05	0.000910058427746359	0	0	0	0	0	0	0	0
2018	1	4	2	2	0	1	100	5.06362000495977e-05	8.18588062234e-06	0.00301848475515792	0.105738076364176	0.339761258392584	0.358508502774872	0.128451141114114	0.0434253427581932	0.0186004757745285	0.00191381587840041	0.000419979718188204	3.61950053946076e-05	0	6.79053837189061e-05	0	0	0	0	0	0	0	0
2019	1	4	2	2	0	1	100	0	0.000332929341533035	0.00261977359804219	0.0491360921252193	0.260424974175659	0.433793590860845	0.175932986951227	0.0520446434858498	0.0202684447404368	0.00522998045805521	0.00021658426313333	0	0	0	0	0	0	0	0	0	0	0
# Survey mature male																													
# Year	Season	Fleet	Sex	Type	Shell	Maturity	Nsamp	DataVec																					
1982	1	3	1	2	0	1	100	0	0	5.41302825409147e-05	0.00274384631585636	0.0159360794079865	0.0572326919185348	0.105409059502647	0.114217869040109	0.10894446101023	0.117779952435281	0.12360436625529	0.0953790797620943	0.0712712555390889	0.0564407013985809	0.0485352643372324	0.0402468749970124	0.0201149998199775	0.012199032118479	0.0046772649937221	0.00318770779721451	0.00136073440198326	0.000664628666139348
1983	1	3	1	2	0	1	100	4.65639144949723e-05	9.02780569007838e-05	0.000351470321334357	0.00154221175799298	0.0119507641289201	0.0440541515760621	0.093624743958598	0.112859913711318	0.105937545650962	0.0951038712680346	0.0914661198686702	0.0862614193392619	0.0889897850105851	0.087665341835317	0.0674550373553744	0.049002167270946	0.0343862551091258	0.0172211189527583	0.00687584564587225	0.00353013703162921	0.0012658187270443	0.000319439508797332
1984	1	3	1	2	0	1	100	5.28891170901046e-05	0.00010534890626551	0.00280494158185868	0.00800750973696182	0.0300322224049648	0.0373544114004884	0.0600149308701439	0.0651636765993925	0.0645441825606682	0.069460277755986	0.0772571419609699	0.0714851145501383	0.0672079422808345	0.0822215384873364	0.0870776412739479	0.0770216960006584	0.0762310602393489	0.060330656042966	0.037935462765224	0.0184812774958743	0.00543958113738945	0.00177049683149226
1985	1	3	1	2	0	1	100	0	0	0.00324740309465469	0.0125365197685181	0.0161906075768433	0.0288601446590965	0.0495424265993058	0.0608604662882336	0.0466997010479147	0.0525240137669665	0.0685383191351628	0.06982834176786	0.070737719371035	0.0725445210845792	0.0800837273684411	0.0913772046546014	0.0902573478314935	0.0855533753570422	0.0605736421942179	0.0308932006774769	0.00722319284578985	0.00192812491076701
1986	1	3	1	2	0	1	100	0	8.68421029346823e-05	0.00616545474389474	0.0133981548489262	0.0239445648192269	0.0604586147288665	0.0970018974425697	0.102244545230455	0.0894172561907695	0.0804572854740142	0.0717117809215586	0.0617378039005613	0.0437663817263204	0.0452041919759269	0.0527459206707271	0.0616252951567789	0.0620522887913369	0.0581644152945375	0.0389838628050346	0.0222103956260192	0.00668809419522679	0.00193495335431473
1987	1	3	1	2	0	1	100	0	0	0.0109626360496351	0.0310701480281526	0.0488392284745412	0.0788486703995833	0.12962585609768	0.118427468172676	0.085400044012542	0.0702093763981067	0.0677097322407925	0.0540449838915189	0.0435670459636877	0.0505404411214629	0.0507455547141632	0.0527881703517676	0.0424231541736472	0.0299593692185931	0.0203744370857497	0.00994287657690146	0.00362314522470799	0.000897661804091221
1988	1	3	1	2	0	1	100	5.35166738125691e-05	0	0.00426726531866835	0.0120144818303533	0.0331148472184061	0.0827450882204824	0.120385517433694	0.120011679423396	0.0905034627551832	0.0916391408884133	0.0795066687796548	0.0657221143969965	0.045261929442424	0.0454591982793971	0.0453155437224746	0.0473682579948928	0.0375481680865339	0.0299503425629814	0.0236824517535319	0.0155805294777231	0.00796813808967623	0.00190165765130505
1989	1	4	1	2	0	1	100	2.6753513826859e-05	0.000598023484786507	0.00173532727770041	0.0125197021001739	0.0259706424113477	0.0540104126530042	0.0871564942595674	0.102053233501522	0.121031554049044	0.122470769350116	0.101669466749076	0.0753336235662802	0.0551367728943088	0.0521811635899515	0.0520808827526458	0.0453918441355854	0.0367978115564581	0.0227969559196246	0.0155468160864991	0.0101070941865538	0.00362998959295141	0.00175466636897568
1990	1	4	1	2	0	1	100	0	0	0.00103603114713599	0.00419450958825015	0.00902755304028375	0.0244517423145633	0.0480285813745901	0.0546577340010876	0.0585168883893357	0.0683341376433782	0.068784559222527	0.0683908770663644	0.0675287353327309	0.0964160925562243	0.110413635374665	0.104388022612003	0.0799785230992515	0.0561970836563178	0.043832087994467	0.0224058604361991	0.00889305887388124	0.00452428627674439
1991	1	4	1	2	0	1	100	8.83806918125339e-05	0	0.00180558904434597	0.00962946777986184	0.0190861755842203	0.0283228886688649	0.0604509124781628	0.0704053736486501	0.0584338461178382	0.049517391296713	0.050678012218408	0.0503338844806647	0.0555981419748185	0.0749074297526224	0.0744269529013474	0.0712886278181001	0.0690445910317237	0.0870090509367118	0.0727607750849028	0.0562230539125043	0.0266330242273357	0.0133564303503908
1992	1	4	1	2	0	1	100	3.26428771953609e-05	0	0.00645064131278771	0.0311162231033848	0.0734593869334538	0.0615344649681772	0.0576725149124069	0.0667671064676954	0.0620361112298288	0.0548616077287179	0.0656848442294775	0.0577273428695683	0.0506192297664101	0.0511377638358697	0.0523375996010665	0.0594762203625186	0.0630229843634733	0.0670127633513624	0.0569938688451639	0.038403070710607	0.0159218638344693	0.00773174869636547
1993	1	4	1	2	0	1	100	1.82956049983159e-05	0	0.00790241969110616	0.0366867661203089	0.0869031911452755	0.161985671211365	0.182288948808174	0.135352307022529	0.0795459107071592	0.0574083821646972	0.0439816805375031	0.0329929922297674	0.0237921241070817	0.0240248809977285	0.0253503637511371	0.0265345800765164	0.0213119745650748	0.0205536666093472	0.0170378691225393	0.010283877169712	0.00376546606894307	0.00227863228903578
1994	1	4	1	2	0	1	100	0	0.00259845674675691	0.0122400875120945	0.0329419145784822	0.043053976658831	0.101242295351267	0.153443982028818	0.142330535830784	0.118211185238601	0.0944723524070051	0.0744046416663674	0.050793890251773	0.0318122426219175	0.0273991258196899	0.0216359556946557	0.0256544043642469	0.0187805502315563	0.0174002755356776	0.0155144144000305	0.00967890793699241	0.00478464467582205	0.0016061604486316
1995	1	4	1	2	0	1	100	0	0	0.0027857305052545	0.0132320568746736	0.0311888695502009	0.0860779270131901	0.125885593812517	0.160400286858698	0.146150574204032	0.131626193951774	0.0899315698898712	0.0589410266158289	0.0382045966590254	0.0316268100142222	0.0259545672603482	0.02137558193706	0.0133035005779076	0.0101574541254798	0.007491147670051	0.00395148274759941	0.001321751798669	0.000393277933597366
1996	1	4	1	2	0	1	100	0	3.74817704284667e-05	0.000742138705177766	0.00738095919724172	0.0193292131649927	0.0391861545478725	0.0787836117816616	0.110402830260163	0.123687745079008	0.117211341060966	0.109660239495619	0.0860716801720873	0.0673256315370553	0.0623404388786658	0.0482252597990142	0.0459318330935317	0.0369840721870927	0.0238197864871721	0.0129465074468775	0.00648038123605492	0.00240955938636034	0.00104313471295757
1997	1	4	1	2	0	1	100	6.24373294201956e-05	0	0.000118537711732936	0.00102559253576901	0.0034794469142732	0.011699335159007	0.0266548436252334	0.055718476524895	0.0738441694231489	0.0994414458954834	0.0963459640151978	0.0902214484267845	0.082406367430629	0.0752652428691893	0.0746380799053175	0.0731369598635937	0.0751745066532398	0.0673350211701443	0.0473449185375891	0.0279008448091368	0.0133080873866777	0.00487827381353754
1998	1	4	1	2	0	1	100	7.10439122306384e-05	0	0.0012191040060087	0.00478711825744984	0.0109629755244191	0.01610068823414	0.032233328737425	0.0473291242096646	0.0644691210834517	0.0660546951060827	0.0642196534436115	0.0649595354202785	0.0681247667418976	0.0752970186141251	0.0847354758888096	0.0969768651899475	0.0954464311134594	0.0900257725973617	0.0617310785559997	0.0368893457481489	0.0135905729868728	0.00477628462861546
1999	1	4	1	2	0	1	100	0.000435841183018448	0.00071042384558687	0.00170896275536694	0.00242705415552068	0.00690341584956848	0.0223770711456189	0.0456282341301825	0.0696800995024109	0.0722328907936938	0.0681029143901719	0.0647883519601021	0.0637372143279062	0.0629604502561858	0.0756035798677725	0.0963166964103155	0.0867967614716287	0.0742389984301271	0.0733116804082344	0.0555282180132501	0.0351786440683244	0.0155739325728774	0.00575856446213666
2000	1	4	1	2	0	1	100	7.58118137345831e-05	0.000348756911923483	0.00454495713078909	0.0196071800548067	0.0377033047924728	0.0738406256670121	0.111442445456015	0.105963600864099	0.0706065498952689	0.0609049492826358	0.0604444445502154	0.0542355068322005	0.0548846093050069	0.0562404905536154	0.0643207435908749	0.0675597418695959	0.0490434246942219	0.0478121896295363	0.0325679369011878	0.019459217039541	0.00540529600417387	0.00298821716107298
2001	1	4	1	2	0	1	100	0	0	0.00250754575521347	0.00677552528228105	0.00806366798837395	0.0434162807609364	0.0811469350304125	0.132628066391527	0.147536588096389	0.129336569227644	0.0994796830737446	0.0652476067968056	0.0434362064865045	0.0480443173461374	0.0436545780464383	0.0495829376829176	0.0357533298874588	0.0297977194949842	0.0177067053387573	0.00951697121653111	0.00465995792368507	0.00170880817325745
2002	1	4	1	2	0	1	100	0	0	0.00179728123581339	0.00602060033984331	0.00631348501218794	0.0234830415541302	0.0442560134841238	0.0730622350703621	0.0800921273287203	0.100626291880902	0.0839789083479557	0.0814024262696323	0.0836073579953099	0.0855684365741391	0.0858836486161763	0.0854424178939527	0.0689150938223451	0.0454823073413294	0.0231338727987122	0.0147806287499609	0.00477018240630629	0.00138364327809685
2003	1	4	1	2	0	1	100	0	0.000118069409816636	0.00280953977073524	0.00708073907187817	0.0319167644335269	0.0394672926972552	0.0567809039968998	0.0719575717778588	0.0887604854116039	0.0888688490823303	0.0817482472602891	0.071946994677581	0.0629737047221837	0.0701992310782763	0.0729409527292674	0.0703902778978848	0.066069720819874	0.0554432084016232	0.0348198417601557	0.0192375996752303	0.00504306156682714	0.00142694375890244
2004	1	4	1	2	0	1	100	0.000450990140651179	0.000478002601080646	0.0215536270456828	0.0248727677753175	0.0371857232037343	0.085435755209957	0.104036502187148	0.148423643431915	0.103384782518158	0.0586777510827141	0.0545499972542028	0.0473339296846532	0.035669144287672	0.0453162563576272	0.0429591327856289	0.0415524507001933	0.0399116373817187	0.0381288253296919	0.0322589388656189	0.0255859202502398	0.00847817635332555	0.00375604555306959
2005	1	4	1	2	0	1	100	0.000180721328479733	4.28029779196041e-05	0.00134288307186765	0.0121647101560417	0.0462456011153187	0.0775368793462393	0.0916288095755971	0.157803146348824	0.147202592890631	0.0906998566307516	0.0678798106712751	0.0745273870560167	0.0639260999762059	0.0378888772687934	0.025274363942496	0.023200210374594	0.0190351094542178	0.0210188949381767	0.0182590441156917	0.0126871612236499	0.00836174943535287	0.00309328810185961
2006	1	4	1	2	0	1	100	0.00136691803473926	0.00273383606947851	0.00165800927740137	0.00857013156576826	0.0172042884510427	0.0334940105427594	0.0617897355810732	0.110926809748476	0.105045488115959	0.0836137409893224	0.070662846329792	0.0802144047390315	0.0655220436846411	0.0510262896929227	0.0493161703711399	0.0642263074824147	0.0735457771489705	0.0630036941242814	0.0313467083327657	0.014008892048871	0.0083460480656039	0.0023778496035453
2007	1	4	1	2	0	1	100	0	0	0.000709637607333352	0.00357421814841729	0.0217040073889156	0.0649822967353184	0.0872506847663956	0.103286561270339	0.0816675039570279	0.0708235873192469	0.0657925686500568	0.0716481249032788	0.0620066273149262	0.0630768893967409	0.0580952276359393	0.0685398380776267	0.0729035888789001	0.0537313832509152	0.0315294388771438	0.0127661943038263	0.00481126899106231	0.00110035252658946
2008	1	4	1	2	0	1	100	0	9.18981627475453e-05	0.000716796964968147	0.00291040660481309	0.00745041256973761	0.0253615368948432	0.0659419673267687	0.103143987280645	0.122206091939291	0.117243046344516	0.0829441177124594	0.0637951863826013	0.0596801614550476	0.0573460982843538	0.0578309155924218	0.0686146632403793	0.0612552398941553	0.0534059073083353	0.0266547592532139	0.0148334530913684	0.00583417165973652	0.00273918203759679
2009	1	4	1	2	0	1	100	0	0	0.0034218815066378	0.00747523480008932	0.0224804444406102	0.0406359228777765	0.0627014257340028	0.0792663118624365	0.0660729984946229	0.0701108450994396	0.0673022173194907	0.0675088625958394	0.0623610909204432	0.0625454664321882	0.0762843281170644	0.0829297113862795	0.0765972933693746	0.0564050174626564	0.0444495723974324	0.0335600484316716	0.0126074127611707	0.0052839139907732
2010	1	4	1	2	0	1	100	0	0	0.00338082403353924	0.0196466496514647	0.0964923271356709	0.149082319086633	0.110390426491911	0.127895072868035	0.0607032158240909	0.0542555452220381	0.0547701774956808	0.0289113420347279	0.0349543718351335	0.0289378833695542	0.0334362034158123	0.0388233346652555	0.0381054460430669	0.0391430636959228	0.0374210321374996	0.0262734603075127	0.0130091977195691	0.00436810696688222
2011	1	4	1	2	0	1	100	0	0.00138407854689705	0.00129185926548906	0.00891966823861685	0.0232946924234575	0.0659032469949108	0.130441149608867	0.151651304099955	0.118696772993406	0.0698468048512723	0.0577008358479717	0.0377186610566994	0.0305577884090332	0.0318090424007083	0.0400983633781084	0.0413061705456405	0.0472277094136732	0.0464047347995944	0.0453124040427007	0.0325384024506791	0.0123483287793446	0.00554798185297523
2012	1	4	1	2	0	1	100	0	6.93291513992744e-05	0.00628107439524419	0.0220712358653591	0.0439479343444213	0.0703032821600153	0.105984869881388	0.12497361192695	0.114904479072797	0.100240772153833	0.0783258269043413	0.0664008989436705	0.042046654944333	0.0264572326694874	0.0355026062341073	0.0397703589533487	0.0344881222914783	0.0323314607761851	0.0263337224979297	0.0171487682429486	0.00909309476789552	0.0033246638228675
2013	1	4	1	2	0	1	100	0	0.000792761177966295	0.0038456916320326	0.00943374894468487	0.0246637782459426	0.051267463966363	0.0869535158179967	0.0969472826581746	0.085435156739382	0.0924013184702928	0.102181578944338	0.0868675472405724	0.0618689445366487	0.0415954858317064	0.0542075638684859	0.057430142194986	0.0517451548447475	0.0374529518983394	0.0276896007077857	0.0168984697709988	0.00655081408204245	0.00377102842651365
2014	1	4	1	2	0	1	100	0	3.34861593477822e-05	0.00097073703869814	0.00828710276082925	0.0442614475185825	0.043427909752298	0.0901036192163086	0.127498802311639	0.10054980810437	0.0891191653332298	0.0807242223910919	0.0611467155900133	0.0451213731561382	0.0410495189443836	0.0496505892381187	0.0644100382142231	0.0630184942212764	0.0379286881432093	0.0287392864747184	0.0156190973549643	0.00626226806189084	0.00207763001466886
2015	1	4	1	2	0	1	100	0	0.000156005284981892	0.00988700525659712	0.0194596228212629	0.0240531887663498	0.0430023534797482	0.0918861870369566	0.0964013825588132	0.094888309694611	0.0885091945255311	0.0853234646802013	0.0785512452337528	0.058531771268344	0.0506916908125932	0.05562633953756	0.052031110035473	0.0444588737314413	0.0325469239395872	0.0274201252289945	0.0238629429129886	0.0145737865055751	0.00813847668863706
2016	1	4	1	2	0	1	100	0	0	0.0217952831274508	0.0654676411092527	0.10958696937866	0.117464900281019	0.108598854874423	0.0877518816281342	0.0571189506693249	0.0565975779223418	0.0622901716997982	0.0586348686872212	0.0530249091158064	0.0424014931278002	0.0409153743330804	0.0373762304395894	0.0300977650003636	0.0205414719134206	0.0143798463217125	0.00775525663068183	0.00468158243677285	0.00351897130314661
2017	1	4	1	2	0	1	100	0	0	0.00991843089823495	0.054369837555174	0.0987132352422813	0.125626487918348	0.176068574404468	0.150566334101397	0.0872495212021799	0.0673050098680245	0.0568022091422805	0.0340695196413199	0.0273100090034552	0.0195304125337329	0.0232474091650601	0.0219819041264648	0.0178604360610417	0.0141334338928767	0.0082171348051713	0.00427548451162631	0.00222939011077023	0.000525225816092807
2018	1	4	1	2	0	1	100	0	1.52102697760617e-05	0.00147716439572227	0.0155902929437595	0.0583977654627659	0.157259470805436	0.196540412974333	0.167562770089701	0.111154573455883	0.0814147583411981	0.0662281239907299	0.050288081999509	0.0267872577912258	0.0196787499072404	0.0155228736020615	0.0142182103963386	0.0086155190383191	0.00473047773774828	0.0023424982507128	0.00121713168812395	0.000664530474232506	0.000294126385183564
2019	1	4	1	2	0	1	100	0	0	0.000376986013449812	0.00488841816277301	0.0267840831354984	0.0577035305920055	0.0897690318164792	0.106647764646189	0.112502700709238	0.132514425683385	0.130208149857337	0.108395132867155	0.0761122521704895	0.056780664427398	0.0386215219539408	0.0283413342989986	0.0155326608406692	0.00770178179493237	0.0039759713551809	0.00180102122672069	0.00107153895797014	0.000271029490189033
## Growth data																													
# Type of growth increment (0=ignore; 1=growth increment with a CV;2=size-at-release; 3= size-at-release values) 																													
1																													
# nobs_growth																													
294
## Premolt	Sex	Molt Inc	CV																										
25.2	1	7.6		0.03
25.2	1	7.6		0.03
25.4	1	6.4		0.03
25.6	1	5.8		0.03
25.6	1	5.8		0.03
25.7	1	7.57	0.03
25.7	1	5.47	0.03
25.8	1	4.9		0.03
25.9	1	5.2		0.03
25.9	1	5.2		0.03
26		1	6.2		0.03
26.1	1	5.4		0.03
26.3	1	7.3		0.03
26.5	1	6.7		0.03
26.7	1	8.1		0.03
27.1	1	5.5		0.03
27.2	1	6.1		0.03
27.4	1	7.4		0.03
27.6	1	5.4		0.03
27.9	1	8.9		0.03
28.8	1	6.8		0.03
28.9	1	7.05	0.03
29		1	6.9		0.03
29.1	1	7		0.03
29.7	1	7.3		0.03
29.9	1	10		0.03
30.3	1	10		0.03
30.7	1	9.8		0.03
44.2	1	14.5	0.03
44.7	1	12.6	0.03
53.56	1	12.14	0.03
54.84	1	13.11	0.03
56.07	1	15.92	0.03
56.5	1	13.5	0.03
56.5	1	15.74	0.03
56.95	1	13.08	0.03
57		1	13		0.03
57.42	1	16.56	0.03
57.44	1	18.13	0.03
57.63	1	10.97	0.03
57.63	1	10.97	0.03
58.47	1	16.29	0.03
58.7	1	13.8	0.03
59.3	1	15.8	0.03
59.86	1	14.75	0.03
60.3	1	14.8	0.03
60.48	1	16.67	0.03
60.6	1	16.49	0.03
60.62	1	18.51	0.03
60.8	1	17.6	0.03
60.82	1	18.14	0.03
60.86	1	18.14	0.03
61.09	1	19.86	0.03
61.45	1	16		0.03
61.59	1	18.43	0.03
61.94	1	17.02	0.03
62.15	1	19.03	0.03
62.28	1	14.5	0.03
62.3	1	19.5	0.03
62.57	1	17.38	0.03
62.72	1	16.99	0.03
62.78	1	17.11	0.03
63.09	1	18.22	0.03
63.37	1	20.62	0.03
63.75	1	15.92	0.03
63.81	1	15.49	0.03
63.89	1	15.2	0.03
64		1	20.7	0.03
64		1	20.7	0.03
64.01	1	16.54	0.03
64.21	1	19.03	0.03
64.37	1	18.02	0.03
64.59	1	19.2	0.03
64.7	1	18		0.03
65.02	1	15.07	0.03
65.42	1	15.41	0.03
65.76	1	16.12	0.03
65.79	1	17.23	0.03
65.85	1	18.38	0.03
65.94	1	17.1	0.03
65.97	1	17.13	0.03
66.01	1	15.5	0.03
66.04	1	18.42	0.03
66.37	1	16.64	0.03
66.52	1	19.72	0.03
67.05	1	17.45	0.03
67.1	1	16.74	0.03
67.23	1	18.33	0.03
67.34	1	16.47	0.03
67.44	1	16.9	0.03
67.6	1	18.4	0.03
67.66	1	20.98	0.03
67.86	1	16.64	0.03
67.88	1	19.73	0.03
67.9	1	17.4	0.03
68.75	1	17.95	0.03
68.86	1	19.66	0.03
69.03	1	16.55	0.03
69.05	1	20.67	0.03
69.06	1	15.05	0.03
69.36	1	17.91	0.03
69.57	1	17.28	0.03
69.69	1	17.44	0.03
69.8	1	17.27	0.03
70.19	1	21.96	0.03
70.25	1	9.9		0.03
70.87	1	19		0.03
71.04	1	27.79	0.03
71.2	1	20.37	0.03
71.4	1	18.98	0.03
71.71	1	21.25	0.03
71.71	1	9.65	0.03
72.19	1	16.38	0.03
72.26	1	18.82	0.03
72.37	1	17.49	0.03
72.4	1	18.54	0.03
72.53	1	15.7	0.03
72.53	1	15.91	0.03
73.19	1	17.15	0.03
73.27	1	18.17	0.03
73.41	1	21.45	0.03
73.54	1	17.55	0.03
73.61	1	18.48	0.03
73.89	1	19.77	0.03
73.89	1	15.82	0.03
73.97	1	18.41	0.03
74.01	1	19.55	0.03
74.06	1	18.78	0.03
74.5	1	19.4	0.03
74.97	1	19.7	0.03
75.19	1	20.88	0.03
75.35	1	20.39	0.03
75.43	1	20.28	0.03
75.54	1	17.67	0.03
75.66	1	18.98	0.03
75.71	1	15.11	0.03
75.72	1	17.96	0.03
75.98	1	20.66	0.03
76.31	1	21.82	0.03
76.81	1	17.28	0.03
77.1	1	20.36	0.03
77.22	1	20.94	0.03
78.05	1	21.3	0.03
78.1	1	19.17	0.03
78.21	1	17.75	0.03
78.53	1	19.58	0.03
78.72	1	17.39	0.03
79.61	1	21.33	0.03
79.9	1	17.9	0.03
80.14	1	20.19	0.03
80.7	1	14.18	0.03
80.85	1	22.16	0.03
80.88	1	18.23	0.03
82.89	1	21.87	0.03
83.12	1	21.36	0.03
84.6	1	20.13	0.03
87.29	1	22.7	0.03
89.8	1	20.2	0.03
89.9	1	22.2	0.03
89.9	1	22.4	0.03
93.8	1	23.8	0.03
25		2	6.1		0.03
25.1	2	7.1		0.03
25.2	2	6.8		0.03
25.2	2	6.8		0.03
25.3	2	8.2		0.03
25.4	2	6.3		0.03
25.4	2	6.3		0.03
25.5	2	9.1		0.03
25.5	2	7.4		0.03
25.5	2	9.1		0.03
25.5	2	7.4		0.03
25.5	2	5.72	0.03
25.7	2	6.8		0.03
25.7	2	7.6		0.03
25.7	2	4.2		0.03
25.8	2	7.8		0.03
25.8	2	6.3		0.03
25.9	2	6.8		0.03
25.9	2	6.8		0.03
25.9	2	5.7		0.03
25.9	2	6.7		0.03
26		2	7.1		0.03
26		2	6.8		0.03
26		2	6.2		0.03
26.1	2	7.1		0.03
26.2	2	6.4		0.03
26.2	2	6.4		0.03
26.2	2	7		0.03
26.3	2	6.5		0.03
26.3	2	3.9		0.03
26.4	2	5.4		0.03
26.4	2	5.4		0.03
26.4	2	6.2		0.03
26.4	2	7.3		0.03
26.5	2	7.4		0.03
26.5	2	7.2		0.03
26.5	2	6.19	0.03
26.6	2	8.3		0.03
26.7	2	5		0.03
26.7	2	4.5		0.03
26.7	2	5.7		0.03
26.9	2	7.5		0.03
26.9	2	7.6		0.03
26.9	2	6.2		0.03
27		2	7.7		0.03
27.1	2	5.93	0.03
27.1	2	6.3		0.03
27.1	2	6.2		0.03
27.1	2	5.6		0.03
27.2	2	7.2		0.03
27.2	2	7.3		0.03
27.2	2	6.3		0.03
27.4	2	7.7		0.03
27.4	2	7.1		0.03
27.4	2	6.8		0.03
27.5	2	7.3		0.03
27.5	2	6.5		0.03
27.6	2	5.3		0.03
27.6	2	5.14	0.03
27.7	2	5.81	0.03
28		2	7		0.03
28		2	6.8		0.03
28.1	2	6.4		0.03
28.1	2	6.4		0.03
28.1	2	6.5		0.03
28.1	2	6.3		0.03
28.2	2	8.02	0.03
28.2	2	7.6		0.03
28.2	2	8.02	0.03
28.2	2	7.6		0.03
28.2	2	7.6		0.03
28.3	2	6.44	0.03
28.3	2	7.24	0.03
28.4	2	6.5		0.03
28.5	2	7.9		0.03
28.5	2	7.5		0.03
28.5	2	7.63	0.03
28.6	2	6.9		0.03
28.6	2	6.8		0.03
28.7	2	8.4		0.03
28.7	2	7.3		0.03
28.7	2	8.4		0.03
28.7	2	7.3		0.03
28.7	2	5.8		0.03
28.7	2	6.76	0.03
28.9	2	7		0.03
28.9	2	5.9		0.03
28.9	2	6.8		0.03
29		2	7.7		0.03
29		2	7.7		0.03
29		2	6.9		0.03
29.1	2	9.3		0.03
29.1	2	9.3		0.03
29.1	2	7.5		0.03
29.1	2	2.7		0.03
29.1	2	4.82	0.03
29.2	2	9.3		0.03
29.2	2	7.6		0.03
29.3	2	6.1		0.03
29.3	2	6.34	0.03
29.4	2	7.3		0.03
29.4	2	7.3		0.03
29.5	2	8.9		0.03
29.6	2	6.6		0.03
29.6	2	5.88	0.03
29.8	2	7.38	0.03
30		2	6.08	0.03
30.3	2	6.7		0.03
30.4	2	6.8		0.03
30.6	2	5.8		0.03
30.6	2	6.15	0.03
30.9	2	7.5		0.03
30.9	2	7.5		0.03
30.9	2	6.6		0.03
31		2	6.5		0.03
31.7	2	7.35	0.03
31.8	2	7.8		0.03
32.8	2	12.1	0.01
33.3	2	8.04	0.01
34.9	2	9.9		0.01
34.9	2	9.9		0.01
35.3	2	12.3	0.01
38.3	2	12.6	0.01
38.9	2	14.1	0.01
41		2	14.8	0.01
42.1	2	12.5	0.01
44.2	2	15.3	0.01
44.3	2	15		0.01
44.8	2	14.9	0.01
45.2	2	14.4	0.01
46.9	2	13.5	0.01
47		2	14.4	0.01
47.9	2	13.5	0.01
# Environmental data																													
0   #--format flag (0=old style, 1=new style)																													
# Number of series																													
0																													
# Year ranges																													
																													
# Environmental Indices																													
# Index Year Value   																													
																													
## eof																													
9999																													
