end of GMACS.DAT
+----------------------+
| Reading data file    |
+----------------------+
 * Model dimensions
 * Natural mortality
 * Catch data
 * Abundance data
 * Size composition data
end of data section
+----------------------+
| Reading control file |
+----------------------+
Warning - the end of block 2 exceeds nyrRetro
 * General controls
 1982 2019 1 1 2 0.5 2 1 1 0 0 200 5 1940 1950 2050 2051 0 0
Expecting 98 theta parameters
 * Allometry
 * Maturity definition
## Legal definition
 * Growth parameter controls
growth increment option for sex 1 is 1
growth increment option for sex 2 is 1
LinearGM: setting nparG=3 for ig 1
ig = 1 nparG = 3
LinearGM: setting nparG=3 for ig 2
ig = 2 nparG = 3
ig = 3 nparG = 0
ig = 4 nparG = 0
ig = 5 nparG = 0
ig = 6 nparG = 0
nparGs 3 3 0 0 0 0
assigning growth parameters
1 1 Alpha_male 2.049 -5 20 0 2.049 1 3 0 0 0 0 0 0 0.3 0
    Alpha_male
printing Gpar_control
2 1 Beta_male -0.2258 -1 0 0 -0.2258 0.5 3 0 0 0 0 0 0 0.3 0
    Beta_male
printing Gpar_control
3 1 Gscale_male 0.25 0.001 5 0 0 999 -3 0 0 0 0 0 0 0.3 0
    Gscale_male
printing Gpar_control
IPAR1  2.049 -5 20 0 2.049 1 3 0 0 0 0 0 0 0.3 0
IPAR2  -0.2258 -1 0 0 -0.2258 0.5 3 0 0 0 0 0 0 0.3 0
IPAR3  0.25 0.001 5 0 0 999 -3 0 0 0 0 0 0 0.3 0
1 1 Alpha_female -1.1539 -5 10 0 -1.1539 1 3 0 0 0 0 0 0 0.3 0
    Alpha_female
printing Gpar_control
2 1 Beta_female -0.3389 -1 0 0 -0.3389 0.5 3 0 0 0 0 0 0 0.3 0
    Beta_female
printing Gpar_control
3 1 Gscale_female 0.25 0.001 5 0 0 999 -3 0 0 0 0 0 0 0.3 0
    Gscale_female
printing Gpar_control
IPAR4  -1.1539 -5 10 0 -1.1539 1 3 0 0 0 0 0 0 0.3 0
IPAR5  -0.3389 -1 0 0 -0.3389 0.5 3 0 0 0 0 0 0 0.3 0
IPAR6  0.25 0.001 5 0 0 999 -3 0 0 0 0 0 0 0.3 0
1
Special 1 0
2
Special 2 0
3
Special 3 0
4
Special 4 0
5
Special 5 1
6
Special 6 1
 * Natural mortality parameter controls
 * Selectivity parameter controls
 * Catchability parameter controls
 0 0 0 0
 0 0 0 0
 * Additional CV controls
 * Fishing mortality controls
 * Size composition controls
## Emphasis Factors (Fdev Penalties) ##
## Emphasis Factors (Priors/Penalties) ##
end of control section
+-------------------------+
| Reading projection file |
+-------------------------+
end of projection section
Number of estimated parameters: 386
Number of std variables: 404
+----------------------+
| Parameter section    |
+----------------------+
+----------------------+
| Preliminary section  |
+----------------------+
+------------------------------+
| Initial Procedure Section    |
+------------------------------+
initialize model AEP
initialize model AEP
Finished PRELIMINARY_CALCS_SECTION
Starting optimization of 'gmacs' in phase 1 of 4 at Fri Aug 28 14:30:53 2026

#--BETWEEN_PHASES_SECTION---------------------
#----Starting phase 1 of 4
Finished BETWEEN_PHASES_SECTION
----------------------------------------------
DEBUG: Total gradient stack used is 175780 out of 10000000
DEBUG: Total dvariable address used is 2073 out of 150000
DEBUG: Total dvariable address used is 3431792 out of 50000000
phase= 1 | nvar=239 | iter=  0 | nll=2.27e+05 | mag=5.25e+05 | par[  1]=T_pars_est[3]
DEBUG: Total gradient stack used is 175780 out of 10000000
DEBUG: Total dvariable address used is 2073 out of 150000
DEBUG: Total dvariable address used is 3431792 out of 50000000
DEBUG: Total gradient stack used is 175780 out of 10000000
DEBUG: Total dvariable address used is 2073 out of 150000
DEBUG: Total dvariable address used is 3431792 out of 50000000
DEBUG: Total gradient stack used is 175780 out of 10000000
DEBUG: Total dvariable address used is 2073 out of 150000
DEBUG: Total dvariable address used is 3431792 out of 50000000
DEBUG: Total gradient stack used is 175780 out of 10000000
DEBUG: Total dvariable address used is 2073 out of 150000
DEBUG: Total dvariable address used is 3431792 out of 50000000
DEBUG: Total gradient stack used is 175780 out of 10000000
DEBUG: Total dvariable address used is 2073 out of 150000
DEBUG: Total dvariable address used is 3431792 out of 50000000
DEBUG: Total gradient stack used is 175780 out of 10000000
DEBUG: Total dvariable address used is 2073 out of 150000
DEBUG: Total dvariable address used is 3431792 out of 50000000
DEBUG: Total gradient stack used is 175780 out of 10000000
DEBUG: Total dvariable address used is 2073 out of 150000
DEBUG: Total dvariable address used is 3431792 out of 50000000
DEBUG: Total gradient stack used is 175780 out of 10000000
DEBUG: Total dvariable address used is 2073 out of 150000
DEBUG: Total dvariable address used is 3431792 out of 50000000
DEBUG: Total gradient stack used is 175780 out of 10000000
DEBUG: Total dvariable address used is 2073 out of 150000
DEBUG: Total dvariable address used is 3431792 out of 50000000
DEBUG: Total gradient stack used is 175780 out of 10000000
DEBUG: Total dvariable address used is 2073 out of 150000
DEBUG: Total dvariable address used is 3431792 out of 50000000
DEBUG: Total gradient stack used is 175780 out of 10000000
DEBUG: Total dvariable address used is 2073 out of 150000
DEBUG: Total dvariable address used is 3431792 out of 50000000
DEBUG: Total gradient stack used is 175780 out of 10000000
DEBUG: Total dvariable address used is 2073 out of 150000
DEBUG: Total dvariable address used is 3431792 out of 50000000
DEBUG: Total gradient stack used is 175780 out of 10000000
DEBUG: Total dvariable address used is 2073 out of 150000
DEBUG: Total dvariable address used is 3431792 out of 50000000
DEBUG: Total gradient stack used is 175780 out of 10000000
DEBUG: Total dvariable address used is 2073 out of 150000
DEBUG: Total dvariable address used is 3431792 out of 50000000
DEBUG: Total gradient stack used is 175780 out of 10000000
DEBUG: Total dvariable address used is 2073 out of 150000
DEBUG: Total dvariable address used is 3431792 out of 50000000
DEBUG: Total gradient stack used is 175780 out of 10000000
DEBUG: Total dvariable address used is 2073 out of 150000
DEBUG: Total dvariable address used is 3431792 out of 50000000
DEBUG: Total gradient stack used is 175780 out of 10000000
DEBUG: Total dvariable address used is 2073 out of 150000
DEBUG: Total dvariable address used is 3431792 out of 50000000
DEBUG: Total gradient stack used is 175780 out of 10000000
DEBUG: Total dvariable address used is 2073 out of 150000
DEBUG: Total dvariable address used is 3431792 out of 50000000
DEBUG: Total gradient stack used is 175780 out of 10000000
DEBUG: Total dvariable address used is 2073 out of 150000
DEBUG: Total dvariable address used is 3431792 out of 50000000
DEBUG: Total gradient stack used is 175780 out of 10000000
DEBUG: Total dvariable address used is 2073 out of 150000
DEBUG: Total dvariable address used is 3431792 out of 50000000
DEBUG: Total gradient stack used is 175780 out of 10000000
DEBUG: Total dvariable address used is 2073 out of 150000
DEBUG: Total dvariable address used is 3431792 out of 50000000
DEBUG: Total gradient stack used is 175780 out of 10000000
DEBUG: Total dvariable address used is 2073 out of 150000
DEBUG: Total dvariable address used is 3431792 out of 50000000
DEBUG: Total gradient stack used is 175780 out of 10000000
DEBUG: Total dvariable address used is 2073 out of 150000
DEBUG: Total dvariable address used is 3431792 out of 50000000
DEBUG: Total gradient stack used is 175780 out of 10000000
DEBUG: Total dvariable address used is 2073 out of 150000
DEBUG: Total dvariable address used is 3431792 out of 50000000
DEBUG: Total gradient stack used is 175780 out of 10000000
DEBUG: Total dvariable address used is 2073 out of 150000
DEBUG: Total dvariable address used is 3431792 out of 50000000
DEBUG: Total gradient stack used is 175780 out of 10000000
DEBUG: Total dvariable address used is 2073 out of 150000
DEBUG: Total dvariable address used is 3431792 out of 50000000
DEBUG: Total gradient stack used is 175780 out of 10000000
DEBUG: Total dvariable address used is 2073 out of 150000
DEBUG: Total dvariable address used is 3431792 out of 50000000
DEBUG: Total gradient stack used is 175780 out of 10000000
DEBUG: Total dvariable address used is 2073 out of 150000
DEBUG: Total dvariable address used is 3431792 out of 50000000
DEBUG: Total gradient stack used is 175780 out of 10000000
DEBUG: Total dvariable address used is 2073 out of 150000
DEBUG: Total dvariable address used is 3431792 out of 50000000
DEBUG: Total gradient stack used is 175780 out of 10000000
DEBUG: Total dvariable address used is 2073 out of 150000
DEBUG: Total dvariable address used is 3431792 out of 50000000
DEBUG: Total gradient stack used is 175780 out of 10000000
DEBUG: Total dvariable address used is 2073 out of 150000
DEBUG: Total dvariable address used is 3431792 out of 50000000
DEBUG: Total gradient stack used is 175780 out of 10000000
DEBUG: Total dvariable address used is 2073 out of 150000
DEBUG: Total dvariable address used is 3431792 out of 50000000
DEBUG: Total gradient stack used is 175780 out of 10000000
DEBUG: Total dvariable address used is 2073 out of 150000
DEBUG: Total dvariable address used is 3431792 out of 50000000
DEBUG: Total gradient stack used is 175780 out of 10000000
DEBUG: Total dvariable address used is 2073 out of 150000
DEBUG: Total dvariable address used is 3431792 out of 50000000
DEBUG: Total gradient stack used is 175780 out of 10000000
DEBUG: Total dvariable address used is 2073 out of 150000
DEBUG: Total dvariable address used is 3431792 out of 50000000
DEBUG: Total gradient stack used is 175780 out of 10000000
DEBUG: Total dvariable address used is 2073 out of 150000
DEBUG: Total dvariable address used is 3431792 out of 50000000
DEBUG: Total gradient stack used is 175780 out of 10000000
DEBUG: Total dvariable address used is 2073 out of 150000
DEBUG: Total dvariable address used is 3431792 out of 50000000
DEBUG: Total gradient stack used is 175780 out of 10000000
DEBUG: Total dvariable address used is 2073 out of 150000
DEBUG: Total dvariable address used is 3431792 out of 50000000
DEBUG: Total gradient stack used is 175780 out of 10000000
DEBUG: Total dvariable address used is 2073 out of 150000
DEBUG: Total dvariable address used is 3431792 out of 50000000
DEBUG: Total gradient stack used is 175780 out of 10000000
DEBUG: Total dvariable address used is 2073 out of 150000
DEBUG: Total dvariable address used is 3431792 out of 50000000
DEBUG: Total gradient stack used is 175780 out of 10000000
DEBUG: Total dvariable address used is 2073 out of 150000
DEBUG: Total dvariable address used is 3431792 out of 50000000
DEBUG: Total gradient stack used is 175780 out of 10000000
DEBUG: Total dvariable address used is 2073 out of 150000
DEBUG: Total dvariable address used is 3431792 out of 50000000
DEBUG: Total gradient stack used is 175780 out of 10000000
DEBUG: Total dvariable address used is 2073 out of 150000
DEBUG: Total dvariable address used is 3431792 out of 50000000
DEBUG: Total gradient stack used is 175780 out of 10000000
DEBUG: Total dvariable address used is 2073 out of 150000
DEBUG: Total dvariable address used is 3431792 out of 50000000
DEBUG: Total gradient stack used is 175780 out of 10000000
DEBUG: Total dvariable address used is 2073 out of 150000
DEBUG: Total dvariable address used is 3431792 out of 50000000
DEBUG: Total gradient stack used is 175780 out of 10000000
DEBUG: Total dvariable address used is 2073 out of 150000
DEBUG: Total dvariable address used is 3431792 out of 50000000
DEBUG: Total gradient stack used is 175780 out of 10000000
DEBUG: Total dvariable address used is 2073 out of 150000
DEBUG: Total dvariable address used is 3431792 out of 50000000
DEBUG: Total gradient stack used is 175780 out of 10000000
DEBUG: Total dvariable address used is 2073 out of 150000
DEBUG: Total dvariable address used is 3431792 out of 50000000
DEBUG: Total gradient stack used is 175780 out of 10000000
DEBUG: Total dvariable address used is 2073 out of 150000
DEBUG: Total dvariable address used is 3431792 out of 50000000
DEBUG: Total gradient stack used is 175780 out of 10000000
DEBUG: Total dvariable address used is 2073 out of 150000
DEBUG: Total dvariable address used is 3431792 out of 50000000
DEBUG: Total gradient stack used is 175780 out of 10000000
DEBUG: Total dvariable address used is 2073 out of 150000
DEBUG: Total dvariable address used is 3431792 out of 50000000
DEBUG: Total gradient stack used is 175780 out of 10000000
DEBUG: Total dvariable address used is 2073 out of 150000
DEBUG: Total dvariable address used is 3431792 out of 50000000
DEBUG: Total gradient stack used is 175780 out of 10000000
DEBUG: Total dvariable address used is 2073 out of 150000
DEBUG: Total dvariable address used is 3431792 out of 50000000
DEBUG: Total gradient stack used is 175780 out of 10000000
DEBUG: Total dvariable address used is 2073 out of 150000
DEBUG: Total dvariable address used is 3431792 out of 50000000
DEBUG: Total gradient stack used is 175780 out of 10000000
DEBUG: Total dvariable address used is 2073 out of 150000
DEBUG: Total dvariable address used is 3431792 out of 50000000
DEBUG: Total gradient stack used is 175780 out of 10000000
DEBUG: Total dvariable address used is 2073 out of 150000
DEBUG: Total dvariable address used is 3431792 out of 50000000
DEBUG: Total gradient stack used is 175780 out of 10000000
DEBUG: Total dvariable address used is 2073 out of 150000
DEBUG: Total dvariable address used is 3431792 out of 50000000
DEBUG: Total gradient stack used is 175780 out of 10000000
DEBUG: Total dvariable address used is 2073 out of 150000
DEBUG: Total dvariable address used is 3431792 out of 50000000
DEBUG: Total gradient stack used is 175780 out of 10000000
DEBUG: Total dvariable address used is 2073 out of 150000
DEBUG: Total dvariable address used is 3431792 out of 50000000
DEBUG: Total gradient stack used is 175780 out of 10000000
DEBUG: Total dvariable address used is 2073 out of 150000
DEBUG: Total dvariable address used is 3431792 out of 50000000
DEBUG: Total gradient stack used is 175780 out of 10000000
DEBUG: Total dvariable address used is 2073 out of 150000
DEBUG: Total dvariable address used is 3431792 out of 50000000
DEBUG: Total gradient stack used is 175780 out of 10000000
DEBUG: Total dvariable address used is 2073 out of 150000
DEBUG: Total dvariable address used is 3431792 out of 50000000
DEBUG: Total gradient stack used is 175780 out of 10000000
DEBUG: Total dvariable address used is 2073 out of 150000
DEBUG: Total dvariable address used is 3431792 out of 50000000
DEBUG: Total gradient stack used is 175780 out of 10000000
DEBUG: Total dvariable address used is 2073 out of 150000
DEBUG: Total dvariable address used is 3431792 out of 50000000
DEBUG: Total gradient stack used is 175780 out of 10000000
DEBUG: Total dvariable address used is 2073 out of 150000
DEBUG: Total dvariable address used is 3431792 out of 50000000
DEBUG: Total gradient stack used is 175780 out of 10000000
DEBUG: Total dvariable address used is 2073 out of 150000
DEBUG: Total dvariable address used is 3431792 out of 50000000
DEBUG: Total gradient stack used is 175780 out of 10000000
DEBUG: Total dvariable address used is 2073 out of 150000
DEBUG: Total dvariable address used is 3431792 out of 50000000
DEBUG: Total gradient stack used is 175850 out of 10000000
DEBUG: Total dvariable address used is 2073 out of 150000
DEBUG: Total dvariable address used is 3431792 out of 50000000
DEBUG: Total gradient stack used is 175780 out of 10000000
DEBUG: Total dvariable address used is 2073 out of 150000
DEBUG: Total dvariable address used is 3431792 out of 50000000
DEBUG: Total gradient stack used is 175780 out of 10000000
DEBUG: Total dvariable address used is 2073 out of 150000
DEBUG: Total dvariable address used is 3431792 out of 50000000
DEBUG: Total gradient stack used is 175948 out of 10000000
DEBUG: Total dvariable address used is 2073 out of 150000
DEBUG: Total dvariable address used is 3431792 out of 50000000
DEBUG: Total gradient stack used is 175780 out of 10000000
DEBUG: Total dvariable address used is 2073 out of 150000
DEBUG: Total dvariable address used is 3431792 out of 50000000
DEBUG: Total gradient stack used is 175780 out of 10000000
DEBUG: Total dvariable address used is 2073 out of 150000
DEBUG: Total dvariable address used is 3431792 out of 50000000
DEBUG: Total gradient stack used is 176550 out of 10000000
DEBUG: Total dvariable address used is 2073 out of 150000
DEBUG: Total dvariable address used is 3431792 out of 50000000
DEBUG: Total gradient stack used is 175780 out of 10000000
DEBUG: Total dvariable address used is 2073 out of 150000
DEBUG: Total dvariable address used is 3431792 out of 50000000
DEBUG: Total gradient stack used is 175780 out of 10000000
DEBUG: Total dvariable address used is 2073 out of 150000
DEBUG: Total dvariable address used is 3431792 out of 50000000
DEBUG: Total gradient stack used is 175780 out of 10000000
DEBUG: Total dvariable address used is 2073 out of 150000
DEBUG: Total dvariable address used is 3431792 out of 50000000
DEBUG: Total gradient stack used is 175780 out of 10000000
DEBUG: Total dvariable address used is 2073 out of 150000
DEBUG: Total dvariable address used is 3431792 out of 50000000
DEBUG: Total gradient stack used is 175780 out of 10000000
DEBUG: Total dvariable address used is 2073 out of 150000
DEBUG: Total dvariable address used is 3431792 out of 50000000
DEBUG: Total gradient stack used is 175780 out of 10000000
DEBUG: Total dvariable address used is 2073 out of 150000
DEBUG: Total dvariable address used is 3431792 out of 50000000
DEBUG: Total gradient stack used is 175780 out of 10000000
DEBUG: Total dvariable address used is 2073 out of 150000
DEBUG: Total dvariable address used is 3431792 out of 50000000
DEBUG: Total gradient stack used is 175780 out of 10000000
DEBUG: Total dvariable address used is 2073 out of 150000
DEBUG: Total dvariable address used is 3431792 out of 50000000
DEBUG: Total gradient stack used is 175780 out of 10000000
DEBUG: Total dvariable address used is 2073 out of 150000
DEBUG: Total dvariable address used is 3431792 out of 50000000
DEBUG: Total gradient stack used is 175780 out of 10000000
DEBUG: Total dvariable address used is 2073 out of 150000
DEBUG: Total dvariable address used is 3431792 out of 50000000
DEBUG: Total gradient stack used is 175780 out of 10000000
DEBUG: Total dvariable address used is 2073 out of 150000
DEBUG: Total dvariable address used is 3431792 out of 50000000
DEBUG: Total gradient stack used is 175780 out of 10000000
DEBUG: Total dvariable address used is 2073 out of 150000
DEBUG: Total dvariable address used is 3431792 out of 50000000
DEBUG: Total gradient stack used is 175780 out of 10000000
DEBUG: Total dvariable address used is 2073 out of 150000
DEBUG: Total dvariable address used is 3431792 out of 50000000
DEBUG: Total gradient stack used is 175780 out of 10000000
DEBUG: Total dvariable address used is 2073 out of 150000
DEBUG: Total dvariable address used is 3431792 out of 50000000
DEBUG: Total gradient stack used is 175780 out of 10000000
DEBUG: Total dvariable address used is 2073 out of 150000
DEBUG: Total dvariable address used is 3431792 out of 50000000
DEBUG: Total gradient stack used is 175780 out of 10000000
DEBUG: Total dvariable address used is 2073 out of 150000
DEBUG: Total dvariable address used is 3431792 out of 50000000
DEBUG: Total gradient stack used is 175780 out of 10000000
DEBUG: Total dvariable address used is 2073 out of 150000
DEBUG: Total dvariable address used is 3431792 out of 50000000
DEBUG: Total gradient stack used is 175780 out of 10000000
DEBUG: Total dvariable address used is 2073 out of 150000
DEBUG: Total dvariable address used is 3431792 out of 50000000
DEBUG: Total gradient stack used is 175780 out of 10000000
DEBUG: Total dvariable address used is 2073 out of 150000
DEBUG: Total dvariable address used is 3431792 out of 50000000
DEBUG: Total gradient stack used is 175780 out of 10000000
DEBUG: Total dvariable address used is 2073 out of 150000
DEBUG: Total dvariable address used is 3431792 out of 50000000
DEBUG: Total gradient stack used is 175780 out of 10000000
DEBUG: Total dvariable address used is 2073 out of 150000
DEBUG: Total dvariable address used is 3431792 out of 50000000
DEBUG: Total gradient stack used is 175780 out of 10000000
DEBUG: Total dvariable address used is 2073 out of 150000
DEBUG: Total dvariable address used is 3431792 out of 50000000
DEBUG: Total gradient stack used is 175780 out of 10000000
DEBUG: Total dvariable address used is 2073 out of 150000
DEBUG: Total dvariable address used is 3431792 out of 50000000
DEBUG: Total gradient stack used is 175780 out of 10000000
DEBUG: Total dvariable address used is 2073 out of 150000
DEBUG: Total dvariable address used is 3431792 out of 50000000
DEBUG: Total gradient stack used is 175780 out of 10000000
DEBUG: Total dvariable address used is 2073 out of 150000
DEBUG: Total dvariable address used is 3431792 out of 50000000
DEBUG: Total gradient stack used is 175780 out of 10000000
DEBUG: Total dvariable address used is 2073 out of 150000
DEBUG: Total dvariable address used is 3431792 out of 50000000
DEBUG: Total gradient stack used is 175780 out of 10000000
DEBUG: Total dvariable address used is 2073 out of 150000
DEBUG: Total dvariable address used is 3431792 out of 50000000
DEBUG: Total gradient stack used is 175780 out of 10000000
DEBUG: Total dvariable address used is 2073 out of 150000
DEBUG: Total dvariable address used is 3431792 out of 50000000
DEBUG: Total gradient stack used is 175780 out of 10000000
DEBUG: Total dvariable address used is 2073 out of 150000
DEBUG: Total dvariable address used is 3431792 out of 50000000
DEBUG: Total gradient stack used is 175780 out of 10000000
DEBUG: Total dvariable address used is 2073 out of 150000
DEBUG: Total dvariable address used is 3431792 out of 50000000
DEBUG: Total gradient stack used is 175780 out of 10000000
DEBUG: Total dvariable address used is 2073 out of 150000
DEBUG: Total dvariable address used is 3431792 out of 50000000
DEBUG: Total gradient stack used is 175780 out of 10000000
DEBUG: Total dvariable address used is 2073 out of 150000
DEBUG: Total dvariable address used is 3431792 out of 50000000
DEBUG: Total gradient stack used is 175780 out of 10000000
DEBUG: Total dvariable address used is 2073 out of 150000
DEBUG: Total dvariable address used is 3431792 out of 50000000
DEBUG: Total gradient stack used is 175780 out of 10000000
DEBUG: Total dvariable address used is 2073 out of 150000
DEBUG: Total dvariable address used is 3431792 out of 50000000
DEBUG: Total gradient stack used is 175780 out of 10000000
DEBUG: Total dvariable address used is 2073 out of 150000
DEBUG: Total dvariable address used is 3431792 out of 50000000
DEBUG: Total gradient stack used is 175780 out of 10000000
DEBUG: Total dvariable address used is 2073 out of 150000
DEBUG: Total dvariable address used is 3431792 out of 50000000
DEBUG: Total gradient stack used is 175780 out of 10000000
DEBUG: Total dvariable address used is 2073 out of 150000
DEBUG: Total dvariable address used is 3431792 out of 50000000
DEBUG: Total gradient stack used is 175780 out of 10000000
DEBUG: Total dvariable address used is 2073 out of 150000
DEBUG: Total dvariable address used is 3431792 out of 50000000
DEBUG: Total gradient stack used is 175780 out of 10000000
DEBUG: Total dvariable address used is 2073 out of 150000
DEBUG: Total dvariable address used is 3431792 out of 50000000
DEBUG: Total gradient stack used is 175780 out of 10000000
DEBUG: Total dvariable address used is 2073 out of 150000
DEBUG: Total dvariable address used is 3431792 out of 50000000
DEBUG: Total gradient stack used is 175780 out of 10000000
DEBUG: Total dvariable address used is 2073 out of 150000
DEBUG: Total dvariable address used is 3431792 out of 50000000
DEBUG: Total gradient stack used is 175780 out of 10000000
DEBUG: Total dvariable address used is 2073 out of 150000
DEBUG: Total dvariable address used is 3431792 out of 50000000
DEBUG: Total gradient stack used is 175780 out of 10000000
DEBUG: Total dvariable address used is 2073 out of 150000
DEBUG: Total dvariable address used is 3431792 out of 50000000
DEBUG: Total gradient stack used is 175780 out of 10000000
DEBUG: Total dvariable address used is 2073 out of 150000
DEBUG: Total dvariable address used is 3431792 out of 50000000
DEBUG: Total gradient stack used is 175780 out of 10000000
DEBUG: Total dvariable address used is 2073 out of 150000
DEBUG: Total dvariable address used is 3431792 out of 50000000
DEBUG: Total gradient stack used is 175780 out of 10000000
DEBUG: Total dvariable address used is 2073 out of 150000
DEBUG: Total dvariable address used is 3431792 out of 50000000
DEBUG: Total gradient stack used is 175780 out of 10000000
DEBUG: Total dvariable address used is 2073 out of 150000
DEBUG: Total dvariable address used is 3431792 out of 50000000
DEBUG: Total gradient stack used is 175780 out of 10000000
DEBUG: Total dvariable address used is 2073 out of 150000
DEBUG: Total dvariable address used is 3431792 out of 50000000
DEBUG: Total gradient stack used is 175780 out of 10000000
DEBUG: Total dvariable address used is 2073 out of 150000
DEBUG: Total dvariable address used is 3431792 out of 50000000
DEBUG: Total gradient stack used is 175780 out of 10000000
DEBUG: Total dvariable address used is 2073 out of 150000
DEBUG: Total dvariable address used is 3431792 out of 50000000
DEBUG: Total gradient stack used is 175780 out of 10000000
DEBUG: Total dvariable address used is 2073 out of 150000
DEBUG: Total dvariable address used is 3431792 out of 50000000
DEBUG: Total gradient stack used is 175780 out of 10000000
DEBUG: Total dvariable address used is 2073 out of 150000
DEBUG: Total dvariable address used is 3431792 out of 50000000
DEBUG: Total gradient stack used is 175780 out of 10000000
DEBUG: Total dvariable address used is 2073 out of 150000
DEBUG: Total dvariable address used is 3431792 out of 50000000
DEBUG: Total gradient stack used is 175780 out of 10000000
DEBUG: Total dvariable address used is 2073 out of 150000
DEBUG: Total dvariable address used is 3431792 out of 50000000
DEBUG: Total gradient stack used is 175780 out of 10000000
DEBUG: Total dvariable address used is 2073 out of 150000
DEBUG: Total dvariable address used is 3431792 out of 50000000
DEBUG: Total gradient stack used is 175780 out of 10000000
DEBUG: Total dvariable address used is 2073 out of 150000
DEBUG: Total dvariable address used is 3431792 out of 50000000
DEBUG: Total gradient stack used is 175780 out of 10000000
DEBUG: Total dvariable address used is 2073 out of 150000
DEBUG: Total dvariable address used is 3431792 out of 50000000
DEBUG: Total gradient stack used is 175780 out of 10000000
DEBUG: Total dvariable address used is 2073 out of 150000
DEBUG: Total dvariable address used is 3431792 out of 50000000
DEBUG: Total gradient stack used is 175780 out of 10000000
DEBUG: Total dvariable address used is 2073 out of 150000
DEBUG: Total dvariable address used is 3431792 out of 50000000
phase= 1 | nvar=239 | iter=100 | nll=-6.54e+03 | mag=1.97e+05 | par[  1]=T_pars_est[3]
DEBUG: Total gradient stack used is 175780 out of 10000000
DEBUG: Total dvariable address used is 2073 out of 150000
DEBUG: Total dvariable address used is 3431792 out of 50000000
DEBUG: Total gradient stack used is 175780 out of 10000000
DEBUG: Total dvariable address used is 2073 out of 150000
DEBUG: Total dvariable address used is 3431792 out of 50000000
DEBUG: Total gradient stack used is 175780 out of 10000000
DEBUG: Total dvariable address used is 2073 out of 150000
DEBUG: Total dvariable address used is 3431792 out of 50000000
DEBUG: Total gradient stack used is 175780 out of 10000000
DEBUG: Total dvariable address used is 2073 out of 150000
DEBUG: Total dvariable address used is 3431792 out of 50000000
DEBUG: Total gradient stack used is 175780 out of 10000000
DEBUG: Total dvariable address used is 2073 out of 150000
DEBUG: Total dvariable address used is 3431792 out of 50000000
DEBUG: Total gradient stack used is 175780 out of 10000000
DEBUG: Total dvariable address used is 2073 out of 150000
DEBUG: Total dvariable address used is 3431792 out of 50000000
DEBUG: Total gradient stack used is 175780 out of 10000000
DEBUG: Total dvariable address used is 2073 out of 150000
DEBUG: Total dvariable address used is 3431792 out of 50000000
DEBUG: Total gradient stack used is 175780 out of 10000000
DEBUG: Total dvariable address used is 2073 out of 150000
DEBUG: Total dvariable address used is 3431792 out of 50000000
DEBUG: Total gradient stack used is 175780 out of 10000000
DEBUG: Total dvariable address used is 2073 out of 150000
DEBUG: Total dvariable address used is 3431792 out of 50000000
DEBUG: Total gradient stack used is 175780 out of 10000000
DEBUG: Total dvariable address used is 2073 out of 150000
DEBUG: Total dvariable address used is 3431792 out of 50000000
DEBUG: Total gradient stack used is 175780 out of 10000000
DEBUG: Total dvariable address used is 2073 out of 150000
DEBUG: Total dvariable address used is 3431792 out of 50000000
DEBUG: Total gradient stack used is 175780 out of 10000000
DEBUG: Total dvariable address used is 2073 out of 150000
DEBUG: Total dvariable address used is 3431792 out of 50000000
DEBUG: Total gradient stack used is 175780 out of 10000000
DEBUG: Total dvariable address used is 2073 out of 150000
DEBUG: Total dvariable address used is 3431792 out of 50000000
DEBUG: Total gradient stack used is 175780 out of 10000000
DEBUG: Total dvariable address used is 2073 out of 150000
DEBUG: Total dvariable address used is 3431792 out of 50000000
DEBUG: Total gradient stack used is 175780 out of 10000000
DEBUG: Total dvariable address used is 2073 out of 150000
DEBUG: Total dvariable address used is 3431792 out of 50000000
DEBUG: Total gradient stack used is 175780 out of 10000000
DEBUG: Total dvariable address used is 2073 out of 150000
DEBUG: Total dvariable address used is 3431792 out of 50000000
DEBUG: Total gradient stack used is 175780 out of 10000000
DEBUG: Total dvariable address used is 2073 out of 150000
DEBUG: Total dvariable address used is 3431792 out of 50000000
DEBUG: Total gradient stack used is 175780 out of 10000000
DEBUG: Total dvariable address used is 2073 out of 150000
DEBUG: Total dvariable address used is 3431792 out of 50000000
DEBUG: Total gradient stack used is 175780 out of 10000000
DEBUG: Total dvariable address used is 2073 out of 150000
DEBUG: Total dvariable address used is 3431792 out of 50000000
DEBUG: Total gradient stack used is 175780 out of 10000000
DEBUG: Total dvariable address used is 2073 out of 150000
DEBUG: Total dvariable address used is 3431792 out of 50000000
DEBUG: Total gradient stack used is 175780 out of 10000000
DEBUG: Total dvariable address used is 2073 out of 150000
DEBUG: Total dvariable address used is 3431792 out of 50000000
DEBUG: Total gradient stack used is 175780 out of 10000000
DEBUG: Total dvariable address used is 2073 out of 150000
DEBUG: Total dvariable address used is 3431792 out of 50000000
DEBUG: Total gradient stack used is 175780 out of 10000000
DEBUG: Total dvariable address used is 2073 out of 150000
DEBUG: Total dvariable address used is 3431792 out of 50000000
DEBUG: Total gradient stack used is 175780 out of 10000000
DEBUG: Total dvariable address used is 2073 out of 150000
DEBUG: Total dvariable address used is 3431792 out of 50000000
DEBUG: Total gradient stack used is 175780 out of 10000000
DEBUG: Total dvariable address used is 2073 out of 150000
DEBUG: Total dvariable address used is 3431792 out of 50000000
DEBUG: Total gradient stack used is 175780 out of 10000000
DEBUG: Total dvariable address used is 2073 out of 150000
DEBUG: Total dvariable address used is 3431792 out of 50000000
DEBUG: Total gradient stack used is 175780 out of 10000000
DEBUG: Total dvariable address used is 2073 out of 150000
DEBUG: Total dvariable address used is 3431792 out of 50000000
DEBUG: Total gradient stack used is 175780 out of 10000000
DEBUG: Total dvariable address used is 2073 out of 150000
DEBUG: Total dvariable address used is 3431792 out of 50000000
DEBUG: Total gradient stack used is 175780 out of 10000000
DEBUG: Total dvariable address used is 2073 out of 150000
DEBUG: Total dvariable address used is 3431792 out of 50000000
DEBUG: Total gradient stack used is 175780 out of 10000000
DEBUG: Total dvariable address used is 2073 out of 150000
DEBUG: Total dvariable address used is 3431792 out of 50000000
DEBUG: Total gradient stack used is 175780 out of 10000000
DEBUG: Total dvariable address used is 2073 out of 150000
DEBUG: Total dvariable address used is 3431792 out of 50000000
DEBUG: Total gradient stack used is 175780 out of 10000000
DEBUG: Total dvariable address used is 2073 out of 150000
DEBUG: Total dvariable address used is 3431792 out of 50000000
DEBUG: Total gradient stack used is 175780 out of 10000000
DEBUG: Total dvariable address used is 2073 out of 150000
DEBUG: Total dvariable address used is 3431792 out of 50000000
DEBUG: Total gradient stack used is 175780 out of 10000000
DEBUG: Total dvariable address used is 2073 out of 150000
DEBUG: Total dvariable address used is 3431792 out of 50000000
DEBUG: Total gradient stack used is 175780 out of 10000000
DEBUG: Total dvariable address used is 2073 out of 150000
DEBUG: Total dvariable address used is 3431792 out of 50000000
DEBUG: Total gradient stack used is 175780 out of 10000000
DEBUG: Total dvariable address used is 2073 out of 150000
DEBUG: Total dvariable address used is 3431792 out of 50000000
DEBUG: Total gradient stack used is 175780 out of 10000000
DEBUG: Total dvariable address used is 2073 out of 150000
DEBUG: Total dvariable address used is 3431792 out of 50000000
DEBUG: Total gradient stack used is 175780 out of 10000000
DEBUG: Total dvariable address used is 2073 out of 150000
DEBUG: Total dvariable address used is 3431792 out of 50000000
DEBUG: Total gradient stack used is 175780 out of 10000000
DEBUG: Total dvariable address used is 2073 out of 150000
DEBUG: Total dvariable address used is 3431792 out of 50000000
DEBUG: Total gradient stack used is 175780 out of 10000000
DEBUG: Total dvariable address used is 2073 out of 150000
DEBUG: Total dvariable address used is 3431792 out of 50000000
DEBUG: Total gradient stack used is 175780 out of 10000000
DEBUG: Total dvariable address used is 2073 out of 150000
DEBUG: Total dvariable address used is 3431792 out of 50000000
DEBUG: Total gradient stack used is 175780 out of 10000000
DEBUG: Total dvariable address used is 2073 out of 150000
DEBUG: Total dvariable address used is 3431792 out of 50000000
DEBUG: Total gradient stack used is 175780 out of 10000000
DEBUG: Total dvariable address used is 2073 out of 150000
DEBUG: Total dvariable address used is 3431792 out of 50000000
DEBUG: Total gradient stack used is 175780 out of 10000000
DEBUG: Total dvariable address used is 2073 out of 150000
DEBUG: Total dvariable address used is 3431792 out of 50000000
DEBUG: Total gradient stack used is 175780 out of 10000000
DEBUG: Total dvariable address used is 2073 out of 150000
DEBUG: Total dvariable address used is 3431792 out of 50000000
DEBUG: Total gradient stack used is 175780 out of 10000000
DEBUG: Total dvariable address used is 2073 out of 150000
DEBUG: Total dvariable address used is 3431792 out of 50000000
DEBUG: Total gradient stack used is 175780 out of 10000000
DEBUG: Total dvariable address used is 2073 out of 150000
DEBUG: Total dvariable address used is 3431792 out of 50000000
DEBUG: Total gradient stack used is 175780 out of 10000000
DEBUG: Total dvariable address used is 2073 out of 150000
DEBUG: Total dvariable address used is 3431792 out of 50000000
DEBUG: Total gradient stack used is 175780 out of 10000000
DEBUG: Total dvariable address used is 2073 out of 150000
DEBUG: Total dvariable address used is 3431792 out of 50000000
DEBUG: Total gradient stack used is 175780 out of 10000000
DEBUG: Total dvariable address used is 2073 out of 150000
DEBUG: Total dvariable address used is 3431792 out of 50000000
DEBUG: Total gradient stack used is 175780 out of 10000000
DEBUG: Total dvariable address used is 2073 out of 150000
DEBUG: Total dvariable address used is 3431792 out of 50000000
DEBUG: Total gradient stack used is 175780 out of 10000000
DEBUG: Total dvariable address used is 2073 out of 150000
DEBUG: Total dvariable address used is 3431792 out of 50000000
DEBUG: Total gradient stack used is 175780 out of 10000000
DEBUG: Total dvariable address used is 2073 out of 150000
DEBUG: Total dvariable address used is 3431792 out of 50000000
DEBUG: Total gradient stack used is 175780 out of 10000000
DEBUG: Total dvariable address used is 2073 out of 150000
DEBUG: Total dvariable address used is 3431792 out of 50000000
DEBUG: Total gradient stack used is 175780 out of 10000000
DEBUG: Total dvariable address used is 2073 out of 150000
DEBUG: Total dvariable address used is 3431792 out of 50000000
DEBUG: Total gradient stack used is 175780 out of 10000000
DEBUG: Total dvariable address used is 2073 out of 150000
DEBUG: Total dvariable address used is 3431792 out of 50000000
DEBUG: Total gradient stack used is 175780 out of 10000000
DEBUG: Total dvariable address used is 2073 out of 150000
DEBUG: Total dvariable address used is 3431792 out of 50000000
DEBUG: Total gradient stack used is 175780 out of 10000000
DEBUG: Total dvariable address used is 2073 out of 150000
DEBUG: Total dvariable address used is 3431792 out of 50000000
DEBUG: Total gradient stack used is 175780 out of 10000000
DEBUG: Total dvariable address used is 2073 out of 150000
DEBUG: Total dvariable address used is 3431792 out of 50000000
DEBUG: Total gradient stack used is 175780 out of 10000000
DEBUG: Total dvariable address used is 2073 out of 150000
DEBUG: Total dvariable address used is 3431792 out of 50000000
DEBUG: Total gradient stack used is 175780 out of 10000000
DEBUG: Total dvariable address used is 2073 out of 150000
DEBUG: Total dvariable address used is 3431792 out of 50000000
DEBUG: Total gradient stack used is 175780 out of 10000000
DEBUG: Total dvariable address used is 2073 out of 150000
DEBUG: Total dvariable address used is 3431792 out of 50000000
DEBUG: Total gradient stack used is 175780 out of 10000000
DEBUG: Total dvariable address used is 2073 out of 150000
DEBUG: Total dvariable address used is 3431792 out of 50000000
DEBUG: Total gradient stack used is 175780 out of 10000000
DEBUG: Total dvariable address used is 2073 out of 150000
DEBUG: Total dvariable address used is 3431792 out of 50000000
DEBUG: Total gradient stack used is 175780 out of 10000000
DEBUG: Total dvariable address used is 2073 out of 150000
DEBUG: Total dvariable address used is 3431792 out of 50000000
DEBUG: Total gradient stack used is 175780 out of 10000000
DEBUG: Total dvariable address used is 2073 out of 150000
DEBUG: Total dvariable address used is 3431792 out of 50000000
DEBUG: Total gradient stack used is 175780 out of 10000000
DEBUG: Total dvariable address used is 2073 out of 150000
DEBUG: Total dvariable address used is 3431792 out of 50000000
DEBUG: Total gradient stack used is 175780 out of 10000000
DEBUG: Total dvariable address used is 2073 out of 150000
DEBUG: Total dvariable address used is 3431792 out of 50000000
DEBUG: Total gradient stack used is 175780 out of 10000000
DEBUG: Total dvariable address used is 2073 out of 150000
DEBUG: Total dvariable address used is 3431792 out of 50000000
DEBUG: Total gradient stack used is 175780 out of 10000000
DEBUG: Total dvariable address used is 2073 out of 150000
DEBUG: Total dvariable address used is 3431792 out of 50000000
DEBUG: Total gradient stack used is 175780 out of 10000000
DEBUG: Total dvariable address used is 2073 out of 150000
DEBUG: Total dvariable address used is 3431792 out of 50000000
DEBUG: Total gradient stack used is 175780 out of 10000000
DEBUG: Total dvariable address used is 2073 out of 150000
DEBUG: Total dvariable address used is 3431792 out of 50000000
DEBUG: Total gradient stack used is 175780 out of 10000000
DEBUG: Total dvariable address used is 2073 out of 150000
DEBUG: Total dvariable address used is 3431792 out of 50000000
DEBUG: Total gradient stack used is 175780 out of 10000000
DEBUG: Total dvariable address used is 2073 out of 150000
DEBUG: Total dvariable address used is 3431792 out of 50000000
DEBUG: Total gradient stack used is 175780 out of 10000000
DEBUG: Total dvariable address used is 2073 out of 150000
DEBUG: Total dvariable address used is 3431792 out of 50000000
DEBUG: Total gradient stack used is 175780 out of 10000000
DEBUG: Total dvariable address used is 2073 out of 150000
DEBUG: Total dvariable address used is 3431792 out of 50000000
DEBUG: Total gradient stack used is 175780 out of 10000000
DEBUG: Total dvariable address used is 2073 out of 150000
DEBUG: Total dvariable address used is 3431792 out of 50000000
DEBUG: Total gradient stack used is 175780 out of 10000000
DEBUG: Total dvariable address used is 2073 out of 150000
DEBUG: Total dvariable address used is 3431792 out of 50000000
DEBUG: Total gradient stack used is 175780 out of 10000000
DEBUG: Total dvariable address used is 2073 out of 150000
DEBUG: Total dvariable address used is 3431792 out of 50000000
DEBUG: Total gradient stack used is 175780 out of 10000000
DEBUG: Total dvariable address used is 2073 out of 150000
DEBUG: Total dvariable address used is 3431792 out of 50000000
DEBUG: Total gradient stack used is 175780 out of 10000000
DEBUG: Total dvariable address used is 2073 out of 150000
DEBUG: Total dvariable address used is 3431792 out of 50000000
DEBUG: Total gradient stack used is 175780 out of 10000000
DEBUG: Total dvariable address used is 2073 out of 150000
DEBUG: Total dvariable address used is 3431792 out of 50000000
DEBUG: Total gradient stack used is 175780 out of 10000000
DEBUG: Total dvariable address used is 2073 out of 150000
DEBUG: Total dvariable address used is 3431792 out of 50000000
DEBUG: Total gradient stack used is 175780 out of 10000000
DEBUG: Total dvariable address used is 2073 out of 150000
DEBUG: Total dvariable address used is 3431792 out of 50000000
DEBUG: Total gradient stack used is 175780 out of 10000000
DEBUG: Total dvariable address used is 2073 out of 150000
DEBUG: Total dvariable address used is 3431792 out of 50000000
DEBUG: Total gradient stack used is 175780 out of 10000000
DEBUG: Total dvariable address used is 2073 out of 150000
DEBUG: Total dvariable address used is 3431792 out of 50000000
DEBUG: Total gradient stack used is 175780 out of 10000000
DEBUG: Total dvariable address used is 2073 out of 150000
DEBUG: Total dvariable address used is 3431792 out of 50000000
DEBUG: Total gradient stack used is 175780 out of 10000000
DEBUG: Total dvariable address used is 2073 out of 150000
DEBUG: Total dvariable address used is 3431792 out of 50000000
DEBUG: Total gradient stack used is 175780 out of 10000000
DEBUG: Total dvariable address used is 2073 out of 150000
DEBUG: Total dvariable address used is 3431792 out of 50000000
DEBUG: Total gradient stack used is 175780 out of 10000000
DEBUG: Total dvariable address used is 2073 out of 150000
DEBUG: Total dvariable address used is 3431792 out of 50000000
DEBUG: Total gradient stack used is 175780 out of 10000000
DEBUG: Total dvariable address used is 2073 out of 150000
DEBUG: Total dvariable address used is 3431792 out of 50000000
DEBUG: Total gradient stack used is 175780 out of 10000000
DEBUG: Total dvariable address used is 2073 out of 150000
DEBUG: Total dvariable address used is 3431792 out of 50000000
DEBUG: Total gradient stack used is 175780 out of 10000000
DEBUG: Total dvariable address used is 2073 out of 150000
DEBUG: Total dvariable address used is 3431792 out of 50000000
DEBUG: Total gradient stack used is 175780 out of 10000000
DEBUG: Total dvariable address used is 2073 out of 150000
DEBUG: Total dvariable address used is 3431792 out of 50000000
DEBUG: Total gradient stack used is 175780 out of 10000000
DEBUG: Total dvariable address used is 2073 out of 150000
DEBUG: Total dvariable address used is 3431792 out of 50000000
DEBUG: Total gradient stack used is 175780 out of 10000000
DEBUG: Total dvariable address used is 2073 out of 150000
DEBUG: Total dvariable address used is 3431792 out of 50000000
DEBUG: Total gradient stack used is 175780 out of 10000000
DEBUG: Total dvariable address used is 2073 out of 150000
DEBUG: Total dvariable address used is 3431792 out of 50000000
DEBUG: Total gradient stack used is 175780 out of 10000000
DEBUG: Total dvariable address used is 2073 out of 150000
DEBUG: Total dvariable address used is 3431792 out of 50000000
DEBUG: Total gradient stack used is 175780 out of 10000000
DEBUG: Total dvariable address used is 2073 out of 150000
DEBUG: Total dvariable address used is 3431792 out of 50000000
DEBUG: Total gradient stack used is 175780 out of 10000000
DEBUG: Total dvariable address used is 2073 out of 150000
DEBUG: Total dvariable address used is 3431792 out of 50000000
DEBUG: Total gradient stack used is 175780 out of 10000000
DEBUG: Total dvariable address used is 2073 out of 150000
DEBUG: Total dvariable address used is 3431792 out of 50000000
DEBUG: Total gradient stack used is 175780 out of 10000000
DEBUG: Total dvariable address used is 2073 out of 150000
DEBUG: Total dvariable address used is 3431792 out of 50000000
DEBUG: Total gradient stack used is 175780 out of 10000000
DEBUG: Total dvariable address used is 2073 out of 150000
DEBUG: Total dvariable address used is 3431792 out of 50000000
DEBUG: Total gradient stack used is 175780 out of 10000000
DEBUG: Total dvariable address used is 2073 out of 150000
DEBUG: Total dvariable address used is 3431792 out of 50000000
DEBUG: Total gradient stack used is 175780 out of 10000000
DEBUG: Total dvariable address used is 2073 out of 150000
DEBUG: Total dvariable address used is 3431792 out of 50000000
DEBUG: Total gradient stack used is 175780 out of 10000000
DEBUG: Total dvariable address used is 2073 out of 150000
DEBUG: Total dvariable address used is 3431792 out of 50000000
DEBUG: Total gradient stack used is 175780 out of 10000000
DEBUG: Total dvariable address used is 2073 out of 150000
DEBUG: Total dvariable address used is 3431792 out of 50000000
DEBUG: Total gradient stack used is 175780 out of 10000000
DEBUG: Total dvariable address used is 2073 out of 150000
DEBUG: Total dvariable address used is 3431792 out of 50000000
DEBUG: Total gradient stack used is 175780 out of 10000000
DEBUG: Total dvariable address used is 2073 out of 150000
DEBUG: Total dvariable address used is 3431792 out of 50000000
DEBUG: Total gradient stack used is 175780 out of 10000000
DEBUG: Total dvariable address used is 2073 out of 150000
DEBUG: Total dvariable address used is 3431792 out of 50000000
DEBUG: Total gradient stack used is 175780 out of 10000000
DEBUG: Total dvariable address used is 2073 out of 150000
DEBUG: Total dvariable address used is 3431792 out of 50000000
DEBUG: Total gradient stack used is 175780 out of 10000000
DEBUG: Total dvariable address used is 2073 out of 150000
DEBUG: Total dvariable address used is 3431792 out of 50000000
DEBUG: Total gradient stack used is 175780 out of 10000000
DEBUG: Total dvariable address used is 2073 out of 150000
DEBUG: Total dvariable address used is 3431792 out of 50000000
DEBUG: Total gradient stack used is 175780 out of 10000000
DEBUG: Total dvariable address used is 2073 out of 150000
DEBUG: Total dvariable address used is 3431792 out of 50000000
DEBUG: Total gradient stack used is 175780 out of 10000000
DEBUG: Total dvariable address used is 2073 out of 150000
DEBUG: Total dvariable address used is 3431792 out of 50000000
DEBUG: Total gradient stack used is 175780 out of 10000000
DEBUG: Total dvariable address used is 2073 out of 150000
DEBUG: Total dvariable address used is 3431792 out of 50000000
phase= 1 | nvar=239 | iter=200 | nll=-1.24e+04 | mag=1.11e+04 | par[ 85]=log_fbar[1]
DEBUG: Total gradient stack used is 175780 out of 10000000
DEBUG: Total dvariable address used is 2073 out of 150000
DEBUG: Total dvariable address used is 3431792 out of 50000000
DEBUG: Total gradient stack used is 175780 out of 10000000
DEBUG: Total dvariable address used is 2073 out of 150000
DEBUG: Total dvariable address used is 3431792 out of 50000000
DEBUG: Total gradient stack used is 175780 out of 10000000
DEBUG: Total dvariable address used is 2073 out of 150000
DEBUG: Total dvariable address used is 3431792 out of 50000000
DEBUG: Total gradient stack used is 175780 out of 10000000
DEBUG: Total dvariable address used is 2073 out of 150000
DEBUG: Total dvariable address used is 3431792 out of 50000000
DEBUG: Total gradient stack used is 175780 out of 10000000
DEBUG: Total dvariable address used is 2073 out of 150000
DEBUG: Total dvariable address used is 3431792 out of 50000000
DEBUG: Total gradient stack used is 175780 out of 10000000
DEBUG: Total dvariable address used is 2073 out of 150000
DEBUG: Total dvariable address used is 3431792 out of 50000000
DEBUG: Total gradient stack used is 175780 out of 10000000
DEBUG: Total dvariable address used is 2073 out of 150000
DEBUG: Total dvariable address used is 3431792 out of 50000000
DEBUG: Total gradient stack used is 175780 out of 10000000
DEBUG: Total dvariable address used is 2073 out of 150000
DEBUG: Total dvariable address used is 3431792 out of 50000000
DEBUG: Total gradient stack used is 175780 out of 10000000
DEBUG: Total dvariable address used is 2073 out of 150000
DEBUG: Total dvariable address used is 3431792 out of 50000000
DEBUG: Total gradient stack used is 175780 out of 10000000
DEBUG: Total dvariable address used is 2073 out of 150000
DEBUG: Total dvariable address used is 3431792 out of 50000000
DEBUG: Total gradient stack used is 175780 out of 10000000
DEBUG: Total dvariable address used is 2073 out of 150000
DEBUG: Total dvariable address used is 3431792 out of 50000000
DEBUG: Total gradient stack used is 175780 out of 10000000
DEBUG: Total dvariable address used is 2073 out of 150000
DEBUG: Total dvariable address used is 3431792 out of 50000000
DEBUG: Total gradient stack used is 175780 out of 10000000
DEBUG: Total dvariable address used is 2073 out of 150000
DEBUG: Total dvariable address used is 3431792 out of 50000000
DEBUG: Total gradient stack used is 175780 out of 10000000
DEBUG: Total dvariable address used is 2073 out of 150000
DEBUG: Total dvariable address used is 3431792 out of 50000000
DEBUG: Total gradient stack used is 175780 out of 10000000
DEBUG: Total dvariable address used is 2073 out of 150000
DEBUG: Total dvariable address used is 3431792 out of 50000000
DEBUG: Total gradient stack used is 175780 out of 10000000
DEBUG: Total dvariable address used is 2073 out of 150000
DEBUG: Total dvariable address used is 3431792 out of 50000000
DEBUG: Total gradient stack used is 175780 out of 10000000
DEBUG: Total dvariable address used is 2073 out of 150000
DEBUG: Total dvariable address used is 3431792 out of 50000000
DEBUG: Total gradient stack used is 175780 out of 10000000
DEBUG: Total dvariable address used is 2073 out of 150000
DEBUG: Total dvariable address used is 3431792 out of 50000000
DEBUG: Total gradient stack used is 175780 out of 10000000
DEBUG: Total dvariable address used is 2073 out of 150000
DEBUG: Total dvariable address used is 3431792 out of 50000000
DEBUG: Total gradient stack used is 175780 out of 10000000
DEBUG: Total dvariable address used is 2073 out of 150000
DEBUG: Total dvariable address used is 3431792 out of 50000000
DEBUG: Total gradient stack used is 175780 out of 10000000
DEBUG: Total dvariable address used is 2073 out of 150000
DEBUG: Total dvariable address used is 3431792 out of 50000000
DEBUG: Total gradient stack used is 175780 out of 10000000
DEBUG: Total dvariable address used is 2073 out of 150000
DEBUG: Total dvariable address used is 3431792 out of 50000000
DEBUG: Total gradient stack used is 175780 out of 10000000
DEBUG: Total dvariable address used is 2073 out of 150000
DEBUG: Total dvariable address used is 3431792 out of 50000000
DEBUG: Total gradient stack used is 175780 out of 10000000
DEBUG: Total dvariable address used is 2073 out of 150000
DEBUG: Total dvariable address used is 3431792 out of 50000000
DEBUG: Total gradient stack used is 175780 out of 10000000
DEBUG: Total dvariable address used is 2073 out of 150000
DEBUG: Total dvariable address used is 3431792 out of 50000000
DEBUG: Total gradient stack used is 175780 out of 10000000
DEBUG: Total dvariable address used is 2073 out of 150000
DEBUG: Total dvariable address used is 3431792 out of 50000000
DEBUG: Total gradient stack used is 175780 out of 10000000
DEBUG: Total dvariable address used is 2073 out of 150000
DEBUG: Total dvariable address used is 3431792 out of 50000000
DEBUG: Total gradient stack used is 175780 out of 10000000
DEBUG: Total dvariable address used is 2073 out of 150000
DEBUG: Total dvariable address used is 3431792 out of 50000000
DEBUG: Total gradient stack used is 175780 out of 10000000
DEBUG: Total dvariable address used is 2073 out of 150000
DEBUG: Total dvariable address used is 3431792 out of 50000000
DEBUG: Total gradient stack used is 175780 out of 10000000
DEBUG: Total dvariable address used is 2073 out of 150000
DEBUG: Total dvariable address used is 3431792 out of 50000000
DEBUG: Total gradient stack used is 175780 out of 10000000
DEBUG: Total dvariable address used is 2073 out of 150000
DEBUG: Total dvariable address used is 3431792 out of 50000000
DEBUG: Total gradient stack used is 175780 out of 10000000
DEBUG: Total dvariable address used is 2073 out of 150000
DEBUG: Total dvariable address used is 3431792 out of 50000000
DEBUG: Total gradient stack used is 175780 out of 10000000
DEBUG: Total dvariable address used is 2073 out of 150000
DEBUG: Total dvariable address used is 3431792 out of 50000000
DEBUG: Total gradient stack used is 175780 out of 10000000
DEBUG: Total dvariable address used is 2073 out of 150000
DEBUG: Total dvariable address used is 3431792 out of 50000000
DEBUG: Total gradient stack used is 175780 out of 10000000
DEBUG: Total dvariable address used is 2073 out of 150000
DEBUG: Total dvariable address used is 3431792 out of 50000000
DEBUG: Total gradient stack used is 175780 out of 10000000
DEBUG: Total dvariable address used is 2073 out of 150000
DEBUG: Total dvariable address used is 3431792 out of 50000000
DEBUG: Total gradient stack used is 175780 out of 10000000
DEBUG: Total dvariable address used is 2073 out of 150000
DEBUG: Total dvariable address used is 3431792 out of 50000000
DEBUG: Total gradient stack used is 175780 out of 10000000
DEBUG: Total dvariable address used is 2073 out of 150000
DEBUG: Total dvariable address used is 3431792 out of 50000000
DEBUG: Total gradient stack used is 175780 out of 10000000
DEBUG: Total dvariable address used is 2073 out of 150000
DEBUG: Total dvariable address used is 3431792 out of 50000000
DEBUG: Total gradient stack used is 175780 out of 10000000
DEBUG: Total dvariable address used is 2073 out of 150000
DEBUG: Total dvariable address used is 3431792 out of 50000000
DEBUG: Total gradient stack used is 175780 out of 10000000
DEBUG: Total dvariable address used is 2073 out of 150000
DEBUG: Total dvariable address used is 3431792 out of 50000000
DEBUG: Total gradient stack used is 175780 out of 10000000
DEBUG: Total dvariable address used is 2073 out of 150000
DEBUG: Total dvariable address used is 3431792 out of 50000000
DEBUG: Total gradient stack used is 175780 out of 10000000
DEBUG: Total dvariable address used is 2073 out of 150000
DEBUG: Total dvariable address used is 3431792 out of 50000000
DEBUG: Total gradient stack used is 175780 out of 10000000
DEBUG: Total dvariable address used is 2073 out of 150000
DEBUG: Total dvariable address used is 3431792 out of 50000000
DEBUG: Total gradient stack used is 175780 out of 10000000
DEBUG: Total dvariable address used is 2073 out of 150000
DEBUG: Total dvariable address used is 3431792 out of 50000000
DEBUG: Total gradient stack used is 175780 out of 10000000
DEBUG: Total dvariable address used is 2073 out of 150000
DEBUG: Total dvariable address used is 3431792 out of 50000000
DEBUG: Total gradient stack used is 175780 out of 10000000
DEBUG: Total dvariable address used is 2073 out of 150000
DEBUG: Total dvariable address used is 3431792 out of 50000000
DEBUG: Total gradient stack used is 175780 out of 10000000
DEBUG: Total dvariable address used is 2073 out of 150000
DEBUG: Total dvariable address used is 3431792 out of 50000000
DEBUG: Total gradient stack used is 175780 out of 10000000
DEBUG: Total dvariable address used is 2073 out of 150000
DEBUG: Total dvariable address used is 3431792 out of 50000000
DEBUG: Total gradient stack used is 175780 out of 10000000
DEBUG: Total dvariable address used is 2073 out of 150000
DEBUG: Total dvariable address used is 3431792 out of 50000000
DEBUG: Total gradient stack used is 175780 out of 10000000
DEBUG: Total dvariable address used is 2073 out of 150000
DEBUG: Total dvariable address used is 3431792 out of 50000000
DEBUG: Total gradient stack used is 175780 out of 10000000
DEBUG: Total dvariable address used is 2073 out of 150000
DEBUG: Total dvariable address used is 3431792 out of 50000000
DEBUG: Total gradient stack used is 175780 out of 10000000
DEBUG: Total dvariable address used is 2073 out of 150000
DEBUG: Total dvariable address used is 3431792 out of 50000000
DEBUG: Total gradient stack used is 175780 out of 10000000
DEBUG: Total dvariable address used is 2073 out of 150000
DEBUG: Total dvariable address used is 3431792 out of 50000000
DEBUG: Total gradient stack used is 175780 out of 10000000
DEBUG: Total dvariable address used is 2073 out of 150000
DEBUG: Total dvariable address used is 3431792 out of 50000000
DEBUG: Total gradient stack used is 175780 out of 10000000
DEBUG: Total dvariable address used is 2073 out of 150000
DEBUG: Total dvariable address used is 3431792 out of 50000000
DEBUG: Total gradient stack used is 175780 out of 10000000
DEBUG: Total dvariable address used is 2073 out of 150000
DEBUG: Total dvariable address used is 3431792 out of 50000000
DEBUG: Total gradient stack used is 175780 out of 10000000
DEBUG: Total dvariable address used is 2073 out of 150000
DEBUG: Total dvariable address used is 3431792 out of 50000000
DEBUG: Total gradient stack used is 175780 out of 10000000
DEBUG: Total dvariable address used is 2073 out of 150000
DEBUG: Total dvariable address used is 3431792 out of 50000000
DEBUG: Total gradient stack used is 175780 out of 10000000
DEBUG: Total dvariable address used is 2073 out of 150000
DEBUG: Total dvariable address used is 3431792 out of 50000000
DEBUG: Total gradient stack used is 175780 out of 10000000
DEBUG: Total dvariable address used is 2073 out of 150000
DEBUG: Total dvariable address used is 3431792 out of 50000000
DEBUG: Total gradient stack used is 175780 out of 10000000
DEBUG: Total dvariable address used is 2073 out of 150000
DEBUG: Total dvariable address used is 3431792 out of 50000000
DEBUG: Total gradient stack used is 175780 out of 10000000
DEBUG: Total dvariable address used is 2073 out of 150000
DEBUG: Total dvariable address used is 3431792 out of 50000000
DEBUG: Total gradient stack used is 175780 out of 10000000
DEBUG: Total dvariable address used is 2073 out of 150000
DEBUG: Total dvariable address used is 3431792 out of 50000000
DEBUG: Total gradient stack used is 175780 out of 10000000
DEBUG: Total dvariable address used is 2073 out of 150000
DEBUG: Total dvariable address used is 3431792 out of 50000000
DEBUG: Total gradient stack used is 175780 out of 10000000
DEBUG: Total dvariable address used is 2073 out of 150000
DEBUG: Total dvariable address used is 3431792 out of 50000000
DEBUG: Total gradient stack used is 175780 out of 10000000
DEBUG: Total dvariable address used is 2073 out of 150000
DEBUG: Total dvariable address used is 3431792 out of 50000000
DEBUG: Total gradient stack used is 175780 out of 10000000
DEBUG: Total dvariable address used is 2073 out of 150000
DEBUG: Total dvariable address used is 3431792 out of 50000000
DEBUG: Total gradient stack used is 175780 out of 10000000
DEBUG: Total dvariable address used is 2073 out of 150000
DEBUG: Total dvariable address used is 3431792 out of 50000000
DEBUG: Total gradient stack used is 175780 out of 10000000
DEBUG: Total dvariable address used is 2073 out of 150000
DEBUG: Total dvariable address used is 3431792 out of 50000000
DEBUG: Total gradient stack used is 175780 out of 10000000
DEBUG: Total dvariable address used is 2073 out of 150000
DEBUG: Total dvariable address used is 3431792 out of 50000000
DEBUG: Total gradient stack used is 175780 out of 10000000
DEBUG: Total dvariable address used is 2073 out of 150000
DEBUG: Total dvariable address used is 3431792 out of 50000000
DEBUG: Total gradient stack used is 175780 out of 10000000
DEBUG: Total dvariable address used is 2073 out of 150000
DEBUG: Total dvariable address used is 3431792 out of 50000000
DEBUG: Total gradient stack used is 175780 out of 10000000
DEBUG: Total dvariable address used is 2073 out of 150000
DEBUG: Total dvariable address used is 3431792 out of 50000000
DEBUG: Total gradient stack used is 175780 out of 10000000
DEBUG: Total dvariable address used is 2073 out of 150000
DEBUG: Total dvariable address used is 3431792 out of 50000000
DEBUG: Total gradient stack used is 175780 out of 10000000
DEBUG: Total dvariable address used is 2073 out of 150000
DEBUG: Total dvariable address used is 3431792 out of 50000000
DEBUG: Total gradient stack used is 175780 out of 10000000
DEBUG: Total dvariable address used is 2073 out of 150000
DEBUG: Total dvariable address used is 3431792 out of 50000000
DEBUG: Total gradient stack used is 175780 out of 10000000
DEBUG: Total dvariable address used is 2073 out of 150000
DEBUG: Total dvariable address used is 3431792 out of 50000000
DEBUG: Total gradient stack used is 175780 out of 10000000
DEBUG: Total dvariable address used is 2073 out of 150000
DEBUG: Total dvariable address used is 3431792 out of 50000000
DEBUG: Total gradient stack used is 175780 out of 10000000
DEBUG: Total dvariable address used is 2073 out of 150000
DEBUG: Total dvariable address used is 3431792 out of 50000000
DEBUG: Total gradient stack used is 175780 out of 10000000
DEBUG: Total dvariable address used is 2073 out of 150000
DEBUG: Total dvariable address used is 3431792 out of 50000000
DEBUG: Total gradient stack used is 175780 out of 10000000
DEBUG: Total dvariable address used is 2073 out of 150000
DEBUG: Total dvariable address used is 3431792 out of 50000000
DEBUG: Total gradient stack used is 176116 out of 10000000
DEBUG: Total dvariable address used is 2073 out of 150000
DEBUG: Total dvariable address used is 3431792 out of 50000000
DEBUG: Total gradient stack used is 175780 out of 10000000
DEBUG: Total dvariable address used is 2073 out of 150000
DEBUG: Total dvariable address used is 3431792 out of 50000000
DEBUG: Total gradient stack used is 175780 out of 10000000
DEBUG: Total dvariable address used is 2073 out of 150000
DEBUG: Total dvariable address used is 3431792 out of 50000000
DEBUG: Total gradient stack used is 175780 out of 10000000
DEBUG: Total dvariable address used is 2073 out of 150000
DEBUG: Total dvariable address used is 3431792 out of 50000000
DEBUG: Total gradient stack used is 175780 out of 10000000
DEBUG: Total dvariable address used is 2073 out of 150000
DEBUG: Total dvariable address used is 3431792 out of 50000000
DEBUG: Total gradient stack used is 175780 out of 10000000
DEBUG: Total dvariable address used is 2073 out of 150000
DEBUG: Total dvariable address used is 3431792 out of 50000000
DEBUG: Total gradient stack used is 175780 out of 10000000
DEBUG: Total dvariable address used is 2073 out of 150000
DEBUG: Total dvariable address used is 3431792 out of 50000000
DEBUG: Total gradient stack used is 175780 out of 10000000
DEBUG: Total dvariable address used is 2073 out of 150000
DEBUG: Total dvariable address used is 3431792 out of 50000000
DEBUG: Total gradient stack used is 175780 out of 10000000
DEBUG: Total dvariable address used is 2073 out of 150000
DEBUG: Total dvariable address used is 3431792 out of 50000000
DEBUG: Total gradient stack used is 175780 out of 10000000
DEBUG: Total dvariable address used is 2073 out of 150000
DEBUG: Total dvariable address used is 3431792 out of 50000000
DEBUG: Total gradient stack used is 175780 out of 10000000
DEBUG: Total dvariable address used is 2073 out of 150000
DEBUG: Total dvariable address used is 3431792 out of 50000000
DEBUG: Total gradient stack used is 175780 out of 10000000
DEBUG: Total dvariable address used is 2073 out of 150000
DEBUG: Total dvariable address used is 3431792 out of 50000000
DEBUG: Total gradient stack used is 175780 out of 10000000
DEBUG: Total dvariable address used is 2073 out of 150000
DEBUG: Total dvariable address used is 3431792 out of 50000000
DEBUG: Total gradient stack used is 175780 out of 10000000
DEBUG: Total dvariable address used is 2073 out of 150000
DEBUG: Total dvariable address used is 3431792 out of 50000000
DEBUG: Total gradient stack used is 175780 out of 10000000
DEBUG: Total dvariable address used is 2073 out of 150000
DEBUG: Total dvariable address used is 3431792 out of 50000000
DEBUG: Total gradient stack used is 175780 out of 10000000
DEBUG: Total dvariable address used is 2073 out of 150000
DEBUG: Total dvariable address used is 3431792 out of 50000000
DEBUG: Total gradient stack used is 175780 out of 10000000
DEBUG: Total dvariable address used is 2073 out of 150000
DEBUG: Total dvariable address used is 3431792 out of 50000000
DEBUG: Total gradient stack used is 175780 out of 10000000
DEBUG: Total dvariable address used is 2073 out of 150000
DEBUG: Total dvariable address used is 3431792 out of 50000000
DEBUG: Total gradient stack used is 175780 out of 10000000
DEBUG: Total dvariable address used is 2073 out of 150000
DEBUG: Total dvariable address used is 3431792 out of 50000000
DEBUG: Total gradient stack used is 175780 out of 10000000
DEBUG: Total dvariable address used is 2073 out of 150000
DEBUG: Total dvariable address used is 3431792 out of 50000000
DEBUG: Total gradient stack used is 175780 out of 10000000
DEBUG: Total dvariable address used is 2073 out of 150000
DEBUG: Total dvariable address used is 3431792 out of 50000000
DEBUG: Total gradient stack used is 175780 out of 10000000
DEBUG: Total dvariable address used is 2073 out of 150000
DEBUG: Total dvariable address used is 3431792 out of 50000000
DEBUG: Total gradient stack used is 175780 out of 10000000
DEBUG: Total dvariable address used is 2073 out of 150000
DEBUG: Total dvariable address used is 3431792 out of 50000000
DEBUG: Total gradient stack used is 175780 out of 10000000
DEBUG: Total dvariable address used is 2073 out of 150000
DEBUG: Total dvariable address used is 3431792 out of 50000000
DEBUG: Total gradient stack used is 175780 out of 10000000
DEBUG: Total dvariable address used is 2073 out of 150000
DEBUG: Total dvariable address used is 3431792 out of 50000000
DEBUG: Total gradient stack used is 175780 out of 10000000
DEBUG: Total dvariable address used is 2073 out of 150000
DEBUG: Total dvariable address used is 3431792 out of 50000000
DEBUG: Total gradient stack used is 175780 out of 10000000
DEBUG: Total dvariable address used is 2073 out of 150000
DEBUG: Total dvariable address used is 3431792 out of 50000000
DEBUG: Total gradient stack used is 175780 out of 10000000
DEBUG: Total dvariable address used is 2073 out of 150000
DEBUG: Total dvariable address used is 3431792 out of 50000000
DEBUG: Total gradient stack used is 175780 out of 10000000
DEBUG: Total dvariable address used is 2073 out of 150000
DEBUG: Total dvariable address used is 3431792 out of 50000000
DEBUG: Total gradient stack used is 175780 out of 10000000
DEBUG: Total dvariable address used is 2073 out of 150000
DEBUG: Total dvariable address used is 3431792 out of 50000000
DEBUG: Total gradient stack used is 175780 out of 10000000
DEBUG: Total dvariable address used is 2073 out of 150000
DEBUG: Total dvariable address used is 3431792 out of 50000000
DEBUG: Total gradient stack used is 175780 out of 10000000
DEBUG: Total dvariable address used is 2073 out of 150000
DEBUG: Total dvariable address used is 3431792 out of 50000000
DEBUG: Total gradient stack used is 175780 out of 10000000
DEBUG: Total dvariable address used is 2073 out of 150000
DEBUG: Total dvariable address used is 3431792 out of 50000000
DEBUG: Total gradient stack used is 175780 out of 10000000
DEBUG: Total dvariable address used is 2073 out of 150000
DEBUG: Total dvariable address used is 3431792 out of 50000000
DEBUG: Total gradient stack used is 175780 out of 10000000
DEBUG: Total dvariable address used is 2073 out of 150000
DEBUG: Total dvariable address used is 3431792 out of 50000000
DEBUG: Total gradient stack used is 175780 out of 10000000
DEBUG: Total dvariable address used is 2073 out of 150000
DEBUG: Total dvariable address used is 3431792 out of 50000000
DEBUG: Total gradient stack used is 175780 out of 10000000
DEBUG: Total dvariable address used is 2073 out of 150000
DEBUG: Total dvariable address used is 3431792 out of 50000000
DEBUG: Total gradient stack used is 175780 out of 10000000
DEBUG: Total dvariable address used is 2073 out of 150000
DEBUG: Total dvariable address used is 3431792 out of 50000000
DEBUG: Total gradient stack used is 175780 out of 10000000
DEBUG: Total dvariable address used is 2073 out of 150000
DEBUG: Total dvariable address used is 3431792 out of 50000000
DEBUG: Total gradient stack used is 175780 out of 10000000
DEBUG: Total dvariable address used is 2073 out of 150000
DEBUG: Total dvariable address used is 3431792 out of 50000000
DEBUG: Total gradient stack used is 175780 out of 10000000
DEBUG: Total dvariable address used is 2073 out of 150000
DEBUG: Total dvariable address used is 3431792 out of 50000000
DEBUG: Total gradient stack used is 175780 out of 10000000
DEBUG: Total dvariable address used is 2073 out of 150000
DEBUG: Total dvariable address used is 3431792 out of 50000000
DEBUG: Total gradient stack used is 175780 out of 10000000
DEBUG: Total dvariable address used is 2073 out of 150000
DEBUG: Total dvariable address used is 3431792 out of 50000000
DEBUG: Total gradient stack used is 175780 out of 10000000
DEBUG: Total dvariable address used is 2073 out of 150000
DEBUG: Total dvariable address used is 3431792 out of 50000000
DEBUG: Total gradient stack used is 175780 out of 10000000
DEBUG: Total dvariable address used is 2073 out of 150000
DEBUG: Total dvariable address used is 3431792 out of 50000000
DEBUG: Total gradient stack used is 175780 out of 10000000
DEBUG: Total dvariable address used is 2073 out of 150000
DEBUG: Total dvariable address used is 3431792 out of 50000000
DEBUG: Total gradient stack used is 175780 out of 10000000
DEBUG: Total dvariable address used is 2073 out of 150000
DEBUG: Total dvariable address used is 3431792 out of 50000000
DEBUG: Total gradient stack used is 175780 out of 10000000
DEBUG: Total dvariable address used is 2073 out of 150000
DEBUG: Total dvariable address used is 3431792 out of 50000000
DEBUG: Total gradient stack used is 175780 out of 10000000
DEBUG: Total dvariable address used is 2073 out of 150000
DEBUG: Total dvariable address used is 3431792 out of 50000000
DEBUG: Total gradient stack used is 175780 out of 10000000
DEBUG: Total dvariable address used is 2073 out of 150000
DEBUG: Total dvariable address used is 3431792 out of 50000000
DEBUG: Total gradient stack used is 175780 out of 10000000
DEBUG: Total dvariable address used is 2073 out of 150000
DEBUG: Total dvariable address used is 3431792 out of 50000000
DEBUG: Total gradient stack used is 175780 out of 10000000
DEBUG: Total dvariable address used is 2073 out of 150000
DEBUG: Total dvariable address used is 3431792 out of 50000000
DEBUG: Total gradient stack used is 175780 out of 10000000
DEBUG: Total dvariable address used is 2073 out of 150000
DEBUG: Total dvariable address used is 3431792 out of 50000000
DEBUG: Total gradient stack used is 175780 out of 10000000
DEBUG: Total dvariable address used is 2073 out of 150000
DEBUG: Total dvariable address used is 3431792 out of 50000000
DEBUG: Total gradient stack used is 175780 out of 10000000
DEBUG: Total dvariable address used is 2073 out of 150000
DEBUG: Total dvariable address used is 3431792 out of 50000000
DEBUG: Total gradient stack used is 175780 out of 10000000
DEBUG: Total dvariable address used is 2073 out of 150000
DEBUG: Total dvariable address used is 3431792 out of 50000000
DEBUG: Total gradient stack used is 175780 out of 10000000
DEBUG: Total dvariable address used is 2073 out of 150000
DEBUG: Total dvariable address used is 3431792 out of 50000000
DEBUG: Total gradient stack used is 175780 out of 10000000
DEBUG: Total dvariable address used is 2073 out of 150000
DEBUG: Total dvariable address used is 3431792 out of 50000000
DEBUG: Total gradient stack used is 175780 out of 10000000
DEBUG: Total dvariable address used is 2073 out of 150000
DEBUG: Total dvariable address used is 3431792 out of 50000000
DEBUG: Total gradient stack used is 175780 out of 10000000
DEBUG: Total dvariable address used is 2073 out of 150000
DEBUG: Total dvariable address used is 3431792 out of 50000000
phase= 1 | nvar=239 | iter=300 | nll=-1.48e+04 | mag=2.53e+03 | par[ 85]=log_fbar[1]
DEBUG: Total gradient stack used is 175780 out of 10000000
DEBUG: Total dvariable address used is 2073 out of 150000
DEBUG: Total dvariable address used is 3431792 out of 50000000
DEBUG: Total gradient stack used is 175780 out of 10000000
DEBUG: Total dvariable address used is 2073 out of 150000
DEBUG: Total dvariable address used is 3431792 out of 50000000
DEBUG: Total gradient stack used is 175780 out of 10000000
DEBUG: Total dvariable address used is 2073 out of 150000
DEBUG: Total dvariable address used is 3431792 out of 50000000
DEBUG: Total gradient stack used is 175780 out of 10000000
DEBUG: Total dvariable address used is 2073 out of 150000
DEBUG: Total dvariable address used is 3431792 out of 50000000
DEBUG: Total gradient stack used is 175780 out of 10000000
DEBUG: Total dvariable address used is 2073 out of 150000
DEBUG: Total dvariable address used is 3431792 out of 50000000
DEBUG: Total gradient stack used is 175780 out of 10000000
DEBUG: Total dvariable address used is 2073 out of 150000
DEBUG: Total dvariable address used is 3431792 out of 50000000
DEBUG: Total gradient stack used is 175780 out of 10000000
DEBUG: Total dvariable address used is 2073 out of 150000
DEBUG: Total dvariable address used is 3431792 out of 50000000
DEBUG: Total gradient stack used is 175780 out of 10000000
DEBUG: Total dvariable address used is 2073 out of 150000
DEBUG: Total dvariable address used is 3431792 out of 50000000
DEBUG: Total gradient stack used is 175780 out of 10000000
DEBUG: Total dvariable address used is 2073 out of 150000
DEBUG: Total dvariable address used is 3431792 out of 50000000
DEBUG: Total gradient stack used is 175780 out of 10000000
DEBUG: Total dvariable address used is 2073 out of 150000
DEBUG: Total dvariable address used is 3431792 out of 50000000
DEBUG: Total gradient stack used is 175780 out of 10000000
DEBUG: Total dvariable address used is 2073 out of 150000
DEBUG: Total dvariable address used is 3431792 out of 50000000
DEBUG: Total gradient stack used is 175780 out of 10000000
DEBUG: Total dvariable address used is 2073 out of 150000
DEBUG: Total dvariable address used is 3431792 out of 50000000
DEBUG: Total gradient stack used is 175780 out of 10000000
DEBUG: Total dvariable address used is 2073 out of 150000
DEBUG: Total dvariable address used is 3431792 out of 50000000
DEBUG: Total gradient stack used is 175780 out of 10000000
DEBUG: Total dvariable address used is 2073 out of 150000
DEBUG: Total dvariable address used is 3431792 out of 50000000
DEBUG: Total gradient stack used is 175780 out of 10000000
DEBUG: Total dvariable address used is 2073 out of 150000
DEBUG: Total dvariable address used is 3431792 out of 50000000
DEBUG: Total gradient stack used is 175780 out of 10000000
DEBUG: Total dvariable address used is 2073 out of 150000
DEBUG: Total dvariable address used is 3431792 out of 50000000
DEBUG: Total gradient stack used is 175780 out of 10000000
DEBUG: Total dvariable address used is 2073 out of 150000
DEBUG: Total dvariable address used is 3431792 out of 50000000
DEBUG: Total gradient stack used is 175780 out of 10000000
DEBUG: Total dvariable address used is 2073 out of 150000
DEBUG: Total dvariable address used is 3431792 out of 50000000
DEBUG: Total gradient stack used is 175780 out of 10000000
DEBUG: Total dvariable address used is 2073 out of 150000
DEBUG: Total dvariable address used is 3431792 out of 50000000
DEBUG: Total gradient stack used is 175780 out of 10000000
DEBUG: Total dvariable address used is 2073 out of 150000
DEBUG: Total dvariable address used is 3431792 out of 50000000
DEBUG: Total gradient stack used is 175780 out of 10000000
DEBUG: Total dvariable address used is 2073 out of 150000
DEBUG: Total dvariable address used is 3431792 out of 50000000
DEBUG: Total gradient stack used is 175780 out of 10000000
DEBUG: Total dvariable address used is 2073 out of 150000
DEBUG: Total dvariable address used is 3431792 out of 50000000
DEBUG: Total gradient stack used is 175780 out of 10000000
DEBUG: Total dvariable address used is 2073 out of 150000
DEBUG: Total dvariable address used is 3431792 out of 50000000
DEBUG: Total gradient stack used is 175780 out of 10000000
DEBUG: Total dvariable address used is 2073 out of 150000
DEBUG: Total dvariable address used is 3431792 out of 50000000
DEBUG: Total gradient stack used is 175780 out of 10000000
DEBUG: Total dvariable address used is 2073 out of 150000
DEBUG: Total dvariable address used is 3431792 out of 50000000
DEBUG: Total gradient stack used is 175780 out of 10000000
DEBUG: Total dvariable address used is 2073 out of 150000
DEBUG: Total dvariable address used is 3431792 out of 50000000
DEBUG: Total gradient stack used is 175780 out of 10000000
DEBUG: Total dvariable address used is 2073 out of 150000
DEBUG: Total dvariable address used is 3431792 out of 50000000
DEBUG: Total gradient stack used is 175780 out of 10000000
DEBUG: Total dvariable address used is 2073 out of 150000
DEBUG: Total dvariable address used is 3431792 out of 50000000
DEBUG: Total gradient stack used is 175780 out of 10000000
DEBUG: Total dvariable address used is 2073 out of 150000
DEBUG: Total dvariable address used is 3431792 out of 50000000
DEBUG: Total gradient stack used is 175780 out of 10000000
DEBUG: Total dvariable address used is 2073 out of 150000
DEBUG: Total dvariable address used is 3431792 out of 50000000
DEBUG: Total gradient stack used is 175780 out of 10000000
DEBUG: Total dvariable address used is 2073 out of 150000
DEBUG: Total dvariable address used is 3431792 out of 50000000
DEBUG: Total gradient stack used is 175780 out of 10000000
DEBUG: Total dvariable address used is 2073 out of 150000
DEBUG: Total dvariable address used is 3431792 out of 50000000
DEBUG: Total gradient stack used is 175780 out of 10000000
DEBUG: Total dvariable address used is 2073 out of 150000
DEBUG: Total dvariable address used is 3431792 out of 50000000
DEBUG: Total gradient stack used is 175780 out of 10000000
DEBUG: Total dvariable address used is 2073 out of 150000
DEBUG: Total dvariable address used is 3431792 out of 50000000
DEBUG: Total gradient stack used is 175780 out of 10000000
DEBUG: Total dvariable address used is 2073 out of 150000
DEBUG: Total dvariable address used is 3431792 out of 50000000
DEBUG: Total gradient stack used is 175780 out of 10000000
DEBUG: Total dvariable address used is 2073 out of 150000
DEBUG: Total dvariable address used is 3431792 out of 50000000
DEBUG: Total gradient stack used is 175780 out of 10000000
DEBUG: Total dvariable address used is 2073 out of 150000
DEBUG: Total dvariable address used is 3431792 out of 50000000
DEBUG: Total gradient stack used is 175780 out of 10000000
DEBUG: Total dvariable address used is 2073 out of 150000
DEBUG: Total dvariable address used is 3431792 out of 50000000
DEBUG: Total gradient stack used is 175780 out of 10000000
DEBUG: Total dvariable address used is 2073 out of 150000
DEBUG: Total dvariable address used is 3431792 out of 50000000
DEBUG: Total gradient stack used is 175780 out of 10000000
DEBUG: Total dvariable address used is 2073 out of 150000
DEBUG: Total dvariable address used is 3431792 out of 50000000
DEBUG: Total gradient stack used is 175780 out of 10000000
DEBUG: Total dvariable address used is 2073 out of 150000
DEBUG: Total dvariable address used is 3431792 out of 50000000
DEBUG: Total gradient stack used is 175780 out of 10000000
DEBUG: Total dvariable address used is 2073 out of 150000
DEBUG: Total dvariable address used is 3431792 out of 50000000
DEBUG: Total gradient stack used is 175780 out of 10000000
DEBUG: Total dvariable address used is 2073 out of 150000
DEBUG: Total dvariable address used is 3431792 out of 50000000
DEBUG: Total gradient stack used is 175780 out of 10000000
DEBUG: Total dvariable address used is 2073 out of 150000
DEBUG: Total dvariable address used is 3431792 out of 50000000
DEBUG: Total gradient stack used is 175780 out of 10000000
DEBUG: Total dvariable address used is 2073 out of 150000
DEBUG: Total dvariable address used is 3431792 out of 50000000
DEBUG: Total gradient stack used is 175780 out of 10000000
DEBUG: Total dvariable address used is 2073 out of 150000
DEBUG: Total dvariable address used is 3431792 out of 50000000
DEBUG: Total gradient stack used is 175780 out of 10000000
DEBUG: Total dvariable address used is 2073 out of 150000
DEBUG: Total dvariable address used is 3431792 out of 50000000
DEBUG: Total gradient stack used is 175780 out of 10000000
DEBUG: Total dvariable address used is 2073 out of 150000
DEBUG: Total dvariable address used is 3431792 out of 50000000
DEBUG: Total gradient stack used is 175780 out of 10000000
DEBUG: Total dvariable address used is 2073 out of 150000
DEBUG: Total dvariable address used is 3431792 out of 50000000
DEBUG: Total gradient stack used is 175780 out of 10000000
DEBUG: Total dvariable address used is 2073 out of 150000
DEBUG: Total dvariable address used is 3431792 out of 50000000
DEBUG: Total gradient stack used is 175780 out of 10000000
DEBUG: Total dvariable address used is 2073 out of 150000
DEBUG: Total dvariable address used is 3431792 out of 50000000
DEBUG: Total gradient stack used is 175780 out of 10000000
DEBUG: Total dvariable address used is 2073 out of 150000
DEBUG: Total dvariable address used is 3431792 out of 50000000
DEBUG: Total gradient stack used is 175780 out of 10000000
DEBUG: Total dvariable address used is 2073 out of 150000
DEBUG: Total dvariable address used is 3431792 out of 50000000
DEBUG: Total gradient stack used is 175780 out of 10000000
DEBUG: Total dvariable address used is 2073 out of 150000
DEBUG: Total dvariable address used is 3431792 out of 50000000
DEBUG: Total gradient stack used is 175780 out of 10000000
DEBUG: Total dvariable address used is 2073 out of 150000
DEBUG: Total dvariable address used is 3431792 out of 50000000
DEBUG: Total gradient stack used is 175780 out of 10000000
DEBUG: Total dvariable address used is 2073 out of 150000
DEBUG: Total dvariable address used is 3431792 out of 50000000
DEBUG: Total gradient stack used is 175780 out of 10000000
DEBUG: Total dvariable address used is 2073 out of 150000
DEBUG: Total dvariable address used is 3431792 out of 50000000
DEBUG: Total gradient stack used is 175780 out of 10000000
DEBUG: Total dvariable address used is 2073 out of 150000
DEBUG: Total dvariable address used is 3431792 out of 50000000
DEBUG: Total gradient stack used is 175780 out of 10000000
DEBUG: Total dvariable address used is 2073 out of 150000
DEBUG: Total dvariable address used is 3431792 out of 50000000
DEBUG: Total gradient stack used is 175780 out of 10000000
DEBUG: Total dvariable address used is 2073 out of 150000
DEBUG: Total dvariable address used is 3431792 out of 50000000
DEBUG: Total gradient stack used is 175780 out of 10000000
DEBUG: Total dvariable address used is 2073 out of 150000
DEBUG: Total dvariable address used is 3431792 out of 50000000
DEBUG: Total gradient stack used is 175780 out of 10000000
DEBUG: Total dvariable address used is 2073 out of 150000
DEBUG: Total dvariable address used is 3431792 out of 50000000
DEBUG: Total gradient stack used is 175780 out of 10000000
DEBUG: Total dvariable address used is 2073 out of 150000
DEBUG: Total dvariable address used is 3431792 out of 50000000
DEBUG: Total gradient stack used is 175780 out of 10000000
DEBUG: Total dvariable address used is 2073 out of 150000
DEBUG: Total dvariable address used is 3431792 out of 50000000
DEBUG: Total gradient stack used is 175780 out of 10000000
DEBUG: Total dvariable address used is 2073 out of 150000
DEBUG: Total dvariable address used is 3431792 out of 50000000
DEBUG: Total gradient stack used is 175780 out of 10000000
DEBUG: Total dvariable address used is 2073 out of 150000
DEBUG: Total dvariable address used is 3431792 out of 50000000
DEBUG: Total gradient stack used is 175780 out of 10000000
DEBUG: Total dvariable address used is 2073 out of 150000
DEBUG: Total dvariable address used is 3431792 out of 50000000
DEBUG: Total gradient stack used is 175780 out of 10000000
DEBUG: Total dvariable address used is 2073 out of 150000
DEBUG: Total dvariable address used is 3431792 out of 50000000
DEBUG: Total gradient stack used is 175780 out of 10000000
DEBUG: Total dvariable address used is 2073 out of 150000
DEBUG: Total dvariable address used is 3431792 out of 50000000
DEBUG: Total gradient stack used is 175780 out of 10000000
DEBUG: Total dvariable address used is 2073 out of 150000
DEBUG: Total dvariable address used is 3431792 out of 50000000
DEBUG: Total gradient stack used is 175780 out of 10000000
DEBUG: Total dvariable address used is 2073 out of 150000
DEBUG: Total dvariable address used is 3431792 out of 50000000
DEBUG: Total gradient stack used is 175780 out of 10000000
DEBUG: Total dvariable address used is 2073 out of 150000
DEBUG: Total dvariable address used is 3431792 out of 50000000
DEBUG: Total gradient stack used is 175780 out of 10000000
DEBUG: Total dvariable address used is 2073 out of 150000
DEBUG: Total dvariable address used is 3431792 out of 50000000
DEBUG: Total gradient stack used is 175780 out of 10000000
DEBUG: Total dvariable address used is 2073 out of 150000
DEBUG: Total dvariable address used is 3431792 out of 50000000
DEBUG: Total gradient stack used is 175780 out of 10000000
DEBUG: Total dvariable address used is 2073 out of 150000
DEBUG: Total dvariable address used is 3431792 out of 50000000
DEBUG: Total gradient stack used is 175780 out of 10000000
DEBUG: Total dvariable address used is 2073 out of 150000
DEBUG: Total dvariable address used is 3431792 out of 50000000
DEBUG: Total gradient stack used is 175780 out of 10000000
DEBUG: Total dvariable address used is 2073 out of 150000
DEBUG: Total dvariable address used is 3431792 out of 50000000
DEBUG: Total gradient stack used is 175780 out of 10000000
DEBUG: Total dvariable address used is 2073 out of 150000
DEBUG: Total dvariable address used is 3431792 out of 50000000
DEBUG: Total gradient stack used is 175780 out of 10000000
DEBUG: Total dvariable address used is 2073 out of 150000
DEBUG: Total dvariable address used is 3431792 out of 50000000
DEBUG: Total gradient stack used is 175780 out of 10000000
DEBUG: Total dvariable address used is 2073 out of 150000
DEBUG: Total dvariable address used is 3431792 out of 50000000
DEBUG: Total gradient stack used is 175780 out of 10000000
DEBUG: Total dvariable address used is 2073 out of 150000
DEBUG: Total dvariable address used is 3431792 out of 50000000
DEBUG: Total gradient stack used is 175780 out of 10000000
DEBUG: Total dvariable address used is 2073 out of 150000
DEBUG: Total dvariable address used is 3431792 out of 50000000
DEBUG: Total gradient stack used is 175780 out of 10000000
DEBUG: Total dvariable address used is 2073 out of 150000
DEBUG: Total dvariable address used is 3431792 out of 50000000
DEBUG: Total gradient stack used is 175780 out of 10000000
DEBUG: Total dvariable address used is 2073 out of 150000
DEBUG: Total dvariable address used is 3431792 out of 50000000
DEBUG: Total gradient stack used is 175780 out of 10000000
DEBUG: Total dvariable address used is 2073 out of 150000
DEBUG: Total dvariable address used is 3431792 out of 50000000
DEBUG: Total gradient stack used is 175780 out of 10000000
DEBUG: Total dvariable address used is 2073 out of 150000
DEBUG: Total dvariable address used is 3431792 out of 50000000
DEBUG: Total gradient stack used is 175780 out of 10000000
DEBUG: Total dvariable address used is 2073 out of 150000
DEBUG: Total dvariable address used is 3431792 out of 50000000
DEBUG: Total gradient stack used is 175780 out of 10000000
DEBUG: Total dvariable address used is 2073 out of 150000
DEBUG: Total dvariable address used is 3431792 out of 50000000
DEBUG: Total gradient stack used is 175780 out of 10000000
DEBUG: Total dvariable address used is 2073 out of 150000
DEBUG: Total dvariable address used is 3431792 out of 50000000
DEBUG: Total gradient stack used is 175780 out of 10000000
DEBUG: Total dvariable address used is 2073 out of 150000
DEBUG: Total dvariable address used is 3431792 out of 50000000
DEBUG: Total gradient stack used is 175780 out of 10000000
DEBUG: Total dvariable address used is 2073 out of 150000
DEBUG: Total dvariable address used is 3431792 out of 50000000
DEBUG: Total gradient stack used is 175780 out of 10000000
DEBUG: Total dvariable address used is 2073 out of 150000
DEBUG: Total dvariable address used is 3431792 out of 50000000
DEBUG: Total gradient stack used is 175780 out of 10000000
DEBUG: Total dvariable address used is 2073 out of 150000
DEBUG: Total dvariable address used is 3431792 out of 50000000
DEBUG: Total gradient stack used is 175780 out of 10000000
DEBUG: Total dvariable address used is 2073 out of 150000
DEBUG: Total dvariable address used is 3431792 out of 50000000
DEBUG: Total gradient stack used is 175780 out of 10000000
DEBUG: Total dvariable address used is 2073 out of 150000
DEBUG: Total dvariable address used is 3431792 out of 50000000
DEBUG: Total gradient stack used is 175780 out of 10000000
DEBUG: Total dvariable address used is 2073 out of 150000
DEBUG: Total dvariable address used is 3431792 out of 50000000
DEBUG: Total gradient stack used is 175780 out of 10000000
DEBUG: Total dvariable address used is 2073 out of 150000
DEBUG: Total dvariable address used is 3431792 out of 50000000
DEBUG: Total gradient stack used is 175780 out of 10000000
DEBUG: Total dvariable address used is 2073 out of 150000
DEBUG: Total dvariable address used is 3431792 out of 50000000
DEBUG: Total gradient stack used is 175780 out of 10000000
DEBUG: Total dvariable address used is 2073 out of 150000
DEBUG: Total dvariable address used is 3431792 out of 50000000
DEBUG: Total gradient stack used is 175780 out of 10000000
DEBUG: Total dvariable address used is 2073 out of 150000
DEBUG: Total dvariable address used is 3431792 out of 50000000
DEBUG: Total gradient stack used is 175780 out of 10000000
DEBUG: Total dvariable address used is 2073 out of 150000
DEBUG: Total dvariable address used is 3431792 out of 50000000
phase= 1 | nvar=239 | iter=400 | nll=-1.56e+04 | mag=2.18e+02 | par[  1]=T_pars_est[3]
DEBUG: Total gradient stack used is 175780 out of 10000000
DEBUG: Total dvariable address used is 2073 out of 150000
DEBUG: Total dvariable address used is 3431792 out of 50000000
DEBUG: Total gradient stack used is 175780 out of 10000000
DEBUG: Total dvariable address used is 2073 out of 150000
DEBUG: Total dvariable address used is 3431792 out of 50000000
DEBUG: Total gradient stack used is 175780 out of 10000000
DEBUG: Total dvariable address used is 2073 out of 150000
DEBUG: Total dvariable address used is 3431792 out of 50000000
DEBUG: Total gradient stack used is 175780 out of 10000000
DEBUG: Total dvariable address used is 2073 out of 150000
DEBUG: Total dvariable address used is 3431792 out of 50000000
DEBUG: Total gradient stack used is 175780 out of 10000000
DEBUG: Total dvariable address used is 2073 out of 150000
DEBUG: Total dvariable address used is 3431792 out of 50000000
DEBUG: Total gradient stack used is 175780 out of 10000000
DEBUG: Total dvariable address used is 2073 out of 150000
DEBUG: Total dvariable address used is 3431792 out of 50000000
DEBUG: Total gradient stack used is 175780 out of 10000000
DEBUG: Total dvariable address used is 2073 out of 150000
DEBUG: Total dvariable address used is 3431792 out of 50000000
DEBUG: Total gradient stack used is 175780 out of 10000000
DEBUG: Total dvariable address used is 2073 out of 150000
DEBUG: Total dvariable address used is 3431792 out of 50000000
DEBUG: Total gradient stack used is 175780 out of 10000000
DEBUG: Total dvariable address used is 2073 out of 150000
DEBUG: Total dvariable address used is 3431792 out of 50000000
DEBUG: Total gradient stack used is 175780 out of 10000000
DEBUG: Total dvariable address used is 2073 out of 150000
DEBUG: Total dvariable address used is 3431792 out of 50000000
DEBUG: Total gradient stack used is 175780 out of 10000000
DEBUG: Total dvariable address used is 2073 out of 150000
DEBUG: Total dvariable address used is 3431792 out of 50000000
DEBUG: Total gradient stack used is 175780 out of 10000000
DEBUG: Total dvariable address used is 2073 out of 150000
DEBUG: Total dvariable address used is 3431792 out of 50000000
DEBUG: Total gradient stack used is 175780 out of 10000000
DEBUG: Total dvariable address used is 2073 out of 150000
DEBUG: Total dvariable address used is 3431792 out of 50000000
DEBUG: Total gradient stack used is 175780 out of 10000000
DEBUG: Total dvariable address used is 2073 out of 150000
DEBUG: Total dvariable address used is 3431792 out of 50000000
DEBUG: Total gradient stack used is 175780 out of 10000000
DEBUG: Total dvariable address used is 2073 out of 150000
DEBUG: Total dvariable address used is 3431792 out of 50000000
DEBUG: Total gradient stack used is 175780 out of 10000000
DEBUG: Total dvariable address used is 2073 out of 150000
DEBUG: Total dvariable address used is 3431792 out of 50000000
DEBUG: Total gradient stack used is 175780 out of 10000000
DEBUG: Total dvariable address used is 2073 out of 150000
DEBUG: Total dvariable address used is 3431792 out of 50000000
DEBUG: Total gradient stack used is 175780 out of 10000000
DEBUG: Total dvariable address used is 2073 out of 150000
DEBUG: Total dvariable address used is 3431792 out of 50000000
DEBUG: Total gradient stack used is 175780 out of 10000000
DEBUG: Total dvariable address used is 2073 out of 150000
DEBUG: Total dvariable address used is 3431792 out of 50000000
DEBUG: Total gradient stack used is 175780 out of 10000000
DEBUG: Total dvariable address used is 2073 out of 150000
DEBUG: Total dvariable address used is 3431792 out of 50000000
DEBUG: Total gradient stack used is 175780 out of 10000000
DEBUG: Total dvariable address used is 2073 out of 150000
DEBUG: Total dvariable address used is 3431792 out of 50000000
DEBUG: Total gradient stack used is 175780 out of 10000000
DEBUG: Total dvariable address used is 2073 out of 150000
DEBUG: Total dvariable address used is 3431792 out of 50000000
DEBUG: Total gradient stack used is 175780 out of 10000000
DEBUG: Total dvariable address used is 2073 out of 150000
DEBUG: Total dvariable address used is 3431792 out of 50000000
DEBUG: Total gradient stack used is 175780 out of 10000000
DEBUG: Total dvariable address used is 2073 out of 150000
DEBUG: Total dvariable address used is 3431792 out of 50000000
DEBUG: Total gradient stack used is 175780 out of 10000000
DEBUG: Total dvariable address used is 2073 out of 150000
DEBUG: Total dvariable address used is 3431792 out of 50000000
DEBUG: Total gradient stack used is 175780 out of 10000000
DEBUG: Total dvariable address used is 2073 out of 150000
DEBUG: Total dvariable address used is 3431792 out of 50000000
DEBUG: Total gradient stack used is 175780 out of 10000000
DEBUG: Total dvariable address used is 2073 out of 150000
DEBUG: Total dvariable address used is 3431792 out of 50000000
DEBUG: Total gradient stack used is 175780 out of 10000000
DEBUG: Total dvariable address used is 2073 out of 150000
DEBUG: Total dvariable address used is 3431792 out of 50000000
DEBUG: Total gradient stack used is 175780 out of 10000000
DEBUG: Total dvariable address used is 2073 out of 150000
DEBUG: Total dvariable address used is 3431792 out of 50000000
DEBUG: Total gradient stack used is 175780 out of 10000000
DEBUG: Total dvariable address used is 2073 out of 150000
DEBUG: Total dvariable address used is 3431792 out of 50000000
DEBUG: Total gradient stack used is 175780 out of 10000000
DEBUG: Total dvariable address used is 2073 out of 150000
DEBUG: Total dvariable address used is 3431792 out of 50000000
DEBUG: Total gradient stack used is 175780 out of 10000000
DEBUG: Total dvariable address used is 2073 out of 150000
DEBUG: Total dvariable address used is 3431792 out of 50000000
DEBUG: Total gradient stack used is 175780 out of 10000000
DEBUG: Total dvariable address used is 2073 out of 150000
DEBUG: Total dvariable address used is 3431792 out of 50000000
DEBUG: Total gradient stack used is 175780 out of 10000000
DEBUG: Total dvariable address used is 2073 out of 150000
DEBUG: Total dvariable address used is 3431792 out of 50000000
DEBUG: Total gradient stack used is 175780 out of 10000000
DEBUG: Total dvariable address used is 2073 out of 150000
DEBUG: Total dvariable address used is 3431792 out of 50000000
DEBUG: Total gradient stack used is 175780 out of 10000000
DEBUG: Total dvariable address used is 2073 out of 150000
DEBUG: Total dvariable address used is 3431792 out of 50000000
DEBUG: Total gradient stack used is 175780 out of 10000000
DEBUG: Total dvariable address used is 2073 out of 150000
DEBUG: Total dvariable address used is 3431792 out of 50000000
DEBUG: Total gradient stack used is 175780 out of 10000000
DEBUG: Total dvariable address used is 2073 out of 150000
DEBUG: Total dvariable address used is 3431792 out of 50000000
DEBUG: Total gradient stack used is 175780 out of 10000000
DEBUG: Total dvariable address used is 2073 out of 150000
DEBUG: Total dvariable address used is 3431792 out of 50000000
DEBUG: Total gradient stack used is 175780 out of 10000000
DEBUG: Total dvariable address used is 2073 out of 150000
DEBUG: Total dvariable address used is 3431792 out of 50000000
DEBUG: Total gradient stack used is 175780 out of 10000000
DEBUG: Total dvariable address used is 2073 out of 150000
DEBUG: Total dvariable address used is 3431792 out of 50000000
DEBUG: Total gradient stack used is 175780 out of 10000000
DEBUG: Total dvariable address used is 2073 out of 150000
DEBUG: Total dvariable address used is 3431792 out of 50000000
DEBUG: Total gradient stack used is 175780 out of 10000000
DEBUG: Total dvariable address used is 2073 out of 150000
DEBUG: Total dvariable address used is 3431792 out of 50000000
DEBUG: Total gradient stack used is 175780 out of 10000000
DEBUG: Total dvariable address used is 2073 out of 150000
DEBUG: Total dvariable address used is 3431792 out of 50000000
DEBUG: Total gradient stack used is 175780 out of 10000000
DEBUG: Total dvariable address used is 2073 out of 150000
DEBUG: Total dvariable address used is 3431792 out of 50000000
DEBUG: Total gradient stack used is 175780 out of 10000000
DEBUG: Total dvariable address used is 2073 out of 150000
DEBUG: Total dvariable address used is 3431792 out of 50000000
DEBUG: Total gradient stack used is 175780 out of 10000000
DEBUG: Total dvariable address used is 2073 out of 150000
DEBUG: Total dvariable address used is 3431792 out of 50000000
DEBUG: Total gradient stack used is 175780 out of 10000000
DEBUG: Total dvariable address used is 2073 out of 150000
DEBUG: Total dvariable address used is 3431792 out of 50000000
DEBUG: Total gradient stack used is 175780 out of 10000000
DEBUG: Total dvariable address used is 2073 out of 150000
DEBUG: Total dvariable address used is 3431792 out of 50000000
DEBUG: Total gradient stack used is 175780 out of 10000000
DEBUG: Total dvariable address used is 2073 out of 150000
DEBUG: Total dvariable address used is 3431792 out of 50000000
DEBUG: Total gradient stack used is 175780 out of 10000000
DEBUG: Total dvariable address used is 2073 out of 150000
DEBUG: Total dvariable address used is 3431792 out of 50000000
DEBUG: Total gradient stack used is 175780 out of 10000000
DEBUG: Total dvariable address used is 2073 out of 150000
DEBUG: Total dvariable address used is 3431792 out of 50000000
DEBUG: Total gradient stack used is 175780 out of 10000000
DEBUG: Total dvariable address used is 2073 out of 150000
DEBUG: Total dvariable address used is 3431792 out of 50000000
DEBUG: Total gradient stack used is 175780 out of 10000000
DEBUG: Total dvariable address used is 2073 out of 150000
DEBUG: Total dvariable address used is 3431792 out of 50000000
DEBUG: Total gradient stack used is 175780 out of 10000000
DEBUG: Total dvariable address used is 2073 out of 150000
DEBUG: Total dvariable address used is 3431792 out of 50000000
DEBUG: Total gradient stack used is 175780 out of 10000000
DEBUG: Total dvariable address used is 2073 out of 150000
DEBUG: Total dvariable address used is 3431792 out of 50000000
DEBUG: Total gradient stack used is 175780 out of 10000000
DEBUG: Total dvariable address used is 2073 out of 150000
DEBUG: Total dvariable address used is 3431792 out of 50000000
DEBUG: Total gradient stack used is 175780 out of 10000000
DEBUG: Total dvariable address used is 2073 out of 150000
DEBUG: Total dvariable address used is 3431792 out of 50000000
DEBUG: Total gradient stack used is 175780 out of 10000000
DEBUG: Total dvariable address used is 2073 out of 150000
DEBUG: Total dvariable address used is 3431792 out of 50000000
DEBUG: Total gradient stack used is 175780 out of 10000000
DEBUG: Total dvariable address used is 2073 out of 150000
DEBUG: Total dvariable address used is 3431792 out of 50000000
DEBUG: Total gradient stack used is 175780 out of 10000000
DEBUG: Total dvariable address used is 2073 out of 150000
DEBUG: Total dvariable address used is 3431792 out of 50000000
DEBUG: Total gradient stack used is 175780 out of 10000000
DEBUG: Total dvariable address used is 2073 out of 150000
DEBUG: Total dvariable address used is 3431792 out of 50000000
DEBUG: Total gradient stack used is 175780 out of 10000000
DEBUG: Total dvariable address used is 2073 out of 150000
DEBUG: Total dvariable address used is 3431792 out of 50000000
DEBUG: Total gradient stack used is 175780 out of 10000000
DEBUG: Total dvariable address used is 2073 out of 150000
DEBUG: Total dvariable address used is 3431792 out of 50000000
DEBUG: Total gradient stack used is 175780 out of 10000000
DEBUG: Total dvariable address used is 2073 out of 150000
DEBUG: Total dvariable address used is 3431792 out of 50000000
DEBUG: Total gradient stack used is 175780 out of 10000000
DEBUG: Total dvariable address used is 2073 out of 150000
DEBUG: Total dvariable address used is 3431792 out of 50000000
DEBUG: Total gradient stack used is 175780 out of 10000000
DEBUG: Total dvariable address used is 2073 out of 150000
DEBUG: Total dvariable address used is 3431792 out of 50000000
DEBUG: Total gradient stack used is 175780 out of 10000000
DEBUG: Total dvariable address used is 2073 out of 150000
DEBUG: Total dvariable address used is 3431792 out of 50000000
DEBUG: Total gradient stack used is 175780 out of 10000000
DEBUG: Total dvariable address used is 2073 out of 150000
DEBUG: Total dvariable address used is 3431792 out of 50000000
DEBUG: Total gradient stack used is 175780 out of 10000000
DEBUG: Total dvariable address used is 2073 out of 150000
DEBUG: Total dvariable address used is 3431792 out of 50000000
DEBUG: Total gradient stack used is 175780 out of 10000000
DEBUG: Total dvariable address used is 2073 out of 150000
DEBUG: Total dvariable address used is 3431792 out of 50000000
DEBUG: Total gradient stack used is 175780 out of 10000000
DEBUG: Total dvariable address used is 2073 out of 150000
DEBUG: Total dvariable address used is 3431792 out of 50000000
DEBUG: Total gradient stack used is 175780 out of 10000000
DEBUG: Total dvariable address used is 2073 out of 150000
DEBUG: Total dvariable address used is 3431792 out of 50000000
DEBUG: Total gradient stack used is 175780 out of 10000000
DEBUG: Total dvariable address used is 2073 out of 150000
DEBUG: Total dvariable address used is 3431792 out of 50000000
DEBUG: Total gradient stack used is 175780 out of 10000000
DEBUG: Total dvariable address used is 2073 out of 150000
DEBUG: Total dvariable address used is 3431792 out of 50000000
DEBUG: Total gradient stack used is 175780 out of 10000000
DEBUG: Total dvariable address used is 2073 out of 150000
DEBUG: Total dvariable address used is 3431792 out of 50000000
DEBUG: Total gradient stack used is 175780 out of 10000000
DEBUG: Total dvariable address used is 2073 out of 150000
DEBUG: Total dvariable address used is 3431792 out of 50000000
DEBUG: Total gradient stack used is 175780 out of 10000000
DEBUG: Total dvariable address used is 2073 out of 150000
DEBUG: Total dvariable address used is 3431792 out of 50000000
DEBUG: Total gradient stack used is 175780 out of 10000000
DEBUG: Total dvariable address used is 2073 out of 150000
DEBUG: Total dvariable address used is 3431792 out of 50000000
DEBUG: Total gradient stack used is 175780 out of 10000000
DEBUG: Total dvariable address used is 2073 out of 150000
DEBUG: Total dvariable address used is 3431792 out of 50000000
DEBUG: Total gradient stack used is 175780 out of 10000000
DEBUG: Total dvariable address used is 2073 out of 150000
DEBUG: Total dvariable address used is 3431792 out of 50000000
DEBUG: Total gradient stack used is 175780 out of 10000000
DEBUG: Total dvariable address used is 2073 out of 150000
DEBUG: Total dvariable address used is 3431792 out of 50000000
DEBUG: Total gradient stack used is 175780 out of 10000000
DEBUG: Total dvariable address used is 2073 out of 150000
DEBUG: Total dvariable address used is 3431792 out of 50000000
DEBUG: Total gradient stack used is 175780 out of 10000000
DEBUG: Total dvariable address used is 2073 out of 150000
DEBUG: Total dvariable address used is 3431792 out of 50000000
DEBUG: Total gradient stack used is 175780 out of 10000000
DEBUG: Total dvariable address used is 2073 out of 150000
DEBUG: Total dvariable address used is 3431792 out of 50000000
DEBUG: Total gradient stack used is 175780 out of 10000000
DEBUG: Total dvariable address used is 2073 out of 150000
DEBUG: Total dvariable address used is 3431792 out of 50000000
DEBUG: Total gradient stack used is 175780 out of 10000000
DEBUG: Total dvariable address used is 2073 out of 150000
DEBUG: Total dvariable address used is 3431792 out of 50000000
DEBUG: Total gradient stack used is 175780 out of 10000000
DEBUG: Total dvariable address used is 2073 out of 150000
DEBUG: Total dvariable address used is 3431792 out of 50000000
DEBUG: Total gradient stack used is 175780 out of 10000000
DEBUG: Total dvariable address used is 2073 out of 150000
DEBUG: Total dvariable address used is 3431792 out of 50000000
DEBUG: Total gradient stack used is 175780 out of 10000000
DEBUG: Total dvariable address used is 2073 out of 150000
DEBUG: Total dvariable address used is 3431792 out of 50000000
DEBUG: Total gradient stack used is 175780 out of 10000000
DEBUG: Total dvariable address used is 2073 out of 150000
DEBUG: Total dvariable address used is 3431792 out of 50000000
DEBUG: Total gradient stack used is 175780 out of 10000000
DEBUG: Total dvariable address used is 2073 out of 150000
DEBUG: Total dvariable address used is 3431792 out of 50000000
DEBUG: Total gradient stack used is 175780 out of 10000000
DEBUG: Total dvariable address used is 2073 out of 150000
DEBUG: Total dvariable address used is 3431792 out of 50000000
DEBUG: Total gradient stack used is 175780 out of 10000000
DEBUG: Total dvariable address used is 2073 out of 150000
DEBUG: Total dvariable address used is 3431792 out of 50000000
DEBUG: Total gradient stack used is 175780 out of 10000000
DEBUG: Total dvariable address used is 2073 out of 150000
DEBUG: Total dvariable address used is 3431792 out of 50000000
DEBUG: Total gradient stack used is 175780 out of 10000000
DEBUG: Total dvariable address used is 2073 out of 150000
DEBUG: Total dvariable address used is 3431792 out of 50000000
DEBUG: Total gradient stack used is 175780 out of 10000000
DEBUG: Total dvariable address used is 2073 out of 150000
DEBUG: Total dvariable address used is 3431792 out of 50000000
DEBUG: Total gradient stack used is 175780 out of 10000000
DEBUG: Total dvariable address used is 2073 out of 150000
DEBUG: Total dvariable address used is 3431792 out of 50000000
DEBUG: Total gradient stack used is 175780 out of 10000000
DEBUG: Total dvariable address used is 2073 out of 150000
DEBUG: Total dvariable address used is 3431792 out of 50000000
DEBUG: Total gradient stack used is 175780 out of 10000000
DEBUG: Total dvariable address used is 2073 out of 150000
DEBUG: Total dvariable address used is 3431792 out of 50000000
phase= 1 | nvar=239 | iter=500 | nll=-1.56e+04 | mag=2.82e+01 | par[  1]=T_pars_est[3]
DEBUG: Total gradient stack used is 175780 out of 10000000
DEBUG: Total dvariable address used is 2073 out of 150000
DEBUG: Total dvariable address used is 3431792 out of 50000000
DEBUG: Total gradient stack used is 175780 out of 10000000
DEBUG: Total dvariable address used is 2073 out of 150000
DEBUG: Total dvariable address used is 3431792 out of 50000000
DEBUG: Total gradient stack used is 175780 out of 10000000
DEBUG: Total dvariable address used is 2073 out of 150000
DEBUG: Total dvariable address used is 3431792 out of 50000000
DEBUG: Total gradient stack used is 175780 out of 10000000
DEBUG: Total dvariable address used is 2073 out of 150000
DEBUG: Total dvariable address used is 3431792 out of 50000000
DEBUG: Total gradient stack used is 175780 out of 10000000
DEBUG: Total dvariable address used is 2073 out of 150000
DEBUG: Total dvariable address used is 3431792 out of 50000000
DEBUG: Total gradient stack used is 175780 out of 10000000
DEBUG: Total dvariable address used is 2073 out of 150000
DEBUG: Total dvariable address used is 3431792 out of 50000000
DEBUG: Total gradient stack used is 175780 out of 10000000
DEBUG: Total dvariable address used is 2073 out of 150000
DEBUG: Total dvariable address used is 3431792 out of 50000000
DEBUG: Total gradient stack used is 175780 out of 10000000
DEBUG: Total dvariable address used is 2073 out of 150000
DEBUG: Total dvariable address used is 3431792 out of 50000000
DEBUG: Total gradient stack used is 175780 out of 10000000
DEBUG: Total dvariable address used is 2073 out of 150000
DEBUG: Total dvariable address used is 3431792 out of 50000000
DEBUG: Total gradient stack used is 175780 out of 10000000
DEBUG: Total dvariable address used is 2073 out of 150000
DEBUG: Total dvariable address used is 3431792 out of 50000000
DEBUG: Total gradient stack used is 175780 out of 10000000
DEBUG: Total dvariable address used is 2073 out of 150000
DEBUG: Total dvariable address used is 3431792 out of 50000000
DEBUG: Total gradient stack used is 175780 out of 10000000
DEBUG: Total dvariable address used is 2073 out of 150000
DEBUG: Total dvariable address used is 3431792 out of 50000000
DEBUG: Total gradient stack used is 175780 out of 10000000
DEBUG: Total dvariable address used is 2073 out of 150000
DEBUG: Total dvariable address used is 3431792 out of 50000000
DEBUG: Total gradient stack used is 175780 out of 10000000
DEBUG: Total dvariable address used is 2073 out of 150000
DEBUG: Total dvariable address used is 3431792 out of 50000000
DEBUG: Total gradient stack used is 175780 out of 10000000
DEBUG: Total dvariable address used is 2073 out of 150000
DEBUG: Total dvariable address used is 3431792 out of 50000000
DEBUG: Total gradient stack used is 175780 out of 10000000
DEBUG: Total dvariable address used is 2073 out of 150000
DEBUG: Total dvariable address used is 3431792 out of 50000000
DEBUG: Total gradient stack used is 175780 out of 10000000
DEBUG: Total dvariable address used is 2073 out of 150000
DEBUG: Total dvariable address used is 3431792 out of 50000000
DEBUG: Total gradient stack used is 175780 out of 10000000
DEBUG: Total dvariable address used is 2073 out of 150000
DEBUG: Total dvariable address used is 3431792 out of 50000000
DEBUG: Total gradient stack used is 175780 out of 10000000
DEBUG: Total dvariable address used is 2073 out of 150000
DEBUG: Total dvariable address used is 3431792 out of 50000000
DEBUG: Total gradient stack used is 175780 out of 10000000
DEBUG: Total dvariable address used is 2073 out of 150000
DEBUG: Total dvariable address used is 3431792 out of 50000000
DEBUG: Total gradient stack used is 175780 out of 10000000
DEBUG: Total dvariable address used is 2073 out of 150000
DEBUG: Total dvariable address used is 3431792 out of 50000000
DEBUG: Total gradient stack used is 175780 out of 10000000
DEBUG: Total dvariable address used is 2073 out of 150000
DEBUG: Total dvariable address used is 3431792 out of 50000000
DEBUG: Total gradient stack used is 175780 out of 10000000
DEBUG: Total dvariable address used is 2073 out of 150000
DEBUG: Total dvariable address used is 3431792 out of 50000000
DEBUG: Total gradient stack used is 175780 out of 10000000
DEBUG: Total dvariable address used is 2073 out of 150000
DEBUG: Total dvariable address used is 3431792 out of 50000000
DEBUG: Total gradient stack used is 175780 out of 10000000
DEBUG: Total dvariable address used is 2073 out of 150000
DEBUG: Total dvariable address used is 3431792 out of 50000000
DEBUG: Total gradient stack used is 175780 out of 10000000
DEBUG: Total dvariable address used is 2073 out of 150000
DEBUG: Total dvariable address used is 3431792 out of 50000000
DEBUG: Total gradient stack used is 175780 out of 10000000
DEBUG: Total dvariable address used is 2073 out of 150000
DEBUG: Total dvariable address used is 3431792 out of 50000000
DEBUG: Total gradient stack used is 175780 out of 10000000
DEBUG: Total dvariable address used is 2073 out of 150000
DEBUG: Total dvariable address used is 3431792 out of 50000000
DEBUG: Total gradient stack used is 175780 out of 10000000
DEBUG: Total dvariable address used is 2073 out of 150000
DEBUG: Total dvariable address used is 3431792 out of 50000000
DEBUG: Total gradient stack used is 175780 out of 10000000
DEBUG: Total dvariable address used is 2073 out of 150000
DEBUG: Total dvariable address used is 3431792 out of 50000000
DEBUG: Total gradient stack used is 175780 out of 10000000
DEBUG: Total dvariable address used is 2073 out of 150000
DEBUG: Total dvariable address used is 3431792 out of 50000000
DEBUG: Total gradient stack used is 175780 out of 10000000
DEBUG: Total dvariable address used is 2073 out of 150000
DEBUG: Total dvariable address used is 3431792 out of 50000000
DEBUG: Total gradient stack used is 175780 out of 10000000
DEBUG: Total dvariable address used is 2073 out of 150000
DEBUG: Total dvariable address used is 3431792 out of 50000000
DEBUG: Total gradient stack used is 175780 out of 10000000
DEBUG: Total dvariable address used is 2073 out of 150000
DEBUG: Total dvariable address used is 3431792 out of 50000000
DEBUG: Total gradient stack used is 175780 out of 10000000
DEBUG: Total dvariable address used is 2073 out of 150000
DEBUG: Total dvariable address used is 3431792 out of 50000000
DEBUG: Total gradient stack used is 175780 out of 10000000
DEBUG: Total dvariable address used is 2073 out of 150000
DEBUG: Total dvariable address used is 3431792 out of 50000000
DEBUG: Total gradient stack used is 175780 out of 10000000
DEBUG: Total dvariable address used is 2073 out of 150000
DEBUG: Total dvariable address used is 3431792 out of 50000000
DEBUG: Total gradient stack used is 175780 out of 10000000
DEBUG: Total dvariable address used is 2073 out of 150000
DEBUG: Total dvariable address used is 3431792 out of 50000000
DEBUG: Total gradient stack used is 175780 out of 10000000
DEBUG: Total dvariable address used is 2073 out of 150000
DEBUG: Total dvariable address used is 3431792 out of 50000000
DEBUG: Total gradient stack used is 175780 out of 10000000
DEBUG: Total dvariable address used is 2073 out of 150000
DEBUG: Total dvariable address used is 3431792 out of 50000000
DEBUG: Total gradient stack used is 175780 out of 10000000
DEBUG: Total dvariable address used is 2073 out of 150000
DEBUG: Total dvariable address used is 3431792 out of 50000000
DEBUG: Total gradient stack used is 175780 out of 10000000
DEBUG: Total dvariable address used is 2073 out of 150000
DEBUG: Total dvariable address used is 3431792 out of 50000000
DEBUG: Total gradient stack used is 175780 out of 10000000
DEBUG: Total dvariable address used is 2073 out of 150000
DEBUG: Total dvariable address used is 3431792 out of 50000000
DEBUG: Total gradient stack used is 175780 out of 10000000
DEBUG: Total dvariable address used is 2073 out of 150000
DEBUG: Total dvariable address used is 3431792 out of 50000000
DEBUG: Total gradient stack used is 175780 out of 10000000
DEBUG: Total dvariable address used is 2073 out of 150000
DEBUG: Total dvariable address used is 3431792 out of 50000000
DEBUG: Total gradient stack used is 175780 out of 10000000
DEBUG: Total dvariable address used is 2073 out of 150000
DEBUG: Total dvariable address used is 3431792 out of 50000000
DEBUG: Total gradient stack used is 175780 out of 10000000
DEBUG: Total dvariable address used is 2073 out of 150000
DEBUG: Total dvariable address used is 3431792 out of 50000000
DEBUG: Total gradient stack used is 175780 out of 10000000
DEBUG: Total dvariable address used is 2073 out of 150000
DEBUG: Total dvariable address used is 3431792 out of 50000000
DEBUG: Total gradient stack used is 175780 out of 10000000
DEBUG: Total dvariable address used is 2073 out of 150000
DEBUG: Total dvariable address used is 3431792 out of 50000000
DEBUG: Total gradient stack used is 175780 out of 10000000
DEBUG: Total dvariable address used is 2073 out of 150000
DEBUG: Total dvariable address used is 3431792 out of 50000000
DEBUG: Total gradient stack used is 175780 out of 10000000
DEBUG: Total dvariable address used is 2073 out of 150000
DEBUG: Total dvariable address used is 3431792 out of 50000000
DEBUG: Total gradient stack used is 175780 out of 10000000
DEBUG: Total dvariable address used is 2073 out of 150000
DEBUG: Total dvariable address used is 3431792 out of 50000000
DEBUG: Total gradient stack used is 175780 out of 10000000
DEBUG: Total dvariable address used is 2073 out of 150000
DEBUG: Total dvariable address used is 3431792 out of 50000000
DEBUG: Total gradient stack used is 175780 out of 10000000
DEBUG: Total dvariable address used is 2073 out of 150000
DEBUG: Total dvariable address used is 3431792 out of 50000000
DEBUG: Total gradient stack used is 175780 out of 10000000
DEBUG: Total dvariable address used is 2073 out of 150000
DEBUG: Total dvariable address used is 3431792 out of 50000000
DEBUG: Total gradient stack used is 175780 out of 10000000
DEBUG: Total dvariable address used is 2073 out of 150000
DEBUG: Total dvariable address used is 3431792 out of 50000000
DEBUG: Total gradient stack used is 175780 out of 10000000
DEBUG: Total dvariable address used is 2073 out of 150000
DEBUG: Total dvariable address used is 3431792 out of 50000000
DEBUG: Total gradient stack used is 175780 out of 10000000
DEBUG: Total dvariable address used is 2073 out of 150000
DEBUG: Total dvariable address used is 3431792 out of 50000000
DEBUG: Total gradient stack used is 175780 out of 10000000
DEBUG: Total dvariable address used is 2073 out of 150000
DEBUG: Total dvariable address used is 3431792 out of 50000000
DEBUG: Total gradient stack used is 175780 out of 10000000
DEBUG: Total dvariable address used is 2073 out of 150000
DEBUG: Total dvariable address used is 3431792 out of 50000000
phase= 1 | nvar=239 | iter=560 | nll=-1.56e+04 | mag=8.85e-03 | par[  1]=T_pars_est[3]
DEBUG: Total gradient stack used is 0 out of 10000000
DEBUG: Total dvariable address used is 2073 out of 150000
DEBUG: Total dvariable address used is 3431792 out of 50000000
Starting REPORT_SECTION
+--------------------------+
| Beginning report section |
+--------------------------+
Finished WriteFiles
REPORT_SECTION: finished CreateOutput
REPORT_SECTION: finished save_gradients
Finished REPORT_SECTION

#--BETWEEN_PHASES_SECTION---------------------
#----Starting phase 2 of 4
Finished BETWEEN_PHASES_SECTION
----------------------------------------------
DEBUG: Total gradient stack used is 176481 out of 10000000
DEBUG: Total dvariable address used is 2073 out of 150000
DEBUG: Total dvariable address used is 3541056 out of 50000000
phase= 2 | nvar=277 | iter=  0 | nll=-1.55e+04 | mag=5.83e+03 | par[249]=logit_rec_prop_est[10]
DEBUG: Total gradient stack used is 176481 out of 10000000
DEBUG: Total dvariable address used is 2073 out of 150000
DEBUG: Total dvariable address used is 3541056 out of 50000000
DEBUG: Total gradient stack used is 176481 out of 10000000
DEBUG: Total dvariable address used is 2073 out of 150000
DEBUG: Total dvariable address used is 3541056 out of 50000000
DEBUG: Total gradient stack used is 176481 out of 10000000
DEBUG: Total dvariable address used is 2073 out of 150000
DEBUG: Total dvariable address used is 3541056 out of 50000000
DEBUG: Total gradient stack used is 176481 out of 10000000
DEBUG: Total dvariable address used is 2073 out of 150000
DEBUG: Total dvariable address used is 3541056 out of 50000000
DEBUG: Total gradient stack used is 176481 out of 10000000
DEBUG: Total dvariable address used is 2073 out of 150000
DEBUG: Total dvariable address used is 3541056 out of 50000000
DEBUG: Total gradient stack used is 176481 out of 10000000
DEBUG: Total dvariable address used is 2073 out of 150000
DEBUG: Total dvariable address used is 3541056 out of 50000000
DEBUG: Total gradient stack used is 176481 out of 10000000
DEBUG: Total dvariable address used is 2073 out of 150000
DEBUG: Total dvariable address used is 3541056 out of 50000000
DEBUG: Total gradient stack used is 176481 out of 10000000
DEBUG: Total dvariable address used is 2073 out of 150000
DEBUG: Total dvariable address used is 3541056 out of 50000000
DEBUG: Total gradient stack used is 176481 out of 10000000
DEBUG: Total dvariable address used is 2073 out of 150000
DEBUG: Total dvariable address used is 3541056 out of 50000000
DEBUG: Total gradient stack used is 176481 out of 10000000
DEBUG: Total dvariable address used is 2073 out of 150000
DEBUG: Total dvariable address used is 3541056 out of 50000000
DEBUG: Total gradient stack used is 176481 out of 10000000
DEBUG: Total dvariable address used is 2073 out of 150000
DEBUG: Total dvariable address used is 3541056 out of 50000000
DEBUG: Total gradient stack used is 176481 out of 10000000
DEBUG: Total dvariable address used is 2073 out of 150000
DEBUG: Total dvariable address used is 3541056 out of 50000000
DEBUG: Total gradient stack used is 176481 out of 10000000
DEBUG: Total dvariable address used is 2073 out of 150000
DEBUG: Total dvariable address used is 3541056 out of 50000000
DEBUG: Total gradient stack used is 176481 out of 10000000
DEBUG: Total dvariable address used is 2073 out of 150000
DEBUG: Total dvariable address used is 3541056 out of 50000000
DEBUG: Total gradient stack used is 176481 out of 10000000
DEBUG: Total dvariable address used is 2073 out of 150000
DEBUG: Total dvariable address used is 3541056 out of 50000000
DEBUG: Total gradient stack used is 176481 out of 10000000
DEBUG: Total dvariable address used is 2073 out of 150000
DEBUG: Total dvariable address used is 3541056 out of 50000000
DEBUG: Total gradient stack used is 176481 out of 10000000
DEBUG: Total dvariable address used is 2073 out of 150000
DEBUG: Total dvariable address used is 3541056 out of 50000000
DEBUG: Total gradient stack used is 176481 out of 10000000
DEBUG: Total dvariable address used is 2073 out of 150000
DEBUG: Total dvariable address used is 3541056 out of 50000000
DEBUG: Total gradient stack used is 176481 out of 10000000
DEBUG: Total dvariable address used is 2073 out of 150000
DEBUG: Total dvariable address used is 3541056 out of 50000000
DEBUG: Total gradient stack used is 176481 out of 10000000
DEBUG: Total dvariable address used is 2073 out of 150000
DEBUG: Total dvariable address used is 3541056 out of 50000000
DEBUG: Total gradient stack used is 176481 out of 10000000
DEBUG: Total dvariable address used is 2073 out of 150000
DEBUG: Total dvariable address used is 3541056 out of 50000000
DEBUG: Total gradient stack used is 176481 out of 10000000
DEBUG: Total dvariable address used is 2073 out of 150000
DEBUG: Total dvariable address used is 3541056 out of 50000000
DEBUG: Total gradient stack used is 176481 out of 10000000
DEBUG: Total dvariable address used is 2073 out of 150000
DEBUG: Total dvariable address used is 3541056 out of 50000000
DEBUG: Total gradient stack used is 176481 out of 10000000
DEBUG: Total dvariable address used is 2073 out of 150000
DEBUG: Total dvariable address used is 3541056 out of 50000000
DEBUG: Total gradient stack used is 176481 out of 10000000
DEBUG: Total dvariable address used is 2073 out of 150000
DEBUG: Total dvariable address used is 3541056 out of 50000000
DEBUG: Total gradient stack used is 176481 out of 10000000
DEBUG: Total dvariable address used is 2073 out of 150000
DEBUG: Total dvariable address used is 3541056 out of 50000000
DEBUG: Total gradient stack used is 176481 out of 10000000
DEBUG: Total dvariable address used is 2073 out of 150000
DEBUG: Total dvariable address used is 3541056 out of 50000000
DEBUG: Total gradient stack used is 176481 out of 10000000
DEBUG: Total dvariable address used is 2073 out of 150000
DEBUG: Total dvariable address used is 3541056 out of 50000000
DEBUG: Total gradient stack used is 176481 out of 10000000
DEBUG: Total dvariable address used is 2073 out of 150000
DEBUG: Total dvariable address used is 3541056 out of 50000000
DEBUG: Total gradient stack used is 176481 out of 10000000
DEBUG: Total dvariable address used is 2073 out of 150000
DEBUG: Total dvariable address used is 3541056 out of 50000000
DEBUG: Total gradient stack used is 176481 out of 10000000
DEBUG: Total dvariable address used is 2073 out of 150000
DEBUG: Total dvariable address used is 3541056 out of 50000000
DEBUG: Total gradient stack used is 176481 out of 10000000
DEBUG: Total dvariable address used is 2073 out of 150000
DEBUG: Total dvariable address used is 3541056 out of 50000000
DEBUG: Total gradient stack used is 176481 out of 10000000
DEBUG: Total dvariable address used is 2073 out of 150000
DEBUG: Total dvariable address used is 3541056 out of 50000000
DEBUG: Total gradient stack used is 176481 out of 10000000
DEBUG: Total dvariable address used is 2073 out of 150000
DEBUG: Total dvariable address used is 3541056 out of 50000000
DEBUG: Total gradient stack used is 176481 out of 10000000
DEBUG: Total dvariable address used is 2073 out of 150000
DEBUG: Total dvariable address used is 3541056 out of 50000000
DEBUG: Total gradient stack used is 176481 out of 10000000
DEBUG: Total dvariable address used is 2073 out of 150000
DEBUG: Total dvariable address used is 3541056 out of 50000000
DEBUG: Total gradient stack used is 176481 out of 10000000
DEBUG: Total dvariable address used is 2073 out of 150000
DEBUG: Total dvariable address used is 3541056 out of 50000000
DEBUG: Total gradient stack used is 176481 out of 10000000
DEBUG: Total dvariable address used is 2073 out of 150000
DEBUG: Total dvariable address used is 3541056 out of 50000000
DEBUG: Total gradient stack used is 176481 out of 10000000
DEBUG: Total dvariable address used is 2073 out of 150000
DEBUG: Total dvariable address used is 3541056 out of 50000000
DEBUG: Total gradient stack used is 176481 out of 10000000
DEBUG: Total dvariable address used is 2073 out of 150000
DEBUG: Total dvariable address used is 3541056 out of 50000000
DEBUG: Total gradient stack used is 176481 out of 10000000
DEBUG: Total dvariable address used is 2073 out of 150000
DEBUG: Total dvariable address used is 3541056 out of 50000000
DEBUG: Total gradient stack used is 176481 out of 10000000
DEBUG: Total dvariable address used is 2073 out of 150000
DEBUG: Total dvariable address used is 3541056 out of 50000000
DEBUG: Total gradient stack used is 176481 out of 10000000
DEBUG: Total dvariable address used is 2073 out of 150000
DEBUG: Total dvariable address used is 3541056 out of 50000000
DEBUG: Total gradient stack used is 176481 out of 10000000
DEBUG: Total dvariable address used is 2073 out of 150000
DEBUG: Total dvariable address used is 3541056 out of 50000000
DEBUG: Total gradient stack used is 176481 out of 10000000
DEBUG: Total dvariable address used is 2073 out of 150000
DEBUG: Total dvariable address used is 3541056 out of 50000000
DEBUG: Total gradient stack used is 176481 out of 10000000
DEBUG: Total dvariable address used is 2073 out of 150000
DEBUG: Total dvariable address used is 3541056 out of 50000000
DEBUG: Total gradient stack used is 176481 out of 10000000
DEBUG: Total dvariable address used is 2073 out of 150000
DEBUG: Total dvariable address used is 3541056 out of 50000000
DEBUG: Total gradient stack used is 176481 out of 10000000
DEBUG: Total dvariable address used is 2073 out of 150000
DEBUG: Total dvariable address used is 3541056 out of 50000000
DEBUG: Total gradient stack used is 176481 out of 10000000
DEBUG: Total dvariable address used is 2073 out of 150000
DEBUG: Total dvariable address used is 3541056 out of 50000000
DEBUG: Total gradient stack used is 176481 out of 10000000
DEBUG: Total dvariable address used is 2073 out of 150000
DEBUG: Total dvariable address used is 3541056 out of 50000000
DEBUG: Total gradient stack used is 176481 out of 10000000
DEBUG: Total dvariable address used is 2073 out of 150000
DEBUG: Total dvariable address used is 3541056 out of 50000000
DEBUG: Total gradient stack used is 176481 out of 10000000
DEBUG: Total dvariable address used is 2073 out of 150000
DEBUG: Total dvariable address used is 3541056 out of 50000000
DEBUG: Total gradient stack used is 176481 out of 10000000
DEBUG: Total dvariable address used is 2073 out of 150000
DEBUG: Total dvariable address used is 3541056 out of 50000000
DEBUG: Total gradient stack used is 176481 out of 10000000
DEBUG: Total dvariable address used is 2073 out of 150000
DEBUG: Total dvariable address used is 3541056 out of 50000000
DEBUG: Total gradient stack used is 176481 out of 10000000
DEBUG: Total dvariable address used is 2073 out of 150000
DEBUG: Total dvariable address used is 3541056 out of 50000000
DEBUG: Total gradient stack used is 176481 out of 10000000
DEBUG: Total dvariable address used is 2073 out of 150000
DEBUG: Total dvariable address used is 3541056 out of 50000000
DEBUG: Total gradient stack used is 176481 out of 10000000
DEBUG: Total dvariable address used is 2073 out of 150000
DEBUG: Total dvariable address used is 3541056 out of 50000000
DEBUG: Total gradient stack used is 176481 out of 10000000
DEBUG: Total dvariable address used is 2073 out of 150000
DEBUG: Total dvariable address used is 3541056 out of 50000000
DEBUG: Total gradient stack used is 176481 out of 10000000
DEBUG: Total dvariable address used is 2073 out of 150000
DEBUG: Total dvariable address used is 3541056 out of 50000000
DEBUG: Total gradient stack used is 176481 out of 10000000
DEBUG: Total dvariable address used is 2073 out of 150000
DEBUG: Total dvariable address used is 3541056 out of 50000000
DEBUG: Total gradient stack used is 176481 out of 10000000
DEBUG: Total dvariable address used is 2073 out of 150000
DEBUG: Total dvariable address used is 3541056 out of 50000000
DEBUG: Total gradient stack used is 176481 out of 10000000
DEBUG: Total dvariable address used is 2073 out of 150000
DEBUG: Total dvariable address used is 3541056 out of 50000000
DEBUG: Total gradient stack used is 176481 out of 10000000
DEBUG: Total dvariable address used is 2073 out of 150000
DEBUG: Total dvariable address used is 3541056 out of 50000000
DEBUG: Total gradient stack used is 176481 out of 10000000
DEBUG: Total dvariable address used is 2073 out of 150000
DEBUG: Total dvariable address used is 3541056 out of 50000000
DEBUG: Total gradient stack used is 176481 out of 10000000
DEBUG: Total dvariable address used is 2073 out of 150000
DEBUG: Total dvariable address used is 3541056 out of 50000000
DEBUG: Total gradient stack used is 176481 out of 10000000
DEBUG: Total dvariable address used is 2073 out of 150000
DEBUG: Total dvariable address used is 3541056 out of 50000000
DEBUG: Total gradient stack used is 176481 out of 10000000
DEBUG: Total dvariable address used is 2073 out of 150000
DEBUG: Total dvariable address used is 3541056 out of 50000000
DEBUG: Total gradient stack used is 176481 out of 10000000
DEBUG: Total dvariable address used is 2073 out of 150000
DEBUG: Total dvariable address used is 3541056 out of 50000000
DEBUG: Total gradient stack used is 176481 out of 10000000
DEBUG: Total dvariable address used is 2073 out of 150000
DEBUG: Total dvariable address used is 3541056 out of 50000000
DEBUG: Total gradient stack used is 176481 out of 10000000
DEBUG: Total dvariable address used is 2073 out of 150000
DEBUG: Total dvariable address used is 3541056 out of 50000000
DEBUG: Total gradient stack used is 176481 out of 10000000
DEBUG: Total dvariable address used is 2073 out of 150000
DEBUG: Total dvariable address used is 3541056 out of 50000000
DEBUG: Total gradient stack used is 176481 out of 10000000
DEBUG: Total dvariable address used is 2073 out of 150000
DEBUG: Total dvariable address used is 3541056 out of 50000000
DEBUG: Total gradient stack used is 176481 out of 10000000
DEBUG: Total dvariable address used is 2073 out of 150000
DEBUG: Total dvariable address used is 3541056 out of 50000000
DEBUG: Total gradient stack used is 176481 out of 10000000
DEBUG: Total dvariable address used is 2073 out of 150000
DEBUG: Total dvariable address used is 3541056 out of 50000000
DEBUG: Total gradient stack used is 176481 out of 10000000
DEBUG: Total dvariable address used is 2073 out of 150000
DEBUG: Total dvariable address used is 3541056 out of 50000000
DEBUG: Total gradient stack used is 176481 out of 10000000
DEBUG: Total dvariable address used is 2073 out of 150000
DEBUG: Total dvariable address used is 3541056 out of 50000000
DEBUG: Total gradient stack used is 176481 out of 10000000
DEBUG: Total dvariable address used is 2073 out of 150000
DEBUG: Total dvariable address used is 3541056 out of 50000000
DEBUG: Total gradient stack used is 176481 out of 10000000
DEBUG: Total dvariable address used is 2073 out of 150000
DEBUG: Total dvariable address used is 3541056 out of 50000000
DEBUG: Total gradient stack used is 176481 out of 10000000
DEBUG: Total dvariable address used is 2073 out of 150000
DEBUG: Total dvariable address used is 3541056 out of 50000000
DEBUG: Total gradient stack used is 176481 out of 10000000
DEBUG: Total dvariable address used is 2073 out of 150000
DEBUG: Total dvariable address used is 3541056 out of 50000000
DEBUG: Total gradient stack used is 176481 out of 10000000
DEBUG: Total dvariable address used is 2073 out of 150000
DEBUG: Total dvariable address used is 3541056 out of 50000000
DEBUG: Total gradient stack used is 176481 out of 10000000
DEBUG: Total dvariable address used is 2073 out of 150000
DEBUG: Total dvariable address used is 3541056 out of 50000000
DEBUG: Total gradient stack used is 176481 out of 10000000
DEBUG: Total dvariable address used is 2073 out of 150000
DEBUG: Total dvariable address used is 3541056 out of 50000000
DEBUG: Total gradient stack used is 176481 out of 10000000
DEBUG: Total dvariable address used is 2073 out of 150000
DEBUG: Total dvariable address used is 3541056 out of 50000000
DEBUG: Total gradient stack used is 176481 out of 10000000
DEBUG: Total dvariable address used is 2073 out of 150000
DEBUG: Total dvariable address used is 3541056 out of 50000000
DEBUG: Total gradient stack used is 176481 out of 10000000
DEBUG: Total dvariable address used is 2073 out of 150000
DEBUG: Total dvariable address used is 3541056 out of 50000000
DEBUG: Total gradient stack used is 176481 out of 10000000
DEBUG: Total dvariable address used is 2073 out of 150000
DEBUG: Total dvariable address used is 3541056 out of 50000000
DEBUG: Total gradient stack used is 176481 out of 10000000
DEBUG: Total dvariable address used is 2073 out of 150000
DEBUG: Total dvariable address used is 3541056 out of 50000000
DEBUG: Total gradient stack used is 176481 out of 10000000
DEBUG: Total dvariable address used is 2073 out of 150000
DEBUG: Total dvariable address used is 3541056 out of 50000000
DEBUG: Total gradient stack used is 176481 out of 10000000
DEBUG: Total dvariable address used is 2073 out of 150000
DEBUG: Total dvariable address used is 3541056 out of 50000000
DEBUG: Total gradient stack used is 176481 out of 10000000
DEBUG: Total dvariable address used is 2073 out of 150000
DEBUG: Total dvariable address used is 3541056 out of 50000000
DEBUG: Total gradient stack used is 176481 out of 10000000
DEBUG: Total dvariable address used is 2073 out of 150000
DEBUG: Total dvariable address used is 3541056 out of 50000000
DEBUG: Total gradient stack used is 176481 out of 10000000
DEBUG: Total dvariable address used is 2073 out of 150000
DEBUG: Total dvariable address used is 3541056 out of 50000000
DEBUG: Total gradient stack used is 176481 out of 10000000
DEBUG: Total dvariable address used is 2073 out of 150000
DEBUG: Total dvariable address used is 3541056 out of 50000000
DEBUG: Total gradient stack used is 176481 out of 10000000
DEBUG: Total dvariable address used is 2073 out of 150000
DEBUG: Total dvariable address used is 3541056 out of 50000000
DEBUG: Total gradient stack used is 176481 out of 10000000
DEBUG: Total dvariable address used is 2073 out of 150000
DEBUG: Total dvariable address used is 3541056 out of 50000000
DEBUG: Total gradient stack used is 176481 out of 10000000
DEBUG: Total dvariable address used is 2073 out of 150000
DEBUG: Total dvariable address used is 3541056 out of 50000000
DEBUG: Total gradient stack used is 176481 out of 10000000
DEBUG: Total dvariable address used is 2073 out of 150000
DEBUG: Total dvariable address used is 3541056 out of 50000000
DEBUG: Total gradient stack used is 176481 out of 10000000
DEBUG: Total dvariable address used is 2073 out of 150000
DEBUG: Total dvariable address used is 3541056 out of 50000000
DEBUG: Total gradient stack used is 176481 out of 10000000
DEBUG: Total dvariable address used is 2073 out of 150000
DEBUG: Total dvariable address used is 3541056 out of 50000000
DEBUG: Total gradient stack used is 176481 out of 10000000
DEBUG: Total dvariable address used is 2073 out of 150000
DEBUG: Total dvariable address used is 3541056 out of 50000000
DEBUG: Total gradient stack used is 176481 out of 10000000
DEBUG: Total dvariable address used is 2073 out of 150000
DEBUG: Total dvariable address used is 3541056 out of 50000000
DEBUG: Total gradient stack used is 176481 out of 10000000
DEBUG: Total dvariable address used is 2073 out of 150000
DEBUG: Total dvariable address used is 3541056 out of 50000000
DEBUG: Total gradient stack used is 176481 out of 10000000
DEBUG: Total dvariable address used is 2073 out of 150000
DEBUG: Total dvariable address used is 3541056 out of 50000000
DEBUG: Total gradient stack used is 176481 out of 10000000
DEBUG: Total dvariable address used is 2073 out of 150000
DEBUG: Total dvariable address used is 3541056 out of 50000000
DEBUG: Total gradient stack used is 176481 out of 10000000
DEBUG: Total dvariable address used is 2073 out of 150000
DEBUG: Total dvariable address used is 3541056 out of 50000000
DEBUG: Total gradient stack used is 176481 out of 10000000
DEBUG: Total dvariable address used is 2073 out of 150000
DEBUG: Total dvariable address used is 3541056 out of 50000000
DEBUG: Total gradient stack used is 176481 out of 10000000
DEBUG: Total dvariable address used is 2073 out of 150000
DEBUG: Total dvariable address used is 3541056 out of 50000000
DEBUG: Total gradient stack used is 176481 out of 10000000
DEBUG: Total dvariable address used is 2073 out of 150000
DEBUG: Total dvariable address used is 3541056 out of 50000000
DEBUG: Total gradient stack used is 176481 out of 10000000
DEBUG: Total dvariable address used is 2073 out of 150000
DEBUG: Total dvariable address used is 3541056 out of 50000000
DEBUG: Total gradient stack used is 176481 out of 10000000
DEBUG: Total dvariable address used is 2073 out of 150000
DEBUG: Total dvariable address used is 3541056 out of 50000000
DEBUG: Total gradient stack used is 176481 out of 10000000
DEBUG: Total dvariable address used is 2073 out of 150000
DEBUG: Total dvariable address used is 3541056 out of 50000000
DEBUG: Total gradient stack used is 176481 out of 10000000
DEBUG: Total dvariable address used is 2073 out of 150000
DEBUG: Total dvariable address used is 3541056 out of 50000000
DEBUG: Total gradient stack used is 176481 out of 10000000
DEBUG: Total dvariable address used is 2073 out of 150000
DEBUG: Total dvariable address used is 3541056 out of 50000000
DEBUG: Total gradient stack used is 176481 out of 10000000
DEBUG: Total dvariable address used is 2073 out of 150000
DEBUG: Total dvariable address used is 3541056 out of 50000000
phase= 2 | nvar=277 | iter=100 | nll=-1.58e+04 | mag=6.01e+03 | par[266]=logit_rec_prop_est[27]
DEBUG: Total gradient stack used is 176481 out of 10000000
DEBUG: Total dvariable address used is 2073 out of 150000
DEBUG: Total dvariable address used is 3541056 out of 50000000
DEBUG: Total gradient stack used is 176481 out of 10000000
DEBUG: Total dvariable address used is 2073 out of 150000
DEBUG: Total dvariable address used is 3541056 out of 50000000
DEBUG: Total gradient stack used is 176481 out of 10000000
DEBUG: Total dvariable address used is 2073 out of 150000
DEBUG: Total dvariable address used is 3541056 out of 50000000
DEBUG: Total gradient stack used is 176481 out of 10000000
DEBUG: Total dvariable address used is 2073 out of 150000
DEBUG: Total dvariable address used is 3541056 out of 50000000
DEBUG: Total gradient stack used is 176481 out of 10000000
DEBUG: Total dvariable address used is 2073 out of 150000
DEBUG: Total dvariable address used is 3541056 out of 50000000
DEBUG: Total gradient stack used is 176481 out of 10000000
DEBUG: Total dvariable address used is 2073 out of 150000
DEBUG: Total dvariable address used is 3541056 out of 50000000
DEBUG: Total gradient stack used is 176481 out of 10000000
DEBUG: Total dvariable address used is 2073 out of 150000
DEBUG: Total dvariable address used is 3541056 out of 50000000
DEBUG: Total gradient stack used is 176481 out of 10000000
DEBUG: Total dvariable address used is 2073 out of 150000
DEBUG: Total dvariable address used is 3541056 out of 50000000
DEBUG: Total gradient stack used is 176481 out of 10000000
DEBUG: Total dvariable address used is 2073 out of 150000
DEBUG: Total dvariable address used is 3541056 out of 50000000
DEBUG: Total gradient stack used is 176481 out of 10000000
DEBUG: Total dvariable address used is 2073 out of 150000
DEBUG: Total dvariable address used is 3541056 out of 50000000
DEBUG: Total gradient stack used is 176481 out of 10000000
DEBUG: Total dvariable address used is 2073 out of 150000
DEBUG: Total dvariable address used is 3541056 out of 50000000
DEBUG: Total gradient stack used is 176481 out of 10000000
DEBUG: Total dvariable address used is 2073 out of 150000
DEBUG: Total dvariable address used is 3541056 out of 50000000
DEBUG: Total gradient stack used is 176481 out of 10000000
DEBUG: Total dvariable address used is 2073 out of 150000
DEBUG: Total dvariable address used is 3541056 out of 50000000
DEBUG: Total gradient stack used is 176481 out of 10000000
DEBUG: Total dvariable address used is 2073 out of 150000
DEBUG: Total dvariable address used is 3541056 out of 50000000
DEBUG: Total gradient stack used is 176481 out of 10000000
DEBUG: Total dvariable address used is 2073 out of 150000
DEBUG: Total dvariable address used is 3541056 out of 50000000
DEBUG: Total gradient stack used is 176481 out of 10000000
DEBUG: Total dvariable address used is 2073 out of 150000
DEBUG: Total dvariable address used is 3541056 out of 50000000
DEBUG: Total gradient stack used is 176481 out of 10000000
DEBUG: Total dvariable address used is 2073 out of 150000
DEBUG: Total dvariable address used is 3541056 out of 50000000
DEBUG: Total gradient stack used is 176481 out of 10000000
DEBUG: Total dvariable address used is 2073 out of 150000
DEBUG: Total dvariable address used is 3541056 out of 50000000
DEBUG: Total gradient stack used is 176481 out of 10000000
DEBUG: Total dvariable address used is 2073 out of 150000
DEBUG: Total dvariable address used is 3541056 out of 50000000
DEBUG: Total gradient stack used is 176481 out of 10000000
DEBUG: Total dvariable address used is 2073 out of 150000
DEBUG: Total dvariable address used is 3541056 out of 50000000
DEBUG: Total gradient stack used is 176481 out of 10000000
DEBUG: Total dvariable address used is 2073 out of 150000
DEBUG: Total dvariable address used is 3541056 out of 50000000
DEBUG: Total gradient stack used is 176481 out of 10000000
DEBUG: Total dvariable address used is 2073 out of 150000
DEBUG: Total dvariable address used is 3541056 out of 50000000
DEBUG: Total gradient stack used is 176481 out of 10000000
DEBUG: Total dvariable address used is 2073 out of 150000
DEBUG: Total dvariable address used is 3541056 out of 50000000
DEBUG: Total gradient stack used is 176481 out of 10000000
DEBUG: Total dvariable address used is 2073 out of 150000
DEBUG: Total dvariable address used is 3541056 out of 50000000
DEBUG: Total gradient stack used is 176481 out of 10000000
DEBUG: Total dvariable address used is 2073 out of 150000
DEBUG: Total dvariable address used is 3541056 out of 50000000
DEBUG: Total gradient stack used is 176481 out of 10000000
DEBUG: Total dvariable address used is 2073 out of 150000
DEBUG: Total dvariable address used is 3541056 out of 50000000
DEBUG: Total gradient stack used is 176481 out of 10000000
DEBUG: Total dvariable address used is 2073 out of 150000
DEBUG: Total dvariable address used is 3541056 out of 50000000
DEBUG: Total gradient stack used is 176481 out of 10000000
DEBUG: Total dvariable address used is 2073 out of 150000
DEBUG: Total dvariable address used is 3541056 out of 50000000
DEBUG: Total gradient stack used is 176481 out of 10000000
DEBUG: Total dvariable address used is 2073 out of 150000
DEBUG: Total dvariable address used is 3541056 out of 50000000
DEBUG: Total gradient stack used is 176481 out of 10000000
DEBUG: Total dvariable address used is 2073 out of 150000
DEBUG: Total dvariable address used is 3541056 out of 50000000
DEBUG: Total gradient stack used is 176481 out of 10000000
DEBUG: Total dvariable address used is 2073 out of 150000
DEBUG: Total dvariable address used is 3541056 out of 50000000
DEBUG: Total gradient stack used is 176481 out of 10000000
DEBUG: Total dvariable address used is 2073 out of 150000
DEBUG: Total dvariable address used is 3541056 out of 50000000
DEBUG: Total gradient stack used is 176481 out of 10000000
DEBUG: Total dvariable address used is 2073 out of 150000
DEBUG: Total dvariable address used is 3541056 out of 50000000
DEBUG: Total gradient stack used is 176481 out of 10000000
DEBUG: Total dvariable address used is 2073 out of 150000
DEBUG: Total dvariable address used is 3541056 out of 50000000
DEBUG: Total gradient stack used is 176481 out of 10000000
DEBUG: Total dvariable address used is 2073 out of 150000
DEBUG: Total dvariable address used is 3541056 out of 50000000
DEBUG: Total gradient stack used is 176481 out of 10000000
DEBUG: Total dvariable address used is 2073 out of 150000
DEBUG: Total dvariable address used is 3541056 out of 50000000
DEBUG: Total gradient stack used is 176481 out of 10000000
DEBUG: Total dvariable address used is 2073 out of 150000
DEBUG: Total dvariable address used is 3541056 out of 50000000
DEBUG: Total gradient stack used is 176481 out of 10000000
DEBUG: Total dvariable address used is 2073 out of 150000
DEBUG: Total dvariable address used is 3541056 out of 50000000
DEBUG: Total gradient stack used is 176481 out of 10000000
DEBUG: Total dvariable address used is 2073 out of 150000
DEBUG: Total dvariable address used is 3541056 out of 50000000
DEBUG: Total gradient stack used is 176481 out of 10000000
DEBUG: Total dvariable address used is 2073 out of 150000
DEBUG: Total dvariable address used is 3541056 out of 50000000
DEBUG: Total gradient stack used is 176481 out of 10000000
DEBUG: Total dvariable address used is 2073 out of 150000
DEBUG: Total dvariable address used is 3541056 out of 50000000
DEBUG: Total gradient stack used is 176481 out of 10000000
DEBUG: Total dvariable address used is 2073 out of 150000
DEBUG: Total dvariable address used is 3541056 out of 50000000
DEBUG: Total gradient stack used is 176481 out of 10000000
DEBUG: Total dvariable address used is 2073 out of 150000
DEBUG: Total dvariable address used is 3541056 out of 50000000
DEBUG: Total gradient stack used is 176481 out of 10000000
DEBUG: Total dvariable address used is 2073 out of 150000
DEBUG: Total dvariable address used is 3541056 out of 50000000
DEBUG: Total gradient stack used is 176481 out of 10000000
DEBUG: Total dvariable address used is 2073 out of 150000
DEBUG: Total dvariable address used is 3541056 out of 50000000
DEBUG: Total gradient stack used is 176481 out of 10000000
DEBUG: Total dvariable address used is 2073 out of 150000
DEBUG: Total dvariable address used is 3541056 out of 50000000
DEBUG: Total gradient stack used is 176481 out of 10000000
DEBUG: Total dvariable address used is 2073 out of 150000
DEBUG: Total dvariable address used is 3541056 out of 50000000
DEBUG: Total gradient stack used is 176481 out of 10000000
DEBUG: Total dvariable address used is 2073 out of 150000
DEBUG: Total dvariable address used is 3541056 out of 50000000
DEBUG: Total gradient stack used is 176481 out of 10000000
DEBUG: Total dvariable address used is 2073 out of 150000
DEBUG: Total dvariable address used is 3541056 out of 50000000
DEBUG: Total gradient stack used is 176481 out of 10000000
DEBUG: Total dvariable address used is 2073 out of 150000
DEBUG: Total dvariable address used is 3541056 out of 50000000
DEBUG: Total gradient stack used is 176481 out of 10000000
DEBUG: Total dvariable address used is 2073 out of 150000
DEBUG: Total dvariable address used is 3541056 out of 50000000
DEBUG: Total gradient stack used is 176481 out of 10000000
DEBUG: Total dvariable address used is 2073 out of 150000
DEBUG: Total dvariable address used is 3541056 out of 50000000
DEBUG: Total gradient stack used is 176481 out of 10000000
DEBUG: Total dvariable address used is 2073 out of 150000
DEBUG: Total dvariable address used is 3541056 out of 50000000
DEBUG: Total gradient stack used is 176481 out of 10000000
DEBUG: Total dvariable address used is 2073 out of 150000
DEBUG: Total dvariable address used is 3541056 out of 50000000
DEBUG: Total gradient stack used is 176481 out of 10000000
DEBUG: Total dvariable address used is 2073 out of 150000
DEBUG: Total dvariable address used is 3541056 out of 50000000
DEBUG: Total gradient stack used is 176481 out of 10000000
DEBUG: Total dvariable address used is 2073 out of 150000
DEBUG: Total dvariable address used is 3541056 out of 50000000
DEBUG: Total gradient stack used is 176481 out of 10000000
DEBUG: Total dvariable address used is 2073 out of 150000
DEBUG: Total dvariable address used is 3541056 out of 50000000
DEBUG: Total gradient stack used is 176481 out of 10000000
DEBUG: Total dvariable address used is 2073 out of 150000
DEBUG: Total dvariable address used is 3541056 out of 50000000
DEBUG: Total gradient stack used is 176481 out of 10000000
DEBUG: Total dvariable address used is 2073 out of 150000
DEBUG: Total dvariable address used is 3541056 out of 50000000
DEBUG: Total gradient stack used is 176481 out of 10000000
DEBUG: Total dvariable address used is 2073 out of 150000
DEBUG: Total dvariable address used is 3541056 out of 50000000
DEBUG: Total gradient stack used is 176481 out of 10000000
DEBUG: Total dvariable address used is 2073 out of 150000
DEBUG: Total dvariable address used is 3541056 out of 50000000
DEBUG: Total gradient stack used is 176481 out of 10000000
DEBUG: Total dvariable address used is 2073 out of 150000
DEBUG: Total dvariable address used is 3541056 out of 50000000
DEBUG: Total gradient stack used is 176481 out of 10000000
DEBUG: Total dvariable address used is 2073 out of 150000
DEBUG: Total dvariable address used is 3541056 out of 50000000
DEBUG: Total gradient stack used is 176481 out of 10000000
DEBUG: Total dvariable address used is 2073 out of 150000
DEBUG: Total dvariable address used is 3541056 out of 50000000
DEBUG: Total gradient stack used is 176481 out of 10000000
DEBUG: Total dvariable address used is 2073 out of 150000
DEBUG: Total dvariable address used is 3541056 out of 50000000
DEBUG: Total gradient stack used is 176481 out of 10000000
DEBUG: Total dvariable address used is 2073 out of 150000
DEBUG: Total dvariable address used is 3541056 out of 50000000
DEBUG: Total gradient stack used is 176481 out of 10000000
DEBUG: Total dvariable address used is 2073 out of 150000
DEBUG: Total dvariable address used is 3541056 out of 50000000
DEBUG: Total gradient stack used is 176481 out of 10000000
DEBUG: Total dvariable address used is 2073 out of 150000
DEBUG: Total dvariable address used is 3541056 out of 50000000
DEBUG: Total gradient stack used is 176481 out of 10000000
DEBUG: Total dvariable address used is 2073 out of 150000
DEBUG: Total dvariable address used is 3541056 out of 50000000
DEBUG: Total gradient stack used is 176481 out of 10000000
DEBUG: Total dvariable address used is 2073 out of 150000
DEBUG: Total dvariable address used is 3541056 out of 50000000
DEBUG: Total gradient stack used is 176481 out of 10000000
DEBUG: Total dvariable address used is 2073 out of 150000
DEBUG: Total dvariable address used is 3541056 out of 50000000
DEBUG: Total gradient stack used is 176481 out of 10000000
DEBUG: Total dvariable address used is 2073 out of 150000
DEBUG: Total dvariable address used is 3541056 out of 50000000
DEBUG: Total gradient stack used is 176481 out of 10000000
DEBUG: Total dvariable address used is 2073 out of 150000
DEBUG: Total dvariable address used is 3541056 out of 50000000
DEBUG: Total gradient stack used is 176481 out of 10000000
DEBUG: Total dvariable address used is 2073 out of 150000
DEBUG: Total dvariable address used is 3541056 out of 50000000
DEBUG: Total gradient stack used is 176481 out of 10000000
DEBUG: Total dvariable address used is 2073 out of 150000
DEBUG: Total dvariable address used is 3541056 out of 50000000
DEBUG: Total gradient stack used is 176481 out of 10000000
DEBUG: Total dvariable address used is 2073 out of 150000
DEBUG: Total dvariable address used is 3541056 out of 50000000
DEBUG: Total gradient stack used is 176481 out of 10000000
DEBUG: Total dvariable address used is 2073 out of 150000
DEBUG: Total dvariable address used is 3541056 out of 50000000
DEBUG: Total gradient stack used is 176481 out of 10000000
DEBUG: Total dvariable address used is 2073 out of 150000
DEBUG: Total dvariable address used is 3541056 out of 50000000
DEBUG: Total gradient stack used is 176481 out of 10000000
DEBUG: Total dvariable address used is 2073 out of 150000
DEBUG: Total dvariable address used is 3541056 out of 50000000
DEBUG: Total gradient stack used is 176481 out of 10000000
DEBUG: Total dvariable address used is 2073 out of 150000
DEBUG: Total dvariable address used is 3541056 out of 50000000
DEBUG: Total gradient stack used is 176481 out of 10000000
DEBUG: Total dvariable address used is 2073 out of 150000
DEBUG: Total dvariable address used is 3541056 out of 50000000
DEBUG: Total gradient stack used is 176481 out of 10000000
DEBUG: Total dvariable address used is 2073 out of 150000
DEBUG: Total dvariable address used is 3541056 out of 50000000
DEBUG: Total gradient stack used is 176481 out of 10000000
DEBUG: Total dvariable address used is 2073 out of 150000
DEBUG: Total dvariable address used is 3541056 out of 50000000
DEBUG: Total gradient stack used is 176481 out of 10000000
DEBUG: Total dvariable address used is 2073 out of 150000
DEBUG: Total dvariable address used is 3541056 out of 50000000
DEBUG: Total gradient stack used is 176481 out of 10000000
DEBUG: Total dvariable address used is 2073 out of 150000
DEBUG: Total dvariable address used is 3541056 out of 50000000
DEBUG: Total gradient stack used is 176481 out of 10000000
DEBUG: Total dvariable address used is 2073 out of 150000
DEBUG: Total dvariable address used is 3541056 out of 50000000
DEBUG: Total gradient stack used is 176481 out of 10000000
DEBUG: Total dvariable address used is 2073 out of 150000
DEBUG: Total dvariable address used is 3541056 out of 50000000
DEBUG: Total gradient stack used is 176481 out of 10000000
DEBUG: Total dvariable address used is 2073 out of 150000
DEBUG: Total dvariable address used is 3541056 out of 50000000
DEBUG: Total gradient stack used is 176481 out of 10000000
DEBUG: Total dvariable address used is 2073 out of 150000
DEBUG: Total dvariable address used is 3541056 out of 50000000
DEBUG: Total gradient stack used is 176481 out of 10000000
DEBUG: Total dvariable address used is 2073 out of 150000
DEBUG: Total dvariable address used is 3541056 out of 50000000
DEBUG: Total gradient stack used is 176481 out of 10000000
DEBUG: Total dvariable address used is 2073 out of 150000
DEBUG: Total dvariable address used is 3541056 out of 50000000
DEBUG: Total gradient stack used is 176481 out of 10000000
DEBUG: Total dvariable address used is 2073 out of 150000
DEBUG: Total dvariable address used is 3541056 out of 50000000
DEBUG: Total gradient stack used is 176481 out of 10000000
DEBUG: Total dvariable address used is 2073 out of 150000
DEBUG: Total dvariable address used is 3541056 out of 50000000
DEBUG: Total gradient stack used is 176481 out of 10000000
DEBUG: Total dvariable address used is 2073 out of 150000
DEBUG: Total dvariable address used is 3541056 out of 50000000
DEBUG: Total gradient stack used is 176481 out of 10000000
DEBUG: Total dvariable address used is 2073 out of 150000
DEBUG: Total dvariable address used is 3541056 out of 50000000
DEBUG: Total gradient stack used is 176481 out of 10000000
DEBUG: Total dvariable address used is 2073 out of 150000
DEBUG: Total dvariable address used is 3541056 out of 50000000
DEBUG: Total gradient stack used is 176481 out of 10000000
DEBUG: Total dvariable address used is 2073 out of 150000
DEBUG: Total dvariable address used is 3541056 out of 50000000
DEBUG: Total gradient stack used is 176481 out of 10000000
DEBUG: Total dvariable address used is 2073 out of 150000
DEBUG: Total dvariable address used is 3541056 out of 50000000
DEBUG: Total gradient stack used is 176481 out of 10000000
DEBUG: Total dvariable address used is 2073 out of 150000
DEBUG: Total dvariable address used is 3541056 out of 50000000
DEBUG: Total gradient stack used is 176481 out of 10000000
DEBUG: Total dvariable address used is 2073 out of 150000
DEBUG: Total dvariable address used is 3541056 out of 50000000
DEBUG: Total gradient stack used is 176481 out of 10000000
DEBUG: Total dvariable address used is 2073 out of 150000
DEBUG: Total dvariable address used is 3541056 out of 50000000
DEBUG: Total gradient stack used is 176481 out of 10000000
DEBUG: Total dvariable address used is 2073 out of 150000
DEBUG: Total dvariable address used is 3541056 out of 50000000
DEBUG: Total gradient stack used is 176481 out of 10000000
DEBUG: Total dvariable address used is 2073 out of 150000
DEBUG: Total dvariable address used is 3541056 out of 50000000
DEBUG: Total gradient stack used is 176481 out of 10000000
DEBUG: Total dvariable address used is 2073 out of 150000
DEBUG: Total dvariable address used is 3541056 out of 50000000
DEBUG: Total gradient stack used is 176481 out of 10000000
DEBUG: Total dvariable address used is 2073 out of 150000
DEBUG: Total dvariable address used is 3541056 out of 50000000
phase= 2 | nvar=277 | iter=200 | nll=-1.58e+04 | mag=5.45e+03 | par[  1]=T_pars_est[3]
DEBUG: Total gradient stack used is 176481 out of 10000000
DEBUG: Total dvariable address used is 2073 out of 150000
DEBUG: Total dvariable address used is 3541056 out of 50000000
DEBUG: Total gradient stack used is 176481 out of 10000000
DEBUG: Total dvariable address used is 2073 out of 150000
DEBUG: Total dvariable address used is 3541056 out of 50000000
DEBUG: Total gradient stack used is 176481 out of 10000000
DEBUG: Total dvariable address used is 2073 out of 150000
DEBUG: Total dvariable address used is 3541056 out of 50000000
DEBUG: Total gradient stack used is 176481 out of 10000000
DEBUG: Total dvariable address used is 2073 out of 150000
DEBUG: Total dvariable address used is 3541056 out of 50000000
DEBUG: Total gradient stack used is 176481 out of 10000000
DEBUG: Total dvariable address used is 2073 out of 150000
DEBUG: Total dvariable address used is 3541056 out of 50000000
DEBUG: Total gradient stack used is 176481 out of 10000000
DEBUG: Total dvariable address used is 2073 out of 150000
DEBUG: Total dvariable address used is 3541056 out of 50000000
DEBUG: Total gradient stack used is 176481 out of 10000000
DEBUG: Total dvariable address used is 2073 out of 150000
DEBUG: Total dvariable address used is 3541056 out of 50000000
DEBUG: Total gradient stack used is 176481 out of 10000000
DEBUG: Total dvariable address used is 2073 out of 150000
DEBUG: Total dvariable address used is 3541056 out of 50000000
DEBUG: Total gradient stack used is 176481 out of 10000000
DEBUG: Total dvariable address used is 2073 out of 150000
DEBUG: Total dvariable address used is 3541056 out of 50000000
DEBUG: Total gradient stack used is 176481 out of 10000000
DEBUG: Total dvariable address used is 2073 out of 150000
DEBUG: Total dvariable address used is 3541056 out of 50000000
DEBUG: Total gradient stack used is 176481 out of 10000000
DEBUG: Total dvariable address used is 2073 out of 150000
DEBUG: Total dvariable address used is 3541056 out of 50000000
DEBUG: Total gradient stack used is 176481 out of 10000000
DEBUG: Total dvariable address used is 2073 out of 150000
DEBUG: Total dvariable address used is 3541056 out of 50000000
DEBUG: Total gradient stack used is 176481 out of 10000000
DEBUG: Total dvariable address used is 2073 out of 150000
DEBUG: Total dvariable address used is 3541056 out of 50000000
DEBUG: Total gradient stack used is 176481 out of 10000000
DEBUG: Total dvariable address used is 2073 out of 150000
DEBUG: Total dvariable address used is 3541056 out of 50000000
DEBUG: Total gradient stack used is 176481 out of 10000000
DEBUG: Total dvariable address used is 2073 out of 150000
DEBUG: Total dvariable address used is 3541056 out of 50000000
DEBUG: Total gradient stack used is 176481 out of 10000000
DEBUG: Total dvariable address used is 2073 out of 150000
DEBUG: Total dvariable address used is 3541056 out of 50000000
DEBUG: Total gradient stack used is 176481 out of 10000000
DEBUG: Total dvariable address used is 2073 out of 150000
DEBUG: Total dvariable address used is 3541056 out of 50000000
DEBUG: Total gradient stack used is 176481 out of 10000000
DEBUG: Total dvariable address used is 2073 out of 150000
DEBUG: Total dvariable address used is 3541056 out of 50000000
DEBUG: Total gradient stack used is 176481 out of 10000000
DEBUG: Total dvariable address used is 2073 out of 150000
DEBUG: Total dvariable address used is 3541056 out of 50000000
DEBUG: Total gradient stack used is 176481 out of 10000000
DEBUG: Total dvariable address used is 2073 out of 150000
DEBUG: Total dvariable address used is 3541056 out of 50000000
DEBUG: Total gradient stack used is 176481 out of 10000000
DEBUG: Total dvariable address used is 2073 out of 150000
DEBUG: Total dvariable address used is 3541056 out of 50000000
DEBUG: Total gradient stack used is 176481 out of 10000000
DEBUG: Total dvariable address used is 2073 out of 150000
DEBUG: Total dvariable address used is 3541056 out of 50000000
DEBUG: Total gradient stack used is 176481 out of 10000000
DEBUG: Total dvariable address used is 2073 out of 150000
DEBUG: Total dvariable address used is 3541056 out of 50000000
DEBUG: Total gradient stack used is 176481 out of 10000000
DEBUG: Total dvariable address used is 2073 out of 150000
DEBUG: Total dvariable address used is 3541056 out of 50000000
DEBUG: Total gradient stack used is 176481 out of 10000000
DEBUG: Total dvariable address used is 2073 out of 150000
DEBUG: Total dvariable address used is 3541056 out of 50000000
DEBUG: Total gradient stack used is 176481 out of 10000000
DEBUG: Total dvariable address used is 2073 out of 150000
DEBUG: Total dvariable address used is 3541056 out of 50000000
DEBUG: Total gradient stack used is 176481 out of 10000000
DEBUG: Total dvariable address used is 2073 out of 150000
DEBUG: Total dvariable address used is 3541056 out of 50000000
DEBUG: Total gradient stack used is 176481 out of 10000000
DEBUG: Total dvariable address used is 2073 out of 150000
DEBUG: Total dvariable address used is 3541056 out of 50000000
DEBUG: Total gradient stack used is 176481 out of 10000000
DEBUG: Total dvariable address used is 2073 out of 150000
DEBUG: Total dvariable address used is 3541056 out of 50000000
DEBUG: Total gradient stack used is 176481 out of 10000000
DEBUG: Total dvariable address used is 2073 out of 150000
DEBUG: Total dvariable address used is 3541056 out of 50000000
DEBUG: Total gradient stack used is 176481 out of 10000000
DEBUG: Total dvariable address used is 2073 out of 150000
DEBUG: Total dvariable address used is 3541056 out of 50000000
DEBUG: Total gradient stack used is 176481 out of 10000000
DEBUG: Total dvariable address used is 2073 out of 150000
DEBUG: Total dvariable address used is 3541056 out of 50000000
DEBUG: Total gradient stack used is 176481 out of 10000000
DEBUG: Total dvariable address used is 2073 out of 150000
DEBUG: Total dvariable address used is 3541056 out of 50000000
DEBUG: Total gradient stack used is 176481 out of 10000000
DEBUG: Total dvariable address used is 2073 out of 150000
DEBUG: Total dvariable address used is 3541056 out of 50000000
DEBUG: Total gradient stack used is 176481 out of 10000000
DEBUG: Total dvariable address used is 2073 out of 150000
DEBUG: Total dvariable address used is 3541056 out of 50000000
DEBUG: Total gradient stack used is 176481 out of 10000000
DEBUG: Total dvariable address used is 2073 out of 150000
DEBUG: Total dvariable address used is 3541056 out of 50000000
DEBUG: Total gradient stack used is 176481 out of 10000000
DEBUG: Total dvariable address used is 2073 out of 150000
DEBUG: Total dvariable address used is 3541056 out of 50000000
DEBUG: Total gradient stack used is 176481 out of 10000000
DEBUG: Total dvariable address used is 2073 out of 150000
DEBUG: Total dvariable address used is 3541056 out of 50000000
DEBUG: Total gradient stack used is 176481 out of 10000000
DEBUG: Total dvariable address used is 2073 out of 150000
DEBUG: Total dvariable address used is 3541056 out of 50000000
DEBUG: Total gradient stack used is 176481 out of 10000000
DEBUG: Total dvariable address used is 2073 out of 150000
DEBUG: Total dvariable address used is 3541056 out of 50000000
DEBUG: Total gradient stack used is 176481 out of 10000000
DEBUG: Total dvariable address used is 2073 out of 150000
DEBUG: Total dvariable address used is 3541056 out of 50000000
DEBUG: Total gradient stack used is 176481 out of 10000000
DEBUG: Total dvariable address used is 2073 out of 150000
DEBUG: Total dvariable address used is 3541056 out of 50000000
DEBUG: Total gradient stack used is 176481 out of 10000000
DEBUG: Total dvariable address used is 2073 out of 150000
DEBUG: Total dvariable address used is 3541056 out of 50000000
DEBUG: Total gradient stack used is 176481 out of 10000000
DEBUG: Total dvariable address used is 2073 out of 150000
DEBUG: Total dvariable address used is 3541056 out of 50000000
DEBUG: Total gradient stack used is 176481 out of 10000000
DEBUG: Total dvariable address used is 2073 out of 150000
DEBUG: Total dvariable address used is 3541056 out of 50000000
DEBUG: Total gradient stack used is 176481 out of 10000000
DEBUG: Total dvariable address used is 2073 out of 150000
DEBUG: Total dvariable address used is 3541056 out of 50000000
DEBUG: Total gradient stack used is 176481 out of 10000000
DEBUG: Total dvariable address used is 2073 out of 150000
DEBUG: Total dvariable address used is 3541056 out of 50000000
DEBUG: Total gradient stack used is 176481 out of 10000000
DEBUG: Total dvariable address used is 2073 out of 150000
DEBUG: Total dvariable address used is 3541056 out of 50000000
DEBUG: Total gradient stack used is 176481 out of 10000000
DEBUG: Total dvariable address used is 2073 out of 150000
DEBUG: Total dvariable address used is 3541056 out of 50000000
DEBUG: Total gradient stack used is 176481 out of 10000000
DEBUG: Total dvariable address used is 2073 out of 150000
DEBUG: Total dvariable address used is 3541056 out of 50000000
DEBUG: Total gradient stack used is 176481 out of 10000000
DEBUG: Total dvariable address used is 2073 out of 150000
DEBUG: Total dvariable address used is 3541056 out of 50000000
DEBUG: Total gradient stack used is 176481 out of 10000000
DEBUG: Total dvariable address used is 2073 out of 150000
DEBUG: Total dvariable address used is 3541056 out of 50000000
DEBUG: Total gradient stack used is 176481 out of 10000000
DEBUG: Total dvariable address used is 2073 out of 150000
DEBUG: Total dvariable address used is 3541056 out of 50000000
DEBUG: Total gradient stack used is 176481 out of 10000000
DEBUG: Total dvariable address used is 2073 out of 150000
DEBUG: Total dvariable address used is 3541056 out of 50000000
DEBUG: Total gradient stack used is 176481 out of 10000000
DEBUG: Total dvariable address used is 2073 out of 150000
DEBUG: Total dvariable address used is 3541056 out of 50000000
DEBUG: Total gradient stack used is 176481 out of 10000000
DEBUG: Total dvariable address used is 2073 out of 150000
DEBUG: Total dvariable address used is 3541056 out of 50000000
DEBUG: Total gradient stack used is 176481 out of 10000000
DEBUG: Total dvariable address used is 2073 out of 150000
DEBUG: Total dvariable address used is 3541056 out of 50000000
DEBUG: Total gradient stack used is 176481 out of 10000000
DEBUG: Total dvariable address used is 2073 out of 150000
DEBUG: Total dvariable address used is 3541056 out of 50000000
DEBUG: Total gradient stack used is 176481 out of 10000000
DEBUG: Total dvariable address used is 2073 out of 150000
DEBUG: Total dvariable address used is 3541056 out of 50000000
DEBUG: Total gradient stack used is 176481 out of 10000000
DEBUG: Total dvariable address used is 2073 out of 150000
DEBUG: Total dvariable address used is 3541056 out of 50000000
DEBUG: Total gradient stack used is 176481 out of 10000000
DEBUG: Total dvariable address used is 2073 out of 150000
DEBUG: Total dvariable address used is 3541056 out of 50000000
DEBUG: Total gradient stack used is 176481 out of 10000000
DEBUG: Total dvariable address used is 2073 out of 150000
DEBUG: Total dvariable address used is 3541056 out of 50000000
DEBUG: Total gradient stack used is 176481 out of 10000000
DEBUG: Total dvariable address used is 2073 out of 150000
DEBUG: Total dvariable address used is 3541056 out of 50000000
DEBUG: Total gradient stack used is 176481 out of 10000000
DEBUG: Total dvariable address used is 2073 out of 150000
DEBUG: Total dvariable address used is 3541056 out of 50000000
DEBUG: Total gradient stack used is 176481 out of 10000000
DEBUG: Total dvariable address used is 2073 out of 150000
DEBUG: Total dvariable address used is 3541056 out of 50000000
DEBUG: Total gradient stack used is 176481 out of 10000000
DEBUG: Total dvariable address used is 2073 out of 150000
DEBUG: Total dvariable address used is 3541056 out of 50000000
DEBUG: Total gradient stack used is 176481 out of 10000000
DEBUG: Total dvariable address used is 2073 out of 150000
DEBUG: Total dvariable address used is 3541056 out of 50000000
DEBUG: Total gradient stack used is 176481 out of 10000000
DEBUG: Total dvariable address used is 2073 out of 150000
DEBUG: Total dvariable address used is 3541056 out of 50000000
DEBUG: Total gradient stack used is 176481 out of 10000000
DEBUG: Total dvariable address used is 2073 out of 150000
DEBUG: Total dvariable address used is 3541056 out of 50000000
DEBUG: Total gradient stack used is 176481 out of 10000000
DEBUG: Total dvariable address used is 2073 out of 150000
DEBUG: Total dvariable address used is 3541056 out of 50000000
DEBUG: Total gradient stack used is 176481 out of 10000000
DEBUG: Total dvariable address used is 2073 out of 150000
DEBUG: Total dvariable address used is 3541056 out of 50000000
DEBUG: Total gradient stack used is 176481 out of 10000000
DEBUG: Total dvariable address used is 2073 out of 150000
DEBUG: Total dvariable address used is 3541056 out of 50000000
DEBUG: Total gradient stack used is 176481 out of 10000000
DEBUG: Total dvariable address used is 2073 out of 150000
DEBUG: Total dvariable address used is 3541056 out of 50000000
DEBUG: Total gradient stack used is 176481 out of 10000000
DEBUG: Total dvariable address used is 2073 out of 150000
DEBUG: Total dvariable address used is 3541056 out of 50000000
DEBUG: Total gradient stack used is 176481 out of 10000000
DEBUG: Total dvariable address used is 2073 out of 150000
DEBUG: Total dvariable address used is 3541056 out of 50000000
DEBUG: Total gradient stack used is 176481 out of 10000000
DEBUG: Total dvariable address used is 2073 out of 150000
DEBUG: Total dvariable address used is 3541056 out of 50000000
DEBUG: Total gradient stack used is 176481 out of 10000000
DEBUG: Total dvariable address used is 2073 out of 150000
DEBUG: Total dvariable address used is 3541056 out of 50000000
DEBUG: Total gradient stack used is 176481 out of 10000000
DEBUG: Total dvariable address used is 2073 out of 150000
DEBUG: Total dvariable address used is 3541056 out of 50000000
DEBUG: Total gradient stack used is 176481 out of 10000000
DEBUG: Total dvariable address used is 2073 out of 150000
DEBUG: Total dvariable address used is 3541056 out of 50000000
DEBUG: Total gradient stack used is 176481 out of 10000000
DEBUG: Total dvariable address used is 2073 out of 150000
DEBUG: Total dvariable address used is 3541056 out of 50000000
DEBUG: Total gradient stack used is 176481 out of 10000000
DEBUG: Total dvariable address used is 2073 out of 150000
DEBUG: Total dvariable address used is 3541056 out of 50000000
DEBUG: Total gradient stack used is 176481 out of 10000000
DEBUG: Total dvariable address used is 2073 out of 150000
DEBUG: Total dvariable address used is 3541056 out of 50000000
DEBUG: Total gradient stack used is 176481 out of 10000000
DEBUG: Total dvariable address used is 2073 out of 150000
DEBUG: Total dvariable address used is 3541056 out of 50000000
DEBUG: Total gradient stack used is 176481 out of 10000000
DEBUG: Total dvariable address used is 2073 out of 150000
DEBUG: Total dvariable address used is 3541056 out of 50000000
DEBUG: Total gradient stack used is 176481 out of 10000000
DEBUG: Total dvariable address used is 2073 out of 150000
DEBUG: Total dvariable address used is 3541056 out of 50000000
DEBUG: Total gradient stack used is 176481 out of 10000000
DEBUG: Total dvariable address used is 2073 out of 150000
DEBUG: Total dvariable address used is 3541056 out of 50000000
DEBUG: Total gradient stack used is 176481 out of 10000000
DEBUG: Total dvariable address used is 2073 out of 150000
DEBUG: Total dvariable address used is 3541056 out of 50000000
DEBUG: Total gradient stack used is 176481 out of 10000000
DEBUG: Total dvariable address used is 2073 out of 150000
DEBUG: Total dvariable address used is 3541056 out of 50000000
DEBUG: Total gradient stack used is 176481 out of 10000000
DEBUG: Total dvariable address used is 2073 out of 150000
DEBUG: Total dvariable address used is 3541056 out of 50000000
DEBUG: Total gradient stack used is 176481 out of 10000000
DEBUG: Total dvariable address used is 2073 out of 150000
DEBUG: Total dvariable address used is 3541056 out of 50000000
DEBUG: Total gradient stack used is 176481 out of 10000000
DEBUG: Total dvariable address used is 2073 out of 150000
DEBUG: Total dvariable address used is 3541056 out of 50000000
DEBUG: Total gradient stack used is 176481 out of 10000000
DEBUG: Total dvariable address used is 2073 out of 150000
DEBUG: Total dvariable address used is 3541056 out of 50000000
DEBUG: Total gradient stack used is 176481 out of 10000000
DEBUG: Total dvariable address used is 2073 out of 150000
DEBUG: Total dvariable address used is 3541056 out of 50000000
DEBUG: Total gradient stack used is 176481 out of 10000000
DEBUG: Total dvariable address used is 2073 out of 150000
DEBUG: Total dvariable address used is 3541056 out of 50000000
DEBUG: Total gradient stack used is 176481 out of 10000000
DEBUG: Total dvariable address used is 2073 out of 150000
DEBUG: Total dvariable address used is 3541056 out of 50000000
DEBUG: Total gradient stack used is 176481 out of 10000000
DEBUG: Total dvariable address used is 2073 out of 150000
DEBUG: Total dvariable address used is 3541056 out of 50000000
DEBUG: Total gradient stack used is 176481 out of 10000000
DEBUG: Total dvariable address used is 2073 out of 150000
DEBUG: Total dvariable address used is 3541056 out of 50000000
DEBUG: Total gradient stack used is 176481 out of 10000000
DEBUG: Total dvariable address used is 2073 out of 150000
DEBUG: Total dvariable address used is 3541056 out of 50000000
DEBUG: Total gradient stack used is 176481 out of 10000000
DEBUG: Total dvariable address used is 2073 out of 150000
DEBUG: Total dvariable address used is 3541056 out of 50000000
DEBUG: Total gradient stack used is 176481 out of 10000000
DEBUG: Total dvariable address used is 2073 out of 150000
DEBUG: Total dvariable address used is 3541056 out of 50000000
DEBUG: Total gradient stack used is 176481 out of 10000000
DEBUG: Total dvariable address used is 2073 out of 150000
DEBUG: Total dvariable address used is 3541056 out of 50000000
DEBUG: Total gradient stack used is 176481 out of 10000000
DEBUG: Total dvariable address used is 2073 out of 150000
DEBUG: Total dvariable address used is 3541056 out of 50000000
DEBUG: Total gradient stack used is 176481 out of 10000000
DEBUG: Total dvariable address used is 2073 out of 150000
DEBUG: Total dvariable address used is 3541056 out of 50000000
DEBUG: Total gradient stack used is 176481 out of 10000000
DEBUG: Total dvariable address used is 2073 out of 150000
DEBUG: Total dvariable address used is 3541056 out of 50000000
DEBUG: Total gradient stack used is 176481 out of 10000000
DEBUG: Total dvariable address used is 2073 out of 150000
DEBUG: Total dvariable address used is 3541056 out of 50000000
DEBUG: Total gradient stack used is 176481 out of 10000000
DEBUG: Total dvariable address used is 2073 out of 150000
DEBUG: Total dvariable address used is 3541056 out of 50000000
DEBUG: Total gradient stack used is 176481 out of 10000000
DEBUG: Total dvariable address used is 2073 out of 150000
DEBUG: Total dvariable address used is 3541056 out of 50000000
DEBUG: Total gradient stack used is 176481 out of 10000000
DEBUG: Total dvariable address used is 2073 out of 150000
DEBUG: Total dvariable address used is 3541056 out of 50000000
DEBUG: Total gradient stack used is 176481 out of 10000000
DEBUG: Total dvariable address used is 2073 out of 150000
DEBUG: Total dvariable address used is 3541056 out of 50000000
DEBUG: Total gradient stack used is 176481 out of 10000000
DEBUG: Total dvariable address used is 2073 out of 150000
DEBUG: Total dvariable address used is 3541056 out of 50000000
DEBUG: Total gradient stack used is 176481 out of 10000000
DEBUG: Total dvariable address used is 2073 out of 150000
DEBUG: Total dvariable address used is 3541056 out of 50000000
DEBUG: Total gradient stack used is 176481 out of 10000000
DEBUG: Total dvariable address used is 2073 out of 150000
DEBUG: Total dvariable address used is 3541056 out of 50000000
DEBUG: Total gradient stack used is 176481 out of 10000000
DEBUG: Total dvariable address used is 2073 out of 150000
DEBUG: Total dvariable address used is 3541056 out of 50000000
DEBUG: Total gradient stack used is 176481 out of 10000000
DEBUG: Total dvariable address used is 2073 out of 150000
DEBUG: Total dvariable address used is 3541056 out of 50000000
DEBUG: Total gradient stack used is 176481 out of 10000000
DEBUG: Total dvariable address used is 2073 out of 150000
DEBUG: Total dvariable address used is 3541056 out of 50000000
DEBUG: Total gradient stack used is 176481 out of 10000000
DEBUG: Total dvariable address used is 2073 out of 150000
DEBUG: Total dvariable address used is 3541056 out of 50000000
DEBUG: Total gradient stack used is 176481 out of 10000000
DEBUG: Total dvariable address used is 2073 out of 150000
DEBUG: Total dvariable address used is 3541056 out of 50000000
DEBUG: Total gradient stack used is 176481 out of 10000000
DEBUG: Total dvariable address used is 2073 out of 150000
DEBUG: Total dvariable address used is 3541056 out of 50000000
DEBUG: Total gradient stack used is 176481 out of 10000000
DEBUG: Total dvariable address used is 2073 out of 150000
DEBUG: Total dvariable address used is 3541056 out of 50000000
DEBUG: Total gradient stack used is 176481 out of 10000000
DEBUG: Total dvariable address used is 2073 out of 150000
DEBUG: Total dvariable address used is 3541056 out of 50000000
DEBUG: Total gradient stack used is 176481 out of 10000000
DEBUG: Total dvariable address used is 2073 out of 150000
DEBUG: Total dvariable address used is 3541056 out of 50000000
DEBUG: Total gradient stack used is 176481 out of 10000000
DEBUG: Total dvariable address used is 2073 out of 150000
DEBUG: Total dvariable address used is 3541056 out of 50000000
DEBUG: Total gradient stack used is 176481 out of 10000000
DEBUG: Total dvariable address used is 2073 out of 150000
DEBUG: Total dvariable address used is 3541056 out of 50000000
DEBUG: Total gradient stack used is 176481 out of 10000000
DEBUG: Total dvariable address used is 2073 out of 150000
DEBUG: Total dvariable address used is 3541056 out of 50000000
DEBUG: Total gradient stack used is 176481 out of 10000000
DEBUG: Total dvariable address used is 2073 out of 150000
DEBUG: Total dvariable address used is 3541056 out of 50000000
DEBUG: Total gradient stack used is 176481 out of 10000000
DEBUG: Total dvariable address used is 2073 out of 150000
DEBUG: Total dvariable address used is 3541056 out of 50000000
DEBUG: Total gradient stack used is 176481 out of 10000000
DEBUG: Total dvariable address used is 2073 out of 150000
DEBUG: Total dvariable address used is 3541056 out of 50000000
DEBUG: Total gradient stack used is 176481 out of 10000000
DEBUG: Total dvariable address used is 2073 out of 150000
DEBUG: Total dvariable address used is 3541056 out of 50000000
DEBUG: Total gradient stack used is 176481 out of 10000000
DEBUG: Total dvariable address used is 2073 out of 150000
DEBUG: Total dvariable address used is 3541056 out of 50000000
DEBUG: Total gradient stack used is 176481 out of 10000000
DEBUG: Total dvariable address used is 2073 out of 150000
DEBUG: Total dvariable address used is 3541056 out of 50000000
DEBUG: Total gradient stack used is 176481 out of 10000000
DEBUG: Total dvariable address used is 2073 out of 150000
DEBUG: Total dvariable address used is 3541056 out of 50000000
DEBUG: Total gradient stack used is 176481 out of 10000000
DEBUG: Total dvariable address used is 2073 out of 150000
DEBUG: Total dvariable address used is 3541056 out of 50000000
DEBUG: Total gradient stack used is 176481 out of 10000000
DEBUG: Total dvariable address used is 2073 out of 150000
DEBUG: Total dvariable address used is 3541056 out of 50000000
DEBUG: Total gradient stack used is 176481 out of 10000000
DEBUG: Total dvariable address used is 2073 out of 150000
DEBUG: Total dvariable address used is 3541056 out of 50000000
DEBUG: Total gradient stack used is 176481 out of 10000000
DEBUG: Total dvariable address used is 2073 out of 150000
DEBUG: Total dvariable address used is 3541056 out of 50000000
DEBUG: Total gradient stack used is 176481 out of 10000000
DEBUG: Total dvariable address used is 2073 out of 150000
DEBUG: Total dvariable address used is 3541056 out of 50000000
DEBUG: Total gradient stack used is 176481 out of 10000000
DEBUG: Total dvariable address used is 2073 out of 150000
DEBUG: Total dvariable address used is 3541056 out of 50000000
DEBUG: Total gradient stack used is 176481 out of 10000000
DEBUG: Total dvariable address used is 2073 out of 150000
DEBUG: Total dvariable address used is 3541056 out of 50000000
DEBUG: Total gradient stack used is 176481 out of 10000000
DEBUG: Total dvariable address used is 2073 out of 150000
DEBUG: Total dvariable address used is 3541056 out of 50000000
DEBUG: Total gradient stack used is 176481 out of 10000000
DEBUG: Total dvariable address used is 2073 out of 150000
DEBUG: Total dvariable address used is 3541056 out of 50000000
DEBUG: Total gradient stack used is 176481 out of 10000000
DEBUG: Total dvariable address used is 2073 out of 150000
DEBUG: Total dvariable address used is 3541056 out of 50000000
DEBUG: Total gradient stack used is 176481 out of 10000000
DEBUG: Total dvariable address used is 2073 out of 150000
DEBUG: Total dvariable address used is 3541056 out of 50000000
DEBUG: Total gradient stack used is 176481 out of 10000000
DEBUG: Total dvariable address used is 2073 out of 150000
DEBUG: Total dvariable address used is 3541056 out of 50000000
DEBUG: Total gradient stack used is 176481 out of 10000000
DEBUG: Total dvariable address used is 2073 out of 150000
DEBUG: Total dvariable address used is 3541056 out of 50000000
phase= 2 | nvar=277 | iter=300 | nll=-1.58e+04 | mag=2.13e+03 | par[243]=logit_rec_prop_est[4]
DEBUG: Total gradient stack used is 176481 out of 10000000
DEBUG: Total dvariable address used is 2073 out of 150000
DEBUG: Total dvariable address used is 3541056 out of 50000000
DEBUG: Total gradient stack used is 176481 out of 10000000
DEBUG: Total dvariable address used is 2073 out of 150000
DEBUG: Total dvariable address used is 3541056 out of 50000000
DEBUG: Total gradient stack used is 176481 out of 10000000
DEBUG: Total dvariable address used is 2073 out of 150000
DEBUG: Total dvariable address used is 3541056 out of 50000000
DEBUG: Total gradient stack used is 176481 out of 10000000
DEBUG: Total dvariable address used is 2073 out of 150000
DEBUG: Total dvariable address used is 3541056 out of 50000000
DEBUG: Total gradient stack used is 176481 out of 10000000
DEBUG: Total dvariable address used is 2073 out of 150000
DEBUG: Total dvariable address used is 3541056 out of 50000000
DEBUG: Total gradient stack used is 176481 out of 10000000
DEBUG: Total dvariable address used is 2073 out of 150000
DEBUG: Total dvariable address used is 3541056 out of 50000000
DEBUG: Total gradient stack used is 176481 out of 10000000
DEBUG: Total dvariable address used is 2073 out of 150000
DEBUG: Total dvariable address used is 3541056 out of 50000000
DEBUG: Total gradient stack used is 176481 out of 10000000
DEBUG: Total dvariable address used is 2073 out of 150000
DEBUG: Total dvariable address used is 3541056 out of 50000000
DEBUG: Total gradient stack used is 176481 out of 10000000
DEBUG: Total dvariable address used is 2073 out of 150000
DEBUG: Total dvariable address used is 3541056 out of 50000000
DEBUG: Total gradient stack used is 176481 out of 10000000
DEBUG: Total dvariable address used is 2073 out of 150000
DEBUG: Total dvariable address used is 3541056 out of 50000000
DEBUG: Total gradient stack used is 176481 out of 10000000
DEBUG: Total dvariable address used is 2073 out of 150000
DEBUG: Total dvariable address used is 3541056 out of 50000000
DEBUG: Total gradient stack used is 176481 out of 10000000
DEBUG: Total dvariable address used is 2073 out of 150000
DEBUG: Total dvariable address used is 3541056 out of 50000000
DEBUG: Total gradient stack used is 176481 out of 10000000
DEBUG: Total dvariable address used is 2073 out of 150000
DEBUG: Total dvariable address used is 3541056 out of 50000000
DEBUG: Total gradient stack used is 176481 out of 10000000
DEBUG: Total dvariable address used is 2073 out of 150000
DEBUG: Total dvariable address used is 3541056 out of 50000000
DEBUG: Total gradient stack used is 176481 out of 10000000
DEBUG: Total dvariable address used is 2073 out of 150000
DEBUG: Total dvariable address used is 3541056 out of 50000000
DEBUG: Total gradient stack used is 176481 out of 10000000
DEBUG: Total dvariable address used is 2073 out of 150000
DEBUG: Total dvariable address used is 3541056 out of 50000000
DEBUG: Total gradient stack used is 176481 out of 10000000
DEBUG: Total dvariable address used is 2073 out of 150000
DEBUG: Total dvariable address used is 3541056 out of 50000000
DEBUG: Total gradient stack used is 176481 out of 10000000
DEBUG: Total dvariable address used is 2073 out of 150000
DEBUG: Total dvariable address used is 3541056 out of 50000000
DEBUG: Total gradient stack used is 176481 out of 10000000
DEBUG: Total dvariable address used is 2073 out of 150000
DEBUG: Total dvariable address used is 3541056 out of 50000000
DEBUG: Total gradient stack used is 176481 out of 10000000
DEBUG: Total dvariable address used is 2073 out of 150000
DEBUG: Total dvariable address used is 3541056 out of 50000000
DEBUG: Total gradient stack used is 176481 out of 10000000
DEBUG: Total dvariable address used is 2073 out of 150000
DEBUG: Total dvariable address used is 3541056 out of 50000000
DEBUG: Total gradient stack used is 176481 out of 10000000
DEBUG: Total dvariable address used is 2073 out of 150000
DEBUG: Total dvariable address used is 3541056 out of 50000000
DEBUG: Total gradient stack used is 176481 out of 10000000
DEBUG: Total dvariable address used is 2073 out of 150000
DEBUG: Total dvariable address used is 3541056 out of 50000000
DEBUG: Total gradient stack used is 176481 out of 10000000
DEBUG: Total dvariable address used is 2073 out of 150000
DEBUG: Total dvariable address used is 3541056 out of 50000000
DEBUG: Total gradient stack used is 176481 out of 10000000
DEBUG: Total dvariable address used is 2073 out of 150000
DEBUG: Total dvariable address used is 3541056 out of 50000000
DEBUG: Total gradient stack used is 176481 out of 10000000
DEBUG: Total dvariable address used is 2073 out of 150000
DEBUG: Total dvariable address used is 3541056 out of 50000000
DEBUG: Total gradient stack used is 176481 out of 10000000
DEBUG: Total dvariable address used is 2073 out of 150000
DEBUG: Total dvariable address used is 3541056 out of 50000000
DEBUG: Total gradient stack used is 176481 out of 10000000
DEBUG: Total dvariable address used is 2073 out of 150000
DEBUG: Total dvariable address used is 3541056 out of 50000000
DEBUG: Total gradient stack used is 176481 out of 10000000
DEBUG: Total dvariable address used is 2073 out of 150000
DEBUG: Total dvariable address used is 3541056 out of 50000000
DEBUG: Total gradient stack used is 176481 out of 10000000
DEBUG: Total dvariable address used is 2073 out of 150000
DEBUG: Total dvariable address used is 3541056 out of 50000000
DEBUG: Total gradient stack used is 176481 out of 10000000
DEBUG: Total dvariable address used is 2073 out of 150000
DEBUG: Total dvariable address used is 3541056 out of 50000000
DEBUG: Total gradient stack used is 176481 out of 10000000
DEBUG: Total dvariable address used is 2073 out of 150000
DEBUG: Total dvariable address used is 3541056 out of 50000000
DEBUG: Total gradient stack used is 176481 out of 10000000
DEBUG: Total dvariable address used is 2073 out of 150000
DEBUG: Total dvariable address used is 3541056 out of 50000000
DEBUG: Total gradient stack used is 176481 out of 10000000
DEBUG: Total dvariable address used is 2073 out of 150000
DEBUG: Total dvariable address used is 3541056 out of 50000000
DEBUG: Total gradient stack used is 176481 out of 10000000
DEBUG: Total dvariable address used is 2073 out of 150000
DEBUG: Total dvariable address used is 3541056 out of 50000000
DEBUG: Total gradient stack used is 176481 out of 10000000
DEBUG: Total dvariable address used is 2073 out of 150000
DEBUG: Total dvariable address used is 3541056 out of 50000000
DEBUG: Total gradient stack used is 176481 out of 10000000
DEBUG: Total dvariable address used is 2073 out of 150000
DEBUG: Total dvariable address used is 3541056 out of 50000000
DEBUG: Total gradient stack used is 176481 out of 10000000
DEBUG: Total dvariable address used is 2073 out of 150000
DEBUG: Total dvariable address used is 3541056 out of 50000000
DEBUG: Total gradient stack used is 176481 out of 10000000
DEBUG: Total dvariable address used is 2073 out of 150000
DEBUG: Total dvariable address used is 3541056 out of 50000000
DEBUG: Total gradient stack used is 176481 out of 10000000
DEBUG: Total dvariable address used is 2073 out of 150000
DEBUG: Total dvariable address used is 3541056 out of 50000000
DEBUG: Total gradient stack used is 176481 out of 10000000
DEBUG: Total dvariable address used is 2073 out of 150000
DEBUG: Total dvariable address used is 3541056 out of 50000000
DEBUG: Total gradient stack used is 176481 out of 10000000
DEBUG: Total dvariable address used is 2073 out of 150000
DEBUG: Total dvariable address used is 3541056 out of 50000000
DEBUG: Total gradient stack used is 176481 out of 10000000
DEBUG: Total dvariable address used is 2073 out of 150000
DEBUG: Total dvariable address used is 3541056 out of 50000000
DEBUG: Total gradient stack used is 176481 out of 10000000
DEBUG: Total dvariable address used is 2073 out of 150000
DEBUG: Total dvariable address used is 3541056 out of 50000000
DEBUG: Total gradient stack used is 176481 out of 10000000
DEBUG: Total dvariable address used is 2073 out of 150000
DEBUG: Total dvariable address used is 3541056 out of 50000000
DEBUG: Total gradient stack used is 176481 out of 10000000
DEBUG: Total dvariable address used is 2073 out of 150000
DEBUG: Total dvariable address used is 3541056 out of 50000000
DEBUG: Total gradient stack used is 176481 out of 10000000
DEBUG: Total dvariable address used is 2073 out of 150000
DEBUG: Total dvariable address used is 3541056 out of 50000000
DEBUG: Total gradient stack used is 176481 out of 10000000
DEBUG: Total dvariable address used is 2073 out of 150000
DEBUG: Total dvariable address used is 3541056 out of 50000000
DEBUG: Total gradient stack used is 176481 out of 10000000
DEBUG: Total dvariable address used is 2073 out of 150000
DEBUG: Total dvariable address used is 3541056 out of 50000000
DEBUG: Total gradient stack used is 176481 out of 10000000
DEBUG: Total dvariable address used is 2073 out of 150000
DEBUG: Total dvariable address used is 3541056 out of 50000000
DEBUG: Total gradient stack used is 176481 out of 10000000
DEBUG: Total dvariable address used is 2073 out of 150000
DEBUG: Total dvariable address used is 3541056 out of 50000000
DEBUG: Total gradient stack used is 176481 out of 10000000
DEBUG: Total dvariable address used is 2073 out of 150000
DEBUG: Total dvariable address used is 3541056 out of 50000000
DEBUG: Total gradient stack used is 176481 out of 10000000
DEBUG: Total dvariable address used is 2073 out of 150000
DEBUG: Total dvariable address used is 3541056 out of 50000000
DEBUG: Total gradient stack used is 176481 out of 10000000
DEBUG: Total dvariable address used is 2073 out of 150000
DEBUG: Total dvariable address used is 3541056 out of 50000000
DEBUG: Total gradient stack used is 176481 out of 10000000
DEBUG: Total dvariable address used is 2073 out of 150000
DEBUG: Total dvariable address used is 3541056 out of 50000000
DEBUG: Total gradient stack used is 176481 out of 10000000
DEBUG: Total dvariable address used is 2073 out of 150000
DEBUG: Total dvariable address used is 3541056 out of 50000000
DEBUG: Total gradient stack used is 176481 out of 10000000
DEBUG: Total dvariable address used is 2073 out of 150000
DEBUG: Total dvariable address used is 3541056 out of 50000000
DEBUG: Total gradient stack used is 176481 out of 10000000
DEBUG: Total dvariable address used is 2073 out of 150000
DEBUG: Total dvariable address used is 3541056 out of 50000000
DEBUG: Total gradient stack used is 176481 out of 10000000
DEBUG: Total dvariable address used is 2073 out of 150000
DEBUG: Total dvariable address used is 3541056 out of 50000000
DEBUG: Total gradient stack used is 176481 out of 10000000
DEBUG: Total dvariable address used is 2073 out of 150000
DEBUG: Total dvariable address used is 3541056 out of 50000000
DEBUG: Total gradient stack used is 176481 out of 10000000
DEBUG: Total dvariable address used is 2073 out of 150000
DEBUG: Total dvariable address used is 3541056 out of 50000000
DEBUG: Total gradient stack used is 176481 out of 10000000
DEBUG: Total dvariable address used is 2073 out of 150000
DEBUG: Total dvariable address used is 3541056 out of 50000000
DEBUG: Total gradient stack used is 176481 out of 10000000
DEBUG: Total dvariable address used is 2073 out of 150000
DEBUG: Total dvariable address used is 3541056 out of 50000000
DEBUG: Total gradient stack used is 176481 out of 10000000
DEBUG: Total dvariable address used is 2073 out of 150000
DEBUG: Total dvariable address used is 3541056 out of 50000000
DEBUG: Total gradient stack used is 176481 out of 10000000
DEBUG: Total dvariable address used is 2073 out of 150000
DEBUG: Total dvariable address used is 3541056 out of 50000000
DEBUG: Total gradient stack used is 176481 out of 10000000
DEBUG: Total dvariable address used is 2073 out of 150000
DEBUG: Total dvariable address used is 3541056 out of 50000000
DEBUG: Total gradient stack used is 176481 out of 10000000
DEBUG: Total dvariable address used is 2073 out of 150000
DEBUG: Total dvariable address used is 3541056 out of 50000000
DEBUG: Total gradient stack used is 176481 out of 10000000
DEBUG: Total dvariable address used is 2073 out of 150000
DEBUG: Total dvariable address used is 3541056 out of 50000000
DEBUG: Total gradient stack used is 176481 out of 10000000
DEBUG: Total dvariable address used is 2073 out of 150000
DEBUG: Total dvariable address used is 3541056 out of 50000000
DEBUG: Total gradient stack used is 176481 out of 10000000
DEBUG: Total dvariable address used is 2073 out of 150000
DEBUG: Total dvariable address used is 3541056 out of 50000000
DEBUG: Total gradient stack used is 176481 out of 10000000
DEBUG: Total dvariable address used is 2073 out of 150000
DEBUG: Total dvariable address used is 3541056 out of 50000000
DEBUG: Total gradient stack used is 176481 out of 10000000
DEBUG: Total dvariable address used is 2073 out of 150000
DEBUG: Total dvariable address used is 3541056 out of 50000000
DEBUG: Total gradient stack used is 176481 out of 10000000
DEBUG: Total dvariable address used is 2073 out of 150000
DEBUG: Total dvariable address used is 3541056 out of 50000000
DEBUG: Total gradient stack used is 176481 out of 10000000
DEBUG: Total dvariable address used is 2073 out of 150000
DEBUG: Total dvariable address used is 3541056 out of 50000000
phase= 2 | nvar=277 | iter=370 | nll=-1.59e+04 | mag=6.49e-03 | par[  1]=T_pars_est[3]
DEBUG: Total gradient stack used is 0 out of 10000000
DEBUG: Total dvariable address used is 2073 out of 150000
DEBUG: Total dvariable address used is 3541056 out of 50000000
Starting REPORT_SECTION
+--------------------------+
| Beginning report section |
+--------------------------+
Finished WriteFiles
REPORT_SECTION: finished CreateOutput
REPORT_SECTION: finished save_gradients
Finished REPORT_SECTION

#--BETWEEN_PHASES_SECTION---------------------
#----Starting phase 3 of 4
Finished BETWEEN_PHASES_SECTION
----------------------------------------------
DEBUG: Total gradient stack used is 371264 out of 10000000
DEBUG: Total dvariable address used is 2083 out of 150000
DEBUG: Total dvariable address used is 3541056 out of 50000000
phase= 3 | nvar=367 | iter=  0 | nll=-1.60e+04 | mag=6.12e+04 | par[ 88]=G_pars_est[5]
DEBUG: Total gradient stack used is 371264 out of 10000000
DEBUG: Total dvariable address used is 2083 out of 150000
DEBUG: Total dvariable address used is 3541056 out of 50000000
DEBUG: Total gradient stack used is 371264 out of 10000000
DEBUG: Total dvariable address used is 2083 out of 150000
DEBUG: Total dvariable address used is 3541056 out of 50000000
DEBUG: Total gradient stack used is 371250 out of 10000000
DEBUG: Total dvariable address used is 2083 out of 150000
DEBUG: Total dvariable address used is 3541056 out of 50000000
DEBUG: Total gradient stack used is 371200 out of 10000000
DEBUG: Total dvariable address used is 2083 out of 150000
DEBUG: Total dvariable address used is 3541056 out of 50000000
DEBUG: Total gradient stack used is 371079 out of 10000000
DEBUG: Total dvariable address used is 2083 out of 150000
DEBUG: Total dvariable address used is 3541056 out of 50000000
DEBUG: Total gradient stack used is 371184 out of 10000000
DEBUG: Total dvariable address used is 2083 out of 150000
DEBUG: Total dvariable address used is 3541056 out of 50000000
DEBUG: Total gradient stack used is 371029 out of 10000000
DEBUG: Total dvariable address used is 2083 out of 150000
DEBUG: Total dvariable address used is 3541056 out of 50000000
DEBUG: Total gradient stack used is 371194 out of 10000000
DEBUG: Total dvariable address used is 2083 out of 150000
DEBUG: Total dvariable address used is 3541056 out of 50000000
DEBUG: Total gradient stack used is 371065 out of 10000000
DEBUG: Total dvariable address used is 2083 out of 150000
DEBUG: Total dvariable address used is 3541056 out of 50000000
DEBUG: Total gradient stack used is 371076 out of 10000000
DEBUG: Total dvariable address used is 2083 out of 150000
DEBUG: Total dvariable address used is 3541056 out of 50000000
DEBUG: Total gradient stack used is 371100 out of 10000000
DEBUG: Total dvariable address used is 2083 out of 150000
DEBUG: Total dvariable address used is 3541056 out of 50000000
DEBUG: Total gradient stack used is 371067 out of 10000000
DEBUG: Total dvariable address used is 2083 out of 150000
DEBUG: Total dvariable address used is 3541056 out of 50000000
DEBUG: Total gradient stack used is 371100 out of 10000000
DEBUG: Total dvariable address used is 2083 out of 150000
DEBUG: Total dvariable address used is 3541056 out of 50000000
DEBUG: Total gradient stack used is 371089 out of 10000000
DEBUG: Total dvariable address used is 2083 out of 150000
DEBUG: Total dvariable address used is 3541056 out of 50000000
DEBUG: Total gradient stack used is 371060 out of 10000000
DEBUG: Total dvariable address used is 2083 out of 150000
DEBUG: Total dvariable address used is 3541056 out of 50000000
DEBUG: Total gradient stack used is 370528 out of 10000000
DEBUG: Total dvariable address used is 2083 out of 150000
DEBUG: Total dvariable address used is 3541056 out of 50000000
DEBUG: Total gradient stack used is 370930 out of 10000000
DEBUG: Total dvariable address used is 2083 out of 150000
DEBUG: Total dvariable address used is 3541056 out of 50000000
DEBUG: Total gradient stack used is 370486 out of 10000000
DEBUG: Total dvariable address used is 2083 out of 150000
DEBUG: Total dvariable address used is 3541056 out of 50000000
DEBUG: Total gradient stack used is 370327 out of 10000000
DEBUG: Total dvariable address used is 2083 out of 150000
DEBUG: Total dvariable address used is 3541056 out of 50000000
DEBUG: Total gradient stack used is 370153 out of 10000000
DEBUG: Total dvariable address used is 2083 out of 150000
DEBUG: Total dvariable address used is 3541056 out of 50000000
DEBUG: Total gradient stack used is 370315 out of 10000000
DEBUG: Total dvariable address used is 2083 out of 150000
DEBUG: Total dvariable address used is 3541056 out of 50000000
DEBUG: Total gradient stack used is 370057 out of 10000000
DEBUG: Total dvariable address used is 2083 out of 150000
DEBUG: Total dvariable address used is 3541056 out of 50000000
DEBUG: Total gradient stack used is 370359 out of 10000000
DEBUG: Total dvariable address used is 2083 out of 150000
DEBUG: Total dvariable address used is 3541056 out of 50000000
DEBUG: Total gradient stack used is 370083 out of 10000000
DEBUG: Total dvariable address used is 2083 out of 150000
DEBUG: Total dvariable address used is 3541056 out of 50000000
DEBUG: Total gradient stack used is 370069 out of 10000000
DEBUG: Total dvariable address used is 2083 out of 150000
DEBUG: Total dvariable address used is 3541056 out of 50000000
DEBUG: Total gradient stack used is 370076 out of 10000000
DEBUG: Total dvariable address used is 2083 out of 150000
DEBUG: Total dvariable address used is 3541056 out of 50000000
DEBUG: Total gradient stack used is 370107 out of 10000000
DEBUG: Total dvariable address used is 2083 out of 150000
DEBUG: Total dvariable address used is 3541056 out of 50000000
DEBUG: Total gradient stack used is 370101 out of 10000000
DEBUG: Total dvariable address used is 2083 out of 150000
DEBUG: Total dvariable address used is 3541056 out of 50000000
DEBUG: Total gradient stack used is 370019 out of 10000000
DEBUG: Total dvariable address used is 2083 out of 150000
DEBUG: Total dvariable address used is 3541056 out of 50000000
DEBUG: Total gradient stack used is 370238 out of 10000000
DEBUG: Total dvariable address used is 2083 out of 150000
DEBUG: Total dvariable address used is 3541056 out of 50000000
DEBUG: Total gradient stack used is 370235 out of 10000000
DEBUG: Total dvariable address used is 2083 out of 150000
DEBUG: Total dvariable address used is 3541056 out of 50000000
DEBUG: Total gradient stack used is 369960 out of 10000000
DEBUG: Total dvariable address used is 2083 out of 150000
DEBUG: Total dvariable address used is 3541056 out of 50000000
DEBUG: Total gradient stack used is 370251 out of 10000000
DEBUG: Total dvariable address used is 2083 out of 150000
DEBUG: Total dvariable address used is 3541056 out of 50000000
DEBUG: Total gradient stack used is 370208 out of 10000000
DEBUG: Total dvariable address used is 2083 out of 150000
DEBUG: Total dvariable address used is 3541056 out of 50000000
DEBUG: Total gradient stack used is 370186 out of 10000000
DEBUG: Total dvariable address used is 2083 out of 150000
DEBUG: Total dvariable address used is 3541056 out of 50000000
DEBUG: Total gradient stack used is 370186 out of 10000000
DEBUG: Total dvariable address used is 2083 out of 150000
DEBUG: Total dvariable address used is 3541056 out of 50000000
DEBUG: Total gradient stack used is 370213 out of 10000000
DEBUG: Total dvariable address used is 2083 out of 150000
DEBUG: Total dvariable address used is 3541056 out of 50000000
DEBUG: Total gradient stack used is 370203 out of 10000000
DEBUG: Total dvariable address used is 2083 out of 150000
DEBUG: Total dvariable address used is 3541056 out of 50000000
DEBUG: Total gradient stack used is 370244 out of 10000000
DEBUG: Total dvariable address used is 2083 out of 150000
DEBUG: Total dvariable address used is 3541056 out of 50000000
DEBUG: Total gradient stack used is 370172 out of 10000000
DEBUG: Total dvariable address used is 2083 out of 150000
DEBUG: Total dvariable address used is 3541056 out of 50000000
DEBUG: Total gradient stack used is 370153 out of 10000000
DEBUG: Total dvariable address used is 2083 out of 150000
DEBUG: Total dvariable address used is 3541056 out of 50000000
DEBUG: Total gradient stack used is 370461 out of 10000000
DEBUG: Total dvariable address used is 2083 out of 150000
DEBUG: Total dvariable address used is 3541056 out of 50000000
DEBUG: Total gradient stack used is 370497 out of 10000000
DEBUG: Total dvariable address used is 2083 out of 150000
DEBUG: Total dvariable address used is 3541056 out of 50000000
DEBUG: Total gradient stack used is 370498 out of 10000000
DEBUG: Total dvariable address used is 2083 out of 150000
DEBUG: Total dvariable address used is 3541056 out of 50000000
DEBUG: Total gradient stack used is 370486 out of 10000000
DEBUG: Total dvariable address used is 2083 out of 150000
DEBUG: Total dvariable address used is 3541056 out of 50000000
DEBUG: Total gradient stack used is 370155 out of 10000000
DEBUG: Total dvariable address used is 2083 out of 150000
DEBUG: Total dvariable address used is 3541056 out of 50000000
DEBUG: Total gradient stack used is 370131 out of 10000000
DEBUG: Total dvariable address used is 2083 out of 150000
DEBUG: Total dvariable address used is 3541056 out of 50000000
DEBUG: Total gradient stack used is 370128 out of 10000000
DEBUG: Total dvariable address used is 2083 out of 150000
DEBUG: Total dvariable address used is 3541056 out of 50000000
DEBUG: Total gradient stack used is 370432 out of 10000000
DEBUG: Total dvariable address used is 2083 out of 150000
DEBUG: Total dvariable address used is 3541056 out of 50000000
DEBUG: Total gradient stack used is 370437 out of 10000000
DEBUG: Total dvariable address used is 2083 out of 150000
DEBUG: Total dvariable address used is 3541056 out of 50000000
DEBUG: Total gradient stack used is 370457 out of 10000000
DEBUG: Total dvariable address used is 2083 out of 150000
DEBUG: Total dvariable address used is 3541056 out of 50000000
DEBUG: Total gradient stack used is 370735 out of 10000000
DEBUG: Total dvariable address used is 2083 out of 150000
DEBUG: Total dvariable address used is 3541056 out of 50000000
DEBUG: Total gradient stack used is 370724 out of 10000000
DEBUG: Total dvariable address used is 2083 out of 150000
DEBUG: Total dvariable address used is 3541056 out of 50000000
DEBUG: Total gradient stack used is 370716 out of 10000000
DEBUG: Total dvariable address used is 2083 out of 150000
DEBUG: Total dvariable address used is 3541056 out of 50000000
DEBUG: Total gradient stack used is 370453 out of 10000000
DEBUG: Total dvariable address used is 2083 out of 150000
DEBUG: Total dvariable address used is 3541056 out of 50000000
DEBUG: Total gradient stack used is 370442 out of 10000000
DEBUG: Total dvariable address used is 2083 out of 150000
DEBUG: Total dvariable address used is 3541056 out of 50000000
DEBUG: Total gradient stack used is 370442 out of 10000000
DEBUG: Total dvariable address used is 2083 out of 150000
DEBUG: Total dvariable address used is 3541056 out of 50000000
DEBUG: Total gradient stack used is 370445 out of 10000000
DEBUG: Total dvariable address used is 2083 out of 150000
DEBUG: Total dvariable address used is 3541056 out of 50000000
DEBUG: Total gradient stack used is 370442 out of 10000000
DEBUG: Total dvariable address used is 2083 out of 150000
DEBUG: Total dvariable address used is 3541056 out of 50000000
DEBUG: Total gradient stack used is 370459 out of 10000000
DEBUG: Total dvariable address used is 2083 out of 150000
DEBUG: Total dvariable address used is 3541056 out of 50000000
DEBUG: Total gradient stack used is 370444 out of 10000000
DEBUG: Total dvariable address used is 2083 out of 150000
DEBUG: Total dvariable address used is 3541056 out of 50000000
DEBUG: Total gradient stack used is 370444 out of 10000000
DEBUG: Total dvariable address used is 2083 out of 150000
DEBUG: Total dvariable address used is 3541056 out of 50000000
DEBUG: Total gradient stack used is 370444 out of 10000000
DEBUG: Total dvariable address used is 2083 out of 150000
DEBUG: Total dvariable address used is 3541056 out of 50000000
DEBUG: Total gradient stack used is 370459 out of 10000000
DEBUG: Total dvariable address used is 2083 out of 150000
DEBUG: Total dvariable address used is 3541056 out of 50000000
DEBUG: Total gradient stack used is 370456 out of 10000000
DEBUG: Total dvariable address used is 2083 out of 150000
DEBUG: Total dvariable address used is 3541056 out of 50000000
DEBUG: Total gradient stack used is 370442 out of 10000000
DEBUG: Total dvariable address used is 2083 out of 150000
DEBUG: Total dvariable address used is 3541056 out of 50000000
DEBUG: Total gradient stack used is 370453 out of 10000000
DEBUG: Total dvariable address used is 2083 out of 150000
DEBUG: Total dvariable address used is 3541056 out of 50000000
DEBUG: Total gradient stack used is 370444 out of 10000000
DEBUG: Total dvariable address used is 2083 out of 150000
DEBUG: Total dvariable address used is 3541056 out of 50000000
DEBUG: Total gradient stack used is 370724 out of 10000000
DEBUG: Total dvariable address used is 2083 out of 150000
DEBUG: Total dvariable address used is 3541056 out of 50000000
DEBUG: Total gradient stack used is 370463 out of 10000000
DEBUG: Total dvariable address used is 2083 out of 150000
DEBUG: Total dvariable address used is 3541056 out of 50000000
DEBUG: Total gradient stack used is 370451 out of 10000000
DEBUG: Total dvariable address used is 2083 out of 150000
DEBUG: Total dvariable address used is 3541056 out of 50000000
DEBUG: Total gradient stack used is 370451 out of 10000000
DEBUG: Total dvariable address used is 2083 out of 150000
DEBUG: Total dvariable address used is 3541056 out of 50000000
DEBUG: Total gradient stack used is 370448 out of 10000000
DEBUG: Total dvariable address used is 2083 out of 150000
DEBUG: Total dvariable address used is 3541056 out of 50000000
DEBUG: Total gradient stack used is 370442 out of 10000000
DEBUG: Total dvariable address used is 2083 out of 150000
DEBUG: Total dvariable address used is 3541056 out of 50000000
DEBUG: Total gradient stack used is 370456 out of 10000000
DEBUG: Total dvariable address used is 2083 out of 150000
DEBUG: Total dvariable address used is 3541056 out of 50000000
DEBUG: Total gradient stack used is 370459 out of 10000000
DEBUG: Total dvariable address used is 2083 out of 150000
DEBUG: Total dvariable address used is 3541056 out of 50000000
DEBUG: Total gradient stack used is 370459 out of 10000000
DEBUG: Total dvariable address used is 2083 out of 150000
DEBUG: Total dvariable address used is 3541056 out of 50000000
DEBUG: Total gradient stack used is 370453 out of 10000000
DEBUG: Total dvariable address used is 2083 out of 150000
DEBUG: Total dvariable address used is 3541056 out of 50000000
DEBUG: Total gradient stack used is 370453 out of 10000000
DEBUG: Total dvariable address used is 2083 out of 150000
DEBUG: Total dvariable address used is 3541056 out of 50000000
DEBUG: Total gradient stack used is 370453 out of 10000000
DEBUG: Total dvariable address used is 2083 out of 150000
DEBUG: Total dvariable address used is 3541056 out of 50000000
DEBUG: Total gradient stack used is 370450 out of 10000000
DEBUG: Total dvariable address used is 2083 out of 150000
DEBUG: Total dvariable address used is 3541056 out of 50000000
DEBUG: Total gradient stack used is 370450 out of 10000000
DEBUG: Total dvariable address used is 2083 out of 150000
DEBUG: Total dvariable address used is 3541056 out of 50000000
DEBUG: Total gradient stack used is 370450 out of 10000000
DEBUG: Total dvariable address used is 2083 out of 150000
DEBUG: Total dvariable address used is 3541056 out of 50000000
DEBUG: Total gradient stack used is 370447 out of 10000000
DEBUG: Total dvariable address used is 2083 out of 150000
DEBUG: Total dvariable address used is 3541056 out of 50000000
DEBUG: Total gradient stack used is 370447 out of 10000000
DEBUG: Total dvariable address used is 2083 out of 150000
DEBUG: Total dvariable address used is 3541056 out of 50000000
DEBUG: Total gradient stack used is 370444 out of 10000000
DEBUG: Total dvariable address used is 2083 out of 150000
DEBUG: Total dvariable address used is 3541056 out of 50000000
DEBUG: Total gradient stack used is 370444 out of 10000000
DEBUG: Total dvariable address used is 2083 out of 150000
DEBUG: Total dvariable address used is 3541056 out of 50000000
DEBUG: Total gradient stack used is 370444 out of 10000000
DEBUG: Total dvariable address used is 2083 out of 150000
DEBUG: Total dvariable address used is 3541056 out of 50000000
DEBUG: Total gradient stack used is 370444 out of 10000000
DEBUG: Total dvariable address used is 2083 out of 150000
DEBUG: Total dvariable address used is 3541056 out of 50000000
DEBUG: Total gradient stack used is 370444 out of 10000000
DEBUG: Total dvariable address used is 2083 out of 150000
DEBUG: Total dvariable address used is 3541056 out of 50000000
DEBUG: Total gradient stack used is 370444 out of 10000000
DEBUG: Total dvariable address used is 2083 out of 150000
DEBUG: Total dvariable address used is 3541056 out of 50000000
DEBUG: Total gradient stack used is 370444 out of 10000000
DEBUG: Total dvariable address used is 2083 out of 150000
DEBUG: Total dvariable address used is 3541056 out of 50000000
DEBUG: Total gradient stack used is 370444 out of 10000000
DEBUG: Total dvariable address used is 2083 out of 150000
DEBUG: Total dvariable address used is 3541056 out of 50000000
DEBUG: Total gradient stack used is 370447 out of 10000000
DEBUG: Total dvariable address used is 2083 out of 150000
DEBUG: Total dvariable address used is 3541056 out of 50000000
DEBUG: Total gradient stack used is 370444 out of 10000000
DEBUG: Total dvariable address used is 2083 out of 150000
DEBUG: Total dvariable address used is 3541056 out of 50000000
DEBUG: Total gradient stack used is 370444 out of 10000000
DEBUG: Total dvariable address used is 2083 out of 150000
DEBUG: Total dvariable address used is 3541056 out of 50000000
DEBUG: Total gradient stack used is 370447 out of 10000000
DEBUG: Total dvariable address used is 2083 out of 150000
DEBUG: Total dvariable address used is 3541056 out of 50000000
DEBUG: Total gradient stack used is 370450 out of 10000000
DEBUG: Total dvariable address used is 2083 out of 150000
DEBUG: Total dvariable address used is 3541056 out of 50000000
DEBUG: Total gradient stack used is 370453 out of 10000000
DEBUG: Total dvariable address used is 2083 out of 150000
DEBUG: Total dvariable address used is 3541056 out of 50000000
DEBUG: Total gradient stack used is 370453 out of 10000000
DEBUG: Total dvariable address used is 2083 out of 150000
DEBUG: Total dvariable address used is 3541056 out of 50000000
DEBUG: Total gradient stack used is 370453 out of 10000000
DEBUG: Total dvariable address used is 2083 out of 150000
DEBUG: Total dvariable address used is 3541056 out of 50000000
DEBUG: Total gradient stack used is 370453 out of 10000000
DEBUG: Total dvariable address used is 2083 out of 150000
DEBUG: Total dvariable address used is 3541056 out of 50000000
DEBUG: Total gradient stack used is 370450 out of 10000000
DEBUG: Total dvariable address used is 2083 out of 150000
DEBUG: Total dvariable address used is 3541056 out of 50000000
DEBUG: Total gradient stack used is 370119 out of 10000000
DEBUG: Total dvariable address used is 2083 out of 150000
DEBUG: Total dvariable address used is 3541056 out of 50000000
DEBUG: Total gradient stack used is 370137 out of 10000000
DEBUG: Total dvariable address used is 2083 out of 150000
DEBUG: Total dvariable address used is 3541056 out of 50000000
DEBUG: Total gradient stack used is 370137 out of 10000000
DEBUG: Total dvariable address used is 2083 out of 150000
DEBUG: Total dvariable address used is 3541056 out of 50000000
DEBUG: Total gradient stack used is 370411 out of 10000000
DEBUG: Total dvariable address used is 2083 out of 150000
DEBUG: Total dvariable address used is 3541056 out of 50000000
phase= 3 | nvar=367 | iter=100 | nll=-1.76e+04 | mag=5.93e+04 | par[  1]=T_pars_est[3]
DEBUG: Total gradient stack used is 370439 out of 10000000
DEBUG: Total dvariable address used is 2083 out of 150000
DEBUG: Total dvariable address used is 3541056 out of 50000000
DEBUG: Total gradient stack used is 370442 out of 10000000
DEBUG: Total dvariable address used is 2083 out of 150000
DEBUG: Total dvariable address used is 3541056 out of 50000000
DEBUG: Total gradient stack used is 370431 out of 10000000
DEBUG: Total dvariable address used is 2083 out of 150000
DEBUG: Total dvariable address used is 3541056 out of 50000000
DEBUG: Total gradient stack used is 370411 out of 10000000
DEBUG: Total dvariable address used is 2083 out of 150000
DEBUG: Total dvariable address used is 3541056 out of 50000000
DEBUG: Total gradient stack used is 370423 out of 10000000
DEBUG: Total dvariable address used is 2083 out of 150000
DEBUG: Total dvariable address used is 3541056 out of 50000000
DEBUG: Total gradient stack used is 370417 out of 10000000
DEBUG: Total dvariable address used is 2083 out of 150000
DEBUG: Total dvariable address used is 3541056 out of 50000000
DEBUG: Total gradient stack used is 370414 out of 10000000
DEBUG: Total dvariable address used is 2083 out of 150000
DEBUG: Total dvariable address used is 3541056 out of 50000000
DEBUG: Total gradient stack used is 370451 out of 10000000
DEBUG: Total dvariable address used is 2083 out of 150000
DEBUG: Total dvariable address used is 3541056 out of 50000000
DEBUG: Total gradient stack used is 370454 out of 10000000
DEBUG: Total dvariable address used is 2083 out of 150000
DEBUG: Total dvariable address used is 3541056 out of 50000000
DEBUG: Total gradient stack used is 370454 out of 10000000
DEBUG: Total dvariable address used is 2083 out of 150000
DEBUG: Total dvariable address used is 3541056 out of 50000000
DEBUG: Total gradient stack used is 370420 out of 10000000
DEBUG: Total dvariable address used is 2083 out of 150000
DEBUG: Total dvariable address used is 3541056 out of 50000000
DEBUG: Total gradient stack used is 370426 out of 10000000
DEBUG: Total dvariable address used is 2083 out of 150000
DEBUG: Total dvariable address used is 3541056 out of 50000000
DEBUG: Total gradient stack used is 370417 out of 10000000
DEBUG: Total dvariable address used is 2083 out of 150000
DEBUG: Total dvariable address used is 3541056 out of 50000000
DEBUG: Total gradient stack used is 370435 out of 10000000
DEBUG: Total dvariable address used is 2083 out of 150000
DEBUG: Total dvariable address used is 3541056 out of 50000000
DEBUG: Total gradient stack used is 370415 out of 10000000
DEBUG: Total dvariable address used is 2083 out of 150000
DEBUG: Total dvariable address used is 3541056 out of 50000000
DEBUG: Total gradient stack used is 370104 out of 10000000
DEBUG: Total dvariable address used is 2083 out of 150000
DEBUG: Total dvariable address used is 3541056 out of 50000000
DEBUG: Total gradient stack used is 370106 out of 10000000
DEBUG: Total dvariable address used is 2083 out of 150000
DEBUG: Total dvariable address used is 3541056 out of 50000000
DEBUG: Total gradient stack used is 370109 out of 10000000
DEBUG: Total dvariable address used is 2083 out of 150000
DEBUG: Total dvariable address used is 3541056 out of 50000000
DEBUG: Total gradient stack used is 370395 out of 10000000
DEBUG: Total dvariable address used is 2083 out of 150000
DEBUG: Total dvariable address used is 3541056 out of 50000000
DEBUG: Total gradient stack used is 370098 out of 10000000
DEBUG: Total dvariable address used is 2083 out of 150000
DEBUG: Total dvariable address used is 3541056 out of 50000000
DEBUG: Total gradient stack used is 370055 out of 10000000
DEBUG: Total dvariable address used is 2083 out of 150000
DEBUG: Total dvariable address used is 3541056 out of 50000000
DEBUG: Total gradient stack used is 370016 out of 10000000
DEBUG: Total dvariable address used is 2083 out of 150000
DEBUG: Total dvariable address used is 3541056 out of 50000000
DEBUG: Total gradient stack used is 369966 out of 10000000
DEBUG: Total dvariable address used is 2083 out of 150000
DEBUG: Total dvariable address used is 3541056 out of 50000000
DEBUG: Total gradient stack used is 370292 out of 10000000
DEBUG: Total dvariable address used is 2083 out of 150000
DEBUG: Total dvariable address used is 3541056 out of 50000000
DEBUG: Total gradient stack used is 370283 out of 10000000
DEBUG: Total dvariable address used is 2083 out of 150000
DEBUG: Total dvariable address used is 3541056 out of 50000000
DEBUG: Total gradient stack used is 370261 out of 10000000
DEBUG: Total dvariable address used is 2083 out of 150000
DEBUG: Total dvariable address used is 3541056 out of 50000000
DEBUG: Total gradient stack used is 369939 out of 10000000
DEBUG: Total dvariable address used is 2083 out of 150000
DEBUG: Total dvariable address used is 3541056 out of 50000000
DEBUG: Total gradient stack used is 369895 out of 10000000
DEBUG: Total dvariable address used is 2083 out of 150000
DEBUG: Total dvariable address used is 3541056 out of 50000000
DEBUG: Total gradient stack used is 369901 out of 10000000
DEBUG: Total dvariable address used is 2083 out of 150000
DEBUG: Total dvariable address used is 3541056 out of 50000000
DEBUG: Total gradient stack used is 369898 out of 10000000
DEBUG: Total dvariable address used is 2083 out of 150000
DEBUG: Total dvariable address used is 3541056 out of 50000000
DEBUG: Total gradient stack used is 369857 out of 10000000
DEBUG: Total dvariable address used is 2083 out of 150000
DEBUG: Total dvariable address used is 3541056 out of 50000000
DEBUG: Total gradient stack used is 369840 out of 10000000
DEBUG: Total dvariable address used is 2083 out of 150000
DEBUG: Total dvariable address used is 3541056 out of 50000000
DEBUG: Total gradient stack used is 369819 out of 10000000
DEBUG: Total dvariable address used is 2083 out of 150000
DEBUG: Total dvariable address used is 3541056 out of 50000000
DEBUG: Total gradient stack used is 369799 out of 10000000
DEBUG: Total dvariable address used is 2083 out of 150000
DEBUG: Total dvariable address used is 3541056 out of 50000000
DEBUG: Total gradient stack used is 370092 out of 10000000
DEBUG: Total dvariable address used is 2083 out of 150000
DEBUG: Total dvariable address used is 3541056 out of 50000000
DEBUG: Total gradient stack used is 370069 out of 10000000
DEBUG: Total dvariable address used is 2083 out of 150000
DEBUG: Total dvariable address used is 3541056 out of 50000000
DEBUG: Total gradient stack used is 370052 out of 10000000
DEBUG: Total dvariable address used is 2083 out of 150000
DEBUG: Total dvariable address used is 3541056 out of 50000000
DEBUG: Total gradient stack used is 370166 out of 10000000
DEBUG: Total dvariable address used is 2083 out of 150000
DEBUG: Total dvariable address used is 3541056 out of 50000000
DEBUG: Total gradient stack used is 370084 out of 10000000
DEBUG: Total dvariable address used is 2083 out of 150000
DEBUG: Total dvariable address used is 3541056 out of 50000000
DEBUG: Total gradient stack used is 370150 out of 10000000
DEBUG: Total dvariable address used is 2083 out of 150000
DEBUG: Total dvariable address used is 3541056 out of 50000000
DEBUG: Total gradient stack used is 370360 out of 10000000
DEBUG: Total dvariable address used is 2083 out of 150000
DEBUG: Total dvariable address used is 3541056 out of 50000000
DEBUG: Total gradient stack used is 370196 out of 10000000
DEBUG: Total dvariable address used is 2083 out of 150000
DEBUG: Total dvariable address used is 3541056 out of 50000000
DEBUG: Total gradient stack used is 370236 out of 10000000
DEBUG: Total dvariable address used is 2083 out of 150000
DEBUG: Total dvariable address used is 3541056 out of 50000000
DEBUG: Total gradient stack used is 370205 out of 10000000
DEBUG: Total dvariable address used is 2083 out of 150000
DEBUG: Total dvariable address used is 3541056 out of 50000000
DEBUG: Total gradient stack used is 370205 out of 10000000
DEBUG: Total dvariable address used is 2083 out of 150000
DEBUG: Total dvariable address used is 3541056 out of 50000000
DEBUG: Total gradient stack used is 370222 out of 10000000
DEBUG: Total dvariable address used is 2083 out of 150000
DEBUG: Total dvariable address used is 3541056 out of 50000000
DEBUG: Total gradient stack used is 370194 out of 10000000
DEBUG: Total dvariable address used is 2083 out of 150000
DEBUG: Total dvariable address used is 3541056 out of 50000000
DEBUG: Total gradient stack used is 370201 out of 10000000
DEBUG: Total dvariable address used is 2083 out of 150000
DEBUG: Total dvariable address used is 3541056 out of 50000000
DEBUG: Total gradient stack used is 370381 out of 10000000
DEBUG: Total dvariable address used is 2083 out of 150000
DEBUG: Total dvariable address used is 3541056 out of 50000000
DEBUG: Total gradient stack used is 370367 out of 10000000
DEBUG: Total dvariable address used is 2083 out of 150000
DEBUG: Total dvariable address used is 3541056 out of 50000000
DEBUG: Total gradient stack used is 370370 out of 10000000
DEBUG: Total dvariable address used is 2083 out of 150000
DEBUG: Total dvariable address used is 3541056 out of 50000000
DEBUG: Total gradient stack used is 370376 out of 10000000
DEBUG: Total dvariable address used is 2083 out of 150000
DEBUG: Total dvariable address used is 3541056 out of 50000000
DEBUG: Total gradient stack used is 370362 out of 10000000
DEBUG: Total dvariable address used is 2083 out of 150000
DEBUG: Total dvariable address used is 3541056 out of 50000000
DEBUG: Total gradient stack used is 370370 out of 10000000
DEBUG: Total dvariable address used is 2083 out of 150000
DEBUG: Total dvariable address used is 3541056 out of 50000000
DEBUG: Total gradient stack used is 370362 out of 10000000
DEBUG: Total dvariable address used is 2083 out of 150000
DEBUG: Total dvariable address used is 3541056 out of 50000000
DEBUG: Total gradient stack used is 370370 out of 10000000
DEBUG: Total dvariable address used is 2083 out of 150000
DEBUG: Total dvariable address used is 3541056 out of 50000000
DEBUG: Total gradient stack used is 370370 out of 10000000
DEBUG: Total dvariable address used is 2083 out of 150000
DEBUG: Total dvariable address used is 3541056 out of 50000000
DEBUG: Total gradient stack used is 370381 out of 10000000
DEBUG: Total dvariable address used is 2083 out of 150000
DEBUG: Total dvariable address used is 3541056 out of 50000000
DEBUG: Total gradient stack used is 370389 out of 10000000
DEBUG: Total dvariable address used is 2083 out of 150000
DEBUG: Total dvariable address used is 3541056 out of 50000000
DEBUG: Total gradient stack used is 370389 out of 10000000
DEBUG: Total dvariable address used is 2083 out of 150000
DEBUG: Total dvariable address used is 3541056 out of 50000000
DEBUG: Total gradient stack used is 370386 out of 10000000
DEBUG: Total dvariable address used is 2083 out of 150000
DEBUG: Total dvariable address used is 3541056 out of 50000000
DEBUG: Total gradient stack used is 370386 out of 10000000
DEBUG: Total dvariable address used is 2083 out of 150000
DEBUG: Total dvariable address used is 3541056 out of 50000000
DEBUG: Total gradient stack used is 370383 out of 10000000
DEBUG: Total dvariable address used is 2083 out of 150000
DEBUG: Total dvariable address used is 3541056 out of 50000000
DEBUG: Total gradient stack used is 370380 out of 10000000
DEBUG: Total dvariable address used is 2083 out of 150000
DEBUG: Total dvariable address used is 3541056 out of 50000000
DEBUG: Total gradient stack used is 370382 out of 10000000
DEBUG: Total dvariable address used is 2083 out of 150000
DEBUG: Total dvariable address used is 3541056 out of 50000000
DEBUG: Total gradient stack used is 370374 out of 10000000
DEBUG: Total dvariable address used is 2083 out of 150000
DEBUG: Total dvariable address used is 3541056 out of 50000000
DEBUG: Total gradient stack used is 370374 out of 10000000
DEBUG: Total dvariable address used is 2083 out of 150000
DEBUG: Total dvariable address used is 3541056 out of 50000000
DEBUG: Total gradient stack used is 370380 out of 10000000
DEBUG: Total dvariable address used is 2083 out of 150000
DEBUG: Total dvariable address used is 3541056 out of 50000000
DEBUG: Total gradient stack used is 370374 out of 10000000
DEBUG: Total dvariable address used is 2083 out of 150000
DEBUG: Total dvariable address used is 3541056 out of 50000000
DEBUG: Total gradient stack used is 370388 out of 10000000
DEBUG: Total dvariable address used is 2083 out of 150000
DEBUG: Total dvariable address used is 3541056 out of 50000000
DEBUG: Total gradient stack used is 370374 out of 10000000
DEBUG: Total dvariable address used is 2083 out of 150000
DEBUG: Total dvariable address used is 3541056 out of 50000000
DEBUG: Total gradient stack used is 370374 out of 10000000
DEBUG: Total dvariable address used is 2083 out of 150000
DEBUG: Total dvariable address used is 3541056 out of 50000000
DEBUG: Total gradient stack used is 370371 out of 10000000
DEBUG: Total dvariable address used is 2083 out of 150000
DEBUG: Total dvariable address used is 3541056 out of 50000000
DEBUG: Total gradient stack used is 370385 out of 10000000
DEBUG: Total dvariable address used is 2083 out of 150000
DEBUG: Total dvariable address used is 3541056 out of 50000000
DEBUG: Total gradient stack used is 370374 out of 10000000
DEBUG: Total dvariable address used is 2083 out of 150000
DEBUG: Total dvariable address used is 3541056 out of 50000000
DEBUG: Total gradient stack used is 370385 out of 10000000
DEBUG: Total dvariable address used is 2083 out of 150000
DEBUG: Total dvariable address used is 3541056 out of 50000000
DEBUG: Total gradient stack used is 370374 out of 10000000
DEBUG: Total dvariable address used is 2083 out of 150000
DEBUG: Total dvariable address used is 3541056 out of 50000000
DEBUG: Total gradient stack used is 370385 out of 10000000
DEBUG: Total dvariable address used is 2083 out of 150000
DEBUG: Total dvariable address used is 3541056 out of 50000000
DEBUG: Total gradient stack used is 370382 out of 10000000
DEBUG: Total dvariable address used is 2083 out of 150000
DEBUG: Total dvariable address used is 3541056 out of 50000000
DEBUG: Total gradient stack used is 370382 out of 10000000
DEBUG: Total dvariable address used is 2083 out of 150000
DEBUG: Total dvariable address used is 3541056 out of 50000000
DEBUG: Total gradient stack used is 370382 out of 10000000
DEBUG: Total dvariable address used is 2083 out of 150000
DEBUG: Total dvariable address used is 3541056 out of 50000000
DEBUG: Total gradient stack used is 370382 out of 10000000
DEBUG: Total dvariable address used is 2083 out of 150000
DEBUG: Total dvariable address used is 3541056 out of 50000000
DEBUG: Total gradient stack used is 370382 out of 10000000
DEBUG: Total dvariable address used is 2083 out of 150000
DEBUG: Total dvariable address used is 3541056 out of 50000000
DEBUG: Total gradient stack used is 370376 out of 10000000
DEBUG: Total dvariable address used is 2083 out of 150000
DEBUG: Total dvariable address used is 3541056 out of 50000000
DEBUG: Total gradient stack used is 370101 out of 10000000
DEBUG: Total dvariable address used is 2083 out of 150000
DEBUG: Total dvariable address used is 3541056 out of 50000000
DEBUG: Total gradient stack used is 370095 out of 10000000
DEBUG: Total dvariable address used is 2083 out of 150000
DEBUG: Total dvariable address used is 3541056 out of 50000000
DEBUG: Total gradient stack used is 370078 out of 10000000
DEBUG: Total dvariable address used is 2083 out of 150000
DEBUG: Total dvariable address used is 3541056 out of 50000000
DEBUG: Total gradient stack used is 370059 out of 10000000
DEBUG: Total dvariable address used is 2083 out of 150000
DEBUG: Total dvariable address used is 3541056 out of 50000000
DEBUG: Total gradient stack used is 370038 out of 10000000
DEBUG: Total dvariable address used is 2083 out of 150000
DEBUG: Total dvariable address used is 3541056 out of 50000000
DEBUG: Total gradient stack used is 370070 out of 10000000
DEBUG: Total dvariable address used is 2083 out of 150000
DEBUG: Total dvariable address used is 3541056 out of 50000000
DEBUG: Total gradient stack used is 370107 out of 10000000
DEBUG: Total dvariable address used is 2083 out of 150000
DEBUG: Total dvariable address used is 3541056 out of 50000000
DEBUG: Total gradient stack used is 370105 out of 10000000
DEBUG: Total dvariable address used is 2083 out of 150000
DEBUG: Total dvariable address used is 3541056 out of 50000000
DEBUG: Total gradient stack used is 370165 out of 10000000
DEBUG: Total dvariable address used is 2083 out of 150000
DEBUG: Total dvariable address used is 3541056 out of 50000000
DEBUG: Total gradient stack used is 370196 out of 10000000
DEBUG: Total dvariable address used is 2083 out of 150000
DEBUG: Total dvariable address used is 3541056 out of 50000000
DEBUG: Total gradient stack used is 370236 out of 10000000
DEBUG: Total dvariable address used is 2083 out of 150000
DEBUG: Total dvariable address used is 3541056 out of 50000000
DEBUG: Total gradient stack used is 370259 out of 10000000
DEBUG: Total dvariable address used is 2083 out of 150000
DEBUG: Total dvariable address used is 3541056 out of 50000000
DEBUG: Total gradient stack used is 370289 out of 10000000
DEBUG: Total dvariable address used is 2083 out of 150000
DEBUG: Total dvariable address used is 3541056 out of 50000000
DEBUG: Total gradient stack used is 370349 out of 10000000
DEBUG: Total dvariable address used is 2083 out of 150000
DEBUG: Total dvariable address used is 3541056 out of 50000000
DEBUG: Total gradient stack used is 370365 out of 10000000
DEBUG: Total dvariable address used is 2083 out of 150000
DEBUG: Total dvariable address used is 3541056 out of 50000000
DEBUG: Total gradient stack used is 370424 out of 10000000
DEBUG: Total dvariable address used is 2083 out of 150000
DEBUG: Total dvariable address used is 3541056 out of 50000000
DEBUG: Total gradient stack used is 370195 out of 10000000
DEBUG: Total dvariable address used is 2083 out of 150000
DEBUG: Total dvariable address used is 3541056 out of 50000000
DEBUG: Total gradient stack used is 370194 out of 10000000
DEBUG: Total dvariable address used is 2083 out of 150000
DEBUG: Total dvariable address used is 3541056 out of 50000000
phase= 3 | nvar=367 | iter=200 | nll=-1.89e+04 | mag=5.57e+03 | par[333]=logit_rec_prop_est[4]
DEBUG: Total gradient stack used is 370187 out of 10000000
DEBUG: Total dvariable address used is 2083 out of 150000
DEBUG: Total dvariable address used is 3541056 out of 50000000
DEBUG: Total gradient stack used is 370240 out of 10000000
DEBUG: Total dvariable address used is 2083 out of 150000
DEBUG: Total dvariable address used is 3541056 out of 50000000
DEBUG: Total gradient stack used is 370220 out of 10000000
DEBUG: Total dvariable address used is 2083 out of 150000
DEBUG: Total dvariable address used is 3541056 out of 50000000
DEBUG: Total gradient stack used is 370220 out of 10000000
DEBUG: Total dvariable address used is 2083 out of 150000
DEBUG: Total dvariable address used is 3541056 out of 50000000
DEBUG: Total gradient stack used is 370234 out of 10000000
DEBUG: Total dvariable address used is 2083 out of 150000
DEBUG: Total dvariable address used is 3541056 out of 50000000
DEBUG: Total gradient stack used is 370234 out of 10000000
DEBUG: Total dvariable address used is 2083 out of 150000
DEBUG: Total dvariable address used is 3541056 out of 50000000
DEBUG: Total gradient stack used is 370245 out of 10000000
DEBUG: Total dvariable address used is 2083 out of 150000
DEBUG: Total dvariable address used is 3541056 out of 50000000
DEBUG: Total gradient stack used is 370259 out of 10000000
DEBUG: Total dvariable address used is 2083 out of 150000
DEBUG: Total dvariable address used is 3541056 out of 50000000
DEBUG: Total gradient stack used is 370245 out of 10000000
DEBUG: Total dvariable address used is 2083 out of 150000
DEBUG: Total dvariable address used is 3541056 out of 50000000
DEBUG: Total gradient stack used is 370242 out of 10000000
DEBUG: Total dvariable address used is 2083 out of 150000
DEBUG: Total dvariable address used is 3541056 out of 50000000
DEBUG: Total gradient stack used is 370256 out of 10000000
DEBUG: Total dvariable address used is 2083 out of 150000
DEBUG: Total dvariable address used is 3541056 out of 50000000
DEBUG: Total gradient stack used is 370244 out of 10000000
DEBUG: Total dvariable address used is 2083 out of 150000
DEBUG: Total dvariable address used is 3541056 out of 50000000
DEBUG: Total gradient stack used is 370241 out of 10000000
DEBUG: Total dvariable address used is 2083 out of 150000
DEBUG: Total dvariable address used is 3541056 out of 50000000
DEBUG: Total gradient stack used is 370238 out of 10000000
DEBUG: Total dvariable address used is 2083 out of 150000
DEBUG: Total dvariable address used is 3541056 out of 50000000
DEBUG: Total gradient stack used is 370243 out of 10000000
DEBUG: Total dvariable address used is 2083 out of 150000
DEBUG: Total dvariable address used is 3541056 out of 50000000
DEBUG: Total gradient stack used is 370251 out of 10000000
DEBUG: Total dvariable address used is 2083 out of 150000
DEBUG: Total dvariable address used is 3541056 out of 50000000
DEBUG: Total gradient stack used is 370248 out of 10000000
DEBUG: Total dvariable address used is 2083 out of 150000
DEBUG: Total dvariable address used is 3541056 out of 50000000
DEBUG: Total gradient stack used is 370248 out of 10000000
DEBUG: Total dvariable address used is 2083 out of 150000
DEBUG: Total dvariable address used is 3541056 out of 50000000
DEBUG: Total gradient stack used is 370248 out of 10000000
DEBUG: Total dvariable address used is 2083 out of 150000
DEBUG: Total dvariable address used is 3541056 out of 50000000
DEBUG: Total gradient stack used is 370251 out of 10000000
DEBUG: Total dvariable address used is 2083 out of 150000
DEBUG: Total dvariable address used is 3541056 out of 50000000
DEBUG: Total gradient stack used is 370234 out of 10000000
DEBUG: Total dvariable address used is 2083 out of 150000
DEBUG: Total dvariable address used is 3541056 out of 50000000
DEBUG: Total gradient stack used is 370248 out of 10000000
DEBUG: Total dvariable address used is 2083 out of 150000
DEBUG: Total dvariable address used is 3541056 out of 50000000
DEBUG: Total gradient stack used is 370262 out of 10000000
DEBUG: Total dvariable address used is 2083 out of 150000
DEBUG: Total dvariable address used is 3541056 out of 50000000
DEBUG: Total gradient stack used is 370253 out of 10000000
DEBUG: Total dvariable address used is 2083 out of 150000
DEBUG: Total dvariable address used is 3541056 out of 50000000
DEBUG: Total gradient stack used is 370253 out of 10000000
DEBUG: Total dvariable address used is 2083 out of 150000
DEBUG: Total dvariable address used is 3541056 out of 50000000
DEBUG: Total gradient stack used is 370253 out of 10000000
DEBUG: Total dvariable address used is 2083 out of 150000
DEBUG: Total dvariable address used is 3541056 out of 50000000
DEBUG: Total gradient stack used is 370247 out of 10000000
DEBUG: Total dvariable address used is 2083 out of 150000
DEBUG: Total dvariable address used is 3541056 out of 50000000
DEBUG: Total gradient stack used is 370253 out of 10000000
DEBUG: Total dvariable address used is 2083 out of 150000
DEBUG: Total dvariable address used is 3541056 out of 50000000
DEBUG: Total gradient stack used is 370253 out of 10000000
DEBUG: Total dvariable address used is 2083 out of 150000
DEBUG: Total dvariable address used is 3541056 out of 50000000
DEBUG: Total gradient stack used is 370250 out of 10000000
DEBUG: Total dvariable address used is 2083 out of 150000
DEBUG: Total dvariable address used is 3541056 out of 50000000
DEBUG: Total gradient stack used is 370250 out of 10000000
DEBUG: Total dvariable address used is 2083 out of 150000
DEBUG: Total dvariable address used is 3541056 out of 50000000
DEBUG: Total gradient stack used is 370247 out of 10000000
DEBUG: Total dvariable address used is 2083 out of 150000
DEBUG: Total dvariable address used is 3541056 out of 50000000
DEBUG: Total gradient stack used is 370258 out of 10000000
DEBUG: Total dvariable address used is 2083 out of 150000
DEBUG: Total dvariable address used is 3541056 out of 50000000
DEBUG: Total gradient stack used is 370283 out of 10000000
DEBUG: Total dvariable address used is 2083 out of 150000
DEBUG: Total dvariable address used is 3541056 out of 50000000
DEBUG: Total gradient stack used is 370302 out of 10000000
DEBUG: Total dvariable address used is 2083 out of 150000
DEBUG: Total dvariable address used is 3541056 out of 50000000
DEBUG: Total gradient stack used is 370315 out of 10000000
DEBUG: Total dvariable address used is 2083 out of 150000
DEBUG: Total dvariable address used is 3541056 out of 50000000
DEBUG: Total gradient stack used is 370312 out of 10000000
DEBUG: Total dvariable address used is 2083 out of 150000
DEBUG: Total dvariable address used is 3541056 out of 50000000
DEBUG: Total gradient stack used is 370310 out of 10000000
DEBUG: Total dvariable address used is 2083 out of 150000
DEBUG: Total dvariable address used is 3541056 out of 50000000
DEBUG: Total gradient stack used is 370336 out of 10000000
DEBUG: Total dvariable address used is 2083 out of 150000
DEBUG: Total dvariable address used is 3541056 out of 50000000
DEBUG: Total gradient stack used is 370340 out of 10000000
DEBUG: Total dvariable address used is 2083 out of 150000
DEBUG: Total dvariable address used is 3541056 out of 50000000
DEBUG: Total gradient stack used is 370355 out of 10000000
DEBUG: Total dvariable address used is 2083 out of 150000
DEBUG: Total dvariable address used is 3541056 out of 50000000
DEBUG: Total gradient stack used is 370064 out of 10000000
DEBUG: Total dvariable address used is 2083 out of 150000
DEBUG: Total dvariable address used is 3541056 out of 50000000
DEBUG: Total gradient stack used is 370135 out of 10000000
DEBUG: Total dvariable address used is 2083 out of 150000
DEBUG: Total dvariable address used is 3541056 out of 50000000
DEBUG: Total gradient stack used is 370132 out of 10000000
DEBUG: Total dvariable address used is 2083 out of 150000
DEBUG: Total dvariable address used is 3541056 out of 50000000
DEBUG: Total gradient stack used is 370162 out of 10000000
DEBUG: Total dvariable address used is 2083 out of 150000
DEBUG: Total dvariable address used is 3541056 out of 50000000
DEBUG: Total gradient stack used is 370173 out of 10000000
DEBUG: Total dvariable address used is 2083 out of 150000
DEBUG: Total dvariable address used is 3541056 out of 50000000
DEBUG: Total gradient stack used is 370183 out of 10000000
DEBUG: Total dvariable address used is 2083 out of 150000
DEBUG: Total dvariable address used is 3541056 out of 50000000
DEBUG: Total gradient stack used is 370197 out of 10000000
DEBUG: Total dvariable address used is 2083 out of 150000
DEBUG: Total dvariable address used is 3541056 out of 50000000
DEBUG: Total gradient stack used is 370210 out of 10000000
DEBUG: Total dvariable address used is 2083 out of 150000
DEBUG: Total dvariable address used is 3541056 out of 50000000
DEBUG: Total gradient stack used is 370207 out of 10000000
DEBUG: Total dvariable address used is 2083 out of 150000
DEBUG: Total dvariable address used is 3541056 out of 50000000
DEBUG: Total gradient stack used is 370204 out of 10000000
DEBUG: Total dvariable address used is 2083 out of 150000
DEBUG: Total dvariable address used is 3541056 out of 50000000
DEBUG: Total gradient stack used is 370204 out of 10000000
DEBUG: Total dvariable address used is 2083 out of 150000
DEBUG: Total dvariable address used is 3541056 out of 50000000
DEBUG: Total gradient stack used is 370201 out of 10000000
DEBUG: Total dvariable address used is 2083 out of 150000
DEBUG: Total dvariable address used is 3541056 out of 50000000
DEBUG: Total gradient stack used is 370201 out of 10000000
DEBUG: Total dvariable address used is 2083 out of 150000
DEBUG: Total dvariable address used is 3541056 out of 50000000
DEBUG: Total gradient stack used is 370201 out of 10000000
DEBUG: Total dvariable address used is 2083 out of 150000
DEBUG: Total dvariable address used is 3541056 out of 50000000
DEBUG: Total gradient stack used is 370201 out of 10000000
DEBUG: Total dvariable address used is 2083 out of 150000
DEBUG: Total dvariable address used is 3541056 out of 50000000
DEBUG: Total gradient stack used is 370201 out of 10000000
DEBUG: Total dvariable address used is 2083 out of 150000
DEBUG: Total dvariable address used is 3541056 out of 50000000
DEBUG: Total gradient stack used is 370201 out of 10000000
DEBUG: Total dvariable address used is 2083 out of 150000
DEBUG: Total dvariable address used is 3541056 out of 50000000
DEBUG: Total gradient stack used is 370201 out of 10000000
DEBUG: Total dvariable address used is 2083 out of 150000
DEBUG: Total dvariable address used is 3541056 out of 50000000
DEBUG: Total gradient stack used is 370201 out of 10000000
DEBUG: Total dvariable address used is 2083 out of 150000
DEBUG: Total dvariable address used is 3541056 out of 50000000
DEBUG: Total gradient stack used is 370201 out of 10000000
DEBUG: Total dvariable address used is 2083 out of 150000
DEBUG: Total dvariable address used is 3541056 out of 50000000
DEBUG: Total gradient stack used is 370201 out of 10000000
DEBUG: Total dvariable address used is 2083 out of 150000
DEBUG: Total dvariable address used is 3541056 out of 50000000
DEBUG: Total gradient stack used is 370201 out of 10000000
DEBUG: Total dvariable address used is 2083 out of 150000
DEBUG: Total dvariable address used is 3541056 out of 50000000
DEBUG: Total gradient stack used is 370198 out of 10000000
DEBUG: Total dvariable address used is 2083 out of 150000
DEBUG: Total dvariable address used is 3541056 out of 50000000
DEBUG: Total gradient stack used is 370220 out of 10000000
DEBUG: Total dvariable address used is 2083 out of 150000
DEBUG: Total dvariable address used is 3541056 out of 50000000
DEBUG: Total gradient stack used is 370214 out of 10000000
DEBUG: Total dvariable address used is 2083 out of 150000
DEBUG: Total dvariable address used is 3541056 out of 50000000
DEBUG: Total gradient stack used is 370235 out of 10000000
DEBUG: Total dvariable address used is 2083 out of 150000
DEBUG: Total dvariable address used is 3541056 out of 50000000
DEBUG: Total gradient stack used is 370259 out of 10000000
DEBUG: Total dvariable address used is 2083 out of 150000
DEBUG: Total dvariable address used is 3541056 out of 50000000
DEBUG: Total gradient stack used is 370237 out of 10000000
DEBUG: Total dvariable address used is 2083 out of 150000
DEBUG: Total dvariable address used is 3541056 out of 50000000
DEBUG: Total gradient stack used is 370281 out of 10000000
DEBUG: Total dvariable address used is 2083 out of 150000
DEBUG: Total dvariable address used is 3541056 out of 50000000
DEBUG: Total gradient stack used is 370251 out of 10000000
DEBUG: Total dvariable address used is 2083 out of 150000
DEBUG: Total dvariable address used is 3541056 out of 50000000
DEBUG: Total gradient stack used is 370258 out of 10000000
DEBUG: Total dvariable address used is 2083 out of 150000
DEBUG: Total dvariable address used is 3541056 out of 50000000
DEBUG: Total gradient stack used is 370275 out of 10000000
DEBUG: Total dvariable address used is 2083 out of 150000
DEBUG: Total dvariable address used is 3541056 out of 50000000
DEBUG: Total gradient stack used is 370275 out of 10000000
DEBUG: Total dvariable address used is 2083 out of 150000
DEBUG: Total dvariable address used is 3541056 out of 50000000
DEBUG: Total gradient stack used is 370285 out of 10000000
DEBUG: Total dvariable address used is 2083 out of 150000
DEBUG: Total dvariable address used is 3541056 out of 50000000
DEBUG: Total gradient stack used is 370276 out of 10000000
DEBUG: Total dvariable address used is 2083 out of 150000
DEBUG: Total dvariable address used is 3541056 out of 50000000
DEBUG: Total gradient stack used is 370276 out of 10000000
DEBUG: Total dvariable address used is 2083 out of 150000
DEBUG: Total dvariable address used is 3541056 out of 50000000
DEBUG: Total gradient stack used is 370276 out of 10000000
DEBUG: Total dvariable address used is 2083 out of 150000
DEBUG: Total dvariable address used is 3541056 out of 50000000
DEBUG: Total gradient stack used is 370276 out of 10000000
DEBUG: Total dvariable address used is 2083 out of 150000
DEBUG: Total dvariable address used is 3541056 out of 50000000
DEBUG: Total gradient stack used is 370276 out of 10000000
DEBUG: Total dvariable address used is 2083 out of 150000
DEBUG: Total dvariable address used is 3541056 out of 50000000
DEBUG: Total gradient stack used is 370282 out of 10000000
DEBUG: Total dvariable address used is 2083 out of 150000
DEBUG: Total dvariable address used is 3541056 out of 50000000
DEBUG: Total gradient stack used is 370279 out of 10000000
DEBUG: Total dvariable address used is 2083 out of 150000
DEBUG: Total dvariable address used is 3541056 out of 50000000
DEBUG: Total gradient stack used is 370276 out of 10000000
DEBUG: Total dvariable address used is 2083 out of 150000
DEBUG: Total dvariable address used is 3541056 out of 50000000
DEBUG: Total gradient stack used is 370276 out of 10000000
DEBUG: Total dvariable address used is 2083 out of 150000
DEBUG: Total dvariable address used is 3541056 out of 50000000
DEBUG: Total gradient stack used is 370276 out of 10000000
DEBUG: Total dvariable address used is 2083 out of 150000
DEBUG: Total dvariable address used is 3541056 out of 50000000
DEBUG: Total gradient stack used is 370276 out of 10000000
DEBUG: Total dvariable address used is 2083 out of 150000
DEBUG: Total dvariable address used is 3541056 out of 50000000
DEBUG: Total gradient stack used is 370276 out of 10000000
DEBUG: Total dvariable address used is 2083 out of 150000
DEBUG: Total dvariable address used is 3541056 out of 50000000
DEBUG: Total gradient stack used is 370276 out of 10000000
DEBUG: Total dvariable address used is 2083 out of 150000
DEBUG: Total dvariable address used is 3541056 out of 50000000
DEBUG: Total gradient stack used is 370276 out of 10000000
DEBUG: Total dvariable address used is 2083 out of 150000
DEBUG: Total dvariable address used is 3541056 out of 50000000
DEBUG: Total gradient stack used is 370279 out of 10000000
DEBUG: Total dvariable address used is 2083 out of 150000
DEBUG: Total dvariable address used is 3541056 out of 50000000
DEBUG: Total gradient stack used is 370282 out of 10000000
DEBUG: Total dvariable address used is 2083 out of 150000
DEBUG: Total dvariable address used is 3541056 out of 50000000
DEBUG: Total gradient stack used is 370282 out of 10000000
DEBUG: Total dvariable address used is 2083 out of 150000
DEBUG: Total dvariable address used is 3541056 out of 50000000
DEBUG: Total gradient stack used is 370279 out of 10000000
DEBUG: Total dvariable address used is 2083 out of 150000
DEBUG: Total dvariable address used is 3541056 out of 50000000
DEBUG: Total gradient stack used is 370276 out of 10000000
DEBUG: Total dvariable address used is 2083 out of 150000
DEBUG: Total dvariable address used is 3541056 out of 50000000
DEBUG: Total gradient stack used is 370267 out of 10000000
DEBUG: Total dvariable address used is 2083 out of 150000
DEBUG: Total dvariable address used is 3541056 out of 50000000
DEBUG: Total gradient stack used is 370287 out of 10000000
DEBUG: Total dvariable address used is 2083 out of 150000
DEBUG: Total dvariable address used is 3541056 out of 50000000
DEBUG: Total gradient stack used is 370345 out of 10000000
DEBUG: Total dvariable address used is 2083 out of 150000
DEBUG: Total dvariable address used is 3541056 out of 50000000
DEBUG: Total gradient stack used is 370342 out of 10000000
DEBUG: Total dvariable address used is 2083 out of 150000
DEBUG: Total dvariable address used is 3541056 out of 50000000
DEBUG: Total gradient stack used is 370342 out of 10000000
DEBUG: Total dvariable address used is 2083 out of 150000
DEBUG: Total dvariable address used is 3541056 out of 50000000
DEBUG: Total gradient stack used is 370342 out of 10000000
DEBUG: Total dvariable address used is 2083 out of 150000
DEBUG: Total dvariable address used is 3541056 out of 50000000
DEBUG: Total gradient stack used is 370331 out of 10000000
DEBUG: Total dvariable address used is 2083 out of 150000
DEBUG: Total dvariable address used is 3541056 out of 50000000
DEBUG: Total gradient stack used is 370342 out of 10000000
DEBUG: Total dvariable address used is 2083 out of 150000
DEBUG: Total dvariable address used is 3541056 out of 50000000
DEBUG: Total gradient stack used is 370331 out of 10000000
DEBUG: Total dvariable address used is 2083 out of 150000
DEBUG: Total dvariable address used is 3541056 out of 50000000
DEBUG: Total gradient stack used is 370342 out of 10000000
DEBUG: Total dvariable address used is 2083 out of 150000
DEBUG: Total dvariable address used is 3541056 out of 50000000
DEBUG: Total gradient stack used is 370342 out of 10000000
DEBUG: Total dvariable address used is 2083 out of 150000
DEBUG: Total dvariable address used is 3541056 out of 50000000
DEBUG: Total gradient stack used is 370342 out of 10000000
DEBUG: Total dvariable address used is 2083 out of 150000
DEBUG: Total dvariable address used is 3541056 out of 50000000
phase= 3 | nvar=367 | iter=300 | nll=-1.91e+04 | mag=5.60e+03 | par[  1]=T_pars_est[3]
DEBUG: Total gradient stack used is 370342 out of 10000000
DEBUG: Total dvariable address used is 2083 out of 150000
DEBUG: Total dvariable address used is 3541056 out of 50000000
DEBUG: Total gradient stack used is 370342 out of 10000000
DEBUG: Total dvariable address used is 2083 out of 150000
DEBUG: Total dvariable address used is 3541056 out of 50000000
DEBUG: Total gradient stack used is 370342 out of 10000000
DEBUG: Total dvariable address used is 2083 out of 150000
DEBUG: Total dvariable address used is 3541056 out of 50000000
DEBUG: Total gradient stack used is 370342 out of 10000000
DEBUG: Total dvariable address used is 2083 out of 150000
DEBUG: Total dvariable address used is 3541056 out of 50000000
DEBUG: Total gradient stack used is 370342 out of 10000000
DEBUG: Total dvariable address used is 2083 out of 150000
DEBUG: Total dvariable address used is 3541056 out of 50000000
DEBUG: Total gradient stack used is 370342 out of 10000000
DEBUG: Total dvariable address used is 2083 out of 150000
DEBUG: Total dvariable address used is 3541056 out of 50000000
DEBUG: Total gradient stack used is 370342 out of 10000000
DEBUG: Total dvariable address used is 2083 out of 150000
DEBUG: Total dvariable address used is 3541056 out of 50000000
DEBUG: Total gradient stack used is 370342 out of 10000000
DEBUG: Total dvariable address used is 2083 out of 150000
DEBUG: Total dvariable address used is 3541056 out of 50000000
DEBUG: Total gradient stack used is 370345 out of 10000000
DEBUG: Total dvariable address used is 2083 out of 150000
DEBUG: Total dvariable address used is 3541056 out of 50000000
DEBUG: Total gradient stack used is 370342 out of 10000000
DEBUG: Total dvariable address used is 2083 out of 150000
DEBUG: Total dvariable address used is 3541056 out of 50000000
DEBUG: Total gradient stack used is 370342 out of 10000000
DEBUG: Total dvariable address used is 2083 out of 150000
DEBUG: Total dvariable address used is 3541056 out of 50000000
DEBUG: Total gradient stack used is 370342 out of 10000000
DEBUG: Total dvariable address used is 2083 out of 150000
DEBUG: Total dvariable address used is 3541056 out of 50000000
DEBUG: Total gradient stack used is 370331 out of 10000000
DEBUG: Total dvariable address used is 2083 out of 150000
DEBUG: Total dvariable address used is 3541056 out of 50000000
DEBUG: Total gradient stack used is 370331 out of 10000000
DEBUG: Total dvariable address used is 2083 out of 150000
DEBUG: Total dvariable address used is 3541056 out of 50000000
DEBUG: Total gradient stack used is 370331 out of 10000000
DEBUG: Total dvariable address used is 2083 out of 150000
DEBUG: Total dvariable address used is 3541056 out of 50000000
DEBUG: Total gradient stack used is 370331 out of 10000000
DEBUG: Total dvariable address used is 2083 out of 150000
DEBUG: Total dvariable address used is 3541056 out of 50000000
DEBUG: Total gradient stack used is 370334 out of 10000000
DEBUG: Total dvariable address used is 2083 out of 150000
DEBUG: Total dvariable address used is 3541056 out of 50000000
DEBUG: Total gradient stack used is 370331 out of 10000000
DEBUG: Total dvariable address used is 2083 out of 150000
DEBUG: Total dvariable address used is 3541056 out of 50000000
DEBUG: Total gradient stack used is 370331 out of 10000000
DEBUG: Total dvariable address used is 2083 out of 150000
DEBUG: Total dvariable address used is 3541056 out of 50000000
DEBUG: Total gradient stack used is 370331 out of 10000000
DEBUG: Total dvariable address used is 2083 out of 150000
DEBUG: Total dvariable address used is 3541056 out of 50000000
DEBUG: Total gradient stack used is 370331 out of 10000000
DEBUG: Total dvariable address used is 2083 out of 150000
DEBUG: Total dvariable address used is 3541056 out of 50000000
DEBUG: Total gradient stack used is 370331 out of 10000000
DEBUG: Total dvariable address used is 2083 out of 150000
DEBUG: Total dvariable address used is 3541056 out of 50000000
DEBUG: Total gradient stack used is 370331 out of 10000000
DEBUG: Total dvariable address used is 2083 out of 150000
DEBUG: Total dvariable address used is 3541056 out of 50000000
DEBUG: Total gradient stack used is 370331 out of 10000000
DEBUG: Total dvariable address used is 2083 out of 150000
DEBUG: Total dvariable address used is 3541056 out of 50000000
DEBUG: Total gradient stack used is 370331 out of 10000000
DEBUG: Total dvariable address used is 2083 out of 150000
DEBUG: Total dvariable address used is 3541056 out of 50000000
DEBUG: Total gradient stack used is 370334 out of 10000000
DEBUG: Total dvariable address used is 2083 out of 150000
DEBUG: Total dvariable address used is 3541056 out of 50000000
DEBUG: Total gradient stack used is 370320 out of 10000000
DEBUG: Total dvariable address used is 2083 out of 150000
DEBUG: Total dvariable address used is 3541056 out of 50000000
DEBUG: Total gradient stack used is 370317 out of 10000000
DEBUG: Total dvariable address used is 2083 out of 150000
DEBUG: Total dvariable address used is 3541056 out of 50000000
DEBUG: Total gradient stack used is 370317 out of 10000000
DEBUG: Total dvariable address used is 2083 out of 150000
DEBUG: Total dvariable address used is 3541056 out of 50000000
DEBUG: Total gradient stack used is 370317 out of 10000000
DEBUG: Total dvariable address used is 2083 out of 150000
DEBUG: Total dvariable address used is 3541056 out of 50000000
DEBUG: Total gradient stack used is 370328 out of 10000000
DEBUG: Total dvariable address used is 2083 out of 150000
DEBUG: Total dvariable address used is 3541056 out of 50000000
DEBUG: Total gradient stack used is 370331 out of 10000000
DEBUG: Total dvariable address used is 2083 out of 150000
DEBUG: Total dvariable address used is 3541056 out of 50000000
DEBUG: Total gradient stack used is 370345 out of 10000000
DEBUG: Total dvariable address used is 2083 out of 150000
DEBUG: Total dvariable address used is 3541056 out of 50000000
DEBUG: Total gradient stack used is 370328 out of 10000000
DEBUG: Total dvariable address used is 2083 out of 150000
DEBUG: Total dvariable address used is 3541056 out of 50000000
DEBUG: Total gradient stack used is 370330 out of 10000000
DEBUG: Total dvariable address used is 2083 out of 150000
DEBUG: Total dvariable address used is 3541056 out of 50000000
DEBUG: Total gradient stack used is 370321 out of 10000000
DEBUG: Total dvariable address used is 2083 out of 150000
DEBUG: Total dvariable address used is 3541056 out of 50000000
DEBUG: Total gradient stack used is 370321 out of 10000000
DEBUG: Total dvariable address used is 2083 out of 150000
DEBUG: Total dvariable address used is 3541056 out of 50000000
DEBUG: Total gradient stack used is 370321 out of 10000000
DEBUG: Total dvariable address used is 2083 out of 150000
DEBUG: Total dvariable address used is 3541056 out of 50000000
DEBUG: Total gradient stack used is 370321 out of 10000000
DEBUG: Total dvariable address used is 2083 out of 150000
DEBUG: Total dvariable address used is 3541056 out of 50000000
DEBUG: Total gradient stack used is 370321 out of 10000000
DEBUG: Total dvariable address used is 2083 out of 150000
DEBUG: Total dvariable address used is 3541056 out of 50000000
DEBUG: Total gradient stack used is 370321 out of 10000000
DEBUG: Total dvariable address used is 2083 out of 150000
DEBUG: Total dvariable address used is 3541056 out of 50000000
DEBUG: Total gradient stack used is 370321 out of 10000000
DEBUG: Total dvariable address used is 2083 out of 150000
DEBUG: Total dvariable address used is 3541056 out of 50000000
DEBUG: Total gradient stack used is 370321 out of 10000000
DEBUG: Total dvariable address used is 2083 out of 150000
DEBUG: Total dvariable address used is 3541056 out of 50000000
DEBUG: Total gradient stack used is 370321 out of 10000000
DEBUG: Total dvariable address used is 2083 out of 150000
DEBUG: Total dvariable address used is 3541056 out of 50000000
DEBUG: Total gradient stack used is 370321 out of 10000000
DEBUG: Total dvariable address used is 2083 out of 150000
DEBUG: Total dvariable address used is 3541056 out of 50000000
DEBUG: Total gradient stack used is 370321 out of 10000000
DEBUG: Total dvariable address used is 2083 out of 150000
DEBUG: Total dvariable address used is 3541056 out of 50000000
DEBUG: Total gradient stack used is 370335 out of 10000000
DEBUG: Total dvariable address used is 2083 out of 150000
DEBUG: Total dvariable address used is 3541056 out of 50000000
DEBUG: Total gradient stack used is 370072 out of 10000000
DEBUG: Total dvariable address used is 2083 out of 150000
DEBUG: Total dvariable address used is 3541056 out of 50000000
DEBUG: Total gradient stack used is 370064 out of 10000000
DEBUG: Total dvariable address used is 2083 out of 150000
DEBUG: Total dvariable address used is 3541056 out of 50000000
DEBUG: Total gradient stack used is 370113 out of 10000000
DEBUG: Total dvariable address used is 2083 out of 150000
DEBUG: Total dvariable address used is 3541056 out of 50000000
DEBUG: Total gradient stack used is 370113 out of 10000000
DEBUG: Total dvariable address used is 2083 out of 150000
DEBUG: Total dvariable address used is 3541056 out of 50000000
DEBUG: Total gradient stack used is 370113 out of 10000000
DEBUG: Total dvariable address used is 2083 out of 150000
DEBUG: Total dvariable address used is 3541056 out of 50000000
DEBUG: Total gradient stack used is 370107 out of 10000000
DEBUG: Total dvariable address used is 2083 out of 150000
DEBUG: Total dvariable address used is 3541056 out of 50000000
DEBUG: Total gradient stack used is 370113 out of 10000000
DEBUG: Total dvariable address used is 2083 out of 150000
DEBUG: Total dvariable address used is 3541056 out of 50000000
DEBUG: Total gradient stack used is 370113 out of 10000000
DEBUG: Total dvariable address used is 2083 out of 150000
DEBUG: Total dvariable address used is 3541056 out of 50000000
DEBUG: Total gradient stack used is 370113 out of 10000000
DEBUG: Total dvariable address used is 2083 out of 150000
DEBUG: Total dvariable address used is 3541056 out of 50000000
DEBUG: Total gradient stack used is 370113 out of 10000000
DEBUG: Total dvariable address used is 2083 out of 150000
DEBUG: Total dvariable address used is 3541056 out of 50000000
DEBUG: Total gradient stack used is 370113 out of 10000000
DEBUG: Total dvariable address used is 2083 out of 150000
DEBUG: Total dvariable address used is 3541056 out of 50000000
DEBUG: Total gradient stack used is 370113 out of 10000000
DEBUG: Total dvariable address used is 2083 out of 150000
DEBUG: Total dvariable address used is 3541056 out of 50000000
DEBUG: Total gradient stack used is 370113 out of 10000000
DEBUG: Total dvariable address used is 2083 out of 150000
DEBUG: Total dvariable address used is 3541056 out of 50000000
DEBUG: Total gradient stack used is 370113 out of 10000000
DEBUG: Total dvariable address used is 2083 out of 150000
DEBUG: Total dvariable address used is 3541056 out of 50000000
DEBUG: Total gradient stack used is 370110 out of 10000000
DEBUG: Total dvariable address used is 2083 out of 150000
DEBUG: Total dvariable address used is 3541056 out of 50000000
DEBUG: Total gradient stack used is 370118 out of 10000000
DEBUG: Total dvariable address used is 2083 out of 150000
DEBUG: Total dvariable address used is 3541056 out of 50000000
DEBUG: Total gradient stack used is 370134 out of 10000000
DEBUG: Total dvariable address used is 2083 out of 150000
DEBUG: Total dvariable address used is 3541056 out of 50000000
DEBUG: Total gradient stack used is 370167 out of 10000000
DEBUG: Total dvariable address used is 2083 out of 150000
DEBUG: Total dvariable address used is 3541056 out of 50000000
DEBUG: Total gradient stack used is 370186 out of 10000000
DEBUG: Total dvariable address used is 2083 out of 150000
DEBUG: Total dvariable address used is 3541056 out of 50000000
DEBUG: Total gradient stack used is 370167 out of 10000000
DEBUG: Total dvariable address used is 2083 out of 150000
DEBUG: Total dvariable address used is 3541056 out of 50000000
DEBUG: Total gradient stack used is 370164 out of 10000000
DEBUG: Total dvariable address used is 2083 out of 150000
DEBUG: Total dvariable address used is 3541056 out of 50000000
DEBUG: Total gradient stack used is 370167 out of 10000000
DEBUG: Total dvariable address used is 2083 out of 150000
DEBUG: Total dvariable address used is 3541056 out of 50000000
DEBUG: Total gradient stack used is 370178 out of 10000000
DEBUG: Total dvariable address used is 2083 out of 150000
DEBUG: Total dvariable address used is 3541056 out of 50000000
DEBUG: Total gradient stack used is 370175 out of 10000000
DEBUG: Total dvariable address used is 2083 out of 150000
DEBUG: Total dvariable address used is 3541056 out of 50000000
DEBUG: Total gradient stack used is 370183 out of 10000000
DEBUG: Total dvariable address used is 2083 out of 150000
DEBUG: Total dvariable address used is 3541056 out of 50000000
DEBUG: Total gradient stack used is 370138 out of 10000000
DEBUG: Total dvariable address used is 2083 out of 150000
DEBUG: Total dvariable address used is 3541056 out of 50000000
DEBUG: Total gradient stack used is 369925 out of 10000000
DEBUG: Total dvariable address used is 2083 out of 150000
DEBUG: Total dvariable address used is 3541056 out of 50000000
DEBUG: Total gradient stack used is 370144 out of 10000000
DEBUG: Total dvariable address used is 2083 out of 150000
DEBUG: Total dvariable address used is 3541056 out of 50000000
DEBUG: Total gradient stack used is 370158 out of 10000000
DEBUG: Total dvariable address used is 2083 out of 150000
DEBUG: Total dvariable address used is 3541056 out of 50000000
DEBUG: Total gradient stack used is 370144 out of 10000000
DEBUG: Total dvariable address used is 2083 out of 150000
DEBUG: Total dvariable address used is 3541056 out of 50000000
DEBUG: Total gradient stack used is 370158 out of 10000000
DEBUG: Total dvariable address used is 2083 out of 150000
DEBUG: Total dvariable address used is 3541056 out of 50000000
DEBUG: Total gradient stack used is 370149 out of 10000000
DEBUG: Total dvariable address used is 2083 out of 150000
DEBUG: Total dvariable address used is 3541056 out of 50000000
DEBUG: Total gradient stack used is 369905 out of 10000000
DEBUG: Total dvariable address used is 2083 out of 150000
DEBUG: Total dvariable address used is 3541056 out of 50000000
DEBUG: Total gradient stack used is 369918 out of 10000000
DEBUG: Total dvariable address used is 2083 out of 150000
DEBUG: Total dvariable address used is 3541056 out of 50000000
DEBUG: Total gradient stack used is 369905 out of 10000000
DEBUG: Total dvariable address used is 2083 out of 150000
DEBUG: Total dvariable address used is 3541056 out of 50000000
DEBUG: Total gradient stack used is 369913 out of 10000000
DEBUG: Total dvariable address used is 2083 out of 150000
DEBUG: Total dvariable address used is 3541056 out of 50000000
DEBUG: Total gradient stack used is 369910 out of 10000000
DEBUG: Total dvariable address used is 2083 out of 150000
DEBUG: Total dvariable address used is 3541056 out of 50000000
DEBUG: Total gradient stack used is 369903 out of 10000000
DEBUG: Total dvariable address used is 2083 out of 150000
DEBUG: Total dvariable address used is 3541056 out of 50000000
DEBUG: Total gradient stack used is 369948 out of 10000000
DEBUG: Total dvariable address used is 2083 out of 150000
DEBUG: Total dvariable address used is 3541056 out of 50000000
DEBUG: Total gradient stack used is 369891 out of 10000000
DEBUG: Total dvariable address used is 2083 out of 150000
DEBUG: Total dvariable address used is 3541056 out of 50000000
DEBUG: Total gradient stack used is 369885 out of 10000000
DEBUG: Total dvariable address used is 2083 out of 150000
DEBUG: Total dvariable address used is 3541056 out of 50000000
DEBUG: Total gradient stack used is 369885 out of 10000000
DEBUG: Total dvariable address used is 2083 out of 150000
DEBUG: Total dvariable address used is 3541056 out of 50000000
DEBUG: Total gradient stack used is 369885 out of 10000000
DEBUG: Total dvariable address used is 2083 out of 150000
DEBUG: Total dvariable address used is 3541056 out of 50000000
DEBUG: Total gradient stack used is 369885 out of 10000000
DEBUG: Total dvariable address used is 2083 out of 150000
DEBUG: Total dvariable address used is 3541056 out of 50000000
DEBUG: Total gradient stack used is 369890 out of 10000000
DEBUG: Total dvariable address used is 2083 out of 150000
DEBUG: Total dvariable address used is 3541056 out of 50000000
DEBUG: Total gradient stack used is 369958 out of 10000000
DEBUG: Total dvariable address used is 2083 out of 150000
DEBUG: Total dvariable address used is 3541056 out of 50000000
DEBUG: Total gradient stack used is 369993 out of 10000000
DEBUG: Total dvariable address used is 2083 out of 150000
DEBUG: Total dvariable address used is 3541056 out of 50000000
DEBUG: Total gradient stack used is 369957 out of 10000000
DEBUG: Total dvariable address used is 2083 out of 150000
DEBUG: Total dvariable address used is 3541056 out of 50000000
DEBUG: Total gradient stack used is 369969 out of 10000000
DEBUG: Total dvariable address used is 2083 out of 150000
DEBUG: Total dvariable address used is 3541056 out of 50000000
DEBUG: Total gradient stack used is 369963 out of 10000000
DEBUG: Total dvariable address used is 2083 out of 150000
DEBUG: Total dvariable address used is 3541056 out of 50000000
DEBUG: Total gradient stack used is 369969 out of 10000000
DEBUG: Total dvariable address used is 2083 out of 150000
DEBUG: Total dvariable address used is 3541056 out of 50000000
DEBUG: Total gradient stack used is 369969 out of 10000000
DEBUG: Total dvariable address used is 2083 out of 150000
DEBUG: Total dvariable address used is 3541056 out of 50000000
DEBUG: Total gradient stack used is 369963 out of 10000000
DEBUG: Total dvariable address used is 2083 out of 150000
DEBUG: Total dvariable address used is 3541056 out of 50000000
DEBUG: Total gradient stack used is 369951 out of 10000000
DEBUG: Total dvariable address used is 2083 out of 150000
DEBUG: Total dvariable address used is 3541056 out of 50000000
DEBUG: Total gradient stack used is 369967 out of 10000000
DEBUG: Total dvariable address used is 2083 out of 150000
DEBUG: Total dvariable address used is 3541056 out of 50000000
DEBUG: Total gradient stack used is 369948 out of 10000000
DEBUG: Total dvariable address used is 2083 out of 150000
DEBUG: Total dvariable address used is 3541056 out of 50000000
DEBUG: Total gradient stack used is 369948 out of 10000000
DEBUG: Total dvariable address used is 2083 out of 150000
DEBUG: Total dvariable address used is 3541056 out of 50000000
DEBUG: Total gradient stack used is 370002 out of 10000000
DEBUG: Total dvariable address used is 2083 out of 150000
DEBUG: Total dvariable address used is 3541056 out of 50000000
DEBUG: Total gradient stack used is 370005 out of 10000000
DEBUG: Total dvariable address used is 2083 out of 150000
DEBUG: Total dvariable address used is 3541056 out of 50000000
DEBUG: Total gradient stack used is 370002 out of 10000000
DEBUG: Total dvariable address used is 2083 out of 150000
DEBUG: Total dvariable address used is 3541056 out of 50000000
DEBUG: Total gradient stack used is 369999 out of 10000000
DEBUG: Total dvariable address used is 2083 out of 150000
DEBUG: Total dvariable address used is 3541056 out of 50000000
DEBUG: Total gradient stack used is 369999 out of 10000000
DEBUG: Total dvariable address used is 2083 out of 150000
DEBUG: Total dvariable address used is 3541056 out of 50000000
DEBUG: Total gradient stack used is 369992 out of 10000000
DEBUG: Total dvariable address used is 2083 out of 150000
DEBUG: Total dvariable address used is 3541056 out of 50000000
DEBUG: Total gradient stack used is 370004 out of 10000000
DEBUG: Total dvariable address used is 2083 out of 150000
DEBUG: Total dvariable address used is 3541056 out of 50000000
DEBUG: Total gradient stack used is 369992 out of 10000000
DEBUG: Total dvariable address used is 2083 out of 150000
DEBUG: Total dvariable address used is 3541056 out of 50000000
DEBUG: Total gradient stack used is 369992 out of 10000000
DEBUG: Total dvariable address used is 2083 out of 150000
DEBUG: Total dvariable address used is 3541056 out of 50000000
DEBUG: Total gradient stack used is 369989 out of 10000000
DEBUG: Total dvariable address used is 2083 out of 150000
DEBUG: Total dvariable address used is 3541056 out of 50000000
DEBUG: Total gradient stack used is 369997 out of 10000000
DEBUG: Total dvariable address used is 2083 out of 150000
DEBUG: Total dvariable address used is 3541056 out of 50000000
DEBUG: Total gradient stack used is 370024 out of 10000000
DEBUG: Total dvariable address used is 2083 out of 150000
DEBUG: Total dvariable address used is 3541056 out of 50000000
DEBUG: Total gradient stack used is 369994 out of 10000000
DEBUG: Total dvariable address used is 2083 out of 150000
DEBUG: Total dvariable address used is 3541056 out of 50000000
DEBUG: Total gradient stack used is 370002 out of 10000000
DEBUG: Total dvariable address used is 2083 out of 150000
DEBUG: Total dvariable address used is 3541056 out of 50000000
DEBUG: Total gradient stack used is 370015 out of 10000000
DEBUG: Total dvariable address used is 2083 out of 150000
DEBUG: Total dvariable address used is 3541056 out of 50000000
DEBUG: Total gradient stack used is 370009 out of 10000000
DEBUG: Total dvariable address used is 2083 out of 150000
DEBUG: Total dvariable address used is 3541056 out of 50000000
DEBUG: Total gradient stack used is 370081 out of 10000000
DEBUG: Total dvariable address used is 2083 out of 150000
DEBUG: Total dvariable address used is 3541056 out of 50000000
DEBUG: Total gradient stack used is 370113 out of 10000000
DEBUG: Total dvariable address used is 2083 out of 150000
DEBUG: Total dvariable address used is 3541056 out of 50000000
DEBUG: Total gradient stack used is 370089 out of 10000000
DEBUG: Total dvariable address used is 2083 out of 150000
DEBUG: Total dvariable address used is 3541056 out of 50000000
DEBUG: Total gradient stack used is 370081 out of 10000000
DEBUG: Total dvariable address used is 2083 out of 150000
DEBUG: Total dvariable address used is 3541056 out of 50000000
DEBUG: Total gradient stack used is 370092 out of 10000000
DEBUG: Total dvariable address used is 2083 out of 150000
DEBUG: Total dvariable address used is 3541056 out of 50000000
DEBUG: Total gradient stack used is 370056 out of 10000000
DEBUG: Total dvariable address used is 2083 out of 150000
DEBUG: Total dvariable address used is 3541056 out of 50000000
DEBUG: Total gradient stack used is 370056 out of 10000000
DEBUG: Total dvariable address used is 2083 out of 150000
DEBUG: Total dvariable address used is 3541056 out of 50000000
DEBUG: Total gradient stack used is 370086 out of 10000000
DEBUG: Total dvariable address used is 2083 out of 150000
DEBUG: Total dvariable address used is 3541056 out of 50000000
DEBUG: Total gradient stack used is 370123 out of 10000000
DEBUG: Total dvariable address used is 2083 out of 150000
DEBUG: Total dvariable address used is 3541056 out of 50000000
DEBUG: Total gradient stack used is 370126 out of 10000000
DEBUG: Total dvariable address used is 2083 out of 150000
DEBUG: Total dvariable address used is 3541056 out of 50000000
DEBUG: Total gradient stack used is 370099 out of 10000000
DEBUG: Total dvariable address used is 2083 out of 150000
DEBUG: Total dvariable address used is 3541056 out of 50000000
DEBUG: Total gradient stack used is 370099 out of 10000000
DEBUG: Total dvariable address used is 2083 out of 150000
DEBUG: Total dvariable address used is 3541056 out of 50000000
DEBUG: Total gradient stack used is 370116 out of 10000000
DEBUG: Total dvariable address used is 2083 out of 150000
DEBUG: Total dvariable address used is 3541056 out of 50000000
DEBUG: Total gradient stack used is 370129 out of 10000000
DEBUG: Total dvariable address used is 2083 out of 150000
DEBUG: Total dvariable address used is 3541056 out of 50000000
phase= 3 | nvar=367 | iter=400 | nll=-1.92e+04 | mag=1.02e+03 | par[  1]=T_pars_est[3]
DEBUG: Total gradient stack used is 370132 out of 10000000
DEBUG: Total dvariable address used is 2083 out of 150000
DEBUG: Total dvariable address used is 3541056 out of 50000000
DEBUG: Total gradient stack used is 370129 out of 10000000
DEBUG: Total dvariable address used is 2083 out of 150000
DEBUG: Total dvariable address used is 3541056 out of 50000000
DEBUG: Total gradient stack used is 370132 out of 10000000
DEBUG: Total dvariable address used is 2083 out of 150000
DEBUG: Total dvariable address used is 3541056 out of 50000000
DEBUG: Total gradient stack used is 370132 out of 10000000
DEBUG: Total dvariable address used is 2083 out of 150000
DEBUG: Total dvariable address used is 3541056 out of 50000000
DEBUG: Total gradient stack used is 370099 out of 10000000
DEBUG: Total dvariable address used is 2083 out of 150000
DEBUG: Total dvariable address used is 3541056 out of 50000000
DEBUG: Total gradient stack used is 370099 out of 10000000
DEBUG: Total dvariable address used is 2083 out of 150000
DEBUG: Total dvariable address used is 3541056 out of 50000000
DEBUG: Total gradient stack used is 370099 out of 10000000
DEBUG: Total dvariable address used is 2083 out of 150000
DEBUG: Total dvariable address used is 3541056 out of 50000000
DEBUG: Total gradient stack used is 370088 out of 10000000
DEBUG: Total dvariable address used is 2083 out of 150000
DEBUG: Total dvariable address used is 3541056 out of 50000000
DEBUG: Total gradient stack used is 370094 out of 10000000
DEBUG: Total dvariable address used is 2083 out of 150000
DEBUG: Total dvariable address used is 3541056 out of 50000000
DEBUG: Total gradient stack used is 370097 out of 10000000
DEBUG: Total dvariable address used is 2083 out of 150000
DEBUG: Total dvariable address used is 3541056 out of 50000000
DEBUG: Total gradient stack used is 370086 out of 10000000
DEBUG: Total dvariable address used is 2083 out of 150000
DEBUG: Total dvariable address used is 3541056 out of 50000000
DEBUG: Total gradient stack used is 370089 out of 10000000
DEBUG: Total dvariable address used is 2083 out of 150000
DEBUG: Total dvariable address used is 3541056 out of 50000000
DEBUG: Total gradient stack used is 370089 out of 10000000
DEBUG: Total dvariable address used is 2083 out of 150000
DEBUG: Total dvariable address used is 3541056 out of 50000000
DEBUG: Total gradient stack used is 370095 out of 10000000
DEBUG: Total dvariable address used is 2083 out of 150000
DEBUG: Total dvariable address used is 3541056 out of 50000000
DEBUG: Total gradient stack used is 370095 out of 10000000
DEBUG: Total dvariable address used is 2083 out of 150000
DEBUG: Total dvariable address used is 3541056 out of 50000000
DEBUG: Total gradient stack used is 370081 out of 10000000
DEBUG: Total dvariable address used is 2083 out of 150000
DEBUG: Total dvariable address used is 3541056 out of 50000000
DEBUG: Total gradient stack used is 370067 out of 10000000
DEBUG: Total dvariable address used is 2083 out of 150000
DEBUG: Total dvariable address used is 3541056 out of 50000000
DEBUG: Total gradient stack used is 370067 out of 10000000
DEBUG: Total dvariable address used is 2083 out of 150000
DEBUG: Total dvariable address used is 3541056 out of 50000000
DEBUG: Total gradient stack used is 370067 out of 10000000
DEBUG: Total dvariable address used is 2083 out of 150000
DEBUG: Total dvariable address used is 3541056 out of 50000000
DEBUG: Total gradient stack used is 370067 out of 10000000
DEBUG: Total dvariable address used is 2083 out of 150000
DEBUG: Total dvariable address used is 3541056 out of 50000000
DEBUG: Total gradient stack used is 370067 out of 10000000
DEBUG: Total dvariable address used is 2083 out of 150000
DEBUG: Total dvariable address used is 3541056 out of 50000000
DEBUG: Total gradient stack used is 370067 out of 10000000
DEBUG: Total dvariable address used is 2083 out of 150000
DEBUG: Total dvariable address used is 3541056 out of 50000000
DEBUG: Total gradient stack used is 370067 out of 10000000
DEBUG: Total dvariable address used is 2083 out of 150000
DEBUG: Total dvariable address used is 3541056 out of 50000000
DEBUG: Total gradient stack used is 370067 out of 10000000
DEBUG: Total dvariable address used is 2083 out of 150000
DEBUG: Total dvariable address used is 3541056 out of 50000000
DEBUG: Total gradient stack used is 370067 out of 10000000
DEBUG: Total dvariable address used is 2083 out of 150000
DEBUG: Total dvariable address used is 3541056 out of 50000000
DEBUG: Total gradient stack used is 370067 out of 10000000
DEBUG: Total dvariable address used is 2083 out of 150000
DEBUG: Total dvariable address used is 3541056 out of 50000000
DEBUG: Total gradient stack used is 370067 out of 10000000
DEBUG: Total dvariable address used is 2083 out of 150000
DEBUG: Total dvariable address used is 3541056 out of 50000000
DEBUG: Total gradient stack used is 370067 out of 10000000
DEBUG: Total dvariable address used is 2083 out of 150000
DEBUG: Total dvariable address used is 3541056 out of 50000000
DEBUG: Total gradient stack used is 370067 out of 10000000
DEBUG: Total dvariable address used is 2083 out of 150000
DEBUG: Total dvariable address used is 3541056 out of 50000000
DEBUG: Total gradient stack used is 370067 out of 10000000
DEBUG: Total dvariable address used is 2083 out of 150000
DEBUG: Total dvariable address used is 3541056 out of 50000000
DEBUG: Total gradient stack used is 370067 out of 10000000
DEBUG: Total dvariable address used is 2083 out of 150000
DEBUG: Total dvariable address used is 3541056 out of 50000000
DEBUG: Total gradient stack used is 370067 out of 10000000
DEBUG: Total dvariable address used is 2083 out of 150000
DEBUG: Total dvariable address used is 3541056 out of 50000000
DEBUG: Total gradient stack used is 370067 out of 10000000
DEBUG: Total dvariable address used is 2083 out of 150000
DEBUG: Total dvariable address used is 3541056 out of 50000000
DEBUG: Total gradient stack used is 370067 out of 10000000
DEBUG: Total dvariable address used is 2083 out of 150000
DEBUG: Total dvariable address used is 3541056 out of 50000000
DEBUG: Total gradient stack used is 370067 out of 10000000
DEBUG: Total dvariable address used is 2083 out of 150000
DEBUG: Total dvariable address used is 3541056 out of 50000000
DEBUG: Total gradient stack used is 370067 out of 10000000
DEBUG: Total dvariable address used is 2083 out of 150000
DEBUG: Total dvariable address used is 3541056 out of 50000000
DEBUG: Total gradient stack used is 370067 out of 10000000
DEBUG: Total dvariable address used is 2083 out of 150000
DEBUG: Total dvariable address used is 3541056 out of 50000000
DEBUG: Total gradient stack used is 370067 out of 10000000
DEBUG: Total dvariable address used is 2083 out of 150000
DEBUG: Total dvariable address used is 3541056 out of 50000000
DEBUG: Total gradient stack used is 370067 out of 10000000
DEBUG: Total dvariable address used is 2083 out of 150000
DEBUG: Total dvariable address used is 3541056 out of 50000000
DEBUG: Total gradient stack used is 370067 out of 10000000
DEBUG: Total dvariable address used is 2083 out of 150000
DEBUG: Total dvariable address used is 3541056 out of 50000000
DEBUG: Total gradient stack used is 370067 out of 10000000
DEBUG: Total dvariable address used is 2083 out of 150000
DEBUG: Total dvariable address used is 3541056 out of 50000000
DEBUG: Total gradient stack used is 370067 out of 10000000
DEBUG: Total dvariable address used is 2083 out of 150000
DEBUG: Total dvariable address used is 3541056 out of 50000000
DEBUG: Total gradient stack used is 370067 out of 10000000
DEBUG: Total dvariable address used is 2083 out of 150000
DEBUG: Total dvariable address used is 3541056 out of 50000000
DEBUG: Total gradient stack used is 370067 out of 10000000
DEBUG: Total dvariable address used is 2083 out of 150000
DEBUG: Total dvariable address used is 3541056 out of 50000000
DEBUG: Total gradient stack used is 370067 out of 10000000
DEBUG: Total dvariable address used is 2083 out of 150000
DEBUG: Total dvariable address used is 3541056 out of 50000000
DEBUG: Total gradient stack used is 370067 out of 10000000
DEBUG: Total dvariable address used is 2083 out of 150000
DEBUG: Total dvariable address used is 3541056 out of 50000000
DEBUG: Total gradient stack used is 370067 out of 10000000
DEBUG: Total dvariable address used is 2083 out of 150000
DEBUG: Total dvariable address used is 3541056 out of 50000000
DEBUG: Total gradient stack used is 370067 out of 10000000
DEBUG: Total dvariable address used is 2083 out of 150000
DEBUG: Total dvariable address used is 3541056 out of 50000000
DEBUG: Total gradient stack used is 370067 out of 10000000
DEBUG: Total dvariable address used is 2083 out of 150000
DEBUG: Total dvariable address used is 3541056 out of 50000000
DEBUG: Total gradient stack used is 370067 out of 10000000
DEBUG: Total dvariable address used is 2083 out of 150000
DEBUG: Total dvariable address used is 3541056 out of 50000000
DEBUG: Total gradient stack used is 370067 out of 10000000
DEBUG: Total dvariable address used is 2083 out of 150000
DEBUG: Total dvariable address used is 3541056 out of 50000000
DEBUG: Total gradient stack used is 370067 out of 10000000
DEBUG: Total dvariable address used is 2083 out of 150000
DEBUG: Total dvariable address used is 3541056 out of 50000000
DEBUG: Total gradient stack used is 370067 out of 10000000
DEBUG: Total dvariable address used is 2083 out of 150000
DEBUG: Total dvariable address used is 3541056 out of 50000000
DEBUG: Total gradient stack used is 370067 out of 10000000
DEBUG: Total dvariable address used is 2083 out of 150000
DEBUG: Total dvariable address used is 3541056 out of 50000000
DEBUG: Total gradient stack used is 370067 out of 10000000
DEBUG: Total dvariable address used is 2083 out of 150000
DEBUG: Total dvariable address used is 3541056 out of 50000000
DEBUG: Total gradient stack used is 370067 out of 10000000
DEBUG: Total dvariable address used is 2083 out of 150000
DEBUG: Total dvariable address used is 3541056 out of 50000000
DEBUG: Total gradient stack used is 370067 out of 10000000
DEBUG: Total dvariable address used is 2083 out of 150000
DEBUG: Total dvariable address used is 3541056 out of 50000000
DEBUG: Total gradient stack used is 370067 out of 10000000
DEBUG: Total dvariable address used is 2083 out of 150000
DEBUG: Total dvariable address used is 3541056 out of 50000000
DEBUG: Total gradient stack used is 370067 out of 10000000
DEBUG: Total dvariable address used is 2083 out of 150000
DEBUG: Total dvariable address used is 3541056 out of 50000000
DEBUG: Total gradient stack used is 370067 out of 10000000
DEBUG: Total dvariable address used is 2083 out of 150000
DEBUG: Total dvariable address used is 3541056 out of 50000000
DEBUG: Total gradient stack used is 370067 out of 10000000
DEBUG: Total dvariable address used is 2083 out of 150000
DEBUG: Total dvariable address used is 3541056 out of 50000000
DEBUG: Total gradient stack used is 370067 out of 10000000
DEBUG: Total dvariable address used is 2083 out of 150000
DEBUG: Total dvariable address used is 3541056 out of 50000000
DEBUG: Total gradient stack used is 370067 out of 10000000
DEBUG: Total dvariable address used is 2083 out of 150000
DEBUG: Total dvariable address used is 3541056 out of 50000000
DEBUG: Total gradient stack used is 370067 out of 10000000
DEBUG: Total dvariable address used is 2083 out of 150000
DEBUG: Total dvariable address used is 3541056 out of 50000000
DEBUG: Total gradient stack used is 370067 out of 10000000
DEBUG: Total dvariable address used is 2083 out of 150000
DEBUG: Total dvariable address used is 3541056 out of 50000000
DEBUG: Total gradient stack used is 370067 out of 10000000
DEBUG: Total dvariable address used is 2083 out of 150000
DEBUG: Total dvariable address used is 3541056 out of 50000000
DEBUG: Total gradient stack used is 370067 out of 10000000
DEBUG: Total dvariable address used is 2083 out of 150000
DEBUG: Total dvariable address used is 3541056 out of 50000000
DEBUG: Total gradient stack used is 370067 out of 10000000
DEBUG: Total dvariable address used is 2083 out of 150000
DEBUG: Total dvariable address used is 3541056 out of 50000000
DEBUG: Total gradient stack used is 370067 out of 10000000
DEBUG: Total dvariable address used is 2083 out of 150000
DEBUG: Total dvariable address used is 3541056 out of 50000000
DEBUG: Total gradient stack used is 370067 out of 10000000
DEBUG: Total dvariable address used is 2083 out of 150000
DEBUG: Total dvariable address used is 3541056 out of 50000000
DEBUG: Total gradient stack used is 370067 out of 10000000
DEBUG: Total dvariable address used is 2083 out of 150000
DEBUG: Total dvariable address used is 3541056 out of 50000000
DEBUG: Total gradient stack used is 370067 out of 10000000
DEBUG: Total dvariable address used is 2083 out of 150000
DEBUG: Total dvariable address used is 3541056 out of 50000000
DEBUG: Total gradient stack used is 370067 out of 10000000
DEBUG: Total dvariable address used is 2083 out of 150000
DEBUG: Total dvariable address used is 3541056 out of 50000000
DEBUG: Total gradient stack used is 370067 out of 10000000
DEBUG: Total dvariable address used is 2083 out of 150000
DEBUG: Total dvariable address used is 3541056 out of 50000000
DEBUG: Total gradient stack used is 370067 out of 10000000
DEBUG: Total dvariable address used is 2083 out of 150000
DEBUG: Total dvariable address used is 3541056 out of 50000000
DEBUG: Total gradient stack used is 370067 out of 10000000
DEBUG: Total dvariable address used is 2083 out of 150000
DEBUG: Total dvariable address used is 3541056 out of 50000000
DEBUG: Total gradient stack used is 370067 out of 10000000
DEBUG: Total dvariable address used is 2083 out of 150000
DEBUG: Total dvariable address used is 3541056 out of 50000000
DEBUG: Total gradient stack used is 370067 out of 10000000
DEBUG: Total dvariable address used is 2083 out of 150000
DEBUG: Total dvariable address used is 3541056 out of 50000000
DEBUG: Total gradient stack used is 370067 out of 10000000
DEBUG: Total dvariable address used is 2083 out of 150000
DEBUG: Total dvariable address used is 3541056 out of 50000000
DEBUG: Total gradient stack used is 370067 out of 10000000
DEBUG: Total dvariable address used is 2083 out of 150000
DEBUG: Total dvariable address used is 3541056 out of 50000000
DEBUG: Total gradient stack used is 370067 out of 10000000
DEBUG: Total dvariable address used is 2083 out of 150000
DEBUG: Total dvariable address used is 3541056 out of 50000000
DEBUG: Total gradient stack used is 370067 out of 10000000
DEBUG: Total dvariable address used is 2083 out of 150000
DEBUG: Total dvariable address used is 3541056 out of 50000000
DEBUG: Total gradient stack used is 370067 out of 10000000
DEBUG: Total dvariable address used is 2083 out of 150000
DEBUG: Total dvariable address used is 3541056 out of 50000000
DEBUG: Total gradient stack used is 370067 out of 10000000
DEBUG: Total dvariable address used is 2083 out of 150000
DEBUG: Total dvariable address used is 3541056 out of 50000000
DEBUG: Total gradient stack used is 370067 out of 10000000
DEBUG: Total dvariable address used is 2083 out of 150000
DEBUG: Total dvariable address used is 3541056 out of 50000000
DEBUG: Total gradient stack used is 370067 out of 10000000
DEBUG: Total dvariable address used is 2083 out of 150000
DEBUG: Total dvariable address used is 3541056 out of 50000000
DEBUG: Total gradient stack used is 370067 out of 10000000
DEBUG: Total dvariable address used is 2083 out of 150000
DEBUG: Total dvariable address used is 3541056 out of 50000000
DEBUG: Total gradient stack used is 370067 out of 10000000
DEBUG: Total dvariable address used is 2083 out of 150000
DEBUG: Total dvariable address used is 3541056 out of 50000000
DEBUG: Total gradient stack used is 370067 out of 10000000
DEBUG: Total dvariable address used is 2083 out of 150000
DEBUG: Total dvariable address used is 3541056 out of 50000000
DEBUG: Total gradient stack used is 370067 out of 10000000
DEBUG: Total dvariable address used is 2083 out of 150000
DEBUG: Total dvariable address used is 3541056 out of 50000000
DEBUG: Total gradient stack used is 370067 out of 10000000
DEBUG: Total dvariable address used is 2083 out of 150000
DEBUG: Total dvariable address used is 3541056 out of 50000000
DEBUG: Total gradient stack used is 370067 out of 10000000
DEBUG: Total dvariable address used is 2083 out of 150000
DEBUG: Total dvariable address used is 3541056 out of 50000000
DEBUG: Total gradient stack used is 370067 out of 10000000
DEBUG: Total dvariable address used is 2083 out of 150000
DEBUG: Total dvariable address used is 3541056 out of 50000000
DEBUG: Total gradient stack used is 370067 out of 10000000
DEBUG: Total dvariable address used is 2083 out of 150000
DEBUG: Total dvariable address used is 3541056 out of 50000000
DEBUG: Total gradient stack used is 370067 out of 10000000
DEBUG: Total dvariable address used is 2083 out of 150000
DEBUG: Total dvariable address used is 3541056 out of 50000000
DEBUG: Total gradient stack used is 370067 out of 10000000
DEBUG: Total dvariable address used is 2083 out of 150000
DEBUG: Total dvariable address used is 3541056 out of 50000000
DEBUG: Total gradient stack used is 370067 out of 10000000
DEBUG: Total dvariable address used is 2083 out of 150000
DEBUG: Total dvariable address used is 3541056 out of 50000000
DEBUG: Total gradient stack used is 370067 out of 10000000
DEBUG: Total dvariable address used is 2083 out of 150000
DEBUG: Total dvariable address used is 3541056 out of 50000000
DEBUG: Total gradient stack used is 370067 out of 10000000
DEBUG: Total dvariable address used is 2083 out of 150000
DEBUG: Total dvariable address used is 3541056 out of 50000000
DEBUG: Total gradient stack used is 370067 out of 10000000
DEBUG: Total dvariable address used is 2083 out of 150000
DEBUG: Total dvariable address used is 3541056 out of 50000000
DEBUG: Total gradient stack used is 370067 out of 10000000
DEBUG: Total dvariable address used is 2083 out of 150000
DEBUG: Total dvariable address used is 3541056 out of 50000000
DEBUG: Total gradient stack used is 370067 out of 10000000
DEBUG: Total dvariable address used is 2083 out of 150000
DEBUG: Total dvariable address used is 3541056 out of 50000000
DEBUG: Total gradient stack used is 370067 out of 10000000
DEBUG: Total dvariable address used is 2083 out of 150000
DEBUG: Total dvariable address used is 3541056 out of 50000000
DEBUG: Total gradient stack used is 370067 out of 10000000
DEBUG: Total dvariable address used is 2083 out of 150000
DEBUG: Total dvariable address used is 3541056 out of 50000000
DEBUG: Total gradient stack used is 370067 out of 10000000
DEBUG: Total dvariable address used is 2083 out of 150000
DEBUG: Total dvariable address used is 3541056 out of 50000000
DEBUG: Total gradient stack used is 370067 out of 10000000
DEBUG: Total dvariable address used is 2083 out of 150000
DEBUG: Total dvariable address used is 3541056 out of 50000000
DEBUG: Total gradient stack used is 370067 out of 10000000
DEBUG: Total dvariable address used is 2083 out of 150000
DEBUG: Total dvariable address used is 3541056 out of 50000000
DEBUG: Total gradient stack used is 370067 out of 10000000
DEBUG: Total dvariable address used is 2083 out of 150000
DEBUG: Total dvariable address used is 3541056 out of 50000000
DEBUG: Total gradient stack used is 370067 out of 10000000
DEBUG: Total dvariable address used is 2083 out of 150000
DEBUG: Total dvariable address used is 3541056 out of 50000000
DEBUG: Total gradient stack used is 370067 out of 10000000
DEBUG: Total dvariable address used is 2083 out of 150000
DEBUG: Total dvariable address used is 3541056 out of 50000000
DEBUG: Total gradient stack used is 370067 out of 10000000
DEBUG: Total dvariable address used is 2083 out of 150000
DEBUG: Total dvariable address used is 3541056 out of 50000000
DEBUG: Total gradient stack used is 370067 out of 10000000
DEBUG: Total dvariable address used is 2083 out of 150000
DEBUG: Total dvariable address used is 3541056 out of 50000000
DEBUG: Total gradient stack used is 370067 out of 10000000
DEBUG: Total dvariable address used is 2083 out of 150000
DEBUG: Total dvariable address used is 3541056 out of 50000000
DEBUG: Total gradient stack used is 370067 out of 10000000
DEBUG: Total dvariable address used is 2083 out of 150000
DEBUG: Total dvariable address used is 3541056 out of 50000000
DEBUG: Total gradient stack used is 370067 out of 10000000
DEBUG: Total dvariable address used is 2083 out of 150000
DEBUG: Total dvariable address used is 3541056 out of 50000000
DEBUG: Total gradient stack used is 370067 out of 10000000
DEBUG: Total dvariable address used is 2083 out of 150000
DEBUG: Total dvariable address used is 3541056 out of 50000000
DEBUG: Total gradient stack used is 370067 out of 10000000
DEBUG: Total dvariable address used is 2083 out of 150000
DEBUG: Total dvariable address used is 3541056 out of 50000000
phase= 3 | nvar=367 | iter=486 | nll=-1.92e+04 | mag=5.66e-03 | par[  1]=T_pars_est[3]
DEBUG: Total gradient stack used is 0 out of 10000000
DEBUG: Total dvariable address used is 2083 out of 150000
DEBUG: Total dvariable address used is 3541056 out of 50000000
Starting REPORT_SECTION
+--------------------------+
| Beginning report section |
+--------------------------+
Finished WriteFiles
REPORT_SECTION: finished CreateOutput
REPORT_SECTION: finished save_gradients
Finished REPORT_SECTION

#--BETWEEN_PHASES_SECTION---------------------
#----Starting phase 4 of 4
Finished BETWEEN_PHASES_SECTION
----------------------------------------------
DEBUG: Total gradient stack used is 370516 out of 10000000
DEBUG: Total dvariable address used is 2083 out of 150000
DEBUG: Total dvariable address used is 3541056 out of 50000000
phase= 4 | nvar=386 | iter=  0 | nll=-1.92e+04 | mag=2.53e+04 | par[192]=S_pars_est[95]
DEBUG: Total gradient stack used is 370516 out of 10000000
DEBUG: Total dvariable address used is 2083 out of 150000
DEBUG: Total dvariable address used is 3541056 out of 50000000
DEBUG: Total gradient stack used is 370516 out of 10000000
DEBUG: Total dvariable address used is 2083 out of 150000
DEBUG: Total dvariable address used is 3541056 out of 50000000
DEBUG: Total gradient stack used is 370516 out of 10000000
DEBUG: Total dvariable address used is 2083 out of 150000
DEBUG: Total dvariable address used is 3541056 out of 50000000
DEBUG: Total gradient stack used is 370516 out of 10000000
DEBUG: Total dvariable address used is 2083 out of 150000
DEBUG: Total dvariable address used is 3541056 out of 50000000
DEBUG: Total gradient stack used is 370519 out of 10000000
DEBUG: Total dvariable address used is 2083 out of 150000
DEBUG: Total dvariable address used is 3541056 out of 50000000
DEBUG: Total gradient stack used is 370516 out of 10000000
DEBUG: Total dvariable address used is 2083 out of 150000
DEBUG: Total dvariable address used is 3541056 out of 50000000
DEBUG: Total gradient stack used is 370511 out of 10000000
DEBUG: Total dvariable address used is 2083 out of 150000
DEBUG: Total dvariable address used is 3541056 out of 50000000
DEBUG: Total gradient stack used is 370295 out of 10000000
DEBUG: Total dvariable address used is 2083 out of 150000
DEBUG: Total dvariable address used is 3541056 out of 50000000
DEBUG: Total gradient stack used is 370262 out of 10000000
DEBUG: Total dvariable address used is 2083 out of 150000
DEBUG: Total dvariable address used is 3541056 out of 50000000
DEBUG: Total gradient stack used is 370482 out of 10000000
DEBUG: Total dvariable address used is 2083 out of 150000
DEBUG: Total dvariable address used is 3541056 out of 50000000
DEBUG: Total gradient stack used is 370513 out of 10000000
DEBUG: Total dvariable address used is 2083 out of 150000
DEBUG: Total dvariable address used is 3541056 out of 50000000
DEBUG: Total gradient stack used is 370525 out of 10000000
DEBUG: Total dvariable address used is 2083 out of 150000
DEBUG: Total dvariable address used is 3541056 out of 50000000
DEBUG: Total gradient stack used is 370521 out of 10000000
DEBUG: Total dvariable address used is 2083 out of 150000
DEBUG: Total dvariable address used is 3541056 out of 50000000
DEBUG: Total gradient stack used is 370410 out of 10000000
DEBUG: Total dvariable address used is 2083 out of 150000
DEBUG: Total dvariable address used is 3541056 out of 50000000
DEBUG: Total gradient stack used is 370458 out of 10000000
DEBUG: Total dvariable address used is 2083 out of 150000
DEBUG: Total dvariable address used is 3541056 out of 50000000
DEBUG: Total gradient stack used is 370444 out of 10000000
DEBUG: Total dvariable address used is 2083 out of 150000
DEBUG: Total dvariable address used is 3541056 out of 50000000
DEBUG: Total gradient stack used is 370433 out of 10000000
DEBUG: Total dvariable address used is 2083 out of 150000
DEBUG: Total dvariable address used is 3541056 out of 50000000
DEBUG: Total gradient stack used is 370450 out of 10000000
DEBUG: Total dvariable address used is 2083 out of 150000
DEBUG: Total dvariable address used is 3541056 out of 50000000
DEBUG: Total gradient stack used is 370461 out of 10000000
DEBUG: Total dvariable address used is 2083 out of 150000
DEBUG: Total dvariable address used is 3541056 out of 50000000
DEBUG: Total gradient stack used is 370420 out of 10000000
DEBUG: Total dvariable address used is 2083 out of 150000
DEBUG: Total dvariable address used is 3541056 out of 50000000
DEBUG: Total gradient stack used is 370410 out of 10000000
DEBUG: Total dvariable address used is 2083 out of 150000
DEBUG: Total dvariable address used is 3541056 out of 50000000
DEBUG: Total gradient stack used is 370470 out of 10000000
DEBUG: Total dvariable address used is 2083 out of 150000
DEBUG: Total dvariable address used is 3541056 out of 50000000
DEBUG: Total gradient stack used is 370395 out of 10000000
DEBUG: Total dvariable address used is 2083 out of 150000
DEBUG: Total dvariable address used is 3541056 out of 50000000
DEBUG: Total gradient stack used is 370415 out of 10000000
DEBUG: Total dvariable address used is 2083 out of 150000
DEBUG: Total dvariable address used is 3541056 out of 50000000
DEBUG: Total gradient stack used is 370370 out of 10000000
DEBUG: Total dvariable address used is 2083 out of 150000
DEBUG: Total dvariable address used is 3541056 out of 50000000
DEBUG: Total gradient stack used is 370458 out of 10000000
DEBUG: Total dvariable address used is 2083 out of 150000
DEBUG: Total dvariable address used is 3541056 out of 50000000
DEBUG: Total gradient stack used is 370421 out of 10000000
DEBUG: Total dvariable address used is 2083 out of 150000
DEBUG: Total dvariable address used is 3541056 out of 50000000
DEBUG: Total gradient stack used is 370414 out of 10000000
DEBUG: Total dvariable address used is 2083 out of 150000
DEBUG: Total dvariable address used is 3541056 out of 50000000
DEBUG: Total gradient stack used is 370430 out of 10000000
DEBUG: Total dvariable address used is 2083 out of 150000
DEBUG: Total dvariable address used is 3541056 out of 50000000
DEBUG: Total gradient stack used is 370436 out of 10000000
DEBUG: Total dvariable address used is 2083 out of 150000
DEBUG: Total dvariable address used is 3541056 out of 50000000
DEBUG: Total gradient stack used is 370444 out of 10000000
DEBUG: Total dvariable address used is 2083 out of 150000
DEBUG: Total dvariable address used is 3541056 out of 50000000
DEBUG: Total gradient stack used is 370463 out of 10000000
DEBUG: Total dvariable address used is 2083 out of 150000
DEBUG: Total dvariable address used is 3541056 out of 50000000
DEBUG: Total gradient stack used is 370435 out of 10000000
DEBUG: Total dvariable address used is 2083 out of 150000
DEBUG: Total dvariable address used is 3541056 out of 50000000
DEBUG: Total gradient stack used is 370418 out of 10000000
DEBUG: Total dvariable address used is 2083 out of 150000
DEBUG: Total dvariable address used is 3541056 out of 50000000
DEBUG: Total gradient stack used is 370451 out of 10000000
DEBUG: Total dvariable address used is 2083 out of 150000
DEBUG: Total dvariable address used is 3541056 out of 50000000
DEBUG: Total gradient stack used is 370454 out of 10000000
DEBUG: Total dvariable address used is 2083 out of 150000
DEBUG: Total dvariable address used is 3541056 out of 50000000
DEBUG: Total gradient stack used is 370454 out of 10000000
DEBUG: Total dvariable address used is 2083 out of 150000
DEBUG: Total dvariable address used is 3541056 out of 50000000
DEBUG: Total gradient stack used is 370457 out of 10000000
DEBUG: Total dvariable address used is 2083 out of 150000
DEBUG: Total dvariable address used is 3541056 out of 50000000
DEBUG: Total gradient stack used is 370446 out of 10000000
DEBUG: Total dvariable address used is 2083 out of 150000
DEBUG: Total dvariable address used is 3541056 out of 50000000
DEBUG: Total gradient stack used is 370446 out of 10000000
DEBUG: Total dvariable address used is 2083 out of 150000
DEBUG: Total dvariable address used is 3541056 out of 50000000
DEBUG: Total gradient stack used is 370398 out of 10000000
DEBUG: Total dvariable address used is 2083 out of 150000
DEBUG: Total dvariable address used is 3541056 out of 50000000
DEBUG: Total gradient stack used is 370398 out of 10000000
DEBUG: Total dvariable address used is 2083 out of 150000
DEBUG: Total dvariable address used is 3541056 out of 50000000
DEBUG: Total gradient stack used is 370432 out of 10000000
DEBUG: Total dvariable address used is 2083 out of 150000
DEBUG: Total dvariable address used is 3541056 out of 50000000
DEBUG: Total gradient stack used is 370424 out of 10000000
DEBUG: Total dvariable address used is 2083 out of 150000
DEBUG: Total dvariable address used is 3541056 out of 50000000
DEBUG: Total gradient stack used is 370416 out of 10000000
DEBUG: Total dvariable address used is 2083 out of 150000
DEBUG: Total dvariable address used is 3541056 out of 50000000
DEBUG: Total gradient stack used is 370399 out of 10000000
DEBUG: Total dvariable address used is 2083 out of 150000
DEBUG: Total dvariable address used is 3541056 out of 50000000
DEBUG: Total gradient stack used is 370399 out of 10000000
DEBUG: Total dvariable address used is 2083 out of 150000
DEBUG: Total dvariable address used is 3541056 out of 50000000
DEBUG: Total gradient stack used is 370410 out of 10000000
DEBUG: Total dvariable address used is 2083 out of 150000
DEBUG: Total dvariable address used is 3541056 out of 50000000
DEBUG: Total gradient stack used is 370395 out of 10000000
DEBUG: Total dvariable address used is 2083 out of 150000
DEBUG: Total dvariable address used is 3541056 out of 50000000
DEBUG: Total gradient stack used is 370414 out of 10000000
DEBUG: Total dvariable address used is 2083 out of 150000
DEBUG: Total dvariable address used is 3541056 out of 50000000
DEBUG: Total gradient stack used is 370181 out of 10000000
DEBUG: Total dvariable address used is 2083 out of 150000
DEBUG: Total dvariable address used is 3541056 out of 50000000
DEBUG: Total gradient stack used is 370180 out of 10000000
DEBUG: Total dvariable address used is 2083 out of 150000
DEBUG: Total dvariable address used is 3541056 out of 50000000
DEBUG: Total gradient stack used is 370205 out of 10000000
DEBUG: Total dvariable address used is 2083 out of 150000
DEBUG: Total dvariable address used is 3541056 out of 50000000
DEBUG: Total gradient stack used is 370237 out of 10000000
DEBUG: Total dvariable address used is 2083 out of 150000
DEBUG: Total dvariable address used is 3541056 out of 50000000
DEBUG: Total gradient stack used is 370256 out of 10000000
DEBUG: Total dvariable address used is 2083 out of 150000
DEBUG: Total dvariable address used is 3541056 out of 50000000
DEBUG: Total gradient stack used is 370252 out of 10000000
DEBUG: Total dvariable address used is 2083 out of 150000
DEBUG: Total dvariable address used is 3541056 out of 50000000
DEBUG: Total gradient stack used is 370488 out of 10000000
DEBUG: Total dvariable address used is 2083 out of 150000
DEBUG: Total dvariable address used is 3541056 out of 50000000
DEBUG: Total gradient stack used is 370523 out of 10000000
DEBUG: Total dvariable address used is 2083 out of 150000
DEBUG: Total dvariable address used is 3541056 out of 50000000
DEBUG: Total gradient stack used is 370261 out of 10000000
DEBUG: Total dvariable address used is 2083 out of 150000
DEBUG: Total dvariable address used is 3541056 out of 50000000
DEBUG: Total gradient stack used is 370291 out of 10000000
DEBUG: Total dvariable address used is 2083 out of 150000
DEBUG: Total dvariable address used is 3541056 out of 50000000
DEBUG: Total gradient stack used is 370310 out of 10000000
DEBUG: Total dvariable address used is 2083 out of 150000
DEBUG: Total dvariable address used is 3541056 out of 50000000
DEBUG: Total gradient stack used is 370283 out of 10000000
DEBUG: Total dvariable address used is 2083 out of 150000
DEBUG: Total dvariable address used is 3541056 out of 50000000
DEBUG: Total gradient stack used is 370306 out of 10000000
DEBUG: Total dvariable address used is 2083 out of 150000
DEBUG: Total dvariable address used is 3541056 out of 50000000
DEBUG: Total gradient stack used is 370273 out of 10000000
DEBUG: Total dvariable address used is 2083 out of 150000
DEBUG: Total dvariable address used is 3541056 out of 50000000
DEBUG: Total gradient stack used is 370287 out of 10000000
DEBUG: Total dvariable address used is 2083 out of 150000
DEBUG: Total dvariable address used is 3541056 out of 50000000
DEBUG: Total gradient stack used is 370268 out of 10000000
DEBUG: Total dvariable address used is 2083 out of 150000
DEBUG: Total dvariable address used is 3541056 out of 50000000
DEBUG: Total gradient stack used is 370273 out of 10000000
DEBUG: Total dvariable address used is 2083 out of 150000
DEBUG: Total dvariable address used is 3541056 out of 50000000
DEBUG: Total gradient stack used is 370290 out of 10000000
DEBUG: Total dvariable address used is 2083 out of 150000
DEBUG: Total dvariable address used is 3541056 out of 50000000
DEBUG: Total gradient stack used is 370290 out of 10000000
DEBUG: Total dvariable address used is 2083 out of 150000
DEBUG: Total dvariable address used is 3541056 out of 50000000
DEBUG: Total gradient stack used is 370290 out of 10000000
DEBUG: Total dvariable address used is 2083 out of 150000
DEBUG: Total dvariable address used is 3541056 out of 50000000
DEBUG: Total gradient stack used is 370290 out of 10000000
DEBUG: Total dvariable address used is 2083 out of 150000
DEBUG: Total dvariable address used is 3541056 out of 50000000
DEBUG: Total gradient stack used is 370287 out of 10000000
DEBUG: Total dvariable address used is 2083 out of 150000
DEBUG: Total dvariable address used is 3541056 out of 50000000
DEBUG: Total gradient stack used is 370284 out of 10000000
DEBUG: Total dvariable address used is 2083 out of 150000
DEBUG: Total dvariable address used is 3541056 out of 50000000
DEBUG: Total gradient stack used is 370309 out of 10000000
DEBUG: Total dvariable address used is 2083 out of 150000
DEBUG: Total dvariable address used is 3541056 out of 50000000
DEBUG: Total gradient stack used is 370281 out of 10000000
DEBUG: Total dvariable address used is 2083 out of 150000
DEBUG: Total dvariable address used is 3541056 out of 50000000
DEBUG: Total gradient stack used is 370301 out of 10000000
DEBUG: Total dvariable address used is 2083 out of 150000
DEBUG: Total dvariable address used is 3541056 out of 50000000
DEBUG: Total gradient stack used is 370298 out of 10000000
DEBUG: Total dvariable address used is 2083 out of 150000
DEBUG: Total dvariable address used is 3541056 out of 50000000
DEBUG: Total gradient stack used is 370295 out of 10000000
DEBUG: Total dvariable address used is 2083 out of 150000
DEBUG: Total dvariable address used is 3541056 out of 50000000
DEBUG: Total gradient stack used is 370300 out of 10000000
DEBUG: Total dvariable address used is 2083 out of 150000
DEBUG: Total dvariable address used is 3541056 out of 50000000
DEBUG: Total gradient stack used is 370328 out of 10000000
DEBUG: Total dvariable address used is 2083 out of 150000
DEBUG: Total dvariable address used is 3541056 out of 50000000
DEBUG: Total gradient stack used is 370325 out of 10000000
DEBUG: Total dvariable address used is 2083 out of 150000
DEBUG: Total dvariable address used is 3541056 out of 50000000
DEBUG: Total gradient stack used is 370325 out of 10000000
DEBUG: Total dvariable address used is 2083 out of 150000
DEBUG: Total dvariable address used is 3541056 out of 50000000
DEBUG: Total gradient stack used is 370322 out of 10000000
DEBUG: Total dvariable address used is 2083 out of 150000
DEBUG: Total dvariable address used is 3541056 out of 50000000
DEBUG: Total gradient stack used is 370316 out of 10000000
DEBUG: Total dvariable address used is 2083 out of 150000
DEBUG: Total dvariable address used is 3541056 out of 50000000
DEBUG: Total gradient stack used is 370316 out of 10000000
DEBUG: Total dvariable address used is 2083 out of 150000
DEBUG: Total dvariable address used is 3541056 out of 50000000
DEBUG: Total gradient stack used is 370316 out of 10000000
DEBUG: Total dvariable address used is 2083 out of 150000
DEBUG: Total dvariable address used is 3541056 out of 50000000
DEBUG: Total gradient stack used is 370316 out of 10000000
DEBUG: Total dvariable address used is 2083 out of 150000
DEBUG: Total dvariable address used is 3541056 out of 50000000
DEBUG: Total gradient stack used is 370313 out of 10000000
DEBUG: Total dvariable address used is 2083 out of 150000
DEBUG: Total dvariable address used is 3541056 out of 50000000
DEBUG: Total gradient stack used is 370313 out of 10000000
DEBUG: Total dvariable address used is 2083 out of 150000
DEBUG: Total dvariable address used is 3541056 out of 50000000
DEBUG: Total gradient stack used is 370327 out of 10000000
DEBUG: Total dvariable address used is 2083 out of 150000
DEBUG: Total dvariable address used is 3541056 out of 50000000
DEBUG: Total gradient stack used is 370327 out of 10000000
DEBUG: Total dvariable address used is 2083 out of 150000
DEBUG: Total dvariable address used is 3541056 out of 50000000
DEBUG: Total gradient stack used is 370313 out of 10000000
DEBUG: Total dvariable address used is 2083 out of 150000
DEBUG: Total dvariable address used is 3541056 out of 50000000
DEBUG: Total gradient stack used is 370313 out of 10000000
DEBUG: Total dvariable address used is 2083 out of 150000
DEBUG: Total dvariable address used is 3541056 out of 50000000
DEBUG: Total gradient stack used is 370313 out of 10000000
DEBUG: Total dvariable address used is 2083 out of 150000
DEBUG: Total dvariable address used is 3541056 out of 50000000
DEBUG: Total gradient stack used is 370313 out of 10000000
DEBUG: Total dvariable address used is 2083 out of 150000
DEBUG: Total dvariable address used is 3541056 out of 50000000
DEBUG: Total gradient stack used is 370313 out of 10000000
DEBUG: Total dvariable address used is 2083 out of 150000
DEBUG: Total dvariable address used is 3541056 out of 50000000
DEBUG: Total gradient stack used is 370313 out of 10000000
DEBUG: Total dvariable address used is 2083 out of 150000
DEBUG: Total dvariable address used is 3541056 out of 50000000
DEBUG: Total gradient stack used is 370313 out of 10000000
DEBUG: Total dvariable address used is 2083 out of 150000
DEBUG: Total dvariable address used is 3541056 out of 50000000
DEBUG: Total gradient stack used is 370313 out of 10000000
DEBUG: Total dvariable address used is 2083 out of 150000
DEBUG: Total dvariable address used is 3541056 out of 50000000
DEBUG: Total gradient stack used is 370313 out of 10000000
DEBUG: Total dvariable address used is 2083 out of 150000
DEBUG: Total dvariable address used is 3541056 out of 50000000
DEBUG: Total gradient stack used is 370313 out of 10000000
DEBUG: Total dvariable address used is 2083 out of 150000
DEBUG: Total dvariable address used is 3541056 out of 50000000
DEBUG: Total gradient stack used is 370313 out of 10000000
DEBUG: Total dvariable address used is 2083 out of 150000
DEBUG: Total dvariable address used is 3541056 out of 50000000
DEBUG: Total gradient stack used is 370313 out of 10000000
DEBUG: Total dvariable address used is 2083 out of 150000
DEBUG: Total dvariable address used is 3541056 out of 50000000
DEBUG: Total gradient stack used is 370313 out of 10000000
DEBUG: Total dvariable address used is 2083 out of 150000
DEBUG: Total dvariable address used is 3541056 out of 50000000
DEBUG: Total gradient stack used is 370313 out of 10000000
DEBUG: Total dvariable address used is 2083 out of 150000
DEBUG: Total dvariable address used is 3541056 out of 50000000
DEBUG: Total gradient stack used is 370313 out of 10000000
DEBUG: Total dvariable address used is 2083 out of 150000
DEBUG: Total dvariable address used is 3541056 out of 50000000
DEBUG: Total gradient stack used is 370313 out of 10000000
DEBUG: Total dvariable address used is 2083 out of 150000
DEBUG: Total dvariable address used is 3541056 out of 50000000
DEBUG: Total gradient stack used is 370313 out of 10000000
DEBUG: Total dvariable address used is 2083 out of 150000
DEBUG: Total dvariable address used is 3541056 out of 50000000
DEBUG: Total gradient stack used is 370313 out of 10000000
DEBUG: Total dvariable address used is 2083 out of 150000
DEBUG: Total dvariable address used is 3541056 out of 50000000
phase= 4 | nvar=386 | iter=100 | nll=-1.96e+04 | mag=1.82e+04 | par[  1]=T_pars_est[3]
DEBUG: Total gradient stack used is 370313 out of 10000000
DEBUG: Total dvariable address used is 2083 out of 150000
DEBUG: Total dvariable address used is 3541056 out of 50000000
DEBUG: Total gradient stack used is 370313 out of 10000000
DEBUG: Total dvariable address used is 2083 out of 150000
DEBUG: Total dvariable address used is 3541056 out of 50000000
DEBUG: Total gradient stack used is 370313 out of 10000000
DEBUG: Total dvariable address used is 2083 out of 150000
DEBUG: Total dvariable address used is 3541056 out of 50000000
DEBUG: Total gradient stack used is 370313 out of 10000000
DEBUG: Total dvariable address used is 2083 out of 150000
DEBUG: Total dvariable address used is 3541056 out of 50000000
DEBUG: Total gradient stack used is 370313 out of 10000000
DEBUG: Total dvariable address used is 2083 out of 150000
DEBUG: Total dvariable address used is 3541056 out of 50000000
DEBUG: Total gradient stack used is 370310 out of 10000000
DEBUG: Total dvariable address used is 2083 out of 150000
DEBUG: Total dvariable address used is 3541056 out of 50000000
DEBUG: Total gradient stack used is 370313 out of 10000000
DEBUG: Total dvariable address used is 2083 out of 150000
DEBUG: Total dvariable address used is 3541056 out of 50000000
DEBUG: Total gradient stack used is 370313 out of 10000000
DEBUG: Total dvariable address used is 2083 out of 150000
DEBUG: Total dvariable address used is 3541056 out of 50000000
DEBUG: Total gradient stack used is 370313 out of 10000000
DEBUG: Total dvariable address used is 2083 out of 150000
DEBUG: Total dvariable address used is 3541056 out of 50000000
DEBUG: Total gradient stack used is 370313 out of 10000000
DEBUG: Total dvariable address used is 2083 out of 150000
DEBUG: Total dvariable address used is 3541056 out of 50000000
DEBUG: Total gradient stack used is 370313 out of 10000000
DEBUG: Total dvariable address used is 2083 out of 150000
DEBUG: Total dvariable address used is 3541056 out of 50000000
DEBUG: Total gradient stack used is 370313 out of 10000000
DEBUG: Total dvariable address used is 2083 out of 150000
DEBUG: Total dvariable address used is 3541056 out of 50000000
DEBUG: Total gradient stack used is 370313 out of 10000000
DEBUG: Total dvariable address used is 2083 out of 150000
DEBUG: Total dvariable address used is 3541056 out of 50000000
DEBUG: Total gradient stack used is 370313 out of 10000000
DEBUG: Total dvariable address used is 2083 out of 150000
DEBUG: Total dvariable address used is 3541056 out of 50000000
DEBUG: Total gradient stack used is 370313 out of 10000000
DEBUG: Total dvariable address used is 2083 out of 150000
DEBUG: Total dvariable address used is 3541056 out of 50000000
DEBUG: Total gradient stack used is 370313 out of 10000000
DEBUG: Total dvariable address used is 2083 out of 150000
DEBUG: Total dvariable address used is 3541056 out of 50000000
DEBUG: Total gradient stack used is 370313 out of 10000000
DEBUG: Total dvariable address used is 2083 out of 150000
DEBUG: Total dvariable address used is 3541056 out of 50000000
DEBUG: Total gradient stack used is 370313 out of 10000000
DEBUG: Total dvariable address used is 2083 out of 150000
DEBUG: Total dvariable address used is 3541056 out of 50000000
DEBUG: Total gradient stack used is 370313 out of 10000000
DEBUG: Total dvariable address used is 2083 out of 150000
DEBUG: Total dvariable address used is 3541056 out of 50000000
DEBUG: Total gradient stack used is 370313 out of 10000000
DEBUG: Total dvariable address used is 2083 out of 150000
DEBUG: Total dvariable address used is 3541056 out of 50000000
DEBUG: Total gradient stack used is 370313 out of 10000000
DEBUG: Total dvariable address used is 2083 out of 150000
DEBUG: Total dvariable address used is 3541056 out of 50000000
DEBUG: Total gradient stack used is 370313 out of 10000000
DEBUG: Total dvariable address used is 2083 out of 150000
DEBUG: Total dvariable address used is 3541056 out of 50000000
DEBUG: Total gradient stack used is 370313 out of 10000000
DEBUG: Total dvariable address used is 2083 out of 150000
DEBUG: Total dvariable address used is 3541056 out of 50000000
DEBUG: Total gradient stack used is 370313 out of 10000000
DEBUG: Total dvariable address used is 2083 out of 150000
DEBUG: Total dvariable address used is 3541056 out of 50000000
DEBUG: Total gradient stack used is 370313 out of 10000000
DEBUG: Total dvariable address used is 2083 out of 150000
DEBUG: Total dvariable address used is 3541056 out of 50000000
DEBUG: Total gradient stack used is 370313 out of 10000000
DEBUG: Total dvariable address used is 2083 out of 150000
DEBUG: Total dvariable address used is 3541056 out of 50000000
DEBUG: Total gradient stack used is 370313 out of 10000000
DEBUG: Total dvariable address used is 2083 out of 150000
DEBUG: Total dvariable address used is 3541056 out of 50000000
DEBUG: Total gradient stack used is 370310 out of 10000000
DEBUG: Total dvariable address used is 2083 out of 150000
DEBUG: Total dvariable address used is 3541056 out of 50000000
DEBUG: Total gradient stack used is 370310 out of 10000000
DEBUG: Total dvariable address used is 2083 out of 150000
DEBUG: Total dvariable address used is 3541056 out of 50000000
DEBUG: Total gradient stack used is 370313 out of 10000000
DEBUG: Total dvariable address used is 2083 out of 150000
DEBUG: Total dvariable address used is 3541056 out of 50000000
DEBUG: Total gradient stack used is 370313 out of 10000000
DEBUG: Total dvariable address used is 2083 out of 150000
DEBUG: Total dvariable address used is 3541056 out of 50000000
DEBUG: Total gradient stack used is 370313 out of 10000000
DEBUG: Total dvariable address used is 2083 out of 150000
DEBUG: Total dvariable address used is 3541056 out of 50000000
DEBUG: Total gradient stack used is 370313 out of 10000000
DEBUG: Total dvariable address used is 2083 out of 150000
DEBUG: Total dvariable address used is 3541056 out of 50000000
DEBUG: Total gradient stack used is 370316 out of 10000000
DEBUG: Total dvariable address used is 2083 out of 150000
DEBUG: Total dvariable address used is 3541056 out of 50000000
DEBUG: Total gradient stack used is 370322 out of 10000000
DEBUG: Total dvariable address used is 2083 out of 150000
DEBUG: Total dvariable address used is 3541056 out of 50000000
DEBUG: Total gradient stack used is 370322 out of 10000000
DEBUG: Total dvariable address used is 2083 out of 150000
DEBUG: Total dvariable address used is 3541056 out of 50000000
DEBUG: Total gradient stack used is 370333 out of 10000000
DEBUG: Total dvariable address used is 2083 out of 150000
DEBUG: Total dvariable address used is 3541056 out of 50000000
DEBUG: Total gradient stack used is 370333 out of 10000000
DEBUG: Total dvariable address used is 2083 out of 150000
DEBUG: Total dvariable address used is 3541056 out of 50000000
DEBUG: Total gradient stack used is 370333 out of 10000000
DEBUG: Total dvariable address used is 2083 out of 150000
DEBUG: Total dvariable address used is 3541056 out of 50000000
DEBUG: Total gradient stack used is 370327 out of 10000000
DEBUG: Total dvariable address used is 2083 out of 150000
DEBUG: Total dvariable address used is 3541056 out of 50000000
DEBUG: Total gradient stack used is 370327 out of 10000000
DEBUG: Total dvariable address used is 2083 out of 150000
DEBUG: Total dvariable address used is 3541056 out of 50000000
DEBUG: Total gradient stack used is 370327 out of 10000000
DEBUG: Total dvariable address used is 2083 out of 150000
DEBUG: Total dvariable address used is 3541056 out of 50000000
DEBUG: Total gradient stack used is 370333 out of 10000000
DEBUG: Total dvariable address used is 2083 out of 150000
DEBUG: Total dvariable address used is 3541056 out of 50000000
DEBUG: Total gradient stack used is 370333 out of 10000000
DEBUG: Total dvariable address used is 2083 out of 150000
DEBUG: Total dvariable address used is 3541056 out of 50000000
DEBUG: Total gradient stack used is 370350 out of 10000000
DEBUG: Total dvariable address used is 2083 out of 150000
DEBUG: Total dvariable address used is 3541056 out of 50000000
DEBUG: Total gradient stack used is 370311 out of 10000000
DEBUG: Total dvariable address used is 2083 out of 150000
DEBUG: Total dvariable address used is 3541056 out of 50000000
DEBUG: Total gradient stack used is 370355 out of 10000000
DEBUG: Total dvariable address used is 2083 out of 150000
DEBUG: Total dvariable address used is 3541056 out of 50000000
DEBUG: Total gradient stack used is 370325 out of 10000000
DEBUG: Total dvariable address used is 2083 out of 150000
DEBUG: Total dvariable address used is 3541056 out of 50000000
DEBUG: Total gradient stack used is 370333 out of 10000000
DEBUG: Total dvariable address used is 2083 out of 150000
DEBUG: Total dvariable address used is 3541056 out of 50000000
DEBUG: Total gradient stack used is 370339 out of 10000000
DEBUG: Total dvariable address used is 2083 out of 150000
DEBUG: Total dvariable address used is 3541056 out of 50000000
DEBUG: Total gradient stack used is 370339 out of 10000000
DEBUG: Total dvariable address used is 2083 out of 150000
DEBUG: Total dvariable address used is 3541056 out of 50000000
DEBUG: Total gradient stack used is 370331 out of 10000000
DEBUG: Total dvariable address used is 2083 out of 150000
DEBUG: Total dvariable address used is 3541056 out of 50000000
DEBUG: Total gradient stack used is 370326 out of 10000000
DEBUG: Total dvariable address used is 2083 out of 150000
DEBUG: Total dvariable address used is 3541056 out of 50000000
DEBUG: Total gradient stack used is 370320 out of 10000000
DEBUG: Total dvariable address used is 2083 out of 150000
DEBUG: Total dvariable address used is 3541056 out of 50000000
DEBUG: Total gradient stack used is 370328 out of 10000000
DEBUG: Total dvariable address used is 2083 out of 150000
DEBUG: Total dvariable address used is 3541056 out of 50000000
DEBUG: Total gradient stack used is 370309 out of 10000000
DEBUG: Total dvariable address used is 2083 out of 150000
DEBUG: Total dvariable address used is 3541056 out of 50000000
DEBUG: Total gradient stack used is 370328 out of 10000000
DEBUG: Total dvariable address used is 2083 out of 150000
DEBUG: Total dvariable address used is 3541056 out of 50000000
DEBUG: Total gradient stack used is 370338 out of 10000000
DEBUG: Total dvariable address used is 2083 out of 150000
DEBUG: Total dvariable address used is 3541056 out of 50000000
DEBUG: Total gradient stack used is 370347 out of 10000000
DEBUG: Total dvariable address used is 2083 out of 150000
DEBUG: Total dvariable address used is 3541056 out of 50000000
DEBUG: Total gradient stack used is 370342 out of 10000000
DEBUG: Total dvariable address used is 2083 out of 150000
DEBUG: Total dvariable address used is 3541056 out of 50000000
DEBUG: Total gradient stack used is 370342 out of 10000000
DEBUG: Total dvariable address used is 2083 out of 150000
DEBUG: Total dvariable address used is 3541056 out of 50000000
DEBUG: Total gradient stack used is 370339 out of 10000000
DEBUG: Total dvariable address used is 2083 out of 150000
DEBUG: Total dvariable address used is 3541056 out of 50000000
DEBUG: Total gradient stack used is 370350 out of 10000000
DEBUG: Total dvariable address used is 2083 out of 150000
DEBUG: Total dvariable address used is 3541056 out of 50000000
DEBUG: Total gradient stack used is 370347 out of 10000000
DEBUG: Total dvariable address used is 2083 out of 150000
DEBUG: Total dvariable address used is 3541056 out of 50000000
DEBUG: Total gradient stack used is 370350 out of 10000000
DEBUG: Total dvariable address used is 2083 out of 150000
DEBUG: Total dvariable address used is 3541056 out of 50000000
DEBUG: Total gradient stack used is 370345 out of 10000000
DEBUG: Total dvariable address used is 2083 out of 150000
DEBUG: Total dvariable address used is 3541056 out of 50000000
DEBUG: Total gradient stack used is 370351 out of 10000000
DEBUG: Total dvariable address used is 2083 out of 150000
DEBUG: Total dvariable address used is 3541056 out of 50000000
DEBUG: Total gradient stack used is 370340 out of 10000000
DEBUG: Total dvariable address used is 2083 out of 150000
DEBUG: Total dvariable address used is 3541056 out of 50000000
DEBUG: Total gradient stack used is 370337 out of 10000000
DEBUG: Total dvariable address used is 2083 out of 150000
DEBUG: Total dvariable address used is 3541056 out of 50000000
DEBUG: Total gradient stack used is 370340 out of 10000000
DEBUG: Total dvariable address used is 2083 out of 150000
DEBUG: Total dvariable address used is 3541056 out of 50000000
DEBUG: Total gradient stack used is 370340 out of 10000000
DEBUG: Total dvariable address used is 2083 out of 150000
DEBUG: Total dvariable address used is 3541056 out of 50000000
DEBUG: Total gradient stack used is 370343 out of 10000000
DEBUG: Total dvariable address used is 2083 out of 150000
DEBUG: Total dvariable address used is 3541056 out of 50000000
DEBUG: Total gradient stack used is 370351 out of 10000000
DEBUG: Total dvariable address used is 2083 out of 150000
DEBUG: Total dvariable address used is 3541056 out of 50000000
DEBUG: Total gradient stack used is 370354 out of 10000000
DEBUG: Total dvariable address used is 2083 out of 150000
DEBUG: Total dvariable address used is 3541056 out of 50000000
DEBUG: Total gradient stack used is 370343 out of 10000000
DEBUG: Total dvariable address used is 2083 out of 150000
DEBUG: Total dvariable address used is 3541056 out of 50000000
DEBUG: Total gradient stack used is 370324 out of 10000000
DEBUG: Total dvariable address used is 2083 out of 150000
DEBUG: Total dvariable address used is 3541056 out of 50000000
DEBUG: Total gradient stack used is 370327 out of 10000000
DEBUG: Total dvariable address used is 2083 out of 150000
DEBUG: Total dvariable address used is 3541056 out of 50000000
DEBUG: Total gradient stack used is 370305 out of 10000000
DEBUG: Total dvariable address used is 2083 out of 150000
DEBUG: Total dvariable address used is 3541056 out of 50000000
DEBUG: Total gradient stack used is 370305 out of 10000000
DEBUG: Total dvariable address used is 2083 out of 150000
DEBUG: Total dvariable address used is 3541056 out of 50000000
DEBUG: Total gradient stack used is 370305 out of 10000000
DEBUG: Total dvariable address used is 2083 out of 150000
DEBUG: Total dvariable address used is 3541056 out of 50000000
DEBUG: Total gradient stack used is 370305 out of 10000000
DEBUG: Total dvariable address used is 2083 out of 150000
DEBUG: Total dvariable address used is 3541056 out of 50000000
DEBUG: Total gradient stack used is 370302 out of 10000000
DEBUG: Total dvariable address used is 2083 out of 150000
DEBUG: Total dvariable address used is 3541056 out of 50000000
DEBUG: Total gradient stack used is 370302 out of 10000000
DEBUG: Total dvariable address used is 2083 out of 150000
DEBUG: Total dvariable address used is 3541056 out of 50000000
DEBUG: Total gradient stack used is 370305 out of 10000000
DEBUG: Total dvariable address used is 2083 out of 150000
DEBUG: Total dvariable address used is 3541056 out of 50000000
DEBUG: Total gradient stack used is 370305 out of 10000000
DEBUG: Total dvariable address used is 2083 out of 150000
DEBUG: Total dvariable address used is 3541056 out of 50000000
DEBUG: Total gradient stack used is 370308 out of 10000000
DEBUG: Total dvariable address used is 2083 out of 150000
DEBUG: Total dvariable address used is 3541056 out of 50000000
DEBUG: Total gradient stack used is 370308 out of 10000000
DEBUG: Total dvariable address used is 2083 out of 150000
DEBUG: Total dvariable address used is 3541056 out of 50000000
DEBUG: Total gradient stack used is 370308 out of 10000000
DEBUG: Total dvariable address used is 2083 out of 150000
DEBUG: Total dvariable address used is 3541056 out of 50000000
DEBUG: Total gradient stack used is 370308 out of 10000000
DEBUG: Total dvariable address used is 2083 out of 150000
DEBUG: Total dvariable address used is 3541056 out of 50000000
DEBUG: Total gradient stack used is 370308 out of 10000000
DEBUG: Total dvariable address used is 2083 out of 150000
DEBUG: Total dvariable address used is 3541056 out of 50000000
DEBUG: Total gradient stack used is 370305 out of 10000000
DEBUG: Total dvariable address used is 2083 out of 150000
DEBUG: Total dvariable address used is 3541056 out of 50000000
DEBUG: Total gradient stack used is 370305 out of 10000000
DEBUG: Total dvariable address used is 2083 out of 150000
DEBUG: Total dvariable address used is 3541056 out of 50000000
DEBUG: Total gradient stack used is 370308 out of 10000000
DEBUG: Total dvariable address used is 2083 out of 150000
DEBUG: Total dvariable address used is 3541056 out of 50000000
DEBUG: Total gradient stack used is 370308 out of 10000000
DEBUG: Total dvariable address used is 2083 out of 150000
DEBUG: Total dvariable address used is 3541056 out of 50000000
DEBUG: Total gradient stack used is 370308 out of 10000000
DEBUG: Total dvariable address used is 2083 out of 150000
DEBUG: Total dvariable address used is 3541056 out of 50000000
DEBUG: Total gradient stack used is 370308 out of 10000000
DEBUG: Total dvariable address used is 2083 out of 150000
DEBUG: Total dvariable address used is 3541056 out of 50000000
DEBUG: Total gradient stack used is 370308 out of 10000000
DEBUG: Total dvariable address used is 2083 out of 150000
DEBUG: Total dvariable address used is 3541056 out of 50000000
DEBUG: Total gradient stack used is 370308 out of 10000000
DEBUG: Total dvariable address used is 2083 out of 150000
DEBUG: Total dvariable address used is 3541056 out of 50000000
DEBUG: Total gradient stack used is 370305 out of 10000000
DEBUG: Total dvariable address used is 2083 out of 150000
DEBUG: Total dvariable address used is 3541056 out of 50000000
DEBUG: Total gradient stack used is 370305 out of 10000000
DEBUG: Total dvariable address used is 2083 out of 150000
DEBUG: Total dvariable address used is 3541056 out of 50000000
phase= 4 | nvar=386 | iter=200 | nll=-1.96e+04 | mag=7.40e+03 | par[  1]=T_pars_est[3]
DEBUG: Total gradient stack used is 370305 out of 10000000
DEBUG: Total dvariable address used is 2083 out of 150000
DEBUG: Total dvariable address used is 3541056 out of 50000000
DEBUG: Total gradient stack used is 370305 out of 10000000
DEBUG: Total dvariable address used is 2083 out of 150000
DEBUG: Total dvariable address used is 3541056 out of 50000000
DEBUG: Total gradient stack used is 370308 out of 10000000
DEBUG: Total dvariable address used is 2083 out of 150000
DEBUG: Total dvariable address used is 3541056 out of 50000000
DEBUG: Total gradient stack used is 370294 out of 10000000
DEBUG: Total dvariable address used is 2083 out of 150000
DEBUG: Total dvariable address used is 3541056 out of 50000000
DEBUG: Total gradient stack used is 370294 out of 10000000
DEBUG: Total dvariable address used is 2083 out of 150000
DEBUG: Total dvariable address used is 3541056 out of 50000000
DEBUG: Total gradient stack used is 370305 out of 10000000
DEBUG: Total dvariable address used is 2083 out of 150000
DEBUG: Total dvariable address used is 3541056 out of 50000000
DEBUG: Total gradient stack used is 370305 out of 10000000
DEBUG: Total dvariable address used is 2083 out of 150000
DEBUG: Total dvariable address used is 3541056 out of 50000000
DEBUG: Total gradient stack used is 370305 out of 10000000
DEBUG: Total dvariable address used is 2083 out of 150000
DEBUG: Total dvariable address used is 3541056 out of 50000000
DEBUG: Total gradient stack used is 370302 out of 10000000
DEBUG: Total dvariable address used is 2083 out of 150000
DEBUG: Total dvariable address used is 3541056 out of 50000000
DEBUG: Total gradient stack used is 370305 out of 10000000
DEBUG: Total dvariable address used is 2083 out of 150000
DEBUG: Total dvariable address used is 3541056 out of 50000000
DEBUG: Total gradient stack used is 370305 out of 10000000
DEBUG: Total dvariable address used is 2083 out of 150000
DEBUG: Total dvariable address used is 3541056 out of 50000000
DEBUG: Total gradient stack used is 370305 out of 10000000
DEBUG: Total dvariable address used is 2083 out of 150000
DEBUG: Total dvariable address used is 3541056 out of 50000000
DEBUG: Total gradient stack used is 370305 out of 10000000
DEBUG: Total dvariable address used is 2083 out of 150000
DEBUG: Total dvariable address used is 3541056 out of 50000000
DEBUG: Total gradient stack used is 370311 out of 10000000
DEBUG: Total dvariable address used is 2083 out of 150000
DEBUG: Total dvariable address used is 3541056 out of 50000000
DEBUG: Total gradient stack used is 370311 out of 10000000
DEBUG: Total dvariable address used is 2083 out of 150000
DEBUG: Total dvariable address used is 3541056 out of 50000000
DEBUG: Total gradient stack used is 370297 out of 10000000
DEBUG: Total dvariable address used is 2083 out of 150000
DEBUG: Total dvariable address used is 3541056 out of 50000000
DEBUG: Total gradient stack used is 370311 out of 10000000
DEBUG: Total dvariable address used is 2083 out of 150000
DEBUG: Total dvariable address used is 3541056 out of 50000000
DEBUG: Total gradient stack used is 370297 out of 10000000
DEBUG: Total dvariable address used is 2083 out of 150000
DEBUG: Total dvariable address used is 3541056 out of 50000000
DEBUG: Total gradient stack used is 370311 out of 10000000
DEBUG: Total dvariable address used is 2083 out of 150000
DEBUG: Total dvariable address used is 3541056 out of 50000000
DEBUG: Total gradient stack used is 370286 out of 10000000
DEBUG: Total dvariable address used is 2083 out of 150000
DEBUG: Total dvariable address used is 3541056 out of 50000000
DEBUG: Total gradient stack used is 370286 out of 10000000
DEBUG: Total dvariable address used is 2083 out of 150000
DEBUG: Total dvariable address used is 3541056 out of 50000000
DEBUG: Total gradient stack used is 370286 out of 10000000
DEBUG: Total dvariable address used is 2083 out of 150000
DEBUG: Total dvariable address used is 3541056 out of 50000000
DEBUG: Total gradient stack used is 370286 out of 10000000
DEBUG: Total dvariable address used is 2083 out of 150000
DEBUG: Total dvariable address used is 3541056 out of 50000000
DEBUG: Total gradient stack used is 370286 out of 10000000
DEBUG: Total dvariable address used is 2083 out of 150000
DEBUG: Total dvariable address used is 3541056 out of 50000000
DEBUG: Total gradient stack used is 370286 out of 10000000
DEBUG: Total dvariable address used is 2083 out of 150000
DEBUG: Total dvariable address used is 3541056 out of 50000000
DEBUG: Total gradient stack used is 370286 out of 10000000
DEBUG: Total dvariable address used is 2083 out of 150000
DEBUG: Total dvariable address used is 3541056 out of 50000000
DEBUG: Total gradient stack used is 370286 out of 10000000
DEBUG: Total dvariable address used is 2083 out of 150000
DEBUG: Total dvariable address used is 3541056 out of 50000000
DEBUG: Total gradient stack used is 370286 out of 10000000
DEBUG: Total dvariable address used is 2083 out of 150000
DEBUG: Total dvariable address used is 3541056 out of 50000000
DEBUG: Total gradient stack used is 370272 out of 10000000
DEBUG: Total dvariable address used is 2083 out of 150000
DEBUG: Total dvariable address used is 3541056 out of 50000000
DEBUG: Total gradient stack used is 370289 out of 10000000
DEBUG: Total dvariable address used is 2083 out of 150000
DEBUG: Total dvariable address used is 3541056 out of 50000000
DEBUG: Total gradient stack used is 370289 out of 10000000
DEBUG: Total dvariable address used is 2083 out of 150000
DEBUG: Total dvariable address used is 3541056 out of 50000000
DEBUG: Total gradient stack used is 370286 out of 10000000
DEBUG: Total dvariable address used is 2083 out of 150000
DEBUG: Total dvariable address used is 3541056 out of 50000000
DEBUG: Total gradient stack used is 370272 out of 10000000
DEBUG: Total dvariable address used is 2083 out of 150000
DEBUG: Total dvariable address used is 3541056 out of 50000000
DEBUG: Total gradient stack used is 370272 out of 10000000
DEBUG: Total dvariable address used is 2083 out of 150000
DEBUG: Total dvariable address used is 3541056 out of 50000000
DEBUG: Total gradient stack used is 370272 out of 10000000
DEBUG: Total dvariable address used is 2083 out of 150000
DEBUG: Total dvariable address used is 3541056 out of 50000000
DEBUG: Total gradient stack used is 370272 out of 10000000
DEBUG: Total dvariable address used is 2083 out of 150000
DEBUG: Total dvariable address used is 3541056 out of 50000000
DEBUG: Total gradient stack used is 370272 out of 10000000
DEBUG: Total dvariable address used is 2083 out of 150000
DEBUG: Total dvariable address used is 3541056 out of 50000000
DEBUG: Total gradient stack used is 370272 out of 10000000
DEBUG: Total dvariable address used is 2083 out of 150000
DEBUG: Total dvariable address used is 3541056 out of 50000000
DEBUG: Total gradient stack used is 370261 out of 10000000
DEBUG: Total dvariable address used is 2083 out of 150000
DEBUG: Total dvariable address used is 3541056 out of 50000000
DEBUG: Total gradient stack used is 370261 out of 10000000
DEBUG: Total dvariable address used is 2083 out of 150000
DEBUG: Total dvariable address used is 3541056 out of 50000000
DEBUG: Total gradient stack used is 370258 out of 10000000
DEBUG: Total dvariable address used is 2083 out of 150000
DEBUG: Total dvariable address used is 3541056 out of 50000000
DEBUG: Total gradient stack used is 370258 out of 10000000
DEBUG: Total dvariable address used is 2083 out of 150000
DEBUG: Total dvariable address used is 3541056 out of 50000000
DEBUG: Total gradient stack used is 370244 out of 10000000
DEBUG: Total dvariable address used is 2083 out of 150000
DEBUG: Total dvariable address used is 3541056 out of 50000000
DEBUG: Total gradient stack used is 370258 out of 10000000
DEBUG: Total dvariable address used is 2083 out of 150000
DEBUG: Total dvariable address used is 3541056 out of 50000000
DEBUG: Total gradient stack used is 370244 out of 10000000
DEBUG: Total dvariable address used is 2083 out of 150000
DEBUG: Total dvariable address used is 3541056 out of 50000000
DEBUG: Total gradient stack used is 370261 out of 10000000
DEBUG: Total dvariable address used is 2083 out of 150000
DEBUG: Total dvariable address used is 3541056 out of 50000000
DEBUG: Total gradient stack used is 370250 out of 10000000
DEBUG: Total dvariable address used is 2083 out of 150000
DEBUG: Total dvariable address used is 3541056 out of 50000000
DEBUG: Total gradient stack used is 370236 out of 10000000
DEBUG: Total dvariable address used is 2083 out of 150000
DEBUG: Total dvariable address used is 3541056 out of 50000000
DEBUG: Total gradient stack used is 370236 out of 10000000
DEBUG: Total dvariable address used is 2083 out of 150000
DEBUG: Total dvariable address used is 3541056 out of 50000000
DEBUG: Total gradient stack used is 370250 out of 10000000
DEBUG: Total dvariable address used is 2083 out of 150000
DEBUG: Total dvariable address used is 3541056 out of 50000000
DEBUG: Total gradient stack used is 370250 out of 10000000
DEBUG: Total dvariable address used is 2083 out of 150000
DEBUG: Total dvariable address used is 3541056 out of 50000000
DEBUG: Total gradient stack used is 370261 out of 10000000
DEBUG: Total dvariable address used is 2083 out of 150000
DEBUG: Total dvariable address used is 3541056 out of 50000000
DEBUG: Total gradient stack used is 370267 out of 10000000
DEBUG: Total dvariable address used is 2083 out of 150000
DEBUG: Total dvariable address used is 3541056 out of 50000000
DEBUG: Total gradient stack used is 370279 out of 10000000
DEBUG: Total dvariable address used is 2083 out of 150000
DEBUG: Total dvariable address used is 3541056 out of 50000000
DEBUG: Total gradient stack used is 370251 out of 10000000
DEBUG: Total dvariable address used is 2083 out of 150000
DEBUG: Total dvariable address used is 3541056 out of 50000000
DEBUG: Total gradient stack used is 370265 out of 10000000
DEBUG: Total dvariable address used is 2083 out of 150000
DEBUG: Total dvariable address used is 3541056 out of 50000000
DEBUG: Total gradient stack used is 370265 out of 10000000
DEBUG: Total dvariable address used is 2083 out of 150000
DEBUG: Total dvariable address used is 3541056 out of 50000000
DEBUG: Total gradient stack used is 370265 out of 10000000
DEBUG: Total dvariable address used is 2083 out of 150000
DEBUG: Total dvariable address used is 3541056 out of 50000000
DEBUG: Total gradient stack used is 370265 out of 10000000
DEBUG: Total dvariable address used is 2083 out of 150000
DEBUG: Total dvariable address used is 3541056 out of 50000000
DEBUG: Total gradient stack used is 370268 out of 10000000
DEBUG: Total dvariable address used is 2083 out of 150000
DEBUG: Total dvariable address used is 3541056 out of 50000000
DEBUG: Total gradient stack used is 370265 out of 10000000
DEBUG: Total dvariable address used is 2083 out of 150000
DEBUG: Total dvariable address used is 3541056 out of 50000000
DEBUG: Total gradient stack used is 370265 out of 10000000
DEBUG: Total dvariable address used is 2083 out of 150000
DEBUG: Total dvariable address used is 3541056 out of 50000000
DEBUG: Total gradient stack used is 370265 out of 10000000
DEBUG: Total dvariable address used is 2083 out of 150000
DEBUG: Total dvariable address used is 3541056 out of 50000000
DEBUG: Total gradient stack used is 370268 out of 10000000
DEBUG: Total dvariable address used is 2083 out of 150000
DEBUG: Total dvariable address used is 3541056 out of 50000000
DEBUG: Total gradient stack used is 370243 out of 10000000
DEBUG: Total dvariable address used is 2083 out of 150000
DEBUG: Total dvariable address used is 3541056 out of 50000000
DEBUG: Total gradient stack used is 370257 out of 10000000
DEBUG: Total dvariable address used is 2083 out of 150000
DEBUG: Total dvariable address used is 3541056 out of 50000000
DEBUG: Total gradient stack used is 370271 out of 10000000
DEBUG: Total dvariable address used is 2083 out of 150000
DEBUG: Total dvariable address used is 3541056 out of 50000000
DEBUG: Total gradient stack used is 370265 out of 10000000
DEBUG: Total dvariable address used is 2083 out of 150000
DEBUG: Total dvariable address used is 3541056 out of 50000000
DEBUG: Total gradient stack used is 370265 out of 10000000
DEBUG: Total dvariable address used is 2083 out of 150000
DEBUG: Total dvariable address used is 3541056 out of 50000000
DEBUG: Total gradient stack used is 370268 out of 10000000
DEBUG: Total dvariable address used is 2083 out of 150000
DEBUG: Total dvariable address used is 3541056 out of 50000000
DEBUG: Total gradient stack used is 370268 out of 10000000
DEBUG: Total dvariable address used is 2083 out of 150000
DEBUG: Total dvariable address used is 3541056 out of 50000000
DEBUG: Total gradient stack used is 370268 out of 10000000
DEBUG: Total dvariable address used is 2083 out of 150000
DEBUG: Total dvariable address used is 3541056 out of 50000000
DEBUG: Total gradient stack used is 370268 out of 10000000
DEBUG: Total dvariable address used is 2083 out of 150000
DEBUG: Total dvariable address used is 3541056 out of 50000000
DEBUG: Total gradient stack used is 370268 out of 10000000
DEBUG: Total dvariable address used is 2083 out of 150000
DEBUG: Total dvariable address used is 3541056 out of 50000000
DEBUG: Total gradient stack used is 370268 out of 10000000
DEBUG: Total dvariable address used is 2083 out of 150000
DEBUG: Total dvariable address used is 3541056 out of 50000000
DEBUG: Total gradient stack used is 370268 out of 10000000
DEBUG: Total dvariable address used is 2083 out of 150000
DEBUG: Total dvariable address used is 3541056 out of 50000000
DEBUG: Total gradient stack used is 370268 out of 10000000
DEBUG: Total dvariable address used is 2083 out of 150000
DEBUG: Total dvariable address used is 3541056 out of 50000000
DEBUG: Total gradient stack used is 370265 out of 10000000
DEBUG: Total dvariable address used is 2083 out of 150000
DEBUG: Total dvariable address used is 3541056 out of 50000000
DEBUG: Total gradient stack used is 370268 out of 10000000
DEBUG: Total dvariable address used is 2083 out of 150000
DEBUG: Total dvariable address used is 3541056 out of 50000000
DEBUG: Total gradient stack used is 370268 out of 10000000
DEBUG: Total dvariable address used is 2083 out of 150000
DEBUG: Total dvariable address used is 3541056 out of 50000000
DEBUG: Total gradient stack used is 370265 out of 10000000
DEBUG: Total dvariable address used is 2083 out of 150000
DEBUG: Total dvariable address used is 3541056 out of 50000000
DEBUG: Total gradient stack used is 370268 out of 10000000
DEBUG: Total dvariable address used is 2083 out of 150000
DEBUG: Total dvariable address used is 3541056 out of 50000000
DEBUG: Total gradient stack used is 370265 out of 10000000
DEBUG: Total dvariable address used is 2083 out of 150000
DEBUG: Total dvariable address used is 3541056 out of 50000000
DEBUG: Total gradient stack used is 370279 out of 10000000
DEBUG: Total dvariable address used is 2083 out of 150000
DEBUG: Total dvariable address used is 3541056 out of 50000000
DEBUG: Total gradient stack used is 370279 out of 10000000
DEBUG: Total dvariable address used is 2083 out of 150000
DEBUG: Total dvariable address used is 3541056 out of 50000000
DEBUG: Total gradient stack used is 370279 out of 10000000
DEBUG: Total dvariable address used is 2083 out of 150000
DEBUG: Total dvariable address used is 3541056 out of 50000000
DEBUG: Total gradient stack used is 370279 out of 10000000
DEBUG: Total dvariable address used is 2083 out of 150000
DEBUG: Total dvariable address used is 3541056 out of 50000000
DEBUG: Total gradient stack used is 370276 out of 10000000
DEBUG: Total dvariable address used is 2083 out of 150000
DEBUG: Total dvariable address used is 3541056 out of 50000000
DEBUG: Total gradient stack used is 370276 out of 10000000
DEBUG: Total dvariable address used is 2083 out of 150000
DEBUG: Total dvariable address used is 3541056 out of 50000000
DEBUG: Total gradient stack used is 370273 out of 10000000
DEBUG: Total dvariable address used is 2083 out of 150000
DEBUG: Total dvariable address used is 3541056 out of 50000000
DEBUG: Total gradient stack used is 370276 out of 10000000
DEBUG: Total dvariable address used is 2083 out of 150000
DEBUG: Total dvariable address used is 3541056 out of 50000000
DEBUG: Total gradient stack used is 370273 out of 10000000
DEBUG: Total dvariable address used is 2083 out of 150000
DEBUG: Total dvariable address used is 3541056 out of 50000000
DEBUG: Total gradient stack used is 370273 out of 10000000
DEBUG: Total dvariable address used is 2083 out of 150000
DEBUG: Total dvariable address used is 3541056 out of 50000000
DEBUG: Total gradient stack used is 370270 out of 10000000
DEBUG: Total dvariable address used is 2083 out of 150000
DEBUG: Total dvariable address used is 3541056 out of 50000000
DEBUG: Total gradient stack used is 370284 out of 10000000
DEBUG: Total dvariable address used is 2083 out of 150000
DEBUG: Total dvariable address used is 3541056 out of 50000000
DEBUG: Total gradient stack used is 370284 out of 10000000
DEBUG: Total dvariable address used is 2083 out of 150000
DEBUG: Total dvariable address used is 3541056 out of 50000000
DEBUG: Total gradient stack used is 370281 out of 10000000
DEBUG: Total dvariable address used is 2083 out of 150000
DEBUG: Total dvariable address used is 3541056 out of 50000000
DEBUG: Total gradient stack used is 370281 out of 10000000
DEBUG: Total dvariable address used is 2083 out of 150000
DEBUG: Total dvariable address used is 3541056 out of 50000000
DEBUG: Total gradient stack used is 370281 out of 10000000
DEBUG: Total dvariable address used is 2083 out of 150000
DEBUG: Total dvariable address used is 3541056 out of 50000000
DEBUG: Total gradient stack used is 370281 out of 10000000
DEBUG: Total dvariable address used is 2083 out of 150000
DEBUG: Total dvariable address used is 3541056 out of 50000000
phase= 4 | nvar=386 | iter=300 | nll=-1.97e+04 | mag=2.17e+03 | par[  1]=T_pars_est[3]
DEBUG: Total gradient stack used is 370306 out of 10000000
DEBUG: Total dvariable address used is 2083 out of 150000
DEBUG: Total dvariable address used is 3541056 out of 50000000
DEBUG: Total gradient stack used is 370303 out of 10000000
DEBUG: Total dvariable address used is 2083 out of 150000
DEBUG: Total dvariable address used is 3541056 out of 50000000
DEBUG: Total gradient stack used is 370314 out of 10000000
DEBUG: Total dvariable address used is 2083 out of 150000
DEBUG: Total dvariable address used is 3541056 out of 50000000
DEBUG: Total gradient stack used is 370314 out of 10000000
DEBUG: Total dvariable address used is 2083 out of 150000
DEBUG: Total dvariable address used is 3541056 out of 50000000
DEBUG: Total gradient stack used is 370314 out of 10000000
DEBUG: Total dvariable address used is 2083 out of 150000
DEBUG: Total dvariable address used is 3541056 out of 50000000
DEBUG: Total gradient stack used is 370314 out of 10000000
DEBUG: Total dvariable address used is 2083 out of 150000
DEBUG: Total dvariable address used is 3541056 out of 50000000
DEBUG: Total gradient stack used is 370319 out of 10000000
DEBUG: Total dvariable address used is 2083 out of 150000
DEBUG: Total dvariable address used is 3541056 out of 50000000
DEBUG: Total gradient stack used is 370308 out of 10000000
DEBUG: Total dvariable address used is 2083 out of 150000
DEBUG: Total dvariable address used is 3541056 out of 50000000
DEBUG: Total gradient stack used is 370319 out of 10000000
DEBUG: Total dvariable address used is 2083 out of 150000
DEBUG: Total dvariable address used is 3541056 out of 50000000
DEBUG: Total gradient stack used is 370322 out of 10000000
DEBUG: Total dvariable address used is 2083 out of 150000
DEBUG: Total dvariable address used is 3541056 out of 50000000
DEBUG: Total gradient stack used is 370308 out of 10000000
DEBUG: Total dvariable address used is 2083 out of 150000
DEBUG: Total dvariable address used is 3541056 out of 50000000
DEBUG: Total gradient stack used is 370308 out of 10000000
DEBUG: Total dvariable address used is 2083 out of 150000
DEBUG: Total dvariable address used is 3541056 out of 50000000
DEBUG: Total gradient stack used is 370308 out of 10000000
DEBUG: Total dvariable address used is 2083 out of 150000
DEBUG: Total dvariable address used is 3541056 out of 50000000
DEBUG: Total gradient stack used is 370322 out of 10000000
DEBUG: Total dvariable address used is 2083 out of 150000
DEBUG: Total dvariable address used is 3541056 out of 50000000
DEBUG: Total gradient stack used is 370322 out of 10000000
DEBUG: Total dvariable address used is 2083 out of 150000
DEBUG: Total dvariable address used is 3541056 out of 50000000
DEBUG: Total gradient stack used is 370322 out of 10000000
DEBUG: Total dvariable address used is 2083 out of 150000
DEBUG: Total dvariable address used is 3541056 out of 50000000
DEBUG: Total gradient stack used is 370322 out of 10000000
DEBUG: Total dvariable address used is 2083 out of 150000
DEBUG: Total dvariable address used is 3541056 out of 50000000
DEBUG: Total gradient stack used is 370322 out of 10000000
DEBUG: Total dvariable address used is 2083 out of 150000
DEBUG: Total dvariable address used is 3541056 out of 50000000
DEBUG: Total gradient stack used is 370322 out of 10000000
DEBUG: Total dvariable address used is 2083 out of 150000
DEBUG: Total dvariable address used is 3541056 out of 50000000
DEBUG: Total gradient stack used is 370322 out of 10000000
DEBUG: Total dvariable address used is 2083 out of 150000
DEBUG: Total dvariable address used is 3541056 out of 50000000
DEBUG: Total gradient stack used is 370322 out of 10000000
DEBUG: Total dvariable address used is 2083 out of 150000
DEBUG: Total dvariable address used is 3541056 out of 50000000
DEBUG: Total gradient stack used is 370322 out of 10000000
DEBUG: Total dvariable address used is 2083 out of 150000
DEBUG: Total dvariable address used is 3541056 out of 50000000
DEBUG: Total gradient stack used is 370308 out of 10000000
DEBUG: Total dvariable address used is 2083 out of 150000
DEBUG: Total dvariable address used is 3541056 out of 50000000
DEBUG: Total gradient stack used is 370308 out of 10000000
DEBUG: Total dvariable address used is 2083 out of 150000
DEBUG: Total dvariable address used is 3541056 out of 50000000
DEBUG: Total gradient stack used is 370322 out of 10000000
DEBUG: Total dvariable address used is 2083 out of 150000
DEBUG: Total dvariable address used is 3541056 out of 50000000
DEBUG: Total gradient stack used is 370319 out of 10000000
DEBUG: Total dvariable address used is 2083 out of 150000
DEBUG: Total dvariable address used is 3541056 out of 50000000
DEBUG: Total gradient stack used is 370319 out of 10000000
DEBUG: Total dvariable address used is 2083 out of 150000
DEBUG: Total dvariable address used is 3541056 out of 50000000
DEBUG: Total gradient stack used is 370308 out of 10000000
DEBUG: Total dvariable address used is 2083 out of 150000
DEBUG: Total dvariable address used is 3541056 out of 50000000
DEBUG: Total gradient stack used is 370316 out of 10000000
DEBUG: Total dvariable address used is 2083 out of 150000
DEBUG: Total dvariable address used is 3541056 out of 50000000
DEBUG: Total gradient stack used is 370316 out of 10000000
DEBUG: Total dvariable address used is 2083 out of 150000
DEBUG: Total dvariable address used is 3541056 out of 50000000
DEBUG: Total gradient stack used is 370324 out of 10000000
DEBUG: Total dvariable address used is 2083 out of 150000
DEBUG: Total dvariable address used is 3541056 out of 50000000
DEBUG: Total gradient stack used is 370313 out of 10000000
DEBUG: Total dvariable address used is 2083 out of 150000
DEBUG: Total dvariable address used is 3541056 out of 50000000
DEBUG: Total gradient stack used is 370327 out of 10000000
DEBUG: Total dvariable address used is 2083 out of 150000
DEBUG: Total dvariable address used is 3541056 out of 50000000
DEBUG: Total gradient stack used is 370310 out of 10000000
DEBUG: Total dvariable address used is 2083 out of 150000
DEBUG: Total dvariable address used is 3541056 out of 50000000
DEBUG: Total gradient stack used is 370310 out of 10000000
DEBUG: Total dvariable address used is 2083 out of 150000
DEBUG: Total dvariable address used is 3541056 out of 50000000
DEBUG: Total gradient stack used is 370310 out of 10000000
DEBUG: Total dvariable address used is 2083 out of 150000
DEBUG: Total dvariable address used is 3541056 out of 50000000
DEBUG: Total gradient stack used is 370310 out of 10000000
DEBUG: Total dvariable address used is 2083 out of 150000
DEBUG: Total dvariable address used is 3541056 out of 50000000
DEBUG: Total gradient stack used is 370310 out of 10000000
DEBUG: Total dvariable address used is 2083 out of 150000
DEBUG: Total dvariable address used is 3541056 out of 50000000
DEBUG: Total gradient stack used is 370310 out of 10000000
DEBUG: Total dvariable address used is 2083 out of 150000
DEBUG: Total dvariable address used is 3541056 out of 50000000
DEBUG: Total gradient stack used is 370310 out of 10000000
DEBUG: Total dvariable address used is 2083 out of 150000
DEBUG: Total dvariable address used is 3541056 out of 50000000
DEBUG: Total gradient stack used is 370310 out of 10000000
DEBUG: Total dvariable address used is 2083 out of 150000
DEBUG: Total dvariable address used is 3541056 out of 50000000
DEBUG: Total gradient stack used is 370310 out of 10000000
DEBUG: Total dvariable address used is 2083 out of 150000
DEBUG: Total dvariable address used is 3541056 out of 50000000
DEBUG: Total gradient stack used is 370310 out of 10000000
DEBUG: Total dvariable address used is 2083 out of 150000
DEBUG: Total dvariable address used is 3541056 out of 50000000
DEBUG: Total gradient stack used is 370310 out of 10000000
DEBUG: Total dvariable address used is 2083 out of 150000
DEBUG: Total dvariable address used is 3541056 out of 50000000
DEBUG: Total gradient stack used is 370310 out of 10000000
DEBUG: Total dvariable address used is 2083 out of 150000
DEBUG: Total dvariable address used is 3541056 out of 50000000
DEBUG: Total gradient stack used is 370310 out of 10000000
DEBUG: Total dvariable address used is 2083 out of 150000
DEBUG: Total dvariable address used is 3541056 out of 50000000
DEBUG: Total gradient stack used is 370310 out of 10000000
DEBUG: Total dvariable address used is 2083 out of 150000
DEBUG: Total dvariable address used is 3541056 out of 50000000
DEBUG: Total gradient stack used is 370310 out of 10000000
DEBUG: Total dvariable address used is 2083 out of 150000
DEBUG: Total dvariable address used is 3541056 out of 50000000
DEBUG: Total gradient stack used is 370310 out of 10000000
DEBUG: Total dvariable address used is 2083 out of 150000
DEBUG: Total dvariable address used is 3541056 out of 50000000
DEBUG: Total gradient stack used is 370310 out of 10000000
DEBUG: Total dvariable address used is 2083 out of 150000
DEBUG: Total dvariable address used is 3541056 out of 50000000
DEBUG: Total gradient stack used is 370310 out of 10000000
DEBUG: Total dvariable address used is 2083 out of 150000
DEBUG: Total dvariable address used is 3541056 out of 50000000
DEBUG: Total gradient stack used is 370310 out of 10000000
DEBUG: Total dvariable address used is 2083 out of 150000
DEBUG: Total dvariable address used is 3541056 out of 50000000
DEBUG: Total gradient stack used is 370299 out of 10000000
DEBUG: Total dvariable address used is 2083 out of 150000
DEBUG: Total dvariable address used is 3541056 out of 50000000
DEBUG: Total gradient stack used is 370310 out of 10000000
DEBUG: Total dvariable address used is 2083 out of 150000
DEBUG: Total dvariable address used is 3541056 out of 50000000
DEBUG: Total gradient stack used is 370313 out of 10000000
DEBUG: Total dvariable address used is 2083 out of 150000
DEBUG: Total dvariable address used is 3541056 out of 50000000
DEBUG: Total gradient stack used is 370304 out of 10000000
DEBUG: Total dvariable address used is 2083 out of 150000
DEBUG: Total dvariable address used is 3541056 out of 50000000
DEBUG: Total gradient stack used is 370301 out of 10000000
DEBUG: Total dvariable address used is 2083 out of 150000
DEBUG: Total dvariable address used is 3541056 out of 50000000
DEBUG: Total gradient stack used is 370309 out of 10000000
DEBUG: Total dvariable address used is 2083 out of 150000
DEBUG: Total dvariable address used is 3541056 out of 50000000
DEBUG: Total gradient stack used is 370315 out of 10000000
DEBUG: Total dvariable address used is 2083 out of 150000
DEBUG: Total dvariable address used is 3541056 out of 50000000
DEBUG: Total gradient stack used is 370312 out of 10000000
DEBUG: Total dvariable address used is 2083 out of 150000
DEBUG: Total dvariable address used is 3541056 out of 50000000
DEBUG: Total gradient stack used is 370312 out of 10000000
DEBUG: Total dvariable address used is 2083 out of 150000
DEBUG: Total dvariable address used is 3541056 out of 50000000
DEBUG: Total gradient stack used is 370304 out of 10000000
DEBUG: Total dvariable address used is 2083 out of 150000
DEBUG: Total dvariable address used is 3541056 out of 50000000
DEBUG: Total gradient stack used is 370301 out of 10000000
DEBUG: Total dvariable address used is 2083 out of 150000
DEBUG: Total dvariable address used is 3541056 out of 50000000
DEBUG: Total gradient stack used is 370301 out of 10000000
DEBUG: Total dvariable address used is 2083 out of 150000
DEBUG: Total dvariable address used is 3541056 out of 50000000
DEBUG: Total gradient stack used is 370301 out of 10000000
DEBUG: Total dvariable address used is 2083 out of 150000
DEBUG: Total dvariable address used is 3541056 out of 50000000
DEBUG: Total gradient stack used is 370301 out of 10000000
DEBUG: Total dvariable address used is 2083 out of 150000
DEBUG: Total dvariable address used is 3541056 out of 50000000
DEBUG: Total gradient stack used is 370301 out of 10000000
DEBUG: Total dvariable address used is 2083 out of 150000
DEBUG: Total dvariable address used is 3541056 out of 50000000
DEBUG: Total gradient stack used is 370301 out of 10000000
DEBUG: Total dvariable address used is 2083 out of 150000
DEBUG: Total dvariable address used is 3541056 out of 50000000
DEBUG: Total gradient stack used is 370301 out of 10000000
DEBUG: Total dvariable address used is 2083 out of 150000
DEBUG: Total dvariable address used is 3541056 out of 50000000
DEBUG: Total gradient stack used is 370309 out of 10000000
DEBUG: Total dvariable address used is 2083 out of 150000
DEBUG: Total dvariable address used is 3541056 out of 50000000
DEBUG: Total gradient stack used is 370326 out of 10000000
DEBUG: Total dvariable address used is 2083 out of 150000
DEBUG: Total dvariable address used is 3541056 out of 50000000
DEBUG: Total gradient stack used is 370340 out of 10000000
DEBUG: Total dvariable address used is 2083 out of 150000
DEBUG: Total dvariable address used is 3541056 out of 50000000
DEBUG: Total gradient stack used is 370326 out of 10000000
DEBUG: Total dvariable address used is 2083 out of 150000
DEBUG: Total dvariable address used is 3541056 out of 50000000
DEBUG: Total gradient stack used is 370359 out of 10000000
DEBUG: Total dvariable address used is 2083 out of 150000
DEBUG: Total dvariable address used is 3541056 out of 50000000
DEBUG: Total gradient stack used is 370340 out of 10000000
DEBUG: Total dvariable address used is 2083 out of 150000
DEBUG: Total dvariable address used is 3541056 out of 50000000
DEBUG: Total gradient stack used is 370340 out of 10000000
DEBUG: Total dvariable address used is 2083 out of 150000
DEBUG: Total dvariable address used is 3541056 out of 50000000
DEBUG: Total gradient stack used is 370340 out of 10000000
DEBUG: Total dvariable address used is 2083 out of 150000
DEBUG: Total dvariable address used is 3541056 out of 50000000
DEBUG: Total gradient stack used is 370326 out of 10000000
DEBUG: Total dvariable address used is 2083 out of 150000
DEBUG: Total dvariable address used is 3541056 out of 50000000
DEBUG: Total gradient stack used is 370340 out of 10000000
DEBUG: Total dvariable address used is 2083 out of 150000
DEBUG: Total dvariable address used is 3541056 out of 50000000
DEBUG: Total gradient stack used is 370340 out of 10000000
DEBUG: Total dvariable address used is 2083 out of 150000
DEBUG: Total dvariable address used is 3541056 out of 50000000
DEBUG: Total gradient stack used is 370340 out of 10000000
DEBUG: Total dvariable address used is 2083 out of 150000
DEBUG: Total dvariable address used is 3541056 out of 50000000
DEBUG: Total gradient stack used is 370340 out of 10000000
DEBUG: Total dvariable address used is 2083 out of 150000
DEBUG: Total dvariable address used is 3541056 out of 50000000
DEBUG: Total gradient stack used is 370340 out of 10000000
DEBUG: Total dvariable address used is 2083 out of 150000
DEBUG: Total dvariable address used is 3541056 out of 50000000
DEBUG: Total gradient stack used is 370326 out of 10000000
DEBUG: Total dvariable address used is 2083 out of 150000
DEBUG: Total dvariable address used is 3541056 out of 50000000
DEBUG: Total gradient stack used is 370335 out of 10000000
DEBUG: Total dvariable address used is 2083 out of 150000
DEBUG: Total dvariable address used is 3541056 out of 50000000
DEBUG: Total gradient stack used is 370316 out of 10000000
DEBUG: Total dvariable address used is 2083 out of 150000
DEBUG: Total dvariable address used is 3541056 out of 50000000
DEBUG: Total gradient stack used is 370335 out of 10000000
DEBUG: Total dvariable address used is 2083 out of 150000
DEBUG: Total dvariable address used is 3541056 out of 50000000
DEBUG: Total gradient stack used is 370335 out of 10000000
DEBUG: Total dvariable address used is 2083 out of 150000
DEBUG: Total dvariable address used is 3541056 out of 50000000
DEBUG: Total gradient stack used is 370335 out of 10000000
DEBUG: Total dvariable address used is 2083 out of 150000
DEBUG: Total dvariable address used is 3541056 out of 50000000
DEBUG: Total gradient stack used is 370321 out of 10000000
DEBUG: Total dvariable address used is 2083 out of 150000
DEBUG: Total dvariable address used is 3541056 out of 50000000
DEBUG: Total gradient stack used is 370324 out of 10000000
DEBUG: Total dvariable address used is 2083 out of 150000
DEBUG: Total dvariable address used is 3541056 out of 50000000
DEBUG: Total gradient stack used is 370344 out of 10000000
DEBUG: Total dvariable address used is 2083 out of 150000
DEBUG: Total dvariable address used is 3541056 out of 50000000
DEBUG: Total gradient stack used is 370324 out of 10000000
DEBUG: Total dvariable address used is 2083 out of 150000
DEBUG: Total dvariable address used is 3541056 out of 50000000
DEBUG: Total gradient stack used is 370338 out of 10000000
DEBUG: Total dvariable address used is 2083 out of 150000
DEBUG: Total dvariable address used is 3541056 out of 50000000
DEBUG: Total gradient stack used is 370324 out of 10000000
DEBUG: Total dvariable address used is 2083 out of 150000
DEBUG: Total dvariable address used is 3541056 out of 50000000
DEBUG: Total gradient stack used is 370324 out of 10000000
DEBUG: Total dvariable address used is 2083 out of 150000
DEBUG: Total dvariable address used is 3541056 out of 50000000
DEBUG: Total gradient stack used is 370324 out of 10000000
DEBUG: Total dvariable address used is 2083 out of 150000
DEBUG: Total dvariable address used is 3541056 out of 50000000
DEBUG: Total gradient stack used is 370324 out of 10000000
DEBUG: Total dvariable address used is 2083 out of 150000
DEBUG: Total dvariable address used is 3541056 out of 50000000
DEBUG: Total gradient stack used is 370341 out of 10000000
DEBUG: Total dvariable address used is 2083 out of 150000
DEBUG: Total dvariable address used is 3541056 out of 50000000
DEBUG: Total gradient stack used is 370324 out of 10000000
DEBUG: Total dvariable address used is 2083 out of 150000
DEBUG: Total dvariable address used is 3541056 out of 50000000
DEBUG: Total gradient stack used is 370324 out of 10000000
DEBUG: Total dvariable address used is 2083 out of 150000
DEBUG: Total dvariable address used is 3541056 out of 50000000
DEBUG: Total gradient stack used is 370324 out of 10000000
DEBUG: Total dvariable address used is 2083 out of 150000
DEBUG: Total dvariable address used is 3541056 out of 50000000
DEBUG: Total gradient stack used is 370324 out of 10000000
DEBUG: Total dvariable address used is 2083 out of 150000
DEBUG: Total dvariable address used is 3541056 out of 50000000
DEBUG: Total gradient stack used is 370327 out of 10000000
DEBUG: Total dvariable address used is 2083 out of 150000
DEBUG: Total dvariable address used is 3541056 out of 50000000
DEBUG: Total gradient stack used is 370327 out of 10000000
DEBUG: Total dvariable address used is 2083 out of 150000
DEBUG: Total dvariable address used is 3541056 out of 50000000
DEBUG: Total gradient stack used is 370327 out of 10000000
DEBUG: Total dvariable address used is 2083 out of 150000
DEBUG: Total dvariable address used is 3541056 out of 50000000
DEBUG: Total gradient stack used is 370327 out of 10000000
DEBUG: Total dvariable address used is 2083 out of 150000
DEBUG: Total dvariable address used is 3541056 out of 50000000
DEBUG: Total gradient stack used is 370327 out of 10000000
DEBUG: Total dvariable address used is 2083 out of 150000
DEBUG: Total dvariable address used is 3541056 out of 50000000
DEBUG: Total gradient stack used is 370338 out of 10000000
DEBUG: Total dvariable address used is 2083 out of 150000
DEBUG: Total dvariable address used is 3541056 out of 50000000
DEBUG: Total gradient stack used is 370338 out of 10000000
DEBUG: Total dvariable address used is 2083 out of 150000
DEBUG: Total dvariable address used is 3541056 out of 50000000
DEBUG: Total gradient stack used is 370341 out of 10000000
DEBUG: Total dvariable address used is 2083 out of 150000
DEBUG: Total dvariable address used is 3541056 out of 50000000
DEBUG: Total gradient stack used is 370338 out of 10000000
DEBUG: Total dvariable address used is 2083 out of 150000
DEBUG: Total dvariable address used is 3541056 out of 50000000
DEBUG: Total gradient stack used is 370338 out of 10000000
DEBUG: Total dvariable address used is 2083 out of 150000
DEBUG: Total dvariable address used is 3541056 out of 50000000
DEBUG: Total gradient stack used is 370338 out of 10000000
DEBUG: Total dvariable address used is 2083 out of 150000
DEBUG: Total dvariable address used is 3541056 out of 50000000
DEBUG: Total gradient stack used is 370338 out of 10000000
DEBUG: Total dvariable address used is 2083 out of 150000
DEBUG: Total dvariable address used is 3541056 out of 50000000
DEBUG: Total gradient stack used is 370341 out of 10000000
DEBUG: Total dvariable address used is 2083 out of 150000
DEBUG: Total dvariable address used is 3541056 out of 50000000
DEBUG: Total gradient stack used is 370335 out of 10000000
DEBUG: Total dvariable address used is 2083 out of 150000
DEBUG: Total dvariable address used is 3541056 out of 50000000
DEBUG: Total gradient stack used is 370340 out of 10000000
DEBUG: Total dvariable address used is 2083 out of 150000
DEBUG: Total dvariable address used is 3541056 out of 50000000
DEBUG: Total gradient stack used is 370335 out of 10000000
DEBUG: Total dvariable address used is 2083 out of 150000
DEBUG: Total dvariable address used is 3541056 out of 50000000
DEBUG: Total gradient stack used is 370335 out of 10000000
DEBUG: Total dvariable address used is 2083 out of 150000
DEBUG: Total dvariable address used is 3541056 out of 50000000
DEBUG: Total gradient stack used is 370335 out of 10000000
DEBUG: Total dvariable address used is 2083 out of 150000
DEBUG: Total dvariable address used is 3541056 out of 50000000
DEBUG: Total gradient stack used is 370335 out of 10000000
DEBUG: Total dvariable address used is 2083 out of 150000
DEBUG: Total dvariable address used is 3541056 out of 50000000
DEBUG: Total gradient stack used is 370318 out of 10000000
DEBUG: Total dvariable address used is 2083 out of 150000
DEBUG: Total dvariable address used is 3541056 out of 50000000
DEBUG: Total gradient stack used is 370335 out of 10000000
DEBUG: Total dvariable address used is 2083 out of 150000
DEBUG: Total dvariable address used is 3541056 out of 50000000
DEBUG: Total gradient stack used is 370335 out of 10000000
DEBUG: Total dvariable address used is 2083 out of 150000
DEBUG: Total dvariable address used is 3541056 out of 50000000
DEBUG: Total gradient stack used is 370335 out of 10000000
DEBUG: Total dvariable address used is 2083 out of 150000
DEBUG: Total dvariable address used is 3541056 out of 50000000
DEBUG: Total gradient stack used is 370335 out of 10000000
DEBUG: Total dvariable address used is 2083 out of 150000
DEBUG: Total dvariable address used is 3541056 out of 50000000
DEBUG: Total gradient stack used is 370335 out of 10000000
DEBUG: Total dvariable address used is 2083 out of 150000
DEBUG: Total dvariable address used is 3541056 out of 50000000
DEBUG: Total gradient stack used is 370335 out of 10000000
DEBUG: Total dvariable address used is 2083 out of 150000
DEBUG: Total dvariable address used is 3541056 out of 50000000
DEBUG: Total gradient stack used is 370335 out of 10000000
DEBUG: Total dvariable address used is 2083 out of 150000
DEBUG: Total dvariable address used is 3541056 out of 50000000
DEBUG: Total gradient stack used is 370335 out of 10000000
DEBUG: Total dvariable address used is 2083 out of 150000
DEBUG: Total dvariable address used is 3541056 out of 50000000
DEBUG: Total gradient stack used is 370335 out of 10000000
DEBUG: Total dvariable address used is 2083 out of 150000
DEBUG: Total dvariable address used is 3541056 out of 50000000
DEBUG: Total gradient stack used is 370321 out of 10000000
DEBUG: Total dvariable address used is 2083 out of 150000
DEBUG: Total dvariable address used is 3541056 out of 50000000
DEBUG: Total gradient stack used is 370362 out of 10000000
DEBUG: Total dvariable address used is 2083 out of 150000
DEBUG: Total dvariable address used is 3541056 out of 50000000
DEBUG: Total gradient stack used is 370321 out of 10000000
DEBUG: Total dvariable address used is 2083 out of 150000
DEBUG: Total dvariable address used is 3541056 out of 50000000
DEBUG: Total gradient stack used is 370321 out of 10000000
DEBUG: Total dvariable address used is 2083 out of 150000
DEBUG: Total dvariable address used is 3541056 out of 50000000
DEBUG: Total gradient stack used is 370321 out of 10000000
DEBUG: Total dvariable address used is 2083 out of 150000
DEBUG: Total dvariable address used is 3541056 out of 50000000
phase= 4 | nvar=386 | iter=400 | nll=-1.97e+04 | mag=8.06e+03 | par[  1]=T_pars_est[3]
DEBUG: Total gradient stack used is 370335 out of 10000000
DEBUG: Total dvariable address used is 2083 out of 150000
DEBUG: Total dvariable address used is 3541056 out of 50000000
DEBUG: Total gradient stack used is 370315 out of 10000000
DEBUG: Total dvariable address used is 2083 out of 150000
DEBUG: Total dvariable address used is 3541056 out of 50000000
DEBUG: Total gradient stack used is 370335 out of 10000000
DEBUG: Total dvariable address used is 2083 out of 150000
DEBUG: Total dvariable address used is 3541056 out of 50000000
DEBUG: Total gradient stack used is 370335 out of 10000000
DEBUG: Total dvariable address used is 2083 out of 150000
DEBUG: Total dvariable address used is 3541056 out of 50000000
DEBUG: Total gradient stack used is 370318 out of 10000000
DEBUG: Total dvariable address used is 2083 out of 150000
DEBUG: Total dvariable address used is 3541056 out of 50000000
DEBUG: Total gradient stack used is 370318 out of 10000000
DEBUG: Total dvariable address used is 2083 out of 150000
DEBUG: Total dvariable address used is 3541056 out of 50000000
DEBUG: Total gradient stack used is 370321 out of 10000000
DEBUG: Total dvariable address used is 2083 out of 150000
DEBUG: Total dvariable address used is 3541056 out of 50000000
DEBUG: Total gradient stack used is 370318 out of 10000000
DEBUG: Total dvariable address used is 2083 out of 150000
DEBUG: Total dvariable address used is 3541056 out of 50000000
DEBUG: Total gradient stack used is 370330 out of 10000000
DEBUG: Total dvariable address used is 2083 out of 150000
DEBUG: Total dvariable address used is 3541056 out of 50000000
DEBUG: Total gradient stack used is 370324 out of 10000000
DEBUG: Total dvariable address used is 2083 out of 150000
DEBUG: Total dvariable address used is 3541056 out of 50000000
DEBUG: Total gradient stack used is 370326 out of 10000000
DEBUG: Total dvariable address used is 2083 out of 150000
DEBUG: Total dvariable address used is 3541056 out of 50000000
DEBUG: Total gradient stack used is 370362 out of 10000000
DEBUG: Total dvariable address used is 2083 out of 150000
DEBUG: Total dvariable address used is 3541056 out of 50000000
DEBUG: Total gradient stack used is 370362 out of 10000000
DEBUG: Total dvariable address used is 2083 out of 150000
DEBUG: Total dvariable address used is 3541056 out of 50000000
DEBUG: Total gradient stack used is 370354 out of 10000000
DEBUG: Total dvariable address used is 2083 out of 150000
DEBUG: Total dvariable address used is 3541056 out of 50000000
DEBUG: Total gradient stack used is 370354 out of 10000000
DEBUG: Total dvariable address used is 2083 out of 150000
DEBUG: Total dvariable address used is 3541056 out of 50000000
DEBUG: Total gradient stack used is 370354 out of 10000000
DEBUG: Total dvariable address used is 2083 out of 150000
DEBUG: Total dvariable address used is 3541056 out of 50000000
DEBUG: Total gradient stack used is 370354 out of 10000000
DEBUG: Total dvariable address used is 2083 out of 150000
DEBUG: Total dvariable address used is 3541056 out of 50000000
DEBUG: Total gradient stack used is 370354 out of 10000000
DEBUG: Total dvariable address used is 2083 out of 150000
DEBUG: Total dvariable address used is 3541056 out of 50000000
DEBUG: Total gradient stack used is 370343 out of 10000000
DEBUG: Total dvariable address used is 2083 out of 150000
DEBUG: Total dvariable address used is 3541056 out of 50000000
DEBUG: Total gradient stack used is 370343 out of 10000000
DEBUG: Total dvariable address used is 2083 out of 150000
DEBUG: Total dvariable address used is 3541056 out of 50000000
DEBUG: Total gradient stack used is 370346 out of 10000000
DEBUG: Total dvariable address used is 2083 out of 150000
DEBUG: Total dvariable address used is 3541056 out of 50000000
DEBUG: Total gradient stack used is 370346 out of 10000000
DEBUG: Total dvariable address used is 2083 out of 150000
DEBUG: Total dvariable address used is 3541056 out of 50000000
DEBUG: Total gradient stack used is 370346 out of 10000000
DEBUG: Total dvariable address used is 2083 out of 150000
DEBUG: Total dvariable address used is 3541056 out of 50000000
DEBUG: Total gradient stack used is 370329 out of 10000000
DEBUG: Total dvariable address used is 2083 out of 150000
DEBUG: Total dvariable address used is 3541056 out of 50000000
DEBUG: Total gradient stack used is 370343 out of 10000000
DEBUG: Total dvariable address used is 2083 out of 150000
DEBUG: Total dvariable address used is 3541056 out of 50000000
DEBUG: Total gradient stack used is 370332 out of 10000000
DEBUG: Total dvariable address used is 2083 out of 150000
DEBUG: Total dvariable address used is 3541056 out of 50000000
DEBUG: Total gradient stack used is 370329 out of 10000000
DEBUG: Total dvariable address used is 2083 out of 150000
DEBUG: Total dvariable address used is 3541056 out of 50000000
DEBUG: Total gradient stack used is 370343 out of 10000000
DEBUG: Total dvariable address used is 2083 out of 150000
DEBUG: Total dvariable address used is 3541056 out of 50000000
DEBUG: Total gradient stack used is 370357 out of 10000000
DEBUG: Total dvariable address used is 2083 out of 150000
DEBUG: Total dvariable address used is 3541056 out of 50000000
DEBUG: Total gradient stack used is 370357 out of 10000000
DEBUG: Total dvariable address used is 2083 out of 150000
DEBUG: Total dvariable address used is 3541056 out of 50000000
DEBUG: Total gradient stack used is 370354 out of 10000000
DEBUG: Total dvariable address used is 2083 out of 150000
DEBUG: Total dvariable address used is 3541056 out of 50000000
DEBUG: Total gradient stack used is 370354 out of 10000000
DEBUG: Total dvariable address used is 2083 out of 150000
DEBUG: Total dvariable address used is 3541056 out of 50000000
DEBUG: Total gradient stack used is 370351 out of 10000000
DEBUG: Total dvariable address used is 2083 out of 150000
DEBUG: Total dvariable address used is 3541056 out of 50000000
DEBUG: Total gradient stack used is 370348 out of 10000000
DEBUG: Total dvariable address used is 2083 out of 150000
DEBUG: Total dvariable address used is 3541056 out of 50000000
DEBUG: Total gradient stack used is 370365 out of 10000000
DEBUG: Total dvariable address used is 2083 out of 150000
DEBUG: Total dvariable address used is 3541056 out of 50000000
DEBUG: Total gradient stack used is 370365 out of 10000000
DEBUG: Total dvariable address used is 2083 out of 150000
DEBUG: Total dvariable address used is 3541056 out of 50000000
DEBUG: Total gradient stack used is 370362 out of 10000000
DEBUG: Total dvariable address used is 2083 out of 150000
DEBUG: Total dvariable address used is 3541056 out of 50000000
DEBUG: Total gradient stack used is 370365 out of 10000000
DEBUG: Total dvariable address used is 2083 out of 150000
DEBUG: Total dvariable address used is 3541056 out of 50000000
DEBUG: Total gradient stack used is 370351 out of 10000000
DEBUG: Total dvariable address used is 2083 out of 150000
DEBUG: Total dvariable address used is 3541056 out of 50000000
DEBUG: Total gradient stack used is 370351 out of 10000000
DEBUG: Total dvariable address used is 2083 out of 150000
DEBUG: Total dvariable address used is 3541056 out of 50000000
DEBUG: Total gradient stack used is 370340 out of 10000000
DEBUG: Total dvariable address used is 2083 out of 150000
DEBUG: Total dvariable address used is 3541056 out of 50000000
DEBUG: Total gradient stack used is 370349 out of 10000000
DEBUG: Total dvariable address used is 2083 out of 150000
DEBUG: Total dvariable address used is 3541056 out of 50000000
DEBUG: Total gradient stack used is 370346 out of 10000000
DEBUG: Total dvariable address used is 2083 out of 150000
DEBUG: Total dvariable address used is 3541056 out of 50000000
DEBUG: Total gradient stack used is 370343 out of 10000000
DEBUG: Total dvariable address used is 2083 out of 150000
DEBUG: Total dvariable address used is 3541056 out of 50000000
DEBUG: Total gradient stack used is 370340 out of 10000000
DEBUG: Total dvariable address used is 2083 out of 150000
DEBUG: Total dvariable address used is 3541056 out of 50000000
DEBUG: Total gradient stack used is 370343 out of 10000000
DEBUG: Total dvariable address used is 2083 out of 150000
DEBUG: Total dvariable address used is 3541056 out of 50000000
DEBUG: Total gradient stack used is 370343 out of 10000000
DEBUG: Total dvariable address used is 2083 out of 150000
DEBUG: Total dvariable address used is 3541056 out of 50000000
DEBUG: Total gradient stack used is 370343 out of 10000000
DEBUG: Total dvariable address used is 2083 out of 150000
DEBUG: Total dvariable address used is 3541056 out of 50000000
DEBUG: Total gradient stack used is 370343 out of 10000000
DEBUG: Total dvariable address used is 2083 out of 150000
DEBUG: Total dvariable address used is 3541056 out of 50000000
DEBUG: Total gradient stack used is 370343 out of 10000000
DEBUG: Total dvariable address used is 2083 out of 150000
DEBUG: Total dvariable address used is 3541056 out of 50000000
DEBUG: Total gradient stack used is 370337 out of 10000000
DEBUG: Total dvariable address used is 2083 out of 150000
DEBUG: Total dvariable address used is 3541056 out of 50000000
DEBUG: Total gradient stack used is 370354 out of 10000000
DEBUG: Total dvariable address used is 2083 out of 150000
DEBUG: Total dvariable address used is 3541056 out of 50000000
DEBUG: Total gradient stack used is 370348 out of 10000000
DEBUG: Total dvariable address used is 2083 out of 150000
DEBUG: Total dvariable address used is 3541056 out of 50000000
DEBUG: Total gradient stack used is 370348 out of 10000000
DEBUG: Total dvariable address used is 2083 out of 150000
DEBUG: Total dvariable address used is 3541056 out of 50000000
DEBUG: Total gradient stack used is 370351 out of 10000000
DEBUG: Total dvariable address used is 2083 out of 150000
DEBUG: Total dvariable address used is 3541056 out of 50000000
DEBUG: Total gradient stack used is 370351 out of 10000000
DEBUG: Total dvariable address used is 2083 out of 150000
DEBUG: Total dvariable address used is 3541056 out of 50000000
DEBUG: Total gradient stack used is 370337 out of 10000000
DEBUG: Total dvariable address used is 2083 out of 150000
DEBUG: Total dvariable address used is 3541056 out of 50000000
DEBUG: Total gradient stack used is 370340 out of 10000000
DEBUG: Total dvariable address used is 2083 out of 150000
DEBUG: Total dvariable address used is 3541056 out of 50000000
DEBUG: Total gradient stack used is 370351 out of 10000000
DEBUG: Total dvariable address used is 2083 out of 150000
DEBUG: Total dvariable address used is 3541056 out of 50000000
DEBUG: Total gradient stack used is 370348 out of 10000000
DEBUG: Total dvariable address used is 2083 out of 150000
DEBUG: Total dvariable address used is 3541056 out of 50000000
DEBUG: Total gradient stack used is 370348 out of 10000000
DEBUG: Total dvariable address used is 2083 out of 150000
DEBUG: Total dvariable address used is 3541056 out of 50000000
DEBUG: Total gradient stack used is 370351 out of 10000000
DEBUG: Total dvariable address used is 2083 out of 150000
DEBUG: Total dvariable address used is 3541056 out of 50000000
DEBUG: Total gradient stack used is 370337 out of 10000000
DEBUG: Total dvariable address used is 2083 out of 150000
DEBUG: Total dvariable address used is 3541056 out of 50000000
DEBUG: Total gradient stack used is 370337 out of 10000000
DEBUG: Total dvariable address used is 2083 out of 150000
DEBUG: Total dvariable address used is 3541056 out of 50000000
DEBUG: Total gradient stack used is 370337 out of 10000000
DEBUG: Total dvariable address used is 2083 out of 150000
DEBUG: Total dvariable address used is 3541056 out of 50000000
DEBUG: Total gradient stack used is 370337 out of 10000000
DEBUG: Total dvariable address used is 2083 out of 150000
DEBUG: Total dvariable address used is 3541056 out of 50000000
DEBUG: Total gradient stack used is 370337 out of 10000000
DEBUG: Total dvariable address used is 2083 out of 150000
DEBUG: Total dvariable address used is 3541056 out of 50000000
DEBUG: Total gradient stack used is 370337 out of 10000000
DEBUG: Total dvariable address used is 2083 out of 150000
DEBUG: Total dvariable address used is 3541056 out of 50000000
DEBUG: Total gradient stack used is 370362 out of 10000000
DEBUG: Total dvariable address used is 2083 out of 150000
DEBUG: Total dvariable address used is 3541056 out of 50000000
DEBUG: Total gradient stack used is 370362 out of 10000000
DEBUG: Total dvariable address used is 2083 out of 150000
DEBUG: Total dvariable address used is 3541056 out of 50000000
DEBUG: Total gradient stack used is 370362 out of 10000000
DEBUG: Total dvariable address used is 2083 out of 150000
DEBUG: Total dvariable address used is 3541056 out of 50000000
DEBUG: Total gradient stack used is 370362 out of 10000000
DEBUG: Total dvariable address used is 2083 out of 150000
DEBUG: Total dvariable address used is 3541056 out of 50000000
DEBUG: Total gradient stack used is 370362 out of 10000000
DEBUG: Total dvariable address used is 2083 out of 150000
DEBUG: Total dvariable address used is 3541056 out of 50000000
DEBUG: Total gradient stack used is 370362 out of 10000000
DEBUG: Total dvariable address used is 2083 out of 150000
DEBUG: Total dvariable address used is 3541056 out of 50000000
DEBUG: Total gradient stack used is 370362 out of 10000000
DEBUG: Total dvariable address used is 2083 out of 150000
DEBUG: Total dvariable address used is 3541056 out of 50000000
DEBUG: Total gradient stack used is 370362 out of 10000000
DEBUG: Total dvariable address used is 2083 out of 150000
DEBUG: Total dvariable address used is 3541056 out of 50000000
DEBUG: Total gradient stack used is 370351 out of 10000000
DEBUG: Total dvariable address used is 2083 out of 150000
DEBUG: Total dvariable address used is 3541056 out of 50000000
DEBUG: Total gradient stack used is 370348 out of 10000000
DEBUG: Total dvariable address used is 2083 out of 150000
DEBUG: Total dvariable address used is 3541056 out of 50000000
DEBUG: Total gradient stack used is 370348 out of 10000000
DEBUG: Total dvariable address used is 2083 out of 150000
DEBUG: Total dvariable address used is 3541056 out of 50000000
DEBUG: Total gradient stack used is 370348 out of 10000000
DEBUG: Total dvariable address used is 2083 out of 150000
DEBUG: Total dvariable address used is 3541056 out of 50000000
DEBUG: Total gradient stack used is 370348 out of 10000000
DEBUG: Total dvariable address used is 2083 out of 150000
DEBUG: Total dvariable address used is 3541056 out of 50000000
DEBUG: Total gradient stack used is 370373 out of 10000000
DEBUG: Total dvariable address used is 2083 out of 150000
DEBUG: Total dvariable address used is 3541056 out of 50000000
DEBUG: Total gradient stack used is 370373 out of 10000000
DEBUG: Total dvariable address used is 2083 out of 150000
DEBUG: Total dvariable address used is 3541056 out of 50000000
DEBUG: Total gradient stack used is 370373 out of 10000000
DEBUG: Total dvariable address used is 2083 out of 150000
DEBUG: Total dvariable address used is 3541056 out of 50000000
DEBUG: Total gradient stack used is 370373 out of 10000000
DEBUG: Total dvariable address used is 2083 out of 150000
DEBUG: Total dvariable address used is 3541056 out of 50000000
DEBUG: Total gradient stack used is 370373 out of 10000000
DEBUG: Total dvariable address used is 2083 out of 150000
DEBUG: Total dvariable address used is 3541056 out of 50000000
DEBUG: Total gradient stack used is 370370 out of 10000000
DEBUG: Total dvariable address used is 2083 out of 150000
DEBUG: Total dvariable address used is 3541056 out of 50000000
DEBUG: Total gradient stack used is 370370 out of 10000000
DEBUG: Total dvariable address used is 2083 out of 150000
DEBUG: Total dvariable address used is 3541056 out of 50000000
DEBUG: Total gradient stack used is 370373 out of 10000000
DEBUG: Total dvariable address used is 2083 out of 150000
DEBUG: Total dvariable address used is 3541056 out of 50000000
DEBUG: Total gradient stack used is 370373 out of 10000000
DEBUG: Total dvariable address used is 2083 out of 150000
DEBUG: Total dvariable address used is 3541056 out of 50000000
DEBUG: Total gradient stack used is 370373 out of 10000000
DEBUG: Total dvariable address used is 2083 out of 150000
DEBUG: Total dvariable address used is 3541056 out of 50000000
DEBUG: Total gradient stack used is 370376 out of 10000000
DEBUG: Total dvariable address used is 2083 out of 150000
DEBUG: Total dvariable address used is 3541056 out of 50000000
DEBUG: Total gradient stack used is 370348 out of 10000000
DEBUG: Total dvariable address used is 2083 out of 150000
DEBUG: Total dvariable address used is 3541056 out of 50000000
DEBUG: Total gradient stack used is 370362 out of 10000000
DEBUG: Total dvariable address used is 2083 out of 150000
DEBUG: Total dvariable address used is 3541056 out of 50000000
DEBUG: Total gradient stack used is 370362 out of 10000000
DEBUG: Total dvariable address used is 2083 out of 150000
DEBUG: Total dvariable address used is 3541056 out of 50000000
DEBUG: Total gradient stack used is 370362 out of 10000000
DEBUG: Total dvariable address used is 2083 out of 150000
DEBUG: Total dvariable address used is 3541056 out of 50000000
DEBUG: Total gradient stack used is 370362 out of 10000000
DEBUG: Total dvariable address used is 2083 out of 150000
DEBUG: Total dvariable address used is 3541056 out of 50000000
DEBUG: Total gradient stack used is 370362 out of 10000000
DEBUG: Total dvariable address used is 2083 out of 150000
DEBUG: Total dvariable address used is 3541056 out of 50000000
DEBUG: Total gradient stack used is 370362 out of 10000000
DEBUG: Total dvariable address used is 2083 out of 150000
DEBUG: Total dvariable address used is 3541056 out of 50000000
DEBUG: Total gradient stack used is 370362 out of 10000000
DEBUG: Total dvariable address used is 2083 out of 150000
DEBUG: Total dvariable address used is 3541056 out of 50000000
DEBUG: Total gradient stack used is 370362 out of 10000000
DEBUG: Total dvariable address used is 2083 out of 150000
DEBUG: Total dvariable address used is 3541056 out of 50000000
DEBUG: Total gradient stack used is 370362 out of 10000000
DEBUG: Total dvariable address used is 2083 out of 150000
DEBUG: Total dvariable address used is 3541056 out of 50000000
DEBUG: Total gradient stack used is 370362 out of 10000000
DEBUG: Total dvariable address used is 2083 out of 150000
DEBUG: Total dvariable address used is 3541056 out of 50000000
DEBUG: Total gradient stack used is 370362 out of 10000000
DEBUG: Total dvariable address used is 2083 out of 150000
DEBUG: Total dvariable address used is 3541056 out of 50000000
DEBUG: Total gradient stack used is 370326 out of 10000000
DEBUG: Total dvariable address used is 2083 out of 150000
DEBUG: Total dvariable address used is 3541056 out of 50000000
DEBUG: Total gradient stack used is 370362 out of 10000000
DEBUG: Total dvariable address used is 2083 out of 150000
DEBUG: Total dvariable address used is 3541056 out of 50000000
DEBUG: Total gradient stack used is 370351 out of 10000000
DEBUG: Total dvariable address used is 2083 out of 150000
DEBUG: Total dvariable address used is 3541056 out of 50000000
DEBUG: Total gradient stack used is 370348 out of 10000000
DEBUG: Total dvariable address used is 2083 out of 150000
DEBUG: Total dvariable address used is 3541056 out of 50000000
DEBUG: Total gradient stack used is 370351 out of 10000000
DEBUG: Total dvariable address used is 2083 out of 150000
DEBUG: Total dvariable address used is 3541056 out of 50000000
DEBUG: Total gradient stack used is 370351 out of 10000000
DEBUG: Total dvariable address used is 2083 out of 150000
DEBUG: Total dvariable address used is 3541056 out of 50000000
DEBUG: Total gradient stack used is 370351 out of 10000000
DEBUG: Total dvariable address used is 2083 out of 150000
DEBUG: Total dvariable address used is 3541056 out of 50000000
phase= 4 | nvar=386 | iter=500 | nll=-1.97e+04 | mag=1.03e+02 | par[365]=logit_rec_prop_est[17]
DEBUG: Total gradient stack used is 370351 out of 10000000
DEBUG: Total dvariable address used is 2083 out of 150000
DEBUG: Total dvariable address used is 3541056 out of 50000000
DEBUG: Total gradient stack used is 370365 out of 10000000
DEBUG: Total dvariable address used is 2083 out of 150000
DEBUG: Total dvariable address used is 3541056 out of 50000000
DEBUG: Total gradient stack used is 370362 out of 10000000
DEBUG: Total dvariable address used is 2083 out of 150000
DEBUG: Total dvariable address used is 3541056 out of 50000000
DEBUG: Total gradient stack used is 370362 out of 10000000
DEBUG: Total dvariable address used is 2083 out of 150000
DEBUG: Total dvariable address used is 3541056 out of 50000000
DEBUG: Total gradient stack used is 370362 out of 10000000
DEBUG: Total dvariable address used is 2083 out of 150000
DEBUG: Total dvariable address used is 3541056 out of 50000000
DEBUG: Total gradient stack used is 370362 out of 10000000
DEBUG: Total dvariable address used is 2083 out of 150000
DEBUG: Total dvariable address used is 3541056 out of 50000000
DEBUG: Total gradient stack used is 370362 out of 10000000
DEBUG: Total dvariable address used is 2083 out of 150000
DEBUG: Total dvariable address used is 3541056 out of 50000000
DEBUG: Total gradient stack used is 370362 out of 10000000
DEBUG: Total dvariable address used is 2083 out of 150000
DEBUG: Total dvariable address used is 3541056 out of 50000000
DEBUG: Total gradient stack used is 370362 out of 10000000
DEBUG: Total dvariable address used is 2083 out of 150000
DEBUG: Total dvariable address used is 3541056 out of 50000000
DEBUG: Total gradient stack used is 370362 out of 10000000
DEBUG: Total dvariable address used is 2083 out of 150000
DEBUG: Total dvariable address used is 3541056 out of 50000000
DEBUG: Total gradient stack used is 370362 out of 10000000
DEBUG: Total dvariable address used is 2083 out of 150000
DEBUG: Total dvariable address used is 3541056 out of 50000000
DEBUG: Total gradient stack used is 370362 out of 10000000
DEBUG: Total dvariable address used is 2083 out of 150000
DEBUG: Total dvariable address used is 3541056 out of 50000000
DEBUG: Total gradient stack used is 370362 out of 10000000
DEBUG: Total dvariable address used is 2083 out of 150000
DEBUG: Total dvariable address used is 3541056 out of 50000000
DEBUG: Total gradient stack used is 370362 out of 10000000
DEBUG: Total dvariable address used is 2083 out of 150000
DEBUG: Total dvariable address used is 3541056 out of 50000000
DEBUG: Total gradient stack used is 370362 out of 10000000
DEBUG: Total dvariable address used is 2083 out of 150000
DEBUG: Total dvariable address used is 3541056 out of 50000000
DEBUG: Total gradient stack used is 370362 out of 10000000
DEBUG: Total dvariable address used is 2083 out of 150000
DEBUG: Total dvariable address used is 3541056 out of 50000000
DEBUG: Total gradient stack used is 370362 out of 10000000
DEBUG: Total dvariable address used is 2083 out of 150000
DEBUG: Total dvariable address used is 3541056 out of 50000000
DEBUG: Total gradient stack used is 370362 out of 10000000
DEBUG: Total dvariable address used is 2083 out of 150000
DEBUG: Total dvariable address used is 3541056 out of 50000000
DEBUG: Total gradient stack used is 370362 out of 10000000
DEBUG: Total dvariable address used is 2083 out of 150000
DEBUG: Total dvariable address used is 3541056 out of 50000000
DEBUG: Total gradient stack used is 370362 out of 10000000
DEBUG: Total dvariable address used is 2083 out of 150000
DEBUG: Total dvariable address used is 3541056 out of 50000000
DEBUG: Total gradient stack used is 370362 out of 10000000
DEBUG: Total dvariable address used is 2083 out of 150000
DEBUG: Total dvariable address used is 3541056 out of 50000000
DEBUG: Total gradient stack used is 370348 out of 10000000
DEBUG: Total dvariable address used is 2083 out of 150000
DEBUG: Total dvariable address used is 3541056 out of 50000000
DEBUG: Total gradient stack used is 370348 out of 10000000
DEBUG: Total dvariable address used is 2083 out of 150000
DEBUG: Total dvariable address used is 3541056 out of 50000000
DEBUG: Total gradient stack used is 370348 out of 10000000
DEBUG: Total dvariable address used is 2083 out of 150000
DEBUG: Total dvariable address used is 3541056 out of 50000000
DEBUG: Total gradient stack used is 370362 out of 10000000
DEBUG: Total dvariable address used is 2083 out of 150000
DEBUG: Total dvariable address used is 3541056 out of 50000000
DEBUG: Total gradient stack used is 370362 out of 10000000
DEBUG: Total dvariable address used is 2083 out of 150000
DEBUG: Total dvariable address used is 3541056 out of 50000000
DEBUG: Total gradient stack used is 370362 out of 10000000
DEBUG: Total dvariable address used is 2083 out of 150000
DEBUG: Total dvariable address used is 3541056 out of 50000000
DEBUG: Total gradient stack used is 370362 out of 10000000
DEBUG: Total dvariable address used is 2083 out of 150000
DEBUG: Total dvariable address used is 3541056 out of 50000000
DEBUG: Total gradient stack used is 370348 out of 10000000
DEBUG: Total dvariable address used is 2083 out of 150000
DEBUG: Total dvariable address used is 3541056 out of 50000000
DEBUG: Total gradient stack used is 370348 out of 10000000
DEBUG: Total dvariable address used is 2083 out of 150000
DEBUG: Total dvariable address used is 3541056 out of 50000000
DEBUG: Total gradient stack used is 370348 out of 10000000
DEBUG: Total dvariable address used is 2083 out of 150000
DEBUG: Total dvariable address used is 3541056 out of 50000000
DEBUG: Total gradient stack used is 370348 out of 10000000
DEBUG: Total dvariable address used is 2083 out of 150000
DEBUG: Total dvariable address used is 3541056 out of 50000000
DEBUG: Total gradient stack used is 370348 out of 10000000
DEBUG: Total dvariable address used is 2083 out of 150000
DEBUG: Total dvariable address used is 3541056 out of 50000000
DEBUG: Total gradient stack used is 370348 out of 10000000
DEBUG: Total dvariable address used is 2083 out of 150000
DEBUG: Total dvariable address used is 3541056 out of 50000000
DEBUG: Total gradient stack used is 370348 out of 10000000
DEBUG: Total dvariable address used is 2083 out of 150000
DEBUG: Total dvariable address used is 3541056 out of 50000000
DEBUG: Total gradient stack used is 370348 out of 10000000
DEBUG: Total dvariable address used is 2083 out of 150000
DEBUG: Total dvariable address used is 3541056 out of 50000000
DEBUG: Total gradient stack used is 370348 out of 10000000
DEBUG: Total dvariable address used is 2083 out of 150000
DEBUG: Total dvariable address used is 3541056 out of 50000000
DEBUG: Total gradient stack used is 370348 out of 10000000
DEBUG: Total dvariable address used is 2083 out of 150000
DEBUG: Total dvariable address used is 3541056 out of 50000000
DEBUG: Total gradient stack used is 370348 out of 10000000
DEBUG: Total dvariable address used is 2083 out of 150000
DEBUG: Total dvariable address used is 3541056 out of 50000000
DEBUG: Total gradient stack used is 370348 out of 10000000
DEBUG: Total dvariable address used is 2083 out of 150000
DEBUG: Total dvariable address used is 3541056 out of 50000000
DEBUG: Total gradient stack used is 370348 out of 10000000
DEBUG: Total dvariable address used is 2083 out of 150000
DEBUG: Total dvariable address used is 3541056 out of 50000000
DEBUG: Total gradient stack used is 370348 out of 10000000
DEBUG: Total dvariable address used is 2083 out of 150000
DEBUG: Total dvariable address used is 3541056 out of 50000000
DEBUG: Total gradient stack used is 370348 out of 10000000
DEBUG: Total dvariable address used is 2083 out of 150000
DEBUG: Total dvariable address used is 3541056 out of 50000000
DEBUG: Total gradient stack used is 370348 out of 10000000
DEBUG: Total dvariable address used is 2083 out of 150000
DEBUG: Total dvariable address used is 3541056 out of 50000000
DEBUG: Total gradient stack used is 370348 out of 10000000
DEBUG: Total dvariable address used is 2083 out of 150000
DEBUG: Total dvariable address used is 3541056 out of 50000000
DEBUG: Total gradient stack used is 370337 out of 10000000
DEBUG: Total dvariable address used is 2083 out of 150000
DEBUG: Total dvariable address used is 3541056 out of 50000000
DEBUG: Total gradient stack used is 370337 out of 10000000
DEBUG: Total dvariable address used is 2083 out of 150000
DEBUG: Total dvariable address used is 3541056 out of 50000000
DEBUG: Total gradient stack used is 370343 out of 10000000
DEBUG: Total dvariable address used is 2083 out of 150000
DEBUG: Total dvariable address used is 3541056 out of 50000000
DEBUG: Total gradient stack used is 370343 out of 10000000
DEBUG: Total dvariable address used is 2083 out of 150000
DEBUG: Total dvariable address used is 3541056 out of 50000000
DEBUG: Total gradient stack used is 370343 out of 10000000
DEBUG: Total dvariable address used is 2083 out of 150000
DEBUG: Total dvariable address used is 3541056 out of 50000000
DEBUG: Total gradient stack used is 370343 out of 10000000
DEBUG: Total dvariable address used is 2083 out of 150000
DEBUG: Total dvariable address used is 3541056 out of 50000000
DEBUG: Total gradient stack used is 370343 out of 10000000
DEBUG: Total dvariable address used is 2083 out of 150000
DEBUG: Total dvariable address used is 3541056 out of 50000000
DEBUG: Total gradient stack used is 370343 out of 10000000
DEBUG: Total dvariable address used is 2083 out of 150000
DEBUG: Total dvariable address used is 3541056 out of 50000000
DEBUG: Total gradient stack used is 370343 out of 10000000
DEBUG: Total dvariable address used is 2083 out of 150000
DEBUG: Total dvariable address used is 3541056 out of 50000000
DEBUG: Total gradient stack used is 370343 out of 10000000
DEBUG: Total dvariable address used is 2083 out of 150000
DEBUG: Total dvariable address used is 3541056 out of 50000000
DEBUG: Total gradient stack used is 370343 out of 10000000
DEBUG: Total dvariable address used is 2083 out of 150000
DEBUG: Total dvariable address used is 3541056 out of 50000000
DEBUG: Total gradient stack used is 370343 out of 10000000
DEBUG: Total dvariable address used is 2083 out of 150000
DEBUG: Total dvariable address used is 3541056 out of 50000000
DEBUG: Total gradient stack used is 370351 out of 10000000
DEBUG: Total dvariable address used is 2083 out of 150000
DEBUG: Total dvariable address used is 3541056 out of 50000000
DEBUG: Total gradient stack used is 370343 out of 10000000
DEBUG: Total dvariable address used is 2083 out of 150000
DEBUG: Total dvariable address used is 3541056 out of 50000000
DEBUG: Total gradient stack used is 370351 out of 10000000
DEBUG: Total dvariable address used is 2083 out of 150000
DEBUG: Total dvariable address used is 3541056 out of 50000000
DEBUG: Total gradient stack used is 370351 out of 10000000
DEBUG: Total dvariable address used is 2083 out of 150000
DEBUG: Total dvariable address used is 3541056 out of 50000000
DEBUG: Total gradient stack used is 370351 out of 10000000
DEBUG: Total dvariable address used is 2083 out of 150000
DEBUG: Total dvariable address used is 3541056 out of 50000000
DEBUG: Total gradient stack used is 370351 out of 10000000
DEBUG: Total dvariable address used is 2083 out of 150000
DEBUG: Total dvariable address used is 3541056 out of 50000000
DEBUG: Total gradient stack used is 370351 out of 10000000
DEBUG: Total dvariable address used is 2083 out of 150000
DEBUG: Total dvariable address used is 3541056 out of 50000000
DEBUG: Total gradient stack used is 370349 out of 10000000
DEBUG: Total dvariable address used is 2083 out of 150000
DEBUG: Total dvariable address used is 3541056 out of 50000000
DEBUG: Total gradient stack used is 370340 out of 10000000
DEBUG: Total dvariable address used is 2083 out of 150000
DEBUG: Total dvariable address used is 3541056 out of 50000000
DEBUG: Total gradient stack used is 370351 out of 10000000
DEBUG: Total dvariable address used is 2083 out of 150000
DEBUG: Total dvariable address used is 3541056 out of 50000000
DEBUG: Total gradient stack used is 370351 out of 10000000
DEBUG: Total dvariable address used is 2083 out of 150000
DEBUG: Total dvariable address used is 3541056 out of 50000000
DEBUG: Total gradient stack used is 370340 out of 10000000
DEBUG: Total dvariable address used is 2083 out of 150000
DEBUG: Total dvariable address used is 3541056 out of 50000000
DEBUG: Total gradient stack used is 370351 out of 10000000
DEBUG: Total dvariable address used is 2083 out of 150000
DEBUG: Total dvariable address used is 3541056 out of 50000000
DEBUG: Total gradient stack used is 370337 out of 10000000
DEBUG: Total dvariable address used is 2083 out of 150000
DEBUG: Total dvariable address used is 3541056 out of 50000000
DEBUG: Total gradient stack used is 370349 out of 10000000
DEBUG: Total dvariable address used is 2083 out of 150000
DEBUG: Total dvariable address used is 3541056 out of 50000000
DEBUG: Total gradient stack used is 370328 out of 10000000
DEBUG: Total dvariable address used is 2083 out of 150000
DEBUG: Total dvariable address used is 3541056 out of 50000000
DEBUG: Total gradient stack used is 370324 out of 10000000
DEBUG: Total dvariable address used is 2083 out of 150000
DEBUG: Total dvariable address used is 3541056 out of 50000000
DEBUG: Total gradient stack used is 370325 out of 10000000
DEBUG: Total dvariable address used is 2083 out of 150000
DEBUG: Total dvariable address used is 3541056 out of 50000000
DEBUG: Total gradient stack used is 370320 out of 10000000
DEBUG: Total dvariable address used is 2083 out of 150000
DEBUG: Total dvariable address used is 3541056 out of 50000000
DEBUG: Total gradient stack used is 370320 out of 10000000
DEBUG: Total dvariable address used is 2083 out of 150000
DEBUG: Total dvariable address used is 3541056 out of 50000000
DEBUG: Total gradient stack used is 370320 out of 10000000
DEBUG: Total dvariable address used is 2083 out of 150000
DEBUG: Total dvariable address used is 3541056 out of 50000000
DEBUG: Total gradient stack used is 370320 out of 10000000
DEBUG: Total dvariable address used is 2083 out of 150000
DEBUG: Total dvariable address used is 3541056 out of 50000000
DEBUG: Total gradient stack used is 370311 out of 10000000
DEBUG: Total dvariable address used is 2083 out of 150000
DEBUG: Total dvariable address used is 3541056 out of 50000000
DEBUG: Total gradient stack used is 370319 out of 10000000
DEBUG: Total dvariable address used is 2083 out of 150000
DEBUG: Total dvariable address used is 3541056 out of 50000000
DEBUG: Total gradient stack used is 370321 out of 10000000
DEBUG: Total dvariable address used is 2083 out of 150000
DEBUG: Total dvariable address used is 3541056 out of 50000000
DEBUG: Total gradient stack used is 370346 out of 10000000
DEBUG: Total dvariable address used is 2083 out of 150000
DEBUG: Total dvariable address used is 3541056 out of 50000000
DEBUG: Total gradient stack used is 370337 out of 10000000
DEBUG: Total dvariable address used is 2083 out of 150000
DEBUG: Total dvariable address used is 3541056 out of 50000000
DEBUG: Total gradient stack used is 370340 out of 10000000
DEBUG: Total dvariable address used is 2083 out of 150000
DEBUG: Total dvariable address used is 3541056 out of 50000000
DEBUG: Total gradient stack used is 370340 out of 10000000
DEBUG: Total dvariable address used is 2083 out of 150000
DEBUG: Total dvariable address used is 3541056 out of 50000000
DEBUG: Total gradient stack used is 370340 out of 10000000
DEBUG: Total dvariable address used is 2083 out of 150000
DEBUG: Total dvariable address used is 3541056 out of 50000000
DEBUG: Total gradient stack used is 370340 out of 10000000
DEBUG: Total dvariable address used is 2083 out of 150000
DEBUG: Total dvariable address used is 3541056 out of 50000000
DEBUG: Total gradient stack used is 370318 out of 10000000
DEBUG: Total dvariable address used is 2083 out of 150000
DEBUG: Total dvariable address used is 3541056 out of 50000000
DEBUG: Total gradient stack used is 370332 out of 10000000
DEBUG: Total dvariable address used is 2083 out of 150000
DEBUG: Total dvariable address used is 3541056 out of 50000000
DEBUG: Total gradient stack used is 370318 out of 10000000
DEBUG: Total dvariable address used is 2083 out of 150000
DEBUG: Total dvariable address used is 3541056 out of 50000000
DEBUG: Total gradient stack used is 370318 out of 10000000
DEBUG: Total dvariable address used is 2083 out of 150000
DEBUG: Total dvariable address used is 3541056 out of 50000000
DEBUG: Total gradient stack used is 370318 out of 10000000
DEBUG: Total dvariable address used is 2083 out of 150000
DEBUG: Total dvariable address used is 3541056 out of 50000000
DEBUG: Total gradient stack used is 370346 out of 10000000
DEBUG: Total dvariable address used is 2083 out of 150000
DEBUG: Total dvariable address used is 3541056 out of 50000000
DEBUG: Total gradient stack used is 370346 out of 10000000
DEBUG: Total dvariable address used is 2083 out of 150000
DEBUG: Total dvariable address used is 3541056 out of 50000000
DEBUG: Total gradient stack used is 370346 out of 10000000
DEBUG: Total dvariable address used is 2083 out of 150000
DEBUG: Total dvariable address used is 3541056 out of 50000000
DEBUG: Total gradient stack used is 370349 out of 10000000
DEBUG: Total dvariable address used is 2083 out of 150000
DEBUG: Total dvariable address used is 3541056 out of 50000000
DEBUG: Total gradient stack used is 370349 out of 10000000
DEBUG: Total dvariable address used is 2083 out of 150000
DEBUG: Total dvariable address used is 3541056 out of 50000000
DEBUG: Total gradient stack used is 370349 out of 10000000
DEBUG: Total dvariable address used is 2083 out of 150000
DEBUG: Total dvariable address used is 3541056 out of 50000000
DEBUG: Total gradient stack used is 370349 out of 10000000
DEBUG: Total dvariable address used is 2083 out of 150000
DEBUG: Total dvariable address used is 3541056 out of 50000000
DEBUG: Total gradient stack used is 370346 out of 10000000
DEBUG: Total dvariable address used is 2083 out of 150000
DEBUG: Total dvariable address used is 3541056 out of 50000000
DEBUG: Total gradient stack used is 370346 out of 10000000
DEBUG: Total dvariable address used is 2083 out of 150000
DEBUG: Total dvariable address used is 3541056 out of 50000000
DEBUG: Total gradient stack used is 370343 out of 10000000
DEBUG: Total dvariable address used is 2083 out of 150000
DEBUG: Total dvariable address used is 3541056 out of 50000000
DEBUG: Total gradient stack used is 370340 out of 10000000
DEBUG: Total dvariable address used is 2083 out of 150000
DEBUG: Total dvariable address used is 3541056 out of 50000000
DEBUG: Total gradient stack used is 370343 out of 10000000
DEBUG: Total dvariable address used is 2083 out of 150000
DEBUG: Total dvariable address used is 3541056 out of 50000000
DEBUG: Total gradient stack used is 370343 out of 10000000
DEBUG: Total dvariable address used is 2083 out of 150000
DEBUG: Total dvariable address used is 3541056 out of 50000000
DEBUG: Total gradient stack used is 370343 out of 10000000
DEBUG: Total dvariable address used is 2083 out of 150000
DEBUG: Total dvariable address used is 3541056 out of 50000000
DEBUG: Total gradient stack used is 370346 out of 10000000
DEBUG: Total dvariable address used is 2083 out of 150000
DEBUG: Total dvariable address used is 3541056 out of 50000000
DEBUG: Total gradient stack used is 370346 out of 10000000
DEBUG: Total dvariable address used is 2083 out of 150000
DEBUG: Total dvariable address used is 3541056 out of 50000000
DEBUG: Total gradient stack used is 370343 out of 10000000
DEBUG: Total dvariable address used is 2083 out of 150000
DEBUG: Total dvariable address used is 3541056 out of 50000000
DEBUG: Total gradient stack used is 370343 out of 10000000
DEBUG: Total dvariable address used is 2083 out of 150000
DEBUG: Total dvariable address used is 3541056 out of 50000000
DEBUG: Total gradient stack used is 370343 out of 10000000
DEBUG: Total dvariable address used is 2083 out of 150000
DEBUG: Total dvariable address used is 3541056 out of 50000000
DEBUG: Total gradient stack used is 370343 out of 10000000
DEBUG: Total dvariable address used is 2083 out of 150000
DEBUG: Total dvariable address used is 3541056 out of 50000000
DEBUG: Total gradient stack used is 370343 out of 10000000
DEBUG: Total dvariable address used is 2083 out of 150000
DEBUG: Total dvariable address used is 3541056 out of 50000000
DEBUG: Total gradient stack used is 370343 out of 10000000
DEBUG: Total dvariable address used is 2083 out of 150000
DEBUG: Total dvariable address used is 3541056 out of 50000000
DEBUG: Total gradient stack used is 370343 out of 10000000
DEBUG: Total dvariable address used is 2083 out of 150000
DEBUG: Total dvariable address used is 3541056 out of 50000000
phase= 4 | nvar=386 | iter=600 | nll=-1.97e+04 | mag=4.00e+02 | par[  1]=T_pars_est[3]
DEBUG: Total gradient stack used is 370343 out of 10000000
DEBUG: Total dvariable address used is 2083 out of 150000
DEBUG: Total dvariable address used is 3541056 out of 50000000
DEBUG: Total gradient stack used is 370340 out of 10000000
DEBUG: Total dvariable address used is 2083 out of 150000
DEBUG: Total dvariable address used is 3541056 out of 50000000
DEBUG: Total gradient stack used is 370340 out of 10000000
DEBUG: Total dvariable address used is 2083 out of 150000
DEBUG: Total dvariable address used is 3541056 out of 50000000
DEBUG: Total gradient stack used is 370340 out of 10000000
DEBUG: Total dvariable address used is 2083 out of 150000
DEBUG: Total dvariable address used is 3541056 out of 50000000
DEBUG: Total gradient stack used is 370340 out of 10000000
DEBUG: Total dvariable address used is 2083 out of 150000
DEBUG: Total dvariable address used is 3541056 out of 50000000
DEBUG: Total gradient stack used is 370340 out of 10000000
DEBUG: Total dvariable address used is 2083 out of 150000
DEBUG: Total dvariable address used is 3541056 out of 50000000
DEBUG: Total gradient stack used is 370337 out of 10000000
DEBUG: Total dvariable address used is 2083 out of 150000
DEBUG: Total dvariable address used is 3541056 out of 50000000
DEBUG: Total gradient stack used is 370337 out of 10000000
DEBUG: Total dvariable address used is 2083 out of 150000
DEBUG: Total dvariable address used is 3541056 out of 50000000
DEBUG: Total gradient stack used is 370334 out of 10000000
DEBUG: Total dvariable address used is 2083 out of 150000
DEBUG: Total dvariable address used is 3541056 out of 50000000
DEBUG: Total gradient stack used is 370348 out of 10000000
DEBUG: Total dvariable address used is 2083 out of 150000
DEBUG: Total dvariable address used is 3541056 out of 50000000
DEBUG: Total gradient stack used is 370348 out of 10000000
DEBUG: Total dvariable address used is 2083 out of 150000
DEBUG: Total dvariable address used is 3541056 out of 50000000
DEBUG: Total gradient stack used is 370340 out of 10000000
DEBUG: Total dvariable address used is 2083 out of 150000
DEBUG: Total dvariable address used is 3541056 out of 50000000
DEBUG: Total gradient stack used is 370334 out of 10000000
DEBUG: Total dvariable address used is 2083 out of 150000
DEBUG: Total dvariable address used is 3541056 out of 50000000
DEBUG: Total gradient stack used is 370337 out of 10000000
DEBUG: Total dvariable address used is 2083 out of 150000
DEBUG: Total dvariable address used is 3541056 out of 50000000
DEBUG: Total gradient stack used is 370334 out of 10000000
DEBUG: Total dvariable address used is 2083 out of 150000
DEBUG: Total dvariable address used is 3541056 out of 50000000
DEBUG: Total gradient stack used is 370348 out of 10000000
DEBUG: Total dvariable address used is 2083 out of 150000
DEBUG: Total dvariable address used is 3541056 out of 50000000
DEBUG: Total gradient stack used is 370348 out of 10000000
DEBUG: Total dvariable address used is 2083 out of 150000
DEBUG: Total dvariable address used is 3541056 out of 50000000
DEBUG: Total gradient stack used is 370348 out of 10000000
DEBUG: Total dvariable address used is 2083 out of 150000
DEBUG: Total dvariable address used is 3541056 out of 50000000
DEBUG: Total gradient stack used is 370348 out of 10000000
DEBUG: Total dvariable address used is 2083 out of 150000
DEBUG: Total dvariable address used is 3541056 out of 50000000
DEBUG: Total gradient stack used is 370362 out of 10000000
DEBUG: Total dvariable address used is 2083 out of 150000
DEBUG: Total dvariable address used is 3541056 out of 50000000
DEBUG: Total gradient stack used is 370362 out of 10000000
DEBUG: Total dvariable address used is 2083 out of 150000
DEBUG: Total dvariable address used is 3541056 out of 50000000
DEBUG: Total gradient stack used is 370362 out of 10000000
DEBUG: Total dvariable address used is 2083 out of 150000
DEBUG: Total dvariable address used is 3541056 out of 50000000
DEBUG: Total gradient stack used is 370362 out of 10000000
DEBUG: Total dvariable address used is 2083 out of 150000
DEBUG: Total dvariable address used is 3541056 out of 50000000
DEBUG: Total gradient stack used is 370362 out of 10000000
DEBUG: Total dvariable address used is 2083 out of 150000
DEBUG: Total dvariable address used is 3541056 out of 50000000
DEBUG: Total gradient stack used is 370362 out of 10000000
DEBUG: Total dvariable address used is 2083 out of 150000
DEBUG: Total dvariable address used is 3541056 out of 50000000
DEBUG: Total gradient stack used is 370362 out of 10000000
DEBUG: Total dvariable address used is 2083 out of 150000
DEBUG: Total dvariable address used is 3541056 out of 50000000
DEBUG: Total gradient stack used is 370362 out of 10000000
DEBUG: Total dvariable address used is 2083 out of 150000
DEBUG: Total dvariable address used is 3541056 out of 50000000
DEBUG: Total gradient stack used is 370362 out of 10000000
DEBUG: Total dvariable address used is 2083 out of 150000
DEBUG: Total dvariable address used is 3541056 out of 50000000
DEBUG: Total gradient stack used is 370362 out of 10000000
DEBUG: Total dvariable address used is 2083 out of 150000
DEBUG: Total dvariable address used is 3541056 out of 50000000
DEBUG: Total gradient stack used is 370362 out of 10000000
DEBUG: Total dvariable address used is 2083 out of 150000
DEBUG: Total dvariable address used is 3541056 out of 50000000
DEBUG: Total gradient stack used is 370362 out of 10000000
DEBUG: Total dvariable address used is 2083 out of 150000
DEBUG: Total dvariable address used is 3541056 out of 50000000
DEBUG: Total gradient stack used is 370362 out of 10000000
DEBUG: Total dvariable address used is 2083 out of 150000
DEBUG: Total dvariable address used is 3541056 out of 50000000
DEBUG: Total gradient stack used is 370362 out of 10000000
DEBUG: Total dvariable address used is 2083 out of 150000
DEBUG: Total dvariable address used is 3541056 out of 50000000
DEBUG: Total gradient stack used is 370362 out of 10000000
DEBUG: Total dvariable address used is 2083 out of 150000
DEBUG: Total dvariable address used is 3541056 out of 50000000
DEBUG: Total gradient stack used is 370362 out of 10000000
DEBUG: Total dvariable address used is 2083 out of 150000
DEBUG: Total dvariable address used is 3541056 out of 50000000
DEBUG: Total gradient stack used is 370362 out of 10000000
DEBUG: Total dvariable address used is 2083 out of 150000
DEBUG: Total dvariable address used is 3541056 out of 50000000
DEBUG: Total gradient stack used is 370362 out of 10000000
DEBUG: Total dvariable address used is 2083 out of 150000
DEBUG: Total dvariable address used is 3541056 out of 50000000
DEBUG: Total gradient stack used is 370362 out of 10000000
DEBUG: Total dvariable address used is 2083 out of 150000
DEBUG: Total dvariable address used is 3541056 out of 50000000
DEBUG: Total gradient stack used is 370362 out of 10000000
DEBUG: Total dvariable address used is 2083 out of 150000
DEBUG: Total dvariable address used is 3541056 out of 50000000
DEBUG: Total gradient stack used is 370362 out of 10000000
DEBUG: Total dvariable address used is 2083 out of 150000
DEBUG: Total dvariable address used is 3541056 out of 50000000
DEBUG: Total gradient stack used is 370362 out of 10000000
DEBUG: Total dvariable address used is 2083 out of 150000
DEBUG: Total dvariable address used is 3541056 out of 50000000
DEBUG: Total gradient stack used is 370362 out of 10000000
DEBUG: Total dvariable address used is 2083 out of 150000
DEBUG: Total dvariable address used is 3541056 out of 50000000
DEBUG: Total gradient stack used is 370362 out of 10000000
DEBUG: Total dvariable address used is 2083 out of 150000
DEBUG: Total dvariable address used is 3541056 out of 50000000
DEBUG: Total gradient stack used is 370362 out of 10000000
DEBUG: Total dvariable address used is 2083 out of 150000
DEBUG: Total dvariable address used is 3541056 out of 50000000
DEBUG: Total gradient stack used is 370362 out of 10000000
DEBUG: Total dvariable address used is 2083 out of 150000
DEBUG: Total dvariable address used is 3541056 out of 50000000
DEBUG: Total gradient stack used is 370362 out of 10000000
DEBUG: Total dvariable address used is 2083 out of 150000
DEBUG: Total dvariable address used is 3541056 out of 50000000
DEBUG: Total gradient stack used is 370362 out of 10000000
DEBUG: Total dvariable address used is 2083 out of 150000
DEBUG: Total dvariable address used is 3541056 out of 50000000
DEBUG: Total gradient stack used is 370362 out of 10000000
DEBUG: Total dvariable address used is 2083 out of 150000
DEBUG: Total dvariable address used is 3541056 out of 50000000
DEBUG: Total gradient stack used is 370362 out of 10000000
DEBUG: Total dvariable address used is 2083 out of 150000
DEBUG: Total dvariable address used is 3541056 out of 50000000
DEBUG: Total gradient stack used is 370362 out of 10000000
DEBUG: Total dvariable address used is 2083 out of 150000
DEBUG: Total dvariable address used is 3541056 out of 50000000
DEBUG: Total gradient stack used is 370362 out of 10000000
DEBUG: Total dvariable address used is 2083 out of 150000
DEBUG: Total dvariable address used is 3541056 out of 50000000
DEBUG: Total gradient stack used is 370362 out of 10000000
DEBUG: Total dvariable address used is 2083 out of 150000
DEBUG: Total dvariable address used is 3541056 out of 50000000
DEBUG: Total gradient stack used is 370362 out of 10000000
DEBUG: Total dvariable address used is 2083 out of 150000
DEBUG: Total dvariable address used is 3541056 out of 50000000
DEBUG: Total gradient stack used is 370362 out of 10000000
DEBUG: Total dvariable address used is 2083 out of 150000
DEBUG: Total dvariable address used is 3541056 out of 50000000
DEBUG: Total gradient stack used is 370362 out of 10000000
DEBUG: Total dvariable address used is 2083 out of 150000
DEBUG: Total dvariable address used is 3541056 out of 50000000
DEBUG: Total gradient stack used is 370362 out of 10000000
DEBUG: Total dvariable address used is 2083 out of 150000
DEBUG: Total dvariable address used is 3541056 out of 50000000
DEBUG: Total gradient stack used is 370362 out of 10000000
DEBUG: Total dvariable address used is 2083 out of 150000
DEBUG: Total dvariable address used is 3541056 out of 50000000
DEBUG: Total gradient stack used is 370362 out of 10000000
DEBUG: Total dvariable address used is 2083 out of 150000
DEBUG: Total dvariable address used is 3541056 out of 50000000
DEBUG: Total gradient stack used is 370362 out of 10000000
DEBUG: Total dvariable address used is 2083 out of 150000
DEBUG: Total dvariable address used is 3541056 out of 50000000
DEBUG: Total gradient stack used is 370362 out of 10000000
DEBUG: Total dvariable address used is 2083 out of 150000
DEBUG: Total dvariable address used is 3541056 out of 50000000
DEBUG: Total gradient stack used is 370362 out of 10000000
DEBUG: Total dvariable address used is 2083 out of 150000
DEBUG: Total dvariable address used is 3541056 out of 50000000
DEBUG: Total gradient stack used is 370362 out of 10000000
DEBUG: Total dvariable address used is 2083 out of 150000
DEBUG: Total dvariable address used is 3541056 out of 50000000
DEBUG: Total gradient stack used is 370362 out of 10000000
DEBUG: Total dvariable address used is 2083 out of 150000
DEBUG: Total dvariable address used is 3541056 out of 50000000
DEBUG: Total gradient stack used is 370362 out of 10000000
DEBUG: Total dvariable address used is 2083 out of 150000
DEBUG: Total dvariable address used is 3541056 out of 50000000
DEBUG: Total gradient stack used is 370362 out of 10000000
DEBUG: Total dvariable address used is 2083 out of 150000
DEBUG: Total dvariable address used is 3541056 out of 50000000
DEBUG: Total gradient stack used is 370362 out of 10000000
DEBUG: Total dvariable address used is 2083 out of 150000
DEBUG: Total dvariable address used is 3541056 out of 50000000
DEBUG: Total gradient stack used is 370362 out of 10000000
DEBUG: Total dvariable address used is 2083 out of 150000
DEBUG: Total dvariable address used is 3541056 out of 50000000
DEBUG: Total gradient stack used is 370362 out of 10000000
DEBUG: Total dvariable address used is 2083 out of 150000
DEBUG: Total dvariable address used is 3541056 out of 50000000
DEBUG: Total gradient stack used is 370362 out of 10000000
DEBUG: Total dvariable address used is 2083 out of 150000
DEBUG: Total dvariable address used is 3541056 out of 50000000
DEBUG: Total gradient stack used is 370362 out of 10000000
DEBUG: Total dvariable address used is 2083 out of 150000
DEBUG: Total dvariable address used is 3541056 out of 50000000
DEBUG: Total gradient stack used is 370362 out of 10000000
DEBUG: Total dvariable address used is 2083 out of 150000
DEBUG: Total dvariable address used is 3541056 out of 50000000
DEBUG: Total gradient stack used is 370362 out of 10000000
DEBUG: Total dvariable address used is 2083 out of 150000
DEBUG: Total dvariable address used is 3541056 out of 50000000
DEBUG: Total gradient stack used is 370362 out of 10000000
DEBUG: Total dvariable address used is 2083 out of 150000
DEBUG: Total dvariable address used is 3541056 out of 50000000
DEBUG: Total gradient stack used is 370362 out of 10000000
DEBUG: Total dvariable address used is 2083 out of 150000
DEBUG: Total dvariable address used is 3541056 out of 50000000
DEBUG: Total gradient stack used is 370362 out of 10000000
DEBUG: Total dvariable address used is 2083 out of 150000
DEBUG: Total dvariable address used is 3541056 out of 50000000
DEBUG: Total gradient stack used is 370362 out of 10000000
DEBUG: Total dvariable address used is 2083 out of 150000
DEBUG: Total dvariable address used is 3541056 out of 50000000
DEBUG: Total gradient stack used is 370362 out of 10000000
DEBUG: Total dvariable address used is 2083 out of 150000
DEBUG: Total dvariable address used is 3541056 out of 50000000
DEBUG: Total gradient stack used is 370362 out of 10000000
DEBUG: Total dvariable address used is 2083 out of 150000
DEBUG: Total dvariable address used is 3541056 out of 50000000
DEBUG: Total gradient stack used is 370362 out of 10000000
DEBUG: Total dvariable address used is 2083 out of 150000
DEBUG: Total dvariable address used is 3541056 out of 50000000
DEBUG: Total gradient stack used is 370362 out of 10000000
DEBUG: Total dvariable address used is 2083 out of 150000
DEBUG: Total dvariable address used is 3541056 out of 50000000
DEBUG: Total gradient stack used is 370362 out of 10000000
DEBUG: Total dvariable address used is 2083 out of 150000
DEBUG: Total dvariable address used is 3541056 out of 50000000
DEBUG: Total gradient stack used is 370362 out of 10000000
DEBUG: Total dvariable address used is 2083 out of 150000
DEBUG: Total dvariable address used is 3541056 out of 50000000
DEBUG: Total gradient stack used is 370362 out of 10000000
DEBUG: Total dvariable address used is 2083 out of 150000
DEBUG: Total dvariable address used is 3541056 out of 50000000
DEBUG: Total gradient stack used is 370362 out of 10000000
DEBUG: Total dvariable address used is 2083 out of 150000
DEBUG: Total dvariable address used is 3541056 out of 50000000
DEBUG: Total gradient stack used is 370362 out of 10000000
DEBUG: Total dvariable address used is 2083 out of 150000
DEBUG: Total dvariable address used is 3541056 out of 50000000
DEBUG: Total gradient stack used is 370362 out of 10000000
DEBUG: Total dvariable address used is 2083 out of 150000
DEBUG: Total dvariable address used is 3541056 out of 50000000
DEBUG: Total gradient stack used is 370362 out of 10000000
DEBUG: Total dvariable address used is 2083 out of 150000
DEBUG: Total dvariable address used is 3541056 out of 50000000
DEBUG: Total gradient stack used is 370362 out of 10000000
DEBUG: Total dvariable address used is 2083 out of 150000
DEBUG: Total dvariable address used is 3541056 out of 50000000
DEBUG: Total gradient stack used is 370362 out of 10000000
DEBUG: Total dvariable address used is 2083 out of 150000
DEBUG: Total dvariable address used is 3541056 out of 50000000
DEBUG: Total gradient stack used is 370362 out of 10000000
DEBUG: Total dvariable address used is 2083 out of 150000
DEBUG: Total dvariable address used is 3541056 out of 50000000
DEBUG: Total gradient stack used is 370362 out of 10000000
DEBUG: Total dvariable address used is 2083 out of 150000
DEBUG: Total dvariable address used is 3541056 out of 50000000
DEBUG: Total gradient stack used is 370362 out of 10000000
DEBUG: Total dvariable address used is 2083 out of 150000
DEBUG: Total dvariable address used is 3541056 out of 50000000
DEBUG: Total gradient stack used is 370362 out of 10000000
DEBUG: Total dvariable address used is 2083 out of 150000
DEBUG: Total dvariable address used is 3541056 out of 50000000
DEBUG: Total gradient stack used is 370362 out of 10000000
DEBUG: Total dvariable address used is 2083 out of 150000
DEBUG: Total dvariable address used is 3541056 out of 50000000
DEBUG: Total gradient stack used is 370362 out of 10000000
DEBUG: Total dvariable address used is 2083 out of 150000
DEBUG: Total dvariable address used is 3541056 out of 50000000
DEBUG: Total gradient stack used is 370362 out of 10000000
DEBUG: Total dvariable address used is 2083 out of 150000
DEBUG: Total dvariable address used is 3541056 out of 50000000
DEBUG: Total gradient stack used is 370362 out of 10000000
DEBUG: Total dvariable address used is 2083 out of 150000
DEBUG: Total dvariable address used is 3541056 out of 50000000
DEBUG: Total gradient stack used is 370362 out of 10000000
DEBUG: Total dvariable address used is 2083 out of 150000
DEBUG: Total dvariable address used is 3541056 out of 50000000
DEBUG: Total gradient stack used is 370362 out of 10000000
DEBUG: Total dvariable address used is 2083 out of 150000
DEBUG: Total dvariable address used is 3541056 out of 50000000
DEBUG: Total gradient stack used is 370362 out of 10000000
DEBUG: Total dvariable address used is 2083 out of 150000
DEBUG: Total dvariable address used is 3541056 out of 50000000
phase= 4 | nvar=386 | iter=700 | nll=-1.97e+04 | mag=6.88e-02 | par[  1]=T_pars_est[3]
DEBUG: Total gradient stack used is 370362 out of 10000000
DEBUG: Total dvariable address used is 2083 out of 150000
DEBUG: Total dvariable address used is 3541056 out of 50000000
DEBUG: Total gradient stack used is 370362 out of 10000000
DEBUG: Total dvariable address used is 2083 out of 150000
DEBUG: Total dvariable address used is 3541056 out of 50000000
DEBUG: Total gradient stack used is 370362 out of 10000000
DEBUG: Total dvariable address used is 2083 out of 150000
DEBUG: Total dvariable address used is 3541056 out of 50000000
DEBUG: Total gradient stack used is 370362 out of 10000000
DEBUG: Total dvariable address used is 2083 out of 150000
DEBUG: Total dvariable address used is 3541056 out of 50000000
DEBUG: Total gradient stack used is 370362 out of 10000000
DEBUG: Total dvariable address used is 2083 out of 150000
DEBUG: Total dvariable address used is 3541056 out of 50000000
DEBUG: Total gradient stack used is 370362 out of 10000000
DEBUG: Total dvariable address used is 2083 out of 150000
DEBUG: Total dvariable address used is 3541056 out of 50000000
DEBUG: Total gradient stack used is 370362 out of 10000000
DEBUG: Total dvariable address used is 2083 out of 150000
DEBUG: Total dvariable address used is 3541056 out of 50000000
DEBUG: Total gradient stack used is 370362 out of 10000000
DEBUG: Total dvariable address used is 2083 out of 150000
DEBUG: Total dvariable address used is 3541056 out of 50000000
DEBUG: Total gradient stack used is 370362 out of 10000000
DEBUG: Total dvariable address used is 2083 out of 150000
DEBUG: Total dvariable address used is 3541056 out of 50000000
DEBUG: Total gradient stack used is 370362 out of 10000000
DEBUG: Total dvariable address used is 2083 out of 150000
DEBUG: Total dvariable address used is 3541056 out of 50000000
DEBUG: Total gradient stack used is 370362 out of 10000000
DEBUG: Total dvariable address used is 2083 out of 150000
DEBUG: Total dvariable address used is 3541056 out of 50000000
DEBUG: Total gradient stack used is 370362 out of 10000000
DEBUG: Total dvariable address used is 2083 out of 150000
DEBUG: Total dvariable address used is 3541056 out of 50000000
DEBUG: Total gradient stack used is 370362 out of 10000000
DEBUG: Total dvariable address used is 2083 out of 150000
DEBUG: Total dvariable address used is 3541056 out of 50000000
DEBUG: Total gradient stack used is 370362 out of 10000000
DEBUG: Total dvariable address used is 2083 out of 150000
DEBUG: Total dvariable address used is 3541056 out of 50000000
DEBUG: Total gradient stack used is 370362 out of 10000000
DEBUG: Total dvariable address used is 2083 out of 150000
DEBUG: Total dvariable address used is 3541056 out of 50000000
DEBUG: Total gradient stack used is 370362 out of 10000000
DEBUG: Total dvariable address used is 2083 out of 150000
DEBUG: Total dvariable address used is 3541056 out of 50000000
DEBUG: Total gradient stack used is 370362 out of 10000000
DEBUG: Total dvariable address used is 2083 out of 150000
DEBUG: Total dvariable address used is 3541056 out of 50000000
DEBUG: Total gradient stack used is 370362 out of 10000000
DEBUG: Total dvariable address used is 2083 out of 150000
DEBUG: Total dvariable address used is 3541056 out of 50000000
DEBUG: Total gradient stack used is 370362 out of 10000000
DEBUG: Total dvariable address used is 2083 out of 150000
DEBUG: Total dvariable address used is 3541056 out of 50000000
DEBUG: Total gradient stack used is 370362 out of 10000000
DEBUG: Total dvariable address used is 2083 out of 150000
DEBUG: Total dvariable address used is 3541056 out of 50000000
DEBUG: Total gradient stack used is 370362 out of 10000000
DEBUG: Total dvariable address used is 2083 out of 150000
DEBUG: Total dvariable address used is 3541056 out of 50000000
DEBUG: Total gradient stack used is 370362 out of 10000000
DEBUG: Total dvariable address used is 2083 out of 150000
DEBUG: Total dvariable address used is 3541056 out of 50000000
DEBUG: Total gradient stack used is 370362 out of 10000000
DEBUG: Total dvariable address used is 2083 out of 150000
DEBUG: Total dvariable address used is 3541056 out of 50000000
DEBUG: Total gradient stack used is 370362 out of 10000000
DEBUG: Total dvariable address used is 2083 out of 150000
DEBUG: Total dvariable address used is 3541056 out of 50000000
DEBUG: Total gradient stack used is 370362 out of 10000000
DEBUG: Total dvariable address used is 2083 out of 150000
DEBUG: Total dvariable address used is 3541056 out of 50000000
DEBUG: Total gradient stack used is 370362 out of 10000000
DEBUG: Total dvariable address used is 2083 out of 150000
DEBUG: Total dvariable address used is 3541056 out of 50000000
DEBUG: Total gradient stack used is 370362 out of 10000000
DEBUG: Total dvariable address used is 2083 out of 150000
DEBUG: Total dvariable address used is 3541056 out of 50000000
DEBUG: Total gradient stack used is 370362 out of 10000000
DEBUG: Total dvariable address used is 2083 out of 150000
DEBUG: Total dvariable address used is 3541056 out of 50000000
DEBUG: Total gradient stack used is 370362 out of 10000000
DEBUG: Total dvariable address used is 2083 out of 150000
DEBUG: Total dvariable address used is 3541056 out of 50000000
DEBUG: Total gradient stack used is 370362 out of 10000000
DEBUG: Total dvariable address used is 2083 out of 150000
DEBUG: Total dvariable address used is 3541056 out of 50000000
DEBUG: Total gradient stack used is 370362 out of 10000000
DEBUG: Total dvariable address used is 2083 out of 150000
DEBUG: Total dvariable address used is 3541056 out of 50000000
DEBUG: Total gradient stack used is 370362 out of 10000000
DEBUG: Total dvariable address used is 2083 out of 150000
DEBUG: Total dvariable address used is 3541056 out of 50000000
DEBUG: Total gradient stack used is 370362 out of 10000000
DEBUG: Total dvariable address used is 2083 out of 150000
DEBUG: Total dvariable address used is 3541056 out of 50000000
DEBUG: Total gradient stack used is 370362 out of 10000000
DEBUG: Total dvariable address used is 2083 out of 150000
DEBUG: Total dvariable address used is 3541056 out of 50000000
DEBUG: Total gradient stack used is 370362 out of 10000000
DEBUG: Total dvariable address used is 2083 out of 150000
DEBUG: Total dvariable address used is 3541056 out of 50000000
DEBUG: Total gradient stack used is 370362 out of 10000000
DEBUG: Total dvariable address used is 2083 out of 150000
DEBUG: Total dvariable address used is 3541056 out of 50000000
DEBUG: Total gradient stack used is 370362 out of 10000000
DEBUG: Total dvariable address used is 2083 out of 150000
DEBUG: Total dvariable address used is 3541056 out of 50000000
DEBUG: Total gradient stack used is 370362 out of 10000000
DEBUG: Total dvariable address used is 2083 out of 150000
DEBUG: Total dvariable address used is 3541056 out of 50000000
phase= 4 | nvar=386 | iter=708 | nll=-1.97e+04 | mag=1.57e-03 | par[375]=logit_rec_prop_est[27]
Optimization completed after 51 s with final statistics:
  nll=-19737.048694 | mag=1.57440e-03 | par[375]=logit_rec_prop_est[27]

Warning: the following parameters had issues
  M_pars_est[6] is within 0.1% of lower bound: -1 < -0.999997 < 10
  M_pars_est[8] is within 0.1% of lower bound: -1 < -0.999998 < 10
  S_pars_est[3] is within 0.1% of upper bound: 1.60944 < 5.22035 < 5.22036
  S_pars_est[26] is within 1% of upper bound: -11.5129 < -0.0726131 < 0
  S_pars_est[46] is within 1% of upper bound: -11.5129 < -0.0848497 < 0
  S_pars_est[47] is within 1% of upper bound: -11.5129 < -0.0306322 < 0
  S_pars_est[48] is within 0.1% of upper bound: -11.5129 < -5.30835e-08 < 0
  S_pars_est[71] is within 1% of upper bound: -11.5129 < -0.0821006 < 0
  S_pars_est[93] is within 1% of upper bound: -11.5129 < -0.0805773 < 0

DEBUG: Total gradient stack used is 0 out of 10000000
DEBUG: Total dvariable address used is 2083 out of 150000
DEBUG: Total dvariable address used is 3541056 out of 50000000
Starting REPORT_SECTION
+--------------------------+
| Beginning report section |
+--------------------------+
last phase
Finished WriteFiles
REPORT_SECTION: finished CreateOutput
REPORT_SECTION: finished save_gradients
Finished REPORT_SECTION
Calculating Hessian (386 variables): DEBUG: Total gradient stack used is 370362 out of 10000000
DEBUG: Total dvariable address used is 2083 out of 150000
DEBUG: Total dvariable address used is 3555248 out of 50000000
DEBUG: Total gradient stack used is 370362 out of 10000000
DEBUG: Total dvariable address used is 2083 out of 150000
DEBUG: Total dvariable address used is 3555248 out of 50000000
DEBUG: Total gradient stack used is 370362 out of 10000000
DEBUG: Total dvariable address used is 2083 out of 150000
DEBUG: Total dvariable address used is 3555248 out of 50000000
DEBUG: Total gradient stack used is 370362 out of 10000000
DEBUG: Total dvariable address used is 2083 out of 150000
DEBUG: Total dvariable address used is 3555248 out of 50000000
DEBUG: Total gradient stack used is 370362 out of 10000000
DEBUG: Total dvariable address used is 2083 out of 150000
DEBUG: Total dvariable address used is 3555248 out of 50000000
DEBUG: Total gradient stack used is 370362 out of 10000000
DEBUG: Total dvariable address used is 2083 out of 150000
DEBUG: Total dvariable address used is 3555248 out of 50000000
DEBUG: Total gradient stack used is 370362 out of 10000000
DEBUG: Total dvariable address used is 2083 out of 150000
DEBUG: Total dvariable address used is 3555248 out of 50000000
DEBUG: Total gradient stack used is 370362 out of 10000000
DEBUG: Total dvariable address used is 2083 out of 150000
DEBUG: Total dvariable address used is 3555248 out of 50000000
DEBUG: Total gradient stack used is 370362 out of 10000000
DEBUG: Total dvariable address used is 2083 out of 150000
DEBUG: Total dvariable address used is 3555248 out of 50000000
DEBUG: Total gradient stack used is 370362 out of 10000000
DEBUG: Total dvariable address used is 2083 out of 150000
DEBUG: Total dvariable address used is 3555248 out of 50000000
DEBUG: Total gradient stack used is 370362 out of 10000000
DEBUG: Total dvariable address used is 2083 out of 150000
DEBUG: Total dvariable address used is 3555248 out of 50000000
DEBUG: Total gradient stack used is 370362 out of 10000000
DEBUG: Total dvariable address used is 2083 out of 150000
DEBUG: Total dvariable address used is 3555248 out of 50000000
DEBUG: Total gradient stack used is 370362 out of 10000000
DEBUG: Total dvariable address used is 2083 out of 150000
DEBUG: Total dvariable address used is 3555248 out of 50000000
DEBUG: Total gradient stack used is 370362 out of 10000000
DEBUG: Total dvariable address used is 2083 out of 150000
DEBUG: Total dvariable address used is 3555248 out of 50000000
DEBUG: Total gradient stack used is 370362 out of 10000000
DEBUG: Total dvariable address used is 2083 out of 150000
DEBUG: Total dvariable address used is 3555248 out of 50000000
DEBUG: Total gradient stack used is 370362 out of 10000000
DEBUG: Total dvariable address used is 2083 out of 150000
DEBUG: Total dvariable address used is 3555248 out of 50000000
DEBUG: Total gradient stack used is 370362 out of 10000000
DEBUG: Total dvariable address used is 2083 out of 150000
DEBUG: Total dvariable address used is 3555248 out of 50000000
DEBUG: Total gradient stack used is 370362 out of 10000000
DEBUG: Total dvariable address used is 2083 out of 150000
DEBUG: Total dvariable address used is 3555248 out of 50000000
DEBUG: Total gradient stack used is 370362 out of 10000000
DEBUG: Total dvariable address used is 2083 out of 150000
DEBUG: Total dvariable address used is 3555248 out of 50000000
DEBUG: Total gradient stack used is 370362 out of 10000000
DEBUG: Total dvariable address used is 2083 out of 150000
DEBUG: Total dvariable address used is 3555248 out of 50000000
DEBUG: Total gradient stack used is 370362 out of 10000000
DEBUG: Total dvariable address used is 2083 out of 150000
DEBUG: Total dvariable address used is 3555248 out of 50000000
DEBUG: Total gradient stack used is 370362 out of 10000000
DEBUG: Total dvariable address used is 2083 out of 150000
DEBUG: Total dvariable address used is 3555248 out of 50000000
DEBUG: Total gradient stack used is 370362 out of 10000000
DEBUG: Total dvariable address used is 2083 out of 150000
DEBUG: Total dvariable address used is 3555248 out of 50000000
DEBUG: Total gradient stack used is 370362 out of 10000000
DEBUG: Total dvariable address used is 2083 out of 150000
DEBUG: Total dvariable address used is 3555248 out of 50000000
DEBUG: Total gradient stack used is 370362 out of 10000000
DEBUG: Total dvariable address used is 2083 out of 150000
DEBUG: Total dvariable address used is 3555248 out of 50000000
DEBUG: Total gradient stack used is 370362 out of 10000000
DEBUG: Total dvariable address used is 2083 out of 150000
DEBUG: Total dvariable address used is 3555248 out of 50000000
DEBUG: Total gradient stack used is 370362 out of 10000000
DEBUG: Total dvariable address used is 2083 out of 150000
DEBUG: Total dvariable address used is 3555248 out of 50000000
DEBUG: Total gradient stack used is 370362 out of 10000000
DEBUG: Total dvariable address used is 2083 out of 150000
DEBUG: Total dvariable address used is 3555248 out of 50000000
DEBUG: Total gradient stack used is 370362 out of 10000000
DEBUG: Total dvariable address used is 2083 out of 150000
DEBUG: Total dvariable address used is 3555248 out of 50000000
DEBUG: Total gradient stack used is 370362 out of 10000000
DEBUG: Total dvariable address used is 2083 out of 150000
DEBUG: Total dvariable address used is 3555248 out of 50000000
DEBUG: Total gradient stack used is 370362 out of 10000000
DEBUG: Total dvariable address used is 2083 out of 150000
DEBUG: Total dvariable address used is 3555248 out of 50000000
DEBUG: Total gradient stack used is 370362 out of 10000000
DEBUG: Total dvariable address used is 2083 out of 150000
DEBUG: Total dvariable address used is 3555248 out of 50000000
DEBUG: Total gradient stack used is 370362 out of 10000000
DEBUG: Total dvariable address used is 2083 out of 150000
DEBUG: Total dvariable address used is 3555248 out of 50000000
DEBUG: Total gradient stack used is 370362 out of 10000000
DEBUG: Total dvariable address used is 2083 out of 150000
DEBUG: Total dvariable address used is 3555248 out of 50000000
DEBUG: Total gradient stack used is 370362 out of 10000000
DEBUG: Total dvariable address used is 2083 out of 150000
DEBUG: Total dvariable address used is 3555248 out of 50000000
DEBUG: Total gradient stack used is 370362 out of 10000000
DEBUG: Total dvariable address used is 2083 out of 150000
DEBUG: Total dvariable address used is 3555248 out of 50000000
DEBUG: Total gradient stack used is 370362 out of 10000000
DEBUG: Total dvariable address used is 2083 out of 150000
DEBUG: Total dvariable address used is 3555248 out of 50000000
DEBUG: Total gradient stack used is 370362 out of 10000000
DEBUG: Total dvariable address used is 2083 out of 150000
DEBUG: Total dvariable address used is 3555248 out of 50000000
DEBUG: Total gradient stack used is 370362 out of 10000000
DEBUG: Total dvariable address used is 2083 out of 150000
DEBUG: Total dvariable address used is 3555248 out of 50000000
DEBUG: Total gradient stack used is 370362 out of 10000000
DEBUG: Total dvariable address used is 2083 out of 150000
DEBUG: Total dvariable address used is 3555248 out of 50000000
DEBUG: Total gradient stack used is 370362 out of 10000000
DEBUG: Total dvariable address used is 2083 out of 150000
DEBUG: Total dvariable address used is 3555248 out of 50000000
DEBUG: Total gradient stack used is 370362 out of 10000000
DEBUG: Total dvariable address used is 2083 out of 150000
DEBUG: Total dvariable address used is 3555248 out of 50000000
DEBUG: Total gradient stack used is 370362 out of 10000000
DEBUG: Total dvariable address used is 2083 out of 150000
DEBUG: Total dvariable address used is 3555248 out of 50000000
DEBUG: Total gradient stack used is 370362 out of 10000000
DEBUG: Total dvariable address used is 2083 out of 150000
DEBUG: Total dvariable address used is 3555248 out of 50000000
DEBUG: Total gradient stack used is 370362 out of 10000000
DEBUG: Total dvariable address used is 2083 out of 150000
DEBUG: Total dvariable address used is 3555248 out of 50000000
DEBUG: Total gradient stack used is 370362 out of 10000000
DEBUG: Total dvariable address used is 2083 out of 150000
DEBUG: Total dvariable address used is 3555248 out of 50000000
DEBUG: Total gradient stack used is 370362 out of 10000000
DEBUG: Total dvariable address used is 2083 out of 150000
DEBUG: Total dvariable address used is 3555248 out of 50000000
DEBUG: Total gradient stack used is 370362 out of 10000000
DEBUG: Total dvariable address used is 2083 out of 150000
DEBUG: Total dvariable address used is 3555248 out of 50000000
DEBUG: Total gradient stack used is 370362 out of 10000000
DEBUG: Total dvariable address used is 2083 out of 150000
DEBUG: Total dvariable address used is 3555248 out of 50000000
DEBUG: Total gradient stack used is 370362 out of 10000000
DEBUG: Total dvariable address used is 2083 out of 150000
DEBUG: Total dvariable address used is 3555248 out of 50000000
DEBUG: Total gradient stack used is 370362 out of 10000000
DEBUG: Total dvariable address used is 2083 out of 150000
DEBUG: Total dvariable address used is 3555248 out of 50000000
DEBUG: Total gradient stack used is 370362 out of 10000000
DEBUG: Total dvariable address used is 2083 out of 150000
DEBUG: Total dvariable address used is 3555248 out of 50000000
DEBUG: Total gradient stack used is 370362 out of 10000000
DEBUG: Total dvariable address used is 2083 out of 150000
DEBUG: Total dvariable address used is 3555248 out of 50000000
DEBUG: Total gradient stack used is 370362 out of 10000000
DEBUG: Total dvariable address used is 2083 out of 150000
DEBUG: Total dvariable address used is 3555248 out of 50000000
DEBUG: Total gradient stack used is 370362 out of 10000000
DEBUG: Total dvariable address used is 2083 out of 150000
DEBUG: Total dvariable address used is 3555248 out of 50000000
DEBUG: Total gradient stack used is 370362 out of 10000000
DEBUG: Total dvariable address used is 2083 out of 150000
DEBUG: Total dvariable address used is 3555248 out of 50000000
DEBUG: Total gradient stack used is 370362 out of 10000000
DEBUG: Total dvariable address used is 2083 out of 150000
DEBUG: Total dvariable address used is 3555248 out of 50000000
DEBUG: Total gradient stack used is 370362 out of 10000000
DEBUG: Total dvariable address used is 2083 out of 150000
DEBUG: Total dvariable address used is 3555248 out of 50000000
DEBUG: Total gradient stack used is 370362 out of 10000000
DEBUG: Total dvariable address used is 2083 out of 150000
DEBUG: Total dvariable address used is 3555248 out of 50000000
DEBUG: Total gradient stack used is 370362 out of 10000000
DEBUG: Total dvariable address used is 2083 out of 150000
DEBUG: Total dvariable address used is 3555248 out of 50000000
DEBUG: Total gradient stack used is 370362 out of 10000000
DEBUG: Total dvariable address used is 2083 out of 150000
DEBUG: Total dvariable address used is 3555248 out of 50000000
DEBUG: Total gradient stack used is 370362 out of 10000000
DEBUG: Total dvariable address used is 2083 out of 150000
DEBUG: Total dvariable address used is 3555248 out of 50000000
DEBUG: Total gradient stack used is 370362 out of 10000000
DEBUG: Total dvariable address used is 2083 out of 150000
DEBUG: Total dvariable address used is 3555248 out of 50000000
DEBUG: Total gradient stack used is 370362 out of 10000000
DEBUG: Total dvariable address used is 2083 out of 150000
DEBUG: Total dvariable address used is 3555248 out of 50000000
DEBUG: Total gradient stack used is 370362 out of 10000000
DEBUG: Total dvariable address used is 2083 out of 150000
DEBUG: Total dvariable address used is 3555248 out of 50000000
DEBUG: Total gradient stack used is 370362 out of 10000000
DEBUG: Total dvariable address used is 2083 out of 150000
DEBUG: Total dvariable address used is 3555248 out of 50000000
DEBUG: Total gradient stack used is 370362 out of 10000000
DEBUG: Total dvariable address used is 2083 out of 150000
DEBUG: Total dvariable address used is 3555248 out of 50000000
DEBUG: Total gradient stack used is 370362 out of 10000000
DEBUG: Total dvariable address used is 2083 out of 150000
DEBUG: Total dvariable address used is 3555248 out of 50000000
DEBUG: Total gradient stack used is 370362 out of 10000000
DEBUG: Total dvariable address used is 2083 out of 150000
DEBUG: Total dvariable address used is 3555248 out of 50000000
DEBUG: Total gradient stack used is 370362 out of 10000000
DEBUG: Total dvariable address used is 2083 out of 150000
DEBUG: Total dvariable address used is 3555248 out of 50000000
DEBUG: Total gradient stack used is 370362 out of 10000000
DEBUG: Total dvariable address used is 2083 out of 150000
DEBUG: Total dvariable address used is 3555248 out of 50000000
DEBUG: Total gradient stack used is 370362 out of 10000000
DEBUG: Total dvariable address used is 2083 out of 150000
DEBUG: Total dvariable address used is 3555248 out of 50000000
DEBUG: Total gradient stack used is 370362 out of 10000000
DEBUG: Total dvariable address used is 2083 out of 150000
DEBUG: Total dvariable address used is 3555248 out of 50000000
DEBUG: Total gradient stack used is 370362 out of 10000000
DEBUG: Total dvariable address used is 2083 out of 150000
DEBUG: Total dvariable address used is 3555248 out of 50000000
DEBUG: Total gradient stack used is 370362 out of 10000000
DEBUG: Total dvariable address used is 2083 out of 150000
DEBUG: Total dvariable address used is 3555248 out of 50000000
DEBUG: Total gradient stack used is 370362 out of 10000000
DEBUG: Total dvariable address used is 2083 out of 150000
DEBUG: Total dvariable address used is 3555248 out of 50000000
DEBUG: Total gradient stack used is 370362 out of 10000000
DEBUG: Total dvariable address used is 2083 out of 150000
DEBUG: Total dvariable address used is 3555248 out of 50000000
DEBUG: Total gradient stack used is 370362 out of 10000000
DEBUG: Total dvariable address used is 2083 out of 150000
DEBUG: Total dvariable address used is 3555248 out of 50000000
DEBUG: Total gradient stack used is 370362 out of 10000000
DEBUG: Total dvariable address used is 2083 out of 150000
DEBUG: Total dvariable address used is 3555248 out of 50000000
DEBUG: Total gradient stack used is 370362 out of 10000000
DEBUG: Total dvariable address used is 2083 out of 150000
DEBUG: Total dvariable address used is 3555248 out of 50000000
DEBUG: Total gradient stack used is 370362 out of 10000000
DEBUG: Total dvariable address used is 2083 out of 150000
DEBUG: Total dvariable address used is 3555248 out of 50000000
DEBUG: Total gradient stack used is 370362 out of 10000000
DEBUG: Total dvariable address used is 2083 out of 150000
DEBUG: Total dvariable address used is 3555248 out of 50000000
DEBUG: Total gradient stack used is 370362 out of 10000000
DEBUG: Total dvariable address used is 2083 out of 150000
DEBUG: Total dvariable address used is 3555248 out of 50000000
DEBUG: Total gradient stack used is 370362 out of 10000000
DEBUG: Total dvariable address used is 2083 out of 150000
DEBUG: Total dvariable address used is 3555248 out of 50000000
DEBUG: Total gradient stack used is 370362 out of 10000000
DEBUG: Total dvariable address used is 2083 out of 150000
DEBUG: Total dvariable address used is 3555248 out of 50000000
DEBUG: Total gradient stack used is 370362 out of 10000000
DEBUG: Total dvariable address used is 2083 out of 150000
DEBUG: Total dvariable address used is 3555248 out of 50000000
DEBUG: Total gradient stack used is 370362 out of 10000000
DEBUG: Total dvariable address used is 2083 out of 150000
DEBUG: Total dvariable address used is 3555248 out of 50000000
DEBUG: Total gradient stack used is 370362 out of 10000000
DEBUG: Total dvariable address used is 2083 out of 150000
DEBUG: Total dvariable address used is 3555248 out of 50000000
DEBUG: Total gradient stack used is 370362 out of 10000000
DEBUG: Total dvariable address used is 2083 out of 150000
DEBUG: Total dvariable address used is 3555248 out of 50000000
DEBUG: Total gradient stack used is 370362 out of 10000000
DEBUG: Total dvariable address used is 2083 out of 150000
DEBUG: Total dvariable address used is 3555248 out of 50000000
DEBUG: Total gradient stack used is 370362 out of 10000000
DEBUG: Total dvariable address used is 2083 out of 150000
DEBUG: Total dvariable address used is 3555248 out of 50000000
DEBUG: Total gradient stack used is 370362 out of 10000000
DEBUG: Total dvariable address used is 2083 out of 150000
DEBUG: Total dvariable address used is 3555248 out of 50000000
DEBUG: Total gradient stack used is 370362 out of 10000000
DEBUG: Total dvariable address used is 2083 out of 150000
DEBUG: Total dvariable address used is 3555248 out of 50000000
DEBUG: Total gradient stack used is 370362 out of 10000000
DEBUG: Total dvariable address used is 2083 out of 150000
DEBUG: Total dvariable address used is 3555248 out of 50000000
DEBUG: Total gradient stack used is 370362 out of 10000000
DEBUG: Total dvariable address used is 2083 out of 150000
DEBUG: Total dvariable address used is 3555248 out of 50000000
DEBUG: Total gradient stack used is 370362 out of 10000000
DEBUG: Total dvariable address used is 2083 out of 150000
DEBUG: Total dvariable address used is 3555248 out of 50000000
DEBUG: Total gradient stack used is 370362 out of 10000000
DEBUG: Total dvariable address used is 2083 out of 150000
DEBUG: Total dvariable address used is 3555248 out of 50000000
DEBUG: Total gradient stack used is 370362 out of 10000000
DEBUG: Total dvariable address used is 2083 out of 150000
DEBUG: Total dvariable address used is 3555248 out of 50000000
DEBUG: Total gradient stack used is 370362 out of 10000000
DEBUG: Total dvariable address used is 2083 out of 150000
DEBUG: Total dvariable address used is 3555248 out of 50000000
DEBUG: Total gradient stack used is 370362 out of 10000000
DEBUG: Total dvariable address used is 2083 out of 150000
DEBUG: Total dvariable address used is 3555248 out of 50000000
DEBUG: Total gradient stack used is 370362 out of 10000000
DEBUG: Total dvariable address used is 2083 out of 150000
DEBUG: Total dvariable address used is 3555248 out of 50000000
DEBUG: Total gradient stack used is 370362 out of 10000000
DEBUG: Total dvariable address used is 2083 out of 150000
DEBUG: Total dvariable address used is 3555248 out of 50000000
DEBUG: Total gradient stack used is 370362 out of 10000000
DEBUG: Total dvariable address used is 2083 out of 150000
DEBUG: Total dvariable address used is 3555248 out of 50000000
DEBUG: Total gradient stack used is 370362 out of 10000000
DEBUG: Total dvariable address used is 2083 out of 150000
DEBUG: Total dvariable address used is 3555248 out of 50000000
DEBUG: Total gradient stack used is 370362 out of 10000000
DEBUG: Total dvariable address used is 2083 out of 150000
DEBUG: Total dvariable address used is 3555248 out of 50000000
DEBUG: Total gradient stack used is 370362 out of 10000000
DEBUG: Total dvariable address used is 2083 out of 150000
DEBUG: Total dvariable address used is 3555248 out of 50000000
DEBUG: Total gradient stack used is 370362 out of 10000000
DEBUG: Total dvariable address used is 2083 out of 150000
DEBUG: Total dvariable address used is 3555248 out of 50000000
DEBUG: Total gradient stack used is 370362 out of 10000000
DEBUG: Total dvariable address used is 2083 out of 150000
DEBUG: Total dvariable address used is 3555248 out of 50000000
DEBUG: Total gradient stack used is 370362 out of 10000000
DEBUG: Total dvariable address used is 2083 out of 150000
DEBUG: Total dvariable address used is 3555248 out of 50000000
DEBUG: Total gradient stack used is 370362 out of 10000000
DEBUG: Total dvariable address used is 2083 out of 150000
DEBUG: Total dvariable address used is 3555248 out of 50000000
DEBUG: Total gradient stack used is 370362 out of 10000000
DEBUG: Total dvariable address used is 2083 out of 150000
DEBUG: Total dvariable address used is 3555248 out of 50000000
DEBUG: Total gradient stack used is 370362 out of 10000000
DEBUG: Total dvariable address used is 2083 out of 150000
DEBUG: Total dvariable address used is 3555248 out of 50000000
DEBUG: Total gradient stack used is 370362 out of 10000000
DEBUG: Total dvariable address used is 2083 out of 150000
DEBUG: Total dvariable address used is 3555248 out of 50000000
DEBUG: Total gradient stack used is 370362 out of 10000000
DEBUG: Total dvariable address used is 2083 out of 150000
DEBUG: Total dvariable address used is 3555248 out of 50000000
DEBUG: Total gradient stack used is 370362 out of 10000000
DEBUG: Total dvariable address used is 2083 out of 150000
DEBUG: Total dvariable address used is 3555248 out of 50000000
DEBUG: Total gradient stack used is 370362 out of 10000000
DEBUG: Total dvariable address used is 2083 out of 150000
DEBUG: Total dvariable address used is 3555248 out of 50000000
DEBUG: Total gradient stack used is 370362 out of 10000000
DEBUG: Total dvariable address used is 2083 out of 150000
DEBUG: Total dvariable address used is 3555248 out of 50000000
DEBUG: Total gradient stack used is 370362 out of 10000000
DEBUG: Total dvariable address used is 2083 out of 150000
DEBUG: Total dvariable address used is 3555248 out of 50000000
DEBUG: Total gradient stack used is 370362 out of 10000000
DEBUG: Total dvariable address used is 2083 out of 150000
DEBUG: Total dvariable address used is 3555248 out of 50000000
DEBUG: Total gradient stack used is 370362 out of 10000000
DEBUG: Total dvariable address used is 2083 out of 150000
DEBUG: Total dvariable address used is 3555248 out of 50000000
DEBUG: Total gradient stack used is 370362 out of 10000000
DEBUG: Total dvariable address used is 2083 out of 150000
DEBUG: Total dvariable address used is 3555248 out of 50000000
DEBUG: Total gradient stack used is 370362 out of 10000000
DEBUG: Total dvariable address used is 2083 out of 150000
DEBUG: Total dvariable address used is 3555248 out of 50000000
DEBUG: Total gradient stack used is 370362 out of 10000000
DEBUG: Total dvariable address used is 2083 out of 150000
DEBUG: Total dvariable address used is 3555248 out of 50000000
DEBUG: Total gradient stack used is 370362 out of 10000000
DEBUG: Total dvariable address used is 2083 out of 150000
DEBUG: Total dvariable address used is 3555248 out of 50000000
DEBUG: Total gradient stack used is 370362 out of 10000000
DEBUG: Total dvariable address used is 2083 out of 150000
DEBUG: Total dvariable address used is 3555248 out of 50000000
DEBUG: Total gradient stack used is 370362 out of 10000000
DEBUG: Total dvariable address used is 2083 out of 150000
DEBUG: Total dvariable address used is 3555248 out of 50000000
DEBUG: Total gradient stack used is 370362 out of 10000000
DEBUG: Total dvariable address used is 2083 out of 150000
DEBUG: Total dvariable address used is 3555248 out of 50000000
DEBUG: Total gradient stack used is 370362 out of 10000000
DEBUG: Total dvariable address used is 2083 out of 150000
DEBUG: Total dvariable address used is 3555248 out of 50000000
DEBUG: Total gradient stack used is 370362 out of 10000000
DEBUG: Total dvariable address used is 2083 out of 150000
DEBUG: Total dvariable address used is 3555248 out of 50000000
DEBUG: Total gradient stack used is 370362 out of 10000000
DEBUG: Total dvariable address used is 2083 out of 150000
DEBUG: Total dvariable address used is 3555248 out of 50000000
DEBUG: Total gradient stack used is 370362 out of 10000000
DEBUG: Total dvariable address used is 2083 out of 150000
DEBUG: Total dvariable address used is 3555248 out of 50000000
DEBUG: Total gradient stack used is 370362 out of 10000000
DEBUG: Total dvariable address used is 2083 out of 150000
DEBUG: Total dvariable address used is 3555248 out of 50000000
DEBUG: Total gradient stack used is 370362 out of 10000000
DEBUG: Total dvariable address used is 2083 out of 150000
DEBUG: Total dvariable address used is 3555248 out of 50000000
DEBUG: Total gradient stack used is 370362 out of 10000000
DEBUG: Total dvariable address used is 2083 out of 150000
DEBUG: Total dvariable address used is 3555248 out of 50000000
DEBUG: Total gradient stack used is 370362 out of 10000000
DEBUG: Total dvariable address used is 2083 out of 150000
DEBUG: Total dvariable address used is 3555248 out of 50000000
DEBUG: Total gradient stack used is 370362 out of 10000000
DEBUG: Total dvariable address used is 2083 out of 150000
DEBUG: Total dvariable address used is 3555248 out of 50000000
DEBUG: Total gradient stack used is 370362 out of 10000000
DEBUG: Total dvariable address used is 2083 out of 150000
DEBUG: Total dvariable address used is 3555248 out of 50000000
DEBUG: Total gradient stack used is 370362 out of 10000000
DEBUG: Total dvariable address used is 2083 out of 150000
DEBUG: Total dvariable address used is 3555248 out of 50000000
DEBUG: Total gradient stack used is 370362 out of 10000000
DEBUG: Total dvariable address used is 2083 out of 150000
DEBUG: Total dvariable address used is 3555248 out of 50000000
DEBUG: Total gradient stack used is 370362 out of 10000000
DEBUG: Total dvariable address used is 2083 out of 150000
DEBUG: Total dvariable address used is 3555248 out of 50000000
DEBUG: Total gradient stack used is 370362 out of 10000000
DEBUG: Total dvariable address used is 2083 out of 150000
DEBUG: Total dvariable address used is 3555248 out of 50000000
DEBUG: Total gradient stack used is 370362 out of 10000000
DEBUG: Total dvariable address used is 2083 out of 150000
DEBUG: Total dvariable address used is 3555248 out of 50000000
DEBUG: Total gradient stack used is 370362 out of 10000000
DEBUG: Total dvariable address used is 2083 out of 150000
DEBUG: Total dvariable address used is 3555248 out of 50000000
DEBUG: Total gradient stack used is 370362 out of 10000000
DEBUG: Total dvariable address used is 2083 out of 150000
DEBUG: Total dvariable address used is 3555248 out of 50000000
DEBUG: Total gradient stack used is 370362 out of 10000000
DEBUG: Total dvariable address used is 2083 out of 150000
DEBUG: Total dvariable address used is 3555248 out of 50000000
DEBUG: Total gradient stack used is 370362 out of 10000000
DEBUG: Total dvariable address used is 2083 out of 150000
DEBUG: Total dvariable address used is 3555248 out of 50000000
DEBUG: Total gradient stack used is 370362 out of 10000000
DEBUG: Total dvariable address used is 2083 out of 150000
DEBUG: Total dvariable address used is 3555248 out of 50000000
DEBUG: Total gradient stack used is 370362 out of 10000000
DEBUG: Total dvariable address used is 2083 out of 150000
DEBUG: Total dvariable address used is 3555248 out of 50000000
DEBUG: Total gradient stack used is 370362 out of 10000000
DEBUG: Total dvariable address used is 2083 out of 150000
DEBUG: Total dvariable address used is 3555248 out of 50000000
DEBUG: Total gradient stack used is 370362 out of 10000000
DEBUG: Total dvariable address used is 2083 out of 150000
DEBUG: Total dvariable address used is 3555248 out of 50000000
DEBUG: Total gradient stack used is 370362 out of 10000000
DEBUG: Total dvariable address used is 2083 out of 150000
DEBUG: Total dvariable address used is 3555248 out of 50000000
DEBUG: Total gradient stack used is 370362 out of 10000000
DEBUG: Total dvariable address used is 2083 out of 150000
DEBUG: Total dvariable address used is 3555248 out of 50000000
DEBUG: Total gradient stack used is 370362 out of 10000000
DEBUG: Total dvariable address used is 2083 out of 150000
DEBUG: Total dvariable address used is 3555248 out of 50000000
DEBUG: Total gradient stack used is 370362 out of 10000000
DEBUG: Total dvariable address used is 2083 out of 150000
DEBUG: Total dvariable address used is 3555248 out of 50000000
DEBUG: Total gradient stack used is 370362 out of 10000000
DEBUG: Total dvariable address used is 2083 out of 150000
DEBUG: Total dvariable address used is 3555248 out of 50000000
DEBUG: Total gradient stack used is 370362 out of 10000000
DEBUG: Total dvariable address used is 2083 out of 150000
DEBUG: Total dvariable address used is 3555248 out of 50000000
DEBUG: Total gradient stack used is 370362 out of 10000000
DEBUG: Total dvariable address used is 2083 out of 150000
DEBUG: Total dvariable address used is 3555248 out of 50000000
DEBUG: Total gradient stack used is 370362 out of 10000000
DEBUG: Total dvariable address used is 2083 out of 150000
DEBUG: Total dvariable address used is 3555248 out of 50000000
DEBUG: Total gradient stack used is 370362 out of 10000000
DEBUG: Total dvariable address used is 2083 out of 150000
DEBUG: Total dvariable address used is 3555248 out of 50000000
DEBUG: Total gradient stack used is 370362 out of 10000000
DEBUG: Total dvariable address used is 2083 out of 150000
DEBUG: Total dvariable address used is 3555248 out of 50000000
DEBUG: Total gradient stack used is 370362 out of 10000000
DEBUG: Total dvariable address used is 2083 out of 150000
DEBUG: Total dvariable address used is 3555248 out of 50000000
DEBUG: Total gradient stack used is 370362 out of 10000000
DEBUG: Total dvariable address used is 2083 out of 150000
DEBUG: Total dvariable address used is 3555248 out of 50000000
DEBUG: Total gradient stack used is 370362 out of 10000000
DEBUG: Total dvariable address used is 2083 out of 150000
DEBUG: Total dvariable address used is 3555248 out of 50000000
DEBUG: Total gradient stack used is 370362 out of 10000000
DEBUG: Total dvariable address used is 2083 out of 150000
DEBUG: Total dvariable address used is 3555248 out of 50000000
DEBUG: Total gradient stack used is 370362 out of 10000000
DEBUG: Total dvariable address used is 2083 out of 150000
DEBUG: Total dvariable address used is 3555248 out of 50000000
DEBUG: Total gradient stack used is 370362 out of 10000000
DEBUG: Total dvariable address used is 2083 out of 150000
DEBUG: Total dvariable address used is 3555248 out of 50000000
DEBUG: Total gradient stack used is 370362 out of 10000000
DEBUG: Total dvariable address used is 2083 out of 150000
DEBUG: Total dvariable address used is 3555248 out of 50000000
DEBUG: Total gradient stack used is 370362 out of 10000000
DEBUG: Total dvariable address used is 2083 out of 150000
DEBUG: Total dvariable address used is 3555248 out of 50000000
DEBUG: Total gradient stack used is 370362 out of 10000000
DEBUG: Total dvariable address used is 2083 out of 150000
DEBUG: Total dvariable address used is 3555248 out of 50000000
DEBUG: Total gradient stack used is 370362 out of 10000000
DEBUG: Total dvariable address used is 2083 out of 150000
DEBUG: Total dvariable address used is 3555248 out of 50000000
DEBUG: Total gradient stack used is 370362 out of 10000000
DEBUG: Total dvariable address used is 2083 out of 150000
DEBUG: Total dvariable address used is 3555248 out of 50000000
DEBUG: Total gradient stack used is 370362 out of 10000000
DEBUG: Total dvariable address used is 2083 out of 150000
DEBUG: Total dvariable address used is 3555248 out of 50000000
DEBUG: Total gradient stack used is 370362 out of 10000000
DEBUG: Total dvariable address used is 2083 out of 150000
DEBUG: Total dvariable address used is 3555248 out of 50000000
DEBUG: Total gradient stack used is 370362 out of 10000000
DEBUG: Total dvariable address used is 2083 out of 150000
DEBUG: Total dvariable address used is 3555248 out of 50000000
DEBUG: Total gradient stack used is 370362 out of 10000000
DEBUG: Total dvariable address used is 2083 out of 150000
DEBUG: Total dvariable address used is 3555248 out of 50000000
DEBUG: Total gradient stack used is 370362 out of 10000000
DEBUG: Total dvariable address used is 2083 out of 150000
DEBUG: Total dvariable address used is 3555248 out of 50000000
DEBUG: Total gradient stack used is 370362 out of 10000000
DEBUG: Total dvariable address used is 2083 out of 150000
DEBUG: Total dvariable address used is 3555248 out of 50000000
DEBUG: Total gradient stack used is 370362 out of 10000000
DEBUG: Total dvariable address used is 2083 out of 150000
DEBUG: Total dvariable address used is 3555248 out of 50000000
DEBUG: Total gradient stack used is 370362 out of 10000000
DEBUG: Total dvariable address used is 2083 out of 150000
DEBUG: Total dvariable address used is 3555248 out of 50000000
DEBUG: Total gradient stack used is 370362 out of 10000000
DEBUG: Total dvariable address used is 2083 out of 150000
DEBUG: Total dvariable address used is 3555248 out of 50000000
DEBUG: Total gradient stack used is 370362 out of 10000000
DEBUG: Total dvariable address used is 2083 out of 150000
DEBUG: Total dvariable address used is 3555248 out of 50000000
DEBUG: Total gradient stack used is 370362 out of 10000000
DEBUG: Total dvariable address used is 2083 out of 150000
DEBUG: Total dvariable address used is 3555248 out of 50000000
DEBUG: Total gradient stack used is 370362 out of 10000000
DEBUG: Total dvariable address used is 2083 out of 150000
DEBUG: Total dvariable address used is 3555248 out of 50000000
DEBUG: Total gradient stack used is 370362 out of 10000000
DEBUG: Total dvariable address used is 2083 out of 150000
DEBUG: Total dvariable address used is 3555248 out of 50000000
DEBUG: Total gradient stack used is 370362 out of 10000000
DEBUG: Total dvariable address used is 2083 out of 150000
DEBUG: Total dvariable address used is 3555248 out of 50000000
DEBUG: Total gradient stack used is 370362 out of 10000000
DEBUG: Total dvariable address used is 2083 out of 150000
DEBUG: Total dvariable address used is 3555248 out of 50000000
DEBUG: Total gradient stack used is 370362 out of 10000000
DEBUG: Total dvariable address used is 2083 out of 150000
DEBUG: Total dvariable address used is 3555248 out of 50000000
DEBUG: Total gradient stack used is 370362 out of 10000000
DEBUG: Total dvariable address used is 2083 out of 150000
DEBUG: Total dvariable address used is 3555248 out of 50000000
DEBUG: Total gradient stack used is 370362 out of 10000000
DEBUG: Total dvariable address used is 2083 out of 150000
DEBUG: Total dvariable address used is 3555248 out of 50000000
DEBUG: Total gradient stack used is 370362 out of 10000000
DEBUG: Total dvariable address used is 2083 out of 150000
DEBUG: Total dvariable address used is 3555248 out of 50000000
DEBUG: Total gradient stack used is 370362 out of 10000000
DEBUG: Total dvariable address used is 2083 out of 150000
DEBUG: Total dvariable address used is 3555248 out of 50000000
DEBUG: Total gradient stack used is 370362 out of 10000000
DEBUG: Total dvariable address used is 2083 out of 150000
DEBUG: Total dvariable address used is 3555248 out of 50000000
DEBUG: Total gradient stack used is 370362 out of 10000000
DEBUG: Total dvariable address used is 2083 out of 150000
DEBUG: Total dvariable address used is 3555248 out of 50000000
DEBUG: Total gradient stack used is 370362 out of 10000000
DEBUG: Total dvariable address used is 2083 out of 150000
DEBUG: Total dvariable address used is 3555248 out of 50000000
DEBUG: Total gradient stack used is 370362 out of 10000000
DEBUG: Total dvariable address used is 2083 out of 150000
DEBUG: Total dvariable address used is 3555248 out of 50000000
DEBUG: Total gradient stack used is 370362 out of 10000000
DEBUG: Total dvariable address used is 2083 out of 150000
DEBUG: Total dvariable address used is 3555248 out of 50000000
DEBUG: Total gradient stack used is 370362 out of 10000000
DEBUG: Total dvariable address used is 2083 out of 150000
DEBUG: Total dvariable address used is 3555248 out of 50000000
DEBUG: Total gradient stack used is 370362 out of 10000000
DEBUG: Total dvariable address used is 2083 out of 150000
DEBUG: Total dvariable address used is 3555248 out of 50000000
DEBUG: Total gradient stack used is 370362 out of 10000000
DEBUG: Total dvariable address used is 2083 out of 150000
DEBUG: Total dvariable address used is 3555248 out of 50000000
DEBUG: Total gradient stack used is 370362 out of 10000000
DEBUG: Total dvariable address used is 2083 out of 150000
DEBUG: Total dvariable address used is 3555248 out of 50000000
DEBUG: Total gradient stack used is 370362 out of 10000000
DEBUG: Total dvariable address used is 2083 out of 150000
DEBUG: Total dvariable address used is 3555248 out of 50000000
DEBUG: Total gradient stack used is 370362 out of 10000000
DEBUG: Total dvariable address used is 2083 out of 150000
DEBUG: Total dvariable address used is 3555248 out of 50000000
DEBUG: Total gradient stack used is 370362 out of 10000000
DEBUG: Total dvariable address used is 2083 out of 150000
DEBUG: Total dvariable address used is 3555248 out of 50000000
DEBUG: Total gradient stack used is 370362 out of 10000000
DEBUG: Total dvariable address used is 2083 out of 150000
DEBUG: Total dvariable address used is 3555248 out of 50000000
DEBUG: Total gradient stack used is 370362 out of 10000000
DEBUG: Total dvariable address used is 2083 out of 150000
DEBUG: Total dvariable address used is 3555248 out of 50000000
DEBUG: Total gradient stack used is 370362 out of 10000000
DEBUG: Total dvariable address used is 2083 out of 150000
DEBUG: Total dvariable address used is 3555248 out of 50000000
DEBUG: Total gradient stack used is 370362 out of 10000000
DEBUG: Total dvariable address used is 2083 out of 150000
DEBUG: Total dvariable address used is 3555248 out of 50000000
DEBUG: Total gradient stack used is 370362 out of 10000000
DEBUG: Total dvariable address used is 2083 out of 150000
DEBUG: Total dvariable address used is 3555248 out of 50000000
DEBUG: Total gradient stack used is 370362 out of 10000000
DEBUG: Total dvariable address used is 2083 out of 150000
DEBUG: Total dvariable address used is 3555248 out of 50000000
DEBUG: Total gradient stack used is 370362 out of 10000000
DEBUG: Total dvariable address used is 2083 out of 150000
DEBUG: Total dvariable address used is 3555248 out of 50000000
DEBUG: Total gradient stack used is 370362 out of 10000000
DEBUG: Total dvariable address used is 2083 out of 150000
DEBUG: Total dvariable address used is 3555248 out of 50000000
DEBUG: Total gradient stack used is 370362 out of 10000000
DEBUG: Total dvariable address used is 2083 out of 150000
DEBUG: Total dvariable address used is 3555248 out of 50000000
DEBUG: Total gradient stack used is 370362 out of 10000000
DEBUG: Total dvariable address used is 2083 out of 150000
DEBUG: Total dvariable address used is 3555248 out of 50000000
DEBUG: Total gradient stack used is 370362 out of 10000000
DEBUG: Total dvariable address used is 2083 out of 150000
DEBUG: Total dvariable address used is 3555248 out of 50000000
DEBUG: Total gradient stack used is 370362 out of 10000000
DEBUG: Total dvariable address used is 2083 out of 150000
DEBUG: Total dvariable address used is 3555248 out of 50000000
DEBUG: Total gradient stack used is 370362 out of 10000000
DEBUG: Total dvariable address used is 2083 out of 150000
DEBUG: Total dvariable address used is 3555248 out of 50000000
DEBUG: Total gradient stack used is 370362 out of 10000000
DEBUG: Total dvariable address used is 2083 out of 150000
DEBUG: Total dvariable address used is 3555248 out of 50000000
DEBUG: Total gradient stack used is 370362 out of 10000000
DEBUG: Total dvariable address used is 2083 out of 150000
DEBUG: Total dvariable address used is 3555248 out of 50000000
DEBUG: Total gradient stack used is 370362 out of 10000000
DEBUG: Total dvariable address used is 2083 out of 150000
DEBUG: Total dvariable address used is 3555248 out of 50000000
DEBUG: Total gradient stack used is 370362 out of 10000000
DEBUG: Total dvariable address used is 2083 out of 150000
DEBUG: Total dvariable address used is 3555248 out of 50000000
DEBUG: Total gradient stack used is 370362 out of 10000000
DEBUG: Total dvariable address used is 2083 out of 150000
DEBUG: Total dvariable address used is 3555248 out of 50000000
DEBUG: Total gradient stack used is 370362 out of 10000000
DEBUG: Total dvariable address used is 2083 out of 150000
DEBUG: Total dvariable address used is 3555248 out of 50000000
DEBUG: Total gradient stack used is 370362 out of 10000000
DEBUG: Total dvariable address used is 2083 out of 150000
DEBUG: Total dvariable address used is 3555248 out of 50000000
DEBUG: Total gradient stack used is 370362 out of 10000000
DEBUG: Total dvariable address used is 2083 out of 150000
DEBUG: Total dvariable address used is 3555248 out of 50000000
DEBUG: Total gradient stack used is 370362 out of 10000000
DEBUG: Total dvariable address used is 2083 out of 150000
DEBUG: Total dvariable address used is 3555248 out of 50000000
DEBUG: Total gradient stack used is 370362 out of 10000000
DEBUG: Total dvariable address used is 2083 out of 150000
DEBUG: Total dvariable address used is 3555248 out of 50000000
DEBUG: Total gradient stack used is 370362 out of 10000000
DEBUG: Total dvariable address used is 2083 out of 150000
DEBUG: Total dvariable address used is 3555248 out of 50000000
DEBUG: Total gradient stack used is 370362 out of 10000000
DEBUG: Total dvariable address used is 2083 out of 150000
DEBUG: Total dvariable address used is 3555248 out of 50000000
DEBUG: Total gradient stack used is 370362 out of 10000000
DEBUG: Total dvariable address used is 2083 out of 150000
DEBUG: Total dvariable address used is 3555248 out of 50000000
DEBUG: Total gradient stack used is 370362 out of 10000000
DEBUG: Total dvariable address used is 2083 out of 150000
DEBUG: Total dvariable address used is 3555248 out of 50000000
DEBUG: Total gradient stack used is 370362 out of 10000000
DEBUG: Total dvariable address used is 2083 out of 150000
DEBUG: Total dvariable address used is 3555248 out of 50000000
DEBUG: Total gradient stack used is 370362 out of 10000000
DEBUG: Total dvariable address used is 2083 out of 150000
DEBUG: Total dvariable address used is 3555248 out of 50000000
DEBUG: Total gradient stack used is 370362 out of 10000000
DEBUG: Total dvariable address used is 2083 out of 150000
DEBUG: Total dvariable address used is 3555248 out of 50000000
DEBUG: Total gradient stack used is 370362 out of 10000000
DEBUG: Total dvariable address used is 2083 out of 150000
DEBUG: Total dvariable address used is 3555248 out of 50000000
DEBUG: Total gradient stack used is 370362 out of 10000000
DEBUG: Total dvariable address used is 2083 out of 150000
DEBUG: Total dvariable address used is 3555248 out of 50000000
DEBUG: Total gradient stack used is 370362 out of 10000000
DEBUG: Total dvariable address used is 2083 out of 150000
DEBUG: Total dvariable address used is 3555248 out of 50000000
DEBUG: Total gradient stack used is 370362 out of 10000000
DEBUG: Total dvariable address used is 2083 out of 150000
DEBUG: Total dvariable address used is 3555248 out of 50000000
DEBUG: Total gradient stack used is 370362 out of 10000000
DEBUG: Total dvariable address used is 2083 out of 150000
DEBUG: Total dvariable address used is 3555248 out of 50000000
DEBUG: Total gradient stack used is 370362 out of 10000000
DEBUG: Total dvariable address used is 2083 out of 150000
DEBUG: Total dvariable address used is 3555248 out of 50000000
DEBUG: Total gradient stack used is 370362 out of 10000000
DEBUG: Total dvariable address used is 2083 out of 150000
DEBUG: Total dvariable address used is 3555248 out of 50000000
DEBUG: Total gradient stack used is 370362 out of 10000000
DEBUG: Total dvariable address used is 2083 out of 150000
DEBUG: Total dvariable address used is 3555248 out of 50000000
DEBUG: Total gradient stack used is 370362 out of 10000000
DEBUG: Total dvariable address used is 2083 out of 150000
DEBUG: Total dvariable address used is 3555248 out of 50000000
DEBUG: Total gradient stack used is 370362 out of 10000000
DEBUG: Total dvariable address used is 2083 out of 150000
DEBUG: Total dvariable address used is 3555248 out of 50000000
DEBUG: Total gradient stack used is 370362 out of 10000000
DEBUG: Total dvariable address used is 2083 out of 150000
DEBUG: Total dvariable address used is 3555248 out of 50000000
DEBUG: Total gradient stack used is 370362 out of 10000000
DEBUG: Total dvariable address used is 2083 out of 150000
DEBUG: Total dvariable address used is 3555248 out of 50000000
DEBUG: Total gradient stack used is 370362 out of 10000000
DEBUG: Total dvariable address used is 2083 out of 150000
DEBUG: Total dvariable address used is 3555248 out of 50000000
DEBUG: Total gradient stack used is 370362 out of 10000000
DEBUG: Total dvariable address used is 2083 out of 150000
DEBUG: Total dvariable address used is 3555248 out of 50000000
DEBUG: Total gradient stack used is 370362 out of 10000000
DEBUG: Total dvariable address used is 2083 out of 150000
DEBUG: Total dvariable address used is 3555248 out of 50000000
DEBUG: Total gradient stack used is 370362 out of 10000000
DEBUG: Total dvariable address used is 2083 out of 150000
DEBUG: Total dvariable address used is 3555248 out of 50000000
DEBUG: Total gradient stack used is 370362 out of 10000000
DEBUG: Total dvariable address used is 2083 out of 150000
DEBUG: Total dvariable address used is 3555248 out of 50000000
DEBUG: Total gradient stack used is 370362 out of 10000000
DEBUG: Total dvariable address used is 2083 out of 150000
DEBUG: Total dvariable address used is 3555248 out of 50000000
DEBUG: Total gradient stack used is 370362 out of 10000000
DEBUG: Total dvariable address used is 2083 out of 150000
DEBUG: Total dvariable address used is 3555248 out of 50000000
DEBUG: Total gradient stack used is 370362 out of 10000000
DEBUG: Total dvariable address used is 2083 out of 150000
DEBUG: Total dvariable address used is 3555248 out of 50000000
DEBUG: Total gradient stack used is 370362 out of 10000000
DEBUG: Total dvariable address used is 2083 out of 150000
DEBUG: Total dvariable address used is 3555248 out of 50000000
DEBUG: Total gradient stack used is 370362 out of 10000000
DEBUG: Total dvariable address used is 2083 out of 150000
DEBUG: Total dvariable address used is 3555248 out of 50000000
DEBUG: Total gradient stack used is 370362 out of 10000000
DEBUG: Total dvariable address used is 2083 out of 150000
DEBUG: Total dvariable address used is 3555248 out of 50000000
DEBUG: Total gradient stack used is 370362 out of 10000000
DEBUG: Total dvariable address used is 2083 out of 150000
DEBUG: Total dvariable address used is 3555248 out of 50000000
DEBUG: Total gradient stack used is 370362 out of 10000000
DEBUG: Total dvariable address used is 2083 out of 150000
DEBUG: Total dvariable address used is 3555248 out of 50000000
DEBUG: Total gradient stack used is 370362 out of 10000000
DEBUG: Total dvariable address used is 2083 out of 150000
DEBUG: Total dvariable address used is 3555248 out of 50000000
DEBUG: Total gradient stack used is 370362 out of 10000000
DEBUG: Total dvariable address used is 2083 out of 150000
DEBUG: Total dvariable address used is 3555248 out of 50000000
DEBUG: Total gradient stack used is 370362 out of 10000000
DEBUG: Total dvariable address used is 2083 out of 150000
DEBUG: Total dvariable address used is 3555248 out of 50000000
DEBUG: Total gradient stack used is 370362 out of 10000000
DEBUG: Total dvariable address used is 2083 out of 150000
DEBUG: Total dvariable address used is 3555248 out of 50000000
DEBUG: Total gradient stack used is 370362 out of 10000000
DEBUG: Total dvariable address used is 2083 out of 150000
DEBUG: Total dvariable address used is 3555248 out of 50000000
DEBUG: Total gradient stack used is 370362 out of 10000000
DEBUG: Total dvariable address used is 2083 out of 150000
DEBUG: Total dvariable address used is 3555248 out of 50000000
DEBUG: Total gradient stack used is 370362 out of 10000000
DEBUG: Total dvariable address used is 2083 out of 150000
DEBUG: Total dvariable address used is 3555248 out of 50000000
DEBUG: Total gradient stack used is 370362 out of 10000000
DEBUG: Total dvariable address used is 2083 out of 150000
DEBUG: Total dvariable address used is 3555248 out of 50000000
DEBUG: Total gradient stack used is 370362 out of 10000000
DEBUG: Total dvariable address used is 2083 out of 150000
DEBUG: Total dvariable address used is 3555248 out of 50000000
DEBUG: Total gradient stack used is 370362 out of 10000000
DEBUG: Total dvariable address used is 2083 out of 150000
DEBUG: Total dvariable address used is 3555248 out of 50000000
DEBUG: Total gradient stack used is 370362 out of 10000000
DEBUG: Total dvariable address used is 2083 out of 150000
DEBUG: Total dvariable address used is 3555248 out of 50000000
DEBUG: Total gradient stack used is 370362 out of 10000000
DEBUG: Total dvariable address used is 2083 out of 150000
DEBUG: Total dvariable address used is 3555248 out of 50000000
DEBUG: Total gradient stack used is 370362 out of 10000000
DEBUG: Total dvariable address used is 2083 out of 150000
DEBUG: Total dvariable address used is 3555248 out of 50000000
DEBUG: Total gradient stack used is 370362 out of 10000000
DEBUG: Total dvariable address used is 2083 out of 150000
DEBUG: Total dvariable address used is 3555248 out of 50000000
DEBUG: Total gradient stack used is 370362 out of 10000000
DEBUG: Total dvariable address used is 2083 out of 150000
DEBUG: Total dvariable address used is 3555248 out of 50000000
DEBUG: Total gradient stack used is 370362 out of 10000000
DEBUG: Total dvariable address used is 2083 out of 150000
DEBUG: Total dvariable address used is 3555248 out of 50000000
DEBUG: Total gradient stack used is 370362 out of 10000000
DEBUG: Total dvariable address used is 2083 out of 150000
DEBUG: Total dvariable address used is 3555248 out of 50000000
DEBUG: Total gradient stack used is 370362 out of 10000000
DEBUG: Total dvariable address used is 2083 out of 150000
DEBUG: Total dvariable address used is 3555248 out of 50000000
DEBUG: Total gradient stack used is 370362 out of 10000000
DEBUG: Total dvariable address used is 2083 out of 150000
DEBUG: Total dvariable address used is 3555248 out of 50000000
DEBUG: Total gradient stack used is 370362 out of 10000000
DEBUG: Total dvariable address used is 2083 out of 150000
DEBUG: Total dvariable address used is 3555248 out of 50000000
DEBUG: Total gradient stack used is 370362 out of 10000000
DEBUG: Total dvariable address used is 2083 out of 150000
DEBUG: Total dvariable address used is 3555248 out of 50000000
DEBUG: Total gradient stack used is 370362 out of 10000000
DEBUG: Total dvariable address used is 2083 out of 150000
DEBUG: Total dvariable address used is 3555248 out of 50000000
DEBUG: Total gradient stack used is 370362 out of 10000000
DEBUG: Total dvariable address used is 2083 out of 150000
DEBUG: Total dvariable address used is 3555248 out of 50000000
DEBUG: Total gradient stack used is 370362 out of 10000000
DEBUG: Total dvariable address used is 2083 out of 150000
DEBUG: Total dvariable address used is 3555248 out of 50000000
DEBUG: Total gradient stack used is 370362 out of 10000000
DEBUG: Total dvariable address used is 2083 out of 150000
DEBUG: Total dvariable address used is 3555248 out of 50000000
DEBUG: Total gradient stack used is 370362 out of 10000000
DEBUG: Total dvariable address used is 2083 out of 150000
DEBUG: Total dvariable address used is 3555248 out of 50000000
DEBUG: Total gradient stack used is 370362 out of 10000000
DEBUG: Total dvariable address used is 2083 out of 150000
DEBUG: Total dvariable address used is 3555248 out of 50000000
DEBUG: Total gradient stack used is 370362 out of 10000000
DEBUG: Total dvariable address used is 2083 out of 150000
DEBUG: Total dvariable address used is 3555248 out of 50000000
DEBUG: Total gradient stack used is 370362 out of 10000000
DEBUG: Total dvariable address used is 2083 out of 150000
DEBUG: Total dvariable address used is 3555248 out of 50000000
DEBUG: Total gradient stack used is 370362 out of 10000000
DEBUG: Total dvariable address used is 2083 out of 150000
DEBUG: Total dvariable address used is 3555248 out of 50000000
DEBUG: Total gradient stack used is 370362 out of 10000000
DEBUG: Total dvariable address used is 2083 out of 150000
DEBUG: Total dvariable address used is 3555248 out of 50000000
DEBUG: Total gradient stack used is 370362 out of 10000000
DEBUG: Total dvariable address used is 2083 out of 150000
DEBUG: Total dvariable address used is 3555248 out of 50000000
DEBUG: Total gradient stack used is 370362 out of 10000000
DEBUG: Total dvariable address used is 2083 out of 150000
DEBUG: Total dvariable address used is 3555248 out of 50000000
DEBUG: Total gradient stack used is 370362 out of 10000000
DEBUG: Total dvariable address used is 2083 out of 150000
DEBUG: Total dvariable address used is 3555248 out of 50000000
DEBUG: Total gradient stack used is 370362 out of 10000000
DEBUG: Total dvariable address used is 2083 out of 150000
DEBUG: Total dvariable address used is 3555248 out of 50000000
DEBUG: Total gradient stack used is 370362 out of 10000000
DEBUG: Total dvariable address used is 2083 out of 150000
DEBUG: Total dvariable address used is 3555248 out of 50000000
DEBUG: Total gradient stack used is 370362 out of 10000000
DEBUG: Total dvariable address used is 2083 out of 150000
DEBUG: Total dvariable address used is 3555248 out of 50000000
DEBUG: Total gradient stack used is 370362 out of 10000000
DEBUG: Total dvariable address used is 2083 out of 150000
DEBUG: Total dvariable address used is 3555248 out of 50000000
DEBUG: Total gradient stack used is 370362 out of 10000000
DEBUG: Total dvariable address used is 2083 out of 150000
DEBUG: Total dvariable address used is 3555248 out of 50000000
DEBUG: Total gradient stack used is 370362 out of 10000000
DEBUG: Total dvariable address used is 2083 out of 150000
DEBUG: Total dvariable address used is 3555248 out of 50000000
DEBUG: Total gradient stack used is 370362 out of 10000000
DEBUG: Total dvariable address used is 2083 out of 150000
DEBUG: Total dvariable address used is 3555248 out of 50000000
DEBUG: Total gradient stack used is 370362 out of 10000000
DEBUG: Total dvariable address used is 2083 out of 150000
DEBUG: Total dvariable address used is 3555248 out of 50000000
DEBUG: Total gradient stack used is 370362 out of 10000000
DEBUG: Total dvariable address used is 2083 out of 150000
DEBUG: Total dvariable address used is 3555248 out of 50000000
DEBUG: Total gradient stack used is 370362 out of 10000000
DEBUG: Total dvariable address used is 2083 out of 150000
DEBUG: Total dvariable address used is 3555248 out of 50000000
DEBUG: Total gradient stack used is 370362 out of 10000000
DEBUG: Total dvariable address used is 2083 out of 150000
DEBUG: Total dvariable address used is 3555248 out of 50000000
DEBUG: Total gradient stack used is 370362 out of 10000000
DEBUG: Total dvariable address used is 2083 out of 150000
DEBUG: Total dvariable address used is 3555248 out of 50000000
DEBUG: Total gradient stack used is 370362 out of 10000000
DEBUG: Total dvariable address used is 2083 out of 150000
DEBUG: Total dvariable address used is 3555248 out of 50000000
DEBUG: Total gradient stack used is 370362 out of 10000000
DEBUG: Total dvariable address used is 2083 out of 150000
DEBUG: Total dvariable address used is 3555248 out of 50000000
DEBUG: Total gradient stack used is 370362 out of 10000000
DEBUG: Total dvariable address used is 2083 out of 150000
DEBUG: Total dvariable address used is 3555248 out of 50000000
DEBUG: Total gradient stack used is 370362 out of 10000000
DEBUG: Total dvariable address used is 2083 out of 150000
DEBUG: Total dvariable address used is 3555248 out of 50000000
DEBUG: Total gradient stack used is 370362 out of 10000000
DEBUG: Total dvariable address used is 2083 out of 150000
DEBUG: Total dvariable address used is 3555248 out of 50000000
20%DEBUG: Total gradient stack used is 370362 out of 10000000
DEBUG: Total dvariable address used is 2083 out of 150000
DEBUG: Total dvariable address used is 3555248 out of 50000000
DEBUG: Total gradient stack used is 370362 out of 10000000
DEBUG: Total dvariable address used is 2083 out of 150000
DEBUG: Total dvariable address used is 3555248 out of 50000000
DEBUG: Total gradient stack used is 370362 out of 10000000
DEBUG: Total dvariable address used is 2083 out of 150000
DEBUG: Total dvariable address used is 3555248 out of 50000000
DEBUG: Total gradient stack used is 370362 out of 10000000
DEBUG: Total dvariable address used is 2083 out of 150000
DEBUG: Total dvariable address used is 3555248 out of 50000000
DEBUG: Total gradient stack used is 370362 out of 10000000
DEBUG: Total dvariable address used is 2083 out of 150000
DEBUG: Total dvariable address used is 3555248 out of 50000000
DEBUG: Total gradient stack used is 370362 out of 10000000
DEBUG: Total dvariable address used is 2083 out of 150000
DEBUG: Total dvariable address used is 3555248 out of 50000000
DEBUG: Total gradient stack used is 370362 out of 10000000
DEBUG: Total dvariable address used is 2083 out of 150000
DEBUG: Total dvariable address used is 3555248 out of 50000000
DEBUG: Total gradient stack used is 370362 out of 10000000
DEBUG: Total dvariable address used is 2083 out of 150000
DEBUG: Total dvariable address used is 3555248 out of 50000000
DEBUG: Total gradient stack used is 370362 out of 10000000
DEBUG: Total dvariable address used is 2083 out of 150000
DEBUG: Total dvariable address used is 3555248 out of 50000000
DEBUG: Total gradient stack used is 370362 out of 10000000
DEBUG: Total dvariable address used is 2083 out of 150000
DEBUG: Total dvariable address used is 3555248 out of 50000000
DEBUG: Total gradient stack used is 370362 out of 10000000
DEBUG: Total dvariable address used is 2083 out of 150000
DEBUG: Total dvariable address used is 3555248 out of 50000000
DEBUG: Total gradient stack used is 370362 out of 10000000
DEBUG: Total dvariable address used is 2083 out of 150000
DEBUG: Total dvariable address used is 3555248 out of 50000000
DEBUG: Total gradient stack used is 370362 out of 10000000
DEBUG: Total dvariable address used is 2083 out of 150000
DEBUG: Total dvariable address used is 3555248 out of 50000000
DEBUG: Total gradient stack used is 370362 out of 10000000
DEBUG: Total dvariable address used is 2083 out of 150000
DEBUG: Total dvariable address used is 3555248 out of 50000000
DEBUG: Total gradient stack used is 370362 out of 10000000
DEBUG: Total dvariable address used is 2083 out of 150000
DEBUG: Total dvariable address used is 3555248 out of 50000000
DEBUG: Total gradient stack used is 370362 out of 10000000
DEBUG: Total dvariable address used is 2083 out of 150000
DEBUG: Total dvariable address used is 3555248 out of 50000000
DEBUG: Total gradient stack used is 370362 out of 10000000
DEBUG: Total dvariable address used is 2083 out of 150000
DEBUG: Total dvariable address used is 3555248 out of 50000000
DEBUG: Total gradient stack used is 370362 out of 10000000
DEBUG: Total dvariable address used is 2083 out of 150000
DEBUG: Total dvariable address used is 3555248 out of 50000000
DEBUG: Total gradient stack used is 370362 out of 10000000
DEBUG: Total dvariable address used is 2083 out of 150000
DEBUG: Total dvariable address used is 3555248 out of 50000000
DEBUG: Total gradient stack used is 370362 out of 10000000
DEBUG: Total dvariable address used is 2083 out of 150000
DEBUG: Total dvariable address used is 3555248 out of 50000000
DEBUG: Total gradient stack used is 370362 out of 10000000
DEBUG: Total dvariable address used is 2083 out of 150000
DEBUG: Total dvariable address used is 3555248 out of 50000000
DEBUG: Total gradient stack used is 370362 out of 10000000
DEBUG: Total dvariable address used is 2083 out of 150000
DEBUG: Total dvariable address used is 3555248 out of 50000000
DEBUG: Total gradient stack used is 370362 out of 10000000
DEBUG: Total dvariable address used is 2083 out of 150000
DEBUG: Total dvariable address used is 3555248 out of 50000000
DEBUG: Total gradient stack used is 370362 out of 10000000
DEBUG: Total dvariable address used is 2083 out of 150000
DEBUG: Total dvariable address used is 3555248 out of 50000000
DEBUG: Total gradient stack used is 370362 out of 10000000
DEBUG: Total dvariable address used is 2083 out of 150000
DEBUG: Total dvariable address used is 3555248 out of 50000000
DEBUG: Total gradient stack used is 370362 out of 10000000
DEBUG: Total dvariable address used is 2083 out of 150000
DEBUG: Total dvariable address used is 3555248 out of 50000000
DEBUG: Total gradient stack used is 370362 out of 10000000
DEBUG: Total dvariable address used is 2083 out of 150000
DEBUG: Total dvariable address used is 3555248 out of 50000000
DEBUG: Total gradient stack used is 370362 out of 10000000
DEBUG: Total dvariable address used is 2083 out of 150000
DEBUG: Total dvariable address used is 3555248 out of 50000000
DEBUG: Total gradient stack used is 370362 out of 10000000
DEBUG: Total dvariable address used is 2083 out of 150000
DEBUG: Total dvariable address used is 3555248 out of 50000000
DEBUG: Total gradient stack used is 370362 out of 10000000
DEBUG: Total dvariable address used is 2083 out of 150000
DEBUG: Total dvariable address used is 3555248 out of 50000000
DEBUG: Total gradient stack used is 370362 out of 10000000
DEBUG: Total dvariable address used is 2083 out of 150000
DEBUG: Total dvariable address used is 3555248 out of 50000000
DEBUG: Total gradient stack used is 370362 out of 10000000
DEBUG: Total dvariable address used is 2083 out of 150000
DEBUG: Total dvariable address used is 3555248 out of 50000000
DEBUG: Total gradient stack used is 370362 out of 10000000
DEBUG: Total dvariable address used is 2083 out of 150000
DEBUG: Total dvariable address used is 3555248 out of 50000000
DEBUG: Total gradient stack used is 370362 out of 10000000
DEBUG: Total dvariable address used is 2083 out of 150000
DEBUG: Total dvariable address used is 3555248 out of 50000000
DEBUG: Total gradient stack used is 370362 out of 10000000
DEBUG: Total dvariable address used is 2083 out of 150000
DEBUG: Total dvariable address used is 3555248 out of 50000000
DEBUG: Total gradient stack used is 370362 out of 10000000
DEBUG: Total dvariable address used is 2083 out of 150000
DEBUG: Total dvariable address used is 3555248 out of 50000000
DEBUG: Total gradient stack used is 370362 out of 10000000
DEBUG: Total dvariable address used is 2083 out of 150000
DEBUG: Total dvariable address used is 3555248 out of 50000000
DEBUG: Total gradient stack used is 370362 out of 10000000
DEBUG: Total dvariable address used is 2083 out of 150000
DEBUG: Total dvariable address used is 3555248 out of 50000000
DEBUG: Total gradient stack used is 370362 out of 10000000
DEBUG: Total dvariable address used is 2083 out of 150000
DEBUG: Total dvariable address used is 3555248 out of 50000000
DEBUG: Total gradient stack used is 370362 out of 10000000
DEBUG: Total dvariable address used is 2083 out of 150000
DEBUG: Total dvariable address used is 3555248 out of 50000000
DEBUG: Total gradient stack used is 370362 out of 10000000
DEBUG: Total dvariable address used is 2083 out of 150000
DEBUG: Total dvariable address used is 3555248 out of 50000000
DEBUG: Total gradient stack used is 370362 out of 10000000
DEBUG: Total dvariable address used is 2083 out of 150000
DEBUG: Total dvariable address used is 3555248 out of 50000000
DEBUG: Total gradient stack used is 370362 out of 10000000
DEBUG: Total dvariable address used is 2083 out of 150000
DEBUG: Total dvariable address used is 3555248 out of 50000000
DEBUG: Total gradient stack used is 370362 out of 10000000
DEBUG: Total dvariable address used is 2083 out of 150000
DEBUG: Total dvariable address used is 3555248 out of 50000000
DEBUG: Total gradient stack used is 370362 out of 10000000
DEBUG: Total dvariable address used is 2083 out of 150000
DEBUG: Total dvariable address used is 3555248 out of 50000000
DEBUG: Total gradient stack used is 370362 out of 10000000
DEBUG: Total dvariable address used is 2083 out of 150000
DEBUG: Total dvariable address used is 3555248 out of 50000000
DEBUG: Total gradient stack used is 370362 out of 10000000
DEBUG: Total dvariable address used is 2083 out of 150000
DEBUG: Total dvariable address used is 3555248 out of 50000000
DEBUG: Total gradient stack used is 370362 out of 10000000
DEBUG: Total dvariable address used is 2083 out of 150000
DEBUG: Total dvariable address used is 3555248 out of 50000000
DEBUG: Total gradient stack used is 370362 out of 10000000
DEBUG: Total dvariable address used is 2083 out of 150000
DEBUG: Total dvariable address used is 3555248 out of 50000000
DEBUG: Total gradient stack used is 370362 out of 10000000
DEBUG: Total dvariable address used is 2083 out of 150000
DEBUG: Total dvariable address used is 3555248 out of 50000000
DEBUG: Total gradient stack used is 370362 out of 10000000
DEBUG: Total dvariable address used is 2083 out of 150000
DEBUG: Total dvariable address used is 3555248 out of 50000000
DEBUG: Total gradient stack used is 370362 out of 10000000
DEBUG: Total dvariable address used is 2083 out of 150000
DEBUG: Total dvariable address used is 3555248 out of 50000000
DEBUG: Total gradient stack used is 370362 out of 10000000
DEBUG: Total dvariable address used is 2083 out of 150000
DEBUG: Total dvariable address used is 3555248 out of 50000000
DEBUG: Total gradient stack used is 370362 out of 10000000
DEBUG: Total dvariable address used is 2083 out of 150000
DEBUG: Total dvariable address used is 3555248 out of 50000000
DEBUG: Total gradient stack used is 370362 out of 10000000
DEBUG: Total dvariable address used is 2083 out of 150000
DEBUG: Total dvariable address used is 3555248 out of 50000000
DEBUG: Total gradient stack used is 370362 out of 10000000
DEBUG: Total dvariable address used is 2083 out of 150000
DEBUG: Total dvariable address used is 3555248 out of 50000000
DEBUG: Total gradient stack used is 370362 out of 10000000
DEBUG: Total dvariable address used is 2083 out of 150000
DEBUG: Total dvariable address used is 3555248 out of 50000000
DEBUG: Total gradient stack used is 370362 out of 10000000
DEBUG: Total dvariable address used is 2083 out of 150000
DEBUG: Total dvariable address used is 3555248 out of 50000000
DEBUG: Total gradient stack used is 370362 out of 10000000
DEBUG: Total dvariable address used is 2083 out of 150000
DEBUG: Total dvariable address used is 3555248 out of 50000000
DEBUG: Total gradient stack used is 370362 out of 10000000
DEBUG: Total dvariable address used is 2083 out of 150000
DEBUG: Total dvariable address used is 3555248 out of 50000000
DEBUG: Total gradient stack used is 370362 out of 10000000
DEBUG: Total dvariable address used is 2083 out of 150000
DEBUG: Total dvariable address used is 3555248 out of 50000000
DEBUG: Total gradient stack used is 370362 out of 10000000
DEBUG: Total dvariable address used is 2083 out of 150000
DEBUG: Total dvariable address used is 3555248 out of 50000000
DEBUG: Total gradient stack used is 370362 out of 10000000
DEBUG: Total dvariable address used is 2083 out of 150000
DEBUG: Total dvariable address used is 3555248 out of 50000000
DEBUG: Total gradient stack used is 370362 out of 10000000
DEBUG: Total dvariable address used is 2083 out of 150000
DEBUG: Total dvariable address used is 3555248 out of 50000000
DEBUG: Total gradient stack used is 370362 out of 10000000
DEBUG: Total dvariable address used is 2083 out of 150000
DEBUG: Total dvariable address used is 3555248 out of 50000000
DEBUG: Total gradient stack used is 370362 out of 10000000
DEBUG: Total dvariable address used is 2083 out of 150000
DEBUG: Total dvariable address used is 3555248 out of 50000000
DEBUG: Total gradient stack used is 370362 out of 10000000
DEBUG: Total dvariable address used is 2083 out of 150000
DEBUG: Total dvariable address used is 3555248 out of 50000000
DEBUG: Total gradient stack used is 370362 out of 10000000
DEBUG: Total dvariable address used is 2083 out of 150000
DEBUG: Total dvariable address used is 3555248 out of 50000000
DEBUG: Total gradient stack used is 370362 out of 10000000
DEBUG: Total dvariable address used is 2083 out of 150000
DEBUG: Total dvariable address used is 3555248 out of 50000000
DEBUG: Total gradient stack used is 370362 out of 10000000
DEBUG: Total dvariable address used is 2083 out of 150000
DEBUG: Total dvariable address used is 3555248 out of 50000000
DEBUG: Total gradient stack used is 370362 out of 10000000
DEBUG: Total dvariable address used is 2083 out of 150000
DEBUG: Total dvariable address used is 3555248 out of 50000000
DEBUG: Total gradient stack used is 370362 out of 10000000
DEBUG: Total dvariable address used is 2083 out of 150000
DEBUG: Total dvariable address used is 3555248 out of 50000000
DEBUG: Total gradient stack used is 370362 out of 10000000
DEBUG: Total dvariable address used is 2083 out of 150000
DEBUG: Total dvariable address used is 3555248 out of 50000000
DEBUG: Total gradient stack used is 370362 out of 10000000
DEBUG: Total dvariable address used is 2083 out of 150000
DEBUG: Total dvariable address used is 3555248 out of 50000000
DEBUG: Total gradient stack used is 370362 out of 10000000
DEBUG: Total dvariable address used is 2083 out of 150000
DEBUG: Total dvariable address used is 3555248 out of 50000000
DEBUG: Total gradient stack used is 370362 out of 10000000
DEBUG: Total dvariable address used is 2083 out of 150000
DEBUG: Total dvariable address used is 3555248 out of 50000000
DEBUG: Total gradient stack used is 370362 out of 10000000
DEBUG: Total dvariable address used is 2083 out of 150000
DEBUG: Total dvariable address used is 3555248 out of 50000000
DEBUG: Total gradient stack used is 370362 out of 10000000
DEBUG: Total dvariable address used is 2083 out of 150000
DEBUG: Total dvariable address used is 3555248 out of 50000000
DEBUG: Total gradient stack used is 370362 out of 10000000
DEBUG: Total dvariable address used is 2083 out of 150000
DEBUG: Total dvariable address used is 3555248 out of 50000000
DEBUG: Total gradient stack used is 370362 out of 10000000
DEBUG: Total dvariable address used is 2083 out of 150000
DEBUG: Total dvariable address used is 3555248 out of 50000000
DEBUG: Total gradient stack used is 370362 out of 10000000
DEBUG: Total dvariable address used is 2083 out of 150000
DEBUG: Total dvariable address used is 3555248 out of 50000000
DEBUG: Total gradient stack used is 370362 out of 10000000
DEBUG: Total dvariable address used is 2083 out of 150000
DEBUG: Total dvariable address used is 3555248 out of 50000000
DEBUG: Total gradient stack used is 370362 out of 10000000
DEBUG: Total dvariable address used is 2083 out of 150000
DEBUG: Total dvariable address used is 3555248 out of 50000000
DEBUG: Total gradient stack used is 370362 out of 10000000
DEBUG: Total dvariable address used is 2083 out of 150000
DEBUG: Total dvariable address used is 3555248 out of 50000000
DEBUG: Total gradient stack used is 370362 out of 10000000
DEBUG: Total dvariable address used is 2083 out of 150000
DEBUG: Total dvariable address used is 3555248 out of 50000000
DEBUG: Total gradient stack used is 370362 out of 10000000
DEBUG: Total dvariable address used is 2083 out of 150000
DEBUG: Total dvariable address used is 3555248 out of 50000000
DEBUG: Total gradient stack used is 370362 out of 10000000
DEBUG: Total dvariable address used is 2083 out of 150000
DEBUG: Total dvariable address used is 3555248 out of 50000000
DEBUG: Total gradient stack used is 370362 out of 10000000
DEBUG: Total dvariable address used is 2083 out of 150000
DEBUG: Total dvariable address used is 3555248 out of 50000000
DEBUG: Total gradient stack used is 370362 out of 10000000
DEBUG: Total dvariable address used is 2083 out of 150000
DEBUG: Total dvariable address used is 3555248 out of 50000000
DEBUG: Total gradient stack used is 370362 out of 10000000
DEBUG: Total dvariable address used is 2083 out of 150000
DEBUG: Total dvariable address used is 3555248 out of 50000000
DEBUG: Total gradient stack used is 370362 out of 10000000
DEBUG: Total dvariable address used is 2083 out of 150000
DEBUG: Total dvariable address used is 3555248 out of 50000000
DEBUG: Total gradient stack used is 370362 out of 10000000
DEBUG: Total dvariable address used is 2083 out of 150000
DEBUG: Total dvariable address used is 3555248 out of 50000000
DEBUG: Total gradient stack used is 370362 out of 10000000
DEBUG: Total dvariable address used is 2083 out of 150000
DEBUG: Total dvariable address used is 3555248 out of 50000000
DEBUG: Total gradient stack used is 370362 out of 10000000
DEBUG: Total dvariable address used is 2083 out of 150000
DEBUG: Total dvariable address used is 3555248 out of 50000000
DEBUG: Total gradient stack used is 370362 out of 10000000
DEBUG: Total dvariable address used is 2083 out of 150000
DEBUG: Total dvariable address used is 3555248 out of 50000000
DEBUG: Total gradient stack used is 370362 out of 10000000
DEBUG: Total dvariable address used is 2083 out of 150000
DEBUG: Total dvariable address used is 3555248 out of 50000000
DEBUG: Total gradient stack used is 370362 out of 10000000
DEBUG: Total dvariable address used is 2083 out of 150000
DEBUG: Total dvariable address used is 3555248 out of 50000000
DEBUG: Total gradient stack used is 370362 out of 10000000
DEBUG: Total dvariable address used is 2083 out of 150000
DEBUG: Total dvariable address used is 3555248 out of 50000000
DEBUG: Total gradient stack used is 370362 out of 10000000
DEBUG: Total dvariable address used is 2083 out of 150000
DEBUG: Total dvariable address used is 3555248 out of 50000000
DEBUG: Total gradient stack used is 370362 out of 10000000
DEBUG: Total dvariable address used is 2083 out of 150000
DEBUG: Total dvariable address used is 3555248 out of 50000000
DEBUG: Total gradient stack used is 370362 out of 10000000
DEBUG: Total dvariable address used is 2083 out of 150000
DEBUG: Total dvariable address used is 3555248 out of 50000000
DEBUG: Total gradient stack used is 370362 out of 10000000
DEBUG: Total dvariable address used is 2083 out of 150000
DEBUG: Total dvariable address used is 3555248 out of 50000000
DEBUG: Total gradient stack used is 370362 out of 10000000
DEBUG: Total dvariable address used is 2083 out of 150000
DEBUG: Total dvariable address used is 3555248 out of 50000000
DEBUG: Total gradient stack used is 370362 out of 10000000
DEBUG: Total dvariable address used is 2083 out of 150000
DEBUG: Total dvariable address used is 3555248 out of 50000000
DEBUG: Total gradient stack used is 370362 out of 10000000
DEBUG: Total dvariable address used is 2083 out of 150000
DEBUG: Total dvariable address used is 3555248 out of 50000000
DEBUG: Total gradient stack used is 370362 out of 10000000
DEBUG: Total dvariable address used is 2083 out of 150000
DEBUG: Total dvariable address used is 3555248 out of 50000000
DEBUG: Total gradient stack used is 370362 out of 10000000
DEBUG: Total dvariable address used is 2083 out of 150000
DEBUG: Total dvariable address used is 3555248 out of 50000000
DEBUG: Total gradient stack used is 370362 out of 10000000
DEBUG: Total dvariable address used is 2083 out of 150000
DEBUG: Total dvariable address used is 3555248 out of 50000000
DEBUG: Total gradient stack used is 370362 out of 10000000
DEBUG: Total dvariable address used is 2083 out of 150000
DEBUG: Total dvariable address used is 3555248 out of 50000000
DEBUG: Total gradient stack used is 370362 out of 10000000
DEBUG: Total dvariable address used is 2083 out of 150000
DEBUG: Total dvariable address used is 3555248 out of 50000000
DEBUG: Total gradient stack used is 370362 out of 10000000
DEBUG: Total dvariable address used is 2083 out of 150000
DEBUG: Total dvariable address used is 3555248 out of 50000000
DEBUG: Total gradient stack used is 370362 out of 10000000
DEBUG: Total dvariable address used is 2083 out of 150000
DEBUG: Total dvariable address used is 3555248 out of 50000000
DEBUG: Total gradient stack used is 370362 out of 10000000
DEBUG: Total dvariable address used is 2083 out of 150000
DEBUG: Total dvariable address used is 3555248 out of 50000000
DEBUG: Total gradient stack used is 370362 out of 10000000
DEBUG: Total dvariable address used is 2083 out of 150000
DEBUG: Total dvariable address used is 3555248 out of 50000000
DEBUG: Total gradient stack used is 370362 out of 10000000
DEBUG: Total dvariable address used is 2083 out of 150000
DEBUG: Total dvariable address used is 3555248 out of 50000000
DEBUG: Total gradient stack used is 370362 out of 10000000
DEBUG: Total dvariable address used is 2083 out of 150000
DEBUG: Total dvariable address used is 3555248 out of 50000000
DEBUG: Total gradient stack used is 370362 out of 10000000
DEBUG: Total dvariable address used is 2083 out of 150000
DEBUG: Total dvariable address used is 3555248 out of 50000000
DEBUG: Total gradient stack used is 370362 out of 10000000
DEBUG: Total dvariable address used is 2083 out of 150000
DEBUG: Total dvariable address used is 3555248 out of 50000000
DEBUG: Total gradient stack used is 370362 out of 10000000
DEBUG: Total dvariable address used is 2083 out of 150000
DEBUG: Total dvariable address used is 3555248 out of 50000000
DEBUG: Total gradient stack used is 370362 out of 10000000
DEBUG: Total dvariable address used is 2083 out of 150000
DEBUG: Total dvariable address used is 3555248 out of 50000000
DEBUG: Total gradient stack used is 370362 out of 10000000
DEBUG: Total dvariable address used is 2083 out of 150000
DEBUG: Total dvariable address used is 3555248 out of 50000000
DEBUG: Total gradient stack used is 370362 out of 10000000
DEBUG: Total dvariable address used is 2083 out of 150000
DEBUG: Total dvariable address used is 3555248 out of 50000000
DEBUG: Total gradient stack used is 370362 out of 10000000
DEBUG: Total dvariable address used is 2083 out of 150000
DEBUG: Total dvariable address used is 3555248 out of 50000000
DEBUG: Total gradient stack used is 370362 out of 10000000
DEBUG: Total dvariable address used is 2083 out of 150000
DEBUG: Total dvariable address used is 3555248 out of 50000000
DEBUG: Total gradient stack used is 370362 out of 10000000
DEBUG: Total dvariable address used is 2083 out of 150000
DEBUG: Total dvariable address used is 3555248 out of 50000000
DEBUG: Total gradient stack used is 370362 out of 10000000
DEBUG: Total dvariable address used is 2083 out of 150000
DEBUG: Total dvariable address used is 3555248 out of 50000000
DEBUG: Total gradient stack used is 370362 out of 10000000
DEBUG: Total dvariable address used is 2083 out of 150000
DEBUG: Total dvariable address used is 3555248 out of 50000000
DEBUG: Total gradient stack used is 370362 out of 10000000
DEBUG: Total dvariable address used is 2083 out of 150000
DEBUG: Total dvariable address used is 3555248 out of 50000000
DEBUG: Total gradient stack used is 370362 out of 10000000
DEBUG: Total dvariable address used is 2083 out of 150000
DEBUG: Total dvariable address used is 3555248 out of 50000000
DEBUG: Total gradient stack used is 370362 out of 10000000
DEBUG: Total dvariable address used is 2083 out of 150000
DEBUG: Total dvariable address used is 3555248 out of 50000000
DEBUG: Total gradient stack used is 370362 out of 10000000
DEBUG: Total dvariable address used is 2083 out of 150000
DEBUG: Total dvariable address used is 3555248 out of 50000000
DEBUG: Total gradient stack used is 370362 out of 10000000
DEBUG: Total dvariable address used is 2083 out of 150000
DEBUG: Total dvariable address used is 3555248 out of 50000000
DEBUG: Total gradient stack used is 370362 out of 10000000
DEBUG: Total dvariable address used is 2083 out of 150000
DEBUG: Total dvariable address used is 3555248 out of 50000000
DEBUG: Total gradient stack used is 370362 out of 10000000
DEBUG: Total dvariable address used is 2083 out of 150000
DEBUG: Total dvariable address used is 3555248 out of 50000000
DEBUG: Total gradient stack used is 370362 out of 10000000
DEBUG: Total dvariable address used is 2083 out of 150000
DEBUG: Total dvariable address used is 3555248 out of 50000000
DEBUG: Total gradient stack used is 370362 out of 10000000
DEBUG: Total dvariable address used is 2083 out of 150000
DEBUG: Total dvariable address used is 3555248 out of 50000000
DEBUG: Total gradient stack used is 370362 out of 10000000
DEBUG: Total dvariable address used is 2083 out of 150000
DEBUG: Total dvariable address used is 3555248 out of 50000000
DEBUG: Total gradient stack used is 370362 out of 10000000
DEBUG: Total dvariable address used is 2083 out of 150000
DEBUG: Total dvariable address used is 3555248 out of 50000000
DEBUG: Total gradient stack used is 370362 out of 10000000
DEBUG: Total dvariable address used is 2083 out of 150000
DEBUG: Total dvariable address used is 3555248 out of 50000000
DEBUG: Total gradient stack used is 370362 out of 10000000
DEBUG: Total dvariable address used is 2083 out of 150000
DEBUG: Total dvariable address used is 3555248 out of 50000000
DEBUG: Total gradient stack used is 370362 out of 10000000
DEBUG: Total dvariable address used is 2083 out of 150000
DEBUG: Total dvariable address used is 3555248 out of 50000000
DEBUG: Total gradient stack used is 370362 out of 10000000
DEBUG: Total dvariable address used is 2083 out of 150000
DEBUG: Total dvariable address used is 3555248 out of 50000000
DEBUG: Total gradient stack used is 370362 out of 10000000
DEBUG: Total dvariable address used is 2083 out of 150000
DEBUG: Total dvariable address used is 3555248 out of 50000000
DEBUG: Total gradient stack used is 370362 out of 10000000
DEBUG: Total dvariable address used is 2083 out of 150000
DEBUG: Total dvariable address used is 3555248 out of 50000000
DEBUG: Total gradient stack used is 370362 out of 10000000
DEBUG: Total dvariable address used is 2083 out of 150000
DEBUG: Total dvariable address used is 3555248 out of 50000000
DEBUG: Total gradient stack used is 370362 out of 10000000
DEBUG: Total dvariable address used is 2083 out of 150000
DEBUG: Total dvariable address used is 3555248 out of 50000000
DEBUG: Total gradient stack used is 370362 out of 10000000
DEBUG: Total dvariable address used is 2083 out of 150000
DEBUG: Total dvariable address used is 3555248 out of 50000000
DEBUG: Total gradient stack used is 370362 out of 10000000
DEBUG: Total dvariable address used is 2083 out of 150000
DEBUG: Total dvariable address used is 3555248 out of 50000000
DEBUG: Total gradient stack used is 370362 out of 10000000
DEBUG: Total dvariable address used is 2083 out of 150000
DEBUG: Total dvariable address used is 3555248 out of 50000000
DEBUG: Total gradient stack used is 370362 out of 10000000
DEBUG: Total dvariable address used is 2083 out of 150000
DEBUG: Total dvariable address used is 3555248 out of 50000000
DEBUG: Total gradient stack used is 370362 out of 10000000
DEBUG: Total dvariable address used is 2083 out of 150000
DEBUG: Total dvariable address used is 3555248 out of 50000000
DEBUG: Total gradient stack used is 370362 out of 10000000
DEBUG: Total dvariable address used is 2083 out of 150000
DEBUG: Total dvariable address used is 3555248 out of 50000000
DEBUG: Total gradient stack used is 370362 out of 10000000
DEBUG: Total dvariable address used is 2083 out of 150000
DEBUG: Total dvariable address used is 3555248 out of 50000000
DEBUG: Total gradient stack used is 370362 out of 10000000
DEBUG: Total dvariable address used is 2083 out of 150000
DEBUG: Total dvariable address used is 3555248 out of 50000000
DEBUG: Total gradient stack used is 370362 out of 10000000
DEBUG: Total dvariable address used is 2083 out of 150000
DEBUG: Total dvariable address used is 3555248 out of 50000000
DEBUG: Total gradient stack used is 370362 out of 10000000
DEBUG: Total dvariable address used is 2083 out of 150000
DEBUG: Total dvariable address used is 3555248 out of 50000000
DEBUG: Total gradient stack used is 370362 out of 10000000
DEBUG: Total dvariable address used is 2083 out of 150000
DEBUG: Total dvariable address used is 3555248 out of 50000000
DEBUG: Total gradient stack used is 370362 out of 10000000
DEBUG: Total dvariable address used is 2083 out of 150000
DEBUG: Total dvariable address used is 3555248 out of 50000000
DEBUG: Total gradient stack used is 370362 out of 10000000
DEBUG: Total dvariable address used is 2083 out of 150000
DEBUG: Total dvariable address used is 3555248 out of 50000000
DEBUG: Total gradient stack used is 370362 out of 10000000
DEBUG: Total dvariable address used is 2083 out of 150000
DEBUG: Total dvariable address used is 3555248 out of 50000000
DEBUG: Total gradient stack used is 370362 out of 10000000
DEBUG: Total dvariable address used is 2083 out of 150000
DEBUG: Total dvariable address used is 3555248 out of 50000000
DEBUG: Total gradient stack used is 370362 out of 10000000
DEBUG: Total dvariable address used is 2083 out of 150000
DEBUG: Total dvariable address used is 3555248 out of 50000000
DEBUG: Total gradient stack used is 370362 out of 10000000
DEBUG: Total dvariable address used is 2083 out of 150000
DEBUG: Total dvariable address used is 3555248 out of 50000000
DEBUG: Total gradient stack used is 370362 out of 10000000
DEBUG: Total dvariable address used is 2083 out of 150000
DEBUG: Total dvariable address used is 3555248 out of 50000000
DEBUG: Total gradient stack used is 370362 out of 10000000
DEBUG: Total dvariable address used is 2083 out of 150000
DEBUG: Total dvariable address used is 3555248 out of 50000000
DEBUG: Total gradient stack used is 370362 out of 10000000
DEBUG: Total dvariable address used is 2083 out of 150000
DEBUG: Total dvariable address used is 3555248 out of 50000000
DEBUG: Total gradient stack used is 370362 out of 10000000
DEBUG: Total dvariable address used is 2083 out of 150000
DEBUG: Total dvariable address used is 3555248 out of 50000000
DEBUG: Total gradient stack used is 370362 out of 10000000
DEBUG: Total dvariable address used is 2083 out of 150000
DEBUG: Total dvariable address used is 3555248 out of 50000000
DEBUG: Total gradient stack used is 370362 out of 10000000
DEBUG: Total dvariable address used is 2083 out of 150000
DEBUG: Total dvariable address used is 3555248 out of 50000000
DEBUG: Total gradient stack used is 370362 out of 10000000
DEBUG: Total dvariable address used is 2083 out of 150000
DEBUG: Total dvariable address used is 3555248 out of 50000000
DEBUG: Total gradient stack used is 370362 out of 10000000
DEBUG: Total dvariable address used is 2083 out of 150000
DEBUG: Total dvariable address used is 3555248 out of 50000000
DEBUG: Total gradient stack used is 370362 out of 10000000
DEBUG: Total dvariable address used is 2083 out of 150000
DEBUG: Total dvariable address used is 3555248 out of 50000000
DEBUG: Total gradient stack used is 370362 out of 10000000
DEBUG: Total dvariable address used is 2083 out of 150000
DEBUG: Total dvariable address used is 3555248 out of 50000000
DEBUG: Total gradient stack used is 370362 out of 10000000
DEBUG: Total dvariable address used is 2083 out of 150000
DEBUG: Total dvariable address used is 3555248 out of 50000000
DEBUG: Total gradient stack used is 370362 out of 10000000
DEBUG: Total dvariable address used is 2083 out of 150000
DEBUG: Total dvariable address used is 3555248 out of 50000000
DEBUG: Total gradient stack used is 370362 out of 10000000
DEBUG: Total dvariable address used is 2083 out of 150000
DEBUG: Total dvariable address used is 3555248 out of 50000000
DEBUG: Total gradient stack used is 370362 out of 10000000
DEBUG: Total dvariable address used is 2083 out of 150000
DEBUG: Total dvariable address used is 3555248 out of 50000000
DEBUG: Total gradient stack used is 370362 out of 10000000
DEBUG: Total dvariable address used is 2083 out of 150000
DEBUG: Total dvariable address used is 3555248 out of 50000000
DEBUG: Total gradient stack used is 370362 out of 10000000
DEBUG: Total dvariable address used is 2083 out of 150000
DEBUG: Total dvariable address used is 3555248 out of 50000000
DEBUG: Total gradient stack used is 370362 out of 10000000
DEBUG: Total dvariable address used is 2083 out of 150000
DEBUG: Total dvariable address used is 3555248 out of 50000000
DEBUG: Total gradient stack used is 370362 out of 10000000
DEBUG: Total dvariable address used is 2083 out of 150000
DEBUG: Total dvariable address used is 3555248 out of 50000000
DEBUG: Total gradient stack used is 370362 out of 10000000
DEBUG: Total dvariable address used is 2083 out of 150000
DEBUG: Total dvariable address used is 3555248 out of 50000000
DEBUG: Total gradient stack used is 370362 out of 10000000
DEBUG: Total dvariable address used is 2083 out of 150000
DEBUG: Total dvariable address used is 3555248 out of 50000000
DEBUG: Total gradient stack used is 370362 out of 10000000
DEBUG: Total dvariable address used is 2083 out of 150000
DEBUG: Total dvariable address used is 3555248 out of 50000000
DEBUG: Total gradient stack used is 370362 out of 10000000
DEBUG: Total dvariable address used is 2083 out of 150000
DEBUG: Total dvariable address used is 3555248 out of 50000000
DEBUG: Total gradient stack used is 370362 out of 10000000
DEBUG: Total dvariable address used is 2083 out of 150000
DEBUG: Total dvariable address used is 3555248 out of 50000000
DEBUG: Total gradient stack used is 370362 out of 10000000
DEBUG: Total dvariable address used is 2083 out of 150000
DEBUG: Total dvariable address used is 3555248 out of 50000000
DEBUG: Total gradient stack used is 370362 out of 10000000
DEBUG: Total dvariable address used is 2083 out of 150000
DEBUG: Total dvariable address used is 3555248 out of 50000000
DEBUG: Total gradient stack used is 370362 out of 10000000
DEBUG: Total dvariable address used is 2083 out of 150000
DEBUG: Total dvariable address used is 3555248 out of 50000000
DEBUG: Total gradient stack used is 370362 out of 10000000
DEBUG: Total dvariable address used is 2083 out of 150000
DEBUG: Total dvariable address used is 3555248 out of 50000000
DEBUG: Total gradient stack used is 370362 out of 10000000
DEBUG: Total dvariable address used is 2083 out of 150000
DEBUG: Total dvariable address used is 3555248 out of 50000000
DEBUG: Total gradient stack used is 370362 out of 10000000
DEBUG: Total dvariable address used is 2083 out of 150000
DEBUG: Total dvariable address used is 3555248 out of 50000000
DEBUG: Total gradient stack used is 370362 out of 10000000
DEBUG: Total dvariable address used is 2083 out of 150000
DEBUG: Total dvariable address used is 3555248 out of 50000000
DEBUG: Total gradient stack used is 370362 out of 10000000
DEBUG: Total dvariable address used is 2083 out of 150000
DEBUG: Total dvariable address used is 3555248 out of 50000000
DEBUG: Total gradient stack used is 370362 out of 10000000
DEBUG: Total dvariable address used is 2083 out of 150000
DEBUG: Total dvariable address used is 3555248 out of 50000000
DEBUG: Total gradient stack used is 370362 out of 10000000
DEBUG: Total dvariable address used is 2083 out of 150000
DEBUG: Total dvariable address used is 3555248 out of 50000000
DEBUG: Total gradient stack used is 370362 out of 10000000
DEBUG: Total dvariable address used is 2083 out of 150000
DEBUG: Total dvariable address used is 3555248 out of 50000000
DEBUG: Total gradient stack used is 370362 out of 10000000
DEBUG: Total dvariable address used is 2083 out of 150000
DEBUG: Total dvariable address used is 3555248 out of 50000000
DEBUG: Total gradient stack used is 370362 out of 10000000
DEBUG: Total dvariable address used is 2083 out of 150000
DEBUG: Total dvariable address used is 3555248 out of 50000000
DEBUG: Total gradient stack used is 370362 out of 10000000
DEBUG: Total dvariable address used is 2083 out of 150000
DEBUG: Total dvariable address used is 3555248 out of 50000000
DEBUG: Total gradient stack used is 370362 out of 10000000
DEBUG: Total dvariable address used is 2083 out of 150000
DEBUG: Total dvariable address used is 3555248 out of 50000000
DEBUG: Total gradient stack used is 370362 out of 10000000
DEBUG: Total dvariable address used is 2083 out of 150000
DEBUG: Total dvariable address used is 3555248 out of 50000000
DEBUG: Total gradient stack used is 370362 out of 10000000
DEBUG: Total dvariable address used is 2083 out of 150000
DEBUG: Total dvariable address used is 3555248 out of 50000000
DEBUG: Total gradient stack used is 370362 out of 10000000
DEBUG: Total dvariable address used is 2083 out of 150000
DEBUG: Total dvariable address used is 3555248 out of 50000000
DEBUG: Total gradient stack used is 370362 out of 10000000
DEBUG: Total dvariable address used is 2083 out of 150000
DEBUG: Total dvariable address used is 3555248 out of 50000000
DEBUG: Total gradient stack used is 370362 out of 10000000
DEBUG: Total dvariable address used is 2083 out of 150000
DEBUG: Total dvariable address used is 3555248 out of 50000000
DEBUG: Total gradient stack used is 370362 out of 10000000
DEBUG: Total dvariable address used is 2083 out of 150000
DEBUG: Total dvariable address used is 3555248 out of 50000000
DEBUG: Total gradient stack used is 370362 out of 10000000
DEBUG: Total dvariable address used is 2083 out of 150000
DEBUG: Total dvariable address used is 3555248 out of 50000000
DEBUG: Total gradient stack used is 370362 out of 10000000
DEBUG: Total dvariable address used is 2083 out of 150000
DEBUG: Total dvariable address used is 3555248 out of 50000000
DEBUG: Total gradient stack used is 370362 out of 10000000
DEBUG: Total dvariable address used is 2083 out of 150000
DEBUG: Total dvariable address used is 3555248 out of 50000000
DEBUG: Total gradient stack used is 370362 out of 10000000
DEBUG: Total dvariable address used is 2083 out of 150000
DEBUG: Total dvariable address used is 3555248 out of 50000000
DEBUG: Total gradient stack used is 370362 out of 10000000
DEBUG: Total dvariable address used is 2083 out of 150000
DEBUG: Total dvariable address used is 3555248 out of 50000000
DEBUG: Total gradient stack used is 370362 out of 10000000
DEBUG: Total dvariable address used is 2083 out of 150000
DEBUG: Total dvariable address used is 3555248 out of 50000000
DEBUG: Total gradient stack used is 370362 out of 10000000
DEBUG: Total dvariable address used is 2083 out of 150000
DEBUG: Total dvariable address used is 3555248 out of 50000000
DEBUG: Total gradient stack used is 370362 out of 10000000
DEBUG: Total dvariable address used is 2083 out of 150000
DEBUG: Total dvariable address used is 3555248 out of 50000000
DEBUG: Total gradient stack used is 370362 out of 10000000
DEBUG: Total dvariable address used is 2083 out of 150000
DEBUG: Total dvariable address used is 3555248 out of 50000000
DEBUG: Total gradient stack used is 370362 out of 10000000
DEBUG: Total dvariable address used is 2083 out of 150000
DEBUG: Total dvariable address used is 3555248 out of 50000000
DEBUG: Total gradient stack used is 370362 out of 10000000
DEBUG: Total dvariable address used is 2083 out of 150000
DEBUG: Total dvariable address used is 3555248 out of 50000000
DEBUG: Total gradient stack used is 370362 out of 10000000
DEBUG: Total dvariable address used is 2083 out of 150000
DEBUG: Total dvariable address used is 3555248 out of 50000000
DEBUG: Total gradient stack used is 370362 out of 10000000
DEBUG: Total dvariable address used is 2083 out of 150000
DEBUG: Total dvariable address used is 3555248 out of 50000000
DEBUG: Total gradient stack used is 370362 out of 10000000
DEBUG: Total dvariable address used is 2083 out of 150000
DEBUG: Total dvariable address used is 3555248 out of 50000000
DEBUG: Total gradient stack used is 370362 out of 10000000
DEBUG: Total dvariable address used is 2083 out of 150000
DEBUG: Total dvariable address used is 3555248 out of 50000000
DEBUG: Total gradient stack used is 370362 out of 10000000
DEBUG: Total dvariable address used is 2083 out of 150000
DEBUG: Total dvariable address used is 3555248 out of 50000000
DEBUG: Total gradient stack used is 370362 out of 10000000
DEBUG: Total dvariable address used is 2083 out of 150000
DEBUG: Total dvariable address used is 3555248 out of 50000000
DEBUG: Total gradient stack used is 370362 out of 10000000
DEBUG: Total dvariable address used is 2083 out of 150000
DEBUG: Total dvariable address used is 3555248 out of 50000000
DEBUG: Total gradient stack used is 370362 out of 10000000
DEBUG: Total dvariable address used is 2083 out of 150000
DEBUG: Total dvariable address used is 3555248 out of 50000000
DEBUG: Total gradient stack used is 370362 out of 10000000
DEBUG: Total dvariable address used is 2083 out of 150000
DEBUG: Total dvariable address used is 3555248 out of 50000000
DEBUG: Total gradient stack used is 370362 out of 10000000
DEBUG: Total dvariable address used is 2083 out of 150000
DEBUG: Total dvariable address used is 3555248 out of 50000000
DEBUG: Total gradient stack used is 370362 out of 10000000
DEBUG: Total dvariable address used is 2083 out of 150000
DEBUG: Total dvariable address used is 3555248 out of 50000000
DEBUG: Total gradient stack used is 370362 out of 10000000
DEBUG: Total dvariable address used is 2083 out of 150000
DEBUG: Total dvariable address used is 3555248 out of 50000000
DEBUG: Total gradient stack used is 370362 out of 10000000
DEBUG: Total dvariable address used is 2083 out of 150000
DEBUG: Total dvariable address used is 3555248 out of 50000000
DEBUG: Total gradient stack used is 370362 out of 10000000
DEBUG: Total dvariable address used is 2083 out of 150000
DEBUG: Total dvariable address used is 3555248 out of 50000000
DEBUG: Total gradient stack used is 370362 out of 10000000
DEBUG: Total dvariable address used is 2083 out of 150000
DEBUG: Total dvariable address used is 3555248 out of 50000000
DEBUG: Total gradient stack used is 370362 out of 10000000
DEBUG: Total dvariable address used is 2083 out of 150000
DEBUG: Total dvariable address used is 3555248 out of 50000000
DEBUG: Total gradient stack used is 370362 out of 10000000
DEBUG: Total dvariable address used is 2083 out of 150000
DEBUG: Total dvariable address used is 3555248 out of 50000000
DEBUG: Total gradient stack used is 370362 out of 10000000
DEBUG: Total dvariable address used is 2083 out of 150000
DEBUG: Total dvariable address used is 3555248 out of 50000000
DEBUG: Total gradient stack used is 370362 out of 10000000
DEBUG: Total dvariable address used is 2083 out of 150000
DEBUG: Total dvariable address used is 3555248 out of 50000000
DEBUG: Total gradient stack used is 370362 out of 10000000
DEBUG: Total dvariable address used is 2083 out of 150000
DEBUG: Total dvariable address used is 3555248 out of 50000000
DEBUG: Total gradient stack used is 370362 out of 10000000
DEBUG: Total dvariable address used is 2083 out of 150000
DEBUG: Total dvariable address used is 3555248 out of 50000000
DEBUG: Total gradient stack used is 370362 out of 10000000
DEBUG: Total dvariable address used is 2083 out of 150000
DEBUG: Total dvariable address used is 3555248 out of 50000000
DEBUG: Total gradient stack used is 370362 out of 10000000
DEBUG: Total dvariable address used is 2083 out of 150000
DEBUG: Total dvariable address used is 3555248 out of 50000000
DEBUG: Total gradient stack used is 370362 out of 10000000
DEBUG: Total dvariable address used is 2083 out of 150000
DEBUG: Total dvariable address used is 3555248 out of 50000000
DEBUG: Total gradient stack used is 370362 out of 10000000
DEBUG: Total dvariable address used is 2083 out of 150000
DEBUG: Total dvariable address used is 3555248 out of 50000000
DEBUG: Total gradient stack used is 370362 out of 10000000
DEBUG: Total dvariable address used is 2083 out of 150000
DEBUG: Total dvariable address used is 3555248 out of 50000000
DEBUG: Total gradient stack used is 370362 out of 10000000
DEBUG: Total dvariable address used is 2083 out of 150000
DEBUG: Total dvariable address used is 3555248 out of 50000000
DEBUG: Total gradient stack used is 370362 out of 10000000
DEBUG: Total dvariable address used is 2083 out of 150000
DEBUG: Total dvariable address used is 3555248 out of 50000000
DEBUG: Total gradient stack used is 370362 out of 10000000
DEBUG: Total dvariable address used is 2083 out of 150000
DEBUG: Total dvariable address used is 3555248 out of 50000000
DEBUG: Total gradient stack used is 370362 out of 10000000
DEBUG: Total dvariable address used is 2083 out of 150000
DEBUG: Total dvariable address used is 3555248 out of 50000000
DEBUG: Total gradient stack used is 370362 out of 10000000
DEBUG: Total dvariable address used is 2083 out of 150000
DEBUG: Total dvariable address used is 3555248 out of 50000000
DEBUG: Total gradient stack used is 370362 out of 10000000
DEBUG: Total dvariable address used is 2083 out of 150000
DEBUG: Total dvariable address used is 3555248 out of 50000000
DEBUG: Total gradient stack used is 370362 out of 10000000
DEBUG: Total dvariable address used is 2083 out of 150000
DEBUG: Total dvariable address used is 3555248 out of 50000000
DEBUG: Total gradient stack used is 370362 out of 10000000
DEBUG: Total dvariable address used is 2083 out of 150000
DEBUG: Total dvariable address used is 3555248 out of 50000000
DEBUG: Total gradient stack used is 370362 out of 10000000
DEBUG: Total dvariable address used is 2083 out of 150000
DEBUG: Total dvariable address used is 3555248 out of 50000000
DEBUG: Total gradient stack used is 370362 out of 10000000
DEBUG: Total dvariable address used is 2083 out of 150000
DEBUG: Total dvariable address used is 3555248 out of 50000000
DEBUG: Total gradient stack used is 370362 out of 10000000
DEBUG: Total dvariable address used is 2083 out of 150000
DEBUG: Total dvariable address used is 3555248 out of 50000000
DEBUG: Total gradient stack used is 370362 out of 10000000
DEBUG: Total dvariable address used is 2083 out of 150000
DEBUG: Total dvariable address used is 3555248 out of 50000000
DEBUG: Total gradient stack used is 370362 out of 10000000
DEBUG: Total dvariable address used is 2083 out of 150000
DEBUG: Total dvariable address used is 3555248 out of 50000000
DEBUG: Total gradient stack used is 370362 out of 10000000
DEBUG: Total dvariable address used is 2083 out of 150000
DEBUG: Total dvariable address used is 3555248 out of 50000000
DEBUG: Total gradient stack used is 370362 out of 10000000
DEBUG: Total dvariable address used is 2083 out of 150000
DEBUG: Total dvariable address used is 3555248 out of 50000000
DEBUG: Total gradient stack used is 370362 out of 10000000
DEBUG: Total dvariable address used is 2083 out of 150000
DEBUG: Total dvariable address used is 3555248 out of 50000000
DEBUG: Total gradient stack used is 370362 out of 10000000
DEBUG: Total dvariable address used is 2083 out of 150000
DEBUG: Total dvariable address used is 3555248 out of 50000000
DEBUG: Total gradient stack used is 370362 out of 10000000
DEBUG: Total dvariable address used is 2083 out of 150000
DEBUG: Total dvariable address used is 3555248 out of 50000000
DEBUG: Total gradient stack used is 370362 out of 10000000
DEBUG: Total dvariable address used is 2083 out of 150000
DEBUG: Total dvariable address used is 3555248 out of 50000000
DEBUG: Total gradient stack used is 370362 out of 10000000
DEBUG: Total dvariable address used is 2083 out of 150000
DEBUG: Total dvariable address used is 3555248 out of 50000000
DEBUG: Total gradient stack used is 370362 out of 10000000
DEBUG: Total dvariable address used is 2083 out of 150000
DEBUG: Total dvariable address used is 3555248 out of 50000000
DEBUG: Total gradient stack used is 370362 out of 10000000
DEBUG: Total dvariable address used is 2083 out of 150000
DEBUG: Total dvariable address used is 3555248 out of 50000000
DEBUG: Total gradient stack used is 370362 out of 10000000
DEBUG: Total dvariable address used is 2083 out of 150000
DEBUG: Total dvariable address used is 3555248 out of 50000000
DEBUG: Total gradient stack used is 370362 out of 10000000
DEBUG: Total dvariable address used is 2083 out of 150000
DEBUG: Total dvariable address used is 3555248 out of 50000000
DEBUG: Total gradient stack used is 370362 out of 10000000
DEBUG: Total dvariable address used is 2083 out of 150000
DEBUG: Total dvariable address used is 3555248 out of 50000000
DEBUG: Total gradient stack used is 370362 out of 10000000
DEBUG: Total dvariable address used is 2083 out of 150000
DEBUG: Total dvariable address used is 3555248 out of 50000000
DEBUG: Total gradient stack used is 370362 out of 10000000
DEBUG: Total dvariable address used is 2083 out of 150000
DEBUG: Total dvariable address used is 3555248 out of 50000000
DEBUG: Total gradient stack used is 370362 out of 10000000
DEBUG: Total dvariable address used is 2083 out of 150000
DEBUG: Total dvariable address used is 3555248 out of 50000000
DEBUG: Total gradient stack used is 370362 out of 10000000
DEBUG: Total dvariable address used is 2083 out of 150000
DEBUG: Total dvariable address used is 3555248 out of 50000000
DEBUG: Total gradient stack used is 370362 out of 10000000
DEBUG: Total dvariable address used is 2083 out of 150000
DEBUG: Total dvariable address used is 3555248 out of 50000000
DEBUG: Total gradient stack used is 370362 out of 10000000
DEBUG: Total dvariable address used is 2083 out of 150000
DEBUG: Total dvariable address used is 3555248 out of 50000000
DEBUG: Total gradient stack used is 370362 out of 10000000
DEBUG: Total dvariable address used is 2083 out of 150000
DEBUG: Total dvariable address used is 3555248 out of 50000000
DEBUG: Total gradient stack used is 370362 out of 10000000
DEBUG: Total dvariable address used is 2083 out of 150000
DEBUG: Total dvariable address used is 3555248 out of 50000000
DEBUG: Total gradient stack used is 370362 out of 10000000
DEBUG: Total dvariable address used is 2083 out of 150000
DEBUG: Total dvariable address used is 3555248 out of 50000000
DEBUG: Total gradient stack used is 370362 out of 10000000
DEBUG: Total dvariable address used is 2083 out of 150000
DEBUG: Total dvariable address used is 3555248 out of 50000000
DEBUG: Total gradient stack used is 370362 out of 10000000
DEBUG: Total dvariable address used is 2083 out of 150000
DEBUG: Total dvariable address used is 3555248 out of 50000000
DEBUG: Total gradient stack used is 370362 out of 10000000
DEBUG: Total dvariable address used is 2083 out of 150000
DEBUG: Total dvariable address used is 3555248 out of 50000000
DEBUG: Total gradient stack used is 370362 out of 10000000
DEBUG: Total dvariable address used is 2083 out of 150000
DEBUG: Total dvariable address used is 3555248 out of 50000000
DEBUG: Total gradient stack used is 370362 out of 10000000
DEBUG: Total dvariable address used is 2083 out of 150000
DEBUG: Total dvariable address used is 3555248 out of 50000000
DEBUG: Total gradient stack used is 370362 out of 10000000
DEBUG: Total dvariable address used is 2083 out of 150000
DEBUG: Total dvariable address used is 3555248 out of 50000000
DEBUG: Total gradient stack used is 370362 out of 10000000
DEBUG: Total dvariable address used is 2083 out of 150000
DEBUG: Total dvariable address used is 3555248 out of 50000000
DEBUG: Total gradient stack used is 370362 out of 10000000
DEBUG: Total dvariable address used is 2083 out of 150000
DEBUG: Total dvariable address used is 3555248 out of 50000000
DEBUG: Total gradient stack used is 370362 out of 10000000
DEBUG: Total dvariable address used is 2083 out of 150000
DEBUG: Total dvariable address used is 3555248 out of 50000000
DEBUG: Total gradient stack used is 370362 out of 10000000
DEBUG: Total dvariable address used is 2083 out of 150000
DEBUG: Total dvariable address used is 3555248 out of 50000000
DEBUG: Total gradient stack used is 370362 out of 10000000
DEBUG: Total dvariable address used is 2083 out of 150000
DEBUG: Total dvariable address used is 3555248 out of 50000000
DEBUG: Total gradient stack used is 370362 out of 10000000
DEBUG: Total dvariable address used is 2083 out of 150000
DEBUG: Total dvariable address used is 3555248 out of 50000000
DEBUG: Total gradient stack used is 370362 out of 10000000
DEBUG: Total dvariable address used is 2083 out of 150000
DEBUG: Total dvariable address used is 3555248 out of 50000000
DEBUG: Total gradient stack used is 370362 out of 10000000
DEBUG: Total dvariable address used is 2083 out of 150000
DEBUG: Total dvariable address used is 3555248 out of 50000000
DEBUG: Total gradient stack used is 370362 out of 10000000
DEBUG: Total dvariable address used is 2083 out of 150000
DEBUG: Total dvariable address used is 3555248 out of 50000000
DEBUG: Total gradient stack used is 370362 out of 10000000
DEBUG: Total dvariable address used is 2083 out of 150000
DEBUG: Total dvariable address used is 3555248 out of 50000000
DEBUG: Total gradient stack used is 370362 out of 10000000
DEBUG: Total dvariable address used is 2083 out of 150000
DEBUG: Total dvariable address used is 3555248 out of 50000000
DEBUG: Total gradient stack used is 370362 out of 10000000
DEBUG: Total dvariable address used is 2083 out of 150000
DEBUG: Total dvariable address used is 3555248 out of 50000000
DEBUG: Total gradient stack used is 370362 out of 10000000
DEBUG: Total dvariable address used is 2083 out of 150000
DEBUG: Total dvariable address used is 3555248 out of 50000000
DEBUG: Total gradient stack used is 370362 out of 10000000
DEBUG: Total dvariable address used is 2083 out of 150000
DEBUG: Total dvariable address used is 3555248 out of 50000000
DEBUG: Total gradient stack used is 370362 out of 10000000
DEBUG: Total dvariable address used is 2083 out of 150000
DEBUG: Total dvariable address used is 3555248 out of 50000000
DEBUG: Total gradient stack used is 370362 out of 10000000
DEBUG: Total dvariable address used is 2083 out of 150000
DEBUG: Total dvariable address used is 3555248 out of 50000000
DEBUG: Total gradient stack used is 370362 out of 10000000
DEBUG: Total dvariable address used is 2083 out of 150000
DEBUG: Total dvariable address used is 3555248 out of 50000000
DEBUG: Total gradient stack used is 370362 out of 10000000
DEBUG: Total dvariable address used is 2083 out of 150000
DEBUG: Total dvariable address used is 3555248 out of 50000000
DEBUG: Total gradient stack used is 370362 out of 10000000
DEBUG: Total dvariable address used is 2083 out of 150000
DEBUG: Total dvariable address used is 3555248 out of 50000000
DEBUG: Total gradient stack used is 370362 out of 10000000
DEBUG: Total dvariable address used is 2083 out of 150000
DEBUG: Total dvariable address used is 3555248 out of 50000000
DEBUG: Total gradient stack used is 370362 out of 10000000
DEBUG: Total dvariable address used is 2083 out of 150000
DEBUG: Total dvariable address used is 3555248 out of 50000000
DEBUG: Total gradient stack used is 370362 out of 10000000
DEBUG: Total dvariable address used is 2083 out of 150000
DEBUG: Total dvariable address used is 3555248 out of 50000000
DEBUG: Total gradient stack used is 370362 out of 10000000
DEBUG: Total dvariable address used is 2083 out of 150000
DEBUG: Total dvariable address used is 3555248 out of 50000000
DEBUG: Total gradient stack used is 370362 out of 10000000
DEBUG: Total dvariable address used is 2083 out of 150000
DEBUG: Total dvariable address used is 3555248 out of 50000000
, 40%DEBUG: Total gradient stack used is 370362 out of 10000000
DEBUG: Total dvariable address used is 2083 out of 150000
DEBUG: Total dvariable address used is 3555248 out of 50000000
DEBUG: Total gradient stack used is 370362 out of 10000000
DEBUG: Total dvariable address used is 2083 out of 150000
DEBUG: Total dvariable address used is 3555248 out of 50000000
DEBUG: Total gradient stack used is 370362 out of 10000000
DEBUG: Total dvariable address used is 2083 out of 150000
DEBUG: Total dvariable address used is 3555248 out of 50000000
DEBUG: Total gradient stack used is 370362 out of 10000000
DEBUG: Total dvariable address used is 2083 out of 150000
DEBUG: Total dvariable address used is 3555248 out of 50000000
DEBUG: Total gradient stack used is 370362 out of 10000000
DEBUG: Total dvariable address used is 2083 out of 150000
DEBUG: Total dvariable address used is 3555248 out of 50000000
DEBUG: Total gradient stack used is 370362 out of 10000000
DEBUG: Total dvariable address used is 2083 out of 150000
DEBUG: Total dvariable address used is 3555248 out of 50000000
DEBUG: Total gradient stack used is 370362 out of 10000000
DEBUG: Total dvariable address used is 2083 out of 150000
DEBUG: Total dvariable address used is 3555248 out of 50000000
DEBUG: Total gradient stack used is 370362 out of 10000000
DEBUG: Total dvariable address used is 2083 out of 150000
DEBUG: Total dvariable address used is 3555248 out of 50000000
DEBUG: Total gradient stack used is 370362 out of 10000000
DEBUG: Total dvariable address used is 2083 out of 150000
DEBUG: Total dvariable address used is 3555248 out of 50000000
DEBUG: Total gradient stack used is 370362 out of 10000000
DEBUG: Total dvariable address used is 2083 out of 150000
DEBUG: Total dvariable address used is 3555248 out of 50000000
DEBUG: Total gradient stack used is 370362 out of 10000000
DEBUG: Total dvariable address used is 2083 out of 150000
DEBUG: Total dvariable address used is 3555248 out of 50000000
DEBUG: Total gradient stack used is 370362 out of 10000000
DEBUG: Total dvariable address used is 2083 out of 150000
DEBUG: Total dvariable address used is 3555248 out of 50000000
DEBUG: Total gradient stack used is 370362 out of 10000000
DEBUG: Total dvariable address used is 2083 out of 150000
DEBUG: Total dvariable address used is 3555248 out of 50000000
DEBUG: Total gradient stack used is 370362 out of 10000000
DEBUG: Total dvariable address used is 2083 out of 150000
DEBUG: Total dvariable address used is 3555248 out of 50000000
DEBUG: Total gradient stack used is 370362 out of 10000000
DEBUG: Total dvariable address used is 2083 out of 150000
DEBUG: Total dvariable address used is 3555248 out of 50000000
DEBUG: Total gradient stack used is 370362 out of 10000000
DEBUG: Total dvariable address used is 2083 out of 150000
DEBUG: Total dvariable address used is 3555248 out of 50000000
DEBUG: Total gradient stack used is 370362 out of 10000000
DEBUG: Total dvariable address used is 2083 out of 150000
DEBUG: Total dvariable address used is 3555248 out of 50000000
DEBUG: Total gradient stack used is 370362 out of 10000000
DEBUG: Total dvariable address used is 2083 out of 150000
DEBUG: Total dvariable address used is 3555248 out of 50000000
DEBUG: Total gradient stack used is 370362 out of 10000000
DEBUG: Total dvariable address used is 2083 out of 150000
DEBUG: Total dvariable address used is 3555248 out of 50000000
DEBUG: Total gradient stack used is 370362 out of 10000000
DEBUG: Total dvariable address used is 2083 out of 150000
DEBUG: Total dvariable address used is 3555248 out of 50000000
DEBUG: Total gradient stack used is 370362 out of 10000000
DEBUG: Total dvariable address used is 2083 out of 150000
DEBUG: Total dvariable address used is 3555248 out of 50000000
DEBUG: Total gradient stack used is 370362 out of 10000000
DEBUG: Total dvariable address used is 2083 out of 150000
DEBUG: Total dvariable address used is 3555248 out of 50000000
DEBUG: Total gradient stack used is 370362 out of 10000000
DEBUG: Total dvariable address used is 2083 out of 150000
DEBUG: Total dvariable address used is 3555248 out of 50000000
DEBUG: Total gradient stack used is 370362 out of 10000000
DEBUG: Total dvariable address used is 2083 out of 150000
DEBUG: Total dvariable address used is 3555248 out of 50000000
DEBUG: Total gradient stack used is 370362 out of 10000000
DEBUG: Total dvariable address used is 2083 out of 150000
DEBUG: Total dvariable address used is 3555248 out of 50000000
DEBUG: Total gradient stack used is 370362 out of 10000000
DEBUG: Total dvariable address used is 2083 out of 150000
DEBUG: Total dvariable address used is 3555248 out of 50000000
DEBUG: Total gradient stack used is 370362 out of 10000000
DEBUG: Total dvariable address used is 2083 out of 150000
DEBUG: Total dvariable address used is 3555248 out of 50000000
DEBUG: Total gradient stack used is 370362 out of 10000000
DEBUG: Total dvariable address used is 2083 out of 150000
DEBUG: Total dvariable address used is 3555248 out of 50000000
DEBUG: Total gradient stack used is 370362 out of 10000000
DEBUG: Total dvariable address used is 2083 out of 150000
DEBUG: Total dvariable address used is 3555248 out of 50000000
DEBUG: Total gradient stack used is 370362 out of 10000000
DEBUG: Total dvariable address used is 2083 out of 150000
DEBUG: Total dvariable address used is 3555248 out of 50000000
DEBUG: Total gradient stack used is 370362 out of 10000000
DEBUG: Total dvariable address used is 2083 out of 150000
DEBUG: Total dvariable address used is 3555248 out of 50000000
DEBUG: Total gradient stack used is 370362 out of 10000000
DEBUG: Total dvariable address used is 2083 out of 150000
DEBUG: Total dvariable address used is 3555248 out of 50000000
DEBUG: Total gradient stack used is 370362 out of 10000000
DEBUG: Total dvariable address used is 2083 out of 150000
DEBUG: Total dvariable address used is 3555248 out of 50000000
DEBUG: Total gradient stack used is 370362 out of 10000000
DEBUG: Total dvariable address used is 2083 out of 150000
DEBUG: Total dvariable address used is 3555248 out of 50000000
DEBUG: Total gradient stack used is 370362 out of 10000000
DEBUG: Total dvariable address used is 2083 out of 150000
DEBUG: Total dvariable address used is 3555248 out of 50000000
DEBUG: Total gradient stack used is 370362 out of 10000000
DEBUG: Total dvariable address used is 2083 out of 150000
DEBUG: Total dvariable address used is 3555248 out of 50000000
DEBUG: Total gradient stack used is 370362 out of 10000000
DEBUG: Total dvariable address used is 2083 out of 150000
DEBUG: Total dvariable address used is 3555248 out of 50000000
DEBUG: Total gradient stack used is 370362 out of 10000000
DEBUG: Total dvariable address used is 2083 out of 150000
DEBUG: Total dvariable address used is 3555248 out of 50000000
DEBUG: Total gradient stack used is 370362 out of 10000000
DEBUG: Total dvariable address used is 2083 out of 150000
DEBUG: Total dvariable address used is 3555248 out of 50000000
DEBUG: Total gradient stack used is 370362 out of 10000000
DEBUG: Total dvariable address used is 2083 out of 150000
DEBUG: Total dvariable address used is 3555248 out of 50000000
DEBUG: Total gradient stack used is 370362 out of 10000000
DEBUG: Total dvariable address used is 2083 out of 150000
DEBUG: Total dvariable address used is 3555248 out of 50000000
DEBUG: Total gradient stack used is 370362 out of 10000000
DEBUG: Total dvariable address used is 2083 out of 150000
DEBUG: Total dvariable address used is 3555248 out of 50000000
DEBUG: Total gradient stack used is 370362 out of 10000000
DEBUG: Total dvariable address used is 2083 out of 150000
DEBUG: Total dvariable address used is 3555248 out of 50000000
DEBUG: Total gradient stack used is 370362 out of 10000000
DEBUG: Total dvariable address used is 2083 out of 150000
DEBUG: Total dvariable address used is 3555248 out of 50000000
DEBUG: Total gradient stack used is 370362 out of 10000000
DEBUG: Total dvariable address used is 2083 out of 150000
DEBUG: Total dvariable address used is 3555248 out of 50000000
DEBUG: Total gradient stack used is 370362 out of 10000000
DEBUG: Total dvariable address used is 2083 out of 150000
DEBUG: Total dvariable address used is 3555248 out of 50000000
DEBUG: Total gradient stack used is 370362 out of 10000000
DEBUG: Total dvariable address used is 2083 out of 150000
DEBUG: Total dvariable address used is 3555248 out of 50000000
DEBUG: Total gradient stack used is 370362 out of 10000000
DEBUG: Total dvariable address used is 2083 out of 150000
DEBUG: Total dvariable address used is 3555248 out of 50000000
DEBUG: Total gradient stack used is 370362 out of 10000000
DEBUG: Total dvariable address used is 2083 out of 150000
DEBUG: Total dvariable address used is 3555248 out of 50000000
DEBUG: Total gradient stack used is 370362 out of 10000000
DEBUG: Total dvariable address used is 2083 out of 150000
DEBUG: Total dvariable address used is 3555248 out of 50000000
DEBUG: Total gradient stack used is 370362 out of 10000000
DEBUG: Total dvariable address used is 2083 out of 150000
DEBUG: Total dvariable address used is 3555248 out of 50000000
DEBUG: Total gradient stack used is 370362 out of 10000000
DEBUG: Total dvariable address used is 2083 out of 150000
DEBUG: Total dvariable address used is 3555248 out of 50000000
DEBUG: Total gradient stack used is 370362 out of 10000000
DEBUG: Total dvariable address used is 2083 out of 150000
DEBUG: Total dvariable address used is 3555248 out of 50000000
DEBUG: Total gradient stack used is 370362 out of 10000000
DEBUG: Total dvariable address used is 2083 out of 150000
DEBUG: Total dvariable address used is 3555248 out of 50000000
DEBUG: Total gradient stack used is 370362 out of 10000000
DEBUG: Total dvariable address used is 2083 out of 150000
DEBUG: Total dvariable address used is 3555248 out of 50000000
DEBUG: Total gradient stack used is 370362 out of 10000000
DEBUG: Total dvariable address used is 2083 out of 150000
DEBUG: Total dvariable address used is 3555248 out of 50000000
DEBUG: Total gradient stack used is 370362 out of 10000000
DEBUG: Total dvariable address used is 2083 out of 150000
DEBUG: Total dvariable address used is 3555248 out of 50000000
DEBUG: Total gradient stack used is 370362 out of 10000000
DEBUG: Total dvariable address used is 2083 out of 150000
DEBUG: Total dvariable address used is 3555248 out of 50000000
DEBUG: Total gradient stack used is 370362 out of 10000000
DEBUG: Total dvariable address used is 2083 out of 150000
DEBUG: Total dvariable address used is 3555248 out of 50000000
DEBUG: Total gradient stack used is 370362 out of 10000000
DEBUG: Total dvariable address used is 2083 out of 150000
DEBUG: Total dvariable address used is 3555248 out of 50000000
DEBUG: Total gradient stack used is 370362 out of 10000000
DEBUG: Total dvariable address used is 2083 out of 150000
DEBUG: Total dvariable address used is 3555248 out of 50000000
DEBUG: Total gradient stack used is 370362 out of 10000000
DEBUG: Total dvariable address used is 2083 out of 150000
DEBUG: Total dvariable address used is 3555248 out of 50000000
DEBUG: Total gradient stack used is 370362 out of 10000000
DEBUG: Total dvariable address used is 2083 out of 150000
DEBUG: Total dvariable address used is 3555248 out of 50000000
DEBUG: Total gradient stack used is 370362 out of 10000000
DEBUG: Total dvariable address used is 2083 out of 150000
DEBUG: Total dvariable address used is 3555248 out of 50000000
DEBUG: Total gradient stack used is 370362 out of 10000000
DEBUG: Total dvariable address used is 2083 out of 150000
DEBUG: Total dvariable address used is 3555248 out of 50000000
DEBUG: Total gradient stack used is 370362 out of 10000000
DEBUG: Total dvariable address used is 2083 out of 150000
DEBUG: Total dvariable address used is 3555248 out of 50000000
DEBUG: Total gradient stack used is 370362 out of 10000000
DEBUG: Total dvariable address used is 2083 out of 150000
DEBUG: Total dvariable address used is 3555248 out of 50000000
DEBUG: Total gradient stack used is 370362 out of 10000000
DEBUG: Total dvariable address used is 2083 out of 150000
DEBUG: Total dvariable address used is 3555248 out of 50000000
DEBUG: Total gradient stack used is 370362 out of 10000000
DEBUG: Total dvariable address used is 2083 out of 150000
DEBUG: Total dvariable address used is 3555248 out of 50000000
DEBUG: Total gradient stack used is 370362 out of 10000000
DEBUG: Total dvariable address used is 2083 out of 150000
DEBUG: Total dvariable address used is 3555248 out of 50000000
DEBUG: Total gradient stack used is 370362 out of 10000000
DEBUG: Total dvariable address used is 2083 out of 150000
DEBUG: Total dvariable address used is 3555248 out of 50000000
DEBUG: Total gradient stack used is 370362 out of 10000000
DEBUG: Total dvariable address used is 2083 out of 150000
DEBUG: Total dvariable address used is 3555248 out of 50000000
DEBUG: Total gradient stack used is 370362 out of 10000000
DEBUG: Total dvariable address used is 2083 out of 150000
DEBUG: Total dvariable address used is 3555248 out of 50000000
DEBUG: Total gradient stack used is 370362 out of 10000000
DEBUG: Total dvariable address used is 2083 out of 150000
DEBUG: Total dvariable address used is 3555248 out of 50000000
DEBUG: Total gradient stack used is 370362 out of 10000000
DEBUG: Total dvariable address used is 2083 out of 150000
DEBUG: Total dvariable address used is 3555248 out of 50000000
DEBUG: Total gradient stack used is 370362 out of 10000000
DEBUG: Total dvariable address used is 2083 out of 150000
DEBUG: Total dvariable address used is 3555248 out of 50000000
DEBUG: Total gradient stack used is 370362 out of 10000000
DEBUG: Total dvariable address used is 2083 out of 150000
DEBUG: Total dvariable address used is 3555248 out of 50000000
DEBUG: Total gradient stack used is 370362 out of 10000000
DEBUG: Total dvariable address used is 2083 out of 150000
DEBUG: Total dvariable address used is 3555248 out of 50000000
DEBUG: Total gradient stack used is 370362 out of 10000000
DEBUG: Total dvariable address used is 2083 out of 150000
DEBUG: Total dvariable address used is 3555248 out of 50000000
DEBUG: Total gradient stack used is 370362 out of 10000000
DEBUG: Total dvariable address used is 2083 out of 150000
DEBUG: Total dvariable address used is 3555248 out of 50000000
DEBUG: Total gradient stack used is 370362 out of 10000000
DEBUG: Total dvariable address used is 2083 out of 150000
DEBUG: Total dvariable address used is 3555248 out of 50000000
DEBUG: Total gradient stack used is 370362 out of 10000000
DEBUG: Total dvariable address used is 2083 out of 150000
DEBUG: Total dvariable address used is 3555248 out of 50000000
DEBUG: Total gradient stack used is 370362 out of 10000000
DEBUG: Total dvariable address used is 2083 out of 150000
DEBUG: Total dvariable address used is 3555248 out of 50000000
DEBUG: Total gradient stack used is 370362 out of 10000000
DEBUG: Total dvariable address used is 2083 out of 150000
DEBUG: Total dvariable address used is 3555248 out of 50000000
DEBUG: Total gradient stack used is 370362 out of 10000000
DEBUG: Total dvariable address used is 2083 out of 150000
DEBUG: Total dvariable address used is 3555248 out of 50000000
DEBUG: Total gradient stack used is 370362 out of 10000000
DEBUG: Total dvariable address used is 2083 out of 150000
DEBUG: Total dvariable address used is 3555248 out of 50000000
DEBUG: Total gradient stack used is 370362 out of 10000000
DEBUG: Total dvariable address used is 2083 out of 150000
DEBUG: Total dvariable address used is 3555248 out of 50000000
DEBUG: Total gradient stack used is 370362 out of 10000000
DEBUG: Total dvariable address used is 2083 out of 150000
DEBUG: Total dvariable address used is 3555248 out of 50000000
DEBUG: Total gradient stack used is 370362 out of 10000000
DEBUG: Total dvariable address used is 2083 out of 150000
DEBUG: Total dvariable address used is 3555248 out of 50000000
DEBUG: Total gradient stack used is 370362 out of 10000000
DEBUG: Total dvariable address used is 2083 out of 150000
DEBUG: Total dvariable address used is 3555248 out of 50000000
DEBUG: Total gradient stack used is 370362 out of 10000000
DEBUG: Total dvariable address used is 2083 out of 150000
DEBUG: Total dvariable address used is 3555248 out of 50000000
DEBUG: Total gradient stack used is 370362 out of 10000000
DEBUG: Total dvariable address used is 2083 out of 150000
DEBUG: Total dvariable address used is 3555248 out of 50000000
DEBUG: Total gradient stack used is 370362 out of 10000000
DEBUG: Total dvariable address used is 2083 out of 150000
DEBUG: Total dvariable address used is 3555248 out of 50000000
DEBUG: Total gradient stack used is 370362 out of 10000000
DEBUG: Total dvariable address used is 2083 out of 150000
DEBUG: Total dvariable address used is 3555248 out of 50000000
DEBUG: Total gradient stack used is 370362 out of 10000000
DEBUG: Total dvariable address used is 2083 out of 150000
DEBUG: Total dvariable address used is 3555248 out of 50000000
DEBUG: Total gradient stack used is 370362 out of 10000000
DEBUG: Total dvariable address used is 2083 out of 150000
DEBUG: Total dvariable address used is 3555248 out of 50000000
DEBUG: Total gradient stack used is 370362 out of 10000000
DEBUG: Total dvariable address used is 2083 out of 150000
DEBUG: Total dvariable address used is 3555248 out of 50000000
DEBUG: Total gradient stack used is 370362 out of 10000000
DEBUG: Total dvariable address used is 2083 out of 150000
DEBUG: Total dvariable address used is 3555248 out of 50000000
DEBUG: Total gradient stack used is 370362 out of 10000000
DEBUG: Total dvariable address used is 2083 out of 150000
DEBUG: Total dvariable address used is 3555248 out of 50000000
DEBUG: Total gradient stack used is 370362 out of 10000000
DEBUG: Total dvariable address used is 2083 out of 150000
DEBUG: Total dvariable address used is 3555248 out of 50000000
DEBUG: Total gradient stack used is 370362 out of 10000000
DEBUG: Total dvariable address used is 2083 out of 150000
DEBUG: Total dvariable address used is 3555248 out of 50000000
DEBUG: Total gradient stack used is 370362 out of 10000000
DEBUG: Total dvariable address used is 2083 out of 150000
DEBUG: Total dvariable address used is 3555248 out of 50000000
DEBUG: Total gradient stack used is 370362 out of 10000000
DEBUG: Total dvariable address used is 2083 out of 150000
DEBUG: Total dvariable address used is 3555248 out of 50000000
DEBUG: Total gradient stack used is 370362 out of 10000000
DEBUG: Total dvariable address used is 2083 out of 150000
DEBUG: Total dvariable address used is 3555248 out of 50000000
DEBUG: Total gradient stack used is 370362 out of 10000000
DEBUG: Total dvariable address used is 2083 out of 150000
DEBUG: Total dvariable address used is 3555248 out of 50000000
DEBUG: Total gradient stack used is 370362 out of 10000000
DEBUG: Total dvariable address used is 2083 out of 150000
DEBUG: Total dvariable address used is 3555248 out of 50000000
DEBUG: Total gradient stack used is 370362 out of 10000000
DEBUG: Total dvariable address used is 2083 out of 150000
DEBUG: Total dvariable address used is 3555248 out of 50000000
DEBUG: Total gradient stack used is 370362 out of 10000000
DEBUG: Total dvariable address used is 2083 out of 150000
DEBUG: Total dvariable address used is 3555248 out of 50000000
DEBUG: Total gradient stack used is 370362 out of 10000000
DEBUG: Total dvariable address used is 2083 out of 150000
DEBUG: Total dvariable address used is 3555248 out of 50000000
DEBUG: Total gradient stack used is 370362 out of 10000000
DEBUG: Total dvariable address used is 2083 out of 150000
DEBUG: Total dvariable address used is 3555248 out of 50000000
DEBUG: Total gradient stack used is 370362 out of 10000000
DEBUG: Total dvariable address used is 2083 out of 150000
DEBUG: Total dvariable address used is 3555248 out of 50000000
DEBUG: Total gradient stack used is 370362 out of 10000000
DEBUG: Total dvariable address used is 2083 out of 150000
DEBUG: Total dvariable address used is 3555248 out of 50000000
DEBUG: Total gradient stack used is 370362 out of 10000000
DEBUG: Total dvariable address used is 2083 out of 150000
DEBUG: Total dvariable address used is 3555248 out of 50000000
DEBUG: Total gradient stack used is 370362 out of 10000000
DEBUG: Total dvariable address used is 2083 out of 150000
DEBUG: Total dvariable address used is 3555248 out of 50000000
DEBUG: Total gradient stack used is 370362 out of 10000000
DEBUG: Total dvariable address used is 2083 out of 150000
DEBUG: Total dvariable address used is 3555248 out of 50000000
DEBUG: Total gradient stack used is 370362 out of 10000000
DEBUG: Total dvariable address used is 2083 out of 150000
DEBUG: Total dvariable address used is 3555248 out of 50000000
DEBUG: Total gradient stack used is 370362 out of 10000000
DEBUG: Total dvariable address used is 2083 out of 150000
DEBUG: Total dvariable address used is 3555248 out of 50000000
DEBUG: Total gradient stack used is 370362 out of 10000000
DEBUG: Total dvariable address used is 2083 out of 150000
DEBUG: Total dvariable address used is 3555248 out of 50000000
DEBUG: Total gradient stack used is 370362 out of 10000000
DEBUG: Total dvariable address used is 2083 out of 150000
DEBUG: Total dvariable address used is 3555248 out of 50000000
DEBUG: Total gradient stack used is 370362 out of 10000000
DEBUG: Total dvariable address used is 2083 out of 150000
DEBUG: Total dvariable address used is 3555248 out of 50000000
DEBUG: Total gradient stack used is 370362 out of 10000000
DEBUG: Total dvariable address used is 2083 out of 150000
DEBUG: Total dvariable address used is 3555248 out of 50000000
DEBUG: Total gradient stack used is 370362 out of 10000000
DEBUG: Total dvariable address used is 2083 out of 150000
DEBUG: Total dvariable address used is 3555248 out of 50000000
DEBUG: Total gradient stack used is 370362 out of 10000000
DEBUG: Total dvariable address used is 2083 out of 150000
DEBUG: Total dvariable address used is 3555248 out of 50000000
DEBUG: Total gradient stack used is 370362 out of 10000000
DEBUG: Total dvariable address used is 2083 out of 150000
DEBUG: Total dvariable address used is 3555248 out of 50000000
DEBUG: Total gradient stack used is 370362 out of 10000000
DEBUG: Total dvariable address used is 2083 out of 150000
DEBUG: Total dvariable address used is 3555248 out of 50000000
DEBUG: Total gradient stack used is 370362 out of 10000000
DEBUG: Total dvariable address used is 2083 out of 150000
DEBUG: Total dvariable address used is 3555248 out of 50000000
DEBUG: Total gradient stack used is 370362 out of 10000000
DEBUG: Total dvariable address used is 2083 out of 150000
DEBUG: Total dvariable address used is 3555248 out of 50000000
DEBUG: Total gradient stack used is 370362 out of 10000000
DEBUG: Total dvariable address used is 2083 out of 150000
DEBUG: Total dvariable address used is 3555248 out of 50000000
DEBUG: Total gradient stack used is 370362 out of 10000000
DEBUG: Total dvariable address used is 2083 out of 150000
DEBUG: Total dvariable address used is 3555248 out of 50000000
DEBUG: Total gradient stack used is 370362 out of 10000000
DEBUG: Total dvariable address used is 2083 out of 150000
DEBUG: Total dvariable address used is 3555248 out of 50000000
DEBUG: Total gradient stack used is 370362 out of 10000000
DEBUG: Total dvariable address used is 2083 out of 150000
DEBUG: Total dvariable address used is 3555248 out of 50000000
DEBUG: Total gradient stack used is 370362 out of 10000000
DEBUG: Total dvariable address used is 2083 out of 150000
DEBUG: Total dvariable address used is 3555248 out of 50000000
DEBUG: Total gradient stack used is 370362 out of 10000000
DEBUG: Total dvariable address used is 2083 out of 150000
DEBUG: Total dvariable address used is 3555248 out of 50000000
DEBUG: Total gradient stack used is 370362 out of 10000000
DEBUG: Total dvariable address used is 2083 out of 150000
DEBUG: Total dvariable address used is 3555248 out of 50000000
DEBUG: Total gradient stack used is 370362 out of 10000000
DEBUG: Total dvariable address used is 2083 out of 150000
DEBUG: Total dvariable address used is 3555248 out of 50000000
DEBUG: Total gradient stack used is 370362 out of 10000000
DEBUG: Total dvariable address used is 2083 out of 150000
DEBUG: Total dvariable address used is 3555248 out of 50000000
DEBUG: Total gradient stack used is 370362 out of 10000000
DEBUG: Total dvariable address used is 2083 out of 150000
DEBUG: Total dvariable address used is 3555248 out of 50000000
DEBUG: Total gradient stack used is 370362 out of 10000000
DEBUG: Total dvariable address used is 2083 out of 150000
DEBUG: Total dvariable address used is 3555248 out of 50000000
DEBUG: Total gradient stack used is 370362 out of 10000000
DEBUG: Total dvariable address used is 2083 out of 150000
DEBUG: Total dvariable address used is 3555248 out of 50000000
DEBUG: Total gradient stack used is 370362 out of 10000000
DEBUG: Total dvariable address used is 2083 out of 150000
DEBUG: Total dvariable address used is 3555248 out of 50000000
DEBUG: Total gradient stack used is 370362 out of 10000000
DEBUG: Total dvariable address used is 2083 out of 150000
DEBUG: Total dvariable address used is 3555248 out of 50000000
DEBUG: Total gradient stack used is 370362 out of 10000000
DEBUG: Total dvariable address used is 2083 out of 150000
DEBUG: Total dvariable address used is 3555248 out of 50000000
DEBUG: Total gradient stack used is 370362 out of 10000000
DEBUG: Total dvariable address used is 2083 out of 150000
DEBUG: Total dvariable address used is 3555248 out of 50000000
DEBUG: Total gradient stack used is 370362 out of 10000000
DEBUG: Total dvariable address used is 2083 out of 150000
DEBUG: Total dvariable address used is 3555248 out of 50000000
DEBUG: Total gradient stack used is 370362 out of 10000000
DEBUG: Total dvariable address used is 2083 out of 150000
DEBUG: Total dvariable address used is 3555248 out of 50000000
DEBUG: Total gradient stack used is 370362 out of 10000000
DEBUG: Total dvariable address used is 2083 out of 150000
DEBUG: Total dvariable address used is 3555248 out of 50000000
DEBUG: Total gradient stack used is 370362 out of 10000000
DEBUG: Total dvariable address used is 2083 out of 150000
DEBUG: Total dvariable address used is 3555248 out of 50000000
DEBUG: Total gradient stack used is 370362 out of 10000000
DEBUG: Total dvariable address used is 2083 out of 150000
DEBUG: Total dvariable address used is 3555248 out of 50000000
DEBUG: Total gradient stack used is 370362 out of 10000000
DEBUG: Total dvariable address used is 2083 out of 150000
DEBUG: Total dvariable address used is 3555248 out of 50000000
DEBUG: Total gradient stack used is 370362 out of 10000000
DEBUG: Total dvariable address used is 2083 out of 150000
DEBUG: Total dvariable address used is 3555248 out of 50000000
DEBUG: Total gradient stack used is 370362 out of 10000000
DEBUG: Total dvariable address used is 2083 out of 150000
DEBUG: Total dvariable address used is 3555248 out of 50000000
DEBUG: Total gradient stack used is 370362 out of 10000000
DEBUG: Total dvariable address used is 2083 out of 150000
DEBUG: Total dvariable address used is 3555248 out of 50000000
DEBUG: Total gradient stack used is 370362 out of 10000000
DEBUG: Total dvariable address used is 2083 out of 150000
DEBUG: Total dvariable address used is 3555248 out of 50000000
DEBUG: Total gradient stack used is 370362 out of 10000000
DEBUG: Total dvariable address used is 2083 out of 150000
DEBUG: Total dvariable address used is 3555248 out of 50000000
DEBUG: Total gradient stack used is 370362 out of 10000000
DEBUG: Total dvariable address used is 2083 out of 150000
DEBUG: Total dvariable address used is 3555248 out of 50000000
DEBUG: Total gradient stack used is 370362 out of 10000000
DEBUG: Total dvariable address used is 2083 out of 150000
DEBUG: Total dvariable address used is 3555248 out of 50000000
DEBUG: Total gradient stack used is 370362 out of 10000000
DEBUG: Total dvariable address used is 2083 out of 150000
DEBUG: Total dvariable address used is 3555248 out of 50000000
DEBUG: Total gradient stack used is 370362 out of 10000000
DEBUG: Total dvariable address used is 2083 out of 150000
DEBUG: Total dvariable address used is 3555248 out of 50000000
DEBUG: Total gradient stack used is 370362 out of 10000000
DEBUG: Total dvariable address used is 2083 out of 150000
DEBUG: Total dvariable address used is 3555248 out of 50000000
DEBUG: Total gradient stack used is 370362 out of 10000000
DEBUG: Total dvariable address used is 2083 out of 150000
DEBUG: Total dvariable address used is 3555248 out of 50000000
DEBUG: Total gradient stack used is 370362 out of 10000000
DEBUG: Total dvariable address used is 2083 out of 150000
DEBUG: Total dvariable address used is 3555248 out of 50000000
DEBUG: Total gradient stack used is 370362 out of 10000000
DEBUG: Total dvariable address used is 2083 out of 150000
DEBUG: Total dvariable address used is 3555248 out of 50000000
DEBUG: Total gradient stack used is 370362 out of 10000000
DEBUG: Total dvariable address used is 2083 out of 150000
DEBUG: Total dvariable address used is 3555248 out of 50000000
DEBUG: Total gradient stack used is 370362 out of 10000000
DEBUG: Total dvariable address used is 2083 out of 150000
DEBUG: Total dvariable address used is 3555248 out of 50000000
DEBUG: Total gradient stack used is 370362 out of 10000000
DEBUG: Total dvariable address used is 2083 out of 150000
DEBUG: Total dvariable address used is 3555248 out of 50000000
DEBUG: Total gradient stack used is 370362 out of 10000000
DEBUG: Total dvariable address used is 2083 out of 150000
DEBUG: Total dvariable address used is 3555248 out of 50000000
DEBUG: Total gradient stack used is 370362 out of 10000000
DEBUG: Total dvariable address used is 2083 out of 150000
DEBUG: Total dvariable address used is 3555248 out of 50000000
DEBUG: Total gradient stack used is 370362 out of 10000000
DEBUG: Total dvariable address used is 2083 out of 150000
DEBUG: Total dvariable address used is 3555248 out of 50000000
DEBUG: Total gradient stack used is 370362 out of 10000000
DEBUG: Total dvariable address used is 2083 out of 150000
DEBUG: Total dvariable address used is 3555248 out of 50000000
DEBUG: Total gradient stack used is 370362 out of 10000000
DEBUG: Total dvariable address used is 2083 out of 150000
DEBUG: Total dvariable address used is 3555248 out of 50000000
DEBUG: Total gradient stack used is 370362 out of 10000000
DEBUG: Total dvariable address used is 2083 out of 150000
DEBUG: Total dvariable address used is 3555248 out of 50000000
DEBUG: Total gradient stack used is 370362 out of 10000000
DEBUG: Total dvariable address used is 2083 out of 150000
DEBUG: Total dvariable address used is 3555248 out of 50000000
DEBUG: Total gradient stack used is 370362 out of 10000000
DEBUG: Total dvariable address used is 2083 out of 150000
DEBUG: Total dvariable address used is 3555248 out of 50000000
DEBUG: Total gradient stack used is 370362 out of 10000000
DEBUG: Total dvariable address used is 2083 out of 150000
DEBUG: Total dvariable address used is 3555248 out of 50000000
DEBUG: Total gradient stack used is 370362 out of 10000000
DEBUG: Total dvariable address used is 2083 out of 150000
DEBUG: Total dvariable address used is 3555248 out of 50000000
DEBUG: Total gradient stack used is 370362 out of 10000000
DEBUG: Total dvariable address used is 2083 out of 150000
DEBUG: Total dvariable address used is 3555248 out of 50000000
DEBUG: Total gradient stack used is 370362 out of 10000000
DEBUG: Total dvariable address used is 2083 out of 150000
DEBUG: Total dvariable address used is 3555248 out of 50000000
DEBUG: Total gradient stack used is 370362 out of 10000000
DEBUG: Total dvariable address used is 2083 out of 150000
DEBUG: Total dvariable address used is 3555248 out of 50000000
DEBUG: Total gradient stack used is 370362 out of 10000000
DEBUG: Total dvariable address used is 2083 out of 150000
DEBUG: Total dvariable address used is 3555248 out of 50000000
DEBUG: Total gradient stack used is 370362 out of 10000000
DEBUG: Total dvariable address used is 2083 out of 150000
DEBUG: Total dvariable address used is 3555248 out of 50000000
DEBUG: Total gradient stack used is 370362 out of 10000000
DEBUG: Total dvariable address used is 2083 out of 150000
DEBUG: Total dvariable address used is 3555248 out of 50000000
DEBUG: Total gradient stack used is 370362 out of 10000000
DEBUG: Total dvariable address used is 2083 out of 150000
DEBUG: Total dvariable address used is 3555248 out of 50000000
DEBUG: Total gradient stack used is 370362 out of 10000000
DEBUG: Total dvariable address used is 2083 out of 150000
DEBUG: Total dvariable address used is 3555248 out of 50000000
DEBUG: Total gradient stack used is 370362 out of 10000000
DEBUG: Total dvariable address used is 2083 out of 150000
DEBUG: Total dvariable address used is 3555248 out of 50000000
DEBUG: Total gradient stack used is 370362 out of 10000000
DEBUG: Total dvariable address used is 2083 out of 150000
DEBUG: Total dvariable address used is 3555248 out of 50000000
DEBUG: Total gradient stack used is 370362 out of 10000000
DEBUG: Total dvariable address used is 2083 out of 150000
DEBUG: Total dvariable address used is 3555248 out of 50000000
DEBUG: Total gradient stack used is 370362 out of 10000000
DEBUG: Total dvariable address used is 2083 out of 150000
DEBUG: Total dvariable address used is 3555248 out of 50000000
DEBUG: Total gradient stack used is 370362 out of 10000000
DEBUG: Total dvariable address used is 2083 out of 150000
DEBUG: Total dvariable address used is 3555248 out of 50000000
DEBUG: Total gradient stack used is 370362 out of 10000000
DEBUG: Total dvariable address used is 2083 out of 150000
DEBUG: Total dvariable address used is 3555248 out of 50000000
DEBUG: Total gradient stack used is 370362 out of 10000000
DEBUG: Total dvariable address used is 2083 out of 150000
DEBUG: Total dvariable address used is 3555248 out of 50000000
DEBUG: Total gradient stack used is 370362 out of 10000000
DEBUG: Total dvariable address used is 2083 out of 150000
DEBUG: Total dvariable address used is 3555248 out of 50000000
DEBUG: Total gradient stack used is 370362 out of 10000000
DEBUG: Total dvariable address used is 2083 out of 150000
DEBUG: Total dvariable address used is 3555248 out of 50000000
DEBUG: Total gradient stack used is 370362 out of 10000000
DEBUG: Total dvariable address used is 2083 out of 150000
DEBUG: Total dvariable address used is 3555248 out of 50000000
DEBUG: Total gradient stack used is 370362 out of 10000000
DEBUG: Total dvariable address used is 2083 out of 150000
DEBUG: Total dvariable address used is 3555248 out of 50000000
DEBUG: Total gradient stack used is 370362 out of 10000000
DEBUG: Total dvariable address used is 2083 out of 150000
DEBUG: Total dvariable address used is 3555248 out of 50000000
DEBUG: Total gradient stack used is 370362 out of 10000000
DEBUG: Total dvariable address used is 2083 out of 150000
DEBUG: Total dvariable address used is 3555248 out of 50000000
DEBUG: Total gradient stack used is 370362 out of 10000000
DEBUG: Total dvariable address used is 2083 out of 150000
DEBUG: Total dvariable address used is 3555248 out of 50000000
DEBUG: Total gradient stack used is 370362 out of 10000000
DEBUG: Total dvariable address used is 2083 out of 150000
DEBUG: Total dvariable address used is 3555248 out of 50000000
DEBUG: Total gradient stack used is 370362 out of 10000000
DEBUG: Total dvariable address used is 2083 out of 150000
DEBUG: Total dvariable address used is 3555248 out of 50000000
DEBUG: Total gradient stack used is 370362 out of 10000000
DEBUG: Total dvariable address used is 2083 out of 150000
DEBUG: Total dvariable address used is 3555248 out of 50000000
DEBUG: Total gradient stack used is 370362 out of 10000000
DEBUG: Total dvariable address used is 2083 out of 150000
DEBUG: Total dvariable address used is 3555248 out of 50000000
DEBUG: Total gradient stack used is 370362 out of 10000000
DEBUG: Total dvariable address used is 2083 out of 150000
DEBUG: Total dvariable address used is 3555248 out of 50000000
DEBUG: Total gradient stack used is 370362 out of 10000000
DEBUG: Total dvariable address used is 2083 out of 150000
DEBUG: Total dvariable address used is 3555248 out of 50000000
DEBUG: Total gradient stack used is 370362 out of 10000000
DEBUG: Total dvariable address used is 2083 out of 150000
DEBUG: Total dvariable address used is 3555248 out of 50000000
DEBUG: Total gradient stack used is 370362 out of 10000000
DEBUG: Total dvariable address used is 2083 out of 150000
DEBUG: Total dvariable address used is 3555248 out of 50000000
DEBUG: Total gradient stack used is 370362 out of 10000000
DEBUG: Total dvariable address used is 2083 out of 150000
DEBUG: Total dvariable address used is 3555248 out of 50000000
DEBUG: Total gradient stack used is 370362 out of 10000000
DEBUG: Total dvariable address used is 2083 out of 150000
DEBUG: Total dvariable address used is 3555248 out of 50000000
DEBUG: Total gradient stack used is 370362 out of 10000000
DEBUG: Total dvariable address used is 2083 out of 150000
DEBUG: Total dvariable address used is 3555248 out of 50000000
DEBUG: Total gradient stack used is 370362 out of 10000000
DEBUG: Total dvariable address used is 2083 out of 150000
DEBUG: Total dvariable address used is 3555248 out of 50000000
DEBUG: Total gradient stack used is 370362 out of 10000000
DEBUG: Total dvariable address used is 2083 out of 150000
DEBUG: Total dvariable address used is 3555248 out of 50000000
DEBUG: Total gradient stack used is 370362 out of 10000000
DEBUG: Total dvariable address used is 2083 out of 150000
DEBUG: Total dvariable address used is 3555248 out of 50000000
DEBUG: Total gradient stack used is 370362 out of 10000000
DEBUG: Total dvariable address used is 2083 out of 150000
DEBUG: Total dvariable address used is 3555248 out of 50000000
DEBUG: Total gradient stack used is 370362 out of 10000000
DEBUG: Total dvariable address used is 2083 out of 150000
DEBUG: Total dvariable address used is 3555248 out of 50000000
DEBUG: Total gradient stack used is 370362 out of 10000000
DEBUG: Total dvariable address used is 2083 out of 150000
DEBUG: Total dvariable address used is 3555248 out of 50000000
DEBUG: Total gradient stack used is 370362 out of 10000000
DEBUG: Total dvariable address used is 2083 out of 150000
DEBUG: Total dvariable address used is 3555248 out of 50000000
DEBUG: Total gradient stack used is 370362 out of 10000000
DEBUG: Total dvariable address used is 2083 out of 150000
DEBUG: Total dvariable address used is 3555248 out of 50000000
DEBUG: Total gradient stack used is 370362 out of 10000000
DEBUG: Total dvariable address used is 2083 out of 150000
DEBUG: Total dvariable address used is 3555248 out of 50000000
DEBUG: Total gradient stack used is 370362 out of 10000000
DEBUG: Total dvariable address used is 2083 out of 150000
DEBUG: Total dvariable address used is 3555248 out of 50000000
DEBUG: Total gradient stack used is 370362 out of 10000000
DEBUG: Total dvariable address used is 2083 out of 150000
DEBUG: Total dvariable address used is 3555248 out of 50000000
DEBUG: Total gradient stack used is 370362 out of 10000000
DEBUG: Total dvariable address used is 2083 out of 150000
DEBUG: Total dvariable address used is 3555248 out of 50000000
DEBUG: Total gradient stack used is 370362 out of 10000000
DEBUG: Total dvariable address used is 2083 out of 150000
DEBUG: Total dvariable address used is 3555248 out of 50000000
DEBUG: Total gradient stack used is 370362 out of 10000000
DEBUG: Total dvariable address used is 2083 out of 150000
DEBUG: Total dvariable address used is 3555248 out of 50000000
DEBUG: Total gradient stack used is 370362 out of 10000000
DEBUG: Total dvariable address used is 2083 out of 150000
DEBUG: Total dvariable address used is 3555248 out of 50000000
DEBUG: Total gradient stack used is 370362 out of 10000000
DEBUG: Total dvariable address used is 2083 out of 150000
DEBUG: Total dvariable address used is 3555248 out of 50000000
DEBUG: Total gradient stack used is 370362 out of 10000000
DEBUG: Total dvariable address used is 2083 out of 150000
DEBUG: Total dvariable address used is 3555248 out of 50000000
DEBUG: Total gradient stack used is 370362 out of 10000000
DEBUG: Total dvariable address used is 2083 out of 150000
DEBUG: Total dvariable address used is 3555248 out of 50000000
DEBUG: Total gradient stack used is 370362 out of 10000000
DEBUG: Total dvariable address used is 2083 out of 150000
DEBUG: Total dvariable address used is 3555248 out of 50000000
DEBUG: Total gradient stack used is 370362 out of 10000000
DEBUG: Total dvariable address used is 2083 out of 150000
DEBUG: Total dvariable address used is 3555248 out of 50000000
DEBUG: Total gradient stack used is 370362 out of 10000000
DEBUG: Total dvariable address used is 2083 out of 150000
DEBUG: Total dvariable address used is 3555248 out of 50000000
DEBUG: Total gradient stack used is 370362 out of 10000000
DEBUG: Total dvariable address used is 2083 out of 150000
DEBUG: Total dvariable address used is 3555248 out of 50000000
DEBUG: Total gradient stack used is 370362 out of 10000000
DEBUG: Total dvariable address used is 2083 out of 150000
DEBUG: Total dvariable address used is 3555248 out of 50000000
DEBUG: Total gradient stack used is 370362 out of 10000000
DEBUG: Total dvariable address used is 2083 out of 150000
DEBUG: Total dvariable address used is 3555248 out of 50000000
DEBUG: Total gradient stack used is 370362 out of 10000000
DEBUG: Total dvariable address used is 2083 out of 150000
DEBUG: Total dvariable address used is 3555248 out of 50000000
DEBUG: Total gradient stack used is 370362 out of 10000000
DEBUG: Total dvariable address used is 2083 out of 150000
DEBUG: Total dvariable address used is 3555248 out of 50000000
DEBUG: Total gradient stack used is 370362 out of 10000000
DEBUG: Total dvariable address used is 2083 out of 150000
DEBUG: Total dvariable address used is 3555248 out of 50000000
DEBUG: Total gradient stack used is 370362 out of 10000000
DEBUG: Total dvariable address used is 2083 out of 150000
DEBUG: Total dvariable address used is 3555248 out of 50000000
DEBUG: Total gradient stack used is 370362 out of 10000000
DEBUG: Total dvariable address used is 2083 out of 150000
DEBUG: Total dvariable address used is 3555248 out of 50000000
DEBUG: Total gradient stack used is 370362 out of 10000000
DEBUG: Total dvariable address used is 2083 out of 150000
DEBUG: Total dvariable address used is 3555248 out of 50000000
DEBUG: Total gradient stack used is 370362 out of 10000000
DEBUG: Total dvariable address used is 2083 out of 150000
DEBUG: Total dvariable address used is 3555248 out of 50000000
DEBUG: Total gradient stack used is 370362 out of 10000000
DEBUG: Total dvariable address used is 2083 out of 150000
DEBUG: Total dvariable address used is 3555248 out of 50000000
DEBUG: Total gradient stack used is 370362 out of 10000000
DEBUG: Total dvariable address used is 2083 out of 150000
DEBUG: Total dvariable address used is 3555248 out of 50000000
DEBUG: Total gradient stack used is 370362 out of 10000000
DEBUG: Total dvariable address used is 2083 out of 150000
DEBUG: Total dvariable address used is 3555248 out of 50000000
DEBUG: Total gradient stack used is 370362 out of 10000000
DEBUG: Total dvariable address used is 2083 out of 150000
DEBUG: Total dvariable address used is 3555248 out of 50000000
DEBUG: Total gradient stack used is 370362 out of 10000000
DEBUG: Total dvariable address used is 2083 out of 150000
DEBUG: Total dvariable address used is 3555248 out of 50000000
DEBUG: Total gradient stack used is 370362 out of 10000000
DEBUG: Total dvariable address used is 2083 out of 150000
DEBUG: Total dvariable address used is 3555248 out of 50000000
DEBUG: Total gradient stack used is 370362 out of 10000000
DEBUG: Total dvariable address used is 2083 out of 150000
DEBUG: Total dvariable address used is 3555248 out of 50000000
DEBUG: Total gradient stack used is 370362 out of 10000000
DEBUG: Total dvariable address used is 2083 out of 150000
DEBUG: Total dvariable address used is 3555248 out of 50000000
DEBUG: Total gradient stack used is 370362 out of 10000000
DEBUG: Total dvariable address used is 2083 out of 150000
DEBUG: Total dvariable address used is 3555248 out of 50000000
DEBUG: Total gradient stack used is 370362 out of 10000000
DEBUG: Total dvariable address used is 2083 out of 150000
DEBUG: Total dvariable address used is 3555248 out of 50000000
DEBUG: Total gradient stack used is 370362 out of 10000000
DEBUG: Total dvariable address used is 2083 out of 150000
DEBUG: Total dvariable address used is 3555248 out of 50000000
DEBUG: Total gradient stack used is 370362 out of 10000000
DEBUG: Total dvariable address used is 2083 out of 150000
DEBUG: Total dvariable address used is 3555248 out of 50000000
DEBUG: Total gradient stack used is 370362 out of 10000000
DEBUG: Total dvariable address used is 2083 out of 150000
DEBUG: Total dvariable address used is 3555248 out of 50000000
DEBUG: Total gradient stack used is 370362 out of 10000000
DEBUG: Total dvariable address used is 2083 out of 150000
DEBUG: Total dvariable address used is 3555248 out of 50000000
DEBUG: Total gradient stack used is 370362 out of 10000000
DEBUG: Total dvariable address used is 2083 out of 150000
DEBUG: Total dvariable address used is 3555248 out of 50000000
DEBUG: Total gradient stack used is 370362 out of 10000000
DEBUG: Total dvariable address used is 2083 out of 150000
DEBUG: Total dvariable address used is 3555248 out of 50000000
DEBUG: Total gradient stack used is 370362 out of 10000000
DEBUG: Total dvariable address used is 2083 out of 150000
DEBUG: Total dvariable address used is 3555248 out of 50000000
DEBUG: Total gradient stack used is 370362 out of 10000000
DEBUG: Total dvariable address used is 2083 out of 150000
DEBUG: Total dvariable address used is 3555248 out of 50000000
DEBUG: Total gradient stack used is 370362 out of 10000000
DEBUG: Total dvariable address used is 2083 out of 150000
DEBUG: Total dvariable address used is 3555248 out of 50000000
DEBUG: Total gradient stack used is 370362 out of 10000000
DEBUG: Total dvariable address used is 2083 out of 150000
DEBUG: Total dvariable address used is 3555248 out of 50000000
DEBUG: Total gradient stack used is 370362 out of 10000000
DEBUG: Total dvariable address used is 2083 out of 150000
DEBUG: Total dvariable address used is 3555248 out of 50000000
DEBUG: Total gradient stack used is 370362 out of 10000000
DEBUG: Total dvariable address used is 2083 out of 150000
DEBUG: Total dvariable address used is 3555248 out of 50000000
DEBUG: Total gradient stack used is 370362 out of 10000000
DEBUG: Total dvariable address used is 2083 out of 150000
DEBUG: Total dvariable address used is 3555248 out of 50000000
DEBUG: Total gradient stack used is 370362 out of 10000000
DEBUG: Total dvariable address used is 2083 out of 150000
DEBUG: Total dvariable address used is 3555248 out of 50000000
DEBUG: Total gradient stack used is 370362 out of 10000000
DEBUG: Total dvariable address used is 2083 out of 150000
DEBUG: Total dvariable address used is 3555248 out of 50000000
DEBUG: Total gradient stack used is 370362 out of 10000000
DEBUG: Total dvariable address used is 2083 out of 150000
DEBUG: Total dvariable address used is 3555248 out of 50000000
DEBUG: Total gradient stack used is 370362 out of 10000000
DEBUG: Total dvariable address used is 2083 out of 150000
DEBUG: Total dvariable address used is 3555248 out of 50000000
DEBUG: Total gradient stack used is 370362 out of 10000000
DEBUG: Total dvariable address used is 2083 out of 150000
DEBUG: Total dvariable address used is 3555248 out of 50000000
DEBUG: Total gradient stack used is 370362 out of 10000000
DEBUG: Total dvariable address used is 2083 out of 150000
DEBUG: Total dvariable address used is 3555248 out of 50000000
DEBUG: Total gradient stack used is 370362 out of 10000000
DEBUG: Total dvariable address used is 2083 out of 150000
DEBUG: Total dvariable address used is 3555248 out of 50000000
DEBUG: Total gradient stack used is 370362 out of 10000000
DEBUG: Total dvariable address used is 2083 out of 150000
DEBUG: Total dvariable address used is 3555248 out of 50000000
DEBUG: Total gradient stack used is 370362 out of 10000000
DEBUG: Total dvariable address used is 2083 out of 150000
DEBUG: Total dvariable address used is 3555248 out of 50000000
DEBUG: Total gradient stack used is 370362 out of 10000000
DEBUG: Total dvariable address used is 2083 out of 150000
DEBUG: Total dvariable address used is 3555248 out of 50000000
DEBUG: Total gradient stack used is 370362 out of 10000000
DEBUG: Total dvariable address used is 2083 out of 150000
DEBUG: Total dvariable address used is 3555248 out of 50000000
DEBUG: Total gradient stack used is 370362 out of 10000000
DEBUG: Total dvariable address used is 2083 out of 150000
DEBUG: Total dvariable address used is 3555248 out of 50000000
DEBUG: Total gradient stack used is 370362 out of 10000000
DEBUG: Total dvariable address used is 2083 out of 150000
DEBUG: Total dvariable address used is 3555248 out of 50000000
DEBUG: Total gradient stack used is 370362 out of 10000000
DEBUG: Total dvariable address used is 2083 out of 150000
DEBUG: Total dvariable address used is 3555248 out of 50000000
DEBUG: Total gradient stack used is 370362 out of 10000000
DEBUG: Total dvariable address used is 2083 out of 150000
DEBUG: Total dvariable address used is 3555248 out of 50000000
DEBUG: Total gradient stack used is 370362 out of 10000000
DEBUG: Total dvariable address used is 2083 out of 150000
DEBUG: Total dvariable address used is 3555248 out of 50000000
DEBUG: Total gradient stack used is 370362 out of 10000000
DEBUG: Total dvariable address used is 2083 out of 150000
DEBUG: Total dvariable address used is 3555248 out of 50000000
DEBUG: Total gradient stack used is 370362 out of 10000000
DEBUG: Total dvariable address used is 2083 out of 150000
DEBUG: Total dvariable address used is 3555248 out of 50000000
DEBUG: Total gradient stack used is 370362 out of 10000000
DEBUG: Total dvariable address used is 2083 out of 150000
DEBUG: Total dvariable address used is 3555248 out of 50000000
DEBUG: Total gradient stack used is 370362 out of 10000000
DEBUG: Total dvariable address used is 2083 out of 150000
DEBUG: Total dvariable address used is 3555248 out of 50000000
DEBUG: Total gradient stack used is 370362 out of 10000000
DEBUG: Total dvariable address used is 2083 out of 150000
DEBUG: Total dvariable address used is 3555248 out of 50000000
DEBUG: Total gradient stack used is 370362 out of 10000000
DEBUG: Total dvariable address used is 2083 out of 150000
DEBUG: Total dvariable address used is 3555248 out of 50000000
DEBUG: Total gradient stack used is 370362 out of 10000000
DEBUG: Total dvariable address used is 2083 out of 150000
DEBUG: Total dvariable address used is 3555248 out of 50000000
DEBUG: Total gradient stack used is 370362 out of 10000000
DEBUG: Total dvariable address used is 2083 out of 150000
DEBUG: Total dvariable address used is 3555248 out of 50000000
DEBUG: Total gradient stack used is 370362 out of 10000000
DEBUG: Total dvariable address used is 2083 out of 150000
DEBUG: Total dvariable address used is 3555248 out of 50000000
DEBUG: Total gradient stack used is 370362 out of 10000000
DEBUG: Total dvariable address used is 2083 out of 150000
DEBUG: Total dvariable address used is 3555248 out of 50000000
DEBUG: Total gradient stack used is 370362 out of 10000000
DEBUG: Total dvariable address used is 2083 out of 150000
DEBUG: Total dvariable address used is 3555248 out of 50000000
DEBUG: Total gradient stack used is 370362 out of 10000000
DEBUG: Total dvariable address used is 2083 out of 150000
DEBUG: Total dvariable address used is 3555248 out of 50000000
DEBUG: Total gradient stack used is 370362 out of 10000000
DEBUG: Total dvariable address used is 2083 out of 150000
DEBUG: Total dvariable address used is 3555248 out of 50000000
DEBUG: Total gradient stack used is 370362 out of 10000000
DEBUG: Total dvariable address used is 2083 out of 150000
DEBUG: Total dvariable address used is 3555248 out of 50000000
DEBUG: Total gradient stack used is 370362 out of 10000000
DEBUG: Total dvariable address used is 2083 out of 150000
DEBUG: Total dvariable address used is 3555248 out of 50000000
DEBUG: Total gradient stack used is 370362 out of 10000000
DEBUG: Total dvariable address used is 2083 out of 150000
DEBUG: Total dvariable address used is 3555248 out of 50000000
DEBUG: Total gradient stack used is 370362 out of 10000000
DEBUG: Total dvariable address used is 2083 out of 150000
DEBUG: Total dvariable address used is 3555248 out of 50000000
DEBUG: Total gradient stack used is 370362 out of 10000000
DEBUG: Total dvariable address used is 2083 out of 150000
DEBUG: Total dvariable address used is 3555248 out of 50000000
DEBUG: Total gradient stack used is 370362 out of 10000000
DEBUG: Total dvariable address used is 2083 out of 150000
DEBUG: Total dvariable address used is 3555248 out of 50000000
DEBUG: Total gradient stack used is 370362 out of 10000000
DEBUG: Total dvariable address used is 2083 out of 150000
DEBUG: Total dvariable address used is 3555248 out of 50000000
DEBUG: Total gradient stack used is 370362 out of 10000000
DEBUG: Total dvariable address used is 2083 out of 150000
DEBUG: Total dvariable address used is 3555248 out of 50000000
DEBUG: Total gradient stack used is 370362 out of 10000000
DEBUG: Total dvariable address used is 2083 out of 150000
DEBUG: Total dvariable address used is 3555248 out of 50000000
DEBUG: Total gradient stack used is 370362 out of 10000000
DEBUG: Total dvariable address used is 2083 out of 150000
DEBUG: Total dvariable address used is 3555248 out of 50000000
DEBUG: Total gradient stack used is 370362 out of 10000000
DEBUG: Total dvariable address used is 2083 out of 150000
DEBUG: Total dvariable address used is 3555248 out of 50000000
DEBUG: Total gradient stack used is 370362 out of 10000000
DEBUG: Total dvariable address used is 2083 out of 150000
DEBUG: Total dvariable address used is 3555248 out of 50000000
DEBUG: Total gradient stack used is 370362 out of 10000000
DEBUG: Total dvariable address used is 2083 out of 150000
DEBUG: Total dvariable address used is 3555248 out of 50000000
DEBUG: Total gradient stack used is 370362 out of 10000000
DEBUG: Total dvariable address used is 2083 out of 150000
DEBUG: Total dvariable address used is 3555248 out of 50000000
DEBUG: Total gradient stack used is 370362 out of 10000000
DEBUG: Total dvariable address used is 2083 out of 150000
DEBUG: Total dvariable address used is 3555248 out of 50000000
DEBUG: Total gradient stack used is 370362 out of 10000000
DEBUG: Total dvariable address used is 2083 out of 150000
DEBUG: Total dvariable address used is 3555248 out of 50000000
DEBUG: Total gradient stack used is 370362 out of 10000000
DEBUG: Total dvariable address used is 2083 out of 150000
DEBUG: Total dvariable address used is 3555248 out of 50000000
, 60%DEBUG: Total gradient stack used is 370362 out of 10000000
DEBUG: Total dvariable address used is 2083 out of 150000
DEBUG: Total dvariable address used is 3555248 out of 50000000
DEBUG: Total gradient stack used is 370362 out of 10000000
DEBUG: Total dvariable address used is 2083 out of 150000
DEBUG: Total dvariable address used is 3555248 out of 50000000
DEBUG: Total gradient stack used is 370362 out of 10000000
DEBUG: Total dvariable address used is 2083 out of 150000
DEBUG: Total dvariable address used is 3555248 out of 50000000
DEBUG: Total gradient stack used is 370362 out of 10000000
DEBUG: Total dvariable address used is 2083 out of 150000
DEBUG: Total dvariable address used is 3555248 out of 50000000
DEBUG: Total gradient stack used is 370362 out of 10000000
DEBUG: Total dvariable address used is 2083 out of 150000
DEBUG: Total dvariable address used is 3555248 out of 50000000
DEBUG: Total gradient stack used is 370362 out of 10000000
DEBUG: Total dvariable address used is 2083 out of 150000
DEBUG: Total dvariable address used is 3555248 out of 50000000
DEBUG: Total gradient stack used is 370362 out of 10000000
DEBUG: Total dvariable address used is 2083 out of 150000
DEBUG: Total dvariable address used is 3555248 out of 50000000
DEBUG: Total gradient stack used is 370362 out of 10000000
DEBUG: Total dvariable address used is 2083 out of 150000
DEBUG: Total dvariable address used is 3555248 out of 50000000
DEBUG: Total gradient stack used is 370362 out of 10000000
DEBUG: Total dvariable address used is 2083 out of 150000
DEBUG: Total dvariable address used is 3555248 out of 50000000
DEBUG: Total gradient stack used is 370362 out of 10000000
DEBUG: Total dvariable address used is 2083 out of 150000
DEBUG: Total dvariable address used is 3555248 out of 50000000
DEBUG: Total gradient stack used is 370362 out of 10000000
DEBUG: Total dvariable address used is 2083 out of 150000
DEBUG: Total dvariable address used is 3555248 out of 50000000
DEBUG: Total gradient stack used is 370362 out of 10000000
DEBUG: Total dvariable address used is 2083 out of 150000
DEBUG: Total dvariable address used is 3555248 out of 50000000
DEBUG: Total gradient stack used is 370362 out of 10000000
DEBUG: Total dvariable address used is 2083 out of 150000
DEBUG: Total dvariable address used is 3555248 out of 50000000
DEBUG: Total gradient stack used is 370362 out of 10000000
DEBUG: Total dvariable address used is 2083 out of 150000
DEBUG: Total dvariable address used is 3555248 out of 50000000
DEBUG: Total gradient stack used is 370362 out of 10000000
DEBUG: Total dvariable address used is 2083 out of 150000
DEBUG: Total dvariable address used is 3555248 out of 50000000
DEBUG: Total gradient stack used is 370362 out of 10000000
DEBUG: Total dvariable address used is 2083 out of 150000
DEBUG: Total dvariable address used is 3555248 out of 50000000
DEBUG: Total gradient stack used is 370362 out of 10000000
DEBUG: Total dvariable address used is 2083 out of 150000
DEBUG: Total dvariable address used is 3555248 out of 50000000
DEBUG: Total gradient stack used is 370362 out of 10000000
DEBUG: Total dvariable address used is 2083 out of 150000
DEBUG: Total dvariable address used is 3555248 out of 50000000
DEBUG: Total gradient stack used is 370362 out of 10000000
DEBUG: Total dvariable address used is 2083 out of 150000
DEBUG: Total dvariable address used is 3555248 out of 50000000
DEBUG: Total gradient stack used is 370362 out of 10000000
DEBUG: Total dvariable address used is 2083 out of 150000
DEBUG: Total dvariable address used is 3555248 out of 50000000
DEBUG: Total gradient stack used is 370362 out of 10000000
DEBUG: Total dvariable address used is 2083 out of 150000
DEBUG: Total dvariable address used is 3555248 out of 50000000
DEBUG: Total gradient stack used is 370362 out of 10000000
DEBUG: Total dvariable address used is 2083 out of 150000
DEBUG: Total dvariable address used is 3555248 out of 50000000
DEBUG: Total gradient stack used is 370362 out of 10000000
DEBUG: Total dvariable address used is 2083 out of 150000
DEBUG: Total dvariable address used is 3555248 out of 50000000
DEBUG: Total gradient stack used is 370362 out of 10000000
DEBUG: Total dvariable address used is 2083 out of 150000
DEBUG: Total dvariable address used is 3555248 out of 50000000
DEBUG: Total gradient stack used is 370362 out of 10000000
DEBUG: Total dvariable address used is 2083 out of 150000
DEBUG: Total dvariable address used is 3555248 out of 50000000
DEBUG: Total gradient stack used is 370362 out of 10000000
DEBUG: Total dvariable address used is 2083 out of 150000
DEBUG: Total dvariable address used is 3555248 out of 50000000
DEBUG: Total gradient stack used is 370362 out of 10000000
DEBUG: Total dvariable address used is 2083 out of 150000
DEBUG: Total dvariable address used is 3555248 out of 50000000
DEBUG: Total gradient stack used is 370362 out of 10000000
DEBUG: Total dvariable address used is 2083 out of 150000
DEBUG: Total dvariable address used is 3555248 out of 50000000
DEBUG: Total gradient stack used is 370362 out of 10000000
DEBUG: Total dvariable address used is 2083 out of 150000
DEBUG: Total dvariable address used is 3555248 out of 50000000
DEBUG: Total gradient stack used is 370362 out of 10000000
DEBUG: Total dvariable address used is 2083 out of 150000
DEBUG: Total dvariable address used is 3555248 out of 50000000
DEBUG: Total gradient stack used is 370362 out of 10000000
DEBUG: Total dvariable address used is 2083 out of 150000
DEBUG: Total dvariable address used is 3555248 out of 50000000
DEBUG: Total gradient stack used is 370362 out of 10000000
DEBUG: Total dvariable address used is 2083 out of 150000
DEBUG: Total dvariable address used is 3555248 out of 50000000
DEBUG: Total gradient stack used is 370362 out of 10000000
DEBUG: Total dvariable address used is 2083 out of 150000
DEBUG: Total dvariable address used is 3555248 out of 50000000
DEBUG: Total gradient stack used is 370362 out of 10000000
DEBUG: Total dvariable address used is 2083 out of 150000
DEBUG: Total dvariable address used is 3555248 out of 50000000
DEBUG: Total gradient stack used is 370362 out of 10000000
DEBUG: Total dvariable address used is 2083 out of 150000
DEBUG: Total dvariable address used is 3555248 out of 50000000
DEBUG: Total gradient stack used is 370362 out of 10000000
DEBUG: Total dvariable address used is 2083 out of 150000
DEBUG: Total dvariable address used is 3555248 out of 50000000
DEBUG: Total gradient stack used is 370362 out of 10000000
DEBUG: Total dvariable address used is 2083 out of 150000
DEBUG: Total dvariable address used is 3555248 out of 50000000
DEBUG: Total gradient stack used is 370362 out of 10000000
DEBUG: Total dvariable address used is 2083 out of 150000
DEBUG: Total dvariable address used is 3555248 out of 50000000
DEBUG: Total gradient stack used is 370362 out of 10000000
DEBUG: Total dvariable address used is 2083 out of 150000
DEBUG: Total dvariable address used is 3555248 out of 50000000
DEBUG: Total gradient stack used is 370362 out of 10000000
DEBUG: Total dvariable address used is 2083 out of 150000
DEBUG: Total dvariable address used is 3555248 out of 50000000
DEBUG: Total gradient stack used is 370362 out of 10000000
DEBUG: Total dvariable address used is 2083 out of 150000
DEBUG: Total dvariable address used is 3555248 out of 50000000
DEBUG: Total gradient stack used is 370362 out of 10000000
DEBUG: Total dvariable address used is 2083 out of 150000
DEBUG: Total dvariable address used is 3555248 out of 50000000
DEBUG: Total gradient stack used is 370362 out of 10000000
DEBUG: Total dvariable address used is 2083 out of 150000
DEBUG: Total dvariable address used is 3555248 out of 50000000
DEBUG: Total gradient stack used is 370362 out of 10000000
DEBUG: Total dvariable address used is 2083 out of 150000
DEBUG: Total dvariable address used is 3555248 out of 50000000
DEBUG: Total gradient stack used is 370362 out of 10000000
DEBUG: Total dvariable address used is 2083 out of 150000
DEBUG: Total dvariable address used is 3555248 out of 50000000
DEBUG: Total gradient stack used is 370362 out of 10000000
DEBUG: Total dvariable address used is 2083 out of 150000
DEBUG: Total dvariable address used is 3555248 out of 50000000
DEBUG: Total gradient stack used is 370362 out of 10000000
DEBUG: Total dvariable address used is 2083 out of 150000
DEBUG: Total dvariable address used is 3555248 out of 50000000
DEBUG: Total gradient stack used is 370362 out of 10000000
DEBUG: Total dvariable address used is 2083 out of 150000
DEBUG: Total dvariable address used is 3555248 out of 50000000
DEBUG: Total gradient stack used is 370362 out of 10000000
DEBUG: Total dvariable address used is 2083 out of 150000
DEBUG: Total dvariable address used is 3555248 out of 50000000
DEBUG: Total gradient stack used is 370362 out of 10000000
DEBUG: Total dvariable address used is 2083 out of 150000
DEBUG: Total dvariable address used is 3555248 out of 50000000
DEBUG: Total gradient stack used is 370362 out of 10000000
DEBUG: Total dvariable address used is 2083 out of 150000
DEBUG: Total dvariable address used is 3555248 out of 50000000
DEBUG: Total gradient stack used is 370362 out of 10000000
DEBUG: Total dvariable address used is 2083 out of 150000
DEBUG: Total dvariable address used is 3555248 out of 50000000
DEBUG: Total gradient stack used is 370362 out of 10000000
DEBUG: Total dvariable address used is 2083 out of 150000
DEBUG: Total dvariable address used is 3555248 out of 50000000
DEBUG: Total gradient stack used is 370362 out of 10000000
DEBUG: Total dvariable address used is 2083 out of 150000
DEBUG: Total dvariable address used is 3555248 out of 50000000
DEBUG: Total gradient stack used is 370362 out of 10000000
DEBUG: Total dvariable address used is 2083 out of 150000
DEBUG: Total dvariable address used is 3555248 out of 50000000
DEBUG: Total gradient stack used is 370362 out of 10000000
DEBUG: Total dvariable address used is 2083 out of 150000
DEBUG: Total dvariable address used is 3555248 out of 50000000
DEBUG: Total gradient stack used is 370362 out of 10000000
DEBUG: Total dvariable address used is 2083 out of 150000
DEBUG: Total dvariable address used is 3555248 out of 50000000
DEBUG: Total gradient stack used is 370362 out of 10000000
DEBUG: Total dvariable address used is 2083 out of 150000
DEBUG: Total dvariable address used is 3555248 out of 50000000
DEBUG: Total gradient stack used is 370362 out of 10000000
DEBUG: Total dvariable address used is 2083 out of 150000
DEBUG: Total dvariable address used is 3555248 out of 50000000
DEBUG: Total gradient stack used is 370362 out of 10000000
DEBUG: Total dvariable address used is 2083 out of 150000
DEBUG: Total dvariable address used is 3555248 out of 50000000
DEBUG: Total gradient stack used is 370362 out of 10000000
DEBUG: Total dvariable address used is 2083 out of 150000
DEBUG: Total dvariable address used is 3555248 out of 50000000
DEBUG: Total gradient stack used is 370362 out of 10000000
DEBUG: Total dvariable address used is 2083 out of 150000
DEBUG: Total dvariable address used is 3555248 out of 50000000
DEBUG: Total gradient stack used is 370362 out of 10000000
DEBUG: Total dvariable address used is 2083 out of 150000
DEBUG: Total dvariable address used is 3555248 out of 50000000
DEBUG: Total gradient stack used is 370362 out of 10000000
DEBUG: Total dvariable address used is 2083 out of 150000
DEBUG: Total dvariable address used is 3555248 out of 50000000
DEBUG: Total gradient stack used is 370362 out of 10000000
DEBUG: Total dvariable address used is 2083 out of 150000
DEBUG: Total dvariable address used is 3555248 out of 50000000
DEBUG: Total gradient stack used is 370362 out of 10000000
DEBUG: Total dvariable address used is 2083 out of 150000
DEBUG: Total dvariable address used is 3555248 out of 50000000
DEBUG: Total gradient stack used is 370362 out of 10000000
DEBUG: Total dvariable address used is 2083 out of 150000
DEBUG: Total dvariable address used is 3555248 out of 50000000
DEBUG: Total gradient stack used is 370362 out of 10000000
DEBUG: Total dvariable address used is 2083 out of 150000
DEBUG: Total dvariable address used is 3555248 out of 50000000
DEBUG: Total gradient stack used is 370362 out of 10000000
DEBUG: Total dvariable address used is 2083 out of 150000
DEBUG: Total dvariable address used is 3555248 out of 50000000
DEBUG: Total gradient stack used is 370362 out of 10000000
DEBUG: Total dvariable address used is 2083 out of 150000
DEBUG: Total dvariable address used is 3555248 out of 50000000
DEBUG: Total gradient stack used is 370362 out of 10000000
DEBUG: Total dvariable address used is 2083 out of 150000
DEBUG: Total dvariable address used is 3555248 out of 50000000
DEBUG: Total gradient stack used is 370362 out of 10000000
DEBUG: Total dvariable address used is 2083 out of 150000
DEBUG: Total dvariable address used is 3555248 out of 50000000
DEBUG: Total gradient stack used is 370362 out of 10000000
DEBUG: Total dvariable address used is 2083 out of 150000
DEBUG: Total dvariable address used is 3555248 out of 50000000
DEBUG: Total gradient stack used is 370362 out of 10000000
DEBUG: Total dvariable address used is 2083 out of 150000
DEBUG: Total dvariable address used is 3555248 out of 50000000
DEBUG: Total gradient stack used is 370362 out of 10000000
DEBUG: Total dvariable address used is 2083 out of 150000
DEBUG: Total dvariable address used is 3555248 out of 50000000
DEBUG: Total gradient stack used is 370362 out of 10000000
DEBUG: Total dvariable address used is 2083 out of 150000
DEBUG: Total dvariable address used is 3555248 out of 50000000
DEBUG: Total gradient stack used is 370362 out of 10000000
DEBUG: Total dvariable address used is 2083 out of 150000
DEBUG: Total dvariable address used is 3555248 out of 50000000
DEBUG: Total gradient stack used is 370362 out of 10000000
DEBUG: Total dvariable address used is 2083 out of 150000
DEBUG: Total dvariable address used is 3555248 out of 50000000
DEBUG: Total gradient stack used is 370362 out of 10000000
DEBUG: Total dvariable address used is 2083 out of 150000
DEBUG: Total dvariable address used is 3555248 out of 50000000
DEBUG: Total gradient stack used is 370362 out of 10000000
DEBUG: Total dvariable address used is 2083 out of 150000
DEBUG: Total dvariable address used is 3555248 out of 50000000
DEBUG: Total gradient stack used is 370362 out of 10000000
DEBUG: Total dvariable address used is 2083 out of 150000
DEBUG: Total dvariable address used is 3555248 out of 50000000
DEBUG: Total gradient stack used is 370362 out of 10000000
DEBUG: Total dvariable address used is 2083 out of 150000
DEBUG: Total dvariable address used is 3555248 out of 50000000
DEBUG: Total gradient stack used is 370362 out of 10000000
DEBUG: Total dvariable address used is 2083 out of 150000
DEBUG: Total dvariable address used is 3555248 out of 50000000
DEBUG: Total gradient stack used is 370362 out of 10000000
DEBUG: Total dvariable address used is 2083 out of 150000
DEBUG: Total dvariable address used is 3555248 out of 50000000
DEBUG: Total gradient stack used is 370362 out of 10000000
DEBUG: Total dvariable address used is 2083 out of 150000
DEBUG: Total dvariable address used is 3555248 out of 50000000
DEBUG: Total gradient stack used is 370362 out of 10000000
DEBUG: Total dvariable address used is 2083 out of 150000
DEBUG: Total dvariable address used is 3555248 out of 50000000
DEBUG: Total gradient stack used is 370362 out of 10000000
DEBUG: Total dvariable address used is 2083 out of 150000
DEBUG: Total dvariable address used is 3555248 out of 50000000
DEBUG: Total gradient stack used is 370362 out of 10000000
DEBUG: Total dvariable address used is 2083 out of 150000
DEBUG: Total dvariable address used is 3555248 out of 50000000
DEBUG: Total gradient stack used is 370362 out of 10000000
DEBUG: Total dvariable address used is 2083 out of 150000
DEBUG: Total dvariable address used is 3555248 out of 50000000
DEBUG: Total gradient stack used is 370362 out of 10000000
DEBUG: Total dvariable address used is 2083 out of 150000
DEBUG: Total dvariable address used is 3555248 out of 50000000
DEBUG: Total gradient stack used is 370362 out of 10000000
DEBUG: Total dvariable address used is 2083 out of 150000
DEBUG: Total dvariable address used is 3555248 out of 50000000
DEBUG: Total gradient stack used is 370362 out of 10000000
DEBUG: Total dvariable address used is 2083 out of 150000
DEBUG: Total dvariable address used is 3555248 out of 50000000
DEBUG: Total gradient stack used is 370362 out of 10000000
DEBUG: Total dvariable address used is 2083 out of 150000
DEBUG: Total dvariable address used is 3555248 out of 50000000
DEBUG: Total gradient stack used is 370362 out of 10000000
DEBUG: Total dvariable address used is 2083 out of 150000
DEBUG: Total dvariable address used is 3555248 out of 50000000
DEBUG: Total gradient stack used is 370362 out of 10000000
DEBUG: Total dvariable address used is 2083 out of 150000
DEBUG: Total dvariable address used is 3555248 out of 50000000
DEBUG: Total gradient stack used is 370362 out of 10000000
DEBUG: Total dvariable address used is 2083 out of 150000
DEBUG: Total dvariable address used is 3555248 out of 50000000
DEBUG: Total gradient stack used is 370362 out of 10000000
DEBUG: Total dvariable address used is 2083 out of 150000
DEBUG: Total dvariable address used is 3555248 out of 50000000
DEBUG: Total gradient stack used is 370362 out of 10000000
DEBUG: Total dvariable address used is 2083 out of 150000
DEBUG: Total dvariable address used is 3555248 out of 50000000
DEBUG: Total gradient stack used is 370362 out of 10000000
DEBUG: Total dvariable address used is 2083 out of 150000
DEBUG: Total dvariable address used is 3555248 out of 50000000
DEBUG: Total gradient stack used is 370362 out of 10000000
DEBUG: Total dvariable address used is 2083 out of 150000
DEBUG: Total dvariable address used is 3555248 out of 50000000
DEBUG: Total gradient stack used is 370362 out of 10000000
DEBUG: Total dvariable address used is 2083 out of 150000
DEBUG: Total dvariable address used is 3555248 out of 50000000
DEBUG: Total gradient stack used is 370362 out of 10000000
DEBUG: Total dvariable address used is 2083 out of 150000
DEBUG: Total dvariable address used is 3555248 out of 50000000
DEBUG: Total gradient stack used is 370362 out of 10000000
DEBUG: Total dvariable address used is 2083 out of 150000
DEBUG: Total dvariable address used is 3555248 out of 50000000
DEBUG: Total gradient stack used is 370362 out of 10000000
DEBUG: Total dvariable address used is 2083 out of 150000
DEBUG: Total dvariable address used is 3555248 out of 50000000
DEBUG: Total gradient stack used is 370362 out of 10000000
DEBUG: Total dvariable address used is 2083 out of 150000
DEBUG: Total dvariable address used is 3555248 out of 50000000
DEBUG: Total gradient stack used is 370362 out of 10000000
DEBUG: Total dvariable address used is 2083 out of 150000
DEBUG: Total dvariable address used is 3555248 out of 50000000
DEBUG: Total gradient stack used is 370362 out of 10000000
DEBUG: Total dvariable address used is 2083 out of 150000
DEBUG: Total dvariable address used is 3555248 out of 50000000
DEBUG: Total gradient stack used is 370362 out of 10000000
DEBUG: Total dvariable address used is 2083 out of 150000
DEBUG: Total dvariable address used is 3555248 out of 50000000
DEBUG: Total gradient stack used is 370362 out of 10000000
DEBUG: Total dvariable address used is 2083 out of 150000
DEBUG: Total dvariable address used is 3555248 out of 50000000
DEBUG: Total gradient stack used is 370362 out of 10000000
DEBUG: Total dvariable address used is 2083 out of 150000
DEBUG: Total dvariable address used is 3555248 out of 50000000
DEBUG: Total gradient stack used is 370362 out of 10000000
DEBUG: Total dvariable address used is 2083 out of 150000
DEBUG: Total dvariable address used is 3555248 out of 50000000
DEBUG: Total gradient stack used is 370362 out of 10000000
DEBUG: Total dvariable address used is 2083 out of 150000
DEBUG: Total dvariable address used is 3555248 out of 50000000
DEBUG: Total gradient stack used is 370362 out of 10000000
DEBUG: Total dvariable address used is 2083 out of 150000
DEBUG: Total dvariable address used is 3555248 out of 50000000
DEBUG: Total gradient stack used is 370362 out of 10000000
DEBUG: Total dvariable address used is 2083 out of 150000
DEBUG: Total dvariable address used is 3555248 out of 50000000
DEBUG: Total gradient stack used is 370362 out of 10000000
DEBUG: Total dvariable address used is 2083 out of 150000
DEBUG: Total dvariable address used is 3555248 out of 50000000
DEBUG: Total gradient stack used is 370362 out of 10000000
DEBUG: Total dvariable address used is 2083 out of 150000
DEBUG: Total dvariable address used is 3555248 out of 50000000
DEBUG: Total gradient stack used is 370362 out of 10000000
DEBUG: Total dvariable address used is 2083 out of 150000
DEBUG: Total dvariable address used is 3555248 out of 50000000
DEBUG: Total gradient stack used is 370362 out of 10000000
DEBUG: Total dvariable address used is 2083 out of 150000
DEBUG: Total dvariable address used is 3555248 out of 50000000
DEBUG: Total gradient stack used is 370362 out of 10000000
DEBUG: Total dvariable address used is 2083 out of 150000
DEBUG: Total dvariable address used is 3555248 out of 50000000
DEBUG: Total gradient stack used is 370362 out of 10000000
DEBUG: Total dvariable address used is 2083 out of 150000
DEBUG: Total dvariable address used is 3555248 out of 50000000
DEBUG: Total gradient stack used is 370362 out of 10000000
DEBUG: Total dvariable address used is 2083 out of 150000
DEBUG: Total dvariable address used is 3555248 out of 50000000
DEBUG: Total gradient stack used is 370362 out of 10000000
DEBUG: Total dvariable address used is 2083 out of 150000
DEBUG: Total dvariable address used is 3555248 out of 50000000
DEBUG: Total gradient stack used is 370362 out of 10000000
DEBUG: Total dvariable address used is 2083 out of 150000
DEBUG: Total dvariable address used is 3555248 out of 50000000
DEBUG: Total gradient stack used is 370362 out of 10000000
DEBUG: Total dvariable address used is 2083 out of 150000
DEBUG: Total dvariable address used is 3555248 out of 50000000
DEBUG: Total gradient stack used is 370362 out of 10000000
DEBUG: Total dvariable address used is 2083 out of 150000
DEBUG: Total dvariable address used is 3555248 out of 50000000
DEBUG: Total gradient stack used is 370362 out of 10000000
DEBUG: Total dvariable address used is 2083 out of 150000
DEBUG: Total dvariable address used is 3555248 out of 50000000
DEBUG: Total gradient stack used is 370362 out of 10000000
DEBUG: Total dvariable address used is 2083 out of 150000
DEBUG: Total dvariable address used is 3555248 out of 50000000
DEBUG: Total gradient stack used is 370362 out of 10000000
DEBUG: Total dvariable address used is 2083 out of 150000
DEBUG: Total dvariable address used is 3555248 out of 50000000
DEBUG: Total gradient stack used is 370362 out of 10000000
DEBUG: Total dvariable address used is 2083 out of 150000
DEBUG: Total dvariable address used is 3555248 out of 50000000
DEBUG: Total gradient stack used is 370362 out of 10000000
DEBUG: Total dvariable address used is 2083 out of 150000
DEBUG: Total dvariable address used is 3555248 out of 50000000
DEBUG: Total gradient stack used is 370362 out of 10000000
DEBUG: Total dvariable address used is 2083 out of 150000
DEBUG: Total dvariable address used is 3555248 out of 50000000
DEBUG: Total gradient stack used is 370362 out of 10000000
DEBUG: Total dvariable address used is 2083 out of 150000
DEBUG: Total dvariable address used is 3555248 out of 50000000
DEBUG: Total gradient stack used is 370362 out of 10000000
DEBUG: Total dvariable address used is 2083 out of 150000
DEBUG: Total dvariable address used is 3555248 out of 50000000
DEBUG: Total gradient stack used is 370362 out of 10000000
DEBUG: Total dvariable address used is 2083 out of 150000
DEBUG: Total dvariable address used is 3555248 out of 50000000
DEBUG: Total gradient stack used is 370362 out of 10000000
DEBUG: Total dvariable address used is 2083 out of 150000
DEBUG: Total dvariable address used is 3555248 out of 50000000
DEBUG: Total gradient stack used is 370362 out of 10000000
DEBUG: Total dvariable address used is 2083 out of 150000
DEBUG: Total dvariable address used is 3555248 out of 50000000
DEBUG: Total gradient stack used is 370362 out of 10000000
DEBUG: Total dvariable address used is 2083 out of 150000
DEBUG: Total dvariable address used is 3555248 out of 50000000
DEBUG: Total gradient stack used is 370362 out of 10000000
DEBUG: Total dvariable address used is 2083 out of 150000
DEBUG: Total dvariable address used is 3555248 out of 50000000
DEBUG: Total gradient stack used is 370362 out of 10000000
DEBUG: Total dvariable address used is 2083 out of 150000
DEBUG: Total dvariable address used is 3555248 out of 50000000
DEBUG: Total gradient stack used is 370362 out of 10000000
DEBUG: Total dvariable address used is 2083 out of 150000
DEBUG: Total dvariable address used is 3555248 out of 50000000
DEBUG: Total gradient stack used is 370362 out of 10000000
DEBUG: Total dvariable address used is 2083 out of 150000
DEBUG: Total dvariable address used is 3555248 out of 50000000
DEBUG: Total gradient stack used is 370362 out of 10000000
DEBUG: Total dvariable address used is 2083 out of 150000
DEBUG: Total dvariable address used is 3555248 out of 50000000
DEBUG: Total gradient stack used is 370362 out of 10000000
DEBUG: Total dvariable address used is 2083 out of 150000
DEBUG: Total dvariable address used is 3555248 out of 50000000
DEBUG: Total gradient stack used is 370362 out of 10000000
DEBUG: Total dvariable address used is 2083 out of 150000
DEBUG: Total dvariable address used is 3555248 out of 50000000
DEBUG: Total gradient stack used is 370362 out of 10000000
DEBUG: Total dvariable address used is 2083 out of 150000
DEBUG: Total dvariable address used is 3555248 out of 50000000
DEBUG: Total gradient stack used is 370362 out of 10000000
DEBUG: Total dvariable address used is 2083 out of 150000
DEBUG: Total dvariable address used is 3555248 out of 50000000
DEBUG: Total gradient stack used is 370362 out of 10000000
DEBUG: Total dvariable address used is 2083 out of 150000
DEBUG: Total dvariable address used is 3555248 out of 50000000
DEBUG: Total gradient stack used is 370362 out of 10000000
DEBUG: Total dvariable address used is 2083 out of 150000
DEBUG: Total dvariable address used is 3555248 out of 50000000
DEBUG: Total gradient stack used is 370362 out of 10000000
DEBUG: Total dvariable address used is 2083 out of 150000
DEBUG: Total dvariable address used is 3555248 out of 50000000
DEBUG: Total gradient stack used is 370362 out of 10000000
DEBUG: Total dvariable address used is 2083 out of 150000
DEBUG: Total dvariable address used is 3555248 out of 50000000
DEBUG: Total gradient stack used is 370362 out of 10000000
DEBUG: Total dvariable address used is 2083 out of 150000
DEBUG: Total dvariable address used is 3555248 out of 50000000
DEBUG: Total gradient stack used is 370362 out of 10000000
DEBUG: Total dvariable address used is 2083 out of 150000
DEBUG: Total dvariable address used is 3555248 out of 50000000
DEBUG: Total gradient stack used is 370362 out of 10000000
DEBUG: Total dvariable address used is 2083 out of 150000
DEBUG: Total dvariable address used is 3555248 out of 50000000
DEBUG: Total gradient stack used is 370362 out of 10000000
DEBUG: Total dvariable address used is 2083 out of 150000
DEBUG: Total dvariable address used is 3555248 out of 50000000
DEBUG: Total gradient stack used is 370362 out of 10000000
DEBUG: Total dvariable address used is 2083 out of 150000
DEBUG: Total dvariable address used is 3555248 out of 50000000
DEBUG: Total gradient stack used is 370362 out of 10000000
DEBUG: Total dvariable address used is 2083 out of 150000
DEBUG: Total dvariable address used is 3555248 out of 50000000
DEBUG: Total gradient stack used is 370362 out of 10000000
DEBUG: Total dvariable address used is 2083 out of 150000
DEBUG: Total dvariable address used is 3555248 out of 50000000
DEBUG: Total gradient stack used is 370362 out of 10000000
DEBUG: Total dvariable address used is 2083 out of 150000
DEBUG: Total dvariable address used is 3555248 out of 50000000
DEBUG: Total gradient stack used is 370362 out of 10000000
DEBUG: Total dvariable address used is 2083 out of 150000
DEBUG: Total dvariable address used is 3555248 out of 50000000
DEBUG: Total gradient stack used is 370362 out of 10000000
DEBUG: Total dvariable address used is 2083 out of 150000
DEBUG: Total dvariable address used is 3555248 out of 50000000
DEBUG: Total gradient stack used is 370362 out of 10000000
DEBUG: Total dvariable address used is 2083 out of 150000
DEBUG: Total dvariable address used is 3555248 out of 50000000
DEBUG: Total gradient stack used is 370362 out of 10000000
DEBUG: Total dvariable address used is 2083 out of 150000
DEBUG: Total dvariable address used is 3555248 out of 50000000
DEBUG: Total gradient stack used is 370362 out of 10000000
DEBUG: Total dvariable address used is 2083 out of 150000
DEBUG: Total dvariable address used is 3555248 out of 50000000
DEBUG: Total gradient stack used is 370362 out of 10000000
DEBUG: Total dvariable address used is 2083 out of 150000
DEBUG: Total dvariable address used is 3555248 out of 50000000
DEBUG: Total gradient stack used is 370362 out of 10000000
DEBUG: Total dvariable address used is 2083 out of 150000
DEBUG: Total dvariable address used is 3555248 out of 50000000
DEBUG: Total gradient stack used is 370362 out of 10000000
DEBUG: Total dvariable address used is 2083 out of 150000
DEBUG: Total dvariable address used is 3555248 out of 50000000
DEBUG: Total gradient stack used is 370362 out of 10000000
DEBUG: Total dvariable address used is 2083 out of 150000
DEBUG: Total dvariable address used is 3555248 out of 50000000
DEBUG: Total gradient stack used is 370362 out of 10000000
DEBUG: Total dvariable address used is 2083 out of 150000
DEBUG: Total dvariable address used is 3555248 out of 50000000
DEBUG: Total gradient stack used is 370362 out of 10000000
DEBUG: Total dvariable address used is 2083 out of 150000
DEBUG: Total dvariable address used is 3555248 out of 50000000
DEBUG: Total gradient stack used is 370362 out of 10000000
DEBUG: Total dvariable address used is 2083 out of 150000
DEBUG: Total dvariable address used is 3555248 out of 50000000
DEBUG: Total gradient stack used is 370362 out of 10000000
DEBUG: Total dvariable address used is 2083 out of 150000
DEBUG: Total dvariable address used is 3555248 out of 50000000
DEBUG: Total gradient stack used is 370362 out of 10000000
DEBUG: Total dvariable address used is 2083 out of 150000
DEBUG: Total dvariable address used is 3555248 out of 50000000
DEBUG: Total gradient stack used is 370362 out of 10000000
DEBUG: Total dvariable address used is 2083 out of 150000
DEBUG: Total dvariable address used is 3555248 out of 50000000
DEBUG: Total gradient stack used is 370362 out of 10000000
DEBUG: Total dvariable address used is 2083 out of 150000
DEBUG: Total dvariable address used is 3555248 out of 50000000
DEBUG: Total gradient stack used is 370362 out of 10000000
DEBUG: Total dvariable address used is 2083 out of 150000
DEBUG: Total dvariable address used is 3555248 out of 50000000
DEBUG: Total gradient stack used is 370362 out of 10000000
DEBUG: Total dvariable address used is 2083 out of 150000
DEBUG: Total dvariable address used is 3555248 out of 50000000
DEBUG: Total gradient stack used is 370362 out of 10000000
DEBUG: Total dvariable address used is 2083 out of 150000
DEBUG: Total dvariable address used is 3555248 out of 50000000
DEBUG: Total gradient stack used is 370362 out of 10000000
DEBUG: Total dvariable address used is 2083 out of 150000
DEBUG: Total dvariable address used is 3555248 out of 50000000
DEBUG: Total gradient stack used is 370362 out of 10000000
DEBUG: Total dvariable address used is 2083 out of 150000
DEBUG: Total dvariable address used is 3555248 out of 50000000
DEBUG: Total gradient stack used is 370362 out of 10000000
DEBUG: Total dvariable address used is 2083 out of 150000
DEBUG: Total dvariable address used is 3555248 out of 50000000
DEBUG: Total gradient stack used is 370362 out of 10000000
DEBUG: Total dvariable address used is 2083 out of 150000
DEBUG: Total dvariable address used is 3555248 out of 50000000
DEBUG: Total gradient stack used is 370362 out of 10000000
DEBUG: Total dvariable address used is 2083 out of 150000
DEBUG: Total dvariable address used is 3555248 out of 50000000
DEBUG: Total gradient stack used is 370362 out of 10000000
DEBUG: Total dvariable address used is 2083 out of 150000
DEBUG: Total dvariable address used is 3555248 out of 50000000
DEBUG: Total gradient stack used is 370362 out of 10000000
DEBUG: Total dvariable address used is 2083 out of 150000
DEBUG: Total dvariable address used is 3555248 out of 50000000
DEBUG: Total gradient stack used is 370362 out of 10000000
DEBUG: Total dvariable address used is 2083 out of 150000
DEBUG: Total dvariable address used is 3555248 out of 50000000
DEBUG: Total gradient stack used is 370362 out of 10000000
DEBUG: Total dvariable address used is 2083 out of 150000
DEBUG: Total dvariable address used is 3555248 out of 50000000
DEBUG: Total gradient stack used is 370362 out of 10000000
DEBUG: Total dvariable address used is 2083 out of 150000
DEBUG: Total dvariable address used is 3555248 out of 50000000
DEBUG: Total gradient stack used is 370362 out of 10000000
DEBUG: Total dvariable address used is 2083 out of 150000
DEBUG: Total dvariable address used is 3555248 out of 50000000
DEBUG: Total gradient stack used is 370362 out of 10000000
DEBUG: Total dvariable address used is 2083 out of 150000
DEBUG: Total dvariable address used is 3555248 out of 50000000
DEBUG: Total gradient stack used is 370362 out of 10000000
DEBUG: Total dvariable address used is 2083 out of 150000
DEBUG: Total dvariable address used is 3555248 out of 50000000
DEBUG: Total gradient stack used is 370362 out of 10000000
DEBUG: Total dvariable address used is 2083 out of 150000
DEBUG: Total dvariable address used is 3555248 out of 50000000
DEBUG: Total gradient stack used is 370362 out of 10000000
DEBUG: Total dvariable address used is 2083 out of 150000
DEBUG: Total dvariable address used is 3555248 out of 50000000
DEBUG: Total gradient stack used is 370362 out of 10000000
DEBUG: Total dvariable address used is 2083 out of 150000
DEBUG: Total dvariable address used is 3555248 out of 50000000
DEBUG: Total gradient stack used is 370362 out of 10000000
DEBUG: Total dvariable address used is 2083 out of 150000
DEBUG: Total dvariable address used is 3555248 out of 50000000
DEBUG: Total gradient stack used is 370362 out of 10000000
DEBUG: Total dvariable address used is 2083 out of 150000
DEBUG: Total dvariable address used is 3555248 out of 50000000
DEBUG: Total gradient stack used is 370362 out of 10000000
DEBUG: Total dvariable address used is 2083 out of 150000
DEBUG: Total dvariable address used is 3555248 out of 50000000
DEBUG: Total gradient stack used is 370362 out of 10000000
DEBUG: Total dvariable address used is 2083 out of 150000
DEBUG: Total dvariable address used is 3555248 out of 50000000
DEBUG: Total gradient stack used is 370362 out of 10000000
DEBUG: Total dvariable address used is 2083 out of 150000
DEBUG: Total dvariable address used is 3555248 out of 50000000
DEBUG: Total gradient stack used is 370362 out of 10000000
DEBUG: Total dvariable address used is 2083 out of 150000
DEBUG: Total dvariable address used is 3555248 out of 50000000
DEBUG: Total gradient stack used is 370362 out of 10000000
DEBUG: Total dvariable address used is 2083 out of 150000
DEBUG: Total dvariable address used is 3555248 out of 50000000
DEBUG: Total gradient stack used is 370362 out of 10000000
DEBUG: Total dvariable address used is 2083 out of 150000
DEBUG: Total dvariable address used is 3555248 out of 50000000
DEBUG: Total gradient stack used is 370362 out of 10000000
DEBUG: Total dvariable address used is 2083 out of 150000
DEBUG: Total dvariable address used is 3555248 out of 50000000
DEBUG: Total gradient stack used is 370362 out of 10000000
DEBUG: Total dvariable address used is 2083 out of 150000
DEBUG: Total dvariable address used is 3555248 out of 50000000
DEBUG: Total gradient stack used is 370362 out of 10000000
DEBUG: Total dvariable address used is 2083 out of 150000
DEBUG: Total dvariable address used is 3555248 out of 50000000
DEBUG: Total gradient stack used is 370362 out of 10000000
DEBUG: Total dvariable address used is 2083 out of 150000
DEBUG: Total dvariable address used is 3555248 out of 50000000
DEBUG: Total gradient stack used is 370362 out of 10000000
DEBUG: Total dvariable address used is 2083 out of 150000
DEBUG: Total dvariable address used is 3555248 out of 50000000
DEBUG: Total gradient stack used is 370362 out of 10000000
DEBUG: Total dvariable address used is 2083 out of 150000
DEBUG: Total dvariable address used is 3555248 out of 50000000
DEBUG: Total gradient stack used is 370362 out of 10000000
DEBUG: Total dvariable address used is 2083 out of 150000
DEBUG: Total dvariable address used is 3555248 out of 50000000
DEBUG: Total gradient stack used is 370362 out of 10000000
DEBUG: Total dvariable address used is 2083 out of 150000
DEBUG: Total dvariable address used is 3555248 out of 50000000
DEBUG: Total gradient stack used is 370362 out of 10000000
DEBUG: Total dvariable address used is 2083 out of 150000
DEBUG: Total dvariable address used is 3555248 out of 50000000
DEBUG: Total gradient stack used is 370362 out of 10000000
DEBUG: Total dvariable address used is 2083 out of 150000
DEBUG: Total dvariable address used is 3555248 out of 50000000
DEBUG: Total gradient stack used is 370362 out of 10000000
DEBUG: Total dvariable address used is 2083 out of 150000
DEBUG: Total dvariable address used is 3555248 out of 50000000
DEBUG: Total gradient stack used is 370362 out of 10000000
DEBUG: Total dvariable address used is 2083 out of 150000
DEBUG: Total dvariable address used is 3555248 out of 50000000
DEBUG: Total gradient stack used is 370362 out of 10000000
DEBUG: Total dvariable address used is 2083 out of 150000
DEBUG: Total dvariable address used is 3555248 out of 50000000
DEBUG: Total gradient stack used is 370362 out of 10000000
DEBUG: Total dvariable address used is 2083 out of 150000
DEBUG: Total dvariable address used is 3555248 out of 50000000
DEBUG: Total gradient stack used is 370362 out of 10000000
DEBUG: Total dvariable address used is 2083 out of 150000
DEBUG: Total dvariable address used is 3555248 out of 50000000
DEBUG: Total gradient stack used is 370362 out of 10000000
DEBUG: Total dvariable address used is 2083 out of 150000
DEBUG: Total dvariable address used is 3555248 out of 50000000
DEBUG: Total gradient stack used is 370362 out of 10000000
DEBUG: Total dvariable address used is 2083 out of 150000
DEBUG: Total dvariable address used is 3555248 out of 50000000
DEBUG: Total gradient stack used is 370362 out of 10000000
DEBUG: Total dvariable address used is 2083 out of 150000
DEBUG: Total dvariable address used is 3555248 out of 50000000
DEBUG: Total gradient stack used is 370362 out of 10000000
DEBUG: Total dvariable address used is 2083 out of 150000
DEBUG: Total dvariable address used is 3555248 out of 50000000
DEBUG: Total gradient stack used is 370362 out of 10000000
DEBUG: Total dvariable address used is 2083 out of 150000
DEBUG: Total dvariable address used is 3555248 out of 50000000
DEBUG: Total gradient stack used is 370362 out of 10000000
DEBUG: Total dvariable address used is 2083 out of 150000
DEBUG: Total dvariable address used is 3555248 out of 50000000
DEBUG: Total gradient stack used is 370362 out of 10000000
DEBUG: Total dvariable address used is 2083 out of 150000
DEBUG: Total dvariable address used is 3555248 out of 50000000
DEBUG: Total gradient stack used is 370362 out of 10000000
DEBUG: Total dvariable address used is 2083 out of 150000
DEBUG: Total dvariable address used is 3555248 out of 50000000
DEBUG: Total gradient stack used is 370362 out of 10000000
DEBUG: Total dvariable address used is 2083 out of 150000
DEBUG: Total dvariable address used is 3555248 out of 50000000
DEBUG: Total gradient stack used is 370362 out of 10000000
DEBUG: Total dvariable address used is 2083 out of 150000
DEBUG: Total dvariable address used is 3555248 out of 50000000
DEBUG: Total gradient stack used is 370362 out of 10000000
DEBUG: Total dvariable address used is 2083 out of 150000
DEBUG: Total dvariable address used is 3555248 out of 50000000
DEBUG: Total gradient stack used is 370362 out of 10000000
DEBUG: Total dvariable address used is 2083 out of 150000
DEBUG: Total dvariable address used is 3555248 out of 50000000
DEBUG: Total gradient stack used is 370362 out of 10000000
DEBUG: Total dvariable address used is 2083 out of 150000
DEBUG: Total dvariable address used is 3555248 out of 50000000
DEBUG: Total gradient stack used is 370362 out of 10000000
DEBUG: Total dvariable address used is 2083 out of 150000
DEBUG: Total dvariable address used is 3555248 out of 50000000
DEBUG: Total gradient stack used is 370362 out of 10000000
DEBUG: Total dvariable address used is 2083 out of 150000
DEBUG: Total dvariable address used is 3555248 out of 50000000
DEBUG: Total gradient stack used is 370362 out of 10000000
DEBUG: Total dvariable address used is 2083 out of 150000
DEBUG: Total dvariable address used is 3555248 out of 50000000
DEBUG: Total gradient stack used is 370362 out of 10000000
DEBUG: Total dvariable address used is 2083 out of 150000
DEBUG: Total dvariable address used is 3555248 out of 50000000
DEBUG: Total gradient stack used is 370362 out of 10000000
DEBUG: Total dvariable address used is 2083 out of 150000
DEBUG: Total dvariable address used is 3555248 out of 50000000
DEBUG: Total gradient stack used is 370362 out of 10000000
DEBUG: Total dvariable address used is 2083 out of 150000
DEBUG: Total dvariable address used is 3555248 out of 50000000
DEBUG: Total gradient stack used is 370362 out of 10000000
DEBUG: Total dvariable address used is 2083 out of 150000
DEBUG: Total dvariable address used is 3555248 out of 50000000
DEBUG: Total gradient stack used is 370362 out of 10000000
DEBUG: Total dvariable address used is 2083 out of 150000
DEBUG: Total dvariable address used is 3555248 out of 50000000
DEBUG: Total gradient stack used is 370362 out of 10000000
DEBUG: Total dvariable address used is 2083 out of 150000
DEBUG: Total dvariable address used is 3555248 out of 50000000
DEBUG: Total gradient stack used is 370362 out of 10000000
DEBUG: Total dvariable address used is 2083 out of 150000
DEBUG: Total dvariable address used is 3555248 out of 50000000
DEBUG: Total gradient stack used is 370362 out of 10000000
DEBUG: Total dvariable address used is 2083 out of 150000
DEBUG: Total dvariable address used is 3555248 out of 50000000
DEBUG: Total gradient stack used is 370362 out of 10000000
DEBUG: Total dvariable address used is 2083 out of 150000
DEBUG: Total dvariable address used is 3555248 out of 50000000
DEBUG: Total gradient stack used is 370362 out of 10000000
DEBUG: Total dvariable address used is 2083 out of 150000
DEBUG: Total dvariable address used is 3555248 out of 50000000
DEBUG: Total gradient stack used is 370362 out of 10000000
DEBUG: Total dvariable address used is 2083 out of 150000
DEBUG: Total dvariable address used is 3555248 out of 50000000
DEBUG: Total gradient stack used is 370362 out of 10000000
DEBUG: Total dvariable address used is 2083 out of 150000
DEBUG: Total dvariable address used is 3555248 out of 50000000
DEBUG: Total gradient stack used is 370362 out of 10000000
DEBUG: Total dvariable address used is 2083 out of 150000
DEBUG: Total dvariable address used is 3555248 out of 50000000
DEBUG: Total gradient stack used is 370362 out of 10000000
DEBUG: Total dvariable address used is 2083 out of 150000
DEBUG: Total dvariable address used is 3555248 out of 50000000
DEBUG: Total gradient stack used is 370362 out of 10000000
DEBUG: Total dvariable address used is 2083 out of 150000
DEBUG: Total dvariable address used is 3555248 out of 50000000
DEBUG: Total gradient stack used is 370362 out of 10000000
DEBUG: Total dvariable address used is 2083 out of 150000
DEBUG: Total dvariable address used is 3555248 out of 50000000
DEBUG: Total gradient stack used is 370362 out of 10000000
DEBUG: Total dvariable address used is 2083 out of 150000
DEBUG: Total dvariable address used is 3555248 out of 50000000
DEBUG: Total gradient stack used is 370362 out of 10000000
DEBUG: Total dvariable address used is 2083 out of 150000
DEBUG: Total dvariable address used is 3555248 out of 50000000
DEBUG: Total gradient stack used is 370362 out of 10000000
DEBUG: Total dvariable address used is 2083 out of 150000
DEBUG: Total dvariable address used is 3555248 out of 50000000
DEBUG: Total gradient stack used is 370362 out of 10000000
DEBUG: Total dvariable address used is 2083 out of 150000
DEBUG: Total dvariable address used is 3555248 out of 50000000
DEBUG: Total gradient stack used is 370362 out of 10000000
DEBUG: Total dvariable address used is 2083 out of 150000
DEBUG: Total dvariable address used is 3555248 out of 50000000
DEBUG: Total gradient stack used is 370362 out of 10000000
DEBUG: Total dvariable address used is 2083 out of 150000
DEBUG: Total dvariable address used is 3555248 out of 50000000
DEBUG: Total gradient stack used is 370362 out of 10000000
DEBUG: Total dvariable address used is 2083 out of 150000
DEBUG: Total dvariable address used is 3555248 out of 50000000
DEBUG: Total gradient stack used is 370362 out of 10000000
DEBUG: Total dvariable address used is 2083 out of 150000
DEBUG: Total dvariable address used is 3555248 out of 50000000
DEBUG: Total gradient stack used is 370362 out of 10000000
DEBUG: Total dvariable address used is 2083 out of 150000
DEBUG: Total dvariable address used is 3555248 out of 50000000
DEBUG: Total gradient stack used is 370362 out of 10000000
DEBUG: Total dvariable address used is 2083 out of 150000
DEBUG: Total dvariable address used is 3555248 out of 50000000
DEBUG: Total gradient stack used is 370362 out of 10000000
DEBUG: Total dvariable address used is 2083 out of 150000
DEBUG: Total dvariable address used is 3555248 out of 50000000
DEBUG: Total gradient stack used is 370362 out of 10000000
DEBUG: Total dvariable address used is 2083 out of 150000
DEBUG: Total dvariable address used is 3555248 out of 50000000
DEBUG: Total gradient stack used is 370362 out of 10000000
DEBUG: Total dvariable address used is 2083 out of 150000
DEBUG: Total dvariable address used is 3555248 out of 50000000
DEBUG: Total gradient stack used is 370362 out of 10000000
DEBUG: Total dvariable address used is 2083 out of 150000
DEBUG: Total dvariable address used is 3555248 out of 50000000
DEBUG: Total gradient stack used is 370362 out of 10000000
DEBUG: Total dvariable address used is 2083 out of 150000
DEBUG: Total dvariable address used is 3555248 out of 50000000
DEBUG: Total gradient stack used is 370362 out of 10000000
DEBUG: Total dvariable address used is 2083 out of 150000
DEBUG: Total dvariable address used is 3555248 out of 50000000
DEBUG: Total gradient stack used is 370362 out of 10000000
DEBUG: Total dvariable address used is 2083 out of 150000
DEBUG: Total dvariable address used is 3555248 out of 50000000
DEBUG: Total gradient stack used is 370362 out of 10000000
DEBUG: Total dvariable address used is 2083 out of 150000
DEBUG: Total dvariable address used is 3555248 out of 50000000
DEBUG: Total gradient stack used is 370362 out of 10000000
DEBUG: Total dvariable address used is 2083 out of 150000
DEBUG: Total dvariable address used is 3555248 out of 50000000
DEBUG: Total gradient stack used is 370362 out of 10000000
DEBUG: Total dvariable address used is 2083 out of 150000
DEBUG: Total dvariable address used is 3555248 out of 50000000
DEBUG: Total gradient stack used is 370362 out of 10000000
DEBUG: Total dvariable address used is 2083 out of 150000
DEBUG: Total dvariable address used is 3555248 out of 50000000
DEBUG: Total gradient stack used is 370362 out of 10000000
DEBUG: Total dvariable address used is 2083 out of 150000
DEBUG: Total dvariable address used is 3555248 out of 50000000
DEBUG: Total gradient stack used is 370362 out of 10000000
DEBUG: Total dvariable address used is 2083 out of 150000
DEBUG: Total dvariable address used is 3555248 out of 50000000
DEBUG: Total gradient stack used is 370362 out of 10000000
DEBUG: Total dvariable address used is 2083 out of 150000
DEBUG: Total dvariable address used is 3555248 out of 50000000
DEBUG: Total gradient stack used is 370362 out of 10000000
DEBUG: Total dvariable address used is 2083 out of 150000
DEBUG: Total dvariable address used is 3555248 out of 50000000
DEBUG: Total gradient stack used is 370362 out of 10000000
DEBUG: Total dvariable address used is 2083 out of 150000
DEBUG: Total dvariable address used is 3555248 out of 50000000
DEBUG: Total gradient stack used is 370362 out of 10000000
DEBUG: Total dvariable address used is 2083 out of 150000
DEBUG: Total dvariable address used is 3555248 out of 50000000
DEBUG: Total gradient stack used is 370362 out of 10000000
DEBUG: Total dvariable address used is 2083 out of 150000
DEBUG: Total dvariable address used is 3555248 out of 50000000
DEBUG: Total gradient stack used is 370362 out of 10000000
DEBUG: Total dvariable address used is 2083 out of 150000
DEBUG: Total dvariable address used is 3555248 out of 50000000
DEBUG: Total gradient stack used is 370362 out of 10000000
DEBUG: Total dvariable address used is 2083 out of 150000
DEBUG: Total dvariable address used is 3555248 out of 50000000
DEBUG: Total gradient stack used is 370362 out of 10000000
DEBUG: Total dvariable address used is 2083 out of 150000
DEBUG: Total dvariable address used is 3555248 out of 50000000
DEBUG: Total gradient stack used is 370362 out of 10000000
DEBUG: Total dvariable address used is 2083 out of 150000
DEBUG: Total dvariable address used is 3555248 out of 50000000
DEBUG: Total gradient stack used is 370362 out of 10000000
DEBUG: Total dvariable address used is 2083 out of 150000
DEBUG: Total dvariable address used is 3555248 out of 50000000
DEBUG: Total gradient stack used is 370362 out of 10000000
DEBUG: Total dvariable address used is 2083 out of 150000
DEBUG: Total dvariable address used is 3555248 out of 50000000
DEBUG: Total gradient stack used is 370362 out of 10000000
DEBUG: Total dvariable address used is 2083 out of 150000
DEBUG: Total dvariable address used is 3555248 out of 50000000
DEBUG: Total gradient stack used is 370362 out of 10000000
DEBUG: Total dvariable address used is 2083 out of 150000
DEBUG: Total dvariable address used is 3555248 out of 50000000
DEBUG: Total gradient stack used is 370362 out of 10000000
DEBUG: Total dvariable address used is 2083 out of 150000
DEBUG: Total dvariable address used is 3555248 out of 50000000
DEBUG: Total gradient stack used is 370362 out of 10000000
DEBUG: Total dvariable address used is 2083 out of 150000
DEBUG: Total dvariable address used is 3555248 out of 50000000
DEBUG: Total gradient stack used is 370362 out of 10000000
DEBUG: Total dvariable address used is 2083 out of 150000
DEBUG: Total dvariable address used is 3555248 out of 50000000
DEBUG: Total gradient stack used is 370362 out of 10000000
DEBUG: Total dvariable address used is 2083 out of 150000
DEBUG: Total dvariable address used is 3555248 out of 50000000
DEBUG: Total gradient stack used is 370362 out of 10000000
DEBUG: Total dvariable address used is 2083 out of 150000
DEBUG: Total dvariable address used is 3555248 out of 50000000
DEBUG: Total gradient stack used is 370362 out of 10000000
DEBUG: Total dvariable address used is 2083 out of 150000
DEBUG: Total dvariable address used is 3555248 out of 50000000
DEBUG: Total gradient stack used is 370362 out of 10000000
DEBUG: Total dvariable address used is 2083 out of 150000
DEBUG: Total dvariable address used is 3555248 out of 50000000
DEBUG: Total gradient stack used is 370362 out of 10000000
DEBUG: Total dvariable address used is 2083 out of 150000
DEBUG: Total dvariable address used is 3555248 out of 50000000
DEBUG: Total gradient stack used is 370362 out of 10000000
DEBUG: Total dvariable address used is 2083 out of 150000
DEBUG: Total dvariable address used is 3555248 out of 50000000
DEBUG: Total gradient stack used is 370362 out of 10000000
DEBUG: Total dvariable address used is 2083 out of 150000
DEBUG: Total dvariable address used is 3555248 out of 50000000
DEBUG: Total gradient stack used is 370362 out of 10000000
DEBUG: Total dvariable address used is 2083 out of 150000
DEBUG: Total dvariable address used is 3555248 out of 50000000
DEBUG: Total gradient stack used is 370362 out of 10000000
DEBUG: Total dvariable address used is 2083 out of 150000
DEBUG: Total dvariable address used is 3555248 out of 50000000
DEBUG: Total gradient stack used is 370362 out of 10000000
DEBUG: Total dvariable address used is 2083 out of 150000
DEBUG: Total dvariable address used is 3555248 out of 50000000
DEBUG: Total gradient stack used is 370362 out of 10000000
DEBUG: Total dvariable address used is 2083 out of 150000
DEBUG: Total dvariable address used is 3555248 out of 50000000
DEBUG: Total gradient stack used is 370362 out of 10000000
DEBUG: Total dvariable address used is 2083 out of 150000
DEBUG: Total dvariable address used is 3555248 out of 50000000
DEBUG: Total gradient stack used is 370362 out of 10000000
DEBUG: Total dvariable address used is 2083 out of 150000
DEBUG: Total dvariable address used is 3555248 out of 50000000
DEBUG: Total gradient stack used is 370362 out of 10000000
DEBUG: Total dvariable address used is 2083 out of 150000
DEBUG: Total dvariable address used is 3555248 out of 50000000
DEBUG: Total gradient stack used is 370362 out of 10000000
DEBUG: Total dvariable address used is 2083 out of 150000
DEBUG: Total dvariable address used is 3555248 out of 50000000
DEBUG: Total gradient stack used is 370362 out of 10000000
DEBUG: Total dvariable address used is 2083 out of 150000
DEBUG: Total dvariable address used is 3555248 out of 50000000
DEBUG: Total gradient stack used is 370362 out of 10000000
DEBUG: Total dvariable address used is 2083 out of 150000
DEBUG: Total dvariable address used is 3555248 out of 50000000
DEBUG: Total gradient stack used is 370362 out of 10000000
DEBUG: Total dvariable address used is 2083 out of 150000
DEBUG: Total dvariable address used is 3555248 out of 50000000
DEBUG: Total gradient stack used is 370362 out of 10000000
DEBUG: Total dvariable address used is 2083 out of 150000
DEBUG: Total dvariable address used is 3555248 out of 50000000
DEBUG: Total gradient stack used is 370362 out of 10000000
DEBUG: Total dvariable address used is 2083 out of 150000
DEBUG: Total dvariable address used is 3555248 out of 50000000
DEBUG: Total gradient stack used is 370362 out of 10000000
DEBUG: Total dvariable address used is 2083 out of 150000
DEBUG: Total dvariable address used is 3555248 out of 50000000
, 80%DEBUG: Total gradient stack used is 370362 out of 10000000
DEBUG: Total dvariable address used is 2083 out of 150000
DEBUG: Total dvariable address used is 3555248 out of 50000000
DEBUG: Total gradient stack used is 370362 out of 10000000
DEBUG: Total dvariable address used is 2083 out of 150000
DEBUG: Total dvariable address used is 3555248 out of 50000000
DEBUG: Total gradient stack used is 370362 out of 10000000
DEBUG: Total dvariable address used is 2083 out of 150000
DEBUG: Total dvariable address used is 3555248 out of 50000000
DEBUG: Total gradient stack used is 370362 out of 10000000
DEBUG: Total dvariable address used is 2083 out of 150000
DEBUG: Total dvariable address used is 3555248 out of 50000000
DEBUG: Total gradient stack used is 370362 out of 10000000
DEBUG: Total dvariable address used is 2083 out of 150000
DEBUG: Total dvariable address used is 3555248 out of 50000000
DEBUG: Total gradient stack used is 370362 out of 10000000
DEBUG: Total dvariable address used is 2083 out of 150000
DEBUG: Total dvariable address used is 3555248 out of 50000000
DEBUG: Total gradient stack used is 370362 out of 10000000
DEBUG: Total dvariable address used is 2083 out of 150000
DEBUG: Total dvariable address used is 3555248 out of 50000000
DEBUG: Total gradient stack used is 370362 out of 10000000
DEBUG: Total dvariable address used is 2083 out of 150000
DEBUG: Total dvariable address used is 3555248 out of 50000000
DEBUG: Total gradient stack used is 370362 out of 10000000
DEBUG: Total dvariable address used is 2083 out of 150000
DEBUG: Total dvariable address used is 3555248 out of 50000000
DEBUG: Total gradient stack used is 370362 out of 10000000
DEBUG: Total dvariable address used is 2083 out of 150000
DEBUG: Total dvariable address used is 3555248 out of 50000000
DEBUG: Total gradient stack used is 370362 out of 10000000
DEBUG: Total dvariable address used is 2083 out of 150000
DEBUG: Total dvariable address used is 3555248 out of 50000000
DEBUG: Total gradient stack used is 370362 out of 10000000
DEBUG: Total dvariable address used is 2083 out of 150000
DEBUG: Total dvariable address used is 3555248 out of 50000000
DEBUG: Total gradient stack used is 370362 out of 10000000
DEBUG: Total dvariable address used is 2083 out of 150000
DEBUG: Total dvariable address used is 3555248 out of 50000000
DEBUG: Total gradient stack used is 370362 out of 10000000
DEBUG: Total dvariable address used is 2083 out of 150000
DEBUG: Total dvariable address used is 3555248 out of 50000000
DEBUG: Total gradient stack used is 370362 out of 10000000
DEBUG: Total dvariable address used is 2083 out of 150000
DEBUG: Total dvariable address used is 3555248 out of 50000000
DEBUG: Total gradient stack used is 370362 out of 10000000
DEBUG: Total dvariable address used is 2083 out of 150000
DEBUG: Total dvariable address used is 3555248 out of 50000000
DEBUG: Total gradient stack used is 370362 out of 10000000
DEBUG: Total dvariable address used is 2083 out of 150000
DEBUG: Total dvariable address used is 3555248 out of 50000000
DEBUG: Total gradient stack used is 370362 out of 10000000
DEBUG: Total dvariable address used is 2083 out of 150000
DEBUG: Total dvariable address used is 3555248 out of 50000000
DEBUG: Total gradient stack used is 370362 out of 10000000
DEBUG: Total dvariable address used is 2083 out of 150000
DEBUG: Total dvariable address used is 3555248 out of 50000000
DEBUG: Total gradient stack used is 370362 out of 10000000
DEBUG: Total dvariable address used is 2083 out of 150000
DEBUG: Total dvariable address used is 3555248 out of 50000000
DEBUG: Total gradient stack used is 370362 out of 10000000
DEBUG: Total dvariable address used is 2083 out of 150000
DEBUG: Total dvariable address used is 3555248 out of 50000000
DEBUG: Total gradient stack used is 370362 out of 10000000
DEBUG: Total dvariable address used is 2083 out of 150000
DEBUG: Total dvariable address used is 3555248 out of 50000000
DEBUG: Total gradient stack used is 370362 out of 10000000
DEBUG: Total dvariable address used is 2083 out of 150000
DEBUG: Total dvariable address used is 3555248 out of 50000000
DEBUG: Total gradient stack used is 370362 out of 10000000
DEBUG: Total dvariable address used is 2083 out of 150000
DEBUG: Total dvariable address used is 3555248 out of 50000000
DEBUG: Total gradient stack used is 370362 out of 10000000
DEBUG: Total dvariable address used is 2083 out of 150000
DEBUG: Total dvariable address used is 3555248 out of 50000000
DEBUG: Total gradient stack used is 370362 out of 10000000
DEBUG: Total dvariable address used is 2083 out of 150000
DEBUG: Total dvariable address used is 3555248 out of 50000000
DEBUG: Total gradient stack used is 370362 out of 10000000
DEBUG: Total dvariable address used is 2083 out of 150000
DEBUG: Total dvariable address used is 3555248 out of 50000000
DEBUG: Total gradient stack used is 370362 out of 10000000
DEBUG: Total dvariable address used is 2083 out of 150000
DEBUG: Total dvariable address used is 3555248 out of 50000000
DEBUG: Total gradient stack used is 370362 out of 10000000
DEBUG: Total dvariable address used is 2083 out of 150000
DEBUG: Total dvariable address used is 3555248 out of 50000000
DEBUG: Total gradient stack used is 370362 out of 10000000
DEBUG: Total dvariable address used is 2083 out of 150000
DEBUG: Total dvariable address used is 3555248 out of 50000000
DEBUG: Total gradient stack used is 370362 out of 10000000
DEBUG: Total dvariable address used is 2083 out of 150000
DEBUG: Total dvariable address used is 3555248 out of 50000000
DEBUG: Total gradient stack used is 370362 out of 10000000
DEBUG: Total dvariable address used is 2083 out of 150000
DEBUG: Total dvariable address used is 3555248 out of 50000000
DEBUG: Total gradient stack used is 370362 out of 10000000
DEBUG: Total dvariable address used is 2083 out of 150000
DEBUG: Total dvariable address used is 3555248 out of 50000000
DEBUG: Total gradient stack used is 370362 out of 10000000
DEBUG: Total dvariable address used is 2083 out of 150000
DEBUG: Total dvariable address used is 3555248 out of 50000000
DEBUG: Total gradient stack used is 370362 out of 10000000
DEBUG: Total dvariable address used is 2083 out of 150000
DEBUG: Total dvariable address used is 3555248 out of 50000000
DEBUG: Total gradient stack used is 370362 out of 10000000
DEBUG: Total dvariable address used is 2083 out of 150000
DEBUG: Total dvariable address used is 3555248 out of 50000000
DEBUG: Total gradient stack used is 370362 out of 10000000
DEBUG: Total dvariable address used is 2083 out of 150000
DEBUG: Total dvariable address used is 3555248 out of 50000000
DEBUG: Total gradient stack used is 370362 out of 10000000
DEBUG: Total dvariable address used is 2083 out of 150000
DEBUG: Total dvariable address used is 3555248 out of 50000000
DEBUG: Total gradient stack used is 370362 out of 10000000
DEBUG: Total dvariable address used is 2083 out of 150000
DEBUG: Total dvariable address used is 3555248 out of 50000000
DEBUG: Total gradient stack used is 370362 out of 10000000
DEBUG: Total dvariable address used is 2083 out of 150000
DEBUG: Total dvariable address used is 3555248 out of 50000000
DEBUG: Total gradient stack used is 370362 out of 10000000
DEBUG: Total dvariable address used is 2083 out of 150000
DEBUG: Total dvariable address used is 3555248 out of 50000000
DEBUG: Total gradient stack used is 370362 out of 10000000
DEBUG: Total dvariable address used is 2083 out of 150000
DEBUG: Total dvariable address used is 3555248 out of 50000000
DEBUG: Total gradient stack used is 370362 out of 10000000
DEBUG: Total dvariable address used is 2083 out of 150000
DEBUG: Total dvariable address used is 3555248 out of 50000000
DEBUG: Total gradient stack used is 370362 out of 10000000
DEBUG: Total dvariable address used is 2083 out of 150000
DEBUG: Total dvariable address used is 3555248 out of 50000000
DEBUG: Total gradient stack used is 370362 out of 10000000
DEBUG: Total dvariable address used is 2083 out of 150000
DEBUG: Total dvariable address used is 3555248 out of 50000000
DEBUG: Total gradient stack used is 370362 out of 10000000
DEBUG: Total dvariable address used is 2083 out of 150000
DEBUG: Total dvariable address used is 3555248 out of 50000000
DEBUG: Total gradient stack used is 370362 out of 10000000
DEBUG: Total dvariable address used is 2083 out of 150000
DEBUG: Total dvariable address used is 3555248 out of 50000000
DEBUG: Total gradient stack used is 370362 out of 10000000
DEBUG: Total dvariable address used is 2083 out of 150000
DEBUG: Total dvariable address used is 3555248 out of 50000000
DEBUG: Total gradient stack used is 370362 out of 10000000
DEBUG: Total dvariable address used is 2083 out of 150000
DEBUG: Total dvariable address used is 3555248 out of 50000000
DEBUG: Total gradient stack used is 370362 out of 10000000
DEBUG: Total dvariable address used is 2083 out of 150000
DEBUG: Total dvariable address used is 3555248 out of 50000000
DEBUG: Total gradient stack used is 370362 out of 10000000
DEBUG: Total dvariable address used is 2083 out of 150000
DEBUG: Total dvariable address used is 3555248 out of 50000000
DEBUG: Total gradient stack used is 370362 out of 10000000
DEBUG: Total dvariable address used is 2083 out of 150000
DEBUG: Total dvariable address used is 3555248 out of 50000000
DEBUG: Total gradient stack used is 370362 out of 10000000
DEBUG: Total dvariable address used is 2083 out of 150000
DEBUG: Total dvariable address used is 3555248 out of 50000000
DEBUG: Total gradient stack used is 370362 out of 10000000
DEBUG: Total dvariable address used is 2083 out of 150000
DEBUG: Total dvariable address used is 3555248 out of 50000000
DEBUG: Total gradient stack used is 370362 out of 10000000
DEBUG: Total dvariable address used is 2083 out of 150000
DEBUG: Total dvariable address used is 3555248 out of 50000000
DEBUG: Total gradient stack used is 370362 out of 10000000
DEBUG: Total dvariable address used is 2083 out of 150000
DEBUG: Total dvariable address used is 3555248 out of 50000000
DEBUG: Total gradient stack used is 370362 out of 10000000
DEBUG: Total dvariable address used is 2083 out of 150000
DEBUG: Total dvariable address used is 3555248 out of 50000000
DEBUG: Total gradient stack used is 370362 out of 10000000
DEBUG: Total dvariable address used is 2083 out of 150000
DEBUG: Total dvariable address used is 3555248 out of 50000000
DEBUG: Total gradient stack used is 370362 out of 10000000
DEBUG: Total dvariable address used is 2083 out of 150000
DEBUG: Total dvariable address used is 3555248 out of 50000000
DEBUG: Total gradient stack used is 370362 out of 10000000
DEBUG: Total dvariable address used is 2083 out of 150000
DEBUG: Total dvariable address used is 3555248 out of 50000000
DEBUG: Total gradient stack used is 370362 out of 10000000
DEBUG: Total dvariable address used is 2083 out of 150000
DEBUG: Total dvariable address used is 3555248 out of 50000000
DEBUG: Total gradient stack used is 370362 out of 10000000
DEBUG: Total dvariable address used is 2083 out of 150000
DEBUG: Total dvariable address used is 3555248 out of 50000000
DEBUG: Total gradient stack used is 370362 out of 10000000
DEBUG: Total dvariable address used is 2083 out of 150000
DEBUG: Total dvariable address used is 3555248 out of 50000000
DEBUG: Total gradient stack used is 370362 out of 10000000
DEBUG: Total dvariable address used is 2083 out of 150000
DEBUG: Total dvariable address used is 3555248 out of 50000000
DEBUG: Total gradient stack used is 370362 out of 10000000
DEBUG: Total dvariable address used is 2083 out of 150000
DEBUG: Total dvariable address used is 3555248 out of 50000000
DEBUG: Total gradient stack used is 370362 out of 10000000
DEBUG: Total dvariable address used is 2083 out of 150000
DEBUG: Total dvariable address used is 3555248 out of 50000000
DEBUG: Total gradient stack used is 370362 out of 10000000
DEBUG: Total dvariable address used is 2083 out of 150000
DEBUG: Total dvariable address used is 3555248 out of 50000000
DEBUG: Total gradient stack used is 370362 out of 10000000
DEBUG: Total dvariable address used is 2083 out of 150000
DEBUG: Total dvariable address used is 3555248 out of 50000000
DEBUG: Total gradient stack used is 370362 out of 10000000
DEBUG: Total dvariable address used is 2083 out of 150000
DEBUG: Total dvariable address used is 3555248 out of 50000000
DEBUG: Total gradient stack used is 370362 out of 10000000
DEBUG: Total dvariable address used is 2083 out of 150000
DEBUG: Total dvariable address used is 3555248 out of 50000000
DEBUG: Total gradient stack used is 370362 out of 10000000
DEBUG: Total dvariable address used is 2083 out of 150000
DEBUG: Total dvariable address used is 3555248 out of 50000000
DEBUG: Total gradient stack used is 370362 out of 10000000
DEBUG: Total dvariable address used is 2083 out of 150000
DEBUG: Total dvariable address used is 3555248 out of 50000000
DEBUG: Total gradient stack used is 370362 out of 10000000
DEBUG: Total dvariable address used is 2083 out of 150000
DEBUG: Total dvariable address used is 3555248 out of 50000000
DEBUG: Total gradient stack used is 370362 out of 10000000
DEBUG: Total dvariable address used is 2083 out of 150000
DEBUG: Total dvariable address used is 3555248 out of 50000000
DEBUG: Total gradient stack used is 370362 out of 10000000
DEBUG: Total dvariable address used is 2083 out of 150000
DEBUG: Total dvariable address used is 3555248 out of 50000000
DEBUG: Total gradient stack used is 370362 out of 10000000
DEBUG: Total dvariable address used is 2083 out of 150000
DEBUG: Total dvariable address used is 3555248 out of 50000000
DEBUG: Total gradient stack used is 370362 out of 10000000
DEBUG: Total dvariable address used is 2083 out of 150000
DEBUG: Total dvariable address used is 3555248 out of 50000000
DEBUG: Total gradient stack used is 370362 out of 10000000
DEBUG: Total dvariable address used is 2083 out of 150000
DEBUG: Total dvariable address used is 3555248 out of 50000000
DEBUG: Total gradient stack used is 370362 out of 10000000
DEBUG: Total dvariable address used is 2083 out of 150000
DEBUG: Total dvariable address used is 3555248 out of 50000000
DEBUG: Total gradient stack used is 370362 out of 10000000
DEBUG: Total dvariable address used is 2083 out of 150000
DEBUG: Total dvariable address used is 3555248 out of 50000000
DEBUG: Total gradient stack used is 370362 out of 10000000
DEBUG: Total dvariable address used is 2083 out of 150000
DEBUG: Total dvariable address used is 3555248 out of 50000000
DEBUG: Total gradient stack used is 370362 out of 10000000
DEBUG: Total dvariable address used is 2083 out of 150000
DEBUG: Total dvariable address used is 3555248 out of 50000000
DEBUG: Total gradient stack used is 370362 out of 10000000
DEBUG: Total dvariable address used is 2083 out of 150000
DEBUG: Total dvariable address used is 3555248 out of 50000000
DEBUG: Total gradient stack used is 370362 out of 10000000
DEBUG: Total dvariable address used is 2083 out of 150000
DEBUG: Total dvariable address used is 3555248 out of 50000000
DEBUG: Total gradient stack used is 370362 out of 10000000
DEBUG: Total dvariable address used is 2083 out of 150000
DEBUG: Total dvariable address used is 3555248 out of 50000000
DEBUG: Total gradient stack used is 370362 out of 10000000
DEBUG: Total dvariable address used is 2083 out of 150000
DEBUG: Total dvariable address used is 3555248 out of 50000000
DEBUG: Total gradient stack used is 370362 out of 10000000
DEBUG: Total dvariable address used is 2083 out of 150000
DEBUG: Total dvariable address used is 3555248 out of 50000000
DEBUG: Total gradient stack used is 370362 out of 10000000
DEBUG: Total dvariable address used is 2083 out of 150000
DEBUG: Total dvariable address used is 3555248 out of 50000000
DEBUG: Total gradient stack used is 370362 out of 10000000
DEBUG: Total dvariable address used is 2083 out of 150000
DEBUG: Total dvariable address used is 3555248 out of 50000000
DEBUG: Total gradient stack used is 370362 out of 10000000
DEBUG: Total dvariable address used is 2083 out of 150000
DEBUG: Total dvariable address used is 3555248 out of 50000000
DEBUG: Total gradient stack used is 370362 out of 10000000
DEBUG: Total dvariable address used is 2083 out of 150000
DEBUG: Total dvariable address used is 3555248 out of 50000000
DEBUG: Total gradient stack used is 370362 out of 10000000
DEBUG: Total dvariable address used is 2083 out of 150000
DEBUG: Total dvariable address used is 3555248 out of 50000000
DEBUG: Total gradient stack used is 370362 out of 10000000
DEBUG: Total dvariable address used is 2083 out of 150000
DEBUG: Total dvariable address used is 3555248 out of 50000000
DEBUG: Total gradient stack used is 370362 out of 10000000
DEBUG: Total dvariable address used is 2083 out of 150000
DEBUG: Total dvariable address used is 3555248 out of 50000000
DEBUG: Total gradient stack used is 370362 out of 10000000
DEBUG: Total dvariable address used is 2083 out of 150000
DEBUG: Total dvariable address used is 3555248 out of 50000000
DEBUG: Total gradient stack used is 370362 out of 10000000
DEBUG: Total dvariable address used is 2083 out of 150000
DEBUG: Total dvariable address used is 3555248 out of 50000000
DEBUG: Total gradient stack used is 370362 out of 10000000
DEBUG: Total dvariable address used is 2083 out of 150000
DEBUG: Total dvariable address used is 3555248 out of 50000000
DEBUG: Total gradient stack used is 370362 out of 10000000
DEBUG: Total dvariable address used is 2083 out of 150000
DEBUG: Total dvariable address used is 3555248 out of 50000000
DEBUG: Total gradient stack used is 370362 out of 10000000
DEBUG: Total dvariable address used is 2083 out of 150000
DEBUG: Total dvariable address used is 3555248 out of 50000000
DEBUG: Total gradient stack used is 370362 out of 10000000
DEBUG: Total dvariable address used is 2083 out of 150000
DEBUG: Total dvariable address used is 3555248 out of 50000000
DEBUG: Total gradient stack used is 370362 out of 10000000
DEBUG: Total dvariable address used is 2083 out of 150000
DEBUG: Total dvariable address used is 3555248 out of 50000000
DEBUG: Total gradient stack used is 370362 out of 10000000
DEBUG: Total dvariable address used is 2083 out of 150000
DEBUG: Total dvariable address used is 3555248 out of 50000000
DEBUG: Total gradient stack used is 370362 out of 10000000
DEBUG: Total dvariable address used is 2083 out of 150000
DEBUG: Total dvariable address used is 3555248 out of 50000000
DEBUG: Total gradient stack used is 370362 out of 10000000
DEBUG: Total dvariable address used is 2083 out of 150000
DEBUG: Total dvariable address used is 3555248 out of 50000000
DEBUG: Total gradient stack used is 370362 out of 10000000
DEBUG: Total dvariable address used is 2083 out of 150000
DEBUG: Total dvariable address used is 3555248 out of 50000000
DEBUG: Total gradient stack used is 370362 out of 10000000
DEBUG: Total dvariable address used is 2083 out of 150000
DEBUG: Total dvariable address used is 3555248 out of 50000000
DEBUG: Total gradient stack used is 370362 out of 10000000
DEBUG: Total dvariable address used is 2083 out of 150000
DEBUG: Total dvariable address used is 3555248 out of 50000000
DEBUG: Total gradient stack used is 370362 out of 10000000
DEBUG: Total dvariable address used is 2083 out of 150000
DEBUG: Total dvariable address used is 3555248 out of 50000000
DEBUG: Total gradient stack used is 370362 out of 10000000
DEBUG: Total dvariable address used is 2083 out of 150000
DEBUG: Total dvariable address used is 3555248 out of 50000000
DEBUG: Total gradient stack used is 370362 out of 10000000
DEBUG: Total dvariable address used is 2083 out of 150000
DEBUG: Total dvariable address used is 3555248 out of 50000000
DEBUG: Total gradient stack used is 370362 out of 10000000
DEBUG: Total dvariable address used is 2083 out of 150000
DEBUG: Total dvariable address used is 3555248 out of 50000000
DEBUG: Total gradient stack used is 370362 out of 10000000
DEBUG: Total dvariable address used is 2083 out of 150000
DEBUG: Total dvariable address used is 3555248 out of 50000000
DEBUG: Total gradient stack used is 370362 out of 10000000
DEBUG: Total dvariable address used is 2083 out of 150000
DEBUG: Total dvariable address used is 3555248 out of 50000000
DEBUG: Total gradient stack used is 370362 out of 10000000
DEBUG: Total dvariable address used is 2083 out of 150000
DEBUG: Total dvariable address used is 3555248 out of 50000000
DEBUG: Total gradient stack used is 370362 out of 10000000
DEBUG: Total dvariable address used is 2083 out of 150000
DEBUG: Total dvariable address used is 3555248 out of 50000000
DEBUG: Total gradient stack used is 370362 out of 10000000
DEBUG: Total dvariable address used is 2083 out of 150000
DEBUG: Total dvariable address used is 3555248 out of 50000000
DEBUG: Total gradient stack used is 370362 out of 10000000
DEBUG: Total dvariable address used is 2083 out of 150000
DEBUG: Total dvariable address used is 3555248 out of 50000000
DEBUG: Total gradient stack used is 370362 out of 10000000
DEBUG: Total dvariable address used is 2083 out of 150000
DEBUG: Total dvariable address used is 3555248 out of 50000000
DEBUG: Total gradient stack used is 370362 out of 10000000
DEBUG: Total dvariable address used is 2083 out of 150000
DEBUG: Total dvariable address used is 3555248 out of 50000000
DEBUG: Total gradient stack used is 370362 out of 10000000
DEBUG: Total dvariable address used is 2083 out of 150000
DEBUG: Total dvariable address used is 3555248 out of 50000000
DEBUG: Total gradient stack used is 370362 out of 10000000
DEBUG: Total dvariable address used is 2083 out of 150000
DEBUG: Total dvariable address used is 3555248 out of 50000000
DEBUG: Total gradient stack used is 370362 out of 10000000
DEBUG: Total dvariable address used is 2083 out of 150000
DEBUG: Total dvariable address used is 3555248 out of 50000000
DEBUG: Total gradient stack used is 370362 out of 10000000
DEBUG: Total dvariable address used is 2083 out of 150000
DEBUG: Total dvariable address used is 3555248 out of 50000000
DEBUG: Total gradient stack used is 370362 out of 10000000
DEBUG: Total dvariable address used is 2083 out of 150000
DEBUG: Total dvariable address used is 3555248 out of 50000000
DEBUG: Total gradient stack used is 370362 out of 10000000
DEBUG: Total dvariable address used is 2083 out of 150000
DEBUG: Total dvariable address used is 3555248 out of 50000000
DEBUG: Total gradient stack used is 370362 out of 10000000
DEBUG: Total dvariable address used is 2083 out of 150000
DEBUG: Total dvariable address used is 3555248 out of 50000000
DEBUG: Total gradient stack used is 370362 out of 10000000
DEBUG: Total dvariable address used is 2083 out of 150000
DEBUG: Total dvariable address used is 3555248 out of 50000000
DEBUG: Total gradient stack used is 370362 out of 10000000
DEBUG: Total dvariable address used is 2083 out of 150000
DEBUG: Total dvariable address used is 3555248 out of 50000000
DEBUG: Total gradient stack used is 370362 out of 10000000
DEBUG: Total dvariable address used is 2083 out of 150000
DEBUG: Total dvariable address used is 3555248 out of 50000000
DEBUG: Total gradient stack used is 370362 out of 10000000
DEBUG: Total dvariable address used is 2083 out of 150000
DEBUG: Total dvariable address used is 3555248 out of 50000000
DEBUG: Total gradient stack used is 370362 out of 10000000
DEBUG: Total dvariable address used is 2083 out of 150000
DEBUG: Total dvariable address used is 3555248 out of 50000000
DEBUG: Total gradient stack used is 370362 out of 10000000
DEBUG: Total dvariable address used is 2083 out of 150000
DEBUG: Total dvariable address used is 3555248 out of 50000000
DEBUG: Total gradient stack used is 370362 out of 10000000
DEBUG: Total dvariable address used is 2083 out of 150000
DEBUG: Total dvariable address used is 3555248 out of 50000000
DEBUG: Total gradient stack used is 370362 out of 10000000
DEBUG: Total dvariable address used is 2083 out of 150000
DEBUG: Total dvariable address used is 3555248 out of 50000000
DEBUG: Total gradient stack used is 370362 out of 10000000
DEBUG: Total dvariable address used is 2083 out of 150000
DEBUG: Total dvariable address used is 3555248 out of 50000000
DEBUG: Total gradient stack used is 370362 out of 10000000
DEBUG: Total dvariable address used is 2083 out of 150000
DEBUG: Total dvariable address used is 3555248 out of 50000000
DEBUG: Total gradient stack used is 370362 out of 10000000
DEBUG: Total dvariable address used is 2083 out of 150000
DEBUG: Total dvariable address used is 3555248 out of 50000000
DEBUG: Total gradient stack used is 370362 out of 10000000
DEBUG: Total dvariable address used is 2083 out of 150000
DEBUG: Total dvariable address used is 3555248 out of 50000000
DEBUG: Total gradient stack used is 370362 out of 10000000
DEBUG: Total dvariable address used is 2083 out of 150000
DEBUG: Total dvariable address used is 3555248 out of 50000000
DEBUG: Total gradient stack used is 370362 out of 10000000
DEBUG: Total dvariable address used is 2083 out of 150000
DEBUG: Total dvariable address used is 3555248 out of 50000000
DEBUG: Total gradient stack used is 370362 out of 10000000
DEBUG: Total dvariable address used is 2083 out of 150000
DEBUG: Total dvariable address used is 3555248 out of 50000000
DEBUG: Total gradient stack used is 370362 out of 10000000
DEBUG: Total dvariable address used is 2083 out of 150000
DEBUG: Total dvariable address used is 3555248 out of 50000000
DEBUG: Total gradient stack used is 370362 out of 10000000
DEBUG: Total dvariable address used is 2083 out of 150000
DEBUG: Total dvariable address used is 3555248 out of 50000000
DEBUG: Total gradient stack used is 370362 out of 10000000
DEBUG: Total dvariable address used is 2083 out of 150000
DEBUG: Total dvariable address used is 3555248 out of 50000000
DEBUG: Total gradient stack used is 370362 out of 10000000
DEBUG: Total dvariable address used is 2083 out of 150000
DEBUG: Total dvariable address used is 3555248 out of 50000000
DEBUG: Total gradient stack used is 370362 out of 10000000
DEBUG: Total dvariable address used is 2083 out of 150000
DEBUG: Total dvariable address used is 3555248 out of 50000000
DEBUG: Total gradient stack used is 370362 out of 10000000
DEBUG: Total dvariable address used is 2083 out of 150000
DEBUG: Total dvariable address used is 3555248 out of 50000000
DEBUG: Total gradient stack used is 370362 out of 10000000
DEBUG: Total dvariable address used is 2083 out of 150000
DEBUG: Total dvariable address used is 3555248 out of 50000000
DEBUG: Total gradient stack used is 370362 out of 10000000
DEBUG: Total dvariable address used is 2083 out of 150000
DEBUG: Total dvariable address used is 3555248 out of 50000000
DEBUG: Total gradient stack used is 370362 out of 10000000
DEBUG: Total dvariable address used is 2083 out of 150000
DEBUG: Total dvariable address used is 3555248 out of 50000000
DEBUG: Total gradient stack used is 370362 out of 10000000
DEBUG: Total dvariable address used is 2083 out of 150000
DEBUG: Total dvariable address used is 3555248 out of 50000000
DEBUG: Total gradient stack used is 370362 out of 10000000
DEBUG: Total dvariable address used is 2083 out of 150000
DEBUG: Total dvariable address used is 3555248 out of 50000000
DEBUG: Total gradient stack used is 370362 out of 10000000
DEBUG: Total dvariable address used is 2083 out of 150000
DEBUG: Total dvariable address used is 3555248 out of 50000000
DEBUG: Total gradient stack used is 370362 out of 10000000
DEBUG: Total dvariable address used is 2083 out of 150000
DEBUG: Total dvariable address used is 3555248 out of 50000000
DEBUG: Total gradient stack used is 370362 out of 10000000
DEBUG: Total dvariable address used is 2083 out of 150000
DEBUG: Total dvariable address used is 3555248 out of 50000000
DEBUG: Total gradient stack used is 370362 out of 10000000
DEBUG: Total dvariable address used is 2083 out of 150000
DEBUG: Total dvariable address used is 3555248 out of 50000000
DEBUG: Total gradient stack used is 370362 out of 10000000
DEBUG: Total dvariable address used is 2083 out of 150000
DEBUG: Total dvariable address used is 3555248 out of 50000000
DEBUG: Total gradient stack used is 370362 out of 10000000
DEBUG: Total dvariable address used is 2083 out of 150000
DEBUG: Total dvariable address used is 3555248 out of 50000000
DEBUG: Total gradient stack used is 370362 out of 10000000
DEBUG: Total dvariable address used is 2083 out of 150000
DEBUG: Total dvariable address used is 3555248 out of 50000000
DEBUG: Total gradient stack used is 370362 out of 10000000
DEBUG: Total dvariable address used is 2083 out of 150000
DEBUG: Total dvariable address used is 3555248 out of 50000000
DEBUG: Total gradient stack used is 370362 out of 10000000
DEBUG: Total dvariable address used is 2083 out of 150000
DEBUG: Total dvariable address used is 3555248 out of 50000000
DEBUG: Total gradient stack used is 370362 out of 10000000
DEBUG: Total dvariable address used is 2083 out of 150000
DEBUG: Total dvariable address used is 3555248 out of 50000000
DEBUG: Total gradient stack used is 370362 out of 10000000
DEBUG: Total dvariable address used is 2083 out of 150000
DEBUG: Total dvariable address used is 3555248 out of 50000000
DEBUG: Total gradient stack used is 370362 out of 10000000
DEBUG: Total dvariable address used is 2083 out of 150000
DEBUG: Total dvariable address used is 3555248 out of 50000000
DEBUG: Total gradient stack used is 370362 out of 10000000
DEBUG: Total dvariable address used is 2083 out of 150000
DEBUG: Total dvariable address used is 3555248 out of 50000000
DEBUG: Total gradient stack used is 370362 out of 10000000
DEBUG: Total dvariable address used is 2083 out of 150000
DEBUG: Total dvariable address used is 3555248 out of 50000000
DEBUG: Total gradient stack used is 370362 out of 10000000
DEBUG: Total dvariable address used is 2083 out of 150000
DEBUG: Total dvariable address used is 3555248 out of 50000000
DEBUG: Total gradient stack used is 370362 out of 10000000
DEBUG: Total dvariable address used is 2083 out of 150000
DEBUG: Total dvariable address used is 3555248 out of 50000000
DEBUG: Total gradient stack used is 370362 out of 10000000
DEBUG: Total dvariable address used is 2083 out of 150000
DEBUG: Total dvariable address used is 3555248 out of 50000000
DEBUG: Total gradient stack used is 370362 out of 10000000
DEBUG: Total dvariable address used is 2083 out of 150000
DEBUG: Total dvariable address used is 3555248 out of 50000000
DEBUG: Total gradient stack used is 370362 out of 10000000
DEBUG: Total dvariable address used is 2083 out of 150000
DEBUG: Total dvariable address used is 3555248 out of 50000000
DEBUG: Total gradient stack used is 370362 out of 10000000
DEBUG: Total dvariable address used is 2083 out of 150000
DEBUG: Total dvariable address used is 3555248 out of 50000000
DEBUG: Total gradient stack used is 370362 out of 10000000
DEBUG: Total dvariable address used is 2083 out of 150000
DEBUG: Total dvariable address used is 3555248 out of 50000000
DEBUG: Total gradient stack used is 370362 out of 10000000
DEBUG: Total dvariable address used is 2083 out of 150000
DEBUG: Total dvariable address used is 3555248 out of 50000000
DEBUG: Total gradient stack used is 370362 out of 10000000
DEBUG: Total dvariable address used is 2083 out of 150000
DEBUG: Total dvariable address used is 3555248 out of 50000000
DEBUG: Total gradient stack used is 370362 out of 10000000
DEBUG: Total dvariable address used is 2083 out of 150000
DEBUG: Total dvariable address used is 3555248 out of 50000000
DEBUG: Total gradient stack used is 370362 out of 10000000
DEBUG: Total dvariable address used is 2083 out of 150000
DEBUG: Total dvariable address used is 3555248 out of 50000000
DEBUG: Total gradient stack used is 370362 out of 10000000
DEBUG: Total dvariable address used is 2083 out of 150000
DEBUG: Total dvariable address used is 3555248 out of 50000000
DEBUG: Total gradient stack used is 370362 out of 10000000
DEBUG: Total dvariable address used is 2083 out of 150000
DEBUG: Total dvariable address used is 3555248 out of 50000000
DEBUG: Total gradient stack used is 370362 out of 10000000
DEBUG: Total dvariable address used is 2083 out of 150000
DEBUG: Total dvariable address used is 3555248 out of 50000000
DEBUG: Total gradient stack used is 370362 out of 10000000
DEBUG: Total dvariable address used is 2083 out of 150000
DEBUG: Total dvariable address used is 3555248 out of 50000000
DEBUG: Total gradient stack used is 370362 out of 10000000
DEBUG: Total dvariable address used is 2083 out of 150000
DEBUG: Total dvariable address used is 3555248 out of 50000000
DEBUG: Total gradient stack used is 370362 out of 10000000
DEBUG: Total dvariable address used is 2083 out of 150000
DEBUG: Total dvariable address used is 3555248 out of 50000000
DEBUG: Total gradient stack used is 370362 out of 10000000
DEBUG: Total dvariable address used is 2083 out of 150000
DEBUG: Total dvariable address used is 3555248 out of 50000000
DEBUG: Total gradient stack used is 370362 out of 10000000
DEBUG: Total dvariable address used is 2083 out of 150000
DEBUG: Total dvariable address used is 3555248 out of 50000000
DEBUG: Total gradient stack used is 370362 out of 10000000
DEBUG: Total dvariable address used is 2083 out of 150000
DEBUG: Total dvariable address used is 3555248 out of 50000000
DEBUG: Total gradient stack used is 370362 out of 10000000
DEBUG: Total dvariable address used is 2083 out of 150000
DEBUG: Total dvariable address used is 3555248 out of 50000000
DEBUG: Total gradient stack used is 370362 out of 10000000
DEBUG: Total dvariable address used is 2083 out of 150000
DEBUG: Total dvariable address used is 3555248 out of 50000000
DEBUG: Total gradient stack used is 370362 out of 10000000
DEBUG: Total dvariable address used is 2083 out of 150000
DEBUG: Total dvariable address used is 3555248 out of 50000000
DEBUG: Total gradient stack used is 370362 out of 10000000
DEBUG: Total dvariable address used is 2083 out of 150000
DEBUG: Total dvariable address used is 3555248 out of 50000000
DEBUG: Total gradient stack used is 370362 out of 10000000
DEBUG: Total dvariable address used is 2083 out of 150000
DEBUG: Total dvariable address used is 3555248 out of 50000000
DEBUG: Total gradient stack used is 370362 out of 10000000
DEBUG: Total dvariable address used is 2083 out of 150000
DEBUG: Total dvariable address used is 3555248 out of 50000000
DEBUG: Total gradient stack used is 370362 out of 10000000
DEBUG: Total dvariable address used is 2083 out of 150000
DEBUG: Total dvariable address used is 3555248 out of 50000000
DEBUG: Total gradient stack used is 370362 out of 10000000
DEBUG: Total dvariable address used is 2083 out of 150000
DEBUG: Total dvariable address used is 3555248 out of 50000000
DEBUG: Total gradient stack used is 370362 out of 10000000
DEBUG: Total dvariable address used is 2083 out of 150000
DEBUG: Total dvariable address used is 3555248 out of 50000000
DEBUG: Total gradient stack used is 370362 out of 10000000
DEBUG: Total dvariable address used is 2083 out of 150000
DEBUG: Total dvariable address used is 3555248 out of 50000000
DEBUG: Total gradient stack used is 370362 out of 10000000
DEBUG: Total dvariable address used is 2083 out of 150000
DEBUG: Total dvariable address used is 3555248 out of 50000000
DEBUG: Total gradient stack used is 370362 out of 10000000
DEBUG: Total dvariable address used is 2083 out of 150000
DEBUG: Total dvariable address used is 3555248 out of 50000000
DEBUG: Total gradient stack used is 370362 out of 10000000
DEBUG: Total dvariable address used is 2083 out of 150000
DEBUG: Total dvariable address used is 3555248 out of 50000000
DEBUG: Total gradient stack used is 370362 out of 10000000
DEBUG: Total dvariable address used is 2083 out of 150000
DEBUG: Total dvariable address used is 3555248 out of 50000000
DEBUG: Total gradient stack used is 370362 out of 10000000
DEBUG: Total dvariable address used is 2083 out of 150000
DEBUG: Total dvariable address used is 3555248 out of 50000000
DEBUG: Total gradient stack used is 370362 out of 10000000
DEBUG: Total dvariable address used is 2083 out of 150000
DEBUG: Total dvariable address used is 3555248 out of 50000000
DEBUG: Total gradient stack used is 370362 out of 10000000
DEBUG: Total dvariable address used is 2083 out of 150000
DEBUG: Total dvariable address used is 3555248 out of 50000000
DEBUG: Total gradient stack used is 370362 out of 10000000
DEBUG: Total dvariable address used is 2083 out of 150000
DEBUG: Total dvariable address used is 3555248 out of 50000000
DEBUG: Total gradient stack used is 370362 out of 10000000
DEBUG: Total dvariable address used is 2083 out of 150000
DEBUG: Total dvariable address used is 3555248 out of 50000000
DEBUG: Total gradient stack used is 370362 out of 10000000
DEBUG: Total dvariable address used is 2083 out of 150000
DEBUG: Total dvariable address used is 3555248 out of 50000000
DEBUG: Total gradient stack used is 370362 out of 10000000
DEBUG: Total dvariable address used is 2083 out of 150000
DEBUG: Total dvariable address used is 3555248 out of 50000000
DEBUG: Total gradient stack used is 370362 out of 10000000
DEBUG: Total dvariable address used is 2083 out of 150000
DEBUG: Total dvariable address used is 3555248 out of 50000000
DEBUG: Total gradient stack used is 370362 out of 10000000
DEBUG: Total dvariable address used is 2083 out of 150000
DEBUG: Total dvariable address used is 3555248 out of 50000000
DEBUG: Total gradient stack used is 370362 out of 10000000
DEBUG: Total dvariable address used is 2083 out of 150000
DEBUG: Total dvariable address used is 3555248 out of 50000000
DEBUG: Total gradient stack used is 370362 out of 10000000
DEBUG: Total dvariable address used is 2083 out of 150000
DEBUG: Total dvariable address used is 3555248 out of 50000000
DEBUG: Total gradient stack used is 370362 out of 10000000
DEBUG: Total dvariable address used is 2083 out of 150000
DEBUG: Total dvariable address used is 3555248 out of 50000000
DEBUG: Total gradient stack used is 370362 out of 10000000
DEBUG: Total dvariable address used is 2083 out of 150000
DEBUG: Total dvariable address used is 3555248 out of 50000000
DEBUG: Total gradient stack used is 370362 out of 10000000
DEBUG: Total dvariable address used is 2083 out of 150000
DEBUG: Total dvariable address used is 3555248 out of 50000000
DEBUG: Total gradient stack used is 370362 out of 10000000
DEBUG: Total dvariable address used is 2083 out of 150000
DEBUG: Total dvariable address used is 3555248 out of 50000000
DEBUG: Total gradient stack used is 370362 out of 10000000
DEBUG: Total dvariable address used is 2083 out of 150000
DEBUG: Total dvariable address used is 3555248 out of 50000000
DEBUG: Total gradient stack used is 370362 out of 10000000
DEBUG: Total dvariable address used is 2083 out of 150000
DEBUG: Total dvariable address used is 3555248 out of 50000000
DEBUG: Total gradient stack used is 370362 out of 10000000
DEBUG: Total dvariable address used is 2083 out of 150000
DEBUG: Total dvariable address used is 3555248 out of 50000000
DEBUG: Total gradient stack used is 370362 out of 10000000
DEBUG: Total dvariable address used is 2083 out of 150000
DEBUG: Total dvariable address used is 3555248 out of 50000000
DEBUG: Total gradient stack used is 370362 out of 10000000
DEBUG: Total dvariable address used is 2083 out of 150000
DEBUG: Total dvariable address used is 3555248 out of 50000000
DEBUG: Total gradient stack used is 370362 out of 10000000
DEBUG: Total dvariable address used is 2083 out of 150000
DEBUG: Total dvariable address used is 3555248 out of 50000000
DEBUG: Total gradient stack used is 370362 out of 10000000
DEBUG: Total dvariable address used is 2083 out of 150000
DEBUG: Total dvariable address used is 3555248 out of 50000000
DEBUG: Total gradient stack used is 370362 out of 10000000
DEBUG: Total dvariable address used is 2083 out of 150000
DEBUG: Total dvariable address used is 3555248 out of 50000000
DEBUG: Total gradient stack used is 370362 out of 10000000
DEBUG: Total dvariable address used is 2083 out of 150000
DEBUG: Total dvariable address used is 3555248 out of 50000000
DEBUG: Total gradient stack used is 370362 out of 10000000
DEBUG: Total dvariable address used is 2083 out of 150000
DEBUG: Total dvariable address used is 3555248 out of 50000000
DEBUG: Total gradient stack used is 370362 out of 10000000
DEBUG: Total dvariable address used is 2083 out of 150000
DEBUG: Total dvariable address used is 3555248 out of 50000000
DEBUG: Total gradient stack used is 370362 out of 10000000
DEBUG: Total dvariable address used is 2083 out of 150000
DEBUG: Total dvariable address used is 3555248 out of 50000000
DEBUG: Total gradient stack used is 370362 out of 10000000
DEBUG: Total dvariable address used is 2083 out of 150000
DEBUG: Total dvariable address used is 3555248 out of 50000000
DEBUG: Total gradient stack used is 370362 out of 10000000
DEBUG: Total dvariable address used is 2083 out of 150000
DEBUG: Total dvariable address used is 3555248 out of 50000000
DEBUG: Total gradient stack used is 370362 out of 10000000
DEBUG: Total dvariable address used is 2083 out of 150000
DEBUG: Total dvariable address used is 3555248 out of 50000000
DEBUG: Total gradient stack used is 370362 out of 10000000
DEBUG: Total dvariable address used is 2083 out of 150000
DEBUG: Total dvariable address used is 3555248 out of 50000000
DEBUG: Total gradient stack used is 370362 out of 10000000
DEBUG: Total dvariable address used is 2083 out of 150000
DEBUG: Total dvariable address used is 3555248 out of 50000000
DEBUG: Total gradient stack used is 370362 out of 10000000
DEBUG: Total dvariable address used is 2083 out of 150000
DEBUG: Total dvariable address used is 3555248 out of 50000000
DEBUG: Total gradient stack used is 370362 out of 10000000
DEBUG: Total dvariable address used is 2083 out of 150000
DEBUG: Total dvariable address used is 3555248 out of 50000000
DEBUG: Total gradient stack used is 370362 out of 10000000
DEBUG: Total dvariable address used is 2083 out of 150000
DEBUG: Total dvariable address used is 3555248 out of 50000000
DEBUG: Total gradient stack used is 370362 out of 10000000
DEBUG: Total dvariable address used is 2083 out of 150000
DEBUG: Total dvariable address used is 3555248 out of 50000000
DEBUG: Total gradient stack used is 370362 out of 10000000
DEBUG: Total dvariable address used is 2083 out of 150000
DEBUG: Total dvariable address used is 3555248 out of 50000000
DEBUG: Total gradient stack used is 370362 out of 10000000
DEBUG: Total dvariable address used is 2083 out of 150000
DEBUG: Total dvariable address used is 3555248 out of 50000000
DEBUG: Total gradient stack used is 370362 out of 10000000
DEBUG: Total dvariable address used is 2083 out of 150000
DEBUG: Total dvariable address used is 3555248 out of 50000000
DEBUG: Total gradient stack used is 370362 out of 10000000
DEBUG: Total dvariable address used is 2083 out of 150000
DEBUG: Total dvariable address used is 3555248 out of 50000000
DEBUG: Total gradient stack used is 370362 out of 10000000
DEBUG: Total dvariable address used is 2083 out of 150000
DEBUG: Total dvariable address used is 3555248 out of 50000000
DEBUG: Total gradient stack used is 370362 out of 10000000
DEBUG: Total dvariable address used is 2083 out of 150000
DEBUG: Total dvariable address used is 3555248 out of 50000000
DEBUG: Total gradient stack used is 370362 out of 10000000
DEBUG: Total dvariable address used is 2083 out of 150000
DEBUG: Total dvariable address used is 3555248 out of 50000000
DEBUG: Total gradient stack used is 370362 out of 10000000
DEBUG: Total dvariable address used is 2083 out of 150000
DEBUG: Total dvariable address used is 3555248 out of 50000000
DEBUG: Total gradient stack used is 370362 out of 10000000
DEBUG: Total dvariable address used is 2083 out of 150000
DEBUG: Total dvariable address used is 3555248 out of 50000000
DEBUG: Total gradient stack used is 370362 out of 10000000
DEBUG: Total dvariable address used is 2083 out of 150000
DEBUG: Total dvariable address used is 3555248 out of 50000000
DEBUG: Total gradient stack used is 370362 out of 10000000
DEBUG: Total dvariable address used is 2083 out of 150000
DEBUG: Total dvariable address used is 3555248 out of 50000000
DEBUG: Total gradient stack used is 370362 out of 10000000
DEBUG: Total dvariable address used is 2083 out of 150000
DEBUG: Total dvariable address used is 3555248 out of 50000000
DEBUG: Total gradient stack used is 370362 out of 10000000
DEBUG: Total dvariable address used is 2083 out of 150000
DEBUG: Total dvariable address used is 3555248 out of 50000000
DEBUG: Total gradient stack used is 370362 out of 10000000
DEBUG: Total dvariable address used is 2083 out of 150000
DEBUG: Total dvariable address used is 3555248 out of 50000000
DEBUG: Total gradient stack used is 370362 out of 10000000
DEBUG: Total dvariable address used is 2083 out of 150000
DEBUG: Total dvariable address used is 3555248 out of 50000000
DEBUG: Total gradient stack used is 370362 out of 10000000
DEBUG: Total dvariable address used is 2083 out of 150000
DEBUG: Total dvariable address used is 3555248 out of 50000000
DEBUG: Total gradient stack used is 370362 out of 10000000
DEBUG: Total dvariable address used is 2083 out of 150000
DEBUG: Total dvariable address used is 3555248 out of 50000000
DEBUG: Total gradient stack used is 370362 out of 10000000
DEBUG: Total dvariable address used is 2083 out of 150000
DEBUG: Total dvariable address used is 3555248 out of 50000000
DEBUG: Total gradient stack used is 370362 out of 10000000
DEBUG: Total dvariable address used is 2083 out of 150000
DEBUG: Total dvariable address used is 3555248 out of 50000000
DEBUG: Total gradient stack used is 370362 out of 10000000
DEBUG: Total dvariable address used is 2083 out of 150000
DEBUG: Total dvariable address used is 3555248 out of 50000000
DEBUG: Total gradient stack used is 370362 out of 10000000
DEBUG: Total dvariable address used is 2083 out of 150000
DEBUG: Total dvariable address used is 3555248 out of 50000000
DEBUG: Total gradient stack used is 370362 out of 10000000
DEBUG: Total dvariable address used is 2083 out of 150000
DEBUG: Total dvariable address used is 3555248 out of 50000000
DEBUG: Total gradient stack used is 370362 out of 10000000
DEBUG: Total dvariable address used is 2083 out of 150000
DEBUG: Total dvariable address used is 3555248 out of 50000000
DEBUG: Total gradient stack used is 370362 out of 10000000
DEBUG: Total dvariable address used is 2083 out of 150000
DEBUG: Total dvariable address used is 3555248 out of 50000000
DEBUG: Total gradient stack used is 370362 out of 10000000
DEBUG: Total dvariable address used is 2083 out of 150000
DEBUG: Total dvariable address used is 3555248 out of 50000000
DEBUG: Total gradient stack used is 370362 out of 10000000
DEBUG: Total dvariable address used is 2083 out of 150000
DEBUG: Total dvariable address used is 3555248 out of 50000000
DEBUG: Total gradient stack used is 370362 out of 10000000
DEBUG: Total dvariable address used is 2083 out of 150000
DEBUG: Total dvariable address used is 3555248 out of 50000000
DEBUG: Total gradient stack used is 370362 out of 10000000
DEBUG: Total dvariable address used is 2083 out of 150000
DEBUG: Total dvariable address used is 3555248 out of 50000000
DEBUG: Total gradient stack used is 370362 out of 10000000
DEBUG: Total dvariable address used is 2083 out of 150000
DEBUG: Total dvariable address used is 3555248 out of 50000000
DEBUG: Total gradient stack used is 370362 out of 10000000
DEBUG: Total dvariable address used is 2083 out of 150000
DEBUG: Total dvariable address used is 3555248 out of 50000000
DEBUG: Total gradient stack used is 370362 out of 10000000
DEBUG: Total dvariable address used is 2083 out of 150000
DEBUG: Total dvariable address used is 3555248 out of 50000000
DEBUG: Total gradient stack used is 370362 out of 10000000
DEBUG: Total dvariable address used is 2083 out of 150000
DEBUG: Total dvariable address used is 3555248 out of 50000000
DEBUG: Total gradient stack used is 370362 out of 10000000
DEBUG: Total dvariable address used is 2083 out of 150000
DEBUG: Total dvariable address used is 3555248 out of 50000000
DEBUG: Total gradient stack used is 370362 out of 10000000
DEBUG: Total dvariable address used is 2083 out of 150000
DEBUG: Total dvariable address used is 3555248 out of 50000000
DEBUG: Total gradient stack used is 370362 out of 10000000
DEBUG: Total dvariable address used is 2083 out of 150000
DEBUG: Total dvariable address used is 3555248 out of 50000000
DEBUG: Total gradient stack used is 370362 out of 10000000
DEBUG: Total dvariable address used is 2083 out of 150000
DEBUG: Total dvariable address used is 3555248 out of 50000000
DEBUG: Total gradient stack used is 370362 out of 10000000
DEBUG: Total dvariable address used is 2083 out of 150000
DEBUG: Total dvariable address used is 3555248 out of 50000000
DEBUG: Total gradient stack used is 370362 out of 10000000
DEBUG: Total dvariable address used is 2083 out of 150000
DEBUG: Total dvariable address used is 3555248 out of 50000000
DEBUG: Total gradient stack used is 370362 out of 10000000
DEBUG: Total dvariable address used is 2083 out of 150000
DEBUG: Total dvariable address used is 3555248 out of 50000000
DEBUG: Total gradient stack used is 370362 out of 10000000
DEBUG: Total dvariable address used is 2083 out of 150000
DEBUG: Total dvariable address used is 3555248 out of 50000000
DEBUG: Total gradient stack used is 370362 out of 10000000
DEBUG: Total dvariable address used is 2083 out of 150000
DEBUG: Total dvariable address used is 3555248 out of 50000000
DEBUG: Total gradient stack used is 370362 out of 10000000
DEBUG: Total dvariable address used is 2083 out of 150000
DEBUG: Total dvariable address used is 3555248 out of 50000000
DEBUG: Total gradient stack used is 370362 out of 10000000
DEBUG: Total dvariable address used is 2083 out of 150000
DEBUG: Total dvariable address used is 3555248 out of 50000000
DEBUG: Total gradient stack used is 370362 out of 10000000
DEBUG: Total dvariable address used is 2083 out of 150000
DEBUG: Total dvariable address used is 3555248 out of 50000000
DEBUG: Total gradient stack used is 370362 out of 10000000
DEBUG: Total dvariable address used is 2083 out of 150000
DEBUG: Total dvariable address used is 3555248 out of 50000000
DEBUG: Total gradient stack used is 370362 out of 10000000
DEBUG: Total dvariable address used is 2083 out of 150000
DEBUG: Total dvariable address used is 3555248 out of 50000000
DEBUG: Total gradient stack used is 370362 out of 10000000
DEBUG: Total dvariable address used is 2083 out of 150000
DEBUG: Total dvariable address used is 3555248 out of 50000000
DEBUG: Total gradient stack used is 370362 out of 10000000
DEBUG: Total dvariable address used is 2083 out of 150000
DEBUG: Total dvariable address used is 3555248 out of 50000000
DEBUG: Total gradient stack used is 370362 out of 10000000
DEBUG: Total dvariable address used is 2083 out of 150000
DEBUG: Total dvariable address used is 3555248 out of 50000000
DEBUG: Total gradient stack used is 370362 out of 10000000
DEBUG: Total dvariable address used is 2083 out of 150000
DEBUG: Total dvariable address used is 3555248 out of 50000000
DEBUG: Total gradient stack used is 370362 out of 10000000
DEBUG: Total dvariable address used is 2083 out of 150000
DEBUG: Total dvariable address used is 3555248 out of 50000000
DEBUG: Total gradient stack used is 370362 out of 10000000
DEBUG: Total dvariable address used is 2083 out of 150000
DEBUG: Total dvariable address used is 3555248 out of 50000000
DEBUG: Total gradient stack used is 370362 out of 10000000
DEBUG: Total dvariable address used is 2083 out of 150000
DEBUG: Total dvariable address used is 3555248 out of 50000000
DEBUG: Total gradient stack used is 370362 out of 10000000
DEBUG: Total dvariable address used is 2083 out of 150000
DEBUG: Total dvariable address used is 3555248 out of 50000000
DEBUG: Total gradient stack used is 370362 out of 10000000
DEBUG: Total dvariable address used is 2083 out of 150000
DEBUG: Total dvariable address used is 3555248 out of 50000000
DEBUG: Total gradient stack used is 370362 out of 10000000
DEBUG: Total dvariable address used is 2083 out of 150000
DEBUG: Total dvariable address used is 3555248 out of 50000000
DEBUG: Total gradient stack used is 370362 out of 10000000
DEBUG: Total dvariable address used is 2083 out of 150000
DEBUG: Total dvariable address used is 3555248 out of 50000000
DEBUG: Total gradient stack used is 370362 out of 10000000
DEBUG: Total dvariable address used is 2083 out of 150000
DEBUG: Total dvariable address used is 3555248 out of 50000000
DEBUG: Total gradient stack used is 370362 out of 10000000
DEBUG: Total dvariable address used is 2083 out of 150000
DEBUG: Total dvariable address used is 3555248 out of 50000000
DEBUG: Total gradient stack used is 370362 out of 10000000
DEBUG: Total dvariable address used is 2083 out of 150000
DEBUG: Total dvariable address used is 3555248 out of 50000000
DEBUG: Total gradient stack used is 370362 out of 10000000
DEBUG: Total dvariable address used is 2083 out of 150000
DEBUG: Total dvariable address used is 3555248 out of 50000000
DEBUG: Total gradient stack used is 370362 out of 10000000
DEBUG: Total dvariable address used is 2083 out of 150000
DEBUG: Total dvariable address used is 3555248 out of 50000000
DEBUG: Total gradient stack used is 370362 out of 10000000
DEBUG: Total dvariable address used is 2083 out of 150000
DEBUG: Total dvariable address used is 3555248 out of 50000000
DEBUG: Total gradient stack used is 370362 out of 10000000
DEBUG: Total dvariable address used is 2083 out of 150000
DEBUG: Total dvariable address used is 3555248 out of 50000000
DEBUG: Total gradient stack used is 370362 out of 10000000
DEBUG: Total dvariable address used is 2083 out of 150000
DEBUG: Total dvariable address used is 3555248 out of 50000000
DEBUG: Total gradient stack used is 370362 out of 10000000
DEBUG: Total dvariable address used is 2083 out of 150000
DEBUG: Total dvariable address used is 3555248 out of 50000000
DEBUG: Total gradient stack used is 370362 out of 10000000
DEBUG: Total dvariable address used is 2083 out of 150000
DEBUG: Total dvariable address used is 3555248 out of 50000000
DEBUG: Total gradient stack used is 370362 out of 10000000
DEBUG: Total dvariable address used is 2083 out of 150000
DEBUG: Total dvariable address used is 3555248 out of 50000000
DEBUG: Total gradient stack used is 370362 out of 10000000
DEBUG: Total dvariable address used is 2083 out of 150000
DEBUG: Total dvariable address used is 3555248 out of 50000000
DEBUG: Total gradient stack used is 370362 out of 10000000
DEBUG: Total dvariable address used is 2083 out of 150000
DEBUG: Total dvariable address used is 3555248 out of 50000000
DEBUG: Total gradient stack used is 370362 out of 10000000
DEBUG: Total dvariable address used is 2083 out of 150000
DEBUG: Total dvariable address used is 3555248 out of 50000000
DEBUG: Total gradient stack used is 370362 out of 10000000
DEBUG: Total dvariable address used is 2083 out of 150000
DEBUG: Total dvariable address used is 3555248 out of 50000000
, 100%DEBUG: Total gradient stack used is 370362 out of 10000000
DEBUG: Total dvariable address used is 2083 out of 150000
DEBUG: Total dvariable address used is 3555248 out of 50000000
DEBUG: Total gradient stack used is 370362 out of 10000000
DEBUG: Total dvariable address used is 2083 out of 150000
DEBUG: Total dvariable address used is 3555248 out of 50000000
DEBUG: Total gradient stack used is 370362 out of 10000000
DEBUG: Total dvariable address used is 2083 out of 150000
DEBUG: Total dvariable address used is 3555248 out of 50000000
DEBUG: Total gradient stack used is 370362 out of 10000000
DEBUG: Total dvariable address used is 2083 out of 150000
DEBUG: Total dvariable address used is 3555248 out of 50000000
 done (33 s) 
Differentiating 4 derived quantities: DEBUG: Total gradient stack used is 2294195 out of 10000000
DEBUG: Total dvariable address used is 2083 out of 150000
DEBUG: Total dvariable address used is 3555248 out of 50000000
1, 2, 3, 4 done (6 m 10 s) 
Inverting Hessian (386 variables): 20%, 40%, 60%, 80%, 100% done (0.48 s) 
Starting standard error calculations... 
 Warning: Non-positive variance of sdreport variables: 857, 858, 861, 862, 865, 866
 done (1.5 s) 
Starting FINAL_SECTION
+--------------------------+
| Beginning report section |
+--------------------------+
last phase
Finished WriteFiles
Finished CreateOutput
nsel_patterns = 16
nsel_use      = 8
deleting ppSLX array w/ 8 sel patterns
deleting ppSLX[0]
deleted ppSLX[0]
deleting ppSLX[1]
deleted ppSLX[1]
deleting ppSLX[2]
deleted ppSLX[2]
deleting ppSLX[3]
deleted ppSLX[3]
deleting ppSLX[4]
deleted ppSLX[4]
deleting ppSLX[5]
deleted ppSLX[5]
deleting ppSLX[6]
deleted ppSLX[6]
deleting ppSLX[7]
deleted ppSLX[7]
Finished deleting ppSLX

Starting time statistics


*******************************************


-------------------------------------------
--Start time: Fri Aug 28 14:30:53 2026

--Finish time: Fri Aug 28 14:38:30 2026

--Runtime: 0 hours, 7 minutes, 37 seconds
--Number of function evaluations: 4021
*******************************************

Finished running model 'gmacs' after 7 m 37 s.

./gmacs elapsed time is 457214192 microseconds.
