#--verbose level set to: 0
end of GMACS.DAT
+----------------------+
| Reading data file    |
+----------------------+
 * Model dimensions
 * Natural mortality
 * Catch data
 * Abundance data
 * Size composition data
end of data section
+----------------------+
| Reading control file |
+----------------------+
Warning - the end of block 2 exceeds nyrRetro
 * General controls
 1982 2024 1 1 2 0.5 2 1 1 0 0 200 5 1940 1950 2050 2051 0 0
Expecting 98 theta parameters
 * Allometry
 * Maturity definition
## Legal definition
 * Growth parameter controls
growth increment option for sex 1 is 1
growth increment option for sex 2 is 1
LinearGM: setting nparG=3 for ig 1
ig = 1 nparG = 3
LinearGM: setting nparG=3 for ig 2
ig = 2 nparG = 3
ig = 3 nparG = 0
ig = 4 nparG = 0
ig = 5 nparG = 0
ig = 6 nparG = 0
nparGs 3 3 0 0 0 0
assigning growth parameters
1 1 Alpha_male 2.049 -5 20 0 2.049 1 3 0 0 0 0 0 0 0.3 0
    Alpha_male
printing Gpar_control
2 1 Beta_male -0.2258 -1 0 0 -0.2258 0.5 3 0 0 0 0 0 0 0.3 0
    Beta_male
printing Gpar_control
3 1 Gscale_male 0.25 0.001 5 0 0 999 -3 0 0 0 0 0 0 0.3 0
    Gscale_male
printing Gpar_control
IPAR1  2.049 -5 20 0 2.049 1 3 0 0 0 0 0 0 0.3 0
IPAR2  -0.2258 -1 0 0 -0.2258 0.5 3 0 0 0 0 0 0 0.3 0
IPAR3  0.25 0.001 5 0 0 999 -3 0 0 0 0 0 0 0.3 0
1 1 Alpha_female -1.1539 -5 10 0 -1.1539 1 3 0 0 0 0 0 0 0.3 0
    Alpha_female
printing Gpar_control
2 1 Beta_female -0.3389 -1 0 0 -0.3389 0.5 3 0 0 0 0 0 0 0.3 0
    Beta_female
printing Gpar_control
3 1 Gscale_female 0.25 0.001 5 0 0 999 -3 0 0 0 0 0 0 0.3 0
    Gscale_female
printing Gpar_control
IPAR4  -1.1539 -5 10 0 -1.1539 1 3 0 0 0 0 0 0 0.3 0
IPAR5  -0.3389 -1 0 0 -0.3389 0.5 3 0 0 0 0 0 0 0.3 0
IPAR6  0.25 0.001 5 0 0 999 -3 0 0 0 0 0 0 0.3 0
1
Special 1 0
2
Special 2 0
3
Special 3 0
4
Special 4 0
5
Special 5 1
6
Special 6 1
 * Natural mortality parameter controls
 * Selectivity parameter controls
 * Catchability parameter controls
 0 0 0 0
 0 0 0 0
 * Additional CV controls
 * Fishing mortality controls
 * Size composition controls
## Emphasis Factors (Fdev Penalties) ##
## Emphasis Factors (Priors/Penalties) ##
end of control section
+-------------------------+
| Reading projection file |
+-------------------------+
end of projection section
Number of estimated parameters: 407
Number of std variables: 425
+----------------------+
| Parameter section    |
+----------------------+
+----------------------+
| Preliminary section  |
+----------------------+
+------------------------------+
| Initial Procedure Section    |
+------------------------------+
initialize model AEP
initialize model AEP
Finished PRELIMINARY_CALCS_SECTION
Starting optimization of 'gmacs' in phase 1 of 4 at Fri Aug 28 16:16:24 2026

#--BETWEEN_PHASES_SECTION---------------------
#----Starting phase 1 of 4
Finished BETWEEN_PHASES_SECTION
----------------------------------------------
DEBUG: Total gradient stack used is 195985 out of 10000000
DEBUG: Total dvariable address used is 2077 out of 150000
DEBUG: Total dvariable address used is 3791880 out of 50000000
phase= 1 | nvar=255 | iter=  0 | nll=2.51e+05 | mag=3.01e+05 | par[171]=log_foff[1]
DEBUG: Total gradient stack used is 195985 out of 10000000
DEBUG: Total dvariable address used is 2077 out of 150000
DEBUG: Total dvariable address used is 3791880 out of 50000000
DEBUG: Total gradient stack used is 195985 out of 10000000
DEBUG: Total dvariable address used is 2077 out of 150000
DEBUG: Total dvariable address used is 3791880 out of 50000000
DEBUG: Total gradient stack used is 195985 out of 10000000
DEBUG: Total dvariable address used is 2077 out of 150000
DEBUG: Total dvariable address used is 3791880 out of 50000000
DEBUG: Total gradient stack used is 195985 out of 10000000
DEBUG: Total dvariable address used is 2077 out of 150000
DEBUG: Total dvariable address used is 3791880 out of 50000000
DEBUG: Total gradient stack used is 195985 out of 10000000
DEBUG: Total dvariable address used is 2077 out of 150000
DEBUG: Total dvariable address used is 3791880 out of 50000000
DEBUG: Total gradient stack used is 195985 out of 10000000
DEBUG: Total dvariable address used is 2077 out of 150000
DEBUG: Total dvariable address used is 3791880 out of 50000000
DEBUG: Total gradient stack used is 195985 out of 10000000
DEBUG: Total dvariable address used is 2077 out of 150000
DEBUG: Total dvariable address used is 3791880 out of 50000000
DEBUG: Total gradient stack used is 195985 out of 10000000
DEBUG: Total dvariable address used is 2077 out of 150000
DEBUG: Total dvariable address used is 3791880 out of 50000000
DEBUG: Total gradient stack used is 195985 out of 10000000
DEBUG: Total dvariable address used is 2077 out of 150000
DEBUG: Total dvariable address used is 3791880 out of 50000000
DEBUG: Total gradient stack used is 195985 out of 10000000
DEBUG: Total dvariable address used is 2077 out of 150000
DEBUG: Total dvariable address used is 3791880 out of 50000000
DEBUG: Total gradient stack used is 195985 out of 10000000
DEBUG: Total dvariable address used is 2077 out of 150000
DEBUG: Total dvariable address used is 3791880 out of 50000000
DEBUG: Total gradient stack used is 195985 out of 10000000
DEBUG: Total dvariable address used is 2077 out of 150000
DEBUG: Total dvariable address used is 3791880 out of 50000000
DEBUG: Total gradient stack used is 195985 out of 10000000
DEBUG: Total dvariable address used is 2077 out of 150000
DEBUG: Total dvariable address used is 3791880 out of 50000000
DEBUG: Total gradient stack used is 195985 out of 10000000
DEBUG: Total dvariable address used is 2077 out of 150000
DEBUG: Total dvariable address used is 3791880 out of 50000000
DEBUG: Total gradient stack used is 195985 out of 10000000
DEBUG: Total dvariable address used is 2077 out of 150000
DEBUG: Total dvariable address used is 3791880 out of 50000000
DEBUG: Total gradient stack used is 195985 out of 10000000
DEBUG: Total dvariable address used is 2077 out of 150000
DEBUG: Total dvariable address used is 3791880 out of 50000000
DEBUG: Total gradient stack used is 195985 out of 10000000
DEBUG: Total dvariable address used is 2077 out of 150000
DEBUG: Total dvariable address used is 3791880 out of 50000000
DEBUG: Total gradient stack used is 195985 out of 10000000
DEBUG: Total dvariable address used is 2077 out of 150000
DEBUG: Total dvariable address used is 3791880 out of 50000000
DEBUG: Total gradient stack used is 195985 out of 10000000
DEBUG: Total dvariable address used is 2077 out of 150000
DEBUG: Total dvariable address used is 3791880 out of 50000000
DEBUG: Total gradient stack used is 195985 out of 10000000
DEBUG: Total dvariable address used is 2077 out of 150000
DEBUG: Total dvariable address used is 3791880 out of 50000000
DEBUG: Total gradient stack used is 195985 out of 10000000
DEBUG: Total dvariable address used is 2077 out of 150000
DEBUG: Total dvariable address used is 3791880 out of 50000000
DEBUG: Total gradient stack used is 195985 out of 10000000
DEBUG: Total dvariable address used is 2077 out of 150000
DEBUG: Total dvariable address used is 3791880 out of 50000000
DEBUG: Total gradient stack used is 195985 out of 10000000
DEBUG: Total dvariable address used is 2077 out of 150000
DEBUG: Total dvariable address used is 3791880 out of 50000000
DEBUG: Total gradient stack used is 195985 out of 10000000
DEBUG: Total dvariable address used is 2077 out of 150000
DEBUG: Total dvariable address used is 3791880 out of 50000000
DEBUG: Total gradient stack used is 195985 out of 10000000
DEBUG: Total dvariable address used is 2077 out of 150000
DEBUG: Total dvariable address used is 3791880 out of 50000000
DEBUG: Total gradient stack used is 195985 out of 10000000
DEBUG: Total dvariable address used is 2077 out of 150000
DEBUG: Total dvariable address used is 3791880 out of 50000000
DEBUG: Total gradient stack used is 195985 out of 10000000
DEBUG: Total dvariable address used is 2077 out of 150000
DEBUG: Total dvariable address used is 3791880 out of 50000000
DEBUG: Total gradient stack used is 195985 out of 10000000
DEBUG: Total dvariable address used is 2077 out of 150000
DEBUG: Total dvariable address used is 3791880 out of 50000000
DEBUG: Total gradient stack used is 195985 out of 10000000
DEBUG: Total dvariable address used is 2077 out of 150000
DEBUG: Total dvariable address used is 3791880 out of 50000000
DEBUG: Total gradient stack used is 195985 out of 10000000
DEBUG: Total dvariable address used is 2077 out of 150000
DEBUG: Total dvariable address used is 3791880 out of 50000000
DEBUG: Total gradient stack used is 195985 out of 10000000
DEBUG: Total dvariable address used is 2077 out of 150000
DEBUG: Total dvariable address used is 3791880 out of 50000000
DEBUG: Total gradient stack used is 195985 out of 10000000
DEBUG: Total dvariable address used is 2077 out of 150000
DEBUG: Total dvariable address used is 3791880 out of 50000000
phase= 1 | nvar=255 | iter= 20 | nll=-2.02e+03 | mag=4.21e+05 | par[  1]=T_pars_est[3]
DEBUG: Total gradient stack used is 195985 out of 10000000
DEBUG: Total dvariable address used is 2077 out of 150000
DEBUG: Total dvariable address used is 3791880 out of 50000000
DEBUG: Total gradient stack used is 195985 out of 10000000
DEBUG: Total dvariable address used is 2077 out of 150000
DEBUG: Total dvariable address used is 3791880 out of 50000000
DEBUG: Total gradient stack used is 195985 out of 10000000
DEBUG: Total dvariable address used is 2077 out of 150000
DEBUG: Total dvariable address used is 3791880 out of 50000000
DEBUG: Total gradient stack used is 195985 out of 10000000
DEBUG: Total dvariable address used is 2077 out of 150000
DEBUG: Total dvariable address used is 3791880 out of 50000000
DEBUG: Total gradient stack used is 195985 out of 10000000
DEBUG: Total dvariable address used is 2077 out of 150000
DEBUG: Total dvariable address used is 3791880 out of 50000000
DEBUG: Total gradient stack used is 195985 out of 10000000
DEBUG: Total dvariable address used is 2077 out of 150000
DEBUG: Total dvariable address used is 3791880 out of 50000000
DEBUG: Total gradient stack used is 195985 out of 10000000
DEBUG: Total dvariable address used is 2077 out of 150000
DEBUG: Total dvariable address used is 3791880 out of 50000000
DEBUG: Total gradient stack used is 195985 out of 10000000
DEBUG: Total dvariable address used is 2077 out of 150000
DEBUG: Total dvariable address used is 3791880 out of 50000000
DEBUG: Total gradient stack used is 195985 out of 10000000
DEBUG: Total dvariable address used is 2077 out of 150000
DEBUG: Total dvariable address used is 3791880 out of 50000000
DEBUG: Total gradient stack used is 195985 out of 10000000
DEBUG: Total dvariable address used is 2077 out of 150000
DEBUG: Total dvariable address used is 3791880 out of 50000000
DEBUG: Total gradient stack used is 195985 out of 10000000
DEBUG: Total dvariable address used is 2077 out of 150000
DEBUG: Total dvariable address used is 3791880 out of 50000000
DEBUG: Total gradient stack used is 195985 out of 10000000
DEBUG: Total dvariable address used is 2077 out of 150000
DEBUG: Total dvariable address used is 3791880 out of 50000000
DEBUG: Total gradient stack used is 195985 out of 10000000
DEBUG: Total dvariable address used is 2077 out of 150000
DEBUG: Total dvariable address used is 3791880 out of 50000000
DEBUG: Total gradient stack used is 195985 out of 10000000
DEBUG: Total dvariable address used is 2077 out of 150000
DEBUG: Total dvariable address used is 3791880 out of 50000000
DEBUG: Total gradient stack used is 195985 out of 10000000
DEBUG: Total dvariable address used is 2077 out of 150000
DEBUG: Total dvariable address used is 3791880 out of 50000000
DEBUG: Total gradient stack used is 195985 out of 10000000
DEBUG: Total dvariable address used is 2077 out of 150000
DEBUG: Total dvariable address used is 3791880 out of 50000000
DEBUG: Total gradient stack used is 195985 out of 10000000
DEBUG: Total dvariable address used is 2077 out of 150000
DEBUG: Total dvariable address used is 3791880 out of 50000000
DEBUG: Total gradient stack used is 195985 out of 10000000
DEBUG: Total dvariable address used is 2077 out of 150000
DEBUG: Total dvariable address used is 3791880 out of 50000000
DEBUG: Total gradient stack used is 195985 out of 10000000
DEBUG: Total dvariable address used is 2077 out of 150000
DEBUG: Total dvariable address used is 3791880 out of 50000000
DEBUG: Total gradient stack used is 195985 out of 10000000
DEBUG: Total dvariable address used is 2077 out of 150000
DEBUG: Total dvariable address used is 3791880 out of 50000000
DEBUG: Total gradient stack used is 196125 out of 10000000
DEBUG: Total dvariable address used is 2077 out of 150000
DEBUG: Total dvariable address used is 3791880 out of 50000000
DEBUG: Total gradient stack used is 195985 out of 10000000
DEBUG: Total dvariable address used is 2077 out of 150000
DEBUG: Total dvariable address used is 3791880 out of 50000000
DEBUG: Total gradient stack used is 195985 out of 10000000
DEBUG: Total dvariable address used is 2077 out of 150000
DEBUG: Total dvariable address used is 3791880 out of 50000000
DEBUG: Total gradient stack used is 195985 out of 10000000
DEBUG: Total dvariable address used is 2077 out of 150000
DEBUG: Total dvariable address used is 3791880 out of 50000000
DEBUG: Total gradient stack used is 195985 out of 10000000
DEBUG: Total dvariable address used is 2077 out of 150000
DEBUG: Total dvariable address used is 3791880 out of 50000000
DEBUG: Total gradient stack used is 195985 out of 10000000
DEBUG: Total dvariable address used is 2077 out of 150000
DEBUG: Total dvariable address used is 3791880 out of 50000000
DEBUG: Total gradient stack used is 195985 out of 10000000
DEBUG: Total dvariable address used is 2077 out of 150000
DEBUG: Total dvariable address used is 3791880 out of 50000000
phase= 1 | nvar=255 | iter= 40 | nll=-5.07e+03 | mag=3.61e+05 | par[  1]=T_pars_est[3]
DEBUG: Total gradient stack used is 195985 out of 10000000
DEBUG: Total dvariable address used is 2077 out of 150000
DEBUG: Total dvariable address used is 3791880 out of 50000000
DEBUG: Total gradient stack used is 195985 out of 10000000
DEBUG: Total dvariable address used is 2077 out of 150000
DEBUG: Total dvariable address used is 3791880 out of 50000000
DEBUG: Total gradient stack used is 195985 out of 10000000
DEBUG: Total dvariable address used is 2077 out of 150000
DEBUG: Total dvariable address used is 3791880 out of 50000000
DEBUG: Total gradient stack used is 195985 out of 10000000
DEBUG: Total dvariable address used is 2077 out of 150000
DEBUG: Total dvariable address used is 3791880 out of 50000000
DEBUG: Total gradient stack used is 195985 out of 10000000
DEBUG: Total dvariable address used is 2077 out of 150000
DEBUG: Total dvariable address used is 3791880 out of 50000000
DEBUG: Total gradient stack used is 195985 out of 10000000
DEBUG: Total dvariable address used is 2077 out of 150000
DEBUG: Total dvariable address used is 3791880 out of 50000000
DEBUG: Total gradient stack used is 195985 out of 10000000
DEBUG: Total dvariable address used is 2077 out of 150000
DEBUG: Total dvariable address used is 3791880 out of 50000000
DEBUG: Total gradient stack used is 195985 out of 10000000
DEBUG: Total dvariable address used is 2077 out of 150000
DEBUG: Total dvariable address used is 3791880 out of 50000000
DEBUG: Total gradient stack used is 195985 out of 10000000
DEBUG: Total dvariable address used is 2077 out of 150000
DEBUG: Total dvariable address used is 3791880 out of 50000000
DEBUG: Total gradient stack used is 195985 out of 10000000
DEBUG: Total dvariable address used is 2077 out of 150000
DEBUG: Total dvariable address used is 3791880 out of 50000000
DEBUG: Total gradient stack used is 195985 out of 10000000
DEBUG: Total dvariable address used is 2077 out of 150000
DEBUG: Total dvariable address used is 3791880 out of 50000000
DEBUG: Total gradient stack used is 195985 out of 10000000
DEBUG: Total dvariable address used is 2077 out of 150000
DEBUG: Total dvariable address used is 3791880 out of 50000000
DEBUG: Total gradient stack used is 195985 out of 10000000
DEBUG: Total dvariable address used is 2077 out of 150000
DEBUG: Total dvariable address used is 3791880 out of 50000000
DEBUG: Total gradient stack used is 195985 out of 10000000
DEBUG: Total dvariable address used is 2077 out of 150000
DEBUG: Total dvariable address used is 3791880 out of 50000000
DEBUG: Total gradient stack used is 195985 out of 10000000
DEBUG: Total dvariable address used is 2077 out of 150000
DEBUG: Total dvariable address used is 3791880 out of 50000000
DEBUG: Total gradient stack used is 195985 out of 10000000
DEBUG: Total dvariable address used is 2077 out of 150000
DEBUG: Total dvariable address used is 3791880 out of 50000000
DEBUG: Total gradient stack used is 195985 out of 10000000
DEBUG: Total dvariable address used is 2077 out of 150000
DEBUG: Total dvariable address used is 3791880 out of 50000000
DEBUG: Total gradient stack used is 195985 out of 10000000
DEBUG: Total dvariable address used is 2077 out of 150000
DEBUG: Total dvariable address used is 3791880 out of 50000000
DEBUG: Total gradient stack used is 195985 out of 10000000
DEBUG: Total dvariable address used is 2077 out of 150000
DEBUG: Total dvariable address used is 3791880 out of 50000000
DEBUG: Total gradient stack used is 195985 out of 10000000
DEBUG: Total dvariable address used is 2077 out of 150000
DEBUG: Total dvariable address used is 3791880 out of 50000000
DEBUG: Total gradient stack used is 195985 out of 10000000
DEBUG: Total dvariable address used is 2077 out of 150000
DEBUG: Total dvariable address used is 3791880 out of 50000000
DEBUG: Total gradient stack used is 195985 out of 10000000
DEBUG: Total dvariable address used is 2077 out of 150000
DEBUG: Total dvariable address used is 3791880 out of 50000000
DEBUG: Total gradient stack used is 195985 out of 10000000
DEBUG: Total dvariable address used is 2077 out of 150000
DEBUG: Total dvariable address used is 3791880 out of 50000000
phase= 1 | nvar=255 | iter= 60 | nll=-5.61e+03 | mag=3.29e+05 | par[  1]=T_pars_est[3]
DEBUG: Total gradient stack used is 195985 out of 10000000
DEBUG: Total dvariable address used is 2077 out of 150000
DEBUG: Total dvariable address used is 3791880 out of 50000000
DEBUG: Total gradient stack used is 195985 out of 10000000
DEBUG: Total dvariable address used is 2077 out of 150000
DEBUG: Total dvariable address used is 3791880 out of 50000000
DEBUG: Total gradient stack used is 195985 out of 10000000
DEBUG: Total dvariable address used is 2077 out of 150000
DEBUG: Total dvariable address used is 3791880 out of 50000000
DEBUG: Total gradient stack used is 195985 out of 10000000
DEBUG: Total dvariable address used is 2077 out of 150000
DEBUG: Total dvariable address used is 3791880 out of 50000000
DEBUG: Total gradient stack used is 195985 out of 10000000
DEBUG: Total dvariable address used is 2077 out of 150000
DEBUG: Total dvariable address used is 3791880 out of 50000000
DEBUG: Total gradient stack used is 195985 out of 10000000
DEBUG: Total dvariable address used is 2077 out of 150000
DEBUG: Total dvariable address used is 3791880 out of 50000000
DEBUG: Total gradient stack used is 195985 out of 10000000
DEBUG: Total dvariable address used is 2077 out of 150000
DEBUG: Total dvariable address used is 3791880 out of 50000000
DEBUG: Total gradient stack used is 195985 out of 10000000
DEBUG: Total dvariable address used is 2077 out of 150000
DEBUG: Total dvariable address used is 3791880 out of 50000000
DEBUG: Total gradient stack used is 195985 out of 10000000
DEBUG: Total dvariable address used is 2077 out of 150000
DEBUG: Total dvariable address used is 3791880 out of 50000000
DEBUG: Total gradient stack used is 195985 out of 10000000
DEBUG: Total dvariable address used is 2077 out of 150000
DEBUG: Total dvariable address used is 3791880 out of 50000000
DEBUG: Total gradient stack used is 195985 out of 10000000
DEBUG: Total dvariable address used is 2077 out of 150000
DEBUG: Total dvariable address used is 3791880 out of 50000000
DEBUG: Total gradient stack used is 195985 out of 10000000
DEBUG: Total dvariable address used is 2077 out of 150000
DEBUG: Total dvariable address used is 3791880 out of 50000000
DEBUG: Total gradient stack used is 195985 out of 10000000
DEBUG: Total dvariable address used is 2077 out of 150000
DEBUG: Total dvariable address used is 3791880 out of 50000000
DEBUG: Total gradient stack used is 195985 out of 10000000
DEBUG: Total dvariable address used is 2077 out of 150000
DEBUG: Total dvariable address used is 3791880 out of 50000000
DEBUG: Total gradient stack used is 195985 out of 10000000
DEBUG: Total dvariable address used is 2077 out of 150000
DEBUG: Total dvariable address used is 3791880 out of 50000000
DEBUG: Total gradient stack used is 195985 out of 10000000
DEBUG: Total dvariable address used is 2077 out of 150000
DEBUG: Total dvariable address used is 3791880 out of 50000000
DEBUG: Total gradient stack used is 195985 out of 10000000
DEBUG: Total dvariable address used is 2077 out of 150000
DEBUG: Total dvariable address used is 3791880 out of 50000000
DEBUG: Total gradient stack used is 195985 out of 10000000
DEBUG: Total dvariable address used is 2077 out of 150000
DEBUG: Total dvariable address used is 3791880 out of 50000000
DEBUG: Total gradient stack used is 195985 out of 10000000
DEBUG: Total dvariable address used is 2077 out of 150000
DEBUG: Total dvariable address used is 3791880 out of 50000000
DEBUG: Total gradient stack used is 195985 out of 10000000
DEBUG: Total dvariable address used is 2077 out of 150000
DEBUG: Total dvariable address used is 3791880 out of 50000000
phase= 1 | nvar=255 | iter= 80 | nll=-6.04e+03 | mag=3.21e+05 | par[  1]=T_pars_est[3]
DEBUG: Total gradient stack used is 195985 out of 10000000
DEBUG: Total dvariable address used is 2077 out of 150000
DEBUG: Total dvariable address used is 3791880 out of 50000000
DEBUG: Total gradient stack used is 195985 out of 10000000
DEBUG: Total dvariable address used is 2077 out of 150000
DEBUG: Total dvariable address used is 3791880 out of 50000000
DEBUG: Total gradient stack used is 195985 out of 10000000
DEBUG: Total dvariable address used is 2077 out of 150000
DEBUG: Total dvariable address used is 3791880 out of 50000000
DEBUG: Total gradient stack used is 195985 out of 10000000
DEBUG: Total dvariable address used is 2077 out of 150000
DEBUG: Total dvariable address used is 3791880 out of 50000000
DEBUG: Total gradient stack used is 195985 out of 10000000
DEBUG: Total dvariable address used is 2077 out of 150000
DEBUG: Total dvariable address used is 3791880 out of 50000000
DEBUG: Total gradient stack used is 195985 out of 10000000
DEBUG: Total dvariable address used is 2077 out of 150000
DEBUG: Total dvariable address used is 3791880 out of 50000000
DEBUG: Total gradient stack used is 195985 out of 10000000
DEBUG: Total dvariable address used is 2077 out of 150000
DEBUG: Total dvariable address used is 3791880 out of 50000000
DEBUG: Total gradient stack used is 195985 out of 10000000
DEBUG: Total dvariable address used is 2077 out of 150000
DEBUG: Total dvariable address used is 3791880 out of 50000000
DEBUG: Total gradient stack used is 195985 out of 10000000
DEBUG: Total dvariable address used is 2077 out of 150000
DEBUG: Total dvariable address used is 3791880 out of 50000000
DEBUG: Total gradient stack used is 195985 out of 10000000
DEBUG: Total dvariable address used is 2077 out of 150000
DEBUG: Total dvariable address used is 3791880 out of 50000000
DEBUG: Total gradient stack used is 195985 out of 10000000
DEBUG: Total dvariable address used is 2077 out of 150000
DEBUG: Total dvariable address used is 3791880 out of 50000000
DEBUG: Total gradient stack used is 195985 out of 10000000
DEBUG: Total dvariable address used is 2077 out of 150000
DEBUG: Total dvariable address used is 3791880 out of 50000000
DEBUG: Total gradient stack used is 195985 out of 10000000
DEBUG: Total dvariable address used is 2077 out of 150000
DEBUG: Total dvariable address used is 3791880 out of 50000000
DEBUG: Total gradient stack used is 195985 out of 10000000
DEBUG: Total dvariable address used is 2077 out of 150000
DEBUG: Total dvariable address used is 3791880 out of 50000000
DEBUG: Total gradient stack used is 195985 out of 10000000
DEBUG: Total dvariable address used is 2077 out of 150000
DEBUG: Total dvariable address used is 3791880 out of 50000000
DEBUG: Total gradient stack used is 195985 out of 10000000
DEBUG: Total dvariable address used is 2077 out of 150000
DEBUG: Total dvariable address used is 3791880 out of 50000000
DEBUG: Total gradient stack used is 195985 out of 10000000
DEBUG: Total dvariable address used is 2077 out of 150000
DEBUG: Total dvariable address used is 3791880 out of 50000000
DEBUG: Total gradient stack used is 195985 out of 10000000
DEBUG: Total dvariable address used is 2077 out of 150000
DEBUG: Total dvariable address used is 3791880 out of 50000000
DEBUG: Total gradient stack used is 195985 out of 10000000
DEBUG: Total dvariable address used is 2077 out of 150000
DEBUG: Total dvariable address used is 3791880 out of 50000000
DEBUG: Total gradient stack used is 195985 out of 10000000
DEBUG: Total dvariable address used is 2077 out of 150000
DEBUG: Total dvariable address used is 3791880 out of 50000000
DEBUG: Total gradient stack used is 195985 out of 10000000
DEBUG: Total dvariable address used is 2077 out of 150000
DEBUG: Total dvariable address used is 3791880 out of 50000000
phase= 1 | nvar=255 | iter=100 | nll=-6.15e+03 | mag=3.34e+05 | par[  1]=T_pars_est[3]
DEBUG: Total gradient stack used is 195985 out of 10000000
DEBUG: Total dvariable address used is 2077 out of 150000
DEBUG: Total dvariable address used is 3791880 out of 50000000
DEBUG: Total gradient stack used is 195985 out of 10000000
DEBUG: Total dvariable address used is 2077 out of 150000
DEBUG: Total dvariable address used is 3791880 out of 50000000
DEBUG: Total gradient stack used is 195985 out of 10000000
DEBUG: Total dvariable address used is 2077 out of 150000
DEBUG: Total dvariable address used is 3791880 out of 50000000
DEBUG: Total gradient stack used is 195985 out of 10000000
DEBUG: Total dvariable address used is 2077 out of 150000
DEBUG: Total dvariable address used is 3791880 out of 50000000
DEBUG: Total gradient stack used is 195985 out of 10000000
DEBUG: Total dvariable address used is 2077 out of 150000
DEBUG: Total dvariable address used is 3791880 out of 50000000
DEBUG: Total gradient stack used is 195985 out of 10000000
DEBUG: Total dvariable address used is 2077 out of 150000
DEBUG: Total dvariable address used is 3791880 out of 50000000
DEBUG: Total gradient stack used is 195985 out of 10000000
DEBUG: Total dvariable address used is 2077 out of 150000
DEBUG: Total dvariable address used is 3791880 out of 50000000
DEBUG: Total gradient stack used is 195985 out of 10000000
DEBUG: Total dvariable address used is 2077 out of 150000
DEBUG: Total dvariable address used is 3791880 out of 50000000
DEBUG: Total gradient stack used is 195985 out of 10000000
DEBUG: Total dvariable address used is 2077 out of 150000
DEBUG: Total dvariable address used is 3791880 out of 50000000
DEBUG: Total gradient stack used is 195985 out of 10000000
DEBUG: Total dvariable address used is 2077 out of 150000
DEBUG: Total dvariable address used is 3791880 out of 50000000
DEBUG: Total gradient stack used is 195985 out of 10000000
DEBUG: Total dvariable address used is 2077 out of 150000
DEBUG: Total dvariable address used is 3791880 out of 50000000
DEBUG: Total gradient stack used is 195985 out of 10000000
DEBUG: Total dvariable address used is 2077 out of 150000
DEBUG: Total dvariable address used is 3791880 out of 50000000
DEBUG: Total gradient stack used is 195985 out of 10000000
DEBUG: Total dvariable address used is 2077 out of 150000
DEBUG: Total dvariable address used is 3791880 out of 50000000
DEBUG: Total gradient stack used is 195985 out of 10000000
DEBUG: Total dvariable address used is 2077 out of 150000
DEBUG: Total dvariable address used is 3791880 out of 50000000
DEBUG: Total gradient stack used is 195985 out of 10000000
DEBUG: Total dvariable address used is 2077 out of 150000
DEBUG: Total dvariable address used is 3791880 out of 50000000
DEBUG: Total gradient stack used is 195985 out of 10000000
DEBUG: Total dvariable address used is 2077 out of 150000
DEBUG: Total dvariable address used is 3791880 out of 50000000
DEBUG: Total gradient stack used is 195985 out of 10000000
DEBUG: Total dvariable address used is 2077 out of 150000
DEBUG: Total dvariable address used is 3791880 out of 50000000
DEBUG: Total gradient stack used is 195985 out of 10000000
DEBUG: Total dvariable address used is 2077 out of 150000
DEBUG: Total dvariable address used is 3791880 out of 50000000
DEBUG: Total gradient stack used is 195985 out of 10000000
DEBUG: Total dvariable address used is 2077 out of 150000
DEBUG: Total dvariable address used is 3791880 out of 50000000
DEBUG: Total gradient stack used is 195985 out of 10000000
DEBUG: Total dvariable address used is 2077 out of 150000
DEBUG: Total dvariable address used is 3791880 out of 50000000
phase= 1 | nvar=255 | iter=120 | nll=-6.29e+03 | mag=3.47e+05 | par[  1]=T_pars_est[3]
DEBUG: Total gradient stack used is 195985 out of 10000000
DEBUG: Total dvariable address used is 2077 out of 150000
DEBUG: Total dvariable address used is 3791880 out of 50000000
DEBUG: Total gradient stack used is 195985 out of 10000000
DEBUG: Total dvariable address used is 2077 out of 150000
DEBUG: Total dvariable address used is 3791880 out of 50000000
DEBUG: Total gradient stack used is 195985 out of 10000000
DEBUG: Total dvariable address used is 2077 out of 150000
DEBUG: Total dvariable address used is 3791880 out of 50000000
DEBUG: Total gradient stack used is 195985 out of 10000000
DEBUG: Total dvariable address used is 2077 out of 150000
DEBUG: Total dvariable address used is 3791880 out of 50000000
DEBUG: Total gradient stack used is 195985 out of 10000000
DEBUG: Total dvariable address used is 2077 out of 150000
DEBUG: Total dvariable address used is 3791880 out of 50000000
DEBUG: Total gradient stack used is 195985 out of 10000000
DEBUG: Total dvariable address used is 2077 out of 150000
DEBUG: Total dvariable address used is 3791880 out of 50000000
DEBUG: Total gradient stack used is 195985 out of 10000000
DEBUG: Total dvariable address used is 2077 out of 150000
DEBUG: Total dvariable address used is 3791880 out of 50000000
DEBUG: Total gradient stack used is 195985 out of 10000000
DEBUG: Total dvariable address used is 2077 out of 150000
DEBUG: Total dvariable address used is 3791880 out of 50000000
DEBUG: Total gradient stack used is 195985 out of 10000000
DEBUG: Total dvariable address used is 2077 out of 150000
DEBUG: Total dvariable address used is 3791880 out of 50000000
DEBUG: Total gradient stack used is 195985 out of 10000000
DEBUG: Total dvariable address used is 2077 out of 150000
DEBUG: Total dvariable address used is 3791880 out of 50000000
DEBUG: Total gradient stack used is 195985 out of 10000000
DEBUG: Total dvariable address used is 2077 out of 150000
DEBUG: Total dvariable address used is 3791880 out of 50000000
DEBUG: Total gradient stack used is 195985 out of 10000000
DEBUG: Total dvariable address used is 2077 out of 150000
DEBUG: Total dvariable address used is 3791880 out of 50000000
DEBUG: Total gradient stack used is 195985 out of 10000000
DEBUG: Total dvariable address used is 2077 out of 150000
DEBUG: Total dvariable address used is 3791880 out of 50000000
DEBUG: Total gradient stack used is 195985 out of 10000000
DEBUG: Total dvariable address used is 2077 out of 150000
DEBUG: Total dvariable address used is 3791880 out of 50000000
DEBUG: Total gradient stack used is 195985 out of 10000000
DEBUG: Total dvariable address used is 2077 out of 150000
DEBUG: Total dvariable address used is 3791880 out of 50000000
DEBUG: Total gradient stack used is 195985 out of 10000000
DEBUG: Total dvariable address used is 2077 out of 150000
DEBUG: Total dvariable address used is 3791880 out of 50000000
DEBUG: Total gradient stack used is 195985 out of 10000000
DEBUG: Total dvariable address used is 2077 out of 150000
DEBUG: Total dvariable address used is 3791880 out of 50000000
DEBUG: Total gradient stack used is 195985 out of 10000000
DEBUG: Total dvariable address used is 2077 out of 150000
DEBUG: Total dvariable address used is 3791880 out of 50000000
DEBUG: Total gradient stack used is 195985 out of 10000000
DEBUG: Total dvariable address used is 2077 out of 150000
DEBUG: Total dvariable address used is 3791880 out of 50000000
DEBUG: Total gradient stack used is 195985 out of 10000000
DEBUG: Total dvariable address used is 2077 out of 150000
DEBUG: Total dvariable address used is 3791880 out of 50000000
DEBUG: Total gradient stack used is 195985 out of 10000000
DEBUG: Total dvariable address used is 2077 out of 150000
DEBUG: Total dvariable address used is 3791880 out of 50000000
DEBUG: Total gradient stack used is 195985 out of 10000000
DEBUG: Total dvariable address used is 2077 out of 150000
DEBUG: Total dvariable address used is 3791880 out of 50000000
phase= 1 | nvar=255 | iter=140 | nll=-7.83e+03 | mag=2.81e+05 | par[  1]=T_pars_est[3]
DEBUG: Total gradient stack used is 195985 out of 10000000
DEBUG: Total dvariable address used is 2077 out of 150000
DEBUG: Total dvariable address used is 3791880 out of 50000000
DEBUG: Total gradient stack used is 195985 out of 10000000
DEBUG: Total dvariable address used is 2077 out of 150000
DEBUG: Total dvariable address used is 3791880 out of 50000000
DEBUG: Total gradient stack used is 195985 out of 10000000
DEBUG: Total dvariable address used is 2077 out of 150000
DEBUG: Total dvariable address used is 3791880 out of 50000000
DEBUG: Total gradient stack used is 195985 out of 10000000
DEBUG: Total dvariable address used is 2077 out of 150000
DEBUG: Total dvariable address used is 3791880 out of 50000000
DEBUG: Total gradient stack used is 195985 out of 10000000
DEBUG: Total dvariable address used is 2077 out of 150000
DEBUG: Total dvariable address used is 3791880 out of 50000000
DEBUG: Total gradient stack used is 195985 out of 10000000
DEBUG: Total dvariable address used is 2077 out of 150000
DEBUG: Total dvariable address used is 3791880 out of 50000000
DEBUG: Total gradient stack used is 195985 out of 10000000
DEBUG: Total dvariable address used is 2077 out of 150000
DEBUG: Total dvariable address used is 3791880 out of 50000000
DEBUG: Total gradient stack used is 195985 out of 10000000
DEBUG: Total dvariable address used is 2077 out of 150000
DEBUG: Total dvariable address used is 3791880 out of 50000000
DEBUG: Total gradient stack used is 195985 out of 10000000
DEBUG: Total dvariable address used is 2077 out of 150000
DEBUG: Total dvariable address used is 3791880 out of 50000000
DEBUG: Total gradient stack used is 195985 out of 10000000
DEBUG: Total dvariable address used is 2077 out of 150000
DEBUG: Total dvariable address used is 3791880 out of 50000000
DEBUG: Total gradient stack used is 195985 out of 10000000
DEBUG: Total dvariable address used is 2077 out of 150000
DEBUG: Total dvariable address used is 3791880 out of 50000000
DEBUG: Total gradient stack used is 195985 out of 10000000
DEBUG: Total dvariable address used is 2077 out of 150000
DEBUG: Total dvariable address used is 3791880 out of 50000000
DEBUG: Total gradient stack used is 195985 out of 10000000
DEBUG: Total dvariable address used is 2077 out of 150000
DEBUG: Total dvariable address used is 3791880 out of 50000000
DEBUG: Total gradient stack used is 195985 out of 10000000
DEBUG: Total dvariable address used is 2077 out of 150000
DEBUG: Total dvariable address used is 3791880 out of 50000000
DEBUG: Total gradient stack used is 195985 out of 10000000
DEBUG: Total dvariable address used is 2077 out of 150000
DEBUG: Total dvariable address used is 3791880 out of 50000000
DEBUG: Total gradient stack used is 195985 out of 10000000
DEBUG: Total dvariable address used is 2077 out of 150000
DEBUG: Total dvariable address used is 3791880 out of 50000000
DEBUG: Total gradient stack used is 195985 out of 10000000
DEBUG: Total dvariable address used is 2077 out of 150000
DEBUG: Total dvariable address used is 3791880 out of 50000000
DEBUG: Total gradient stack used is 195985 out of 10000000
DEBUG: Total dvariable address used is 2077 out of 150000
DEBUG: Total dvariable address used is 3791880 out of 50000000
DEBUG: Total gradient stack used is 195985 out of 10000000
DEBUG: Total dvariable address used is 2077 out of 150000
DEBUG: Total dvariable address used is 3791880 out of 50000000
DEBUG: Total gradient stack used is 195985 out of 10000000
DEBUG: Total dvariable address used is 2077 out of 150000
DEBUG: Total dvariable address used is 3791880 out of 50000000
DEBUG: Total gradient stack used is 195985 out of 10000000
DEBUG: Total dvariable address used is 2077 out of 150000
DEBUG: Total dvariable address used is 3791880 out of 50000000
DEBUG: Total gradient stack used is 195985 out of 10000000
DEBUG: Total dvariable address used is 2077 out of 150000
DEBUG: Total dvariable address used is 3791880 out of 50000000
phase= 1 | nvar=255 | iter=160 | nll=-8.57e+03 | mag=2.66e+05 | par[  1]=T_pars_est[3]
DEBUG: Total gradient stack used is 195985 out of 10000000
DEBUG: Total dvariable address used is 2077 out of 150000
DEBUG: Total dvariable address used is 3791880 out of 50000000
DEBUG: Total gradient stack used is 195985 out of 10000000
DEBUG: Total dvariable address used is 2077 out of 150000
DEBUG: Total dvariable address used is 3791880 out of 50000000
DEBUG: Total gradient stack used is 195985 out of 10000000
DEBUG: Total dvariable address used is 2077 out of 150000
DEBUG: Total dvariable address used is 3791880 out of 50000000
DEBUG: Total gradient stack used is 195985 out of 10000000
DEBUG: Total dvariable address used is 2077 out of 150000
DEBUG: Total dvariable address used is 3791880 out of 50000000
DEBUG: Total gradient stack used is 195985 out of 10000000
DEBUG: Total dvariable address used is 2077 out of 150000
DEBUG: Total dvariable address used is 3791880 out of 50000000
DEBUG: Total gradient stack used is 195985 out of 10000000
DEBUG: Total dvariable address used is 2077 out of 150000
DEBUG: Total dvariable address used is 3791880 out of 50000000
DEBUG: Total gradient stack used is 195985 out of 10000000
DEBUG: Total dvariable address used is 2077 out of 150000
DEBUG: Total dvariable address used is 3791880 out of 50000000
DEBUG: Total gradient stack used is 195985 out of 10000000
DEBUG: Total dvariable address used is 2077 out of 150000
DEBUG: Total dvariable address used is 3791880 out of 50000000
DEBUG: Total gradient stack used is 195985 out of 10000000
DEBUG: Total dvariable address used is 2077 out of 150000
DEBUG: Total dvariable address used is 3791880 out of 50000000
DEBUG: Total gradient stack used is 195985 out of 10000000
DEBUG: Total dvariable address used is 2077 out of 150000
DEBUG: Total dvariable address used is 3791880 out of 50000000
DEBUG: Total gradient stack used is 195985 out of 10000000
DEBUG: Total dvariable address used is 2077 out of 150000
DEBUG: Total dvariable address used is 3791880 out of 50000000
DEBUG: Total gradient stack used is 195985 out of 10000000
DEBUG: Total dvariable address used is 2077 out of 150000
DEBUG: Total dvariable address used is 3791880 out of 50000000
DEBUG: Total gradient stack used is 195985 out of 10000000
DEBUG: Total dvariable address used is 2077 out of 150000
DEBUG: Total dvariable address used is 3791880 out of 50000000
DEBUG: Total gradient stack used is 195985 out of 10000000
DEBUG: Total dvariable address used is 2077 out of 150000
DEBUG: Total dvariable address used is 3791880 out of 50000000
DEBUG: Total gradient stack used is 195985 out of 10000000
DEBUG: Total dvariable address used is 2077 out of 150000
DEBUG: Total dvariable address used is 3791880 out of 50000000
DEBUG: Total gradient stack used is 195985 out of 10000000
DEBUG: Total dvariable address used is 2077 out of 150000
DEBUG: Total dvariable address used is 3791880 out of 50000000
DEBUG: Total gradient stack used is 195985 out of 10000000
DEBUG: Total dvariable address used is 2077 out of 150000
DEBUG: Total dvariable address used is 3791880 out of 50000000
DEBUG: Total gradient stack used is 195985 out of 10000000
DEBUG: Total dvariable address used is 2077 out of 150000
DEBUG: Total dvariable address used is 3791880 out of 50000000
DEBUG: Total gradient stack used is 195985 out of 10000000
DEBUG: Total dvariable address used is 2077 out of 150000
DEBUG: Total dvariable address used is 3791880 out of 50000000
DEBUG: Total gradient stack used is 195985 out of 10000000
DEBUG: Total dvariable address used is 2077 out of 150000
DEBUG: Total dvariable address used is 3791880 out of 50000000
DEBUG: Total gradient stack used is 195985 out of 10000000
DEBUG: Total dvariable address used is 2077 out of 150000
DEBUG: Total dvariable address used is 3791880 out of 50000000
DEBUG: Total gradient stack used is 195985 out of 10000000
DEBUG: Total dvariable address used is 2077 out of 150000
DEBUG: Total dvariable address used is 3791880 out of 50000000
DEBUG: Total gradient stack used is 195985 out of 10000000
DEBUG: Total dvariable address used is 2077 out of 150000
DEBUG: Total dvariable address used is 3791880 out of 50000000
DEBUG: Total gradient stack used is 195985 out of 10000000
DEBUG: Total dvariable address used is 2077 out of 150000
DEBUG: Total dvariable address used is 3791880 out of 50000000
DEBUG: Total gradient stack used is 195985 out of 10000000
DEBUG: Total dvariable address used is 2077 out of 150000
DEBUG: Total dvariable address used is 3791880 out of 50000000
phase= 1 | nvar=255 | iter=180 | nll=-1.05e+04 | mag=1.42e+05 | par[  1]=T_pars_est[3]
DEBUG: Total gradient stack used is 195985 out of 10000000
DEBUG: Total dvariable address used is 2077 out of 150000
DEBUG: Total dvariable address used is 3791880 out of 50000000
DEBUG: Total gradient stack used is 195985 out of 10000000
DEBUG: Total dvariable address used is 2077 out of 150000
DEBUG: Total dvariable address used is 3791880 out of 50000000
DEBUG: Total gradient stack used is 195985 out of 10000000
DEBUG: Total dvariable address used is 2077 out of 150000
DEBUG: Total dvariable address used is 3791880 out of 50000000
DEBUG: Total gradient stack used is 195985 out of 10000000
DEBUG: Total dvariable address used is 2077 out of 150000
DEBUG: Total dvariable address used is 3791880 out of 50000000
DEBUG: Total gradient stack used is 195985 out of 10000000
DEBUG: Total dvariable address used is 2077 out of 150000
DEBUG: Total dvariable address used is 3791880 out of 50000000
DEBUG: Total gradient stack used is 195985 out of 10000000
DEBUG: Total dvariable address used is 2077 out of 150000
DEBUG: Total dvariable address used is 3791880 out of 50000000
DEBUG: Total gradient stack used is 195985 out of 10000000
DEBUG: Total dvariable address used is 2077 out of 150000
DEBUG: Total dvariable address used is 3791880 out of 50000000
DEBUG: Total gradient stack used is 195985 out of 10000000
DEBUG: Total dvariable address used is 2077 out of 150000
DEBUG: Total dvariable address used is 3791880 out of 50000000
DEBUG: Total gradient stack used is 195985 out of 10000000
DEBUG: Total dvariable address used is 2077 out of 150000
DEBUG: Total dvariable address used is 3791880 out of 50000000
DEBUG: Total gradient stack used is 195985 out of 10000000
DEBUG: Total dvariable address used is 2077 out of 150000
DEBUG: Total dvariable address used is 3791880 out of 50000000
DEBUG: Total gradient stack used is 195985 out of 10000000
DEBUG: Total dvariable address used is 2077 out of 150000
DEBUG: Total dvariable address used is 3791880 out of 50000000
DEBUG: Total gradient stack used is 195985 out of 10000000
DEBUG: Total dvariable address used is 2077 out of 150000
DEBUG: Total dvariable address used is 3791880 out of 50000000
DEBUG: Total gradient stack used is 195985 out of 10000000
DEBUG: Total dvariable address used is 2077 out of 150000
DEBUG: Total dvariable address used is 3791880 out of 50000000
DEBUG: Total gradient stack used is 195985 out of 10000000
DEBUG: Total dvariable address used is 2077 out of 150000
DEBUG: Total dvariable address used is 3791880 out of 50000000
DEBUG: Total gradient stack used is 195985 out of 10000000
DEBUG: Total dvariable address used is 2077 out of 150000
DEBUG: Total dvariable address used is 3791880 out of 50000000
DEBUG: Total gradient stack used is 195985 out of 10000000
DEBUG: Total dvariable address used is 2077 out of 150000
DEBUG: Total dvariable address used is 3791880 out of 50000000
DEBUG: Total gradient stack used is 195985 out of 10000000
DEBUG: Total dvariable address used is 2077 out of 150000
DEBUG: Total dvariable address used is 3791880 out of 50000000
DEBUG: Total gradient stack used is 195985 out of 10000000
DEBUG: Total dvariable address used is 2077 out of 150000
DEBUG: Total dvariable address used is 3791880 out of 50000000
DEBUG: Total gradient stack used is 195985 out of 10000000
DEBUG: Total dvariable address used is 2077 out of 150000
DEBUG: Total dvariable address used is 3791880 out of 50000000
DEBUG: Total gradient stack used is 195985 out of 10000000
DEBUG: Total dvariable address used is 2077 out of 150000
DEBUG: Total dvariable address used is 3791880 out of 50000000
DEBUG: Total gradient stack used is 195985 out of 10000000
DEBUG: Total dvariable address used is 2077 out of 150000
DEBUG: Total dvariable address used is 3791880 out of 50000000
DEBUG: Total gradient stack used is 195985 out of 10000000
DEBUG: Total dvariable address used is 2077 out of 150000
DEBUG: Total dvariable address used is 3791880 out of 50000000
DEBUG: Total gradient stack used is 195985 out of 10000000
DEBUG: Total dvariable address used is 2077 out of 150000
DEBUG: Total dvariable address used is 3791880 out of 50000000
DEBUG: Total gradient stack used is 195985 out of 10000000
DEBUG: Total dvariable address used is 2077 out of 150000
DEBUG: Total dvariable address used is 3791880 out of 50000000
DEBUG: Total gradient stack used is 195985 out of 10000000
DEBUG: Total dvariable address used is 2077 out of 150000
DEBUG: Total dvariable address used is 3791880 out of 50000000
DEBUG: Total gradient stack used is 195985 out of 10000000
DEBUG: Total dvariable address used is 2077 out of 150000
DEBUG: Total dvariable address used is 3791880 out of 50000000
DEBUG: Total gradient stack used is 195985 out of 10000000
DEBUG: Total dvariable address used is 2077 out of 150000
DEBUG: Total dvariable address used is 3791880 out of 50000000
DEBUG: Total gradient stack used is 195985 out of 10000000
DEBUG: Total dvariable address used is 2077 out of 150000
DEBUG: Total dvariable address used is 3791880 out of 50000000
DEBUG: Total gradient stack used is 195985 out of 10000000
DEBUG: Total dvariable address used is 2077 out of 150000
DEBUG: Total dvariable address used is 3791880 out of 50000000
phase= 1 | nvar=255 | iter=200 | nll=-1.16e+04 | mag=6.88e+04 | par[  1]=T_pars_est[3]
DEBUG: Total gradient stack used is 195985 out of 10000000
DEBUG: Total dvariable address used is 2077 out of 150000
DEBUG: Total dvariable address used is 3791880 out of 50000000
DEBUG: Total gradient stack used is 195985 out of 10000000
DEBUG: Total dvariable address used is 2077 out of 150000
DEBUG: Total dvariable address used is 3791880 out of 50000000
DEBUG: Total gradient stack used is 195985 out of 10000000
DEBUG: Total dvariable address used is 2077 out of 150000
DEBUG: Total dvariable address used is 3791880 out of 50000000
DEBUG: Total gradient stack used is 195985 out of 10000000
DEBUG: Total dvariable address used is 2077 out of 150000
DEBUG: Total dvariable address used is 3791880 out of 50000000
DEBUG: Total gradient stack used is 195985 out of 10000000
DEBUG: Total dvariable address used is 2077 out of 150000
DEBUG: Total dvariable address used is 3791880 out of 50000000
DEBUG: Total gradient stack used is 195985 out of 10000000
DEBUG: Total dvariable address used is 2077 out of 150000
DEBUG: Total dvariable address used is 3791880 out of 50000000
DEBUG: Total gradient stack used is 195985 out of 10000000
DEBUG: Total dvariable address used is 2077 out of 150000
DEBUG: Total dvariable address used is 3791880 out of 50000000
DEBUG: Total gradient stack used is 195985 out of 10000000
DEBUG: Total dvariable address used is 2077 out of 150000
DEBUG: Total dvariable address used is 3791880 out of 50000000
DEBUG: Total gradient stack used is 195985 out of 10000000
DEBUG: Total dvariable address used is 2077 out of 150000
DEBUG: Total dvariable address used is 3791880 out of 50000000
DEBUG: Total gradient stack used is 195985 out of 10000000
DEBUG: Total dvariable address used is 2077 out of 150000
DEBUG: Total dvariable address used is 3791880 out of 50000000
DEBUG: Total gradient stack used is 195985 out of 10000000
DEBUG: Total dvariable address used is 2077 out of 150000
DEBUG: Total dvariable address used is 3791880 out of 50000000
DEBUG: Total gradient stack used is 195985 out of 10000000
DEBUG: Total dvariable address used is 2077 out of 150000
DEBUG: Total dvariable address used is 3791880 out of 50000000
DEBUG: Total gradient stack used is 195985 out of 10000000
DEBUG: Total dvariable address used is 2077 out of 150000
DEBUG: Total dvariable address used is 3791880 out of 50000000
DEBUG: Total gradient stack used is 195985 out of 10000000
DEBUG: Total dvariable address used is 2077 out of 150000
DEBUG: Total dvariable address used is 3791880 out of 50000000
DEBUG: Total gradient stack used is 195985 out of 10000000
DEBUG: Total dvariable address used is 2077 out of 150000
DEBUG: Total dvariable address used is 3791880 out of 50000000
DEBUG: Total gradient stack used is 195985 out of 10000000
DEBUG: Total dvariable address used is 2077 out of 150000
DEBUG: Total dvariable address used is 3791880 out of 50000000
DEBUG: Total gradient stack used is 195985 out of 10000000
DEBUG: Total dvariable address used is 2077 out of 150000
DEBUG: Total dvariable address used is 3791880 out of 50000000
DEBUG: Total gradient stack used is 195985 out of 10000000
DEBUG: Total dvariable address used is 2077 out of 150000
DEBUG: Total dvariable address used is 3791880 out of 50000000
DEBUG: Total gradient stack used is 195985 out of 10000000
DEBUG: Total dvariable address used is 2077 out of 150000
DEBUG: Total dvariable address used is 3791880 out of 50000000
DEBUG: Total gradient stack used is 195985 out of 10000000
DEBUG: Total dvariable address used is 2077 out of 150000
DEBUG: Total dvariable address used is 3791880 out of 50000000
DEBUG: Total gradient stack used is 195985 out of 10000000
DEBUG: Total dvariable address used is 2077 out of 150000
DEBUG: Total dvariable address used is 3791880 out of 50000000
DEBUG: Total gradient stack used is 195985 out of 10000000
DEBUG: Total dvariable address used is 2077 out of 150000
DEBUG: Total dvariable address used is 3791880 out of 50000000
DEBUG: Total gradient stack used is 195985 out of 10000000
DEBUG: Total dvariable address used is 2077 out of 150000
DEBUG: Total dvariable address used is 3791880 out of 50000000
DEBUG: Total gradient stack used is 195985 out of 10000000
DEBUG: Total dvariable address used is 2077 out of 150000
DEBUG: Total dvariable address used is 3791880 out of 50000000
DEBUG: Total gradient stack used is 195985 out of 10000000
DEBUG: Total dvariable address used is 2077 out of 150000
DEBUG: Total dvariable address used is 3791880 out of 50000000
DEBUG: Total gradient stack used is 195985 out of 10000000
DEBUG: Total dvariable address used is 2077 out of 150000
DEBUG: Total dvariable address used is 3791880 out of 50000000
DEBUG: Total gradient stack used is 195985 out of 10000000
DEBUG: Total dvariable address used is 2077 out of 150000
DEBUG: Total dvariable address used is 3791880 out of 50000000
DEBUG: Total gradient stack used is 195985 out of 10000000
DEBUG: Total dvariable address used is 2077 out of 150000
DEBUG: Total dvariable address used is 3791880 out of 50000000
DEBUG: Total gradient stack used is 195985 out of 10000000
DEBUG: Total dvariable address used is 2077 out of 150000
DEBUG: Total dvariable address used is 3791880 out of 50000000
DEBUG: Total gradient stack used is 195985 out of 10000000
DEBUG: Total dvariable address used is 2077 out of 150000
DEBUG: Total dvariable address used is 3791880 out of 50000000
DEBUG: Total gradient stack used is 195985 out of 10000000
DEBUG: Total dvariable address used is 2077 out of 150000
DEBUG: Total dvariable address used is 3791880 out of 50000000
DEBUG: Total gradient stack used is 195985 out of 10000000
DEBUG: Total dvariable address used is 2077 out of 150000
DEBUG: Total dvariable address used is 3791880 out of 50000000
DEBUG: Total gradient stack used is 195985 out of 10000000
DEBUG: Total dvariable address used is 2077 out of 150000
DEBUG: Total dvariable address used is 3791880 out of 50000000
DEBUG: Total gradient stack used is 195985 out of 10000000
DEBUG: Total dvariable address used is 2077 out of 150000
DEBUG: Total dvariable address used is 3791880 out of 50000000
phase= 1 | nvar=255 | iter=220 | nll=-1.26e+04 | mag=1.35e+04 | par[  1]=T_pars_est[3]
DEBUG: Total gradient stack used is 195985 out of 10000000
DEBUG: Total dvariable address used is 2077 out of 150000
DEBUG: Total dvariable address used is 3791880 out of 50000000
DEBUG: Total gradient stack used is 195985 out of 10000000
DEBUG: Total dvariable address used is 2077 out of 150000
DEBUG: Total dvariable address used is 3791880 out of 50000000
DEBUG: Total gradient stack used is 195985 out of 10000000
DEBUG: Total dvariable address used is 2077 out of 150000
DEBUG: Total dvariable address used is 3791880 out of 50000000
DEBUG: Total gradient stack used is 195985 out of 10000000
DEBUG: Total dvariable address used is 2077 out of 150000
DEBUG: Total dvariable address used is 3791880 out of 50000000
DEBUG: Total gradient stack used is 195985 out of 10000000
DEBUG: Total dvariable address used is 2077 out of 150000
DEBUG: Total dvariable address used is 3791880 out of 50000000
DEBUG: Total gradient stack used is 195985 out of 10000000
DEBUG: Total dvariable address used is 2077 out of 150000
DEBUG: Total dvariable address used is 3791880 out of 50000000
DEBUG: Total gradient stack used is 195985 out of 10000000
DEBUG: Total dvariable address used is 2077 out of 150000
DEBUG: Total dvariable address used is 3791880 out of 50000000
DEBUG: Total gradient stack used is 195985 out of 10000000
DEBUG: Total dvariable address used is 2077 out of 150000
DEBUG: Total dvariable address used is 3791880 out of 50000000
DEBUG: Total gradient stack used is 195985 out of 10000000
DEBUG: Total dvariable address used is 2077 out of 150000
DEBUG: Total dvariable address used is 3791880 out of 50000000
DEBUG: Total gradient stack used is 195985 out of 10000000
DEBUG: Total dvariable address used is 2077 out of 150000
DEBUG: Total dvariable address used is 3791880 out of 50000000
DEBUG: Total gradient stack used is 195985 out of 10000000
DEBUG: Total dvariable address used is 2077 out of 150000
DEBUG: Total dvariable address used is 3791880 out of 50000000
DEBUG: Total gradient stack used is 195985 out of 10000000
DEBUG: Total dvariable address used is 2077 out of 150000
DEBUG: Total dvariable address used is 3791880 out of 50000000
DEBUG: Total gradient stack used is 195985 out of 10000000
DEBUG: Total dvariable address used is 2077 out of 150000
DEBUG: Total dvariable address used is 3791880 out of 50000000
DEBUG: Total gradient stack used is 195985 out of 10000000
DEBUG: Total dvariable address used is 2077 out of 150000
DEBUG: Total dvariable address used is 3791880 out of 50000000
DEBUG: Total gradient stack used is 195985 out of 10000000
DEBUG: Total dvariable address used is 2077 out of 150000
DEBUG: Total dvariable address used is 3791880 out of 50000000
DEBUG: Total gradient stack used is 195985 out of 10000000
DEBUG: Total dvariable address used is 2077 out of 150000
DEBUG: Total dvariable address used is 3791880 out of 50000000
DEBUG: Total gradient stack used is 195985 out of 10000000
DEBUG: Total dvariable address used is 2077 out of 150000
DEBUG: Total dvariable address used is 3791880 out of 50000000
DEBUG: Total gradient stack used is 195985 out of 10000000
DEBUG: Total dvariable address used is 2077 out of 150000
DEBUG: Total dvariable address used is 3791880 out of 50000000
DEBUG: Total gradient stack used is 195985 out of 10000000
DEBUG: Total dvariable address used is 2077 out of 150000
DEBUG: Total dvariable address used is 3791880 out of 50000000
DEBUG: Total gradient stack used is 195985 out of 10000000
DEBUG: Total dvariable address used is 2077 out of 150000
DEBUG: Total dvariable address used is 3791880 out of 50000000
DEBUG: Total gradient stack used is 195985 out of 10000000
DEBUG: Total dvariable address used is 2077 out of 150000
DEBUG: Total dvariable address used is 3791880 out of 50000000
DEBUG: Total gradient stack used is 195985 out of 10000000
DEBUG: Total dvariable address used is 2077 out of 150000
DEBUG: Total dvariable address used is 3791880 out of 50000000
DEBUG: Total gradient stack used is 195985 out of 10000000
DEBUG: Total dvariable address used is 2077 out of 150000
DEBUG: Total dvariable address used is 3791880 out of 50000000
DEBUG: Total gradient stack used is 195985 out of 10000000
DEBUG: Total dvariable address used is 2077 out of 150000
DEBUG: Total dvariable address used is 3791880 out of 50000000
DEBUG: Total gradient stack used is 195985 out of 10000000
DEBUG: Total dvariable address used is 2077 out of 150000
DEBUG: Total dvariable address used is 3791880 out of 50000000
DEBUG: Total gradient stack used is 195985 out of 10000000
DEBUG: Total dvariable address used is 2077 out of 150000
DEBUG: Total dvariable address used is 3791880 out of 50000000
DEBUG: Total gradient stack used is 195985 out of 10000000
DEBUG: Total dvariable address used is 2077 out of 150000
DEBUG: Total dvariable address used is 3791880 out of 50000000
DEBUG: Total gradient stack used is 195985 out of 10000000
DEBUG: Total dvariable address used is 2077 out of 150000
DEBUG: Total dvariable address used is 3791880 out of 50000000
DEBUG: Total gradient stack used is 195985 out of 10000000
DEBUG: Total dvariable address used is 2077 out of 150000
DEBUG: Total dvariable address used is 3791880 out of 50000000
DEBUG: Total gradient stack used is 195985 out of 10000000
DEBUG: Total dvariable address used is 2077 out of 150000
DEBUG: Total dvariable address used is 3791880 out of 50000000
DEBUG: Total gradient stack used is 195985 out of 10000000
DEBUG: Total dvariable address used is 2077 out of 150000
DEBUG: Total dvariable address used is 3791880 out of 50000000
DEBUG: Total gradient stack used is 195985 out of 10000000
DEBUG: Total dvariable address used is 2077 out of 150000
DEBUG: Total dvariable address used is 3791880 out of 50000000
DEBUG: Total gradient stack used is 195985 out of 10000000
DEBUG: Total dvariable address used is 2077 out of 150000
DEBUG: Total dvariable address used is 3791880 out of 50000000
phase= 1 | nvar=255 | iter=240 | nll=-1.29e+04 | mag=1.31e+04 | par[  1]=T_pars_est[3]
DEBUG: Total gradient stack used is 195985 out of 10000000
DEBUG: Total dvariable address used is 2077 out of 150000
DEBUG: Total dvariable address used is 3791880 out of 50000000
DEBUG: Total gradient stack used is 195985 out of 10000000
DEBUG: Total dvariable address used is 2077 out of 150000
DEBUG: Total dvariable address used is 3791880 out of 50000000
DEBUG: Total gradient stack used is 195985 out of 10000000
DEBUG: Total dvariable address used is 2077 out of 150000
DEBUG: Total dvariable address used is 3791880 out of 50000000
DEBUG: Total gradient stack used is 195985 out of 10000000
DEBUG: Total dvariable address used is 2077 out of 150000
DEBUG: Total dvariable address used is 3791880 out of 50000000
DEBUG: Total gradient stack used is 195985 out of 10000000
DEBUG: Total dvariable address used is 2077 out of 150000
DEBUG: Total dvariable address used is 3791880 out of 50000000
DEBUG: Total gradient stack used is 195985 out of 10000000
DEBUG: Total dvariable address used is 2077 out of 150000
DEBUG: Total dvariable address used is 3791880 out of 50000000
DEBUG: Total gradient stack used is 195985 out of 10000000
DEBUG: Total dvariable address used is 2077 out of 150000
DEBUG: Total dvariable address used is 3791880 out of 50000000
DEBUG: Total gradient stack used is 195985 out of 10000000
DEBUG: Total dvariable address used is 2077 out of 150000
DEBUG: Total dvariable address used is 3791880 out of 50000000
DEBUG: Total gradient stack used is 195985 out of 10000000
DEBUG: Total dvariable address used is 2077 out of 150000
DEBUG: Total dvariable address used is 3791880 out of 50000000
DEBUG: Total gradient stack used is 195985 out of 10000000
DEBUG: Total dvariable address used is 2077 out of 150000
DEBUG: Total dvariable address used is 3791880 out of 50000000
DEBUG: Total gradient stack used is 195985 out of 10000000
DEBUG: Total dvariable address used is 2077 out of 150000
DEBUG: Total dvariable address used is 3791880 out of 50000000
DEBUG: Total gradient stack used is 195985 out of 10000000
DEBUG: Total dvariable address used is 2077 out of 150000
DEBUG: Total dvariable address used is 3791880 out of 50000000
DEBUG: Total gradient stack used is 195985 out of 10000000
DEBUG: Total dvariable address used is 2077 out of 150000
DEBUG: Total dvariable address used is 3791880 out of 50000000
DEBUG: Total gradient stack used is 195985 out of 10000000
DEBUG: Total dvariable address used is 2077 out of 150000
DEBUG: Total dvariable address used is 3791880 out of 50000000
DEBUG: Total gradient stack used is 195985 out of 10000000
DEBUG: Total dvariable address used is 2077 out of 150000
DEBUG: Total dvariable address used is 3791880 out of 50000000
DEBUG: Total gradient stack used is 195985 out of 10000000
DEBUG: Total dvariable address used is 2077 out of 150000
DEBUG: Total dvariable address used is 3791880 out of 50000000
DEBUG: Total gradient stack used is 195985 out of 10000000
DEBUG: Total dvariable address used is 2077 out of 150000
DEBUG: Total dvariable address used is 3791880 out of 50000000
DEBUG: Total gradient stack used is 195985 out of 10000000
DEBUG: Total dvariable address used is 2077 out of 150000
DEBUG: Total dvariable address used is 3791880 out of 50000000
DEBUG: Total gradient stack used is 195985 out of 10000000
DEBUG: Total dvariable address used is 2077 out of 150000
DEBUG: Total dvariable address used is 3791880 out of 50000000
DEBUG: Total gradient stack used is 195985 out of 10000000
DEBUG: Total dvariable address used is 2077 out of 150000
DEBUG: Total dvariable address used is 3791880 out of 50000000
DEBUG: Total gradient stack used is 195985 out of 10000000
DEBUG: Total dvariable address used is 2077 out of 150000
DEBUG: Total dvariable address used is 3791880 out of 50000000
DEBUG: Total gradient stack used is 195985 out of 10000000
DEBUG: Total dvariable address used is 2077 out of 150000
DEBUG: Total dvariable address used is 3791880 out of 50000000
DEBUG: Total gradient stack used is 195985 out of 10000000
DEBUG: Total dvariable address used is 2077 out of 150000
DEBUG: Total dvariable address used is 3791880 out of 50000000
DEBUG: Total gradient stack used is 195985 out of 10000000
DEBUG: Total dvariable address used is 2077 out of 150000
DEBUG: Total dvariable address used is 3791880 out of 50000000
DEBUG: Total gradient stack used is 195985 out of 10000000
DEBUG: Total dvariable address used is 2077 out of 150000
DEBUG: Total dvariable address used is 3791880 out of 50000000
DEBUG: Total gradient stack used is 195985 out of 10000000
DEBUG: Total dvariable address used is 2077 out of 150000
DEBUG: Total dvariable address used is 3791880 out of 50000000
DEBUG: Total gradient stack used is 195985 out of 10000000
DEBUG: Total dvariable address used is 2077 out of 150000
DEBUG: Total dvariable address used is 3791880 out of 50000000
DEBUG: Total gradient stack used is 195985 out of 10000000
DEBUG: Total dvariable address used is 2077 out of 150000
DEBUG: Total dvariable address used is 3791880 out of 50000000
DEBUG: Total gradient stack used is 195985 out of 10000000
DEBUG: Total dvariable address used is 2077 out of 150000
DEBUG: Total dvariable address used is 3791880 out of 50000000
DEBUG: Total gradient stack used is 195985 out of 10000000
DEBUG: Total dvariable address used is 2077 out of 150000
DEBUG: Total dvariable address used is 3791880 out of 50000000
DEBUG: Total gradient stack used is 195985 out of 10000000
DEBUG: Total dvariable address used is 2077 out of 150000
DEBUG: Total dvariable address used is 3791880 out of 50000000
DEBUG: Total gradient stack used is 195985 out of 10000000
DEBUG: Total dvariable address used is 2077 out of 150000
DEBUG: Total dvariable address used is 3791880 out of 50000000
DEBUG: Total gradient stack used is 195985 out of 10000000
DEBUG: Total dvariable address used is 2077 out of 150000
DEBUG: Total dvariable address used is 3791880 out of 50000000
DEBUG: Total gradient stack used is 195985 out of 10000000
DEBUG: Total dvariable address used is 2077 out of 150000
DEBUG: Total dvariable address used is 3791880 out of 50000000
DEBUG: Total gradient stack used is 195985 out of 10000000
DEBUG: Total dvariable address used is 2077 out of 150000
DEBUG: Total dvariable address used is 3791880 out of 50000000
DEBUG: Total gradient stack used is 195985 out of 10000000
DEBUG: Total dvariable address used is 2077 out of 150000
DEBUG: Total dvariable address used is 3791880 out of 50000000
DEBUG: Total gradient stack used is 195985 out of 10000000
DEBUG: Total dvariable address used is 2077 out of 150000
DEBUG: Total dvariable address used is 3791880 out of 50000000
DEBUG: Total gradient stack used is 195985 out of 10000000
DEBUG: Total dvariable address used is 2077 out of 150000
DEBUG: Total dvariable address used is 3791880 out of 50000000
DEBUG: Total gradient stack used is 195985 out of 10000000
DEBUG: Total dvariable address used is 2077 out of 150000
DEBUG: Total dvariable address used is 3791880 out of 50000000
phase= 1 | nvar=255 | iter=260 | nll=-1.34e+04 | mag=3.35e+03 | par[171]=log_foff[1]
DEBUG: Total gradient stack used is 195985 out of 10000000
DEBUG: Total dvariable address used is 2077 out of 150000
DEBUG: Total dvariable address used is 3791880 out of 50000000
DEBUG: Total gradient stack used is 195985 out of 10000000
DEBUG: Total dvariable address used is 2077 out of 150000
DEBUG: Total dvariable address used is 3791880 out of 50000000
DEBUG: Total gradient stack used is 195985 out of 10000000
DEBUG: Total dvariable address used is 2077 out of 150000
DEBUG: Total dvariable address used is 3791880 out of 50000000
DEBUG: Total gradient stack used is 195985 out of 10000000
DEBUG: Total dvariable address used is 2077 out of 150000
DEBUG: Total dvariable address used is 3791880 out of 50000000
DEBUG: Total gradient stack used is 195985 out of 10000000
DEBUG: Total dvariable address used is 2077 out of 150000
DEBUG: Total dvariable address used is 3791880 out of 50000000
DEBUG: Total gradient stack used is 195985 out of 10000000
DEBUG: Total dvariable address used is 2077 out of 150000
DEBUG: Total dvariable address used is 3791880 out of 50000000
DEBUG: Total gradient stack used is 195985 out of 10000000
DEBUG: Total dvariable address used is 2077 out of 150000
DEBUG: Total dvariable address used is 3791880 out of 50000000
DEBUG: Total gradient stack used is 195985 out of 10000000
DEBUG: Total dvariable address used is 2077 out of 150000
DEBUG: Total dvariable address used is 3791880 out of 50000000
DEBUG: Total gradient stack used is 195985 out of 10000000
DEBUG: Total dvariable address used is 2077 out of 150000
DEBUG: Total dvariable address used is 3791880 out of 50000000
DEBUG: Total gradient stack used is 196111 out of 10000000
DEBUG: Total dvariable address used is 2077 out of 150000
DEBUG: Total dvariable address used is 3791880 out of 50000000
DEBUG: Total gradient stack used is 195985 out of 10000000
DEBUG: Total dvariable address used is 2077 out of 150000
DEBUG: Total dvariable address used is 3791880 out of 50000000
DEBUG: Total gradient stack used is 195985 out of 10000000
DEBUG: Total dvariable address used is 2077 out of 150000
DEBUG: Total dvariable address used is 3791880 out of 50000000
DEBUG: Total gradient stack used is 195985 out of 10000000
DEBUG: Total dvariable address used is 2077 out of 150000
DEBUG: Total dvariable address used is 3791880 out of 50000000
DEBUG: Total gradient stack used is 195985 out of 10000000
DEBUG: Total dvariable address used is 2077 out of 150000
DEBUG: Total dvariable address used is 3791880 out of 50000000
DEBUG: Total gradient stack used is 195985 out of 10000000
DEBUG: Total dvariable address used is 2077 out of 150000
DEBUG: Total dvariable address used is 3791880 out of 50000000
DEBUG: Total gradient stack used is 195985 out of 10000000
DEBUG: Total dvariable address used is 2077 out of 150000
DEBUG: Total dvariable address used is 3791880 out of 50000000
DEBUG: Total gradient stack used is 195985 out of 10000000
DEBUG: Total dvariable address used is 2077 out of 150000
DEBUG: Total dvariable address used is 3791880 out of 50000000
DEBUG: Total gradient stack used is 195985 out of 10000000
DEBUG: Total dvariable address used is 2077 out of 150000
DEBUG: Total dvariable address used is 3791880 out of 50000000
DEBUG: Total gradient stack used is 195985 out of 10000000
DEBUG: Total dvariable address used is 2077 out of 150000
DEBUG: Total dvariable address used is 3791880 out of 50000000
DEBUG: Total gradient stack used is 195985 out of 10000000
DEBUG: Total dvariable address used is 2077 out of 150000
DEBUG: Total dvariable address used is 3791880 out of 50000000
DEBUG: Total gradient stack used is 195985 out of 10000000
DEBUG: Total dvariable address used is 2077 out of 150000
DEBUG: Total dvariable address used is 3791880 out of 50000000
DEBUG: Total gradient stack used is 195985 out of 10000000
DEBUG: Total dvariable address used is 2077 out of 150000
DEBUG: Total dvariable address used is 3791880 out of 50000000
DEBUG: Total gradient stack used is 195985 out of 10000000
DEBUG: Total dvariable address used is 2077 out of 150000
DEBUG: Total dvariable address used is 3791880 out of 50000000
DEBUG: Total gradient stack used is 195985 out of 10000000
DEBUG: Total dvariable address used is 2077 out of 150000
DEBUG: Total dvariable address used is 3791880 out of 50000000
DEBUG: Total gradient stack used is 195985 out of 10000000
DEBUG: Total dvariable address used is 2077 out of 150000
DEBUG: Total dvariable address used is 3791880 out of 50000000
DEBUG: Total gradient stack used is 195985 out of 10000000
DEBUG: Total dvariable address used is 2077 out of 150000
DEBUG: Total dvariable address used is 3791880 out of 50000000
DEBUG: Total gradient stack used is 195985 out of 10000000
DEBUG: Total dvariable address used is 2077 out of 150000
DEBUG: Total dvariable address used is 3791880 out of 50000000
DEBUG: Total gradient stack used is 195985 out of 10000000
DEBUG: Total dvariable address used is 2077 out of 150000
DEBUG: Total dvariable address used is 3791880 out of 50000000
DEBUG: Total gradient stack used is 195985 out of 10000000
DEBUG: Total dvariable address used is 2077 out of 150000
DEBUG: Total dvariable address used is 3791880 out of 50000000
DEBUG: Total gradient stack used is 196097 out of 10000000
DEBUG: Total dvariable address used is 2077 out of 150000
DEBUG: Total dvariable address used is 3791880 out of 50000000
DEBUG: Total gradient stack used is 195985 out of 10000000
DEBUG: Total dvariable address used is 2077 out of 150000
DEBUG: Total dvariable address used is 3791880 out of 50000000
DEBUG: Total gradient stack used is 195985 out of 10000000
DEBUG: Total dvariable address used is 2077 out of 150000
DEBUG: Total dvariable address used is 3791880 out of 50000000
DEBUG: Total gradient stack used is 195985 out of 10000000
DEBUG: Total dvariable address used is 2077 out of 150000
DEBUG: Total dvariable address used is 3791880 out of 50000000
DEBUG: Total gradient stack used is 195985 out of 10000000
DEBUG: Total dvariable address used is 2077 out of 150000
DEBUG: Total dvariable address used is 3791880 out of 50000000
DEBUG: Total gradient stack used is 195985 out of 10000000
DEBUG: Total dvariable address used is 2077 out of 150000
DEBUG: Total dvariable address used is 3791880 out of 50000000
DEBUG: Total gradient stack used is 195985 out of 10000000
DEBUG: Total dvariable address used is 2077 out of 150000
DEBUG: Total dvariable address used is 3791880 out of 50000000
DEBUG: Total gradient stack used is 195985 out of 10000000
DEBUG: Total dvariable address used is 2077 out of 150000
DEBUG: Total dvariable address used is 3791880 out of 50000000
DEBUG: Total gradient stack used is 195985 out of 10000000
DEBUG: Total dvariable address used is 2077 out of 150000
DEBUG: Total dvariable address used is 3791880 out of 50000000
DEBUG: Total gradient stack used is 195985 out of 10000000
DEBUG: Total dvariable address used is 2077 out of 150000
DEBUG: Total dvariable address used is 3791880 out of 50000000
DEBUG: Total gradient stack used is 195985 out of 10000000
DEBUG: Total dvariable address used is 2077 out of 150000
DEBUG: Total dvariable address used is 3791880 out of 50000000
DEBUG: Total gradient stack used is 195985 out of 10000000
DEBUG: Total dvariable address used is 2077 out of 150000
DEBUG: Total dvariable address used is 3791880 out of 50000000
phase= 1 | nvar=255 | iter=280 | nll=-1.42e+04 | mag=1.28e+03 | par[171]=log_foff[1]
DEBUG: Total gradient stack used is 195985 out of 10000000
DEBUG: Total dvariable address used is 2077 out of 150000
DEBUG: Total dvariable address used is 3791880 out of 50000000
DEBUG: Total gradient stack used is 195985 out of 10000000
DEBUG: Total dvariable address used is 2077 out of 150000
DEBUG: Total dvariable address used is 3791880 out of 50000000
DEBUG: Total gradient stack used is 195985 out of 10000000
DEBUG: Total dvariable address used is 2077 out of 150000
DEBUG: Total dvariable address used is 3791880 out of 50000000
DEBUG: Total gradient stack used is 195985 out of 10000000
DEBUG: Total dvariable address used is 2077 out of 150000
DEBUG: Total dvariable address used is 3791880 out of 50000000
DEBUG: Total gradient stack used is 195985 out of 10000000
DEBUG: Total dvariable address used is 2077 out of 150000
DEBUG: Total dvariable address used is 3791880 out of 50000000
DEBUG: Total gradient stack used is 195985 out of 10000000
DEBUG: Total dvariable address used is 2077 out of 150000
DEBUG: Total dvariable address used is 3791880 out of 50000000
DEBUG: Total gradient stack used is 195985 out of 10000000
DEBUG: Total dvariable address used is 2077 out of 150000
DEBUG: Total dvariable address used is 3791880 out of 50000000
DEBUG: Total gradient stack used is 195985 out of 10000000
DEBUG: Total dvariable address used is 2077 out of 150000
DEBUG: Total dvariable address used is 3791880 out of 50000000
DEBUG: Total gradient stack used is 195985 out of 10000000
DEBUG: Total dvariable address used is 2077 out of 150000
DEBUG: Total dvariable address used is 3791880 out of 50000000
DEBUG: Total gradient stack used is 195985 out of 10000000
DEBUG: Total dvariable address used is 2077 out of 150000
DEBUG: Total dvariable address used is 3791880 out of 50000000
DEBUG: Total gradient stack used is 195985 out of 10000000
DEBUG: Total dvariable address used is 2077 out of 150000
DEBUG: Total dvariable address used is 3791880 out of 50000000
DEBUG: Total gradient stack used is 195985 out of 10000000
DEBUG: Total dvariable address used is 2077 out of 150000
DEBUG: Total dvariable address used is 3791880 out of 50000000
DEBUG: Total gradient stack used is 195985 out of 10000000
DEBUG: Total dvariable address used is 2077 out of 150000
DEBUG: Total dvariable address used is 3791880 out of 50000000
DEBUG: Total gradient stack used is 195985 out of 10000000
DEBUG: Total dvariable address used is 2077 out of 150000
DEBUG: Total dvariable address used is 3791880 out of 50000000
DEBUG: Total gradient stack used is 195985 out of 10000000
DEBUG: Total dvariable address used is 2077 out of 150000
DEBUG: Total dvariable address used is 3791880 out of 50000000
DEBUG: Total gradient stack used is 195985 out of 10000000
DEBUG: Total dvariable address used is 2077 out of 150000
DEBUG: Total dvariable address used is 3791880 out of 50000000
DEBUG: Total gradient stack used is 195985 out of 10000000
DEBUG: Total dvariable address used is 2077 out of 150000
DEBUG: Total dvariable address used is 3791880 out of 50000000
DEBUG: Total gradient stack used is 195985 out of 10000000
DEBUG: Total dvariable address used is 2077 out of 150000
DEBUG: Total dvariable address used is 3791880 out of 50000000
DEBUG: Total gradient stack used is 195985 out of 10000000
DEBUG: Total dvariable address used is 2077 out of 150000
DEBUG: Total dvariable address used is 3791880 out of 50000000
DEBUG: Total gradient stack used is 195985 out of 10000000
DEBUG: Total dvariable address used is 2077 out of 150000
DEBUG: Total dvariable address used is 3791880 out of 50000000
DEBUG: Total gradient stack used is 195985 out of 10000000
DEBUG: Total dvariable address used is 2077 out of 150000
DEBUG: Total dvariable address used is 3791880 out of 50000000
DEBUG: Total gradient stack used is 195985 out of 10000000
DEBUG: Total dvariable address used is 2077 out of 150000
DEBUG: Total dvariable address used is 3791880 out of 50000000
DEBUG: Total gradient stack used is 195985 out of 10000000
DEBUG: Total dvariable address used is 2077 out of 150000
DEBUG: Total dvariable address used is 3791880 out of 50000000
DEBUG: Total gradient stack used is 195985 out of 10000000
DEBUG: Total dvariable address used is 2077 out of 150000
DEBUG: Total dvariable address used is 3791880 out of 50000000
DEBUG: Total gradient stack used is 195985 out of 10000000
DEBUG: Total dvariable address used is 2077 out of 150000
DEBUG: Total dvariable address used is 3791880 out of 50000000
phase= 1 | nvar=255 | iter=300 | nll=-1.46e+04 | mag=9.77e+03 | par[  1]=T_pars_est[3]
DEBUG: Total gradient stack used is 195985 out of 10000000
DEBUG: Total dvariable address used is 2077 out of 150000
DEBUG: Total dvariable address used is 3791880 out of 50000000
DEBUG: Total gradient stack used is 195985 out of 10000000
DEBUG: Total dvariable address used is 2077 out of 150000
DEBUG: Total dvariable address used is 3791880 out of 50000000
DEBUG: Total gradient stack used is 195985 out of 10000000
DEBUG: Total dvariable address used is 2077 out of 150000
DEBUG: Total dvariable address used is 3791880 out of 50000000
DEBUG: Total gradient stack used is 195985 out of 10000000
DEBUG: Total dvariable address used is 2077 out of 150000
DEBUG: Total dvariable address used is 3791880 out of 50000000
DEBUG: Total gradient stack used is 195985 out of 10000000
DEBUG: Total dvariable address used is 2077 out of 150000
DEBUG: Total dvariable address used is 3791880 out of 50000000
DEBUG: Total gradient stack used is 195985 out of 10000000
DEBUG: Total dvariable address used is 2077 out of 150000
DEBUG: Total dvariable address used is 3791880 out of 50000000
DEBUG: Total gradient stack used is 195985 out of 10000000
DEBUG: Total dvariable address used is 2077 out of 150000
DEBUG: Total dvariable address used is 3791880 out of 50000000
DEBUG: Total gradient stack used is 195985 out of 10000000
DEBUG: Total dvariable address used is 2077 out of 150000
DEBUG: Total dvariable address used is 3791880 out of 50000000
DEBUG: Total gradient stack used is 195985 out of 10000000
DEBUG: Total dvariable address used is 2077 out of 150000
DEBUG: Total dvariable address used is 3791880 out of 50000000
DEBUG: Total gradient stack used is 195985 out of 10000000
DEBUG: Total dvariable address used is 2077 out of 150000
DEBUG: Total dvariable address used is 3791880 out of 50000000
DEBUG: Total gradient stack used is 195985 out of 10000000
DEBUG: Total dvariable address used is 2077 out of 150000
DEBUG: Total dvariable address used is 3791880 out of 50000000
DEBUG: Total gradient stack used is 195985 out of 10000000
DEBUG: Total dvariable address used is 2077 out of 150000
DEBUG: Total dvariable address used is 3791880 out of 50000000
DEBUG: Total gradient stack used is 195985 out of 10000000
DEBUG: Total dvariable address used is 2077 out of 150000
DEBUG: Total dvariable address used is 3791880 out of 50000000
DEBUG: Total gradient stack used is 195985 out of 10000000
DEBUG: Total dvariable address used is 2077 out of 150000
DEBUG: Total dvariable address used is 3791880 out of 50000000
DEBUG: Total gradient stack used is 195985 out of 10000000
DEBUG: Total dvariable address used is 2077 out of 150000
DEBUG: Total dvariable address used is 3791880 out of 50000000
DEBUG: Total gradient stack used is 195985 out of 10000000
DEBUG: Total dvariable address used is 2077 out of 150000
DEBUG: Total dvariable address used is 3791880 out of 50000000
DEBUG: Total gradient stack used is 195985 out of 10000000
DEBUG: Total dvariable address used is 2077 out of 150000
DEBUG: Total dvariable address used is 3791880 out of 50000000
DEBUG: Total gradient stack used is 195985 out of 10000000
DEBUG: Total dvariable address used is 2077 out of 150000
DEBUG: Total dvariable address used is 3791880 out of 50000000
DEBUG: Total gradient stack used is 195985 out of 10000000
DEBUG: Total dvariable address used is 2077 out of 150000
DEBUG: Total dvariable address used is 3791880 out of 50000000
DEBUG: Total gradient stack used is 195985 out of 10000000
DEBUG: Total dvariable address used is 2077 out of 150000
DEBUG: Total dvariable address used is 3791880 out of 50000000
DEBUG: Total gradient stack used is 195985 out of 10000000
DEBUG: Total dvariable address used is 2077 out of 150000
DEBUG: Total dvariable address used is 3791880 out of 50000000
phase= 1 | nvar=255 | iter=320 | nll=-1.51e+04 | mag=1.47e+03 | par[  1]=T_pars_est[3]
DEBUG: Total gradient stack used is 195985 out of 10000000
DEBUG: Total dvariable address used is 2077 out of 150000
DEBUG: Total dvariable address used is 3791880 out of 50000000
DEBUG: Total gradient stack used is 195985 out of 10000000
DEBUG: Total dvariable address used is 2077 out of 150000
DEBUG: Total dvariable address used is 3791880 out of 50000000
DEBUG: Total gradient stack used is 195985 out of 10000000
DEBUG: Total dvariable address used is 2077 out of 150000
DEBUG: Total dvariable address used is 3791880 out of 50000000
DEBUG: Total gradient stack used is 195985 out of 10000000
DEBUG: Total dvariable address used is 2077 out of 150000
DEBUG: Total dvariable address used is 3791880 out of 50000000
DEBUG: Total gradient stack used is 195985 out of 10000000
DEBUG: Total dvariable address used is 2077 out of 150000
DEBUG: Total dvariable address used is 3791880 out of 50000000
DEBUG: Total gradient stack used is 195985 out of 10000000
DEBUG: Total dvariable address used is 2077 out of 150000
DEBUG: Total dvariable address used is 3791880 out of 50000000
DEBUG: Total gradient stack used is 195985 out of 10000000
DEBUG: Total dvariable address used is 2077 out of 150000
DEBUG: Total dvariable address used is 3791880 out of 50000000
DEBUG: Total gradient stack used is 195985 out of 10000000
DEBUG: Total dvariable address used is 2077 out of 150000
DEBUG: Total dvariable address used is 3791880 out of 50000000
DEBUG: Total gradient stack used is 195985 out of 10000000
DEBUG: Total dvariable address used is 2077 out of 150000
DEBUG: Total dvariable address used is 3791880 out of 50000000
DEBUG: Total gradient stack used is 195985 out of 10000000
DEBUG: Total dvariable address used is 2077 out of 150000
DEBUG: Total dvariable address used is 3791880 out of 50000000
DEBUG: Total gradient stack used is 195985 out of 10000000
DEBUG: Total dvariable address used is 2077 out of 150000
DEBUG: Total dvariable address used is 3791880 out of 50000000
DEBUG: Total gradient stack used is 195985 out of 10000000
DEBUG: Total dvariable address used is 2077 out of 150000
DEBUG: Total dvariable address used is 3791880 out of 50000000
DEBUG: Total gradient stack used is 195985 out of 10000000
DEBUG: Total dvariable address used is 2077 out of 150000
DEBUG: Total dvariable address used is 3791880 out of 50000000
DEBUG: Total gradient stack used is 195985 out of 10000000
DEBUG: Total dvariable address used is 2077 out of 150000
DEBUG: Total dvariable address used is 3791880 out of 50000000
DEBUG: Total gradient stack used is 195985 out of 10000000
DEBUG: Total dvariable address used is 2077 out of 150000
DEBUG: Total dvariable address used is 3791880 out of 50000000
DEBUG: Total gradient stack used is 195985 out of 10000000
DEBUG: Total dvariable address used is 2077 out of 150000
DEBUG: Total dvariable address used is 3791880 out of 50000000
DEBUG: Total gradient stack used is 195985 out of 10000000
DEBUG: Total dvariable address used is 2077 out of 150000
DEBUG: Total dvariable address used is 3791880 out of 50000000
DEBUG: Total gradient stack used is 195985 out of 10000000
DEBUG: Total dvariable address used is 2077 out of 150000
DEBUG: Total dvariable address used is 3791880 out of 50000000
DEBUG: Total gradient stack used is 195985 out of 10000000
DEBUG: Total dvariable address used is 2077 out of 150000
DEBUG: Total dvariable address used is 3791880 out of 50000000
DEBUG: Total gradient stack used is 195985 out of 10000000
DEBUG: Total dvariable address used is 2077 out of 150000
DEBUG: Total dvariable address used is 3791880 out of 50000000
DEBUG: Total gradient stack used is 195985 out of 10000000
DEBUG: Total dvariable address used is 2077 out of 150000
DEBUG: Total dvariable address used is 3791880 out of 50000000
phase= 1 | nvar=255 | iter=340 | nll=-1.53e+04 | mag=7.39e+02 | par[  1]=T_pars_est[3]
DEBUG: Total gradient stack used is 195985 out of 10000000
DEBUG: Total dvariable address used is 2077 out of 150000
DEBUG: Total dvariable address used is 3791880 out of 50000000
DEBUG: Total gradient stack used is 195985 out of 10000000
DEBUG: Total dvariable address used is 2077 out of 150000
DEBUG: Total dvariable address used is 3791880 out of 50000000
DEBUG: Total gradient stack used is 195985 out of 10000000
DEBUG: Total dvariable address used is 2077 out of 150000
DEBUG: Total dvariable address used is 3791880 out of 50000000
DEBUG: Total gradient stack used is 195985 out of 10000000
DEBUG: Total dvariable address used is 2077 out of 150000
DEBUG: Total dvariable address used is 3791880 out of 50000000
DEBUG: Total gradient stack used is 195985 out of 10000000
DEBUG: Total dvariable address used is 2077 out of 150000
DEBUG: Total dvariable address used is 3791880 out of 50000000
DEBUG: Total gradient stack used is 195985 out of 10000000
DEBUG: Total dvariable address used is 2077 out of 150000
DEBUG: Total dvariable address used is 3791880 out of 50000000
DEBUG: Total gradient stack used is 195985 out of 10000000
DEBUG: Total dvariable address used is 2077 out of 150000
DEBUG: Total dvariable address used is 3791880 out of 50000000
DEBUG: Total gradient stack used is 195985 out of 10000000
DEBUG: Total dvariable address used is 2077 out of 150000
DEBUG: Total dvariable address used is 3791880 out of 50000000
DEBUG: Total gradient stack used is 195985 out of 10000000
DEBUG: Total dvariable address used is 2077 out of 150000
DEBUG: Total dvariable address used is 3791880 out of 50000000
DEBUG: Total gradient stack used is 195985 out of 10000000
DEBUG: Total dvariable address used is 2077 out of 150000
DEBUG: Total dvariable address used is 3791880 out of 50000000
DEBUG: Total gradient stack used is 195985 out of 10000000
DEBUG: Total dvariable address used is 2077 out of 150000
DEBUG: Total dvariable address used is 3791880 out of 50000000
DEBUG: Total gradient stack used is 195985 out of 10000000
DEBUG: Total dvariable address used is 2077 out of 150000
DEBUG: Total dvariable address used is 3791880 out of 50000000
DEBUG: Total gradient stack used is 195985 out of 10000000
DEBUG: Total dvariable address used is 2077 out of 150000
DEBUG: Total dvariable address used is 3791880 out of 50000000
DEBUG: Total gradient stack used is 195985 out of 10000000
DEBUG: Total dvariable address used is 2077 out of 150000
DEBUG: Total dvariable address used is 3791880 out of 50000000
DEBUG: Total gradient stack used is 195985 out of 10000000
DEBUG: Total dvariable address used is 2077 out of 150000
DEBUG: Total dvariable address used is 3791880 out of 50000000
DEBUG: Total gradient stack used is 195985 out of 10000000
DEBUG: Total dvariable address used is 2077 out of 150000
DEBUG: Total dvariable address used is 3791880 out of 50000000
DEBUG: Total gradient stack used is 195985 out of 10000000
DEBUG: Total dvariable address used is 2077 out of 150000
DEBUG: Total dvariable address used is 3791880 out of 50000000
DEBUG: Total gradient stack used is 195985 out of 10000000
DEBUG: Total dvariable address used is 2077 out of 150000
DEBUG: Total dvariable address used is 3791880 out of 50000000
DEBUG: Total gradient stack used is 195985 out of 10000000
DEBUG: Total dvariable address used is 2077 out of 150000
DEBUG: Total dvariable address used is 3791880 out of 50000000
DEBUG: Total gradient stack used is 195985 out of 10000000
DEBUG: Total dvariable address used is 2077 out of 150000
DEBUG: Total dvariable address used is 3791880 out of 50000000
phase= 1 | nvar=255 | iter=360 | nll=-1.54e+04 | mag=1.13e+03 | par[  1]=T_pars_est[3]
DEBUG: Total gradient stack used is 195985 out of 10000000
DEBUG: Total dvariable address used is 2077 out of 150000
DEBUG: Total dvariable address used is 3791880 out of 50000000
DEBUG: Total gradient stack used is 195985 out of 10000000
DEBUG: Total dvariable address used is 2077 out of 150000
DEBUG: Total dvariable address used is 3791880 out of 50000000
DEBUG: Total gradient stack used is 195985 out of 10000000
DEBUG: Total dvariable address used is 2077 out of 150000
DEBUG: Total dvariable address used is 3791880 out of 50000000
DEBUG: Total gradient stack used is 195985 out of 10000000
DEBUG: Total dvariable address used is 2077 out of 150000
DEBUG: Total dvariable address used is 3791880 out of 50000000
DEBUG: Total gradient stack used is 195985 out of 10000000
DEBUG: Total dvariable address used is 2077 out of 150000
DEBUG: Total dvariable address used is 3791880 out of 50000000
DEBUG: Total gradient stack used is 195985 out of 10000000
DEBUG: Total dvariable address used is 2077 out of 150000
DEBUG: Total dvariable address used is 3791880 out of 50000000
DEBUG: Total gradient stack used is 195985 out of 10000000
DEBUG: Total dvariable address used is 2077 out of 150000
DEBUG: Total dvariable address used is 3791880 out of 50000000
DEBUG: Total gradient stack used is 195985 out of 10000000
DEBUG: Total dvariable address used is 2077 out of 150000
DEBUG: Total dvariable address used is 3791880 out of 50000000
DEBUG: Total gradient stack used is 195985 out of 10000000
DEBUG: Total dvariable address used is 2077 out of 150000
DEBUG: Total dvariable address used is 3791880 out of 50000000
DEBUG: Total gradient stack used is 195985 out of 10000000
DEBUG: Total dvariable address used is 2077 out of 150000
DEBUG: Total dvariable address used is 3791880 out of 50000000
DEBUG: Total gradient stack used is 195985 out of 10000000
DEBUG: Total dvariable address used is 2077 out of 150000
DEBUG: Total dvariable address used is 3791880 out of 50000000
DEBUG: Total gradient stack used is 195985 out of 10000000
DEBUG: Total dvariable address used is 2077 out of 150000
DEBUG: Total dvariable address used is 3791880 out of 50000000
DEBUG: Total gradient stack used is 195985 out of 10000000
DEBUG: Total dvariable address used is 2077 out of 150000
DEBUG: Total dvariable address used is 3791880 out of 50000000
DEBUG: Total gradient stack used is 195985 out of 10000000
DEBUG: Total dvariable address used is 2077 out of 150000
DEBUG: Total dvariable address used is 3791880 out of 50000000
DEBUG: Total gradient stack used is 195985 out of 10000000
DEBUG: Total dvariable address used is 2077 out of 150000
DEBUG: Total dvariable address used is 3791880 out of 50000000
DEBUG: Total gradient stack used is 195985 out of 10000000
DEBUG: Total dvariable address used is 2077 out of 150000
DEBUG: Total dvariable address used is 3791880 out of 50000000
DEBUG: Total gradient stack used is 195985 out of 10000000
DEBUG: Total dvariable address used is 2077 out of 150000
DEBUG: Total dvariable address used is 3791880 out of 50000000
DEBUG: Total gradient stack used is 195985 out of 10000000
DEBUG: Total dvariable address used is 2077 out of 150000
DEBUG: Total dvariable address used is 3791880 out of 50000000
DEBUG: Total gradient stack used is 195985 out of 10000000
DEBUG: Total dvariable address used is 2077 out of 150000
DEBUG: Total dvariable address used is 3791880 out of 50000000
DEBUG: Total gradient stack used is 195985 out of 10000000
DEBUG: Total dvariable address used is 2077 out of 150000
DEBUG: Total dvariable address used is 3791880 out of 50000000
phase= 1 | nvar=255 | iter=380 | nll=-1.54e+04 | mag=2.21e+02 | par[ 33]=T_pars_est[42]
DEBUG: Total gradient stack used is 195985 out of 10000000
DEBUG: Total dvariable address used is 2077 out of 150000
DEBUG: Total dvariable address used is 3791880 out of 50000000
DEBUG: Total gradient stack used is 195985 out of 10000000
DEBUG: Total dvariable address used is 2077 out of 150000
DEBUG: Total dvariable address used is 3791880 out of 50000000
DEBUG: Total gradient stack used is 195985 out of 10000000
DEBUG: Total dvariable address used is 2077 out of 150000
DEBUG: Total dvariable address used is 3791880 out of 50000000
DEBUG: Total gradient stack used is 195985 out of 10000000
DEBUG: Total dvariable address used is 2077 out of 150000
DEBUG: Total dvariable address used is 3791880 out of 50000000
DEBUG: Total gradient stack used is 195985 out of 10000000
DEBUG: Total dvariable address used is 2077 out of 150000
DEBUG: Total dvariable address used is 3791880 out of 50000000
DEBUG: Total gradient stack used is 195985 out of 10000000
DEBUG: Total dvariable address used is 2077 out of 150000
DEBUG: Total dvariable address used is 3791880 out of 50000000
DEBUG: Total gradient stack used is 195985 out of 10000000
DEBUG: Total dvariable address used is 2077 out of 150000
DEBUG: Total dvariable address used is 3791880 out of 50000000
DEBUG: Total gradient stack used is 195985 out of 10000000
DEBUG: Total dvariable address used is 2077 out of 150000
DEBUG: Total dvariable address used is 3791880 out of 50000000
DEBUG: Total gradient stack used is 195985 out of 10000000
DEBUG: Total dvariable address used is 2077 out of 150000
DEBUG: Total dvariable address used is 3791880 out of 50000000
DEBUG: Total gradient stack used is 195985 out of 10000000
DEBUG: Total dvariable address used is 2077 out of 150000
DEBUG: Total dvariable address used is 3791880 out of 50000000
DEBUG: Total gradient stack used is 195985 out of 10000000
DEBUG: Total dvariable address used is 2077 out of 150000
DEBUG: Total dvariable address used is 3791880 out of 50000000
DEBUG: Total gradient stack used is 195985 out of 10000000
DEBUG: Total dvariable address used is 2077 out of 150000
DEBUG: Total dvariable address used is 3791880 out of 50000000
DEBUG: Total gradient stack used is 195985 out of 10000000
DEBUG: Total dvariable address used is 2077 out of 150000
DEBUG: Total dvariable address used is 3791880 out of 50000000
DEBUG: Total gradient stack used is 195985 out of 10000000
DEBUG: Total dvariable address used is 2077 out of 150000
DEBUG: Total dvariable address used is 3791880 out of 50000000
DEBUG: Total gradient stack used is 195985 out of 10000000
DEBUG: Total dvariable address used is 2077 out of 150000
DEBUG: Total dvariable address used is 3791880 out of 50000000
DEBUG: Total gradient stack used is 195985 out of 10000000
DEBUG: Total dvariable address used is 2077 out of 150000
DEBUG: Total dvariable address used is 3791880 out of 50000000
DEBUG: Total gradient stack used is 195985 out of 10000000
DEBUG: Total dvariable address used is 2077 out of 150000
DEBUG: Total dvariable address used is 3791880 out of 50000000
DEBUG: Total gradient stack used is 195985 out of 10000000
DEBUG: Total dvariable address used is 2077 out of 150000
DEBUG: Total dvariable address used is 3791880 out of 50000000
DEBUG: Total gradient stack used is 195985 out of 10000000
DEBUG: Total dvariable address used is 2077 out of 150000
DEBUG: Total dvariable address used is 3791880 out of 50000000
DEBUG: Total gradient stack used is 195985 out of 10000000
DEBUG: Total dvariable address used is 2077 out of 150000
DEBUG: Total dvariable address used is 3791880 out of 50000000
phase= 1 | nvar=255 | iter=400 | nll=-1.54e+04 | mag=4.02e+02 | par[  1]=T_pars_est[3]
DEBUG: Total gradient stack used is 195985 out of 10000000
DEBUG: Total dvariable address used is 2077 out of 150000
DEBUG: Total dvariable address used is 3791880 out of 50000000
DEBUG: Total gradient stack used is 195985 out of 10000000
DEBUG: Total dvariable address used is 2077 out of 150000
DEBUG: Total dvariable address used is 3791880 out of 50000000
DEBUG: Total gradient stack used is 195985 out of 10000000
DEBUG: Total dvariable address used is 2077 out of 150000
DEBUG: Total dvariable address used is 3791880 out of 50000000
DEBUG: Total gradient stack used is 195985 out of 10000000
DEBUG: Total dvariable address used is 2077 out of 150000
DEBUG: Total dvariable address used is 3791880 out of 50000000
DEBUG: Total gradient stack used is 195985 out of 10000000
DEBUG: Total dvariable address used is 2077 out of 150000
DEBUG: Total dvariable address used is 3791880 out of 50000000
DEBUG: Total gradient stack used is 195985 out of 10000000
DEBUG: Total dvariable address used is 2077 out of 150000
DEBUG: Total dvariable address used is 3791880 out of 50000000
DEBUG: Total gradient stack used is 195985 out of 10000000
DEBUG: Total dvariable address used is 2077 out of 150000
DEBUG: Total dvariable address used is 3791880 out of 50000000
DEBUG: Total gradient stack used is 195985 out of 10000000
DEBUG: Total dvariable address used is 2077 out of 150000
DEBUG: Total dvariable address used is 3791880 out of 50000000
DEBUG: Total gradient stack used is 195985 out of 10000000
DEBUG: Total dvariable address used is 2077 out of 150000
DEBUG: Total dvariable address used is 3791880 out of 50000000
DEBUG: Total gradient stack used is 195985 out of 10000000
DEBUG: Total dvariable address used is 2077 out of 150000
DEBUG: Total dvariable address used is 3791880 out of 50000000
DEBUG: Total gradient stack used is 195985 out of 10000000
DEBUG: Total dvariable address used is 2077 out of 150000
DEBUG: Total dvariable address used is 3791880 out of 50000000
DEBUG: Total gradient stack used is 195985 out of 10000000
DEBUG: Total dvariable address used is 2077 out of 150000
DEBUG: Total dvariable address used is 3791880 out of 50000000
DEBUG: Total gradient stack used is 195985 out of 10000000
DEBUG: Total dvariable address used is 2077 out of 150000
DEBUG: Total dvariable address used is 3791880 out of 50000000
DEBUG: Total gradient stack used is 195985 out of 10000000
DEBUG: Total dvariable address used is 2077 out of 150000
DEBUG: Total dvariable address used is 3791880 out of 50000000
DEBUG: Total gradient stack used is 195985 out of 10000000
DEBUG: Total dvariable address used is 2077 out of 150000
DEBUG: Total dvariable address used is 3791880 out of 50000000
DEBUG: Total gradient stack used is 195985 out of 10000000
DEBUG: Total dvariable address used is 2077 out of 150000
DEBUG: Total dvariable address used is 3791880 out of 50000000
DEBUG: Total gradient stack used is 195985 out of 10000000
DEBUG: Total dvariable address used is 2077 out of 150000
DEBUG: Total dvariable address used is 3791880 out of 50000000
DEBUG: Total gradient stack used is 195985 out of 10000000
DEBUG: Total dvariable address used is 2077 out of 150000
DEBUG: Total dvariable address used is 3791880 out of 50000000
DEBUG: Total gradient stack used is 195985 out of 10000000
DEBUG: Total dvariable address used is 2077 out of 150000
DEBUG: Total dvariable address used is 3791880 out of 50000000
DEBUG: Total gradient stack used is 195985 out of 10000000
DEBUG: Total dvariable address used is 2077 out of 150000
DEBUG: Total dvariable address used is 3791880 out of 50000000
phase= 1 | nvar=255 | iter=420 | nll=-1.54e+04 | mag=8.61e+01 | par[  1]=T_pars_est[3]
DEBUG: Total gradient stack used is 195985 out of 10000000
DEBUG: Total dvariable address used is 2077 out of 150000
DEBUG: Total dvariable address used is 3791880 out of 50000000
DEBUG: Total gradient stack used is 195985 out of 10000000
DEBUG: Total dvariable address used is 2077 out of 150000
DEBUG: Total dvariable address used is 3791880 out of 50000000
DEBUG: Total gradient stack used is 195985 out of 10000000
DEBUG: Total dvariable address used is 2077 out of 150000
DEBUG: Total dvariable address used is 3791880 out of 50000000
DEBUG: Total gradient stack used is 195985 out of 10000000
DEBUG: Total dvariable address used is 2077 out of 150000
DEBUG: Total dvariable address used is 3791880 out of 50000000
DEBUG: Total gradient stack used is 195985 out of 10000000
DEBUG: Total dvariable address used is 2077 out of 150000
DEBUG: Total dvariable address used is 3791880 out of 50000000
DEBUG: Total gradient stack used is 195985 out of 10000000
DEBUG: Total dvariable address used is 2077 out of 150000
DEBUG: Total dvariable address used is 3791880 out of 50000000
DEBUG: Total gradient stack used is 195985 out of 10000000
DEBUG: Total dvariable address used is 2077 out of 150000
DEBUG: Total dvariable address used is 3791880 out of 50000000
DEBUG: Total gradient stack used is 195985 out of 10000000
DEBUG: Total dvariable address used is 2077 out of 150000
DEBUG: Total dvariable address used is 3791880 out of 50000000
DEBUG: Total gradient stack used is 195985 out of 10000000
DEBUG: Total dvariable address used is 2077 out of 150000
DEBUG: Total dvariable address used is 3791880 out of 50000000
DEBUG: Total gradient stack used is 195985 out of 10000000
DEBUG: Total dvariable address used is 2077 out of 150000
DEBUG: Total dvariable address used is 3791880 out of 50000000
DEBUG: Total gradient stack used is 195985 out of 10000000
DEBUG: Total dvariable address used is 2077 out of 150000
DEBUG: Total dvariable address used is 3791880 out of 50000000
DEBUG: Total gradient stack used is 195985 out of 10000000
DEBUG: Total dvariable address used is 2077 out of 150000
DEBUG: Total dvariable address used is 3791880 out of 50000000
DEBUG: Total gradient stack used is 195985 out of 10000000
DEBUG: Total dvariable address used is 2077 out of 150000
DEBUG: Total dvariable address used is 3791880 out of 50000000
DEBUG: Total gradient stack used is 195985 out of 10000000
DEBUG: Total dvariable address used is 2077 out of 150000
DEBUG: Total dvariable address used is 3791880 out of 50000000
DEBUG: Total gradient stack used is 195985 out of 10000000
DEBUG: Total dvariable address used is 2077 out of 150000
DEBUG: Total dvariable address used is 3791880 out of 50000000
DEBUG: Total gradient stack used is 195985 out of 10000000
DEBUG: Total dvariable address used is 2077 out of 150000
DEBUG: Total dvariable address used is 3791880 out of 50000000
DEBUG: Total gradient stack used is 195985 out of 10000000
DEBUG: Total dvariable address used is 2077 out of 150000
DEBUG: Total dvariable address used is 3791880 out of 50000000
DEBUG: Total gradient stack used is 195985 out of 10000000
DEBUG: Total dvariable address used is 2077 out of 150000
DEBUG: Total dvariable address used is 3791880 out of 50000000
DEBUG: Total gradient stack used is 195985 out of 10000000
DEBUG: Total dvariable address used is 2077 out of 150000
DEBUG: Total dvariable address used is 3791880 out of 50000000
DEBUG: Total gradient stack used is 195985 out of 10000000
DEBUG: Total dvariable address used is 2077 out of 150000
DEBUG: Total dvariable address used is 3791880 out of 50000000
phase= 1 | nvar=255 | iter=440 | nll=-1.54e+04 | mag=6.89e+01 | par[  1]=T_pars_est[3]
DEBUG: Total gradient stack used is 195985 out of 10000000
DEBUG: Total dvariable address used is 2077 out of 150000
DEBUG: Total dvariable address used is 3791880 out of 50000000
DEBUG: Total gradient stack used is 195985 out of 10000000
DEBUG: Total dvariable address used is 2077 out of 150000
DEBUG: Total dvariable address used is 3791880 out of 50000000
DEBUG: Total gradient stack used is 195985 out of 10000000
DEBUG: Total dvariable address used is 2077 out of 150000
DEBUG: Total dvariable address used is 3791880 out of 50000000
DEBUG: Total gradient stack used is 195985 out of 10000000
DEBUG: Total dvariable address used is 2077 out of 150000
DEBUG: Total dvariable address used is 3791880 out of 50000000
DEBUG: Total gradient stack used is 195985 out of 10000000
DEBUG: Total dvariable address used is 2077 out of 150000
DEBUG: Total dvariable address used is 3791880 out of 50000000
DEBUG: Total gradient stack used is 195985 out of 10000000
DEBUG: Total dvariable address used is 2077 out of 150000
DEBUG: Total dvariable address used is 3791880 out of 50000000
DEBUG: Total gradient stack used is 195985 out of 10000000
DEBUG: Total dvariable address used is 2077 out of 150000
DEBUG: Total dvariable address used is 3791880 out of 50000000
DEBUG: Total gradient stack used is 195985 out of 10000000
DEBUG: Total dvariable address used is 2077 out of 150000
DEBUG: Total dvariable address used is 3791880 out of 50000000
DEBUG: Total gradient stack used is 195985 out of 10000000
DEBUG: Total dvariable address used is 2077 out of 150000
DEBUG: Total dvariable address used is 3791880 out of 50000000
DEBUG: Total gradient stack used is 195985 out of 10000000
DEBUG: Total dvariable address used is 2077 out of 150000
DEBUG: Total dvariable address used is 3791880 out of 50000000
DEBUG: Total gradient stack used is 195985 out of 10000000
DEBUG: Total dvariable address used is 2077 out of 150000
DEBUG: Total dvariable address used is 3791880 out of 50000000
DEBUG: Total gradient stack used is 195985 out of 10000000
DEBUG: Total dvariable address used is 2077 out of 150000
DEBUG: Total dvariable address used is 3791880 out of 50000000
DEBUG: Total gradient stack used is 195985 out of 10000000
DEBUG: Total dvariable address used is 2077 out of 150000
DEBUG: Total dvariable address used is 3791880 out of 50000000
DEBUG: Total gradient stack used is 195985 out of 10000000
DEBUG: Total dvariable address used is 2077 out of 150000
DEBUG: Total dvariable address used is 3791880 out of 50000000
DEBUG: Total gradient stack used is 195985 out of 10000000
DEBUG: Total dvariable address used is 2077 out of 150000
DEBUG: Total dvariable address used is 3791880 out of 50000000
DEBUG: Total gradient stack used is 195985 out of 10000000
DEBUG: Total dvariable address used is 2077 out of 150000
DEBUG: Total dvariable address used is 3791880 out of 50000000
DEBUG: Total gradient stack used is 195985 out of 10000000
DEBUG: Total dvariable address used is 2077 out of 150000
DEBUG: Total dvariable address used is 3791880 out of 50000000
DEBUG: Total gradient stack used is 195985 out of 10000000
DEBUG: Total dvariable address used is 2077 out of 150000
DEBUG: Total dvariable address used is 3791880 out of 50000000
DEBUG: Total gradient stack used is 195985 out of 10000000
DEBUG: Total dvariable address used is 2077 out of 150000
DEBUG: Total dvariable address used is 3791880 out of 50000000
DEBUG: Total gradient stack used is 195985 out of 10000000
DEBUG: Total dvariable address used is 2077 out of 150000
DEBUG: Total dvariable address used is 3791880 out of 50000000
phase= 1 | nvar=255 | iter=460 | nll=-1.54e+04 | mag=2.80e+01 | par[  1]=T_pars_est[3]
DEBUG: Total gradient stack used is 195985 out of 10000000
DEBUG: Total dvariable address used is 2077 out of 150000
DEBUG: Total dvariable address used is 3791880 out of 50000000
DEBUG: Total gradient stack used is 195985 out of 10000000
DEBUG: Total dvariable address used is 2077 out of 150000
DEBUG: Total dvariable address used is 3791880 out of 50000000
DEBUG: Total gradient stack used is 195985 out of 10000000
DEBUG: Total dvariable address used is 2077 out of 150000
DEBUG: Total dvariable address used is 3791880 out of 50000000
DEBUG: Total gradient stack used is 195985 out of 10000000
DEBUG: Total dvariable address used is 2077 out of 150000
DEBUG: Total dvariable address used is 3791880 out of 50000000
DEBUG: Total gradient stack used is 195985 out of 10000000
DEBUG: Total dvariable address used is 2077 out of 150000
DEBUG: Total dvariable address used is 3791880 out of 50000000
DEBUG: Total gradient stack used is 195985 out of 10000000
DEBUG: Total dvariable address used is 2077 out of 150000
DEBUG: Total dvariable address used is 3791880 out of 50000000
DEBUG: Total gradient stack used is 195985 out of 10000000
DEBUG: Total dvariable address used is 2077 out of 150000
DEBUG: Total dvariable address used is 3791880 out of 50000000
DEBUG: Total gradient stack used is 195985 out of 10000000
DEBUG: Total dvariable address used is 2077 out of 150000
DEBUG: Total dvariable address used is 3791880 out of 50000000
DEBUG: Total gradient stack used is 195985 out of 10000000
DEBUG: Total dvariable address used is 2077 out of 150000
DEBUG: Total dvariable address used is 3791880 out of 50000000
DEBUG: Total gradient stack used is 195985 out of 10000000
DEBUG: Total dvariable address used is 2077 out of 150000
DEBUG: Total dvariable address used is 3791880 out of 50000000
DEBUG: Total gradient stack used is 195985 out of 10000000
DEBUG: Total dvariable address used is 2077 out of 150000
DEBUG: Total dvariable address used is 3791880 out of 50000000
DEBUG: Total gradient stack used is 195985 out of 10000000
DEBUG: Total dvariable address used is 2077 out of 150000
DEBUG: Total dvariable address used is 3791880 out of 50000000
DEBUG: Total gradient stack used is 195985 out of 10000000
DEBUG: Total dvariable address used is 2077 out of 150000
DEBUG: Total dvariable address used is 3791880 out of 50000000
DEBUG: Total gradient stack used is 195985 out of 10000000
DEBUG: Total dvariable address used is 2077 out of 150000
DEBUG: Total dvariable address used is 3791880 out of 50000000
DEBUG: Total gradient stack used is 195985 out of 10000000
DEBUG: Total dvariable address used is 2077 out of 150000
DEBUG: Total dvariable address used is 3791880 out of 50000000
DEBUG: Total gradient stack used is 195985 out of 10000000
DEBUG: Total dvariable address used is 2077 out of 150000
DEBUG: Total dvariable address used is 3791880 out of 50000000
DEBUG: Total gradient stack used is 195985 out of 10000000
DEBUG: Total dvariable address used is 2077 out of 150000
DEBUG: Total dvariable address used is 3791880 out of 50000000
DEBUG: Total gradient stack used is 195985 out of 10000000
DEBUG: Total dvariable address used is 2077 out of 150000
DEBUG: Total dvariable address used is 3791880 out of 50000000
DEBUG: Total gradient stack used is 195985 out of 10000000
DEBUG: Total dvariable address used is 2077 out of 150000
DEBUG: Total dvariable address used is 3791880 out of 50000000
DEBUG: Total gradient stack used is 195985 out of 10000000
DEBUG: Total dvariable address used is 2077 out of 150000
DEBUG: Total dvariable address used is 3791880 out of 50000000
phase= 1 | nvar=255 | iter=480 | nll=-1.54e+04 | mag=6.60e+00 | par[  1]=T_pars_est[3]
DEBUG: Total gradient stack used is 195985 out of 10000000
DEBUG: Total dvariable address used is 2077 out of 150000
DEBUG: Total dvariable address used is 3791880 out of 50000000
DEBUG: Total gradient stack used is 195985 out of 10000000
DEBUG: Total dvariable address used is 2077 out of 150000
DEBUG: Total dvariable address used is 3791880 out of 50000000
DEBUG: Total gradient stack used is 195985 out of 10000000
DEBUG: Total dvariable address used is 2077 out of 150000
DEBUG: Total dvariable address used is 3791880 out of 50000000
DEBUG: Total gradient stack used is 195985 out of 10000000
DEBUG: Total dvariable address used is 2077 out of 150000
DEBUG: Total dvariable address used is 3791880 out of 50000000
DEBUG: Total gradient stack used is 195985 out of 10000000
DEBUG: Total dvariable address used is 2077 out of 150000
DEBUG: Total dvariable address used is 3791880 out of 50000000
DEBUG: Total gradient stack used is 195985 out of 10000000
DEBUG: Total dvariable address used is 2077 out of 150000
DEBUG: Total dvariable address used is 3791880 out of 50000000
DEBUG: Total gradient stack used is 195985 out of 10000000
DEBUG: Total dvariable address used is 2077 out of 150000
DEBUG: Total dvariable address used is 3791880 out of 50000000
DEBUG: Total gradient stack used is 195985 out of 10000000
DEBUG: Total dvariable address used is 2077 out of 150000
DEBUG: Total dvariable address used is 3791880 out of 50000000
DEBUG: Total gradient stack used is 195985 out of 10000000
DEBUG: Total dvariable address used is 2077 out of 150000
DEBUG: Total dvariable address used is 3791880 out of 50000000
DEBUG: Total gradient stack used is 195985 out of 10000000
DEBUG: Total dvariable address used is 2077 out of 150000
DEBUG: Total dvariable address used is 3791880 out of 50000000
DEBUG: Total gradient stack used is 195985 out of 10000000
DEBUG: Total dvariable address used is 2077 out of 150000
DEBUG: Total dvariable address used is 3791880 out of 50000000
DEBUG: Total gradient stack used is 195985 out of 10000000
DEBUG: Total dvariable address used is 2077 out of 150000
DEBUG: Total dvariable address used is 3791880 out of 50000000
DEBUG: Total gradient stack used is 195985 out of 10000000
DEBUG: Total dvariable address used is 2077 out of 150000
DEBUG: Total dvariable address used is 3791880 out of 50000000
DEBUG: Total gradient stack used is 195985 out of 10000000
DEBUG: Total dvariable address used is 2077 out of 150000
DEBUG: Total dvariable address used is 3791880 out of 50000000
DEBUG: Total gradient stack used is 195985 out of 10000000
DEBUG: Total dvariable address used is 2077 out of 150000
DEBUG: Total dvariable address used is 3791880 out of 50000000
DEBUG: Total gradient stack used is 195985 out of 10000000
DEBUG: Total dvariable address used is 2077 out of 150000
DEBUG: Total dvariable address used is 3791880 out of 50000000
DEBUG: Total gradient stack used is 195985 out of 10000000
DEBUG: Total dvariable address used is 2077 out of 150000
DEBUG: Total dvariable address used is 3791880 out of 50000000
DEBUG: Total gradient stack used is 195985 out of 10000000
DEBUG: Total dvariable address used is 2077 out of 150000
DEBUG: Total dvariable address used is 3791880 out of 50000000
DEBUG: Total gradient stack used is 195985 out of 10000000
DEBUG: Total dvariable address used is 2077 out of 150000
DEBUG: Total dvariable address used is 3791880 out of 50000000
DEBUG: Total gradient stack used is 195985 out of 10000000
DEBUG: Total dvariable address used is 2077 out of 150000
DEBUG: Total dvariable address used is 3791880 out of 50000000
phase= 1 | nvar=255 | iter=500 | nll=-1.54e+04 | mag=2.25e+00 | par[  1]=T_pars_est[3]
DEBUG: Total gradient stack used is 195985 out of 10000000
DEBUG: Total dvariable address used is 2077 out of 150000
DEBUG: Total dvariable address used is 3791880 out of 50000000
DEBUG: Total gradient stack used is 195985 out of 10000000
DEBUG: Total dvariable address used is 2077 out of 150000
DEBUG: Total dvariable address used is 3791880 out of 50000000
DEBUG: Total gradient stack used is 195985 out of 10000000
DEBUG: Total dvariable address used is 2077 out of 150000
DEBUG: Total dvariable address used is 3791880 out of 50000000
DEBUG: Total gradient stack used is 195985 out of 10000000
DEBUG: Total dvariable address used is 2077 out of 150000
DEBUG: Total dvariable address used is 3791880 out of 50000000
DEBUG: Total gradient stack used is 195985 out of 10000000
DEBUG: Total dvariable address used is 2077 out of 150000
DEBUG: Total dvariable address used is 3791880 out of 50000000
DEBUG: Total gradient stack used is 195985 out of 10000000
DEBUG: Total dvariable address used is 2077 out of 150000
DEBUG: Total dvariable address used is 3791880 out of 50000000
DEBUG: Total gradient stack used is 195985 out of 10000000
DEBUG: Total dvariable address used is 2077 out of 150000
DEBUG: Total dvariable address used is 3791880 out of 50000000
DEBUG: Total gradient stack used is 195985 out of 10000000
DEBUG: Total dvariable address used is 2077 out of 150000
DEBUG: Total dvariable address used is 3791880 out of 50000000
DEBUG: Total gradient stack used is 195985 out of 10000000
DEBUG: Total dvariable address used is 2077 out of 150000
DEBUG: Total dvariable address used is 3791880 out of 50000000
DEBUG: Total gradient stack used is 195985 out of 10000000
DEBUG: Total dvariable address used is 2077 out of 150000
DEBUG: Total dvariable address used is 3791880 out of 50000000
DEBUG: Total gradient stack used is 195985 out of 10000000
DEBUG: Total dvariable address used is 2077 out of 150000
DEBUG: Total dvariable address used is 3791880 out of 50000000
DEBUG: Total gradient stack used is 195985 out of 10000000
DEBUG: Total dvariable address used is 2077 out of 150000
DEBUG: Total dvariable address used is 3791880 out of 50000000
DEBUG: Total gradient stack used is 195985 out of 10000000
DEBUG: Total dvariable address used is 2077 out of 150000
DEBUG: Total dvariable address used is 3791880 out of 50000000
DEBUG: Total gradient stack used is 195985 out of 10000000
DEBUG: Total dvariable address used is 2077 out of 150000
DEBUG: Total dvariable address used is 3791880 out of 50000000
DEBUG: Total gradient stack used is 195985 out of 10000000
DEBUG: Total dvariable address used is 2077 out of 150000
DEBUG: Total dvariable address used is 3791880 out of 50000000
DEBUG: Total gradient stack used is 195985 out of 10000000
DEBUG: Total dvariable address used is 2077 out of 150000
DEBUG: Total dvariable address used is 3791880 out of 50000000
DEBUG: Total gradient stack used is 195985 out of 10000000
DEBUG: Total dvariable address used is 2077 out of 150000
DEBUG: Total dvariable address used is 3791880 out of 50000000
DEBUG: Total gradient stack used is 195985 out of 10000000
DEBUG: Total dvariable address used is 2077 out of 150000
DEBUG: Total dvariable address used is 3791880 out of 50000000
DEBUG: Total gradient stack used is 195985 out of 10000000
DEBUG: Total dvariable address used is 2077 out of 150000
DEBUG: Total dvariable address used is 3791880 out of 50000000
DEBUG: Total gradient stack used is 195985 out of 10000000
DEBUG: Total dvariable address used is 2077 out of 150000
DEBUG: Total dvariable address used is 3791880 out of 50000000
phase= 1 | nvar=255 | iter=520 | nll=-1.54e+04 | mag=7.14e-01 | par[  1]=T_pars_est[3]
DEBUG: Total gradient stack used is 195985 out of 10000000
DEBUG: Total dvariable address used is 2077 out of 150000
DEBUG: Total dvariable address used is 3791880 out of 50000000
DEBUG: Total gradient stack used is 195985 out of 10000000
DEBUG: Total dvariable address used is 2077 out of 150000
DEBUG: Total dvariable address used is 3791880 out of 50000000
DEBUG: Total gradient stack used is 195985 out of 10000000
DEBUG: Total dvariable address used is 2077 out of 150000
DEBUG: Total dvariable address used is 3791880 out of 50000000
DEBUG: Total gradient stack used is 195985 out of 10000000
DEBUG: Total dvariable address used is 2077 out of 150000
DEBUG: Total dvariable address used is 3791880 out of 50000000
DEBUG: Total gradient stack used is 195985 out of 10000000
DEBUG: Total dvariable address used is 2077 out of 150000
DEBUG: Total dvariable address used is 3791880 out of 50000000
DEBUG: Total gradient stack used is 195985 out of 10000000
DEBUG: Total dvariable address used is 2077 out of 150000
DEBUG: Total dvariable address used is 3791880 out of 50000000
DEBUG: Total gradient stack used is 195985 out of 10000000
DEBUG: Total dvariable address used is 2077 out of 150000
DEBUG: Total dvariable address used is 3791880 out of 50000000
DEBUG: Total gradient stack used is 195985 out of 10000000
DEBUG: Total dvariable address used is 2077 out of 150000
DEBUG: Total dvariable address used is 3791880 out of 50000000
DEBUG: Total gradient stack used is 195985 out of 10000000
DEBUG: Total dvariable address used is 2077 out of 150000
DEBUG: Total dvariable address used is 3791880 out of 50000000
DEBUG: Total gradient stack used is 195985 out of 10000000
DEBUG: Total dvariable address used is 2077 out of 150000
DEBUG: Total dvariable address used is 3791880 out of 50000000
DEBUG: Total gradient stack used is 195985 out of 10000000
DEBUG: Total dvariable address used is 2077 out of 150000
DEBUG: Total dvariable address used is 3791880 out of 50000000
DEBUG: Total gradient stack used is 195985 out of 10000000
DEBUG: Total dvariable address used is 2077 out of 150000
DEBUG: Total dvariable address used is 3791880 out of 50000000
DEBUG: Total gradient stack used is 195985 out of 10000000
DEBUG: Total dvariable address used is 2077 out of 150000
DEBUG: Total dvariable address used is 3791880 out of 50000000
DEBUG: Total gradient stack used is 195985 out of 10000000
DEBUG: Total dvariable address used is 2077 out of 150000
DEBUG: Total dvariable address used is 3791880 out of 50000000
DEBUG: Total gradient stack used is 195985 out of 10000000
DEBUG: Total dvariable address used is 2077 out of 150000
DEBUG: Total dvariable address used is 3791880 out of 50000000
DEBUG: Total gradient stack used is 195985 out of 10000000
DEBUG: Total dvariable address used is 2077 out of 150000
DEBUG: Total dvariable address used is 3791880 out of 50000000
DEBUG: Total gradient stack used is 195985 out of 10000000
DEBUG: Total dvariable address used is 2077 out of 150000
DEBUG: Total dvariable address used is 3791880 out of 50000000
DEBUG: Total gradient stack used is 195985 out of 10000000
DEBUG: Total dvariable address used is 2077 out of 150000
DEBUG: Total dvariable address used is 3791880 out of 50000000
DEBUG: Total gradient stack used is 195985 out of 10000000
DEBUG: Total dvariable address used is 2077 out of 150000
DEBUG: Total dvariable address used is 3791880 out of 50000000
DEBUG: Total gradient stack used is 195985 out of 10000000
DEBUG: Total dvariable address used is 2077 out of 150000
DEBUG: Total dvariable address used is 3791880 out of 50000000
phase= 1 | nvar=255 | iter=540 | nll=-1.54e+04 | mag=4.08e-02 | par[171]=log_foff[1]
DEBUG: Total gradient stack used is 195985 out of 10000000
DEBUG: Total dvariable address used is 2077 out of 150000
DEBUG: Total dvariable address used is 3791880 out of 50000000
DEBUG: Total gradient stack used is 195985 out of 10000000
DEBUG: Total dvariable address used is 2077 out of 150000
DEBUG: Total dvariable address used is 3791880 out of 50000000
DEBUG: Total gradient stack used is 195985 out of 10000000
DEBUG: Total dvariable address used is 2077 out of 150000
DEBUG: Total dvariable address used is 3791880 out of 50000000
DEBUG: Total gradient stack used is 195985 out of 10000000
DEBUG: Total dvariable address used is 2077 out of 150000
DEBUG: Total dvariable address used is 3791880 out of 50000000
DEBUG: Total gradient stack used is 195985 out of 10000000
DEBUG: Total dvariable address used is 2077 out of 150000
DEBUG: Total dvariable address used is 3791880 out of 50000000
DEBUG: Total gradient stack used is 195985 out of 10000000
DEBUG: Total dvariable address used is 2077 out of 150000
DEBUG: Total dvariable address used is 3791880 out of 50000000
DEBUG: Total gradient stack used is 195985 out of 10000000
DEBUG: Total dvariable address used is 2077 out of 150000
DEBUG: Total dvariable address used is 3791880 out of 50000000
DEBUG: Total gradient stack used is 195985 out of 10000000
DEBUG: Total dvariable address used is 2077 out of 150000
DEBUG: Total dvariable address used is 3791880 out of 50000000
DEBUG: Total gradient stack used is 195985 out of 10000000
DEBUG: Total dvariable address used is 2077 out of 150000
DEBUG: Total dvariable address used is 3791880 out of 50000000
DEBUG: Total gradient stack used is 195985 out of 10000000
DEBUG: Total dvariable address used is 2077 out of 150000
DEBUG: Total dvariable address used is 3791880 out of 50000000
DEBUG: Total gradient stack used is 195985 out of 10000000
DEBUG: Total dvariable address used is 2077 out of 150000
DEBUG: Total dvariable address used is 3791880 out of 50000000
DEBUG: Total gradient stack used is 195985 out of 10000000
DEBUG: Total dvariable address used is 2077 out of 150000
DEBUG: Total dvariable address used is 3791880 out of 50000000
phase= 1 | nvar=255 | iter=552 | nll=-1.54e+04 | mag=9.46e-03 | par[  1]=T_pars_est[3]
DEBUG: Total gradient stack used is 0 out of 10000000
DEBUG: Total dvariable address used is 2077 out of 150000
DEBUG: Total dvariable address used is 3791880 out of 50000000
Starting REPORT_SECTION
+--------------------------+
| Beginning report section |
+--------------------------+
Finished WriteFiles
REPORT_SECTION: finished CreateOutput
REPORT_SECTION: finished save_gradients
Finished REPORT_SECTION

#--BETWEEN_PHASES_SECTION---------------------
#----Starting phase 2 of 4
Finished BETWEEN_PHASES_SECTION
----------------------------------------------
DEBUG: Total gradient stack used is 196776 out of 10000000
DEBUG: Total dvariable address used is 2077 out of 150000
DEBUG: Total dvariable address used is 3914664 out of 50000000
phase= 2 | nvar=298 | iter=  0 | nll=-1.54e+04 | mag=5.28e+03 | par[282]=logit_rec_prop_est[27]
DEBUG: Total gradient stack used is 196776 out of 10000000
DEBUG: Total dvariable address used is 2077 out of 150000
DEBUG: Total dvariable address used is 3914664 out of 50000000
DEBUG: Total gradient stack used is 196776 out of 10000000
DEBUG: Total dvariable address used is 2077 out of 150000
DEBUG: Total dvariable address used is 3914664 out of 50000000
DEBUG: Total gradient stack used is 196776 out of 10000000
DEBUG: Total dvariable address used is 2077 out of 150000
DEBUG: Total dvariable address used is 3914664 out of 50000000
DEBUG: Total gradient stack used is 196776 out of 10000000
DEBUG: Total dvariable address used is 2077 out of 150000
DEBUG: Total dvariable address used is 3914664 out of 50000000
DEBUG: Total gradient stack used is 196776 out of 10000000
DEBUG: Total dvariable address used is 2077 out of 150000
DEBUG: Total dvariable address used is 3914664 out of 50000000
DEBUG: Total gradient stack used is 196776 out of 10000000
DEBUG: Total dvariable address used is 2077 out of 150000
DEBUG: Total dvariable address used is 3914664 out of 50000000
DEBUG: Total gradient stack used is 196776 out of 10000000
DEBUG: Total dvariable address used is 2077 out of 150000
DEBUG: Total dvariable address used is 3914664 out of 50000000
DEBUG: Total gradient stack used is 196776 out of 10000000
DEBUG: Total dvariable address used is 2077 out of 150000
DEBUG: Total dvariable address used is 3914664 out of 50000000
DEBUG: Total gradient stack used is 196776 out of 10000000
DEBUG: Total dvariable address used is 2077 out of 150000
DEBUG: Total dvariable address used is 3914664 out of 50000000
DEBUG: Total gradient stack used is 196776 out of 10000000
DEBUG: Total dvariable address used is 2077 out of 150000
DEBUG: Total dvariable address used is 3914664 out of 50000000
DEBUG: Total gradient stack used is 196776 out of 10000000
DEBUG: Total dvariable address used is 2077 out of 150000
DEBUG: Total dvariable address used is 3914664 out of 50000000
DEBUG: Total gradient stack used is 196776 out of 10000000
DEBUG: Total dvariable address used is 2077 out of 150000
DEBUG: Total dvariable address used is 3914664 out of 50000000
DEBUG: Total gradient stack used is 196776 out of 10000000
DEBUG: Total dvariable address used is 2077 out of 150000
DEBUG: Total dvariable address used is 3914664 out of 50000000
DEBUG: Total gradient stack used is 196776 out of 10000000
DEBUG: Total dvariable address used is 2077 out of 150000
DEBUG: Total dvariable address used is 3914664 out of 50000000
DEBUG: Total gradient stack used is 196776 out of 10000000
DEBUG: Total dvariable address used is 2077 out of 150000
DEBUG: Total dvariable address used is 3914664 out of 50000000
DEBUG: Total gradient stack used is 196776 out of 10000000
DEBUG: Total dvariable address used is 2077 out of 150000
DEBUG: Total dvariable address used is 3914664 out of 50000000
DEBUG: Total gradient stack used is 196776 out of 10000000
DEBUG: Total dvariable address used is 2077 out of 150000
DEBUG: Total dvariable address used is 3914664 out of 50000000
DEBUG: Total gradient stack used is 196776 out of 10000000
DEBUG: Total dvariable address used is 2077 out of 150000
DEBUG: Total dvariable address used is 3914664 out of 50000000
DEBUG: Total gradient stack used is 196776 out of 10000000
DEBUG: Total dvariable address used is 2077 out of 150000
DEBUG: Total dvariable address used is 3914664 out of 50000000
DEBUG: Total gradient stack used is 196776 out of 10000000
DEBUG: Total dvariable address used is 2077 out of 150000
DEBUG: Total dvariable address used is 3914664 out of 50000000
DEBUG: Total gradient stack used is 196776 out of 10000000
DEBUG: Total dvariable address used is 2077 out of 150000
DEBUG: Total dvariable address used is 3914664 out of 50000000
DEBUG: Total gradient stack used is 196776 out of 10000000
DEBUG: Total dvariable address used is 2077 out of 150000
DEBUG: Total dvariable address used is 3914664 out of 50000000
DEBUG: Total gradient stack used is 196776 out of 10000000
DEBUG: Total dvariable address used is 2077 out of 150000
DEBUG: Total dvariable address used is 3914664 out of 50000000
DEBUG: Total gradient stack used is 196776 out of 10000000
DEBUG: Total dvariable address used is 2077 out of 150000
DEBUG: Total dvariable address used is 3914664 out of 50000000
phase= 2 | nvar=298 | iter= 20 | nll=-1.55e+04 | mag=1.82e+04 | par[  1]=T_pars_est[3]
DEBUG: Total gradient stack used is 196776 out of 10000000
DEBUG: Total dvariable address used is 2077 out of 150000
DEBUG: Total dvariable address used is 3914664 out of 50000000
DEBUG: Total gradient stack used is 196776 out of 10000000
DEBUG: Total dvariable address used is 2077 out of 150000
DEBUG: Total dvariable address used is 3914664 out of 50000000
DEBUG: Total gradient stack used is 196776 out of 10000000
DEBUG: Total dvariable address used is 2077 out of 150000
DEBUG: Total dvariable address used is 3914664 out of 50000000
DEBUG: Total gradient stack used is 196776 out of 10000000
DEBUG: Total dvariable address used is 2077 out of 150000
DEBUG: Total dvariable address used is 3914664 out of 50000000
DEBUG: Total gradient stack used is 196776 out of 10000000
DEBUG: Total dvariable address used is 2077 out of 150000
DEBUG: Total dvariable address used is 3914664 out of 50000000
DEBUG: Total gradient stack used is 196776 out of 10000000
DEBUG: Total dvariable address used is 2077 out of 150000
DEBUG: Total dvariable address used is 3914664 out of 50000000
DEBUG: Total gradient stack used is 196776 out of 10000000
DEBUG: Total dvariable address used is 2077 out of 150000
DEBUG: Total dvariable address used is 3914664 out of 50000000
DEBUG: Total gradient stack used is 196776 out of 10000000
DEBUG: Total dvariable address used is 2077 out of 150000
DEBUG: Total dvariable address used is 3914664 out of 50000000
DEBUG: Total gradient stack used is 196776 out of 10000000
DEBUG: Total dvariable address used is 2077 out of 150000
DEBUG: Total dvariable address used is 3914664 out of 50000000
DEBUG: Total gradient stack used is 196776 out of 10000000
DEBUG: Total dvariable address used is 2077 out of 150000
DEBUG: Total dvariable address used is 3914664 out of 50000000
DEBUG: Total gradient stack used is 196776 out of 10000000
DEBUG: Total dvariable address used is 2077 out of 150000
DEBUG: Total dvariable address used is 3914664 out of 50000000
DEBUG: Total gradient stack used is 196776 out of 10000000
DEBUG: Total dvariable address used is 2077 out of 150000
DEBUG: Total dvariable address used is 3914664 out of 50000000
DEBUG: Total gradient stack used is 196776 out of 10000000
DEBUG: Total dvariable address used is 2077 out of 150000
DEBUG: Total dvariable address used is 3914664 out of 50000000
DEBUG: Total gradient stack used is 196776 out of 10000000
DEBUG: Total dvariable address used is 2077 out of 150000
DEBUG: Total dvariable address used is 3914664 out of 50000000
DEBUG: Total gradient stack used is 196776 out of 10000000
DEBUG: Total dvariable address used is 2077 out of 150000
DEBUG: Total dvariable address used is 3914664 out of 50000000
DEBUG: Total gradient stack used is 196776 out of 10000000
DEBUG: Total dvariable address used is 2077 out of 150000
DEBUG: Total dvariable address used is 3914664 out of 50000000
DEBUG: Total gradient stack used is 196776 out of 10000000
DEBUG: Total dvariable address used is 2077 out of 150000
DEBUG: Total dvariable address used is 3914664 out of 50000000
DEBUG: Total gradient stack used is 196776 out of 10000000
DEBUG: Total dvariable address used is 2077 out of 150000
DEBUG: Total dvariable address used is 3914664 out of 50000000
DEBUG: Total gradient stack used is 196776 out of 10000000
DEBUG: Total dvariable address used is 2077 out of 150000
DEBUG: Total dvariable address used is 3914664 out of 50000000
DEBUG: Total gradient stack used is 196776 out of 10000000
DEBUG: Total dvariable address used is 2077 out of 150000
DEBUG: Total dvariable address used is 3914664 out of 50000000
phase= 2 | nvar=298 | iter= 40 | nll=-1.56e+04 | mag=1.12e+04 | par[  1]=T_pars_est[3]
DEBUG: Total gradient stack used is 196776 out of 10000000
DEBUG: Total dvariable address used is 2077 out of 150000
DEBUG: Total dvariable address used is 3914664 out of 50000000
DEBUG: Total gradient stack used is 196776 out of 10000000
DEBUG: Total dvariable address used is 2077 out of 150000
DEBUG: Total dvariable address used is 3914664 out of 50000000
DEBUG: Total gradient stack used is 196776 out of 10000000
DEBUG: Total dvariable address used is 2077 out of 150000
DEBUG: Total dvariable address used is 3914664 out of 50000000
DEBUG: Total gradient stack used is 196776 out of 10000000
DEBUG: Total dvariable address used is 2077 out of 150000
DEBUG: Total dvariable address used is 3914664 out of 50000000
DEBUG: Total gradient stack used is 196776 out of 10000000
DEBUG: Total dvariable address used is 2077 out of 150000
DEBUG: Total dvariable address used is 3914664 out of 50000000
DEBUG: Total gradient stack used is 196776 out of 10000000
DEBUG: Total dvariable address used is 2077 out of 150000
DEBUG: Total dvariable address used is 3914664 out of 50000000
DEBUG: Total gradient stack used is 196776 out of 10000000
DEBUG: Total dvariable address used is 2077 out of 150000
DEBUG: Total dvariable address used is 3914664 out of 50000000
DEBUG: Total gradient stack used is 196776 out of 10000000
DEBUG: Total dvariable address used is 2077 out of 150000
DEBUG: Total dvariable address used is 3914664 out of 50000000
DEBUG: Total gradient stack used is 196776 out of 10000000
DEBUG: Total dvariable address used is 2077 out of 150000
DEBUG: Total dvariable address used is 3914664 out of 50000000
DEBUG: Total gradient stack used is 196776 out of 10000000
DEBUG: Total dvariable address used is 2077 out of 150000
DEBUG: Total dvariable address used is 3914664 out of 50000000
DEBUG: Total gradient stack used is 196776 out of 10000000
DEBUG: Total dvariable address used is 2077 out of 150000
DEBUG: Total dvariable address used is 3914664 out of 50000000
DEBUG: Total gradient stack used is 196776 out of 10000000
DEBUG: Total dvariable address used is 2077 out of 150000
DEBUG: Total dvariable address used is 3914664 out of 50000000
DEBUG: Total gradient stack used is 196776 out of 10000000
DEBUG: Total dvariable address used is 2077 out of 150000
DEBUG: Total dvariable address used is 3914664 out of 50000000
DEBUG: Total gradient stack used is 196776 out of 10000000
DEBUG: Total dvariable address used is 2077 out of 150000
DEBUG: Total dvariable address used is 3914664 out of 50000000
DEBUG: Total gradient stack used is 196776 out of 10000000
DEBUG: Total dvariable address used is 2077 out of 150000
DEBUG: Total dvariable address used is 3914664 out of 50000000
DEBUG: Total gradient stack used is 196776 out of 10000000
DEBUG: Total dvariable address used is 2077 out of 150000
DEBUG: Total dvariable address used is 3914664 out of 50000000
DEBUG: Total gradient stack used is 196776 out of 10000000
DEBUG: Total dvariable address used is 2077 out of 150000
DEBUG: Total dvariable address used is 3914664 out of 50000000
DEBUG: Total gradient stack used is 196776 out of 10000000
DEBUG: Total dvariable address used is 2077 out of 150000
DEBUG: Total dvariable address used is 3914664 out of 50000000
DEBUG: Total gradient stack used is 196776 out of 10000000
DEBUG: Total dvariable address used is 2077 out of 150000
DEBUG: Total dvariable address used is 3914664 out of 50000000
DEBUG: Total gradient stack used is 196776 out of 10000000
DEBUG: Total dvariable address used is 2077 out of 150000
DEBUG: Total dvariable address used is 3914664 out of 50000000
phase= 2 | nvar=298 | iter= 60 | nll=-1.56e+04 | mag=1.10e+04 | par[  1]=T_pars_est[3]
DEBUG: Total gradient stack used is 196776 out of 10000000
DEBUG: Total dvariable address used is 2077 out of 150000
DEBUG: Total dvariable address used is 3914664 out of 50000000
DEBUG: Total gradient stack used is 196776 out of 10000000
DEBUG: Total dvariable address used is 2077 out of 150000
DEBUG: Total dvariable address used is 3914664 out of 50000000
DEBUG: Total gradient stack used is 196776 out of 10000000
DEBUG: Total dvariable address used is 2077 out of 150000
DEBUG: Total dvariable address used is 3914664 out of 50000000
DEBUG: Total gradient stack used is 196776 out of 10000000
DEBUG: Total dvariable address used is 2077 out of 150000
DEBUG: Total dvariable address used is 3914664 out of 50000000
DEBUG: Total gradient stack used is 196776 out of 10000000
DEBUG: Total dvariable address used is 2077 out of 150000
DEBUG: Total dvariable address used is 3914664 out of 50000000
DEBUG: Total gradient stack used is 196776 out of 10000000
DEBUG: Total dvariable address used is 2077 out of 150000
DEBUG: Total dvariable address used is 3914664 out of 50000000
DEBUG: Total gradient stack used is 196776 out of 10000000
DEBUG: Total dvariable address used is 2077 out of 150000
DEBUG: Total dvariable address used is 3914664 out of 50000000
DEBUG: Total gradient stack used is 196776 out of 10000000
DEBUG: Total dvariable address used is 2077 out of 150000
DEBUG: Total dvariable address used is 3914664 out of 50000000
DEBUG: Total gradient stack used is 196776 out of 10000000
DEBUG: Total dvariable address used is 2077 out of 150000
DEBUG: Total dvariable address used is 3914664 out of 50000000
DEBUG: Total gradient stack used is 196776 out of 10000000
DEBUG: Total dvariable address used is 2077 out of 150000
DEBUG: Total dvariable address used is 3914664 out of 50000000
DEBUG: Total gradient stack used is 196776 out of 10000000
DEBUG: Total dvariable address used is 2077 out of 150000
DEBUG: Total dvariable address used is 3914664 out of 50000000
DEBUG: Total gradient stack used is 196776 out of 10000000
DEBUG: Total dvariable address used is 2077 out of 150000
DEBUG: Total dvariable address used is 3914664 out of 50000000
DEBUG: Total gradient stack used is 196776 out of 10000000
DEBUG: Total dvariable address used is 2077 out of 150000
DEBUG: Total dvariable address used is 3914664 out of 50000000
DEBUG: Total gradient stack used is 196776 out of 10000000
DEBUG: Total dvariable address used is 2077 out of 150000
DEBUG: Total dvariable address used is 3914664 out of 50000000
DEBUG: Total gradient stack used is 196776 out of 10000000
DEBUG: Total dvariable address used is 2077 out of 150000
DEBUG: Total dvariable address used is 3914664 out of 50000000
DEBUG: Total gradient stack used is 196776 out of 10000000
DEBUG: Total dvariable address used is 2077 out of 150000
DEBUG: Total dvariable address used is 3914664 out of 50000000
DEBUG: Total gradient stack used is 196776 out of 10000000
DEBUG: Total dvariable address used is 2077 out of 150000
DEBUG: Total dvariable address used is 3914664 out of 50000000
DEBUG: Total gradient stack used is 196776 out of 10000000
DEBUG: Total dvariable address used is 2077 out of 150000
DEBUG: Total dvariable address used is 3914664 out of 50000000
DEBUG: Total gradient stack used is 196776 out of 10000000
DEBUG: Total dvariable address used is 2077 out of 150000
DEBUG: Total dvariable address used is 3914664 out of 50000000
DEBUG: Total gradient stack used is 196776 out of 10000000
DEBUG: Total dvariable address used is 2077 out of 150000
DEBUG: Total dvariable address used is 3914664 out of 50000000
phase= 2 | nvar=298 | iter= 80 | nll=-1.56e+04 | mag=1.06e+04 | par[  1]=T_pars_est[3]
DEBUG: Total gradient stack used is 196776 out of 10000000
DEBUG: Total dvariable address used is 2077 out of 150000
DEBUG: Total dvariable address used is 3914664 out of 50000000
DEBUG: Total gradient stack used is 196776 out of 10000000
DEBUG: Total dvariable address used is 2077 out of 150000
DEBUG: Total dvariable address used is 3914664 out of 50000000
DEBUG: Total gradient stack used is 196776 out of 10000000
DEBUG: Total dvariable address used is 2077 out of 150000
DEBUG: Total dvariable address used is 3914664 out of 50000000
DEBUG: Total gradient stack used is 196776 out of 10000000
DEBUG: Total dvariable address used is 2077 out of 150000
DEBUG: Total dvariable address used is 3914664 out of 50000000
DEBUG: Total gradient stack used is 196776 out of 10000000
DEBUG: Total dvariable address used is 2077 out of 150000
DEBUG: Total dvariable address used is 3914664 out of 50000000
DEBUG: Total gradient stack used is 196776 out of 10000000
DEBUG: Total dvariable address used is 2077 out of 150000
DEBUG: Total dvariable address used is 3914664 out of 50000000
DEBUG: Total gradient stack used is 196776 out of 10000000
DEBUG: Total dvariable address used is 2077 out of 150000
DEBUG: Total dvariable address used is 3914664 out of 50000000
DEBUG: Total gradient stack used is 196776 out of 10000000
DEBUG: Total dvariable address used is 2077 out of 150000
DEBUG: Total dvariable address used is 3914664 out of 50000000
DEBUG: Total gradient stack used is 196776 out of 10000000
DEBUG: Total dvariable address used is 2077 out of 150000
DEBUG: Total dvariable address used is 3914664 out of 50000000
DEBUG: Total gradient stack used is 196776 out of 10000000
DEBUG: Total dvariable address used is 2077 out of 150000
DEBUG: Total dvariable address used is 3914664 out of 50000000
DEBUG: Total gradient stack used is 196776 out of 10000000
DEBUG: Total dvariable address used is 2077 out of 150000
DEBUG: Total dvariable address used is 3914664 out of 50000000
DEBUG: Total gradient stack used is 196776 out of 10000000
DEBUG: Total dvariable address used is 2077 out of 150000
DEBUG: Total dvariable address used is 3914664 out of 50000000
DEBUG: Total gradient stack used is 196776 out of 10000000
DEBUG: Total dvariable address used is 2077 out of 150000
DEBUG: Total dvariable address used is 3914664 out of 50000000
DEBUG: Total gradient stack used is 196776 out of 10000000
DEBUG: Total dvariable address used is 2077 out of 150000
DEBUG: Total dvariable address used is 3914664 out of 50000000
DEBUG: Total gradient stack used is 196776 out of 10000000
DEBUG: Total dvariable address used is 2077 out of 150000
DEBUG: Total dvariable address used is 3914664 out of 50000000
DEBUG: Total gradient stack used is 196776 out of 10000000
DEBUG: Total dvariable address used is 2077 out of 150000
DEBUG: Total dvariable address used is 3914664 out of 50000000
DEBUG: Total gradient stack used is 196776 out of 10000000
DEBUG: Total dvariable address used is 2077 out of 150000
DEBUG: Total dvariable address used is 3914664 out of 50000000
DEBUG: Total gradient stack used is 196776 out of 10000000
DEBUG: Total dvariable address used is 2077 out of 150000
DEBUG: Total dvariable address used is 3914664 out of 50000000
DEBUG: Total gradient stack used is 196776 out of 10000000
DEBUG: Total dvariable address used is 2077 out of 150000
DEBUG: Total dvariable address used is 3914664 out of 50000000
DEBUG: Total gradient stack used is 196776 out of 10000000
DEBUG: Total dvariable address used is 2077 out of 150000
DEBUG: Total dvariable address used is 3914664 out of 50000000
phase= 2 | nvar=298 | iter=100 | nll=-1.56e+04 | mag=6.46e+03 | par[  1]=T_pars_est[3]
DEBUG: Total gradient stack used is 196776 out of 10000000
DEBUG: Total dvariable address used is 2077 out of 150000
DEBUG: Total dvariable address used is 3914664 out of 50000000
DEBUG: Total gradient stack used is 196776 out of 10000000
DEBUG: Total dvariable address used is 2077 out of 150000
DEBUG: Total dvariable address used is 3914664 out of 50000000
DEBUG: Total gradient stack used is 196776 out of 10000000
DEBUG: Total dvariable address used is 2077 out of 150000
DEBUG: Total dvariable address used is 3914664 out of 50000000
DEBUG: Total gradient stack used is 196776 out of 10000000
DEBUG: Total dvariable address used is 2077 out of 150000
DEBUG: Total dvariable address used is 3914664 out of 50000000
DEBUG: Total gradient stack used is 196776 out of 10000000
DEBUG: Total dvariable address used is 2077 out of 150000
DEBUG: Total dvariable address used is 3914664 out of 50000000
DEBUG: Total gradient stack used is 196776 out of 10000000
DEBUG: Total dvariable address used is 2077 out of 150000
DEBUG: Total dvariable address used is 3914664 out of 50000000
DEBUG: Total gradient stack used is 196776 out of 10000000
DEBUG: Total dvariable address used is 2077 out of 150000
DEBUG: Total dvariable address used is 3914664 out of 50000000
DEBUG: Total gradient stack used is 196776 out of 10000000
DEBUG: Total dvariable address used is 2077 out of 150000
DEBUG: Total dvariable address used is 3914664 out of 50000000
DEBUG: Total gradient stack used is 196776 out of 10000000
DEBUG: Total dvariable address used is 2077 out of 150000
DEBUG: Total dvariable address used is 3914664 out of 50000000
DEBUG: Total gradient stack used is 196776 out of 10000000
DEBUG: Total dvariable address used is 2077 out of 150000
DEBUG: Total dvariable address used is 3914664 out of 50000000
DEBUG: Total gradient stack used is 196776 out of 10000000
DEBUG: Total dvariable address used is 2077 out of 150000
DEBUG: Total dvariable address used is 3914664 out of 50000000
DEBUG: Total gradient stack used is 196776 out of 10000000
DEBUG: Total dvariable address used is 2077 out of 150000
DEBUG: Total dvariable address used is 3914664 out of 50000000
DEBUG: Total gradient stack used is 196776 out of 10000000
DEBUG: Total dvariable address used is 2077 out of 150000
DEBUG: Total dvariable address used is 3914664 out of 50000000
DEBUG: Total gradient stack used is 196776 out of 10000000
DEBUG: Total dvariable address used is 2077 out of 150000
DEBUG: Total dvariable address used is 3914664 out of 50000000
DEBUG: Total gradient stack used is 196776 out of 10000000
DEBUG: Total dvariable address used is 2077 out of 150000
DEBUG: Total dvariable address used is 3914664 out of 50000000
DEBUG: Total gradient stack used is 196776 out of 10000000
DEBUG: Total dvariable address used is 2077 out of 150000
DEBUG: Total dvariable address used is 3914664 out of 50000000
DEBUG: Total gradient stack used is 196776 out of 10000000
DEBUG: Total dvariable address used is 2077 out of 150000
DEBUG: Total dvariable address used is 3914664 out of 50000000
DEBUG: Total gradient stack used is 196776 out of 10000000
DEBUG: Total dvariable address used is 2077 out of 150000
DEBUG: Total dvariable address used is 3914664 out of 50000000
DEBUG: Total gradient stack used is 196776 out of 10000000
DEBUG: Total dvariable address used is 2077 out of 150000
DEBUG: Total dvariable address used is 3914664 out of 50000000
DEBUG: Total gradient stack used is 196776 out of 10000000
DEBUG: Total dvariable address used is 2077 out of 150000
DEBUG: Total dvariable address used is 3914664 out of 50000000
phase= 2 | nvar=298 | iter=120 | nll=-1.56e+04 | mag=4.93e+03 | par[282]=logit_rec_prop_est[27]
DEBUG: Total gradient stack used is 196776 out of 10000000
DEBUG: Total dvariable address used is 2077 out of 150000
DEBUG: Total dvariable address used is 3914664 out of 50000000
DEBUG: Total gradient stack used is 196776 out of 10000000
DEBUG: Total dvariable address used is 2077 out of 150000
DEBUG: Total dvariable address used is 3914664 out of 50000000
DEBUG: Total gradient stack used is 196776 out of 10000000
DEBUG: Total dvariable address used is 2077 out of 150000
DEBUG: Total dvariable address used is 3914664 out of 50000000
DEBUG: Total gradient stack used is 196776 out of 10000000
DEBUG: Total dvariable address used is 2077 out of 150000
DEBUG: Total dvariable address used is 3914664 out of 50000000
DEBUG: Total gradient stack used is 196776 out of 10000000
DEBUG: Total dvariable address used is 2077 out of 150000
DEBUG: Total dvariable address used is 3914664 out of 50000000
DEBUG: Total gradient stack used is 196776 out of 10000000
DEBUG: Total dvariable address used is 2077 out of 150000
DEBUG: Total dvariable address used is 3914664 out of 50000000
DEBUG: Total gradient stack used is 196776 out of 10000000
DEBUG: Total dvariable address used is 2077 out of 150000
DEBUG: Total dvariable address used is 3914664 out of 50000000
DEBUG: Total gradient stack used is 196776 out of 10000000
DEBUG: Total dvariable address used is 2077 out of 150000
DEBUG: Total dvariable address used is 3914664 out of 50000000
DEBUG: Total gradient stack used is 196776 out of 10000000
DEBUG: Total dvariable address used is 2077 out of 150000
DEBUG: Total dvariable address used is 3914664 out of 50000000
DEBUG: Total gradient stack used is 196776 out of 10000000
DEBUG: Total dvariable address used is 2077 out of 150000
DEBUG: Total dvariable address used is 3914664 out of 50000000
DEBUG: Total gradient stack used is 196776 out of 10000000
DEBUG: Total dvariable address used is 2077 out of 150000
DEBUG: Total dvariable address used is 3914664 out of 50000000
DEBUG: Total gradient stack used is 196776 out of 10000000
DEBUG: Total dvariable address used is 2077 out of 150000
DEBUG: Total dvariable address used is 3914664 out of 50000000
DEBUG: Total gradient stack used is 196776 out of 10000000
DEBUG: Total dvariable address used is 2077 out of 150000
DEBUG: Total dvariable address used is 3914664 out of 50000000
DEBUG: Total gradient stack used is 196776 out of 10000000
DEBUG: Total dvariable address used is 2077 out of 150000
DEBUG: Total dvariable address used is 3914664 out of 50000000
DEBUG: Total gradient stack used is 196776 out of 10000000
DEBUG: Total dvariable address used is 2077 out of 150000
DEBUG: Total dvariable address used is 3914664 out of 50000000
DEBUG: Total gradient stack used is 196776 out of 10000000
DEBUG: Total dvariable address used is 2077 out of 150000
DEBUG: Total dvariable address used is 3914664 out of 50000000
DEBUG: Total gradient stack used is 196776 out of 10000000
DEBUG: Total dvariable address used is 2077 out of 150000
DEBUG: Total dvariable address used is 3914664 out of 50000000
DEBUG: Total gradient stack used is 196776 out of 10000000
DEBUG: Total dvariable address used is 2077 out of 150000
DEBUG: Total dvariable address used is 3914664 out of 50000000
DEBUG: Total gradient stack used is 196776 out of 10000000
DEBUG: Total dvariable address used is 2077 out of 150000
DEBUG: Total dvariable address used is 3914664 out of 50000000
DEBUG: Total gradient stack used is 196776 out of 10000000
DEBUG: Total dvariable address used is 2077 out of 150000
DEBUG: Total dvariable address used is 3914664 out of 50000000
phase= 2 | nvar=298 | iter=140 | nll=-1.56e+04 | mag=5.07e+03 | par[282]=logit_rec_prop_est[27]
DEBUG: Total gradient stack used is 196776 out of 10000000
DEBUG: Total dvariable address used is 2077 out of 150000
DEBUG: Total dvariable address used is 3914664 out of 50000000
DEBUG: Total gradient stack used is 196776 out of 10000000
DEBUG: Total dvariable address used is 2077 out of 150000
DEBUG: Total dvariable address used is 3914664 out of 50000000
DEBUG: Total gradient stack used is 196776 out of 10000000
DEBUG: Total dvariable address used is 2077 out of 150000
DEBUG: Total dvariable address used is 3914664 out of 50000000
DEBUG: Total gradient stack used is 196776 out of 10000000
DEBUG: Total dvariable address used is 2077 out of 150000
DEBUG: Total dvariable address used is 3914664 out of 50000000
DEBUG: Total gradient stack used is 196776 out of 10000000
DEBUG: Total dvariable address used is 2077 out of 150000
DEBUG: Total dvariable address used is 3914664 out of 50000000
DEBUG: Total gradient stack used is 196776 out of 10000000
DEBUG: Total dvariable address used is 2077 out of 150000
DEBUG: Total dvariable address used is 3914664 out of 50000000
DEBUG: Total gradient stack used is 196776 out of 10000000
DEBUG: Total dvariable address used is 2077 out of 150000
DEBUG: Total dvariable address used is 3914664 out of 50000000
DEBUG: Total gradient stack used is 196776 out of 10000000
DEBUG: Total dvariable address used is 2077 out of 150000
DEBUG: Total dvariable address used is 3914664 out of 50000000
DEBUG: Total gradient stack used is 196776 out of 10000000
DEBUG: Total dvariable address used is 2077 out of 150000
DEBUG: Total dvariable address used is 3914664 out of 50000000
DEBUG: Total gradient stack used is 196776 out of 10000000
DEBUG: Total dvariable address used is 2077 out of 150000
DEBUG: Total dvariable address used is 3914664 out of 50000000
DEBUG: Total gradient stack used is 196776 out of 10000000
DEBUG: Total dvariable address used is 2077 out of 150000
DEBUG: Total dvariable address used is 3914664 out of 50000000
DEBUG: Total gradient stack used is 196776 out of 10000000
DEBUG: Total dvariable address used is 2077 out of 150000
DEBUG: Total dvariable address used is 3914664 out of 50000000
DEBUG: Total gradient stack used is 196776 out of 10000000
DEBUG: Total dvariable address used is 2077 out of 150000
DEBUG: Total dvariable address used is 3914664 out of 50000000
DEBUG: Total gradient stack used is 196776 out of 10000000
DEBUG: Total dvariable address used is 2077 out of 150000
DEBUG: Total dvariable address used is 3914664 out of 50000000
DEBUG: Total gradient stack used is 196776 out of 10000000
DEBUG: Total dvariable address used is 2077 out of 150000
DEBUG: Total dvariable address used is 3914664 out of 50000000
DEBUG: Total gradient stack used is 196776 out of 10000000
DEBUG: Total dvariable address used is 2077 out of 150000
DEBUG: Total dvariable address used is 3914664 out of 50000000
DEBUG: Total gradient stack used is 196776 out of 10000000
DEBUG: Total dvariable address used is 2077 out of 150000
DEBUG: Total dvariable address used is 3914664 out of 50000000
DEBUG: Total gradient stack used is 196776 out of 10000000
DEBUG: Total dvariable address used is 2077 out of 150000
DEBUG: Total dvariable address used is 3914664 out of 50000000
DEBUG: Total gradient stack used is 196776 out of 10000000
DEBUG: Total dvariable address used is 2077 out of 150000
DEBUG: Total dvariable address used is 3914664 out of 50000000
DEBUG: Total gradient stack used is 196776 out of 10000000
DEBUG: Total dvariable address used is 2077 out of 150000
DEBUG: Total dvariable address used is 3914664 out of 50000000
DEBUG: Total gradient stack used is 196776 out of 10000000
DEBUG: Total dvariable address used is 2077 out of 150000
DEBUG: Total dvariable address used is 3914664 out of 50000000
DEBUG: Total gradient stack used is 196776 out of 10000000
DEBUG: Total dvariable address used is 2077 out of 150000
DEBUG: Total dvariable address used is 3914664 out of 50000000
DEBUG: Total gradient stack used is 196776 out of 10000000
DEBUG: Total dvariable address used is 2077 out of 150000
DEBUG: Total dvariable address used is 3914664 out of 50000000
DEBUG: Total gradient stack used is 196776 out of 10000000
DEBUG: Total dvariable address used is 2077 out of 150000
DEBUG: Total dvariable address used is 3914664 out of 50000000
phase= 2 | nvar=298 | iter=160 | nll=-1.57e+04 | mag=4.14e+03 | par[  1]=T_pars_est[3]
DEBUG: Total gradient stack used is 196776 out of 10000000
DEBUG: Total dvariable address used is 2077 out of 150000
DEBUG: Total dvariable address used is 3914664 out of 50000000
DEBUG: Total gradient stack used is 196776 out of 10000000
DEBUG: Total dvariable address used is 2077 out of 150000
DEBUG: Total dvariable address used is 3914664 out of 50000000
DEBUG: Total gradient stack used is 196776 out of 10000000
DEBUG: Total dvariable address used is 2077 out of 150000
DEBUG: Total dvariable address used is 3914664 out of 50000000
DEBUG: Total gradient stack used is 196776 out of 10000000
DEBUG: Total dvariable address used is 2077 out of 150000
DEBUG: Total dvariable address used is 3914664 out of 50000000
DEBUG: Total gradient stack used is 196776 out of 10000000
DEBUG: Total dvariable address used is 2077 out of 150000
DEBUG: Total dvariable address used is 3914664 out of 50000000
DEBUG: Total gradient stack used is 196776 out of 10000000
DEBUG: Total dvariable address used is 2077 out of 150000
DEBUG: Total dvariable address used is 3914664 out of 50000000
DEBUG: Total gradient stack used is 196776 out of 10000000
DEBUG: Total dvariable address used is 2077 out of 150000
DEBUG: Total dvariable address used is 3914664 out of 50000000
DEBUG: Total gradient stack used is 196776 out of 10000000
DEBUG: Total dvariable address used is 2077 out of 150000
DEBUG: Total dvariable address used is 3914664 out of 50000000
DEBUG: Total gradient stack used is 196776 out of 10000000
DEBUG: Total dvariable address used is 2077 out of 150000
DEBUG: Total dvariable address used is 3914664 out of 50000000
DEBUG: Total gradient stack used is 196776 out of 10000000
DEBUG: Total dvariable address used is 2077 out of 150000
DEBUG: Total dvariable address used is 3914664 out of 50000000
DEBUG: Total gradient stack used is 196776 out of 10000000
DEBUG: Total dvariable address used is 2077 out of 150000
DEBUG: Total dvariable address used is 3914664 out of 50000000
DEBUG: Total gradient stack used is 196776 out of 10000000
DEBUG: Total dvariable address used is 2077 out of 150000
DEBUG: Total dvariable address used is 3914664 out of 50000000
DEBUG: Total gradient stack used is 196776 out of 10000000
DEBUG: Total dvariable address used is 2077 out of 150000
DEBUG: Total dvariable address used is 3914664 out of 50000000
DEBUG: Total gradient stack used is 196776 out of 10000000
DEBUG: Total dvariable address used is 2077 out of 150000
DEBUG: Total dvariable address used is 3914664 out of 50000000
DEBUG: Total gradient stack used is 196776 out of 10000000
DEBUG: Total dvariable address used is 2077 out of 150000
DEBUG: Total dvariable address used is 3914664 out of 50000000
DEBUG: Total gradient stack used is 196776 out of 10000000
DEBUG: Total dvariable address used is 2077 out of 150000
DEBUG: Total dvariable address used is 3914664 out of 50000000
DEBUG: Total gradient stack used is 196776 out of 10000000
DEBUG: Total dvariable address used is 2077 out of 150000
DEBUG: Total dvariable address used is 3914664 out of 50000000
DEBUG: Total gradient stack used is 196776 out of 10000000
DEBUG: Total dvariable address used is 2077 out of 150000
DEBUG: Total dvariable address used is 3914664 out of 50000000
DEBUG: Total gradient stack used is 196776 out of 10000000
DEBUG: Total dvariable address used is 2077 out of 150000
DEBUG: Total dvariable address used is 3914664 out of 50000000
DEBUG: Total gradient stack used is 196776 out of 10000000
DEBUG: Total dvariable address used is 2077 out of 150000
DEBUG: Total dvariable address used is 3914664 out of 50000000
DEBUG: Total gradient stack used is 196776 out of 10000000
DEBUG: Total dvariable address used is 2077 out of 150000
DEBUG: Total dvariable address used is 3914664 out of 50000000
DEBUG: Total gradient stack used is 196776 out of 10000000
DEBUG: Total dvariable address used is 2077 out of 150000
DEBUG: Total dvariable address used is 3914664 out of 50000000
phase= 2 | nvar=298 | iter=180 | nll=-1.57e+04 | mag=6.59e+03 | par[  1]=T_pars_est[3]
DEBUG: Total gradient stack used is 196776 out of 10000000
DEBUG: Total dvariable address used is 2077 out of 150000
DEBUG: Total dvariable address used is 3914664 out of 50000000
DEBUG: Total gradient stack used is 196776 out of 10000000
DEBUG: Total dvariable address used is 2077 out of 150000
DEBUG: Total dvariable address used is 3914664 out of 50000000
DEBUG: Total gradient stack used is 196776 out of 10000000
DEBUG: Total dvariable address used is 2077 out of 150000
DEBUG: Total dvariable address used is 3914664 out of 50000000
DEBUG: Total gradient stack used is 196776 out of 10000000
DEBUG: Total dvariable address used is 2077 out of 150000
DEBUG: Total dvariable address used is 3914664 out of 50000000
DEBUG: Total gradient stack used is 196776 out of 10000000
DEBUG: Total dvariable address used is 2077 out of 150000
DEBUG: Total dvariable address used is 3914664 out of 50000000
DEBUG: Total gradient stack used is 196776 out of 10000000
DEBUG: Total dvariable address used is 2077 out of 150000
DEBUG: Total dvariable address used is 3914664 out of 50000000
DEBUG: Total gradient stack used is 196776 out of 10000000
DEBUG: Total dvariable address used is 2077 out of 150000
DEBUG: Total dvariable address used is 3914664 out of 50000000
DEBUG: Total gradient stack used is 196776 out of 10000000
DEBUG: Total dvariable address used is 2077 out of 150000
DEBUG: Total dvariable address used is 3914664 out of 50000000
DEBUG: Total gradient stack used is 196776 out of 10000000
DEBUG: Total dvariable address used is 2077 out of 150000
DEBUG: Total dvariable address used is 3914664 out of 50000000
DEBUG: Total gradient stack used is 196776 out of 10000000
DEBUG: Total dvariable address used is 2077 out of 150000
DEBUG: Total dvariable address used is 3914664 out of 50000000
DEBUG: Total gradient stack used is 196776 out of 10000000
DEBUG: Total dvariable address used is 2077 out of 150000
DEBUG: Total dvariable address used is 3914664 out of 50000000
DEBUG: Total gradient stack used is 196776 out of 10000000
DEBUG: Total dvariable address used is 2077 out of 150000
DEBUG: Total dvariable address used is 3914664 out of 50000000
DEBUG: Total gradient stack used is 196776 out of 10000000
DEBUG: Total dvariable address used is 2077 out of 150000
DEBUG: Total dvariable address used is 3914664 out of 50000000
DEBUG: Total gradient stack used is 196776 out of 10000000
DEBUG: Total dvariable address used is 2077 out of 150000
DEBUG: Total dvariable address used is 3914664 out of 50000000
DEBUG: Total gradient stack used is 196776 out of 10000000
DEBUG: Total dvariable address used is 2077 out of 150000
DEBUG: Total dvariable address used is 3914664 out of 50000000
DEBUG: Total gradient stack used is 196776 out of 10000000
DEBUG: Total dvariable address used is 2077 out of 150000
DEBUG: Total dvariable address used is 3914664 out of 50000000
DEBUG: Total gradient stack used is 196776 out of 10000000
DEBUG: Total dvariable address used is 2077 out of 150000
DEBUG: Total dvariable address used is 3914664 out of 50000000
DEBUG: Total gradient stack used is 196776 out of 10000000
DEBUG: Total dvariable address used is 2077 out of 150000
DEBUG: Total dvariable address used is 3914664 out of 50000000
DEBUG: Total gradient stack used is 196776 out of 10000000
DEBUG: Total dvariable address used is 2077 out of 150000
DEBUG: Total dvariable address used is 3914664 out of 50000000
DEBUG: Total gradient stack used is 196776 out of 10000000
DEBUG: Total dvariable address used is 2077 out of 150000
DEBUG: Total dvariable address used is 3914664 out of 50000000
DEBUG: Total gradient stack used is 196776 out of 10000000
DEBUG: Total dvariable address used is 2077 out of 150000
DEBUG: Total dvariable address used is 3914664 out of 50000000
phase= 2 | nvar=298 | iter=200 | nll=-1.57e+04 | mag=6.50e+03 | par[  1]=T_pars_est[3]
DEBUG: Total gradient stack used is 196776 out of 10000000
DEBUG: Total dvariable address used is 2077 out of 150000
DEBUG: Total dvariable address used is 3914664 out of 50000000
DEBUG: Total gradient stack used is 196776 out of 10000000
DEBUG: Total dvariable address used is 2077 out of 150000
DEBUG: Total dvariable address used is 3914664 out of 50000000
DEBUG: Total gradient stack used is 196776 out of 10000000
DEBUG: Total dvariable address used is 2077 out of 150000
DEBUG: Total dvariable address used is 3914664 out of 50000000
DEBUG: Total gradient stack used is 196776 out of 10000000
DEBUG: Total dvariable address used is 2077 out of 150000
DEBUG: Total dvariable address used is 3914664 out of 50000000
DEBUG: Total gradient stack used is 196776 out of 10000000
DEBUG: Total dvariable address used is 2077 out of 150000
DEBUG: Total dvariable address used is 3914664 out of 50000000
DEBUG: Total gradient stack used is 196776 out of 10000000
DEBUG: Total dvariable address used is 2077 out of 150000
DEBUG: Total dvariable address used is 3914664 out of 50000000
DEBUG: Total gradient stack used is 196776 out of 10000000
DEBUG: Total dvariable address used is 2077 out of 150000
DEBUG: Total dvariable address used is 3914664 out of 50000000
DEBUG: Total gradient stack used is 196776 out of 10000000
DEBUG: Total dvariable address used is 2077 out of 150000
DEBUG: Total dvariable address used is 3914664 out of 50000000
DEBUG: Total gradient stack used is 196776 out of 10000000
DEBUG: Total dvariable address used is 2077 out of 150000
DEBUG: Total dvariable address used is 3914664 out of 50000000
DEBUG: Total gradient stack used is 196776 out of 10000000
DEBUG: Total dvariable address used is 2077 out of 150000
DEBUG: Total dvariable address used is 3914664 out of 50000000
DEBUG: Total gradient stack used is 196776 out of 10000000
DEBUG: Total dvariable address used is 2077 out of 150000
DEBUG: Total dvariable address used is 3914664 out of 50000000
DEBUG: Total gradient stack used is 196776 out of 10000000
DEBUG: Total dvariable address used is 2077 out of 150000
DEBUG: Total dvariable address used is 3914664 out of 50000000
DEBUG: Total gradient stack used is 196776 out of 10000000
DEBUG: Total dvariable address used is 2077 out of 150000
DEBUG: Total dvariable address used is 3914664 out of 50000000
DEBUG: Total gradient stack used is 196776 out of 10000000
DEBUG: Total dvariable address used is 2077 out of 150000
DEBUG: Total dvariable address used is 3914664 out of 50000000
DEBUG: Total gradient stack used is 196776 out of 10000000
DEBUG: Total dvariable address used is 2077 out of 150000
DEBUG: Total dvariable address used is 3914664 out of 50000000
DEBUG: Total gradient stack used is 196776 out of 10000000
DEBUG: Total dvariable address used is 2077 out of 150000
DEBUG: Total dvariable address used is 3914664 out of 50000000
DEBUG: Total gradient stack used is 196776 out of 10000000
DEBUG: Total dvariable address used is 2077 out of 150000
DEBUG: Total dvariable address used is 3914664 out of 50000000
DEBUG: Total gradient stack used is 196776 out of 10000000
DEBUG: Total dvariable address used is 2077 out of 150000
DEBUG: Total dvariable address used is 3914664 out of 50000000
DEBUG: Total gradient stack used is 196776 out of 10000000
DEBUG: Total dvariable address used is 2077 out of 150000
DEBUG: Total dvariable address used is 3914664 out of 50000000
DEBUG: Total gradient stack used is 196776 out of 10000000
DEBUG: Total dvariable address used is 2077 out of 150000
DEBUG: Total dvariable address used is 3914664 out of 50000000
DEBUG: Total gradient stack used is 196776 out of 10000000
DEBUG: Total dvariable address used is 2077 out of 150000
DEBUG: Total dvariable address used is 3914664 out of 50000000
phase= 2 | nvar=298 | iter=220 | nll=-1.57e+04 | mag=6.81e+03 | par[  1]=T_pars_est[3]
DEBUG: Total gradient stack used is 196776 out of 10000000
DEBUG: Total dvariable address used is 2077 out of 150000
DEBUG: Total dvariable address used is 3914664 out of 50000000
DEBUG: Total gradient stack used is 196776 out of 10000000
DEBUG: Total dvariable address used is 2077 out of 150000
DEBUG: Total dvariable address used is 3914664 out of 50000000
DEBUG: Total gradient stack used is 196776 out of 10000000
DEBUG: Total dvariable address used is 2077 out of 150000
DEBUG: Total dvariable address used is 3914664 out of 50000000
DEBUG: Total gradient stack used is 196776 out of 10000000
DEBUG: Total dvariable address used is 2077 out of 150000
DEBUG: Total dvariable address used is 3914664 out of 50000000
DEBUG: Total gradient stack used is 196776 out of 10000000
DEBUG: Total dvariable address used is 2077 out of 150000
DEBUG: Total dvariable address used is 3914664 out of 50000000
DEBUG: Total gradient stack used is 196776 out of 10000000
DEBUG: Total dvariable address used is 2077 out of 150000
DEBUG: Total dvariable address used is 3914664 out of 50000000
DEBUG: Total gradient stack used is 196776 out of 10000000
DEBUG: Total dvariable address used is 2077 out of 150000
DEBUG: Total dvariable address used is 3914664 out of 50000000
DEBUG: Total gradient stack used is 196776 out of 10000000
DEBUG: Total dvariable address used is 2077 out of 150000
DEBUG: Total dvariable address used is 3914664 out of 50000000
DEBUG: Total gradient stack used is 196776 out of 10000000
DEBUG: Total dvariable address used is 2077 out of 150000
DEBUG: Total dvariable address used is 3914664 out of 50000000
DEBUG: Total gradient stack used is 196776 out of 10000000
DEBUG: Total dvariable address used is 2077 out of 150000
DEBUG: Total dvariable address used is 3914664 out of 50000000
DEBUG: Total gradient stack used is 196776 out of 10000000
DEBUG: Total dvariable address used is 2077 out of 150000
DEBUG: Total dvariable address used is 3914664 out of 50000000
DEBUG: Total gradient stack used is 196776 out of 10000000
DEBUG: Total dvariable address used is 2077 out of 150000
DEBUG: Total dvariable address used is 3914664 out of 50000000
DEBUG: Total gradient stack used is 196776 out of 10000000
DEBUG: Total dvariable address used is 2077 out of 150000
DEBUG: Total dvariable address used is 3914664 out of 50000000
DEBUG: Total gradient stack used is 196776 out of 10000000
DEBUG: Total dvariable address used is 2077 out of 150000
DEBUG: Total dvariable address used is 3914664 out of 50000000
DEBUG: Total gradient stack used is 196776 out of 10000000
DEBUG: Total dvariable address used is 2077 out of 150000
DEBUG: Total dvariable address used is 3914664 out of 50000000
DEBUG: Total gradient stack used is 196776 out of 10000000
DEBUG: Total dvariable address used is 2077 out of 150000
DEBUG: Total dvariable address used is 3914664 out of 50000000
DEBUG: Total gradient stack used is 196776 out of 10000000
DEBUG: Total dvariable address used is 2077 out of 150000
DEBUG: Total dvariable address used is 3914664 out of 50000000
DEBUG: Total gradient stack used is 196776 out of 10000000
DEBUG: Total dvariable address used is 2077 out of 150000
DEBUG: Total dvariable address used is 3914664 out of 50000000
DEBUG: Total gradient stack used is 196776 out of 10000000
DEBUG: Total dvariable address used is 2077 out of 150000
DEBUG: Total dvariable address used is 3914664 out of 50000000
DEBUG: Total gradient stack used is 196776 out of 10000000
DEBUG: Total dvariable address used is 2077 out of 150000
DEBUG: Total dvariable address used is 3914664 out of 50000000
DEBUG: Total gradient stack used is 196776 out of 10000000
DEBUG: Total dvariable address used is 2077 out of 150000
DEBUG: Total dvariable address used is 3914664 out of 50000000
DEBUG: Total gradient stack used is 196776 out of 10000000
DEBUG: Total dvariable address used is 2077 out of 150000
DEBUG: Total dvariable address used is 3914664 out of 50000000
DEBUG: Total gradient stack used is 196776 out of 10000000
DEBUG: Total dvariable address used is 2077 out of 150000
DEBUG: Total dvariable address used is 3914664 out of 50000000
DEBUG: Total gradient stack used is 196776 out of 10000000
DEBUG: Total dvariable address used is 2077 out of 150000
DEBUG: Total dvariable address used is 3914664 out of 50000000
DEBUG: Total gradient stack used is 196776 out of 10000000
DEBUG: Total dvariable address used is 2077 out of 150000
DEBUG: Total dvariable address used is 3914664 out of 50000000
DEBUG: Total gradient stack used is 196776 out of 10000000
DEBUG: Total dvariable address used is 2077 out of 150000
DEBUG: Total dvariable address used is 3914664 out of 50000000
DEBUG: Total gradient stack used is 196776 out of 10000000
DEBUG: Total dvariable address used is 2077 out of 150000
DEBUG: Total dvariable address used is 3914664 out of 50000000
DEBUG: Total gradient stack used is 196776 out of 10000000
DEBUG: Total dvariable address used is 2077 out of 150000
DEBUG: Total dvariable address used is 3914664 out of 50000000
DEBUG: Total gradient stack used is 196776 out of 10000000
DEBUG: Total dvariable address used is 2077 out of 150000
DEBUG: Total dvariable address used is 3914664 out of 50000000
DEBUG: Total gradient stack used is 196776 out of 10000000
DEBUG: Total dvariable address used is 2077 out of 150000
DEBUG: Total dvariable address used is 3914664 out of 50000000
DEBUG: Total gradient stack used is 196776 out of 10000000
DEBUG: Total dvariable address used is 2077 out of 150000
DEBUG: Total dvariable address used is 3914664 out of 50000000
DEBUG: Total gradient stack used is 196776 out of 10000000
DEBUG: Total dvariable address used is 2077 out of 150000
DEBUG: Total dvariable address used is 3914664 out of 50000000
phase= 2 | nvar=298 | iter=240 | nll=-1.57e+04 | mag=6.26e+03 | par[  1]=T_pars_est[3]
DEBUG: Total gradient stack used is 196776 out of 10000000
DEBUG: Total dvariable address used is 2077 out of 150000
DEBUG: Total dvariable address used is 3914664 out of 50000000
DEBUG: Total gradient stack used is 196776 out of 10000000
DEBUG: Total dvariable address used is 2077 out of 150000
DEBUG: Total dvariable address used is 3914664 out of 50000000
DEBUG: Total gradient stack used is 196776 out of 10000000
DEBUG: Total dvariable address used is 2077 out of 150000
DEBUG: Total dvariable address used is 3914664 out of 50000000
DEBUG: Total gradient stack used is 196776 out of 10000000
DEBUG: Total dvariable address used is 2077 out of 150000
DEBUG: Total dvariable address used is 3914664 out of 50000000
DEBUG: Total gradient stack used is 196776 out of 10000000
DEBUG: Total dvariable address used is 2077 out of 150000
DEBUG: Total dvariable address used is 3914664 out of 50000000
DEBUG: Total gradient stack used is 196776 out of 10000000
DEBUG: Total dvariable address used is 2077 out of 150000
DEBUG: Total dvariable address used is 3914664 out of 50000000
DEBUG: Total gradient stack used is 196776 out of 10000000
DEBUG: Total dvariable address used is 2077 out of 150000
DEBUG: Total dvariable address used is 3914664 out of 50000000
DEBUG: Total gradient stack used is 196776 out of 10000000
DEBUG: Total dvariable address used is 2077 out of 150000
DEBUG: Total dvariable address used is 3914664 out of 50000000
DEBUG: Total gradient stack used is 196776 out of 10000000
DEBUG: Total dvariable address used is 2077 out of 150000
DEBUG: Total dvariable address used is 3914664 out of 50000000
DEBUG: Total gradient stack used is 196776 out of 10000000
DEBUG: Total dvariable address used is 2077 out of 150000
DEBUG: Total dvariable address used is 3914664 out of 50000000
DEBUG: Total gradient stack used is 196776 out of 10000000
DEBUG: Total dvariable address used is 2077 out of 150000
DEBUG: Total dvariable address used is 3914664 out of 50000000
DEBUG: Total gradient stack used is 196776 out of 10000000
DEBUG: Total dvariable address used is 2077 out of 150000
DEBUG: Total dvariable address used is 3914664 out of 50000000
DEBUG: Total gradient stack used is 196776 out of 10000000
DEBUG: Total dvariable address used is 2077 out of 150000
DEBUG: Total dvariable address used is 3914664 out of 50000000
DEBUG: Total gradient stack used is 196776 out of 10000000
DEBUG: Total dvariable address used is 2077 out of 150000
DEBUG: Total dvariable address used is 3914664 out of 50000000
DEBUG: Total gradient stack used is 196776 out of 10000000
DEBUG: Total dvariable address used is 2077 out of 150000
DEBUG: Total dvariable address used is 3914664 out of 50000000
DEBUG: Total gradient stack used is 196776 out of 10000000
DEBUG: Total dvariable address used is 2077 out of 150000
DEBUG: Total dvariable address used is 3914664 out of 50000000
DEBUG: Total gradient stack used is 196776 out of 10000000
DEBUG: Total dvariable address used is 2077 out of 150000
DEBUG: Total dvariable address used is 3914664 out of 50000000
DEBUG: Total gradient stack used is 196776 out of 10000000
DEBUG: Total dvariable address used is 2077 out of 150000
DEBUG: Total dvariable address used is 3914664 out of 50000000
DEBUG: Total gradient stack used is 196776 out of 10000000
DEBUG: Total dvariable address used is 2077 out of 150000
DEBUG: Total dvariable address used is 3914664 out of 50000000
DEBUG: Total gradient stack used is 196776 out of 10000000
DEBUG: Total dvariable address used is 2077 out of 150000
DEBUG: Total dvariable address used is 3914664 out of 50000000
DEBUG: Total gradient stack used is 196776 out of 10000000
DEBUG: Total dvariable address used is 2077 out of 150000
DEBUG: Total dvariable address used is 3914664 out of 50000000
DEBUG: Total gradient stack used is 196776 out of 10000000
DEBUG: Total dvariable address used is 2077 out of 150000
DEBUG: Total dvariable address used is 3914664 out of 50000000
DEBUG: Total gradient stack used is 196776 out of 10000000
DEBUG: Total dvariable address used is 2077 out of 150000
DEBUG: Total dvariable address used is 3914664 out of 50000000
DEBUG: Total gradient stack used is 196776 out of 10000000
DEBUG: Total dvariable address used is 2077 out of 150000
DEBUG: Total dvariable address used is 3914664 out of 50000000
DEBUG: Total gradient stack used is 196776 out of 10000000
DEBUG: Total dvariable address used is 2077 out of 150000
DEBUG: Total dvariable address used is 3914664 out of 50000000
DEBUG: Total gradient stack used is 196776 out of 10000000
DEBUG: Total dvariable address used is 2077 out of 150000
DEBUG: Total dvariable address used is 3914664 out of 50000000
DEBUG: Total gradient stack used is 196776 out of 10000000
DEBUG: Total dvariable address used is 2077 out of 150000
DEBUG: Total dvariable address used is 3914664 out of 50000000
phase= 2 | nvar=298 | iter=260 | nll=-1.57e+04 | mag=6.64e+03 | par[  1]=T_pars_est[3]
DEBUG: Total gradient stack used is 196776 out of 10000000
DEBUG: Total dvariable address used is 2077 out of 150000
DEBUG: Total dvariable address used is 3914664 out of 50000000
DEBUG: Total gradient stack used is 196776 out of 10000000
DEBUG: Total dvariable address used is 2077 out of 150000
DEBUG: Total dvariable address used is 3914664 out of 50000000
DEBUG: Total gradient stack used is 196776 out of 10000000
DEBUG: Total dvariable address used is 2077 out of 150000
DEBUG: Total dvariable address used is 3914664 out of 50000000
DEBUG: Total gradient stack used is 196776 out of 10000000
DEBUG: Total dvariable address used is 2077 out of 150000
DEBUG: Total dvariable address used is 3914664 out of 50000000
DEBUG: Total gradient stack used is 196776 out of 10000000
DEBUG: Total dvariable address used is 2077 out of 150000
DEBUG: Total dvariable address used is 3914664 out of 50000000
DEBUG: Total gradient stack used is 196776 out of 10000000
DEBUG: Total dvariable address used is 2077 out of 150000
DEBUG: Total dvariable address used is 3914664 out of 50000000
DEBUG: Total gradient stack used is 196776 out of 10000000
DEBUG: Total dvariable address used is 2077 out of 150000
DEBUG: Total dvariable address used is 3914664 out of 50000000
DEBUG: Total gradient stack used is 196776 out of 10000000
DEBUG: Total dvariable address used is 2077 out of 150000
DEBUG: Total dvariable address used is 3914664 out of 50000000
DEBUG: Total gradient stack used is 196776 out of 10000000
DEBUG: Total dvariable address used is 2077 out of 150000
DEBUG: Total dvariable address used is 3914664 out of 50000000
DEBUG: Total gradient stack used is 196776 out of 10000000
DEBUG: Total dvariable address used is 2077 out of 150000
DEBUG: Total dvariable address used is 3914664 out of 50000000
DEBUG: Total gradient stack used is 196776 out of 10000000
DEBUG: Total dvariable address used is 2077 out of 150000
DEBUG: Total dvariable address used is 3914664 out of 50000000
DEBUG: Total gradient stack used is 196776 out of 10000000
DEBUG: Total dvariable address used is 2077 out of 150000
DEBUG: Total dvariable address used is 3914664 out of 50000000
DEBUG: Total gradient stack used is 196776 out of 10000000
DEBUG: Total dvariable address used is 2077 out of 150000
DEBUG: Total dvariable address used is 3914664 out of 50000000
DEBUG: Total gradient stack used is 196776 out of 10000000
DEBUG: Total dvariable address used is 2077 out of 150000
DEBUG: Total dvariable address used is 3914664 out of 50000000
DEBUG: Total gradient stack used is 196776 out of 10000000
DEBUG: Total dvariable address used is 2077 out of 150000
DEBUG: Total dvariable address used is 3914664 out of 50000000
DEBUG: Total gradient stack used is 196776 out of 10000000
DEBUG: Total dvariable address used is 2077 out of 150000
DEBUG: Total dvariable address used is 3914664 out of 50000000
DEBUG: Total gradient stack used is 196776 out of 10000000
DEBUG: Total dvariable address used is 2077 out of 150000
DEBUG: Total dvariable address used is 3914664 out of 50000000
DEBUG: Total gradient stack used is 196776 out of 10000000
DEBUG: Total dvariable address used is 2077 out of 150000
DEBUG: Total dvariable address used is 3914664 out of 50000000
DEBUG: Total gradient stack used is 196776 out of 10000000
DEBUG: Total dvariable address used is 2077 out of 150000
DEBUG: Total dvariable address used is 3914664 out of 50000000
DEBUG: Total gradient stack used is 196776 out of 10000000
DEBUG: Total dvariable address used is 2077 out of 150000
DEBUG: Total dvariable address used is 3914664 out of 50000000
DEBUG: Total gradient stack used is 196776 out of 10000000
DEBUG: Total dvariable address used is 2077 out of 150000
DEBUG: Total dvariable address used is 3914664 out of 50000000
DEBUG: Total gradient stack used is 196776 out of 10000000
DEBUG: Total dvariable address used is 2077 out of 150000
DEBUG: Total dvariable address used is 3914664 out of 50000000
DEBUG: Total gradient stack used is 196776 out of 10000000
DEBUG: Total dvariable address used is 2077 out of 150000
DEBUG: Total dvariable address used is 3914664 out of 50000000
DEBUG: Total gradient stack used is 196776 out of 10000000
DEBUG: Total dvariable address used is 2077 out of 150000
DEBUG: Total dvariable address used is 3914664 out of 50000000
DEBUG: Total gradient stack used is 196776 out of 10000000
DEBUG: Total dvariable address used is 2077 out of 150000
DEBUG: Total dvariable address used is 3914664 out of 50000000
DEBUG: Total gradient stack used is 196776 out of 10000000
DEBUG: Total dvariable address used is 2077 out of 150000
DEBUG: Total dvariable address used is 3914664 out of 50000000
DEBUG: Total gradient stack used is 196776 out of 10000000
DEBUG: Total dvariable address used is 2077 out of 150000
DEBUG: Total dvariable address used is 3914664 out of 50000000
DEBUG: Total gradient stack used is 196776 out of 10000000
DEBUG: Total dvariable address used is 2077 out of 150000
DEBUG: Total dvariable address used is 3914664 out of 50000000
DEBUG: Total gradient stack used is 196776 out of 10000000
DEBUG: Total dvariable address used is 2077 out of 150000
DEBUG: Total dvariable address used is 3914664 out of 50000000
DEBUG: Total gradient stack used is 196776 out of 10000000
DEBUG: Total dvariable address used is 2077 out of 150000
DEBUG: Total dvariable address used is 3914664 out of 50000000
DEBUG: Total gradient stack used is 196776 out of 10000000
DEBUG: Total dvariable address used is 2077 out of 150000
DEBUG: Total dvariable address used is 3914664 out of 50000000
DEBUG: Total gradient stack used is 196776 out of 10000000
DEBUG: Total dvariable address used is 2077 out of 150000
DEBUG: Total dvariable address used is 3914664 out of 50000000
phase= 2 | nvar=298 | iter=280 | nll=-1.57e+04 | mag=5.59e+03 | par[  1]=T_pars_est[3]
DEBUG: Total gradient stack used is 196776 out of 10000000
DEBUG: Total dvariable address used is 2077 out of 150000
DEBUG: Total dvariable address used is 3914664 out of 50000000
DEBUG: Total gradient stack used is 196776 out of 10000000
DEBUG: Total dvariable address used is 2077 out of 150000
DEBUG: Total dvariable address used is 3914664 out of 50000000
DEBUG: Total gradient stack used is 196776 out of 10000000
DEBUG: Total dvariable address used is 2077 out of 150000
DEBUG: Total dvariable address used is 3914664 out of 50000000
DEBUG: Total gradient stack used is 196776 out of 10000000
DEBUG: Total dvariable address used is 2077 out of 150000
DEBUG: Total dvariable address used is 3914664 out of 50000000
DEBUG: Total gradient stack used is 196776 out of 10000000
DEBUG: Total dvariable address used is 2077 out of 150000
DEBUG: Total dvariable address used is 3914664 out of 50000000
DEBUG: Total gradient stack used is 196776 out of 10000000
DEBUG: Total dvariable address used is 2077 out of 150000
DEBUG: Total dvariable address used is 3914664 out of 50000000
DEBUG: Total gradient stack used is 196776 out of 10000000
DEBUG: Total dvariable address used is 2077 out of 150000
DEBUG: Total dvariable address used is 3914664 out of 50000000
DEBUG: Total gradient stack used is 196776 out of 10000000
DEBUG: Total dvariable address used is 2077 out of 150000
DEBUG: Total dvariable address used is 3914664 out of 50000000
DEBUG: Total gradient stack used is 196776 out of 10000000
DEBUG: Total dvariable address used is 2077 out of 150000
DEBUG: Total dvariable address used is 3914664 out of 50000000
DEBUG: Total gradient stack used is 196776 out of 10000000
DEBUG: Total dvariable address used is 2077 out of 150000
DEBUG: Total dvariable address used is 3914664 out of 50000000
DEBUG: Total gradient stack used is 196776 out of 10000000
DEBUG: Total dvariable address used is 2077 out of 150000
DEBUG: Total dvariable address used is 3914664 out of 50000000
DEBUG: Total gradient stack used is 196776 out of 10000000
DEBUG: Total dvariable address used is 2077 out of 150000
DEBUG: Total dvariable address used is 3914664 out of 50000000
DEBUG: Total gradient stack used is 196776 out of 10000000
DEBUG: Total dvariable address used is 2077 out of 150000
DEBUG: Total dvariable address used is 3914664 out of 50000000
DEBUG: Total gradient stack used is 196776 out of 10000000
DEBUG: Total dvariable address used is 2077 out of 150000
DEBUG: Total dvariable address used is 3914664 out of 50000000
DEBUG: Total gradient stack used is 196776 out of 10000000
DEBUG: Total dvariable address used is 2077 out of 150000
DEBUG: Total dvariable address used is 3914664 out of 50000000
DEBUG: Total gradient stack used is 196776 out of 10000000
DEBUG: Total dvariable address used is 2077 out of 150000
DEBUG: Total dvariable address used is 3914664 out of 50000000
DEBUG: Total gradient stack used is 196776 out of 10000000
DEBUG: Total dvariable address used is 2077 out of 150000
DEBUG: Total dvariable address used is 3914664 out of 50000000
DEBUG: Total gradient stack used is 196776 out of 10000000
DEBUG: Total dvariable address used is 2077 out of 150000
DEBUG: Total dvariable address used is 3914664 out of 50000000
DEBUG: Total gradient stack used is 196776 out of 10000000
DEBUG: Total dvariable address used is 2077 out of 150000
DEBUG: Total dvariable address used is 3914664 out of 50000000
DEBUG: Total gradient stack used is 196776 out of 10000000
DEBUG: Total dvariable address used is 2077 out of 150000
DEBUG: Total dvariable address used is 3914664 out of 50000000
DEBUG: Total gradient stack used is 196776 out of 10000000
DEBUG: Total dvariable address used is 2077 out of 150000
DEBUG: Total dvariable address used is 3914664 out of 50000000
DEBUG: Total gradient stack used is 196776 out of 10000000
DEBUG: Total dvariable address used is 2077 out of 150000
DEBUG: Total dvariable address used is 3914664 out of 50000000
DEBUG: Total gradient stack used is 196776 out of 10000000
DEBUG: Total dvariable address used is 2077 out of 150000
DEBUG: Total dvariable address used is 3914664 out of 50000000
DEBUG: Total gradient stack used is 196776 out of 10000000
DEBUG: Total dvariable address used is 2077 out of 150000
DEBUG: Total dvariable address used is 3914664 out of 50000000
DEBUG: Total gradient stack used is 196776 out of 10000000
DEBUG: Total dvariable address used is 2077 out of 150000
DEBUG: Total dvariable address used is 3914664 out of 50000000
DEBUG: Total gradient stack used is 196776 out of 10000000
DEBUG: Total dvariable address used is 2077 out of 150000
DEBUG: Total dvariable address used is 3914664 out of 50000000
DEBUG: Total gradient stack used is 196776 out of 10000000
DEBUG: Total dvariable address used is 2077 out of 150000
DEBUG: Total dvariable address used is 3914664 out of 50000000
DEBUG: Total gradient stack used is 196776 out of 10000000
DEBUG: Total dvariable address used is 2077 out of 150000
DEBUG: Total dvariable address used is 3914664 out of 50000000
DEBUG: Total gradient stack used is 196776 out of 10000000
DEBUG: Total dvariable address used is 2077 out of 150000
DEBUG: Total dvariable address used is 3914664 out of 50000000
DEBUG: Total gradient stack used is 196776 out of 10000000
DEBUG: Total dvariable address used is 2077 out of 150000
DEBUG: Total dvariable address used is 3914664 out of 50000000
DEBUG: Total gradient stack used is 196776 out of 10000000
DEBUG: Total dvariable address used is 2077 out of 150000
DEBUG: Total dvariable address used is 3914664 out of 50000000
DEBUG: Total gradient stack used is 196776 out of 10000000
DEBUG: Total dvariable address used is 2077 out of 150000
DEBUG: Total dvariable address used is 3914664 out of 50000000
DEBUG: Total gradient stack used is 196776 out of 10000000
DEBUG: Total dvariable address used is 2077 out of 150000
DEBUG: Total dvariable address used is 3914664 out of 50000000
phase= 2 | nvar=298 | iter=300 | nll=-1.57e+04 | mag=4.65e+03 | par[  1]=T_pars_est[3]
DEBUG: Total gradient stack used is 196776 out of 10000000
DEBUG: Total dvariable address used is 2077 out of 150000
DEBUG: Total dvariable address used is 3914664 out of 50000000
DEBUG: Total gradient stack used is 196776 out of 10000000
DEBUG: Total dvariable address used is 2077 out of 150000
DEBUG: Total dvariable address used is 3914664 out of 50000000
DEBUG: Total gradient stack used is 196776 out of 10000000
DEBUG: Total dvariable address used is 2077 out of 150000
DEBUG: Total dvariable address used is 3914664 out of 50000000
DEBUG: Total gradient stack used is 196776 out of 10000000
DEBUG: Total dvariable address used is 2077 out of 150000
DEBUG: Total dvariable address used is 3914664 out of 50000000
DEBUG: Total gradient stack used is 196776 out of 10000000
DEBUG: Total dvariable address used is 2077 out of 150000
DEBUG: Total dvariable address used is 3914664 out of 50000000
DEBUG: Total gradient stack used is 196776 out of 10000000
DEBUG: Total dvariable address used is 2077 out of 150000
DEBUG: Total dvariable address used is 3914664 out of 50000000
DEBUG: Total gradient stack used is 196776 out of 10000000
DEBUG: Total dvariable address used is 2077 out of 150000
DEBUG: Total dvariable address used is 3914664 out of 50000000
DEBUG: Total gradient stack used is 196776 out of 10000000
DEBUG: Total dvariable address used is 2077 out of 150000
DEBUG: Total dvariable address used is 3914664 out of 50000000
DEBUG: Total gradient stack used is 196776 out of 10000000
DEBUG: Total dvariable address used is 2077 out of 150000
DEBUG: Total dvariable address used is 3914664 out of 50000000
DEBUG: Total gradient stack used is 196776 out of 10000000
DEBUG: Total dvariable address used is 2077 out of 150000
DEBUG: Total dvariable address used is 3914664 out of 50000000
DEBUG: Total gradient stack used is 196776 out of 10000000
DEBUG: Total dvariable address used is 2077 out of 150000
DEBUG: Total dvariable address used is 3914664 out of 50000000
DEBUG: Total gradient stack used is 196776 out of 10000000
DEBUG: Total dvariable address used is 2077 out of 150000
DEBUG: Total dvariable address used is 3914664 out of 50000000
DEBUG: Total gradient stack used is 196776 out of 10000000
DEBUG: Total dvariable address used is 2077 out of 150000
DEBUG: Total dvariable address used is 3914664 out of 50000000
DEBUG: Total gradient stack used is 196776 out of 10000000
DEBUG: Total dvariable address used is 2077 out of 150000
DEBUG: Total dvariable address used is 3914664 out of 50000000
DEBUG: Total gradient stack used is 196776 out of 10000000
DEBUG: Total dvariable address used is 2077 out of 150000
DEBUG: Total dvariable address used is 3914664 out of 50000000
DEBUG: Total gradient stack used is 196776 out of 10000000
DEBUG: Total dvariable address used is 2077 out of 150000
DEBUG: Total dvariable address used is 3914664 out of 50000000
DEBUG: Total gradient stack used is 196776 out of 10000000
DEBUG: Total dvariable address used is 2077 out of 150000
DEBUG: Total dvariable address used is 3914664 out of 50000000
DEBUG: Total gradient stack used is 196776 out of 10000000
DEBUG: Total dvariable address used is 2077 out of 150000
DEBUG: Total dvariable address used is 3914664 out of 50000000
DEBUG: Total gradient stack used is 196776 out of 10000000
DEBUG: Total dvariable address used is 2077 out of 150000
DEBUG: Total dvariable address used is 3914664 out of 50000000
DEBUG: Total gradient stack used is 196776 out of 10000000
DEBUG: Total dvariable address used is 2077 out of 150000
DEBUG: Total dvariable address used is 3914664 out of 50000000
DEBUG: Total gradient stack used is 196776 out of 10000000
DEBUG: Total dvariable address used is 2077 out of 150000
DEBUG: Total dvariable address used is 3914664 out of 50000000
DEBUG: Total gradient stack used is 196776 out of 10000000
DEBUG: Total dvariable address used is 2077 out of 150000
DEBUG: Total dvariable address used is 3914664 out of 50000000
DEBUG: Total gradient stack used is 196776 out of 10000000
DEBUG: Total dvariable address used is 2077 out of 150000
DEBUG: Total dvariable address used is 3914664 out of 50000000
DEBUG: Total gradient stack used is 196776 out of 10000000
DEBUG: Total dvariable address used is 2077 out of 150000
DEBUG: Total dvariable address used is 3914664 out of 50000000
DEBUG: Total gradient stack used is 196776 out of 10000000
DEBUG: Total dvariable address used is 2077 out of 150000
DEBUG: Total dvariable address used is 3914664 out of 50000000
DEBUG: Total gradient stack used is 196776 out of 10000000
DEBUG: Total dvariable address used is 2077 out of 150000
DEBUG: Total dvariable address used is 3914664 out of 50000000
DEBUG: Total gradient stack used is 196776 out of 10000000
DEBUG: Total dvariable address used is 2077 out of 150000
DEBUG: Total dvariable address used is 3914664 out of 50000000
DEBUG: Total gradient stack used is 196776 out of 10000000
DEBUG: Total dvariable address used is 2077 out of 150000
DEBUG: Total dvariable address used is 3914664 out of 50000000
DEBUG: Total gradient stack used is 196776 out of 10000000
DEBUG: Total dvariable address used is 2077 out of 150000
DEBUG: Total dvariable address used is 3914664 out of 50000000
DEBUG: Total gradient stack used is 196776 out of 10000000
DEBUG: Total dvariable address used is 2077 out of 150000
DEBUG: Total dvariable address used is 3914664 out of 50000000
DEBUG: Total gradient stack used is 196776 out of 10000000
DEBUG: Total dvariable address used is 2077 out of 150000
DEBUG: Total dvariable address used is 3914664 out of 50000000
DEBUG: Total gradient stack used is 196776 out of 10000000
DEBUG: Total dvariable address used is 2077 out of 150000
DEBUG: Total dvariable address used is 3914664 out of 50000000
DEBUG: Total gradient stack used is 196776 out of 10000000
DEBUG: Total dvariable address used is 2077 out of 150000
DEBUG: Total dvariable address used is 3914664 out of 50000000
DEBUG: Total gradient stack used is 196776 out of 10000000
DEBUG: Total dvariable address used is 2077 out of 150000
DEBUG: Total dvariable address used is 3914664 out of 50000000
DEBUG: Total gradient stack used is 196776 out of 10000000
DEBUG: Total dvariable address used is 2077 out of 150000
DEBUG: Total dvariable address used is 3914664 out of 50000000
DEBUG: Total gradient stack used is 196776 out of 10000000
DEBUG: Total dvariable address used is 2077 out of 150000
DEBUG: Total dvariable address used is 3914664 out of 50000000
DEBUG: Total gradient stack used is 196776 out of 10000000
DEBUG: Total dvariable address used is 2077 out of 150000
DEBUG: Total dvariable address used is 3914664 out of 50000000
phase= 2 | nvar=298 | iter=320 | nll=-1.57e+04 | mag=3.02e+03 | par[259]=logit_rec_prop_est[4]
DEBUG: Total gradient stack used is 196776 out of 10000000
DEBUG: Total dvariable address used is 2077 out of 150000
DEBUG: Total dvariable address used is 3914664 out of 50000000
DEBUG: Total gradient stack used is 196776 out of 10000000
DEBUG: Total dvariable address used is 2077 out of 150000
DEBUG: Total dvariable address used is 3914664 out of 50000000
DEBUG: Total gradient stack used is 196776 out of 10000000
DEBUG: Total dvariable address used is 2077 out of 150000
DEBUG: Total dvariable address used is 3914664 out of 50000000
DEBUG: Total gradient stack used is 196776 out of 10000000
DEBUG: Total dvariable address used is 2077 out of 150000
DEBUG: Total dvariable address used is 3914664 out of 50000000
DEBUG: Total gradient stack used is 196776 out of 10000000
DEBUG: Total dvariable address used is 2077 out of 150000
DEBUG: Total dvariable address used is 3914664 out of 50000000
DEBUG: Total gradient stack used is 196776 out of 10000000
DEBUG: Total dvariable address used is 2077 out of 150000
DEBUG: Total dvariable address used is 3914664 out of 50000000
DEBUG: Total gradient stack used is 196776 out of 10000000
DEBUG: Total dvariable address used is 2077 out of 150000
DEBUG: Total dvariable address used is 3914664 out of 50000000
DEBUG: Total gradient stack used is 196776 out of 10000000
DEBUG: Total dvariable address used is 2077 out of 150000
DEBUG: Total dvariable address used is 3914664 out of 50000000
DEBUG: Total gradient stack used is 196776 out of 10000000
DEBUG: Total dvariable address used is 2077 out of 150000
DEBUG: Total dvariable address used is 3914664 out of 50000000
DEBUG: Total gradient stack used is 196776 out of 10000000
DEBUG: Total dvariable address used is 2077 out of 150000
DEBUG: Total dvariable address used is 3914664 out of 50000000
DEBUG: Total gradient stack used is 196776 out of 10000000
DEBUG: Total dvariable address used is 2077 out of 150000
DEBUG: Total dvariable address used is 3914664 out of 50000000
DEBUG: Total gradient stack used is 196776 out of 10000000
DEBUG: Total dvariable address used is 2077 out of 150000
DEBUG: Total dvariable address used is 3914664 out of 50000000
DEBUG: Total gradient stack used is 196776 out of 10000000
DEBUG: Total dvariable address used is 2077 out of 150000
DEBUG: Total dvariable address used is 3914664 out of 50000000
DEBUG: Total gradient stack used is 196776 out of 10000000
DEBUG: Total dvariable address used is 2077 out of 150000
DEBUG: Total dvariable address used is 3914664 out of 50000000
DEBUG: Total gradient stack used is 196776 out of 10000000
DEBUG: Total dvariable address used is 2077 out of 150000
DEBUG: Total dvariable address used is 3914664 out of 50000000
DEBUG: Total gradient stack used is 196776 out of 10000000
DEBUG: Total dvariable address used is 2077 out of 150000
DEBUG: Total dvariable address used is 3914664 out of 50000000
DEBUG: Total gradient stack used is 196776 out of 10000000
DEBUG: Total dvariable address used is 2077 out of 150000
DEBUG: Total dvariable address used is 3914664 out of 50000000
DEBUG: Total gradient stack used is 196776 out of 10000000
DEBUG: Total dvariable address used is 2077 out of 150000
DEBUG: Total dvariable address used is 3914664 out of 50000000
DEBUG: Total gradient stack used is 196776 out of 10000000
DEBUG: Total dvariable address used is 2077 out of 150000
DEBUG: Total dvariable address used is 3914664 out of 50000000
DEBUG: Total gradient stack used is 196776 out of 10000000
DEBUG: Total dvariable address used is 2077 out of 150000
DEBUG: Total dvariable address used is 3914664 out of 50000000
DEBUG: Total gradient stack used is 196776 out of 10000000
DEBUG: Total dvariable address used is 2077 out of 150000
DEBUG: Total dvariable address used is 3914664 out of 50000000
phase= 2 | nvar=298 | iter=340 | nll=-1.57e+04 | mag=3.47e+02 | par[  1]=T_pars_est[3]
DEBUG: Total gradient stack used is 196776 out of 10000000
DEBUG: Total dvariable address used is 2077 out of 150000
DEBUG: Total dvariable address used is 3914664 out of 50000000
DEBUG: Total gradient stack used is 196776 out of 10000000
DEBUG: Total dvariable address used is 2077 out of 150000
DEBUG: Total dvariable address used is 3914664 out of 50000000
DEBUG: Total gradient stack used is 196776 out of 10000000
DEBUG: Total dvariable address used is 2077 out of 150000
DEBUG: Total dvariable address used is 3914664 out of 50000000
DEBUG: Total gradient stack used is 196776 out of 10000000
DEBUG: Total dvariable address used is 2077 out of 150000
DEBUG: Total dvariable address used is 3914664 out of 50000000
DEBUG: Total gradient stack used is 196776 out of 10000000
DEBUG: Total dvariable address used is 2077 out of 150000
DEBUG: Total dvariable address used is 3914664 out of 50000000
DEBUG: Total gradient stack used is 196776 out of 10000000
DEBUG: Total dvariable address used is 2077 out of 150000
DEBUG: Total dvariable address used is 3914664 out of 50000000
DEBUG: Total gradient stack used is 196776 out of 10000000
DEBUG: Total dvariable address used is 2077 out of 150000
DEBUG: Total dvariable address used is 3914664 out of 50000000
DEBUG: Total gradient stack used is 196776 out of 10000000
DEBUG: Total dvariable address used is 2077 out of 150000
DEBUG: Total dvariable address used is 3914664 out of 50000000
DEBUG: Total gradient stack used is 196776 out of 10000000
DEBUG: Total dvariable address used is 2077 out of 150000
DEBUG: Total dvariable address used is 3914664 out of 50000000
DEBUG: Total gradient stack used is 196776 out of 10000000
DEBUG: Total dvariable address used is 2077 out of 150000
DEBUG: Total dvariable address used is 3914664 out of 50000000
DEBUG: Total gradient stack used is 196776 out of 10000000
DEBUG: Total dvariable address used is 2077 out of 150000
DEBUG: Total dvariable address used is 3914664 out of 50000000
DEBUG: Total gradient stack used is 196776 out of 10000000
DEBUG: Total dvariable address used is 2077 out of 150000
DEBUG: Total dvariable address used is 3914664 out of 50000000
DEBUG: Total gradient stack used is 196776 out of 10000000
DEBUG: Total dvariable address used is 2077 out of 150000
DEBUG: Total dvariable address used is 3914664 out of 50000000
DEBUG: Total gradient stack used is 196776 out of 10000000
DEBUG: Total dvariable address used is 2077 out of 150000
DEBUG: Total dvariable address used is 3914664 out of 50000000
DEBUG: Total gradient stack used is 196776 out of 10000000
DEBUG: Total dvariable address used is 2077 out of 150000
DEBUG: Total dvariable address used is 3914664 out of 50000000
DEBUG: Total gradient stack used is 196776 out of 10000000
DEBUG: Total dvariable address used is 2077 out of 150000
DEBUG: Total dvariable address used is 3914664 out of 50000000
DEBUG: Total gradient stack used is 196776 out of 10000000
DEBUG: Total dvariable address used is 2077 out of 150000
DEBUG: Total dvariable address used is 3914664 out of 50000000
DEBUG: Total gradient stack used is 196776 out of 10000000
DEBUG: Total dvariable address used is 2077 out of 150000
DEBUG: Total dvariable address used is 3914664 out of 50000000
DEBUG: Total gradient stack used is 196776 out of 10000000
DEBUG: Total dvariable address used is 2077 out of 150000
DEBUG: Total dvariable address used is 3914664 out of 50000000
DEBUG: Total gradient stack used is 196776 out of 10000000
DEBUG: Total dvariable address used is 2077 out of 150000
DEBUG: Total dvariable address used is 3914664 out of 50000000
phase= 2 | nvar=298 | iter=360 | nll=-1.57e+04 | mag=3.92e+01 | par[  1]=T_pars_est[3]
DEBUG: Total gradient stack used is 196776 out of 10000000
DEBUG: Total dvariable address used is 2077 out of 150000
DEBUG: Total dvariable address used is 3914664 out of 50000000
DEBUG: Total gradient stack used is 196776 out of 10000000
DEBUG: Total dvariable address used is 2077 out of 150000
DEBUG: Total dvariable address used is 3914664 out of 50000000
DEBUG: Total gradient stack used is 196776 out of 10000000
DEBUG: Total dvariable address used is 2077 out of 150000
DEBUG: Total dvariable address used is 3914664 out of 50000000
DEBUG: Total gradient stack used is 196776 out of 10000000
DEBUG: Total dvariable address used is 2077 out of 150000
DEBUG: Total dvariable address used is 3914664 out of 50000000
DEBUG: Total gradient stack used is 196776 out of 10000000
DEBUG: Total dvariable address used is 2077 out of 150000
DEBUG: Total dvariable address used is 3914664 out of 50000000
DEBUG: Total gradient stack used is 196776 out of 10000000
DEBUG: Total dvariable address used is 2077 out of 150000
DEBUG: Total dvariable address used is 3914664 out of 50000000
DEBUG: Total gradient stack used is 196776 out of 10000000
DEBUG: Total dvariable address used is 2077 out of 150000
DEBUG: Total dvariable address used is 3914664 out of 50000000
DEBUG: Total gradient stack used is 196776 out of 10000000
DEBUG: Total dvariable address used is 2077 out of 150000
DEBUG: Total dvariable address used is 3914664 out of 50000000
DEBUG: Total gradient stack used is 196776 out of 10000000
DEBUG: Total dvariable address used is 2077 out of 150000
DEBUG: Total dvariable address used is 3914664 out of 50000000
DEBUG: Total gradient stack used is 196776 out of 10000000
DEBUG: Total dvariable address used is 2077 out of 150000
DEBUG: Total dvariable address used is 3914664 out of 50000000
DEBUG: Total gradient stack used is 196776 out of 10000000
DEBUG: Total dvariable address used is 2077 out of 150000
DEBUG: Total dvariable address used is 3914664 out of 50000000
DEBUG: Total gradient stack used is 196776 out of 10000000
DEBUG: Total dvariable address used is 2077 out of 150000
DEBUG: Total dvariable address used is 3914664 out of 50000000
DEBUG: Total gradient stack used is 196776 out of 10000000
DEBUG: Total dvariable address used is 2077 out of 150000
DEBUG: Total dvariable address used is 3914664 out of 50000000
DEBUG: Total gradient stack used is 196776 out of 10000000
DEBUG: Total dvariable address used is 2077 out of 150000
DEBUG: Total dvariable address used is 3914664 out of 50000000
DEBUG: Total gradient stack used is 196776 out of 10000000
DEBUG: Total dvariable address used is 2077 out of 150000
DEBUG: Total dvariable address used is 3914664 out of 50000000
DEBUG: Total gradient stack used is 196776 out of 10000000
DEBUG: Total dvariable address used is 2077 out of 150000
DEBUG: Total dvariable address used is 3914664 out of 50000000
DEBUG: Total gradient stack used is 196776 out of 10000000
DEBUG: Total dvariable address used is 2077 out of 150000
DEBUG: Total dvariable address used is 3914664 out of 50000000
DEBUG: Total gradient stack used is 196776 out of 10000000
DEBUG: Total dvariable address used is 2077 out of 150000
DEBUG: Total dvariable address used is 3914664 out of 50000000
DEBUG: Total gradient stack used is 196776 out of 10000000
DEBUG: Total dvariable address used is 2077 out of 150000
DEBUG: Total dvariable address used is 3914664 out of 50000000
DEBUG: Total gradient stack used is 196776 out of 10000000
DEBUG: Total dvariable address used is 2077 out of 150000
DEBUG: Total dvariable address used is 3914664 out of 50000000
phase= 2 | nvar=298 | iter=380 | nll=-1.57e+04 | mag=6.74e-01 | par[  1]=T_pars_est[3]
DEBUG: Total gradient stack used is 196776 out of 10000000
DEBUG: Total dvariable address used is 2077 out of 150000
DEBUG: Total dvariable address used is 3914664 out of 50000000
DEBUG: Total gradient stack used is 196776 out of 10000000
DEBUG: Total dvariable address used is 2077 out of 150000
DEBUG: Total dvariable address used is 3914664 out of 50000000
DEBUG: Total gradient stack used is 196776 out of 10000000
DEBUG: Total dvariable address used is 2077 out of 150000
DEBUG: Total dvariable address used is 3914664 out of 50000000
DEBUG: Total gradient stack used is 196776 out of 10000000
DEBUG: Total dvariable address used is 2077 out of 150000
DEBUG: Total dvariable address used is 3914664 out of 50000000
DEBUG: Total gradient stack used is 196776 out of 10000000
DEBUG: Total dvariable address used is 2077 out of 150000
DEBUG: Total dvariable address used is 3914664 out of 50000000
DEBUG: Total gradient stack used is 196776 out of 10000000
DEBUG: Total dvariable address used is 2077 out of 150000
DEBUG: Total dvariable address used is 3914664 out of 50000000
DEBUG: Total gradient stack used is 196776 out of 10000000
DEBUG: Total dvariable address used is 2077 out of 150000
DEBUG: Total dvariable address used is 3914664 out of 50000000
DEBUG: Total gradient stack used is 196776 out of 10000000
DEBUG: Total dvariable address used is 2077 out of 150000
DEBUG: Total dvariable address used is 3914664 out of 50000000
DEBUG: Total gradient stack used is 196776 out of 10000000
DEBUG: Total dvariable address used is 2077 out of 150000
DEBUG: Total dvariable address used is 3914664 out of 50000000
DEBUG: Total gradient stack used is 196776 out of 10000000
DEBUG: Total dvariable address used is 2077 out of 150000
DEBUG: Total dvariable address used is 3914664 out of 50000000
DEBUG: Total gradient stack used is 196776 out of 10000000
DEBUG: Total dvariable address used is 2077 out of 150000
DEBUG: Total dvariable address used is 3914664 out of 50000000
DEBUG: Total gradient stack used is 196776 out of 10000000
DEBUG: Total dvariable address used is 2077 out of 150000
DEBUG: Total dvariable address used is 3914664 out of 50000000
DEBUG: Total gradient stack used is 196776 out of 10000000
DEBUG: Total dvariable address used is 2077 out of 150000
DEBUG: Total dvariable address used is 3914664 out of 50000000
DEBUG: Total gradient stack used is 196776 out of 10000000
DEBUG: Total dvariable address used is 2077 out of 150000
DEBUG: Total dvariable address used is 3914664 out of 50000000
DEBUG: Total gradient stack used is 196776 out of 10000000
DEBUG: Total dvariable address used is 2077 out of 150000
DEBUG: Total dvariable address used is 3914664 out of 50000000
DEBUG: Total gradient stack used is 196776 out of 10000000
DEBUG: Total dvariable address used is 2077 out of 150000
DEBUG: Total dvariable address used is 3914664 out of 50000000
DEBUG: Total gradient stack used is 196776 out of 10000000
DEBUG: Total dvariable address used is 2077 out of 150000
DEBUG: Total dvariable address used is 3914664 out of 50000000
phase= 2 | nvar=298 | iter=397 | nll=-1.57e+04 | mag=9.67e-03 | par[267]=logit_rec_prop_est[12]
DEBUG: Total gradient stack used is 0 out of 10000000
DEBUG: Total dvariable address used is 2077 out of 150000
DEBUG: Total dvariable address used is 3914664 out of 50000000
Starting REPORT_SECTION
+--------------------------+
| Beginning report section |
+--------------------------+
Finished WriteFiles
REPORT_SECTION: finished CreateOutput
REPORT_SECTION: finished save_gradients
Finished REPORT_SECTION

#--BETWEEN_PHASES_SECTION---------------------
#----Starting phase 3 of 4
Finished BETWEEN_PHASES_SECTION
----------------------------------------------
DEBUG: Total gradient stack used is 411044 out of 10000000
DEBUG: Total dvariable address used is 2087 out of 150000
DEBUG: Total dvariable address used is 3914664 out of 50000000
phase= 3 | nvar=388 | iter=  0 | nll=-1.58e+04 | mag=6.17e+04 | par[ 88]=G_pars_est[5]
DEBUG: Total gradient stack used is 411044 out of 10000000
DEBUG: Total dvariable address used is 2087 out of 150000
DEBUG: Total dvariable address used is 3914664 out of 50000000
DEBUG: Total gradient stack used is 411044 out of 10000000
DEBUG: Total dvariable address used is 2087 out of 150000
DEBUG: Total dvariable address used is 3914664 out of 50000000
DEBUG: Total gradient stack used is 411030 out of 10000000
DEBUG: Total dvariable address used is 2087 out of 150000
DEBUG: Total dvariable address used is 3914664 out of 50000000
DEBUG: Total gradient stack used is 410977 out of 10000000
DEBUG: Total dvariable address used is 2087 out of 150000
DEBUG: Total dvariable address used is 3914664 out of 50000000
DEBUG: Total gradient stack used is 410856 out of 10000000
DEBUG: Total dvariable address used is 2087 out of 150000
DEBUG: Total dvariable address used is 3914664 out of 50000000
DEBUG: Total gradient stack used is 410694 out of 10000000
DEBUG: Total dvariable address used is 2087 out of 150000
DEBUG: Total dvariable address used is 3914664 out of 50000000
DEBUG: Total gradient stack used is 410830 out of 10000000
DEBUG: Total dvariable address used is 2087 out of 150000
DEBUG: Total dvariable address used is 3914664 out of 50000000
DEBUG: Total gradient stack used is 411017 out of 10000000
DEBUG: Total dvariable address used is 2087 out of 150000
DEBUG: Total dvariable address used is 3914664 out of 50000000
DEBUG: Total gradient stack used is 410937 out of 10000000
DEBUG: Total dvariable address used is 2087 out of 150000
DEBUG: Total dvariable address used is 3914664 out of 50000000
DEBUG: Total gradient stack used is 410985 out of 10000000
DEBUG: Total dvariable address used is 2087 out of 150000
DEBUG: Total dvariable address used is 3914664 out of 50000000
DEBUG: Total gradient stack used is 410764 out of 10000000
DEBUG: Total dvariable address used is 2087 out of 150000
DEBUG: Total dvariable address used is 3914664 out of 50000000
DEBUG: Total gradient stack used is 410862 out of 10000000
DEBUG: Total dvariable address used is 2087 out of 150000
DEBUG: Total dvariable address used is 3914664 out of 50000000
DEBUG: Total gradient stack used is 410863 out of 10000000
DEBUG: Total dvariable address used is 2087 out of 150000
DEBUG: Total dvariable address used is 3914664 out of 50000000
DEBUG: Total gradient stack used is 410865 out of 10000000
DEBUG: Total dvariable address used is 2087 out of 150000
DEBUG: Total dvariable address used is 3914664 out of 50000000
DEBUG: Total gradient stack used is 410642 out of 10000000
DEBUG: Total dvariable address used is 2087 out of 150000
DEBUG: Total dvariable address used is 3914664 out of 50000000
DEBUG: Total gradient stack used is 410587 out of 10000000
DEBUG: Total dvariable address used is 2087 out of 150000
DEBUG: Total dvariable address used is 3914664 out of 50000000
DEBUG: Total gradient stack used is 410681 out of 10000000
DEBUG: Total dvariable address used is 2087 out of 150000
DEBUG: Total dvariable address used is 3914664 out of 50000000
DEBUG: Total gradient stack used is 410446 out of 10000000
DEBUG: Total dvariable address used is 2087 out of 150000
DEBUG: Total dvariable address used is 3914664 out of 50000000
DEBUG: Total gradient stack used is 410553 out of 10000000
DEBUG: Total dvariable address used is 2087 out of 150000
DEBUG: Total dvariable address used is 3914664 out of 50000000
DEBUG: Total gradient stack used is 410533 out of 10000000
DEBUG: Total dvariable address used is 2087 out of 150000
DEBUG: Total dvariable address used is 3914664 out of 50000000
DEBUG: Total gradient stack used is 410497 out of 10000000
DEBUG: Total dvariable address used is 2087 out of 150000
DEBUG: Total dvariable address used is 3914664 out of 50000000
DEBUG: Total gradient stack used is 410290 out of 10000000
DEBUG: Total dvariable address used is 2087 out of 150000
DEBUG: Total dvariable address used is 3914664 out of 50000000
DEBUG: Total gradient stack used is 410307 out of 10000000
DEBUG: Total dvariable address used is 2087 out of 150000
DEBUG: Total dvariable address used is 3914664 out of 50000000
DEBUG: Total gradient stack used is 410400 out of 10000000
DEBUG: Total dvariable address used is 2087 out of 150000
DEBUG: Total dvariable address used is 3914664 out of 50000000
DEBUG: Total gradient stack used is 410365 out of 10000000
DEBUG: Total dvariable address used is 2087 out of 150000
DEBUG: Total dvariable address used is 3914664 out of 50000000
DEBUG: Total gradient stack used is 410364 out of 10000000
DEBUG: Total dvariable address used is 2087 out of 150000
DEBUG: Total dvariable address used is 3914664 out of 50000000
DEBUG: Total gradient stack used is 410307 out of 10000000
DEBUG: Total dvariable address used is 2087 out of 150000
DEBUG: Total dvariable address used is 3914664 out of 50000000
phase= 3 | nvar=388 | iter= 20 | nll=-1.69e+04 | mag=7.67e+04 | par[  1]=T_pars_est[3]
DEBUG: Total gradient stack used is 410506 out of 10000000
DEBUG: Total dvariable address used is 2087 out of 150000
DEBUG: Total dvariable address used is 3914664 out of 50000000
DEBUG: Total gradient stack used is 410287 out of 10000000
DEBUG: Total dvariable address used is 2087 out of 150000
DEBUG: Total dvariable address used is 3914664 out of 50000000
DEBUG: Total gradient stack used is 410465 out of 10000000
DEBUG: Total dvariable address used is 2087 out of 150000
DEBUG: Total dvariable address used is 3914664 out of 50000000
DEBUG: Total gradient stack used is 410489 out of 10000000
DEBUG: Total dvariable address used is 2087 out of 150000
DEBUG: Total dvariable address used is 3914664 out of 50000000
DEBUG: Total gradient stack used is 410781 out of 10000000
DEBUG: Total dvariable address used is 2087 out of 150000
DEBUG: Total dvariable address used is 3914664 out of 50000000
DEBUG: Total gradient stack used is 410678 out of 10000000
DEBUG: Total dvariable address used is 2087 out of 150000
DEBUG: Total dvariable address used is 3914664 out of 50000000
DEBUG: Total gradient stack used is 410656 out of 10000000
DEBUG: Total dvariable address used is 2087 out of 150000
DEBUG: Total dvariable address used is 3914664 out of 50000000
DEBUG: Total gradient stack used is 410672 out of 10000000
DEBUG: Total dvariable address used is 2087 out of 150000
DEBUG: Total dvariable address used is 3914664 out of 50000000
DEBUG: Total gradient stack used is 410719 out of 10000000
DEBUG: Total dvariable address used is 2087 out of 150000
DEBUG: Total dvariable address used is 3914664 out of 50000000
DEBUG: Total gradient stack used is 410710 out of 10000000
DEBUG: Total dvariable address used is 2087 out of 150000
DEBUG: Total dvariable address used is 3914664 out of 50000000
DEBUG: Total gradient stack used is 410754 out of 10000000
DEBUG: Total dvariable address used is 2087 out of 150000
DEBUG: Total dvariable address used is 3914664 out of 50000000
DEBUG: Total gradient stack used is 410740 out of 10000000
DEBUG: Total dvariable address used is 2087 out of 150000
DEBUG: Total dvariable address used is 3914664 out of 50000000
DEBUG: Total gradient stack used is 410701 out of 10000000
DEBUG: Total dvariable address used is 2087 out of 150000
DEBUG: Total dvariable address used is 3914664 out of 50000000
DEBUG: Total gradient stack used is 410688 out of 10000000
DEBUG: Total dvariable address used is 2087 out of 150000
DEBUG: Total dvariable address used is 3914664 out of 50000000
DEBUG: Total gradient stack used is 410704 out of 10000000
DEBUG: Total dvariable address used is 2087 out of 150000
DEBUG: Total dvariable address used is 3914664 out of 50000000
DEBUG: Total gradient stack used is 410726 out of 10000000
DEBUG: Total dvariable address used is 2087 out of 150000
DEBUG: Total dvariable address used is 3914664 out of 50000000
DEBUG: Total gradient stack used is 410713 out of 10000000
DEBUG: Total dvariable address used is 2087 out of 150000
DEBUG: Total dvariable address used is 3914664 out of 50000000
DEBUG: Total gradient stack used is 410737 out of 10000000
DEBUG: Total dvariable address used is 2087 out of 150000
DEBUG: Total dvariable address used is 3914664 out of 50000000
DEBUG: Total gradient stack used is 410737 out of 10000000
DEBUG: Total dvariable address used is 2087 out of 150000
DEBUG: Total dvariable address used is 3914664 out of 50000000
DEBUG: Total gradient stack used is 410715 out of 10000000
DEBUG: Total dvariable address used is 2087 out of 150000
DEBUG: Total dvariable address used is 3914664 out of 50000000
DEBUG: Total gradient stack used is 410718 out of 10000000
DEBUG: Total dvariable address used is 2087 out of 150000
DEBUG: Total dvariable address used is 3914664 out of 50000000
phase= 3 | nvar=388 | iter= 40 | nll=-1.72e+04 | mag=6.49e+04 | par[  1]=T_pars_est[3]
DEBUG: Total gradient stack used is 410682 out of 10000000
DEBUG: Total dvariable address used is 2087 out of 150000
DEBUG: Total dvariable address used is 3914664 out of 50000000
DEBUG: Total gradient stack used is 410680 out of 10000000
DEBUG: Total dvariable address used is 2087 out of 150000
DEBUG: Total dvariable address used is 3914664 out of 50000000
DEBUG: Total gradient stack used is 410696 out of 10000000
DEBUG: Total dvariable address used is 2087 out of 150000
DEBUG: Total dvariable address used is 3914664 out of 50000000
DEBUG: Total gradient stack used is 410713 out of 10000000
DEBUG: Total dvariable address used is 2087 out of 150000
DEBUG: Total dvariable address used is 3914664 out of 50000000
DEBUG: Total gradient stack used is 410688 out of 10000000
DEBUG: Total dvariable address used is 2087 out of 150000
DEBUG: Total dvariable address used is 3914664 out of 50000000
DEBUG: Total gradient stack used is 410696 out of 10000000
DEBUG: Total dvariable address used is 2087 out of 150000
DEBUG: Total dvariable address used is 3914664 out of 50000000
DEBUG: Total gradient stack used is 410705 out of 10000000
DEBUG: Total dvariable address used is 2087 out of 150000
DEBUG: Total dvariable address used is 3914664 out of 50000000
DEBUG: Total gradient stack used is 410708 out of 10000000
DEBUG: Total dvariable address used is 2087 out of 150000
DEBUG: Total dvariable address used is 3914664 out of 50000000
DEBUG: Total gradient stack used is 410711 out of 10000000
DEBUG: Total dvariable address used is 2087 out of 150000
DEBUG: Total dvariable address used is 3914664 out of 50000000
DEBUG: Total gradient stack used is 410694 out of 10000000
DEBUG: Total dvariable address used is 2087 out of 150000
DEBUG: Total dvariable address used is 3914664 out of 50000000
DEBUG: Total gradient stack used is 410694 out of 10000000
DEBUG: Total dvariable address used is 2087 out of 150000
DEBUG: Total dvariable address used is 3914664 out of 50000000
DEBUG: Total gradient stack used is 410685 out of 10000000
DEBUG: Total dvariable address used is 2087 out of 150000
DEBUG: Total dvariable address used is 3914664 out of 50000000
DEBUG: Total gradient stack used is 410690 out of 10000000
DEBUG: Total dvariable address used is 2087 out of 150000
DEBUG: Total dvariable address used is 3914664 out of 50000000
DEBUG: Total gradient stack used is 410703 out of 10000000
DEBUG: Total dvariable address used is 2087 out of 150000
DEBUG: Total dvariable address used is 3914664 out of 50000000
DEBUG: Total gradient stack used is 410709 out of 10000000
DEBUG: Total dvariable address used is 2087 out of 150000
DEBUG: Total dvariable address used is 3914664 out of 50000000
DEBUG: Total gradient stack used is 410715 out of 10000000
DEBUG: Total dvariable address used is 2087 out of 150000
DEBUG: Total dvariable address used is 3914664 out of 50000000
DEBUG: Total gradient stack used is 410718 out of 10000000
DEBUG: Total dvariable address used is 2087 out of 150000
DEBUG: Total dvariable address used is 3914664 out of 50000000
DEBUG: Total gradient stack used is 410718 out of 10000000
DEBUG: Total dvariable address used is 2087 out of 150000
DEBUG: Total dvariable address used is 3914664 out of 50000000
DEBUG: Total gradient stack used is 410709 out of 10000000
DEBUG: Total dvariable address used is 2087 out of 150000
DEBUG: Total dvariable address used is 3914664 out of 50000000
DEBUG: Total gradient stack used is 410695 out of 10000000
DEBUG: Total dvariable address used is 2087 out of 150000
DEBUG: Total dvariable address used is 3914664 out of 50000000
phase= 3 | nvar=388 | iter= 60 | nll=-1.72e+04 | mag=5.77e+04 | par[ 88]=G_pars_est[5]
DEBUG: Total gradient stack used is 410695 out of 10000000
DEBUG: Total dvariable address used is 2087 out of 150000
DEBUG: Total dvariable address used is 3914664 out of 50000000
DEBUG: Total gradient stack used is 410695 out of 10000000
DEBUG: Total dvariable address used is 2087 out of 150000
DEBUG: Total dvariable address used is 3914664 out of 50000000
DEBUG: Total gradient stack used is 410695 out of 10000000
DEBUG: Total dvariable address used is 2087 out of 150000
DEBUG: Total dvariable address used is 3914664 out of 50000000
DEBUG: Total gradient stack used is 410709 out of 10000000
DEBUG: Total dvariable address used is 2087 out of 150000
DEBUG: Total dvariable address used is 3914664 out of 50000000
DEBUG: Total gradient stack used is 410703 out of 10000000
DEBUG: Total dvariable address used is 2087 out of 150000
DEBUG: Total dvariable address used is 3914664 out of 50000000
DEBUG: Total gradient stack used is 410703 out of 10000000
DEBUG: Total dvariable address used is 2087 out of 150000
DEBUG: Total dvariable address used is 3914664 out of 50000000
DEBUG: Total gradient stack used is 410703 out of 10000000
DEBUG: Total dvariable address used is 2087 out of 150000
DEBUG: Total dvariable address used is 3914664 out of 50000000
DEBUG: Total gradient stack used is 410706 out of 10000000
DEBUG: Total dvariable address used is 2087 out of 150000
DEBUG: Total dvariable address used is 3914664 out of 50000000
DEBUG: Total gradient stack used is 410706 out of 10000000
DEBUG: Total dvariable address used is 2087 out of 150000
DEBUG: Total dvariable address used is 3914664 out of 50000000
DEBUG: Total gradient stack used is 410700 out of 10000000
DEBUG: Total dvariable address used is 2087 out of 150000
DEBUG: Total dvariable address used is 3914664 out of 50000000
DEBUG: Total gradient stack used is 410700 out of 10000000
DEBUG: Total dvariable address used is 2087 out of 150000
DEBUG: Total dvariable address used is 3914664 out of 50000000
DEBUG: Total gradient stack used is 410700 out of 10000000
DEBUG: Total dvariable address used is 2087 out of 150000
DEBUG: Total dvariable address used is 3914664 out of 50000000
DEBUG: Total gradient stack used is 410714 out of 10000000
DEBUG: Total dvariable address used is 2087 out of 150000
DEBUG: Total dvariable address used is 3914664 out of 50000000
DEBUG: Total gradient stack used is 410700 out of 10000000
DEBUG: Total dvariable address used is 2087 out of 150000
DEBUG: Total dvariable address used is 3914664 out of 50000000
DEBUG: Total gradient stack used is 410714 out of 10000000
DEBUG: Total dvariable address used is 2087 out of 150000
DEBUG: Total dvariable address used is 3914664 out of 50000000
DEBUG: Total gradient stack used is 410711 out of 10000000
DEBUG: Total dvariable address used is 2087 out of 150000
DEBUG: Total dvariable address used is 3914664 out of 50000000
DEBUG: Total gradient stack used is 410708 out of 10000000
DEBUG: Total dvariable address used is 2087 out of 150000
DEBUG: Total dvariable address used is 3914664 out of 50000000
DEBUG: Total gradient stack used is 410711 out of 10000000
DEBUG: Total dvariable address used is 2087 out of 150000
DEBUG: Total dvariable address used is 3914664 out of 50000000
DEBUG: Total gradient stack used is 410700 out of 10000000
DEBUG: Total dvariable address used is 2087 out of 150000
DEBUG: Total dvariable address used is 3914664 out of 50000000
DEBUG: Total gradient stack used is 410700 out of 10000000
DEBUG: Total dvariable address used is 2087 out of 150000
DEBUG: Total dvariable address used is 3914664 out of 50000000
phase= 3 | nvar=388 | iter= 80 | nll=-1.73e+04 | mag=5.72e+04 | par[ 88]=G_pars_est[5]
DEBUG: Total gradient stack used is 410700 out of 10000000
DEBUG: Total dvariable address used is 2087 out of 150000
DEBUG: Total dvariable address used is 3914664 out of 50000000
DEBUG: Total gradient stack used is 410714 out of 10000000
DEBUG: Total dvariable address used is 2087 out of 150000
DEBUG: Total dvariable address used is 3914664 out of 50000000
DEBUG: Total gradient stack used is 410714 out of 10000000
DEBUG: Total dvariable address used is 2087 out of 150000
DEBUG: Total dvariable address used is 3914664 out of 50000000
DEBUG: Total gradient stack used is 410717 out of 10000000
DEBUG: Total dvariable address used is 2087 out of 150000
DEBUG: Total dvariable address used is 3914664 out of 50000000
DEBUG: Total gradient stack used is 410703 out of 10000000
DEBUG: Total dvariable address used is 2087 out of 150000
DEBUG: Total dvariable address used is 3914664 out of 50000000
DEBUG: Total gradient stack used is 410703 out of 10000000
DEBUG: Total dvariable address used is 2087 out of 150000
DEBUG: Total dvariable address used is 3914664 out of 50000000
DEBUG: Total gradient stack used is 410703 out of 10000000
DEBUG: Total dvariable address used is 2087 out of 150000
DEBUG: Total dvariable address used is 3914664 out of 50000000
DEBUG: Total gradient stack used is 410703 out of 10000000
DEBUG: Total dvariable address used is 2087 out of 150000
DEBUG: Total dvariable address used is 3914664 out of 50000000
DEBUG: Total gradient stack used is 410703 out of 10000000
DEBUG: Total dvariable address used is 2087 out of 150000
DEBUG: Total dvariable address used is 3914664 out of 50000000
DEBUG: Total gradient stack used is 410703 out of 10000000
DEBUG: Total dvariable address used is 2087 out of 150000
DEBUG: Total dvariable address used is 3914664 out of 50000000
DEBUG: Total gradient stack used is 410709 out of 10000000
DEBUG: Total dvariable address used is 2087 out of 150000
DEBUG: Total dvariable address used is 3914664 out of 50000000
DEBUG: Total gradient stack used is 410709 out of 10000000
DEBUG: Total dvariable address used is 2087 out of 150000
DEBUG: Total dvariable address used is 3914664 out of 50000000
DEBUG: Total gradient stack used is 410712 out of 10000000
DEBUG: Total dvariable address used is 2087 out of 150000
DEBUG: Total dvariable address used is 3914664 out of 50000000
DEBUG: Total gradient stack used is 410712 out of 10000000
DEBUG: Total dvariable address used is 2087 out of 150000
DEBUG: Total dvariable address used is 3914664 out of 50000000
DEBUG: Total gradient stack used is 410715 out of 10000000
DEBUG: Total dvariable address used is 2087 out of 150000
DEBUG: Total dvariable address used is 3914664 out of 50000000
DEBUG: Total gradient stack used is 410690 out of 10000000
DEBUG: Total dvariable address used is 2087 out of 150000
DEBUG: Total dvariable address used is 3914664 out of 50000000
DEBUG: Total gradient stack used is 410682 out of 10000000
DEBUG: Total dvariable address used is 2087 out of 150000
DEBUG: Total dvariable address used is 3914664 out of 50000000
DEBUG: Total gradient stack used is 410688 out of 10000000
DEBUG: Total dvariable address used is 2087 out of 150000
DEBUG: Total dvariable address used is 3914664 out of 50000000
DEBUG: Total gradient stack used is 410677 out of 10000000
DEBUG: Total dvariable address used is 2087 out of 150000
DEBUG: Total dvariable address used is 3914664 out of 50000000
DEBUG: Total gradient stack used is 410677 out of 10000000
DEBUG: Total dvariable address used is 2087 out of 150000
DEBUG: Total dvariable address used is 3914664 out of 50000000
phase= 3 | nvar=388 | iter=100 | nll=-1.73e+04 | mag=5.66e+04 | par[ 88]=G_pars_est[5]
DEBUG: Total gradient stack used is 410694 out of 10000000
DEBUG: Total dvariable address used is 2087 out of 150000
DEBUG: Total dvariable address used is 3914664 out of 50000000
DEBUG: Total gradient stack used is 410694 out of 10000000
DEBUG: Total dvariable address used is 2087 out of 150000
DEBUG: Total dvariable address used is 3914664 out of 50000000
DEBUG: Total gradient stack used is 410703 out of 10000000
DEBUG: Total dvariable address used is 2087 out of 150000
DEBUG: Total dvariable address used is 3914664 out of 50000000
DEBUG: Total gradient stack used is 410689 out of 10000000
DEBUG: Total dvariable address used is 2087 out of 150000
DEBUG: Total dvariable address used is 3914664 out of 50000000
DEBUG: Total gradient stack used is 410658 out of 10000000
DEBUG: Total dvariable address used is 2087 out of 150000
DEBUG: Total dvariable address used is 3914664 out of 50000000
DEBUG: Total gradient stack used is 410658 out of 10000000
DEBUG: Total dvariable address used is 2087 out of 150000
DEBUG: Total dvariable address used is 3914664 out of 50000000
DEBUG: Total gradient stack used is 410672 out of 10000000
DEBUG: Total dvariable address used is 2087 out of 150000
DEBUG: Total dvariable address used is 3914664 out of 50000000
DEBUG: Total gradient stack used is 410683 out of 10000000
DEBUG: Total dvariable address used is 2087 out of 150000
DEBUG: Total dvariable address used is 3914664 out of 50000000
DEBUG: Total gradient stack used is 410686 out of 10000000
DEBUG: Total dvariable address used is 2087 out of 150000
DEBUG: Total dvariable address used is 3914664 out of 50000000
DEBUG: Total gradient stack used is 410672 out of 10000000
DEBUG: Total dvariable address used is 2087 out of 150000
DEBUG: Total dvariable address used is 3914664 out of 50000000
DEBUG: Total gradient stack used is 410658 out of 10000000
DEBUG: Total dvariable address used is 2087 out of 150000
DEBUG: Total dvariable address used is 3914664 out of 50000000
DEBUG: Total gradient stack used is 410647 out of 10000000
DEBUG: Total dvariable address used is 2087 out of 150000
DEBUG: Total dvariable address used is 3914664 out of 50000000
DEBUG: Total gradient stack used is 410653 out of 10000000
DEBUG: Total dvariable address used is 2087 out of 150000
DEBUG: Total dvariable address used is 3914664 out of 50000000
DEBUG: Total gradient stack used is 410622 out of 10000000
DEBUG: Total dvariable address used is 2087 out of 150000
DEBUG: Total dvariable address used is 3914664 out of 50000000
DEBUG: Total gradient stack used is 410628 out of 10000000
DEBUG: Total dvariable address used is 2087 out of 150000
DEBUG: Total dvariable address used is 3914664 out of 50000000
DEBUG: Total gradient stack used is 410593 out of 10000000
DEBUG: Total dvariable address used is 2087 out of 150000
DEBUG: Total dvariable address used is 3914664 out of 50000000
DEBUG: Total gradient stack used is 410582 out of 10000000
DEBUG: Total dvariable address used is 2087 out of 150000
DEBUG: Total dvariable address used is 3914664 out of 50000000
DEBUG: Total gradient stack used is 410537 out of 10000000
DEBUG: Total dvariable address used is 2087 out of 150000
DEBUG: Total dvariable address used is 3914664 out of 50000000
DEBUG: Total gradient stack used is 410501 out of 10000000
DEBUG: Total dvariable address used is 2087 out of 150000
DEBUG: Total dvariable address used is 3914664 out of 50000000
DEBUG: Total gradient stack used is 410456 out of 10000000
DEBUG: Total dvariable address used is 2087 out of 150000
DEBUG: Total dvariable address used is 3914664 out of 50000000
phase= 3 | nvar=388 | iter=120 | nll=-1.75e+04 | mag=4.80e+04 | par[ 88]=G_pars_est[5]
DEBUG: Total gradient stack used is 410467 out of 10000000
DEBUG: Total dvariable address used is 2087 out of 150000
DEBUG: Total dvariable address used is 3914664 out of 50000000
DEBUG: Total gradient stack used is 410492 out of 10000000
DEBUG: Total dvariable address used is 2087 out of 150000
DEBUG: Total dvariable address used is 3914664 out of 50000000
DEBUG: Total gradient stack used is 410466 out of 10000000
DEBUG: Total dvariable address used is 2087 out of 150000
DEBUG: Total dvariable address used is 3914664 out of 50000000
DEBUG: Total gradient stack used is 410434 out of 10000000
DEBUG: Total dvariable address used is 2087 out of 150000
DEBUG: Total dvariable address used is 3914664 out of 50000000
DEBUG: Total gradient stack used is 410443 out of 10000000
DEBUG: Total dvariable address used is 2087 out of 150000
DEBUG: Total dvariable address used is 3914664 out of 50000000
DEBUG: Total gradient stack used is 410413 out of 10000000
DEBUG: Total dvariable address used is 2087 out of 150000
DEBUG: Total dvariable address used is 3914664 out of 50000000
DEBUG: Total gradient stack used is 410429 out of 10000000
DEBUG: Total dvariable address used is 2087 out of 150000
DEBUG: Total dvariable address used is 3914664 out of 50000000
DEBUG: Total gradient stack used is 410450 out of 10000000
DEBUG: Total dvariable address used is 2087 out of 150000
DEBUG: Total dvariable address used is 3914664 out of 50000000
DEBUG: Total gradient stack used is 410429 out of 10000000
DEBUG: Total dvariable address used is 2087 out of 150000
DEBUG: Total dvariable address used is 3914664 out of 50000000
DEBUG: Total gradient stack used is 410411 out of 10000000
DEBUG: Total dvariable address used is 2087 out of 150000
DEBUG: Total dvariable address used is 3914664 out of 50000000
DEBUG: Total gradient stack used is 410417 out of 10000000
DEBUG: Total dvariable address used is 2087 out of 150000
DEBUG: Total dvariable address used is 3914664 out of 50000000
DEBUG: Total gradient stack used is 410402 out of 10000000
DEBUG: Total dvariable address used is 2087 out of 150000
DEBUG: Total dvariable address used is 3914664 out of 50000000
DEBUG: Total gradient stack used is 410406 out of 10000000
DEBUG: Total dvariable address used is 2087 out of 150000
DEBUG: Total dvariable address used is 3914664 out of 50000000
DEBUG: Total gradient stack used is 410395 out of 10000000
DEBUG: Total dvariable address used is 2087 out of 150000
DEBUG: Total dvariable address used is 3914664 out of 50000000
DEBUG: Total gradient stack used is 410332 out of 10000000
DEBUG: Total dvariable address used is 2087 out of 150000
DEBUG: Total dvariable address used is 3914664 out of 50000000
DEBUG: Total gradient stack used is 410576 out of 10000000
DEBUG: Total dvariable address used is 2087 out of 150000
DEBUG: Total dvariable address used is 3914664 out of 50000000
DEBUG: Total gradient stack used is 410258 out of 10000000
DEBUG: Total dvariable address used is 2087 out of 150000
DEBUG: Total dvariable address used is 3914664 out of 50000000
DEBUG: Total gradient stack used is 410567 out of 10000000
DEBUG: Total dvariable address used is 2087 out of 150000
DEBUG: Total dvariable address used is 3914664 out of 50000000
DEBUG: Total gradient stack used is 410515 out of 10000000
DEBUG: Total dvariable address used is 2087 out of 150000
DEBUG: Total dvariable address used is 3914664 out of 50000000
DEBUG: Total gradient stack used is 410529 out of 10000000
DEBUG: Total dvariable address used is 2087 out of 150000
DEBUG: Total dvariable address used is 3914664 out of 50000000
phase= 3 | nvar=388 | iter=140 | nll=-1.80e+04 | mag=2.85e+04 | par[  1]=T_pars_est[3]
DEBUG: Total gradient stack used is 410479 out of 10000000
DEBUG: Total dvariable address used is 2087 out of 150000
DEBUG: Total dvariable address used is 3914664 out of 50000000
DEBUG: Total gradient stack used is 410461 out of 10000000
DEBUG: Total dvariable address used is 2087 out of 150000
DEBUG: Total dvariable address used is 3914664 out of 50000000
DEBUG: Total gradient stack used is 410451 out of 10000000
DEBUG: Total dvariable address used is 2087 out of 150000
DEBUG: Total dvariable address used is 3914664 out of 50000000
DEBUG: Total gradient stack used is 410477 out of 10000000
DEBUG: Total dvariable address used is 2087 out of 150000
DEBUG: Total dvariable address used is 3914664 out of 50000000
DEBUG: Total gradient stack used is 410491 out of 10000000
DEBUG: Total dvariable address used is 2087 out of 150000
DEBUG: Total dvariable address used is 3914664 out of 50000000
DEBUG: Total gradient stack used is 410486 out of 10000000
DEBUG: Total dvariable address used is 2087 out of 150000
DEBUG: Total dvariable address used is 3914664 out of 50000000
DEBUG: Total gradient stack used is 410480 out of 10000000
DEBUG: Total dvariable address used is 2087 out of 150000
DEBUG: Total dvariable address used is 3914664 out of 50000000
DEBUG: Total gradient stack used is 410691 out of 10000000
DEBUG: Total dvariable address used is 2087 out of 150000
DEBUG: Total dvariable address used is 3914664 out of 50000000
DEBUG: Total gradient stack used is 410679 out of 10000000
DEBUG: Total dvariable address used is 2087 out of 150000
DEBUG: Total dvariable address used is 3914664 out of 50000000
DEBUG: Total gradient stack used is 410643 out of 10000000
DEBUG: Total dvariable address used is 2087 out of 150000
DEBUG: Total dvariable address used is 3914664 out of 50000000
DEBUG: Total gradient stack used is 410649 out of 10000000
DEBUG: Total dvariable address used is 2087 out of 150000
DEBUG: Total dvariable address used is 3914664 out of 50000000
DEBUG: Total gradient stack used is 410602 out of 10000000
DEBUG: Total dvariable address used is 2087 out of 150000
DEBUG: Total dvariable address used is 3914664 out of 50000000
DEBUG: Total gradient stack used is 410613 out of 10000000
DEBUG: Total dvariable address used is 2087 out of 150000
DEBUG: Total dvariable address used is 3914664 out of 50000000
DEBUG: Total gradient stack used is 410610 out of 10000000
DEBUG: Total dvariable address used is 2087 out of 150000
DEBUG: Total dvariable address used is 3914664 out of 50000000
DEBUG: Total gradient stack used is 410601 out of 10000000
DEBUG: Total dvariable address used is 2087 out of 150000
DEBUG: Total dvariable address used is 3914664 out of 50000000
DEBUG: Total gradient stack used is 410615 out of 10000000
DEBUG: Total dvariable address used is 2087 out of 150000
DEBUG: Total dvariable address used is 3914664 out of 50000000
DEBUG: Total gradient stack used is 410600 out of 10000000
DEBUG: Total dvariable address used is 2087 out of 150000
DEBUG: Total dvariable address used is 3914664 out of 50000000
DEBUG: Total gradient stack used is 410607 out of 10000000
DEBUG: Total dvariable address used is 2087 out of 150000
DEBUG: Total dvariable address used is 3914664 out of 50000000
DEBUG: Total gradient stack used is 410615 out of 10000000
DEBUG: Total dvariable address used is 2087 out of 150000
DEBUG: Total dvariable address used is 3914664 out of 50000000
DEBUG: Total gradient stack used is 410623 out of 10000000
DEBUG: Total dvariable address used is 2087 out of 150000
DEBUG: Total dvariable address used is 3914664 out of 50000000
phase= 3 | nvar=388 | iter=160 | nll=-1.83e+04 | mag=7.63e+03 | par[  1]=T_pars_est[3]
DEBUG: Total gradient stack used is 410601 out of 10000000
DEBUG: Total dvariable address used is 2087 out of 150000
DEBUG: Total dvariable address used is 3914664 out of 50000000
DEBUG: Total gradient stack used is 410629 out of 10000000
DEBUG: Total dvariable address used is 2087 out of 150000
DEBUG: Total dvariable address used is 3914664 out of 50000000
DEBUG: Total gradient stack used is 410601 out of 10000000
DEBUG: Total dvariable address used is 2087 out of 150000
DEBUG: Total dvariable address used is 3914664 out of 50000000
DEBUG: Total gradient stack used is 410601 out of 10000000
DEBUG: Total dvariable address used is 2087 out of 150000
DEBUG: Total dvariable address used is 3914664 out of 50000000
DEBUG: Total gradient stack used is 410601 out of 10000000
DEBUG: Total dvariable address used is 2087 out of 150000
DEBUG: Total dvariable address used is 3914664 out of 50000000
DEBUG: Total gradient stack used is 410601 out of 10000000
DEBUG: Total dvariable address used is 2087 out of 150000
DEBUG: Total dvariable address used is 3914664 out of 50000000
DEBUG: Total gradient stack used is 410601 out of 10000000
DEBUG: Total dvariable address used is 2087 out of 150000
DEBUG: Total dvariable address used is 3914664 out of 50000000
DEBUG: Total gradient stack used is 410601 out of 10000000
DEBUG: Total dvariable address used is 2087 out of 150000
DEBUG: Total dvariable address used is 3914664 out of 50000000
DEBUG: Total gradient stack used is 410601 out of 10000000
DEBUG: Total dvariable address used is 2087 out of 150000
DEBUG: Total dvariable address used is 3914664 out of 50000000
DEBUG: Total gradient stack used is 410629 out of 10000000
DEBUG: Total dvariable address used is 2087 out of 150000
DEBUG: Total dvariable address used is 3914664 out of 50000000
DEBUG: Total gradient stack used is 410629 out of 10000000
DEBUG: Total dvariable address used is 2087 out of 150000
DEBUG: Total dvariable address used is 3914664 out of 50000000
DEBUG: Total gradient stack used is 410643 out of 10000000
DEBUG: Total dvariable address used is 2087 out of 150000
DEBUG: Total dvariable address used is 3914664 out of 50000000
DEBUG: Total gradient stack used is 410629 out of 10000000
DEBUG: Total dvariable address used is 2087 out of 150000
DEBUG: Total dvariable address used is 3914664 out of 50000000
DEBUG: Total gradient stack used is 410629 out of 10000000
DEBUG: Total dvariable address used is 2087 out of 150000
DEBUG: Total dvariable address used is 3914664 out of 50000000
DEBUG: Total gradient stack used is 410629 out of 10000000
DEBUG: Total dvariable address used is 2087 out of 150000
DEBUG: Total dvariable address used is 3914664 out of 50000000
DEBUG: Total gradient stack used is 410629 out of 10000000
DEBUG: Total dvariable address used is 2087 out of 150000
DEBUG: Total dvariable address used is 3914664 out of 50000000
DEBUG: Total gradient stack used is 410640 out of 10000000
DEBUG: Total dvariable address used is 2087 out of 150000
DEBUG: Total dvariable address used is 3914664 out of 50000000
DEBUG: Total gradient stack used is 410643 out of 10000000
DEBUG: Total dvariable address used is 2087 out of 150000
DEBUG: Total dvariable address used is 3914664 out of 50000000
DEBUG: Total gradient stack used is 410643 out of 10000000
DEBUG: Total dvariable address used is 2087 out of 150000
DEBUG: Total dvariable address used is 3914664 out of 50000000
DEBUG: Total gradient stack used is 410640 out of 10000000
DEBUG: Total dvariable address used is 2087 out of 150000
DEBUG: Total dvariable address used is 3914664 out of 50000000
phase= 3 | nvar=388 | iter=180 | nll=-1.83e+04 | mag=7.37e+03 | par[  1]=T_pars_est[3]
DEBUG: Total gradient stack used is 410637 out of 10000000
DEBUG: Total dvariable address used is 2087 out of 150000
DEBUG: Total dvariable address used is 3914664 out of 50000000
DEBUG: Total gradient stack used is 410637 out of 10000000
DEBUG: Total dvariable address used is 2087 out of 150000
DEBUG: Total dvariable address used is 3914664 out of 50000000
DEBUG: Total gradient stack used is 410637 out of 10000000
DEBUG: Total dvariable address used is 2087 out of 150000
DEBUG: Total dvariable address used is 3914664 out of 50000000
DEBUG: Total gradient stack used is 410637 out of 10000000
DEBUG: Total dvariable address used is 2087 out of 150000
DEBUG: Total dvariable address used is 3914664 out of 50000000
DEBUG: Total gradient stack used is 410637 out of 10000000
DEBUG: Total dvariable address used is 2087 out of 150000
DEBUG: Total dvariable address used is 3914664 out of 50000000
DEBUG: Total gradient stack used is 410631 out of 10000000
DEBUG: Total dvariable address used is 2087 out of 150000
DEBUG: Total dvariable address used is 3914664 out of 50000000
DEBUG: Total gradient stack used is 410634 out of 10000000
DEBUG: Total dvariable address used is 2087 out of 150000
DEBUG: Total dvariable address used is 3914664 out of 50000000
DEBUG: Total gradient stack used is 410637 out of 10000000
DEBUG: Total dvariable address used is 2087 out of 150000
DEBUG: Total dvariable address used is 3914664 out of 50000000
DEBUG: Total gradient stack used is 410631 out of 10000000
DEBUG: Total dvariable address used is 2087 out of 150000
DEBUG: Total dvariable address used is 3914664 out of 50000000
DEBUG: Total gradient stack used is 410628 out of 10000000
DEBUG: Total dvariable address used is 2087 out of 150000
DEBUG: Total dvariable address used is 3914664 out of 50000000
DEBUG: Total gradient stack used is 410631 out of 10000000
DEBUG: Total dvariable address used is 2087 out of 150000
DEBUG: Total dvariable address used is 3914664 out of 50000000
DEBUG: Total gradient stack used is 410631 out of 10000000
DEBUG: Total dvariable address used is 2087 out of 150000
DEBUG: Total dvariable address used is 3914664 out of 50000000
DEBUG: Total gradient stack used is 410639 out of 10000000
DEBUG: Total dvariable address used is 2087 out of 150000
DEBUG: Total dvariable address used is 3914664 out of 50000000
DEBUG: Total gradient stack used is 410636 out of 10000000
DEBUG: Total dvariable address used is 2087 out of 150000
DEBUG: Total dvariable address used is 3914664 out of 50000000
DEBUG: Total gradient stack used is 410646 out of 10000000
DEBUG: Total dvariable address used is 2087 out of 150000
DEBUG: Total dvariable address used is 3914664 out of 50000000
DEBUG: Total gradient stack used is 410656 out of 10000000
DEBUG: Total dvariable address used is 2087 out of 150000
DEBUG: Total dvariable address used is 3914664 out of 50000000
DEBUG: Total gradient stack used is 410644 out of 10000000
DEBUG: Total dvariable address used is 2087 out of 150000
DEBUG: Total dvariable address used is 3914664 out of 50000000
DEBUG: Total gradient stack used is 410649 out of 10000000
DEBUG: Total dvariable address used is 2087 out of 150000
DEBUG: Total dvariable address used is 3914664 out of 50000000
DEBUG: Total gradient stack used is 410667 out of 10000000
DEBUG: Total dvariable address used is 2087 out of 150000
DEBUG: Total dvariable address used is 3914664 out of 50000000
DEBUG: Total gradient stack used is 410685 out of 10000000
DEBUG: Total dvariable address used is 2087 out of 150000
DEBUG: Total dvariable address used is 3914664 out of 50000000
phase= 3 | nvar=388 | iter=200 | nll=-1.83e+04 | mag=5.98e+03 | par[  1]=T_pars_est[3]
DEBUG: Total gradient stack used is 410386 out of 10000000
DEBUG: Total dvariable address used is 2087 out of 150000
DEBUG: Total dvariable address used is 3914664 out of 50000000
DEBUG: Total gradient stack used is 410352 out of 10000000
DEBUG: Total dvariable address used is 2087 out of 150000
DEBUG: Total dvariable address used is 3914664 out of 50000000
DEBUG: Total gradient stack used is 410383 out of 10000000
DEBUG: Total dvariable address used is 2087 out of 150000
DEBUG: Total dvariable address used is 3914664 out of 50000000
DEBUG: Total gradient stack used is 410420 out of 10000000
DEBUG: Total dvariable address used is 2087 out of 150000
DEBUG: Total dvariable address used is 3914664 out of 50000000
DEBUG: Total gradient stack used is 410433 out of 10000000
DEBUG: Total dvariable address used is 2087 out of 150000
DEBUG: Total dvariable address used is 3914664 out of 50000000
DEBUG: Total gradient stack used is 410472 out of 10000000
DEBUG: Total dvariable address used is 2087 out of 150000
DEBUG: Total dvariable address used is 3914664 out of 50000000
DEBUG: Total gradient stack used is 410552 out of 10000000
DEBUG: Total dvariable address used is 2087 out of 150000
DEBUG: Total dvariable address used is 3914664 out of 50000000
DEBUG: Total gradient stack used is 410593 out of 10000000
DEBUG: Total dvariable address used is 2087 out of 150000
DEBUG: Total dvariable address used is 3914664 out of 50000000
DEBUG: Total gradient stack used is 410648 out of 10000000
DEBUG: Total dvariable address used is 2087 out of 150000
DEBUG: Total dvariable address used is 3914664 out of 50000000
DEBUG: Total gradient stack used is 410411 out of 10000000
DEBUG: Total dvariable address used is 2087 out of 150000
DEBUG: Total dvariable address used is 3914664 out of 50000000
DEBUG: Total gradient stack used is 410496 out of 10000000
DEBUG: Total dvariable address used is 2087 out of 150000
DEBUG: Total dvariable address used is 3914664 out of 50000000
DEBUG: Total gradient stack used is 410530 out of 10000000
DEBUG: Total dvariable address used is 2087 out of 150000
DEBUG: Total dvariable address used is 3914664 out of 50000000
DEBUG: Total gradient stack used is 410597 out of 10000000
DEBUG: Total dvariable address used is 2087 out of 150000
DEBUG: Total dvariable address used is 3914664 out of 50000000
DEBUG: Total gradient stack used is 410307 out of 10000000
DEBUG: Total dvariable address used is 2087 out of 150000
DEBUG: Total dvariable address used is 3914664 out of 50000000
DEBUG: Total gradient stack used is 410313 out of 10000000
DEBUG: Total dvariable address used is 2087 out of 150000
DEBUG: Total dvariable address used is 3914664 out of 50000000
DEBUG: Total gradient stack used is 410349 out of 10000000
DEBUG: Total dvariable address used is 2087 out of 150000
DEBUG: Total dvariable address used is 3914664 out of 50000000
DEBUG: Total gradient stack used is 410363 out of 10000000
DEBUG: Total dvariable address used is 2087 out of 150000
DEBUG: Total dvariable address used is 3914664 out of 50000000
DEBUG: Total gradient stack used is 410380 out of 10000000
DEBUG: Total dvariable address used is 2087 out of 150000
DEBUG: Total dvariable address used is 3914664 out of 50000000
DEBUG: Total gradient stack used is 410388 out of 10000000
DEBUG: Total dvariable address used is 2087 out of 150000
DEBUG: Total dvariable address used is 3914664 out of 50000000
DEBUG: Total gradient stack used is 410388 out of 10000000
DEBUG: Total dvariable address used is 2087 out of 150000
DEBUG: Total dvariable address used is 3914664 out of 50000000
DEBUG: Total gradient stack used is 410382 out of 10000000
DEBUG: Total dvariable address used is 2087 out of 150000
DEBUG: Total dvariable address used is 3914664 out of 50000000
phase= 3 | nvar=388 | iter=220 | nll=-1.85e+04 | mag=7.99e+03 | par[ 88]=G_pars_est[5]
DEBUG: Total gradient stack used is 410379 out of 10000000
DEBUG: Total dvariable address used is 2087 out of 150000
DEBUG: Total dvariable address used is 3914664 out of 50000000
DEBUG: Total gradient stack used is 410379 out of 10000000
DEBUG: Total dvariable address used is 2087 out of 150000
DEBUG: Total dvariable address used is 3914664 out of 50000000
DEBUG: Total gradient stack used is 410362 out of 10000000
DEBUG: Total dvariable address used is 2087 out of 150000
DEBUG: Total dvariable address used is 3914664 out of 50000000
DEBUG: Total gradient stack used is 410362 out of 10000000
DEBUG: Total dvariable address used is 2087 out of 150000
DEBUG: Total dvariable address used is 3914664 out of 50000000
DEBUG: Total gradient stack used is 410362 out of 10000000
DEBUG: Total dvariable address used is 2087 out of 150000
DEBUG: Total dvariable address used is 3914664 out of 50000000
DEBUG: Total gradient stack used is 410362 out of 10000000
DEBUG: Total dvariable address used is 2087 out of 150000
DEBUG: Total dvariable address used is 3914664 out of 50000000
DEBUG: Total gradient stack used is 410362 out of 10000000
DEBUG: Total dvariable address used is 2087 out of 150000
DEBUG: Total dvariable address used is 3914664 out of 50000000
DEBUG: Total gradient stack used is 410362 out of 10000000
DEBUG: Total dvariable address used is 2087 out of 150000
DEBUG: Total dvariable address used is 3914664 out of 50000000
DEBUG: Total gradient stack used is 410362 out of 10000000
DEBUG: Total dvariable address used is 2087 out of 150000
DEBUG: Total dvariable address used is 3914664 out of 50000000
DEBUG: Total gradient stack used is 410362 out of 10000000
DEBUG: Total dvariable address used is 2087 out of 150000
DEBUG: Total dvariable address used is 3914664 out of 50000000
DEBUG: Total gradient stack used is 410362 out of 10000000
DEBUG: Total dvariable address used is 2087 out of 150000
DEBUG: Total dvariable address used is 3914664 out of 50000000
DEBUG: Total gradient stack used is 410362 out of 10000000
DEBUG: Total dvariable address used is 2087 out of 150000
DEBUG: Total dvariable address used is 3914664 out of 50000000
DEBUG: Total gradient stack used is 410362 out of 10000000
DEBUG: Total dvariable address used is 2087 out of 150000
DEBUG: Total dvariable address used is 3914664 out of 50000000
DEBUG: Total gradient stack used is 410362 out of 10000000
DEBUG: Total dvariable address used is 2087 out of 150000
DEBUG: Total dvariable address used is 3914664 out of 50000000
DEBUG: Total gradient stack used is 410362 out of 10000000
DEBUG: Total dvariable address used is 2087 out of 150000
DEBUG: Total dvariable address used is 3914664 out of 50000000
DEBUG: Total gradient stack used is 410362 out of 10000000
DEBUG: Total dvariable address used is 2087 out of 150000
DEBUG: Total dvariable address used is 3914664 out of 50000000
DEBUG: Total gradient stack used is 410362 out of 10000000
DEBUG: Total dvariable address used is 2087 out of 150000
DEBUG: Total dvariable address used is 3914664 out of 50000000
DEBUG: Total gradient stack used is 410359 out of 10000000
DEBUG: Total dvariable address used is 2087 out of 150000
DEBUG: Total dvariable address used is 3914664 out of 50000000
DEBUG: Total gradient stack used is 410373 out of 10000000
DEBUG: Total dvariable address used is 2087 out of 150000
DEBUG: Total dvariable address used is 3914664 out of 50000000
DEBUG: Total gradient stack used is 410367 out of 10000000
DEBUG: Total dvariable address used is 2087 out of 150000
DEBUG: Total dvariable address used is 3914664 out of 50000000
phase= 3 | nvar=388 | iter=240 | nll=-1.85e+04 | mag=8.23e+03 | par[ 88]=G_pars_est[5]
DEBUG: Total gradient stack used is 410381 out of 10000000
DEBUG: Total dvariable address used is 2087 out of 150000
DEBUG: Total dvariable address used is 3914664 out of 50000000
DEBUG: Total gradient stack used is 410377 out of 10000000
DEBUG: Total dvariable address used is 2087 out of 150000
DEBUG: Total dvariable address used is 3914664 out of 50000000
DEBUG: Total gradient stack used is 410371 out of 10000000
DEBUG: Total dvariable address used is 2087 out of 150000
DEBUG: Total dvariable address used is 3914664 out of 50000000
DEBUG: Total gradient stack used is 410373 out of 10000000
DEBUG: Total dvariable address used is 2087 out of 150000
DEBUG: Total dvariable address used is 3914664 out of 50000000
DEBUG: Total gradient stack used is 410413 out of 10000000
DEBUG: Total dvariable address used is 2087 out of 150000
DEBUG: Total dvariable address used is 3914664 out of 50000000
DEBUG: Total gradient stack used is 410425 out of 10000000
DEBUG: Total dvariable address used is 2087 out of 150000
DEBUG: Total dvariable address used is 3914664 out of 50000000
DEBUG: Total gradient stack used is 410442 out of 10000000
DEBUG: Total dvariable address used is 2087 out of 150000
DEBUG: Total dvariable address used is 3914664 out of 50000000
DEBUG: Total gradient stack used is 410458 out of 10000000
DEBUG: Total dvariable address used is 2087 out of 150000
DEBUG: Total dvariable address used is 3914664 out of 50000000
DEBUG: Total gradient stack used is 410452 out of 10000000
DEBUG: Total dvariable address used is 2087 out of 150000
DEBUG: Total dvariable address used is 3914664 out of 50000000
DEBUG: Total gradient stack used is 410495 out of 10000000
DEBUG: Total dvariable address used is 2087 out of 150000
DEBUG: Total dvariable address used is 3914664 out of 50000000
DEBUG: Total gradient stack used is 410503 out of 10000000
DEBUG: Total dvariable address used is 2087 out of 150000
DEBUG: Total dvariable address used is 3914664 out of 50000000
DEBUG: Total gradient stack used is 410500 out of 10000000
DEBUG: Total dvariable address used is 2087 out of 150000
DEBUG: Total dvariable address used is 3914664 out of 50000000
DEBUG: Total gradient stack used is 410486 out of 10000000
DEBUG: Total dvariable address used is 2087 out of 150000
DEBUG: Total dvariable address used is 3914664 out of 50000000
DEBUG: Total gradient stack used is 410483 out of 10000000
DEBUG: Total dvariable address used is 2087 out of 150000
DEBUG: Total dvariable address used is 3914664 out of 50000000
DEBUG: Total gradient stack used is 410497 out of 10000000
DEBUG: Total dvariable address used is 2087 out of 150000
DEBUG: Total dvariable address used is 3914664 out of 50000000
DEBUG: Total gradient stack used is 410480 out of 10000000
DEBUG: Total dvariable address used is 2087 out of 150000
DEBUG: Total dvariable address used is 3914664 out of 50000000
DEBUG: Total gradient stack used is 410491 out of 10000000
DEBUG: Total dvariable address used is 2087 out of 150000
DEBUG: Total dvariable address used is 3914664 out of 50000000
DEBUG: Total gradient stack used is 410516 out of 10000000
DEBUG: Total dvariable address used is 2087 out of 150000
DEBUG: Total dvariable address used is 3914664 out of 50000000
DEBUG: Total gradient stack used is 410524 out of 10000000
DEBUG: Total dvariable address used is 2087 out of 150000
DEBUG: Total dvariable address used is 3914664 out of 50000000
DEBUG: Total gradient stack used is 410524 out of 10000000
DEBUG: Total dvariable address used is 2087 out of 150000
DEBUG: Total dvariable address used is 3914664 out of 50000000
DEBUG: Total gradient stack used is 410496 out of 10000000
DEBUG: Total dvariable address used is 2087 out of 150000
DEBUG: Total dvariable address used is 3914664 out of 50000000
phase= 3 | nvar=388 | iter=260 | nll=-1.86e+04 | mag=9.46e+03 | par[ 88]=G_pars_est[5]
DEBUG: Total gradient stack used is 410496 out of 10000000
DEBUG: Total dvariable address used is 2087 out of 150000
DEBUG: Total dvariable address used is 3914664 out of 50000000
DEBUG: Total gradient stack used is 410493 out of 10000000
DEBUG: Total dvariable address used is 2087 out of 150000
DEBUG: Total dvariable address used is 3914664 out of 50000000
DEBUG: Total gradient stack used is 410496 out of 10000000
DEBUG: Total dvariable address used is 2087 out of 150000
DEBUG: Total dvariable address used is 3914664 out of 50000000
DEBUG: Total gradient stack used is 410493 out of 10000000
DEBUG: Total dvariable address used is 2087 out of 150000
DEBUG: Total dvariable address used is 3914664 out of 50000000
DEBUG: Total gradient stack used is 410493 out of 10000000
DEBUG: Total dvariable address used is 2087 out of 150000
DEBUG: Total dvariable address used is 3914664 out of 50000000
DEBUG: Total gradient stack used is 410493 out of 10000000
DEBUG: Total dvariable address used is 2087 out of 150000
DEBUG: Total dvariable address used is 3914664 out of 50000000
DEBUG: Total gradient stack used is 410507 out of 10000000
DEBUG: Total dvariable address used is 2087 out of 150000
DEBUG: Total dvariable address used is 3914664 out of 50000000
DEBUG: Total gradient stack used is 410504 out of 10000000
DEBUG: Total dvariable address used is 2087 out of 150000
DEBUG: Total dvariable address used is 3914664 out of 50000000
DEBUG: Total gradient stack used is 410504 out of 10000000
DEBUG: Total dvariable address used is 2087 out of 150000
DEBUG: Total dvariable address used is 3914664 out of 50000000
DEBUG: Total gradient stack used is 410504 out of 10000000
DEBUG: Total dvariable address used is 2087 out of 150000
DEBUG: Total dvariable address used is 3914664 out of 50000000
DEBUG: Total gradient stack used is 410478 out of 10000000
DEBUG: Total dvariable address used is 2087 out of 150000
DEBUG: Total dvariable address used is 3914664 out of 50000000
DEBUG: Total gradient stack used is 410455 out of 10000000
DEBUG: Total dvariable address used is 2087 out of 150000
DEBUG: Total dvariable address used is 3914664 out of 50000000
DEBUG: Total gradient stack used is 410496 out of 10000000
DEBUG: Total dvariable address used is 2087 out of 150000
DEBUG: Total dvariable address used is 3914664 out of 50000000
DEBUG: Total gradient stack used is 410512 out of 10000000
DEBUG: Total dvariable address used is 2087 out of 150000
DEBUG: Total dvariable address used is 3914664 out of 50000000
DEBUG: Total gradient stack used is 410506 out of 10000000
DEBUG: Total dvariable address used is 2087 out of 150000
DEBUG: Total dvariable address used is 3914664 out of 50000000
DEBUG: Total gradient stack used is 410539 out of 10000000
DEBUG: Total dvariable address used is 2087 out of 150000
DEBUG: Total dvariable address used is 3914664 out of 50000000
DEBUG: Total gradient stack used is 410532 out of 10000000
DEBUG: Total dvariable address used is 2087 out of 150000
DEBUG: Total dvariable address used is 3914664 out of 50000000
DEBUG: Total gradient stack used is 410517 out of 10000000
DEBUG: Total dvariable address used is 2087 out of 150000
DEBUG: Total dvariable address used is 3914664 out of 50000000
DEBUG: Total gradient stack used is 410478 out of 10000000
DEBUG: Total dvariable address used is 2087 out of 150000
DEBUG: Total dvariable address used is 3914664 out of 50000000
DEBUG: Total gradient stack used is 410472 out of 10000000
DEBUG: Total dvariable address used is 2087 out of 150000
DEBUG: Total dvariable address used is 3914664 out of 50000000
phase= 3 | nvar=388 | iter=280 | nll=-1.86e+04 | mag=5.61e+03 | par[ 88]=G_pars_est[5]
DEBUG: Total gradient stack used is 410486 out of 10000000
DEBUG: Total dvariable address used is 2087 out of 150000
DEBUG: Total dvariable address used is 3914664 out of 50000000
DEBUG: Total gradient stack used is 410500 out of 10000000
DEBUG: Total dvariable address used is 2087 out of 150000
DEBUG: Total dvariable address used is 3914664 out of 50000000
DEBUG: Total gradient stack used is 410494 out of 10000000
DEBUG: Total dvariable address used is 2087 out of 150000
DEBUG: Total dvariable address used is 3914664 out of 50000000
DEBUG: Total gradient stack used is 410494 out of 10000000
DEBUG: Total dvariable address used is 2087 out of 150000
DEBUG: Total dvariable address used is 3914664 out of 50000000
DEBUG: Total gradient stack used is 410494 out of 10000000
DEBUG: Total dvariable address used is 2087 out of 150000
DEBUG: Total dvariable address used is 3914664 out of 50000000
DEBUG: Total gradient stack used is 410466 out of 10000000
DEBUG: Total dvariable address used is 2087 out of 150000
DEBUG: Total dvariable address used is 3914664 out of 50000000
DEBUG: Total gradient stack used is 410466 out of 10000000
DEBUG: Total dvariable address used is 2087 out of 150000
DEBUG: Total dvariable address used is 3914664 out of 50000000
DEBUG: Total gradient stack used is 410466 out of 10000000
DEBUG: Total dvariable address used is 2087 out of 150000
DEBUG: Total dvariable address used is 3914664 out of 50000000
DEBUG: Total gradient stack used is 410480 out of 10000000
DEBUG: Total dvariable address used is 2087 out of 150000
DEBUG: Total dvariable address used is 3914664 out of 50000000
DEBUG: Total gradient stack used is 410480 out of 10000000
DEBUG: Total dvariable address used is 2087 out of 150000
DEBUG: Total dvariable address used is 3914664 out of 50000000
DEBUG: Total gradient stack used is 410480 out of 10000000
DEBUG: Total dvariable address used is 2087 out of 150000
DEBUG: Total dvariable address used is 3914664 out of 50000000
DEBUG: Total gradient stack used is 410466 out of 10000000
DEBUG: Total dvariable address used is 2087 out of 150000
DEBUG: Total dvariable address used is 3914664 out of 50000000
DEBUG: Total gradient stack used is 410480 out of 10000000
DEBUG: Total dvariable address used is 2087 out of 150000
DEBUG: Total dvariable address used is 3914664 out of 50000000
DEBUG: Total gradient stack used is 410480 out of 10000000
DEBUG: Total dvariable address used is 2087 out of 150000
DEBUG: Total dvariable address used is 3914664 out of 50000000
DEBUG: Total gradient stack used is 410480 out of 10000000
DEBUG: Total dvariable address used is 2087 out of 150000
DEBUG: Total dvariable address used is 3914664 out of 50000000
DEBUG: Total gradient stack used is 410480 out of 10000000
DEBUG: Total dvariable address used is 2087 out of 150000
DEBUG: Total dvariable address used is 3914664 out of 50000000
DEBUG: Total gradient stack used is 410480 out of 10000000
DEBUG: Total dvariable address used is 2087 out of 150000
DEBUG: Total dvariable address used is 3914664 out of 50000000
DEBUG: Total gradient stack used is 410480 out of 10000000
DEBUG: Total dvariable address used is 2087 out of 150000
DEBUG: Total dvariable address used is 3914664 out of 50000000
DEBUG: Total gradient stack used is 410466 out of 10000000
DEBUG: Total dvariable address used is 2087 out of 150000
DEBUG: Total dvariable address used is 3914664 out of 50000000
DEBUG: Total gradient stack used is 410452 out of 10000000
DEBUG: Total dvariable address used is 2087 out of 150000
DEBUG: Total dvariable address used is 3914664 out of 50000000
phase= 3 | nvar=388 | iter=300 | nll=-1.86e+04 | mag=5.03e+03 | par[ 88]=G_pars_est[5]
DEBUG: Total gradient stack used is 410452 out of 10000000
DEBUG: Total dvariable address used is 2087 out of 150000
DEBUG: Total dvariable address used is 3914664 out of 50000000
DEBUG: Total gradient stack used is 410432 out of 10000000
DEBUG: Total dvariable address used is 2087 out of 150000
DEBUG: Total dvariable address used is 3914664 out of 50000000
DEBUG: Total gradient stack used is 410432 out of 10000000
DEBUG: Total dvariable address used is 2087 out of 150000
DEBUG: Total dvariable address used is 3914664 out of 50000000
DEBUG: Total gradient stack used is 410443 out of 10000000
DEBUG: Total dvariable address used is 2087 out of 150000
DEBUG: Total dvariable address used is 3914664 out of 50000000
DEBUG: Total gradient stack used is 410432 out of 10000000
DEBUG: Total dvariable address used is 2087 out of 150000
DEBUG: Total dvariable address used is 3914664 out of 50000000
DEBUG: Total gradient stack used is 410418 out of 10000000
DEBUG: Total dvariable address used is 2087 out of 150000
DEBUG: Total dvariable address used is 3914664 out of 50000000
DEBUG: Total gradient stack used is 410415 out of 10000000
DEBUG: Total dvariable address used is 2087 out of 150000
DEBUG: Total dvariable address used is 3914664 out of 50000000
DEBUG: Total gradient stack used is 410415 out of 10000000
DEBUG: Total dvariable address used is 2087 out of 150000
DEBUG: Total dvariable address used is 3914664 out of 50000000
DEBUG: Total gradient stack used is 410412 out of 10000000
DEBUG: Total dvariable address used is 2087 out of 150000
DEBUG: Total dvariable address used is 3914664 out of 50000000
DEBUG: Total gradient stack used is 410412 out of 10000000
DEBUG: Total dvariable address used is 2087 out of 150000
DEBUG: Total dvariable address used is 3914664 out of 50000000
DEBUG: Total gradient stack used is 410415 out of 10000000
DEBUG: Total dvariable address used is 2087 out of 150000
DEBUG: Total dvariable address used is 3914664 out of 50000000
DEBUG: Total gradient stack used is 410412 out of 10000000
DEBUG: Total dvariable address used is 2087 out of 150000
DEBUG: Total dvariable address used is 3914664 out of 50000000
DEBUG: Total gradient stack used is 410412 out of 10000000
DEBUG: Total dvariable address used is 2087 out of 150000
DEBUG: Total dvariable address used is 3914664 out of 50000000
DEBUG: Total gradient stack used is 410412 out of 10000000
DEBUG: Total dvariable address used is 2087 out of 150000
DEBUG: Total dvariable address used is 3914664 out of 50000000
DEBUG: Total gradient stack used is 410415 out of 10000000
DEBUG: Total dvariable address used is 2087 out of 150000
DEBUG: Total dvariable address used is 3914664 out of 50000000
DEBUG: Total gradient stack used is 410415 out of 10000000
DEBUG: Total dvariable address used is 2087 out of 150000
DEBUG: Total dvariable address used is 3914664 out of 50000000
DEBUG: Total gradient stack used is 410412 out of 10000000
DEBUG: Total dvariable address used is 2087 out of 150000
DEBUG: Total dvariable address used is 3914664 out of 50000000
DEBUG: Total gradient stack used is 410412 out of 10000000
DEBUG: Total dvariable address used is 2087 out of 150000
DEBUG: Total dvariable address used is 3914664 out of 50000000
DEBUG: Total gradient stack used is 410412 out of 10000000
DEBUG: Total dvariable address used is 2087 out of 150000
DEBUG: Total dvariable address used is 3914664 out of 50000000
DEBUG: Total gradient stack used is 410412 out of 10000000
DEBUG: Total dvariable address used is 2087 out of 150000
DEBUG: Total dvariable address used is 3914664 out of 50000000
DEBUG: Total gradient stack used is 410420 out of 10000000
DEBUG: Total dvariable address used is 2087 out of 150000
DEBUG: Total dvariable address used is 3914664 out of 50000000
DEBUG: Total gradient stack used is 410415 out of 10000000
DEBUG: Total dvariable address used is 2087 out of 150000
DEBUG: Total dvariable address used is 3914664 out of 50000000
DEBUG: Total gradient stack used is 410415 out of 10000000
DEBUG: Total dvariable address used is 2087 out of 150000
DEBUG: Total dvariable address used is 3914664 out of 50000000
phase= 3 | nvar=388 | iter=320 | nll=-1.86e+04 | mag=3.36e+03 | par[  1]=T_pars_est[3]
DEBUG: Total gradient stack used is 410415 out of 10000000
DEBUG: Total dvariable address used is 2087 out of 150000
DEBUG: Total dvariable address used is 3914664 out of 50000000
DEBUG: Total gradient stack used is 410415 out of 10000000
DEBUG: Total dvariable address used is 2087 out of 150000
DEBUG: Total dvariable address used is 3914664 out of 50000000
DEBUG: Total gradient stack used is 410412 out of 10000000
DEBUG: Total dvariable address used is 2087 out of 150000
DEBUG: Total dvariable address used is 3914664 out of 50000000
DEBUG: Total gradient stack used is 410426 out of 10000000
DEBUG: Total dvariable address used is 2087 out of 150000
DEBUG: Total dvariable address used is 3914664 out of 50000000
DEBUG: Total gradient stack used is 410423 out of 10000000
DEBUG: Total dvariable address used is 2087 out of 150000
DEBUG: Total dvariable address used is 3914664 out of 50000000
DEBUG: Total gradient stack used is 410420 out of 10000000
DEBUG: Total dvariable address used is 2087 out of 150000
DEBUG: Total dvariable address used is 3914664 out of 50000000
DEBUG: Total gradient stack used is 410420 out of 10000000
DEBUG: Total dvariable address used is 2087 out of 150000
DEBUG: Total dvariable address used is 3914664 out of 50000000
DEBUG: Total gradient stack used is 410431 out of 10000000
DEBUG: Total dvariable address used is 2087 out of 150000
DEBUG: Total dvariable address used is 3914664 out of 50000000
DEBUG: Total gradient stack used is 410442 out of 10000000
DEBUG: Total dvariable address used is 2087 out of 150000
DEBUG: Total dvariable address used is 3914664 out of 50000000
DEBUG: Total gradient stack used is 410450 out of 10000000
DEBUG: Total dvariable address used is 2087 out of 150000
DEBUG: Total dvariable address used is 3914664 out of 50000000
DEBUG: Total gradient stack used is 410508 out of 10000000
DEBUG: Total dvariable address used is 2087 out of 150000
DEBUG: Total dvariable address used is 3914664 out of 50000000
DEBUG: Total gradient stack used is 410507 out of 10000000
DEBUG: Total dvariable address used is 2087 out of 150000
DEBUG: Total dvariable address used is 3914664 out of 50000000
DEBUG: Total gradient stack used is 410511 out of 10000000
DEBUG: Total dvariable address used is 2087 out of 150000
DEBUG: Total dvariable address used is 3914664 out of 50000000
DEBUG: Total gradient stack used is 410261 out of 10000000
DEBUG: Total dvariable address used is 2087 out of 150000
DEBUG: Total dvariable address used is 3914664 out of 50000000
DEBUG: Total gradient stack used is 410261 out of 10000000
DEBUG: Total dvariable address used is 2087 out of 150000
DEBUG: Total dvariable address used is 3914664 out of 50000000
DEBUG: Total gradient stack used is 410252 out of 10000000
DEBUG: Total dvariable address used is 2087 out of 150000
DEBUG: Total dvariable address used is 3914664 out of 50000000
DEBUG: Total gradient stack used is 410249 out of 10000000
DEBUG: Total dvariable address used is 2087 out of 150000
DEBUG: Total dvariable address used is 3914664 out of 50000000
DEBUG: Total gradient stack used is 410252 out of 10000000
DEBUG: Total dvariable address used is 2087 out of 150000
DEBUG: Total dvariable address used is 3914664 out of 50000000
DEBUG: Total gradient stack used is 410249 out of 10000000
DEBUG: Total dvariable address used is 2087 out of 150000
DEBUG: Total dvariable address used is 3914664 out of 50000000
DEBUG: Total gradient stack used is 410249 out of 10000000
DEBUG: Total dvariable address used is 2087 out of 150000
DEBUG: Total dvariable address used is 3914664 out of 50000000
DEBUG: Total gradient stack used is 410249 out of 10000000
DEBUG: Total dvariable address used is 2087 out of 150000
DEBUG: Total dvariable address used is 3914664 out of 50000000
phase= 3 | nvar=388 | iter=340 | nll=-1.86e+04 | mag=2.84e+03 | par[  1]=T_pars_est[3]
DEBUG: Total gradient stack used is 410249 out of 10000000
DEBUG: Total dvariable address used is 2087 out of 150000
DEBUG: Total dvariable address used is 3914664 out of 50000000
DEBUG: Total gradient stack used is 410249 out of 10000000
DEBUG: Total dvariable address used is 2087 out of 150000
DEBUG: Total dvariable address used is 3914664 out of 50000000
DEBUG: Total gradient stack used is 410249 out of 10000000
DEBUG: Total dvariable address used is 2087 out of 150000
DEBUG: Total dvariable address used is 3914664 out of 50000000
DEBUG: Total gradient stack used is 410249 out of 10000000
DEBUG: Total dvariable address used is 2087 out of 150000
DEBUG: Total dvariable address used is 3914664 out of 50000000
DEBUG: Total gradient stack used is 410249 out of 10000000
DEBUG: Total dvariable address used is 2087 out of 150000
DEBUG: Total dvariable address used is 3914664 out of 50000000
DEBUG: Total gradient stack used is 410246 out of 10000000
DEBUG: Total dvariable address used is 2087 out of 150000
DEBUG: Total dvariable address used is 3914664 out of 50000000
DEBUG: Total gradient stack used is 410251 out of 10000000
DEBUG: Total dvariable address used is 2087 out of 150000
DEBUG: Total dvariable address used is 3914664 out of 50000000
DEBUG: Total gradient stack used is 410265 out of 10000000
DEBUG: Total dvariable address used is 2087 out of 150000
DEBUG: Total dvariable address used is 3914664 out of 50000000
DEBUG: Total gradient stack used is 410265 out of 10000000
DEBUG: Total dvariable address used is 2087 out of 150000
DEBUG: Total dvariable address used is 3914664 out of 50000000
DEBUG: Total gradient stack used is 410262 out of 10000000
DEBUG: Total dvariable address used is 2087 out of 150000
DEBUG: Total dvariable address used is 3914664 out of 50000000
DEBUG: Total gradient stack used is 410283 out of 10000000
DEBUG: Total dvariable address used is 2087 out of 150000
DEBUG: Total dvariable address used is 3914664 out of 50000000
DEBUG: Total gradient stack used is 410288 out of 10000000
DEBUG: Total dvariable address used is 2087 out of 150000
DEBUG: Total dvariable address used is 3914664 out of 50000000
DEBUG: Total gradient stack used is 410282 out of 10000000
DEBUG: Total dvariable address used is 2087 out of 150000
DEBUG: Total dvariable address used is 3914664 out of 50000000
DEBUG: Total gradient stack used is 410300 out of 10000000
DEBUG: Total dvariable address used is 2087 out of 150000
DEBUG: Total dvariable address used is 3914664 out of 50000000
DEBUG: Total gradient stack used is 410298 out of 10000000
DEBUG: Total dvariable address used is 2087 out of 150000
DEBUG: Total dvariable address used is 3914664 out of 50000000
DEBUG: Total gradient stack used is 410300 out of 10000000
DEBUG: Total dvariable address used is 2087 out of 150000
DEBUG: Total dvariable address used is 3914664 out of 50000000
DEBUG: Total gradient stack used is 410342 out of 10000000
DEBUG: Total dvariable address used is 2087 out of 150000
DEBUG: Total dvariable address used is 3914664 out of 50000000
DEBUG: Total gradient stack used is 410300 out of 10000000
DEBUG: Total dvariable address used is 2087 out of 150000
DEBUG: Total dvariable address used is 3914664 out of 50000000
DEBUG: Total gradient stack used is 410300 out of 10000000
DEBUG: Total dvariable address used is 2087 out of 150000
DEBUG: Total dvariable address used is 3914664 out of 50000000
DEBUG: Total gradient stack used is 410300 out of 10000000
DEBUG: Total dvariable address used is 2087 out of 150000
DEBUG: Total dvariable address used is 3914664 out of 50000000
DEBUG: Total gradient stack used is 410300 out of 10000000
DEBUG: Total dvariable address used is 2087 out of 150000
DEBUG: Total dvariable address used is 3914664 out of 50000000
DEBUG: Total gradient stack used is 410300 out of 10000000
DEBUG: Total dvariable address used is 2087 out of 150000
DEBUG: Total dvariable address used is 3914664 out of 50000000
DEBUG: Total gradient stack used is 410300 out of 10000000
DEBUG: Total dvariable address used is 2087 out of 150000
DEBUG: Total dvariable address used is 3914664 out of 50000000
phase= 3 | nvar=388 | iter=360 | nll=-1.87e+04 | mag=2.26e+03 | par[ 88]=G_pars_est[5]
DEBUG: Total gradient stack used is 410300 out of 10000000
DEBUG: Total dvariable address used is 2087 out of 150000
DEBUG: Total dvariable address used is 3914664 out of 50000000
DEBUG: Total gradient stack used is 410300 out of 10000000
DEBUG: Total dvariable address used is 2087 out of 150000
DEBUG: Total dvariable address used is 3914664 out of 50000000
DEBUG: Total gradient stack used is 410300 out of 10000000
DEBUG: Total dvariable address used is 2087 out of 150000
DEBUG: Total dvariable address used is 3914664 out of 50000000
DEBUG: Total gradient stack used is 410300 out of 10000000
DEBUG: Total dvariable address used is 2087 out of 150000
DEBUG: Total dvariable address used is 3914664 out of 50000000
DEBUG: Total gradient stack used is 410300 out of 10000000
DEBUG: Total dvariable address used is 2087 out of 150000
DEBUG: Total dvariable address used is 3914664 out of 50000000
DEBUG: Total gradient stack used is 410300 out of 10000000
DEBUG: Total dvariable address used is 2087 out of 150000
DEBUG: Total dvariable address used is 3914664 out of 50000000
DEBUG: Total gradient stack used is 410300 out of 10000000
DEBUG: Total dvariable address used is 2087 out of 150000
DEBUG: Total dvariable address used is 3914664 out of 50000000
DEBUG: Total gradient stack used is 410322 out of 10000000
DEBUG: Total dvariable address used is 2087 out of 150000
DEBUG: Total dvariable address used is 3914664 out of 50000000
DEBUG: Total gradient stack used is 410355 out of 10000000
DEBUG: Total dvariable address used is 2087 out of 150000
DEBUG: Total dvariable address used is 3914664 out of 50000000
DEBUG: Total gradient stack used is 410322 out of 10000000
DEBUG: Total dvariable address used is 2087 out of 150000
DEBUG: Total dvariable address used is 3914664 out of 50000000
DEBUG: Total gradient stack used is 410352 out of 10000000
DEBUG: Total dvariable address used is 2087 out of 150000
DEBUG: Total dvariable address used is 3914664 out of 50000000
DEBUG: Total gradient stack used is 410340 out of 10000000
DEBUG: Total dvariable address used is 2087 out of 150000
DEBUG: Total dvariable address used is 3914664 out of 50000000
DEBUG: Total gradient stack used is 410322 out of 10000000
DEBUG: Total dvariable address used is 2087 out of 150000
DEBUG: Total dvariable address used is 3914664 out of 50000000
DEBUG: Total gradient stack used is 410333 out of 10000000
DEBUG: Total dvariable address used is 2087 out of 150000
DEBUG: Total dvariable address used is 3914664 out of 50000000
DEBUG: Total gradient stack used is 410336 out of 10000000
DEBUG: Total dvariable address used is 2087 out of 150000
DEBUG: Total dvariable address used is 3914664 out of 50000000
DEBUG: Total gradient stack used is 410333 out of 10000000
DEBUG: Total dvariable address used is 2087 out of 150000
DEBUG: Total dvariable address used is 3914664 out of 50000000
DEBUG: Total gradient stack used is 410333 out of 10000000
DEBUG: Total dvariable address used is 2087 out of 150000
DEBUG: Total dvariable address used is 3914664 out of 50000000
DEBUG: Total gradient stack used is 410333 out of 10000000
DEBUG: Total dvariable address used is 2087 out of 150000
DEBUG: Total dvariable address used is 3914664 out of 50000000
DEBUG: Total gradient stack used is 410333 out of 10000000
DEBUG: Total dvariable address used is 2087 out of 150000
DEBUG: Total dvariable address used is 3914664 out of 50000000
DEBUG: Total gradient stack used is 410333 out of 10000000
DEBUG: Total dvariable address used is 2087 out of 150000
DEBUG: Total dvariable address used is 3914664 out of 50000000
DEBUG: Total gradient stack used is 410332 out of 10000000
DEBUG: Total dvariable address used is 2087 out of 150000
DEBUG: Total dvariable address used is 3914664 out of 50000000
DEBUG: Total gradient stack used is 410334 out of 10000000
DEBUG: Total dvariable address used is 2087 out of 150000
DEBUG: Total dvariable address used is 3914664 out of 50000000
DEBUG: Total gradient stack used is 410096 out of 10000000
DEBUG: Total dvariable address used is 2087 out of 150000
DEBUG: Total dvariable address used is 3914664 out of 50000000
DEBUG: Total gradient stack used is 410101 out of 10000000
DEBUG: Total dvariable address used is 2087 out of 150000
DEBUG: Total dvariable address used is 3914664 out of 50000000
phase= 3 | nvar=388 | iter=380 | nll=-1.87e+04 | mag=1.01e+03 | par[ 88]=G_pars_est[5]
DEBUG: Total gradient stack used is 410092 out of 10000000
DEBUG: Total dvariable address used is 2087 out of 150000
DEBUG: Total dvariable address used is 3914664 out of 50000000
DEBUG: Total gradient stack used is 410101 out of 10000000
DEBUG: Total dvariable address used is 2087 out of 150000
DEBUG: Total dvariable address used is 3914664 out of 50000000
DEBUG: Total gradient stack used is 410095 out of 10000000
DEBUG: Total dvariable address used is 2087 out of 150000
DEBUG: Total dvariable address used is 3914664 out of 50000000
DEBUG: Total gradient stack used is 410092 out of 10000000
DEBUG: Total dvariable address used is 2087 out of 150000
DEBUG: Total dvariable address used is 3914664 out of 50000000
DEBUG: Total gradient stack used is 410062 out of 10000000
DEBUG: Total dvariable address used is 2087 out of 150000
DEBUG: Total dvariable address used is 3914664 out of 50000000
DEBUG: Total gradient stack used is 410144 out of 10000000
DEBUG: Total dvariable address used is 2087 out of 150000
DEBUG: Total dvariable address used is 3914664 out of 50000000
DEBUG: Total gradient stack used is 410078 out of 10000000
DEBUG: Total dvariable address used is 2087 out of 150000
DEBUG: Total dvariable address used is 3914664 out of 50000000
DEBUG: Total gradient stack used is 410092 out of 10000000
DEBUG: Total dvariable address used is 2087 out of 150000
DEBUG: Total dvariable address used is 3914664 out of 50000000
DEBUG: Total gradient stack used is 410078 out of 10000000
DEBUG: Total dvariable address used is 2087 out of 150000
DEBUG: Total dvariable address used is 3914664 out of 50000000
DEBUG: Total gradient stack used is 410078 out of 10000000
DEBUG: Total dvariable address used is 2087 out of 150000
DEBUG: Total dvariable address used is 3914664 out of 50000000
DEBUG: Total gradient stack used is 410103 out of 10000000
DEBUG: Total dvariable address used is 2087 out of 150000
DEBUG: Total dvariable address used is 3914664 out of 50000000
DEBUG: Total gradient stack used is 410128 out of 10000000
DEBUG: Total dvariable address used is 2087 out of 150000
DEBUG: Total dvariable address used is 3914664 out of 50000000
DEBUG: Total gradient stack used is 410130 out of 10000000
DEBUG: Total dvariable address used is 2087 out of 150000
DEBUG: Total dvariable address used is 3914664 out of 50000000
DEBUG: Total gradient stack used is 410128 out of 10000000
DEBUG: Total dvariable address used is 2087 out of 150000
DEBUG: Total dvariable address used is 3914664 out of 50000000
DEBUG: Total gradient stack used is 410128 out of 10000000
DEBUG: Total dvariable address used is 2087 out of 150000
DEBUG: Total dvariable address used is 3914664 out of 50000000
DEBUG: Total gradient stack used is 410139 out of 10000000
DEBUG: Total dvariable address used is 2087 out of 150000
DEBUG: Total dvariable address used is 3914664 out of 50000000
DEBUG: Total gradient stack used is 410130 out of 10000000
DEBUG: Total dvariable address used is 2087 out of 150000
DEBUG: Total dvariable address used is 3914664 out of 50000000
DEBUG: Total gradient stack used is 410127 out of 10000000
DEBUG: Total dvariable address used is 2087 out of 150000
DEBUG: Total dvariable address used is 3914664 out of 50000000
DEBUG: Total gradient stack used is 410149 out of 10000000
DEBUG: Total dvariable address used is 2087 out of 150000
DEBUG: Total dvariable address used is 3914664 out of 50000000
DEBUG: Total gradient stack used is 410127 out of 10000000
DEBUG: Total dvariable address used is 2087 out of 150000
DEBUG: Total dvariable address used is 3914664 out of 50000000
DEBUG: Total gradient stack used is 410141 out of 10000000
DEBUG: Total dvariable address used is 2087 out of 150000
DEBUG: Total dvariable address used is 3914664 out of 50000000
DEBUG: Total gradient stack used is 410140 out of 10000000
DEBUG: Total dvariable address used is 2087 out of 150000
DEBUG: Total dvariable address used is 3914664 out of 50000000
DEBUG: Total gradient stack used is 410149 out of 10000000
DEBUG: Total dvariable address used is 2087 out of 150000
DEBUG: Total dvariable address used is 3914664 out of 50000000
DEBUG: Total gradient stack used is 410185 out of 10000000
DEBUG: Total dvariable address used is 2087 out of 150000
DEBUG: Total dvariable address used is 3914664 out of 50000000
DEBUG: Total gradient stack used is 410149 out of 10000000
DEBUG: Total dvariable address used is 2087 out of 150000
DEBUG: Total dvariable address used is 3914664 out of 50000000
DEBUG: Total gradient stack used is 410149 out of 10000000
DEBUG: Total dvariable address used is 2087 out of 150000
DEBUG: Total dvariable address used is 3914664 out of 50000000
DEBUG: Total gradient stack used is 410188 out of 10000000
DEBUG: Total dvariable address used is 2087 out of 150000
DEBUG: Total dvariable address used is 3914664 out of 50000000
DEBUG: Total gradient stack used is 410179 out of 10000000
DEBUG: Total dvariable address used is 2087 out of 150000
DEBUG: Total dvariable address used is 3914664 out of 50000000
DEBUG: Total gradient stack used is 410182 out of 10000000
DEBUG: Total dvariable address used is 2087 out of 150000
DEBUG: Total dvariable address used is 3914664 out of 50000000
DEBUG: Total gradient stack used is 410179 out of 10000000
DEBUG: Total dvariable address used is 2087 out of 150000
DEBUG: Total dvariable address used is 3914664 out of 50000000
DEBUG: Total gradient stack used is 410179 out of 10000000
DEBUG: Total dvariable address used is 2087 out of 150000
DEBUG: Total dvariable address used is 3914664 out of 50000000
DEBUG: Total gradient stack used is 410173 out of 10000000
DEBUG: Total dvariable address used is 2087 out of 150000
DEBUG: Total dvariable address used is 3914664 out of 50000000
DEBUG: Total gradient stack used is 410170 out of 10000000
DEBUG: Total dvariable address used is 2087 out of 150000
DEBUG: Total dvariable address used is 3914664 out of 50000000
phase= 3 | nvar=388 | iter=400 | nll=-1.87e+04 | mag=1.35e+03 | par[  1]=T_pars_est[3]
DEBUG: Total gradient stack used is 410187 out of 10000000
DEBUG: Total dvariable address used is 2087 out of 150000
DEBUG: Total dvariable address used is 3914664 out of 50000000
DEBUG: Total gradient stack used is 410170 out of 10000000
DEBUG: Total dvariable address used is 2087 out of 150000
DEBUG: Total dvariable address used is 3914664 out of 50000000
DEBUG: Total gradient stack used is 410170 out of 10000000
DEBUG: Total dvariable address used is 2087 out of 150000
DEBUG: Total dvariable address used is 3914664 out of 50000000
DEBUG: Total gradient stack used is 410178 out of 10000000
DEBUG: Total dvariable address used is 2087 out of 150000
DEBUG: Total dvariable address used is 3914664 out of 50000000
DEBUG: Total gradient stack used is 410174 out of 10000000
DEBUG: Total dvariable address used is 2087 out of 150000
DEBUG: Total dvariable address used is 3914664 out of 50000000
DEBUG: Total gradient stack used is 410169 out of 10000000
DEBUG: Total dvariable address used is 2087 out of 150000
DEBUG: Total dvariable address used is 3914664 out of 50000000
DEBUG: Total gradient stack used is 410166 out of 10000000
DEBUG: Total dvariable address used is 2087 out of 150000
DEBUG: Total dvariable address used is 3914664 out of 50000000
DEBUG: Total gradient stack used is 410180 out of 10000000
DEBUG: Total dvariable address used is 2087 out of 150000
DEBUG: Total dvariable address used is 3914664 out of 50000000
DEBUG: Total gradient stack used is 410198 out of 10000000
DEBUG: Total dvariable address used is 2087 out of 150000
DEBUG: Total dvariable address used is 3914664 out of 50000000
DEBUG: Total gradient stack used is 410187 out of 10000000
DEBUG: Total dvariable address used is 2087 out of 150000
DEBUG: Total dvariable address used is 3914664 out of 50000000
DEBUG: Total gradient stack used is 410259 out of 10000000
DEBUG: Total dvariable address used is 2087 out of 150000
DEBUG: Total dvariable address used is 3914664 out of 50000000
DEBUG: Total gradient stack used is 410259 out of 10000000
DEBUG: Total dvariable address used is 2087 out of 150000
DEBUG: Total dvariable address used is 3914664 out of 50000000
DEBUG: Total gradient stack used is 410204 out of 10000000
DEBUG: Total dvariable address used is 2087 out of 150000
DEBUG: Total dvariable address used is 3914664 out of 50000000
DEBUG: Total gradient stack used is 410206 out of 10000000
DEBUG: Total dvariable address used is 2087 out of 150000
DEBUG: Total dvariable address used is 3914664 out of 50000000
DEBUG: Total gradient stack used is 410209 out of 10000000
DEBUG: Total dvariable address used is 2087 out of 150000
DEBUG: Total dvariable address used is 3914664 out of 50000000
DEBUG: Total gradient stack used is 410264 out of 10000000
DEBUG: Total dvariable address used is 2087 out of 150000
DEBUG: Total dvariable address used is 3914664 out of 50000000
DEBUG: Total gradient stack used is 410245 out of 10000000
DEBUG: Total dvariable address used is 2087 out of 150000
DEBUG: Total dvariable address used is 3914664 out of 50000000
DEBUG: Total gradient stack used is 410264 out of 10000000
DEBUG: Total dvariable address used is 2087 out of 150000
DEBUG: Total dvariable address used is 3914664 out of 50000000
DEBUG: Total gradient stack used is 410275 out of 10000000
DEBUG: Total dvariable address used is 2087 out of 150000
DEBUG: Total dvariable address used is 3914664 out of 50000000
DEBUG: Total gradient stack used is 410278 out of 10000000
DEBUG: Total dvariable address used is 2087 out of 150000
DEBUG: Total dvariable address used is 3914664 out of 50000000
DEBUG: Total gradient stack used is 410253 out of 10000000
DEBUG: Total dvariable address used is 2087 out of 150000
DEBUG: Total dvariable address used is 3914664 out of 50000000
DEBUG: Total gradient stack used is 410253 out of 10000000
DEBUG: Total dvariable address used is 2087 out of 150000
DEBUG: Total dvariable address used is 3914664 out of 50000000
DEBUG: Total gradient stack used is 410245 out of 10000000
DEBUG: Total dvariable address used is 2087 out of 150000
DEBUG: Total dvariable address used is 3914664 out of 50000000
DEBUG: Total gradient stack used is 410217 out of 10000000
DEBUG: Total dvariable address used is 2087 out of 150000
DEBUG: Total dvariable address used is 3914664 out of 50000000
DEBUG: Total gradient stack used is 410203 out of 10000000
DEBUG: Total dvariable address used is 2087 out of 150000
DEBUG: Total dvariable address used is 3914664 out of 50000000
phase= 3 | nvar=388 | iter=420 | nll=-1.87e+04 | mag=1.28e+03 | par[349]=logit_rec_prop_est[4]
DEBUG: Total gradient stack used is 410204 out of 10000000
DEBUG: Total dvariable address used is 2087 out of 150000
DEBUG: Total dvariable address used is 3914664 out of 50000000
DEBUG: Total gradient stack used is 410201 out of 10000000
DEBUG: Total dvariable address used is 2087 out of 150000
DEBUG: Total dvariable address used is 3914664 out of 50000000
DEBUG: Total gradient stack used is 410203 out of 10000000
DEBUG: Total dvariable address used is 2087 out of 150000
DEBUG: Total dvariable address used is 3914664 out of 50000000
DEBUG: Total gradient stack used is 410203 out of 10000000
DEBUG: Total dvariable address used is 2087 out of 150000
DEBUG: Total dvariable address used is 3914664 out of 50000000
DEBUG: Total gradient stack used is 410206 out of 10000000
DEBUG: Total dvariable address used is 2087 out of 150000
DEBUG: Total dvariable address used is 3914664 out of 50000000
DEBUG: Total gradient stack used is 410198 out of 10000000
DEBUG: Total dvariable address used is 2087 out of 150000
DEBUG: Total dvariable address used is 3914664 out of 50000000
DEBUG: Total gradient stack used is 410218 out of 10000000
DEBUG: Total dvariable address used is 2087 out of 150000
DEBUG: Total dvariable address used is 3914664 out of 50000000
DEBUG: Total gradient stack used is 410218 out of 10000000
DEBUG: Total dvariable address used is 2087 out of 150000
DEBUG: Total dvariable address used is 3914664 out of 50000000
DEBUG: Total gradient stack used is 410218 out of 10000000
DEBUG: Total dvariable address used is 2087 out of 150000
DEBUG: Total dvariable address used is 3914664 out of 50000000
DEBUG: Total gradient stack used is 410218 out of 10000000
DEBUG: Total dvariable address used is 2087 out of 150000
DEBUG: Total dvariable address used is 3914664 out of 50000000
DEBUG: Total gradient stack used is 410218 out of 10000000
DEBUG: Total dvariable address used is 2087 out of 150000
DEBUG: Total dvariable address used is 3914664 out of 50000000
DEBUG: Total gradient stack used is 410204 out of 10000000
DEBUG: Total dvariable address used is 2087 out of 150000
DEBUG: Total dvariable address used is 3914664 out of 50000000
DEBUG: Total gradient stack used is 410204 out of 10000000
DEBUG: Total dvariable address used is 2087 out of 150000
DEBUG: Total dvariable address used is 3914664 out of 50000000
DEBUG: Total gradient stack used is 410204 out of 10000000
DEBUG: Total dvariable address used is 2087 out of 150000
DEBUG: Total dvariable address used is 3914664 out of 50000000
DEBUG: Total gradient stack used is 410218 out of 10000000
DEBUG: Total dvariable address used is 2087 out of 150000
DEBUG: Total dvariable address used is 3914664 out of 50000000
DEBUG: Total gradient stack used is 410218 out of 10000000
DEBUG: Total dvariable address used is 2087 out of 150000
DEBUG: Total dvariable address used is 3914664 out of 50000000
DEBUG: Total gradient stack used is 410218 out of 10000000
DEBUG: Total dvariable address used is 2087 out of 150000
DEBUG: Total dvariable address used is 3914664 out of 50000000
DEBUG: Total gradient stack used is 410218 out of 10000000
DEBUG: Total dvariable address used is 2087 out of 150000
DEBUG: Total dvariable address used is 3914664 out of 50000000
DEBUG: Total gradient stack used is 410218 out of 10000000
DEBUG: Total dvariable address used is 2087 out of 150000
DEBUG: Total dvariable address used is 3914664 out of 50000000
DEBUG: Total gradient stack used is 410218 out of 10000000
DEBUG: Total dvariable address used is 2087 out of 150000
DEBUG: Total dvariable address used is 3914664 out of 50000000
DEBUG: Total gradient stack used is 410218 out of 10000000
DEBUG: Total dvariable address used is 2087 out of 150000
DEBUG: Total dvariable address used is 3914664 out of 50000000
phase= 3 | nvar=388 | iter=440 | nll=-1.87e+04 | mag=6.33e+02 | par[372]=logit_rec_prop_est[27]
DEBUG: Total gradient stack used is 410204 out of 10000000
DEBUG: Total dvariable address used is 2087 out of 150000
DEBUG: Total dvariable address used is 3914664 out of 50000000
DEBUG: Total gradient stack used is 410201 out of 10000000
DEBUG: Total dvariable address used is 2087 out of 150000
DEBUG: Total dvariable address used is 3914664 out of 50000000
DEBUG: Total gradient stack used is 410198 out of 10000000
DEBUG: Total dvariable address used is 2087 out of 150000
DEBUG: Total dvariable address used is 3914664 out of 50000000
DEBUG: Total gradient stack used is 410201 out of 10000000
DEBUG: Total dvariable address used is 2087 out of 150000
DEBUG: Total dvariable address used is 3914664 out of 50000000
DEBUG: Total gradient stack used is 410198 out of 10000000
DEBUG: Total dvariable address used is 2087 out of 150000
DEBUG: Total dvariable address used is 3914664 out of 50000000
DEBUG: Total gradient stack used is 410195 out of 10000000
DEBUG: Total dvariable address used is 2087 out of 150000
DEBUG: Total dvariable address used is 3914664 out of 50000000
DEBUG: Total gradient stack used is 410192 out of 10000000
DEBUG: Total dvariable address used is 2087 out of 150000
DEBUG: Total dvariable address used is 3914664 out of 50000000
DEBUG: Total gradient stack used is 410192 out of 10000000
DEBUG: Total dvariable address used is 2087 out of 150000
DEBUG: Total dvariable address used is 3914664 out of 50000000
DEBUG: Total gradient stack used is 410192 out of 10000000
DEBUG: Total dvariable address used is 2087 out of 150000
DEBUG: Total dvariable address used is 3914664 out of 50000000
DEBUG: Total gradient stack used is 410198 out of 10000000
DEBUG: Total dvariable address used is 2087 out of 150000
DEBUG: Total dvariable address used is 3914664 out of 50000000
DEBUG: Total gradient stack used is 410201 out of 10000000
DEBUG: Total dvariable address used is 2087 out of 150000
DEBUG: Total dvariable address used is 3914664 out of 50000000
DEBUG: Total gradient stack used is 410204 out of 10000000
DEBUG: Total dvariable address used is 2087 out of 150000
DEBUG: Total dvariable address used is 3914664 out of 50000000
DEBUG: Total gradient stack used is 410204 out of 10000000
DEBUG: Total dvariable address used is 2087 out of 150000
DEBUG: Total dvariable address used is 3914664 out of 50000000
DEBUG: Total gradient stack used is 410204 out of 10000000
DEBUG: Total dvariable address used is 2087 out of 150000
DEBUG: Total dvariable address used is 3914664 out of 50000000
DEBUG: Total gradient stack used is 410204 out of 10000000
DEBUG: Total dvariable address used is 2087 out of 150000
DEBUG: Total dvariable address used is 3914664 out of 50000000
DEBUG: Total gradient stack used is 410193 out of 10000000
DEBUG: Total dvariable address used is 2087 out of 150000
DEBUG: Total dvariable address used is 3914664 out of 50000000
DEBUG: Total gradient stack used is 410196 out of 10000000
DEBUG: Total dvariable address used is 2087 out of 150000
DEBUG: Total dvariable address used is 3914664 out of 50000000
DEBUG: Total gradient stack used is 410190 out of 10000000
DEBUG: Total dvariable address used is 2087 out of 150000
DEBUG: Total dvariable address used is 3914664 out of 50000000
DEBUG: Total gradient stack used is 410204 out of 10000000
DEBUG: Total dvariable address used is 2087 out of 150000
DEBUG: Total dvariable address used is 3914664 out of 50000000
DEBUG: Total gradient stack used is 410204 out of 10000000
DEBUG: Total dvariable address used is 2087 out of 150000
DEBUG: Total dvariable address used is 3914664 out of 50000000
DEBUG: Total gradient stack used is 410203 out of 10000000
DEBUG: Total dvariable address used is 2087 out of 150000
DEBUG: Total dvariable address used is 3914664 out of 50000000
DEBUG: Total gradient stack used is 410204 out of 10000000
DEBUG: Total dvariable address used is 2087 out of 150000
DEBUG: Total dvariable address used is 3914664 out of 50000000
phase= 3 | nvar=388 | iter=460 | nll=-1.87e+04 | mag=6.01e+02 | par[  1]=T_pars_est[3]
DEBUG: Total gradient stack used is 410245 out of 10000000
DEBUG: Total dvariable address used is 2087 out of 150000
DEBUG: Total dvariable address used is 3914664 out of 50000000
DEBUG: Total gradient stack used is 410204 out of 10000000
DEBUG: Total dvariable address used is 2087 out of 150000
DEBUG: Total dvariable address used is 3914664 out of 50000000
DEBUG: Total gradient stack used is 410204 out of 10000000
DEBUG: Total dvariable address used is 2087 out of 150000
DEBUG: Total dvariable address used is 3914664 out of 50000000
DEBUG: Total gradient stack used is 410198 out of 10000000
DEBUG: Total dvariable address used is 2087 out of 150000
DEBUG: Total dvariable address used is 3914664 out of 50000000
DEBUG: Total gradient stack used is 410201 out of 10000000
DEBUG: Total dvariable address used is 2087 out of 150000
DEBUG: Total dvariable address used is 3914664 out of 50000000
DEBUG: Total gradient stack used is 410204 out of 10000000
DEBUG: Total dvariable address used is 2087 out of 150000
DEBUG: Total dvariable address used is 3914664 out of 50000000
DEBUG: Total gradient stack used is 410204 out of 10000000
DEBUG: Total dvariable address used is 2087 out of 150000
DEBUG: Total dvariable address used is 3914664 out of 50000000
DEBUG: Total gradient stack used is 410204 out of 10000000
DEBUG: Total dvariable address used is 2087 out of 150000
DEBUG: Total dvariable address used is 3914664 out of 50000000
DEBUG: Total gradient stack used is 410204 out of 10000000
DEBUG: Total dvariable address used is 2087 out of 150000
DEBUG: Total dvariable address used is 3914664 out of 50000000
DEBUG: Total gradient stack used is 410201 out of 10000000
DEBUG: Total dvariable address used is 2087 out of 150000
DEBUG: Total dvariable address used is 3914664 out of 50000000
DEBUG: Total gradient stack used is 410201 out of 10000000
DEBUG: Total dvariable address used is 2087 out of 150000
DEBUG: Total dvariable address used is 3914664 out of 50000000
DEBUG: Total gradient stack used is 410198 out of 10000000
DEBUG: Total dvariable address used is 2087 out of 150000
DEBUG: Total dvariable address used is 3914664 out of 50000000
DEBUG: Total gradient stack used is 410198 out of 10000000
DEBUG: Total dvariable address used is 2087 out of 150000
DEBUG: Total dvariable address used is 3914664 out of 50000000
DEBUG: Total gradient stack used is 410201 out of 10000000
DEBUG: Total dvariable address used is 2087 out of 150000
DEBUG: Total dvariable address used is 3914664 out of 50000000
DEBUG: Total gradient stack used is 410201 out of 10000000
DEBUG: Total dvariable address used is 2087 out of 150000
DEBUG: Total dvariable address used is 3914664 out of 50000000
DEBUG: Total gradient stack used is 410201 out of 10000000
DEBUG: Total dvariable address used is 2087 out of 150000
DEBUG: Total dvariable address used is 3914664 out of 50000000
DEBUG: Total gradient stack used is 410204 out of 10000000
DEBUG: Total dvariable address used is 2087 out of 150000
DEBUG: Total dvariable address used is 3914664 out of 50000000
DEBUG: Total gradient stack used is 410204 out of 10000000
DEBUG: Total dvariable address used is 2087 out of 150000
DEBUG: Total dvariable address used is 3914664 out of 50000000
DEBUG: Total gradient stack used is 410204 out of 10000000
DEBUG: Total dvariable address used is 2087 out of 150000
DEBUG: Total dvariable address used is 3914664 out of 50000000
DEBUG: Total gradient stack used is 410204 out of 10000000
DEBUG: Total dvariable address used is 2087 out of 150000
DEBUG: Total dvariable address used is 3914664 out of 50000000
DEBUG: Total gradient stack used is 410204 out of 10000000
DEBUG: Total dvariable address used is 2087 out of 150000
DEBUG: Total dvariable address used is 3914664 out of 50000000
DEBUG: Total gradient stack used is 410204 out of 10000000
DEBUG: Total dvariable address used is 2087 out of 150000
DEBUG: Total dvariable address used is 3914664 out of 50000000
phase= 3 | nvar=388 | iter=480 | nll=-1.87e+04 | mag=5.23e+01 | par[  1]=T_pars_est[3]
DEBUG: Total gradient stack used is 410204 out of 10000000
DEBUG: Total dvariable address used is 2087 out of 150000
DEBUG: Total dvariable address used is 3914664 out of 50000000
DEBUG: Total gradient stack used is 410204 out of 10000000
DEBUG: Total dvariable address used is 2087 out of 150000
DEBUG: Total dvariable address used is 3914664 out of 50000000
DEBUG: Total gradient stack used is 410204 out of 10000000
DEBUG: Total dvariable address used is 2087 out of 150000
DEBUG: Total dvariable address used is 3914664 out of 50000000
DEBUG: Total gradient stack used is 410204 out of 10000000
DEBUG: Total dvariable address used is 2087 out of 150000
DEBUG: Total dvariable address used is 3914664 out of 50000000
DEBUG: Total gradient stack used is 410204 out of 10000000
DEBUG: Total dvariable address used is 2087 out of 150000
DEBUG: Total dvariable address used is 3914664 out of 50000000
DEBUG: Total gradient stack used is 410204 out of 10000000
DEBUG: Total dvariable address used is 2087 out of 150000
DEBUG: Total dvariable address used is 3914664 out of 50000000
DEBUG: Total gradient stack used is 410204 out of 10000000
DEBUG: Total dvariable address used is 2087 out of 150000
DEBUG: Total dvariable address used is 3914664 out of 50000000
DEBUG: Total gradient stack used is 410204 out of 10000000
DEBUG: Total dvariable address used is 2087 out of 150000
DEBUG: Total dvariable address used is 3914664 out of 50000000
DEBUG: Total gradient stack used is 410204 out of 10000000
DEBUG: Total dvariable address used is 2087 out of 150000
DEBUG: Total dvariable address used is 3914664 out of 50000000
DEBUG: Total gradient stack used is 410204 out of 10000000
DEBUG: Total dvariable address used is 2087 out of 150000
DEBUG: Total dvariable address used is 3914664 out of 50000000
DEBUG: Total gradient stack used is 410204 out of 10000000
DEBUG: Total dvariable address used is 2087 out of 150000
DEBUG: Total dvariable address used is 3914664 out of 50000000
DEBUG: Total gradient stack used is 410204 out of 10000000
DEBUG: Total dvariable address used is 2087 out of 150000
DEBUG: Total dvariable address used is 3914664 out of 50000000
DEBUG: Total gradient stack used is 410204 out of 10000000
DEBUG: Total dvariable address used is 2087 out of 150000
DEBUG: Total dvariable address used is 3914664 out of 50000000
DEBUG: Total gradient stack used is 410204 out of 10000000
DEBUG: Total dvariable address used is 2087 out of 150000
DEBUG: Total dvariable address used is 3914664 out of 50000000
DEBUG: Total gradient stack used is 410204 out of 10000000
DEBUG: Total dvariable address used is 2087 out of 150000
DEBUG: Total dvariable address used is 3914664 out of 50000000
DEBUG: Total gradient stack used is 410204 out of 10000000
DEBUG: Total dvariable address used is 2087 out of 150000
DEBUG: Total dvariable address used is 3914664 out of 50000000
DEBUG: Total gradient stack used is 410204 out of 10000000
DEBUG: Total dvariable address used is 2087 out of 150000
DEBUG: Total dvariable address used is 3914664 out of 50000000
DEBUG: Total gradient stack used is 410204 out of 10000000
DEBUG: Total dvariable address used is 2087 out of 150000
DEBUG: Total dvariable address used is 3914664 out of 50000000
DEBUG: Total gradient stack used is 410204 out of 10000000
DEBUG: Total dvariable address used is 2087 out of 150000
DEBUG: Total dvariable address used is 3914664 out of 50000000
DEBUG: Total gradient stack used is 410204 out of 10000000
DEBUG: Total dvariable address used is 2087 out of 150000
DEBUG: Total dvariable address used is 3914664 out of 50000000
phase= 3 | nvar=388 | iter=500 | nll=-1.87e+04 | mag=1.35e+01 | par[  1]=T_pars_est[3]
DEBUG: Total gradient stack used is 410204 out of 10000000
DEBUG: Total dvariable address used is 2087 out of 150000
DEBUG: Total dvariable address used is 3914664 out of 50000000
DEBUG: Total gradient stack used is 410204 out of 10000000
DEBUG: Total dvariable address used is 2087 out of 150000
DEBUG: Total dvariable address used is 3914664 out of 50000000
DEBUG: Total gradient stack used is 410204 out of 10000000
DEBUG: Total dvariable address used is 2087 out of 150000
DEBUG: Total dvariable address used is 3914664 out of 50000000
DEBUG: Total gradient stack used is 410204 out of 10000000
DEBUG: Total dvariable address used is 2087 out of 150000
DEBUG: Total dvariable address used is 3914664 out of 50000000
DEBUG: Total gradient stack used is 410204 out of 10000000
DEBUG: Total dvariable address used is 2087 out of 150000
DEBUG: Total dvariable address used is 3914664 out of 50000000
DEBUG: Total gradient stack used is 410204 out of 10000000
DEBUG: Total dvariable address used is 2087 out of 150000
DEBUG: Total dvariable address used is 3914664 out of 50000000
DEBUG: Total gradient stack used is 410204 out of 10000000
DEBUG: Total dvariable address used is 2087 out of 150000
DEBUG: Total dvariable address used is 3914664 out of 50000000
DEBUG: Total gradient stack used is 410204 out of 10000000
DEBUG: Total dvariable address used is 2087 out of 150000
DEBUG: Total dvariable address used is 3914664 out of 50000000
DEBUG: Total gradient stack used is 410204 out of 10000000
DEBUG: Total dvariable address used is 2087 out of 150000
DEBUG: Total dvariable address used is 3914664 out of 50000000
DEBUG: Total gradient stack used is 410204 out of 10000000
DEBUG: Total dvariable address used is 2087 out of 150000
DEBUG: Total dvariable address used is 3914664 out of 50000000
DEBUG: Total gradient stack used is 410204 out of 10000000
DEBUG: Total dvariable address used is 2087 out of 150000
DEBUG: Total dvariable address used is 3914664 out of 50000000
DEBUG: Total gradient stack used is 410204 out of 10000000
DEBUG: Total dvariable address used is 2087 out of 150000
DEBUG: Total dvariable address used is 3914664 out of 50000000
DEBUG: Total gradient stack used is 410204 out of 10000000
DEBUG: Total dvariable address used is 2087 out of 150000
DEBUG: Total dvariable address used is 3914664 out of 50000000
DEBUG: Total gradient stack used is 410204 out of 10000000
DEBUG: Total dvariable address used is 2087 out of 150000
DEBUG: Total dvariable address used is 3914664 out of 50000000
DEBUG: Total gradient stack used is 410204 out of 10000000
DEBUG: Total dvariable address used is 2087 out of 150000
DEBUG: Total dvariable address used is 3914664 out of 50000000
DEBUG: Total gradient stack used is 410204 out of 10000000
DEBUG: Total dvariable address used is 2087 out of 150000
DEBUG: Total dvariable address used is 3914664 out of 50000000
DEBUG: Total gradient stack used is 410204 out of 10000000
DEBUG: Total dvariable address used is 2087 out of 150000
DEBUG: Total dvariable address used is 3914664 out of 50000000
DEBUG: Total gradient stack used is 410204 out of 10000000
DEBUG: Total dvariable address used is 2087 out of 150000
DEBUG: Total dvariable address used is 3914664 out of 50000000
DEBUG: Total gradient stack used is 410204 out of 10000000
DEBUG: Total dvariable address used is 2087 out of 150000
DEBUG: Total dvariable address used is 3914664 out of 50000000
DEBUG: Total gradient stack used is 410204 out of 10000000
DEBUG: Total dvariable address used is 2087 out of 150000
DEBUG: Total dvariable address used is 3914664 out of 50000000
phase= 3 | nvar=388 | iter=520 | nll=-1.87e+04 | mag=9.18e-02 | par[372]=logit_rec_prop_est[27]
DEBUG: Total gradient stack used is 410204 out of 10000000
DEBUG: Total dvariable address used is 2087 out of 150000
DEBUG: Total dvariable address used is 3914664 out of 50000000
DEBUG: Total gradient stack used is 410204 out of 10000000
DEBUG: Total dvariable address used is 2087 out of 150000
DEBUG: Total dvariable address used is 3914664 out of 50000000
DEBUG: Total gradient stack used is 410204 out of 10000000
DEBUG: Total dvariable address used is 2087 out of 150000
DEBUG: Total dvariable address used is 3914664 out of 50000000
DEBUG: Total gradient stack used is 410204 out of 10000000
DEBUG: Total dvariable address used is 2087 out of 150000
DEBUG: Total dvariable address used is 3914664 out of 50000000
DEBUG: Total gradient stack used is 410204 out of 10000000
DEBUG: Total dvariable address used is 2087 out of 150000
DEBUG: Total dvariable address used is 3914664 out of 50000000
DEBUG: Total gradient stack used is 410204 out of 10000000
DEBUG: Total dvariable address used is 2087 out of 150000
DEBUG: Total dvariable address used is 3914664 out of 50000000
DEBUG: Total gradient stack used is 410204 out of 10000000
DEBUG: Total dvariable address used is 2087 out of 150000
DEBUG: Total dvariable address used is 3914664 out of 50000000
DEBUG: Total gradient stack used is 410204 out of 10000000
DEBUG: Total dvariable address used is 2087 out of 150000
DEBUG: Total dvariable address used is 3914664 out of 50000000
DEBUG: Total gradient stack used is 410204 out of 10000000
DEBUG: Total dvariable address used is 2087 out of 150000
DEBUG: Total dvariable address used is 3914664 out of 50000000
DEBUG: Total gradient stack used is 410204 out of 10000000
DEBUG: Total dvariable address used is 2087 out of 150000
DEBUG: Total dvariable address used is 3914664 out of 50000000
DEBUG: Total gradient stack used is 410204 out of 10000000
DEBUG: Total dvariable address used is 2087 out of 150000
DEBUG: Total dvariable address used is 3914664 out of 50000000
DEBUG: Total gradient stack used is 410204 out of 10000000
DEBUG: Total dvariable address used is 2087 out of 150000
DEBUG: Total dvariable address used is 3914664 out of 50000000
DEBUG: Total gradient stack used is 410204 out of 10000000
DEBUG: Total dvariable address used is 2087 out of 150000
DEBUG: Total dvariable address used is 3914664 out of 50000000
DEBUG: Total gradient stack used is 410204 out of 10000000
DEBUG: Total dvariable address used is 2087 out of 150000
DEBUG: Total dvariable address used is 3914664 out of 50000000
DEBUG: Total gradient stack used is 410204 out of 10000000
DEBUG: Total dvariable address used is 2087 out of 150000
DEBUG: Total dvariable address used is 3914664 out of 50000000
DEBUG: Total gradient stack used is 410204 out of 10000000
DEBUG: Total dvariable address used is 2087 out of 150000
DEBUG: Total dvariable address used is 3914664 out of 50000000
DEBUG: Total gradient stack used is 410204 out of 10000000
DEBUG: Total dvariable address used is 2087 out of 150000
DEBUG: Total dvariable address used is 3914664 out of 50000000
DEBUG: Total gradient stack used is 410204 out of 10000000
DEBUG: Total dvariable address used is 2087 out of 150000
DEBUG: Total dvariable address used is 3914664 out of 50000000
DEBUG: Total gradient stack used is 410204 out of 10000000
DEBUG: Total dvariable address used is 2087 out of 150000
DEBUG: Total dvariable address used is 3914664 out of 50000000
DEBUG: Total gradient stack used is 410204 out of 10000000
DEBUG: Total dvariable address used is 2087 out of 150000
DEBUG: Total dvariable address used is 3914664 out of 50000000
DEBUG: Total gradient stack used is 410204 out of 10000000
DEBUG: Total dvariable address used is 2087 out of 150000
DEBUG: Total dvariable address used is 3914664 out of 50000000
DEBUG: Total gradient stack used is 410204 out of 10000000
DEBUG: Total dvariable address used is 2087 out of 150000
DEBUG: Total dvariable address used is 3914664 out of 50000000
DEBUG: Total gradient stack used is 410204 out of 10000000
DEBUG: Total dvariable address used is 2087 out of 150000
DEBUG: Total dvariable address used is 3914664 out of 50000000
DEBUG: Total gradient stack used is 410204 out of 10000000
DEBUG: Total dvariable address used is 2087 out of 150000
DEBUG: Total dvariable address used is 3914664 out of 50000000
DEBUG: Total gradient stack used is 410204 out of 10000000
DEBUG: Total dvariable address used is 2087 out of 150000
DEBUG: Total dvariable address used is 3914664 out of 50000000
DEBUG: Total gradient stack used is 410204 out of 10000000
DEBUG: Total dvariable address used is 2087 out of 150000
DEBUG: Total dvariable address used is 3914664 out of 50000000
DEBUG: Total gradient stack used is 410204 out of 10000000
DEBUG: Total dvariable address used is 2087 out of 150000
DEBUG: Total dvariable address used is 3914664 out of 50000000
DEBUG: Total gradient stack used is 410204 out of 10000000
DEBUG: Total dvariable address used is 2087 out of 150000
DEBUG: Total dvariable address used is 3914664 out of 50000000
DEBUG: Total gradient stack used is 410204 out of 10000000
DEBUG: Total dvariable address used is 2087 out of 150000
DEBUG: Total dvariable address used is 3914664 out of 50000000
DEBUG: Total gradient stack used is 410204 out of 10000000
DEBUG: Total dvariable address used is 2087 out of 150000
DEBUG: Total dvariable address used is 3914664 out of 50000000
DEBUG: Total gradient stack used is 410204 out of 10000000
DEBUG: Total dvariable address used is 2087 out of 150000
DEBUG: Total dvariable address used is 3914664 out of 50000000
DEBUG: Total gradient stack used is 410204 out of 10000000
DEBUG: Total dvariable address used is 2087 out of 150000
DEBUG: Total dvariable address used is 3914664 out of 50000000
DEBUG: Total gradient stack used is 410204 out of 10000000
DEBUG: Total dvariable address used is 2087 out of 150000
DEBUG: Total dvariable address used is 3914664 out of 50000000
DEBUG: Total gradient stack used is 410204 out of 10000000
DEBUG: Total dvariable address used is 2087 out of 150000
DEBUG: Total dvariable address used is 3914664 out of 50000000
DEBUG: Total gradient stack used is 410204 out of 10000000
DEBUG: Total dvariable address used is 2087 out of 150000
DEBUG: Total dvariable address used is 3914664 out of 50000000
DEBUG: Total gradient stack used is 410204 out of 10000000
DEBUG: Total dvariable address used is 2087 out of 150000
DEBUG: Total dvariable address used is 3914664 out of 50000000
phase= 3 | nvar=388 | iter=526 | nll=-1.87e+04 | mag=3.24e-03 | par[  1]=T_pars_est[3]
DEBUG: Total gradient stack used is 0 out of 10000000
DEBUG: Total dvariable address used is 2087 out of 150000
DEBUG: Total dvariable address used is 3914664 out of 50000000
Starting REPORT_SECTION
+--------------------------+
| Beginning report section |
+--------------------------+
Finished WriteFiles
REPORT_SECTION: finished CreateOutput
REPORT_SECTION: finished save_gradients
Finished REPORT_SECTION

#--BETWEEN_PHASES_SECTION---------------------
#----Starting phase 4 of 4
Finished BETWEEN_PHASES_SECTION
----------------------------------------------
DEBUG: Total gradient stack used is 410653 out of 10000000
DEBUG: Total dvariable address used is 2087 out of 150000
DEBUG: Total dvariable address used is 3914664 out of 50000000
phase= 4 | nvar=407 | iter=  0 | nll=-1.87e+04 | mag=3.56e+04 | par[192]=S_pars_est[95]
DEBUG: Total gradient stack used is 410653 out of 10000000
DEBUG: Total dvariable address used is 2087 out of 150000
DEBUG: Total dvariable address used is 3914664 out of 50000000
DEBUG: Total gradient stack used is 410653 out of 10000000
DEBUG: Total dvariable address used is 2087 out of 150000
DEBUG: Total dvariable address used is 3914664 out of 50000000
DEBUG: Total gradient stack used is 410653 out of 10000000
DEBUG: Total dvariable address used is 2087 out of 150000
DEBUG: Total dvariable address used is 3914664 out of 50000000
DEBUG: Total gradient stack used is 410653 out of 10000000
DEBUG: Total dvariable address used is 2087 out of 150000
DEBUG: Total dvariable address used is 3914664 out of 50000000
DEBUG: Total gradient stack used is 410653 out of 10000000
DEBUG: Total dvariable address used is 2087 out of 150000
DEBUG: Total dvariable address used is 3914664 out of 50000000
DEBUG: Total gradient stack used is 410653 out of 10000000
DEBUG: Total dvariable address used is 2087 out of 150000
DEBUG: Total dvariable address used is 3914664 out of 50000000
DEBUG: Total gradient stack used is 410675 out of 10000000
DEBUG: Total dvariable address used is 2087 out of 150000
DEBUG: Total dvariable address used is 3914664 out of 50000000
DEBUG: Total gradient stack used is 410510 out of 10000000
DEBUG: Total dvariable address used is 2087 out of 150000
DEBUG: Total dvariable address used is 3914664 out of 50000000
DEBUG: Total gradient stack used is 410523 out of 10000000
DEBUG: Total dvariable address used is 2087 out of 150000
DEBUG: Total dvariable address used is 3914664 out of 50000000
DEBUG: Total gradient stack used is 410539 out of 10000000
DEBUG: Total dvariable address used is 2087 out of 150000
DEBUG: Total dvariable address used is 3914664 out of 50000000
DEBUG: Total gradient stack used is 410502 out of 10000000
DEBUG: Total dvariable address used is 2087 out of 150000
DEBUG: Total dvariable address used is 3914664 out of 50000000
DEBUG: Total gradient stack used is 410639 out of 10000000
DEBUG: Total dvariable address used is 2087 out of 150000
DEBUG: Total dvariable address used is 3914664 out of 50000000
DEBUG: Total gradient stack used is 410639 out of 10000000
DEBUG: Total dvariable address used is 2087 out of 150000
DEBUG: Total dvariable address used is 3914664 out of 50000000
DEBUG: Total gradient stack used is 410489 out of 10000000
DEBUG: Total dvariable address used is 2087 out of 150000
DEBUG: Total dvariable address used is 3914664 out of 50000000
DEBUG: Total gradient stack used is 410477 out of 10000000
DEBUG: Total dvariable address used is 2087 out of 150000
DEBUG: Total dvariable address used is 3914664 out of 50000000
DEBUG: Total gradient stack used is 410474 out of 10000000
DEBUG: Total dvariable address used is 2087 out of 150000
DEBUG: Total dvariable address used is 3914664 out of 50000000
DEBUG: Total gradient stack used is 410469 out of 10000000
DEBUG: Total dvariable address used is 2087 out of 150000
DEBUG: Total dvariable address used is 3914664 out of 50000000
DEBUG: Total gradient stack used is 410453 out of 10000000
DEBUG: Total dvariable address used is 2087 out of 150000
DEBUG: Total dvariable address used is 3914664 out of 50000000
DEBUG: Total gradient stack used is 410480 out of 10000000
DEBUG: Total dvariable address used is 2087 out of 150000
DEBUG: Total dvariable address used is 3914664 out of 50000000
DEBUG: Total gradient stack used is 410590 out of 10000000
DEBUG: Total dvariable address used is 2087 out of 150000
DEBUG: Total dvariable address used is 3914664 out of 50000000
DEBUG: Total gradient stack used is 410619 out of 10000000
DEBUG: Total dvariable address used is 2087 out of 150000
DEBUG: Total dvariable address used is 3914664 out of 50000000
DEBUG: Total gradient stack used is 410592 out of 10000000
DEBUG: Total dvariable address used is 2087 out of 150000
DEBUG: Total dvariable address used is 3914664 out of 50000000
DEBUG: Total gradient stack used is 410615 out of 10000000
DEBUG: Total dvariable address used is 2087 out of 150000
DEBUG: Total dvariable address used is 3914664 out of 50000000
DEBUG: Total gradient stack used is 410602 out of 10000000
DEBUG: Total dvariable address used is 2087 out of 150000
DEBUG: Total dvariable address used is 3914664 out of 50000000
DEBUG: Total gradient stack used is 410697 out of 10000000
DEBUG: Total dvariable address used is 2087 out of 150000
DEBUG: Total dvariable address used is 3914664 out of 50000000
DEBUG: Total gradient stack used is 410707 out of 10000000
DEBUG: Total dvariable address used is 2087 out of 150000
DEBUG: Total dvariable address used is 3914664 out of 50000000
phase= 4 | nvar=407 | iter= 20 | nll=-1.90e+04 | mag=1.38e+04 | par[192]=S_pars_est[95]
DEBUG: Total gradient stack used is 410698 out of 10000000
DEBUG: Total dvariable address used is 2087 out of 150000
DEBUG: Total dvariable address used is 3914664 out of 50000000
DEBUG: Total gradient stack used is 410678 out of 10000000
DEBUG: Total dvariable address used is 2087 out of 150000
DEBUG: Total dvariable address used is 3914664 out of 50000000
DEBUG: Total gradient stack used is 410446 out of 10000000
DEBUG: Total dvariable address used is 2087 out of 150000
DEBUG: Total dvariable address used is 3914664 out of 50000000
DEBUG: Total gradient stack used is 410686 out of 10000000
DEBUG: Total dvariable address used is 2087 out of 150000
DEBUG: Total dvariable address used is 3914664 out of 50000000
DEBUG: Total gradient stack used is 410578 out of 10000000
DEBUG: Total dvariable address used is 2087 out of 150000
DEBUG: Total dvariable address used is 3914664 out of 50000000
DEBUG: Total gradient stack used is 410613 out of 10000000
DEBUG: Total dvariable address used is 2087 out of 150000
DEBUG: Total dvariable address used is 3914664 out of 50000000
DEBUG: Total gradient stack used is 410595 out of 10000000
DEBUG: Total dvariable address used is 2087 out of 150000
DEBUG: Total dvariable address used is 3914664 out of 50000000
DEBUG: Total gradient stack used is 410629 out of 10000000
DEBUG: Total dvariable address used is 2087 out of 150000
DEBUG: Total dvariable address used is 3914664 out of 50000000
DEBUG: Total gradient stack used is 410646 out of 10000000
DEBUG: Total dvariable address used is 2087 out of 150000
DEBUG: Total dvariable address used is 3914664 out of 50000000
DEBUG: Total gradient stack used is 410647 out of 10000000
DEBUG: Total dvariable address used is 2087 out of 150000
DEBUG: Total dvariable address used is 3914664 out of 50000000
DEBUG: Total gradient stack used is 410664 out of 10000000
DEBUG: Total dvariable address used is 2087 out of 150000
DEBUG: Total dvariable address used is 3914664 out of 50000000
DEBUG: Total gradient stack used is 410666 out of 10000000
DEBUG: Total dvariable address used is 2087 out of 150000
DEBUG: Total dvariable address used is 3914664 out of 50000000
DEBUG: Total gradient stack used is 410677 out of 10000000
DEBUG: Total dvariable address used is 2087 out of 150000
DEBUG: Total dvariable address used is 3914664 out of 50000000
DEBUG: Total gradient stack used is 410666 out of 10000000
DEBUG: Total dvariable address used is 2087 out of 150000
DEBUG: Total dvariable address used is 3914664 out of 50000000
DEBUG: Total gradient stack used is 410678 out of 10000000
DEBUG: Total dvariable address used is 2087 out of 150000
DEBUG: Total dvariable address used is 3914664 out of 50000000
DEBUG: Total gradient stack used is 410658 out of 10000000
DEBUG: Total dvariable address used is 2087 out of 150000
DEBUG: Total dvariable address used is 3914664 out of 50000000
DEBUG: Total gradient stack used is 410666 out of 10000000
DEBUG: Total dvariable address used is 2087 out of 150000
DEBUG: Total dvariable address used is 3914664 out of 50000000
DEBUG: Total gradient stack used is 410669 out of 10000000
DEBUG: Total dvariable address used is 2087 out of 150000
DEBUG: Total dvariable address used is 3914664 out of 50000000
DEBUG: Total gradient stack used is 410677 out of 10000000
DEBUG: Total dvariable address used is 2087 out of 150000
DEBUG: Total dvariable address used is 3914664 out of 50000000
DEBUG: Total gradient stack used is 410697 out of 10000000
DEBUG: Total dvariable address used is 2087 out of 150000
DEBUG: Total dvariable address used is 3914664 out of 50000000
phase= 4 | nvar=407 | iter= 40 | nll=-1.90e+04 | mag=6.19e+03 | par[192]=S_pars_est[95]
DEBUG: Total gradient stack used is 410693 out of 10000000
DEBUG: Total dvariable address used is 2087 out of 150000
DEBUG: Total dvariable address used is 3914664 out of 50000000
DEBUG: Total gradient stack used is 410757 out of 10000000
DEBUG: Total dvariable address used is 2087 out of 150000
DEBUG: Total dvariable address used is 3914664 out of 50000000
DEBUG: Total gradient stack used is 410434 out of 10000000
DEBUG: Total dvariable address used is 2087 out of 150000
DEBUG: Total dvariable address used is 3914664 out of 50000000
DEBUG: Total gradient stack used is 410432 out of 10000000
DEBUG: Total dvariable address used is 2087 out of 150000
DEBUG: Total dvariable address used is 3914664 out of 50000000
DEBUG: Total gradient stack used is 410463 out of 10000000
DEBUG: Total dvariable address used is 2087 out of 150000
DEBUG: Total dvariable address used is 3914664 out of 50000000
DEBUG: Total gradient stack used is 410479 out of 10000000
DEBUG: Total dvariable address used is 2087 out of 150000
DEBUG: Total dvariable address used is 3914664 out of 50000000
DEBUG: Total gradient stack used is 410520 out of 10000000
DEBUG: Total dvariable address used is 2087 out of 150000
DEBUG: Total dvariable address used is 3914664 out of 50000000
DEBUG: Total gradient stack used is 410515 out of 10000000
DEBUG: Total dvariable address used is 2087 out of 150000
DEBUG: Total dvariable address used is 3914664 out of 50000000
DEBUG: Total gradient stack used is 410542 out of 10000000
DEBUG: Total dvariable address used is 2087 out of 150000
DEBUG: Total dvariable address used is 3914664 out of 50000000
DEBUG: Total gradient stack used is 410547 out of 10000000
DEBUG: Total dvariable address used is 2087 out of 150000
DEBUG: Total dvariable address used is 3914664 out of 50000000
DEBUG: Total gradient stack used is 410551 out of 10000000
DEBUG: Total dvariable address used is 2087 out of 150000
DEBUG: Total dvariable address used is 3914664 out of 50000000
DEBUG: Total gradient stack used is 410546 out of 10000000
DEBUG: Total dvariable address used is 2087 out of 150000
DEBUG: Total dvariable address used is 3914664 out of 50000000
DEBUG: Total gradient stack used is 410557 out of 10000000
DEBUG: Total dvariable address used is 2087 out of 150000
DEBUG: Total dvariable address used is 3914664 out of 50000000
DEBUG: Total gradient stack used is 410560 out of 10000000
DEBUG: Total dvariable address used is 2087 out of 150000
DEBUG: Total dvariable address used is 3914664 out of 50000000
DEBUG: Total gradient stack used is 410560 out of 10000000
DEBUG: Total dvariable address used is 2087 out of 150000
DEBUG: Total dvariable address used is 3914664 out of 50000000
DEBUG: Total gradient stack used is 410554 out of 10000000
DEBUG: Total dvariable address used is 2087 out of 150000
DEBUG: Total dvariable address used is 3914664 out of 50000000
DEBUG: Total gradient stack used is 410540 out of 10000000
DEBUG: Total dvariable address used is 2087 out of 150000
DEBUG: Total dvariable address used is 3914664 out of 50000000
DEBUG: Total gradient stack used is 410532 out of 10000000
DEBUG: Total dvariable address used is 2087 out of 150000
DEBUG: Total dvariable address used is 3914664 out of 50000000
DEBUG: Total gradient stack used is 410538 out of 10000000
DEBUG: Total dvariable address used is 2087 out of 150000
DEBUG: Total dvariable address used is 3914664 out of 50000000
DEBUG: Total gradient stack used is 410527 out of 10000000
DEBUG: Total dvariable address used is 2087 out of 150000
DEBUG: Total dvariable address used is 3914664 out of 50000000
DEBUG: Total gradient stack used is 410536 out of 10000000
DEBUG: Total dvariable address used is 2087 out of 150000
DEBUG: Total dvariable address used is 3914664 out of 50000000
phase= 4 | nvar=407 | iter= 60 | nll=-1.91e+04 | mag=1.80e+04 | par[  1]=T_pars_est[3]
DEBUG: Total gradient stack used is 410536 out of 10000000
DEBUG: Total dvariable address used is 2087 out of 150000
DEBUG: Total dvariable address used is 3914664 out of 50000000
DEBUG: Total gradient stack used is 410533 out of 10000000
DEBUG: Total dvariable address used is 2087 out of 150000
DEBUG: Total dvariable address used is 3914664 out of 50000000
DEBUG: Total gradient stack used is 410533 out of 10000000
DEBUG: Total dvariable address used is 2087 out of 150000
DEBUG: Total dvariable address used is 3914664 out of 50000000
DEBUG: Total gradient stack used is 410547 out of 10000000
DEBUG: Total dvariable address used is 2087 out of 150000
DEBUG: Total dvariable address used is 3914664 out of 50000000
DEBUG: Total gradient stack used is 410535 out of 10000000
DEBUG: Total dvariable address used is 2087 out of 150000
DEBUG: Total dvariable address used is 3914664 out of 50000000
DEBUG: Total gradient stack used is 410540 out of 10000000
DEBUG: Total dvariable address used is 2087 out of 150000
DEBUG: Total dvariable address used is 3914664 out of 50000000
DEBUG: Total gradient stack used is 410554 out of 10000000
DEBUG: Total dvariable address used is 2087 out of 150000
DEBUG: Total dvariable address used is 3914664 out of 50000000
DEBUG: Total gradient stack used is 410553 out of 10000000
DEBUG: Total dvariable address used is 2087 out of 150000
DEBUG: Total dvariable address used is 3914664 out of 50000000
DEBUG: Total gradient stack used is 410567 out of 10000000
DEBUG: Total dvariable address used is 2087 out of 150000
DEBUG: Total dvariable address used is 3914664 out of 50000000
DEBUG: Total gradient stack used is 410564 out of 10000000
DEBUG: Total dvariable address used is 2087 out of 150000
DEBUG: Total dvariable address used is 3914664 out of 50000000
DEBUG: Total gradient stack used is 410564 out of 10000000
DEBUG: Total dvariable address used is 2087 out of 150000
DEBUG: Total dvariable address used is 3914664 out of 50000000
DEBUG: Total gradient stack used is 410581 out of 10000000
DEBUG: Total dvariable address used is 2087 out of 150000
DEBUG: Total dvariable address used is 3914664 out of 50000000
DEBUG: Total gradient stack used is 410581 out of 10000000
DEBUG: Total dvariable address used is 2087 out of 150000
DEBUG: Total dvariable address used is 3914664 out of 50000000
DEBUG: Total gradient stack used is 410581 out of 10000000
DEBUG: Total dvariable address used is 2087 out of 150000
DEBUG: Total dvariable address used is 3914664 out of 50000000
DEBUG: Total gradient stack used is 410578 out of 10000000
DEBUG: Total dvariable address used is 2087 out of 150000
DEBUG: Total dvariable address used is 3914664 out of 50000000
DEBUG: Total gradient stack used is 410578 out of 10000000
DEBUG: Total dvariable address used is 2087 out of 150000
DEBUG: Total dvariable address used is 3914664 out of 50000000
DEBUG: Total gradient stack used is 410589 out of 10000000
DEBUG: Total dvariable address used is 2087 out of 150000
DEBUG: Total dvariable address used is 3914664 out of 50000000
DEBUG: Total gradient stack used is 410583 out of 10000000
DEBUG: Total dvariable address used is 2087 out of 150000
DEBUG: Total dvariable address used is 3914664 out of 50000000
DEBUG: Total gradient stack used is 410586 out of 10000000
DEBUG: Total dvariable address used is 2087 out of 150000
DEBUG: Total dvariable address used is 3914664 out of 50000000
DEBUG: Total gradient stack used is 410586 out of 10000000
DEBUG: Total dvariable address used is 2087 out of 150000
DEBUG: Total dvariable address used is 3914664 out of 50000000
phase= 4 | nvar=407 | iter= 80 | nll=-1.91e+04 | mag=1.92e+04 | par[  1]=T_pars_est[3]
DEBUG: Total gradient stack used is 410597 out of 10000000
DEBUG: Total dvariable address used is 2087 out of 150000
DEBUG: Total dvariable address used is 3914664 out of 50000000
DEBUG: Total gradient stack used is 410597 out of 10000000
DEBUG: Total dvariable address used is 2087 out of 150000
DEBUG: Total dvariable address used is 3914664 out of 50000000
DEBUG: Total gradient stack used is 410594 out of 10000000
DEBUG: Total dvariable address used is 2087 out of 150000
DEBUG: Total dvariable address used is 3914664 out of 50000000
DEBUG: Total gradient stack used is 410594 out of 10000000
DEBUG: Total dvariable address used is 2087 out of 150000
DEBUG: Total dvariable address used is 3914664 out of 50000000
DEBUG: Total gradient stack used is 410591 out of 10000000
DEBUG: Total dvariable address used is 2087 out of 150000
DEBUG: Total dvariable address used is 3914664 out of 50000000
DEBUG: Total gradient stack used is 410594 out of 10000000
DEBUG: Total dvariable address used is 2087 out of 150000
DEBUG: Total dvariable address used is 3914664 out of 50000000
DEBUG: Total gradient stack used is 410594 out of 10000000
DEBUG: Total dvariable address used is 2087 out of 150000
DEBUG: Total dvariable address used is 3914664 out of 50000000
DEBUG: Total gradient stack used is 410594 out of 10000000
DEBUG: Total dvariable address used is 2087 out of 150000
DEBUG: Total dvariable address used is 3914664 out of 50000000
DEBUG: Total gradient stack used is 410594 out of 10000000
DEBUG: Total dvariable address used is 2087 out of 150000
DEBUG: Total dvariable address used is 3914664 out of 50000000
DEBUG: Total gradient stack used is 410591 out of 10000000
DEBUG: Total dvariable address used is 2087 out of 150000
DEBUG: Total dvariable address used is 3914664 out of 50000000
DEBUG: Total gradient stack used is 410591 out of 10000000
DEBUG: Total dvariable address used is 2087 out of 150000
DEBUG: Total dvariable address used is 3914664 out of 50000000
DEBUG: Total gradient stack used is 410591 out of 10000000
DEBUG: Total dvariable address used is 2087 out of 150000
DEBUG: Total dvariable address used is 3914664 out of 50000000
DEBUG: Total gradient stack used is 410591 out of 10000000
DEBUG: Total dvariable address used is 2087 out of 150000
DEBUG: Total dvariable address used is 3914664 out of 50000000
DEBUG: Total gradient stack used is 410591 out of 10000000
DEBUG: Total dvariable address used is 2087 out of 150000
DEBUG: Total dvariable address used is 3914664 out of 50000000
DEBUG: Total gradient stack used is 410594 out of 10000000
DEBUG: Total dvariable address used is 2087 out of 150000
DEBUG: Total dvariable address used is 3914664 out of 50000000
DEBUG: Total gradient stack used is 410591 out of 10000000
DEBUG: Total dvariable address used is 2087 out of 150000
DEBUG: Total dvariable address used is 3914664 out of 50000000
DEBUG: Total gradient stack used is 410591 out of 10000000
DEBUG: Total dvariable address used is 2087 out of 150000
DEBUG: Total dvariable address used is 3914664 out of 50000000
DEBUG: Total gradient stack used is 410591 out of 10000000
DEBUG: Total dvariable address used is 2087 out of 150000
DEBUG: Total dvariable address used is 3914664 out of 50000000
DEBUG: Total gradient stack used is 410591 out of 10000000
DEBUG: Total dvariable address used is 2087 out of 150000
DEBUG: Total dvariable address used is 3914664 out of 50000000
DEBUG: Total gradient stack used is 410594 out of 10000000
DEBUG: Total dvariable address used is 2087 out of 150000
DEBUG: Total dvariable address used is 3914664 out of 50000000
phase= 4 | nvar=407 | iter=100 | nll=-1.91e+04 | mag=2.01e+04 | par[  1]=T_pars_est[3]
DEBUG: Total gradient stack used is 410591 out of 10000000
DEBUG: Total dvariable address used is 2087 out of 150000
DEBUG: Total dvariable address used is 3914664 out of 50000000
DEBUG: Total gradient stack used is 410591 out of 10000000
DEBUG: Total dvariable address used is 2087 out of 150000
DEBUG: Total dvariable address used is 3914664 out of 50000000
DEBUG: Total gradient stack used is 410594 out of 10000000
DEBUG: Total dvariable address used is 2087 out of 150000
DEBUG: Total dvariable address used is 3914664 out of 50000000
DEBUG: Total gradient stack used is 410591 out of 10000000
DEBUG: Total dvariable address used is 2087 out of 150000
DEBUG: Total dvariable address used is 3914664 out of 50000000
DEBUG: Total gradient stack used is 410591 out of 10000000
DEBUG: Total dvariable address used is 2087 out of 150000
DEBUG: Total dvariable address used is 3914664 out of 50000000
DEBUG: Total gradient stack used is 410594 out of 10000000
DEBUG: Total dvariable address used is 2087 out of 150000
DEBUG: Total dvariable address used is 3914664 out of 50000000
DEBUG: Total gradient stack used is 410591 out of 10000000
DEBUG: Total dvariable address used is 2087 out of 150000
DEBUG: Total dvariable address used is 3914664 out of 50000000
DEBUG: Total gradient stack used is 410591 out of 10000000
DEBUG: Total dvariable address used is 2087 out of 150000
DEBUG: Total dvariable address used is 3914664 out of 50000000
DEBUG: Total gradient stack used is 410591 out of 10000000
DEBUG: Total dvariable address used is 2087 out of 150000
DEBUG: Total dvariable address used is 3914664 out of 50000000
DEBUG: Total gradient stack used is 410591 out of 10000000
DEBUG: Total dvariable address used is 2087 out of 150000
DEBUG: Total dvariable address used is 3914664 out of 50000000
DEBUG: Total gradient stack used is 410591 out of 10000000
DEBUG: Total dvariable address used is 2087 out of 150000
DEBUG: Total dvariable address used is 3914664 out of 50000000
DEBUG: Total gradient stack used is 410588 out of 10000000
DEBUG: Total dvariable address used is 2087 out of 150000
DEBUG: Total dvariable address used is 3914664 out of 50000000
DEBUG: Total gradient stack used is 410591 out of 10000000
DEBUG: Total dvariable address used is 2087 out of 150000
DEBUG: Total dvariable address used is 3914664 out of 50000000
DEBUG: Total gradient stack used is 410591 out of 10000000
DEBUG: Total dvariable address used is 2087 out of 150000
DEBUG: Total dvariable address used is 3914664 out of 50000000
DEBUG: Total gradient stack used is 410591 out of 10000000
DEBUG: Total dvariable address used is 2087 out of 150000
DEBUG: Total dvariable address used is 3914664 out of 50000000
DEBUG: Total gradient stack used is 410591 out of 10000000
DEBUG: Total dvariable address used is 2087 out of 150000
DEBUG: Total dvariable address used is 3914664 out of 50000000
DEBUG: Total gradient stack used is 410591 out of 10000000
DEBUG: Total dvariable address used is 2087 out of 150000
DEBUG: Total dvariable address used is 3914664 out of 50000000
DEBUG: Total gradient stack used is 410591 out of 10000000
DEBUG: Total dvariable address used is 2087 out of 150000
DEBUG: Total dvariable address used is 3914664 out of 50000000
DEBUG: Total gradient stack used is 410591 out of 10000000
DEBUG: Total dvariable address used is 2087 out of 150000
DEBUG: Total dvariable address used is 3914664 out of 50000000
DEBUG: Total gradient stack used is 410594 out of 10000000
DEBUG: Total dvariable address used is 2087 out of 150000
DEBUG: Total dvariable address used is 3914664 out of 50000000
phase= 4 | nvar=407 | iter=120 | nll=-1.91e+04 | mag=2.05e+04 | par[  1]=T_pars_est[3]
DEBUG: Total gradient stack used is 410591 out of 10000000
DEBUG: Total dvariable address used is 2087 out of 150000
DEBUG: Total dvariable address used is 3914664 out of 50000000
DEBUG: Total gradient stack used is 410591 out of 10000000
DEBUG: Total dvariable address used is 2087 out of 150000
DEBUG: Total dvariable address used is 3914664 out of 50000000
DEBUG: Total gradient stack used is 410594 out of 10000000
DEBUG: Total dvariable address used is 2087 out of 150000
DEBUG: Total dvariable address used is 3914664 out of 50000000
DEBUG: Total gradient stack used is 410594 out of 10000000
DEBUG: Total dvariable address used is 2087 out of 150000
DEBUG: Total dvariable address used is 3914664 out of 50000000
DEBUG: Total gradient stack used is 410594 out of 10000000
DEBUG: Total dvariable address used is 2087 out of 150000
DEBUG: Total dvariable address used is 3914664 out of 50000000
DEBUG: Total gradient stack used is 410594 out of 10000000
DEBUG: Total dvariable address used is 2087 out of 150000
DEBUG: Total dvariable address used is 3914664 out of 50000000
DEBUG: Total gradient stack used is 410594 out of 10000000
DEBUG: Total dvariable address used is 2087 out of 150000
DEBUG: Total dvariable address used is 3914664 out of 50000000
DEBUG: Total gradient stack used is 410594 out of 10000000
DEBUG: Total dvariable address used is 2087 out of 150000
DEBUG: Total dvariable address used is 3914664 out of 50000000
DEBUG: Total gradient stack used is 410597 out of 10000000
DEBUG: Total dvariable address used is 2087 out of 150000
DEBUG: Total dvariable address used is 3914664 out of 50000000
DEBUG: Total gradient stack used is 410597 out of 10000000
DEBUG: Total dvariable address used is 2087 out of 150000
DEBUG: Total dvariable address used is 3914664 out of 50000000
DEBUG: Total gradient stack used is 410597 out of 10000000
DEBUG: Total dvariable address used is 2087 out of 150000
DEBUG: Total dvariable address used is 3914664 out of 50000000
DEBUG: Total gradient stack used is 410594 out of 10000000
DEBUG: Total dvariable address used is 2087 out of 150000
DEBUG: Total dvariable address used is 3914664 out of 50000000
DEBUG: Total gradient stack used is 410594 out of 10000000
DEBUG: Total dvariable address used is 2087 out of 150000
DEBUG: Total dvariable address used is 3914664 out of 50000000
DEBUG: Total gradient stack used is 410611 out of 10000000
DEBUG: Total dvariable address used is 2087 out of 150000
DEBUG: Total dvariable address used is 3914664 out of 50000000
DEBUG: Total gradient stack used is 410597 out of 10000000
DEBUG: Total dvariable address used is 2087 out of 150000
DEBUG: Total dvariable address used is 3914664 out of 50000000
DEBUG: Total gradient stack used is 410597 out of 10000000
DEBUG: Total dvariable address used is 2087 out of 150000
DEBUG: Total dvariable address used is 3914664 out of 50000000
DEBUG: Total gradient stack used is 410594 out of 10000000
DEBUG: Total dvariable address used is 2087 out of 150000
DEBUG: Total dvariable address used is 3914664 out of 50000000
DEBUG: Total gradient stack used is 410594 out of 10000000
DEBUG: Total dvariable address used is 2087 out of 150000
DEBUG: Total dvariable address used is 3914664 out of 50000000
DEBUG: Total gradient stack used is 410575 out of 10000000
DEBUG: Total dvariable address used is 2087 out of 150000
DEBUG: Total dvariable address used is 3914664 out of 50000000
DEBUG: Total gradient stack used is 410556 out of 10000000
DEBUG: Total dvariable address used is 2087 out of 150000
DEBUG: Total dvariable address used is 3914664 out of 50000000
phase= 4 | nvar=407 | iter=140 | nll=-1.91e+04 | mag=2.05e+04 | par[  1]=T_pars_est[3]
DEBUG: Total gradient stack used is 410584 out of 10000000
DEBUG: Total dvariable address used is 2087 out of 150000
DEBUG: Total dvariable address used is 3914664 out of 50000000
DEBUG: Total gradient stack used is 410565 out of 10000000
DEBUG: Total dvariable address used is 2087 out of 150000
DEBUG: Total dvariable address used is 3914664 out of 50000000
DEBUG: Total gradient stack used is 410560 out of 10000000
DEBUG: Total dvariable address used is 2087 out of 150000
DEBUG: Total dvariable address used is 3914664 out of 50000000
DEBUG: Total gradient stack used is 410540 out of 10000000
DEBUG: Total dvariable address used is 2087 out of 150000
DEBUG: Total dvariable address used is 3914664 out of 50000000
DEBUG: Total gradient stack used is 410544 out of 10000000
DEBUG: Total dvariable address used is 2087 out of 150000
DEBUG: Total dvariable address used is 3914664 out of 50000000
DEBUG: Total gradient stack used is 410547 out of 10000000
DEBUG: Total dvariable address used is 2087 out of 150000
DEBUG: Total dvariable address used is 3914664 out of 50000000
DEBUG: Total gradient stack used is 410538 out of 10000000
DEBUG: Total dvariable address used is 2087 out of 150000
DEBUG: Total dvariable address used is 3914664 out of 50000000
DEBUG: Total gradient stack used is 410538 out of 10000000
DEBUG: Total dvariable address used is 2087 out of 150000
DEBUG: Total dvariable address used is 3914664 out of 50000000
DEBUG: Total gradient stack used is 410547 out of 10000000
DEBUG: Total dvariable address used is 2087 out of 150000
DEBUG: Total dvariable address used is 3914664 out of 50000000
DEBUG: Total gradient stack used is 410538 out of 10000000
DEBUG: Total dvariable address used is 2087 out of 150000
DEBUG: Total dvariable address used is 3914664 out of 50000000
DEBUG: Total gradient stack used is 410547 out of 10000000
DEBUG: Total dvariable address used is 2087 out of 150000
DEBUG: Total dvariable address used is 3914664 out of 50000000
DEBUG: Total gradient stack used is 410538 out of 10000000
DEBUG: Total dvariable address used is 2087 out of 150000
DEBUG: Total dvariable address used is 3914664 out of 50000000
DEBUG: Total gradient stack used is 410538 out of 10000000
DEBUG: Total dvariable address used is 2087 out of 150000
DEBUG: Total dvariable address used is 3914664 out of 50000000
DEBUG: Total gradient stack used is 410538 out of 10000000
DEBUG: Total dvariable address used is 2087 out of 150000
DEBUG: Total dvariable address used is 3914664 out of 50000000
DEBUG: Total gradient stack used is 410519 out of 10000000
DEBUG: Total dvariable address used is 2087 out of 150000
DEBUG: Total dvariable address used is 3914664 out of 50000000
DEBUG: Total gradient stack used is 410536 out of 10000000
DEBUG: Total dvariable address used is 2087 out of 150000
DEBUG: Total dvariable address used is 3914664 out of 50000000
DEBUG: Total gradient stack used is 410522 out of 10000000
DEBUG: Total dvariable address used is 2087 out of 150000
DEBUG: Total dvariable address used is 3914664 out of 50000000
DEBUG: Total gradient stack used is 410514 out of 10000000
DEBUG: Total dvariable address used is 2087 out of 150000
DEBUG: Total dvariable address used is 3914664 out of 50000000
DEBUG: Total gradient stack used is 410523 out of 10000000
DEBUG: Total dvariable address used is 2087 out of 150000
DEBUG: Total dvariable address used is 3914664 out of 50000000
DEBUG: Total gradient stack used is 410543 out of 10000000
DEBUG: Total dvariable address used is 2087 out of 150000
DEBUG: Total dvariable address used is 3914664 out of 50000000
phase= 4 | nvar=407 | iter=160 | nll=-1.91e+04 | mag=2.01e+04 | par[  1]=T_pars_est[3]
DEBUG: Total gradient stack used is 410551 out of 10000000
DEBUG: Total dvariable address used is 2087 out of 150000
DEBUG: Total dvariable address used is 3914664 out of 50000000
DEBUG: Total gradient stack used is 410543 out of 10000000
DEBUG: Total dvariable address used is 2087 out of 150000
DEBUG: Total dvariable address used is 3914664 out of 50000000
DEBUG: Total gradient stack used is 410548 out of 10000000
DEBUG: Total dvariable address used is 2087 out of 150000
DEBUG: Total dvariable address used is 3914664 out of 50000000
DEBUG: Total gradient stack used is 410534 out of 10000000
DEBUG: Total dvariable address used is 2087 out of 150000
DEBUG: Total dvariable address used is 3914664 out of 50000000
DEBUG: Total gradient stack used is 410554 out of 10000000
DEBUG: Total dvariable address used is 2087 out of 150000
DEBUG: Total dvariable address used is 3914664 out of 50000000
DEBUG: Total gradient stack used is 410554 out of 10000000
DEBUG: Total dvariable address used is 2087 out of 150000
DEBUG: Total dvariable address used is 3914664 out of 50000000
DEBUG: Total gradient stack used is 410540 out of 10000000
DEBUG: Total dvariable address used is 2087 out of 150000
DEBUG: Total dvariable address used is 3914664 out of 50000000
DEBUG: Total gradient stack used is 410551 out of 10000000
DEBUG: Total dvariable address used is 2087 out of 150000
DEBUG: Total dvariable address used is 3914664 out of 50000000
DEBUG: Total gradient stack used is 410548 out of 10000000
DEBUG: Total dvariable address used is 2087 out of 150000
DEBUG: Total dvariable address used is 3914664 out of 50000000
DEBUG: Total gradient stack used is 410548 out of 10000000
DEBUG: Total dvariable address used is 2087 out of 150000
DEBUG: Total dvariable address used is 3914664 out of 50000000
DEBUG: Total gradient stack used is 410554 out of 10000000
DEBUG: Total dvariable address used is 2087 out of 150000
DEBUG: Total dvariable address used is 3914664 out of 50000000
DEBUG: Total gradient stack used is 410554 out of 10000000
DEBUG: Total dvariable address used is 2087 out of 150000
DEBUG: Total dvariable address used is 3914664 out of 50000000
DEBUG: Total gradient stack used is 410557 out of 10000000
DEBUG: Total dvariable address used is 2087 out of 150000
DEBUG: Total dvariable address used is 3914664 out of 50000000
DEBUG: Total gradient stack used is 410554 out of 10000000
DEBUG: Total dvariable address used is 2087 out of 150000
DEBUG: Total dvariable address used is 3914664 out of 50000000
DEBUG: Total gradient stack used is 410554 out of 10000000
DEBUG: Total dvariable address used is 2087 out of 150000
DEBUG: Total dvariable address used is 3914664 out of 50000000
DEBUG: Total gradient stack used is 410554 out of 10000000
DEBUG: Total dvariable address used is 2087 out of 150000
DEBUG: Total dvariable address used is 3914664 out of 50000000
DEBUG: Total gradient stack used is 410554 out of 10000000
DEBUG: Total dvariable address used is 2087 out of 150000
DEBUG: Total dvariable address used is 3914664 out of 50000000
DEBUG: Total gradient stack used is 410554 out of 10000000
DEBUG: Total dvariable address used is 2087 out of 150000
DEBUG: Total dvariable address used is 3914664 out of 50000000
DEBUG: Total gradient stack used is 410554 out of 10000000
DEBUG: Total dvariable address used is 2087 out of 150000
DEBUG: Total dvariable address used is 3914664 out of 50000000
DEBUG: Total gradient stack used is 410554 out of 10000000
DEBUG: Total dvariable address used is 2087 out of 150000
DEBUG: Total dvariable address used is 3914664 out of 50000000
phase= 4 | nvar=407 | iter=180 | nll=-1.91e+04 | mag=2.11e+04 | par[  1]=T_pars_est[3]
DEBUG: Total gradient stack used is 410554 out of 10000000
DEBUG: Total dvariable address used is 2087 out of 150000
DEBUG: Total dvariable address used is 3914664 out of 50000000
DEBUG: Total gradient stack used is 410554 out of 10000000
DEBUG: Total dvariable address used is 2087 out of 150000
DEBUG: Total dvariable address used is 3914664 out of 50000000
DEBUG: Total gradient stack used is 410554 out of 10000000
DEBUG: Total dvariable address used is 2087 out of 150000
DEBUG: Total dvariable address used is 3914664 out of 50000000
DEBUG: Total gradient stack used is 410554 out of 10000000
DEBUG: Total dvariable address used is 2087 out of 150000
DEBUG: Total dvariable address used is 3914664 out of 50000000
DEBUG: Total gradient stack used is 410554 out of 10000000
DEBUG: Total dvariable address used is 2087 out of 150000
DEBUG: Total dvariable address used is 3914664 out of 50000000
DEBUG: Total gradient stack used is 410554 out of 10000000
DEBUG: Total dvariable address used is 2087 out of 150000
DEBUG: Total dvariable address used is 3914664 out of 50000000
DEBUG: Total gradient stack used is 410557 out of 10000000
DEBUG: Total dvariable address used is 2087 out of 150000
DEBUG: Total dvariable address used is 3914664 out of 50000000
DEBUG: Total gradient stack used is 410563 out of 10000000
DEBUG: Total dvariable address used is 2087 out of 150000
DEBUG: Total dvariable address used is 3914664 out of 50000000
DEBUG: Total gradient stack used is 410552 out of 10000000
DEBUG: Total dvariable address used is 2087 out of 150000
DEBUG: Total dvariable address used is 3914664 out of 50000000
DEBUG: Total gradient stack used is 410563 out of 10000000
DEBUG: Total dvariable address used is 2087 out of 150000
DEBUG: Total dvariable address used is 3914664 out of 50000000
DEBUG: Total gradient stack used is 410563 out of 10000000
DEBUG: Total dvariable address used is 2087 out of 150000
DEBUG: Total dvariable address used is 3914664 out of 50000000
DEBUG: Total gradient stack used is 410563 out of 10000000
DEBUG: Total dvariable address used is 2087 out of 150000
DEBUG: Total dvariable address used is 3914664 out of 50000000
DEBUG: Total gradient stack used is 410554 out of 10000000
DEBUG: Total dvariable address used is 2087 out of 150000
DEBUG: Total dvariable address used is 3914664 out of 50000000
DEBUG: Total gradient stack used is 410540 out of 10000000
DEBUG: Total dvariable address used is 2087 out of 150000
DEBUG: Total dvariable address used is 3914664 out of 50000000
DEBUG: Total gradient stack used is 410526 out of 10000000
DEBUG: Total dvariable address used is 2087 out of 150000
DEBUG: Total dvariable address used is 3914664 out of 50000000
DEBUG: Total gradient stack used is 410540 out of 10000000
DEBUG: Total dvariable address used is 2087 out of 150000
DEBUG: Total dvariable address used is 3914664 out of 50000000
DEBUG: Total gradient stack used is 410540 out of 10000000
DEBUG: Total dvariable address used is 2087 out of 150000
DEBUG: Total dvariable address used is 3914664 out of 50000000
DEBUG: Total gradient stack used is 410537 out of 10000000
DEBUG: Total dvariable address used is 2087 out of 150000
DEBUG: Total dvariable address used is 3914664 out of 50000000
DEBUG: Total gradient stack used is 410520 out of 10000000
DEBUG: Total dvariable address used is 2087 out of 150000
DEBUG: Total dvariable address used is 3914664 out of 50000000
DEBUG: Total gradient stack used is 410514 out of 10000000
DEBUG: Total dvariable address used is 2087 out of 150000
DEBUG: Total dvariable address used is 3914664 out of 50000000
phase= 4 | nvar=407 | iter=200 | nll=-1.91e+04 | mag=1.79e+04 | par[  1]=T_pars_est[3]
DEBUG: Total gradient stack used is 410528 out of 10000000
DEBUG: Total dvariable address used is 2087 out of 150000
DEBUG: Total dvariable address used is 3914664 out of 50000000
DEBUG: Total gradient stack used is 410534 out of 10000000
DEBUG: Total dvariable address used is 2087 out of 150000
DEBUG: Total dvariable address used is 3914664 out of 50000000
DEBUG: Total gradient stack used is 410531 out of 10000000
DEBUG: Total dvariable address used is 2087 out of 150000
DEBUG: Total dvariable address used is 3914664 out of 50000000
DEBUG: Total gradient stack used is 410520 out of 10000000
DEBUG: Total dvariable address used is 2087 out of 150000
DEBUG: Total dvariable address used is 3914664 out of 50000000
DEBUG: Total gradient stack used is 410545 out of 10000000
DEBUG: Total dvariable address used is 2087 out of 150000
DEBUG: Total dvariable address used is 3914664 out of 50000000
DEBUG: Total gradient stack used is 410531 out of 10000000
DEBUG: Total dvariable address used is 2087 out of 150000
DEBUG: Total dvariable address used is 3914664 out of 50000000
DEBUG: Total gradient stack used is 410520 out of 10000000
DEBUG: Total dvariable address used is 2087 out of 150000
DEBUG: Total dvariable address used is 3914664 out of 50000000
DEBUG: Total gradient stack used is 410520 out of 10000000
DEBUG: Total dvariable address used is 2087 out of 150000
DEBUG: Total dvariable address used is 3914664 out of 50000000
DEBUG: Total gradient stack used is 410520 out of 10000000
DEBUG: Total dvariable address used is 2087 out of 150000
DEBUG: Total dvariable address used is 3914664 out of 50000000
DEBUG: Total gradient stack used is 410520 out of 10000000
DEBUG: Total dvariable address used is 2087 out of 150000
DEBUG: Total dvariable address used is 3914664 out of 50000000
DEBUG: Total gradient stack used is 410520 out of 10000000
DEBUG: Total dvariable address used is 2087 out of 150000
DEBUG: Total dvariable address used is 3914664 out of 50000000
DEBUG: Total gradient stack used is 410520 out of 10000000
DEBUG: Total dvariable address used is 2087 out of 150000
DEBUG: Total dvariable address used is 3914664 out of 50000000
DEBUG: Total gradient stack used is 410520 out of 10000000
DEBUG: Total dvariable address used is 2087 out of 150000
DEBUG: Total dvariable address used is 3914664 out of 50000000
DEBUG: Total gradient stack used is 410520 out of 10000000
DEBUG: Total dvariable address used is 2087 out of 150000
DEBUG: Total dvariable address used is 3914664 out of 50000000
DEBUG: Total gradient stack used is 410523 out of 10000000
DEBUG: Total dvariable address used is 2087 out of 150000
DEBUG: Total dvariable address used is 3914664 out of 50000000
DEBUG: Total gradient stack used is 410532 out of 10000000
DEBUG: Total dvariable address used is 2087 out of 150000
DEBUG: Total dvariable address used is 3914664 out of 50000000
DEBUG: Total gradient stack used is 410535 out of 10000000
DEBUG: Total dvariable address used is 2087 out of 150000
DEBUG: Total dvariable address used is 3914664 out of 50000000
DEBUG: Total gradient stack used is 410529 out of 10000000
DEBUG: Total dvariable address used is 2087 out of 150000
DEBUG: Total dvariable address used is 3914664 out of 50000000
DEBUG: Total gradient stack used is 410520 out of 10000000
DEBUG: Total dvariable address used is 2087 out of 150000
DEBUG: Total dvariable address used is 3914664 out of 50000000
DEBUG: Total gradient stack used is 410539 out of 10000000
DEBUG: Total dvariable address used is 2087 out of 150000
DEBUG: Total dvariable address used is 3914664 out of 50000000
phase= 4 | nvar=407 | iter=220 | nll=-1.91e+04 | mag=1.51e+04 | par[  1]=T_pars_est[3]
DEBUG: Total gradient stack used is 410522 out of 10000000
DEBUG: Total dvariable address used is 2087 out of 150000
DEBUG: Total dvariable address used is 3914664 out of 50000000
DEBUG: Total gradient stack used is 410525 out of 10000000
DEBUG: Total dvariable address used is 2087 out of 150000
DEBUG: Total dvariable address used is 3914664 out of 50000000
DEBUG: Total gradient stack used is 410511 out of 10000000
DEBUG: Total dvariable address used is 2087 out of 150000
DEBUG: Total dvariable address used is 3914664 out of 50000000
DEBUG: Total gradient stack used is 410523 out of 10000000
DEBUG: Total dvariable address used is 2087 out of 150000
DEBUG: Total dvariable address used is 3914664 out of 50000000
DEBUG: Total gradient stack used is 410523 out of 10000000
DEBUG: Total dvariable address used is 2087 out of 150000
DEBUG: Total dvariable address used is 3914664 out of 50000000
DEBUG: Total gradient stack used is 410514 out of 10000000
DEBUG: Total dvariable address used is 2087 out of 150000
DEBUG: Total dvariable address used is 3914664 out of 50000000
DEBUG: Total gradient stack used is 410531 out of 10000000
DEBUG: Total dvariable address used is 2087 out of 150000
DEBUG: Total dvariable address used is 3914664 out of 50000000
DEBUG: Total gradient stack used is 410528 out of 10000000
DEBUG: Total dvariable address used is 2087 out of 150000
DEBUG: Total dvariable address used is 3914664 out of 50000000
DEBUG: Total gradient stack used is 410531 out of 10000000
DEBUG: Total dvariable address used is 2087 out of 150000
DEBUG: Total dvariable address used is 3914664 out of 50000000
DEBUG: Total gradient stack used is 410517 out of 10000000
DEBUG: Total dvariable address used is 2087 out of 150000
DEBUG: Total dvariable address used is 3914664 out of 50000000
DEBUG: Total gradient stack used is 410523 out of 10000000
DEBUG: Total dvariable address used is 2087 out of 150000
DEBUG: Total dvariable address used is 3914664 out of 50000000
DEBUG: Total gradient stack used is 410523 out of 10000000
DEBUG: Total dvariable address used is 2087 out of 150000
DEBUG: Total dvariable address used is 3914664 out of 50000000
DEBUG: Total gradient stack used is 410517 out of 10000000
DEBUG: Total dvariable address used is 2087 out of 150000
DEBUG: Total dvariable address used is 3914664 out of 50000000
DEBUG: Total gradient stack used is 410514 out of 10000000
DEBUG: Total dvariable address used is 2087 out of 150000
DEBUG: Total dvariable address used is 3914664 out of 50000000
DEBUG: Total gradient stack used is 410514 out of 10000000
DEBUG: Total dvariable address used is 2087 out of 150000
DEBUG: Total dvariable address used is 3914664 out of 50000000
DEBUG: Total gradient stack used is 410517 out of 10000000
DEBUG: Total dvariable address used is 2087 out of 150000
DEBUG: Total dvariable address used is 3914664 out of 50000000
DEBUG: Total gradient stack used is 410520 out of 10000000
DEBUG: Total dvariable address used is 2087 out of 150000
DEBUG: Total dvariable address used is 3914664 out of 50000000
DEBUG: Total gradient stack used is 410520 out of 10000000
DEBUG: Total dvariable address used is 2087 out of 150000
DEBUG: Total dvariable address used is 3914664 out of 50000000
DEBUG: Total gradient stack used is 410523 out of 10000000
DEBUG: Total dvariable address used is 2087 out of 150000
DEBUG: Total dvariable address used is 3914664 out of 50000000
DEBUG: Total gradient stack used is 410517 out of 10000000
DEBUG: Total dvariable address used is 2087 out of 150000
DEBUG: Total dvariable address used is 3914664 out of 50000000
phase= 4 | nvar=407 | iter=240 | nll=-1.91e+04 | mag=1.44e+04 | par[  1]=T_pars_est[3]
DEBUG: Total gradient stack used is 410517 out of 10000000
DEBUG: Total dvariable address used is 2087 out of 150000
DEBUG: Total dvariable address used is 3914664 out of 50000000
DEBUG: Total gradient stack used is 410531 out of 10000000
DEBUG: Total dvariable address used is 2087 out of 150000
DEBUG: Total dvariable address used is 3914664 out of 50000000
DEBUG: Total gradient stack used is 410517 out of 10000000
DEBUG: Total dvariable address used is 2087 out of 150000
DEBUG: Total dvariable address used is 3914664 out of 50000000
DEBUG: Total gradient stack used is 410523 out of 10000000
DEBUG: Total dvariable address used is 2087 out of 150000
DEBUG: Total dvariable address used is 3914664 out of 50000000
DEBUG: Total gradient stack used is 410523 out of 10000000
DEBUG: Total dvariable address used is 2087 out of 150000
DEBUG: Total dvariable address used is 3914664 out of 50000000
DEBUG: Total gradient stack used is 410526 out of 10000000
DEBUG: Total dvariable address used is 2087 out of 150000
DEBUG: Total dvariable address used is 3914664 out of 50000000
DEBUG: Total gradient stack used is 410523 out of 10000000
DEBUG: Total dvariable address used is 2087 out of 150000
DEBUG: Total dvariable address used is 3914664 out of 50000000
DEBUG: Total gradient stack used is 410509 out of 10000000
DEBUG: Total dvariable address used is 2087 out of 150000
DEBUG: Total dvariable address used is 3914664 out of 50000000
DEBUG: Total gradient stack used is 410509 out of 10000000
DEBUG: Total dvariable address used is 2087 out of 150000
DEBUG: Total dvariable address used is 3914664 out of 50000000
DEBUG: Total gradient stack used is 410515 out of 10000000
DEBUG: Total dvariable address used is 2087 out of 150000
DEBUG: Total dvariable address used is 3914664 out of 50000000
DEBUG: Total gradient stack used is 410530 out of 10000000
DEBUG: Total dvariable address used is 2087 out of 150000
DEBUG: Total dvariable address used is 3914664 out of 50000000
DEBUG: Total gradient stack used is 410519 out of 10000000
DEBUG: Total dvariable address used is 2087 out of 150000
DEBUG: Total dvariable address used is 3914664 out of 50000000
DEBUG: Total gradient stack used is 410522 out of 10000000
DEBUG: Total dvariable address used is 2087 out of 150000
DEBUG: Total dvariable address used is 3914664 out of 50000000
DEBUG: Total gradient stack used is 410528 out of 10000000
DEBUG: Total dvariable address used is 2087 out of 150000
DEBUG: Total dvariable address used is 3914664 out of 50000000
DEBUG: Total gradient stack used is 410525 out of 10000000
DEBUG: Total dvariable address used is 2087 out of 150000
DEBUG: Total dvariable address used is 3914664 out of 50000000
DEBUG: Total gradient stack used is 410525 out of 10000000
DEBUG: Total dvariable address used is 2087 out of 150000
DEBUG: Total dvariable address used is 3914664 out of 50000000
DEBUG: Total gradient stack used is 410525 out of 10000000
DEBUG: Total dvariable address used is 2087 out of 150000
DEBUG: Total dvariable address used is 3914664 out of 50000000
DEBUG: Total gradient stack used is 410525 out of 10000000
DEBUG: Total dvariable address used is 2087 out of 150000
DEBUG: Total dvariable address used is 3914664 out of 50000000
DEBUG: Total gradient stack used is 410528 out of 10000000
DEBUG: Total dvariable address used is 2087 out of 150000
DEBUG: Total dvariable address used is 3914664 out of 50000000
DEBUG: Total gradient stack used is 410534 out of 10000000
DEBUG: Total dvariable address used is 2087 out of 150000
DEBUG: Total dvariable address used is 3914664 out of 50000000
DEBUG: Total gradient stack used is 410531 out of 10000000
DEBUG: Total dvariable address used is 2087 out of 150000
DEBUG: Total dvariable address used is 3914664 out of 50000000
phase= 4 | nvar=407 | iter=260 | nll=-1.92e+04 | mag=9.80e+03 | par[  1]=T_pars_est[3]
DEBUG: Total gradient stack used is 410531 out of 10000000
DEBUG: Total dvariable address used is 2087 out of 150000
DEBUG: Total dvariable address used is 3914664 out of 50000000
DEBUG: Total gradient stack used is 410531 out of 10000000
DEBUG: Total dvariable address used is 2087 out of 150000
DEBUG: Total dvariable address used is 3914664 out of 50000000
DEBUG: Total gradient stack used is 410528 out of 10000000
DEBUG: Total dvariable address used is 2087 out of 150000
DEBUG: Total dvariable address used is 3914664 out of 50000000
DEBUG: Total gradient stack used is 410528 out of 10000000
DEBUG: Total dvariable address used is 2087 out of 150000
DEBUG: Total dvariable address used is 3914664 out of 50000000
DEBUG: Total gradient stack used is 410531 out of 10000000
DEBUG: Total dvariable address used is 2087 out of 150000
DEBUG: Total dvariable address used is 3914664 out of 50000000
DEBUG: Total gradient stack used is 410531 out of 10000000
DEBUG: Total dvariable address used is 2087 out of 150000
DEBUG: Total dvariable address used is 3914664 out of 50000000
DEBUG: Total gradient stack used is 410531 out of 10000000
DEBUG: Total dvariable address used is 2087 out of 150000
DEBUG: Total dvariable address used is 3914664 out of 50000000
DEBUG: Total gradient stack used is 410528 out of 10000000
DEBUG: Total dvariable address used is 2087 out of 150000
DEBUG: Total dvariable address used is 3914664 out of 50000000
DEBUG: Total gradient stack used is 410528 out of 10000000
DEBUG: Total dvariable address used is 2087 out of 150000
DEBUG: Total dvariable address used is 3914664 out of 50000000
DEBUG: Total gradient stack used is 410528 out of 10000000
DEBUG: Total dvariable address used is 2087 out of 150000
DEBUG: Total dvariable address used is 3914664 out of 50000000
DEBUG: Total gradient stack used is 410528 out of 10000000
DEBUG: Total dvariable address used is 2087 out of 150000
DEBUG: Total dvariable address used is 3914664 out of 50000000
DEBUG: Total gradient stack used is 410528 out of 10000000
DEBUG: Total dvariable address used is 2087 out of 150000
DEBUG: Total dvariable address used is 3914664 out of 50000000
DEBUG: Total gradient stack used is 410531 out of 10000000
DEBUG: Total dvariable address used is 2087 out of 150000
DEBUG: Total dvariable address used is 3914664 out of 50000000
DEBUG: Total gradient stack used is 410531 out of 10000000
DEBUG: Total dvariable address used is 2087 out of 150000
DEBUG: Total dvariable address used is 3914664 out of 50000000
DEBUG: Total gradient stack used is 410528 out of 10000000
DEBUG: Total dvariable address used is 2087 out of 150000
DEBUG: Total dvariable address used is 3914664 out of 50000000
DEBUG: Total gradient stack used is 410528 out of 10000000
DEBUG: Total dvariable address used is 2087 out of 150000
DEBUG: Total dvariable address used is 3914664 out of 50000000
DEBUG: Total gradient stack used is 410528 out of 10000000
DEBUG: Total dvariable address used is 2087 out of 150000
DEBUG: Total dvariable address used is 3914664 out of 50000000
DEBUG: Total gradient stack used is 410528 out of 10000000
DEBUG: Total dvariable address used is 2087 out of 150000
DEBUG: Total dvariable address used is 3914664 out of 50000000
DEBUG: Total gradient stack used is 410528 out of 10000000
DEBUG: Total dvariable address used is 2087 out of 150000
DEBUG: Total dvariable address used is 3914664 out of 50000000
DEBUG: Total gradient stack used is 410531 out of 10000000
DEBUG: Total dvariable address used is 2087 out of 150000
DEBUG: Total dvariable address used is 3914664 out of 50000000
phase= 4 | nvar=407 | iter=280 | nll=-1.92e+04 | mag=9.51e+03 | par[  1]=T_pars_est[3]
DEBUG: Total gradient stack used is 410531 out of 10000000
DEBUG: Total dvariable address used is 2087 out of 150000
DEBUG: Total dvariable address used is 3914664 out of 50000000
DEBUG: Total gradient stack used is 410525 out of 10000000
DEBUG: Total dvariable address used is 2087 out of 150000
DEBUG: Total dvariable address used is 3914664 out of 50000000
DEBUG: Total gradient stack used is 410525 out of 10000000
DEBUG: Total dvariable address used is 2087 out of 150000
DEBUG: Total dvariable address used is 3914664 out of 50000000
DEBUG: Total gradient stack used is 410514 out of 10000000
DEBUG: Total dvariable address used is 2087 out of 150000
DEBUG: Total dvariable address used is 3914664 out of 50000000
DEBUG: Total gradient stack used is 410517 out of 10000000
DEBUG: Total dvariable address used is 2087 out of 150000
DEBUG: Total dvariable address used is 3914664 out of 50000000
DEBUG: Total gradient stack used is 410523 out of 10000000
DEBUG: Total dvariable address used is 2087 out of 150000
DEBUG: Total dvariable address used is 3914664 out of 50000000
DEBUG: Total gradient stack used is 410506 out of 10000000
DEBUG: Total dvariable address used is 2087 out of 150000
DEBUG: Total dvariable address used is 3914664 out of 50000000
DEBUG: Total gradient stack used is 410520 out of 10000000
DEBUG: Total dvariable address used is 2087 out of 150000
DEBUG: Total dvariable address used is 3914664 out of 50000000
DEBUG: Total gradient stack used is 410531 out of 10000000
DEBUG: Total dvariable address used is 2087 out of 150000
DEBUG: Total dvariable address used is 3914664 out of 50000000
DEBUG: Total gradient stack used is 410531 out of 10000000
DEBUG: Total dvariable address used is 2087 out of 150000
DEBUG: Total dvariable address used is 3914664 out of 50000000
DEBUG: Total gradient stack used is 410528 out of 10000000
DEBUG: Total dvariable address used is 2087 out of 150000
DEBUG: Total dvariable address used is 3914664 out of 50000000
DEBUG: Total gradient stack used is 410531 out of 10000000
DEBUG: Total dvariable address used is 2087 out of 150000
DEBUG: Total dvariable address used is 3914664 out of 50000000
DEBUG: Total gradient stack used is 410531 out of 10000000
DEBUG: Total dvariable address used is 2087 out of 150000
DEBUG: Total dvariable address used is 3914664 out of 50000000
DEBUG: Total gradient stack used is 410531 out of 10000000
DEBUG: Total dvariable address used is 2087 out of 150000
DEBUG: Total dvariable address used is 3914664 out of 50000000
DEBUG: Total gradient stack used is 410531 out of 10000000
DEBUG: Total dvariable address used is 2087 out of 150000
DEBUG: Total dvariable address used is 3914664 out of 50000000
DEBUG: Total gradient stack used is 410531 out of 10000000
DEBUG: Total dvariable address used is 2087 out of 150000
DEBUG: Total dvariable address used is 3914664 out of 50000000
DEBUG: Total gradient stack used is 410531 out of 10000000
DEBUG: Total dvariable address used is 2087 out of 150000
DEBUG: Total dvariable address used is 3914664 out of 50000000
DEBUG: Total gradient stack used is 410531 out of 10000000
DEBUG: Total dvariable address used is 2087 out of 150000
DEBUG: Total dvariable address used is 3914664 out of 50000000
DEBUG: Total gradient stack used is 410531 out of 10000000
DEBUG: Total dvariable address used is 2087 out of 150000
DEBUG: Total dvariable address used is 3914664 out of 50000000
DEBUG: Total gradient stack used is 410531 out of 10000000
DEBUG: Total dvariable address used is 2087 out of 150000
DEBUG: Total dvariable address used is 3914664 out of 50000000
DEBUG: Total gradient stack used is 410531 out of 10000000
DEBUG: Total dvariable address used is 2087 out of 150000
DEBUG: Total dvariable address used is 3914664 out of 50000000
DEBUG: Total gradient stack used is 410531 out of 10000000
DEBUG: Total dvariable address used is 2087 out of 150000
DEBUG: Total dvariable address used is 3914664 out of 50000000
phase= 4 | nvar=407 | iter=300 | nll=-1.92e+04 | mag=8.25e+03 | par[  1]=T_pars_est[3]
DEBUG: Total gradient stack used is 410531 out of 10000000
DEBUG: Total dvariable address used is 2087 out of 150000
DEBUG: Total dvariable address used is 3914664 out of 50000000
DEBUG: Total gradient stack used is 410531 out of 10000000
DEBUG: Total dvariable address used is 2087 out of 150000
DEBUG: Total dvariable address used is 3914664 out of 50000000
DEBUG: Total gradient stack used is 410528 out of 10000000
DEBUG: Total dvariable address used is 2087 out of 150000
DEBUG: Total dvariable address used is 3914664 out of 50000000
DEBUG: Total gradient stack used is 410528 out of 10000000
DEBUG: Total dvariable address used is 2087 out of 150000
DEBUG: Total dvariable address used is 3914664 out of 50000000
DEBUG: Total gradient stack used is 410528 out of 10000000
DEBUG: Total dvariable address used is 2087 out of 150000
DEBUG: Total dvariable address used is 3914664 out of 50000000
DEBUG: Total gradient stack used is 410531 out of 10000000
DEBUG: Total dvariable address used is 2087 out of 150000
DEBUG: Total dvariable address used is 3914664 out of 50000000
DEBUG: Total gradient stack used is 410531 out of 10000000
DEBUG: Total dvariable address used is 2087 out of 150000
DEBUG: Total dvariable address used is 3914664 out of 50000000
DEBUG: Total gradient stack used is 410528 out of 10000000
DEBUG: Total dvariable address used is 2087 out of 150000
DEBUG: Total dvariable address used is 3914664 out of 50000000
DEBUG: Total gradient stack used is 410528 out of 10000000
DEBUG: Total dvariable address used is 2087 out of 150000
DEBUG: Total dvariable address used is 3914664 out of 50000000
DEBUG: Total gradient stack used is 410542 out of 10000000
DEBUG: Total dvariable address used is 2087 out of 150000
DEBUG: Total dvariable address used is 3914664 out of 50000000
DEBUG: Total gradient stack used is 410542 out of 10000000
DEBUG: Total dvariable address used is 2087 out of 150000
DEBUG: Total dvariable address used is 3914664 out of 50000000
DEBUG: Total gradient stack used is 410542 out of 10000000
DEBUG: Total dvariable address used is 2087 out of 150000
DEBUG: Total dvariable address used is 3914664 out of 50000000
DEBUG: Total gradient stack used is 410542 out of 10000000
DEBUG: Total dvariable address used is 2087 out of 150000
DEBUG: Total dvariable address used is 3914664 out of 50000000
DEBUG: Total gradient stack used is 410536 out of 10000000
DEBUG: Total dvariable address used is 2087 out of 150000
DEBUG: Total dvariable address used is 3914664 out of 50000000
DEBUG: Total gradient stack used is 410558 out of 10000000
DEBUG: Total dvariable address used is 2087 out of 150000
DEBUG: Total dvariable address used is 3914664 out of 50000000
DEBUG: Total gradient stack used is 410555 out of 10000000
DEBUG: Total dvariable address used is 2087 out of 150000
DEBUG: Total dvariable address used is 3914664 out of 50000000
DEBUG: Total gradient stack used is 410552 out of 10000000
DEBUG: Total dvariable address used is 2087 out of 150000
DEBUG: Total dvariable address used is 3914664 out of 50000000
DEBUG: Total gradient stack used is 410552 out of 10000000
DEBUG: Total dvariable address used is 2087 out of 150000
DEBUG: Total dvariable address used is 3914664 out of 50000000
DEBUG: Total gradient stack used is 410557 out of 10000000
DEBUG: Total dvariable address used is 2087 out of 150000
DEBUG: Total dvariable address used is 3914664 out of 50000000
DEBUG: Total gradient stack used is 410551 out of 10000000
DEBUG: Total dvariable address used is 2087 out of 150000
DEBUG: Total dvariable address used is 3914664 out of 50000000
phase= 4 | nvar=407 | iter=320 | nll=-1.92e+04 | mag=6.28e+03 | par[  1]=T_pars_est[3]
DEBUG: Total gradient stack used is 410548 out of 10000000
DEBUG: Total dvariable address used is 2087 out of 150000
DEBUG: Total dvariable address used is 3914664 out of 50000000
DEBUG: Total gradient stack used is 410551 out of 10000000
DEBUG: Total dvariable address used is 2087 out of 150000
DEBUG: Total dvariable address used is 3914664 out of 50000000
DEBUG: Total gradient stack used is 410548 out of 10000000
DEBUG: Total dvariable address used is 2087 out of 150000
DEBUG: Total dvariable address used is 3914664 out of 50000000
DEBUG: Total gradient stack used is 410548 out of 10000000
DEBUG: Total dvariable address used is 2087 out of 150000
DEBUG: Total dvariable address used is 3914664 out of 50000000
DEBUG: Total gradient stack used is 410542 out of 10000000
DEBUG: Total dvariable address used is 2087 out of 150000
DEBUG: Total dvariable address used is 3914664 out of 50000000
DEBUG: Total gradient stack used is 410539 out of 10000000
DEBUG: Total dvariable address used is 2087 out of 150000
DEBUG: Total dvariable address used is 3914664 out of 50000000
DEBUG: Total gradient stack used is 410539 out of 10000000
DEBUG: Total dvariable address used is 2087 out of 150000
DEBUG: Total dvariable address used is 3914664 out of 50000000
DEBUG: Total gradient stack used is 410545 out of 10000000
DEBUG: Total dvariable address used is 2087 out of 150000
DEBUG: Total dvariable address used is 3914664 out of 50000000
DEBUG: Total gradient stack used is 410542 out of 10000000
DEBUG: Total dvariable address used is 2087 out of 150000
DEBUG: Total dvariable address used is 3914664 out of 50000000
DEBUG: Total gradient stack used is 410542 out of 10000000
DEBUG: Total dvariable address used is 2087 out of 150000
DEBUG: Total dvariable address used is 3914664 out of 50000000
DEBUG: Total gradient stack used is 410539 out of 10000000
DEBUG: Total dvariable address used is 2087 out of 150000
DEBUG: Total dvariable address used is 3914664 out of 50000000
DEBUG: Total gradient stack used is 410539 out of 10000000
DEBUG: Total dvariable address used is 2087 out of 150000
DEBUG: Total dvariable address used is 3914664 out of 50000000
DEBUG: Total gradient stack used is 410539 out of 10000000
DEBUG: Total dvariable address used is 2087 out of 150000
DEBUG: Total dvariable address used is 3914664 out of 50000000
DEBUG: Total gradient stack used is 410539 out of 10000000
DEBUG: Total dvariable address used is 2087 out of 150000
DEBUG: Total dvariable address used is 3914664 out of 50000000
DEBUG: Total gradient stack used is 410539 out of 10000000
DEBUG: Total dvariable address used is 2087 out of 150000
DEBUG: Total dvariable address used is 3914664 out of 50000000
DEBUG: Total gradient stack used is 410539 out of 10000000
DEBUG: Total dvariable address used is 2087 out of 150000
DEBUG: Total dvariable address used is 3914664 out of 50000000
DEBUG: Total gradient stack used is 410539 out of 10000000
DEBUG: Total dvariable address used is 2087 out of 150000
DEBUG: Total dvariable address used is 3914664 out of 50000000
DEBUG: Total gradient stack used is 410539 out of 10000000
DEBUG: Total dvariable address used is 2087 out of 150000
DEBUG: Total dvariable address used is 3914664 out of 50000000
DEBUG: Total gradient stack used is 410539 out of 10000000
DEBUG: Total dvariable address used is 2087 out of 150000
DEBUG: Total dvariable address used is 3914664 out of 50000000
DEBUG: Total gradient stack used is 410539 out of 10000000
DEBUG: Total dvariable address used is 2087 out of 150000
DEBUG: Total dvariable address used is 3914664 out of 50000000
DEBUG: Total gradient stack used is 410539 out of 10000000
DEBUG: Total dvariable address used is 2087 out of 150000
DEBUG: Total dvariable address used is 3914664 out of 50000000
phase= 4 | nvar=407 | iter=340 | nll=-1.92e+04 | mag=6.15e+03 | par[  1]=T_pars_est[3]
DEBUG: Total gradient stack used is 410539 out of 10000000
DEBUG: Total dvariable address used is 2087 out of 150000
DEBUG: Total dvariable address used is 3914664 out of 50000000
DEBUG: Total gradient stack used is 410539 out of 10000000
DEBUG: Total dvariable address used is 2087 out of 150000
DEBUG: Total dvariable address used is 3914664 out of 50000000
DEBUG: Total gradient stack used is 410539 out of 10000000
DEBUG: Total dvariable address used is 2087 out of 150000
DEBUG: Total dvariable address used is 3914664 out of 50000000
DEBUG: Total gradient stack used is 410539 out of 10000000
DEBUG: Total dvariable address used is 2087 out of 150000
DEBUG: Total dvariable address used is 3914664 out of 50000000
DEBUG: Total gradient stack used is 410539 out of 10000000
DEBUG: Total dvariable address used is 2087 out of 150000
DEBUG: Total dvariable address used is 3914664 out of 50000000
DEBUG: Total gradient stack used is 410545 out of 10000000
DEBUG: Total dvariable address used is 2087 out of 150000
DEBUG: Total dvariable address used is 3914664 out of 50000000
DEBUG: Total gradient stack used is 410557 out of 10000000
DEBUG: Total dvariable address used is 2087 out of 150000
DEBUG: Total dvariable address used is 3914664 out of 50000000
DEBUG: Total gradient stack used is 410549 out of 10000000
DEBUG: Total dvariable address used is 2087 out of 150000
DEBUG: Total dvariable address used is 3914664 out of 50000000
DEBUG: Total gradient stack used is 410546 out of 10000000
DEBUG: Total dvariable address used is 2087 out of 150000
DEBUG: Total dvariable address used is 3914664 out of 50000000
DEBUG: Total gradient stack used is 410557 out of 10000000
DEBUG: Total dvariable address used is 2087 out of 150000
DEBUG: Total dvariable address used is 3914664 out of 50000000
DEBUG: Total gradient stack used is 410557 out of 10000000
DEBUG: Total dvariable address used is 2087 out of 150000
DEBUG: Total dvariable address used is 3914664 out of 50000000
DEBUG: Total gradient stack used is 410557 out of 10000000
DEBUG: Total dvariable address used is 2087 out of 150000
DEBUG: Total dvariable address used is 3914664 out of 50000000
DEBUG: Total gradient stack used is 410546 out of 10000000
DEBUG: Total dvariable address used is 2087 out of 150000
DEBUG: Total dvariable address used is 3914664 out of 50000000
DEBUG: Total gradient stack used is 410557 out of 10000000
DEBUG: Total dvariable address used is 2087 out of 150000
DEBUG: Total dvariable address used is 3914664 out of 50000000
DEBUG: Total gradient stack used is 410546 out of 10000000
DEBUG: Total dvariable address used is 2087 out of 150000
DEBUG: Total dvariable address used is 3914664 out of 50000000
DEBUG: Total gradient stack used is 410557 out of 10000000
DEBUG: Total dvariable address used is 2087 out of 150000
DEBUG: Total dvariable address used is 3914664 out of 50000000
DEBUG: Total gradient stack used is 410557 out of 10000000
DEBUG: Total dvariable address used is 2087 out of 150000
DEBUG: Total dvariable address used is 3914664 out of 50000000
DEBUG: Total gradient stack used is 410557 out of 10000000
DEBUG: Total dvariable address used is 2087 out of 150000
DEBUG: Total dvariable address used is 3914664 out of 50000000
DEBUG: Total gradient stack used is 410557 out of 10000000
DEBUG: Total dvariable address used is 2087 out of 150000
DEBUG: Total dvariable address used is 3914664 out of 50000000
DEBUG: Total gradient stack used is 410557 out of 10000000
DEBUG: Total dvariable address used is 2087 out of 150000
DEBUG: Total dvariable address used is 3914664 out of 50000000
DEBUG: Total gradient stack used is 410557 out of 10000000
DEBUG: Total dvariable address used is 2087 out of 150000
DEBUG: Total dvariable address used is 3914664 out of 50000000
DEBUG: Total gradient stack used is 410557 out of 10000000
DEBUG: Total dvariable address used is 2087 out of 150000
DEBUG: Total dvariable address used is 3914664 out of 50000000
phase= 4 | nvar=407 | iter=360 | nll=-1.92e+04 | mag=6.26e+03 | par[  1]=T_pars_est[3]
DEBUG: Total gradient stack used is 410557 out of 10000000
DEBUG: Total dvariable address used is 2087 out of 150000
DEBUG: Total dvariable address used is 3914664 out of 50000000
DEBUG: Total gradient stack used is 410557 out of 10000000
DEBUG: Total dvariable address used is 2087 out of 150000
DEBUG: Total dvariable address used is 3914664 out of 50000000
DEBUG: Total gradient stack used is 410557 out of 10000000
DEBUG: Total dvariable address used is 2087 out of 150000
DEBUG: Total dvariable address used is 3914664 out of 50000000
DEBUG: Total gradient stack used is 410557 out of 10000000
DEBUG: Total dvariable address used is 2087 out of 150000
DEBUG: Total dvariable address used is 3914664 out of 50000000
DEBUG: Total gradient stack used is 410557 out of 10000000
DEBUG: Total dvariable address used is 2087 out of 150000
DEBUG: Total dvariable address used is 3914664 out of 50000000
DEBUG: Total gradient stack used is 410554 out of 10000000
DEBUG: Total dvariable address used is 2087 out of 150000
DEBUG: Total dvariable address used is 3914664 out of 50000000
DEBUG: Total gradient stack used is 410533 out of 10000000
DEBUG: Total dvariable address used is 2087 out of 150000
DEBUG: Total dvariable address used is 3914664 out of 50000000
DEBUG: Total gradient stack used is 410548 out of 10000000
DEBUG: Total dvariable address used is 2087 out of 150000
DEBUG: Total dvariable address used is 3914664 out of 50000000
DEBUG: Total gradient stack used is 410542 out of 10000000
DEBUG: Total dvariable address used is 2087 out of 150000
DEBUG: Total dvariable address used is 3914664 out of 50000000
DEBUG: Total gradient stack used is 410551 out of 10000000
DEBUG: Total dvariable address used is 2087 out of 150000
DEBUG: Total dvariable address used is 3914664 out of 50000000
DEBUG: Total gradient stack used is 410545 out of 10000000
DEBUG: Total dvariable address used is 2087 out of 150000
DEBUG: Total dvariable address used is 3914664 out of 50000000
DEBUG: Total gradient stack used is 410545 out of 10000000
DEBUG: Total dvariable address used is 2087 out of 150000
DEBUG: Total dvariable address used is 3914664 out of 50000000
DEBUG: Total gradient stack used is 410533 out of 10000000
DEBUG: Total dvariable address used is 2087 out of 150000
DEBUG: Total dvariable address used is 3914664 out of 50000000
DEBUG: Total gradient stack used is 410533 out of 10000000
DEBUG: Total dvariable address used is 2087 out of 150000
DEBUG: Total dvariable address used is 3914664 out of 50000000
DEBUG: Total gradient stack used is 410533 out of 10000000
DEBUG: Total dvariable address used is 2087 out of 150000
DEBUG: Total dvariable address used is 3914664 out of 50000000
DEBUG: Total gradient stack used is 410533 out of 10000000
DEBUG: Total dvariable address used is 2087 out of 150000
DEBUG: Total dvariable address used is 3914664 out of 50000000
DEBUG: Total gradient stack used is 410533 out of 10000000
DEBUG: Total dvariable address used is 2087 out of 150000
DEBUG: Total dvariable address used is 3914664 out of 50000000
DEBUG: Total gradient stack used is 410533 out of 10000000
DEBUG: Total dvariable address used is 2087 out of 150000
DEBUG: Total dvariable address used is 3914664 out of 50000000
DEBUG: Total gradient stack used is 410533 out of 10000000
DEBUG: Total dvariable address used is 2087 out of 150000
DEBUG: Total dvariable address used is 3914664 out of 50000000
DEBUG: Total gradient stack used is 410533 out of 10000000
DEBUG: Total dvariable address used is 2087 out of 150000
DEBUG: Total dvariable address used is 3914664 out of 50000000
DEBUG: Total gradient stack used is 410530 out of 10000000
DEBUG: Total dvariable address used is 2087 out of 150000
DEBUG: Total dvariable address used is 3914664 out of 50000000
phase= 4 | nvar=407 | iter=380 | nll=-1.92e+04 | mag=6.54e+03 | par[  1]=T_pars_est[3]
DEBUG: Total gradient stack used is 410542 out of 10000000
DEBUG: Total dvariable address used is 2087 out of 150000
DEBUG: Total dvariable address used is 3914664 out of 50000000
DEBUG: Total gradient stack used is 410542 out of 10000000
DEBUG: Total dvariable address used is 2087 out of 150000
DEBUG: Total dvariable address used is 3914664 out of 50000000
DEBUG: Total gradient stack used is 410542 out of 10000000
DEBUG: Total dvariable address used is 2087 out of 150000
DEBUG: Total dvariable address used is 3914664 out of 50000000
DEBUG: Total gradient stack used is 410551 out of 10000000
DEBUG: Total dvariable address used is 2087 out of 150000
DEBUG: Total dvariable address used is 3914664 out of 50000000
DEBUG: Total gradient stack used is 410545 out of 10000000
DEBUG: Total dvariable address used is 2087 out of 150000
DEBUG: Total dvariable address used is 3914664 out of 50000000
DEBUG: Total gradient stack used is 410548 out of 10000000
DEBUG: Total dvariable address used is 2087 out of 150000
DEBUG: Total dvariable address used is 3914664 out of 50000000
DEBUG: Total gradient stack used is 410557 out of 10000000
DEBUG: Total dvariable address used is 2087 out of 150000
DEBUG: Total dvariable address used is 3914664 out of 50000000
DEBUG: Total gradient stack used is 410548 out of 10000000
DEBUG: Total dvariable address used is 2087 out of 150000
DEBUG: Total dvariable address used is 3914664 out of 50000000
DEBUG: Total gradient stack used is 410548 out of 10000000
DEBUG: Total dvariable address used is 2087 out of 150000
DEBUG: Total dvariable address used is 3914664 out of 50000000
DEBUG: Total gradient stack used is 410548 out of 10000000
DEBUG: Total dvariable address used is 2087 out of 150000
DEBUG: Total dvariable address used is 3914664 out of 50000000
DEBUG: Total gradient stack used is 410548 out of 10000000
DEBUG: Total dvariable address used is 2087 out of 150000
DEBUG: Total dvariable address used is 3914664 out of 50000000
DEBUG: Total gradient stack used is 410548 out of 10000000
DEBUG: Total dvariable address used is 2087 out of 150000
DEBUG: Total dvariable address used is 3914664 out of 50000000
DEBUG: Total gradient stack used is 410548 out of 10000000
DEBUG: Total dvariable address used is 2087 out of 150000
DEBUG: Total dvariable address used is 3914664 out of 50000000
DEBUG: Total gradient stack used is 410551 out of 10000000
DEBUG: Total dvariable address used is 2087 out of 150000
DEBUG: Total dvariable address used is 3914664 out of 50000000
DEBUG: Total gradient stack used is 410548 out of 10000000
DEBUG: Total dvariable address used is 2087 out of 150000
DEBUG: Total dvariable address used is 3914664 out of 50000000
DEBUG: Total gradient stack used is 410554 out of 10000000
DEBUG: Total dvariable address used is 2087 out of 150000
DEBUG: Total dvariable address used is 3914664 out of 50000000
DEBUG: Total gradient stack used is 410551 out of 10000000
DEBUG: Total dvariable address used is 2087 out of 150000
DEBUG: Total dvariable address used is 3914664 out of 50000000
DEBUG: Total gradient stack used is 410536 out of 10000000
DEBUG: Total dvariable address used is 2087 out of 150000
DEBUG: Total dvariable address used is 3914664 out of 50000000
DEBUG: Total gradient stack used is 410551 out of 10000000
DEBUG: Total dvariable address used is 2087 out of 150000
DEBUG: Total dvariable address used is 3914664 out of 50000000
DEBUG: Total gradient stack used is 410551 out of 10000000
DEBUG: Total dvariable address used is 2087 out of 150000
DEBUG: Total dvariable address used is 3914664 out of 50000000
DEBUG: Total gradient stack used is 410551 out of 10000000
DEBUG: Total dvariable address used is 2087 out of 150000
DEBUG: Total dvariable address used is 3914664 out of 50000000
DEBUG: Total gradient stack used is 410551 out of 10000000
DEBUG: Total dvariable address used is 2087 out of 150000
DEBUG: Total dvariable address used is 3914664 out of 50000000
DEBUG: Total gradient stack used is 410551 out of 10000000
DEBUG: Total dvariable address used is 2087 out of 150000
DEBUG: Total dvariable address used is 3914664 out of 50000000
DEBUG: Total gradient stack used is 410554 out of 10000000
DEBUG: Total dvariable address used is 2087 out of 150000
DEBUG: Total dvariable address used is 3914664 out of 50000000
DEBUG: Total gradient stack used is 410554 out of 10000000
DEBUG: Total dvariable address used is 2087 out of 150000
DEBUG: Total dvariable address used is 3914664 out of 50000000
DEBUG: Total gradient stack used is 410543 out of 10000000
DEBUG: Total dvariable address used is 2087 out of 150000
DEBUG: Total dvariable address used is 3914664 out of 50000000
DEBUG: Total gradient stack used is 410549 out of 10000000
DEBUG: Total dvariable address used is 2087 out of 150000
DEBUG: Total dvariable address used is 3914664 out of 50000000
DEBUG: Total gradient stack used is 410543 out of 10000000
DEBUG: Total dvariable address used is 2087 out of 150000
DEBUG: Total dvariable address used is 3914664 out of 50000000
phase= 4 | nvar=407 | iter=400 | nll=-1.92e+04 | mag=1.80e+03 | par[  1]=T_pars_est[3]
DEBUG: Total gradient stack used is 410543 out of 10000000
DEBUG: Total dvariable address used is 2087 out of 150000
DEBUG: Total dvariable address used is 3914664 out of 50000000
DEBUG: Total gradient stack used is 410546 out of 10000000
DEBUG: Total dvariable address used is 2087 out of 150000
DEBUG: Total dvariable address used is 3914664 out of 50000000
DEBUG: Total gradient stack used is 410546 out of 10000000
DEBUG: Total dvariable address used is 2087 out of 150000
DEBUG: Total dvariable address used is 3914664 out of 50000000
DEBUG: Total gradient stack used is 410549 out of 10000000
DEBUG: Total dvariable address used is 2087 out of 150000
DEBUG: Total dvariable address used is 3914664 out of 50000000
DEBUG: Total gradient stack used is 410546 out of 10000000
DEBUG: Total dvariable address used is 2087 out of 150000
DEBUG: Total dvariable address used is 3914664 out of 50000000
DEBUG: Total gradient stack used is 410546 out of 10000000
DEBUG: Total dvariable address used is 2087 out of 150000
DEBUG: Total dvariable address used is 3914664 out of 50000000
DEBUG: Total gradient stack used is 410549 out of 10000000
DEBUG: Total dvariable address used is 2087 out of 150000
DEBUG: Total dvariable address used is 3914664 out of 50000000
DEBUG: Total gradient stack used is 410552 out of 10000000
DEBUG: Total dvariable address used is 2087 out of 150000
DEBUG: Total dvariable address used is 3914664 out of 50000000
DEBUG: Total gradient stack used is 410558 out of 10000000
DEBUG: Total dvariable address used is 2087 out of 150000
DEBUG: Total dvariable address used is 3914664 out of 50000000
DEBUG: Total gradient stack used is 410555 out of 10000000
DEBUG: Total dvariable address used is 2087 out of 150000
DEBUG: Total dvariable address used is 3914664 out of 50000000
DEBUG: Total gradient stack used is 410546 out of 10000000
DEBUG: Total dvariable address used is 2087 out of 150000
DEBUG: Total dvariable address used is 3914664 out of 50000000
DEBUG: Total gradient stack used is 410555 out of 10000000
DEBUG: Total dvariable address used is 2087 out of 150000
DEBUG: Total dvariable address used is 3914664 out of 50000000
DEBUG: Total gradient stack used is 410555 out of 10000000
DEBUG: Total dvariable address used is 2087 out of 150000
DEBUG: Total dvariable address used is 3914664 out of 50000000
DEBUG: Total gradient stack used is 410555 out of 10000000
DEBUG: Total dvariable address used is 2087 out of 150000
DEBUG: Total dvariable address used is 3914664 out of 50000000
DEBUG: Total gradient stack used is 410555 out of 10000000
DEBUG: Total dvariable address used is 2087 out of 150000
DEBUG: Total dvariable address used is 3914664 out of 50000000
DEBUG: Total gradient stack used is 410555 out of 10000000
DEBUG: Total dvariable address used is 2087 out of 150000
DEBUG: Total dvariable address used is 3914664 out of 50000000
DEBUG: Total gradient stack used is 410555 out of 10000000
DEBUG: Total dvariable address used is 2087 out of 150000
DEBUG: Total dvariable address used is 3914664 out of 50000000
DEBUG: Total gradient stack used is 410555 out of 10000000
DEBUG: Total dvariable address used is 2087 out of 150000
DEBUG: Total dvariable address used is 3914664 out of 50000000
DEBUG: Total gradient stack used is 410555 out of 10000000
DEBUG: Total dvariable address used is 2087 out of 150000
DEBUG: Total dvariable address used is 3914664 out of 50000000
DEBUG: Total gradient stack used is 410547 out of 10000000
DEBUG: Total dvariable address used is 2087 out of 150000
DEBUG: Total dvariable address used is 3914664 out of 50000000
DEBUG: Total gradient stack used is 410528 out of 10000000
DEBUG: Total dvariable address used is 2087 out of 150000
DEBUG: Total dvariable address used is 3914664 out of 50000000
DEBUG: Total gradient stack used is 410547 out of 10000000
DEBUG: Total dvariable address used is 2087 out of 150000
DEBUG: Total dvariable address used is 3914664 out of 50000000
DEBUG: Total gradient stack used is 410547 out of 10000000
DEBUG: Total dvariable address used is 2087 out of 150000
DEBUG: Total dvariable address used is 3914664 out of 50000000
DEBUG: Total gradient stack used is 410547 out of 10000000
DEBUG: Total dvariable address used is 2087 out of 150000
DEBUG: Total dvariable address used is 3914664 out of 50000000
DEBUG: Total gradient stack used is 410547 out of 10000000
DEBUG: Total dvariable address used is 2087 out of 150000
DEBUG: Total dvariable address used is 3914664 out of 50000000
DEBUG: Total gradient stack used is 410550 out of 10000000
DEBUG: Total dvariable address used is 2087 out of 150000
DEBUG: Total dvariable address used is 3914664 out of 50000000
DEBUG: Total gradient stack used is 410547 out of 10000000
DEBUG: Total dvariable address used is 2087 out of 150000
DEBUG: Total dvariable address used is 3914664 out of 50000000
DEBUG: Total gradient stack used is 410547 out of 10000000
DEBUG: Total dvariable address used is 2087 out of 150000
DEBUG: Total dvariable address used is 3914664 out of 50000000
DEBUG: Total gradient stack used is 410547 out of 10000000
DEBUG: Total dvariable address used is 2087 out of 150000
DEBUG: Total dvariable address used is 3914664 out of 50000000
DEBUG: Total gradient stack used is 410547 out of 10000000
DEBUG: Total dvariable address used is 2087 out of 150000
DEBUG: Total dvariable address used is 3914664 out of 50000000
DEBUG: Total gradient stack used is 410536 out of 10000000
DEBUG: Total dvariable address used is 2087 out of 150000
DEBUG: Total dvariable address used is 3914664 out of 50000000
DEBUG: Total gradient stack used is 410534 out of 10000000
DEBUG: Total dvariable address used is 2087 out of 150000
DEBUG: Total dvariable address used is 3914664 out of 50000000
DEBUG: Total gradient stack used is 410542 out of 10000000
DEBUG: Total dvariable address used is 2087 out of 150000
DEBUG: Total dvariable address used is 3914664 out of 50000000
DEBUG: Total gradient stack used is 410542 out of 10000000
DEBUG: Total dvariable address used is 2087 out of 150000
DEBUG: Total dvariable address used is 3914664 out of 50000000
DEBUG: Total gradient stack used is 410542 out of 10000000
DEBUG: Total dvariable address used is 2087 out of 150000
DEBUG: Total dvariable address used is 3914664 out of 50000000
phase= 4 | nvar=407 | iter=420 | nll=-1.92e+04 | mag=1.17e+03 | par[  1]=T_pars_est[3]
DEBUG: Total gradient stack used is 410542 out of 10000000
DEBUG: Total dvariable address used is 2087 out of 150000
DEBUG: Total dvariable address used is 3914664 out of 50000000
DEBUG: Total gradient stack used is 410542 out of 10000000
DEBUG: Total dvariable address used is 2087 out of 150000
DEBUG: Total dvariable address used is 3914664 out of 50000000
DEBUG: Total gradient stack used is 410545 out of 10000000
DEBUG: Total dvariable address used is 2087 out of 150000
DEBUG: Total dvariable address used is 3914664 out of 50000000
DEBUG: Total gradient stack used is 410531 out of 10000000
DEBUG: Total dvariable address used is 2087 out of 150000
DEBUG: Total dvariable address used is 3914664 out of 50000000
DEBUG: Total gradient stack used is 410545 out of 10000000
DEBUG: Total dvariable address used is 2087 out of 150000
DEBUG: Total dvariable address used is 3914664 out of 50000000
DEBUG: Total gradient stack used is 410545 out of 10000000
DEBUG: Total dvariable address used is 2087 out of 150000
DEBUG: Total dvariable address used is 3914664 out of 50000000
DEBUG: Total gradient stack used is 410534 out of 10000000
DEBUG: Total dvariable address used is 2087 out of 150000
DEBUG: Total dvariable address used is 3914664 out of 50000000
DEBUG: Total gradient stack used is 410520 out of 10000000
DEBUG: Total dvariable address used is 2087 out of 150000
DEBUG: Total dvariable address used is 3914664 out of 50000000
DEBUG: Total gradient stack used is 410534 out of 10000000
DEBUG: Total dvariable address used is 2087 out of 150000
DEBUG: Total dvariable address used is 3914664 out of 50000000
DEBUG: Total gradient stack used is 410520 out of 10000000
DEBUG: Total dvariable address used is 2087 out of 150000
DEBUG: Total dvariable address used is 3914664 out of 50000000
DEBUG: Total gradient stack used is 410520 out of 10000000
DEBUG: Total dvariable address used is 2087 out of 150000
DEBUG: Total dvariable address used is 3914664 out of 50000000
DEBUG: Total gradient stack used is 410520 out of 10000000
DEBUG: Total dvariable address used is 2087 out of 150000
DEBUG: Total dvariable address used is 3914664 out of 50000000
DEBUG: Total gradient stack used is 410517 out of 10000000
DEBUG: Total dvariable address used is 2087 out of 150000
DEBUG: Total dvariable address used is 3914664 out of 50000000
DEBUG: Total gradient stack used is 410531 out of 10000000
DEBUG: Total dvariable address used is 2087 out of 150000
DEBUG: Total dvariable address used is 3914664 out of 50000000
DEBUG: Total gradient stack used is 410517 out of 10000000
DEBUG: Total dvariable address used is 2087 out of 150000
DEBUG: Total dvariable address used is 3914664 out of 50000000
DEBUG: Total gradient stack used is 410531 out of 10000000
DEBUG: Total dvariable address used is 2087 out of 150000
DEBUG: Total dvariable address used is 3914664 out of 50000000
DEBUG: Total gradient stack used is 410531 out of 10000000
DEBUG: Total dvariable address used is 2087 out of 150000
DEBUG: Total dvariable address used is 3914664 out of 50000000
DEBUG: Total gradient stack used is 410531 out of 10000000
DEBUG: Total dvariable address used is 2087 out of 150000
DEBUG: Total dvariable address used is 3914664 out of 50000000
DEBUG: Total gradient stack used is 410528 out of 10000000
DEBUG: Total dvariable address used is 2087 out of 150000
DEBUG: Total dvariable address used is 3914664 out of 50000000
DEBUG: Total gradient stack used is 410542 out of 10000000
DEBUG: Total dvariable address used is 2087 out of 150000
DEBUG: Total dvariable address used is 3914664 out of 50000000
DEBUG: Total gradient stack used is 410547 out of 10000000
DEBUG: Total dvariable address used is 2087 out of 150000
DEBUG: Total dvariable address used is 3914664 out of 50000000
DEBUG: Total gradient stack used is 410544 out of 10000000
DEBUG: Total dvariable address used is 2087 out of 150000
DEBUG: Total dvariable address used is 3914664 out of 50000000
DEBUG: Total gradient stack used is 410547 out of 10000000
DEBUG: Total dvariable address used is 2087 out of 150000
DEBUG: Total dvariable address used is 3914664 out of 50000000
DEBUG: Total gradient stack used is 410547 out of 10000000
DEBUG: Total dvariable address used is 2087 out of 150000
DEBUG: Total dvariable address used is 3914664 out of 50000000
DEBUG: Total gradient stack used is 410533 out of 10000000
DEBUG: Total dvariable address used is 2087 out of 150000
DEBUG: Total dvariable address used is 3914664 out of 50000000
DEBUG: Total gradient stack used is 410530 out of 10000000
DEBUG: Total dvariable address used is 2087 out of 150000
DEBUG: Total dvariable address used is 3914664 out of 50000000
DEBUG: Total gradient stack used is 410530 out of 10000000
DEBUG: Total dvariable address used is 2087 out of 150000
DEBUG: Total dvariable address used is 3914664 out of 50000000
phase= 4 | nvar=407 | iter=440 | nll=-1.92e+04 | mag=7.53e+02 | par[397]=logit_rec_prop_est[33]
DEBUG: Total gradient stack used is 410530 out of 10000000
DEBUG: Total dvariable address used is 2087 out of 150000
DEBUG: Total dvariable address used is 3914664 out of 50000000
DEBUG: Total gradient stack used is 410530 out of 10000000
DEBUG: Total dvariable address used is 2087 out of 150000
DEBUG: Total dvariable address used is 3914664 out of 50000000
DEBUG: Total gradient stack used is 410533 out of 10000000
DEBUG: Total dvariable address used is 2087 out of 150000
DEBUG: Total dvariable address used is 3914664 out of 50000000
DEBUG: Total gradient stack used is 410533 out of 10000000
DEBUG: Total dvariable address used is 2087 out of 150000
DEBUG: Total dvariable address used is 3914664 out of 50000000
DEBUG: Total gradient stack used is 410525 out of 10000000
DEBUG: Total dvariable address used is 2087 out of 150000
DEBUG: Total dvariable address used is 3914664 out of 50000000
DEBUG: Total gradient stack used is 410522 out of 10000000
DEBUG: Total dvariable address used is 2087 out of 150000
DEBUG: Total dvariable address used is 3914664 out of 50000000
DEBUG: Total gradient stack used is 410508 out of 10000000
DEBUG: Total dvariable address used is 2087 out of 150000
DEBUG: Total dvariable address used is 3914664 out of 50000000
DEBUG: Total gradient stack used is 410511 out of 10000000
DEBUG: Total dvariable address used is 2087 out of 150000
DEBUG: Total dvariable address used is 3914664 out of 50000000
DEBUG: Total gradient stack used is 410511 out of 10000000
DEBUG: Total dvariable address used is 2087 out of 150000
DEBUG: Total dvariable address used is 3914664 out of 50000000
DEBUG: Total gradient stack used is 410511 out of 10000000
DEBUG: Total dvariable address used is 2087 out of 150000
DEBUG: Total dvariable address used is 3914664 out of 50000000
DEBUG: Total gradient stack used is 410497 out of 10000000
DEBUG: Total dvariable address used is 2087 out of 150000
DEBUG: Total dvariable address used is 3914664 out of 50000000
DEBUG: Total gradient stack used is 410497 out of 10000000
DEBUG: Total dvariable address used is 2087 out of 150000
DEBUG: Total dvariable address used is 3914664 out of 50000000
DEBUG: Total gradient stack used is 410497 out of 10000000
DEBUG: Total dvariable address used is 2087 out of 150000
DEBUG: Total dvariable address used is 3914664 out of 50000000
DEBUG: Total gradient stack used is 410497 out of 10000000
DEBUG: Total dvariable address used is 2087 out of 150000
DEBUG: Total dvariable address used is 3914664 out of 50000000
DEBUG: Total gradient stack used is 410511 out of 10000000
DEBUG: Total dvariable address used is 2087 out of 150000
DEBUG: Total dvariable address used is 3914664 out of 50000000
DEBUG: Total gradient stack used is 410502 out of 10000000
DEBUG: Total dvariable address used is 2087 out of 150000
DEBUG: Total dvariable address used is 3914664 out of 50000000
DEBUG: Total gradient stack used is 410513 out of 10000000
DEBUG: Total dvariable address used is 2087 out of 150000
DEBUG: Total dvariable address used is 3914664 out of 50000000
DEBUG: Total gradient stack used is 410513 out of 10000000
DEBUG: Total dvariable address used is 2087 out of 150000
DEBUG: Total dvariable address used is 3914664 out of 50000000
DEBUG: Total gradient stack used is 410516 out of 10000000
DEBUG: Total dvariable address used is 2087 out of 150000
DEBUG: Total dvariable address used is 3914664 out of 50000000
DEBUG: Total gradient stack used is 410527 out of 10000000
DEBUG: Total dvariable address used is 2087 out of 150000
DEBUG: Total dvariable address used is 3914664 out of 50000000
DEBUG: Total gradient stack used is 410521 out of 10000000
DEBUG: Total dvariable address used is 2087 out of 150000
DEBUG: Total dvariable address used is 3914664 out of 50000000
phase= 4 | nvar=407 | iter=460 | nll=-1.92e+04 | mag=4.63e+02 | par[192]=S_pars_est[95]
DEBUG: Total gradient stack used is 410521 out of 10000000
DEBUG: Total dvariable address used is 2087 out of 150000
DEBUG: Total dvariable address used is 3914664 out of 50000000
DEBUG: Total gradient stack used is 410513 out of 10000000
DEBUG: Total dvariable address used is 2087 out of 150000
DEBUG: Total dvariable address used is 3914664 out of 50000000
DEBUG: Total gradient stack used is 410513 out of 10000000
DEBUG: Total dvariable address used is 2087 out of 150000
DEBUG: Total dvariable address used is 3914664 out of 50000000
DEBUG: Total gradient stack used is 410513 out of 10000000
DEBUG: Total dvariable address used is 2087 out of 150000
DEBUG: Total dvariable address used is 3914664 out of 50000000
DEBUG: Total gradient stack used is 410513 out of 10000000
DEBUG: Total dvariable address used is 2087 out of 150000
DEBUG: Total dvariable address used is 3914664 out of 50000000
DEBUG: Total gradient stack used is 410513 out of 10000000
DEBUG: Total dvariable address used is 2087 out of 150000
DEBUG: Total dvariable address used is 3914664 out of 50000000
DEBUG: Total gradient stack used is 410513 out of 10000000
DEBUG: Total dvariable address used is 2087 out of 150000
DEBUG: Total dvariable address used is 3914664 out of 50000000
DEBUG: Total gradient stack used is 410521 out of 10000000
DEBUG: Total dvariable address used is 2087 out of 150000
DEBUG: Total dvariable address used is 3914664 out of 50000000
DEBUG: Total gradient stack used is 410521 out of 10000000
DEBUG: Total dvariable address used is 2087 out of 150000
DEBUG: Total dvariable address used is 3914664 out of 50000000
DEBUG: Total gradient stack used is 410521 out of 10000000
DEBUG: Total dvariable address used is 2087 out of 150000
DEBUG: Total dvariable address used is 3914664 out of 50000000
DEBUG: Total gradient stack used is 410521 out of 10000000
DEBUG: Total dvariable address used is 2087 out of 150000
DEBUG: Total dvariable address used is 3914664 out of 50000000
DEBUG: Total gradient stack used is 410521 out of 10000000
DEBUG: Total dvariable address used is 2087 out of 150000
DEBUG: Total dvariable address used is 3914664 out of 50000000
DEBUG: Total gradient stack used is 410521 out of 10000000
DEBUG: Total dvariable address used is 2087 out of 150000
DEBUG: Total dvariable address used is 3914664 out of 50000000
DEBUG: Total gradient stack used is 410521 out of 10000000
DEBUG: Total dvariable address used is 2087 out of 150000
DEBUG: Total dvariable address used is 3914664 out of 50000000
DEBUG: Total gradient stack used is 410521 out of 10000000
DEBUG: Total dvariable address used is 2087 out of 150000
DEBUG: Total dvariable address used is 3914664 out of 50000000
DEBUG: Total gradient stack used is 410521 out of 10000000
DEBUG: Total dvariable address used is 2087 out of 150000
DEBUG: Total dvariable address used is 3914664 out of 50000000
DEBUG: Total gradient stack used is 410521 out of 10000000
DEBUG: Total dvariable address used is 2087 out of 150000
DEBUG: Total dvariable address used is 3914664 out of 50000000
DEBUG: Total gradient stack used is 410521 out of 10000000
DEBUG: Total dvariable address used is 2087 out of 150000
DEBUG: Total dvariable address used is 3914664 out of 50000000
DEBUG: Total gradient stack used is 410521 out of 10000000
DEBUG: Total dvariable address used is 2087 out of 150000
DEBUG: Total dvariable address used is 3914664 out of 50000000
DEBUG: Total gradient stack used is 410521 out of 10000000
DEBUG: Total dvariable address used is 2087 out of 150000
DEBUG: Total dvariable address used is 3914664 out of 50000000
phase= 4 | nvar=407 | iter=480 | nll=-1.92e+04 | mag=1.36e+02 | par[385]=logit_rec_prop_est[21]
DEBUG: Total gradient stack used is 410513 out of 10000000
DEBUG: Total dvariable address used is 2087 out of 150000
DEBUG: Total dvariable address used is 3914664 out of 50000000
DEBUG: Total gradient stack used is 410513 out of 10000000
DEBUG: Total dvariable address used is 2087 out of 150000
DEBUG: Total dvariable address used is 3914664 out of 50000000
DEBUG: Total gradient stack used is 410513 out of 10000000
DEBUG: Total dvariable address used is 2087 out of 150000
DEBUG: Total dvariable address used is 3914664 out of 50000000
DEBUG: Total gradient stack used is 410521 out of 10000000
DEBUG: Total dvariable address used is 2087 out of 150000
DEBUG: Total dvariable address used is 3914664 out of 50000000
DEBUG: Total gradient stack used is 410521 out of 10000000
DEBUG: Total dvariable address used is 2087 out of 150000
DEBUG: Total dvariable address used is 3914664 out of 50000000
DEBUG: Total gradient stack used is 410515 out of 10000000
DEBUG: Total dvariable address used is 2087 out of 150000
DEBUG: Total dvariable address used is 3914664 out of 50000000
DEBUG: Total gradient stack used is 410512 out of 10000000
DEBUG: Total dvariable address used is 2087 out of 150000
DEBUG: Total dvariable address used is 3914664 out of 50000000
DEBUG: Total gradient stack used is 410512 out of 10000000
DEBUG: Total dvariable address used is 2087 out of 150000
DEBUG: Total dvariable address used is 3914664 out of 50000000
DEBUG: Total gradient stack used is 410512 out of 10000000
DEBUG: Total dvariable address used is 2087 out of 150000
DEBUG: Total dvariable address used is 3914664 out of 50000000
DEBUG: Total gradient stack used is 410515 out of 10000000
DEBUG: Total dvariable address used is 2087 out of 150000
DEBUG: Total dvariable address used is 3914664 out of 50000000
DEBUG: Total gradient stack used is 410518 out of 10000000
DEBUG: Total dvariable address used is 2087 out of 150000
DEBUG: Total dvariable address used is 3914664 out of 50000000
DEBUG: Total gradient stack used is 410521 out of 10000000
DEBUG: Total dvariable address used is 2087 out of 150000
DEBUG: Total dvariable address used is 3914664 out of 50000000
DEBUG: Total gradient stack used is 410521 out of 10000000
DEBUG: Total dvariable address used is 2087 out of 150000
DEBUG: Total dvariable address used is 3914664 out of 50000000
DEBUG: Total gradient stack used is 410521 out of 10000000
DEBUG: Total dvariable address used is 2087 out of 150000
DEBUG: Total dvariable address used is 3914664 out of 50000000
DEBUG: Total gradient stack used is 410513 out of 10000000
DEBUG: Total dvariable address used is 2087 out of 150000
DEBUG: Total dvariable address used is 3914664 out of 50000000
DEBUG: Total gradient stack used is 410513 out of 10000000
DEBUG: Total dvariable address used is 2087 out of 150000
DEBUG: Total dvariable address used is 3914664 out of 50000000
DEBUG: Total gradient stack used is 410521 out of 10000000
DEBUG: Total dvariable address used is 2087 out of 150000
DEBUG: Total dvariable address used is 3914664 out of 50000000
DEBUG: Total gradient stack used is 410521 out of 10000000
DEBUG: Total dvariable address used is 2087 out of 150000
DEBUG: Total dvariable address used is 3914664 out of 50000000
DEBUG: Total gradient stack used is 410521 out of 10000000
DEBUG: Total dvariable address used is 2087 out of 150000
DEBUG: Total dvariable address used is 3914664 out of 50000000
DEBUG: Total gradient stack used is 410521 out of 10000000
DEBUG: Total dvariable address used is 2087 out of 150000
DEBUG: Total dvariable address used is 3914664 out of 50000000
phase= 4 | nvar=407 | iter=500 | nll=-1.92e+04 | mag=5.97e+01 | par[391]=logit_rec_prop_est[27]
DEBUG: Total gradient stack used is 410518 out of 10000000
DEBUG: Total dvariable address used is 2087 out of 150000
DEBUG: Total dvariable address used is 3914664 out of 50000000
DEBUG: Total gradient stack used is 410518 out of 10000000
DEBUG: Total dvariable address used is 2087 out of 150000
DEBUG: Total dvariable address used is 3914664 out of 50000000
DEBUG: Total gradient stack used is 410518 out of 10000000
DEBUG: Total dvariable address used is 2087 out of 150000
DEBUG: Total dvariable address used is 3914664 out of 50000000
DEBUG: Total gradient stack used is 410521 out of 10000000
DEBUG: Total dvariable address used is 2087 out of 150000
DEBUG: Total dvariable address used is 3914664 out of 50000000
DEBUG: Total gradient stack used is 410521 out of 10000000
DEBUG: Total dvariable address used is 2087 out of 150000
DEBUG: Total dvariable address used is 3914664 out of 50000000
DEBUG: Total gradient stack used is 410521 out of 10000000
DEBUG: Total dvariable address used is 2087 out of 150000
DEBUG: Total dvariable address used is 3914664 out of 50000000
DEBUG: Total gradient stack used is 410521 out of 10000000
DEBUG: Total dvariable address used is 2087 out of 150000
DEBUG: Total dvariable address used is 3914664 out of 50000000
DEBUG: Total gradient stack used is 410521 out of 10000000
DEBUG: Total dvariable address used is 2087 out of 150000
DEBUG: Total dvariable address used is 3914664 out of 50000000
DEBUG: Total gradient stack used is 410521 out of 10000000
DEBUG: Total dvariable address used is 2087 out of 150000
DEBUG: Total dvariable address used is 3914664 out of 50000000
DEBUG: Total gradient stack used is 410521 out of 10000000
DEBUG: Total dvariable address used is 2087 out of 150000
DEBUG: Total dvariable address used is 3914664 out of 50000000
DEBUG: Total gradient stack used is 410521 out of 10000000
DEBUG: Total dvariable address used is 2087 out of 150000
DEBUG: Total dvariable address used is 3914664 out of 50000000
DEBUG: Total gradient stack used is 410521 out of 10000000
DEBUG: Total dvariable address used is 2087 out of 150000
DEBUG: Total dvariable address used is 3914664 out of 50000000
DEBUG: Total gradient stack used is 410521 out of 10000000
DEBUG: Total dvariable address used is 2087 out of 150000
DEBUG: Total dvariable address used is 3914664 out of 50000000
DEBUG: Total gradient stack used is 410521 out of 10000000
DEBUG: Total dvariable address used is 2087 out of 150000
DEBUG: Total dvariable address used is 3914664 out of 50000000
DEBUG: Total gradient stack used is 410521 out of 10000000
DEBUG: Total dvariable address used is 2087 out of 150000
DEBUG: Total dvariable address used is 3914664 out of 50000000
DEBUG: Total gradient stack used is 410521 out of 10000000
DEBUG: Total dvariable address used is 2087 out of 150000
DEBUG: Total dvariable address used is 3914664 out of 50000000
DEBUG: Total gradient stack used is 410521 out of 10000000
DEBUG: Total dvariable address used is 2087 out of 150000
DEBUG: Total dvariable address used is 3914664 out of 50000000
DEBUG: Total gradient stack used is 410521 out of 10000000
DEBUG: Total dvariable address used is 2087 out of 150000
DEBUG: Total dvariable address used is 3914664 out of 50000000
DEBUG: Total gradient stack used is 410521 out of 10000000
DEBUG: Total dvariable address used is 2087 out of 150000
DEBUG: Total dvariable address used is 3914664 out of 50000000
DEBUG: Total gradient stack used is 410521 out of 10000000
DEBUG: Total dvariable address used is 2087 out of 150000
DEBUG: Total dvariable address used is 3914664 out of 50000000
phase= 4 | nvar=407 | iter=520 | nll=-1.92e+04 | mag=3.90e+01 | par[  1]=T_pars_est[3]
DEBUG: Total gradient stack used is 410521 out of 10000000
DEBUG: Total dvariable address used is 2087 out of 150000
DEBUG: Total dvariable address used is 3914664 out of 50000000
DEBUG: Total gradient stack used is 410521 out of 10000000
DEBUG: Total dvariable address used is 2087 out of 150000
DEBUG: Total dvariable address used is 3914664 out of 50000000
DEBUG: Total gradient stack used is 410521 out of 10000000
DEBUG: Total dvariable address used is 2087 out of 150000
DEBUG: Total dvariable address used is 3914664 out of 50000000
DEBUG: Total gradient stack used is 410518 out of 10000000
DEBUG: Total dvariable address used is 2087 out of 150000
DEBUG: Total dvariable address used is 3914664 out of 50000000
DEBUG: Total gradient stack used is 410518 out of 10000000
DEBUG: Total dvariable address used is 2087 out of 150000
DEBUG: Total dvariable address used is 3914664 out of 50000000
DEBUG: Total gradient stack used is 410518 out of 10000000
DEBUG: Total dvariable address used is 2087 out of 150000
DEBUG: Total dvariable address used is 3914664 out of 50000000
DEBUG: Total gradient stack used is 410518 out of 10000000
DEBUG: Total dvariable address used is 2087 out of 150000
DEBUG: Total dvariable address used is 3914664 out of 50000000
DEBUG: Total gradient stack used is 410521 out of 10000000
DEBUG: Total dvariable address used is 2087 out of 150000
DEBUG: Total dvariable address used is 3914664 out of 50000000
DEBUG: Total gradient stack used is 410521 out of 10000000
DEBUG: Total dvariable address used is 2087 out of 150000
DEBUG: Total dvariable address used is 3914664 out of 50000000
DEBUG: Total gradient stack used is 410521 out of 10000000
DEBUG: Total dvariable address used is 2087 out of 150000
DEBUG: Total dvariable address used is 3914664 out of 50000000
DEBUG: Total gradient stack used is 410521 out of 10000000
DEBUG: Total dvariable address used is 2087 out of 150000
DEBUG: Total dvariable address used is 3914664 out of 50000000
DEBUG: Total gradient stack used is 410521 out of 10000000
DEBUG: Total dvariable address used is 2087 out of 150000
DEBUG: Total dvariable address used is 3914664 out of 50000000
DEBUG: Total gradient stack used is 410521 out of 10000000
DEBUG: Total dvariable address used is 2087 out of 150000
DEBUG: Total dvariable address used is 3914664 out of 50000000
DEBUG: Total gradient stack used is 410521 out of 10000000
DEBUG: Total dvariable address used is 2087 out of 150000
DEBUG: Total dvariable address used is 3914664 out of 50000000
DEBUG: Total gradient stack used is 410521 out of 10000000
DEBUG: Total dvariable address used is 2087 out of 150000
DEBUG: Total dvariable address used is 3914664 out of 50000000
DEBUG: Total gradient stack used is 410521 out of 10000000
DEBUG: Total dvariable address used is 2087 out of 150000
DEBUG: Total dvariable address used is 3914664 out of 50000000
DEBUG: Total gradient stack used is 410521 out of 10000000
DEBUG: Total dvariable address used is 2087 out of 150000
DEBUG: Total dvariable address used is 3914664 out of 50000000
DEBUG: Total gradient stack used is 410521 out of 10000000
DEBUG: Total dvariable address used is 2087 out of 150000
DEBUG: Total dvariable address used is 3914664 out of 50000000
DEBUG: Total gradient stack used is 410521 out of 10000000
DEBUG: Total dvariable address used is 2087 out of 150000
DEBUG: Total dvariable address used is 3914664 out of 50000000
DEBUG: Total gradient stack used is 410521 out of 10000000
DEBUG: Total dvariable address used is 2087 out of 150000
DEBUG: Total dvariable address used is 3914664 out of 50000000
phase= 4 | nvar=407 | iter=540 | nll=-1.92e+04 | mag=7.93e+00 | par[  1]=T_pars_est[3]
DEBUG: Total gradient stack used is 410521 out of 10000000
DEBUG: Total dvariable address used is 2087 out of 150000
DEBUG: Total dvariable address used is 3914664 out of 50000000
DEBUG: Total gradient stack used is 410521 out of 10000000
DEBUG: Total dvariable address used is 2087 out of 150000
DEBUG: Total dvariable address used is 3914664 out of 50000000
DEBUG: Total gradient stack used is 410521 out of 10000000
DEBUG: Total dvariable address used is 2087 out of 150000
DEBUG: Total dvariable address used is 3914664 out of 50000000
DEBUG: Total gradient stack used is 410521 out of 10000000
DEBUG: Total dvariable address used is 2087 out of 150000
DEBUG: Total dvariable address used is 3914664 out of 50000000
DEBUG: Total gradient stack used is 410521 out of 10000000
DEBUG: Total dvariable address used is 2087 out of 150000
DEBUG: Total dvariable address used is 3914664 out of 50000000
DEBUG: Total gradient stack used is 410521 out of 10000000
DEBUG: Total dvariable address used is 2087 out of 150000
DEBUG: Total dvariable address used is 3914664 out of 50000000
DEBUG: Total gradient stack used is 410521 out of 10000000
DEBUG: Total dvariable address used is 2087 out of 150000
DEBUG: Total dvariable address used is 3914664 out of 50000000
DEBUG: Total gradient stack used is 410521 out of 10000000
DEBUG: Total dvariable address used is 2087 out of 150000
DEBUG: Total dvariable address used is 3914664 out of 50000000
DEBUG: Total gradient stack used is 410521 out of 10000000
DEBUG: Total dvariable address used is 2087 out of 150000
DEBUG: Total dvariable address used is 3914664 out of 50000000
DEBUG: Total gradient stack used is 410521 out of 10000000
DEBUG: Total dvariable address used is 2087 out of 150000
DEBUG: Total dvariable address used is 3914664 out of 50000000
DEBUG: Total gradient stack used is 410521 out of 10000000
DEBUG: Total dvariable address used is 2087 out of 150000
DEBUG: Total dvariable address used is 3914664 out of 50000000
DEBUG: Total gradient stack used is 410521 out of 10000000
DEBUG: Total dvariable address used is 2087 out of 150000
DEBUG: Total dvariable address used is 3914664 out of 50000000
DEBUG: Total gradient stack used is 410521 out of 10000000
DEBUG: Total dvariable address used is 2087 out of 150000
DEBUG: Total dvariable address used is 3914664 out of 50000000
DEBUG: Total gradient stack used is 410521 out of 10000000
DEBUG: Total dvariable address used is 2087 out of 150000
DEBUG: Total dvariable address used is 3914664 out of 50000000
DEBUG: Total gradient stack used is 410521 out of 10000000
DEBUG: Total dvariable address used is 2087 out of 150000
DEBUG: Total dvariable address used is 3914664 out of 50000000
DEBUG: Total gradient stack used is 410521 out of 10000000
DEBUG: Total dvariable address used is 2087 out of 150000
DEBUG: Total dvariable address used is 3914664 out of 50000000
DEBUG: Total gradient stack used is 410521 out of 10000000
DEBUG: Total dvariable address used is 2087 out of 150000
DEBUG: Total dvariable address used is 3914664 out of 50000000
DEBUG: Total gradient stack used is 410521 out of 10000000
DEBUG: Total dvariable address used is 2087 out of 150000
DEBUG: Total dvariable address used is 3914664 out of 50000000
DEBUG: Total gradient stack used is 410521 out of 10000000
DEBUG: Total dvariable address used is 2087 out of 150000
DEBUG: Total dvariable address used is 3914664 out of 50000000
DEBUG: Total gradient stack used is 410521 out of 10000000
DEBUG: Total dvariable address used is 2087 out of 150000
DEBUG: Total dvariable address used is 3914664 out of 50000000
phase= 4 | nvar=407 | iter=560 | nll=-1.92e+04 | mag=1.33e-02 | par[148]=S_pars_est[49]
DEBUG: Total gradient stack used is 410521 out of 10000000
DEBUG: Total dvariable address used is 2087 out of 150000
DEBUG: Total dvariable address used is 3914664 out of 50000000
DEBUG: Total gradient stack used is 410521 out of 10000000
DEBUG: Total dvariable address used is 2087 out of 150000
DEBUG: Total dvariable address used is 3914664 out of 50000000
DEBUG: Total gradient stack used is 410521 out of 10000000
DEBUG: Total dvariable address used is 2087 out of 150000
DEBUG: Total dvariable address used is 3914664 out of 50000000
DEBUG: Total gradient stack used is 410521 out of 10000000
DEBUG: Total dvariable address used is 2087 out of 150000
DEBUG: Total dvariable address used is 3914664 out of 50000000
DEBUG: Total gradient stack used is 410521 out of 10000000
DEBUG: Total dvariable address used is 2087 out of 150000
DEBUG: Total dvariable address used is 3914664 out of 50000000
DEBUG: Total gradient stack used is 410521 out of 10000000
DEBUG: Total dvariable address used is 2087 out of 150000
DEBUG: Total dvariable address used is 3914664 out of 50000000
DEBUG: Total gradient stack used is 410521 out of 10000000
DEBUG: Total dvariable address used is 2087 out of 150000
DEBUG: Total dvariable address used is 3914664 out of 50000000
DEBUG: Total gradient stack used is 410521 out of 10000000
DEBUG: Total dvariable address used is 2087 out of 150000
DEBUG: Total dvariable address used is 3914664 out of 50000000
DEBUG: Total gradient stack used is 410521 out of 10000000
DEBUG: Total dvariable address used is 2087 out of 150000
DEBUG: Total dvariable address used is 3914664 out of 50000000
DEBUG: Total gradient stack used is 410521 out of 10000000
DEBUG: Total dvariable address used is 2087 out of 150000
DEBUG: Total dvariable address used is 3914664 out of 50000000
DEBUG: Total gradient stack used is 410521 out of 10000000
DEBUG: Total dvariable address used is 2087 out of 150000
DEBUG: Total dvariable address used is 3914664 out of 50000000
DEBUG: Total gradient stack used is 410521 out of 10000000
DEBUG: Total dvariable address used is 2087 out of 150000
DEBUG: Total dvariable address used is 3914664 out of 50000000
DEBUG: Total gradient stack used is 410521 out of 10000000
DEBUG: Total dvariable address used is 2087 out of 150000
DEBUG: Total dvariable address used is 3914664 out of 50000000
DEBUG: Total gradient stack used is 410521 out of 10000000
DEBUG: Total dvariable address used is 2087 out of 150000
DEBUG: Total dvariable address used is 3914664 out of 50000000
DEBUG: Total gradient stack used is 410521 out of 10000000
DEBUG: Total dvariable address used is 2087 out of 150000
DEBUG: Total dvariable address used is 3914664 out of 50000000
DEBUG: Total gradient stack used is 410521 out of 10000000
DEBUG: Total dvariable address used is 2087 out of 150000
DEBUG: Total dvariable address used is 3914664 out of 50000000
DEBUG: Total gradient stack used is 410521 out of 10000000
DEBUG: Total dvariable address used is 2087 out of 150000
DEBUG: Total dvariable address used is 3914664 out of 50000000
DEBUG: Total gradient stack used is 410521 out of 10000000
DEBUG: Total dvariable address used is 2087 out of 150000
DEBUG: Total dvariable address used is 3914664 out of 50000000
DEBUG: Total gradient stack used is 410521 out of 10000000
DEBUG: Total dvariable address used is 2087 out of 150000
DEBUG: Total dvariable address used is 3914664 out of 50000000
DEBUG: Total gradient stack used is 410521 out of 10000000
DEBUG: Total dvariable address used is 2087 out of 150000
DEBUG: Total dvariable address used is 3914664 out of 50000000
DEBUG: Total gradient stack used is 410521 out of 10000000
DEBUG: Total dvariable address used is 2087 out of 150000
DEBUG: Total dvariable address used is 3914664 out of 50000000
DEBUG: Total gradient stack used is 410521 out of 10000000
DEBUG: Total dvariable address used is 2087 out of 150000
DEBUG: Total dvariable address used is 3914664 out of 50000000
DEBUG: Total gradient stack used is 410521 out of 10000000
DEBUG: Total dvariable address used is 2087 out of 150000
DEBUG: Total dvariable address used is 3914664 out of 50000000
DEBUG: Total gradient stack used is 410521 out of 10000000
DEBUG: Total dvariable address used is 2087 out of 150000
DEBUG: Total dvariable address used is 3914664 out of 50000000
DEBUG: Total gradient stack used is 410521 out of 10000000
DEBUG: Total dvariable address used is 2087 out of 150000
DEBUG: Total dvariable address used is 3914664 out of 50000000
DEBUG: Total gradient stack used is 410521 out of 10000000
DEBUG: Total dvariable address used is 2087 out of 150000
DEBUG: Total dvariable address used is 3914664 out of 50000000
DEBUG: Total gradient stack used is 410521 out of 10000000
DEBUG: Total dvariable address used is 2087 out of 150000
DEBUG: Total dvariable address used is 3914664 out of 50000000
DEBUG: Total gradient stack used is 410521 out of 10000000
DEBUG: Total dvariable address used is 2087 out of 150000
DEBUG: Total dvariable address used is 3914664 out of 50000000
DEBUG: Total gradient stack used is 410521 out of 10000000
DEBUG: Total dvariable address used is 2087 out of 150000
DEBUG: Total dvariable address used is 3914664 out of 50000000
DEBUG: Total gradient stack used is 410521 out of 10000000
DEBUG: Total dvariable address used is 2087 out of 150000
DEBUG: Total dvariable address used is 3914664 out of 50000000
DEBUG: Total gradient stack used is 410521 out of 10000000
DEBUG: Total dvariable address used is 2087 out of 150000
DEBUG: Total dvariable address used is 3914664 out of 50000000
DEBUG: Total gradient stack used is 410521 out of 10000000
DEBUG: Total dvariable address used is 2087 out of 150000
DEBUG: Total dvariable address used is 3914664 out of 50000000
DEBUG: Total gradient stack used is 410521 out of 10000000
DEBUG: Total dvariable address used is 2087 out of 150000
DEBUG: Total dvariable address used is 3914664 out of 50000000
DEBUG: Total gradient stack used is 410521 out of 10000000
DEBUG: Total dvariable address used is 2087 out of 150000
DEBUG: Total dvariable address used is 3914664 out of 50000000
phase= 4 | nvar=407 | iter=563 | nll=-1.92e+04 | mag=5.69e-03 | par[148]=S_pars_est[49]
Optimization completed after 57 s with final statistics:
  nll=-19225.895475 | mag=5.68596e-03 | par[148]=S_pars_est[49]

Warning: the following parameters had issues
  M_pars_est[13] is within 0.1% of upper bound: -1 < 1 < 1
  S_pars_est[46] is within 1% of upper bound: -11.5129 < -0.113518 < 0
  S_pars_est[47] is within 1% of upper bound: -11.5129 < -0.0760284 < 0
  S_pars_est[48] is within 1% of upper bound: -11.5129 < -0.0773951 < 0
  S_pars_est[71] is within 1% of upper bound: -11.5129 < -0.0828309 < 0
  S_pars_est[93] is within 1% of upper bound: -11.5129 < -0.080517 < 0

DEBUG: Total gradient stack used is 0 out of 10000000
DEBUG: Total dvariable address used is 2087 out of 150000
DEBUG: Total dvariable address used is 3914664 out of 50000000
Starting REPORT_SECTION
+--------------------------+
| Beginning report section |
+--------------------------+
last phase
Finished WriteFiles
REPORT_SECTION: finished CreateOutput
REPORT_SECTION: finished save_gradients
Finished REPORT_SECTION
Calculating Hessian (407 variables): DEBUG: Total gradient stack used is 410521 out of 10000000
DEBUG: Total dvariable address used is 2087 out of 150000
DEBUG: Total dvariable address used is 3928936 out of 50000000
DEBUG: Total gradient stack used is 410521 out of 10000000
DEBUG: Total dvariable address used is 2087 out of 150000
DEBUG: Total dvariable address used is 3928936 out of 50000000
DEBUG: Total gradient stack used is 410521 out of 10000000
DEBUG: Total dvariable address used is 2087 out of 150000
DEBUG: Total dvariable address used is 3928936 out of 50000000
DEBUG: Total gradient stack used is 410521 out of 10000000
DEBUG: Total dvariable address used is 2087 out of 150000
DEBUG: Total dvariable address used is 3928936 out of 50000000
DEBUG: Total gradient stack used is 410521 out of 10000000
DEBUG: Total dvariable address used is 2087 out of 150000
DEBUG: Total dvariable address used is 3928936 out of 50000000
DEBUG: Total gradient stack used is 410521 out of 10000000
DEBUG: Total dvariable address used is 2087 out of 150000
DEBUG: Total dvariable address used is 3928936 out of 50000000
DEBUG: Total gradient stack used is 410521 out of 10000000
DEBUG: Total dvariable address used is 2087 out of 150000
DEBUG: Total dvariable address used is 3928936 out of 50000000
DEBUG: Total gradient stack used is 410521 out of 10000000
DEBUG: Total dvariable address used is 2087 out of 150000
DEBUG: Total dvariable address used is 3928936 out of 50000000
DEBUG: Total gradient stack used is 410521 out of 10000000
DEBUG: Total dvariable address used is 2087 out of 150000
DEBUG: Total dvariable address used is 3928936 out of 50000000
DEBUG: Total gradient stack used is 410521 out of 10000000
DEBUG: Total dvariable address used is 2087 out of 150000
DEBUG: Total dvariable address used is 3928936 out of 50000000
DEBUG: Total gradient stack used is 410521 out of 10000000
DEBUG: Total dvariable address used is 2087 out of 150000
DEBUG: Total dvariable address used is 3928936 out of 50000000
DEBUG: Total gradient stack used is 410521 out of 10000000
DEBUG: Total dvariable address used is 2087 out of 150000
DEBUG: Total dvariable address used is 3928936 out of 50000000
DEBUG: Total gradient stack used is 410521 out of 10000000
DEBUG: Total dvariable address used is 2087 out of 150000
DEBUG: Total dvariable address used is 3928936 out of 50000000
DEBUG: Total gradient stack used is 410521 out of 10000000
DEBUG: Total dvariable address used is 2087 out of 150000
DEBUG: Total dvariable address used is 3928936 out of 50000000
DEBUG: Total gradient stack used is 410521 out of 10000000
DEBUG: Total dvariable address used is 2087 out of 150000
DEBUG: Total dvariable address used is 3928936 out of 50000000
DEBUG: Total gradient stack used is 410521 out of 10000000
DEBUG: Total dvariable address used is 2087 out of 150000
DEBUG: Total dvariable address used is 3928936 out of 50000000
DEBUG: Total gradient stack used is 410521 out of 10000000
DEBUG: Total dvariable address used is 2087 out of 150000
DEBUG: Total dvariable address used is 3928936 out of 50000000
DEBUG: Total gradient stack used is 410521 out of 10000000
DEBUG: Total dvariable address used is 2087 out of 150000
DEBUG: Total dvariable address used is 3928936 out of 50000000
DEBUG: Total gradient stack used is 410521 out of 10000000
DEBUG: Total dvariable address used is 2087 out of 150000
DEBUG: Total dvariable address used is 3928936 out of 50000000
DEBUG: Total gradient stack used is 410521 out of 10000000
DEBUG: Total dvariable address used is 2087 out of 150000
DEBUG: Total dvariable address used is 3928936 out of 50000000
DEBUG: Total gradient stack used is 410521 out of 10000000
DEBUG: Total dvariable address used is 2087 out of 150000
DEBUG: Total dvariable address used is 3928936 out of 50000000
DEBUG: Total gradient stack used is 410521 out of 10000000
DEBUG: Total dvariable address used is 2087 out of 150000
DEBUG: Total dvariable address used is 3928936 out of 50000000
DEBUG: Total gradient stack used is 410521 out of 10000000
DEBUG: Total dvariable address used is 2087 out of 150000
DEBUG: Total dvariable address used is 3928936 out of 50000000
DEBUG: Total gradient stack used is 410521 out of 10000000
DEBUG: Total dvariable address used is 2087 out of 150000
DEBUG: Total dvariable address used is 3928936 out of 50000000
DEBUG: Total gradient stack used is 410521 out of 10000000
DEBUG: Total dvariable address used is 2087 out of 150000
DEBUG: Total dvariable address used is 3928936 out of 50000000
DEBUG: Total gradient stack used is 410521 out of 10000000
DEBUG: Total dvariable address used is 2087 out of 150000
DEBUG: Total dvariable address used is 3928936 out of 50000000
DEBUG: Total gradient stack used is 410521 out of 10000000
DEBUG: Total dvariable address used is 2087 out of 150000
DEBUG: Total dvariable address used is 3928936 out of 50000000
DEBUG: Total gradient stack used is 410521 out of 10000000
DEBUG: Total dvariable address used is 2087 out of 150000
DEBUG: Total dvariable address used is 3928936 out of 50000000
DEBUG: Total gradient stack used is 410521 out of 10000000
DEBUG: Total dvariable address used is 2087 out of 150000
DEBUG: Total dvariable address used is 3928936 out of 50000000
DEBUG: Total gradient stack used is 410521 out of 10000000
DEBUG: Total dvariable address used is 2087 out of 150000
DEBUG: Total dvariable address used is 3928936 out of 50000000
DEBUG: Total gradient stack used is 410521 out of 10000000
DEBUG: Total dvariable address used is 2087 out of 150000
DEBUG: Total dvariable address used is 3928936 out of 50000000
DEBUG: Total gradient stack used is 410521 out of 10000000
DEBUG: Total dvariable address used is 2087 out of 150000
DEBUG: Total dvariable address used is 3928936 out of 50000000
DEBUG: Total gradient stack used is 410521 out of 10000000
DEBUG: Total dvariable address used is 2087 out of 150000
DEBUG: Total dvariable address used is 3928936 out of 50000000
DEBUG: Total gradient stack used is 410521 out of 10000000
DEBUG: Total dvariable address used is 2087 out of 150000
DEBUG: Total dvariable address used is 3928936 out of 50000000
DEBUG: Total gradient stack used is 410521 out of 10000000
DEBUG: Total dvariable address used is 2087 out of 150000
DEBUG: Total dvariable address used is 3928936 out of 50000000
DEBUG: Total gradient stack used is 410521 out of 10000000
DEBUG: Total dvariable address used is 2087 out of 150000
DEBUG: Total dvariable address used is 3928936 out of 50000000
DEBUG: Total gradient stack used is 410521 out of 10000000
DEBUG: Total dvariable address used is 2087 out of 150000
DEBUG: Total dvariable address used is 3928936 out of 50000000
DEBUG: Total gradient stack used is 410521 out of 10000000
DEBUG: Total dvariable address used is 2087 out of 150000
DEBUG: Total dvariable address used is 3928936 out of 50000000
DEBUG: Total gradient stack used is 410521 out of 10000000
DEBUG: Total dvariable address used is 2087 out of 150000
DEBUG: Total dvariable address used is 3928936 out of 50000000
DEBUG: Total gradient stack used is 410521 out of 10000000
DEBUG: Total dvariable address used is 2087 out of 150000
DEBUG: Total dvariable address used is 3928936 out of 50000000
DEBUG: Total gradient stack used is 410521 out of 10000000
DEBUG: Total dvariable address used is 2087 out of 150000
DEBUG: Total dvariable address used is 3928936 out of 50000000
DEBUG: Total gradient stack used is 410521 out of 10000000
DEBUG: Total dvariable address used is 2087 out of 150000
DEBUG: Total dvariable address used is 3928936 out of 50000000
DEBUG: Total gradient stack used is 410521 out of 10000000
DEBUG: Total dvariable address used is 2087 out of 150000
DEBUG: Total dvariable address used is 3928936 out of 50000000
DEBUG: Total gradient stack used is 410521 out of 10000000
DEBUG: Total dvariable address used is 2087 out of 150000
DEBUG: Total dvariable address used is 3928936 out of 50000000
DEBUG: Total gradient stack used is 410521 out of 10000000
DEBUG: Total dvariable address used is 2087 out of 150000
DEBUG: Total dvariable address used is 3928936 out of 50000000
DEBUG: Total gradient stack used is 410521 out of 10000000
DEBUG: Total dvariable address used is 2087 out of 150000
DEBUG: Total dvariable address used is 3928936 out of 50000000
DEBUG: Total gradient stack used is 410521 out of 10000000
DEBUG: Total dvariable address used is 2087 out of 150000
DEBUG: Total dvariable address used is 3928936 out of 50000000
DEBUG: Total gradient stack used is 410521 out of 10000000
DEBUG: Total dvariable address used is 2087 out of 150000
DEBUG: Total dvariable address used is 3928936 out of 50000000
DEBUG: Total gradient stack used is 410521 out of 10000000
DEBUG: Total dvariable address used is 2087 out of 150000
DEBUG: Total dvariable address used is 3928936 out of 50000000
DEBUG: Total gradient stack used is 410521 out of 10000000
DEBUG: Total dvariable address used is 2087 out of 150000
DEBUG: Total dvariable address used is 3928936 out of 50000000
DEBUG: Total gradient stack used is 410521 out of 10000000
DEBUG: Total dvariable address used is 2087 out of 150000
DEBUG: Total dvariable address used is 3928936 out of 50000000
DEBUG: Total gradient stack used is 410521 out of 10000000
DEBUG: Total dvariable address used is 2087 out of 150000
DEBUG: Total dvariable address used is 3928936 out of 50000000
DEBUG: Total gradient stack used is 410521 out of 10000000
DEBUG: Total dvariable address used is 2087 out of 150000
DEBUG: Total dvariable address used is 3928936 out of 50000000
DEBUG: Total gradient stack used is 410521 out of 10000000
DEBUG: Total dvariable address used is 2087 out of 150000
DEBUG: Total dvariable address used is 3928936 out of 50000000
DEBUG: Total gradient stack used is 410521 out of 10000000
DEBUG: Total dvariable address used is 2087 out of 150000
DEBUG: Total dvariable address used is 3928936 out of 50000000
DEBUG: Total gradient stack used is 410521 out of 10000000
DEBUG: Total dvariable address used is 2087 out of 150000
DEBUG: Total dvariable address used is 3928936 out of 50000000
DEBUG: Total gradient stack used is 410521 out of 10000000
DEBUG: Total dvariable address used is 2087 out of 150000
DEBUG: Total dvariable address used is 3928936 out of 50000000
DEBUG: Total gradient stack used is 410521 out of 10000000
DEBUG: Total dvariable address used is 2087 out of 150000
DEBUG: Total dvariable address used is 3928936 out of 50000000
DEBUG: Total gradient stack used is 410521 out of 10000000
DEBUG: Total dvariable address used is 2087 out of 150000
DEBUG: Total dvariable address used is 3928936 out of 50000000
DEBUG: Total gradient stack used is 410521 out of 10000000
DEBUG: Total dvariable address used is 2087 out of 150000
DEBUG: Total dvariable address used is 3928936 out of 50000000
DEBUG: Total gradient stack used is 410521 out of 10000000
DEBUG: Total dvariable address used is 2087 out of 150000
DEBUG: Total dvariable address used is 3928936 out of 50000000
DEBUG: Total gradient stack used is 410521 out of 10000000
DEBUG: Total dvariable address used is 2087 out of 150000
DEBUG: Total dvariable address used is 3928936 out of 50000000
DEBUG: Total gradient stack used is 410521 out of 10000000
DEBUG: Total dvariable address used is 2087 out of 150000
DEBUG: Total dvariable address used is 3928936 out of 50000000
DEBUG: Total gradient stack used is 410521 out of 10000000
DEBUG: Total dvariable address used is 2087 out of 150000
DEBUG: Total dvariable address used is 3928936 out of 50000000
DEBUG: Total gradient stack used is 410521 out of 10000000
DEBUG: Total dvariable address used is 2087 out of 150000
DEBUG: Total dvariable address used is 3928936 out of 50000000
DEBUG: Total gradient stack used is 410521 out of 10000000
DEBUG: Total dvariable address used is 2087 out of 150000
DEBUG: Total dvariable address used is 3928936 out of 50000000
DEBUG: Total gradient stack used is 410521 out of 10000000
DEBUG: Total dvariable address used is 2087 out of 150000
DEBUG: Total dvariable address used is 3928936 out of 50000000
DEBUG: Total gradient stack used is 410521 out of 10000000
DEBUG: Total dvariable address used is 2087 out of 150000
DEBUG: Total dvariable address used is 3928936 out of 50000000
DEBUG: Total gradient stack used is 410521 out of 10000000
DEBUG: Total dvariable address used is 2087 out of 150000
DEBUG: Total dvariable address used is 3928936 out of 50000000
DEBUG: Total gradient stack used is 410521 out of 10000000
DEBUG: Total dvariable address used is 2087 out of 150000
DEBUG: Total dvariable address used is 3928936 out of 50000000
DEBUG: Total gradient stack used is 410521 out of 10000000
DEBUG: Total dvariable address used is 2087 out of 150000
DEBUG: Total dvariable address used is 3928936 out of 50000000
DEBUG: Total gradient stack used is 410521 out of 10000000
DEBUG: Total dvariable address used is 2087 out of 150000
DEBUG: Total dvariable address used is 3928936 out of 50000000
DEBUG: Total gradient stack used is 410521 out of 10000000
DEBUG: Total dvariable address used is 2087 out of 150000
DEBUG: Total dvariable address used is 3928936 out of 50000000
DEBUG: Total gradient stack used is 410521 out of 10000000
DEBUG: Total dvariable address used is 2087 out of 150000
DEBUG: Total dvariable address used is 3928936 out of 50000000
DEBUG: Total gradient stack used is 410521 out of 10000000
DEBUG: Total dvariable address used is 2087 out of 150000
DEBUG: Total dvariable address used is 3928936 out of 50000000
DEBUG: Total gradient stack used is 410521 out of 10000000
DEBUG: Total dvariable address used is 2087 out of 150000
DEBUG: Total dvariable address used is 3928936 out of 50000000
DEBUG: Total gradient stack used is 410521 out of 10000000
DEBUG: Total dvariable address used is 2087 out of 150000
DEBUG: Total dvariable address used is 3928936 out of 50000000
DEBUG: Total gradient stack used is 410521 out of 10000000
DEBUG: Total dvariable address used is 2087 out of 150000
DEBUG: Total dvariable address used is 3928936 out of 50000000
DEBUG: Total gradient stack used is 410521 out of 10000000
DEBUG: Total dvariable address used is 2087 out of 150000
DEBUG: Total dvariable address used is 3928936 out of 50000000
DEBUG: Total gradient stack used is 410521 out of 10000000
DEBUG: Total dvariable address used is 2087 out of 150000
DEBUG: Total dvariable address used is 3928936 out of 50000000
DEBUG: Total gradient stack used is 410521 out of 10000000
DEBUG: Total dvariable address used is 2087 out of 150000
DEBUG: Total dvariable address used is 3928936 out of 50000000
DEBUG: Total gradient stack used is 410521 out of 10000000
DEBUG: Total dvariable address used is 2087 out of 150000
DEBUG: Total dvariable address used is 3928936 out of 50000000
DEBUG: Total gradient stack used is 410521 out of 10000000
DEBUG: Total dvariable address used is 2087 out of 150000
DEBUG: Total dvariable address used is 3928936 out of 50000000
DEBUG: Total gradient stack used is 410521 out of 10000000
DEBUG: Total dvariable address used is 2087 out of 150000
DEBUG: Total dvariable address used is 3928936 out of 50000000
DEBUG: Total gradient stack used is 410521 out of 10000000
DEBUG: Total dvariable address used is 2087 out of 150000
DEBUG: Total dvariable address used is 3928936 out of 50000000
DEBUG: Total gradient stack used is 410521 out of 10000000
DEBUG: Total dvariable address used is 2087 out of 150000
DEBUG: Total dvariable address used is 3928936 out of 50000000
DEBUG: Total gradient stack used is 410521 out of 10000000
DEBUG: Total dvariable address used is 2087 out of 150000
DEBUG: Total dvariable address used is 3928936 out of 50000000
DEBUG: Total gradient stack used is 410521 out of 10000000
DEBUG: Total dvariable address used is 2087 out of 150000
DEBUG: Total dvariable address used is 3928936 out of 50000000
DEBUG: Total gradient stack used is 410521 out of 10000000
DEBUG: Total dvariable address used is 2087 out of 150000
DEBUG: Total dvariable address used is 3928936 out of 50000000
DEBUG: Total gradient stack used is 410521 out of 10000000
DEBUG: Total dvariable address used is 2087 out of 150000
DEBUG: Total dvariable address used is 3928936 out of 50000000
DEBUG: Total gradient stack used is 410521 out of 10000000
DEBUG: Total dvariable address used is 2087 out of 150000
DEBUG: Total dvariable address used is 3928936 out of 50000000
DEBUG: Total gradient stack used is 410521 out of 10000000
DEBUG: Total dvariable address used is 2087 out of 150000
DEBUG: Total dvariable address used is 3928936 out of 50000000
DEBUG: Total gradient stack used is 410521 out of 10000000
DEBUG: Total dvariable address used is 2087 out of 150000
DEBUG: Total dvariable address used is 3928936 out of 50000000
DEBUG: Total gradient stack used is 410521 out of 10000000
DEBUG: Total dvariable address used is 2087 out of 150000
DEBUG: Total dvariable address used is 3928936 out of 50000000
DEBUG: Total gradient stack used is 410521 out of 10000000
DEBUG: Total dvariable address used is 2087 out of 150000
DEBUG: Total dvariable address used is 3928936 out of 50000000
DEBUG: Total gradient stack used is 410521 out of 10000000
DEBUG: Total dvariable address used is 2087 out of 150000
DEBUG: Total dvariable address used is 3928936 out of 50000000
DEBUG: Total gradient stack used is 410521 out of 10000000
DEBUG: Total dvariable address used is 2087 out of 150000
DEBUG: Total dvariable address used is 3928936 out of 50000000
DEBUG: Total gradient stack used is 410521 out of 10000000
DEBUG: Total dvariable address used is 2087 out of 150000
DEBUG: Total dvariable address used is 3928936 out of 50000000
DEBUG: Total gradient stack used is 410521 out of 10000000
DEBUG: Total dvariable address used is 2087 out of 150000
DEBUG: Total dvariable address used is 3928936 out of 50000000
DEBUG: Total gradient stack used is 410521 out of 10000000
DEBUG: Total dvariable address used is 2087 out of 150000
DEBUG: Total dvariable address used is 3928936 out of 50000000
DEBUG: Total gradient stack used is 410521 out of 10000000
DEBUG: Total dvariable address used is 2087 out of 150000
DEBUG: Total dvariable address used is 3928936 out of 50000000
DEBUG: Total gradient stack used is 410521 out of 10000000
DEBUG: Total dvariable address used is 2087 out of 150000
DEBUG: Total dvariable address used is 3928936 out of 50000000
DEBUG: Total gradient stack used is 410521 out of 10000000
DEBUG: Total dvariable address used is 2087 out of 150000
DEBUG: Total dvariable address used is 3928936 out of 50000000
DEBUG: Total gradient stack used is 410521 out of 10000000
DEBUG: Total dvariable address used is 2087 out of 150000
DEBUG: Total dvariable address used is 3928936 out of 50000000
DEBUG: Total gradient stack used is 410521 out of 10000000
DEBUG: Total dvariable address used is 2087 out of 150000
DEBUG: Total dvariable address used is 3928936 out of 50000000
DEBUG: Total gradient stack used is 410521 out of 10000000
DEBUG: Total dvariable address used is 2087 out of 150000
DEBUG: Total dvariable address used is 3928936 out of 50000000
DEBUG: Total gradient stack used is 410521 out of 10000000
DEBUG: Total dvariable address used is 2087 out of 150000
DEBUG: Total dvariable address used is 3928936 out of 50000000
DEBUG: Total gradient stack used is 410521 out of 10000000
DEBUG: Total dvariable address used is 2087 out of 150000
DEBUG: Total dvariable address used is 3928936 out of 50000000
DEBUG: Total gradient stack used is 410521 out of 10000000
DEBUG: Total dvariable address used is 2087 out of 150000
DEBUG: Total dvariable address used is 3928936 out of 50000000
DEBUG: Total gradient stack used is 410521 out of 10000000
DEBUG: Total dvariable address used is 2087 out of 150000
DEBUG: Total dvariable address used is 3928936 out of 50000000
DEBUG: Total gradient stack used is 410521 out of 10000000
DEBUG: Total dvariable address used is 2087 out of 150000
DEBUG: Total dvariable address used is 3928936 out of 50000000
DEBUG: Total gradient stack used is 410521 out of 10000000
DEBUG: Total dvariable address used is 2087 out of 150000
DEBUG: Total dvariable address used is 3928936 out of 50000000
DEBUG: Total gradient stack used is 410521 out of 10000000
DEBUG: Total dvariable address used is 2087 out of 150000
DEBUG: Total dvariable address used is 3928936 out of 50000000
DEBUG: Total gradient stack used is 410521 out of 10000000
DEBUG: Total dvariable address used is 2087 out of 150000
DEBUG: Total dvariable address used is 3928936 out of 50000000
DEBUG: Total gradient stack used is 410521 out of 10000000
DEBUG: Total dvariable address used is 2087 out of 150000
DEBUG: Total dvariable address used is 3928936 out of 50000000
DEBUG: Total gradient stack used is 410521 out of 10000000
DEBUG: Total dvariable address used is 2087 out of 150000
DEBUG: Total dvariable address used is 3928936 out of 50000000
DEBUG: Total gradient stack used is 410521 out of 10000000
DEBUG: Total dvariable address used is 2087 out of 150000
DEBUG: Total dvariable address used is 3928936 out of 50000000
DEBUG: Total gradient stack used is 410521 out of 10000000
DEBUG: Total dvariable address used is 2087 out of 150000
DEBUG: Total dvariable address used is 3928936 out of 50000000
DEBUG: Total gradient stack used is 410521 out of 10000000
DEBUG: Total dvariable address used is 2087 out of 150000
DEBUG: Total dvariable address used is 3928936 out of 50000000
DEBUG: Total gradient stack used is 410521 out of 10000000
DEBUG: Total dvariable address used is 2087 out of 150000
DEBUG: Total dvariable address used is 3928936 out of 50000000
DEBUG: Total gradient stack used is 410521 out of 10000000
DEBUG: Total dvariable address used is 2087 out of 150000
DEBUG: Total dvariable address used is 3928936 out of 50000000
DEBUG: Total gradient stack used is 410521 out of 10000000
DEBUG: Total dvariable address used is 2087 out of 150000
DEBUG: Total dvariable address used is 3928936 out of 50000000
DEBUG: Total gradient stack used is 410521 out of 10000000
DEBUG: Total dvariable address used is 2087 out of 150000
DEBUG: Total dvariable address used is 3928936 out of 50000000
DEBUG: Total gradient stack used is 410521 out of 10000000
DEBUG: Total dvariable address used is 2087 out of 150000
DEBUG: Total dvariable address used is 3928936 out of 50000000
DEBUG: Total gradient stack used is 410521 out of 10000000
DEBUG: Total dvariable address used is 2087 out of 150000
DEBUG: Total dvariable address used is 3928936 out of 50000000
DEBUG: Total gradient stack used is 410521 out of 10000000
DEBUG: Total dvariable address used is 2087 out of 150000
DEBUG: Total dvariable address used is 3928936 out of 50000000
DEBUG: Total gradient stack used is 410521 out of 10000000
DEBUG: Total dvariable address used is 2087 out of 150000
DEBUG: Total dvariable address used is 3928936 out of 50000000
DEBUG: Total gradient stack used is 410521 out of 10000000
DEBUG: Total dvariable address used is 2087 out of 150000
DEBUG: Total dvariable address used is 3928936 out of 50000000
DEBUG: Total gradient stack used is 410521 out of 10000000
DEBUG: Total dvariable address used is 2087 out of 150000
DEBUG: Total dvariable address used is 3928936 out of 50000000
DEBUG: Total gradient stack used is 410521 out of 10000000
DEBUG: Total dvariable address used is 2087 out of 150000
DEBUG: Total dvariable address used is 3928936 out of 50000000
DEBUG: Total gradient stack used is 410521 out of 10000000
DEBUG: Total dvariable address used is 2087 out of 150000
DEBUG: Total dvariable address used is 3928936 out of 50000000
DEBUG: Total gradient stack used is 410521 out of 10000000
DEBUG: Total dvariable address used is 2087 out of 150000
DEBUG: Total dvariable address used is 3928936 out of 50000000
DEBUG: Total gradient stack used is 410521 out of 10000000
DEBUG: Total dvariable address used is 2087 out of 150000
DEBUG: Total dvariable address used is 3928936 out of 50000000
DEBUG: Total gradient stack used is 410521 out of 10000000
DEBUG: Total dvariable address used is 2087 out of 150000
DEBUG: Total dvariable address used is 3928936 out of 50000000
DEBUG: Total gradient stack used is 410521 out of 10000000
DEBUG: Total dvariable address used is 2087 out of 150000
DEBUG: Total dvariable address used is 3928936 out of 50000000
DEBUG: Total gradient stack used is 410521 out of 10000000
DEBUG: Total dvariable address used is 2087 out of 150000
DEBUG: Total dvariable address used is 3928936 out of 50000000
DEBUG: Total gradient stack used is 410521 out of 10000000
DEBUG: Total dvariable address used is 2087 out of 150000
DEBUG: Total dvariable address used is 3928936 out of 50000000
DEBUG: Total gradient stack used is 410521 out of 10000000
DEBUG: Total dvariable address used is 2087 out of 150000
DEBUG: Total dvariable address used is 3928936 out of 50000000
DEBUG: Total gradient stack used is 410521 out of 10000000
DEBUG: Total dvariable address used is 2087 out of 150000
DEBUG: Total dvariable address used is 3928936 out of 50000000
DEBUG: Total gradient stack used is 410521 out of 10000000
DEBUG: Total dvariable address used is 2087 out of 150000
DEBUG: Total dvariable address used is 3928936 out of 50000000
DEBUG: Total gradient stack used is 410521 out of 10000000
DEBUG: Total dvariable address used is 2087 out of 150000
DEBUG: Total dvariable address used is 3928936 out of 50000000
DEBUG: Total gradient stack used is 410521 out of 10000000
DEBUG: Total dvariable address used is 2087 out of 150000
DEBUG: Total dvariable address used is 3928936 out of 50000000
DEBUG: Total gradient stack used is 410521 out of 10000000
DEBUG: Total dvariable address used is 2087 out of 150000
DEBUG: Total dvariable address used is 3928936 out of 50000000
DEBUG: Total gradient stack used is 410521 out of 10000000
DEBUG: Total dvariable address used is 2087 out of 150000
DEBUG: Total dvariable address used is 3928936 out of 50000000
DEBUG: Total gradient stack used is 410521 out of 10000000
DEBUG: Total dvariable address used is 2087 out of 150000
DEBUG: Total dvariable address used is 3928936 out of 50000000
DEBUG: Total gradient stack used is 410521 out of 10000000
DEBUG: Total dvariable address used is 2087 out of 150000
DEBUG: Total dvariable address used is 3928936 out of 50000000
DEBUG: Total gradient stack used is 410521 out of 10000000
DEBUG: Total dvariable address used is 2087 out of 150000
DEBUG: Total dvariable address used is 3928936 out of 50000000
DEBUG: Total gradient stack used is 410521 out of 10000000
DEBUG: Total dvariable address used is 2087 out of 150000
DEBUG: Total dvariable address used is 3928936 out of 50000000
DEBUG: Total gradient stack used is 410521 out of 10000000
DEBUG: Total dvariable address used is 2087 out of 150000
DEBUG: Total dvariable address used is 3928936 out of 50000000
DEBUG: Total gradient stack used is 410521 out of 10000000
DEBUG: Total dvariable address used is 2087 out of 150000
DEBUG: Total dvariable address used is 3928936 out of 50000000
DEBUG: Total gradient stack used is 410521 out of 10000000
DEBUG: Total dvariable address used is 2087 out of 150000
DEBUG: Total dvariable address used is 3928936 out of 50000000
DEBUG: Total gradient stack used is 410521 out of 10000000
DEBUG: Total dvariable address used is 2087 out of 150000
DEBUG: Total dvariable address used is 3928936 out of 50000000
DEBUG: Total gradient stack used is 410521 out of 10000000
DEBUG: Total dvariable address used is 2087 out of 150000
DEBUG: Total dvariable address used is 3928936 out of 50000000
DEBUG: Total gradient stack used is 410521 out of 10000000
DEBUG: Total dvariable address used is 2087 out of 150000
DEBUG: Total dvariable address used is 3928936 out of 50000000
DEBUG: Total gradient stack used is 410521 out of 10000000
DEBUG: Total dvariable address used is 2087 out of 150000
DEBUG: Total dvariable address used is 3928936 out of 50000000
DEBUG: Total gradient stack used is 410521 out of 10000000
DEBUG: Total dvariable address used is 2087 out of 150000
DEBUG: Total dvariable address used is 3928936 out of 50000000
DEBUG: Total gradient stack used is 410521 out of 10000000
DEBUG: Total dvariable address used is 2087 out of 150000
DEBUG: Total dvariable address used is 3928936 out of 50000000
DEBUG: Total gradient stack used is 410521 out of 10000000
DEBUG: Total dvariable address used is 2087 out of 150000
DEBUG: Total dvariable address used is 3928936 out of 50000000
DEBUG: Total gradient stack used is 410521 out of 10000000
DEBUG: Total dvariable address used is 2087 out of 150000
DEBUG: Total dvariable address used is 3928936 out of 50000000
DEBUG: Total gradient stack used is 410521 out of 10000000
DEBUG: Total dvariable address used is 2087 out of 150000
DEBUG: Total dvariable address used is 3928936 out of 50000000
DEBUG: Total gradient stack used is 410521 out of 10000000
DEBUG: Total dvariable address used is 2087 out of 150000
DEBUG: Total dvariable address used is 3928936 out of 50000000
DEBUG: Total gradient stack used is 410521 out of 10000000
DEBUG: Total dvariable address used is 2087 out of 150000
DEBUG: Total dvariable address used is 3928936 out of 50000000
DEBUG: Total gradient stack used is 410521 out of 10000000
DEBUG: Total dvariable address used is 2087 out of 150000
DEBUG: Total dvariable address used is 3928936 out of 50000000
DEBUG: Total gradient stack used is 410521 out of 10000000
DEBUG: Total dvariable address used is 2087 out of 150000
DEBUG: Total dvariable address used is 3928936 out of 50000000
DEBUG: Total gradient stack used is 410521 out of 10000000
DEBUG: Total dvariable address used is 2087 out of 150000
DEBUG: Total dvariable address used is 3928936 out of 50000000
DEBUG: Total gradient stack used is 410521 out of 10000000
DEBUG: Total dvariable address used is 2087 out of 150000
DEBUG: Total dvariable address used is 3928936 out of 50000000
DEBUG: Total gradient stack used is 410521 out of 10000000
DEBUG: Total dvariable address used is 2087 out of 150000
DEBUG: Total dvariable address used is 3928936 out of 50000000
DEBUG: Total gradient stack used is 410521 out of 10000000
DEBUG: Total dvariable address used is 2087 out of 150000
DEBUG: Total dvariable address used is 3928936 out of 50000000
DEBUG: Total gradient stack used is 410521 out of 10000000
DEBUG: Total dvariable address used is 2087 out of 150000
DEBUG: Total dvariable address used is 3928936 out of 50000000
DEBUG: Total gradient stack used is 410521 out of 10000000
DEBUG: Total dvariable address used is 2087 out of 150000
DEBUG: Total dvariable address used is 3928936 out of 50000000
DEBUG: Total gradient stack used is 410521 out of 10000000
DEBUG: Total dvariable address used is 2087 out of 150000
DEBUG: Total dvariable address used is 3928936 out of 50000000
DEBUG: Total gradient stack used is 410521 out of 10000000
DEBUG: Total dvariable address used is 2087 out of 150000
DEBUG: Total dvariable address used is 3928936 out of 50000000
DEBUG: Total gradient stack used is 410521 out of 10000000
DEBUG: Total dvariable address used is 2087 out of 150000
DEBUG: Total dvariable address used is 3928936 out of 50000000
DEBUG: Total gradient stack used is 410521 out of 10000000
DEBUG: Total dvariable address used is 2087 out of 150000
DEBUG: Total dvariable address used is 3928936 out of 50000000
DEBUG: Total gradient stack used is 410521 out of 10000000
DEBUG: Total dvariable address used is 2087 out of 150000
DEBUG: Total dvariable address used is 3928936 out of 50000000
DEBUG: Total gradient stack used is 410521 out of 10000000
DEBUG: Total dvariable address used is 2087 out of 150000
DEBUG: Total dvariable address used is 3928936 out of 50000000
DEBUG: Total gradient stack used is 410521 out of 10000000
DEBUG: Total dvariable address used is 2087 out of 150000
DEBUG: Total dvariable address used is 3928936 out of 50000000
DEBUG: Total gradient stack used is 410521 out of 10000000
DEBUG: Total dvariable address used is 2087 out of 150000
DEBUG: Total dvariable address used is 3928936 out of 50000000
DEBUG: Total gradient stack used is 410521 out of 10000000
DEBUG: Total dvariable address used is 2087 out of 150000
DEBUG: Total dvariable address used is 3928936 out of 50000000
DEBUG: Total gradient stack used is 410521 out of 10000000
DEBUG: Total dvariable address used is 2087 out of 150000
DEBUG: Total dvariable address used is 3928936 out of 50000000
DEBUG: Total gradient stack used is 410521 out of 10000000
DEBUG: Total dvariable address used is 2087 out of 150000
DEBUG: Total dvariable address used is 3928936 out of 50000000
DEBUG: Total gradient stack used is 410521 out of 10000000
DEBUG: Total dvariable address used is 2087 out of 150000
DEBUG: Total dvariable address used is 3928936 out of 50000000
DEBUG: Total gradient stack used is 410521 out of 10000000
DEBUG: Total dvariable address used is 2087 out of 150000
DEBUG: Total dvariable address used is 3928936 out of 50000000
DEBUG: Total gradient stack used is 410521 out of 10000000
DEBUG: Total dvariable address used is 2087 out of 150000
DEBUG: Total dvariable address used is 3928936 out of 50000000
DEBUG: Total gradient stack used is 410521 out of 10000000
DEBUG: Total dvariable address used is 2087 out of 150000
DEBUG: Total dvariable address used is 3928936 out of 50000000
DEBUG: Total gradient stack used is 410521 out of 10000000
DEBUG: Total dvariable address used is 2087 out of 150000
DEBUG: Total dvariable address used is 3928936 out of 50000000
DEBUG: Total gradient stack used is 410521 out of 10000000
DEBUG: Total dvariable address used is 2087 out of 150000
DEBUG: Total dvariable address used is 3928936 out of 50000000
DEBUG: Total gradient stack used is 410521 out of 10000000
DEBUG: Total dvariable address used is 2087 out of 150000
DEBUG: Total dvariable address used is 3928936 out of 50000000
DEBUG: Total gradient stack used is 410521 out of 10000000
DEBUG: Total dvariable address used is 2087 out of 150000
DEBUG: Total dvariable address used is 3928936 out of 50000000
DEBUG: Total gradient stack used is 410521 out of 10000000
DEBUG: Total dvariable address used is 2087 out of 150000
DEBUG: Total dvariable address used is 3928936 out of 50000000
DEBUG: Total gradient stack used is 410521 out of 10000000
DEBUG: Total dvariable address used is 2087 out of 150000
DEBUG: Total dvariable address used is 3928936 out of 50000000
DEBUG: Total gradient stack used is 410521 out of 10000000
DEBUG: Total dvariable address used is 2087 out of 150000
DEBUG: Total dvariable address used is 3928936 out of 50000000
DEBUG: Total gradient stack used is 410521 out of 10000000
DEBUG: Total dvariable address used is 2087 out of 150000
DEBUG: Total dvariable address used is 3928936 out of 50000000
DEBUG: Total gradient stack used is 410521 out of 10000000
DEBUG: Total dvariable address used is 2087 out of 150000
DEBUG: Total dvariable address used is 3928936 out of 50000000
DEBUG: Total gradient stack used is 410521 out of 10000000
DEBUG: Total dvariable address used is 2087 out of 150000
DEBUG: Total dvariable address used is 3928936 out of 50000000
DEBUG: Total gradient stack used is 410521 out of 10000000
DEBUG: Total dvariable address used is 2087 out of 150000
DEBUG: Total dvariable address used is 3928936 out of 50000000
DEBUG: Total gradient stack used is 410521 out of 10000000
DEBUG: Total dvariable address used is 2087 out of 150000
DEBUG: Total dvariable address used is 3928936 out of 50000000
DEBUG: Total gradient stack used is 410521 out of 10000000
DEBUG: Total dvariable address used is 2087 out of 150000
DEBUG: Total dvariable address used is 3928936 out of 50000000
DEBUG: Total gradient stack used is 410521 out of 10000000
DEBUG: Total dvariable address used is 2087 out of 150000
DEBUG: Total dvariable address used is 3928936 out of 50000000
DEBUG: Total gradient stack used is 410521 out of 10000000
DEBUG: Total dvariable address used is 2087 out of 150000
DEBUG: Total dvariable address used is 3928936 out of 50000000
DEBUG: Total gradient stack used is 410521 out of 10000000
DEBUG: Total dvariable address used is 2087 out of 150000
DEBUG: Total dvariable address used is 3928936 out of 50000000
DEBUG: Total gradient stack used is 410521 out of 10000000
DEBUG: Total dvariable address used is 2087 out of 150000
DEBUG: Total dvariable address used is 3928936 out of 50000000
DEBUG: Total gradient stack used is 410521 out of 10000000
DEBUG: Total dvariable address used is 2087 out of 150000
DEBUG: Total dvariable address used is 3928936 out of 50000000
DEBUG: Total gradient stack used is 410521 out of 10000000
DEBUG: Total dvariable address used is 2087 out of 150000
DEBUG: Total dvariable address used is 3928936 out of 50000000
DEBUG: Total gradient stack used is 410521 out of 10000000
DEBUG: Total dvariable address used is 2087 out of 150000
DEBUG: Total dvariable address used is 3928936 out of 50000000
DEBUG: Total gradient stack used is 410521 out of 10000000
DEBUG: Total dvariable address used is 2087 out of 150000
DEBUG: Total dvariable address used is 3928936 out of 50000000
DEBUG: Total gradient stack used is 410521 out of 10000000
DEBUG: Total dvariable address used is 2087 out of 150000
DEBUG: Total dvariable address used is 3928936 out of 50000000
DEBUG: Total gradient stack used is 410521 out of 10000000
DEBUG: Total dvariable address used is 2087 out of 150000
DEBUG: Total dvariable address used is 3928936 out of 50000000
DEBUG: Total gradient stack used is 410521 out of 10000000
DEBUG: Total dvariable address used is 2087 out of 150000
DEBUG: Total dvariable address used is 3928936 out of 50000000
DEBUG: Total gradient stack used is 410521 out of 10000000
DEBUG: Total dvariable address used is 2087 out of 150000
DEBUG: Total dvariable address used is 3928936 out of 50000000
DEBUG: Total gradient stack used is 410521 out of 10000000
DEBUG: Total dvariable address used is 2087 out of 150000
DEBUG: Total dvariable address used is 3928936 out of 50000000
DEBUG: Total gradient stack used is 410521 out of 10000000
DEBUG: Total dvariable address used is 2087 out of 150000
DEBUG: Total dvariable address used is 3928936 out of 50000000
DEBUG: Total gradient stack used is 410521 out of 10000000
DEBUG: Total dvariable address used is 2087 out of 150000
DEBUG: Total dvariable address used is 3928936 out of 50000000
DEBUG: Total gradient stack used is 410521 out of 10000000
DEBUG: Total dvariable address used is 2087 out of 150000
DEBUG: Total dvariable address used is 3928936 out of 50000000
DEBUG: Total gradient stack used is 410521 out of 10000000
DEBUG: Total dvariable address used is 2087 out of 150000
DEBUG: Total dvariable address used is 3928936 out of 50000000
DEBUG: Total gradient stack used is 410521 out of 10000000
DEBUG: Total dvariable address used is 2087 out of 150000
DEBUG: Total dvariable address used is 3928936 out of 50000000
DEBUG: Total gradient stack used is 410521 out of 10000000
DEBUG: Total dvariable address used is 2087 out of 150000
DEBUG: Total dvariable address used is 3928936 out of 50000000
DEBUG: Total gradient stack used is 410521 out of 10000000
DEBUG: Total dvariable address used is 2087 out of 150000
DEBUG: Total dvariable address used is 3928936 out of 50000000
DEBUG: Total gradient stack used is 410521 out of 10000000
DEBUG: Total dvariable address used is 2087 out of 150000
DEBUG: Total dvariable address used is 3928936 out of 50000000
DEBUG: Total gradient stack used is 410521 out of 10000000
DEBUG: Total dvariable address used is 2087 out of 150000
DEBUG: Total dvariable address used is 3928936 out of 50000000
DEBUG: Total gradient stack used is 410521 out of 10000000
DEBUG: Total dvariable address used is 2087 out of 150000
DEBUG: Total dvariable address used is 3928936 out of 50000000
DEBUG: Total gradient stack used is 410521 out of 10000000
DEBUG: Total dvariable address used is 2087 out of 150000
DEBUG: Total dvariable address used is 3928936 out of 50000000
DEBUG: Total gradient stack used is 410521 out of 10000000
DEBUG: Total dvariable address used is 2087 out of 150000
DEBUG: Total dvariable address used is 3928936 out of 50000000
DEBUG: Total gradient stack used is 410521 out of 10000000
DEBUG: Total dvariable address used is 2087 out of 150000
DEBUG: Total dvariable address used is 3928936 out of 50000000
DEBUG: Total gradient stack used is 410521 out of 10000000
DEBUG: Total dvariable address used is 2087 out of 150000
DEBUG: Total dvariable address used is 3928936 out of 50000000
DEBUG: Total gradient stack used is 410521 out of 10000000
DEBUG: Total dvariable address used is 2087 out of 150000
DEBUG: Total dvariable address used is 3928936 out of 50000000
DEBUG: Total gradient stack used is 410521 out of 10000000
DEBUG: Total dvariable address used is 2087 out of 150000
DEBUG: Total dvariable address used is 3928936 out of 50000000
DEBUG: Total gradient stack used is 410521 out of 10000000
DEBUG: Total dvariable address used is 2087 out of 150000
DEBUG: Total dvariable address used is 3928936 out of 50000000
DEBUG: Total gradient stack used is 410521 out of 10000000
DEBUG: Total dvariable address used is 2087 out of 150000
DEBUG: Total dvariable address used is 3928936 out of 50000000
DEBUG: Total gradient stack used is 410521 out of 10000000
DEBUG: Total dvariable address used is 2087 out of 150000
DEBUG: Total dvariable address used is 3928936 out of 50000000
DEBUG: Total gradient stack used is 410521 out of 10000000
DEBUG: Total dvariable address used is 2087 out of 150000
DEBUG: Total dvariable address used is 3928936 out of 50000000
DEBUG: Total gradient stack used is 410521 out of 10000000
DEBUG: Total dvariable address used is 2087 out of 150000
DEBUG: Total dvariable address used is 3928936 out of 50000000
DEBUG: Total gradient stack used is 410521 out of 10000000
DEBUG: Total dvariable address used is 2087 out of 150000
DEBUG: Total dvariable address used is 3928936 out of 50000000
DEBUG: Total gradient stack used is 410521 out of 10000000
DEBUG: Total dvariable address used is 2087 out of 150000
DEBUG: Total dvariable address used is 3928936 out of 50000000
DEBUG: Total gradient stack used is 410521 out of 10000000
DEBUG: Total dvariable address used is 2087 out of 150000
DEBUG: Total dvariable address used is 3928936 out of 50000000
DEBUG: Total gradient stack used is 410521 out of 10000000
DEBUG: Total dvariable address used is 2087 out of 150000
DEBUG: Total dvariable address used is 3928936 out of 50000000
DEBUG: Total gradient stack used is 410521 out of 10000000
DEBUG: Total dvariable address used is 2087 out of 150000
DEBUG: Total dvariable address used is 3928936 out of 50000000
DEBUG: Total gradient stack used is 410521 out of 10000000
DEBUG: Total dvariable address used is 2087 out of 150000
DEBUG: Total dvariable address used is 3928936 out of 50000000
DEBUG: Total gradient stack used is 410521 out of 10000000
DEBUG: Total dvariable address used is 2087 out of 150000
DEBUG: Total dvariable address used is 3928936 out of 50000000
DEBUG: Total gradient stack used is 410521 out of 10000000
DEBUG: Total dvariable address used is 2087 out of 150000
DEBUG: Total dvariable address used is 3928936 out of 50000000
DEBUG: Total gradient stack used is 410521 out of 10000000
DEBUG: Total dvariable address used is 2087 out of 150000
DEBUG: Total dvariable address used is 3928936 out of 50000000
DEBUG: Total gradient stack used is 410521 out of 10000000
DEBUG: Total dvariable address used is 2087 out of 150000
DEBUG: Total dvariable address used is 3928936 out of 50000000
DEBUG: Total gradient stack used is 410521 out of 10000000
DEBUG: Total dvariable address used is 2087 out of 150000
DEBUG: Total dvariable address used is 3928936 out of 50000000
DEBUG: Total gradient stack used is 410521 out of 10000000
DEBUG: Total dvariable address used is 2087 out of 150000
DEBUG: Total dvariable address used is 3928936 out of 50000000
DEBUG: Total gradient stack used is 410521 out of 10000000
DEBUG: Total dvariable address used is 2087 out of 150000
DEBUG: Total dvariable address used is 3928936 out of 50000000
DEBUG: Total gradient stack used is 410521 out of 10000000
DEBUG: Total dvariable address used is 2087 out of 150000
DEBUG: Total dvariable address used is 3928936 out of 50000000
DEBUG: Total gradient stack used is 410521 out of 10000000
DEBUG: Total dvariable address used is 2087 out of 150000
DEBUG: Total dvariable address used is 3928936 out of 50000000
DEBUG: Total gradient stack used is 410521 out of 10000000
DEBUG: Total dvariable address used is 2087 out of 150000
DEBUG: Total dvariable address used is 3928936 out of 50000000
DEBUG: Total gradient stack used is 410521 out of 10000000
DEBUG: Total dvariable address used is 2087 out of 150000
DEBUG: Total dvariable address used is 3928936 out of 50000000
DEBUG: Total gradient stack used is 410521 out of 10000000
DEBUG: Total dvariable address used is 2087 out of 150000
DEBUG: Total dvariable address used is 3928936 out of 50000000
DEBUG: Total gradient stack used is 410521 out of 10000000
DEBUG: Total dvariable address used is 2087 out of 150000
DEBUG: Total dvariable address used is 3928936 out of 50000000
DEBUG: Total gradient stack used is 410521 out of 10000000
DEBUG: Total dvariable address used is 2087 out of 150000
DEBUG: Total dvariable address used is 3928936 out of 50000000
DEBUG: Total gradient stack used is 410521 out of 10000000
DEBUG: Total dvariable address used is 2087 out of 150000
DEBUG: Total dvariable address used is 3928936 out of 50000000
DEBUG: Total gradient stack used is 410521 out of 10000000
DEBUG: Total dvariable address used is 2087 out of 150000
DEBUG: Total dvariable address used is 3928936 out of 50000000
DEBUG: Total gradient stack used is 410521 out of 10000000
DEBUG: Total dvariable address used is 2087 out of 150000
DEBUG: Total dvariable address used is 3928936 out of 50000000
DEBUG: Total gradient stack used is 410521 out of 10000000
DEBUG: Total dvariable address used is 2087 out of 150000
DEBUG: Total dvariable address used is 3928936 out of 50000000
DEBUG: Total gradient stack used is 410521 out of 10000000
DEBUG: Total dvariable address used is 2087 out of 150000
DEBUG: Total dvariable address used is 3928936 out of 50000000
DEBUG: Total gradient stack used is 410521 out of 10000000
DEBUG: Total dvariable address used is 2087 out of 150000
DEBUG: Total dvariable address used is 3928936 out of 50000000
DEBUG: Total gradient stack used is 410521 out of 10000000
DEBUG: Total dvariable address used is 2087 out of 150000
DEBUG: Total dvariable address used is 3928936 out of 50000000
DEBUG: Total gradient stack used is 410521 out of 10000000
DEBUG: Total dvariable address used is 2087 out of 150000
DEBUG: Total dvariable address used is 3928936 out of 50000000
DEBUG: Total gradient stack used is 410521 out of 10000000
DEBUG: Total dvariable address used is 2087 out of 150000
DEBUG: Total dvariable address used is 3928936 out of 50000000
DEBUG: Total gradient stack used is 410521 out of 10000000
DEBUG: Total dvariable address used is 2087 out of 150000
DEBUG: Total dvariable address used is 3928936 out of 50000000
DEBUG: Total gradient stack used is 410521 out of 10000000
DEBUG: Total dvariable address used is 2087 out of 150000
DEBUG: Total dvariable address used is 3928936 out of 50000000
DEBUG: Total gradient stack used is 410521 out of 10000000
DEBUG: Total dvariable address used is 2087 out of 150000
DEBUG: Total dvariable address used is 3928936 out of 50000000
DEBUG: Total gradient stack used is 410521 out of 10000000
DEBUG: Total dvariable address used is 2087 out of 150000
DEBUG: Total dvariable address used is 3928936 out of 50000000
DEBUG: Total gradient stack used is 410521 out of 10000000
DEBUG: Total dvariable address used is 2087 out of 150000
DEBUG: Total dvariable address used is 3928936 out of 50000000
DEBUG: Total gradient stack used is 410521 out of 10000000
DEBUG: Total dvariable address used is 2087 out of 150000
DEBUG: Total dvariable address used is 3928936 out of 50000000
DEBUG: Total gradient stack used is 410521 out of 10000000
DEBUG: Total dvariable address used is 2087 out of 150000
DEBUG: Total dvariable address used is 3928936 out of 50000000
DEBUG: Total gradient stack used is 410521 out of 10000000
DEBUG: Total dvariable address used is 2087 out of 150000
DEBUG: Total dvariable address used is 3928936 out of 50000000
DEBUG: Total gradient stack used is 410521 out of 10000000
DEBUG: Total dvariable address used is 2087 out of 150000
DEBUG: Total dvariable address used is 3928936 out of 50000000
DEBUG: Total gradient stack used is 410521 out of 10000000
DEBUG: Total dvariable address used is 2087 out of 150000
DEBUG: Total dvariable address used is 3928936 out of 50000000
DEBUG: Total gradient stack used is 410521 out of 10000000
DEBUG: Total dvariable address used is 2087 out of 150000
DEBUG: Total dvariable address used is 3928936 out of 50000000
DEBUG: Total gradient stack used is 410521 out of 10000000
DEBUG: Total dvariable address used is 2087 out of 150000
DEBUG: Total dvariable address used is 3928936 out of 50000000
DEBUG: Total gradient stack used is 410521 out of 10000000
DEBUG: Total dvariable address used is 2087 out of 150000
DEBUG: Total dvariable address used is 3928936 out of 50000000
DEBUG: Total gradient stack used is 410521 out of 10000000
DEBUG: Total dvariable address used is 2087 out of 150000
DEBUG: Total dvariable address used is 3928936 out of 50000000
DEBUG: Total gradient stack used is 410521 out of 10000000
DEBUG: Total dvariable address used is 2087 out of 150000
DEBUG: Total dvariable address used is 3928936 out of 50000000
DEBUG: Total gradient stack used is 410521 out of 10000000
DEBUG: Total dvariable address used is 2087 out of 150000
DEBUG: Total dvariable address used is 3928936 out of 50000000
DEBUG: Total gradient stack used is 410521 out of 10000000
DEBUG: Total dvariable address used is 2087 out of 150000
DEBUG: Total dvariable address used is 3928936 out of 50000000
DEBUG: Total gradient stack used is 410521 out of 10000000
DEBUG: Total dvariable address used is 2087 out of 150000
DEBUG: Total dvariable address used is 3928936 out of 50000000
DEBUG: Total gradient stack used is 410521 out of 10000000
DEBUG: Total dvariable address used is 2087 out of 150000
DEBUG: Total dvariable address used is 3928936 out of 50000000
DEBUG: Total gradient stack used is 410521 out of 10000000
DEBUG: Total dvariable address used is 2087 out of 150000
DEBUG: Total dvariable address used is 3928936 out of 50000000
DEBUG: Total gradient stack used is 410521 out of 10000000
DEBUG: Total dvariable address used is 2087 out of 150000
DEBUG: Total dvariable address used is 3928936 out of 50000000
DEBUG: Total gradient stack used is 410521 out of 10000000
DEBUG: Total dvariable address used is 2087 out of 150000
DEBUG: Total dvariable address used is 3928936 out of 50000000
DEBUG: Total gradient stack used is 410521 out of 10000000
DEBUG: Total dvariable address used is 2087 out of 150000
DEBUG: Total dvariable address used is 3928936 out of 50000000
DEBUG: Total gradient stack used is 410521 out of 10000000
DEBUG: Total dvariable address used is 2087 out of 150000
DEBUG: Total dvariable address used is 3928936 out of 50000000
DEBUG: Total gradient stack used is 410521 out of 10000000
DEBUG: Total dvariable address used is 2087 out of 150000
DEBUG: Total dvariable address used is 3928936 out of 50000000
DEBUG: Total gradient stack used is 410521 out of 10000000
DEBUG: Total dvariable address used is 2087 out of 150000
DEBUG: Total dvariable address used is 3928936 out of 50000000
DEBUG: Total gradient stack used is 410521 out of 10000000
DEBUG: Total dvariable address used is 2087 out of 150000
DEBUG: Total dvariable address used is 3928936 out of 50000000
DEBUG: Total gradient stack used is 410521 out of 10000000
DEBUG: Total dvariable address used is 2087 out of 150000
DEBUG: Total dvariable address used is 3928936 out of 50000000
DEBUG: Total gradient stack used is 410521 out of 10000000
DEBUG: Total dvariable address used is 2087 out of 150000
DEBUG: Total dvariable address used is 3928936 out of 50000000
DEBUG: Total gradient stack used is 410521 out of 10000000
DEBUG: Total dvariable address used is 2087 out of 150000
DEBUG: Total dvariable address used is 3928936 out of 50000000
DEBUG: Total gradient stack used is 410521 out of 10000000
DEBUG: Total dvariable address used is 2087 out of 150000
DEBUG: Total dvariable address used is 3928936 out of 50000000
DEBUG: Total gradient stack used is 410521 out of 10000000
DEBUG: Total dvariable address used is 2087 out of 150000
DEBUG: Total dvariable address used is 3928936 out of 50000000
DEBUG: Total gradient stack used is 410521 out of 10000000
DEBUG: Total dvariable address used is 2087 out of 150000
DEBUG: Total dvariable address used is 3928936 out of 50000000
DEBUG: Total gradient stack used is 410521 out of 10000000
DEBUG: Total dvariable address used is 2087 out of 150000
DEBUG: Total dvariable address used is 3928936 out of 50000000
DEBUG: Total gradient stack used is 410521 out of 10000000
DEBUG: Total dvariable address used is 2087 out of 150000
DEBUG: Total dvariable address used is 3928936 out of 50000000
DEBUG: Total gradient stack used is 410521 out of 10000000
DEBUG: Total dvariable address used is 2087 out of 150000
DEBUG: Total dvariable address used is 3928936 out of 50000000
DEBUG: Total gradient stack used is 410521 out of 10000000
DEBUG: Total dvariable address used is 2087 out of 150000
DEBUG: Total dvariable address used is 3928936 out of 50000000
DEBUG: Total gradient stack used is 410521 out of 10000000
DEBUG: Total dvariable address used is 2087 out of 150000
DEBUG: Total dvariable address used is 3928936 out of 50000000
DEBUG: Total gradient stack used is 410521 out of 10000000
DEBUG: Total dvariable address used is 2087 out of 150000
DEBUG: Total dvariable address used is 3928936 out of 50000000
DEBUG: Total gradient stack used is 410521 out of 10000000
DEBUG: Total dvariable address used is 2087 out of 150000
DEBUG: Total dvariable address used is 3928936 out of 50000000
DEBUG: Total gradient stack used is 410521 out of 10000000
DEBUG: Total dvariable address used is 2087 out of 150000
DEBUG: Total dvariable address used is 3928936 out of 50000000
DEBUG: Total gradient stack used is 410521 out of 10000000
DEBUG: Total dvariable address used is 2087 out of 150000
DEBUG: Total dvariable address used is 3928936 out of 50000000
DEBUG: Total gradient stack used is 410521 out of 10000000
DEBUG: Total dvariable address used is 2087 out of 150000
DEBUG: Total dvariable address used is 3928936 out of 50000000
DEBUG: Total gradient stack used is 410521 out of 10000000
DEBUG: Total dvariable address used is 2087 out of 150000
DEBUG: Total dvariable address used is 3928936 out of 50000000
DEBUG: Total gradient stack used is 410521 out of 10000000
DEBUG: Total dvariable address used is 2087 out of 150000
DEBUG: Total dvariable address used is 3928936 out of 50000000
DEBUG: Total gradient stack used is 410521 out of 10000000
DEBUG: Total dvariable address used is 2087 out of 150000
DEBUG: Total dvariable address used is 3928936 out of 50000000
DEBUG: Total gradient stack used is 410521 out of 10000000
DEBUG: Total dvariable address used is 2087 out of 150000
DEBUG: Total dvariable address used is 3928936 out of 50000000
DEBUG: Total gradient stack used is 410521 out of 10000000
DEBUG: Total dvariable address used is 2087 out of 150000
DEBUG: Total dvariable address used is 3928936 out of 50000000
DEBUG: Total gradient stack used is 410521 out of 10000000
DEBUG: Total dvariable address used is 2087 out of 150000
DEBUG: Total dvariable address used is 3928936 out of 50000000
DEBUG: Total gradient stack used is 410521 out of 10000000
DEBUG: Total dvariable address used is 2087 out of 150000
DEBUG: Total dvariable address used is 3928936 out of 50000000
DEBUG: Total gradient stack used is 410521 out of 10000000
DEBUG: Total dvariable address used is 2087 out of 150000
DEBUG: Total dvariable address used is 3928936 out of 50000000
DEBUG: Total gradient stack used is 410521 out of 10000000
DEBUG: Total dvariable address used is 2087 out of 150000
DEBUG: Total dvariable address used is 3928936 out of 50000000
DEBUG: Total gradient stack used is 410521 out of 10000000
DEBUG: Total dvariable address used is 2087 out of 150000
DEBUG: Total dvariable address used is 3928936 out of 50000000
DEBUG: Total gradient stack used is 410521 out of 10000000
DEBUG: Total dvariable address used is 2087 out of 150000
DEBUG: Total dvariable address used is 3928936 out of 50000000
DEBUG: Total gradient stack used is 410521 out of 10000000
DEBUG: Total dvariable address used is 2087 out of 150000
DEBUG: Total dvariable address used is 3928936 out of 50000000
DEBUG: Total gradient stack used is 410521 out of 10000000
DEBUG: Total dvariable address used is 2087 out of 150000
DEBUG: Total dvariable address used is 3928936 out of 50000000
DEBUG: Total gradient stack used is 410521 out of 10000000
DEBUG: Total dvariable address used is 2087 out of 150000
DEBUG: Total dvariable address used is 3928936 out of 50000000
DEBUG: Total gradient stack used is 410521 out of 10000000
DEBUG: Total dvariable address used is 2087 out of 150000
DEBUG: Total dvariable address used is 3928936 out of 50000000
DEBUG: Total gradient stack used is 410521 out of 10000000
DEBUG: Total dvariable address used is 2087 out of 150000
DEBUG: Total dvariable address used is 3928936 out of 50000000
DEBUG: Total gradient stack used is 410521 out of 10000000
DEBUG: Total dvariable address used is 2087 out of 150000
DEBUG: Total dvariable address used is 3928936 out of 50000000
DEBUG: Total gradient stack used is 410521 out of 10000000
DEBUG: Total dvariable address used is 2087 out of 150000
DEBUG: Total dvariable address used is 3928936 out of 50000000
DEBUG: Total gradient stack used is 410521 out of 10000000
DEBUG: Total dvariable address used is 2087 out of 150000
DEBUG: Total dvariable address used is 3928936 out of 50000000
DEBUG: Total gradient stack used is 410521 out of 10000000
DEBUG: Total dvariable address used is 2087 out of 150000
DEBUG: Total dvariable address used is 3928936 out of 50000000
DEBUG: Total gradient stack used is 410521 out of 10000000
DEBUG: Total dvariable address used is 2087 out of 150000
DEBUG: Total dvariable address used is 3928936 out of 50000000
DEBUG: Total gradient stack used is 410521 out of 10000000
DEBUG: Total dvariable address used is 2087 out of 150000
DEBUG: Total dvariable address used is 3928936 out of 50000000
DEBUG: Total gradient stack used is 410521 out of 10000000
DEBUG: Total dvariable address used is 2087 out of 150000
DEBUG: Total dvariable address used is 3928936 out of 50000000
DEBUG: Total gradient stack used is 410521 out of 10000000
DEBUG: Total dvariable address used is 2087 out of 150000
DEBUG: Total dvariable address used is 3928936 out of 50000000
DEBUG: Total gradient stack used is 410521 out of 10000000
DEBUG: Total dvariable address used is 2087 out of 150000
DEBUG: Total dvariable address used is 3928936 out of 50000000
20%DEBUG: Total gradient stack used is 410521 out of 10000000
DEBUG: Total dvariable address used is 2087 out of 150000
DEBUG: Total dvariable address used is 3928936 out of 50000000
DEBUG: Total gradient stack used is 410521 out of 10000000
DEBUG: Total dvariable address used is 2087 out of 150000
DEBUG: Total dvariable address used is 3928936 out of 50000000
DEBUG: Total gradient stack used is 410521 out of 10000000
DEBUG: Total dvariable address used is 2087 out of 150000
DEBUG: Total dvariable address used is 3928936 out of 50000000
DEBUG: Total gradient stack used is 410521 out of 10000000
DEBUG: Total dvariable address used is 2087 out of 150000
DEBUG: Total dvariable address used is 3928936 out of 50000000
DEBUG: Total gradient stack used is 410521 out of 10000000
DEBUG: Total dvariable address used is 2087 out of 150000
DEBUG: Total dvariable address used is 3928936 out of 50000000
DEBUG: Total gradient stack used is 410521 out of 10000000
DEBUG: Total dvariable address used is 2087 out of 150000
DEBUG: Total dvariable address used is 3928936 out of 50000000
DEBUG: Total gradient stack used is 410521 out of 10000000
DEBUG: Total dvariable address used is 2087 out of 150000
DEBUG: Total dvariable address used is 3928936 out of 50000000
DEBUG: Total gradient stack used is 410521 out of 10000000
DEBUG: Total dvariable address used is 2087 out of 150000
DEBUG: Total dvariable address used is 3928936 out of 50000000
DEBUG: Total gradient stack used is 410521 out of 10000000
DEBUG: Total dvariable address used is 2087 out of 150000
DEBUG: Total dvariable address used is 3928936 out of 50000000
DEBUG: Total gradient stack used is 410521 out of 10000000
DEBUG: Total dvariable address used is 2087 out of 150000
DEBUG: Total dvariable address used is 3928936 out of 50000000
DEBUG: Total gradient stack used is 410521 out of 10000000
DEBUG: Total dvariable address used is 2087 out of 150000
DEBUG: Total dvariable address used is 3928936 out of 50000000
DEBUG: Total gradient stack used is 410521 out of 10000000
DEBUG: Total dvariable address used is 2087 out of 150000
DEBUG: Total dvariable address used is 3928936 out of 50000000
DEBUG: Total gradient stack used is 410521 out of 10000000
DEBUG: Total dvariable address used is 2087 out of 150000
DEBUG: Total dvariable address used is 3928936 out of 50000000
DEBUG: Total gradient stack used is 410521 out of 10000000
DEBUG: Total dvariable address used is 2087 out of 150000
DEBUG: Total dvariable address used is 3928936 out of 50000000
DEBUG: Total gradient stack used is 410521 out of 10000000
DEBUG: Total dvariable address used is 2087 out of 150000
DEBUG: Total dvariable address used is 3928936 out of 50000000
DEBUG: Total gradient stack used is 410521 out of 10000000
DEBUG: Total dvariable address used is 2087 out of 150000
DEBUG: Total dvariable address used is 3928936 out of 50000000
DEBUG: Total gradient stack used is 410521 out of 10000000
DEBUG: Total dvariable address used is 2087 out of 150000
DEBUG: Total dvariable address used is 3928936 out of 50000000
DEBUG: Total gradient stack used is 410521 out of 10000000
DEBUG: Total dvariable address used is 2087 out of 150000
DEBUG: Total dvariable address used is 3928936 out of 50000000
DEBUG: Total gradient stack used is 410521 out of 10000000
DEBUG: Total dvariable address used is 2087 out of 150000
DEBUG: Total dvariable address used is 3928936 out of 50000000
DEBUG: Total gradient stack used is 410521 out of 10000000
DEBUG: Total dvariable address used is 2087 out of 150000
DEBUG: Total dvariable address used is 3928936 out of 50000000
DEBUG: Total gradient stack used is 410521 out of 10000000
DEBUG: Total dvariable address used is 2087 out of 150000
DEBUG: Total dvariable address used is 3928936 out of 50000000
DEBUG: Total gradient stack used is 410521 out of 10000000
DEBUG: Total dvariable address used is 2087 out of 150000
DEBUG: Total dvariable address used is 3928936 out of 50000000
DEBUG: Total gradient stack used is 410521 out of 10000000
DEBUG: Total dvariable address used is 2087 out of 150000
DEBUG: Total dvariable address used is 3928936 out of 50000000
DEBUG: Total gradient stack used is 410521 out of 10000000
DEBUG: Total dvariable address used is 2087 out of 150000
DEBUG: Total dvariable address used is 3928936 out of 50000000
DEBUG: Total gradient stack used is 410521 out of 10000000
DEBUG: Total dvariable address used is 2087 out of 150000
DEBUG: Total dvariable address used is 3928936 out of 50000000
DEBUG: Total gradient stack used is 410521 out of 10000000
DEBUG: Total dvariable address used is 2087 out of 150000
DEBUG: Total dvariable address used is 3928936 out of 50000000
DEBUG: Total gradient stack used is 410521 out of 10000000
DEBUG: Total dvariable address used is 2087 out of 150000
DEBUG: Total dvariable address used is 3928936 out of 50000000
DEBUG: Total gradient stack used is 410521 out of 10000000
DEBUG: Total dvariable address used is 2087 out of 150000
DEBUG: Total dvariable address used is 3928936 out of 50000000
DEBUG: Total gradient stack used is 410521 out of 10000000
DEBUG: Total dvariable address used is 2087 out of 150000
DEBUG: Total dvariable address used is 3928936 out of 50000000
DEBUG: Total gradient stack used is 410521 out of 10000000
DEBUG: Total dvariable address used is 2087 out of 150000
DEBUG: Total dvariable address used is 3928936 out of 50000000
DEBUG: Total gradient stack used is 410521 out of 10000000
DEBUG: Total dvariable address used is 2087 out of 150000
DEBUG: Total dvariable address used is 3928936 out of 50000000
DEBUG: Total gradient stack used is 410521 out of 10000000
DEBUG: Total dvariable address used is 2087 out of 150000
DEBUG: Total dvariable address used is 3928936 out of 50000000
DEBUG: Total gradient stack used is 410521 out of 10000000
DEBUG: Total dvariable address used is 2087 out of 150000
DEBUG: Total dvariable address used is 3928936 out of 50000000
DEBUG: Total gradient stack used is 410521 out of 10000000
DEBUG: Total dvariable address used is 2087 out of 150000
DEBUG: Total dvariable address used is 3928936 out of 50000000
DEBUG: Total gradient stack used is 410521 out of 10000000
DEBUG: Total dvariable address used is 2087 out of 150000
DEBUG: Total dvariable address used is 3928936 out of 50000000
DEBUG: Total gradient stack used is 410521 out of 10000000
DEBUG: Total dvariable address used is 2087 out of 150000
DEBUG: Total dvariable address used is 3928936 out of 50000000
DEBUG: Total gradient stack used is 410521 out of 10000000
DEBUG: Total dvariable address used is 2087 out of 150000
DEBUG: Total dvariable address used is 3928936 out of 50000000
DEBUG: Total gradient stack used is 410521 out of 10000000
DEBUG: Total dvariable address used is 2087 out of 150000
DEBUG: Total dvariable address used is 3928936 out of 50000000
DEBUG: Total gradient stack used is 410521 out of 10000000
DEBUG: Total dvariable address used is 2087 out of 150000
DEBUG: Total dvariable address used is 3928936 out of 50000000
DEBUG: Total gradient stack used is 410521 out of 10000000
DEBUG: Total dvariable address used is 2087 out of 150000
DEBUG: Total dvariable address used is 3928936 out of 50000000
DEBUG: Total gradient stack used is 410521 out of 10000000
DEBUG: Total dvariable address used is 2087 out of 150000
DEBUG: Total dvariable address used is 3928936 out of 50000000
DEBUG: Total gradient stack used is 410521 out of 10000000
DEBUG: Total dvariable address used is 2087 out of 150000
DEBUG: Total dvariable address used is 3928936 out of 50000000
DEBUG: Total gradient stack used is 410521 out of 10000000
DEBUG: Total dvariable address used is 2087 out of 150000
DEBUG: Total dvariable address used is 3928936 out of 50000000
DEBUG: Total gradient stack used is 410521 out of 10000000
DEBUG: Total dvariable address used is 2087 out of 150000
DEBUG: Total dvariable address used is 3928936 out of 50000000
DEBUG: Total gradient stack used is 410521 out of 10000000
DEBUG: Total dvariable address used is 2087 out of 150000
DEBUG: Total dvariable address used is 3928936 out of 50000000
DEBUG: Total gradient stack used is 410521 out of 10000000
DEBUG: Total dvariable address used is 2087 out of 150000
DEBUG: Total dvariable address used is 3928936 out of 50000000
DEBUG: Total gradient stack used is 410521 out of 10000000
DEBUG: Total dvariable address used is 2087 out of 150000
DEBUG: Total dvariable address used is 3928936 out of 50000000
DEBUG: Total gradient stack used is 410521 out of 10000000
DEBUG: Total dvariable address used is 2087 out of 150000
DEBUG: Total dvariable address used is 3928936 out of 50000000
DEBUG: Total gradient stack used is 410521 out of 10000000
DEBUG: Total dvariable address used is 2087 out of 150000
DEBUG: Total dvariable address used is 3928936 out of 50000000
DEBUG: Total gradient stack used is 410521 out of 10000000
DEBUG: Total dvariable address used is 2087 out of 150000
DEBUG: Total dvariable address used is 3928936 out of 50000000
DEBUG: Total gradient stack used is 410521 out of 10000000
DEBUG: Total dvariable address used is 2087 out of 150000
DEBUG: Total dvariable address used is 3928936 out of 50000000
DEBUG: Total gradient stack used is 410521 out of 10000000
DEBUG: Total dvariable address used is 2087 out of 150000
DEBUG: Total dvariable address used is 3928936 out of 50000000
DEBUG: Total gradient stack used is 410521 out of 10000000
DEBUG: Total dvariable address used is 2087 out of 150000
DEBUG: Total dvariable address used is 3928936 out of 50000000
DEBUG: Total gradient stack used is 410521 out of 10000000
DEBUG: Total dvariable address used is 2087 out of 150000
DEBUG: Total dvariable address used is 3928936 out of 50000000
DEBUG: Total gradient stack used is 410521 out of 10000000
DEBUG: Total dvariable address used is 2087 out of 150000
DEBUG: Total dvariable address used is 3928936 out of 50000000
DEBUG: Total gradient stack used is 410521 out of 10000000
DEBUG: Total dvariable address used is 2087 out of 150000
DEBUG: Total dvariable address used is 3928936 out of 50000000
DEBUG: Total gradient stack used is 410521 out of 10000000
DEBUG: Total dvariable address used is 2087 out of 150000
DEBUG: Total dvariable address used is 3928936 out of 50000000
DEBUG: Total gradient stack used is 410521 out of 10000000
DEBUG: Total dvariable address used is 2087 out of 150000
DEBUG: Total dvariable address used is 3928936 out of 50000000
DEBUG: Total gradient stack used is 410521 out of 10000000
DEBUG: Total dvariable address used is 2087 out of 150000
DEBUG: Total dvariable address used is 3928936 out of 50000000
DEBUG: Total gradient stack used is 410521 out of 10000000
DEBUG: Total dvariable address used is 2087 out of 150000
DEBUG: Total dvariable address used is 3928936 out of 50000000
DEBUG: Total gradient stack used is 410521 out of 10000000
DEBUG: Total dvariable address used is 2087 out of 150000
DEBUG: Total dvariable address used is 3928936 out of 50000000
DEBUG: Total gradient stack used is 410521 out of 10000000
DEBUG: Total dvariable address used is 2087 out of 150000
DEBUG: Total dvariable address used is 3928936 out of 50000000
DEBUG: Total gradient stack used is 410521 out of 10000000
DEBUG: Total dvariable address used is 2087 out of 150000
DEBUG: Total dvariable address used is 3928936 out of 50000000
DEBUG: Total gradient stack used is 410521 out of 10000000
DEBUG: Total dvariable address used is 2087 out of 150000
DEBUG: Total dvariable address used is 3928936 out of 50000000
DEBUG: Total gradient stack used is 410521 out of 10000000
DEBUG: Total dvariable address used is 2087 out of 150000
DEBUG: Total dvariable address used is 3928936 out of 50000000
DEBUG: Total gradient stack used is 410521 out of 10000000
DEBUG: Total dvariable address used is 2087 out of 150000
DEBUG: Total dvariable address used is 3928936 out of 50000000
DEBUG: Total gradient stack used is 410521 out of 10000000
DEBUG: Total dvariable address used is 2087 out of 150000
DEBUG: Total dvariable address used is 3928936 out of 50000000
DEBUG: Total gradient stack used is 410521 out of 10000000
DEBUG: Total dvariable address used is 2087 out of 150000
DEBUG: Total dvariable address used is 3928936 out of 50000000
DEBUG: Total gradient stack used is 410521 out of 10000000
DEBUG: Total dvariable address used is 2087 out of 150000
DEBUG: Total dvariable address used is 3928936 out of 50000000
DEBUG: Total gradient stack used is 410521 out of 10000000
DEBUG: Total dvariable address used is 2087 out of 150000
DEBUG: Total dvariable address used is 3928936 out of 50000000
DEBUG: Total gradient stack used is 410521 out of 10000000
DEBUG: Total dvariable address used is 2087 out of 150000
DEBUG: Total dvariable address used is 3928936 out of 50000000
DEBUG: Total gradient stack used is 410521 out of 10000000
DEBUG: Total dvariable address used is 2087 out of 150000
DEBUG: Total dvariable address used is 3928936 out of 50000000
DEBUG: Total gradient stack used is 410521 out of 10000000
DEBUG: Total dvariable address used is 2087 out of 150000
DEBUG: Total dvariable address used is 3928936 out of 50000000
DEBUG: Total gradient stack used is 410521 out of 10000000
DEBUG: Total dvariable address used is 2087 out of 150000
DEBUG: Total dvariable address used is 3928936 out of 50000000
DEBUG: Total gradient stack used is 410521 out of 10000000
DEBUG: Total dvariable address used is 2087 out of 150000
DEBUG: Total dvariable address used is 3928936 out of 50000000
DEBUG: Total gradient stack used is 410521 out of 10000000
DEBUG: Total dvariable address used is 2087 out of 150000
DEBUG: Total dvariable address used is 3928936 out of 50000000
DEBUG: Total gradient stack used is 410521 out of 10000000
DEBUG: Total dvariable address used is 2087 out of 150000
DEBUG: Total dvariable address used is 3928936 out of 50000000
DEBUG: Total gradient stack used is 410521 out of 10000000
DEBUG: Total dvariable address used is 2087 out of 150000
DEBUG: Total dvariable address used is 3928936 out of 50000000
DEBUG: Total gradient stack used is 410521 out of 10000000
DEBUG: Total dvariable address used is 2087 out of 150000
DEBUG: Total dvariable address used is 3928936 out of 50000000
DEBUG: Total gradient stack used is 410521 out of 10000000
DEBUG: Total dvariable address used is 2087 out of 150000
DEBUG: Total dvariable address used is 3928936 out of 50000000
DEBUG: Total gradient stack used is 410521 out of 10000000
DEBUG: Total dvariable address used is 2087 out of 150000
DEBUG: Total dvariable address used is 3928936 out of 50000000
DEBUG: Total gradient stack used is 410521 out of 10000000
DEBUG: Total dvariable address used is 2087 out of 150000
DEBUG: Total dvariable address used is 3928936 out of 50000000
DEBUG: Total gradient stack used is 410521 out of 10000000
DEBUG: Total dvariable address used is 2087 out of 150000
DEBUG: Total dvariable address used is 3928936 out of 50000000
DEBUG: Total gradient stack used is 410521 out of 10000000
DEBUG: Total dvariable address used is 2087 out of 150000
DEBUG: Total dvariable address used is 3928936 out of 50000000
DEBUG: Total gradient stack used is 410521 out of 10000000
DEBUG: Total dvariable address used is 2087 out of 150000
DEBUG: Total dvariable address used is 3928936 out of 50000000
DEBUG: Total gradient stack used is 410521 out of 10000000
DEBUG: Total dvariable address used is 2087 out of 150000
DEBUG: Total dvariable address used is 3928936 out of 50000000
DEBUG: Total gradient stack used is 410521 out of 10000000
DEBUG: Total dvariable address used is 2087 out of 150000
DEBUG: Total dvariable address used is 3928936 out of 50000000
DEBUG: Total gradient stack used is 410521 out of 10000000
DEBUG: Total dvariable address used is 2087 out of 150000
DEBUG: Total dvariable address used is 3928936 out of 50000000
DEBUG: Total gradient stack used is 410521 out of 10000000
DEBUG: Total dvariable address used is 2087 out of 150000
DEBUG: Total dvariable address used is 3928936 out of 50000000
DEBUG: Total gradient stack used is 410521 out of 10000000
DEBUG: Total dvariable address used is 2087 out of 150000
DEBUG: Total dvariable address used is 3928936 out of 50000000
DEBUG: Total gradient stack used is 410521 out of 10000000
DEBUG: Total dvariable address used is 2087 out of 150000
DEBUG: Total dvariable address used is 3928936 out of 50000000
DEBUG: Total gradient stack used is 410521 out of 10000000
DEBUG: Total dvariable address used is 2087 out of 150000
DEBUG: Total dvariable address used is 3928936 out of 50000000
DEBUG: Total gradient stack used is 410521 out of 10000000
DEBUG: Total dvariable address used is 2087 out of 150000
DEBUG: Total dvariable address used is 3928936 out of 50000000
DEBUG: Total gradient stack used is 410521 out of 10000000
DEBUG: Total dvariable address used is 2087 out of 150000
DEBUG: Total dvariable address used is 3928936 out of 50000000
DEBUG: Total gradient stack used is 410521 out of 10000000
DEBUG: Total dvariable address used is 2087 out of 150000
DEBUG: Total dvariable address used is 3928936 out of 50000000
DEBUG: Total gradient stack used is 410521 out of 10000000
DEBUG: Total dvariable address used is 2087 out of 150000
DEBUG: Total dvariable address used is 3928936 out of 50000000
DEBUG: Total gradient stack used is 410521 out of 10000000
DEBUG: Total dvariable address used is 2087 out of 150000
DEBUG: Total dvariable address used is 3928936 out of 50000000
DEBUG: Total gradient stack used is 410521 out of 10000000
DEBUG: Total dvariable address used is 2087 out of 150000
DEBUG: Total dvariable address used is 3928936 out of 50000000
DEBUG: Total gradient stack used is 410521 out of 10000000
DEBUG: Total dvariable address used is 2087 out of 150000
DEBUG: Total dvariable address used is 3928936 out of 50000000
DEBUG: Total gradient stack used is 410521 out of 10000000
DEBUG: Total dvariable address used is 2087 out of 150000
DEBUG: Total dvariable address used is 3928936 out of 50000000
DEBUG: Total gradient stack used is 410521 out of 10000000
DEBUG: Total dvariable address used is 2087 out of 150000
DEBUG: Total dvariable address used is 3928936 out of 50000000
DEBUG: Total gradient stack used is 410521 out of 10000000
DEBUG: Total dvariable address used is 2087 out of 150000
DEBUG: Total dvariable address used is 3928936 out of 50000000
DEBUG: Total gradient stack used is 410521 out of 10000000
DEBUG: Total dvariable address used is 2087 out of 150000
DEBUG: Total dvariable address used is 3928936 out of 50000000
DEBUG: Total gradient stack used is 410521 out of 10000000
DEBUG: Total dvariable address used is 2087 out of 150000
DEBUG: Total dvariable address used is 3928936 out of 50000000
DEBUG: Total gradient stack used is 410521 out of 10000000
DEBUG: Total dvariable address used is 2087 out of 150000
DEBUG: Total dvariable address used is 3928936 out of 50000000
DEBUG: Total gradient stack used is 410521 out of 10000000
DEBUG: Total dvariable address used is 2087 out of 150000
DEBUG: Total dvariable address used is 3928936 out of 50000000
DEBUG: Total gradient stack used is 410521 out of 10000000
DEBUG: Total dvariable address used is 2087 out of 150000
DEBUG: Total dvariable address used is 3928936 out of 50000000
DEBUG: Total gradient stack used is 410521 out of 10000000
DEBUG: Total dvariable address used is 2087 out of 150000
DEBUG: Total dvariable address used is 3928936 out of 50000000
DEBUG: Total gradient stack used is 410521 out of 10000000
DEBUG: Total dvariable address used is 2087 out of 150000
DEBUG: Total dvariable address used is 3928936 out of 50000000
DEBUG: Total gradient stack used is 410521 out of 10000000
DEBUG: Total dvariable address used is 2087 out of 150000
DEBUG: Total dvariable address used is 3928936 out of 50000000
DEBUG: Total gradient stack used is 410521 out of 10000000
DEBUG: Total dvariable address used is 2087 out of 150000
DEBUG: Total dvariable address used is 3928936 out of 50000000
DEBUG: Total gradient stack used is 410521 out of 10000000
DEBUG: Total dvariable address used is 2087 out of 150000
DEBUG: Total dvariable address used is 3928936 out of 50000000
DEBUG: Total gradient stack used is 410521 out of 10000000
DEBUG: Total dvariable address used is 2087 out of 150000
DEBUG: Total dvariable address used is 3928936 out of 50000000
DEBUG: Total gradient stack used is 410521 out of 10000000
DEBUG: Total dvariable address used is 2087 out of 150000
DEBUG: Total dvariable address used is 3928936 out of 50000000
DEBUG: Total gradient stack used is 410521 out of 10000000
DEBUG: Total dvariable address used is 2087 out of 150000
DEBUG: Total dvariable address used is 3928936 out of 50000000
DEBUG: Total gradient stack used is 410521 out of 10000000
DEBUG: Total dvariable address used is 2087 out of 150000
DEBUG: Total dvariable address used is 3928936 out of 50000000
DEBUG: Total gradient stack used is 410521 out of 10000000
DEBUG: Total dvariable address used is 2087 out of 150000
DEBUG: Total dvariable address used is 3928936 out of 50000000
DEBUG: Total gradient stack used is 410521 out of 10000000
DEBUG: Total dvariable address used is 2087 out of 150000
DEBUG: Total dvariable address used is 3928936 out of 50000000
DEBUG: Total gradient stack used is 410521 out of 10000000
DEBUG: Total dvariable address used is 2087 out of 150000
DEBUG: Total dvariable address used is 3928936 out of 50000000
DEBUG: Total gradient stack used is 410521 out of 10000000
DEBUG: Total dvariable address used is 2087 out of 150000
DEBUG: Total dvariable address used is 3928936 out of 50000000
DEBUG: Total gradient stack used is 410521 out of 10000000
DEBUG: Total dvariable address used is 2087 out of 150000
DEBUG: Total dvariable address used is 3928936 out of 50000000
DEBUG: Total gradient stack used is 410521 out of 10000000
DEBUG: Total dvariable address used is 2087 out of 150000
DEBUG: Total dvariable address used is 3928936 out of 50000000
DEBUG: Total gradient stack used is 410521 out of 10000000
DEBUG: Total dvariable address used is 2087 out of 150000
DEBUG: Total dvariable address used is 3928936 out of 50000000
DEBUG: Total gradient stack used is 410521 out of 10000000
DEBUG: Total dvariable address used is 2087 out of 150000
DEBUG: Total dvariable address used is 3928936 out of 50000000
DEBUG: Total gradient stack used is 410521 out of 10000000
DEBUG: Total dvariable address used is 2087 out of 150000
DEBUG: Total dvariable address used is 3928936 out of 50000000
DEBUG: Total gradient stack used is 410521 out of 10000000
DEBUG: Total dvariable address used is 2087 out of 150000
DEBUG: Total dvariable address used is 3928936 out of 50000000
DEBUG: Total gradient stack used is 410521 out of 10000000
DEBUG: Total dvariable address used is 2087 out of 150000
DEBUG: Total dvariable address used is 3928936 out of 50000000
DEBUG: Total gradient stack used is 410521 out of 10000000
DEBUG: Total dvariable address used is 2087 out of 150000
DEBUG: Total dvariable address used is 3928936 out of 50000000
DEBUG: Total gradient stack used is 410521 out of 10000000
DEBUG: Total dvariable address used is 2087 out of 150000
DEBUG: Total dvariable address used is 3928936 out of 50000000
DEBUG: Total gradient stack used is 410521 out of 10000000
DEBUG: Total dvariable address used is 2087 out of 150000
DEBUG: Total dvariable address used is 3928936 out of 50000000
DEBUG: Total gradient stack used is 410521 out of 10000000
DEBUG: Total dvariable address used is 2087 out of 150000
DEBUG: Total dvariable address used is 3928936 out of 50000000
DEBUG: Total gradient stack used is 410521 out of 10000000
DEBUG: Total dvariable address used is 2087 out of 150000
DEBUG: Total dvariable address used is 3928936 out of 50000000
DEBUG: Total gradient stack used is 410521 out of 10000000
DEBUG: Total dvariable address used is 2087 out of 150000
DEBUG: Total dvariable address used is 3928936 out of 50000000
DEBUG: Total gradient stack used is 410521 out of 10000000
DEBUG: Total dvariable address used is 2087 out of 150000
DEBUG: Total dvariable address used is 3928936 out of 50000000
DEBUG: Total gradient stack used is 410521 out of 10000000
DEBUG: Total dvariable address used is 2087 out of 150000
DEBUG: Total dvariable address used is 3928936 out of 50000000
DEBUG: Total gradient stack used is 410521 out of 10000000
DEBUG: Total dvariable address used is 2087 out of 150000
DEBUG: Total dvariable address used is 3928936 out of 50000000
DEBUG: Total gradient stack used is 410521 out of 10000000
DEBUG: Total dvariable address used is 2087 out of 150000
DEBUG: Total dvariable address used is 3928936 out of 50000000
DEBUG: Total gradient stack used is 410521 out of 10000000
DEBUG: Total dvariable address used is 2087 out of 150000
DEBUG: Total dvariable address used is 3928936 out of 50000000
DEBUG: Total gradient stack used is 410521 out of 10000000
DEBUG: Total dvariable address used is 2087 out of 150000
DEBUG: Total dvariable address used is 3928936 out of 50000000
DEBUG: Total gradient stack used is 410521 out of 10000000
DEBUG: Total dvariable address used is 2087 out of 150000
DEBUG: Total dvariable address used is 3928936 out of 50000000
DEBUG: Total gradient stack used is 410521 out of 10000000
DEBUG: Total dvariable address used is 2087 out of 150000
DEBUG: Total dvariable address used is 3928936 out of 50000000
DEBUG: Total gradient stack used is 410521 out of 10000000
DEBUG: Total dvariable address used is 2087 out of 150000
DEBUG: Total dvariable address used is 3928936 out of 50000000
DEBUG: Total gradient stack used is 410521 out of 10000000
DEBUG: Total dvariable address used is 2087 out of 150000
DEBUG: Total dvariable address used is 3928936 out of 50000000
DEBUG: Total gradient stack used is 410521 out of 10000000
DEBUG: Total dvariable address used is 2087 out of 150000
DEBUG: Total dvariable address used is 3928936 out of 50000000
DEBUG: Total gradient stack used is 410521 out of 10000000
DEBUG: Total dvariable address used is 2087 out of 150000
DEBUG: Total dvariable address used is 3928936 out of 50000000
DEBUG: Total gradient stack used is 410521 out of 10000000
DEBUG: Total dvariable address used is 2087 out of 150000
DEBUG: Total dvariable address used is 3928936 out of 50000000
DEBUG: Total gradient stack used is 410521 out of 10000000
DEBUG: Total dvariable address used is 2087 out of 150000
DEBUG: Total dvariable address used is 3928936 out of 50000000
DEBUG: Total gradient stack used is 410521 out of 10000000
DEBUG: Total dvariable address used is 2087 out of 150000
DEBUG: Total dvariable address used is 3928936 out of 50000000
DEBUG: Total gradient stack used is 410521 out of 10000000
DEBUG: Total dvariable address used is 2087 out of 150000
DEBUG: Total dvariable address used is 3928936 out of 50000000
DEBUG: Total gradient stack used is 410521 out of 10000000
DEBUG: Total dvariable address used is 2087 out of 150000
DEBUG: Total dvariable address used is 3928936 out of 50000000
DEBUG: Total gradient stack used is 410521 out of 10000000
DEBUG: Total dvariable address used is 2087 out of 150000
DEBUG: Total dvariable address used is 3928936 out of 50000000
DEBUG: Total gradient stack used is 410521 out of 10000000
DEBUG: Total dvariable address used is 2087 out of 150000
DEBUG: Total dvariable address used is 3928936 out of 50000000
DEBUG: Total gradient stack used is 410521 out of 10000000
DEBUG: Total dvariable address used is 2087 out of 150000
DEBUG: Total dvariable address used is 3928936 out of 50000000
DEBUG: Total gradient stack used is 410521 out of 10000000
DEBUG: Total dvariable address used is 2087 out of 150000
DEBUG: Total dvariable address used is 3928936 out of 50000000
DEBUG: Total gradient stack used is 410521 out of 10000000
DEBUG: Total dvariable address used is 2087 out of 150000
DEBUG: Total dvariable address used is 3928936 out of 50000000
DEBUG: Total gradient stack used is 410521 out of 10000000
DEBUG: Total dvariable address used is 2087 out of 150000
DEBUG: Total dvariable address used is 3928936 out of 50000000
DEBUG: Total gradient stack used is 410521 out of 10000000
DEBUG: Total dvariable address used is 2087 out of 150000
DEBUG: Total dvariable address used is 3928936 out of 50000000
DEBUG: Total gradient stack used is 410521 out of 10000000
DEBUG: Total dvariable address used is 2087 out of 150000
DEBUG: Total dvariable address used is 3928936 out of 50000000
DEBUG: Total gradient stack used is 410521 out of 10000000
DEBUG: Total dvariable address used is 2087 out of 150000
DEBUG: Total dvariable address used is 3928936 out of 50000000
DEBUG: Total gradient stack used is 410521 out of 10000000
DEBUG: Total dvariable address used is 2087 out of 150000
DEBUG: Total dvariable address used is 3928936 out of 50000000
DEBUG: Total gradient stack used is 410521 out of 10000000
DEBUG: Total dvariable address used is 2087 out of 150000
DEBUG: Total dvariable address used is 3928936 out of 50000000
DEBUG: Total gradient stack used is 410521 out of 10000000
DEBUG: Total dvariable address used is 2087 out of 150000
DEBUG: Total dvariable address used is 3928936 out of 50000000
DEBUG: Total gradient stack used is 410521 out of 10000000
DEBUG: Total dvariable address used is 2087 out of 150000
DEBUG: Total dvariable address used is 3928936 out of 50000000
DEBUG: Total gradient stack used is 410521 out of 10000000
DEBUG: Total dvariable address used is 2087 out of 150000
DEBUG: Total dvariable address used is 3928936 out of 50000000
DEBUG: Total gradient stack used is 410521 out of 10000000
DEBUG: Total dvariable address used is 2087 out of 150000
DEBUG: Total dvariable address used is 3928936 out of 50000000
DEBUG: Total gradient stack used is 410521 out of 10000000
DEBUG: Total dvariable address used is 2087 out of 150000
DEBUG: Total dvariable address used is 3928936 out of 50000000
DEBUG: Total gradient stack used is 410521 out of 10000000
DEBUG: Total dvariable address used is 2087 out of 150000
DEBUG: Total dvariable address used is 3928936 out of 50000000
DEBUG: Total gradient stack used is 410521 out of 10000000
DEBUG: Total dvariable address used is 2087 out of 150000
DEBUG: Total dvariable address used is 3928936 out of 50000000
DEBUG: Total gradient stack used is 410521 out of 10000000
DEBUG: Total dvariable address used is 2087 out of 150000
DEBUG: Total dvariable address used is 3928936 out of 50000000
DEBUG: Total gradient stack used is 410521 out of 10000000
DEBUG: Total dvariable address used is 2087 out of 150000
DEBUG: Total dvariable address used is 3928936 out of 50000000
DEBUG: Total gradient stack used is 410521 out of 10000000
DEBUG: Total dvariable address used is 2087 out of 150000
DEBUG: Total dvariable address used is 3928936 out of 50000000
DEBUG: Total gradient stack used is 410521 out of 10000000
DEBUG: Total dvariable address used is 2087 out of 150000
DEBUG: Total dvariable address used is 3928936 out of 50000000
DEBUG: Total gradient stack used is 410521 out of 10000000
DEBUG: Total dvariable address used is 2087 out of 150000
DEBUG: Total dvariable address used is 3928936 out of 50000000
DEBUG: Total gradient stack used is 410521 out of 10000000
DEBUG: Total dvariable address used is 2087 out of 150000
DEBUG: Total dvariable address used is 3928936 out of 50000000
DEBUG: Total gradient stack used is 410521 out of 10000000
DEBUG: Total dvariable address used is 2087 out of 150000
DEBUG: Total dvariable address used is 3928936 out of 50000000
DEBUG: Total gradient stack used is 410521 out of 10000000
DEBUG: Total dvariable address used is 2087 out of 150000
DEBUG: Total dvariable address used is 3928936 out of 50000000
DEBUG: Total gradient stack used is 410521 out of 10000000
DEBUG: Total dvariable address used is 2087 out of 150000
DEBUG: Total dvariable address used is 3928936 out of 50000000
DEBUG: Total gradient stack used is 410521 out of 10000000
DEBUG: Total dvariable address used is 2087 out of 150000
DEBUG: Total dvariable address used is 3928936 out of 50000000
DEBUG: Total gradient stack used is 410521 out of 10000000
DEBUG: Total dvariable address used is 2087 out of 150000
DEBUG: Total dvariable address used is 3928936 out of 50000000
DEBUG: Total gradient stack used is 410521 out of 10000000
DEBUG: Total dvariable address used is 2087 out of 150000
DEBUG: Total dvariable address used is 3928936 out of 50000000
DEBUG: Total gradient stack used is 410521 out of 10000000
DEBUG: Total dvariable address used is 2087 out of 150000
DEBUG: Total dvariable address used is 3928936 out of 50000000
DEBUG: Total gradient stack used is 410521 out of 10000000
DEBUG: Total dvariable address used is 2087 out of 150000
DEBUG: Total dvariable address used is 3928936 out of 50000000
DEBUG: Total gradient stack used is 410521 out of 10000000
DEBUG: Total dvariable address used is 2087 out of 150000
DEBUG: Total dvariable address used is 3928936 out of 50000000
DEBUG: Total gradient stack used is 410521 out of 10000000
DEBUG: Total dvariable address used is 2087 out of 150000
DEBUG: Total dvariable address used is 3928936 out of 50000000
DEBUG: Total gradient stack used is 410521 out of 10000000
DEBUG: Total dvariable address used is 2087 out of 150000
DEBUG: Total dvariable address used is 3928936 out of 50000000
DEBUG: Total gradient stack used is 410521 out of 10000000
DEBUG: Total dvariable address used is 2087 out of 150000
DEBUG: Total dvariable address used is 3928936 out of 50000000
DEBUG: Total gradient stack used is 410521 out of 10000000
DEBUG: Total dvariable address used is 2087 out of 150000
DEBUG: Total dvariable address used is 3928936 out of 50000000
DEBUG: Total gradient stack used is 410521 out of 10000000
DEBUG: Total dvariable address used is 2087 out of 150000
DEBUG: Total dvariable address used is 3928936 out of 50000000
DEBUG: Total gradient stack used is 410521 out of 10000000
DEBUG: Total dvariable address used is 2087 out of 150000
DEBUG: Total dvariable address used is 3928936 out of 50000000
DEBUG: Total gradient stack used is 410521 out of 10000000
DEBUG: Total dvariable address used is 2087 out of 150000
DEBUG: Total dvariable address used is 3928936 out of 50000000
DEBUG: Total gradient stack used is 410521 out of 10000000
DEBUG: Total dvariable address used is 2087 out of 150000
DEBUG: Total dvariable address used is 3928936 out of 50000000
DEBUG: Total gradient stack used is 410521 out of 10000000
DEBUG: Total dvariable address used is 2087 out of 150000
DEBUG: Total dvariable address used is 3928936 out of 50000000
DEBUG: Total gradient stack used is 410521 out of 10000000
DEBUG: Total dvariable address used is 2087 out of 150000
DEBUG: Total dvariable address used is 3928936 out of 50000000
DEBUG: Total gradient stack used is 410521 out of 10000000
DEBUG: Total dvariable address used is 2087 out of 150000
DEBUG: Total dvariable address used is 3928936 out of 50000000
DEBUG: Total gradient stack used is 410521 out of 10000000
DEBUG: Total dvariable address used is 2087 out of 150000
DEBUG: Total dvariable address used is 3928936 out of 50000000
DEBUG: Total gradient stack used is 410521 out of 10000000
DEBUG: Total dvariable address used is 2087 out of 150000
DEBUG: Total dvariable address used is 3928936 out of 50000000
DEBUG: Total gradient stack used is 410521 out of 10000000
DEBUG: Total dvariable address used is 2087 out of 150000
DEBUG: Total dvariable address used is 3928936 out of 50000000
DEBUG: Total gradient stack used is 410521 out of 10000000
DEBUG: Total dvariable address used is 2087 out of 150000
DEBUG: Total dvariable address used is 3928936 out of 50000000
DEBUG: Total gradient stack used is 410521 out of 10000000
DEBUG: Total dvariable address used is 2087 out of 150000
DEBUG: Total dvariable address used is 3928936 out of 50000000
DEBUG: Total gradient stack used is 410521 out of 10000000
DEBUG: Total dvariable address used is 2087 out of 150000
DEBUG: Total dvariable address used is 3928936 out of 50000000
DEBUG: Total gradient stack used is 410521 out of 10000000
DEBUG: Total dvariable address used is 2087 out of 150000
DEBUG: Total dvariable address used is 3928936 out of 50000000
DEBUG: Total gradient stack used is 410521 out of 10000000
DEBUG: Total dvariable address used is 2087 out of 150000
DEBUG: Total dvariable address used is 3928936 out of 50000000
DEBUG: Total gradient stack used is 410521 out of 10000000
DEBUG: Total dvariable address used is 2087 out of 150000
DEBUG: Total dvariable address used is 3928936 out of 50000000
DEBUG: Total gradient stack used is 410521 out of 10000000
DEBUG: Total dvariable address used is 2087 out of 150000
DEBUG: Total dvariable address used is 3928936 out of 50000000
DEBUG: Total gradient stack used is 410521 out of 10000000
DEBUG: Total dvariable address used is 2087 out of 150000
DEBUG: Total dvariable address used is 3928936 out of 50000000
DEBUG: Total gradient stack used is 410521 out of 10000000
DEBUG: Total dvariable address used is 2087 out of 150000
DEBUG: Total dvariable address used is 3928936 out of 50000000
DEBUG: Total gradient stack used is 410521 out of 10000000
DEBUG: Total dvariable address used is 2087 out of 150000
DEBUG: Total dvariable address used is 3928936 out of 50000000
DEBUG: Total gradient stack used is 410521 out of 10000000
DEBUG: Total dvariable address used is 2087 out of 150000
DEBUG: Total dvariable address used is 3928936 out of 50000000
DEBUG: Total gradient stack used is 410521 out of 10000000
DEBUG: Total dvariable address used is 2087 out of 150000
DEBUG: Total dvariable address used is 3928936 out of 50000000
DEBUG: Total gradient stack used is 410521 out of 10000000
DEBUG: Total dvariable address used is 2087 out of 150000
DEBUG: Total dvariable address used is 3928936 out of 50000000
DEBUG: Total gradient stack used is 410521 out of 10000000
DEBUG: Total dvariable address used is 2087 out of 150000
DEBUG: Total dvariable address used is 3928936 out of 50000000
DEBUG: Total gradient stack used is 410521 out of 10000000
DEBUG: Total dvariable address used is 2087 out of 150000
DEBUG: Total dvariable address used is 3928936 out of 50000000
DEBUG: Total gradient stack used is 410521 out of 10000000
DEBUG: Total dvariable address used is 2087 out of 150000
DEBUG: Total dvariable address used is 3928936 out of 50000000
DEBUG: Total gradient stack used is 410521 out of 10000000
DEBUG: Total dvariable address used is 2087 out of 150000
DEBUG: Total dvariable address used is 3928936 out of 50000000
DEBUG: Total gradient stack used is 410521 out of 10000000
DEBUG: Total dvariable address used is 2087 out of 150000
DEBUG: Total dvariable address used is 3928936 out of 50000000
DEBUG: Total gradient stack used is 410521 out of 10000000
DEBUG: Total dvariable address used is 2087 out of 150000
DEBUG: Total dvariable address used is 3928936 out of 50000000
DEBUG: Total gradient stack used is 410521 out of 10000000
DEBUG: Total dvariable address used is 2087 out of 150000
DEBUG: Total dvariable address used is 3928936 out of 50000000
DEBUG: Total gradient stack used is 410521 out of 10000000
DEBUG: Total dvariable address used is 2087 out of 150000
DEBUG: Total dvariable address used is 3928936 out of 50000000
DEBUG: Total gradient stack used is 410521 out of 10000000
DEBUG: Total dvariable address used is 2087 out of 150000
DEBUG: Total dvariable address used is 3928936 out of 50000000
DEBUG: Total gradient stack used is 410521 out of 10000000
DEBUG: Total dvariable address used is 2087 out of 150000
DEBUG: Total dvariable address used is 3928936 out of 50000000
DEBUG: Total gradient stack used is 410521 out of 10000000
DEBUG: Total dvariable address used is 2087 out of 150000
DEBUG: Total dvariable address used is 3928936 out of 50000000
DEBUG: Total gradient stack used is 410521 out of 10000000
DEBUG: Total dvariable address used is 2087 out of 150000
DEBUG: Total dvariable address used is 3928936 out of 50000000
DEBUG: Total gradient stack used is 410521 out of 10000000
DEBUG: Total dvariable address used is 2087 out of 150000
DEBUG: Total dvariable address used is 3928936 out of 50000000
DEBUG: Total gradient stack used is 410521 out of 10000000
DEBUG: Total dvariable address used is 2087 out of 150000
DEBUG: Total dvariable address used is 3928936 out of 50000000
DEBUG: Total gradient stack used is 410521 out of 10000000
DEBUG: Total dvariable address used is 2087 out of 150000
DEBUG: Total dvariable address used is 3928936 out of 50000000
DEBUG: Total gradient stack used is 410521 out of 10000000
DEBUG: Total dvariable address used is 2087 out of 150000
DEBUG: Total dvariable address used is 3928936 out of 50000000
DEBUG: Total gradient stack used is 410521 out of 10000000
DEBUG: Total dvariable address used is 2087 out of 150000
DEBUG: Total dvariable address used is 3928936 out of 50000000
DEBUG: Total gradient stack used is 410521 out of 10000000
DEBUG: Total dvariable address used is 2087 out of 150000
DEBUG: Total dvariable address used is 3928936 out of 50000000
DEBUG: Total gradient stack used is 410521 out of 10000000
DEBUG: Total dvariable address used is 2087 out of 150000
DEBUG: Total dvariable address used is 3928936 out of 50000000
DEBUG: Total gradient stack used is 410521 out of 10000000
DEBUG: Total dvariable address used is 2087 out of 150000
DEBUG: Total dvariable address used is 3928936 out of 50000000
DEBUG: Total gradient stack used is 410521 out of 10000000
DEBUG: Total dvariable address used is 2087 out of 150000
DEBUG: Total dvariable address used is 3928936 out of 50000000
DEBUG: Total gradient stack used is 410521 out of 10000000
DEBUG: Total dvariable address used is 2087 out of 150000
DEBUG: Total dvariable address used is 3928936 out of 50000000
DEBUG: Total gradient stack used is 410521 out of 10000000
DEBUG: Total dvariable address used is 2087 out of 150000
DEBUG: Total dvariable address used is 3928936 out of 50000000
DEBUG: Total gradient stack used is 410521 out of 10000000
DEBUG: Total dvariable address used is 2087 out of 150000
DEBUG: Total dvariable address used is 3928936 out of 50000000
DEBUG: Total gradient stack used is 410521 out of 10000000
DEBUG: Total dvariable address used is 2087 out of 150000
DEBUG: Total dvariable address used is 3928936 out of 50000000
DEBUG: Total gradient stack used is 410521 out of 10000000
DEBUG: Total dvariable address used is 2087 out of 150000
DEBUG: Total dvariable address used is 3928936 out of 50000000
DEBUG: Total gradient stack used is 410521 out of 10000000
DEBUG: Total dvariable address used is 2087 out of 150000
DEBUG: Total dvariable address used is 3928936 out of 50000000
DEBUG: Total gradient stack used is 410521 out of 10000000
DEBUG: Total dvariable address used is 2087 out of 150000
DEBUG: Total dvariable address used is 3928936 out of 50000000
DEBUG: Total gradient stack used is 410521 out of 10000000
DEBUG: Total dvariable address used is 2087 out of 150000
DEBUG: Total dvariable address used is 3928936 out of 50000000
DEBUG: Total gradient stack used is 410521 out of 10000000
DEBUG: Total dvariable address used is 2087 out of 150000
DEBUG: Total dvariable address used is 3928936 out of 50000000
DEBUG: Total gradient stack used is 410521 out of 10000000
DEBUG: Total dvariable address used is 2087 out of 150000
DEBUG: Total dvariable address used is 3928936 out of 50000000
DEBUG: Total gradient stack used is 410521 out of 10000000
DEBUG: Total dvariable address used is 2087 out of 150000
DEBUG: Total dvariable address used is 3928936 out of 50000000
DEBUG: Total gradient stack used is 410521 out of 10000000
DEBUG: Total dvariable address used is 2087 out of 150000
DEBUG: Total dvariable address used is 3928936 out of 50000000
DEBUG: Total gradient stack used is 410521 out of 10000000
DEBUG: Total dvariable address used is 2087 out of 150000
DEBUG: Total dvariable address used is 3928936 out of 50000000
DEBUG: Total gradient stack used is 410521 out of 10000000
DEBUG: Total dvariable address used is 2087 out of 150000
DEBUG: Total dvariable address used is 3928936 out of 50000000
DEBUG: Total gradient stack used is 410521 out of 10000000
DEBUG: Total dvariable address used is 2087 out of 150000
DEBUG: Total dvariable address used is 3928936 out of 50000000
DEBUG: Total gradient stack used is 410521 out of 10000000
DEBUG: Total dvariable address used is 2087 out of 150000
DEBUG: Total dvariable address used is 3928936 out of 50000000
DEBUG: Total gradient stack used is 410521 out of 10000000
DEBUG: Total dvariable address used is 2087 out of 150000
DEBUG: Total dvariable address used is 3928936 out of 50000000
DEBUG: Total gradient stack used is 410521 out of 10000000
DEBUG: Total dvariable address used is 2087 out of 150000
DEBUG: Total dvariable address used is 3928936 out of 50000000
DEBUG: Total gradient stack used is 410521 out of 10000000
DEBUG: Total dvariable address used is 2087 out of 150000
DEBUG: Total dvariable address used is 3928936 out of 50000000
DEBUG: Total gradient stack used is 410521 out of 10000000
DEBUG: Total dvariable address used is 2087 out of 150000
DEBUG: Total dvariable address used is 3928936 out of 50000000
DEBUG: Total gradient stack used is 410521 out of 10000000
DEBUG: Total dvariable address used is 2087 out of 150000
DEBUG: Total dvariable address used is 3928936 out of 50000000
DEBUG: Total gradient stack used is 410521 out of 10000000
DEBUG: Total dvariable address used is 2087 out of 150000
DEBUG: Total dvariable address used is 3928936 out of 50000000
DEBUG: Total gradient stack used is 410521 out of 10000000
DEBUG: Total dvariable address used is 2087 out of 150000
DEBUG: Total dvariable address used is 3928936 out of 50000000
DEBUG: Total gradient stack used is 410521 out of 10000000
DEBUG: Total dvariable address used is 2087 out of 150000
DEBUG: Total dvariable address used is 3928936 out of 50000000
DEBUG: Total gradient stack used is 410521 out of 10000000
DEBUG: Total dvariable address used is 2087 out of 150000
DEBUG: Total dvariable address used is 3928936 out of 50000000
DEBUG: Total gradient stack used is 410521 out of 10000000
DEBUG: Total dvariable address used is 2087 out of 150000
DEBUG: Total dvariable address used is 3928936 out of 50000000
DEBUG: Total gradient stack used is 410521 out of 10000000
DEBUG: Total dvariable address used is 2087 out of 150000
DEBUG: Total dvariable address used is 3928936 out of 50000000
DEBUG: Total gradient stack used is 410521 out of 10000000
DEBUG: Total dvariable address used is 2087 out of 150000
DEBUG: Total dvariable address used is 3928936 out of 50000000
DEBUG: Total gradient stack used is 410521 out of 10000000
DEBUG: Total dvariable address used is 2087 out of 150000
DEBUG: Total dvariable address used is 3928936 out of 50000000
DEBUG: Total gradient stack used is 410521 out of 10000000
DEBUG: Total dvariable address used is 2087 out of 150000
DEBUG: Total dvariable address used is 3928936 out of 50000000
DEBUG: Total gradient stack used is 410521 out of 10000000
DEBUG: Total dvariable address used is 2087 out of 150000
DEBUG: Total dvariable address used is 3928936 out of 50000000
DEBUG: Total gradient stack used is 410521 out of 10000000
DEBUG: Total dvariable address used is 2087 out of 150000
DEBUG: Total dvariable address used is 3928936 out of 50000000
DEBUG: Total gradient stack used is 410521 out of 10000000
DEBUG: Total dvariable address used is 2087 out of 150000
DEBUG: Total dvariable address used is 3928936 out of 50000000
DEBUG: Total gradient stack used is 410521 out of 10000000
DEBUG: Total dvariable address used is 2087 out of 150000
DEBUG: Total dvariable address used is 3928936 out of 50000000
DEBUG: Total gradient stack used is 410521 out of 10000000
DEBUG: Total dvariable address used is 2087 out of 150000
DEBUG: Total dvariable address used is 3928936 out of 50000000
DEBUG: Total gradient stack used is 410521 out of 10000000
DEBUG: Total dvariable address used is 2087 out of 150000
DEBUG: Total dvariable address used is 3928936 out of 50000000
DEBUG: Total gradient stack used is 410521 out of 10000000
DEBUG: Total dvariable address used is 2087 out of 150000
DEBUG: Total dvariable address used is 3928936 out of 50000000
DEBUG: Total gradient stack used is 410521 out of 10000000
DEBUG: Total dvariable address used is 2087 out of 150000
DEBUG: Total dvariable address used is 3928936 out of 50000000
DEBUG: Total gradient stack used is 410521 out of 10000000
DEBUG: Total dvariable address used is 2087 out of 150000
DEBUG: Total dvariable address used is 3928936 out of 50000000
DEBUG: Total gradient stack used is 410521 out of 10000000
DEBUG: Total dvariable address used is 2087 out of 150000
DEBUG: Total dvariable address used is 3928936 out of 50000000
DEBUG: Total gradient stack used is 410521 out of 10000000
DEBUG: Total dvariable address used is 2087 out of 150000
DEBUG: Total dvariable address used is 3928936 out of 50000000
DEBUG: Total gradient stack used is 410521 out of 10000000
DEBUG: Total dvariable address used is 2087 out of 150000
DEBUG: Total dvariable address used is 3928936 out of 50000000
DEBUG: Total gradient stack used is 410521 out of 10000000
DEBUG: Total dvariable address used is 2087 out of 150000
DEBUG: Total dvariable address used is 3928936 out of 50000000
DEBUG: Total gradient stack used is 410521 out of 10000000
DEBUG: Total dvariable address used is 2087 out of 150000
DEBUG: Total dvariable address used is 3928936 out of 50000000
DEBUG: Total gradient stack used is 410521 out of 10000000
DEBUG: Total dvariable address used is 2087 out of 150000
DEBUG: Total dvariable address used is 3928936 out of 50000000
DEBUG: Total gradient stack used is 410521 out of 10000000
DEBUG: Total dvariable address used is 2087 out of 150000
DEBUG: Total dvariable address used is 3928936 out of 50000000
DEBUG: Total gradient stack used is 410521 out of 10000000
DEBUG: Total dvariable address used is 2087 out of 150000
DEBUG: Total dvariable address used is 3928936 out of 50000000
DEBUG: Total gradient stack used is 410521 out of 10000000
DEBUG: Total dvariable address used is 2087 out of 150000
DEBUG: Total dvariable address used is 3928936 out of 50000000
DEBUG: Total gradient stack used is 410521 out of 10000000
DEBUG: Total dvariable address used is 2087 out of 150000
DEBUG: Total dvariable address used is 3928936 out of 50000000
DEBUG: Total gradient stack used is 410521 out of 10000000
DEBUG: Total dvariable address used is 2087 out of 150000
DEBUG: Total dvariable address used is 3928936 out of 50000000
DEBUG: Total gradient stack used is 410521 out of 10000000
DEBUG: Total dvariable address used is 2087 out of 150000
DEBUG: Total dvariable address used is 3928936 out of 50000000
DEBUG: Total gradient stack used is 410521 out of 10000000
DEBUG: Total dvariable address used is 2087 out of 150000
DEBUG: Total dvariable address used is 3928936 out of 50000000
DEBUG: Total gradient stack used is 410521 out of 10000000
DEBUG: Total dvariable address used is 2087 out of 150000
DEBUG: Total dvariable address used is 3928936 out of 50000000
DEBUG: Total gradient stack used is 410521 out of 10000000
DEBUG: Total dvariable address used is 2087 out of 150000
DEBUG: Total dvariable address used is 3928936 out of 50000000
DEBUG: Total gradient stack used is 410521 out of 10000000
DEBUG: Total dvariable address used is 2087 out of 150000
DEBUG: Total dvariable address used is 3928936 out of 50000000
DEBUG: Total gradient stack used is 410521 out of 10000000
DEBUG: Total dvariable address used is 2087 out of 150000
DEBUG: Total dvariable address used is 3928936 out of 50000000
DEBUG: Total gradient stack used is 410521 out of 10000000
DEBUG: Total dvariable address used is 2087 out of 150000
DEBUG: Total dvariable address used is 3928936 out of 50000000
DEBUG: Total gradient stack used is 410521 out of 10000000
DEBUG: Total dvariable address used is 2087 out of 150000
DEBUG: Total dvariable address used is 3928936 out of 50000000
DEBUG: Total gradient stack used is 410521 out of 10000000
DEBUG: Total dvariable address used is 2087 out of 150000
DEBUG: Total dvariable address used is 3928936 out of 50000000
DEBUG: Total gradient stack used is 410521 out of 10000000
DEBUG: Total dvariable address used is 2087 out of 150000
DEBUG: Total dvariable address used is 3928936 out of 50000000
DEBUG: Total gradient stack used is 410521 out of 10000000
DEBUG: Total dvariable address used is 2087 out of 150000
DEBUG: Total dvariable address used is 3928936 out of 50000000
DEBUG: Total gradient stack used is 410521 out of 10000000
DEBUG: Total dvariable address used is 2087 out of 150000
DEBUG: Total dvariable address used is 3928936 out of 50000000
DEBUG: Total gradient stack used is 410521 out of 10000000
DEBUG: Total dvariable address used is 2087 out of 150000
DEBUG: Total dvariable address used is 3928936 out of 50000000
DEBUG: Total gradient stack used is 410521 out of 10000000
DEBUG: Total dvariable address used is 2087 out of 150000
DEBUG: Total dvariable address used is 3928936 out of 50000000
DEBUG: Total gradient stack used is 410521 out of 10000000
DEBUG: Total dvariable address used is 2087 out of 150000
DEBUG: Total dvariable address used is 3928936 out of 50000000
DEBUG: Total gradient stack used is 410521 out of 10000000
DEBUG: Total dvariable address used is 2087 out of 150000
DEBUG: Total dvariable address used is 3928936 out of 50000000
DEBUG: Total gradient stack used is 410521 out of 10000000
DEBUG: Total dvariable address used is 2087 out of 150000
DEBUG: Total dvariable address used is 3928936 out of 50000000
DEBUG: Total gradient stack used is 410521 out of 10000000
DEBUG: Total dvariable address used is 2087 out of 150000
DEBUG: Total dvariable address used is 3928936 out of 50000000
DEBUG: Total gradient stack used is 410521 out of 10000000
DEBUG: Total dvariable address used is 2087 out of 150000
DEBUG: Total dvariable address used is 3928936 out of 50000000
DEBUG: Total gradient stack used is 410521 out of 10000000
DEBUG: Total dvariable address used is 2087 out of 150000
DEBUG: Total dvariable address used is 3928936 out of 50000000
DEBUG: Total gradient stack used is 410521 out of 10000000
DEBUG: Total dvariable address used is 2087 out of 150000
DEBUG: Total dvariable address used is 3928936 out of 50000000
DEBUG: Total gradient stack used is 410521 out of 10000000
DEBUG: Total dvariable address used is 2087 out of 150000
DEBUG: Total dvariable address used is 3928936 out of 50000000
DEBUG: Total gradient stack used is 410521 out of 10000000
DEBUG: Total dvariable address used is 2087 out of 150000
DEBUG: Total dvariable address used is 3928936 out of 50000000
DEBUG: Total gradient stack used is 410521 out of 10000000
DEBUG: Total dvariable address used is 2087 out of 150000
DEBUG: Total dvariable address used is 3928936 out of 50000000
DEBUG: Total gradient stack used is 410521 out of 10000000
DEBUG: Total dvariable address used is 2087 out of 150000
DEBUG: Total dvariable address used is 3928936 out of 50000000
DEBUG: Total gradient stack used is 410521 out of 10000000
DEBUG: Total dvariable address used is 2087 out of 150000
DEBUG: Total dvariable address used is 3928936 out of 50000000
DEBUG: Total gradient stack used is 410521 out of 10000000
DEBUG: Total dvariable address used is 2087 out of 150000
DEBUG: Total dvariable address used is 3928936 out of 50000000
DEBUG: Total gradient stack used is 410521 out of 10000000
DEBUG: Total dvariable address used is 2087 out of 150000
DEBUG: Total dvariable address used is 3928936 out of 50000000
DEBUG: Total gradient stack used is 410521 out of 10000000
DEBUG: Total dvariable address used is 2087 out of 150000
DEBUG: Total dvariable address used is 3928936 out of 50000000
DEBUG: Total gradient stack used is 410521 out of 10000000
DEBUG: Total dvariable address used is 2087 out of 150000
DEBUG: Total dvariable address used is 3928936 out of 50000000
DEBUG: Total gradient stack used is 410521 out of 10000000
DEBUG: Total dvariable address used is 2087 out of 150000
DEBUG: Total dvariable address used is 3928936 out of 50000000
DEBUG: Total gradient stack used is 410521 out of 10000000
DEBUG: Total dvariable address used is 2087 out of 150000
DEBUG: Total dvariable address used is 3928936 out of 50000000
DEBUG: Total gradient stack used is 410521 out of 10000000
DEBUG: Total dvariable address used is 2087 out of 150000
DEBUG: Total dvariable address used is 3928936 out of 50000000
DEBUG: Total gradient stack used is 410521 out of 10000000
DEBUG: Total dvariable address used is 2087 out of 150000
DEBUG: Total dvariable address used is 3928936 out of 50000000
DEBUG: Total gradient stack used is 410521 out of 10000000
DEBUG: Total dvariable address used is 2087 out of 150000
DEBUG: Total dvariable address used is 3928936 out of 50000000
DEBUG: Total gradient stack used is 410521 out of 10000000
DEBUG: Total dvariable address used is 2087 out of 150000
DEBUG: Total dvariable address used is 3928936 out of 50000000
DEBUG: Total gradient stack used is 410521 out of 10000000
DEBUG: Total dvariable address used is 2087 out of 150000
DEBUG: Total dvariable address used is 3928936 out of 50000000
DEBUG: Total gradient stack used is 410521 out of 10000000
DEBUG: Total dvariable address used is 2087 out of 150000
DEBUG: Total dvariable address used is 3928936 out of 50000000
DEBUG: Total gradient stack used is 410521 out of 10000000
DEBUG: Total dvariable address used is 2087 out of 150000
DEBUG: Total dvariable address used is 3928936 out of 50000000
DEBUG: Total gradient stack used is 410521 out of 10000000
DEBUG: Total dvariable address used is 2087 out of 150000
DEBUG: Total dvariable address used is 3928936 out of 50000000
DEBUG: Total gradient stack used is 410521 out of 10000000
DEBUG: Total dvariable address used is 2087 out of 150000
DEBUG: Total dvariable address used is 3928936 out of 50000000
DEBUG: Total gradient stack used is 410521 out of 10000000
DEBUG: Total dvariable address used is 2087 out of 150000
DEBUG: Total dvariable address used is 3928936 out of 50000000
DEBUG: Total gradient stack used is 410521 out of 10000000
DEBUG: Total dvariable address used is 2087 out of 150000
DEBUG: Total dvariable address used is 3928936 out of 50000000
, 40%DEBUG: Total gradient stack used is 410521 out of 10000000
DEBUG: Total dvariable address used is 2087 out of 150000
DEBUG: Total dvariable address used is 3928936 out of 50000000
DEBUG: Total gradient stack used is 410521 out of 10000000
DEBUG: Total dvariable address used is 2087 out of 150000
DEBUG: Total dvariable address used is 3928936 out of 50000000
DEBUG: Total gradient stack used is 410521 out of 10000000
DEBUG: Total dvariable address used is 2087 out of 150000
DEBUG: Total dvariable address used is 3928936 out of 50000000
DEBUG: Total gradient stack used is 410521 out of 10000000
DEBUG: Total dvariable address used is 2087 out of 150000
DEBUG: Total dvariable address used is 3928936 out of 50000000
DEBUG: Total gradient stack used is 410521 out of 10000000
DEBUG: Total dvariable address used is 2087 out of 150000
DEBUG: Total dvariable address used is 3928936 out of 50000000
DEBUG: Total gradient stack used is 410521 out of 10000000
DEBUG: Total dvariable address used is 2087 out of 150000
DEBUG: Total dvariable address used is 3928936 out of 50000000
DEBUG: Total gradient stack used is 410521 out of 10000000
DEBUG: Total dvariable address used is 2087 out of 150000
DEBUG: Total dvariable address used is 3928936 out of 50000000
DEBUG: Total gradient stack used is 410521 out of 10000000
DEBUG: Total dvariable address used is 2087 out of 150000
DEBUG: Total dvariable address used is 3928936 out of 50000000
DEBUG: Total gradient stack used is 410521 out of 10000000
DEBUG: Total dvariable address used is 2087 out of 150000
DEBUG: Total dvariable address used is 3928936 out of 50000000
DEBUG: Total gradient stack used is 410521 out of 10000000
DEBUG: Total dvariable address used is 2087 out of 150000
DEBUG: Total dvariable address used is 3928936 out of 50000000
DEBUG: Total gradient stack used is 410521 out of 10000000
DEBUG: Total dvariable address used is 2087 out of 150000
DEBUG: Total dvariable address used is 3928936 out of 50000000
DEBUG: Total gradient stack used is 410521 out of 10000000
DEBUG: Total dvariable address used is 2087 out of 150000
DEBUG: Total dvariable address used is 3928936 out of 50000000
DEBUG: Total gradient stack used is 410521 out of 10000000
DEBUG: Total dvariable address used is 2087 out of 150000
DEBUG: Total dvariable address used is 3928936 out of 50000000
DEBUG: Total gradient stack used is 410521 out of 10000000
DEBUG: Total dvariable address used is 2087 out of 150000
DEBUG: Total dvariable address used is 3928936 out of 50000000
DEBUG: Total gradient stack used is 410521 out of 10000000
DEBUG: Total dvariable address used is 2087 out of 150000
DEBUG: Total dvariable address used is 3928936 out of 50000000
DEBUG: Total gradient stack used is 410521 out of 10000000
DEBUG: Total dvariable address used is 2087 out of 150000
DEBUG: Total dvariable address used is 3928936 out of 50000000
DEBUG: Total gradient stack used is 410521 out of 10000000
DEBUG: Total dvariable address used is 2087 out of 150000
DEBUG: Total dvariable address used is 3928936 out of 50000000
DEBUG: Total gradient stack used is 410521 out of 10000000
DEBUG: Total dvariable address used is 2087 out of 150000
DEBUG: Total dvariable address used is 3928936 out of 50000000
DEBUG: Total gradient stack used is 410521 out of 10000000
DEBUG: Total dvariable address used is 2087 out of 150000
DEBUG: Total dvariable address used is 3928936 out of 50000000
DEBUG: Total gradient stack used is 410521 out of 10000000
DEBUG: Total dvariable address used is 2087 out of 150000
DEBUG: Total dvariable address used is 3928936 out of 50000000
DEBUG: Total gradient stack used is 410521 out of 10000000
DEBUG: Total dvariable address used is 2087 out of 150000
DEBUG: Total dvariable address used is 3928936 out of 50000000
DEBUG: Total gradient stack used is 410521 out of 10000000
DEBUG: Total dvariable address used is 2087 out of 150000
DEBUG: Total dvariable address used is 3928936 out of 50000000
DEBUG: Total gradient stack used is 410521 out of 10000000
DEBUG: Total dvariable address used is 2087 out of 150000
DEBUG: Total dvariable address used is 3928936 out of 50000000
DEBUG: Total gradient stack used is 410521 out of 10000000
DEBUG: Total dvariable address used is 2087 out of 150000
DEBUG: Total dvariable address used is 3928936 out of 50000000
DEBUG: Total gradient stack used is 410521 out of 10000000
DEBUG: Total dvariable address used is 2087 out of 150000
DEBUG: Total dvariable address used is 3928936 out of 50000000
DEBUG: Total gradient stack used is 410521 out of 10000000
DEBUG: Total dvariable address used is 2087 out of 150000
DEBUG: Total dvariable address used is 3928936 out of 50000000
DEBUG: Total gradient stack used is 410521 out of 10000000
DEBUG: Total dvariable address used is 2087 out of 150000
DEBUG: Total dvariable address used is 3928936 out of 50000000
DEBUG: Total gradient stack used is 410521 out of 10000000
DEBUG: Total dvariable address used is 2087 out of 150000
DEBUG: Total dvariable address used is 3928936 out of 50000000
DEBUG: Total gradient stack used is 410521 out of 10000000
DEBUG: Total dvariable address used is 2087 out of 150000
DEBUG: Total dvariable address used is 3928936 out of 50000000
DEBUG: Total gradient stack used is 410521 out of 10000000
DEBUG: Total dvariable address used is 2087 out of 150000
DEBUG: Total dvariable address used is 3928936 out of 50000000
DEBUG: Total gradient stack used is 410521 out of 10000000
DEBUG: Total dvariable address used is 2087 out of 150000
DEBUG: Total dvariable address used is 3928936 out of 50000000
DEBUG: Total gradient stack used is 410521 out of 10000000
DEBUG: Total dvariable address used is 2087 out of 150000
DEBUG: Total dvariable address used is 3928936 out of 50000000
DEBUG: Total gradient stack used is 410521 out of 10000000
DEBUG: Total dvariable address used is 2087 out of 150000
DEBUG: Total dvariable address used is 3928936 out of 50000000
DEBUG: Total gradient stack used is 410521 out of 10000000
DEBUG: Total dvariable address used is 2087 out of 150000
DEBUG: Total dvariable address used is 3928936 out of 50000000
DEBUG: Total gradient stack used is 410521 out of 10000000
DEBUG: Total dvariable address used is 2087 out of 150000
DEBUG: Total dvariable address used is 3928936 out of 50000000
DEBUG: Total gradient stack used is 410521 out of 10000000
DEBUG: Total dvariable address used is 2087 out of 150000
DEBUG: Total dvariable address used is 3928936 out of 50000000
DEBUG: Total gradient stack used is 410521 out of 10000000
DEBUG: Total dvariable address used is 2087 out of 150000
DEBUG: Total dvariable address used is 3928936 out of 50000000
DEBUG: Total gradient stack used is 410521 out of 10000000
DEBUG: Total dvariable address used is 2087 out of 150000
DEBUG: Total dvariable address used is 3928936 out of 50000000
DEBUG: Total gradient stack used is 410521 out of 10000000
DEBUG: Total dvariable address used is 2087 out of 150000
DEBUG: Total dvariable address used is 3928936 out of 50000000
DEBUG: Total gradient stack used is 410521 out of 10000000
DEBUG: Total dvariable address used is 2087 out of 150000
DEBUG: Total dvariable address used is 3928936 out of 50000000
DEBUG: Total gradient stack used is 410521 out of 10000000
DEBUG: Total dvariable address used is 2087 out of 150000
DEBUG: Total dvariable address used is 3928936 out of 50000000
DEBUG: Total gradient stack used is 410521 out of 10000000
DEBUG: Total dvariable address used is 2087 out of 150000
DEBUG: Total dvariable address used is 3928936 out of 50000000
DEBUG: Total gradient stack used is 410521 out of 10000000
DEBUG: Total dvariable address used is 2087 out of 150000
DEBUG: Total dvariable address used is 3928936 out of 50000000
DEBUG: Total gradient stack used is 410521 out of 10000000
DEBUG: Total dvariable address used is 2087 out of 150000
DEBUG: Total dvariable address used is 3928936 out of 50000000
DEBUG: Total gradient stack used is 410521 out of 10000000
DEBUG: Total dvariable address used is 2087 out of 150000
DEBUG: Total dvariable address used is 3928936 out of 50000000
DEBUG: Total gradient stack used is 410521 out of 10000000
DEBUG: Total dvariable address used is 2087 out of 150000
DEBUG: Total dvariable address used is 3928936 out of 50000000
DEBUG: Total gradient stack used is 410521 out of 10000000
DEBUG: Total dvariable address used is 2087 out of 150000
DEBUG: Total dvariable address used is 3928936 out of 50000000
DEBUG: Total gradient stack used is 410521 out of 10000000
DEBUG: Total dvariable address used is 2087 out of 150000
DEBUG: Total dvariable address used is 3928936 out of 50000000
DEBUG: Total gradient stack used is 410521 out of 10000000
DEBUG: Total dvariable address used is 2087 out of 150000
DEBUG: Total dvariable address used is 3928936 out of 50000000
DEBUG: Total gradient stack used is 410521 out of 10000000
DEBUG: Total dvariable address used is 2087 out of 150000
DEBUG: Total dvariable address used is 3928936 out of 50000000
DEBUG: Total gradient stack used is 410521 out of 10000000
DEBUG: Total dvariable address used is 2087 out of 150000
DEBUG: Total dvariable address used is 3928936 out of 50000000
DEBUG: Total gradient stack used is 410521 out of 10000000
DEBUG: Total dvariable address used is 2087 out of 150000
DEBUG: Total dvariable address used is 3928936 out of 50000000
DEBUG: Total gradient stack used is 410521 out of 10000000
DEBUG: Total dvariable address used is 2087 out of 150000
DEBUG: Total dvariable address used is 3928936 out of 50000000
DEBUG: Total gradient stack used is 410521 out of 10000000
DEBUG: Total dvariable address used is 2087 out of 150000
DEBUG: Total dvariable address used is 3928936 out of 50000000
DEBUG: Total gradient stack used is 410521 out of 10000000
DEBUG: Total dvariable address used is 2087 out of 150000
DEBUG: Total dvariable address used is 3928936 out of 50000000
DEBUG: Total gradient stack used is 410521 out of 10000000
DEBUG: Total dvariable address used is 2087 out of 150000
DEBUG: Total dvariable address used is 3928936 out of 50000000
DEBUG: Total gradient stack used is 410521 out of 10000000
DEBUG: Total dvariable address used is 2087 out of 150000
DEBUG: Total dvariable address used is 3928936 out of 50000000
DEBUG: Total gradient stack used is 410521 out of 10000000
DEBUG: Total dvariable address used is 2087 out of 150000
DEBUG: Total dvariable address used is 3928936 out of 50000000
DEBUG: Total gradient stack used is 410521 out of 10000000
DEBUG: Total dvariable address used is 2087 out of 150000
DEBUG: Total dvariable address used is 3928936 out of 50000000
DEBUG: Total gradient stack used is 410521 out of 10000000
DEBUG: Total dvariable address used is 2087 out of 150000
DEBUG: Total dvariable address used is 3928936 out of 50000000
DEBUG: Total gradient stack used is 410521 out of 10000000
DEBUG: Total dvariable address used is 2087 out of 150000
DEBUG: Total dvariable address used is 3928936 out of 50000000
DEBUG: Total gradient stack used is 410521 out of 10000000
DEBUG: Total dvariable address used is 2087 out of 150000
DEBUG: Total dvariable address used is 3928936 out of 50000000
DEBUG: Total gradient stack used is 410521 out of 10000000
DEBUG: Total dvariable address used is 2087 out of 150000
DEBUG: Total dvariable address used is 3928936 out of 50000000
DEBUG: Total gradient stack used is 410521 out of 10000000
DEBUG: Total dvariable address used is 2087 out of 150000
DEBUG: Total dvariable address used is 3928936 out of 50000000
DEBUG: Total gradient stack used is 410521 out of 10000000
DEBUG: Total dvariable address used is 2087 out of 150000
DEBUG: Total dvariable address used is 3928936 out of 50000000
DEBUG: Total gradient stack used is 410521 out of 10000000
DEBUG: Total dvariable address used is 2087 out of 150000
DEBUG: Total dvariable address used is 3928936 out of 50000000
DEBUG: Total gradient stack used is 410521 out of 10000000
DEBUG: Total dvariable address used is 2087 out of 150000
DEBUG: Total dvariable address used is 3928936 out of 50000000
DEBUG: Total gradient stack used is 410521 out of 10000000
DEBUG: Total dvariable address used is 2087 out of 150000
DEBUG: Total dvariable address used is 3928936 out of 50000000
DEBUG: Total gradient stack used is 410521 out of 10000000
DEBUG: Total dvariable address used is 2087 out of 150000
DEBUG: Total dvariable address used is 3928936 out of 50000000
DEBUG: Total gradient stack used is 410521 out of 10000000
DEBUG: Total dvariable address used is 2087 out of 150000
DEBUG: Total dvariable address used is 3928936 out of 50000000
DEBUG: Total gradient stack used is 410521 out of 10000000
DEBUG: Total dvariable address used is 2087 out of 150000
DEBUG: Total dvariable address used is 3928936 out of 50000000
DEBUG: Total gradient stack used is 410521 out of 10000000
DEBUG: Total dvariable address used is 2087 out of 150000
DEBUG: Total dvariable address used is 3928936 out of 50000000
DEBUG: Total gradient stack used is 410521 out of 10000000
DEBUG: Total dvariable address used is 2087 out of 150000
DEBUG: Total dvariable address used is 3928936 out of 50000000
DEBUG: Total gradient stack used is 410521 out of 10000000
DEBUG: Total dvariable address used is 2087 out of 150000
DEBUG: Total dvariable address used is 3928936 out of 50000000
DEBUG: Total gradient stack used is 410521 out of 10000000
DEBUG: Total dvariable address used is 2087 out of 150000
DEBUG: Total dvariable address used is 3928936 out of 50000000
DEBUG: Total gradient stack used is 410521 out of 10000000
DEBUG: Total dvariable address used is 2087 out of 150000
DEBUG: Total dvariable address used is 3928936 out of 50000000
DEBUG: Total gradient stack used is 410521 out of 10000000
DEBUG: Total dvariable address used is 2087 out of 150000
DEBUG: Total dvariable address used is 3928936 out of 50000000
DEBUG: Total gradient stack used is 410521 out of 10000000
DEBUG: Total dvariable address used is 2087 out of 150000
DEBUG: Total dvariable address used is 3928936 out of 50000000
DEBUG: Total gradient stack used is 410521 out of 10000000
DEBUG: Total dvariable address used is 2087 out of 150000
DEBUG: Total dvariable address used is 3928936 out of 50000000
DEBUG: Total gradient stack used is 410521 out of 10000000
DEBUG: Total dvariable address used is 2087 out of 150000
DEBUG: Total dvariable address used is 3928936 out of 50000000
DEBUG: Total gradient stack used is 410521 out of 10000000
DEBUG: Total dvariable address used is 2087 out of 150000
DEBUG: Total dvariable address used is 3928936 out of 50000000
DEBUG: Total gradient stack used is 410521 out of 10000000
DEBUG: Total dvariable address used is 2087 out of 150000
DEBUG: Total dvariable address used is 3928936 out of 50000000
DEBUG: Total gradient stack used is 410521 out of 10000000
DEBUG: Total dvariable address used is 2087 out of 150000
DEBUG: Total dvariable address used is 3928936 out of 50000000
DEBUG: Total gradient stack used is 410521 out of 10000000
DEBUG: Total dvariable address used is 2087 out of 150000
DEBUG: Total dvariable address used is 3928936 out of 50000000
DEBUG: Total gradient stack used is 410521 out of 10000000
DEBUG: Total dvariable address used is 2087 out of 150000
DEBUG: Total dvariable address used is 3928936 out of 50000000
DEBUG: Total gradient stack used is 410521 out of 10000000
DEBUG: Total dvariable address used is 2087 out of 150000
DEBUG: Total dvariable address used is 3928936 out of 50000000
DEBUG: Total gradient stack used is 410521 out of 10000000
DEBUG: Total dvariable address used is 2087 out of 150000
DEBUG: Total dvariable address used is 3928936 out of 50000000
DEBUG: Total gradient stack used is 410521 out of 10000000
DEBUG: Total dvariable address used is 2087 out of 150000
DEBUG: Total dvariable address used is 3928936 out of 50000000
DEBUG: Total gradient stack used is 410521 out of 10000000
DEBUG: Total dvariable address used is 2087 out of 150000
DEBUG: Total dvariable address used is 3928936 out of 50000000
DEBUG: Total gradient stack used is 410521 out of 10000000
DEBUG: Total dvariable address used is 2087 out of 150000
DEBUG: Total dvariable address used is 3928936 out of 50000000
DEBUG: Total gradient stack used is 410521 out of 10000000
DEBUG: Total dvariable address used is 2087 out of 150000
DEBUG: Total dvariable address used is 3928936 out of 50000000
DEBUG: Total gradient stack used is 410521 out of 10000000
DEBUG: Total dvariable address used is 2087 out of 150000
DEBUG: Total dvariable address used is 3928936 out of 50000000
DEBUG: Total gradient stack used is 410521 out of 10000000
DEBUG: Total dvariable address used is 2087 out of 150000
DEBUG: Total dvariable address used is 3928936 out of 50000000
DEBUG: Total gradient stack used is 410521 out of 10000000
DEBUG: Total dvariable address used is 2087 out of 150000
DEBUG: Total dvariable address used is 3928936 out of 50000000
DEBUG: Total gradient stack used is 410521 out of 10000000
DEBUG: Total dvariable address used is 2087 out of 150000
DEBUG: Total dvariable address used is 3928936 out of 50000000
DEBUG: Total gradient stack used is 410521 out of 10000000
DEBUG: Total dvariable address used is 2087 out of 150000
DEBUG: Total dvariable address used is 3928936 out of 50000000
DEBUG: Total gradient stack used is 410521 out of 10000000
DEBUG: Total dvariable address used is 2087 out of 150000
DEBUG: Total dvariable address used is 3928936 out of 50000000
DEBUG: Total gradient stack used is 410521 out of 10000000
DEBUG: Total dvariable address used is 2087 out of 150000
DEBUG: Total dvariable address used is 3928936 out of 50000000
DEBUG: Total gradient stack used is 410521 out of 10000000
DEBUG: Total dvariable address used is 2087 out of 150000
DEBUG: Total dvariable address used is 3928936 out of 50000000
DEBUG: Total gradient stack used is 410521 out of 10000000
DEBUG: Total dvariable address used is 2087 out of 150000
DEBUG: Total dvariable address used is 3928936 out of 50000000
DEBUG: Total gradient stack used is 410521 out of 10000000
DEBUG: Total dvariable address used is 2087 out of 150000
DEBUG: Total dvariable address used is 3928936 out of 50000000
DEBUG: Total gradient stack used is 410521 out of 10000000
DEBUG: Total dvariable address used is 2087 out of 150000
DEBUG: Total dvariable address used is 3928936 out of 50000000
DEBUG: Total gradient stack used is 410521 out of 10000000
DEBUG: Total dvariable address used is 2087 out of 150000
DEBUG: Total dvariable address used is 3928936 out of 50000000
DEBUG: Total gradient stack used is 410521 out of 10000000
DEBUG: Total dvariable address used is 2087 out of 150000
DEBUG: Total dvariable address used is 3928936 out of 50000000
DEBUG: Total gradient stack used is 410521 out of 10000000
DEBUG: Total dvariable address used is 2087 out of 150000
DEBUG: Total dvariable address used is 3928936 out of 50000000
DEBUG: Total gradient stack used is 410521 out of 10000000
DEBUG: Total dvariable address used is 2087 out of 150000
DEBUG: Total dvariable address used is 3928936 out of 50000000
DEBUG: Total gradient stack used is 410521 out of 10000000
DEBUG: Total dvariable address used is 2087 out of 150000
DEBUG: Total dvariable address used is 3928936 out of 50000000
DEBUG: Total gradient stack used is 410521 out of 10000000
DEBUG: Total dvariable address used is 2087 out of 150000
DEBUG: Total dvariable address used is 3928936 out of 50000000
DEBUG: Total gradient stack used is 410521 out of 10000000
DEBUG: Total dvariable address used is 2087 out of 150000
DEBUG: Total dvariable address used is 3928936 out of 50000000
DEBUG: Total gradient stack used is 410521 out of 10000000
DEBUG: Total dvariable address used is 2087 out of 150000
DEBUG: Total dvariable address used is 3928936 out of 50000000
DEBUG: Total gradient stack used is 410521 out of 10000000
DEBUG: Total dvariable address used is 2087 out of 150000
DEBUG: Total dvariable address used is 3928936 out of 50000000
DEBUG: Total gradient stack used is 410521 out of 10000000
DEBUG: Total dvariable address used is 2087 out of 150000
DEBUG: Total dvariable address used is 3928936 out of 50000000
DEBUG: Total gradient stack used is 410521 out of 10000000
DEBUG: Total dvariable address used is 2087 out of 150000
DEBUG: Total dvariable address used is 3928936 out of 50000000
DEBUG: Total gradient stack used is 410521 out of 10000000
DEBUG: Total dvariable address used is 2087 out of 150000
DEBUG: Total dvariable address used is 3928936 out of 50000000
DEBUG: Total gradient stack used is 410521 out of 10000000
DEBUG: Total dvariable address used is 2087 out of 150000
DEBUG: Total dvariable address used is 3928936 out of 50000000
DEBUG: Total gradient stack used is 410521 out of 10000000
DEBUG: Total dvariable address used is 2087 out of 150000
DEBUG: Total dvariable address used is 3928936 out of 50000000
DEBUG: Total gradient stack used is 410521 out of 10000000
DEBUG: Total dvariable address used is 2087 out of 150000
DEBUG: Total dvariable address used is 3928936 out of 50000000
DEBUG: Total gradient stack used is 410521 out of 10000000
DEBUG: Total dvariable address used is 2087 out of 150000
DEBUG: Total dvariable address used is 3928936 out of 50000000
DEBUG: Total gradient stack used is 410521 out of 10000000
DEBUG: Total dvariable address used is 2087 out of 150000
DEBUG: Total dvariable address used is 3928936 out of 50000000
DEBUG: Total gradient stack used is 410521 out of 10000000
DEBUG: Total dvariable address used is 2087 out of 150000
DEBUG: Total dvariable address used is 3928936 out of 50000000
DEBUG: Total gradient stack used is 410521 out of 10000000
DEBUG: Total dvariable address used is 2087 out of 150000
DEBUG: Total dvariable address used is 3928936 out of 50000000
DEBUG: Total gradient stack used is 410521 out of 10000000
DEBUG: Total dvariable address used is 2087 out of 150000
DEBUG: Total dvariable address used is 3928936 out of 50000000
DEBUG: Total gradient stack used is 410521 out of 10000000
DEBUG: Total dvariable address used is 2087 out of 150000
DEBUG: Total dvariable address used is 3928936 out of 50000000
DEBUG: Total gradient stack used is 410521 out of 10000000
DEBUG: Total dvariable address used is 2087 out of 150000
DEBUG: Total dvariable address used is 3928936 out of 50000000
DEBUG: Total gradient stack used is 410521 out of 10000000
DEBUG: Total dvariable address used is 2087 out of 150000
DEBUG: Total dvariable address used is 3928936 out of 50000000
DEBUG: Total gradient stack used is 410521 out of 10000000
DEBUG: Total dvariable address used is 2087 out of 150000
DEBUG: Total dvariable address used is 3928936 out of 50000000
DEBUG: Total gradient stack used is 410521 out of 10000000
DEBUG: Total dvariable address used is 2087 out of 150000
DEBUG: Total dvariable address used is 3928936 out of 50000000
DEBUG: Total gradient stack used is 410521 out of 10000000
DEBUG: Total dvariable address used is 2087 out of 150000
DEBUG: Total dvariable address used is 3928936 out of 50000000
DEBUG: Total gradient stack used is 410521 out of 10000000
DEBUG: Total dvariable address used is 2087 out of 150000
DEBUG: Total dvariable address used is 3928936 out of 50000000
DEBUG: Total gradient stack used is 410521 out of 10000000
DEBUG: Total dvariable address used is 2087 out of 150000
DEBUG: Total dvariable address used is 3928936 out of 50000000
DEBUG: Total gradient stack used is 410521 out of 10000000
DEBUG: Total dvariable address used is 2087 out of 150000
DEBUG: Total dvariable address used is 3928936 out of 50000000
DEBUG: Total gradient stack used is 410521 out of 10000000
DEBUG: Total dvariable address used is 2087 out of 150000
DEBUG: Total dvariable address used is 3928936 out of 50000000
DEBUG: Total gradient stack used is 410521 out of 10000000
DEBUG: Total dvariable address used is 2087 out of 150000
DEBUG: Total dvariable address used is 3928936 out of 50000000
DEBUG: Total gradient stack used is 410521 out of 10000000
DEBUG: Total dvariable address used is 2087 out of 150000
DEBUG: Total dvariable address used is 3928936 out of 50000000
DEBUG: Total gradient stack used is 410521 out of 10000000
DEBUG: Total dvariable address used is 2087 out of 150000
DEBUG: Total dvariable address used is 3928936 out of 50000000
DEBUG: Total gradient stack used is 410521 out of 10000000
DEBUG: Total dvariable address used is 2087 out of 150000
DEBUG: Total dvariable address used is 3928936 out of 50000000
DEBUG: Total gradient stack used is 410521 out of 10000000
DEBUG: Total dvariable address used is 2087 out of 150000
DEBUG: Total dvariable address used is 3928936 out of 50000000
DEBUG: Total gradient stack used is 410521 out of 10000000
DEBUG: Total dvariable address used is 2087 out of 150000
DEBUG: Total dvariable address used is 3928936 out of 50000000
DEBUG: Total gradient stack used is 410521 out of 10000000
DEBUG: Total dvariable address used is 2087 out of 150000
DEBUG: Total dvariable address used is 3928936 out of 50000000
DEBUG: Total gradient stack used is 410521 out of 10000000
DEBUG: Total dvariable address used is 2087 out of 150000
DEBUG: Total dvariable address used is 3928936 out of 50000000
DEBUG: Total gradient stack used is 410521 out of 10000000
DEBUG: Total dvariable address used is 2087 out of 150000
DEBUG: Total dvariable address used is 3928936 out of 50000000
DEBUG: Total gradient stack used is 410521 out of 10000000
DEBUG: Total dvariable address used is 2087 out of 150000
DEBUG: Total dvariable address used is 3928936 out of 50000000
DEBUG: Total gradient stack used is 410521 out of 10000000
DEBUG: Total dvariable address used is 2087 out of 150000
DEBUG: Total dvariable address used is 3928936 out of 50000000
DEBUG: Total gradient stack used is 410521 out of 10000000
DEBUG: Total dvariable address used is 2087 out of 150000
DEBUG: Total dvariable address used is 3928936 out of 50000000
DEBUG: Total gradient stack used is 410521 out of 10000000
DEBUG: Total dvariable address used is 2087 out of 150000
DEBUG: Total dvariable address used is 3928936 out of 50000000
DEBUG: Total gradient stack used is 410521 out of 10000000
DEBUG: Total dvariable address used is 2087 out of 150000
DEBUG: Total dvariable address used is 3928936 out of 50000000
DEBUG: Total gradient stack used is 410521 out of 10000000
DEBUG: Total dvariable address used is 2087 out of 150000
DEBUG: Total dvariable address used is 3928936 out of 50000000
DEBUG: Total gradient stack used is 410521 out of 10000000
DEBUG: Total dvariable address used is 2087 out of 150000
DEBUG: Total dvariable address used is 3928936 out of 50000000
DEBUG: Total gradient stack used is 410521 out of 10000000
DEBUG: Total dvariable address used is 2087 out of 150000
DEBUG: Total dvariable address used is 3928936 out of 50000000
DEBUG: Total gradient stack used is 410521 out of 10000000
DEBUG: Total dvariable address used is 2087 out of 150000
DEBUG: Total dvariable address used is 3928936 out of 50000000
DEBUG: Total gradient stack used is 410521 out of 10000000
DEBUG: Total dvariable address used is 2087 out of 150000
DEBUG: Total dvariable address used is 3928936 out of 50000000
DEBUG: Total gradient stack used is 410521 out of 10000000
DEBUG: Total dvariable address used is 2087 out of 150000
DEBUG: Total dvariable address used is 3928936 out of 50000000
DEBUG: Total gradient stack used is 410521 out of 10000000
DEBUG: Total dvariable address used is 2087 out of 150000
DEBUG: Total dvariable address used is 3928936 out of 50000000
DEBUG: Total gradient stack used is 410521 out of 10000000
DEBUG: Total dvariable address used is 2087 out of 150000
DEBUG: Total dvariable address used is 3928936 out of 50000000
DEBUG: Total gradient stack used is 410521 out of 10000000
DEBUG: Total dvariable address used is 2087 out of 150000
DEBUG: Total dvariable address used is 3928936 out of 50000000
DEBUG: Total gradient stack used is 410521 out of 10000000
DEBUG: Total dvariable address used is 2087 out of 150000
DEBUG: Total dvariable address used is 3928936 out of 50000000
DEBUG: Total gradient stack used is 410521 out of 10000000
DEBUG: Total dvariable address used is 2087 out of 150000
DEBUG: Total dvariable address used is 3928936 out of 50000000
DEBUG: Total gradient stack used is 410521 out of 10000000
DEBUG: Total dvariable address used is 2087 out of 150000
DEBUG: Total dvariable address used is 3928936 out of 50000000
DEBUG: Total gradient stack used is 410521 out of 10000000
DEBUG: Total dvariable address used is 2087 out of 150000
DEBUG: Total dvariable address used is 3928936 out of 50000000
DEBUG: Total gradient stack used is 410521 out of 10000000
DEBUG: Total dvariable address used is 2087 out of 150000
DEBUG: Total dvariable address used is 3928936 out of 50000000
DEBUG: Total gradient stack used is 410521 out of 10000000
DEBUG: Total dvariable address used is 2087 out of 150000
DEBUG: Total dvariable address used is 3928936 out of 50000000
DEBUG: Total gradient stack used is 410521 out of 10000000
DEBUG: Total dvariable address used is 2087 out of 150000
DEBUG: Total dvariable address used is 3928936 out of 50000000
DEBUG: Total gradient stack used is 410521 out of 10000000
DEBUG: Total dvariable address used is 2087 out of 150000
DEBUG: Total dvariable address used is 3928936 out of 50000000
DEBUG: Total gradient stack used is 410521 out of 10000000
DEBUG: Total dvariable address used is 2087 out of 150000
DEBUG: Total dvariable address used is 3928936 out of 50000000
DEBUG: Total gradient stack used is 410521 out of 10000000
DEBUG: Total dvariable address used is 2087 out of 150000
DEBUG: Total dvariable address used is 3928936 out of 50000000
DEBUG: Total gradient stack used is 410521 out of 10000000
DEBUG: Total dvariable address used is 2087 out of 150000
DEBUG: Total dvariable address used is 3928936 out of 50000000
DEBUG: Total gradient stack used is 410521 out of 10000000
DEBUG: Total dvariable address used is 2087 out of 150000
DEBUG: Total dvariable address used is 3928936 out of 50000000
DEBUG: Total gradient stack used is 410521 out of 10000000
DEBUG: Total dvariable address used is 2087 out of 150000
DEBUG: Total dvariable address used is 3928936 out of 50000000
DEBUG: Total gradient stack used is 410521 out of 10000000
DEBUG: Total dvariable address used is 2087 out of 150000
DEBUG: Total dvariable address used is 3928936 out of 50000000
DEBUG: Total gradient stack used is 410521 out of 10000000
DEBUG: Total dvariable address used is 2087 out of 150000
DEBUG: Total dvariable address used is 3928936 out of 50000000
DEBUG: Total gradient stack used is 410521 out of 10000000
DEBUG: Total dvariable address used is 2087 out of 150000
DEBUG: Total dvariable address used is 3928936 out of 50000000
DEBUG: Total gradient stack used is 410521 out of 10000000
DEBUG: Total dvariable address used is 2087 out of 150000
DEBUG: Total dvariable address used is 3928936 out of 50000000
DEBUG: Total gradient stack used is 410521 out of 10000000
DEBUG: Total dvariable address used is 2087 out of 150000
DEBUG: Total dvariable address used is 3928936 out of 50000000
DEBUG: Total gradient stack used is 410521 out of 10000000
DEBUG: Total dvariable address used is 2087 out of 150000
DEBUG: Total dvariable address used is 3928936 out of 50000000
DEBUG: Total gradient stack used is 410521 out of 10000000
DEBUG: Total dvariable address used is 2087 out of 150000
DEBUG: Total dvariable address used is 3928936 out of 50000000
DEBUG: Total gradient stack used is 410521 out of 10000000
DEBUG: Total dvariable address used is 2087 out of 150000
DEBUG: Total dvariable address used is 3928936 out of 50000000
DEBUG: Total gradient stack used is 410521 out of 10000000
DEBUG: Total dvariable address used is 2087 out of 150000
DEBUG: Total dvariable address used is 3928936 out of 50000000
DEBUG: Total gradient stack used is 410521 out of 10000000
DEBUG: Total dvariable address used is 2087 out of 150000
DEBUG: Total dvariable address used is 3928936 out of 50000000
DEBUG: Total gradient stack used is 410521 out of 10000000
DEBUG: Total dvariable address used is 2087 out of 150000
DEBUG: Total dvariable address used is 3928936 out of 50000000
DEBUG: Total gradient stack used is 410521 out of 10000000
DEBUG: Total dvariable address used is 2087 out of 150000
DEBUG: Total dvariable address used is 3928936 out of 50000000
DEBUG: Total gradient stack used is 410521 out of 10000000
DEBUG: Total dvariable address used is 2087 out of 150000
DEBUG: Total dvariable address used is 3928936 out of 50000000
DEBUG: Total gradient stack used is 410521 out of 10000000
DEBUG: Total dvariable address used is 2087 out of 150000
DEBUG: Total dvariable address used is 3928936 out of 50000000
DEBUG: Total gradient stack used is 410521 out of 10000000
DEBUG: Total dvariable address used is 2087 out of 150000
DEBUG: Total dvariable address used is 3928936 out of 50000000
DEBUG: Total gradient stack used is 410521 out of 10000000
DEBUG: Total dvariable address used is 2087 out of 150000
DEBUG: Total dvariable address used is 3928936 out of 50000000
DEBUG: Total gradient stack used is 410521 out of 10000000
DEBUG: Total dvariable address used is 2087 out of 150000
DEBUG: Total dvariable address used is 3928936 out of 50000000
DEBUG: Total gradient stack used is 410521 out of 10000000
DEBUG: Total dvariable address used is 2087 out of 150000
DEBUG: Total dvariable address used is 3928936 out of 50000000
DEBUG: Total gradient stack used is 410521 out of 10000000
DEBUG: Total dvariable address used is 2087 out of 150000
DEBUG: Total dvariable address used is 3928936 out of 50000000
DEBUG: Total gradient stack used is 410521 out of 10000000
DEBUG: Total dvariable address used is 2087 out of 150000
DEBUG: Total dvariable address used is 3928936 out of 50000000
DEBUG: Total gradient stack used is 410521 out of 10000000
DEBUG: Total dvariable address used is 2087 out of 150000
DEBUG: Total dvariable address used is 3928936 out of 50000000
DEBUG: Total gradient stack used is 410521 out of 10000000
DEBUG: Total dvariable address used is 2087 out of 150000
DEBUG: Total dvariable address used is 3928936 out of 50000000
DEBUG: Total gradient stack used is 410521 out of 10000000
DEBUG: Total dvariable address used is 2087 out of 150000
DEBUG: Total dvariable address used is 3928936 out of 50000000
DEBUG: Total gradient stack used is 410521 out of 10000000
DEBUG: Total dvariable address used is 2087 out of 150000
DEBUG: Total dvariable address used is 3928936 out of 50000000
DEBUG: Total gradient stack used is 410521 out of 10000000
DEBUG: Total dvariable address used is 2087 out of 150000
DEBUG: Total dvariable address used is 3928936 out of 50000000
DEBUG: Total gradient stack used is 410521 out of 10000000
DEBUG: Total dvariable address used is 2087 out of 150000
DEBUG: Total dvariable address used is 3928936 out of 50000000
DEBUG: Total gradient stack used is 410521 out of 10000000
DEBUG: Total dvariable address used is 2087 out of 150000
DEBUG: Total dvariable address used is 3928936 out of 50000000
DEBUG: Total gradient stack used is 410521 out of 10000000
DEBUG: Total dvariable address used is 2087 out of 150000
DEBUG: Total dvariable address used is 3928936 out of 50000000
DEBUG: Total gradient stack used is 410521 out of 10000000
DEBUG: Total dvariable address used is 2087 out of 150000
DEBUG: Total dvariable address used is 3928936 out of 50000000
DEBUG: Total gradient stack used is 410521 out of 10000000
DEBUG: Total dvariable address used is 2087 out of 150000
DEBUG: Total dvariable address used is 3928936 out of 50000000
DEBUG: Total gradient stack used is 410521 out of 10000000
DEBUG: Total dvariable address used is 2087 out of 150000
DEBUG: Total dvariable address used is 3928936 out of 50000000
DEBUG: Total gradient stack used is 410521 out of 10000000
DEBUG: Total dvariable address used is 2087 out of 150000
DEBUG: Total dvariable address used is 3928936 out of 50000000
DEBUG: Total gradient stack used is 410521 out of 10000000
DEBUG: Total dvariable address used is 2087 out of 150000
DEBUG: Total dvariable address used is 3928936 out of 50000000
DEBUG: Total gradient stack used is 410521 out of 10000000
DEBUG: Total dvariable address used is 2087 out of 150000
DEBUG: Total dvariable address used is 3928936 out of 50000000
DEBUG: Total gradient stack used is 410521 out of 10000000
DEBUG: Total dvariable address used is 2087 out of 150000
DEBUG: Total dvariable address used is 3928936 out of 50000000
DEBUG: Total gradient stack used is 410521 out of 10000000
DEBUG: Total dvariable address used is 2087 out of 150000
DEBUG: Total dvariable address used is 3928936 out of 50000000
DEBUG: Total gradient stack used is 410521 out of 10000000
DEBUG: Total dvariable address used is 2087 out of 150000
DEBUG: Total dvariable address used is 3928936 out of 50000000
DEBUG: Total gradient stack used is 410521 out of 10000000
DEBUG: Total dvariable address used is 2087 out of 150000
DEBUG: Total dvariable address used is 3928936 out of 50000000
DEBUG: Total gradient stack used is 410521 out of 10000000
DEBUG: Total dvariable address used is 2087 out of 150000
DEBUG: Total dvariable address used is 3928936 out of 50000000
DEBUG: Total gradient stack used is 410521 out of 10000000
DEBUG: Total dvariable address used is 2087 out of 150000
DEBUG: Total dvariable address used is 3928936 out of 50000000
DEBUG: Total gradient stack used is 410521 out of 10000000
DEBUG: Total dvariable address used is 2087 out of 150000
DEBUG: Total dvariable address used is 3928936 out of 50000000
DEBUG: Total gradient stack used is 410521 out of 10000000
DEBUG: Total dvariable address used is 2087 out of 150000
DEBUG: Total dvariable address used is 3928936 out of 50000000
DEBUG: Total gradient stack used is 410521 out of 10000000
DEBUG: Total dvariable address used is 2087 out of 150000
DEBUG: Total dvariable address used is 3928936 out of 50000000
DEBUG: Total gradient stack used is 410521 out of 10000000
DEBUG: Total dvariable address used is 2087 out of 150000
DEBUG: Total dvariable address used is 3928936 out of 50000000
DEBUG: Total gradient stack used is 410521 out of 10000000
DEBUG: Total dvariable address used is 2087 out of 150000
DEBUG: Total dvariable address used is 3928936 out of 50000000
DEBUG: Total gradient stack used is 410521 out of 10000000
DEBUG: Total dvariable address used is 2087 out of 150000
DEBUG: Total dvariable address used is 3928936 out of 50000000
DEBUG: Total gradient stack used is 410521 out of 10000000
DEBUG: Total dvariable address used is 2087 out of 150000
DEBUG: Total dvariable address used is 3928936 out of 50000000
DEBUG: Total gradient stack used is 410521 out of 10000000
DEBUG: Total dvariable address used is 2087 out of 150000
DEBUG: Total dvariable address used is 3928936 out of 50000000
DEBUG: Total gradient stack used is 410521 out of 10000000
DEBUG: Total dvariable address used is 2087 out of 150000
DEBUG: Total dvariable address used is 3928936 out of 50000000
DEBUG: Total gradient stack used is 410521 out of 10000000
DEBUG: Total dvariable address used is 2087 out of 150000
DEBUG: Total dvariable address used is 3928936 out of 50000000
DEBUG: Total gradient stack used is 410521 out of 10000000
DEBUG: Total dvariable address used is 2087 out of 150000
DEBUG: Total dvariable address used is 3928936 out of 50000000
DEBUG: Total gradient stack used is 410521 out of 10000000
DEBUG: Total dvariable address used is 2087 out of 150000
DEBUG: Total dvariable address used is 3928936 out of 50000000
DEBUG: Total gradient stack used is 410521 out of 10000000
DEBUG: Total dvariable address used is 2087 out of 150000
DEBUG: Total dvariable address used is 3928936 out of 50000000
DEBUG: Total gradient stack used is 410521 out of 10000000
DEBUG: Total dvariable address used is 2087 out of 150000
DEBUG: Total dvariable address used is 3928936 out of 50000000
DEBUG: Total gradient stack used is 410521 out of 10000000
DEBUG: Total dvariable address used is 2087 out of 150000
DEBUG: Total dvariable address used is 3928936 out of 50000000
DEBUG: Total gradient stack used is 410521 out of 10000000
DEBUG: Total dvariable address used is 2087 out of 150000
DEBUG: Total dvariable address used is 3928936 out of 50000000
DEBUG: Total gradient stack used is 410521 out of 10000000
DEBUG: Total dvariable address used is 2087 out of 150000
DEBUG: Total dvariable address used is 3928936 out of 50000000
DEBUG: Total gradient stack used is 410521 out of 10000000
DEBUG: Total dvariable address used is 2087 out of 150000
DEBUG: Total dvariable address used is 3928936 out of 50000000
DEBUG: Total gradient stack used is 410521 out of 10000000
DEBUG: Total dvariable address used is 2087 out of 150000
DEBUG: Total dvariable address used is 3928936 out of 50000000
DEBUG: Total gradient stack used is 410521 out of 10000000
DEBUG: Total dvariable address used is 2087 out of 150000
DEBUG: Total dvariable address used is 3928936 out of 50000000
DEBUG: Total gradient stack used is 410521 out of 10000000
DEBUG: Total dvariable address used is 2087 out of 150000
DEBUG: Total dvariable address used is 3928936 out of 50000000
DEBUG: Total gradient stack used is 410521 out of 10000000
DEBUG: Total dvariable address used is 2087 out of 150000
DEBUG: Total dvariable address used is 3928936 out of 50000000
DEBUG: Total gradient stack used is 410521 out of 10000000
DEBUG: Total dvariable address used is 2087 out of 150000
DEBUG: Total dvariable address used is 3928936 out of 50000000
DEBUG: Total gradient stack used is 410521 out of 10000000
DEBUG: Total dvariable address used is 2087 out of 150000
DEBUG: Total dvariable address used is 3928936 out of 50000000
DEBUG: Total gradient stack used is 410521 out of 10000000
DEBUG: Total dvariable address used is 2087 out of 150000
DEBUG: Total dvariable address used is 3928936 out of 50000000
DEBUG: Total gradient stack used is 410521 out of 10000000
DEBUG: Total dvariable address used is 2087 out of 150000
DEBUG: Total dvariable address used is 3928936 out of 50000000
DEBUG: Total gradient stack used is 410521 out of 10000000
DEBUG: Total dvariable address used is 2087 out of 150000
DEBUG: Total dvariable address used is 3928936 out of 50000000
DEBUG: Total gradient stack used is 410521 out of 10000000
DEBUG: Total dvariable address used is 2087 out of 150000
DEBUG: Total dvariable address used is 3928936 out of 50000000
DEBUG: Total gradient stack used is 410521 out of 10000000
DEBUG: Total dvariable address used is 2087 out of 150000
DEBUG: Total dvariable address used is 3928936 out of 50000000
DEBUG: Total gradient stack used is 410521 out of 10000000
DEBUG: Total dvariable address used is 2087 out of 150000
DEBUG: Total dvariable address used is 3928936 out of 50000000
DEBUG: Total gradient stack used is 410521 out of 10000000
DEBUG: Total dvariable address used is 2087 out of 150000
DEBUG: Total dvariable address used is 3928936 out of 50000000
DEBUG: Total gradient stack used is 410521 out of 10000000
DEBUG: Total dvariable address used is 2087 out of 150000
DEBUG: Total dvariable address used is 3928936 out of 50000000
DEBUG: Total gradient stack used is 410521 out of 10000000
DEBUG: Total dvariable address used is 2087 out of 150000
DEBUG: Total dvariable address used is 3928936 out of 50000000
DEBUG: Total gradient stack used is 410521 out of 10000000
DEBUG: Total dvariable address used is 2087 out of 150000
DEBUG: Total dvariable address used is 3928936 out of 50000000
DEBUG: Total gradient stack used is 410521 out of 10000000
DEBUG: Total dvariable address used is 2087 out of 150000
DEBUG: Total dvariable address used is 3928936 out of 50000000
DEBUG: Total gradient stack used is 410521 out of 10000000
DEBUG: Total dvariable address used is 2087 out of 150000
DEBUG: Total dvariable address used is 3928936 out of 50000000
DEBUG: Total gradient stack used is 410521 out of 10000000
DEBUG: Total dvariable address used is 2087 out of 150000
DEBUG: Total dvariable address used is 3928936 out of 50000000
DEBUG: Total gradient stack used is 410521 out of 10000000
DEBUG: Total dvariable address used is 2087 out of 150000
DEBUG: Total dvariable address used is 3928936 out of 50000000
DEBUG: Total gradient stack used is 410521 out of 10000000
DEBUG: Total dvariable address used is 2087 out of 150000
DEBUG: Total dvariable address used is 3928936 out of 50000000
DEBUG: Total gradient stack used is 410521 out of 10000000
DEBUG: Total dvariable address used is 2087 out of 150000
DEBUG: Total dvariable address used is 3928936 out of 50000000
DEBUG: Total gradient stack used is 410521 out of 10000000
DEBUG: Total dvariable address used is 2087 out of 150000
DEBUG: Total dvariable address used is 3928936 out of 50000000
DEBUG: Total gradient stack used is 410521 out of 10000000
DEBUG: Total dvariable address used is 2087 out of 150000
DEBUG: Total dvariable address used is 3928936 out of 50000000
DEBUG: Total gradient stack used is 410521 out of 10000000
DEBUG: Total dvariable address used is 2087 out of 150000
DEBUG: Total dvariable address used is 3928936 out of 50000000
DEBUG: Total gradient stack used is 410521 out of 10000000
DEBUG: Total dvariable address used is 2087 out of 150000
DEBUG: Total dvariable address used is 3928936 out of 50000000
DEBUG: Total gradient stack used is 410521 out of 10000000
DEBUG: Total dvariable address used is 2087 out of 150000
DEBUG: Total dvariable address used is 3928936 out of 50000000
DEBUG: Total gradient stack used is 410521 out of 10000000
DEBUG: Total dvariable address used is 2087 out of 150000
DEBUG: Total dvariable address used is 3928936 out of 50000000
DEBUG: Total gradient stack used is 410521 out of 10000000
DEBUG: Total dvariable address used is 2087 out of 150000
DEBUG: Total dvariable address used is 3928936 out of 50000000
DEBUG: Total gradient stack used is 410521 out of 10000000
DEBUG: Total dvariable address used is 2087 out of 150000
DEBUG: Total dvariable address used is 3928936 out of 50000000
DEBUG: Total gradient stack used is 410521 out of 10000000
DEBUG: Total dvariable address used is 2087 out of 150000
DEBUG: Total dvariable address used is 3928936 out of 50000000
DEBUG: Total gradient stack used is 410521 out of 10000000
DEBUG: Total dvariable address used is 2087 out of 150000
DEBUG: Total dvariable address used is 3928936 out of 50000000
DEBUG: Total gradient stack used is 410521 out of 10000000
DEBUG: Total dvariable address used is 2087 out of 150000
DEBUG: Total dvariable address used is 3928936 out of 50000000
DEBUG: Total gradient stack used is 410521 out of 10000000
DEBUG: Total dvariable address used is 2087 out of 150000
DEBUG: Total dvariable address used is 3928936 out of 50000000
DEBUG: Total gradient stack used is 410521 out of 10000000
DEBUG: Total dvariable address used is 2087 out of 150000
DEBUG: Total dvariable address used is 3928936 out of 50000000
DEBUG: Total gradient stack used is 410521 out of 10000000
DEBUG: Total dvariable address used is 2087 out of 150000
DEBUG: Total dvariable address used is 3928936 out of 50000000
DEBUG: Total gradient stack used is 410521 out of 10000000
DEBUG: Total dvariable address used is 2087 out of 150000
DEBUG: Total dvariable address used is 3928936 out of 50000000
DEBUG: Total gradient stack used is 410521 out of 10000000
DEBUG: Total dvariable address used is 2087 out of 150000
DEBUG: Total dvariable address used is 3928936 out of 50000000
DEBUG: Total gradient stack used is 410521 out of 10000000
DEBUG: Total dvariable address used is 2087 out of 150000
DEBUG: Total dvariable address used is 3928936 out of 50000000
DEBUG: Total gradient stack used is 410521 out of 10000000
DEBUG: Total dvariable address used is 2087 out of 150000
DEBUG: Total dvariable address used is 3928936 out of 50000000
DEBUG: Total gradient stack used is 410521 out of 10000000
DEBUG: Total dvariable address used is 2087 out of 150000
DEBUG: Total dvariable address used is 3928936 out of 50000000
DEBUG: Total gradient stack used is 410521 out of 10000000
DEBUG: Total dvariable address used is 2087 out of 150000
DEBUG: Total dvariable address used is 3928936 out of 50000000
DEBUG: Total gradient stack used is 410521 out of 10000000
DEBUG: Total dvariable address used is 2087 out of 150000
DEBUG: Total dvariable address used is 3928936 out of 50000000
DEBUG: Total gradient stack used is 410521 out of 10000000
DEBUG: Total dvariable address used is 2087 out of 150000
DEBUG: Total dvariable address used is 3928936 out of 50000000
DEBUG: Total gradient stack used is 410521 out of 10000000
DEBUG: Total dvariable address used is 2087 out of 150000
DEBUG: Total dvariable address used is 3928936 out of 50000000
DEBUG: Total gradient stack used is 410521 out of 10000000
DEBUG: Total dvariable address used is 2087 out of 150000
DEBUG: Total dvariable address used is 3928936 out of 50000000
DEBUG: Total gradient stack used is 410521 out of 10000000
DEBUG: Total dvariable address used is 2087 out of 150000
DEBUG: Total dvariable address used is 3928936 out of 50000000
DEBUG: Total gradient stack used is 410521 out of 10000000
DEBUG: Total dvariable address used is 2087 out of 150000
DEBUG: Total dvariable address used is 3928936 out of 50000000
DEBUG: Total gradient stack used is 410521 out of 10000000
DEBUG: Total dvariable address used is 2087 out of 150000
DEBUG: Total dvariable address used is 3928936 out of 50000000
DEBUG: Total gradient stack used is 410521 out of 10000000
DEBUG: Total dvariable address used is 2087 out of 150000
DEBUG: Total dvariable address used is 3928936 out of 50000000
DEBUG: Total gradient stack used is 410521 out of 10000000
DEBUG: Total dvariable address used is 2087 out of 150000
DEBUG: Total dvariable address used is 3928936 out of 50000000
DEBUG: Total gradient stack used is 410521 out of 10000000
DEBUG: Total dvariable address used is 2087 out of 150000
DEBUG: Total dvariable address used is 3928936 out of 50000000
DEBUG: Total gradient stack used is 410521 out of 10000000
DEBUG: Total dvariable address used is 2087 out of 150000
DEBUG: Total dvariable address used is 3928936 out of 50000000
DEBUG: Total gradient stack used is 410521 out of 10000000
DEBUG: Total dvariable address used is 2087 out of 150000
DEBUG: Total dvariable address used is 3928936 out of 50000000
DEBUG: Total gradient stack used is 410521 out of 10000000
DEBUG: Total dvariable address used is 2087 out of 150000
DEBUG: Total dvariable address used is 3928936 out of 50000000
DEBUG: Total gradient stack used is 410521 out of 10000000
DEBUG: Total dvariable address used is 2087 out of 150000
DEBUG: Total dvariable address used is 3928936 out of 50000000
DEBUG: Total gradient stack used is 410521 out of 10000000
DEBUG: Total dvariable address used is 2087 out of 150000
DEBUG: Total dvariable address used is 3928936 out of 50000000
DEBUG: Total gradient stack used is 410521 out of 10000000
DEBUG: Total dvariable address used is 2087 out of 150000
DEBUG: Total dvariable address used is 3928936 out of 50000000
DEBUG: Total gradient stack used is 410521 out of 10000000
DEBUG: Total dvariable address used is 2087 out of 150000
DEBUG: Total dvariable address used is 3928936 out of 50000000
DEBUG: Total gradient stack used is 410521 out of 10000000
DEBUG: Total dvariable address used is 2087 out of 150000
DEBUG: Total dvariable address used is 3928936 out of 50000000
DEBUG: Total gradient stack used is 410521 out of 10000000
DEBUG: Total dvariable address used is 2087 out of 150000
DEBUG: Total dvariable address used is 3928936 out of 50000000
DEBUG: Total gradient stack used is 410521 out of 10000000
DEBUG: Total dvariable address used is 2087 out of 150000
DEBUG: Total dvariable address used is 3928936 out of 50000000
DEBUG: Total gradient stack used is 410521 out of 10000000
DEBUG: Total dvariable address used is 2087 out of 150000
DEBUG: Total dvariable address used is 3928936 out of 50000000
DEBUG: Total gradient stack used is 410521 out of 10000000
DEBUG: Total dvariable address used is 2087 out of 150000
DEBUG: Total dvariable address used is 3928936 out of 50000000
DEBUG: Total gradient stack used is 410521 out of 10000000
DEBUG: Total dvariable address used is 2087 out of 150000
DEBUG: Total dvariable address used is 3928936 out of 50000000
DEBUG: Total gradient stack used is 410521 out of 10000000
DEBUG: Total dvariable address used is 2087 out of 150000
DEBUG: Total dvariable address used is 3928936 out of 50000000
DEBUG: Total gradient stack used is 410521 out of 10000000
DEBUG: Total dvariable address used is 2087 out of 150000
DEBUG: Total dvariable address used is 3928936 out of 50000000
DEBUG: Total gradient stack used is 410521 out of 10000000
DEBUG: Total dvariable address used is 2087 out of 150000
DEBUG: Total dvariable address used is 3928936 out of 50000000
DEBUG: Total gradient stack used is 410521 out of 10000000
DEBUG: Total dvariable address used is 2087 out of 150000
DEBUG: Total dvariable address used is 3928936 out of 50000000
DEBUG: Total gradient stack used is 410521 out of 10000000
DEBUG: Total dvariable address used is 2087 out of 150000
DEBUG: Total dvariable address used is 3928936 out of 50000000
DEBUG: Total gradient stack used is 410521 out of 10000000
DEBUG: Total dvariable address used is 2087 out of 150000
DEBUG: Total dvariable address used is 3928936 out of 50000000
DEBUG: Total gradient stack used is 410521 out of 10000000
DEBUG: Total dvariable address used is 2087 out of 150000
DEBUG: Total dvariable address used is 3928936 out of 50000000
DEBUG: Total gradient stack used is 410521 out of 10000000
DEBUG: Total dvariable address used is 2087 out of 150000
DEBUG: Total dvariable address used is 3928936 out of 50000000
DEBUG: Total gradient stack used is 410521 out of 10000000
DEBUG: Total dvariable address used is 2087 out of 150000
DEBUG: Total dvariable address used is 3928936 out of 50000000
DEBUG: Total gradient stack used is 410521 out of 10000000
DEBUG: Total dvariable address used is 2087 out of 150000
DEBUG: Total dvariable address used is 3928936 out of 50000000
DEBUG: Total gradient stack used is 410521 out of 10000000
DEBUG: Total dvariable address used is 2087 out of 150000
DEBUG: Total dvariable address used is 3928936 out of 50000000
DEBUG: Total gradient stack used is 410521 out of 10000000
DEBUG: Total dvariable address used is 2087 out of 150000
DEBUG: Total dvariable address used is 3928936 out of 50000000
DEBUG: Total gradient stack used is 410521 out of 10000000
DEBUG: Total dvariable address used is 2087 out of 150000
DEBUG: Total dvariable address used is 3928936 out of 50000000
DEBUG: Total gradient stack used is 410521 out of 10000000
DEBUG: Total dvariable address used is 2087 out of 150000
DEBUG: Total dvariable address used is 3928936 out of 50000000
DEBUG: Total gradient stack used is 410521 out of 10000000
DEBUG: Total dvariable address used is 2087 out of 150000
DEBUG: Total dvariable address used is 3928936 out of 50000000
DEBUG: Total gradient stack used is 410521 out of 10000000
DEBUG: Total dvariable address used is 2087 out of 150000
DEBUG: Total dvariable address used is 3928936 out of 50000000
DEBUG: Total gradient stack used is 410521 out of 10000000
DEBUG: Total dvariable address used is 2087 out of 150000
DEBUG: Total dvariable address used is 3928936 out of 50000000
DEBUG: Total gradient stack used is 410521 out of 10000000
DEBUG: Total dvariable address used is 2087 out of 150000
DEBUG: Total dvariable address used is 3928936 out of 50000000
DEBUG: Total gradient stack used is 410521 out of 10000000
DEBUG: Total dvariable address used is 2087 out of 150000
DEBUG: Total dvariable address used is 3928936 out of 50000000
DEBUG: Total gradient stack used is 410521 out of 10000000
DEBUG: Total dvariable address used is 2087 out of 150000
DEBUG: Total dvariable address used is 3928936 out of 50000000
DEBUG: Total gradient stack used is 410521 out of 10000000
DEBUG: Total dvariable address used is 2087 out of 150000
DEBUG: Total dvariable address used is 3928936 out of 50000000
DEBUG: Total gradient stack used is 410521 out of 10000000
DEBUG: Total dvariable address used is 2087 out of 150000
DEBUG: Total dvariable address used is 3928936 out of 50000000
DEBUG: Total gradient stack used is 410521 out of 10000000
DEBUG: Total dvariable address used is 2087 out of 150000
DEBUG: Total dvariable address used is 3928936 out of 50000000
DEBUG: Total gradient stack used is 410521 out of 10000000
DEBUG: Total dvariable address used is 2087 out of 150000
DEBUG: Total dvariable address used is 3928936 out of 50000000
DEBUG: Total gradient stack used is 410521 out of 10000000
DEBUG: Total dvariable address used is 2087 out of 150000
DEBUG: Total dvariable address used is 3928936 out of 50000000
DEBUG: Total gradient stack used is 410521 out of 10000000
DEBUG: Total dvariable address used is 2087 out of 150000
DEBUG: Total dvariable address used is 3928936 out of 50000000
DEBUG: Total gradient stack used is 410521 out of 10000000
DEBUG: Total dvariable address used is 2087 out of 150000
DEBUG: Total dvariable address used is 3928936 out of 50000000
DEBUG: Total gradient stack used is 410521 out of 10000000
DEBUG: Total dvariable address used is 2087 out of 150000
DEBUG: Total dvariable address used is 3928936 out of 50000000
DEBUG: Total gradient stack used is 410521 out of 10000000
DEBUG: Total dvariable address used is 2087 out of 150000
DEBUG: Total dvariable address used is 3928936 out of 50000000
DEBUG: Total gradient stack used is 410521 out of 10000000
DEBUG: Total dvariable address used is 2087 out of 150000
DEBUG: Total dvariable address used is 3928936 out of 50000000
DEBUG: Total gradient stack used is 410521 out of 10000000
DEBUG: Total dvariable address used is 2087 out of 150000
DEBUG: Total dvariable address used is 3928936 out of 50000000
DEBUG: Total gradient stack used is 410521 out of 10000000
DEBUG: Total dvariable address used is 2087 out of 150000
DEBUG: Total dvariable address used is 3928936 out of 50000000
DEBUG: Total gradient stack used is 410521 out of 10000000
DEBUG: Total dvariable address used is 2087 out of 150000
DEBUG: Total dvariable address used is 3928936 out of 50000000
, 60%DEBUG: Total gradient stack used is 410521 out of 10000000
DEBUG: Total dvariable address used is 2087 out of 150000
DEBUG: Total dvariable address used is 3928936 out of 50000000
DEBUG: Total gradient stack used is 410521 out of 10000000
DEBUG: Total dvariable address used is 2087 out of 150000
DEBUG: Total dvariable address used is 3928936 out of 50000000
DEBUG: Total gradient stack used is 410521 out of 10000000
DEBUG: Total dvariable address used is 2087 out of 150000
DEBUG: Total dvariable address used is 3928936 out of 50000000
DEBUG: Total gradient stack used is 410521 out of 10000000
DEBUG: Total dvariable address used is 2087 out of 150000
DEBUG: Total dvariable address used is 3928936 out of 50000000
DEBUG: Total gradient stack used is 410521 out of 10000000
DEBUG: Total dvariable address used is 2087 out of 150000
DEBUG: Total dvariable address used is 3928936 out of 50000000
DEBUG: Total gradient stack used is 410521 out of 10000000
DEBUG: Total dvariable address used is 2087 out of 150000
DEBUG: Total dvariable address used is 3928936 out of 50000000
DEBUG: Total gradient stack used is 410521 out of 10000000
DEBUG: Total dvariable address used is 2087 out of 150000
DEBUG: Total dvariable address used is 3928936 out of 50000000
DEBUG: Total gradient stack used is 410521 out of 10000000
DEBUG: Total dvariable address used is 2087 out of 150000
DEBUG: Total dvariable address used is 3928936 out of 50000000
DEBUG: Total gradient stack used is 410521 out of 10000000
DEBUG: Total dvariable address used is 2087 out of 150000
DEBUG: Total dvariable address used is 3928936 out of 50000000
DEBUG: Total gradient stack used is 410521 out of 10000000
DEBUG: Total dvariable address used is 2087 out of 150000
DEBUG: Total dvariable address used is 3928936 out of 50000000
DEBUG: Total gradient stack used is 410521 out of 10000000
DEBUG: Total dvariable address used is 2087 out of 150000
DEBUG: Total dvariable address used is 3928936 out of 50000000
DEBUG: Total gradient stack used is 410521 out of 10000000
DEBUG: Total dvariable address used is 2087 out of 150000
DEBUG: Total dvariable address used is 3928936 out of 50000000
DEBUG: Total gradient stack used is 410521 out of 10000000
DEBUG: Total dvariable address used is 2087 out of 150000
DEBUG: Total dvariable address used is 3928936 out of 50000000
DEBUG: Total gradient stack used is 410521 out of 10000000
DEBUG: Total dvariable address used is 2087 out of 150000
DEBUG: Total dvariable address used is 3928936 out of 50000000
DEBUG: Total gradient stack used is 410521 out of 10000000
DEBUG: Total dvariable address used is 2087 out of 150000
DEBUG: Total dvariable address used is 3928936 out of 50000000
DEBUG: Total gradient stack used is 410521 out of 10000000
DEBUG: Total dvariable address used is 2087 out of 150000
DEBUG: Total dvariable address used is 3928936 out of 50000000
DEBUG: Total gradient stack used is 410521 out of 10000000
DEBUG: Total dvariable address used is 2087 out of 150000
DEBUG: Total dvariable address used is 3928936 out of 50000000
DEBUG: Total gradient stack used is 410521 out of 10000000
DEBUG: Total dvariable address used is 2087 out of 150000
DEBUG: Total dvariable address used is 3928936 out of 50000000
DEBUG: Total gradient stack used is 410521 out of 10000000
DEBUG: Total dvariable address used is 2087 out of 150000
DEBUG: Total dvariable address used is 3928936 out of 50000000
DEBUG: Total gradient stack used is 410521 out of 10000000
DEBUG: Total dvariable address used is 2087 out of 150000
DEBUG: Total dvariable address used is 3928936 out of 50000000
DEBUG: Total gradient stack used is 410521 out of 10000000
DEBUG: Total dvariable address used is 2087 out of 150000
DEBUG: Total dvariable address used is 3928936 out of 50000000
DEBUG: Total gradient stack used is 410521 out of 10000000
DEBUG: Total dvariable address used is 2087 out of 150000
DEBUG: Total dvariable address used is 3928936 out of 50000000
DEBUG: Total gradient stack used is 410521 out of 10000000
DEBUG: Total dvariable address used is 2087 out of 150000
DEBUG: Total dvariable address used is 3928936 out of 50000000
DEBUG: Total gradient stack used is 410521 out of 10000000
DEBUG: Total dvariable address used is 2087 out of 150000
DEBUG: Total dvariable address used is 3928936 out of 50000000
DEBUG: Total gradient stack used is 410521 out of 10000000
DEBUG: Total dvariable address used is 2087 out of 150000
DEBUG: Total dvariable address used is 3928936 out of 50000000
DEBUG: Total gradient stack used is 410521 out of 10000000
DEBUG: Total dvariable address used is 2087 out of 150000
DEBUG: Total dvariable address used is 3928936 out of 50000000
DEBUG: Total gradient stack used is 410521 out of 10000000
DEBUG: Total dvariable address used is 2087 out of 150000
DEBUG: Total dvariable address used is 3928936 out of 50000000
DEBUG: Total gradient stack used is 410521 out of 10000000
DEBUG: Total dvariable address used is 2087 out of 150000
DEBUG: Total dvariable address used is 3928936 out of 50000000
DEBUG: Total gradient stack used is 410521 out of 10000000
DEBUG: Total dvariable address used is 2087 out of 150000
DEBUG: Total dvariable address used is 3928936 out of 50000000
DEBUG: Total gradient stack used is 410521 out of 10000000
DEBUG: Total dvariable address used is 2087 out of 150000
DEBUG: Total dvariable address used is 3928936 out of 50000000
DEBUG: Total gradient stack used is 410521 out of 10000000
DEBUG: Total dvariable address used is 2087 out of 150000
DEBUG: Total dvariable address used is 3928936 out of 50000000
DEBUG: Total gradient stack used is 410521 out of 10000000
DEBUG: Total dvariable address used is 2087 out of 150000
DEBUG: Total dvariable address used is 3928936 out of 50000000
DEBUG: Total gradient stack used is 410521 out of 10000000
DEBUG: Total dvariable address used is 2087 out of 150000
DEBUG: Total dvariable address used is 3928936 out of 50000000
DEBUG: Total gradient stack used is 410521 out of 10000000
DEBUG: Total dvariable address used is 2087 out of 150000
DEBUG: Total dvariable address used is 3928936 out of 50000000
DEBUG: Total gradient stack used is 410521 out of 10000000
DEBUG: Total dvariable address used is 2087 out of 150000
DEBUG: Total dvariable address used is 3928936 out of 50000000
DEBUG: Total gradient stack used is 410521 out of 10000000
DEBUG: Total dvariable address used is 2087 out of 150000
DEBUG: Total dvariable address used is 3928936 out of 50000000
DEBUG: Total gradient stack used is 410521 out of 10000000
DEBUG: Total dvariable address used is 2087 out of 150000
DEBUG: Total dvariable address used is 3928936 out of 50000000
DEBUG: Total gradient stack used is 410521 out of 10000000
DEBUG: Total dvariable address used is 2087 out of 150000
DEBUG: Total dvariable address used is 3928936 out of 50000000
DEBUG: Total gradient stack used is 410521 out of 10000000
DEBUG: Total dvariable address used is 2087 out of 150000
DEBUG: Total dvariable address used is 3928936 out of 50000000
DEBUG: Total gradient stack used is 410521 out of 10000000
DEBUG: Total dvariable address used is 2087 out of 150000
DEBUG: Total dvariable address used is 3928936 out of 50000000
DEBUG: Total gradient stack used is 410521 out of 10000000
DEBUG: Total dvariable address used is 2087 out of 150000
DEBUG: Total dvariable address used is 3928936 out of 50000000
DEBUG: Total gradient stack used is 410521 out of 10000000
DEBUG: Total dvariable address used is 2087 out of 150000
DEBUG: Total dvariable address used is 3928936 out of 50000000
DEBUG: Total gradient stack used is 410521 out of 10000000
DEBUG: Total dvariable address used is 2087 out of 150000
DEBUG: Total dvariable address used is 3928936 out of 50000000
DEBUG: Total gradient stack used is 410521 out of 10000000
DEBUG: Total dvariable address used is 2087 out of 150000
DEBUG: Total dvariable address used is 3928936 out of 50000000
DEBUG: Total gradient stack used is 410521 out of 10000000
DEBUG: Total dvariable address used is 2087 out of 150000
DEBUG: Total dvariable address used is 3928936 out of 50000000
DEBUG: Total gradient stack used is 410521 out of 10000000
DEBUG: Total dvariable address used is 2087 out of 150000
DEBUG: Total dvariable address used is 3928936 out of 50000000
DEBUG: Total gradient stack used is 410521 out of 10000000
DEBUG: Total dvariable address used is 2087 out of 150000
DEBUG: Total dvariable address used is 3928936 out of 50000000
DEBUG: Total gradient stack used is 410521 out of 10000000
DEBUG: Total dvariable address used is 2087 out of 150000
DEBUG: Total dvariable address used is 3928936 out of 50000000
DEBUG: Total gradient stack used is 410521 out of 10000000
DEBUG: Total dvariable address used is 2087 out of 150000
DEBUG: Total dvariable address used is 3928936 out of 50000000
DEBUG: Total gradient stack used is 410521 out of 10000000
DEBUG: Total dvariable address used is 2087 out of 150000
DEBUG: Total dvariable address used is 3928936 out of 50000000
DEBUG: Total gradient stack used is 410521 out of 10000000
DEBUG: Total dvariable address used is 2087 out of 150000
DEBUG: Total dvariable address used is 3928936 out of 50000000
DEBUG: Total gradient stack used is 410521 out of 10000000
DEBUG: Total dvariable address used is 2087 out of 150000
DEBUG: Total dvariable address used is 3928936 out of 50000000
DEBUG: Total gradient stack used is 410521 out of 10000000
DEBUG: Total dvariable address used is 2087 out of 150000
DEBUG: Total dvariable address used is 3928936 out of 50000000
DEBUG: Total gradient stack used is 410521 out of 10000000
DEBUG: Total dvariable address used is 2087 out of 150000
DEBUG: Total dvariable address used is 3928936 out of 50000000
DEBUG: Total gradient stack used is 410521 out of 10000000
DEBUG: Total dvariable address used is 2087 out of 150000
DEBUG: Total dvariable address used is 3928936 out of 50000000
DEBUG: Total gradient stack used is 410521 out of 10000000
DEBUG: Total dvariable address used is 2087 out of 150000
DEBUG: Total dvariable address used is 3928936 out of 50000000
DEBUG: Total gradient stack used is 410521 out of 10000000
DEBUG: Total dvariable address used is 2087 out of 150000
DEBUG: Total dvariable address used is 3928936 out of 50000000
DEBUG: Total gradient stack used is 410521 out of 10000000
DEBUG: Total dvariable address used is 2087 out of 150000
DEBUG: Total dvariable address used is 3928936 out of 50000000
DEBUG: Total gradient stack used is 410521 out of 10000000
DEBUG: Total dvariable address used is 2087 out of 150000
DEBUG: Total dvariable address used is 3928936 out of 50000000
DEBUG: Total gradient stack used is 410521 out of 10000000
DEBUG: Total dvariable address used is 2087 out of 150000
DEBUG: Total dvariable address used is 3928936 out of 50000000
DEBUG: Total gradient stack used is 410521 out of 10000000
DEBUG: Total dvariable address used is 2087 out of 150000
DEBUG: Total dvariable address used is 3928936 out of 50000000
DEBUG: Total gradient stack used is 410521 out of 10000000
DEBUG: Total dvariable address used is 2087 out of 150000
DEBUG: Total dvariable address used is 3928936 out of 50000000
DEBUG: Total gradient stack used is 410521 out of 10000000
DEBUG: Total dvariable address used is 2087 out of 150000
DEBUG: Total dvariable address used is 3928936 out of 50000000
DEBUG: Total gradient stack used is 410521 out of 10000000
DEBUG: Total dvariable address used is 2087 out of 150000
DEBUG: Total dvariable address used is 3928936 out of 50000000
DEBUG: Total gradient stack used is 410521 out of 10000000
DEBUG: Total dvariable address used is 2087 out of 150000
DEBUG: Total dvariable address used is 3928936 out of 50000000
DEBUG: Total gradient stack used is 410521 out of 10000000
DEBUG: Total dvariable address used is 2087 out of 150000
DEBUG: Total dvariable address used is 3928936 out of 50000000
DEBUG: Total gradient stack used is 410521 out of 10000000
DEBUG: Total dvariable address used is 2087 out of 150000
DEBUG: Total dvariable address used is 3928936 out of 50000000
DEBUG: Total gradient stack used is 410521 out of 10000000
DEBUG: Total dvariable address used is 2087 out of 150000
DEBUG: Total dvariable address used is 3928936 out of 50000000
DEBUG: Total gradient stack used is 410521 out of 10000000
DEBUG: Total dvariable address used is 2087 out of 150000
DEBUG: Total dvariable address used is 3928936 out of 50000000
DEBUG: Total gradient stack used is 410521 out of 10000000
DEBUG: Total dvariable address used is 2087 out of 150000
DEBUG: Total dvariable address used is 3928936 out of 50000000
DEBUG: Total gradient stack used is 410521 out of 10000000
DEBUG: Total dvariable address used is 2087 out of 150000
DEBUG: Total dvariable address used is 3928936 out of 50000000
DEBUG: Total gradient stack used is 410521 out of 10000000
DEBUG: Total dvariable address used is 2087 out of 150000
DEBUG: Total dvariable address used is 3928936 out of 50000000
DEBUG: Total gradient stack used is 410521 out of 10000000
DEBUG: Total dvariable address used is 2087 out of 150000
DEBUG: Total dvariable address used is 3928936 out of 50000000
DEBUG: Total gradient stack used is 410521 out of 10000000
DEBUG: Total dvariable address used is 2087 out of 150000
DEBUG: Total dvariable address used is 3928936 out of 50000000
DEBUG: Total gradient stack used is 410521 out of 10000000
DEBUG: Total dvariable address used is 2087 out of 150000
DEBUG: Total dvariable address used is 3928936 out of 50000000
DEBUG: Total gradient stack used is 410521 out of 10000000
DEBUG: Total dvariable address used is 2087 out of 150000
DEBUG: Total dvariable address used is 3928936 out of 50000000
DEBUG: Total gradient stack used is 410521 out of 10000000
DEBUG: Total dvariable address used is 2087 out of 150000
DEBUG: Total dvariable address used is 3928936 out of 50000000
DEBUG: Total gradient stack used is 410521 out of 10000000
DEBUG: Total dvariable address used is 2087 out of 150000
DEBUG: Total dvariable address used is 3928936 out of 50000000
DEBUG: Total gradient stack used is 410521 out of 10000000
DEBUG: Total dvariable address used is 2087 out of 150000
DEBUG: Total dvariable address used is 3928936 out of 50000000
DEBUG: Total gradient stack used is 410521 out of 10000000
DEBUG: Total dvariable address used is 2087 out of 150000
DEBUG: Total dvariable address used is 3928936 out of 50000000
DEBUG: Total gradient stack used is 410521 out of 10000000
DEBUG: Total dvariable address used is 2087 out of 150000
DEBUG: Total dvariable address used is 3928936 out of 50000000
DEBUG: Total gradient stack used is 410521 out of 10000000
DEBUG: Total dvariable address used is 2087 out of 150000
DEBUG: Total dvariable address used is 3928936 out of 50000000
DEBUG: Total gradient stack used is 410521 out of 10000000
DEBUG: Total dvariable address used is 2087 out of 150000
DEBUG: Total dvariable address used is 3928936 out of 50000000
DEBUG: Total gradient stack used is 410521 out of 10000000
DEBUG: Total dvariable address used is 2087 out of 150000
DEBUG: Total dvariable address used is 3928936 out of 50000000
DEBUG: Total gradient stack used is 410521 out of 10000000
DEBUG: Total dvariable address used is 2087 out of 150000
DEBUG: Total dvariable address used is 3928936 out of 50000000
DEBUG: Total gradient stack used is 410521 out of 10000000
DEBUG: Total dvariable address used is 2087 out of 150000
DEBUG: Total dvariable address used is 3928936 out of 50000000
DEBUG: Total gradient stack used is 410521 out of 10000000
DEBUG: Total dvariable address used is 2087 out of 150000
DEBUG: Total dvariable address used is 3928936 out of 50000000
DEBUG: Total gradient stack used is 410521 out of 10000000
DEBUG: Total dvariable address used is 2087 out of 150000
DEBUG: Total dvariable address used is 3928936 out of 50000000
DEBUG: Total gradient stack used is 410521 out of 10000000
DEBUG: Total dvariable address used is 2087 out of 150000
DEBUG: Total dvariable address used is 3928936 out of 50000000
DEBUG: Total gradient stack used is 410521 out of 10000000
DEBUG: Total dvariable address used is 2087 out of 150000
DEBUG: Total dvariable address used is 3928936 out of 50000000
DEBUG: Total gradient stack used is 410521 out of 10000000
DEBUG: Total dvariable address used is 2087 out of 150000
DEBUG: Total dvariable address used is 3928936 out of 50000000
DEBUG: Total gradient stack used is 410521 out of 10000000
DEBUG: Total dvariable address used is 2087 out of 150000
DEBUG: Total dvariable address used is 3928936 out of 50000000
DEBUG: Total gradient stack used is 410521 out of 10000000
DEBUG: Total dvariable address used is 2087 out of 150000
DEBUG: Total dvariable address used is 3928936 out of 50000000
DEBUG: Total gradient stack used is 410521 out of 10000000
DEBUG: Total dvariable address used is 2087 out of 150000
DEBUG: Total dvariable address used is 3928936 out of 50000000
DEBUG: Total gradient stack used is 410521 out of 10000000
DEBUG: Total dvariable address used is 2087 out of 150000
DEBUG: Total dvariable address used is 3928936 out of 50000000
DEBUG: Total gradient stack used is 410521 out of 10000000
DEBUG: Total dvariable address used is 2087 out of 150000
DEBUG: Total dvariable address used is 3928936 out of 50000000
DEBUG: Total gradient stack used is 410521 out of 10000000
DEBUG: Total dvariable address used is 2087 out of 150000
DEBUG: Total dvariable address used is 3928936 out of 50000000
DEBUG: Total gradient stack used is 410521 out of 10000000
DEBUG: Total dvariable address used is 2087 out of 150000
DEBUG: Total dvariable address used is 3928936 out of 50000000
DEBUG: Total gradient stack used is 410521 out of 10000000
DEBUG: Total dvariable address used is 2087 out of 150000
DEBUG: Total dvariable address used is 3928936 out of 50000000
DEBUG: Total gradient stack used is 410521 out of 10000000
DEBUG: Total dvariable address used is 2087 out of 150000
DEBUG: Total dvariable address used is 3928936 out of 50000000
DEBUG: Total gradient stack used is 410521 out of 10000000
DEBUG: Total dvariable address used is 2087 out of 150000
DEBUG: Total dvariable address used is 3928936 out of 50000000
DEBUG: Total gradient stack used is 410521 out of 10000000
DEBUG: Total dvariable address used is 2087 out of 150000
DEBUG: Total dvariable address used is 3928936 out of 50000000
DEBUG: Total gradient stack used is 410521 out of 10000000
DEBUG: Total dvariable address used is 2087 out of 150000
DEBUG: Total dvariable address used is 3928936 out of 50000000
DEBUG: Total gradient stack used is 410521 out of 10000000
DEBUG: Total dvariable address used is 2087 out of 150000
DEBUG: Total dvariable address used is 3928936 out of 50000000
DEBUG: Total gradient stack used is 410521 out of 10000000
DEBUG: Total dvariable address used is 2087 out of 150000
DEBUG: Total dvariable address used is 3928936 out of 50000000
DEBUG: Total gradient stack used is 410521 out of 10000000
DEBUG: Total dvariable address used is 2087 out of 150000
DEBUG: Total dvariable address used is 3928936 out of 50000000
DEBUG: Total gradient stack used is 410521 out of 10000000
DEBUG: Total dvariable address used is 2087 out of 150000
DEBUG: Total dvariable address used is 3928936 out of 50000000
DEBUG: Total gradient stack used is 410521 out of 10000000
DEBUG: Total dvariable address used is 2087 out of 150000
DEBUG: Total dvariable address used is 3928936 out of 50000000
DEBUG: Total gradient stack used is 410521 out of 10000000
DEBUG: Total dvariable address used is 2087 out of 150000
DEBUG: Total dvariable address used is 3928936 out of 50000000
DEBUG: Total gradient stack used is 410521 out of 10000000
DEBUG: Total dvariable address used is 2087 out of 150000
DEBUG: Total dvariable address used is 3928936 out of 50000000
DEBUG: Total gradient stack used is 410521 out of 10000000
DEBUG: Total dvariable address used is 2087 out of 150000
DEBUG: Total dvariable address used is 3928936 out of 50000000
DEBUG: Total gradient stack used is 410521 out of 10000000
DEBUG: Total dvariable address used is 2087 out of 150000
DEBUG: Total dvariable address used is 3928936 out of 50000000
DEBUG: Total gradient stack used is 410521 out of 10000000
DEBUG: Total dvariable address used is 2087 out of 150000
DEBUG: Total dvariable address used is 3928936 out of 50000000
DEBUG: Total gradient stack used is 410521 out of 10000000
DEBUG: Total dvariable address used is 2087 out of 150000
DEBUG: Total dvariable address used is 3928936 out of 50000000
DEBUG: Total gradient stack used is 410521 out of 10000000
DEBUG: Total dvariable address used is 2087 out of 150000
DEBUG: Total dvariable address used is 3928936 out of 50000000
DEBUG: Total gradient stack used is 410521 out of 10000000
DEBUG: Total dvariable address used is 2087 out of 150000
DEBUG: Total dvariable address used is 3928936 out of 50000000
DEBUG: Total gradient stack used is 410521 out of 10000000
DEBUG: Total dvariable address used is 2087 out of 150000
DEBUG: Total dvariable address used is 3928936 out of 50000000
DEBUG: Total gradient stack used is 410521 out of 10000000
DEBUG: Total dvariable address used is 2087 out of 150000
DEBUG: Total dvariable address used is 3928936 out of 50000000
DEBUG: Total gradient stack used is 410521 out of 10000000
DEBUG: Total dvariable address used is 2087 out of 150000
DEBUG: Total dvariable address used is 3928936 out of 50000000
DEBUG: Total gradient stack used is 410521 out of 10000000
DEBUG: Total dvariable address used is 2087 out of 150000
DEBUG: Total dvariable address used is 3928936 out of 50000000
DEBUG: Total gradient stack used is 410521 out of 10000000
DEBUG: Total dvariable address used is 2087 out of 150000
DEBUG: Total dvariable address used is 3928936 out of 50000000
DEBUG: Total gradient stack used is 410521 out of 10000000
DEBUG: Total dvariable address used is 2087 out of 150000
DEBUG: Total dvariable address used is 3928936 out of 50000000
DEBUG: Total gradient stack used is 410521 out of 10000000
DEBUG: Total dvariable address used is 2087 out of 150000
DEBUG: Total dvariable address used is 3928936 out of 50000000
DEBUG: Total gradient stack used is 410521 out of 10000000
DEBUG: Total dvariable address used is 2087 out of 150000
DEBUG: Total dvariable address used is 3928936 out of 50000000
DEBUG: Total gradient stack used is 410521 out of 10000000
DEBUG: Total dvariable address used is 2087 out of 150000
DEBUG: Total dvariable address used is 3928936 out of 50000000
DEBUG: Total gradient stack used is 410521 out of 10000000
DEBUG: Total dvariable address used is 2087 out of 150000
DEBUG: Total dvariable address used is 3928936 out of 50000000
DEBUG: Total gradient stack used is 410521 out of 10000000
DEBUG: Total dvariable address used is 2087 out of 150000
DEBUG: Total dvariable address used is 3928936 out of 50000000
DEBUG: Total gradient stack used is 410521 out of 10000000
DEBUG: Total dvariable address used is 2087 out of 150000
DEBUG: Total dvariable address used is 3928936 out of 50000000
DEBUG: Total gradient stack used is 410521 out of 10000000
DEBUG: Total dvariable address used is 2087 out of 150000
DEBUG: Total dvariable address used is 3928936 out of 50000000
DEBUG: Total gradient stack used is 410521 out of 10000000
DEBUG: Total dvariable address used is 2087 out of 150000
DEBUG: Total dvariable address used is 3928936 out of 50000000
DEBUG: Total gradient stack used is 410521 out of 10000000
DEBUG: Total dvariable address used is 2087 out of 150000
DEBUG: Total dvariable address used is 3928936 out of 50000000
DEBUG: Total gradient stack used is 410521 out of 10000000
DEBUG: Total dvariable address used is 2087 out of 150000
DEBUG: Total dvariable address used is 3928936 out of 50000000
DEBUG: Total gradient stack used is 410521 out of 10000000
DEBUG: Total dvariable address used is 2087 out of 150000
DEBUG: Total dvariable address used is 3928936 out of 50000000
DEBUG: Total gradient stack used is 410521 out of 10000000
DEBUG: Total dvariable address used is 2087 out of 150000
DEBUG: Total dvariable address used is 3928936 out of 50000000
DEBUG: Total gradient stack used is 410521 out of 10000000
DEBUG: Total dvariable address used is 2087 out of 150000
DEBUG: Total dvariable address used is 3928936 out of 50000000
DEBUG: Total gradient stack used is 410521 out of 10000000
DEBUG: Total dvariable address used is 2087 out of 150000
DEBUG: Total dvariable address used is 3928936 out of 50000000
DEBUG: Total gradient stack used is 410521 out of 10000000
DEBUG: Total dvariable address used is 2087 out of 150000
DEBUG: Total dvariable address used is 3928936 out of 50000000
DEBUG: Total gradient stack used is 410521 out of 10000000
DEBUG: Total dvariable address used is 2087 out of 150000
DEBUG: Total dvariable address used is 3928936 out of 50000000
DEBUG: Total gradient stack used is 410521 out of 10000000
DEBUG: Total dvariable address used is 2087 out of 150000
DEBUG: Total dvariable address used is 3928936 out of 50000000
DEBUG: Total gradient stack used is 410521 out of 10000000
DEBUG: Total dvariable address used is 2087 out of 150000
DEBUG: Total dvariable address used is 3928936 out of 50000000
DEBUG: Total gradient stack used is 410521 out of 10000000
DEBUG: Total dvariable address used is 2087 out of 150000
DEBUG: Total dvariable address used is 3928936 out of 50000000
DEBUG: Total gradient stack used is 410521 out of 10000000
DEBUG: Total dvariable address used is 2087 out of 150000
DEBUG: Total dvariable address used is 3928936 out of 50000000
DEBUG: Total gradient stack used is 410521 out of 10000000
DEBUG: Total dvariable address used is 2087 out of 150000
DEBUG: Total dvariable address used is 3928936 out of 50000000
DEBUG: Total gradient stack used is 410521 out of 10000000
DEBUG: Total dvariable address used is 2087 out of 150000
DEBUG: Total dvariable address used is 3928936 out of 50000000
DEBUG: Total gradient stack used is 410521 out of 10000000
DEBUG: Total dvariable address used is 2087 out of 150000
DEBUG: Total dvariable address used is 3928936 out of 50000000
DEBUG: Total gradient stack used is 410521 out of 10000000
DEBUG: Total dvariable address used is 2087 out of 150000
DEBUG: Total dvariable address used is 3928936 out of 50000000
DEBUG: Total gradient stack used is 410521 out of 10000000
DEBUG: Total dvariable address used is 2087 out of 150000
DEBUG: Total dvariable address used is 3928936 out of 50000000
DEBUG: Total gradient stack used is 410521 out of 10000000
DEBUG: Total dvariable address used is 2087 out of 150000
DEBUG: Total dvariable address used is 3928936 out of 50000000
DEBUG: Total gradient stack used is 410521 out of 10000000
DEBUG: Total dvariable address used is 2087 out of 150000
DEBUG: Total dvariable address used is 3928936 out of 50000000
DEBUG: Total gradient stack used is 410521 out of 10000000
DEBUG: Total dvariable address used is 2087 out of 150000
DEBUG: Total dvariable address used is 3928936 out of 50000000
DEBUG: Total gradient stack used is 410521 out of 10000000
DEBUG: Total dvariable address used is 2087 out of 150000
DEBUG: Total dvariable address used is 3928936 out of 50000000
DEBUG: Total gradient stack used is 410521 out of 10000000
DEBUG: Total dvariable address used is 2087 out of 150000
DEBUG: Total dvariable address used is 3928936 out of 50000000
DEBUG: Total gradient stack used is 410521 out of 10000000
DEBUG: Total dvariable address used is 2087 out of 150000
DEBUG: Total dvariable address used is 3928936 out of 50000000
DEBUG: Total gradient stack used is 410521 out of 10000000
DEBUG: Total dvariable address used is 2087 out of 150000
DEBUG: Total dvariable address used is 3928936 out of 50000000
DEBUG: Total gradient stack used is 410521 out of 10000000
DEBUG: Total dvariable address used is 2087 out of 150000
DEBUG: Total dvariable address used is 3928936 out of 50000000
DEBUG: Total gradient stack used is 410521 out of 10000000
DEBUG: Total dvariable address used is 2087 out of 150000
DEBUG: Total dvariable address used is 3928936 out of 50000000
DEBUG: Total gradient stack used is 410521 out of 10000000
DEBUG: Total dvariable address used is 2087 out of 150000
DEBUG: Total dvariable address used is 3928936 out of 50000000
DEBUG: Total gradient stack used is 410521 out of 10000000
DEBUG: Total dvariable address used is 2087 out of 150000
DEBUG: Total dvariable address used is 3928936 out of 50000000
DEBUG: Total gradient stack used is 410521 out of 10000000
DEBUG: Total dvariable address used is 2087 out of 150000
DEBUG: Total dvariable address used is 3928936 out of 50000000
DEBUG: Total gradient stack used is 410521 out of 10000000
DEBUG: Total dvariable address used is 2087 out of 150000
DEBUG: Total dvariable address used is 3928936 out of 50000000
DEBUG: Total gradient stack used is 410521 out of 10000000
DEBUG: Total dvariable address used is 2087 out of 150000
DEBUG: Total dvariable address used is 3928936 out of 50000000
DEBUG: Total gradient stack used is 410521 out of 10000000
DEBUG: Total dvariable address used is 2087 out of 150000
DEBUG: Total dvariable address used is 3928936 out of 50000000
DEBUG: Total gradient stack used is 410521 out of 10000000
DEBUG: Total dvariable address used is 2087 out of 150000
DEBUG: Total dvariable address used is 3928936 out of 50000000
DEBUG: Total gradient stack used is 410521 out of 10000000
DEBUG: Total dvariable address used is 2087 out of 150000
DEBUG: Total dvariable address used is 3928936 out of 50000000
DEBUG: Total gradient stack used is 410521 out of 10000000
DEBUG: Total dvariable address used is 2087 out of 150000
DEBUG: Total dvariable address used is 3928936 out of 50000000
DEBUG: Total gradient stack used is 410521 out of 10000000
DEBUG: Total dvariable address used is 2087 out of 150000
DEBUG: Total dvariable address used is 3928936 out of 50000000
DEBUG: Total gradient stack used is 410521 out of 10000000
DEBUG: Total dvariable address used is 2087 out of 150000
DEBUG: Total dvariable address used is 3928936 out of 50000000
DEBUG: Total gradient stack used is 410521 out of 10000000
DEBUG: Total dvariable address used is 2087 out of 150000
DEBUG: Total dvariable address used is 3928936 out of 50000000
DEBUG: Total gradient stack used is 410521 out of 10000000
DEBUG: Total dvariable address used is 2087 out of 150000
DEBUG: Total dvariable address used is 3928936 out of 50000000
DEBUG: Total gradient stack used is 410521 out of 10000000
DEBUG: Total dvariable address used is 2087 out of 150000
DEBUG: Total dvariable address used is 3928936 out of 50000000
DEBUG: Total gradient stack used is 410521 out of 10000000
DEBUG: Total dvariable address used is 2087 out of 150000
DEBUG: Total dvariable address used is 3928936 out of 50000000
DEBUG: Total gradient stack used is 410521 out of 10000000
DEBUG: Total dvariable address used is 2087 out of 150000
DEBUG: Total dvariable address used is 3928936 out of 50000000
DEBUG: Total gradient stack used is 410521 out of 10000000
DEBUG: Total dvariable address used is 2087 out of 150000
DEBUG: Total dvariable address used is 3928936 out of 50000000
DEBUG: Total gradient stack used is 410521 out of 10000000
DEBUG: Total dvariable address used is 2087 out of 150000
DEBUG: Total dvariable address used is 3928936 out of 50000000
DEBUG: Total gradient stack used is 410521 out of 10000000
DEBUG: Total dvariable address used is 2087 out of 150000
DEBUG: Total dvariable address used is 3928936 out of 50000000
DEBUG: Total gradient stack used is 410521 out of 10000000
DEBUG: Total dvariable address used is 2087 out of 150000
DEBUG: Total dvariable address used is 3928936 out of 50000000
DEBUG: Total gradient stack used is 410521 out of 10000000
DEBUG: Total dvariable address used is 2087 out of 150000
DEBUG: Total dvariable address used is 3928936 out of 50000000
DEBUG: Total gradient stack used is 410521 out of 10000000
DEBUG: Total dvariable address used is 2087 out of 150000
DEBUG: Total dvariable address used is 3928936 out of 50000000
DEBUG: Total gradient stack used is 410521 out of 10000000
DEBUG: Total dvariable address used is 2087 out of 150000
DEBUG: Total dvariable address used is 3928936 out of 50000000
DEBUG: Total gradient stack used is 410521 out of 10000000
DEBUG: Total dvariable address used is 2087 out of 150000
DEBUG: Total dvariable address used is 3928936 out of 50000000
DEBUG: Total gradient stack used is 410521 out of 10000000
DEBUG: Total dvariable address used is 2087 out of 150000
DEBUG: Total dvariable address used is 3928936 out of 50000000
DEBUG: Total gradient stack used is 410521 out of 10000000
DEBUG: Total dvariable address used is 2087 out of 150000
DEBUG: Total dvariable address used is 3928936 out of 50000000
DEBUG: Total gradient stack used is 410521 out of 10000000
DEBUG: Total dvariable address used is 2087 out of 150000
DEBUG: Total dvariable address used is 3928936 out of 50000000
DEBUG: Total gradient stack used is 410521 out of 10000000
DEBUG: Total dvariable address used is 2087 out of 150000
DEBUG: Total dvariable address used is 3928936 out of 50000000
DEBUG: Total gradient stack used is 410521 out of 10000000
DEBUG: Total dvariable address used is 2087 out of 150000
DEBUG: Total dvariable address used is 3928936 out of 50000000
DEBUG: Total gradient stack used is 410521 out of 10000000
DEBUG: Total dvariable address used is 2087 out of 150000
DEBUG: Total dvariable address used is 3928936 out of 50000000
DEBUG: Total gradient stack used is 410521 out of 10000000
DEBUG: Total dvariable address used is 2087 out of 150000
DEBUG: Total dvariable address used is 3928936 out of 50000000
DEBUG: Total gradient stack used is 410521 out of 10000000
DEBUG: Total dvariable address used is 2087 out of 150000
DEBUG: Total dvariable address used is 3928936 out of 50000000
DEBUG: Total gradient stack used is 410521 out of 10000000
DEBUG: Total dvariable address used is 2087 out of 150000
DEBUG: Total dvariable address used is 3928936 out of 50000000
DEBUG: Total gradient stack used is 410521 out of 10000000
DEBUG: Total dvariable address used is 2087 out of 150000
DEBUG: Total dvariable address used is 3928936 out of 50000000
DEBUG: Total gradient stack used is 410521 out of 10000000
DEBUG: Total dvariable address used is 2087 out of 150000
DEBUG: Total dvariable address used is 3928936 out of 50000000
DEBUG: Total gradient stack used is 410521 out of 10000000
DEBUG: Total dvariable address used is 2087 out of 150000
DEBUG: Total dvariable address used is 3928936 out of 50000000
DEBUG: Total gradient stack used is 410521 out of 10000000
DEBUG: Total dvariable address used is 2087 out of 150000
DEBUG: Total dvariable address used is 3928936 out of 50000000
DEBUG: Total gradient stack used is 410521 out of 10000000
DEBUG: Total dvariable address used is 2087 out of 150000
DEBUG: Total dvariable address used is 3928936 out of 50000000
DEBUG: Total gradient stack used is 410521 out of 10000000
DEBUG: Total dvariable address used is 2087 out of 150000
DEBUG: Total dvariable address used is 3928936 out of 50000000
DEBUG: Total gradient stack used is 410521 out of 10000000
DEBUG: Total dvariable address used is 2087 out of 150000
DEBUG: Total dvariable address used is 3928936 out of 50000000
DEBUG: Total gradient stack used is 410521 out of 10000000
DEBUG: Total dvariable address used is 2087 out of 150000
DEBUG: Total dvariable address used is 3928936 out of 50000000
DEBUG: Total gradient stack used is 410521 out of 10000000
DEBUG: Total dvariable address used is 2087 out of 150000
DEBUG: Total dvariable address used is 3928936 out of 50000000
DEBUG: Total gradient stack used is 410521 out of 10000000
DEBUG: Total dvariable address used is 2087 out of 150000
DEBUG: Total dvariable address used is 3928936 out of 50000000
DEBUG: Total gradient stack used is 410521 out of 10000000
DEBUG: Total dvariable address used is 2087 out of 150000
DEBUG: Total dvariable address used is 3928936 out of 50000000
DEBUG: Total gradient stack used is 410521 out of 10000000
DEBUG: Total dvariable address used is 2087 out of 150000
DEBUG: Total dvariable address used is 3928936 out of 50000000
DEBUG: Total gradient stack used is 410521 out of 10000000
DEBUG: Total dvariable address used is 2087 out of 150000
DEBUG: Total dvariable address used is 3928936 out of 50000000
DEBUG: Total gradient stack used is 410521 out of 10000000
DEBUG: Total dvariable address used is 2087 out of 150000
DEBUG: Total dvariable address used is 3928936 out of 50000000
DEBUG: Total gradient stack used is 410521 out of 10000000
DEBUG: Total dvariable address used is 2087 out of 150000
DEBUG: Total dvariable address used is 3928936 out of 50000000
DEBUG: Total gradient stack used is 410521 out of 10000000
DEBUG: Total dvariable address used is 2087 out of 150000
DEBUG: Total dvariable address used is 3928936 out of 50000000
DEBUG: Total gradient stack used is 410521 out of 10000000
DEBUG: Total dvariable address used is 2087 out of 150000
DEBUG: Total dvariable address used is 3928936 out of 50000000
DEBUG: Total gradient stack used is 410521 out of 10000000
DEBUG: Total dvariable address used is 2087 out of 150000
DEBUG: Total dvariable address used is 3928936 out of 50000000
DEBUG: Total gradient stack used is 410521 out of 10000000
DEBUG: Total dvariable address used is 2087 out of 150000
DEBUG: Total dvariable address used is 3928936 out of 50000000
DEBUG: Total gradient stack used is 410521 out of 10000000
DEBUG: Total dvariable address used is 2087 out of 150000
DEBUG: Total dvariable address used is 3928936 out of 50000000
DEBUG: Total gradient stack used is 410521 out of 10000000
DEBUG: Total dvariable address used is 2087 out of 150000
DEBUG: Total dvariable address used is 3928936 out of 50000000
DEBUG: Total gradient stack used is 410521 out of 10000000
DEBUG: Total dvariable address used is 2087 out of 150000
DEBUG: Total dvariable address used is 3928936 out of 50000000
DEBUG: Total gradient stack used is 410521 out of 10000000
DEBUG: Total dvariable address used is 2087 out of 150000
DEBUG: Total dvariable address used is 3928936 out of 50000000
DEBUG: Total gradient stack used is 410521 out of 10000000
DEBUG: Total dvariable address used is 2087 out of 150000
DEBUG: Total dvariable address used is 3928936 out of 50000000
DEBUG: Total gradient stack used is 410521 out of 10000000
DEBUG: Total dvariable address used is 2087 out of 150000
DEBUG: Total dvariable address used is 3928936 out of 50000000
DEBUG: Total gradient stack used is 410521 out of 10000000
DEBUG: Total dvariable address used is 2087 out of 150000
DEBUG: Total dvariable address used is 3928936 out of 50000000
DEBUG: Total gradient stack used is 410521 out of 10000000
DEBUG: Total dvariable address used is 2087 out of 150000
DEBUG: Total dvariable address used is 3928936 out of 50000000
DEBUG: Total gradient stack used is 410521 out of 10000000
DEBUG: Total dvariable address used is 2087 out of 150000
DEBUG: Total dvariable address used is 3928936 out of 50000000
DEBUG: Total gradient stack used is 410521 out of 10000000
DEBUG: Total dvariable address used is 2087 out of 150000
DEBUG: Total dvariable address used is 3928936 out of 50000000
DEBUG: Total gradient stack used is 410521 out of 10000000
DEBUG: Total dvariable address used is 2087 out of 150000
DEBUG: Total dvariable address used is 3928936 out of 50000000
DEBUG: Total gradient stack used is 410521 out of 10000000
DEBUG: Total dvariable address used is 2087 out of 150000
DEBUG: Total dvariable address used is 3928936 out of 50000000
DEBUG: Total gradient stack used is 410521 out of 10000000
DEBUG: Total dvariable address used is 2087 out of 150000
DEBUG: Total dvariable address used is 3928936 out of 50000000
DEBUG: Total gradient stack used is 410521 out of 10000000
DEBUG: Total dvariable address used is 2087 out of 150000
DEBUG: Total dvariable address used is 3928936 out of 50000000
DEBUG: Total gradient stack used is 410521 out of 10000000
DEBUG: Total dvariable address used is 2087 out of 150000
DEBUG: Total dvariable address used is 3928936 out of 50000000
DEBUG: Total gradient stack used is 410521 out of 10000000
DEBUG: Total dvariable address used is 2087 out of 150000
DEBUG: Total dvariable address used is 3928936 out of 50000000
DEBUG: Total gradient stack used is 410521 out of 10000000
DEBUG: Total dvariable address used is 2087 out of 150000
DEBUG: Total dvariable address used is 3928936 out of 50000000
DEBUG: Total gradient stack used is 410521 out of 10000000
DEBUG: Total dvariable address used is 2087 out of 150000
DEBUG: Total dvariable address used is 3928936 out of 50000000
DEBUG: Total gradient stack used is 410521 out of 10000000
DEBUG: Total dvariable address used is 2087 out of 150000
DEBUG: Total dvariable address used is 3928936 out of 50000000
DEBUG: Total gradient stack used is 410521 out of 10000000
DEBUG: Total dvariable address used is 2087 out of 150000
DEBUG: Total dvariable address used is 3928936 out of 50000000
DEBUG: Total gradient stack used is 410521 out of 10000000
DEBUG: Total dvariable address used is 2087 out of 150000
DEBUG: Total dvariable address used is 3928936 out of 50000000
DEBUG: Total gradient stack used is 410521 out of 10000000
DEBUG: Total dvariable address used is 2087 out of 150000
DEBUG: Total dvariable address used is 3928936 out of 50000000
DEBUG: Total gradient stack used is 410521 out of 10000000
DEBUG: Total dvariable address used is 2087 out of 150000
DEBUG: Total dvariable address used is 3928936 out of 50000000
DEBUG: Total gradient stack used is 410521 out of 10000000
DEBUG: Total dvariable address used is 2087 out of 150000
DEBUG: Total dvariable address used is 3928936 out of 50000000
DEBUG: Total gradient stack used is 410521 out of 10000000
DEBUG: Total dvariable address used is 2087 out of 150000
DEBUG: Total dvariable address used is 3928936 out of 50000000
DEBUG: Total gradient stack used is 410521 out of 10000000
DEBUG: Total dvariable address used is 2087 out of 150000
DEBUG: Total dvariable address used is 3928936 out of 50000000
DEBUG: Total gradient stack used is 410521 out of 10000000
DEBUG: Total dvariable address used is 2087 out of 150000
DEBUG: Total dvariable address used is 3928936 out of 50000000
DEBUG: Total gradient stack used is 410521 out of 10000000
DEBUG: Total dvariable address used is 2087 out of 150000
DEBUG: Total dvariable address used is 3928936 out of 50000000
DEBUG: Total gradient stack used is 410521 out of 10000000
DEBUG: Total dvariable address used is 2087 out of 150000
DEBUG: Total dvariable address used is 3928936 out of 50000000
DEBUG: Total gradient stack used is 410521 out of 10000000
DEBUG: Total dvariable address used is 2087 out of 150000
DEBUG: Total dvariable address used is 3928936 out of 50000000
DEBUG: Total gradient stack used is 410521 out of 10000000
DEBUG: Total dvariable address used is 2087 out of 150000
DEBUG: Total dvariable address used is 3928936 out of 50000000
DEBUG: Total gradient stack used is 410521 out of 10000000
DEBUG: Total dvariable address used is 2087 out of 150000
DEBUG: Total dvariable address used is 3928936 out of 50000000
DEBUG: Total gradient stack used is 410521 out of 10000000
DEBUG: Total dvariable address used is 2087 out of 150000
DEBUG: Total dvariable address used is 3928936 out of 50000000
DEBUG: Total gradient stack used is 410521 out of 10000000
DEBUG: Total dvariable address used is 2087 out of 150000
DEBUG: Total dvariable address used is 3928936 out of 50000000
DEBUG: Total gradient stack used is 410521 out of 10000000
DEBUG: Total dvariable address used is 2087 out of 150000
DEBUG: Total dvariable address used is 3928936 out of 50000000
DEBUG: Total gradient stack used is 410521 out of 10000000
DEBUG: Total dvariable address used is 2087 out of 150000
DEBUG: Total dvariable address used is 3928936 out of 50000000
DEBUG: Total gradient stack used is 410521 out of 10000000
DEBUG: Total dvariable address used is 2087 out of 150000
DEBUG: Total dvariable address used is 3928936 out of 50000000
DEBUG: Total gradient stack used is 410521 out of 10000000
DEBUG: Total dvariable address used is 2087 out of 150000
DEBUG: Total dvariable address used is 3928936 out of 50000000
DEBUG: Total gradient stack used is 410521 out of 10000000
DEBUG: Total dvariable address used is 2087 out of 150000
DEBUG: Total dvariable address used is 3928936 out of 50000000
DEBUG: Total gradient stack used is 410521 out of 10000000
DEBUG: Total dvariable address used is 2087 out of 150000
DEBUG: Total dvariable address used is 3928936 out of 50000000
DEBUG: Total gradient stack used is 410521 out of 10000000
DEBUG: Total dvariable address used is 2087 out of 150000
DEBUG: Total dvariable address used is 3928936 out of 50000000
DEBUG: Total gradient stack used is 410521 out of 10000000
DEBUG: Total dvariable address used is 2087 out of 150000
DEBUG: Total dvariable address used is 3928936 out of 50000000
DEBUG: Total gradient stack used is 410521 out of 10000000
DEBUG: Total dvariable address used is 2087 out of 150000
DEBUG: Total dvariable address used is 3928936 out of 50000000
DEBUG: Total gradient stack used is 410521 out of 10000000
DEBUG: Total dvariable address used is 2087 out of 150000
DEBUG: Total dvariable address used is 3928936 out of 50000000
DEBUG: Total gradient stack used is 410521 out of 10000000
DEBUG: Total dvariable address used is 2087 out of 150000
DEBUG: Total dvariable address used is 3928936 out of 50000000
DEBUG: Total gradient stack used is 410521 out of 10000000
DEBUG: Total dvariable address used is 2087 out of 150000
DEBUG: Total dvariable address used is 3928936 out of 50000000
DEBUG: Total gradient stack used is 410521 out of 10000000
DEBUG: Total dvariable address used is 2087 out of 150000
DEBUG: Total dvariable address used is 3928936 out of 50000000
DEBUG: Total gradient stack used is 410521 out of 10000000
DEBUG: Total dvariable address used is 2087 out of 150000
DEBUG: Total dvariable address used is 3928936 out of 50000000
DEBUG: Total gradient stack used is 410521 out of 10000000
DEBUG: Total dvariable address used is 2087 out of 150000
DEBUG: Total dvariable address used is 3928936 out of 50000000
DEBUG: Total gradient stack used is 410521 out of 10000000
DEBUG: Total dvariable address used is 2087 out of 150000
DEBUG: Total dvariable address used is 3928936 out of 50000000
DEBUG: Total gradient stack used is 410521 out of 10000000
DEBUG: Total dvariable address used is 2087 out of 150000
DEBUG: Total dvariable address used is 3928936 out of 50000000
DEBUG: Total gradient stack used is 410521 out of 10000000
DEBUG: Total dvariable address used is 2087 out of 150000
DEBUG: Total dvariable address used is 3928936 out of 50000000
DEBUG: Total gradient stack used is 410521 out of 10000000
DEBUG: Total dvariable address used is 2087 out of 150000
DEBUG: Total dvariable address used is 3928936 out of 50000000
DEBUG: Total gradient stack used is 410521 out of 10000000
DEBUG: Total dvariable address used is 2087 out of 150000
DEBUG: Total dvariable address used is 3928936 out of 50000000
DEBUG: Total gradient stack used is 410521 out of 10000000
DEBUG: Total dvariable address used is 2087 out of 150000
DEBUG: Total dvariable address used is 3928936 out of 50000000
DEBUG: Total gradient stack used is 410521 out of 10000000
DEBUG: Total dvariable address used is 2087 out of 150000
DEBUG: Total dvariable address used is 3928936 out of 50000000
DEBUG: Total gradient stack used is 410521 out of 10000000
DEBUG: Total dvariable address used is 2087 out of 150000
DEBUG: Total dvariable address used is 3928936 out of 50000000
DEBUG: Total gradient stack used is 410521 out of 10000000
DEBUG: Total dvariable address used is 2087 out of 150000
DEBUG: Total dvariable address used is 3928936 out of 50000000
DEBUG: Total gradient stack used is 410521 out of 10000000
DEBUG: Total dvariable address used is 2087 out of 150000
DEBUG: Total dvariable address used is 3928936 out of 50000000
DEBUG: Total gradient stack used is 410521 out of 10000000
DEBUG: Total dvariable address used is 2087 out of 150000
DEBUG: Total dvariable address used is 3928936 out of 50000000
DEBUG: Total gradient stack used is 410521 out of 10000000
DEBUG: Total dvariable address used is 2087 out of 150000
DEBUG: Total dvariable address used is 3928936 out of 50000000
DEBUG: Total gradient stack used is 410521 out of 10000000
DEBUG: Total dvariable address used is 2087 out of 150000
DEBUG: Total dvariable address used is 3928936 out of 50000000
DEBUG: Total gradient stack used is 410521 out of 10000000
DEBUG: Total dvariable address used is 2087 out of 150000
DEBUG: Total dvariable address used is 3928936 out of 50000000
DEBUG: Total gradient stack used is 410521 out of 10000000
DEBUG: Total dvariable address used is 2087 out of 150000
DEBUG: Total dvariable address used is 3928936 out of 50000000
DEBUG: Total gradient stack used is 410521 out of 10000000
DEBUG: Total dvariable address used is 2087 out of 150000
DEBUG: Total dvariable address used is 3928936 out of 50000000
DEBUG: Total gradient stack used is 410521 out of 10000000
DEBUG: Total dvariable address used is 2087 out of 150000
DEBUG: Total dvariable address used is 3928936 out of 50000000
DEBUG: Total gradient stack used is 410521 out of 10000000
DEBUG: Total dvariable address used is 2087 out of 150000
DEBUG: Total dvariable address used is 3928936 out of 50000000
DEBUG: Total gradient stack used is 410521 out of 10000000
DEBUG: Total dvariable address used is 2087 out of 150000
DEBUG: Total dvariable address used is 3928936 out of 50000000
DEBUG: Total gradient stack used is 410521 out of 10000000
DEBUG: Total dvariable address used is 2087 out of 150000
DEBUG: Total dvariable address used is 3928936 out of 50000000
DEBUG: Total gradient stack used is 410521 out of 10000000
DEBUG: Total dvariable address used is 2087 out of 150000
DEBUG: Total dvariable address used is 3928936 out of 50000000
DEBUG: Total gradient stack used is 410521 out of 10000000
DEBUG: Total dvariable address used is 2087 out of 150000
DEBUG: Total dvariable address used is 3928936 out of 50000000
DEBUG: Total gradient stack used is 410521 out of 10000000
DEBUG: Total dvariable address used is 2087 out of 150000
DEBUG: Total dvariable address used is 3928936 out of 50000000
DEBUG: Total gradient stack used is 410521 out of 10000000
DEBUG: Total dvariable address used is 2087 out of 150000
DEBUG: Total dvariable address used is 3928936 out of 50000000
DEBUG: Total gradient stack used is 410521 out of 10000000
DEBUG: Total dvariable address used is 2087 out of 150000
DEBUG: Total dvariable address used is 3928936 out of 50000000
DEBUG: Total gradient stack used is 410521 out of 10000000
DEBUG: Total dvariable address used is 2087 out of 150000
DEBUG: Total dvariable address used is 3928936 out of 50000000
DEBUG: Total gradient stack used is 410521 out of 10000000
DEBUG: Total dvariable address used is 2087 out of 150000
DEBUG: Total dvariable address used is 3928936 out of 50000000
DEBUG: Total gradient stack used is 410521 out of 10000000
DEBUG: Total dvariable address used is 2087 out of 150000
DEBUG: Total dvariable address used is 3928936 out of 50000000
DEBUG: Total gradient stack used is 410521 out of 10000000
DEBUG: Total dvariable address used is 2087 out of 150000
DEBUG: Total dvariable address used is 3928936 out of 50000000
DEBUG: Total gradient stack used is 410521 out of 10000000
DEBUG: Total dvariable address used is 2087 out of 150000
DEBUG: Total dvariable address used is 3928936 out of 50000000
DEBUG: Total gradient stack used is 410521 out of 10000000
DEBUG: Total dvariable address used is 2087 out of 150000
DEBUG: Total dvariable address used is 3928936 out of 50000000
DEBUG: Total gradient stack used is 410521 out of 10000000
DEBUG: Total dvariable address used is 2087 out of 150000
DEBUG: Total dvariable address used is 3928936 out of 50000000
DEBUG: Total gradient stack used is 410521 out of 10000000
DEBUG: Total dvariable address used is 2087 out of 150000
DEBUG: Total dvariable address used is 3928936 out of 50000000
DEBUG: Total gradient stack used is 410521 out of 10000000
DEBUG: Total dvariable address used is 2087 out of 150000
DEBUG: Total dvariable address used is 3928936 out of 50000000
DEBUG: Total gradient stack used is 410521 out of 10000000
DEBUG: Total dvariable address used is 2087 out of 150000
DEBUG: Total dvariable address used is 3928936 out of 50000000
DEBUG: Total gradient stack used is 410521 out of 10000000
DEBUG: Total dvariable address used is 2087 out of 150000
DEBUG: Total dvariable address used is 3928936 out of 50000000
DEBUG: Total gradient stack used is 410521 out of 10000000
DEBUG: Total dvariable address used is 2087 out of 150000
DEBUG: Total dvariable address used is 3928936 out of 50000000
DEBUG: Total gradient stack used is 410521 out of 10000000
DEBUG: Total dvariable address used is 2087 out of 150000
DEBUG: Total dvariable address used is 3928936 out of 50000000
DEBUG: Total gradient stack used is 410521 out of 10000000
DEBUG: Total dvariable address used is 2087 out of 150000
DEBUG: Total dvariable address used is 3928936 out of 50000000
DEBUG: Total gradient stack used is 410521 out of 10000000
DEBUG: Total dvariable address used is 2087 out of 150000
DEBUG: Total dvariable address used is 3928936 out of 50000000
DEBUG: Total gradient stack used is 410521 out of 10000000
DEBUG: Total dvariable address used is 2087 out of 150000
DEBUG: Total dvariable address used is 3928936 out of 50000000
DEBUG: Total gradient stack used is 410521 out of 10000000
DEBUG: Total dvariable address used is 2087 out of 150000
DEBUG: Total dvariable address used is 3928936 out of 50000000
DEBUG: Total gradient stack used is 410521 out of 10000000
DEBUG: Total dvariable address used is 2087 out of 150000
DEBUG: Total dvariable address used is 3928936 out of 50000000
DEBUG: Total gradient stack used is 410521 out of 10000000
DEBUG: Total dvariable address used is 2087 out of 150000
DEBUG: Total dvariable address used is 3928936 out of 50000000
DEBUG: Total gradient stack used is 410521 out of 10000000
DEBUG: Total dvariable address used is 2087 out of 150000
DEBUG: Total dvariable address used is 3928936 out of 50000000
DEBUG: Total gradient stack used is 410521 out of 10000000
DEBUG: Total dvariable address used is 2087 out of 150000
DEBUG: Total dvariable address used is 3928936 out of 50000000
DEBUG: Total gradient stack used is 410521 out of 10000000
DEBUG: Total dvariable address used is 2087 out of 150000
DEBUG: Total dvariable address used is 3928936 out of 50000000
DEBUG: Total gradient stack used is 410521 out of 10000000
DEBUG: Total dvariable address used is 2087 out of 150000
DEBUG: Total dvariable address used is 3928936 out of 50000000
DEBUG: Total gradient stack used is 410521 out of 10000000
DEBUG: Total dvariable address used is 2087 out of 150000
DEBUG: Total dvariable address used is 3928936 out of 50000000
DEBUG: Total gradient stack used is 410521 out of 10000000
DEBUG: Total dvariable address used is 2087 out of 150000
DEBUG: Total dvariable address used is 3928936 out of 50000000
DEBUG: Total gradient stack used is 410521 out of 10000000
DEBUG: Total dvariable address used is 2087 out of 150000
DEBUG: Total dvariable address used is 3928936 out of 50000000
DEBUG: Total gradient stack used is 410521 out of 10000000
DEBUG: Total dvariable address used is 2087 out of 150000
DEBUG: Total dvariable address used is 3928936 out of 50000000
DEBUG: Total gradient stack used is 410521 out of 10000000
DEBUG: Total dvariable address used is 2087 out of 150000
DEBUG: Total dvariable address used is 3928936 out of 50000000
DEBUG: Total gradient stack used is 410521 out of 10000000
DEBUG: Total dvariable address used is 2087 out of 150000
DEBUG: Total dvariable address used is 3928936 out of 50000000
DEBUG: Total gradient stack used is 410521 out of 10000000
DEBUG: Total dvariable address used is 2087 out of 150000
DEBUG: Total dvariable address used is 3928936 out of 50000000
DEBUG: Total gradient stack used is 410521 out of 10000000
DEBUG: Total dvariable address used is 2087 out of 150000
DEBUG: Total dvariable address used is 3928936 out of 50000000
DEBUG: Total gradient stack used is 410521 out of 10000000
DEBUG: Total dvariable address used is 2087 out of 150000
DEBUG: Total dvariable address used is 3928936 out of 50000000
DEBUG: Total gradient stack used is 410521 out of 10000000
DEBUG: Total dvariable address used is 2087 out of 150000
DEBUG: Total dvariable address used is 3928936 out of 50000000
DEBUG: Total gradient stack used is 410521 out of 10000000
DEBUG: Total dvariable address used is 2087 out of 150000
DEBUG: Total dvariable address used is 3928936 out of 50000000
DEBUG: Total gradient stack used is 410521 out of 10000000
DEBUG: Total dvariable address used is 2087 out of 150000
DEBUG: Total dvariable address used is 3928936 out of 50000000
DEBUG: Total gradient stack used is 410521 out of 10000000
DEBUG: Total dvariable address used is 2087 out of 150000
DEBUG: Total dvariable address used is 3928936 out of 50000000
DEBUG: Total gradient stack used is 410521 out of 10000000
DEBUG: Total dvariable address used is 2087 out of 150000
DEBUG: Total dvariable address used is 3928936 out of 50000000
DEBUG: Total gradient stack used is 410521 out of 10000000
DEBUG: Total dvariable address used is 2087 out of 150000
DEBUG: Total dvariable address used is 3928936 out of 50000000
DEBUG: Total gradient stack used is 410521 out of 10000000
DEBUG: Total dvariable address used is 2087 out of 150000
DEBUG: Total dvariable address used is 3928936 out of 50000000
DEBUG: Total gradient stack used is 410521 out of 10000000
DEBUG: Total dvariable address used is 2087 out of 150000
DEBUG: Total dvariable address used is 3928936 out of 50000000
DEBUG: Total gradient stack used is 410521 out of 10000000
DEBUG: Total dvariable address used is 2087 out of 150000
DEBUG: Total dvariable address used is 3928936 out of 50000000
DEBUG: Total gradient stack used is 410521 out of 10000000
DEBUG: Total dvariable address used is 2087 out of 150000
DEBUG: Total dvariable address used is 3928936 out of 50000000
, 80%DEBUG: Total gradient stack used is 410521 out of 10000000
DEBUG: Total dvariable address used is 2087 out of 150000
DEBUG: Total dvariable address used is 3928936 out of 50000000
DEBUG: Total gradient stack used is 410521 out of 10000000
DEBUG: Total dvariable address used is 2087 out of 150000
DEBUG: Total dvariable address used is 3928936 out of 50000000
DEBUG: Total gradient stack used is 410521 out of 10000000
DEBUG: Total dvariable address used is 2087 out of 150000
DEBUG: Total dvariable address used is 3928936 out of 50000000
DEBUG: Total gradient stack used is 410521 out of 10000000
DEBUG: Total dvariable address used is 2087 out of 150000
DEBUG: Total dvariable address used is 3928936 out of 50000000
DEBUG: Total gradient stack used is 410521 out of 10000000
DEBUG: Total dvariable address used is 2087 out of 150000
DEBUG: Total dvariable address used is 3928936 out of 50000000
DEBUG: Total gradient stack used is 410521 out of 10000000
DEBUG: Total dvariable address used is 2087 out of 150000
DEBUG: Total dvariable address used is 3928936 out of 50000000
DEBUG: Total gradient stack used is 410521 out of 10000000
DEBUG: Total dvariable address used is 2087 out of 150000
DEBUG: Total dvariable address used is 3928936 out of 50000000
DEBUG: Total gradient stack used is 410521 out of 10000000
DEBUG: Total dvariable address used is 2087 out of 150000
DEBUG: Total dvariable address used is 3928936 out of 50000000
DEBUG: Total gradient stack used is 410521 out of 10000000
DEBUG: Total dvariable address used is 2087 out of 150000
DEBUG: Total dvariable address used is 3928936 out of 50000000
DEBUG: Total gradient stack used is 410521 out of 10000000
DEBUG: Total dvariable address used is 2087 out of 150000
DEBUG: Total dvariable address used is 3928936 out of 50000000
DEBUG: Total gradient stack used is 410521 out of 10000000
DEBUG: Total dvariable address used is 2087 out of 150000
DEBUG: Total dvariable address used is 3928936 out of 50000000
DEBUG: Total gradient stack used is 410521 out of 10000000
DEBUG: Total dvariable address used is 2087 out of 150000
DEBUG: Total dvariable address used is 3928936 out of 50000000
DEBUG: Total gradient stack used is 410521 out of 10000000
DEBUG: Total dvariable address used is 2087 out of 150000
DEBUG: Total dvariable address used is 3928936 out of 50000000
DEBUG: Total gradient stack used is 410521 out of 10000000
DEBUG: Total dvariable address used is 2087 out of 150000
DEBUG: Total dvariable address used is 3928936 out of 50000000
DEBUG: Total gradient stack used is 410521 out of 10000000
DEBUG: Total dvariable address used is 2087 out of 150000
DEBUG: Total dvariable address used is 3928936 out of 50000000
DEBUG: Total gradient stack used is 410521 out of 10000000
DEBUG: Total dvariable address used is 2087 out of 150000
DEBUG: Total dvariable address used is 3928936 out of 50000000
DEBUG: Total gradient stack used is 410521 out of 10000000
DEBUG: Total dvariable address used is 2087 out of 150000
DEBUG: Total dvariable address used is 3928936 out of 50000000
DEBUG: Total gradient stack used is 410521 out of 10000000
DEBUG: Total dvariable address used is 2087 out of 150000
DEBUG: Total dvariable address used is 3928936 out of 50000000
DEBUG: Total gradient stack used is 410521 out of 10000000
DEBUG: Total dvariable address used is 2087 out of 150000
DEBUG: Total dvariable address used is 3928936 out of 50000000
DEBUG: Total gradient stack used is 410521 out of 10000000
DEBUG: Total dvariable address used is 2087 out of 150000
DEBUG: Total dvariable address used is 3928936 out of 50000000
DEBUG: Total gradient stack used is 410521 out of 10000000
DEBUG: Total dvariable address used is 2087 out of 150000
DEBUG: Total dvariable address used is 3928936 out of 50000000
DEBUG: Total gradient stack used is 410521 out of 10000000
DEBUG: Total dvariable address used is 2087 out of 150000
DEBUG: Total dvariable address used is 3928936 out of 50000000
DEBUG: Total gradient stack used is 410521 out of 10000000
DEBUG: Total dvariable address used is 2087 out of 150000
DEBUG: Total dvariable address used is 3928936 out of 50000000
DEBUG: Total gradient stack used is 410521 out of 10000000
DEBUG: Total dvariable address used is 2087 out of 150000
DEBUG: Total dvariable address used is 3928936 out of 50000000
DEBUG: Total gradient stack used is 410521 out of 10000000
DEBUG: Total dvariable address used is 2087 out of 150000
DEBUG: Total dvariable address used is 3928936 out of 50000000
DEBUG: Total gradient stack used is 410521 out of 10000000
DEBUG: Total dvariable address used is 2087 out of 150000
DEBUG: Total dvariable address used is 3928936 out of 50000000
DEBUG: Total gradient stack used is 410521 out of 10000000
DEBUG: Total dvariable address used is 2087 out of 150000
DEBUG: Total dvariable address used is 3928936 out of 50000000
DEBUG: Total gradient stack used is 410521 out of 10000000
DEBUG: Total dvariable address used is 2087 out of 150000
DEBUG: Total dvariable address used is 3928936 out of 50000000
DEBUG: Total gradient stack used is 410521 out of 10000000
DEBUG: Total dvariable address used is 2087 out of 150000
DEBUG: Total dvariable address used is 3928936 out of 50000000
DEBUG: Total gradient stack used is 410521 out of 10000000
DEBUG: Total dvariable address used is 2087 out of 150000
DEBUG: Total dvariable address used is 3928936 out of 50000000
DEBUG: Total gradient stack used is 410521 out of 10000000
DEBUG: Total dvariable address used is 2087 out of 150000
DEBUG: Total dvariable address used is 3928936 out of 50000000
DEBUG: Total gradient stack used is 410521 out of 10000000
DEBUG: Total dvariable address used is 2087 out of 150000
DEBUG: Total dvariable address used is 3928936 out of 50000000
DEBUG: Total gradient stack used is 410521 out of 10000000
DEBUG: Total dvariable address used is 2087 out of 150000
DEBUG: Total dvariable address used is 3928936 out of 50000000
DEBUG: Total gradient stack used is 410521 out of 10000000
DEBUG: Total dvariable address used is 2087 out of 150000
DEBUG: Total dvariable address used is 3928936 out of 50000000
DEBUG: Total gradient stack used is 410521 out of 10000000
DEBUG: Total dvariable address used is 2087 out of 150000
DEBUG: Total dvariable address used is 3928936 out of 50000000
DEBUG: Total gradient stack used is 410521 out of 10000000
DEBUG: Total dvariable address used is 2087 out of 150000
DEBUG: Total dvariable address used is 3928936 out of 50000000
DEBUG: Total gradient stack used is 410521 out of 10000000
DEBUG: Total dvariable address used is 2087 out of 150000
DEBUG: Total dvariable address used is 3928936 out of 50000000
DEBUG: Total gradient stack used is 410521 out of 10000000
DEBUG: Total dvariable address used is 2087 out of 150000
DEBUG: Total dvariable address used is 3928936 out of 50000000
DEBUG: Total gradient stack used is 410521 out of 10000000
DEBUG: Total dvariable address used is 2087 out of 150000
DEBUG: Total dvariable address used is 3928936 out of 50000000
DEBUG: Total gradient stack used is 410521 out of 10000000
DEBUG: Total dvariable address used is 2087 out of 150000
DEBUG: Total dvariable address used is 3928936 out of 50000000
DEBUG: Total gradient stack used is 410521 out of 10000000
DEBUG: Total dvariable address used is 2087 out of 150000
DEBUG: Total dvariable address used is 3928936 out of 50000000
DEBUG: Total gradient stack used is 410521 out of 10000000
DEBUG: Total dvariable address used is 2087 out of 150000
DEBUG: Total dvariable address used is 3928936 out of 50000000
DEBUG: Total gradient stack used is 410521 out of 10000000
DEBUG: Total dvariable address used is 2087 out of 150000
DEBUG: Total dvariable address used is 3928936 out of 50000000
DEBUG: Total gradient stack used is 410521 out of 10000000
DEBUG: Total dvariable address used is 2087 out of 150000
DEBUG: Total dvariable address used is 3928936 out of 50000000
DEBUG: Total gradient stack used is 410521 out of 10000000
DEBUG: Total dvariable address used is 2087 out of 150000
DEBUG: Total dvariable address used is 3928936 out of 50000000
DEBUG: Total gradient stack used is 410521 out of 10000000
DEBUG: Total dvariable address used is 2087 out of 150000
DEBUG: Total dvariable address used is 3928936 out of 50000000
DEBUG: Total gradient stack used is 410521 out of 10000000
DEBUG: Total dvariable address used is 2087 out of 150000
DEBUG: Total dvariable address used is 3928936 out of 50000000
DEBUG: Total gradient stack used is 410521 out of 10000000
DEBUG: Total dvariable address used is 2087 out of 150000
DEBUG: Total dvariable address used is 3928936 out of 50000000
DEBUG: Total gradient stack used is 410521 out of 10000000
DEBUG: Total dvariable address used is 2087 out of 150000
DEBUG: Total dvariable address used is 3928936 out of 50000000
DEBUG: Total gradient stack used is 410521 out of 10000000
DEBUG: Total dvariable address used is 2087 out of 150000
DEBUG: Total dvariable address used is 3928936 out of 50000000
DEBUG: Total gradient stack used is 410521 out of 10000000
DEBUG: Total dvariable address used is 2087 out of 150000
DEBUG: Total dvariable address used is 3928936 out of 50000000
DEBUG: Total gradient stack used is 410521 out of 10000000
DEBUG: Total dvariable address used is 2087 out of 150000
DEBUG: Total dvariable address used is 3928936 out of 50000000
DEBUG: Total gradient stack used is 410521 out of 10000000
DEBUG: Total dvariable address used is 2087 out of 150000
DEBUG: Total dvariable address used is 3928936 out of 50000000
DEBUG: Total gradient stack used is 410521 out of 10000000
DEBUG: Total dvariable address used is 2087 out of 150000
DEBUG: Total dvariable address used is 3928936 out of 50000000
DEBUG: Total gradient stack used is 410521 out of 10000000
DEBUG: Total dvariable address used is 2087 out of 150000
DEBUG: Total dvariable address used is 3928936 out of 50000000
DEBUG: Total gradient stack used is 410521 out of 10000000
DEBUG: Total dvariable address used is 2087 out of 150000
DEBUG: Total dvariable address used is 3928936 out of 50000000
DEBUG: Total gradient stack used is 410521 out of 10000000
DEBUG: Total dvariable address used is 2087 out of 150000
DEBUG: Total dvariable address used is 3928936 out of 50000000
DEBUG: Total gradient stack used is 410521 out of 10000000
DEBUG: Total dvariable address used is 2087 out of 150000
DEBUG: Total dvariable address used is 3928936 out of 50000000
DEBUG: Total gradient stack used is 410521 out of 10000000
DEBUG: Total dvariable address used is 2087 out of 150000
DEBUG: Total dvariable address used is 3928936 out of 50000000
DEBUG: Total gradient stack used is 410521 out of 10000000
DEBUG: Total dvariable address used is 2087 out of 150000
DEBUG: Total dvariable address used is 3928936 out of 50000000
DEBUG: Total gradient stack used is 410521 out of 10000000
DEBUG: Total dvariable address used is 2087 out of 150000
DEBUG: Total dvariable address used is 3928936 out of 50000000
DEBUG: Total gradient stack used is 410521 out of 10000000
DEBUG: Total dvariable address used is 2087 out of 150000
DEBUG: Total dvariable address used is 3928936 out of 50000000
DEBUG: Total gradient stack used is 410521 out of 10000000
DEBUG: Total dvariable address used is 2087 out of 150000
DEBUG: Total dvariable address used is 3928936 out of 50000000
DEBUG: Total gradient stack used is 410521 out of 10000000
DEBUG: Total dvariable address used is 2087 out of 150000
DEBUG: Total dvariable address used is 3928936 out of 50000000
DEBUG: Total gradient stack used is 410521 out of 10000000
DEBUG: Total dvariable address used is 2087 out of 150000
DEBUG: Total dvariable address used is 3928936 out of 50000000
DEBUG: Total gradient stack used is 410521 out of 10000000
DEBUG: Total dvariable address used is 2087 out of 150000
DEBUG: Total dvariable address used is 3928936 out of 50000000
DEBUG: Total gradient stack used is 410521 out of 10000000
DEBUG: Total dvariable address used is 2087 out of 150000
DEBUG: Total dvariable address used is 3928936 out of 50000000
DEBUG: Total gradient stack used is 410521 out of 10000000
DEBUG: Total dvariable address used is 2087 out of 150000
DEBUG: Total dvariable address used is 3928936 out of 50000000
DEBUG: Total gradient stack used is 410521 out of 10000000
DEBUG: Total dvariable address used is 2087 out of 150000
DEBUG: Total dvariable address used is 3928936 out of 50000000
DEBUG: Total gradient stack used is 410521 out of 10000000
DEBUG: Total dvariable address used is 2087 out of 150000
DEBUG: Total dvariable address used is 3928936 out of 50000000
DEBUG: Total gradient stack used is 410521 out of 10000000
DEBUG: Total dvariable address used is 2087 out of 150000
DEBUG: Total dvariable address used is 3928936 out of 50000000
DEBUG: Total gradient stack used is 410521 out of 10000000
DEBUG: Total dvariable address used is 2087 out of 150000
DEBUG: Total dvariable address used is 3928936 out of 50000000
DEBUG: Total gradient stack used is 410521 out of 10000000
DEBUG: Total dvariable address used is 2087 out of 150000
DEBUG: Total dvariable address used is 3928936 out of 50000000
DEBUG: Total gradient stack used is 410521 out of 10000000
DEBUG: Total dvariable address used is 2087 out of 150000
DEBUG: Total dvariable address used is 3928936 out of 50000000
DEBUG: Total gradient stack used is 410521 out of 10000000
DEBUG: Total dvariable address used is 2087 out of 150000
DEBUG: Total dvariable address used is 3928936 out of 50000000
DEBUG: Total gradient stack used is 410521 out of 10000000
DEBUG: Total dvariable address used is 2087 out of 150000
DEBUG: Total dvariable address used is 3928936 out of 50000000
DEBUG: Total gradient stack used is 410521 out of 10000000
DEBUG: Total dvariable address used is 2087 out of 150000
DEBUG: Total dvariable address used is 3928936 out of 50000000
DEBUG: Total gradient stack used is 410521 out of 10000000
DEBUG: Total dvariable address used is 2087 out of 150000
DEBUG: Total dvariable address used is 3928936 out of 50000000
DEBUG: Total gradient stack used is 410521 out of 10000000
DEBUG: Total dvariable address used is 2087 out of 150000
DEBUG: Total dvariable address used is 3928936 out of 50000000
DEBUG: Total gradient stack used is 410521 out of 10000000
DEBUG: Total dvariable address used is 2087 out of 150000
DEBUG: Total dvariable address used is 3928936 out of 50000000
DEBUG: Total gradient stack used is 410521 out of 10000000
DEBUG: Total dvariable address used is 2087 out of 150000
DEBUG: Total dvariable address used is 3928936 out of 50000000
DEBUG: Total gradient stack used is 410521 out of 10000000
DEBUG: Total dvariable address used is 2087 out of 150000
DEBUG: Total dvariable address used is 3928936 out of 50000000
DEBUG: Total gradient stack used is 410521 out of 10000000
DEBUG: Total dvariable address used is 2087 out of 150000
DEBUG: Total dvariable address used is 3928936 out of 50000000
DEBUG: Total gradient stack used is 410521 out of 10000000
DEBUG: Total dvariable address used is 2087 out of 150000
DEBUG: Total dvariable address used is 3928936 out of 50000000
DEBUG: Total gradient stack used is 410521 out of 10000000
DEBUG: Total dvariable address used is 2087 out of 150000
DEBUG: Total dvariable address used is 3928936 out of 50000000
DEBUG: Total gradient stack used is 410521 out of 10000000
DEBUG: Total dvariable address used is 2087 out of 150000
DEBUG: Total dvariable address used is 3928936 out of 50000000
DEBUG: Total gradient stack used is 410521 out of 10000000
DEBUG: Total dvariable address used is 2087 out of 150000
DEBUG: Total dvariable address used is 3928936 out of 50000000
DEBUG: Total gradient stack used is 410521 out of 10000000
DEBUG: Total dvariable address used is 2087 out of 150000
DEBUG: Total dvariable address used is 3928936 out of 50000000
DEBUG: Total gradient stack used is 410521 out of 10000000
DEBUG: Total dvariable address used is 2087 out of 150000
DEBUG: Total dvariable address used is 3928936 out of 50000000
DEBUG: Total gradient stack used is 410521 out of 10000000
DEBUG: Total dvariable address used is 2087 out of 150000
DEBUG: Total dvariable address used is 3928936 out of 50000000
DEBUG: Total gradient stack used is 410521 out of 10000000
DEBUG: Total dvariable address used is 2087 out of 150000
DEBUG: Total dvariable address used is 3928936 out of 50000000
DEBUG: Total gradient stack used is 410521 out of 10000000
DEBUG: Total dvariable address used is 2087 out of 150000
DEBUG: Total dvariable address used is 3928936 out of 50000000
DEBUG: Total gradient stack used is 410521 out of 10000000
DEBUG: Total dvariable address used is 2087 out of 150000
DEBUG: Total dvariable address used is 3928936 out of 50000000
DEBUG: Total gradient stack used is 410521 out of 10000000
DEBUG: Total dvariable address used is 2087 out of 150000
DEBUG: Total dvariable address used is 3928936 out of 50000000
DEBUG: Total gradient stack used is 410521 out of 10000000
DEBUG: Total dvariable address used is 2087 out of 150000
DEBUG: Total dvariable address used is 3928936 out of 50000000
DEBUG: Total gradient stack used is 410521 out of 10000000
DEBUG: Total dvariable address used is 2087 out of 150000
DEBUG: Total dvariable address used is 3928936 out of 50000000
DEBUG: Total gradient stack used is 410521 out of 10000000
DEBUG: Total dvariable address used is 2087 out of 150000
DEBUG: Total dvariable address used is 3928936 out of 50000000
DEBUG: Total gradient stack used is 410521 out of 10000000
DEBUG: Total dvariable address used is 2087 out of 150000
DEBUG: Total dvariable address used is 3928936 out of 50000000
DEBUG: Total gradient stack used is 410521 out of 10000000
DEBUG: Total dvariable address used is 2087 out of 150000
DEBUG: Total dvariable address used is 3928936 out of 50000000
DEBUG: Total gradient stack used is 410521 out of 10000000
DEBUG: Total dvariable address used is 2087 out of 150000
DEBUG: Total dvariable address used is 3928936 out of 50000000
DEBUG: Total gradient stack used is 410521 out of 10000000
DEBUG: Total dvariable address used is 2087 out of 150000
DEBUG: Total dvariable address used is 3928936 out of 50000000
DEBUG: Total gradient stack used is 410521 out of 10000000
DEBUG: Total dvariable address used is 2087 out of 150000
DEBUG: Total dvariable address used is 3928936 out of 50000000
DEBUG: Total gradient stack used is 410521 out of 10000000
DEBUG: Total dvariable address used is 2087 out of 150000
DEBUG: Total dvariable address used is 3928936 out of 50000000
DEBUG: Total gradient stack used is 410521 out of 10000000
DEBUG: Total dvariable address used is 2087 out of 150000
DEBUG: Total dvariable address used is 3928936 out of 50000000
DEBUG: Total gradient stack used is 410521 out of 10000000
DEBUG: Total dvariable address used is 2087 out of 150000
DEBUG: Total dvariable address used is 3928936 out of 50000000
DEBUG: Total gradient stack used is 410521 out of 10000000
DEBUG: Total dvariable address used is 2087 out of 150000
DEBUG: Total dvariable address used is 3928936 out of 50000000
DEBUG: Total gradient stack used is 410521 out of 10000000
DEBUG: Total dvariable address used is 2087 out of 150000
DEBUG: Total dvariable address used is 3928936 out of 50000000
DEBUG: Total gradient stack used is 410521 out of 10000000
DEBUG: Total dvariable address used is 2087 out of 150000
DEBUG: Total dvariable address used is 3928936 out of 50000000
DEBUG: Total gradient stack used is 410521 out of 10000000
DEBUG: Total dvariable address used is 2087 out of 150000
DEBUG: Total dvariable address used is 3928936 out of 50000000
DEBUG: Total gradient stack used is 410521 out of 10000000
DEBUG: Total dvariable address used is 2087 out of 150000
DEBUG: Total dvariable address used is 3928936 out of 50000000
DEBUG: Total gradient stack used is 410521 out of 10000000
DEBUG: Total dvariable address used is 2087 out of 150000
DEBUG: Total dvariable address used is 3928936 out of 50000000
DEBUG: Total gradient stack used is 410521 out of 10000000
DEBUG: Total dvariable address used is 2087 out of 150000
DEBUG: Total dvariable address used is 3928936 out of 50000000
DEBUG: Total gradient stack used is 410521 out of 10000000
DEBUG: Total dvariable address used is 2087 out of 150000
DEBUG: Total dvariable address used is 3928936 out of 50000000
DEBUG: Total gradient stack used is 410521 out of 10000000
DEBUG: Total dvariable address used is 2087 out of 150000
DEBUG: Total dvariable address used is 3928936 out of 50000000
DEBUG: Total gradient stack used is 410521 out of 10000000
DEBUG: Total dvariable address used is 2087 out of 150000
DEBUG: Total dvariable address used is 3928936 out of 50000000
DEBUG: Total gradient stack used is 410521 out of 10000000
DEBUG: Total dvariable address used is 2087 out of 150000
DEBUG: Total dvariable address used is 3928936 out of 50000000
DEBUG: Total gradient stack used is 410521 out of 10000000
DEBUG: Total dvariable address used is 2087 out of 150000
DEBUG: Total dvariable address used is 3928936 out of 50000000
DEBUG: Total gradient stack used is 410521 out of 10000000
DEBUG: Total dvariable address used is 2087 out of 150000
DEBUG: Total dvariable address used is 3928936 out of 50000000
DEBUG: Total gradient stack used is 410521 out of 10000000
DEBUG: Total dvariable address used is 2087 out of 150000
DEBUG: Total dvariable address used is 3928936 out of 50000000
DEBUG: Total gradient stack used is 410521 out of 10000000
DEBUG: Total dvariable address used is 2087 out of 150000
DEBUG: Total dvariable address used is 3928936 out of 50000000
DEBUG: Total gradient stack used is 410521 out of 10000000
DEBUG: Total dvariable address used is 2087 out of 150000
DEBUG: Total dvariable address used is 3928936 out of 50000000
DEBUG: Total gradient stack used is 410521 out of 10000000
DEBUG: Total dvariable address used is 2087 out of 150000
DEBUG: Total dvariable address used is 3928936 out of 50000000
DEBUG: Total gradient stack used is 410521 out of 10000000
DEBUG: Total dvariable address used is 2087 out of 150000
DEBUG: Total dvariable address used is 3928936 out of 50000000
DEBUG: Total gradient stack used is 410521 out of 10000000
DEBUG: Total dvariable address used is 2087 out of 150000
DEBUG: Total dvariable address used is 3928936 out of 50000000
DEBUG: Total gradient stack used is 410521 out of 10000000
DEBUG: Total dvariable address used is 2087 out of 150000
DEBUG: Total dvariable address used is 3928936 out of 50000000
DEBUG: Total gradient stack used is 410521 out of 10000000
DEBUG: Total dvariable address used is 2087 out of 150000
DEBUG: Total dvariable address used is 3928936 out of 50000000
DEBUG: Total gradient stack used is 410521 out of 10000000
DEBUG: Total dvariable address used is 2087 out of 150000
DEBUG: Total dvariable address used is 3928936 out of 50000000
DEBUG: Total gradient stack used is 410521 out of 10000000
DEBUG: Total dvariable address used is 2087 out of 150000
DEBUG: Total dvariable address used is 3928936 out of 50000000
DEBUG: Total gradient stack used is 410521 out of 10000000
DEBUG: Total dvariable address used is 2087 out of 150000
DEBUG: Total dvariable address used is 3928936 out of 50000000
DEBUG: Total gradient stack used is 410521 out of 10000000
DEBUG: Total dvariable address used is 2087 out of 150000
DEBUG: Total dvariable address used is 3928936 out of 50000000
DEBUG: Total gradient stack used is 410521 out of 10000000
DEBUG: Total dvariable address used is 2087 out of 150000
DEBUG: Total dvariable address used is 3928936 out of 50000000
DEBUG: Total gradient stack used is 410521 out of 10000000
DEBUG: Total dvariable address used is 2087 out of 150000
DEBUG: Total dvariable address used is 3928936 out of 50000000
DEBUG: Total gradient stack used is 410521 out of 10000000
DEBUG: Total dvariable address used is 2087 out of 150000
DEBUG: Total dvariable address used is 3928936 out of 50000000
DEBUG: Total gradient stack used is 410521 out of 10000000
DEBUG: Total dvariable address used is 2087 out of 150000
DEBUG: Total dvariable address used is 3928936 out of 50000000
DEBUG: Total gradient stack used is 410521 out of 10000000
DEBUG: Total dvariable address used is 2087 out of 150000
DEBUG: Total dvariable address used is 3928936 out of 50000000
DEBUG: Total gradient stack used is 410521 out of 10000000
DEBUG: Total dvariable address used is 2087 out of 150000
DEBUG: Total dvariable address used is 3928936 out of 50000000
DEBUG: Total gradient stack used is 410521 out of 10000000
DEBUG: Total dvariable address used is 2087 out of 150000
DEBUG: Total dvariable address used is 3928936 out of 50000000
DEBUG: Total gradient stack used is 410521 out of 10000000
DEBUG: Total dvariable address used is 2087 out of 150000
DEBUG: Total dvariable address used is 3928936 out of 50000000
DEBUG: Total gradient stack used is 410521 out of 10000000
DEBUG: Total dvariable address used is 2087 out of 150000
DEBUG: Total dvariable address used is 3928936 out of 50000000
DEBUG: Total gradient stack used is 410521 out of 10000000
DEBUG: Total dvariable address used is 2087 out of 150000
DEBUG: Total dvariable address used is 3928936 out of 50000000
DEBUG: Total gradient stack used is 410521 out of 10000000
DEBUG: Total dvariable address used is 2087 out of 150000
DEBUG: Total dvariable address used is 3928936 out of 50000000
DEBUG: Total gradient stack used is 410521 out of 10000000
DEBUG: Total dvariable address used is 2087 out of 150000
DEBUG: Total dvariable address used is 3928936 out of 50000000
DEBUG: Total gradient stack used is 410521 out of 10000000
DEBUG: Total dvariable address used is 2087 out of 150000
DEBUG: Total dvariable address used is 3928936 out of 50000000
DEBUG: Total gradient stack used is 410521 out of 10000000
DEBUG: Total dvariable address used is 2087 out of 150000
DEBUG: Total dvariable address used is 3928936 out of 50000000
DEBUG: Total gradient stack used is 410521 out of 10000000
DEBUG: Total dvariable address used is 2087 out of 150000
DEBUG: Total dvariable address used is 3928936 out of 50000000
DEBUG: Total gradient stack used is 410521 out of 10000000
DEBUG: Total dvariable address used is 2087 out of 150000
DEBUG: Total dvariable address used is 3928936 out of 50000000
DEBUG: Total gradient stack used is 410521 out of 10000000
DEBUG: Total dvariable address used is 2087 out of 150000
DEBUG: Total dvariable address used is 3928936 out of 50000000
DEBUG: Total gradient stack used is 410521 out of 10000000
DEBUG: Total dvariable address used is 2087 out of 150000
DEBUG: Total dvariable address used is 3928936 out of 50000000
DEBUG: Total gradient stack used is 410521 out of 10000000
DEBUG: Total dvariable address used is 2087 out of 150000
DEBUG: Total dvariable address used is 3928936 out of 50000000
DEBUG: Total gradient stack used is 410521 out of 10000000
DEBUG: Total dvariable address used is 2087 out of 150000
DEBUG: Total dvariable address used is 3928936 out of 50000000
DEBUG: Total gradient stack used is 410521 out of 10000000
DEBUG: Total dvariable address used is 2087 out of 150000
DEBUG: Total dvariable address used is 3928936 out of 50000000
DEBUG: Total gradient stack used is 410521 out of 10000000
DEBUG: Total dvariable address used is 2087 out of 150000
DEBUG: Total dvariable address used is 3928936 out of 50000000
DEBUG: Total gradient stack used is 410521 out of 10000000
DEBUG: Total dvariable address used is 2087 out of 150000
DEBUG: Total dvariable address used is 3928936 out of 50000000
DEBUG: Total gradient stack used is 410521 out of 10000000
DEBUG: Total dvariable address used is 2087 out of 150000
DEBUG: Total dvariable address used is 3928936 out of 50000000
DEBUG: Total gradient stack used is 410521 out of 10000000
DEBUG: Total dvariable address used is 2087 out of 150000
DEBUG: Total dvariable address used is 3928936 out of 50000000
DEBUG: Total gradient stack used is 410521 out of 10000000
DEBUG: Total dvariable address used is 2087 out of 150000
DEBUG: Total dvariable address used is 3928936 out of 50000000
DEBUG: Total gradient stack used is 410521 out of 10000000
DEBUG: Total dvariable address used is 2087 out of 150000
DEBUG: Total dvariable address used is 3928936 out of 50000000
DEBUG: Total gradient stack used is 410521 out of 10000000
DEBUG: Total dvariable address used is 2087 out of 150000
DEBUG: Total dvariable address used is 3928936 out of 50000000
DEBUG: Total gradient stack used is 410521 out of 10000000
DEBUG: Total dvariable address used is 2087 out of 150000
DEBUG: Total dvariable address used is 3928936 out of 50000000
DEBUG: Total gradient stack used is 410521 out of 10000000
DEBUG: Total dvariable address used is 2087 out of 150000
DEBUG: Total dvariable address used is 3928936 out of 50000000
DEBUG: Total gradient stack used is 410521 out of 10000000
DEBUG: Total dvariable address used is 2087 out of 150000
DEBUG: Total dvariable address used is 3928936 out of 50000000
DEBUG: Total gradient stack used is 410521 out of 10000000
DEBUG: Total dvariable address used is 2087 out of 150000
DEBUG: Total dvariable address used is 3928936 out of 50000000
DEBUG: Total gradient stack used is 410521 out of 10000000
DEBUG: Total dvariable address used is 2087 out of 150000
DEBUG: Total dvariable address used is 3928936 out of 50000000
DEBUG: Total gradient stack used is 410521 out of 10000000
DEBUG: Total dvariable address used is 2087 out of 150000
DEBUG: Total dvariable address used is 3928936 out of 50000000
DEBUG: Total gradient stack used is 410521 out of 10000000
DEBUG: Total dvariable address used is 2087 out of 150000
DEBUG: Total dvariable address used is 3928936 out of 50000000
DEBUG: Total gradient stack used is 410521 out of 10000000
DEBUG: Total dvariable address used is 2087 out of 150000
DEBUG: Total dvariable address used is 3928936 out of 50000000
DEBUG: Total gradient stack used is 410521 out of 10000000
DEBUG: Total dvariable address used is 2087 out of 150000
DEBUG: Total dvariable address used is 3928936 out of 50000000
DEBUG: Total gradient stack used is 410521 out of 10000000
DEBUG: Total dvariable address used is 2087 out of 150000
DEBUG: Total dvariable address used is 3928936 out of 50000000
DEBUG: Total gradient stack used is 410521 out of 10000000
DEBUG: Total dvariable address used is 2087 out of 150000
DEBUG: Total dvariable address used is 3928936 out of 50000000
DEBUG: Total gradient stack used is 410521 out of 10000000
DEBUG: Total dvariable address used is 2087 out of 150000
DEBUG: Total dvariable address used is 3928936 out of 50000000
DEBUG: Total gradient stack used is 410521 out of 10000000
DEBUG: Total dvariable address used is 2087 out of 150000
DEBUG: Total dvariable address used is 3928936 out of 50000000
DEBUG: Total gradient stack used is 410521 out of 10000000
DEBUG: Total dvariable address used is 2087 out of 150000
DEBUG: Total dvariable address used is 3928936 out of 50000000
DEBUG: Total gradient stack used is 410521 out of 10000000
DEBUG: Total dvariable address used is 2087 out of 150000
DEBUG: Total dvariable address used is 3928936 out of 50000000
DEBUG: Total gradient stack used is 410521 out of 10000000
DEBUG: Total dvariable address used is 2087 out of 150000
DEBUG: Total dvariable address used is 3928936 out of 50000000
DEBUG: Total gradient stack used is 410521 out of 10000000
DEBUG: Total dvariable address used is 2087 out of 150000
DEBUG: Total dvariable address used is 3928936 out of 50000000
DEBUG: Total gradient stack used is 410521 out of 10000000
DEBUG: Total dvariable address used is 2087 out of 150000
DEBUG: Total dvariable address used is 3928936 out of 50000000
DEBUG: Total gradient stack used is 410521 out of 10000000
DEBUG: Total dvariable address used is 2087 out of 150000
DEBUG: Total dvariable address used is 3928936 out of 50000000
DEBUG: Total gradient stack used is 410521 out of 10000000
DEBUG: Total dvariable address used is 2087 out of 150000
DEBUG: Total dvariable address used is 3928936 out of 50000000
DEBUG: Total gradient stack used is 410521 out of 10000000
DEBUG: Total dvariable address used is 2087 out of 150000
DEBUG: Total dvariable address used is 3928936 out of 50000000
DEBUG: Total gradient stack used is 410521 out of 10000000
DEBUG: Total dvariable address used is 2087 out of 150000
DEBUG: Total dvariable address used is 3928936 out of 50000000
DEBUG: Total gradient stack used is 410521 out of 10000000
DEBUG: Total dvariable address used is 2087 out of 150000
DEBUG: Total dvariable address used is 3928936 out of 50000000
DEBUG: Total gradient stack used is 410521 out of 10000000
DEBUG: Total dvariable address used is 2087 out of 150000
DEBUG: Total dvariable address used is 3928936 out of 50000000
DEBUG: Total gradient stack used is 410521 out of 10000000
DEBUG: Total dvariable address used is 2087 out of 150000
DEBUG: Total dvariable address used is 3928936 out of 50000000
DEBUG: Total gradient stack used is 410521 out of 10000000
DEBUG: Total dvariable address used is 2087 out of 150000
DEBUG: Total dvariable address used is 3928936 out of 50000000
DEBUG: Total gradient stack used is 410521 out of 10000000
DEBUG: Total dvariable address used is 2087 out of 150000
DEBUG: Total dvariable address used is 3928936 out of 50000000
DEBUG: Total gradient stack used is 410521 out of 10000000
DEBUG: Total dvariable address used is 2087 out of 150000
DEBUG: Total dvariable address used is 3928936 out of 50000000
DEBUG: Total gradient stack used is 410521 out of 10000000
DEBUG: Total dvariable address used is 2087 out of 150000
DEBUG: Total dvariable address used is 3928936 out of 50000000
DEBUG: Total gradient stack used is 410521 out of 10000000
DEBUG: Total dvariable address used is 2087 out of 150000
DEBUG: Total dvariable address used is 3928936 out of 50000000
DEBUG: Total gradient stack used is 410521 out of 10000000
DEBUG: Total dvariable address used is 2087 out of 150000
DEBUG: Total dvariable address used is 3928936 out of 50000000
DEBUG: Total gradient stack used is 410521 out of 10000000
DEBUG: Total dvariable address used is 2087 out of 150000
DEBUG: Total dvariable address used is 3928936 out of 50000000
DEBUG: Total gradient stack used is 410521 out of 10000000
DEBUG: Total dvariable address used is 2087 out of 150000
DEBUG: Total dvariable address used is 3928936 out of 50000000
DEBUG: Total gradient stack used is 410521 out of 10000000
DEBUG: Total dvariable address used is 2087 out of 150000
DEBUG: Total dvariable address used is 3928936 out of 50000000
DEBUG: Total gradient stack used is 410521 out of 10000000
DEBUG: Total dvariable address used is 2087 out of 150000
DEBUG: Total dvariable address used is 3928936 out of 50000000
DEBUG: Total gradient stack used is 410521 out of 10000000
DEBUG: Total dvariable address used is 2087 out of 150000
DEBUG: Total dvariable address used is 3928936 out of 50000000
DEBUG: Total gradient stack used is 410521 out of 10000000
DEBUG: Total dvariable address used is 2087 out of 150000
DEBUG: Total dvariable address used is 3928936 out of 50000000
DEBUG: Total gradient stack used is 410521 out of 10000000
DEBUG: Total dvariable address used is 2087 out of 150000
DEBUG: Total dvariable address used is 3928936 out of 50000000
DEBUG: Total gradient stack used is 410521 out of 10000000
DEBUG: Total dvariable address used is 2087 out of 150000
DEBUG: Total dvariable address used is 3928936 out of 50000000
DEBUG: Total gradient stack used is 410521 out of 10000000
DEBUG: Total dvariable address used is 2087 out of 150000
DEBUG: Total dvariable address used is 3928936 out of 50000000
DEBUG: Total gradient stack used is 410521 out of 10000000
DEBUG: Total dvariable address used is 2087 out of 150000
DEBUG: Total dvariable address used is 3928936 out of 50000000
DEBUG: Total gradient stack used is 410521 out of 10000000
DEBUG: Total dvariable address used is 2087 out of 150000
DEBUG: Total dvariable address used is 3928936 out of 50000000
DEBUG: Total gradient stack used is 410521 out of 10000000
DEBUG: Total dvariable address used is 2087 out of 150000
DEBUG: Total dvariable address used is 3928936 out of 50000000
DEBUG: Total gradient stack used is 410521 out of 10000000
DEBUG: Total dvariable address used is 2087 out of 150000
DEBUG: Total dvariable address used is 3928936 out of 50000000
DEBUG: Total gradient stack used is 410521 out of 10000000
DEBUG: Total dvariable address used is 2087 out of 150000
DEBUG: Total dvariable address used is 3928936 out of 50000000
DEBUG: Total gradient stack used is 410521 out of 10000000
DEBUG: Total dvariable address used is 2087 out of 150000
DEBUG: Total dvariable address used is 3928936 out of 50000000
DEBUG: Total gradient stack used is 410521 out of 10000000
DEBUG: Total dvariable address used is 2087 out of 150000
DEBUG: Total dvariable address used is 3928936 out of 50000000
DEBUG: Total gradient stack used is 410521 out of 10000000
DEBUG: Total dvariable address used is 2087 out of 150000
DEBUG: Total dvariable address used is 3928936 out of 50000000
DEBUG: Total gradient stack used is 410521 out of 10000000
DEBUG: Total dvariable address used is 2087 out of 150000
DEBUG: Total dvariable address used is 3928936 out of 50000000
DEBUG: Total gradient stack used is 410521 out of 10000000
DEBUG: Total dvariable address used is 2087 out of 150000
DEBUG: Total dvariable address used is 3928936 out of 50000000
DEBUG: Total gradient stack used is 410521 out of 10000000
DEBUG: Total dvariable address used is 2087 out of 150000
DEBUG: Total dvariable address used is 3928936 out of 50000000
DEBUG: Total gradient stack used is 410521 out of 10000000
DEBUG: Total dvariable address used is 2087 out of 150000
DEBUG: Total dvariable address used is 3928936 out of 50000000
DEBUG: Total gradient stack used is 410521 out of 10000000
DEBUG: Total dvariable address used is 2087 out of 150000
DEBUG: Total dvariable address used is 3928936 out of 50000000
DEBUG: Total gradient stack used is 410521 out of 10000000
DEBUG: Total dvariable address used is 2087 out of 150000
DEBUG: Total dvariable address used is 3928936 out of 50000000
DEBUG: Total gradient stack used is 410521 out of 10000000
DEBUG: Total dvariable address used is 2087 out of 150000
DEBUG: Total dvariable address used is 3928936 out of 50000000
DEBUG: Total gradient stack used is 410521 out of 10000000
DEBUG: Total dvariable address used is 2087 out of 150000
DEBUG: Total dvariable address used is 3928936 out of 50000000
DEBUG: Total gradient stack used is 410521 out of 10000000
DEBUG: Total dvariable address used is 2087 out of 150000
DEBUG: Total dvariable address used is 3928936 out of 50000000
DEBUG: Total gradient stack used is 410521 out of 10000000
DEBUG: Total dvariable address used is 2087 out of 150000
DEBUG: Total dvariable address used is 3928936 out of 50000000
DEBUG: Total gradient stack used is 410521 out of 10000000
DEBUG: Total dvariable address used is 2087 out of 150000
DEBUG: Total dvariable address used is 3928936 out of 50000000
DEBUG: Total gradient stack used is 410521 out of 10000000
DEBUG: Total dvariable address used is 2087 out of 150000
DEBUG: Total dvariable address used is 3928936 out of 50000000
DEBUG: Total gradient stack used is 410521 out of 10000000
DEBUG: Total dvariable address used is 2087 out of 150000
DEBUG: Total dvariable address used is 3928936 out of 50000000
DEBUG: Total gradient stack used is 410521 out of 10000000
DEBUG: Total dvariable address used is 2087 out of 150000
DEBUG: Total dvariable address used is 3928936 out of 50000000
DEBUG: Total gradient stack used is 410521 out of 10000000
DEBUG: Total dvariable address used is 2087 out of 150000
DEBUG: Total dvariable address used is 3928936 out of 50000000
DEBUG: Total gradient stack used is 410521 out of 10000000
DEBUG: Total dvariable address used is 2087 out of 150000
DEBUG: Total dvariable address used is 3928936 out of 50000000
DEBUG: Total gradient stack used is 410521 out of 10000000
DEBUG: Total dvariable address used is 2087 out of 150000
DEBUG: Total dvariable address used is 3928936 out of 50000000
DEBUG: Total gradient stack used is 410521 out of 10000000
DEBUG: Total dvariable address used is 2087 out of 150000
DEBUG: Total dvariable address used is 3928936 out of 50000000
DEBUG: Total gradient stack used is 410521 out of 10000000
DEBUG: Total dvariable address used is 2087 out of 150000
DEBUG: Total dvariable address used is 3928936 out of 50000000
DEBUG: Total gradient stack used is 410521 out of 10000000
DEBUG: Total dvariable address used is 2087 out of 150000
DEBUG: Total dvariable address used is 3928936 out of 50000000
DEBUG: Total gradient stack used is 410521 out of 10000000
DEBUG: Total dvariable address used is 2087 out of 150000
DEBUG: Total dvariable address used is 3928936 out of 50000000
DEBUG: Total gradient stack used is 410521 out of 10000000
DEBUG: Total dvariable address used is 2087 out of 150000
DEBUG: Total dvariable address used is 3928936 out of 50000000
DEBUG: Total gradient stack used is 410521 out of 10000000
DEBUG: Total dvariable address used is 2087 out of 150000
DEBUG: Total dvariable address used is 3928936 out of 50000000
DEBUG: Total gradient stack used is 410521 out of 10000000
DEBUG: Total dvariable address used is 2087 out of 150000
DEBUG: Total dvariable address used is 3928936 out of 50000000
DEBUG: Total gradient stack used is 410521 out of 10000000
DEBUG: Total dvariable address used is 2087 out of 150000
DEBUG: Total dvariable address used is 3928936 out of 50000000
DEBUG: Total gradient stack used is 410521 out of 10000000
DEBUG: Total dvariable address used is 2087 out of 150000
DEBUG: Total dvariable address used is 3928936 out of 50000000
DEBUG: Total gradient stack used is 410521 out of 10000000
DEBUG: Total dvariable address used is 2087 out of 150000
DEBUG: Total dvariable address used is 3928936 out of 50000000
DEBUG: Total gradient stack used is 410521 out of 10000000
DEBUG: Total dvariable address used is 2087 out of 150000
DEBUG: Total dvariable address used is 3928936 out of 50000000
DEBUG: Total gradient stack used is 410521 out of 10000000
DEBUG: Total dvariable address used is 2087 out of 150000
DEBUG: Total dvariable address used is 3928936 out of 50000000
DEBUG: Total gradient stack used is 410521 out of 10000000
DEBUG: Total dvariable address used is 2087 out of 150000
DEBUG: Total dvariable address used is 3928936 out of 50000000
DEBUG: Total gradient stack used is 410521 out of 10000000
DEBUG: Total dvariable address used is 2087 out of 150000
DEBUG: Total dvariable address used is 3928936 out of 50000000
DEBUG: Total gradient stack used is 410521 out of 10000000
DEBUG: Total dvariable address used is 2087 out of 150000
DEBUG: Total dvariable address used is 3928936 out of 50000000
DEBUG: Total gradient stack used is 410521 out of 10000000
DEBUG: Total dvariable address used is 2087 out of 150000
DEBUG: Total dvariable address used is 3928936 out of 50000000
DEBUG: Total gradient stack used is 410521 out of 10000000
DEBUG: Total dvariable address used is 2087 out of 150000
DEBUG: Total dvariable address used is 3928936 out of 50000000
DEBUG: Total gradient stack used is 410521 out of 10000000
DEBUG: Total dvariable address used is 2087 out of 150000
DEBUG: Total dvariable address used is 3928936 out of 50000000
DEBUG: Total gradient stack used is 410521 out of 10000000
DEBUG: Total dvariable address used is 2087 out of 150000
DEBUG: Total dvariable address used is 3928936 out of 50000000
DEBUG: Total gradient stack used is 410521 out of 10000000
DEBUG: Total dvariable address used is 2087 out of 150000
DEBUG: Total dvariable address used is 3928936 out of 50000000
DEBUG: Total gradient stack used is 410521 out of 10000000
DEBUG: Total dvariable address used is 2087 out of 150000
DEBUG: Total dvariable address used is 3928936 out of 50000000
DEBUG: Total gradient stack used is 410521 out of 10000000
DEBUG: Total dvariable address used is 2087 out of 150000
DEBUG: Total dvariable address used is 3928936 out of 50000000
DEBUG: Total gradient stack used is 410521 out of 10000000
DEBUG: Total dvariable address used is 2087 out of 150000
DEBUG: Total dvariable address used is 3928936 out of 50000000
DEBUG: Total gradient stack used is 410521 out of 10000000
DEBUG: Total dvariable address used is 2087 out of 150000
DEBUG: Total dvariable address used is 3928936 out of 50000000
DEBUG: Total gradient stack used is 410521 out of 10000000
DEBUG: Total dvariable address used is 2087 out of 150000
DEBUG: Total dvariable address used is 3928936 out of 50000000
DEBUG: Total gradient stack used is 410521 out of 10000000
DEBUG: Total dvariable address used is 2087 out of 150000
DEBUG: Total dvariable address used is 3928936 out of 50000000
DEBUG: Total gradient stack used is 410521 out of 10000000
DEBUG: Total dvariable address used is 2087 out of 150000
DEBUG: Total dvariable address used is 3928936 out of 50000000
DEBUG: Total gradient stack used is 410521 out of 10000000
DEBUG: Total dvariable address used is 2087 out of 150000
DEBUG: Total dvariable address used is 3928936 out of 50000000
DEBUG: Total gradient stack used is 410521 out of 10000000
DEBUG: Total dvariable address used is 2087 out of 150000
DEBUG: Total dvariable address used is 3928936 out of 50000000
DEBUG: Total gradient stack used is 410521 out of 10000000
DEBUG: Total dvariable address used is 2087 out of 150000
DEBUG: Total dvariable address used is 3928936 out of 50000000
DEBUG: Total gradient stack used is 410521 out of 10000000
DEBUG: Total dvariable address used is 2087 out of 150000
DEBUG: Total dvariable address used is 3928936 out of 50000000
DEBUG: Total gradient stack used is 410521 out of 10000000
DEBUG: Total dvariable address used is 2087 out of 150000
DEBUG: Total dvariable address used is 3928936 out of 50000000
DEBUG: Total gradient stack used is 410521 out of 10000000
DEBUG: Total dvariable address used is 2087 out of 150000
DEBUG: Total dvariable address used is 3928936 out of 50000000
DEBUG: Total gradient stack used is 410521 out of 10000000
DEBUG: Total dvariable address used is 2087 out of 150000
DEBUG: Total dvariable address used is 3928936 out of 50000000
DEBUG: Total gradient stack used is 410521 out of 10000000
DEBUG: Total dvariable address used is 2087 out of 150000
DEBUG: Total dvariable address used is 3928936 out of 50000000
DEBUG: Total gradient stack used is 410521 out of 10000000
DEBUG: Total dvariable address used is 2087 out of 150000
DEBUG: Total dvariable address used is 3928936 out of 50000000
DEBUG: Total gradient stack used is 410521 out of 10000000
DEBUG: Total dvariable address used is 2087 out of 150000
DEBUG: Total dvariable address used is 3928936 out of 50000000
DEBUG: Total gradient stack used is 410521 out of 10000000
DEBUG: Total dvariable address used is 2087 out of 150000
DEBUG: Total dvariable address used is 3928936 out of 50000000
DEBUG: Total gradient stack used is 410521 out of 10000000
DEBUG: Total dvariable address used is 2087 out of 150000
DEBUG: Total dvariable address used is 3928936 out of 50000000
DEBUG: Total gradient stack used is 410521 out of 10000000
DEBUG: Total dvariable address used is 2087 out of 150000
DEBUG: Total dvariable address used is 3928936 out of 50000000
DEBUG: Total gradient stack used is 410521 out of 10000000
DEBUG: Total dvariable address used is 2087 out of 150000
DEBUG: Total dvariable address used is 3928936 out of 50000000
DEBUG: Total gradient stack used is 410521 out of 10000000
DEBUG: Total dvariable address used is 2087 out of 150000
DEBUG: Total dvariable address used is 3928936 out of 50000000
DEBUG: Total gradient stack used is 410521 out of 10000000
DEBUG: Total dvariable address used is 2087 out of 150000
DEBUG: Total dvariable address used is 3928936 out of 50000000
DEBUG: Total gradient stack used is 410521 out of 10000000
DEBUG: Total dvariable address used is 2087 out of 150000
DEBUG: Total dvariable address used is 3928936 out of 50000000
DEBUG: Total gradient stack used is 410521 out of 10000000
DEBUG: Total dvariable address used is 2087 out of 150000
DEBUG: Total dvariable address used is 3928936 out of 50000000
DEBUG: Total gradient stack used is 410521 out of 10000000
DEBUG: Total dvariable address used is 2087 out of 150000
DEBUG: Total dvariable address used is 3928936 out of 50000000
DEBUG: Total gradient stack used is 410521 out of 10000000
DEBUG: Total dvariable address used is 2087 out of 150000
DEBUG: Total dvariable address used is 3928936 out of 50000000
DEBUG: Total gradient stack used is 410521 out of 10000000
DEBUG: Total dvariable address used is 2087 out of 150000
DEBUG: Total dvariable address used is 3928936 out of 50000000
DEBUG: Total gradient stack used is 410521 out of 10000000
DEBUG: Total dvariable address used is 2087 out of 150000
DEBUG: Total dvariable address used is 3928936 out of 50000000
DEBUG: Total gradient stack used is 410521 out of 10000000
DEBUG: Total dvariable address used is 2087 out of 150000
DEBUG: Total dvariable address used is 3928936 out of 50000000
DEBUG: Total gradient stack used is 410521 out of 10000000
DEBUG: Total dvariable address used is 2087 out of 150000
DEBUG: Total dvariable address used is 3928936 out of 50000000
DEBUG: Total gradient stack used is 410521 out of 10000000
DEBUG: Total dvariable address used is 2087 out of 150000
DEBUG: Total dvariable address used is 3928936 out of 50000000
DEBUG: Total gradient stack used is 410521 out of 10000000
DEBUG: Total dvariable address used is 2087 out of 150000
DEBUG: Total dvariable address used is 3928936 out of 50000000
DEBUG: Total gradient stack used is 410521 out of 10000000
DEBUG: Total dvariable address used is 2087 out of 150000
DEBUG: Total dvariable address used is 3928936 out of 50000000
DEBUG: Total gradient stack used is 410521 out of 10000000
DEBUG: Total dvariable address used is 2087 out of 150000
DEBUG: Total dvariable address used is 3928936 out of 50000000
DEBUG: Total gradient stack used is 410521 out of 10000000
DEBUG: Total dvariable address used is 2087 out of 150000
DEBUG: Total dvariable address used is 3928936 out of 50000000
DEBUG: Total gradient stack used is 410521 out of 10000000
DEBUG: Total dvariable address used is 2087 out of 150000
DEBUG: Total dvariable address used is 3928936 out of 50000000
DEBUG: Total gradient stack used is 410521 out of 10000000
DEBUG: Total dvariable address used is 2087 out of 150000
DEBUG: Total dvariable address used is 3928936 out of 50000000
DEBUG: Total gradient stack used is 410521 out of 10000000
DEBUG: Total dvariable address used is 2087 out of 150000
DEBUG: Total dvariable address used is 3928936 out of 50000000
DEBUG: Total gradient stack used is 410521 out of 10000000
DEBUG: Total dvariable address used is 2087 out of 150000
DEBUG: Total dvariable address used is 3928936 out of 50000000
DEBUG: Total gradient stack used is 410521 out of 10000000
DEBUG: Total dvariable address used is 2087 out of 150000
DEBUG: Total dvariable address used is 3928936 out of 50000000
DEBUG: Total gradient stack used is 410521 out of 10000000
DEBUG: Total dvariable address used is 2087 out of 150000
DEBUG: Total dvariable address used is 3928936 out of 50000000
DEBUG: Total gradient stack used is 410521 out of 10000000
DEBUG: Total dvariable address used is 2087 out of 150000
DEBUG: Total dvariable address used is 3928936 out of 50000000
DEBUG: Total gradient stack used is 410521 out of 10000000
DEBUG: Total dvariable address used is 2087 out of 150000
DEBUG: Total dvariable address used is 3928936 out of 50000000
DEBUG: Total gradient stack used is 410521 out of 10000000
DEBUG: Total dvariable address used is 2087 out of 150000
DEBUG: Total dvariable address used is 3928936 out of 50000000
DEBUG: Total gradient stack used is 410521 out of 10000000
DEBUG: Total dvariable address used is 2087 out of 150000
DEBUG: Total dvariable address used is 3928936 out of 50000000
DEBUG: Total gradient stack used is 410521 out of 10000000
DEBUG: Total dvariable address used is 2087 out of 150000
DEBUG: Total dvariable address used is 3928936 out of 50000000
DEBUG: Total gradient stack used is 410521 out of 10000000
DEBUG: Total dvariable address used is 2087 out of 150000
DEBUG: Total dvariable address used is 3928936 out of 50000000
DEBUG: Total gradient stack used is 410521 out of 10000000
DEBUG: Total dvariable address used is 2087 out of 150000
DEBUG: Total dvariable address used is 3928936 out of 50000000
DEBUG: Total gradient stack used is 410521 out of 10000000
DEBUG: Total dvariable address used is 2087 out of 150000
DEBUG: Total dvariable address used is 3928936 out of 50000000
DEBUG: Total gradient stack used is 410521 out of 10000000
DEBUG: Total dvariable address used is 2087 out of 150000
DEBUG: Total dvariable address used is 3928936 out of 50000000
DEBUG: Total gradient stack used is 410521 out of 10000000
DEBUG: Total dvariable address used is 2087 out of 150000
DEBUG: Total dvariable address used is 3928936 out of 50000000
DEBUG: Total gradient stack used is 410521 out of 10000000
DEBUG: Total dvariable address used is 2087 out of 150000
DEBUG: Total dvariable address used is 3928936 out of 50000000
DEBUG: Total gradient stack used is 410521 out of 10000000
DEBUG: Total dvariable address used is 2087 out of 150000
DEBUG: Total dvariable address used is 3928936 out of 50000000
DEBUG: Total gradient stack used is 410521 out of 10000000
DEBUG: Total dvariable address used is 2087 out of 150000
DEBUG: Total dvariable address used is 3928936 out of 50000000
DEBUG: Total gradient stack used is 410521 out of 10000000
DEBUG: Total dvariable address used is 2087 out of 150000
DEBUG: Total dvariable address used is 3928936 out of 50000000
DEBUG: Total gradient stack used is 410521 out of 10000000
DEBUG: Total dvariable address used is 2087 out of 150000
DEBUG: Total dvariable address used is 3928936 out of 50000000
DEBUG: Total gradient stack used is 410521 out of 10000000
DEBUG: Total dvariable address used is 2087 out of 150000
DEBUG: Total dvariable address used is 3928936 out of 50000000
DEBUG: Total gradient stack used is 410521 out of 10000000
DEBUG: Total dvariable address used is 2087 out of 150000
DEBUG: Total dvariable address used is 3928936 out of 50000000
DEBUG: Total gradient stack used is 410521 out of 10000000
DEBUG: Total dvariable address used is 2087 out of 150000
DEBUG: Total dvariable address used is 3928936 out of 50000000
DEBUG: Total gradient stack used is 410521 out of 10000000
DEBUG: Total dvariable address used is 2087 out of 150000
DEBUG: Total dvariable address used is 3928936 out of 50000000
DEBUG: Total gradient stack used is 410521 out of 10000000
DEBUG: Total dvariable address used is 2087 out of 150000
DEBUG: Total dvariable address used is 3928936 out of 50000000
DEBUG: Total gradient stack used is 410521 out of 10000000
DEBUG: Total dvariable address used is 2087 out of 150000
DEBUG: Total dvariable address used is 3928936 out of 50000000
DEBUG: Total gradient stack used is 410521 out of 10000000
DEBUG: Total dvariable address used is 2087 out of 150000
DEBUG: Total dvariable address used is 3928936 out of 50000000
DEBUG: Total gradient stack used is 410521 out of 10000000
DEBUG: Total dvariable address used is 2087 out of 150000
DEBUG: Total dvariable address used is 3928936 out of 50000000
DEBUG: Total gradient stack used is 410521 out of 10000000
DEBUG: Total dvariable address used is 2087 out of 150000
DEBUG: Total dvariable address used is 3928936 out of 50000000
DEBUG: Total gradient stack used is 410521 out of 10000000
DEBUG: Total dvariable address used is 2087 out of 150000
DEBUG: Total dvariable address used is 3928936 out of 50000000
DEBUG: Total gradient stack used is 410521 out of 10000000
DEBUG: Total dvariable address used is 2087 out of 150000
DEBUG: Total dvariable address used is 3928936 out of 50000000
DEBUG: Total gradient stack used is 410521 out of 10000000
DEBUG: Total dvariable address used is 2087 out of 150000
DEBUG: Total dvariable address used is 3928936 out of 50000000
DEBUG: Total gradient stack used is 410521 out of 10000000
DEBUG: Total dvariable address used is 2087 out of 150000
DEBUG: Total dvariable address used is 3928936 out of 50000000
DEBUG: Total gradient stack used is 410521 out of 10000000
DEBUG: Total dvariable address used is 2087 out of 150000
DEBUG: Total dvariable address used is 3928936 out of 50000000
DEBUG: Total gradient stack used is 410521 out of 10000000
DEBUG: Total dvariable address used is 2087 out of 150000
DEBUG: Total dvariable address used is 3928936 out of 50000000
DEBUG: Total gradient stack used is 410521 out of 10000000
DEBUG: Total dvariable address used is 2087 out of 150000
DEBUG: Total dvariable address used is 3928936 out of 50000000
DEBUG: Total gradient stack used is 410521 out of 10000000
DEBUG: Total dvariable address used is 2087 out of 150000
DEBUG: Total dvariable address used is 3928936 out of 50000000
DEBUG: Total gradient stack used is 410521 out of 10000000
DEBUG: Total dvariable address used is 2087 out of 150000
DEBUG: Total dvariable address used is 3928936 out of 50000000
DEBUG: Total gradient stack used is 410521 out of 10000000
DEBUG: Total dvariable address used is 2087 out of 150000
DEBUG: Total dvariable address used is 3928936 out of 50000000
DEBUG: Total gradient stack used is 410521 out of 10000000
DEBUG: Total dvariable address used is 2087 out of 150000
DEBUG: Total dvariable address used is 3928936 out of 50000000
DEBUG: Total gradient stack used is 410521 out of 10000000
DEBUG: Total dvariable address used is 2087 out of 150000
DEBUG: Total dvariable address used is 3928936 out of 50000000
DEBUG: Total gradient stack used is 410521 out of 10000000
DEBUG: Total dvariable address used is 2087 out of 150000
DEBUG: Total dvariable address used is 3928936 out of 50000000
DEBUG: Total gradient stack used is 410521 out of 10000000
DEBUG: Total dvariable address used is 2087 out of 150000
DEBUG: Total dvariable address used is 3928936 out of 50000000
DEBUG: Total gradient stack used is 410521 out of 10000000
DEBUG: Total dvariable address used is 2087 out of 150000
DEBUG: Total dvariable address used is 3928936 out of 50000000
, 100%DEBUG: Total gradient stack used is 410521 out of 10000000
DEBUG: Total dvariable address used is 2087 out of 150000
DEBUG: Total dvariable address used is 3928936 out of 50000000
DEBUG: Total gradient stack used is 410521 out of 10000000
DEBUG: Total dvariable address used is 2087 out of 150000
DEBUG: Total dvariable address used is 3928936 out of 50000000
DEBUG: Total gradient stack used is 410521 out of 10000000
DEBUG: Total dvariable address used is 2087 out of 150000
DEBUG: Total dvariable address used is 3928936 out of 50000000
DEBUG: Total gradient stack used is 410521 out of 10000000
DEBUG: Total dvariable address used is 2087 out of 150000
DEBUG: Total dvariable address used is 3928936 out of 50000000
 done (40 s) 
Differentiating 4 derived quantities: DEBUG: Total gradient stack used is 2811111 out of 10000000
DEBUG: Total dvariable address used is 2087 out of 150000
DEBUG: Total dvariable address used is 3928936 out of 50000000
1, 2, 3, 4 done (7 m 15 s) 
Inverting Hessian (407 variables): 20%, 40%, 60%, 80%, 100% done (0.54 s) 
Starting standard error calculations... 
 Warning: Non-positive variance of sdreport variables: 909, 910, 913, 914, 917, 918
 done (1.8 s) 
Starting FINAL_SECTION
+--------------------------+
| Beginning report section |
+--------------------------+
last phase
Finished WriteFiles
Finished CreateOutput
nsel_patterns = 16
nsel_use      = 8
deleting ppSLX array w/ 8 sel patterns
deleting ppSLX[0]
deleted ppSLX[0]
deleting ppSLX[1]
deleted ppSLX[1]
deleting ppSLX[2]
deleted ppSLX[2]
deleting ppSLX[3]
deleted ppSLX[3]
deleting ppSLX[4]
deleted ppSLX[4]
deleting ppSLX[5]
deleted ppSLX[5]
deleting ppSLX[6]
deleted ppSLX[6]
deleting ppSLX[7]
deleted ppSLX[7]
Finished deleting ppSLX

Starting time statistics


*******************************************


-------------------------------------------
--Start time: Fri Aug 28 16:16:24 2026

--Finish time: Fri Aug 28 16:25:19 2026

--Runtime: 0 hours, 8 minutes, 55 seconds
--Number of function evaluations: 4015
*******************************************

Finished running model 'gmacs' after 8 m 55 s.

./gmacs elapsed time is 534738287 microseconds.
