crab_year,fishery,size,sex,shell,total
1990,QP90,80,1,new,2
1990,QP90,95,1,new,1
1990,QP90,113,1,old,1
1990,TR90,89,1,old,1
1990,TR90,101,1,new,1
1990,TR90,124,1,new,1
1991,QP91,73,1,new,1
1991,QP91,80,1,new,2
1991,QP91,88,1,new,3
1991,QP91,89,1,new,1
1991,QP91,90,1,new,1
1991,QP91,91,1,new,1
1991,QP91,93,1,new,1
1991,QP91,93,1,old,1
1991,QP91,94,1,new,1
1991,QP91,95,1,new,1
1991,QP91,97,1,new,1
1991,QP91,99,1,new,1
1991,QP91,100,1,old,1
1991,QP91,101,1,new,1
1991,QP91,102,1,new,1
1991,QP91,104,1,new,1
1991,QP91,110,1,new,1
1991,QP91,112,1,new,2
1991,QP91,113,1,new,2
1991,QP91,114,1,new,1
1991,QP91,115,1,new,1
1991,QP91,116,1,new,1
1991,QP91,120,1,old,1
1991,QP91,124,1,new,1
1991,QP91,132,1,new,1
1991,QP91,140,1,old,1
1991,QP91,143,1,new,1
1991,QP91,148,1,new,1
1991,QP91,149,1,new,1
1991,QP91,152,1,old,1
1991,QP91,156,1,new,1
1991,QP91,160,1,new,1
1991,QT91,55,1,new,1
1991,QT91,58,2,new,2
1991,QT91,59,2,new,2
1991,QT91,60,1,old,1
1991,QT91,60,2,old,1
1991,QT91,61,2,new,4
1991,QT91,62,2,old,1
1991,QT91,63,2,new,1
1991,QT91,63,2,old,2
1991,QT91,64,1,old,1
1991,QT91,64,2,new,1
1991,QT91,64,2,old,2
1991,QT91,65,2,new,3
1991,QT91,66,2,new,2
1991,QT91,66,2,old,2
1991,QT91,67,1,new,1
1991,QT91,67,1,old,1
1991,QT91,67,2,new,4
1991,QT91,67,2,old,2
1991,QT91,68,1,old,2
1991,QT91,68,2,new,4
1991,QT91,68,2,old,2
1991,QT91,69,1,new,1
1991,QT91,69,2,new,4
1991,QT91,69,2,old,3
1991,QT91,70,1,old,1
1991,QT91,70,2,new,1
1991,QT91,70,2,old,5
1991,QT91,71,1,new,1
1991,QT91,71,1,old,1
1991,QT91,71,2,new,4
1991,QT91,71,2,old,1
1991,QT91,72,1,new,5
1991,QT91,72,1,old,2
1991,QT91,72,2,new,6
1991,QT91,72,2,old,2
1991,QT91,73,1,new,2
1991,QT91,73,1,old,6
1991,QT91,73,2,new,2
1991,QT91,73,2,old,3
1991,QT91,74,1,old,2
1991,QT91,74,2,new,1
1991,QT91,74,2,old,3
1991,QT91,75,1,new,6
1991,QT91,75,1,old,6
1991,QT91,75,2,new,1
1991,QT91,75,2,old,3
1991,QT91,76,1,new,2
1991,QT91,76,1,old,2
1991,QT91,76,2,new,4
1991,QT91,76,2,old,10
1991,QT91,77,1,new,9
1991,QT91,77,1,old,4
1991,QT91,77,2,old,1
1991,QT91,78,1,new,6
1991,QT91,78,1,old,13
1991,QT91,79,1,new,11
1991,QT91,79,1,old,5
1991,QT91,80,1,new,9
1991,QT91,80,1,old,6
1991,QT91,81,1,new,17
1991,QT91,81,1,old,10
1991,QT91,82,1,new,9
1991,QT91,82,1,old,6
1991,QT91,82,2,old,1
1991,QT91,83,1,new,11
1991,QT91,83,1,old,11
1991,QT91,83,2,old,1
1991,QT91,84,1,new,11
1991,QT91,84,1,old,7
1991,QT91,85,1,new,14
1991,QT91,85,1,old,4
1991,QT91,86,1,new,11
1991,QT91,86,1,old,5
1991,QT91,86,2,old,1
1991,QT91,87,1,new,18
1991,QT91,87,1,old,11
1991,QT91,88,1,new,14
1991,QT91,88,1,old,10
1991,QT91,88,2,new,1
1991,QT91,89,1,new,14
1991,QT91,89,1,old,10
1991,QT91,90,1,new,21
1991,QT91,90,1,old,8
1991,QT91,91,1,new,32
1991,QT91,91,1,old,11
1991,QT91,91,2,old,1
1991,QT91,92,1,new,34
1991,QT91,92,1,old,3
1991,QT91,93,1,new,46
1991,QT91,93,1,old,13
1991,QT91,94,1,new,49
1991,QT91,94,1,old,20
1991,QT91,94,2,new,1
1991,QT91,95,1,new,49
1991,QT91,95,1,old,17
1991,QT91,96,1,new,78
1991,QT91,96,1,old,19
1991,QT91,97,1,new,57
1991,QT91,97,1,old,19
1991,QT91,98,1,new,99
1991,QT91,98,1,old,14
1991,QT91,98,2,new,1
1991,QT91,99,1,new,63
1991,QT91,99,1,old,6
1991,QT91,100,1,new,95
1991,QT91,100,1,old,9
1991,QT91,101,1,new,99
1991,QT91,101,1,old,13
1991,QT91,102,1,new,135
1991,QT91,102,1,old,8
1991,QT91,103,1,new,160
1991,QT91,103,1,old,9
1991,QT91,104,1,new,199
1991,QT91,104,1,old,13
1991,QT91,105,1,new,205
1991,QT91,105,1,old,15
1991,QT91,106,1,new,251
1991,QT91,106,1,old,12
1991,QT91,107,1,new,273
1991,QT91,107,1,old,7
1991,QT91,108,1,new,292
1991,QT91,108,1,old,15
1991,QT91,109,1,new,367
1991,QT91,109,1,old,7
1991,QT91,110,1,new,397
1991,QT91,110,1,old,6
1991,QT91,111,1,new,360
1991,QT91,111,1,old,10
1991,QT91,112,1,new,492
1991,QT91,112,1,old,13
1991,QT91,113,1,new,479
1991,QT91,113,1,old,11
1991,QT91,114,1,new,492
1991,QT91,114,1,old,16
1991,QT91,115,1,new,462
1991,QT91,115,1,old,15
1991,QT91,116,1,new,460
1991,QT91,116,1,old,19
1991,QT91,117,1,new,455
1991,QT91,117,1,old,14
1991,QT91,118,1,new,431
1991,QT91,118,1,old,21
1991,QT91,119,1,new,363
1991,QT91,119,1,old,11
1991,QT91,120,1,new,338
1991,QT91,120,1,old,10
1991,QT91,121,1,new,332
1991,QT91,121,1,old,14
1991,QT91,122,1,new,241
1991,QT91,122,1,old,4
1991,QT91,123,1,new,214
1991,QT91,123,1,old,6
1991,QT91,124,1,new,182
1991,QT91,124,1,old,7
1991,QT91,125,1,new,134
1991,QT91,125,1,old,10
1991,QT91,126,1,new,91
1991,QT91,127,1,new,79
1991,QT91,127,1,old,1
1991,QT91,128,1,new,67
1991,QT91,128,1,old,3
1991,QT91,129,1,new,37
1991,QT91,129,1,old,1
1991,QT91,130,1,new,26
1991,QT91,130,1,old,2
1991,QT91,131,1,new,23
1991,QT91,131,1,old,1
1991,QT91,132,1,new,16
1991,QT91,132,1,old,3
1991,QT91,133,1,new,20
1991,QT91,134,1,new,6
1991,QT91,134,1,old,1
1991,QT91,135,1,new,10
1991,QT91,136,1,new,5
1991,QT91,137,1,new,5
1991,QT91,138,1,new,1
1991,QT91,139,1,new,1
1991,QT91,140,1,old,1
1991,QT91,142,1,new,1
1991,QT91,172,1,new,1
1991,QT91,198,1,new,1
1991,TR91,71,1,old,1
1991,TR91,80,1,old,1
1991,TR91,94,1,old,3
1991,TR91,96,1,old,1
1991,TR91,101,1,new,1
1991,TR91,107,1,new,1
1991,TR91,108,1,new,1
1991,TR91,112,1,new,1
1991,TR91,121,1,new,1
1991,TR91,123,1,old,1
1991,TR91,125,1,new,1
1991,TR91,129,1,new,1
1991,TR91,130,1,new,1
1991,TR91,132,1,new,1
1991,TT91,55,1,old,1
1991,TT91,58,1,old,1
1991,TT91,59,1,old,1
1991,TT91,60,1,new,1
1991,TT91,60,1,old,1
1991,TT91,61,1,old,1
1991,TT91,62,1,old,2
1991,TT91,64,1,new,1
1991,TT91,64,1,old,1
1991,TT91,65,1,old,4
1991,TT91,65,2,new,1
1991,TT91,66,1,new,2
1991,TT91,66,1,old,3
1991,TT91,66,2,old,1
1991,TT91,67,1,new,2
1991,TT91,67,1,old,4
1991,TT91,67,2,old,1
1991,TT91,68,1,new,3
1991,TT91,68,1,old,6
1991,TT91,68,2,old,2
1991,TT91,69,1,new,2
1991,TT91,69,1,old,8
1991,TT91,69,2,new,1
1991,TT91,69,2,old,1
1991,TT91,70,1,new,3
1991,TT91,70,1,old,7
1991,TT91,70,2,old,1
1991,TT91,71,1,new,2
1991,TT91,71,1,old,8
1991,TT91,71,2,new,3
1991,TT91,71,2,old,2
1991,TT91,72,1,new,1
1991,TT91,72,1,old,4
1991,TT91,72,2,new,2
1991,TT91,72,2,old,2
1991,TT91,73,1,new,1
1991,TT91,73,1,old,7
1991,TT91,73,2,old,2
1991,TT91,74,1,new,4
1991,TT91,74,1,old,7
1991,TT91,74,2,old,3
1991,TT91,75,1,new,1
1991,TT91,75,1,old,11
1991,TT91,75,2,old,2
1991,TT91,76,1,new,2
1991,TT91,76,1,old,18
1991,TT91,76,2,old,1
1991,TT91,77,1,new,3
1991,TT91,77,1,old,14
1991,TT91,77,2,new,1
1991,TT91,78,1,new,1
1991,TT91,78,1,old,8
1991,TT91,78,2,new,1
1991,TT91,78,2,old,1
1991,TT91,79,1,new,4
1991,TT91,79,1,old,17
1991,TT91,80,1,new,3
1991,TT91,80,1,old,13
1991,TT91,80,2,old,2
1991,TT91,81,1,new,5
1991,TT91,81,1,old,6
1991,TT91,81,2,new,1
1991,TT91,82,1,new,2
1991,TT91,82,1,old,9
1991,TT91,82,2,new,1
1991,TT91,83,1,new,3
1991,TT91,83,1,old,7
1991,TT91,84,1,new,7
1991,TT91,84,1,old,10
1991,TT91,84,2,new,1
1991,TT91,85,1,new,2
1991,TT91,85,1,old,13
1991,TT91,86,1,new,1
1991,TT91,86,1,old,12
1991,TT91,86,2,new,2
1991,TT91,87,1,new,7
1991,TT91,87,1,old,12
1991,TT91,88,1,new,5
1991,TT91,88,1,old,6
1991,TT91,88,2,old,2
1991,TT91,89,1,new,7
1991,TT91,89,1,old,8
1991,TT91,89,2,new,1
1991,TT91,90,1,new,10
1991,TT91,90,1,old,9
1991,TT91,90,2,old,1
1991,TT91,91,1,new,10
1991,TT91,91,1,old,7
1991,TT91,91,2,new,2
1991,TT91,92,1,new,4
1991,TT91,92,1,old,14
1991,TT91,92,2,new,2
1991,TT91,93,1,new,13
1991,TT91,93,1,old,10
1991,TT91,94,1,new,9
1991,TT91,94,1,old,14
1991,TT91,94,2,new,2
1991,TT91,94,2,old,1
1991,TT91,95,1,new,14
1991,TT91,95,1,old,11
1991,TT91,95,2,new,4
1991,TT91,96,1,new,7
1991,TT91,96,1,old,11
1991,TT91,96,2,new,1
1991,TT91,97,1,new,4
1991,TT91,97,1,old,6
1991,TT91,97,2,new,2
1991,TT91,98,1,new,11
1991,TT91,98,1,old,18
1991,TT91,98,2,new,3
1991,TT91,99,1,new,9
1991,TT91,99,1,old,10
1991,TT91,99,2,new,2
1991,TT91,100,1,new,10
1991,TT91,100,1,old,10
1991,TT91,100,2,new,2
1991,TT91,100,2,old,1
1991,TT91,101,1,new,12
1991,TT91,101,1,old,7
1991,TT91,101,2,new,1
1991,TT91,102,1,new,13
1991,TT91,102,1,old,15
1991,TT91,102,2,new,1
1991,TT91,102,2,old,1
1991,TT91,103,1,new,14
1991,TT91,103,1,old,5
1991,TT91,104,1,new,14
1991,TT91,104,1,old,10
1991,TT91,105,1,new,15
1991,TT91,105,1,old,10
1991,TT91,105,2,new,1
1991,TT91,106,1,new,22
1991,TT91,106,1,old,6
1991,TT91,107,1,new,27
1991,TT91,107,1,old,6
1991,TT91,107,2,new,1
1991,TT91,108,1,new,17
1991,TT91,108,1,old,6
1991,TT91,108,2,new,1
1991,TT91,109,1,new,21
1991,TT91,109,1,old,5
1991,TT91,110,1,new,32
1991,TT91,110,1,old,6
1991,TT91,111,1,new,37
1991,TT91,111,1,old,10
1991,TT91,111,2,new,1
1991,TT91,112,1,new,27
1991,TT91,112,1,old,10
1991,TT91,113,1,new,29
1991,TT91,113,1,old,3
1991,TT91,114,1,new,25
1991,TT91,114,2,new,1
1991,TT91,115,1,new,51
1991,TT91,115,1,old,3
1991,TT91,116,1,new,36
1991,TT91,116,1,old,3
1991,TT91,117,1,new,45
1991,TT91,117,1,old,3
1991,TT91,118,1,new,57
1991,TT91,118,1,old,4
1991,TT91,119,1,new,55
1991,TT91,119,1,old,2
1991,TT91,120,1,new,60
1991,TT91,120,1,old,2
1991,TT91,121,1,new,74
1991,TT91,121,1,old,2
1991,TT91,122,1,new,64
1991,TT91,122,1,old,2
1991,TT91,123,1,new,68
1991,TT91,123,1,old,1
1991,TT91,124,1,new,52
1991,TT91,124,1,old,2
1991,TT91,125,1,new,58
1991,TT91,125,1,old,3
1991,TT91,126,1,new,66
1991,TT91,126,1,old,3
1991,TT91,127,1,new,63
1991,TT91,127,1,old,1
1991,TT91,128,1,new,54
1991,TT91,128,1,old,2
1991,TT91,129,1,new,39
1991,TT91,130,1,new,58
1991,TT91,130,1,old,1
1991,TT91,131,1,new,52
1991,TT91,131,1,old,3
1991,TT91,132,1,new,46
1991,TT91,133,1,new,18
1991,TT91,134,1,new,26
1991,TT91,135,1,new,18
1991,TT91,136,1,new,7
1991,TT91,137,1,new,7
1991,TT91,138,1,new,5
1991,TT91,139,1,new,4
1991,TT91,140,1,new,3
1991,TT91,141,1,new,3
1991,TT91,142,1,new,2
1991,TT91,143,1,old,1
1991,TT91,144,1,new,1
1991,TT91,145,1,new,1
1991,TT91,151,1,new,1
1991,TT91,158,1,new,1
1991,TT91,199,1,new,1
1992,QB92,116,1,new,1
1992,QB92,117,1,new,1
1992,QB92,118,1,new,1
1992,QB92,119,1,new,2
1992,QB92,120,1,new,1
1992,QB92,122,1,new,1
1992,QB92,124,1,new,1
1992,QP92,84,1,new,1
1992,QP92,88,1,new,2
1992,QP92,90,1,new,2
1992,QP92,92,1,new,1
1992,QP92,93,1,new,2
1992,QP92,94,1,new,1
1992,QP92,95,1,new,1
1992,QP92,96,1,new,3
1992,QP92,97,1,new,2
1992,QP92,98,1,new,2
1992,QP92,99,1,new,1
1992,QP92,100,1,new,6
1992,QP92,101,1,new,1
1992,QP92,102,1,new,2
1992,QP92,103,1,new,2
1992,QP92,104,1,new,2
1992,QP92,106,1,new,1
1992,QP92,107,1,new,2
1992,QP92,108,1,new,1
1992,QP92,110,1,new,2
1992,QT92,56,1,new,1
1992,QT92,57,2,old,1
1992,QT92,61,1,new,1
1992,QT92,61,1,old,1
1992,QT92,61,2,old,1
1992,QT92,62,1,new,1
1992,QT92,62,1,old,1
1992,QT92,63,1,new,3
1992,QT92,63,2,old,2
1992,QT92,64,1,new,2
1992,QT92,64,2,old,1
1992,QT92,65,1,new,2
1992,QT92,65,2,old,1
1992,QT92,66,1,new,3
1992,QT92,66,2,new,1
1992,QT92,66,2,old,3
1992,QT92,67,1,new,3
1992,QT92,67,1,old,3
1992,QT92,67,2,new,1
1992,QT92,67,2,old,2
1992,QT92,68,1,new,5
1992,QT92,68,1,old,3
1992,QT92,68,2,new,8
1992,QT92,68,2,old,2
1992,QT92,69,1,new,3
1992,QT92,69,1,old,1
1992,QT92,69,2,new,1
1992,QT92,69,2,old,3
1992,QT92,70,1,new,6
1992,QT92,70,2,new,3
1992,QT92,70,2,old,2
1992,QT92,71,1,new,8
1992,QT92,71,1,old,6
1992,QT92,71,2,new,4
1992,QT92,71,2,old,2
1992,QT92,72,1,new,16
1992,QT92,72,1,old,1
1992,QT92,72,2,old,4
1992,QT92,73,1,new,15
1992,QT92,73,1,old,3
1992,QT92,73,2,new,3
1992,QT92,73,2,old,4
1992,QT92,74,1,new,12
1992,QT92,74,1,old,3
1992,QT92,74,2,old,5
1992,QT92,75,1,new,16
1992,QT92,75,1,old,5
1992,QT92,75,2,old,1
1992,QT92,76,1,new,44
1992,QT92,76,1,old,4
1992,QT92,76,2,new,1
1992,QT92,76,2,old,1
1992,QT92,77,1,new,31
1992,QT92,77,1,old,7
1992,QT92,77,2,old,4
1992,QT92,78,1,new,23
1992,QT92,78,1,old,7
1992,QT92,78,2,old,3
1992,QT92,79,1,new,21
1992,QT92,79,1,old,3
1992,QT92,80,1,new,28
1992,QT92,80,1,old,16
1992,QT92,80,2,old,1
1992,QT92,81,1,new,29
1992,QT92,81,1,old,6
1992,QT92,82,1,new,55
1992,QT92,82,1,old,10
1992,QT92,83,1,new,44
1992,QT92,83,1,old,3
1992,QT92,84,1,new,49
1992,QT92,84,1,old,11
1992,QT92,85,1,new,42
1992,QT92,85,1,old,10
1992,QT92,86,1,new,54
1992,QT92,86,1,old,12
1992,QT92,87,1,new,49
1992,QT92,87,1,old,12
1992,QT92,88,1,new,37
1992,QT92,88,1,old,11
1992,QT92,88,2,old,1
1992,QT92,89,1,new,42
1992,QT92,89,1,old,9
1992,QT92,90,1,new,62
1992,QT92,90,1,old,17
1992,QT92,90,2,old,1
1992,QT92,91,1,new,46
1992,QT92,91,1,old,13
1992,QT92,91,2,old,2
1992,QT92,92,1,new,71
1992,QT92,92,1,old,18
1992,QT92,92,2,old,1
1992,QT92,93,1,new,62
1992,QT92,93,1,old,11
1992,QT92,94,1,new,51
1992,QT92,94,1,old,23
1992,QT92,95,1,new,78
1992,QT92,95,1,old,9
1992,QT92,96,1,new,49
1992,QT92,96,1,old,14
1992,QT92,97,1,new,54
1992,QT92,97,1,old,19
1992,QT92,98,1,new,57
1992,QT92,98,1,old,12
1992,QT92,99,1,new,46
1992,QT92,99,1,old,13
1992,QT92,100,1,new,55
1992,QT92,100,1,old,19
1992,QT92,101,1,new,42
1992,QT92,101,1,old,11
1992,QT92,102,1,new,61
1992,QT92,102,1,old,14
1992,QT92,103,1,new,56
1992,QT92,103,1,old,9
1992,QT92,104,1,new,61
1992,QT92,104,1,old,15
1992,QT92,105,1,new,65
1992,QT92,105,1,old,14
1992,QT92,106,1,new,54
1992,QT92,106,1,old,10
1992,QT92,107,1,new,68
1992,QT92,107,1,old,10
1992,QT92,108,1,new,69
1992,QT92,108,1,old,18
1992,QT92,109,1,new,62
1992,QT92,109,1,old,7
1992,QT92,110,1,new,76
1992,QT92,110,1,old,20
1992,QT92,111,1,new,74
1992,QT92,111,1,old,16
1992,QT92,112,1,new,113
1992,QT92,112,1,old,12
1992,QT92,113,1,new,65
1992,QT92,113,1,old,21
1992,QT92,114,1,new,94
1992,QT92,114,1,old,16
1992,QT92,115,1,new,129
1992,QT92,115,1,old,18
1992,QT92,116,1,new,96
1992,QT92,116,1,old,10
1992,QT92,117,1,new,120
1992,QT92,117,1,old,25
1992,QT92,118,1,new,100
1992,QT92,118,1,old,22
1992,QT92,119,1,new,81
1992,QT92,119,1,old,15
1992,QT92,120,1,new,112
1992,QT92,120,1,old,20
1992,QT92,121,1,new,94
1992,QT92,121,1,old,13
1992,QT92,122,1,new,102
1992,QT92,122,1,old,14
1992,QT92,123,1,new,74
1992,QT92,123,1,old,15
1992,QT92,124,1,new,72
1992,QT92,124,1,old,10
1992,QT92,125,1,new,67
1992,QT92,125,1,old,10
1992,QT92,126,1,new,52
1992,QT92,126,1,old,6
1992,QT92,127,1,new,35
1992,QT92,127,1,old,11
1992,QT92,128,1,new,43
1992,QT92,128,1,old,11
1992,QT92,129,1,new,27
1992,QT92,129,1,old,4
1992,QT92,130,1,new,25
1992,QT92,130,1,old,6
1992,QT92,131,1,new,8
1992,QT92,131,1,old,3
1992,QT92,132,1,new,12
1992,QT92,132,1,old,7
1992,QT92,133,1,new,11
1992,QT92,133,1,old,4
1992,QT92,134,1,new,11
1992,QT92,134,1,old,3
1992,QT92,135,1,new,6
1992,QT92,136,1,new,1
1992,QT92,136,1,old,1
1992,QT92,137,1,new,2
1992,QT92,138,1,new,3
1992,QT92,139,1,old,1
1992,QT92,140,1,new,2
1992,QT92,140,1,old,1
1992,QT92,141,1,new,1
1992,QT92,141,1,old,1
1992,QT92,142,1,new,2
1992,QT92,143,1,new,2
1992,QT92,145,1,new,2
1992,QT92,150,1,new,1
1992,QT92,152,1,new,1
1992,QT92,156,1,new,1
1992,QT92,196,1,new,1
1992,TR92,96,1,old,1
1992,TR92,100,1,old,1
1992,TR92,109,1,old,1
1992,TR92,111,1,old,1
1992,TR92,112,1,new,1
1992,TR92,115,1,old,1
1992,TR92,118,1,new,1
1992,TR92,119,1,old,1
1992,TR92,122,1,new,1
1992,TR92,123,1,new,1
1992,TR92,123,1,old,1
1992,TR92,127,1,new,1
1992,TR92,134,1,new,1
1992,TR92,135,1,old,1
1992,TR92,141,1,new,1
1992,TR92,142,1,new,1
1992,TR92,143,1,new,1
1992,TR92,173,1,old,1
1992,TT92,64,1,old,1
1992,TT92,65,2,old,1
1992,TT92,66,1,new,1
1992,TT92,66,2,old,1
1992,TT92,67,1,old,4
1992,TT92,69,1,new,1
1992,TT92,69,1,old,6
1992,TT92,69,2,old,1
1992,TT92,70,1,old,1
1992,TT92,71,1,new,1
1992,TT92,71,1,old,8
1992,TT92,71,2,old,3
1992,TT92,72,1,new,1
1992,TT92,72,1,old,6
1992,TT92,72,2,old,1
1992,TT92,73,1,old,2
1992,TT92,73,2,old,3
1992,TT92,74,1,old,4
1992,TT92,74,2,old,3
1992,TT92,75,1,new,4
1992,TT92,75,1,old,6
1992,TT92,75,2,old,1
1992,TT92,76,1,old,10
1992,TT92,76,2,old,1
1992,TT92,77,1,old,7
1992,TT92,77,2,old,1
1992,TT92,78,1,old,12
1992,TT92,79,1,new,1
1992,TT92,79,1,old,13
1992,TT92,79,2,old,1
1992,TT92,80,1,old,7
1992,TT92,80,2,old,1
1992,TT92,81,1,new,1
1992,TT92,81,1,old,6
1992,TT92,82,1,new,3
1992,TT92,82,1,old,11
1992,TT92,83,1,new,1
1992,TT92,83,1,old,7
1992,TT92,83,2,old,2
1992,TT92,84,1,new,2
1992,TT92,84,1,old,14
1992,TT92,85,1,new,1
1992,TT92,85,1,old,13
1992,TT92,86,1,new,3
1992,TT92,86,1,old,4
1992,TT92,87,1,new,2
1992,TT92,87,1,old,10
1992,TT92,88,1,new,3
1992,TT92,88,1,old,24
1992,TT92,89,1,old,15
1992,TT92,89,2,old,1
1992,TT92,90,1,new,1
1992,TT92,90,1,old,9
1992,TT92,91,1,new,4
1992,TT92,91,1,old,10
1992,TT92,91,2,old,1
1992,TT92,92,1,new,2
1992,TT92,92,1,old,12
1992,TT92,92,2,new,1
1992,TT92,93,1,new,3
1992,TT92,93,1,old,7
1992,TT92,93,2,old,1
1992,TT92,94,1,new,1
1992,TT92,94,1,old,11
1992,TT92,94,2,new,1
1992,TT92,95,1,new,4
1992,TT92,95,1,old,19
1992,TT92,96,1,new,9
1992,TT92,96,1,old,22
1992,TT92,96,2,old,1
1992,TT92,97,1,new,5
1992,TT92,97,1,old,17
1992,TT92,97,2,new,1
1992,TT92,98,1,new,5
1992,TT92,98,1,old,10
1992,TT92,99,1,new,2
1992,TT92,99,1,old,18
1992,TT92,100,1,new,5
1992,TT92,100,1,old,18
1992,TT92,101,1,new,4
1992,TT92,101,1,old,16
1992,TT92,101,2,old,1
1992,TT92,102,1,new,6
1992,TT92,102,1,old,15
1992,TT92,103,1,new,5
1992,TT92,103,1,old,20
1992,TT92,104,1,new,9
1992,TT92,104,1,old,17
1992,TT92,104,2,new,2
1992,TT92,105,1,new,8
1992,TT92,105,1,old,15
1992,TT92,106,1,new,6
1992,TT92,106,1,old,18
1992,TT92,107,1,new,10
1992,TT92,107,1,old,14
1992,TT92,107,2,new,1
1992,TT92,107,2,old,1
1992,TT92,108,1,new,15
1992,TT92,108,1,old,16
1992,TT92,109,1,new,15
1992,TT92,109,1,old,23
1992,TT92,109,2,old,1
1992,TT92,110,1,new,23
1992,TT92,110,1,old,25
1992,TT92,111,1,new,16
1992,TT92,111,1,old,23
1992,TT92,111,2,new,1
1992,TT92,112,1,new,23
1992,TT92,112,1,old,35
1992,TT92,112,2,old,1
1992,TT92,113,1,new,24
1992,TT92,113,1,old,18
1992,TT92,113,2,new,1
1992,TT92,114,1,new,17
1992,TT92,114,1,old,27
1992,TT92,115,1,new,14
1992,TT92,115,1,old,27
1992,TT92,115,2,old,1
1992,TT92,116,1,new,26
1992,TT92,116,1,old,23
1992,TT92,117,1,new,23
1992,TT92,117,1,old,21
1992,TT92,118,1,new,38
1992,TT92,118,1,old,31
1992,TT92,119,1,new,39
1992,TT92,119,1,old,25
1992,TT92,120,1,new,37
1992,TT92,120,1,old,48
1992,TT92,121,1,new,42
1992,TT92,121,1,old,23
1992,TT92,122,1,new,43
1992,TT92,122,1,old,33
1992,TT92,123,1,new,43
1992,TT92,123,1,old,22
1992,TT92,124,1,new,31
1992,TT92,124,1,old,23
1992,TT92,125,1,new,37
1992,TT92,125,1,old,30
1992,TT92,126,1,new,34
1992,TT92,126,1,old,26
1992,TT92,127,1,new,43
1992,TT92,127,1,old,22
1992,TT92,128,1,new,32
1992,TT92,128,1,old,18
1992,TT92,129,1,new,35
1992,TT92,129,1,old,17
1992,TT92,130,1,new,39
1992,TT92,130,1,old,18
1992,TT92,131,1,new,22
1992,TT92,131,1,old,11
1992,TT92,132,1,new,19
1992,TT92,132,1,old,12
1992,TT92,133,1,new,15
1992,TT92,133,1,old,5
1992,TT92,134,1,new,20
1992,TT92,134,1,old,11
1992,TT92,135,1,new,7
1992,TT92,135,1,old,5
1992,TT92,136,1,new,11
1992,TT92,136,1,old,1
1992,TT92,137,1,new,4
1992,TT92,137,1,old,4
1992,TT92,138,1,new,5
1992,TT92,138,1,old,5
1992,TT92,139,1,new,6
1992,TT92,139,1,old,5
1992,TT92,140,1,new,4
1992,TT92,140,1,old,1
1992,TT92,141,1,new,1
1992,TT92,142,1,old,2
1992,TT92,143,1,new,1
1992,TT92,143,1,old,1
1992,TT92,145,1,new,1
1992,TT92,146,1,new,1
1992,TT92,148,1,new,1
1992,TT92,149,1,old,1
1992,TT92,151,1,new,1
1992,TT92,155,1,new,1
1992,TT92,156,1,old,1
1992,TT92,162,1,new,1
1993,QP93,49,1,new,1
1993,QP93,50,1,new,1
1993,QP93,51,1,new,4
1993,QP93,52,1,new,1
1993,QP93,53,1,new,3
1993,QP93,55,1,new,2
1993,QP93,57,2,new,1
1993,QP93,58,1,new,3
1993,QP93,59,1,new,1
1993,QP93,59,2,new,1
1993,QP93,61,1,new,2
1993,QP93,62,1,old,1
1993,QP93,62,2,new,1
1993,QP93,63,1,new,1
1993,QP93,63,2,new,1
1993,QP93,64,1,new,1
1993,QP93,65,1,new,4
1993,QP93,66,1,new,1
1993,QP93,66,1,old,1
1993,QP93,67,1,new,5
1993,QP93,67,1,old,1
1993,QP93,68,1,new,2
1993,QP93,69,1,new,5
1993,QP93,70,1,new,3
1993,QP93,71,1,new,4
1993,QP93,72,1,new,3
1993,QP93,73,1,new,2
1993,QP93,74,1,new,3
1993,QP93,75,1,new,1
1993,QP93,76,1,new,3
1993,QP93,77,1,new,1
1993,QP93,78,1,new,1
1993,QP93,79,1,new,5
1993,QP93,80,1,new,3
1993,QP93,80,1,old,1
1993,QP93,81,1,new,3
1993,QP93,82,1,new,2
1993,QP93,82,1,old,1
1993,QP93,83,1,new,1
1993,QP93,83,1,old,1
1993,QP93,84,1,new,2
1993,QP93,85,1,new,2
1993,QP93,87,1,new,3
1993,QP93,87,1,old,1
1993,QP93,88,1,new,2
1993,QP93,88,1,old,1
1993,QP93,89,1,old,1
1993,QP93,90,1,new,2
1993,QP93,90,1,old,1
1993,QP93,91,1,new,1
1993,QP93,91,1,old,3
1993,QP93,92,1,new,5
1993,QP93,92,1,old,4
1993,QP93,93,1,new,4
1993,QP93,94,1,new,4
1993,QP93,94,1,old,1
1993,QP93,95,1,new,5
1993,QP93,95,1,old,4
1993,QP93,96,1,new,7
1993,QP93,96,1,old,1
1993,QP93,97,1,new,8
1993,QP93,98,1,new,3
1993,QP93,98,1,old,1
1993,QP93,99,1,new,4
1993,QP93,99,1,old,3
1993,QP93,100,1,new,1
1993,QP93,100,1,old,1
1993,QP93,101,1,new,5
1993,QP93,102,1,new,1
1993,QP93,102,1,old,4
1993,QP93,103,1,new,2
1993,QP93,103,1,old,2
1993,QP93,104,1,new,4
1993,QP93,105,1,new,3
1993,QP93,105,1,old,1
1993,QP93,106,1,new,3
1993,QP93,107,1,new,2
1993,QP93,107,1,old,1
1993,QP93,108,1,new,2
1993,QP93,109,1,new,3
1993,QP93,110,1,new,1
1993,QP93,111,1,new,1
1993,QP93,111,1,old,1
1993,QP93,112,1,new,1
1993,QP93,114,1,new,4
1993,QP93,115,1,new,1
1993,QP93,118,1,new,1
1993,QR93,65,1,new,1
1993,QR93,71,1,old,1
1993,QR93,74,1,old,1
1993,QR93,76,1,new,1
1993,QR93,76,1,old,2
1993,QR93,77,1,new,1
1993,QR93,78,1,old,1
1993,QR93,79,1,new,5
1993,QR93,80,1,new,4
1993,QR93,80,1,old,1
1993,QR93,81,1,new,3
1993,QR93,81,1,old,1
1993,QR93,82,1,new,2
1993,QR93,83,1,old,1
1993,QR93,84,1,new,3
1993,QR93,84,1,old,4
1993,QR93,85,1,new,2
1993,QR93,85,1,old,4
1993,QR93,86,1,new,5
1993,QR93,86,1,old,1
1993,QR93,87,1,new,4
1993,QR93,87,1,old,3
1993,QR93,88,1,new,5
1993,QR93,88,1,old,6
1993,QR93,89,1,new,5
1993,QR93,89,1,old,4
1993,QR93,90,1,new,9
1993,QR93,90,1,old,6
1993,QR93,91,1,new,8
1993,QR93,91,1,old,7
1993,QR93,92,1,new,8
1993,QR93,92,1,old,7
1993,QR93,93,1,new,8
1993,QR93,93,1,old,6
1993,QR93,94,1,new,14
1993,QR93,94,1,old,12
1993,QR93,95,1,new,10
1993,QR93,95,1,old,4
1993,QR93,96,1,new,7
1993,QR93,96,1,old,10
1993,QR93,97,1,new,11
1993,QR93,97,1,old,14
1993,QR93,98,1,new,8
1993,QR93,98,1,old,6
1993,QR93,99,1,new,8
1993,QR93,99,1,old,8
1993,QR93,100,1,new,12
1993,QR93,100,1,old,9
1993,QR93,101,1,new,3
1993,QR93,101,1,old,9
1993,QR93,102,1,new,11
1993,QR93,102,1,old,7
1993,QR93,103,1,new,7
1993,QR93,103,1,old,4
1993,QR93,104,1,new,3
1993,QR93,104,1,old,6
1993,QR93,105,1,new,5
1993,QR93,105,1,old,8
1993,QR93,106,1,new,8
1993,QR93,106,1,old,3
1993,QR93,107,1,new,13
1993,QR93,107,1,old,5
1993,QR93,108,1,new,10
1993,QR93,108,1,old,4
1993,QR93,109,1,new,7
1993,QR93,109,1,old,2
1993,QR93,110,1,new,9
1993,QR93,110,1,old,7
1993,QR93,111,1,new,15
1993,QR93,111,1,old,6
1993,QR93,112,1,new,12
1993,QR93,112,1,old,5
1993,QR93,113,1,new,10
1993,QR93,113,1,old,6
1993,QR93,114,1,new,11
1993,QR93,114,1,old,4
1993,QR93,115,1,new,18
1993,QR93,115,1,old,2
1993,QR93,116,1,new,11
1993,QR93,116,1,old,2
1993,QR93,117,1,new,14
1993,QR93,117,1,old,8
1993,QR93,118,1,new,25
1993,QR93,118,1,old,6
1993,QR93,119,1,new,14
1993,QR93,119,1,old,9
1993,QR93,120,1,new,24
1993,QR93,120,1,old,3
1993,QR93,121,1,new,11
1993,QR93,121,1,old,6
1993,QR93,122,1,new,15
1993,QR93,122,1,old,3
1993,QR93,123,1,new,12
1993,QR93,123,1,old,6
1993,QR93,124,1,new,14
1993,QR93,124,1,old,5
1993,QR93,125,1,new,6
1993,QR93,125,1,old,1
1993,QR93,126,1,new,6
1993,QR93,126,1,old,1
1993,QR93,127,1,new,12
1993,QR93,127,1,old,1
1993,QR93,128,1,new,8
1993,QR93,128,1,old,3
1993,QR93,129,1,new,7
1993,QR93,129,1,old,1
1993,QR93,130,1,new,2
1993,QR93,131,1,new,2
1993,QR93,131,1,old,2
1993,QR93,132,1,new,3
1993,QR93,133,1,new,2
1993,QR93,134,1,new,2
1993,QR93,134,1,old,1
1993,QR93,135,1,new,1
1993,QR93,136,1,new,2
1993,QR93,138,1,old,1
1993,QR93,141,1,new,1
1993,TR93,66,1,old,1
1993,TR93,68,1,old,1
1993,TR93,78,1,old,2
1993,TR93,81,1,old,1
1993,TR93,81,2,old,1
1993,TR93,82,1,old,2
1993,TR93,86,1,old,1
1993,TR93,95,2,old,1
1993,TR93,97,2,old,1
1993,TR93,99,1,old,3
1993,TR93,100,2,new,1
1993,TR93,108,1,old,1
1993,TR93,108,2,old,1
1993,TR93,109,1,old,1
1993,TR93,110,1,old,1
1993,TR93,111,1,old,1
1993,TR93,113,1,old,1
1993,TR93,114,1,old,2
1993,TR93,115,1,new,1
1993,TR93,116,1,old,1
1993,TR93,117,1,old,3
1993,TR93,118,1,old,1
1993,TR93,119,1,new,1
1993,TR93,121,1,new,2
1993,TR93,121,1,old,1
1993,TR93,123,1,old,2
1993,TR93,124,1,old,1
1993,TR93,125,1,new,1
1993,TR93,125,1,old,1
1993,TR93,128,1,old,1
1993,TR93,129,1,old,1
1993,TR93,130,1,old,1
1993,TR93,131,1,new,1
1993,TR93,132,1,old,1
1993,TR93,138,1,old,1
1993,TR93,141,1,new,1
1993,TT93,57,2,old,1
1993,TT93,58,2,old,1
1993,TT93,59,2,old,1
1993,TT93,60,2,old,1
1993,TT93,61,2,old,3
1993,TT93,62,2,old,1
1993,TT93,63,1,old,1
1993,TT93,63,2,old,4
1993,TT93,64,1,new,1
1993,TT93,64,1,old,1
1993,TT93,64,2,old,1
1993,TT93,65,2,old,2
1993,TT93,66,1,new,1
1993,TT93,66,2,old,2
1993,TT93,67,1,new,1
1993,TT93,67,2,old,3
1993,TT93,68,1,new,1
1993,TT93,68,1,old,3
1993,TT93,68,2,old,2
1993,TT93,69,1,new,2
1993,TT93,69,1,old,1
1993,TT93,69,2,old,5
1993,TT93,70,1,new,5
1993,TT93,70,1,old,1
1993,TT93,70,2,old,2
1993,TT93,71,2,old,7
1993,TT93,72,1,new,3
1993,TT93,72,1,old,3
1993,TT93,72,2,old,2
1993,TT93,73,1,new,2
1993,TT93,73,1,old,2
1993,TT93,73,2,old,1
1993,TT93,74,1,new,3
1993,TT93,74,1,old,4
1993,TT93,74,2,new,1
1993,TT93,75,1,old,1
1993,TT93,75,2,old,1
1993,TT93,76,1,new,6
1993,TT93,76,1,old,8
1993,TT93,77,1,new,6
1993,TT93,77,1,old,1
1993,TT93,78,1,new,10
1993,TT93,78,1,old,8
1993,TT93,78,2,old,1
1993,TT93,79,1,new,6
1993,TT93,79,1,old,4
1993,TT93,79,2,old,1
1993,TT93,80,1,new,11
1993,TT93,80,1,old,4
1993,TT93,81,1,new,4
1993,TT93,81,1,old,4
1993,TT93,82,1,new,13
1993,TT93,82,1,old,11
1993,TT93,83,1,new,19
1993,TT93,83,1,old,11
1993,TT93,84,1,new,25
1993,TT93,84,1,old,13
1993,TT93,85,1,new,17
1993,TT93,85,1,old,6
1993,TT93,86,1,new,17
1993,TT93,86,1,old,15
1993,TT93,87,1,new,17
1993,TT93,87,1,old,10
1993,TT93,88,1,new,23
1993,TT93,88,1,old,8
1993,TT93,89,1,new,22
1993,TT93,89,1,old,14
1993,TT93,89,2,old,1
1993,TT93,90,1,new,30
1993,TT93,90,1,old,19
1993,TT93,91,1,new,32
1993,TT93,91,1,old,16
1993,TT93,92,1,new,40
1993,TT93,92,1,old,18
1993,TT93,92,2,old,1
1993,TT93,93,1,new,55
1993,TT93,93,1,old,24
1993,TT93,94,1,new,60
1993,TT93,94,1,old,20
1993,TT93,95,1,new,43
1993,TT93,95,1,old,23
1993,TT93,96,1,new,36
1993,TT93,96,1,old,25
1993,TT93,97,1,new,59
1993,TT93,97,1,old,23
1993,TT93,98,1,new,49
1993,TT93,98,1,old,25
1993,TT93,99,1,new,44
1993,TT93,99,1,old,20
1993,TT93,100,1,new,40
1993,TT93,100,1,old,12
1993,TT93,101,1,new,50
1993,TT93,101,1,old,18
1993,TT93,102,1,new,51
1993,TT93,102,1,old,15
1993,TT93,103,1,new,47
1993,TT93,103,1,old,14
1993,TT93,104,1,new,52
1993,TT93,104,1,old,9
1993,TT93,105,1,new,39
1993,TT93,105,1,old,13
1993,TT93,106,1,new,40
1993,TT93,106,1,old,7
1993,TT93,107,1,new,30
1993,TT93,107,1,old,12
1993,TT93,108,1,new,46
1993,TT93,108,1,old,11
1993,TT93,109,1,new,35
1993,TT93,109,1,old,17
1993,TT93,110,1,new,35
1993,TT93,110,1,old,11
1993,TT93,111,1,new,41
1993,TT93,111,1,old,15
1993,TT93,112,1,new,48
1993,TT93,112,1,old,15
1993,TT93,113,1,new,31
1993,TT93,113,1,old,15
1993,TT93,114,1,new,23
1993,TT93,114,1,old,12
1993,TT93,115,1,new,39
1993,TT93,115,1,old,12
1993,TT93,116,1,new,35
1993,TT93,116,1,old,9
1993,TT93,117,1,new,33
1993,TT93,117,1,old,14
1993,TT93,118,1,new,30
1993,TT93,118,1,old,11
1993,TT93,119,1,new,38
1993,TT93,119,1,old,6
1993,TT93,120,1,new,42
1993,TT93,120,1,old,12
1993,TT93,121,1,new,44
1993,TT93,121,1,old,11
1993,TT93,122,1,new,32
1993,TT93,122,1,old,8
1993,TT93,123,1,new,15
1993,TT93,123,1,old,14
1993,TT93,124,1,new,26
1993,TT93,124,1,old,8
1993,TT93,125,1,new,22
1993,TT93,125,1,old,14
1993,TT93,126,1,new,24
1993,TT93,126,1,old,13
1993,TT93,127,1,new,15
1993,TT93,127,1,old,12
1993,TT93,128,1,new,15
1993,TT93,128,1,old,8
1993,TT93,129,1,new,11
1993,TT93,129,1,old,11
1993,TT93,130,1,new,12
1993,TT93,130,1,old,5
1993,TT93,131,1,new,10
1993,TT93,131,1,old,6
1993,TT93,132,1,new,13
1993,TT93,132,1,old,12
1993,TT93,133,1,new,4
1993,TT93,133,1,old,5
1993,TT93,134,1,new,6
1993,TT93,134,1,old,4
1993,TT93,135,1,new,8
1993,TT93,135,1,old,5
1993,TT93,136,1,new,4
1993,TT93,137,1,new,1
1993,TT93,137,1,old,1
1993,TT93,141,1,new,1
1993,TT93,141,1,old,1
1994,QP94,84,1,new,1
1994,QP94,84,1,old,1
1994,QP94,89,1,old,1
1994,QP94,94,1,new,1
1994,QP94,96,1,old,1
1994,QP94,98,1,new,1
1994,QP94,102,1,old,1
1994,QP94,104,1,new,2
1994,QP94,109,1,new,1
1994,QP94,116,1,new,1
1994,TT94,66,1,new,1
1994,TT94,73,1,new,1
1994,TT94,74,1,new,1
1994,TT94,75,1,old,1
1994,TT94,76,1,old,1
1994,TT94,76,2,old,1
1994,TT94,77,1,new,1
1994,TT94,78,1,new,1
1994,TT94,79,2,old,1
1994,TT94,81,2,old,1
1994,TT94,86,1,new,1
1994,TT94,88,1,new,1
1994,TT94,91,2,old,1
1994,TT94,93,1,new,1
1994,TT94,93,1,old,1
1994,TT94,94,1,old,1
1994,TT94,95,1,old,1
1994,TT94,95,2,old,1
1994,TT94,96,2,old,1
1994,TT94,98,1,old,1
1994,TT94,98,2,new,1
1994,TT94,98,2,old,1
1994,TT94,99,1,old,1
1994,TT94,100,1,new,1
1994,TT94,100,2,old,1
1994,TT94,101,1,old,1
1994,TT94,101,2,old,2
1994,TT94,102,1,new,1
1994,TT94,103,1,old,1
1994,TT94,104,2,old,1
1994,TT94,106,1,new,1
1994,TT94,107,1,new,1
1994,TT94,107,1,old,1
1994,TT94,107,2,old,1
1994,TT94,109,1,new,1
1994,TT94,109,2,new,1
1994,TT94,110,1,new,1
1994,TT94,110,2,old,1
1994,TT94,111,1,old,1
1994,TT94,112,1,new,1
1994,TT94,113,1,new,1
1994,TT94,116,1,new,1
1994,TT94,117,1,new,1
1994,TT94,118,1,new,1
1994,TT94,119,1,new,1
1994,TT94,120,1,new,1
1994,TT94,120,1,old,2
1994,TT94,121,1,new,1
1994,TT94,123,1,new,2
1994,TT94,124,1,new,1
1994,TT94,124,1,old,2
1994,TT94,125,1,new,1
1994,TT94,126,1,old,1
1994,TT94,127,1,new,1
1994,TT94,128,1,new,1
1994,TT94,129,1,old,1
1994,TT94,132,1,old,2
1994,TT94,133,1,old,1
1994,TT94,149,1,old,1
1994,TT94,153,1,old,1
1994,TT94,157,1,old,1
1995,QP95,74,1,new,1
1995,QP95,75,1,new,1
1995,QP95,90,1,new,1
1995,QP95,100,1,new,1
1995,QR95,51,1,old,1
1995,QR95,54,1,old,1
1995,QR95,55,1,new,2
1995,QR95,55,1,old,1
1995,QR95,56,1,new,2
1995,QR95,57,1,new,1
1995,QR95,57,1,old,2
1995,QR95,58,1,new,2
1995,QR95,58,1,old,1
1995,QR95,59,1,new,5
1995,QR95,59,2,new,1
1995,QR95,60,1,new,4
1995,QR95,61,1,new,4
1995,QR95,61,1,old,1
1995,QR95,62,1,new,3
1995,QR95,62,1,old,1
1995,QR95,62,2,new,1
1995,QR95,63,1,new,8
1995,QR95,63,1,old,3
1995,QR95,63,2,new,1
1995,QR95,64,1,new,4
1995,QR95,64,1,old,1
1995,QR95,64,2,new,1
1995,QR95,65,1,new,6
1995,QR95,66,1,new,4
1995,QR95,66,1,old,3
1995,QR95,66,2,new,1
1995,QR95,67,1,new,4
1995,QR95,67,1,old,2
1995,QR95,68,1,new,9
1995,QR95,68,1,old,3
1995,QR95,68,2,new,1
1995,QR95,69,1,new,13
1995,QR95,69,1,old,4
1995,QR95,70,1,new,9
1995,QR95,70,1,old,4
1995,QR95,71,1,new,9
1995,QR95,71,1,old,4
1995,QR95,71,2,new,1
1995,QR95,72,1,new,12
1995,QR95,72,1,old,3
1995,QR95,72,2,old,1
1995,QR95,73,1,new,18
1995,QR95,73,1,old,7
1995,QR95,74,1,new,18
1995,QR95,74,1,old,7
1995,QR95,75,1,new,29
1995,QR95,75,1,old,4
1995,QR95,76,1,new,20
1995,QR95,76,1,old,6
1995,QR95,77,1,new,27
1995,QR95,77,1,old,6
1995,QR95,78,1,new,26
1995,QR95,78,1,old,7
1995,QR95,79,1,new,16
1995,QR95,79,1,old,2
1995,QR95,80,1,new,24
1995,QR95,80,1,old,5
1995,QR95,81,1,new,27
1995,QR95,81,1,old,4
1995,QR95,82,1,new,29
1995,QR95,82,1,old,4
1995,QR95,83,1,new,14
1995,QR95,83,1,old,6
1995,QR95,84,1,new,27
1995,QR95,84,1,old,4
1995,QR95,85,1,new,22
1995,QR95,85,1,old,4
1995,QR95,86,1,new,18
1995,QR95,86,1,old,5
1995,QR95,87,1,new,19
1995,QR95,87,1,old,5
1995,QR95,88,1,new,15
1995,QR95,88,1,old,1
1995,QR95,89,1,new,18
1995,QR95,89,1,old,1
1995,QR95,90,1,new,15
1995,QR95,90,1,old,1
1995,QR95,91,1,new,11
1995,QR95,91,1,old,1
1995,QR95,92,1,new,15
1995,QR95,92,1,old,2
1995,QR95,93,1,new,14
1995,QR95,93,1,old,1
1995,QR95,94,1,new,9
1995,QR95,94,1,old,1
1995,QR95,95,1,new,10
1995,QR95,95,1,old,2
1995,QR95,96,1,new,9
1995,QR95,96,1,old,1
1995,QR95,97,1,new,12
1995,QR95,98,1,new,8
1995,QR95,98,1,old,1
1995,QR95,99,1,new,13
1995,QR95,99,1,old,1
1995,QR95,100,1,new,9
1995,QR95,100,1,old,3
1995,QR95,101,1,new,13
1995,QR95,101,1,old,2
1995,QR95,102,1,new,18
1995,QR95,102,1,old,1
1995,QR95,103,1,new,8
1995,QR95,103,1,old,2
1995,QR95,104,1,new,10
1995,QR95,104,1,old,2
1995,QR95,105,1,new,8
1995,QR95,106,1,new,12
1995,QR95,106,1,old,2
1995,QR95,107,1,new,10
1995,QR95,107,1,old,1
1995,QR95,108,1,new,3
1995,QR95,109,1,new,4
1995,QR95,110,1,new,8
1995,QR95,111,1,new,5
1995,QR95,111,1,old,1
1995,QR95,112,1,old,1
1995,QR95,113,1,new,5
1995,QR95,113,1,old,1
1995,QR95,114,1,new,3
1995,QR95,114,1,old,1
1995,QR95,116,1,new,3
1995,QR95,117,1,new,3
1995,QR95,118,1,new,2
1995,QR95,118,1,old,1
1995,QR95,119,1,new,1
1995,QR95,121,1,new,2
1995,QR95,122,1,new,5
1995,QR95,123,1,new,2
1995,QR95,124,1,new,2
1995,QR95,125,1,new,1
1995,TT95,50,1,old,1
1995,TT95,52,1,old,1
1995,TT95,55,1,new,1
1995,TT95,55,1,old,2
1995,TT95,56,1,old,1
1995,TT95,57,1,new,1
1995,TT95,57,1,old,2
1995,TT95,58,1,new,1
1995,TT95,59,1,old,2
1995,TT95,60,1,new,1
1995,TT95,61,1,old,1
1995,TT95,61,2,new,1
1995,TT95,62,1,new,1
1995,TT95,62,2,new,1
1995,TT95,62,2,old,1
1995,TT95,63,1,new,1
1995,TT95,63,1,old,2
1995,TT95,64,1,new,2
1995,TT95,65,1,new,3
1995,TT95,65,1,old,2
1995,TT95,65,2,old,1
1995,TT95,66,1,new,6
1995,TT95,66,1,old,3
1995,TT95,66,2,new,3
1995,TT95,67,1,new,4
1995,TT95,67,1,old,3
1995,TT95,67,2,new,1
1995,TT95,68,1,new,8
1995,TT95,68,1,old,5
1995,TT95,68,2,new,3
1995,TT95,69,1,new,9
1995,TT95,69,1,old,6
1995,TT95,70,1,new,6
1995,TT95,70,1,old,9
1995,TT95,70,2,new,2
1995,TT95,71,1,new,11
1995,TT95,71,1,old,7
1995,TT95,71,2,new,1
1995,TT95,71,2,old,1
1995,TT95,72,1,new,12
1995,TT95,72,1,old,17
1995,TT95,72,2,new,6
1995,TT95,73,1,new,10
1995,TT95,73,1,old,18
1995,TT95,73,2,new,6
1995,TT95,73,2,old,1
1995,TT95,74,1,new,13
1995,TT95,74,1,old,14
1995,TT95,74,2,new,3
1995,TT95,75,1,new,18
1995,TT95,75,1,old,15
1995,TT95,75,2,new,3
1995,TT95,76,1,new,17
1995,TT95,76,1,old,13
1995,TT95,76,2,new,2
1995,TT95,77,1,new,15
1995,TT95,77,1,old,21
1995,TT95,77,2,new,8
1995,TT95,78,1,new,26
1995,TT95,78,1,old,17
1995,TT95,78,2,new,4
1995,TT95,79,1,new,19
1995,TT95,79,1,old,16
1995,TT95,79,2,new,1
1995,TT95,80,1,new,23
1995,TT95,80,1,old,21
1995,TT95,80,2,new,2
1995,TT95,81,1,new,25
1995,TT95,81,1,old,12
1995,TT95,82,1,new,26
1995,TT95,82,1,old,12
1995,TT95,83,1,new,23
1995,TT95,83,1,old,17
1995,TT95,84,1,new,18
1995,TT95,84,1,old,9
1995,TT95,84,2,new,1
1995,TT95,85,1,new,19
1995,TT95,85,1,old,18
1995,TT95,86,1,new,21
1995,TT95,86,1,old,13
1995,TT95,87,1,new,16
1995,TT95,87,1,old,8
1995,TT95,88,1,new,18
1995,TT95,88,1,old,4
1995,TT95,89,1,new,13
1995,TT95,89,1,old,11
1995,TT95,90,1,new,18
1995,TT95,90,1,old,10
1995,TT95,90,2,new,1
1995,TT95,91,1,new,8
1995,TT95,92,1,new,20
1995,TT95,92,1,old,8
1995,TT95,93,1,new,14
1995,TT95,93,1,old,7
1995,TT95,94,1,new,5
1995,TT95,94,1,old,5
1995,TT95,95,1,new,19
1995,TT95,95,1,old,4
1995,TT95,96,1,new,11
1995,TT95,96,1,old,1
1995,TT95,97,1,new,8
1995,TT95,97,1,old,1
1995,TT95,98,1,new,3
1995,TT95,98,1,old,4
1995,TT95,99,1,new,2
1995,TT95,99,1,old,5
1995,TT95,100,1,new,12
1995,TT95,100,1,old,7
1995,TT95,101,1,new,11
1995,TT95,101,1,old,4
1995,TT95,101,2,old,1
1995,TT95,102,1,new,10
1995,TT95,102,1,old,6
1995,TT95,103,1,new,9
1995,TT95,103,1,old,3
1995,TT95,104,1,new,6
1995,TT95,104,1,old,1
1995,TT95,105,1,new,8
1995,TT95,105,1,old,4
1995,TT95,106,1,new,9
1995,TT95,106,1,old,2
1995,TT95,107,1,new,11
1995,TT95,107,1,old,2
1995,TT95,108,1,new,5
1995,TT95,108,1,old,5
1995,TT95,109,1,new,3
1995,TT95,109,1,old,6
1995,TT95,110,1,new,8
1995,TT95,110,1,old,7
1995,TT95,111,1,new,7
1995,TT95,112,1,new,7
1995,TT95,112,1,old,1
1995,TT95,113,1,new,2
1995,TT95,113,1,old,7
1995,TT95,114,1,new,5
1995,TT95,114,1,old,6
1995,TT95,115,1,new,2
1995,TT95,115,1,old,4
1995,TT95,116,1,new,2
1995,TT95,116,1,old,4
1995,TT95,117,1,new,2
1995,TT95,117,1,old,4
1995,TT95,118,1,new,8
1995,TT95,118,1,old,6
1995,TT95,119,1,new,2
1995,TT95,119,1,old,1
1995,TT95,120,1,new,7
1995,TT95,120,1,old,2
1995,TT95,121,1,new,3
1995,TT95,121,1,old,9
1995,TT95,122,1,new,5
1995,TT95,122,1,old,1
1995,TT95,123,1,new,1
1995,TT95,123,1,old,4
1995,TT95,124,1,new,4
1995,TT95,124,1,old,2
1995,TT95,125,1,new,3
1995,TT95,125,1,old,4
1995,TT95,126,1,new,3
1995,TT95,126,1,old,1
1995,TT95,127,1,new,2
1995,TT95,127,1,old,5
1995,TT95,128,1,new,4
1995,TT95,128,1,old,2
1995,TT95,129,1,new,2
1995,TT95,130,1,old,3
1995,TT95,131,1,new,1
1995,TT95,132,1,new,2
1995,TT95,132,1,old,3
1995,TT95,133,1,old,1
1995,TT95,134,1,old,2
1995,TT95,136,1,old,1
1996,QP96,37,1,new,1
1996,QP96,54,1,new,1
1996,QP96,56,1,new,1
1996,QP96,56,2,new,1
1996,QP96,57,1,new,1
1996,QP96,58,1,new,2
1996,QP96,59,1,new,2
1996,QP96,59,1,old,1
1996,QP96,60,1,new,4
1996,QP96,60,2,new,1
1996,QP96,61,1,old,1
1996,QP96,62,1,new,5
1996,QP96,63,1,new,10
1996,QP96,63,1,old,1
1996,QP96,64,1,new,8
1996,QP96,64,1,old,1
1996,QP96,65,1,new,10
1996,QP96,65,1,old,4
1996,QP96,66,1,new,6
1996,QP96,66,1,old,1
1996,QP96,67,1,new,10
1996,QP96,67,1,old,3
1996,QP96,68,1,new,28
1996,QP96,68,1,old,1
1996,QP96,69,1,new,23
1996,QP96,69,1,old,4
1996,QP96,70,1,new,19
1996,QP96,70,1,old,2
1996,QP96,71,1,new,17
1996,QP96,71,1,old,9
1996,QP96,72,1,new,32
1996,QP96,72,1,old,10
1996,QP96,73,1,new,27
1996,QP96,73,1,old,3
1996,QP96,74,1,new,45
1996,QP96,74,1,old,3
1996,QP96,75,1,new,34
1996,QP96,75,1,old,7
1996,QP96,76,1,new,44
1996,QP96,76,1,old,5
1996,QP96,77,1,new,37
1996,QP96,77,1,old,4
1996,QP96,78,1,new,36
1996,QP96,78,1,old,8
1996,QP96,79,1,new,24
1996,QP96,79,1,old,5
1996,QP96,80,1,new,22
1996,QP96,80,1,old,4
1996,QP96,81,1,new,26
1996,QP96,81,1,old,7
1996,QP96,82,1,new,26
1996,QP96,82,1,old,7
1996,QP96,83,1,new,9
1996,QP96,83,1,old,4
1996,QP96,84,1,new,14
1996,QP96,84,1,old,3
1996,QP96,85,1,new,11
1996,QP96,85,1,old,1
1996,QP96,86,1,new,7
1996,QP96,86,1,old,3
1996,QP96,87,1,new,6
1996,QP96,87,1,old,3
1996,QP96,88,1,new,8
1996,QP96,88,1,old,1
1996,QP96,89,1,new,10
1996,QP96,89,1,old,1
1996,QP96,90,1,new,4
1996,QP96,90,1,old,2
1996,QP96,91,1,new,5
1996,QP96,91,1,old,4
1996,QP96,92,1,new,7
1996,QP96,92,1,old,1
1996,QP96,94,1,new,1
1996,QP96,94,1,old,1
1996,QP96,95,1,new,1
1996,QP96,95,1,old,1
1996,QP96,96,1,new,1
1996,QP96,96,1,old,1
1996,QP96,97,1,new,2
1996,QP96,97,1,old,1
1996,QP96,98,1,old,2
1996,QP96,99,1,old,1
1996,QP96,100,1,new,1
1996,QP96,101,1,new,1
1996,QP96,101,1,old,1
1996,QP96,102,1,new,1
1996,QP96,103,1,new,1
1996,QP96,105,1,new,1
1996,QP96,106,1,old,1
1996,QP96,107,1,new,1
1996,QP96,111,1,new,1
1996,QP96,112,1,new,1
1996,QP96,113,1,new,2
1996,TR96,79,1,old,1
1996,TT96,61,1,old,2
1996,TT96,62,1,old,2
1996,TT96,63,1,old,2
1996,TT96,64,1,old,1
1996,TT96,65,1,old,2
1996,TT96,66,1,old,1
1996,TT96,67,1,new,1
1996,TT96,67,1,old,1
1996,TT96,67,2,old,1
1996,TT96,68,1,old,8
1996,TT96,69,1,new,1
1996,TT96,69,1,old,3
1996,TT96,70,1,old,2
1996,TT96,71,1,new,1
1996,TT96,71,1,old,1
1996,TT96,72,1,new,1
1996,TT96,72,1,old,2
1996,TT96,73,1,old,3
1996,TT96,74,1,old,8
1996,TT96,75,1,new,1
1996,TT96,75,1,old,6
1996,TT96,76,1,old,4
1996,TT96,77,1,old,2
1996,TT96,78,1,old,8
1996,TT96,79,1,new,1
1996,TT96,79,1,old,4
1996,TT96,80,1,new,2
1996,TT96,80,1,old,8
1996,TT96,81,1,new,1
1996,TT96,81,1,old,6
1996,TT96,82,1,new,2
1996,TT96,82,1,old,1
1996,TT96,83,1,new,3
1996,TT96,83,1,old,1
1996,TT96,84,1,old,4
1996,TT96,85,1,new,1
1996,TT96,85,1,old,3
1996,TT96,86,1,new,1
1996,TT96,86,1,old,1
1996,TT96,87,1,new,2
1996,TT96,87,1,old,3
1996,TT96,88,1,new,2
1996,TT96,88,1,old,5
1996,TT96,89,1,new,4
1996,TT96,89,1,old,1
1996,TT96,90,1,new,1
1996,TT96,90,1,old,2
1996,TT96,91,1,new,2
1996,TT96,91,1,old,1
1996,TT96,92,1,new,10
1996,TT96,92,1,old,1
1996,TT96,93,1,new,5
1996,TT96,93,1,old,1
1996,TT96,94,1,new,6
1996,TT96,95,1,new,5
1996,TT96,96,1,new,12
1996,TT96,96,1,old,3
1996,TT96,97,1,new,8
1996,TT96,97,1,old,3
1996,TT96,98,1,new,12
1996,TT96,98,1,old,2
1996,TT96,99,1,new,16
1996,TT96,99,1,old,1
1996,TT96,100,1,new,24
1996,TT96,100,1,old,2
1996,TT96,101,1,new,16
1996,TT96,101,1,old,2
1996,TT96,102,1,new,26
1996,TT96,102,1,old,1
1996,TT96,103,1,new,23
1996,TT96,103,1,old,4
1996,TT96,104,1,new,34
1996,TT96,104,1,old,2
1996,TT96,105,1,new,36
1996,TT96,105,1,old,1
1996,TT96,106,1,new,33
1996,TT96,106,1,old,1
1996,TT96,107,1,new,42
1996,TT96,108,1,new,20
1996,TT96,108,1,old,4
1996,TT96,109,1,new,28
1996,TT96,109,1,old,1
1996,TT96,110,1,new,43
1996,TT96,110,1,old,1
1996,TT96,111,1,new,37
1996,TT96,111,1,old,3
1996,TT96,112,1,new,46
1996,TT96,112,1,old,7
1996,TT96,113,1,new,30
1996,TT96,113,1,old,6
1996,TT96,114,1,new,32
1996,TT96,114,1,old,4
1996,TT96,115,1,new,35
1996,TT96,115,1,old,3
1996,TT96,116,1,new,27
1996,TT96,117,1,new,22
1996,TT96,117,1,old,1
1996,TT96,118,1,new,31
1996,TT96,119,1,new,27
1996,TT96,119,1,old,4
1996,TT96,120,1,new,15
1996,TT96,120,1,old,1
1996,TT96,121,1,new,19
1996,TT96,122,1,new,22
1996,TT96,122,1,old,2
1996,TT96,123,1,new,8
1996,TT96,123,1,old,1
1996,TT96,124,1,new,13
1996,TT96,124,1,old,2
1996,TT96,125,1,new,7
1996,TT96,125,1,old,1
1996,TT96,126,1,new,7
1996,TT96,127,1,new,9
1996,TT96,128,1,new,3
1996,TT96,129,1,new,3
1996,TT96,129,1,old,1
1996,TT96,130,1,old,1
1996,TT96,132,1,new,2
1996,TT96,133,1,new,1
1997,QP97,51,1,new,1
1997,QP97,52,1,new,2
1997,QP97,53,1,new,1
1997,QP97,56,2,new,1
1997,QP97,58,1,new,1
1997,QP97,60,1,old,1
1997,QP97,62,1,new,2
1997,QP97,62,2,new,1
1997,QP97,63,1,new,3
1997,QP97,64,1,old,1
1997,QP97,65,1,new,1
1997,QP97,66,1,old,1
1997,QP97,67,1,new,2
1997,QP97,67,1,old,1
1997,QP97,68,1,new,1
1997,QP97,68,1,old,4
1997,QP97,69,1,new,5
1997,QP97,69,1,old,1
1997,QP97,70,1,new,5
1997,QP97,71,1,new,8
1997,QP97,71,1,old,3
1997,QP97,72,1,new,8
1997,QP97,72,1,old,2
1997,QP97,73,1,new,3
1997,QP97,73,1,old,4
1997,QP97,74,1,new,5
1997,QP97,74,1,old,2
1997,QP97,75,1,new,10
1997,QP97,75,1,old,7
1997,QP97,76,1,new,16
1997,QP97,76,1,old,5
1997,QP97,77,1,new,10
1997,QP97,77,1,old,5
1997,QP97,78,1,new,18
1997,QP97,78,1,old,6
1997,QP97,79,1,new,15
1997,QP97,79,1,old,7
1997,QP97,80,1,new,24
1997,QP97,80,1,old,5
1997,QP97,81,1,new,19
1997,QP97,81,1,old,3
1997,QP97,82,1,new,41
1997,QP97,82,1,old,8
1997,QP97,83,1,new,20
1997,QP97,83,1,old,8
1997,QP97,84,1,new,26
1997,QP97,84,1,old,4
1997,QP97,85,1,new,21
1997,QP97,85,1,old,6
1997,QP97,86,1,new,9
1997,QP97,86,1,old,8
1997,QP97,87,1,new,27
1997,QP97,87,1,old,1
1997,QP97,88,1,new,25
1997,QP97,88,1,old,7
1997,QP97,89,1,new,17
1997,QP97,89,1,old,6
1997,QP97,90,1,new,17
1997,QP97,90,1,old,2
1997,QP97,91,1,new,18
1997,QP97,91,1,old,1
1997,QP97,92,1,new,25
1997,QP97,93,1,new,16
1997,QP97,93,1,old,2
1997,QP97,94,1,new,8
1997,QP97,94,1,old,1
1997,QP97,95,1,new,15
1997,QP97,95,1,old,2
1997,QP97,96,1,new,20
1997,QP97,96,1,old,1
1997,QP97,97,1,new,4
1997,QP97,97,1,old,1
1997,QP97,98,1,new,14
1997,QP97,98,1,old,1
1997,QP97,99,1,new,9
1997,QP97,100,1,new,8
1997,QP97,100,1,old,1
1997,QP97,101,1,new,12
1997,QP97,102,1,new,7
1997,QP97,102,1,old,1
1997,QP97,103,1,new,3
1997,QP97,104,1,new,4
1997,QP97,104,1,old,2
1997,QP97,105,1,new,6
1997,QP97,105,1,old,1
1997,QP97,106,1,new,9
1997,QP97,106,1,old,1
1997,QP97,107,1,new,2
1997,QP97,108,1,new,4
1997,QP97,109,1,new,3
1997,QP97,110,1,new,2
1997,QP97,111,1,new,3
1997,QP97,112,1,new,1
1997,QP97,113,1,new,2
1997,QP97,114,1,new,5
1997,QP97,114,1,old,1
1997,QP97,115,1,new,2
1997,QP97,117,1,new,1
1997,QP97,118,1,new,1
1997,QP97,119,1,new,2
1997,QP97,120,1,new,1
1997,QP97,121,1,new,1
1997,QP97,121,1,old,1
1997,QP97,122,1,new,2
1997,QP97,127,1,new,2
1997,QP97,130,1,new,1
1997,TR97,54,1,old,1
1997,TR97,58,1,old,1
1997,TR97,62,1,old,2
1997,TR97,63,1,old,1
1997,TR97,64,1,new,1
1997,TR97,65,1,old,1
1997,TR97,66,2,old,1
1997,TR97,68,1,old,4
1997,TR97,70,1,new,1
1997,TR97,70,1,old,1
1997,TR97,71,1,old,2
1997,TR97,73,1,old,2
1997,TR97,74,1,old,4
1997,TR97,75,1,new,2
1997,TR97,75,1,old,3
1997,TR97,76,1,new,1
1997,TR97,76,1,old,2
1997,TR97,78,1,old,2
1997,TR97,79,1,old,4
1997,TR97,81,1,old,2
1997,TR97,82,1,new,4
1997,TR97,82,1,old,3
1997,TR97,84,1,old,2
1997,TR97,85,1,old,1
1997,TR97,86,1,old,1
1997,TR97,87,1,new,2
1997,TR97,87,1,old,2
1997,TR97,88,1,old,4
1997,TR97,89,1,new,2
1997,TR97,89,1,old,1
1997,TR97,90,1,old,2
1997,TR97,91,1,old,3
1997,TR97,92,1,new,1
1997,TR97,93,1,old,1
1997,TR97,94,1,new,1
1997,TR97,96,1,new,1
1997,TR97,96,1,old,1
1997,TR97,97,1,new,2
1997,TR97,97,1,old,3
1997,TR97,101,1,old,1
1997,TR97,102,1,new,1
1997,TR97,102,1,old,1
1997,TR97,104,1,old,1
1997,TR97,104,2,new,1
1997,TR97,105,1,old,1
1997,TR97,106,1,new,1
1997,TR97,106,1,old,1
1997,TR97,107,1,old,2
1997,TR97,108,1,new,1
1997,TR97,108,1,old,3
1997,TR97,109,1,old,1
1997,TR97,110,1,new,2
1997,TR97,111,1,old,1
1997,TR97,112,1,old,2
1997,TR97,113,1,old,1
1997,TR97,117,1,new,1
1997,TR97,120,1,new,1
1997,TR97,120,1,old,1
1997,TR97,122,1,old,1
1997,TR97,123,1,new,1
1997,TR97,125,1,new,1
1997,TR97,126,1,new,1
1997,TR97,129,1,new,1
1997,TR97,130,1,new,1
1997,TR97,135,1,new,1
1997,TR97,135,1,old,1
1997,TR97,138,1,old,1
1997,TR97,159,1,old,1
1998,QP98,52,1,new,1
1998,QP98,54,1,new,1
1998,QP98,61,1,new,1
1998,QP98,62,1,old,4
1998,QP98,64,1,old,1
1998,QP98,65,1,old,1
1998,QP98,66,1,new,1
1998,QP98,67,1,new,4
1998,QP98,68,1,old,1
1998,QP98,69,1,new,3
1998,QP98,69,1,old,1
1998,QP98,70,1,new,1
1998,QP98,70,1,old,4
1998,QP98,70,2,new,1
1998,QP98,71,1,new,1
1998,QP98,71,1,old,6
1998,QP98,72,1,new,9
1998,QP98,72,1,old,5
1998,QP98,73,1,new,5
1998,QP98,73,1,old,7
1998,QP98,74,1,new,7
1998,QP98,74,1,old,8
1998,QP98,75,1,new,8
1998,QP98,75,1,old,8
1998,QP98,76,1,new,10
1998,QP98,76,1,old,11
1998,QP98,77,1,new,9
1998,QP98,77,1,old,10
1998,QP98,78,1,new,15
1998,QP98,78,1,old,8
1998,QP98,79,1,new,6
1998,QP98,79,1,old,12
1998,QP98,80,1,new,8
1998,QP98,80,1,old,17
1998,QP98,81,1,new,9
1998,QP98,81,1,old,14
1998,QP98,82,1,new,16
1998,QP98,82,1,old,22
1998,QP98,83,1,new,16
1998,QP98,83,1,old,14
1998,QP98,84,1,new,14
1998,QP98,84,1,old,25
1998,QP98,85,1,new,19
1998,QP98,85,1,old,13
1998,QP98,86,1,new,11
1998,QP98,86,1,old,14
1998,QP98,87,1,new,19
1998,QP98,87,1,old,14
1998,QP98,88,1,new,17
1998,QP98,88,1,old,11
1998,QP98,89,1,new,14
1998,QP98,89,1,old,10
1998,QP98,90,1,new,14
1998,QP98,90,1,old,13
1998,QP98,91,1,new,11
1998,QP98,91,1,old,6
1998,QP98,92,1,new,15
1998,QP98,92,1,old,12
1998,QP98,93,1,new,8
1998,QP98,93,1,old,4
1998,QP98,94,1,new,8
1998,QP98,94,1,old,3
1998,QP98,95,1,new,2
1998,QP98,95,1,old,7
1998,QP98,96,1,new,8
1998,QP98,96,1,old,10
1998,QP98,97,1,new,12
1998,QP98,97,1,old,5
1998,QP98,98,1,new,12
1998,QP98,98,1,old,5
1998,QP98,99,1,new,12
1998,QP98,99,1,old,2
1998,QP98,100,1,new,10
1998,QP98,100,1,old,2
1998,QP98,101,1,new,9
1998,QP98,101,1,old,4
1998,QP98,102,1,new,13
1998,QP98,102,1,old,3
1998,QP98,103,1,new,15
1998,QP98,104,1,new,11
1998,QP98,104,1,old,3
1998,QP98,105,1,new,16
1998,QP98,105,1,old,1
1998,QP98,106,1,new,20
1998,QP98,107,1,new,19
1998,QP98,107,1,old,1
1998,QP98,108,1,new,28
1998,QP98,108,1,old,5
1998,QP98,109,1,new,20
1998,QP98,109,1,old,2
1998,QP98,110,1,new,37
1998,QP98,110,1,old,4
1998,QP98,111,1,new,27
1998,QP98,111,1,old,2
1998,QP98,112,1,new,42
1998,QP98,113,1,new,39
1998,QP98,113,1,old,3
1998,QP98,114,1,new,33
1998,QP98,114,1,old,5
1998,QP98,115,1,new,45
1998,QP98,115,1,old,2
1998,QP98,116,1,new,41
1998,QP98,116,1,old,5
1998,QP98,117,1,new,35
1998,QP98,117,1,old,1
1998,QP98,118,1,new,31
1998,QP98,119,1,new,22
1998,QP98,119,1,old,2
1998,QP98,120,1,new,22
1998,QP98,120,1,old,3
1998,QP98,121,1,new,27
1998,QP98,121,1,old,2
1998,QP98,122,1,new,13
1998,QP98,122,1,old,1
1998,QP98,123,1,new,13
1998,QP98,124,1,new,11
1998,QP98,125,1,new,7
1998,QP98,126,1,new,10
1998,QP98,126,1,old,1
1998,QP98,127,1,new,3
1998,QP98,128,1,new,2
1998,QP98,130,1,new,1
1998,QP98,130,1,old,1
1998,QP98,134,1,new,1
1998,QP98,138,1,old,1
1998,TR98,63,1,old,1
1998,TR98,71,1,new,1
1998,TR98,74,1,old,2
1998,TR98,75,1,old,1
1998,TR98,78,1,new,1
1998,TR98,78,1,old,1
1998,TR98,79,1,old,1
1998,TR98,80,1,new,2
1998,TR98,80,1,old,2
1998,TR98,81,1,old,2
1998,TR98,82,1,old,3
1998,TR98,85,1,new,1
1998,TR98,85,1,old,1
1998,TR98,86,1,old,1
1998,TR98,87,1,new,1
1998,TR98,87,1,old,2
1998,TR98,88,1,old,1
1998,TR98,91,1,new,1
1998,TR98,91,1,old,2
1998,TR98,92,1,new,1
1998,TR98,93,1,old,2
1998,TR98,94,1,old,2
1998,TR98,95,1,old,1
1998,TR98,98,1,old,1
1998,TR98,99,1,old,1
1998,TR98,100,1,new,1
1998,TR98,100,1,old,1
1998,TR98,102,1,old,2
1998,TR98,103,1,new,1
1998,TR98,105,1,old,2
1998,TR98,110,1,old,1
1998,TR98,111,1,old,1
1998,TR98,113,1,old,1
1998,TR98,114,1,old,1
1998,TR98,118,1,new,1
1998,TR98,120,1,new,1
1998,TR98,121,1,new,1
1998,TR98,124,1,old,1
1998,TR98,130,1,new,1
1998,TR98,131,1,new,1
1998,TR98,134,1,old,1
1998,TR98,141,1,new,1
1998,TR98,144,1,new,1
1999,TR99,32,1,old,1
1999,TR99,60,1,old,1
1999,TR99,62,1,old,1
1999,TR99,66,1,old,2
1999,TR99,67,1,old,1
1999,TR99,68,1,old,1
1999,TR99,70,1,new,2
1999,TR99,71,1,old,1
1999,TR99,72,1,new,1
1999,TR99,72,1,old,1
1999,TR99,73,1,new,1
1999,TR99,73,1,old,2
1999,TR99,74,1,old,2
1999,TR99,75,1,new,1
1999,TR99,75,1,old,2
1999,TR99,76,1,old,1
1999,TR99,77,1,old,3
1999,TR99,78,1,old,4
1999,TR99,79,1,old,1
1999,TR99,80,1,old,5
1999,TR99,81,1,old,1
1999,TR99,82,1,old,5
1999,TR99,83,1,old,2
1999,TR99,84,1,new,1
1999,TR99,84,1,old,4
1999,TR99,85,1,old,2
1999,TR99,86,1,old,1
1999,TR99,87,1,old,1
1999,TR99,88,1,new,1
1999,TR99,88,1,old,5
1999,TR99,89,1,new,2
1999,TR99,90,1,old,1
1999,TR99,91,1,old,2
1999,TR99,92,1,old,2
1999,TR99,93,1,old,1
1999,TR99,95,1,new,1
1999,TR99,95,1,old,3
1999,TR99,96,1,old,1
1999,TR99,96,2,old,1
1999,TR99,97,1,old,1
1999,TR99,98,1,new,1
1999,TR99,98,1,old,4
1999,TR99,100,1,new,1
1999,TR99,100,1,old,1
1999,TR99,101,1,new,1
1999,TR99,101,1,old,2
1999,TR99,102,1,new,1
1999,TR99,102,1,old,4
1999,TR99,103,1,new,1
1999,TR99,103,1,old,2
1999,TR99,104,1,new,1
1999,TR99,104,1,old,2
1999,TR99,105,1,old,1
1999,TR99,107,1,old,1
1999,TR99,108,1,new,3
1999,TR99,108,1,old,2
1999,TR99,109,1,new,1
1999,TR99,109,1,old,1
1999,TR99,110,1,old,1
1999,TR99,111,1,new,1
1999,TR99,111,1,old,2
1999,TR99,112,1,new,2
1999,TR99,112,1,old,2
1999,TR99,113,1,old,5
1999,TR99,114,1,old,2
1999,TR99,115,1,old,1
1999,TR99,116,1,old,1
1999,TR99,117,1,new,1
1999,TR99,117,1,old,1
1999,TR99,118,1,old,1
1999,TR99,119,1,new,1
1999,TR99,119,1,old,1
1999,TR99,120,1,new,1
1999,TR99,120,1,old,2
1999,TR99,121,1,new,1
1999,TR99,122,1,new,2
1999,TR99,122,1,old,3
1999,TR99,123,1,old,1
1999,TR99,124,1,old,1
1999,TR99,128,1,new,1
1999,TR99,128,1,old,1
1999,TR99,129,1,old,1
1999,TR99,132,1,new,2
1999,TR99,132,1,old,1
1999,TR99,133,1,new,1
1999,TR99,133,1,old,1
1999,TR99,135,1,new,2
1999,TR99,136,1,new,1
1999,TR99,137,1,old,1
2000,TR00,67,1,new,1
2000,TR00,69,1,old,1
2000,TR00,70,1,old,1
2000,TR00,71,1,old,2
2000,TR00,72,1,old,2
2000,TR00,73,1,old,1
2000,TR00,74,1,new,1
2000,TR00,74,1,old,2
2000,TR00,75,1,old,2
2000,TR00,76,1,old,2
2000,TR00,77,1,new,2
2000,TR00,78,1,new,2
2000,TR00,78,1,old,2
2000,TR00,79,1,new,1
2000,TR00,79,1,old,5
2000,TR00,80,1,old,10
2000,TR00,81,1,old,5
2000,TR00,82,1,new,4
2000,TR00,82,1,old,8
2000,TR00,83,1,new,1
2000,TR00,83,1,old,7
2000,TR00,84,1,new,1
2000,TR00,84,1,old,10
2000,TR00,85,1,new,4
2000,TR00,85,1,old,4
2000,TR00,86,1,new,4
2000,TR00,86,1,old,5
2000,TR00,87,1,new,3
2000,TR00,87,1,old,8
2000,TR00,88,1,old,7
2000,TR00,89,1,new,1
2000,TR00,89,1,old,7
2000,TR00,90,1,new,2
2000,TR00,90,1,old,7
2000,TR00,91,1,new,1
2000,TR00,91,1,old,6
2000,TR00,92,1,old,11
2000,TR00,93,1,new,1
2000,TR00,93,1,old,10
2000,TR00,94,1,new,2
2000,TR00,94,1,old,8
2000,TR00,95,1,new,5
2000,TR00,95,1,old,9
2000,TR00,95,2,new,1
2000,TR00,96,1,new,2
2000,TR00,96,1,old,12
2000,TR00,97,1,new,3
2000,TR00,97,1,old,17
2000,TR00,98,1,new,3
2000,TR00,98,1,old,18
2000,TR00,99,1,new,5
2000,TR00,99,1,old,13
2000,TR00,100,1,new,5
2000,TR00,100,1,old,11
2000,TR00,101,1,new,6
2000,TR00,101,1,old,13
2000,TR00,102,1,new,4
2000,TR00,102,1,old,10
2000,TR00,103,1,new,6
2000,TR00,103,1,old,23
2000,TR00,104,1,new,3
2000,TR00,104,1,old,15
2000,TR00,105,1,new,7
2000,TR00,105,1,old,25
2000,TR00,106,1,new,10
2000,TR00,106,1,old,14
2000,TR00,107,1,new,12
2000,TR00,107,1,old,14
2000,TR00,108,1,new,6
2000,TR00,108,1,old,23
2000,TR00,109,1,new,9
2000,TR00,109,1,old,21
2000,TR00,110,1,new,9
2000,TR00,110,1,old,23
2000,TR00,111,1,new,9
2000,TR00,111,1,old,22
2000,TR00,112,1,new,23
2000,TR00,112,1,old,38
2000,TR00,113,1,new,8
2000,TR00,113,1,old,27
2000,TR00,114,1,new,13
2000,TR00,114,1,old,40
2000,TR00,115,1,new,11
2000,TR00,115,1,old,31
2000,TR00,116,1,new,19
2000,TR00,116,1,old,34
2000,TR00,117,1,new,17
2000,TR00,117,1,old,33
2000,TR00,118,1,new,17
2000,TR00,118,1,old,45
2000,TR00,119,1,new,14
2000,TR00,119,1,old,38
2000,TR00,120,1,new,14
2000,TR00,120,1,old,44
2000,TR00,121,1,new,10
2000,TR00,121,1,old,32
2000,TR00,122,1,new,15
2000,TR00,122,1,old,36
2000,TR00,123,1,new,17
2000,TR00,123,1,old,25
2000,TR00,124,1,new,11
2000,TR00,124,1,old,20
2000,TR00,125,1,new,3
2000,TR00,125,1,old,19
2000,TR00,126,1,new,10
2000,TR00,126,1,old,13
2000,TR00,127,1,new,6
2000,TR00,127,1,old,11
2000,TR00,128,1,new,6
2000,TR00,128,1,old,13
2000,TR00,129,1,new,4
2000,TR00,129,1,old,11
2000,TR00,130,1,new,3
2000,TR00,130,1,old,11
2000,TR00,131,1,new,3
2000,TR00,131,1,old,8
2000,TR00,132,1,new,2
2000,TR00,132,1,old,6
2000,TR00,133,1,new,3
2000,TR00,133,1,old,4
2000,TR00,134,1,new,2
2000,TR00,134,1,old,1
2000,TR00,135,1,new,1
2000,TR00,136,1,old,1
2000,TR00,138,1,old,2
2000,TR00,139,1,old,2
2000,TR00,140,1,old,1
2000,TR00,143,1,new,1
2000,TR00,144,1,new,1
2000,TR00,146,1,old,1
2001,QB01,82,1,new,1
2001,QB01,94,1,new,1
2001,QB01,98,1,new,1
2001,QB01,99,1,old,1
2001,QB01,104,1,new,1
2001,QB01,104,1,old,1
2001,QB01,105,1,new,1
2001,QB01,106,1,new,1
2001,QB01,112,1,new,1
2001,QB01,113,1,old,1
2001,QB01,115,1,new,2
2001,QB01,124,1,new,1
2001,TR01,77,1,old,1
2001,TR01,82,1,old,1
2001,TR01,83,1,old,1
2001,TR01,87,1,old,1
2001,TR01,87,2,old,1
2001,TR01,92,1,new,1
2001,TR01,94,1,old,1
2001,TR01,95,1,old,2
2001,TR01,96,1,old,3
2001,TR01,97,2,new,1
2001,TR01,98,1,old,2
2001,TR01,100,1,old,1
2001,TR01,101,1,new,1
2001,TR01,101,1,old,1
2001,TR01,101,2,new,1
2001,TR01,102,1,old,2
2001,TR01,102,2,old,1
2001,TR01,103,1,old,6
2001,TR01,104,1,old,5
2001,TR01,104,2,old,1
2001,TR01,105,1,new,2
2001,TR01,105,1,old,2
2001,TR01,106,1,old,2
2001,TR01,107,1,old,4
2001,TR01,108,1,new,2
2001,TR01,108,1,old,5
2001,TR01,109,1,old,3
2001,TR01,110,1,old,13
2001,TR01,111,1,new,3
2001,TR01,111,1,old,4
2001,TR01,112,1,new,1
2001,TR01,112,1,old,7
2001,TR01,113,1,old,2
2001,TR01,114,1,new,1
2001,TR01,114,1,old,5
2001,TR01,115,1,old,10
2001,TR01,116,1,new,2
2001,TR01,116,1,old,5
2001,TR01,117,1,old,2
2001,TR01,118,1,new,2
2001,TR01,118,1,old,3
2001,TR01,119,1,new,1
2001,TR01,119,1,old,7
2001,TR01,120,1,old,5
2001,TR01,121,1,old,6
2001,TR01,122,1,new,3
2001,TR01,122,1,old,6
2001,TR01,123,1,old,4
2001,TR01,124,1,old,3
2001,TR01,125,1,new,1
2001,TR01,125,1,old,4
2001,TR01,126,1,new,1
2001,TR01,126,1,old,2
2001,TR01,127,1,old,2
2001,TR01,128,1,new,1
2001,TR01,128,1,old,1
2001,TR01,129,1,old,2
2001,TR01,134,1,old,2
2001,TR01,138,1,new,1
2001,TR01,158,1,new,1
2002,QB02,66,2,old,1
2002,QB02,80,2,old,1
2002,QB02,95,1,old,1
2002,QB02,96,1,new,1
2002,QB02,116,1,old,1
2002,QB02,120,1,old,1
2002,QB02,122,1,new,1
2002,QB02,136,1,new,1
2002,TR02,71,1,old,1
2002,TR02,73,1,new,1
2002,TR02,73,1,old,1
2002,TR02,75,1,new,1
2002,TR02,75,1,old,1
2002,TR02,76,1,old,1
2002,TR02,77,1,new,1
2002,TR02,78,1,old,1
2002,TR02,80,1,old,1
2002,TR02,81,1,new,1
2002,TR02,82,1,old,1
2002,TR02,83,1,old,1
2002,TR02,84,1,new,1
2002,TR02,85,1,new,2
2002,TR02,85,1,old,1
2002,TR02,86,1,new,1
2002,TR02,86,1,old,2
2002,TR02,87,1,new,2
2002,TR02,87,1,old,2
2002,TR02,88,1,old,1
2002,TR02,89,1,old,1
2002,TR02,90,1,new,3
2002,TR02,90,1,old,3
2002,TR02,91,1,new,1
2002,TR02,91,1,old,2
2002,TR02,93,1,new,2
2002,TR02,93,1,old,1
2002,TR02,94,1,old,3
2002,TR02,95,1,old,1
2002,TR02,96,1,old,1
2002,TR02,97,1,new,2
2002,TR02,97,1,old,5
2002,TR02,98,1,old,2
2002,TR02,99,1,old,3
2002,TR02,100,1,old,5
2002,TR02,101,1,old,3
2002,TR02,102,1,old,3
2002,TR02,103,1,old,3
2002,TR02,104,1,new,3
2002,TR02,104,1,old,4
2002,TR02,105,1,new,4
2002,TR02,105,1,old,3
2002,TR02,106,1,new,1
2002,TR02,106,1,old,2
2002,TR02,107,1,new,1
2002,TR02,107,1,old,5
2002,TR02,108,1,new,2
2002,TR02,108,1,old,3
2002,TR02,109,1,new,3
2002,TR02,109,1,old,6
2002,TR02,110,1,new,3
2002,TR02,110,1,old,5
2002,TR02,111,1,new,3
2002,TR02,111,1,old,8
2002,TR02,112,1,new,2
2002,TR02,112,1,old,5
2002,TR02,113,1,old,6
2002,TR02,114,1,old,4
2002,TR02,115,1,new,3
2002,TR02,115,1,old,6
2002,TR02,116,1,old,3
2002,TR02,117,1,old,2
2002,TR02,118,1,new,3
2002,TR02,118,1,old,6
2002,TR02,119,1,old,3
2002,TR02,120,1,new,1
2002,TR02,120,1,old,5
2002,TR02,121,1,old,3
2002,TR02,122,1,new,1
2002,TR02,122,1,old,3
2002,TR02,124,1,old,3
2002,TR02,125,1,old,2
2002,TR02,126,1,new,1
2002,TR02,126,1,old,2
2002,TR02,127,1,old,2
2002,TR02,128,1,old,2
2002,TR02,129,1,old,1
2002,TR02,130,1,old,3
2002,TR02,133,1,new,1
2002,TR02,133,1,old,1
2002,TR02,135,1,old,1
2002,TR02,142,1,old,1
2002,TR02,143,1,old,1
2002,TR02,147,1,old,1
2002,TR02,150,1,old,1
2002,TR02,166,1,old,1
2003,QB03,67,1,new,1
2003,TR03,63,1,old,1
2003,TR03,65,1,new,1
2003,TR03,67,1,old,3
2003,TR03,70,1,old,1
2003,TR03,72,1,old,1
2003,TR03,75,1,old,1
2003,TR03,76,1,old,1
2003,TR03,77,1,old,1
2003,TR03,78,1,new,2
2003,TR03,78,1,old,2
2003,TR03,79,1,new,2
2003,TR03,79,1,old,1
2003,TR03,80,1,old,2
2003,TR03,81,1,new,1
2003,TR03,81,1,old,1
2003,TR03,82,1,new,1
2003,TR03,83,1,new,2
2003,TR03,83,1,old,1
2003,TR03,84,1,new,2
2003,TR03,85,1,new,2
2003,TR03,85,1,old,1
2003,TR03,86,1,old,1
2003,TR03,87,1,new,1
2003,TR03,87,1,old,2
2003,TR03,88,1,new,1
2003,TR03,88,1,old,1
2003,TR03,89,1,old,4
2003,TR03,90,1,old,2
2003,TR03,91,1,old,2
2003,TR03,92,1,old,3
2003,TR03,92,2,new,1
2003,TR03,93,1,new,1
2003,TR03,93,1,old,3
2003,TR03,94,1,old,1
2003,TR03,95,1,new,2
2003,TR03,95,1,old,1
2003,TR03,96,1,new,2
2003,TR03,96,1,old,4
2003,TR03,97,1,old,4
2003,TR03,98,1,old,3
2003,TR03,99,1,new,1
2003,TR03,99,1,old,1
2003,TR03,100,1,new,1
2003,TR03,100,1,old,3
2003,TR03,101,1,new,3
2003,TR03,101,1,old,2
2003,TR03,102,1,old,2
2003,TR03,103,1,new,1
2003,TR03,103,1,old,4
2003,TR03,104,1,new,2
2003,TR03,104,1,old,4
2003,TR03,105,1,new,2
2003,TR03,105,1,old,6
2003,TR03,106,1,new,2
2003,TR03,106,1,old,2
2003,TR03,107,1,old,1
2003,TR03,108,1,old,4
2003,TR03,109,1,new,1
2003,TR03,109,1,old,1
2003,TR03,110,1,new,3
2003,TR03,110,1,old,6
2003,TR03,111,1,new,3
2003,TR03,111,1,old,2
2003,TR03,112,1,new,2
2003,TR03,112,1,old,6
2003,TR03,113,1,new,1
2003,TR03,113,1,old,1
2003,TR03,114,1,old,2
2003,TR03,115,1,new,2
2003,TR03,115,1,old,3
2003,TR03,116,1,old,6
2003,TR03,117,1,new,1
2003,TR03,117,1,old,2
2003,TR03,118,1,new,1
2003,TR03,118,1,old,2
2003,TR03,120,1,new,1
2003,TR03,120,1,old,1
2003,TR03,121,1,old,1
2003,TR03,124,1,old,3
2003,TR03,125,1,old,1
2003,TR03,126,1,old,1
2003,TR03,127,1,old,1
2003,TR03,128,1,old,1
2003,TR03,129,1,old,2
2003,TR03,130,1,old,1
2003,TR03,132,1,old,1
2003,TR03,137,1,old,1
2003,TR03,152,1,new,1
2004,TR04,74,1,old,1
2004,TR04,77,1,old,1
2004,TR04,79,1,old,1
2004,TR04,80,1,old,2
2004,TR04,82,1,old,1
2004,TR04,83,1,old,3
2004,TR04,85,1,old,2
2004,TR04,86,1,old,1
2004,TR04,87,1,old,4
2004,TR04,90,1,old,1
2004,TR04,91,1,old,3
2004,TR04,92,1,old,1
2004,TR04,93,1,old,2
2004,TR04,94,1,old,1
2004,TR04,95,1,old,2
2004,TR04,96,1,old,1
2004,TR04,97,1,new,1
2004,TR04,97,1,old,4
2004,TR04,98,1,old,3
2004,TR04,99,1,old,1
2004,TR04,101,1,new,1
2004,TR04,101,1,old,1
2004,TR04,102,1,old,3
2004,TR04,103,1,old,5
2004,TR04,105,1,old,5
2004,TR04,106,1,old,2
2004,TR04,107,1,old,3
2004,TR04,108,1,old,1
2004,TR04,109,1,old,4
2004,TR04,110,1,old,4
2004,TR04,111,1,old,2
2004,TR04,112,1,new,2
2004,TR04,112,1,old,1
2004,TR04,113,1,new,1
2004,TR04,113,1,old,3
2004,TR04,114,1,old,3
2004,TR04,115,1,new,1
2004,TR04,115,1,old,5
2004,TR04,116,1,old,1
2004,TR04,117,1,old,1
2004,TR04,118,1,old,3
2004,TR04,119,1,old,3
2004,TR04,120,1,old,1
2004,TR04,121,1,new,1
2004,TR04,121,1,old,2
2004,TR04,122,1,old,1
2004,TR04,123,1,new,1
2004,TR04,124,1,old,3
2004,TR04,125,1,new,1
2004,TR04,125,1,old,4
2004,TR04,126,1,old,1
2004,TR04,127,1,old,1
2004,TR04,128,1,new,1
2004,TR04,128,1,old,1
2004,TR04,130,1,old,1
2004,TR04,131,1,old,1
2004,TR04,134,1,old,1
2004,TR04,137,1,new,1
2004,TR04,137,1,old,1
2005,QT05,57,1,old,1
2005,QT05,64,2,old,1
2005,QT05,66,1,new,1
2005,QT05,69,1,old,1
2005,QT05,70,1,new,1
2005,QT05,70,1,old,2
2005,QT05,71,1,new,1
2005,QT05,71,1,old,2
2005,QT05,72,1,new,1
2005,QT05,72,1,old,1
2005,QT05,74,1,old,5
2005,QT05,76,1,old,1
2005,QT05,77,1,old,1
2005,QT05,78,1,new,3
2005,QT05,78,1,old,2
2005,QT05,79,1,new,2
2005,QT05,79,1,old,7
2005,QT05,80,1,new,3
2005,QT05,80,1,old,4
2005,QT05,81,1,new,3
2005,QT05,81,1,old,5
2005,QT05,82,1,new,12
2005,QT05,82,1,old,3
2005,QT05,82,2,old,1
2005,QT05,83,1,old,2
2005,QT05,84,1,new,4
2005,QT05,84,1,old,6
2005,QT05,85,1,new,7
2005,QT05,85,1,old,5
2005,QT05,86,1,new,5
2005,QT05,86,1,old,4
2005,QT05,87,1,new,11
2005,QT05,87,1,old,5
2005,QT05,88,1,new,16
2005,QT05,88,1,old,5
2005,QT05,89,1,new,10
2005,QT05,89,1,old,4
2005,QT05,90,1,new,9
2005,QT05,90,1,old,5
2005,QT05,91,1,new,18
2005,QT05,91,1,old,9
2005,QT05,92,1,new,28
2005,QT05,92,1,old,11
2005,QT05,93,1,new,27
2005,QT05,93,1,old,6
2005,QT05,94,1,new,20
2005,QT05,94,1,old,13
2005,QT05,94,2,old,1
2005,QT05,95,1,new,23
2005,QT05,95,1,old,9
2005,QT05,96,1,new,13
2005,QT05,96,1,old,6
2005,QT05,97,1,new,33
2005,QT05,97,1,old,9
2005,QT05,98,1,new,20
2005,QT05,98,1,old,8
2005,QT05,99,1,new,27
2005,QT05,99,1,old,4
2005,QT05,100,1,new,50
2005,QT05,100,1,old,14
2005,QT05,101,1,new,26
2005,QT05,101,1,old,6
2005,QT05,102,1,new,39
2005,QT05,102,1,old,11
2005,QT05,103,1,new,30
2005,QT05,103,1,old,6
2005,QT05,104,1,new,55
2005,QT05,104,1,old,15
2005,QT05,105,1,new,55
2005,QT05,105,1,old,16
2005,QT05,106,1,new,30
2005,QT05,106,1,old,3
2005,QT05,107,1,new,70
2005,QT05,107,1,old,15
2005,QT05,108,1,new,61
2005,QT05,108,1,old,16
2005,QT05,109,1,new,41
2005,QT05,109,1,old,11
2005,QT05,110,1,new,75
2005,QT05,110,1,old,18
2005,QT05,111,1,new,30
2005,QT05,111,1,old,12
2005,QT05,112,1,new,60
2005,QT05,112,1,old,12
2005,QT05,113,1,new,58
2005,QT05,113,1,old,9
2005,QT05,114,1,new,80
2005,QT05,114,1,old,15
2005,QT05,115,1,new,85
2005,QT05,115,1,old,14
2005,QT05,116,1,new,34
2005,QT05,116,1,old,8
2005,QT05,117,1,new,68
2005,QT05,117,1,old,10
2005,QT05,118,1,new,87
2005,QT05,118,1,old,7
2005,QT05,119,1,new,57
2005,QT05,119,1,old,4
2005,QT05,120,1,new,93
2005,QT05,120,1,old,6
2005,QT05,121,1,new,57
2005,QT05,121,1,old,7
2005,QT05,122,1,new,66
2005,QT05,122,1,old,12
2005,QT05,123,1,new,77
2005,QT05,123,1,old,6
2005,QT05,124,1,new,74
2005,QT05,124,1,old,7
2005,QT05,125,1,new,65
2005,QT05,125,1,old,5
2005,QT05,126,1,new,29
2005,QT05,126,1,old,6
2005,QT05,127,1,new,41
2005,QT05,127,1,old,4
2005,QT05,128,1,new,53
2005,QT05,128,1,old,8
2005,QT05,129,1,new,32
2005,QT05,129,1,old,3
2005,QT05,130,1,new,33
2005,QT05,130,1,old,3
2005,QT05,131,1,new,13
2005,QT05,131,1,old,2
2005,QT05,132,1,new,27
2005,QT05,132,1,old,2
2005,QT05,133,1,new,8
2005,QT05,134,1,new,15
2005,QT05,135,1,new,9
2005,QT05,136,1,new,4
2005,QT05,137,1,new,5
2005,QT05,138,1,new,1
2005,QT05,139,1,new,1
2005,QT05,140,1,new,1
2005,QT05,156,1,new,1
2005,TR05,35,1,new,1
2005,TR05,63,1,new,1
2005,TR05,65,1,new,1
2005,TR05,66,1,old,1
2005,TR05,70,1,old,1
2005,TR05,75,1,old,2
2005,TR05,76,1,new,2
2005,TR05,77,1,old,1
2005,TR05,78,1,old,2
2005,TR05,79,1,old,3
2005,TR05,80,1,old,3
2005,TR05,81,1,old,1
2005,TR05,82,1,old,1
2005,TR05,83,1,old,3
2005,TR05,84,1,old,2
2005,TR05,86,1,old,4
2005,TR05,87,1,old,1
2005,TR05,88,1,old,1
2005,TR05,88,2,old,1
2005,TR05,89,1,new,2
2005,TR05,89,1,old,1
2005,TR05,90,1,old,4
2005,TR05,91,1,new,1
2005,TR05,91,1,old,4
2005,TR05,91,2,new,1
2005,TR05,92,1,new,1
2005,TR05,92,1,old,1
2005,TR05,93,1,new,3
2005,TR05,93,1,old,5
2005,TR05,94,1,new,2
2005,TR05,94,1,old,3
2005,TR05,95,1,old,2
2005,TR05,96,1,new,2
2005,TR05,96,1,old,2
2005,TR05,97,1,old,5
2005,TR05,98,1,new,1
2005,TR05,98,1,old,5
2005,TR05,99,1,old,8
2005,TR05,99,2,old,1
2005,TR05,100,1,old,5
2005,TR05,101,1,old,3
2005,TR05,102,1,new,1
2005,TR05,102,1,old,6
2005,TR05,103,1,new,2
2005,TR05,103,1,old,5
2005,TR05,104,1,old,4
2005,TR05,105,1,new,3
2005,TR05,105,1,old,5
2005,TR05,105,2,old,1
2005,TR05,106,1,new,1
2005,TR05,106,1,old,11
2005,TR05,107,1,new,1
2005,TR05,107,1,old,7
2005,TR05,108,1,new,2
2005,TR05,108,1,old,3
2005,TR05,109,1,new,4
2005,TR05,109,1,old,6
2005,TR05,110,1,new,1
2005,TR05,110,1,old,13
2005,TR05,111,1,new,1
2005,TR05,111,1,old,5
2005,TR05,112,1,new,3
2005,TR05,112,1,old,4
2005,TR05,113,1,new,3
2005,TR05,113,1,old,6
2005,TR05,114,1,new,1
2005,TR05,114,1,old,7
2005,TR05,115,1,new,1
2005,TR05,115,1,old,7
2005,TR05,116,1,new,3
2005,TR05,116,1,old,4
2005,TR05,117,1,new,2
2005,TR05,117,1,old,1
2005,TR05,118,1,new,1
2005,TR05,118,1,old,5
2005,TR05,119,1,old,4
2005,TR05,120,1,old,5
2005,TR05,121,1,new,1
2005,TR05,121,1,old,1
2005,TR05,122,1,new,1
2005,TR05,122,1,old,2
2005,TR05,123,1,new,1
2005,TR05,123,1,old,2
2005,TR05,124,1,new,2
2005,TR05,124,1,old,2
2005,TR05,125,1,old,2
2005,TR05,126,1,old,1
2005,TR05,127,1,new,1
2005,TR05,127,1,old,1
2005,TR05,128,1,old,1
2005,TR05,130,1,old,2
2005,TR05,133,1,old,1
2005,TR05,134,1,new,1
2005,TR05,134,1,old,1
2005,TR05,141,1,new,1
2005,TR05,142,1,old,1
2005,TR05,144,1,old,1
2005,TR05,146,1,new,1
2005,TR05,164,1,new,1
2005,TR05,183,1,new,1
2006,QT06,62,1,old,1
2006,QT06,64,1,old,1
2006,QT06,65,1,new,1
2006,QT06,67,1,old,1
2006,QT06,73,1,new,1
2006,QT06,73,1,old,1
2006,QT06,74,1,new,1
2006,QT06,77,1,new,1
2006,QT06,78,1,new,1
2006,QT06,80,1,old,2
2006,QT06,81,1,new,2
2006,QT06,81,1,old,2
2006,QT06,82,1,new,4
2006,QT06,82,1,old,2
2006,QT06,83,1,new,5
2006,QT06,84,1,new,6
2006,QT06,85,1,new,1
2006,QT06,85,1,old,1
2006,QT06,86,1,new,7
2006,QT06,87,1,new,1
2006,QT06,88,1,new,2
2006,QT06,88,1,old,1
2006,QT06,89,1,new,3
2006,QT06,89,1,old,1
2006,QT06,90,1,new,2
2006,QT06,91,1,new,1
2006,QT06,91,1,old,1
2006,QT06,92,1,new,1
2006,QT06,93,1,new,8
2006,QT06,94,1,new,4
2006,QT06,94,1,old,2
2006,QT06,95,1,new,3
2006,QT06,96,1,new,5
2006,QT06,96,1,old,3
2006,QT06,97,1,new,1
2006,QT06,98,1,new,7
2006,QT06,98,1,old,2
2006,QT06,99,1,new,4
2006,QT06,100,1,new,9
2006,QT06,100,1,old,1
2006,QT06,101,1,new,13
2006,QT06,102,1,new,11
2006,QT06,103,1,new,17
2006,QT06,103,1,old,1
2006,QT06,104,1,new,17
2006,QT06,104,1,old,3
2006,QT06,105,1,new,12
2006,QT06,105,1,old,1
2006,QT06,106,1,new,18
2006,QT06,106,1,old,1
2006,QT06,107,1,new,21
2006,QT06,107,1,old,3
2006,QT06,108,1,new,16
2006,QT06,108,1,old,1
2006,QT06,109,1,new,37
2006,QT06,109,1,old,3
2006,QT06,110,1,new,27
2006,QT06,110,1,old,3
2006,QT06,111,1,new,11
2006,QT06,111,1,old,4
2006,QT06,112,1,new,21
2006,QT06,112,1,old,1
2006,QT06,113,1,new,33
2006,QT06,114,1,new,22
2006,QT06,115,1,new,10
2006,QT06,116,1,new,19
2006,QT06,117,1,new,10
2006,QT06,117,1,old,1
2006,QT06,118,1,new,10
2006,QT06,118,1,old,3
2006,QT06,119,1,new,3
2006,QT06,120,1,new,5
2006,QT06,121,1,new,3
2006,QT06,122,1,new,2
2006,QT06,122,1,old,1
2006,QT06,123,1,old,3
2006,QT06,124,1,new,2
2006,QT06,125,1,new,1
2006,QT06,126,1,new,5
2006,QT06,128,1,new,3
2006,QT06,129,1,new,2
2006,QT06,131,1,new,1
2006,TR06,64,1,old,1
2006,TR06,65,1,old,2
2006,TR06,69,1,old,1
2006,TR06,70,1,old,1
2006,TR06,75,1,new,1
2006,TR06,79,1,old,1
2006,TR06,80,1,old,1
2006,TR06,81,1,new,3
2006,TR06,81,1,old,1
2006,TR06,82,1,old,4
2006,TR06,83,1,old,1
2006,TR06,83,2,old,1
2006,TR06,84,1,old,2
2006,TR06,85,1,old,3
2006,TR06,86,1,old,2
2006,TR06,87,1,old,2
2006,TR06,88,1,new,1
2006,TR06,88,1,old,1
2006,TR06,89,1,old,1
2006,TR06,92,1,old,2
2006,TR06,93,1,old,4
2006,TR06,94,1,new,1
2006,TR06,94,1,old,3
2006,TR06,95,1,old,1
2006,TR06,96,1,old,4
2006,TR06,97,1,old,2
2006,TR06,98,1,new,2
2006,TR06,99,1,old,2
2006,TR06,99,2,old,1
2006,TR06,100,1,new,1
2006,TR06,100,1,old,4
2006,TR06,101,1,new,1
2006,TR06,101,1,old,5
2006,TR06,102,1,new,1
2006,TR06,102,1,old,7
2006,TR06,103,1,new,2
2006,TR06,103,1,old,4
2006,TR06,104,1,old,4
2006,TR06,105,1,old,4
2006,TR06,106,1,new,1
2006,TR06,106,1,old,4
2006,TR06,107,1,old,7
2006,TR06,108,1,old,7
2006,TR06,109,1,new,2
2006,TR06,109,1,old,3
2006,TR06,110,1,new,2
2006,TR06,110,1,old,5
2006,TR06,111,1,new,1
2006,TR06,111,1,old,4
2006,TR06,112,1,new,2
2006,TR06,112,1,old,3
2006,TR06,113,1,new,1
2006,TR06,113,1,old,4
2006,TR06,114,1,old,4
2006,TR06,115,1,new,1
2006,TR06,115,1,old,4
2006,TR06,116,1,new,1
2006,TR06,116,1,old,4
2006,TR06,117,1,old,4
2006,TR06,118,1,new,1
2006,TR06,118,1,old,4
2006,TR06,119,1,new,4
2006,TR06,119,1,old,3
2006,TR06,120,1,old,3
2006,TR06,121,1,old,1
2006,TR06,122,1,new,2
2006,TR06,122,1,old,1
2006,TR06,123,1,new,2
2006,TR06,123,1,old,5
2006,TR06,124,1,old,3
2006,TR06,125,1,new,1
2006,TR06,126,1,old,1
2006,TR06,127,1,new,1
2006,TR06,127,1,old,2
2006,TR06,128,1,new,1
2006,TR06,128,1,old,2
2006,TR06,129,1,new,1
2006,TR06,129,1,old,2
2006,TR06,130,1,old,1
2006,TR06,131,1,old,2
2006,TR06,132,1,new,1
2006,TR06,133,1,old,1
2006,TR06,136,1,new,1
2006,TR06,153,1,new,1
2006,TT06,61,1,new,1
2006,TT06,61,1,old,1
2006,TT06,63,1,new,2
2006,TT06,63,1,old,1
2006,TT06,65,1,old,2
2006,TT06,66,1,new,1
2006,TT06,67,1,new,2
2006,TT06,68,1,new,3
2006,TT06,68,1,old,1
2006,TT06,69,1,new,1
2006,TT06,69,1,old,1
2006,TT06,70,1,new,2
2006,TT06,71,1,new,6
2006,TT06,71,1,old,2
2006,TT06,72,1,new,4
2006,TT06,73,1,new,5
2006,TT06,73,1,old,4
2006,TT06,74,1,new,5
2006,TT06,74,1,old,1
2006,TT06,75,1,new,3
2006,TT06,75,1,old,4
2006,TT06,76,1,new,8
2006,TT06,76,1,old,3
2006,TT06,77,1,new,6
2006,TT06,77,1,old,3
2006,TT06,78,1,new,3
2006,TT06,78,1,old,8
2006,TT06,79,1,new,4
2006,TT06,79,1,old,3
2006,TT06,80,1,new,2
2006,TT06,80,1,old,4
2006,TT06,81,1,new,8
2006,TT06,81,1,old,6
2006,TT06,81,2,old,1
2006,TT06,82,1,new,7
2006,TT06,82,1,old,3
2006,TT06,83,1,new,6
2006,TT06,83,1,old,5
2006,TT06,84,1,new,10
2006,TT06,84,1,old,4
2006,TT06,85,1,new,8
2006,TT06,85,1,old,4
2006,TT06,86,1,new,6
2006,TT06,86,1,old,7
2006,TT06,87,1,new,9
2006,TT06,87,1,old,1
2006,TT06,88,1,new,9
2006,TT06,88,1,old,3
2006,TT06,89,1,new,12
2006,TT06,89,1,old,2
2006,TT06,90,1,new,5
2006,TT06,90,1,old,9
2006,TT06,91,1,new,6
2006,TT06,91,1,old,1
2006,TT06,92,1,new,5
2006,TT06,92,1,old,4
2006,TT06,93,1,new,12
2006,TT06,93,1,old,6
2006,TT06,94,1,new,15
2006,TT06,94,1,old,5
2006,TT06,95,1,new,8
2006,TT06,95,1,old,10
2006,TT06,96,1,new,10
2006,TT06,96,1,old,4
2006,TT06,97,1,new,6
2006,TT06,97,1,old,6
2006,TT06,98,1,new,14
2006,TT06,98,1,old,11
2006,TT06,99,1,new,10
2006,TT06,99,1,old,7
2006,TT06,100,1,new,12
2006,TT06,100,1,old,4
2006,TT06,101,1,new,8
2006,TT06,101,1,old,11
2006,TT06,102,1,new,21
2006,TT06,102,1,old,10
2006,TT06,103,1,new,15
2006,TT06,103,1,old,9
2006,TT06,104,1,new,23
2006,TT06,104,1,old,16
2006,TT06,105,1,new,13
2006,TT06,105,1,old,17
2006,TT06,106,1,new,9
2006,TT06,106,1,old,13
2006,TT06,107,1,new,18
2006,TT06,107,1,old,12
2006,TT06,108,1,new,11
2006,TT06,108,1,old,17
2006,TT06,109,1,new,23
2006,TT06,109,1,old,17
2006,TT06,110,1,new,5
2006,TT06,110,1,old,18
2006,TT06,111,1,new,17
2006,TT06,111,1,old,25
2006,TT06,112,1,new,21
2006,TT06,112,1,old,19
2006,TT06,113,1,new,17
2006,TT06,113,1,old,19
2006,TT06,114,1,new,27
2006,TT06,114,1,old,17
2006,TT06,115,1,new,18
2006,TT06,115,1,old,24
2006,TT06,116,1,new,23
2006,TT06,116,1,old,17
2006,TT06,117,1,new,19
2006,TT06,117,1,old,16
2006,TT06,118,1,new,19
2006,TT06,118,1,old,17
2006,TT06,119,1,new,14
2006,TT06,119,1,old,24
2006,TT06,120,1,new,13
2006,TT06,120,1,old,20
2006,TT06,121,1,new,13
2006,TT06,121,1,old,18
2006,TT06,122,1,new,12
2006,TT06,122,1,old,14
2006,TT06,123,1,new,15
2006,TT06,123,1,old,12
2006,TT06,124,1,new,9
2006,TT06,124,1,old,10
2006,TT06,125,1,new,3
2006,TT06,125,1,old,7
2006,TT06,126,1,new,11
2006,TT06,126,1,old,6
2006,TT06,127,1,new,3
2006,TT06,127,1,old,4
2006,TT06,128,1,new,7
2006,TT06,128,1,old,3
2006,TT06,129,1,new,5
2006,TT06,129,1,old,3
2006,TT06,130,1,new,3
2006,TT06,130,1,old,3
2006,TT06,131,1,new,4
2006,TT06,131,1,old,2
2006,TT06,132,1,new,3
2006,TT06,132,1,old,2
2006,TT06,133,1,new,1
2006,TT06,133,1,old,3
2006,TT06,136,1,new,2
2006,TT06,139,1,new,1
2006,TT06,141,1,new,1
2006,TT06,143,1,new,1
2006,TT06,148,1,old,1
2007,QT07,30,1,old,1
2007,QT07,65,1,new,1
2007,QT07,67,1,new,1
2007,QT07,67,1,old,1
2007,QT07,69,1,new,1
2007,QT07,71,1,new,1
2007,QT07,72,1,new,1
2007,QT07,73,1,old,1
2007,QT07,74,1,new,2
2007,QT07,74,1,old,2
2007,QT07,75,1,new,1
2007,QT07,76,1,old,1
2007,QT07,78,1,new,3
2007,QT07,78,1,old,1
2007,QT07,79,1,new,1
2007,QT07,79,1,old,1
2007,QT07,80,1,new,3
2007,QT07,80,1,old,1
2007,QT07,81,1,new,3
2007,QT07,81,1,old,2
2007,QT07,82,1,new,3
2007,QT07,83,1,new,2
2007,QT07,84,1,new,5
2007,QT07,84,1,old,1
2007,QT07,85,1,new,1
2007,QT07,85,1,old,2
2007,QT07,86,1,new,4
2007,QT07,87,1,new,7
2007,QT07,88,1,new,7
2007,QT07,88,1,old,1
2007,QT07,89,1,new,4
2007,QT07,89,1,old,1
2007,QT07,90,1,new,10
2007,QT07,90,1,old,2
2007,QT07,91,1,new,7
2007,QT07,91,1,old,1
2007,QT07,92,1,new,8
2007,QT07,93,1,new,10
2007,QT07,94,1,new,13
2007,QT07,94,1,old,1
2007,QT07,95,1,new,14
2007,QT07,95,1,old,1
2007,QT07,96,1,new,11
2007,QT07,97,1,new,23
2007,QT07,97,1,old,6
2007,QT07,98,1,new,22
2007,QT07,98,1,old,2
2007,QT07,99,1,new,26
2007,QT07,99,1,old,5
2007,QT07,100,1,new,40
2007,QT07,100,1,old,3
2007,QT07,101,1,new,43
2007,QT07,101,1,old,3
2007,QT07,102,1,new,54
2007,QT07,102,1,old,4
2007,QT07,103,1,new,68
2007,QT07,103,1,old,5
2007,QT07,104,1,new,62
2007,QT07,104,1,old,5
2007,QT07,105,1,new,86
2007,QT07,105,1,old,10
2007,QT07,106,1,new,61
2007,QT07,106,1,old,2
2007,QT07,107,1,new,70
2007,QT07,107,1,old,3
2007,QT07,108,1,new,61
2007,QT07,108,1,old,7
2007,QT07,109,1,new,85
2007,QT07,109,1,old,8
2007,QT07,110,1,new,85
2007,QT07,110,1,old,11
2007,QT07,111,1,new,62
2007,QT07,111,1,old,2
2007,QT07,112,1,new,69
2007,QT07,112,1,old,4
2007,QT07,113,1,new,67
2007,QT07,113,1,old,8
2007,QT07,114,1,new,50
2007,QT07,114,1,old,10
2007,QT07,115,1,new,67
2007,QT07,115,1,old,13
2007,QT07,116,1,new,55
2007,QT07,116,1,old,5
2007,QT07,117,1,new,49
2007,QT07,117,1,old,7
2007,QT07,118,1,new,26
2007,QT07,118,1,old,4
2007,QT07,119,1,new,34
2007,QT07,119,1,old,3
2007,QT07,120,1,new,46
2007,QT07,120,1,old,8
2007,QT07,121,1,new,39
2007,QT07,121,1,old,2
2007,QT07,122,1,new,28
2007,QT07,122,1,old,5
2007,QT07,123,1,new,32
2007,QT07,123,1,old,6
2007,QT07,124,1,new,12
2007,QT07,124,1,old,6
2007,QT07,125,1,new,17
2007,QT07,126,1,new,13
2007,QT07,126,1,old,2
2007,QT07,127,1,new,11
2007,QT07,127,1,old,1
2007,QT07,128,1,new,4
2007,QT07,129,1,new,8
2007,QT07,130,1,new,5
2007,QT07,131,1,new,3
2007,QT07,132,1,new,1
2007,QT07,133,1,new,2
2007,QT07,133,1,old,1
2007,QT07,134,1,new,1
2007,QT07,134,1,old,1
2007,QT07,135,1,new,1
2007,QT07,137,1,old,2
2007,QT07,139,1,old,1
2007,TR07,60,1,new,1
2007,TR07,62,1,old,1
2007,TR07,64,1,old,1
2007,TR07,66,1,new,1
2007,TR07,66,1,old,1
2007,TR07,68,1,new,1
2007,TR07,70,1,new,1
2007,TR07,71,1,new,1
2007,TR07,74,1,new,1
2007,TR07,74,1,old,1
2007,TR07,75,1,new,4
2007,TR07,75,1,old,1
2007,TR07,76,1,new,2
2007,TR07,76,1,old,1
2007,TR07,77,1,old,3
2007,TR07,78,1,new,2
2007,TR07,78,1,old,3
2007,TR07,79,1,new,2
2007,TR07,79,1,old,1
2007,TR07,80,1,new,1
2007,TR07,80,1,old,1
2007,TR07,81,1,new,1
2007,TR07,81,1,old,1
2007,TR07,82,1,new,2
2007,TR07,82,1,old,2
2007,TR07,83,1,new,2
2007,TR07,83,1,old,4
2007,TR07,84,1,old,3
2007,TR07,85,1,new,3
2007,TR07,87,1,new,2
2007,TR07,87,1,old,1
2007,TR07,88,1,new,4
2007,TR07,88,1,old,1
2007,TR07,89,1,new,1
2007,TR07,89,1,old,2
2007,TR07,90,1,new,1
2007,TR07,91,1,new,1
2007,TR07,91,1,old,2
2007,TR07,92,1,new,2
2007,TR07,92,1,old,4
2007,TR07,93,1,new,1
2007,TR07,93,1,old,2
2007,TR07,94,1,old,1
2007,TR07,95,1,new,5
2007,TR07,95,1,old,2
2007,TR07,96,1,new,5
2007,TR07,96,1,old,3
2007,TR07,97,1,new,1
2007,TR07,97,1,old,6
2007,TR07,98,1,new,3
2007,TR07,98,1,old,3
2007,TR07,99,1,new,3
2007,TR07,99,1,old,2
2007,TR07,100,1,new,3
2007,TR07,100,1,old,4
2007,TR07,101,1,new,6
2007,TR07,101,1,old,3
2007,TR07,102,1,new,5
2007,TR07,102,1,old,2
2007,TR07,102,2,old,1
2007,TR07,103,1,new,3
2007,TR07,103,1,old,8
2007,TR07,104,1,new,2
2007,TR07,104,1,old,2
2007,TR07,105,1,new,7
2007,TR07,105,1,old,5
2007,TR07,106,1,new,2
2007,TR07,106,1,old,3
2007,TR07,107,1,new,7
2007,TR07,107,1,old,5
2007,TR07,108,1,new,3
2007,TR07,108,1,old,4
2007,TR07,109,1,new,6
2007,TR07,109,1,old,1
2007,TR07,110,1,new,4
2007,TR07,110,1,old,8
2007,TR07,111,1,new,7
2007,TR07,111,1,old,6
2007,TR07,112,1,new,7
2007,TR07,112,1,old,6
2007,TR07,113,1,new,4
2007,TR07,113,1,old,3
2007,TR07,114,1,new,9
2007,TR07,114,1,old,3
2007,TR07,115,1,new,5
2007,TR07,115,1,old,7
2007,TR07,116,1,old,6
2007,TR07,117,1,new,10
2007,TR07,117,1,old,7
2007,TR07,118,1,new,4
2007,TR07,118,1,old,6
2007,TR07,119,1,new,8
2007,TR07,119,1,old,2
2007,TR07,120,1,new,8
2007,TR07,120,1,old,5
2007,TR07,121,1,new,2
2007,TR07,121,1,old,1
2007,TR07,122,1,new,4
2007,TR07,122,1,old,2
2007,TR07,123,1,new,3
2007,TR07,123,1,old,3
2007,TR07,124,1,new,2
2007,TR07,124,1,old,1
2007,TR07,125,1,new,5
2007,TR07,125,1,old,6
2007,TR07,126,1,new,1
2007,TR07,126,1,old,2
2007,TR07,127,1,new,3
2007,TR07,127,1,old,1
2007,TR07,128,1,new,2
2007,TR07,128,1,old,2
2007,TR07,129,1,new,2
2007,TR07,129,1,old,3
2007,TR07,130,1,old,2
2007,TR07,131,1,old,1
2007,TR07,132,1,new,2
2007,TR07,132,1,old,1
2007,TR07,134,1,new,1
2007,TR07,134,1,old,1
2007,TR07,135,1,new,1
2007,TR07,135,1,old,1
2007,TR07,138,1,new,1
2007,TR07,139,1,old,1
2007,TR07,143,1,old,2
2007,TR07,147,1,old,1
2007,TT07,62,1,new,1
2007,TT07,62,2,new,1
2007,TT07,63,1,new,1
2007,TT07,63,1,old,1
2007,TT07,64,1,new,2
2007,TT07,65,1,new,5
2007,TT07,65,1,old,1
2007,TT07,66,1,new,3
2007,TT07,66,1,old,2
2007,TT07,67,1,new,8
2007,TT07,67,1,old,1
2007,TT07,68,1,new,12
2007,TT07,69,1,new,13
2007,TT07,69,1,old,1
2007,TT07,70,1,new,15
2007,TT07,70,1,old,3
2007,TT07,71,1,new,11
2007,TT07,71,1,old,7
2007,TT07,72,1,new,19
2007,TT07,72,1,old,4
2007,TT07,73,1,new,18
2007,TT07,73,1,old,7
2007,TT07,73,2,old,1
2007,TT07,74,1,new,21
2007,TT07,74,1,old,6
2007,TT07,75,1,new,27
2007,TT07,75,1,old,9
2007,TT07,76,1,new,17
2007,TT07,76,1,old,9
2007,TT07,76,2,old,1
2007,TT07,77,1,new,29
2007,TT07,77,1,old,9
2007,TT07,78,1,new,22
2007,TT07,78,1,old,12
2007,TT07,79,1,new,33
2007,TT07,79,1,old,13
2007,TT07,80,1,new,51
2007,TT07,80,1,old,9
2007,TT07,81,1,new,44
2007,TT07,81,1,old,15
2007,TT07,82,1,new,43
2007,TT07,82,1,old,13
2007,TT07,83,1,new,60
2007,TT07,83,1,old,15
2007,TT07,84,1,new,60
2007,TT07,84,1,old,15
2007,TT07,85,1,new,58
2007,TT07,85,1,old,15
2007,TT07,86,1,new,57
2007,TT07,86,1,old,15
2007,TT07,87,1,new,75
2007,TT07,87,1,old,20
2007,TT07,88,1,new,103
2007,TT07,88,1,old,24
2007,TT07,89,1,new,84
2007,TT07,89,1,old,24
2007,TT07,90,1,new,82
2007,TT07,90,1,old,15
2007,TT07,91,1,new,75
2007,TT07,91,1,old,24
2007,TT07,92,1,new,64
2007,TT07,92,1,old,18
2007,TT07,93,1,new,92
2007,TT07,93,1,old,26
2007,TT07,94,1,new,97
2007,TT07,94,1,old,20
2007,TT07,95,1,new,87
2007,TT07,95,1,old,15
2007,TT07,96,1,new,109
2007,TT07,96,1,old,13
2007,TT07,97,1,new,123
2007,TT07,97,1,old,20
2007,TT07,98,1,new,129
2007,TT07,98,1,old,20
2007,TT07,99,1,new,155
2007,TT07,99,1,old,23
2007,TT07,99,2,old,1
2007,TT07,100,1,new,193
2007,TT07,100,1,old,36
2007,TT07,101,1,new,224
2007,TT07,101,1,old,52
2007,TT07,102,1,new,293
2007,TT07,102,1,old,29
2007,TT07,103,1,new,288
2007,TT07,103,1,old,39
2007,TT07,104,1,new,310
2007,TT07,104,1,old,46
2007,TT07,105,1,new,325
2007,TT07,105,1,old,55
2007,TT07,106,1,new,374
2007,TT07,106,1,old,54
2007,TT07,107,1,new,317
2007,TT07,107,1,old,52
2007,TT07,108,1,new,403
2007,TT07,108,1,old,51
2007,TT07,109,1,new,372
2007,TT07,109,1,old,60
2007,TT07,110,1,new,325
2007,TT07,110,1,old,70
2007,TT07,111,1,new,319
2007,TT07,111,1,old,52
2007,TT07,112,1,new,314
2007,TT07,112,1,old,77
2007,TT07,113,1,new,303
2007,TT07,113,1,old,71
2007,TT07,114,1,new,245
2007,TT07,114,1,old,56
2007,TT07,115,1,new,224
2007,TT07,115,1,old,61
2007,TT07,116,1,new,202
2007,TT07,116,1,old,60
2007,TT07,117,1,new,166
2007,TT07,117,1,old,66
2007,TT07,118,1,new,176
2007,TT07,118,1,old,58
2007,TT07,119,1,new,122
2007,TT07,119,1,old,68
2007,TT07,120,1,new,125
2007,TT07,120,1,old,48
2007,TT07,121,1,new,118
2007,TT07,121,1,old,41
2007,TT07,122,1,new,100
2007,TT07,122,1,old,47
2007,TT07,123,1,new,78
2007,TT07,123,1,old,36
2007,TT07,124,1,new,77
2007,TT07,124,1,old,34
2007,TT07,125,1,new,58
2007,TT07,125,1,old,44
2007,TT07,126,1,new,48
2007,TT07,126,1,old,16
2007,TT07,127,1,new,48
2007,TT07,127,1,old,19
2007,TT07,128,1,new,46
2007,TT07,128,1,old,16
2007,TT07,129,1,new,31
2007,TT07,129,1,old,16
2007,TT07,130,1,new,18
2007,TT07,130,1,old,9
2007,TT07,131,1,new,22
2007,TT07,131,1,old,7
2007,TT07,132,1,new,13
2007,TT07,132,1,old,10
2007,TT07,133,1,new,4
2007,TT07,133,1,old,2
2007,TT07,134,1,new,5
2007,TT07,134,1,old,4
2007,TT07,135,1,new,9
2007,TT07,135,1,old,3
2007,TT07,136,1,new,4
2007,TT07,136,1,old,1
2007,TT07,137,1,new,2
2007,TT07,138,1,new,2
2007,TT07,139,1,new,2
2007,TT07,140,1,new,1
2007,TT07,140,1,old,1
2007,TT07,141,1,old,2
2008,QT08,75,1,old,1
2008,QT08,76,1,old,1
2008,QT08,79,1,old,1
2008,QT08,81,1,old,1
2008,QT08,82,1,new,1
2008,QT08,84,1,new,1
2008,QT08,85,1,new,2
2008,QT08,86,1,new,3
2008,QT08,86,1,old,1
2008,QT08,87,1,new,1
2008,QT08,87,1,old,4
2008,QT08,88,1,new,3
2008,QT08,88,1,old,2
2008,QT08,89,1,new,3
2008,QT08,89,1,old,1
2008,QT08,90,1,new,2
2008,QT08,91,1,new,2
2008,QT08,92,1,new,4
2008,QT08,93,1,new,2
2008,QT08,93,1,old,1
2008,QT08,94,1,new,2
2008,QT08,94,1,old,2
2008,QT08,95,1,new,7
2008,QT08,95,1,old,1
2008,QT08,96,1,new,3
2008,QT08,96,1,old,2
2008,QT08,97,1,new,1
2008,QT08,98,1,new,5
2008,QT08,98,1,old,1
2008,QT08,99,1,new,10
2008,QT08,99,1,old,1
2008,QT08,100,1,new,9
2008,QT08,100,1,old,5
2008,QT08,101,1,new,11
2008,QT08,101,1,old,2
2008,QT08,102,1,new,9
2008,QT08,102,1,old,3
2008,QT08,103,1,new,6
2008,QT08,103,1,old,6
2008,QT08,104,1,new,14
2008,QT08,104,1,old,10
2008,QT08,105,1,new,12
2008,QT08,105,1,old,7
2008,QT08,106,1,new,15
2008,QT08,106,1,old,14
2008,QT08,107,1,new,15
2008,QT08,107,1,old,8
2008,QT08,108,1,new,18
2008,QT08,108,1,old,10
2008,QT08,109,1,new,15
2008,QT08,109,1,old,8
2008,QT08,110,1,new,13
2008,QT08,110,1,old,8
2008,QT08,111,1,new,22
2008,QT08,111,1,old,4
2008,QT08,112,1,new,14
2008,QT08,112,1,old,4
2008,QT08,113,1,new,10
2008,QT08,113,1,old,2
2008,QT08,114,1,new,18
2008,QT08,114,1,old,2
2008,QT08,115,1,new,14
2008,QT08,115,1,old,4
2008,QT08,116,1,new,12
2008,QT08,116,1,old,3
2008,QT08,117,1,new,10
2008,QT08,117,1,old,4
2008,QT08,118,1,new,10
2008,QT08,118,1,old,3
2008,QT08,119,1,new,9
2008,QT08,120,1,new,8
2008,QT08,120,1,old,2
2008,QT08,121,1,new,9
2008,QT08,122,1,new,10
2008,QT08,122,1,old,1
2008,QT08,123,1,new,6
2008,QT08,124,1,new,4
2008,QT08,125,1,new,5
2008,QT08,125,1,old,1
2008,QT08,126,1,new,6
2008,QT08,127,1,new,2
2008,QT08,128,1,new,6
2008,QT08,130,1,new,1
2008,QT08,131,1,new,2
2008,QT08,132,1,new,1
2008,QT08,134,1,new,1
2008,QT08,135,1,new,1
2008,QT08,144,1,new,1
2008,TR08,67,1,old,1
2008,TR08,70,1,new,1
2008,TR08,71,1,new,1
2008,TR08,73,1,old,1
2008,TR08,76,1,new,1
2008,TR08,79,1,new,1
2008,TR08,80,1,new,1
2008,TR08,80,1,old,3
2008,TR08,81,1,new,1
2008,TR08,82,1,new,1
2008,TR08,82,1,old,1
2008,TR08,83,1,old,1
2008,TR08,84,1,new,1
2008,TR08,85,1,new,1
2008,TR08,85,1,old,1
2008,TR08,86,1,new,1
2008,TR08,87,1,new,1
2008,TR08,87,1,old,1
2008,TR08,87,2,old,1
2008,TR08,88,1,new,1
2008,TR08,88,1,old,4
2008,TR08,90,1,new,1
2008,TR08,90,1,old,1
2008,TR08,91,1,new,1
2008,TR08,91,1,old,2
2008,TR08,92,1,new,2
2008,TR08,93,1,old,1
2008,TR08,94,1,new,1
2008,TR08,94,1,old,4
2008,TR08,95,1,new,2
2008,TR08,95,1,old,1
2008,TR08,96,1,old,2
2008,TR08,97,1,new,1
2008,TR08,98,1,new,2
2008,TR08,98,1,old,2
2008,TR08,99,1,new,1
2008,TR08,100,1,new,3
2008,TR08,100,1,old,4
2008,TR08,101,1,new,1
2008,TR08,101,1,old,1
2008,TR08,102,1,new,2
2008,TR08,102,1,old,2
2008,TR08,103,1,new,2
2008,TR08,103,1,old,4
2008,TR08,104,1,new,1
2008,TR08,104,1,old,4
2008,TR08,105,1,new,2
2008,TR08,105,1,old,2
2008,TR08,106,1,new,1
2008,TR08,106,1,old,2
2008,TR08,107,1,new,3
2008,TR08,107,1,old,2
2008,TR08,108,1,new,5
2008,TR08,108,1,old,3
2008,TR08,109,1,new,2
2008,TR08,109,1,old,7
2008,TR08,110,1,new,1
2008,TR08,110,1,old,2
2008,TR08,111,1,new,1
2008,TR08,111,1,old,5
2008,TR08,111,2,new,1
2008,TR08,112,1,new,5
2008,TR08,112,1,old,3
2008,TR08,113,1,new,1
2008,TR08,113,1,old,6
2008,TR08,114,1,new,3
2008,TR08,114,1,old,6
2008,TR08,115,1,old,4
2008,TR08,116,1,new,2
2008,TR08,116,1,old,6
2008,TR08,117,1,new,2
2008,TR08,117,1,old,5
2008,TR08,118,1,new,2
2008,TR08,118,1,old,2
2008,TR08,119,1,new,1
2008,TR08,119,1,old,2
2008,TR08,120,1,new,1
2008,TR08,120,1,old,2
2008,TR08,121,1,new,1
2008,TR08,121,1,old,3
2008,TR08,122,1,new,1
2008,TR08,122,1,old,1
2008,TR08,123,1,new,1
2008,TR08,123,1,old,1
2008,TR08,124,1,new,1
2008,TR08,126,1,old,2
2008,TR08,127,1,new,1
2008,TR08,128,1,old,2
2008,TR08,129,1,new,1
2008,TR08,129,1,old,1
2008,TR08,131,1,old,1
2008,TR08,132,1,old,1
2008,TR08,133,1,new,1
2008,TR08,147,1,new,1
2008,TT08,64,1,old,1
2008,TT08,65,1,new,1
2008,TT08,66,1,new,1
2008,TT08,68,1,old,3
2008,TT08,70,1,new,1
2008,TT08,70,1,old,1
2008,TT08,72,1,old,2
2008,TT08,73,1,old,1
2008,TT08,74,1,new,1
2008,TT08,74,1,old,3
2008,TT08,75,1,new,1
2008,TT08,75,1,old,2
2008,TT08,76,1,new,2
2008,TT08,76,1,old,2
2008,TT08,77,1,new,2
2008,TT08,77,1,old,2
2008,TT08,78,1,new,3
2008,TT08,78,1,old,6
2008,TT08,79,1,new,1
2008,TT08,80,1,old,5
2008,TT08,81,1,old,2
2008,TT08,82,1,new,4
2008,TT08,82,1,old,6
2008,TT08,83,1,new,2
2008,TT08,83,1,old,2
2008,TT08,84,1,new,2
2008,TT08,84,1,old,3
2008,TT08,85,1,new,4
2008,TT08,85,1,old,8
2008,TT08,86,1,new,4
2008,TT08,86,1,old,3
2008,TT08,87,1,new,9
2008,TT08,87,1,old,6
2008,TT08,88,1,new,12
2008,TT08,88,1,old,7
2008,TT08,89,1,new,6
2008,TT08,89,1,old,3
2008,TT08,90,1,new,8
2008,TT08,90,1,old,3
2008,TT08,91,1,new,6
2008,TT08,91,1,old,6
2008,TT08,92,1,new,6
2008,TT08,92,1,old,6
2008,TT08,93,1,new,7
2008,TT08,93,1,old,4
2008,TT08,94,1,new,7
2008,TT08,94,1,old,7
2008,TT08,95,1,new,8
2008,TT08,95,1,old,3
2008,TT08,96,1,new,13
2008,TT08,96,1,old,5
2008,TT08,97,1,new,10
2008,TT08,97,1,old,5
2008,TT08,98,1,new,12
2008,TT08,98,1,old,4
2008,TT08,99,1,new,15
2008,TT08,99,1,old,3
2008,TT08,100,1,new,14
2008,TT08,100,1,old,4
2008,TT08,101,1,new,19
2008,TT08,101,1,old,2
2008,TT08,102,1,new,20
2008,TT08,102,1,old,8
2008,TT08,103,1,new,32
2008,TT08,103,1,old,6
2008,TT08,104,1,new,22
2008,TT08,104,1,old,10
2008,TT08,105,1,new,25
2008,TT08,105,1,old,10
2008,TT08,106,1,new,37
2008,TT08,106,1,old,10
2008,TT08,107,1,new,28
2008,TT08,107,1,old,8
2008,TT08,108,1,new,28
2008,TT08,108,1,old,7
2008,TT08,109,1,new,33
2008,TT08,109,1,old,7
2008,TT08,110,1,new,19
2008,TT08,110,1,old,6
2008,TT08,111,1,new,23
2008,TT08,111,1,old,12
2008,TT08,112,1,new,23
2008,TT08,112,1,old,8
2008,TT08,113,1,new,22
2008,TT08,113,1,old,7
2008,TT08,114,1,new,20
2008,TT08,114,1,old,6
2008,TT08,115,1,new,16
2008,TT08,115,1,old,6
2008,TT08,116,1,new,18
2008,TT08,116,1,old,8
2008,TT08,117,1,new,15
2008,TT08,117,1,old,5
2008,TT08,118,1,new,11
2008,TT08,118,1,old,3
2008,TT08,119,1,new,10
2008,TT08,119,1,old,5
2008,TT08,120,1,new,12
2008,TT08,120,1,old,2
2008,TT08,121,1,new,8
2008,TT08,121,1,old,2
2008,TT08,122,1,new,6
2008,TT08,122,1,old,3
2008,TT08,123,1,new,2
2008,TT08,123,1,old,1
2008,TT08,124,1,new,5
2008,TT08,124,1,old,4
2008,TT08,125,1,new,1
2008,TT08,125,1,old,2
2008,TT08,126,1,new,1
2008,TT08,126,1,old,4
2008,TT08,127,1,new,4
2008,TT08,128,1,new,1
2008,TT08,128,1,old,2
2008,TT08,129,1,new,4
2008,TT08,130,1,new,2
2008,TT08,131,1,new,2
2008,TT08,133,1,new,4
2008,TT08,135,1,old,1
2008,TT08,137,1,new,1
2008,TT08,139,1,new,1
2008,TT08,145,1,new,1
2009,QP09,34,1,new,1
2009,QP09,34,2,new,1
2009,QP09,45,1,new,1
2009,QP09,46,1,new,2
2009,QP09,46,2,new,1
2009,QP09,47,1,new,2
2009,QP09,48,1,new,1
2009,QP09,48,2,new,3
2009,QP09,49,1,new,2
2009,QP09,49,2,new,1
2009,QP09,50,2,new,8
2009,QP09,51,1,new,2
2009,QP09,51,2,new,4
2009,QP09,52,1,new,4
2009,QP09,52,2,new,5
2009,QP09,53,2,new,2
2009,QP09,54,1,new,4
2009,QP09,54,2,new,1
2009,QP09,55,1,new,1
2009,QP09,55,2,new,6
2009,QP09,56,1,new,1
2009,QP09,56,2,new,4
2009,QP09,57,1,new,2
2009,QP09,57,2,new,4
2009,QP09,58,1,new,13
2009,QP09,58,2,new,19
2009,QP09,59,1,new,4
2009,QP09,59,1,old,1
2009,QP09,59,2,new,8
2009,QP09,60,1,new,9
2009,QP09,60,2,new,9
2009,QP09,61,1,new,6
2009,QP09,61,2,new,12
2009,QP09,62,1,new,10
2009,QP09,62,1,old,2
2009,QP09,62,2,new,11
2009,QP09,63,1,new,4
2009,QP09,63,2,new,11
2009,QP09,64,1,new,10
2009,QP09,64,2,new,7
2009,QP09,65,1,new,13
2009,QP09,65,1,old,1
2009,QP09,65,2,new,9
2009,QP09,66,1,new,10
2009,QP09,66,1,old,1
2009,QP09,66,2,new,1
2009,QP09,67,1,new,5
2009,QP09,67,1,old,1
2009,QP09,68,1,new,11
2009,QP09,68,1,old,3
2009,QP09,68,2,new,4
2009,QP09,69,1,new,8
2009,QP09,69,1,old,5
2009,QP09,69,2,new,2
2009,QP09,70,1,new,13
2009,QP09,70,1,old,4
2009,QP09,71,1,new,15
2009,QP09,71,1,old,2
2009,QP09,72,1,new,11
2009,QP09,72,1,old,3
2009,QP09,73,1,new,11
2009,QP09,73,1,old,3
2009,QP09,73,2,new,1
2009,QP09,74,1,new,8
2009,QP09,74,1,old,6
2009,QP09,75,1,new,18
2009,QP09,75,1,old,7
2009,QP09,75,2,new,1
2009,QP09,76,1,new,10
2009,QP09,76,1,old,5
2009,QP09,77,1,new,14
2009,QP09,77,1,old,6
2009,QP09,78,1,new,20
2009,QP09,78,1,old,10
2009,QP09,78,2,new,1
2009,QP09,79,1,new,9
2009,QP09,79,1,old,5
2009,QP09,80,1,new,16
2009,QP09,80,1,old,13
2009,QP09,81,1,new,10
2009,QP09,81,1,old,11
2009,QP09,82,1,new,18
2009,QP09,82,1,old,15
2009,QP09,83,1,new,19
2009,QP09,83,1,old,14
2009,QP09,84,1,new,12
2009,QP09,84,1,old,13
2009,QP09,85,1,new,15
2009,QP09,85,1,old,17
2009,QP09,85,2,new,1
2009,QP09,86,1,new,11
2009,QP09,86,1,old,12
2009,QP09,87,1,new,12
2009,QP09,87,1,old,10
2009,QP09,88,1,new,27
2009,QP09,88,1,old,28
2009,QP09,88,2,new,1
2009,QP09,89,1,new,24
2009,QP09,89,1,old,17
2009,QP09,90,1,new,16
2009,QP09,90,1,old,19
2009,QP09,91,1,new,17
2009,QP09,91,1,old,16
2009,QP09,92,1,new,9
2009,QP09,92,1,old,20
2009,QP09,93,1,new,15
2009,QP09,93,1,old,9
2009,QP09,94,1,new,20
2009,QP09,94,1,old,14
2009,QP09,95,1,new,15
2009,QP09,95,1,old,27
2009,QP09,96,1,new,8
2009,QP09,96,1,old,17
2009,QP09,97,1,new,7
2009,QP09,97,1,old,16
2009,QP09,98,1,new,19
2009,QP09,98,1,old,27
2009,QP09,99,1,new,19
2009,QP09,99,1,old,18
2009,QP09,100,1,new,25
2009,QP09,100,1,old,30
2009,QP09,101,1,new,9
2009,QP09,101,1,old,17
2009,QP09,102,1,new,14
2009,QP09,102,1,old,19
2009,QP09,103,1,new,3
2009,QP09,103,1,old,18
2009,QP09,104,1,new,8
2009,QP09,104,1,old,26
2009,QP09,105,1,new,13
2009,QP09,105,1,old,36
2009,QP09,106,1,new,4
2009,QP09,106,1,old,21
2009,QP09,107,1,new,6
2009,QP09,107,1,old,12
2009,QP09,108,1,new,6
2009,QP09,108,1,old,22
2009,QP09,109,1,new,4
2009,QP09,109,1,old,13
2009,QP09,110,1,new,11
2009,QP09,110,1,old,23
2009,QP09,111,1,new,5
2009,QP09,111,1,old,8
2009,QP09,112,1,new,8
2009,QP09,112,1,old,12
2009,QP09,113,1,new,6
2009,QP09,113,1,old,8
2009,QP09,114,1,new,3
2009,QP09,114,1,old,8
2009,QP09,115,1,new,7
2009,QP09,115,1,old,7
2009,QP09,116,1,new,4
2009,QP09,116,1,old,5
2009,QP09,117,1,new,4
2009,QP09,117,1,old,5
2009,QP09,118,1,new,5
2009,QP09,118,1,old,3
2009,QP09,119,1,new,7
2009,QP09,119,1,old,2
2009,QP09,120,1,new,4
2009,QP09,120,1,old,5
2009,QP09,121,1,new,5
2009,QP09,121,1,old,1
2009,QP09,122,1,new,7
2009,QP09,122,1,old,2
2009,QP09,123,1,new,5
2009,QP09,123,1,old,1
2009,QP09,124,1,new,2
2009,QP09,125,1,new,3
2009,QP09,126,1,new,2
2009,QP09,128,1,new,3
2009,QP09,128,1,old,1
2009,QP09,129,1,old,1
2009,QP09,130,1,new,3
2009,QP09,131,1,new,1
2009,QP09,132,1,new,1
2009,QP09,137,1,new,1
2009,QP09,137,1,old,1
2009,QP09,141,1,new,1
2009,QP09,147,1,new,1
2009,TR09,73,1,old,1
2009,TR09,75,1,old,1
2009,TR09,78,1,old,1
2009,TR09,80,1,new,1
2009,TR09,80,1,old,1
2009,TR09,81,1,new,1
2009,TR09,81,1,old,1
2009,TR09,83,1,old,3
2009,TR09,84,1,new,1
2009,TR09,85,1,new,1
2009,TR09,85,1,old,1
2009,TR09,86,1,old,2
2009,TR09,87,1,new,1
2009,TR09,87,1,old,2
2009,TR09,88,1,new,1
2009,TR09,88,1,old,1
2009,TR09,89,1,old,2
2009,TR09,90,1,old,1
2009,TR09,91,1,new,4
2009,TR09,91,1,old,3
2009,TR09,92,1,new,1
2009,TR09,92,1,old,4
2009,TR09,93,1,old,2
2009,TR09,94,1,new,1
2009,TR09,94,1,old,1
2009,TR09,96,1,new,1
2009,TR09,96,1,old,3
2009,TR09,97,1,new,1
2009,TR09,97,1,old,4
2009,TR09,98,1,new,4
2009,TR09,98,1,old,2
2009,TR09,99,1,old,4
2009,TR09,100,1,new,2
2009,TR09,100,1,old,2
2009,TR09,101,1,new,1
2009,TR09,101,1,old,6
2009,TR09,102,1,new,5
2009,TR09,102,1,old,3
2009,TR09,103,1,new,5
2009,TR09,103,1,old,7
2009,TR09,104,1,new,2
2009,TR09,104,1,old,9
2009,TR09,105,1,new,4
2009,TR09,105,1,old,12
2009,TR09,106,1,new,3
2009,TR09,106,1,old,12
2009,TR09,107,1,new,8
2009,TR09,107,1,old,14
2009,TR09,108,1,new,3
2009,TR09,108,1,old,11
2009,TR09,109,1,new,11
2009,TR09,109,1,old,10
2009,TR09,110,1,new,6
2009,TR09,110,1,old,14
2009,TR09,111,1,new,5
2009,TR09,111,1,old,12
2009,TR09,112,1,new,8
2009,TR09,112,1,old,16
2009,TR09,113,1,new,5
2009,TR09,113,1,old,4
2009,TR09,114,1,new,8
2009,TR09,114,1,old,4
2009,TR09,115,1,new,5
2009,TR09,115,1,old,13
2009,TR09,116,1,new,3
2009,TR09,116,1,old,9
2009,TR09,117,1,new,1
2009,TR09,117,1,old,6
2009,TR09,118,1,new,2
2009,TR09,118,1,old,7
2009,TR09,119,1,new,3
2009,TR09,119,1,old,2
2009,TR09,120,1,old,7
2009,TR09,121,1,old,2
2009,TR09,122,1,new,1
2009,TR09,122,1,old,2
2009,TR09,123,1,new,3
2009,TR09,123,1,old,3
2009,TR09,124,1,new,2
2009,TR09,124,1,old,1
2009,TR09,125,1,new,1
2009,TR09,125,1,old,3
2009,TR09,127,1,new,1
2009,TR09,128,1,new,3
2009,TR09,129,1,new,1
2009,TR09,143,1,new,2
2009,TR09,146,1,new,1
2009,TR09,168,1,new,1
2009,TT09,74,1,old,1
2009,TT09,75,1,old,1
2009,TT09,78,1,old,2
2009,TT09,80,1,old,1
2009,TT09,82,1,new,1
2009,TT09,82,1,old,1
2009,TT09,83,1,old,2
2009,TT09,84,1,old,2
2009,TT09,85,1,old,2
2009,TT09,86,1,new,1
2009,TT09,86,1,old,5
2009,TT09,87,1,old,1
2009,TT09,88,1,old,3
2009,TT09,89,1,old,1
2009,TT09,90,1,new,1
2009,TT09,90,1,old,3
2009,TT09,91,1,old,1
2009,TT09,92,1,new,2
2009,TT09,92,1,old,2
2009,TT09,93,1,new,4
2009,TT09,93,1,old,2
2009,TT09,94,1,new,3
2009,TT09,94,1,old,1
2009,TT09,95,1,old,1
2009,TT09,96,1,new,1
2009,TT09,96,1,old,2
2009,TT09,97,1,new,2
2009,TT09,97,1,old,1
2009,TT09,99,1,new,3
2009,TT09,99,1,old,1
2009,TT09,100,1,new,2
2009,TT09,100,1,old,2
2009,TT09,101,1,new,4
2009,TT09,101,1,old,5
2009,TT09,102,1,new,2
2009,TT09,102,1,old,4
2009,TT09,103,1,new,4
2009,TT09,103,1,old,4
2009,TT09,104,1,new,2
2009,TT09,104,1,old,1
2009,TT09,105,1,new,7
2009,TT09,105,1,old,4
2009,TT09,106,1,new,2
2009,TT09,106,1,old,5
2009,TT09,107,1,new,5
2009,TT09,107,1,old,5
2009,TT09,108,1,new,2
2009,TT09,108,1,old,6
2009,TT09,109,1,new,7
2009,TT09,109,1,old,9
2009,TT09,110,1,new,6
2009,TT09,110,1,old,4
2009,TT09,111,1,new,1
2009,TT09,111,1,old,2
2009,TT09,112,1,new,5
2009,TT09,112,1,old,2
2009,TT09,113,1,new,4
2009,TT09,113,1,old,5
2009,TT09,114,1,new,1
2009,TT09,114,1,old,1
2009,TT09,115,1,new,2
2009,TT09,115,1,old,1
2009,TT09,116,1,new,1
2009,TT09,117,1,new,1
2009,TT09,118,1,new,1
2009,TT09,118,1,old,1
2009,TT09,119,1,new,3
2009,TT09,119,1,old,1
2009,TT09,121,1,new,1
2009,TT09,122,1,new,1
2009,TT09,123,1,new,2
2009,TT09,123,1,old,2
2009,TT09,124,1,new,1
2009,TT09,124,1,old,1
2009,TT09,125,1,new,3
2009,TT09,126,1,new,5
2009,TT09,127,1,new,3
2009,TT09,128,1,new,1
2009,TT09,129,1,new,2
2009,TT09,131,1,new,1
2009,TT09,132,1,new,3
2009,TT09,133,1,new,1
2009,TT09,134,1,new,1
2009,TT09,135,1,old,1
2010,QB10,82,1,old,1
2010,QB10,91,1,old,1
2010,QB10,94,1,old,1
2010,QB10,95,1,old,2
2010,QB10,96,1,new,1
2010,QB10,100,1,old,2
2010,QB10,102,1,new,2
2010,QB10,103,1,new,2
2010,QB10,103,1,old,1
2010,QB10,104,1,old,1
2010,QB10,105,1,new,4
2010,QB10,106,1,new,5
2010,QB10,106,1,old,2
2010,QB10,107,1,new,4
2010,QB10,107,1,old,2
2010,QB10,108,1,new,4
2010,QB10,109,1,new,6
2010,QB10,110,1,new,2
2010,QB10,110,1,old,1
2010,QB10,111,1,new,4
2010,QB10,112,1,new,1
2010,QB10,112,1,old,1
2010,QB10,113,1,new,4
2010,QB10,114,1,new,6
2010,QB10,114,1,old,1
2010,QB10,115,1,new,5
2010,QB10,116,1,new,11
2010,QB10,116,1,old,2
2010,QB10,117,1,new,5
2010,QB10,117,1,old,2
2010,QB10,118,1,new,4
2010,QB10,119,1,new,5
2010,QB10,119,1,old,1
2010,QB10,120,1,new,6
2010,QB10,121,1,new,5
2010,QB10,122,1,new,5
2010,QB10,122,1,old,1
2010,QB10,123,1,new,2
2010,QB10,124,1,new,3
2010,QB10,125,1,new,5
2010,QB10,126,1,new,4
2010,QB10,126,1,old,1
2010,QB10,127,1,new,2
2010,QB10,128,1,new,4
2010,QB10,129,1,new,4
2010,QB10,130,1,new,1
2010,QB10,131,1,new,3
2010,QB10,135,1,new,1
2010,QP10,34,1,new,1
2010,QP10,41,1,new,2
2010,QP10,42,1,new,2
2010,QP10,43,2,new,3
2010,QP10,44,1,new,3
2010,QP10,44,2,new,1
2010,QP10,45,1,new,1
2010,QP10,45,2,new,2
2010,QP10,46,1,new,1
2010,QP10,46,2,new,7
2010,QP10,47,1,new,4
2010,QP10,47,2,new,6
2010,QP10,48,1,new,2
2010,QP10,48,2,new,4
2010,QP10,49,1,new,9
2010,QP10,49,2,new,5
2010,QP10,50,1,new,10
2010,QP10,50,2,new,3
2010,QP10,51,1,new,6
2010,QP10,51,2,new,6
2010,QP10,52,1,new,2
2010,QP10,52,2,new,5
2010,QP10,53,1,new,4
2010,QP10,53,2,new,6
2010,QP10,54,1,new,11
2010,QP10,54,2,new,6
2010,QP10,54,2,old,2
2010,QP10,55,1,new,12
2010,QP10,55,2,new,8
2010,QP10,56,1,new,12
2010,QP10,56,2,new,7
2010,QP10,57,1,new,8
2010,QP10,57,2,new,4
2010,QP10,58,1,new,10
2010,QP10,58,2,new,4
2010,QP10,59,1,new,19
2010,QP10,59,2,new,6
2010,QP10,59,2,old,1
2010,QP10,60,1,new,9
2010,QP10,60,2,new,4
2010,QP10,61,1,new,15
2010,QP10,61,2,new,2
2010,QP10,62,1,new,24
2010,QP10,62,1,old,1
2010,QP10,62,2,new,1
2010,QP10,63,1,new,23
2010,QP10,63,2,new,1
2010,QP10,63,2,old,1
2010,QP10,64,1,new,12
2010,QP10,64,2,new,1
2010,QP10,65,1,new,15
2010,QP10,65,2,new,3
2010,QP10,66,1,new,18
2010,QP10,66,2,new,1
2010,QP10,67,1,new,8
2010,QP10,67,2,new,2
2010,QP10,68,1,new,19
2010,QP10,68,2,new,1
2010,QP10,69,1,new,3
2010,QP10,70,1,new,6
2010,QP10,71,1,new,8
2010,QP10,71,1,old,1
2010,QP10,72,1,new,5
2010,QP10,72,1,old,1
2010,QP10,73,1,new,11
2010,QP10,73,1,old,3
2010,QP10,74,1,new,14
2010,QP10,74,1,old,2
2010,QP10,74,2,new,1
2010,QP10,75,1,new,11
2010,QP10,75,1,old,1
2010,QP10,76,1,new,13
2010,QP10,76,1,old,1
2010,QP10,77,1,new,12
2010,QP10,77,1,old,3
2010,QP10,78,1,new,9
2010,QP10,78,1,old,1
2010,QP10,79,1,new,8
2010,QP10,79,1,old,3
2010,QP10,80,1,new,16
2010,QP10,80,1,old,5
2010,QP10,81,1,new,8
2010,QP10,81,1,old,3
2010,QP10,82,1,new,10
2010,QP10,82,1,old,2
2010,QP10,83,1,new,18
2010,QP10,83,1,old,1
2010,QP10,84,1,new,9
2010,QP10,84,1,old,9
2010,QP10,85,1,new,15
2010,QP10,85,1,old,6
2010,QP10,86,1,new,15
2010,QP10,86,1,old,5
2010,QP10,87,1,new,7
2010,QP10,87,1,old,7
2010,QP10,88,1,new,11
2010,QP10,88,1,old,5
2010,QP10,89,1,new,12
2010,QP10,89,1,old,6
2010,QP10,90,1,new,7
2010,QP10,90,1,old,5
2010,QP10,91,1,new,13
2010,QP10,91,1,old,11
2010,QP10,92,1,new,13
2010,QP10,92,1,old,6
2010,QP10,93,1,new,2
2010,QP10,93,1,old,9
2010,QP10,94,1,new,12
2010,QP10,94,1,old,10
2010,QP10,95,1,new,9
2010,QP10,95,1,old,7
2010,QP10,96,1,new,17
2010,QP10,96,1,old,10
2010,QP10,97,1,new,6
2010,QP10,97,1,old,8
2010,QP10,98,1,new,17
2010,QP10,98,1,old,15
2010,QP10,99,1,new,7
2010,QP10,99,1,old,13
2010,QP10,100,1,new,17
2010,QP10,100,1,old,4
2010,QP10,101,1,new,12
2010,QP10,101,1,old,12
2010,QP10,102,1,new,12
2010,QP10,102,1,old,17
2010,QP10,103,1,new,9
2010,QP10,103,1,old,18
2010,QP10,104,1,new,8
2010,QP10,104,1,old,9
2010,QP10,104,2,new,1
2010,QP10,105,1,new,4
2010,QP10,105,1,old,5
2010,QP10,106,1,new,10
2010,QP10,106,1,old,9
2010,QP10,107,1,new,9
2010,QP10,107,1,old,5
2010,QP10,108,1,new,10
2010,QP10,108,1,old,3
2010,QP10,109,1,new,6
2010,QP10,109,1,old,7
2010,QP10,110,1,new,14
2010,QP10,110,1,old,7
2010,QP10,111,1,new,10
2010,QP10,111,1,old,4
2010,QP10,112,1,new,13
2010,QP10,112,1,old,4
2010,QP10,113,1,new,13
2010,QP10,113,1,old,2
2010,QP10,114,1,new,8
2010,QP10,114,1,old,4
2010,QP10,115,1,new,8
2010,QP10,115,1,old,4
2010,QP10,116,1,new,17
2010,QP10,116,1,old,4
2010,QP10,117,1,new,12
2010,QP10,117,1,old,3
2010,QP10,118,1,new,13
2010,QP10,119,1,new,17
2010,QP10,119,1,old,1
2010,QP10,120,1,new,17
2010,QP10,120,1,old,2
2010,QP10,121,1,new,17
2010,QP10,122,1,new,20
2010,QP10,122,1,old,1
2010,QP10,123,1,new,12
2010,QP10,123,1,old,2
2010,QP10,124,1,new,7
2010,QP10,124,1,old,1
2010,QP10,125,1,new,15
2010,QP10,125,1,old,2
2010,QP10,126,1,new,7
2010,QP10,126,1,old,1
2010,QP10,127,1,new,8
2010,QP10,128,1,new,13
2010,QP10,128,1,old,3
2010,QP10,129,1,new,9
2010,QP10,129,1,old,1
2010,QP10,130,1,new,7
2010,QP10,131,1,new,9
2010,QP10,131,1,old,1
2010,QP10,132,1,new,11
2010,QP10,132,1,old,1
2010,QP10,133,1,new,2
2010,QP10,134,1,new,1
2010,QP10,135,1,new,3
2010,QP10,136,1,new,1
2010,QP10,137,1,new,1
2010,QP10,139,1,new,1
2010,QP10,140,1,new,1
2010,QP10,141,1,new,1
2010,QP10,142,1,new,1
2010,TR10,70,1,old,1
2010,TR10,77,1,old,1
2010,TR10,78,1,new,1
2010,TR10,80,1,old,1
2010,TR10,81,1,new,1
2010,TR10,84,1,old,2
2010,TR10,85,1,new,1
2010,TR10,85,1,old,1
2010,TR10,87,1,old,1
2010,TR10,89,1,old,1
2010,TR10,92,1,old,1
2010,TR10,93,1,old,1
2010,TR10,94,1,old,3
2010,TR10,95,1,old,1
2010,TR10,96,1,old,4
2010,TR10,98,1,new,1
2010,TR10,99,1,old,1
2010,TR10,100,1,new,1
2010,TR10,100,1,old,5
2010,TR10,101,1,old,1
2010,TR10,102,1,new,1
2010,TR10,102,1,old,3
2010,TR10,103,1,old,9
2010,TR10,104,1,new,3
2010,TR10,104,1,old,4
2010,TR10,105,1,old,4
2010,TR10,106,1,new,2
2010,TR10,106,1,old,4
2010,TR10,107,1,new,2
2010,TR10,107,1,old,1
2010,TR10,108,1,new,2
2010,TR10,108,1,old,2
2010,TR10,109,1,old,3
2010,TR10,110,1,new,3
2010,TR10,110,1,old,8
2010,TR10,111,1,new,2
2010,TR10,111,1,old,1
2010,TR10,112,1,new,1
2010,TR10,112,1,old,2
2010,TR10,113,1,new,3
2010,TR10,114,1,old,2
2010,TR10,115,1,new,1
2010,TR10,116,1,old,2
2010,TR10,118,1,old,2
2010,TR10,119,1,old,1
2010,TR10,120,1,new,3
2010,TR10,120,1,old,2
2010,TR10,121,1,new,1
2010,TR10,121,1,old,1
2010,TR10,122,1,new,1
2010,TR10,122,1,old,1
2010,TR10,123,1,new,2
2010,TR10,123,1,old,1
2010,TR10,125,1,new,1
2010,TR10,126,1,old,1
2010,TR10,127,1,new,1
2010,TR10,129,1,new,1
2010,TR10,130,1,new,1
2010,TR10,130,1,old,1
2010,TR10,133,1,new,1
2010,TR10,134,1,old,1
2010,TR10,135,1,new,1
2010,TR10,136,1,new,2
2010,TR10,137,1,new,1
2011,QP11,29,2,new,1
2011,QP11,32,1,new,1
2011,QP11,34,2,new,1
2011,QP11,40,2,new,2
2011,QP11,46,1,new,1
2011,QP11,46,2,new,2
2011,QP11,48,1,new,2
2011,QP11,48,2,new,1
2011,QP11,49,1,new,1
2011,QP11,49,2,new,2
2011,QP11,50,1,new,2
2011,QP11,50,2,new,2
2011,QP11,51,1,new,4
2011,QP11,51,2,new,2
2011,QP11,52,1,new,1
2011,QP11,52,2,new,7
2011,QP11,53,1,new,6
2011,QP11,53,2,new,11
2011,QP11,54,1,new,2
2011,QP11,54,2,new,13
2011,QP11,55,1,new,7
2011,QP11,55,2,new,11
2011,QP11,56,1,new,4
2011,QP11,56,1,old,2
2011,QP11,56,2,new,10
2011,QP11,57,1,new,6
2011,QP11,57,2,new,8
2011,QP11,58,1,new,7
2011,QP11,58,2,new,7
2011,QP11,59,1,new,13
2011,QP11,59,1,old,1
2011,QP11,59,2,new,4
2011,QP11,60,1,new,13
2011,QP11,60,1,old,3
2011,QP11,60,2,new,6
2011,QP11,61,1,new,13
2011,QP11,62,1,new,15
2011,QP11,62,1,old,2
2011,QP11,63,1,new,25
2011,QP11,63,1,old,3
2011,QP11,63,2,new,3
2011,QP11,64,1,new,17
2011,QP11,64,1,old,2
2011,QP11,64,2,new,2
2011,QP11,65,1,new,29
2011,QP11,65,2,new,1
2011,QP11,66,1,new,16
2011,QP11,66,1,old,2
2011,QP11,67,1,new,17
2011,QP11,68,1,new,27
2011,QP11,68,1,old,1
2011,QP11,68,2,new,1
2011,QP11,69,1,new,24
2011,QP11,69,1,old,2
2011,QP11,69,2,new,1
2011,QP11,70,1,new,28
2011,QP11,70,1,old,6
2011,QP11,70,2,new,1
2011,QP11,71,1,new,15
2011,QP11,71,1,old,4
2011,QP11,72,1,new,29
2011,QP11,72,1,old,3
2011,QP11,73,1,new,32
2011,QP11,73,1,old,5
2011,QP11,74,1,new,28
2011,QP11,74,1,old,4
2011,QP11,74,2,new,1
2011,QP11,75,1,new,25
2011,QP11,75,1,old,4
2011,QP11,76,1,new,24
2011,QP11,76,1,old,3
2011,QP11,77,1,new,15
2011,QP11,77,1,old,4
2011,QP11,78,1,new,30
2011,QP11,78,1,old,7
2011,QP11,79,1,new,22
2011,QP11,79,1,old,7
2011,QP11,80,1,new,26
2011,QP11,80,1,old,12
2011,QP11,80,2,new,1
2011,QP11,81,1,new,20
2011,QP11,81,1,old,8
2011,QP11,81,2,new,1
2011,QP11,82,1,new,28
2011,QP11,82,1,old,4
2011,QP11,83,1,new,33
2011,QP11,83,1,old,10
2011,QP11,84,1,new,32
2011,QP11,84,1,old,7
2011,QP11,85,1,new,39
2011,QP11,85,1,old,9
2011,QP11,86,1,new,34
2011,QP11,86,1,old,11
2011,QP11,87,1,new,24
2011,QP11,87,1,old,7
2011,QP11,88,1,new,37
2011,QP11,88,1,old,14
2011,QP11,89,1,new,22
2011,QP11,89,1,old,9
2011,QP11,90,1,new,28
2011,QP11,90,1,old,7
2011,QP11,91,1,new,19
2011,QP11,91,1,old,10
2011,QP11,92,1,new,29
2011,QP11,92,1,old,8
2011,QP11,93,1,new,28
2011,QP11,93,1,old,10
2011,QP11,94,1,new,23
2011,QP11,94,1,old,12
2011,QP11,95,1,new,20
2011,QP11,95,1,old,14
2011,QP11,96,1,new,27
2011,QP11,96,1,old,7
2011,QP11,97,1,new,21
2011,QP11,97,1,old,7
2011,QP11,98,1,new,43
2011,QP11,98,1,old,17
2011,QP11,99,1,new,26
2011,QP11,99,1,old,8
2011,QP11,100,1,new,41
2011,QP11,100,1,old,10
2011,QP11,101,1,new,30
2011,QP11,101,1,old,5
2011,QP11,102,1,new,44
2011,QP11,102,1,old,6
2011,QP11,103,1,new,47
2011,QP11,103,1,old,13
2011,QP11,104,1,new,49
2011,QP11,104,1,old,13
2011,QP11,105,1,new,43
2011,QP11,105,1,old,11
2011,QP11,106,1,new,34
2011,QP11,106,1,old,6
2011,QP11,107,1,new,32
2011,QP11,107,1,old,5
2011,QP11,108,1,new,33
2011,QP11,108,1,old,6
2011,QP11,109,1,new,39
2011,QP11,109,1,old,11
2011,QP11,110,1,new,45
2011,QP11,110,1,old,9
2011,QP11,111,1,new,29
2011,QP11,111,1,old,5
2011,QP11,112,1,new,47
2011,QP11,112,1,old,8
2011,QP11,113,1,new,45
2011,QP11,113,1,old,10
2011,QP11,114,1,new,43
2011,QP11,114,1,old,6
2011,QP11,115,1,new,45
2011,QP11,115,1,old,5
2011,QP11,116,1,new,32
2011,QP11,116,1,old,3
2011,QP11,117,1,new,54
2011,QP11,117,1,old,4
2011,QP11,118,1,new,63
2011,QP11,119,1,new,38
2011,QP11,119,1,old,4
2011,QP11,120,1,new,43
2011,QP11,120,1,old,5
2011,QP11,121,1,new,34
2011,QP11,121,1,old,2
2011,QP11,122,1,new,36
2011,QP11,122,1,old,1
2011,QP11,123,1,new,41
2011,QP11,123,1,old,2
2011,QP11,124,1,new,26
2011,QP11,124,1,old,5
2011,QP11,125,1,new,34
2011,QP11,125,1,old,1
2011,QP11,126,1,new,18
2011,QP11,126,1,old,2
2011,QP11,127,1,new,22
2011,QP11,128,1,new,22
2011,QP11,129,1,new,17
2011,QP11,129,1,old,1
2011,QP11,130,1,new,11
2011,QP11,130,1,old,2
2011,QP11,131,1,new,8
2011,QP11,132,1,new,7
2011,QP11,132,1,old,1
2011,QP11,133,1,new,10
2011,QP11,134,1,new,7
2011,QP11,135,1,new,3
2011,QP11,136,1,new,2
2011,QP11,137,1,new,2
2011,QP11,138,1,new,4
2011,QP11,139,1,new,3
2011,QP11,140,1,new,2
2011,QP11,141,1,new,1
2011,QP11,145,1,new,1
2011,QP11,147,1,new,1
2011,QP11,149,1,new,1
2011,TR11,87,1,old,3
2011,TR11,89,1,old,1
2011,TR11,90,1,old,1
2011,TR11,96,1,old,1
2011,TR11,97,1,new,1
2011,TR11,99,1,new,1
2011,TR11,100,1,new,1
2011,TR11,100,1,old,1
2011,TR11,101,1,old,2
2011,TR11,102,1,new,2
2011,TR11,102,1,old,2
2011,TR11,103,1,old,1
2011,TR11,104,1,new,1
2011,TR11,104,1,old,2
2011,TR11,105,1,new,1
2011,TR11,106,1,new,2
2011,TR11,106,1,old,2
2011,TR11,107,1,new,3
2011,TR11,107,1,old,1
2011,TR11,108,1,new,3
2011,TR11,108,1,old,4
2011,TR11,109,1,new,2
2011,TR11,110,1,new,1
2011,TR11,110,1,old,2
2011,TR11,111,1,old,4
2011,TR11,113,1,new,1
2011,TR11,114,1,new,1
2011,TR11,114,1,old,1
2011,TR11,115,1,new,1
2011,TR11,115,1,old,1
2011,TR11,116,1,new,2
2011,TR11,116,1,old,1
2011,TR11,117,1,new,2
2011,TR11,118,1,new,2
2011,TR11,118,1,old,1
2011,TR11,119,1,new,3
2011,TR11,119,1,old,5
2011,TR11,120,1,new,2
2011,TR11,120,1,old,1
2011,TR11,121,1,new,1
2011,TR11,122,1,new,2
2011,TR11,122,1,old,1
2011,TR11,123,1,new,2
2011,TR11,123,1,old,1
2011,TR11,124,1,old,2
2011,TR11,125,1,new,1
2011,TR11,126,1,new,1
2011,TR11,126,1,old,1
2011,TR11,128,1,new,1
2011,TR11,129,1,new,3
2011,TR11,130,1,new,1
2011,TR11,131,1,old,1
2011,TR11,133,1,new,1
2011,TR11,135,1,old,1
2011,TR11,140,1,new,1
2011,TR11,148,1,new,1
2012,QP12,35,2,new,1
2012,QP12,36,1,new,1
2012,QP12,38,1,new,1
2012,QP12,39,2,new,1
2012,QP12,40,2,new,1
2012,QP12,41,1,new,1
2012,QP12,41,2,new,1
2012,QP12,42,1,new,1
2012,QP12,43,1,new,1
2012,QP12,43,2,new,2
2012,QP12,44,2,new,2
2012,QP12,45,2,new,3
2012,QP12,46,1,new,1
2012,QP12,46,2,new,1
2012,QP12,47,1,new,1
2012,QP12,47,2,new,3
2012,QP12,48,1,new,4
2012,QP12,48,2,new,3
2012,QP12,50,1,new,11
2012,QP12,50,2,new,10
2012,QP12,51,1,new,6
2012,QP12,51,2,new,10
2012,QP12,52,1,new,11
2012,QP12,52,1,old,1
2012,QP12,52,2,new,13
2012,QP12,53,1,new,6
2012,QP12,53,2,new,12
2012,QP12,54,1,new,16
2012,QP12,54,2,new,24
2012,QP12,54,2,old,1
2012,QP12,55,1,new,17
2012,QP12,55,2,new,17
2012,QP12,55,2,old,1
2012,QP12,56,1,new,21
2012,QP12,56,1,old,2
2012,QP12,56,2,new,19
2012,QP12,57,1,new,11
2012,QP12,57,2,new,16
2012,QP12,57,2,old,1
2012,QP12,58,1,new,22
2012,QP12,58,2,new,14
2012,QP12,58,2,old,1
2012,QP12,59,1,new,18
2012,QP12,59,2,new,3
2012,QP12,60,1,new,29
2012,QP12,60,1,old,1
2012,QP12,60,2,new,5
2012,QP12,61,1,new,31
2012,QP12,61,1,old,1
2012,QP12,61,2,new,6
2012,QP12,62,1,new,25
2012,QP12,62,1,old,2
2012,QP12,62,2,new,6
2012,QP12,63,1,new,44
2012,QP12,63,1,old,2
2012,QP12,63,2,new,5
2012,QP12,64,1,new,61
2012,QP12,64,1,old,1
2012,QP12,64,2,new,4
2012,QP12,65,1,new,44
2012,QP12,65,1,old,3
2012,QP12,65,2,new,2
2012,QP12,66,1,new,30
2012,QP12,66,2,new,1
2012,QP12,67,1,new,36
2012,QP12,67,2,new,3
2012,QP12,68,1,new,67
2012,QP12,68,1,old,2
2012,QP12,68,2,new,3
2012,QP12,69,1,new,38
2012,QP12,69,1,old,4
2012,QP12,70,1,new,53
2012,QP12,70,1,old,2
2012,QP12,70,2,new,2
2012,QP12,71,1,new,40
2012,QP12,71,1,old,4
2012,QP12,72,1,new,50
2012,QP12,72,1,old,1
2012,QP12,73,1,new,55
2012,QP12,73,1,old,3
2012,QP12,73,2,new,1
2012,QP12,74,1,new,61
2012,QP12,74,1,old,1
2012,QP12,75,1,new,46
2012,QP12,75,1,old,6
2012,QP12,76,1,new,38
2012,QP12,76,1,old,3
2012,QP12,77,1,new,33
2012,QP12,77,1,old,1
2012,QP12,78,1,new,56
2012,QP12,78,1,old,1
2012,QP12,79,1,new,36
2012,QP12,79,1,old,1
2012,QP12,80,1,new,39
2012,QP12,80,1,old,8
2012,QP12,81,1,new,33
2012,QP12,81,1,old,5
2012,QP12,82,1,new,29
2012,QP12,82,1,old,3
2012,QP12,83,1,new,16
2012,QP12,83,1,old,6
2012,QP12,84,1,new,23
2012,QP12,84,1,old,3
2012,QP12,85,1,new,24
2012,QP12,85,1,old,2
2012,QP12,86,1,new,16
2012,QP12,86,1,old,2
2012,QP12,87,1,new,10
2012,QP12,87,1,old,4
2012,QP12,88,1,new,11
2012,QP12,88,1,old,2
2012,QP12,89,1,new,10
2012,QP12,90,1,new,11
2012,QP12,91,1,new,10
2012,QP12,91,1,old,6
2012,QP12,92,1,new,7
2012,QP12,92,1,old,3
2012,QP12,93,1,new,11
2012,QP12,94,1,new,7
2012,QP12,94,1,old,3
2012,QP12,95,1,new,8
2012,QP12,95,1,old,2
2012,QP12,96,1,new,8
2012,QP12,96,1,old,4
2012,QP12,97,1,new,5
2012,QP12,97,1,old,5
2012,QP12,97,2,new,1
2012,QP12,98,1,new,18
2012,QP12,98,1,old,3
2012,QP12,99,1,new,9
2012,QP12,99,1,old,2
2012,QP12,100,1,new,10
2012,QP12,100,1,old,5
2012,QP12,101,1,new,6
2012,QP12,101,1,old,9
2012,QP12,102,1,new,10
2012,QP12,103,1,new,10
2012,QP12,103,1,old,2
2012,QP12,104,1,new,12
2012,QP12,104,1,old,2
2012,QP12,105,1,new,12
2012,QP12,105,1,old,5
2012,QP12,106,1,new,7
2012,QP12,106,1,old,3
2012,QP12,107,1,new,8
2012,QP12,107,1,old,1
2012,QP12,108,1,new,16
2012,QP12,108,1,old,3
2012,QP12,109,1,new,9
2012,QP12,109,1,old,3
2012,QP12,110,1,new,7
2012,QP12,110,1,old,1
2012,QP12,111,1,new,15
2012,QP12,112,1,new,18
2012,QP12,112,1,old,2
2012,QP12,113,1,new,13
2012,QP12,113,1,old,1
2012,QP12,114,1,new,16
2012,QP12,114,1,old,2
2012,QP12,115,1,new,11
2012,QP12,115,1,old,1
2012,QP12,116,1,new,10
2012,QP12,116,1,old,4
2012,QP12,117,1,new,8
2012,QP12,118,1,new,8
2012,QP12,118,1,old,5
2012,QP12,119,1,new,8
2012,QP12,120,1,new,12
2012,QP12,121,1,new,4
2012,QP12,122,1,new,10
2012,QP12,122,1,old,1
2012,QP12,123,1,new,8
2012,QP12,123,1,old,1
2012,QP12,124,1,new,11
2012,QP12,124,1,old,1
2012,QP12,125,1,new,6
2012,QP12,126,1,new,4
2012,QP12,127,1,new,5
2012,QP12,128,1,new,7
2012,QP12,129,1,new,4
2012,QP12,130,1,new,3
2012,QP12,132,1,new,1
2012,QP12,132,1,old,1
2012,QP12,133,1,new,3
2012,QP12,135,1,new,1
2012,QP12,135,1,old,1
2012,TR12,82,1,old,1
2012,TR12,89,1,old,2
2012,TR12,91,1,old,1
2012,TR12,93,1,old,2
2012,TR12,94,1,new,1
2012,TR12,94,1,old,1
2012,TR12,96,1,old,1
2012,TR12,97,1,new,1
2012,TR12,98,1,old,1
2012,TR12,99,1,old,1
2012,TR12,100,1,old,1
2012,TR12,101,1,new,2
2012,TR12,101,1,old,5
2012,TR12,102,1,old,2
2012,TR12,103,1,old,2
2012,TR12,104,1,new,1
2012,TR12,104,1,old,4
2012,TR12,105,1,old,1
2012,TR12,106,1,new,1
2012,TR12,106,1,old,3
2012,TR12,107,1,old,5
2012,TR12,108,1,old,4
2012,TR12,109,1,new,1
2012,TR12,109,1,old,4
2012,TR12,110,1,old,5
2012,TR12,111,1,old,1
2012,TR12,112,1,old,4
2012,TR12,113,1,new,2
2012,TR12,113,1,old,4
2012,TR12,114,1,new,1
2012,TR12,115,1,new,1
2012,TR12,115,1,old,3
2012,TR12,116,1,old,3
2012,TR12,117,1,old,2
2012,TR12,118,1,old,2
2012,TR12,119,1,new,3
2012,TR12,119,1,old,1
2012,TR12,120,1,old,5
2012,TR12,121,1,old,7
2012,TR12,122,1,new,2
2012,TR12,122,1,old,1
2012,TR12,123,1,new,2
2012,TR12,123,1,old,3
2012,TR12,124,1,new,1
2012,TR12,125,1,new,2
2012,TR12,125,1,old,5
2012,TR12,126,1,old,3
2012,TR12,127,1,new,1
2012,TR12,128,1,new,1
2012,TR12,128,1,old,2
2012,TR12,129,1,new,3
2012,TR12,129,1,old,3
2012,TR12,130,1,new,2
2012,TR12,130,1,old,2
2012,TR12,131,1,old,1
2012,TR12,132,1,new,2
2012,TR12,132,1,old,2
2012,TR12,133,1,old,2
2012,TR12,134,1,old,2
2012,TR12,137,1,old,1
2012,TR12,141,1,new,1
2013,QT13,56,1,new,1
2013,QT13,60,2,old,1
2013,QT13,62,2,new,2
2013,QT13,64,1,new,1
2013,QT13,65,1,new,3
2013,QT13,65,2,old,2
2013,QT13,66,1,new,1
2013,QT13,66,2,new,1
2013,QT13,67,2,new,5
2013,QT13,68,2,new,2
2013,QT13,69,2,new,7
2013,QT13,69,2,old,3
2013,QT13,70,1,new,1
2013,QT13,70,2,new,16
2013,QT13,71,1,new,1
2013,QT13,71,2,new,5
2013,QT13,71,2,old,1
2013,QT13,72,2,new,10
2013,QT13,72,2,old,2
2013,QT13,73,1,new,1
2013,QT13,73,2,new,17
2013,QT13,73,2,old,1
2013,QT13,74,1,new,2
2013,QT13,74,1,old,1
2013,QT13,74,2,new,6
2013,QT13,74,2,old,1
2013,QT13,75,1,new,1
2013,QT13,75,1,old,1
2013,QT13,75,2,new,7
2013,QT13,75,2,old,2
2013,QT13,76,1,new,4
2013,QT13,76,1,old,1
2013,QT13,76,2,new,6
2013,QT13,76,2,old,2
2013,QT13,77,1,new,5
2013,QT13,77,2,new,6
2013,QT13,77,2,old,1
2013,QT13,78,1,new,3
2013,QT13,78,2,new,3
2013,QT13,78,2,old,2
2013,QT13,79,1,new,11
2013,QT13,79,2,new,1
2013,QT13,79,2,old,1
2013,QT13,80,1,new,23
2013,QT13,80,1,old,1
2013,QT13,80,2,new,3
2013,QT13,80,2,old,1
2013,QT13,81,1,new,18
2013,QT13,81,1,old,1
2013,QT13,81,2,new,2
2013,QT13,82,1,new,20
2013,QT13,82,2,new,1
2013,QT13,82,2,old,2
2013,QT13,83,1,new,25
2013,QT13,83,1,old,3
2013,QT13,83,2,old,1
2013,QT13,84,1,new,26
2013,QT13,85,1,new,37
2013,QT13,85,1,old,1
2013,QT13,85,2,old,1
2013,QT13,86,1,new,25
2013,QT13,86,1,old,1
2013,QT13,86,2,new,1
2013,QT13,86,2,old,3
2013,QT13,87,1,new,34
2013,QT13,87,1,old,1
2013,QT13,87,2,old,2
2013,QT13,88,1,new,14
2013,QT13,88,1,old,1
2013,QT13,89,1,new,38
2013,QT13,89,1,old,1
2013,QT13,89,2,new,1
2013,QT13,89,2,old,1
2013,QT13,90,1,new,23
2013,QT13,91,1,new,32
2013,QT13,91,1,old,1
2013,QT13,91,2,old,1
2013,QT13,92,1,new,50
2013,QT13,92,2,new,1
2013,QT13,93,1,new,26
2013,QT13,93,1,old,1
2013,QT13,94,1,new,29
2013,QT13,94,1,old,1
2013,QT13,95,1,new,39
2013,QT13,96,1,new,40
2013,QT13,96,1,old,4
2013,QT13,97,1,new,57
2013,QT13,97,1,old,1
2013,QT13,98,1,new,59
2013,QT13,98,1,old,3
2013,QT13,99,1,new,66
2013,QT13,99,1,old,4
2013,QT13,100,1,new,99
2013,QT13,100,1,old,9
2013,QT13,101,1,new,87
2013,QT13,101,1,old,10
2013,QT13,102,1,new,89
2013,QT13,102,1,old,9
2013,QT13,103,1,new,86
2013,QT13,103,1,old,7
2013,QT13,104,1,new,94
2013,QT13,104,1,old,8
2013,QT13,105,1,new,99
2013,QT13,105,1,old,9
2013,QT13,106,1,new,84
2013,QT13,106,1,old,8
2013,QT13,107,1,new,82
2013,QT13,107,1,old,8
2013,QT13,108,1,new,109
2013,QT13,108,1,old,13
2013,QT13,109,1,new,92
2013,QT13,109,1,old,12
2013,QT13,110,1,new,102
2013,QT13,110,1,old,18
2013,QT13,111,1,new,89
2013,QT13,111,1,old,13
2013,QT13,112,1,new,96
2013,QT13,112,1,old,15
2013,QT13,113,1,new,87
2013,QT13,113,1,old,17
2013,QT13,114,1,new,50
2013,QT13,114,1,old,11
2013,QT13,115,1,new,85
2013,QT13,115,1,old,13
2013,QT13,116,1,new,61
2013,QT13,116,1,old,16
2013,QT13,117,1,new,60
2013,QT13,117,1,old,16
2013,QT13,118,1,new,54
2013,QT13,118,1,old,21
2013,QT13,119,1,new,61
2013,QT13,119,1,old,24
2013,QT13,120,1,new,75
2013,QT13,120,1,old,19
2013,QT13,121,1,new,50
2013,QT13,121,1,old,12
2013,QT13,122,1,new,50
2013,QT13,122,1,old,13
2013,QT13,123,1,new,45
2013,QT13,123,1,old,24
2013,QT13,124,1,new,39
2013,QT13,124,1,old,10
2013,QT13,125,1,new,47
2013,QT13,125,1,old,14
2013,QT13,126,1,new,51
2013,QT13,126,1,old,11
2013,QT13,127,1,new,36
2013,QT13,127,1,old,9
2013,QT13,128,1,new,30
2013,QT13,128,1,old,4
2013,QT13,129,1,new,29
2013,QT13,129,1,old,5
2013,QT13,130,1,new,24
2013,QT13,130,1,old,9
2013,QT13,131,1,new,21
2013,QT13,131,1,old,6
2013,QT13,132,1,new,16
2013,QT13,132,1,old,5
2013,QT13,133,1,new,7
2013,QT13,133,1,old,4
2013,QT13,134,1,new,12
2013,QT13,134,1,old,3
2013,QT13,135,1,new,8
2013,QT13,135,1,old,2
2013,QT13,136,1,new,3
2013,QT13,136,1,old,2
2013,QT13,137,1,new,4
2013,QT13,138,1,new,5
2013,QT13,139,1,new,4
2013,QT13,139,1,old,1
2013,QT13,140,1,new,2
2013,QT13,140,1,old,3
2013,QT13,141,1,new,2
2013,QT13,141,1,old,1
2013,QT13,142,1,new,4
2013,QT13,143,1,old,1
2013,QT13,144,1,old,1
2013,QT13,145,1,old,1
2013,QT13,146,1,new,1
2013,QT13,149,1,new,3
2013,QT13,151,1,new,1
2013,QT13,152,1,new,1
2013,TR13,89,1,old,1
2013,TR13,98,1,old,1
2013,TR13,99,1,old,1
2013,TR13,102,1,old,1
2013,TR13,103,1,old,1
2013,TR13,104,1,old,1
2013,TR13,109,1,old,1
2013,TR13,115,1,old,1
2013,TR13,126,1,old,2
2013,TR13,128,1,new,1
2013,TR13,129,1,old,1
2013,TR13,136,1,new,1
2013,TT13,81,1,new,1
2013,TT13,100,1,old,1
2013,TT13,101,1,old,4
2013,TT13,102,1,new,1
2013,TT13,103,1,old,2
2013,TT13,104,1,old,1
2013,TT13,107,1,old,2
2013,TT13,108,1,old,2
2013,TT13,109,1,old,1
2013,TT13,110,1,old,4
2013,TT13,111,1,new,1
2013,TT13,111,1,old,1
2013,TT13,113,1,old,2
2013,TT13,114,1,new,1
2013,TT13,114,1,old,1
2013,TT13,115,1,old,1
2013,TT13,116,1,new,1
2013,TT13,116,1,old,2
2013,TT13,117,1,new,1
2013,TT13,118,1,old,3
2013,TT13,120,1,new,1
2013,TT13,120,1,old,1
2013,TT13,121,1,old,1
2013,TT13,122,1,old,3
2013,TT13,123,1,new,1
2013,TT13,123,1,old,3
2013,TT13,124,1,old,2
2013,TT13,125,1,new,1
2013,TT13,125,1,old,5
2013,TT13,126,1,old,2
2013,TT13,127,1,old,3
2013,TT13,128,1,old,2
2013,TT13,129,1,old,1
2013,TT13,131,1,new,1
2013,TT13,133,1,old,1
2013,TT13,137,1,new,1
2014,QP14,44,2,new,1
2014,QP14,46,1,new,1
2014,QP14,47,2,new,1
2014,QP14,51,2,new,1
2014,QP14,52,1,new,2
2014,QP14,52,2,new,4
2014,QP14,53,2,new,2
2014,QP14,54,1,new,3
2014,QP14,54,2,new,2
2014,QP14,55,1,new,1
2014,QP14,55,2,new,2
2014,QP14,56,1,new,3
2014,QP14,56,2,new,1
2014,QP14,57,1,new,1
2014,QP14,57,2,new,2
2014,QP14,58,1,new,2
2014,QP14,58,1,old,1
2014,QP14,59,1,new,2
2014,QP14,59,2,new,3
2014,QP14,60,1,new,3
2014,QP14,60,2,new,1
2014,QP14,61,1,new,2
2014,QP14,62,1,new,3
2014,QP14,62,2,new,1
2014,QP14,63,1,new,5
2014,QP14,63,2,new,1
2014,QP14,64,1,new,4
2014,QP14,64,1,old,1
2014,QP14,64,2,new,2
2014,QP14,65,1,new,9
2014,QP14,65,2,new,1
2014,QP14,66,1,new,7
2014,QP14,67,1,new,6
2014,QP14,67,2,new,1
2014,QP14,67,2,old,1
2014,QP14,68,1,new,13
2014,QP14,69,1,new,13
2014,QP14,69,1,old,1
2014,QP14,70,1,new,21
2014,QP14,70,1,old,2
2014,QP14,71,1,new,4
2014,QP14,71,1,old,1
2014,QP14,72,1,new,10
2014,QP14,72,1,old,2
2014,QP14,73,1,new,17
2014,QP14,73,1,old,6
2014,QP14,74,1,new,10
2014,QP14,74,1,old,2
2014,QP14,75,1,new,18
2014,QP14,75,1,old,3
2014,QP14,76,1,new,12
2014,QP14,76,1,old,4
2014,QP14,77,1,new,15
2014,QP14,78,1,new,14
2014,QP14,78,1,old,2
2014,QP14,79,1,new,32
2014,QP14,79,1,old,3
2014,QP14,80,1,new,20
2014,QP14,80,1,old,4
2014,QP14,81,1,new,23
2014,QP14,81,1,old,4
2014,QP14,82,1,new,18
2014,QP14,82,1,old,4
2014,QP14,82,2,new,1
2014,QP14,83,1,new,18
2014,QP14,83,1,old,4
2014,QP14,84,1,new,16
2014,QP14,84,1,old,1
2014,QP14,85,1,new,12
2014,QP14,85,1,old,2
2014,QP14,86,1,new,11
2014,QP14,86,1,old,2
2014,QP14,87,1,new,7
2014,QP14,87,1,old,6
2014,QP14,88,1,new,5
2014,QP14,89,1,new,14
2014,QP14,89,1,old,3
2014,QP14,90,1,new,8
2014,QP14,91,1,new,14
2014,QP14,92,1,new,5
2014,QP14,92,1,old,1
2014,QP14,93,1,new,1
2014,QP14,94,1,new,1
2014,QP14,94,1,old,2
2014,QP14,95,1,new,3
2014,QP14,95,1,old,1
2014,QP14,96,1,new,3
2014,QP14,96,1,old,2
2014,QP14,97,1,new,3
2014,QP14,97,1,old,1
2014,QP14,98,1,new,2
2014,QP14,98,1,old,1
2014,QP14,99,1,new,2
2014,QP14,99,1,old,1
2014,QP14,100,1,new,5
2014,QP14,100,1,old,1
2014,QP14,101,1,new,3
2014,QP14,103,1,new,2
2014,QP14,104,1,new,1
2014,QP14,105,1,new,2
2014,QP14,107,1,new,3
2014,QP14,107,1,old,2
2014,QP14,108,1,new,1
2014,QP14,109,1,new,2
2014,QP14,110,1,new,3
2014,QP14,111,1,new,1
2014,QP14,115,1,new,1
2014,QP14,118,1,new,1
2014,QP14,119,1,old,1
2014,QP14,120,1,new,1
2014,QP14,121,1,new,2
2014,QP14,121,1,old,1
2014,QP14,125,1,new,1
2014,QT14,57,2,new,1
2014,QT14,59,1,old,2
2014,QT14,61,2,old,1
2014,QT14,62,2,new,1
2014,QT14,62,2,old,1
2014,QT14,63,1,old,1
2014,QT14,64,2,old,1
2014,QT14,65,1,old,1
2014,QT14,66,1,old,3
2014,QT14,66,2,old,5
2014,QT14,67,1,new,1
2014,QT14,67,1,old,1
2014,QT14,67,2,new,4
2014,QT14,67,2,old,2
2014,QT14,68,1,new,3
2014,QT14,68,1,old,1
2014,QT14,68,2,new,3
2014,QT14,68,2,old,3
2014,QT14,69,1,new,1
2014,QT14,69,2,new,4
2014,QT14,69,2,old,8
2014,QT14,70,1,new,3
2014,QT14,70,1,old,3
2014,QT14,70,2,new,7
2014,QT14,70,2,old,6
2014,QT14,71,1,new,2
2014,QT14,71,2,new,7
2014,QT14,71,2,old,7
2014,QT14,72,1,new,4
2014,QT14,72,1,old,4
2014,QT14,72,2,new,12
2014,QT14,72,2,old,10
2014,QT14,73,1,new,4
2014,QT14,73,1,old,1
2014,QT14,73,2,new,9
2014,QT14,73,2,old,3
2014,QT14,74,1,new,7
2014,QT14,74,1,old,4
2014,QT14,74,2,new,5
2014,QT14,74,2,old,10
2014,QT14,75,1,new,13
2014,QT14,75,1,old,3
2014,QT14,75,2,new,5
2014,QT14,75,2,old,8
2014,QT14,76,1,new,18
2014,QT14,76,1,old,3
2014,QT14,76,2,new,4
2014,QT14,76,2,old,4
2014,QT14,77,1,new,22
2014,QT14,77,1,old,7
2014,QT14,77,2,new,6
2014,QT14,77,2,old,5
2014,QT14,78,1,new,28
2014,QT14,78,1,old,4
2014,QT14,78,2,new,6
2014,QT14,79,1,new,31
2014,QT14,79,1,old,10
2014,QT14,79,2,new,3
2014,QT14,79,2,old,2
2014,QT14,80,1,new,48
2014,QT14,80,1,old,15
2014,QT14,80,2,new,2
2014,QT14,80,2,old,2
2014,QT14,81,1,new,44
2014,QT14,81,1,old,14
2014,QT14,81,2,new,2
2014,QT14,81,2,old,1
2014,QT14,82,1,new,41
2014,QT14,82,1,old,7
2014,QT14,82,2,old,1
2014,QT14,83,1,new,56
2014,QT14,83,1,old,9
2014,QT14,83,2,old,5
2014,QT14,84,1,new,61
2014,QT14,84,1,old,15
2014,QT14,84,2,old,3
2014,QT14,85,1,new,66
2014,QT14,85,1,old,18
2014,QT14,85,2,old,2
2014,QT14,86,1,new,62
2014,QT14,86,1,old,17
2014,QT14,87,1,new,101
2014,QT14,87,1,old,9
2014,QT14,87,2,old,4
2014,QT14,88,1,new,64
2014,QT14,88,1,old,10
2014,QT14,88,2,new,1
2014,QT14,88,2,old,4
2014,QT14,89,1,new,74
2014,QT14,89,1,old,11
2014,QT14,89,2,old,1
2014,QT14,90,1,new,82
2014,QT14,90,1,old,18
2014,QT14,90,2,old,1
2014,QT14,91,1,new,77
2014,QT14,91,1,old,15
2014,QT14,92,1,new,95
2014,QT14,92,1,old,24
2014,QT14,92,2,old,1
2014,QT14,93,1,new,105
2014,QT14,93,1,old,24
2014,QT14,93,2,old,2
2014,QT14,94,1,new,109
2014,QT14,94,1,old,26
2014,QT14,94,2,new,1
2014,QT14,94,2,old,1
2014,QT14,95,1,new,166
2014,QT14,95,1,old,45
2014,QT14,95,2,old,3
2014,QT14,96,1,new,138
2014,QT14,96,1,old,33
2014,QT14,96,2,old,2
2014,QT14,97,1,new,233
2014,QT14,97,1,old,60
2014,QT14,98,1,new,234
2014,QT14,98,1,old,59
2014,QT14,98,2,old,2
2014,QT14,99,1,new,223
2014,QT14,99,1,old,61
2014,QT14,100,1,new,343
2014,QT14,100,1,old,85
2014,QT14,101,1,new,373
2014,QT14,101,1,old,79
2014,QT14,102,1,new,512
2014,QT14,102,1,old,116
2014,QT14,102,2,old,2
2014,QT14,103,1,new,544
2014,QT14,103,1,old,71
2014,QT14,104,1,new,688
2014,QT14,104,1,old,103
2014,QT14,105,1,new,745
2014,QT14,105,1,old,96
2014,QT14,106,1,new,699
2014,QT14,106,1,old,104
2014,QT14,107,1,new,815
2014,QT14,107,1,old,88
2014,QT14,108,1,new,827
2014,QT14,108,1,old,109
2014,QT14,109,1,new,773
2014,QT14,109,1,old,86
2014,QT14,110,1,new,863
2014,QT14,110,1,old,109
2014,QT14,111,1,new,775
2014,QT14,111,1,old,80
2014,QT14,112,1,new,838
2014,QT14,112,1,old,89
2014,QT14,113,1,new,641
2014,QT14,113,1,old,74
2014,QT14,114,1,new,739
2014,QT14,114,1,old,70
2014,QT14,115,1,new,684
2014,QT14,115,1,old,74
2014,QT14,116,1,new,535
2014,QT14,116,1,old,69
2014,QT14,117,1,new,557
2014,QT14,117,1,old,71
2014,QT14,118,1,new,431
2014,QT14,118,1,old,72
2014,QT14,119,1,new,374
2014,QT14,119,1,old,43
2014,QT14,120,1,new,375
2014,QT14,120,1,old,51
2014,QT14,121,1,new,278
2014,QT14,121,1,old,46
2014,QT14,122,1,new,341
2014,QT14,122,1,old,46
2014,QT14,123,1,new,262
2014,QT14,123,1,old,41
2014,QT14,124,1,new,256
2014,QT14,124,1,old,34
2014,QT14,125,1,new,263
2014,QT14,125,1,old,32
2014,QT14,126,1,new,179
2014,QT14,126,1,old,12
2014,QT14,127,1,new,189
2014,QT14,127,1,old,21
2014,QT14,128,1,new,170
2014,QT14,128,1,old,6
2014,QT14,129,1,new,124
2014,QT14,129,1,old,11
2014,QT14,130,1,new,93
2014,QT14,130,1,old,10
2014,QT14,131,1,new,86
2014,QT14,131,1,old,4
2014,QT14,132,1,new,83
2014,QT14,132,1,old,8
2014,QT14,133,1,new,50
2014,QT14,133,1,old,2
2014,QT14,134,1,new,37
2014,QT14,134,1,old,2
2014,QT14,135,1,new,38
2014,QT14,135,1,old,5
2014,QT14,136,1,new,11
2014,QT14,136,1,old,1
2014,QT14,137,1,new,22
2014,QT14,137,1,old,2
2014,QT14,138,1,new,11
2014,QT14,138,1,old,1
2014,QT14,139,1,new,3
2014,QT14,139,1,old,2
2014,QT14,140,1,new,4
2014,QT14,140,1,old,2
2014,QT14,142,1,new,7
2014,QT14,143,1,new,2
2014,QT14,144,1,new,3
2014,QT14,147,1,new,1
2014,TR14,103,1,old,1
2014,TR14,104,1,old,1
2014,TR14,112,1,new,1
2014,TR14,123,1,new,1
2014,TR14,127,1,new,1
2014,TR14,134,1,new,1
2014,TR14,137,1,new,1
2014,TR14,142,1,new,2
2014,TT14,72,1,new,1
2014,TT14,74,1,old,1
2014,TT14,82,1,old,1
2014,TT14,88,1,old,3
2014,TT14,89,1,old,1
2014,TT14,90,1,new,1
2014,TT14,91,1,new,2
2014,TT14,93,1,old,1
2014,TT14,95,1,old,1
2014,TT14,96,1,old,3
2014,TT14,97,1,new,1
2014,TT14,97,1,old,2
2014,TT14,98,1,old,1
2014,TT14,99,1,new,1
2014,TT14,99,1,old,1
2014,TT14,100,1,new,2
2014,TT14,100,1,old,3
2014,TT14,101,1,new,1
2014,TT14,101,1,old,1
2014,TT14,102,1,new,2
2014,TT14,102,1,old,2
2014,TT14,103,1,new,7
2014,TT14,103,1,old,2
2014,TT14,104,1,new,2
2014,TT14,104,1,old,5
2014,TT14,105,1,new,4
2014,TT14,105,1,old,1
2014,TT14,106,1,new,2
2014,TT14,106,1,old,4
2014,TT14,107,1,new,2
2014,TT14,107,1,old,2
2014,TT14,108,1,new,3
2014,TT14,108,1,old,4
2014,TT14,109,1,new,3
2014,TT14,109,1,old,1
2014,TT14,110,1,new,6
2014,TT14,110,1,old,4
2014,TT14,111,1,new,7
2014,TT14,111,1,old,5
2014,TT14,112,1,new,7
2014,TT14,112,1,old,3
2014,TT14,113,1,new,8
2014,TT14,113,1,old,5
2014,TT14,114,1,new,7
2014,TT14,114,1,old,3
2014,TT14,115,1,new,7
2014,TT14,115,1,old,5
2014,TT14,116,1,new,10
2014,TT14,116,1,old,1
2014,TT14,117,1,new,6
2014,TT14,117,1,old,8
2014,TT14,118,1,new,12
2014,TT14,118,1,old,3
2014,TT14,119,1,new,11
2014,TT14,119,1,old,3
2014,TT14,120,1,new,11
2014,TT14,121,1,new,12
2014,TT14,121,1,old,4
2014,TT14,122,1,new,13
2014,TT14,122,1,old,1
2014,TT14,123,1,new,7
2014,TT14,123,1,old,1
2014,TT14,124,1,new,8
2014,TT14,124,1,old,2
2014,TT14,125,1,new,21
2014,TT14,125,1,old,2
2014,TT14,126,1,new,10
2014,TT14,126,1,old,2
2014,TT14,127,1,new,9
2014,TT14,127,1,old,1
2014,TT14,128,1,new,10
2014,TT14,128,1,old,1
2014,TT14,129,1,new,6
2014,TT14,129,1,old,2
2014,TT14,130,1,new,10
2014,TT14,130,1,old,2
2014,TT14,131,1,new,11
2014,TT14,131,1,old,4
2014,TT14,132,1,new,7
2014,TT14,132,1,old,3
2014,TT14,133,1,new,4
2014,TT14,133,1,old,1
2014,TT14,134,1,new,4
2014,TT14,135,1,new,4
2014,TT14,136,1,new,1
2014,TT14,136,1,old,1
2014,TT14,137,1,new,4
2014,TT14,138,1,new,4
2014,TT14,140,1,new,2
2014,TT14,141,1,new,4
2014,TT14,143,1,new,1
2014,TT14,144,1,new,1
2014,TT14,145,1,new,1
2014,TT14,155,1,new,2
2015,QP15,49,2,new,1
2015,QP15,60,1,new,1
2015,QP15,61,1,new,1
2015,QP15,66,1,old,1
2015,QP15,67,1,new,1
2015,QP15,69,1,new,1
2015,QP15,70,1,new,1
2015,QP15,71,1,new,2
2015,QP15,72,1,new,2
2015,QP15,72,1,old,2
2015,QP15,73,1,new,1
2015,QP15,74,1,new,1
2015,QP15,74,1,old,1
2015,QP15,75,1,new,3
2015,QP15,76,1,new,6
2015,QP15,77,1,new,2
2015,QP15,78,1,new,2
2015,QP15,78,1,old,1
2015,QP15,79,1,new,3
2015,QP15,80,1,new,7
2015,QP15,81,1,new,3
2015,QP15,82,1,new,7
2015,QP15,82,1,old,2
2015,QP15,83,1,new,3
2015,QP15,83,1,old,1
2015,QP15,84,1,new,2
2015,QP15,84,1,old,2
2015,QP15,85,1,new,4
2015,QP15,86,1,new,2
2015,QP15,86,1,old,1
2015,QP15,87,1,new,4
2015,QP15,88,1,new,3
2015,QP15,90,1,new,4
2015,QP15,90,1,old,1
2015,QP15,91,1,new,1
2015,QP15,92,1,new,1
2015,QP15,92,1,old,1
2015,QP15,93,1,new,1
2015,QP15,94,1,new,1
2015,QP15,95,1,new,1
2015,QP15,95,1,old,1
2015,QP15,97,1,old,1
2015,QP15,102,1,new,1
2015,QP15,106,1,new,1
2015,QP15,114,1,new,1
2015,QP15,119,1,new,1
2015,QT15,54,2,new,1
2015,QT15,55,1,new,1
2015,QT15,55,2,old,1
2015,QT15,56,1,new,1
2015,QT15,57,1,new,1
2015,QT15,57,2,old,2
2015,QT15,58,1,new,2
2015,QT15,58,2,old,1
2015,QT15,59,2,new,5
2015,QT15,59,2,old,4
2015,QT15,60,1,old,1
2015,QT15,60,2,new,7
2015,QT15,60,2,old,8
2015,QT15,61,1,new,5
2015,QT15,61,2,new,3
2015,QT15,61,2,old,9
2015,QT15,62,1,new,2
2015,QT15,62,1,old,1
2015,QT15,62,2,new,9
2015,QT15,62,2,old,11
2015,QT15,63,1,new,2
2015,QT15,63,1,old,3
2015,QT15,63,2,new,13
2015,QT15,63,2,old,14
2015,QT15,64,1,new,3
2015,QT15,64,1,old,2
2015,QT15,64,2,new,13
2015,QT15,64,2,old,20
2015,QT15,65,1,new,8
2015,QT15,65,2,new,8
2015,QT15,65,2,old,21
2015,QT15,66,1,new,5
2015,QT15,66,1,old,3
2015,QT15,66,2,new,7
2015,QT15,66,2,old,15
2015,QT15,67,1,new,9
2015,QT15,67,1,old,3
2015,QT15,67,2,new,12
2015,QT15,67,2,old,31
2015,QT15,68,1,new,8
2015,QT15,68,1,old,4
2015,QT15,68,2,new,13
2015,QT15,68,2,old,34
2015,QT15,69,1,new,10
2015,QT15,69,1,old,1
2015,QT15,69,2,new,24
2015,QT15,69,2,old,47
2015,QT15,70,1,new,9
2015,QT15,70,1,old,5
2015,QT15,70,2,new,13
2015,QT15,70,2,old,47
2015,QT15,71,1,new,13
2015,QT15,71,1,old,11
2015,QT15,71,2,new,14
2015,QT15,71,2,old,37
2015,QT15,72,1,new,13
2015,QT15,72,1,old,8
2015,QT15,72,2,new,31
2015,QT15,72,2,old,46
2015,QT15,73,1,new,41
2015,QT15,73,1,old,13
2015,QT15,73,2,new,24
2015,QT15,73,2,old,49
2015,QT15,74,1,new,37
2015,QT15,74,1,old,27
2015,QT15,74,2,new,14
2015,QT15,74,2,old,34
2015,QT15,75,1,new,47
2015,QT15,75,1,old,17
2015,QT15,75,2,new,12
2015,QT15,75,2,old,26
2015,QT15,76,1,new,46
2015,QT15,76,1,old,38
2015,QT15,76,2,new,7
2015,QT15,76,2,old,28
2015,QT15,77,1,new,91
2015,QT15,77,1,old,35
2015,QT15,77,2,new,13
2015,QT15,77,2,old,22
2015,QT15,78,1,new,73
2015,QT15,78,1,old,35
2015,QT15,78,2,new,6
2015,QT15,78,2,old,20
2015,QT15,79,1,new,110
2015,QT15,79,1,old,34
2015,QT15,79,2,new,5
2015,QT15,79,2,old,15
2015,QT15,80,1,new,125
2015,QT15,80,1,old,52
2015,QT15,80,2,new,2
2015,QT15,80,2,old,10
2015,QT15,81,1,new,132
2015,QT15,81,1,old,54
2015,QT15,81,2,new,3
2015,QT15,81,2,old,4
2015,QT15,82,1,new,177
2015,QT15,82,1,old,73
2015,QT15,82,2,new,1
2015,QT15,82,2,old,6
2015,QT15,83,1,new,187
2015,QT15,83,1,old,77
2015,QT15,83,2,new,4
2015,QT15,83,2,old,4
2015,QT15,84,1,new,156
2015,QT15,84,1,old,98
2015,QT15,84,2,new,1
2015,QT15,84,2,old,1
2015,QT15,85,1,new,142
2015,QT15,85,1,old,73
2015,QT15,85,2,new,2
2015,QT15,85,2,old,1
2015,QT15,86,1,new,176
2015,QT15,86,1,old,74
2015,QT15,86,2,new,1
2015,QT15,86,2,old,4
2015,QT15,87,1,new,218
2015,QT15,87,1,old,75
2015,QT15,87,2,new,1
2015,QT15,87,2,old,4
2015,QT15,88,1,new,118
2015,QT15,88,1,old,69
2015,QT15,88,2,new,1
2015,QT15,89,1,new,174
2015,QT15,89,1,old,47
2015,QT15,89,2,old,1
2015,QT15,90,1,new,183
2015,QT15,90,1,old,49
2015,QT15,90,2,old,2
2015,QT15,91,1,new,176
2015,QT15,91,1,old,43
2015,QT15,91,2,new,2
2015,QT15,91,2,old,1
2015,QT15,92,1,new,268
2015,QT15,92,1,old,48
2015,QT15,92,2,old,1
2015,QT15,93,1,new,237
2015,QT15,93,1,old,58
2015,QT15,93,2,new,1
2015,QT15,94,1,new,214
2015,QT15,94,1,old,57
2015,QT15,94,2,new,1
2015,QT15,94,2,old,1
2015,QT15,95,1,new,256
2015,QT15,95,1,old,40
2015,QT15,96,1,new,288
2015,QT15,96,1,old,48
2015,QT15,97,1,new,447
2015,QT15,97,1,old,73
2015,QT15,98,1,new,416
2015,QT15,98,1,old,65
2015,QT15,98,2,new,1
2015,QT15,98,2,old,2
2015,QT15,99,1,new,340
2015,QT15,99,1,old,44
2015,QT15,100,1,new,539
2015,QT15,100,1,old,82
2015,QT15,101,1,new,440
2015,QT15,101,1,old,80
2015,QT15,101,2,old,1
2015,QT15,102,1,new,611
2015,QT15,102,1,old,65
2015,QT15,103,1,new,808
2015,QT15,103,1,old,84
2015,QT15,104,1,new,566
2015,QT15,104,1,old,76
2015,QT15,105,1,new,597
2015,QT15,105,1,old,74
2015,QT15,106,1,new,657
2015,QT15,106,1,old,62
2015,QT15,107,1,new,798
2015,QT15,107,1,old,64
2015,QT15,108,1,new,671
2015,QT15,108,1,old,68
2015,QT15,109,1,new,557
2015,QT15,109,1,old,63
2015,QT15,110,1,new,732
2015,QT15,110,1,old,56
2015,QT15,111,1,new,524
2015,QT15,111,1,old,40
2015,QT15,112,1,new,828
2015,QT15,112,1,old,40
2015,QT15,113,1,new,789
2015,QT15,113,1,old,51
2015,QT15,114,1,new,664
2015,QT15,114,1,old,34
2015,QT15,115,1,new,782
2015,QT15,115,1,old,31
2015,QT15,116,1,new,847
2015,QT15,116,1,old,36
2015,QT15,117,1,new,984
2015,QT15,117,1,old,25
2015,QT15,118,1,new,1054
2015,QT15,118,1,old,31
2015,QT15,119,1,new,934
2015,QT15,119,1,old,33
2015,QT15,120,1,new,1255
2015,QT15,120,1,old,34
2015,QT15,121,1,new,1068
2015,QT15,121,1,old,26
2015,QT15,122,1,new,1391
2015,QT15,122,1,old,18
2015,QT15,123,1,new,1601
2015,QT15,123,1,old,34
2015,QT15,124,1,new,1213
2015,QT15,124,1,old,22
2015,QT15,125,1,new,1296
2015,QT15,125,1,old,16
2015,QT15,126,1,new,1065
2015,QT15,126,1,old,19
2015,QT15,127,1,new,1140
2015,QT15,127,1,old,12
2015,QT15,128,1,new,917
2015,QT15,128,1,old,15
2015,QT15,129,1,new,690
2015,QT15,129,1,old,14
2015,QT15,130,1,new,689
2015,QT15,130,1,old,9
2015,QT15,131,1,new,427
2015,QT15,131,1,old,12
2015,QT15,132,1,new,427
2015,QT15,132,1,old,7
2015,QT15,133,1,new,295
2015,QT15,133,1,old,1
2015,QT15,134,1,new,247
2015,QT15,134,1,old,3
2015,QT15,135,1,new,170
2015,QT15,135,1,old,4
2015,QT15,136,1,new,122
2015,QT15,136,1,old,5
2015,QT15,137,1,new,90
2015,QT15,138,1,new,74
2015,QT15,138,1,old,3
2015,QT15,139,1,new,39
2015,QT15,139,1,old,1
2015,QT15,140,1,new,30
2015,QT15,141,1,new,22
2015,QT15,142,1,new,17
2015,QT15,142,1,old,1
2015,QT15,143,1,new,7
2015,QT15,143,1,old,1
2015,QT15,144,1,new,11
2015,QT15,144,1,old,4
2015,QT15,145,1,new,7
2015,QT15,146,1,new,5
2015,QT15,147,1,new,2
2015,QT15,148,1,new,2
2015,QT15,150,1,new,2
2015,QT15,156,1,old,1
2015,QT15,188,1,new,1
2015,QT15,199,1,new,1
2015,TR15,72,1,old,1
2015,TR15,75,1,new,1
2015,TR15,90,1,old,1
2015,TR15,96,1,old,1
2015,TR15,98,1,new,1
2015,TR15,104,1,new,1
2015,TR15,105,1,old,1
2015,TR15,106,1,old,2
2015,TR15,108,1,new,1
2015,TR15,109,1,new,1
2015,TR15,110,1,old,1
2015,TR15,113,1,new,2
2015,TR15,120,1,new,1
2015,TR15,121,1,new,1
2015,TR15,127,1,new,3
2015,TT15,56,2,new,1
2015,TT15,59,2,new,1
2015,TT15,61,2,old,1
2015,TT15,65,2,old,1
2015,TT15,66,2,new,2
2015,TT15,67,2,new,2
2015,TT15,67,2,old,1
2015,TT15,68,2,new,2
2015,TT15,68,2,old,2
2015,TT15,69,1,new,1
2015,TT15,69,2,new,1
2015,TT15,69,2,old,2
2015,TT15,70,2,new,2
2015,TT15,70,2,old,4
2015,TT15,71,1,new,1
2015,TT15,71,1,old,1
2015,TT15,71,2,new,5
2015,TT15,71,2,old,5
2015,TT15,72,1,new,1
2015,TT15,72,2,new,4
2015,TT15,72,2,old,2
2015,TT15,73,1,new,2
2015,TT15,73,2,new,10
2015,TT15,73,2,old,7
2015,TT15,74,1,new,1
2015,TT15,74,2,new,11
2015,TT15,74,2,old,8
2015,TT15,75,1,new,3
2015,TT15,75,1,old,1
2015,TT15,75,2,new,12
2015,TT15,75,2,old,1
2015,TT15,76,1,new,2
2015,TT15,76,1,old,2
2015,TT15,76,2,new,20
2015,TT15,76,2,old,8
2015,TT15,77,1,new,2
2015,TT15,77,2,new,7
2015,TT15,77,2,old,3
2015,TT15,78,1,new,7
2015,TT15,78,1,old,3
2015,TT15,78,2,new,15
2015,TT15,78,2,old,3
2015,TT15,79,1,new,16
2015,TT15,79,2,new,15
2015,TT15,79,2,old,3
2015,TT15,80,1,new,13
2015,TT15,80,1,old,3
2015,TT15,80,2,old,2
2015,TT15,81,1,new,22
2015,TT15,81,1,old,9
2015,TT15,81,2,new,7
2015,TT15,81,2,old,2
2015,TT15,82,1,new,26
2015,TT15,82,1,old,3
2015,TT15,82,2,new,7
2015,TT15,83,1,new,19
2015,TT15,83,1,old,6
2015,TT15,83,2,new,4
2015,TT15,84,1,new,33
2015,TT15,84,1,old,14
2015,TT15,84,2,new,2
2015,TT15,85,1,new,34
2015,TT15,85,1,old,15
2015,TT15,85,2,new,1
2015,TT15,86,1,new,42
2015,TT15,86,1,old,9
2015,TT15,87,1,new,36
2015,TT15,87,1,old,14
2015,TT15,88,1,new,19
2015,TT15,88,1,old,16
2015,TT15,89,1,new,58
2015,TT15,89,1,old,18
2015,TT15,89,2,new,1
2015,TT15,90,1,new,35
2015,TT15,90,1,old,12
2015,TT15,91,1,new,25
2015,TT15,91,1,old,23
2015,TT15,92,1,new,39
2015,TT15,92,1,old,24
2015,TT15,93,1,new,34
2015,TT15,93,1,old,18
2015,TT15,94,1,new,43
2015,TT15,94,1,old,34
2015,TT15,95,1,new,37
2015,TT15,95,1,old,38
2015,TT15,96,1,new,55
2015,TT15,96,1,old,33
2015,TT15,97,1,new,56
2015,TT15,97,1,old,24
2015,TT15,98,1,new,84
2015,TT15,98,1,old,50
2015,TT15,98,2,new,1
2015,TT15,99,1,new,81
2015,TT15,99,1,old,47
2015,TT15,99,2,new,1
2015,TT15,99,2,old,2
2015,TT15,100,1,new,110
2015,TT15,100,1,old,47
2015,TT15,100,2,old,1
2015,TT15,101,1,new,130
2015,TT15,101,1,old,47
2015,TT15,101,2,new,1
2015,TT15,101,2,old,1
2015,TT15,102,1,new,102
2015,TT15,102,1,old,58
2015,TT15,103,1,new,172
2015,TT15,103,1,old,57
2015,TT15,104,1,new,262
2015,TT15,104,1,old,75
2015,TT15,104,2,new,1
2015,TT15,105,1,new,181
2015,TT15,105,1,old,81
2015,TT15,105,2,new,1
2015,TT15,106,1,new,268
2015,TT15,106,1,old,86
2015,TT15,107,1,new,221
2015,TT15,107,1,old,74
2015,TT15,108,1,new,301
2015,TT15,108,1,old,94
2015,TT15,109,1,new,325
2015,TT15,109,1,old,78
2015,TT15,110,1,new,273
2015,TT15,110,1,old,89
2015,TT15,111,1,new,279
2015,TT15,111,1,old,65
2015,TT15,112,1,new,241
2015,TT15,112,1,old,99
2015,TT15,113,1,new,206
2015,TT15,113,1,old,51
2015,TT15,114,1,new,370
2015,TT15,114,1,old,90
2015,TT15,115,1,new,341
2015,TT15,115,1,old,78
2015,TT15,116,1,new,287
2015,TT15,116,1,old,56
2015,TT15,117,1,new,313
2015,TT15,117,1,old,59
2015,TT15,118,1,new,346
2015,TT15,118,1,old,58
2015,TT15,119,1,new,393
2015,TT15,119,1,old,45
2015,TT15,120,1,new,536
2015,TT15,120,1,old,71
2015,TT15,121,1,new,404
2015,TT15,121,1,old,40
2015,TT15,122,1,new,463
2015,TT15,122,1,old,43
2015,TT15,123,1,new,467
2015,TT15,123,1,old,39
2015,TT15,124,1,new,600
2015,TT15,124,1,old,62
2015,TT15,125,1,new,579
2015,TT15,125,1,old,50
2015,TT15,126,1,new,483
2015,TT15,126,1,old,46
2015,TT15,127,1,new,502
2015,TT15,127,1,old,36
2015,TT15,128,1,new,508
2015,TT15,128,1,old,39
2015,TT15,129,1,new,358
2015,TT15,129,1,old,27
2015,TT15,130,1,new,424
2015,TT15,130,1,old,37
2015,TT15,131,1,new,275
2015,TT15,131,1,old,22
2015,TT15,132,1,new,306
2015,TT15,132,1,old,19
2015,TT15,133,1,new,194
2015,TT15,133,1,old,15
2015,TT15,134,1,new,226
2015,TT15,134,1,old,11
2015,TT15,135,1,new,167
2015,TT15,135,1,old,10
2015,TT15,136,1,new,122
2015,TT15,136,1,old,9
2015,TT15,137,1,new,112
2015,TT15,137,1,old,5
2015,TT15,138,1,new,100
2015,TT15,138,1,old,7
2015,TT15,139,1,new,62
2015,TT15,139,1,old,4
2015,TT15,140,1,new,73
2015,TT15,140,1,old,5
2015,TT15,141,1,new,60
2015,TT15,141,1,old,3
2015,TT15,142,1,new,32
2015,TT15,142,1,old,2
2015,TT15,143,1,new,46
2015,TT15,143,1,old,3
2015,TT15,144,1,new,27
2015,TT15,144,1,old,1
2015,TT15,145,1,new,31
2015,TT15,145,1,old,3
2015,TT15,146,1,new,19
2015,TT15,147,1,new,30
2015,TT15,147,1,old,1
2015,TT15,148,1,new,20
2015,TT15,149,1,new,14
2015,TT15,150,1,new,17
2015,TT15,151,1,new,8
2015,TT15,152,1,new,11
2015,TT15,152,1,old,3
2015,TT15,153,1,new,7
2015,TT15,154,1,new,7
2015,TT15,155,1,new,6
2015,TT15,156,1,new,5
2015,TT15,157,1,new,3
2015,TT15,158,1,new,4
2015,TT15,159,1,new,1
2015,TT15,160,1,new,3
2015,TT15,160,1,old,1
2015,TT15,162,1,new,1
2015,TT15,163,1,new,1
2015,TT15,164,1,new,2
2015,TT15,165,1,new,2
2015,TT15,168,1,new,1
2015,TT15,169,1,new,2
2015,TT15,170,1,new,1
2015,TT15,174,1,new,2
2016,TR16,79,1,old,1
2016,TR16,86,1,old,1
2016,TR16,88,1,new,1
2016,TR16,94,1,old,1
2016,TR16,98,1,new,1
2016,TR16,99,1,old,1
2016,TR16,101,1,new,1
2016,TR16,102,1,new,1
2016,TR16,102,1,old,1
2016,TR16,103,1,old,1
2016,TR16,104,1,new,2
2016,TR16,104,1,old,1
2016,TR16,105,1,new,1
2016,TR16,105,1,old,1
2016,TR16,107,1,new,1
2016,TR16,107,1,old,1
2016,TR16,108,1,old,2
2016,TR16,109,1,old,1
2016,TR16,112,1,old,1
2016,TR16,113,1,new,1
2016,TR16,114,1,old,2
2016,TR16,115,1,new,1
2016,TR16,117,1,old,1
2016,TR16,119,1,new,2
2016,TR16,120,1,new,1
2016,TR16,121,1,new,2
2016,TR16,121,1,old,1
2016,TR16,122,1,old,1
2016,TR16,123,1,new,3
2016,TR16,124,1,new,1
2016,TR16,124,1,old,3
2016,TR16,125,1,new,3
2016,TR16,125,1,old,1
2016,TR16,126,1,new,2
2016,TR16,126,1,old,3
2016,TR16,127,1,new,2
2016,TR16,127,1,old,3
2016,TR16,128,1,new,1
2016,TR16,129,1,new,2
2016,TR16,129,1,old,1
2016,TR16,130,1,new,3
2016,TR16,133,1,old,1
2016,TR16,134,1,new,1
2016,TR16,135,1,new,1
2016,TR16,136,1,old,2
2016,TR16,145,1,old,1
2017,QT17,48,2,new,1
2017,QT17,50,2,old,1
2017,QT17,52,1,old,3
2017,QT17,54,1,new,1
2017,QT17,54,1,old,2
2017,QT17,54,2,old,1
2017,QT17,55,1,old,1
2017,QT17,56,1,new,1
2017,QT17,56,1,old,1
2017,QT17,56,2,old,1
2017,QT17,57,1,new,1
2017,QT17,57,1,old,2
2017,QT17,57,2,new,1
2017,QT17,57,2,old,3
2017,QT17,58,1,new,1
2017,QT17,58,1,old,3
2017,QT17,58,2,old,2
2017,QT17,59,1,new,1
2017,QT17,59,1,old,2
2017,QT17,59,2,old,3
2017,QT17,60,1,new,2
2017,QT17,60,1,old,4
2017,QT17,60,2,new,1
2017,QT17,60,2,old,4
2017,QT17,61,1,new,8
2017,QT17,61,1,old,3
2017,QT17,61,2,old,1
2017,QT17,62,1,new,2
2017,QT17,62,1,old,4
2017,QT17,62,2,new,1
2017,QT17,62,2,old,3
2017,QT17,63,1,new,4
2017,QT17,63,1,old,4
2017,QT17,63,2,new,1
2017,QT17,63,2,old,3
2017,QT17,64,1,new,6
2017,QT17,64,1,old,6
2017,QT17,64,2,new,3
2017,QT17,64,2,old,15
2017,QT17,65,1,new,7
2017,QT17,65,1,old,2
2017,QT17,65,2,old,9
2017,QT17,66,1,new,7
2017,QT17,66,1,old,8
2017,QT17,66,2,old,11
2017,QT17,67,1,new,7
2017,QT17,67,1,old,8
2017,QT17,67,2,old,12
2017,QT17,68,1,new,5
2017,QT17,68,1,old,9
2017,QT17,68,2,new,1
2017,QT17,68,2,old,11
2017,QT17,69,1,new,8
2017,QT17,69,1,old,8
2017,QT17,69,2,old,13
2017,QT17,70,1,new,13
2017,QT17,70,1,old,12
2017,QT17,70,2,new,1
2017,QT17,70,2,old,12
2017,QT17,71,1,new,18
2017,QT17,71,1,old,20
2017,QT17,71,2,old,8
2017,QT17,72,1,new,18
2017,QT17,72,1,old,22
2017,QT17,72,2,new,1
2017,QT17,72,2,old,10
2017,QT17,73,1,new,22
2017,QT17,73,1,old,18
2017,QT17,73,2,new,1
2017,QT17,73,2,old,10
2017,QT17,74,1,new,25
2017,QT17,74,1,old,29
2017,QT17,74,2,old,10
2017,QT17,75,1,new,48
2017,QT17,75,1,old,34
2017,QT17,75,2,old,4
2017,QT17,76,1,new,46
2017,QT17,76,1,old,35
2017,QT17,76,2,old,1
2017,QT17,77,1,new,50
2017,QT17,77,1,old,45
2017,QT17,77,2,new,1
2017,QT17,77,2,old,2
2017,QT17,78,1,new,57
2017,QT17,78,1,old,48
2017,QT17,78,2,new,3
2017,QT17,78,2,old,2
2017,QT17,79,1,new,60
2017,QT17,79,1,old,33
2017,QT17,79,2,old,1
2017,QT17,80,1,new,58
2017,QT17,80,1,old,51
2017,QT17,81,1,new,75
2017,QT17,81,1,old,52
2017,QT17,81,2,old,2
2017,QT17,82,1,new,69
2017,QT17,82,1,old,48
2017,QT17,83,1,new,51
2017,QT17,83,1,old,32
2017,QT17,83,2,old,1
2017,QT17,84,1,new,88
2017,QT17,84,1,old,55
2017,QT17,85,1,new,70
2017,QT17,85,1,old,55
2017,QT17,85,2,new,1
2017,QT17,86,1,new,80
2017,QT17,86,1,old,47
2017,QT17,86,2,new,1
2017,QT17,86,2,old,1
2017,QT17,87,1,new,81
2017,QT17,87,1,old,56
2017,QT17,88,1,new,72
2017,QT17,88,1,old,36
2017,QT17,88,2,old,1
2017,QT17,89,1,new,47
2017,QT17,89,1,old,39
2017,QT17,89,2,old,1
2017,QT17,90,1,new,63
2017,QT17,90,1,old,55
2017,QT17,91,1,new,66
2017,QT17,91,1,old,63
2017,QT17,92,1,new,67
2017,QT17,92,1,old,55
2017,QT17,93,1,new,50
2017,QT17,93,1,old,42
2017,QT17,94,1,new,63
2017,QT17,94,1,old,58
2017,QT17,95,1,new,68
2017,QT17,95,1,old,49
2017,QT17,96,1,new,58
2017,QT17,96,1,old,56
2017,QT17,96,2,new,1
2017,QT17,97,1,new,66
2017,QT17,97,1,old,45
2017,QT17,98,1,new,73
2017,QT17,98,1,old,49
2017,QT17,99,1,new,69
2017,QT17,99,1,old,43
2017,QT17,100,1,new,84
2017,QT17,100,1,old,45
2017,QT17,101,1,new,79
2017,QT17,101,1,old,39
2017,QT17,102,1,new,68
2017,QT17,102,1,old,30
2017,QT17,103,1,new,75
2017,QT17,103,1,old,50
2017,QT17,104,1,new,73
2017,QT17,104,1,old,37
2017,QT17,105,1,new,69
2017,QT17,105,1,old,35
2017,QT17,106,1,new,56
2017,QT17,106,1,old,35
2017,QT17,107,1,new,59
2017,QT17,107,1,old,34
2017,QT17,108,1,new,69
2017,QT17,108,1,old,30
2017,QT17,109,1,new,46
2017,QT17,109,1,old,27
2017,QT17,110,1,new,61
2017,QT17,110,1,old,31
2017,QT17,111,1,new,44
2017,QT17,111,1,old,16
2017,QT17,112,1,new,49
2017,QT17,112,1,old,23
2017,QT17,113,1,new,37
2017,QT17,113,1,old,21
2017,QT17,114,1,new,47
2017,QT17,114,1,old,22
2017,QT17,115,1,new,42
2017,QT17,115,1,old,20
2017,QT17,116,1,new,36
2017,QT17,116,1,old,22
2017,QT17,117,1,new,28
2017,QT17,117,1,old,24
2017,QT17,118,1,new,40
2017,QT17,118,1,old,17
2017,QT17,119,1,new,32
2017,QT17,119,1,old,26
2017,QT17,120,1,new,34
2017,QT17,120,1,old,19
2017,QT17,121,1,new,22
2017,QT17,121,1,old,15
2017,QT17,122,1,new,28
2017,QT17,122,1,old,29
2017,QT17,123,1,new,21
2017,QT17,123,1,old,19
2017,QT17,124,1,new,20
2017,QT17,124,1,old,23
2017,QT17,125,1,new,15
2017,QT17,125,1,old,19
2017,QT17,126,1,new,13
2017,QT17,126,1,old,7
2017,QT17,127,1,new,6
2017,QT17,127,1,old,11
2017,QT17,128,1,new,8
2017,QT17,128,1,old,8
2017,QT17,129,1,new,11
2017,QT17,129,1,old,5
2017,QT17,130,1,new,5
2017,QT17,130,1,old,2
2017,QT17,131,1,new,5
2017,QT17,132,1,new,3
2017,QT17,132,1,old,3
2017,QT17,133,1,new,1
2017,QT17,133,1,old,2
2017,QT17,134,1,new,2
2017,QT17,134,1,old,5
2017,QT17,135,1,new,2
2017,QT17,135,1,old,1
2017,QT17,136,1,new,1
2017,QT17,136,1,old,1
2017,QT17,137,1,old,1
2017,QT17,138,1,new,1
2017,QT17,139,1,new,1
2017,QT17,140,1,new,1
2017,QT17,143,1,new,1
2017,TR17,78,1,new,1
2017,TR17,80,1,old,1
2017,TR17,81,1,new,1
2017,TR17,83,1,new,1
2017,TR17,87,1,new,2
2017,TR17,93,1,new,2
2017,TR17,93,1,old,1
2017,TR17,94,1,old,1
2017,TR17,97,1,old,2
2017,TR17,99,1,new,1
2017,TR17,101,1,new,1
2017,TR17,102,1,new,1
2017,TR17,103,1,old,1
2017,TR17,104,1,new,2
2017,TR17,104,1,old,3
2017,TR17,105,1,old,3
2017,TR17,106,1,new,2
2017,TR17,107,1,new,1
2017,TR17,107,1,old,1
2017,TR17,108,1,new,2
2017,TR17,109,1,new,2
2017,TR17,110,1,new,1
2017,TR17,110,1,old,2
2017,TR17,111,1,new,2
2017,TR17,111,1,old,2
2017,TR17,112,1,new,3
2017,TR17,113,1,old,1
2017,TR17,114,1,old,3
2017,TR17,115,1,new,2
2017,TR17,116,1,new,3
2017,TR17,116,1,old,1
2017,TR17,117,1,new,1
2017,TR17,118,1,new,4
2017,TR17,118,1,old,1
2017,TR17,119,1,new,4
2017,TR17,119,1,old,1
2017,TR17,120,1,new,3
2017,TR17,120,1,old,1
2017,TR17,121,1,new,2
2017,TR17,121,1,old,2
2017,TR17,122,1,new,2
2017,TR17,122,1,old,1
2017,TR17,123,1,new,8
2017,TR17,123,1,old,1
2017,TR17,124,1,new,4
2017,TR17,124,1,old,4
2017,TR17,125,1,new,2
2017,TR17,125,1,old,2
2017,TR17,126,1,new,3
2017,TR17,126,1,old,6
2017,TR17,127,1,new,3
2017,TR17,127,1,old,2
2017,TR17,128,1,new,2
2017,TR17,128,1,old,4
2017,TR17,129,1,new,1
2017,TR17,129,1,old,1
2017,TR17,130,1,new,1
2017,TR17,130,1,old,1
2017,TR17,131,1,new,1
2017,TR17,131,1,old,1
2017,TR17,132,1,new,2
2017,TR17,132,1,old,4
2017,TR17,133,1,old,1
2017,TR17,134,1,old,1
2017,TR17,136,1,new,1
2017,TR17,138,1,new,1
2017,TR17,141,1,new,1
2017,TR17,143,1,new,1
2017,TR17,164,1,old,1
2018,QT18,49,2,old,1
2018,QT18,50,2,old,1
2018,QT18,51,2,old,1
2018,QT18,52,1,new,1
2018,QT18,52,2,new,3
2018,QT18,52,2,old,1
2018,QT18,54,2,old,6
2018,QT18,55,1,new,1
2018,QT18,55,2,new,3
2018,QT18,55,2,old,4
2018,QT18,56,2,new,1
2018,QT18,56,2,old,5
2018,QT18,57,1,old,1
2018,QT18,57,2,new,2
2018,QT18,57,2,old,8
2018,QT18,58,1,new,1
2018,QT18,58,2,new,3
2018,QT18,58,2,old,9
2018,QT18,59,1,new,3
2018,QT18,59,1,old,1
2018,QT18,59,2,new,4
2018,QT18,59,2,old,2
2018,QT18,60,1,new,3
2018,QT18,60,2,new,3
2018,QT18,60,2,old,8
2018,QT18,61,1,new,2
2018,QT18,61,1,old,1
2018,QT18,61,2,new,4
2018,QT18,61,2,old,10
2018,QT18,62,1,new,2
2018,QT18,62,1,old,1
2018,QT18,62,2,new,6
2018,QT18,62,2,old,10
2018,QT18,63,1,new,4
2018,QT18,63,1,old,3
2018,QT18,63,2,new,8
2018,QT18,63,2,old,10
2018,QT18,64,1,new,3
2018,QT18,64,2,new,7
2018,QT18,64,2,old,10
2018,QT18,65,1,new,4
2018,QT18,65,1,old,2
2018,QT18,65,2,new,10
2018,QT18,65,2,old,12
2018,QT18,66,1,new,3
2018,QT18,66,1,old,4
2018,QT18,66,2,new,5
2018,QT18,66,2,old,9
2018,QT18,67,1,new,2
2018,QT18,67,1,old,1
2018,QT18,67,2,new,1
2018,QT18,67,2,old,9
2018,QT18,68,1,new,4
2018,QT18,68,1,old,4
2018,QT18,68,2,old,17
2018,QT18,69,1,new,9
2018,QT18,69,1,old,7
2018,QT18,69,2,new,2
2018,QT18,69,2,old,11
2018,QT18,70,1,new,20
2018,QT18,70,1,old,9
2018,QT18,70,2,new,2
2018,QT18,70,2,old,11
2018,QT18,71,1,new,25
2018,QT18,71,1,old,7
2018,QT18,71,2,new,1
2018,QT18,71,2,old,5
2018,QT18,72,1,new,26
2018,QT18,72,1,old,10
2018,QT18,72,2,old,8
2018,QT18,73,1,new,28
2018,QT18,73,1,old,19
2018,QT18,73,2,old,5
2018,QT18,74,1,new,26
2018,QT18,74,1,old,18
2018,QT18,74,2,old,3
2018,QT18,75,1,new,42
2018,QT18,75,1,old,21
2018,QT18,75,2,old,3
2018,QT18,76,1,new,47
2018,QT18,76,1,old,21
2018,QT18,76,2,old,3
2018,QT18,77,1,new,46
2018,QT18,77,1,old,16
2018,QT18,77,2,old,2
2018,QT18,78,1,new,69
2018,QT18,78,1,old,39
2018,QT18,78,2,old,1
2018,QT18,79,1,new,73
2018,QT18,79,1,old,26
2018,QT18,79,2,new,1
2018,QT18,80,1,new,95
2018,QT18,80,1,old,32
2018,QT18,80,2,new,1
2018,QT18,80,2,old,2
2018,QT18,81,1,new,104
2018,QT18,81,1,old,54
2018,QT18,81,2,old,1
2018,QT18,82,1,new,125
2018,QT18,82,1,old,42
2018,QT18,82,2,old,2
2018,QT18,83,1,new,130
2018,QT18,83,1,old,28
2018,QT18,83,2,old,1
2018,QT18,84,1,new,124
2018,QT18,84,1,old,52
2018,QT18,84,2,old,1
2018,QT18,85,1,new,164
2018,QT18,85,1,old,48
2018,QT18,85,2,old,1
2018,QT18,86,1,new,190
2018,QT18,86,1,old,33
2018,QT18,87,1,new,180
2018,QT18,87,1,old,72
2018,QT18,87,2,old,1
2018,QT18,88,1,new,207
2018,QT18,88,1,old,50
2018,QT18,89,1,new,256
2018,QT18,89,1,old,50
2018,QT18,90,1,new,251
2018,QT18,90,1,old,62
2018,QT18,91,1,new,286
2018,QT18,91,1,old,43
2018,QT18,92,1,new,395
2018,QT18,92,1,old,72
2018,QT18,93,1,new,404
2018,QT18,93,1,old,57
2018,QT18,94,1,new,507
2018,QT18,94,1,old,79
2018,QT18,94,2,old,1
2018,QT18,95,1,new,564
2018,QT18,95,1,old,63
2018,QT18,95,2,new,1
2018,QT18,96,1,new,634
2018,QT18,96,1,old,66
2018,QT18,97,1,new,661
2018,QT18,97,1,old,91
2018,QT18,98,1,new,793
2018,QT18,98,1,old,97
2018,QT18,99,1,new,747
2018,QT18,99,1,old,95
2018,QT18,99,2,new,1
2018,QT18,100,1,new,864
2018,QT18,100,1,old,121
2018,QT18,101,1,new,827
2018,QT18,101,1,old,100
2018,QT18,102,1,new,847
2018,QT18,102,1,old,107
2018,QT18,103,1,new,833
2018,QT18,103,1,old,89
2018,QT18,104,1,new,766
2018,QT18,104,1,old,105
2018,QT18,105,1,new,751
2018,QT18,105,1,old,111
2018,QT18,106,1,new,639
2018,QT18,106,1,old,72
2018,QT18,107,1,new,612
2018,QT18,107,1,old,74
2018,QT18,108,1,new,447
2018,QT18,108,1,old,79
2018,QT18,109,1,new,378
2018,QT18,109,1,old,72
2018,QT18,110,1,new,402
2018,QT18,110,1,old,89
2018,QT18,111,1,new,260
2018,QT18,111,1,old,55
2018,QT18,112,1,new,225
2018,QT18,112,1,old,57
2018,QT18,113,1,new,195
2018,QT18,113,1,old,54
2018,QT18,114,1,new,140
2018,QT18,114,1,old,46
2018,QT18,115,1,new,137
2018,QT18,115,1,old,48
2018,QT18,116,1,new,100
2018,QT18,116,1,old,42
2018,QT18,117,1,new,84
2018,QT18,117,1,old,54
2018,QT18,118,1,new,59
2018,QT18,118,1,old,49
2018,QT18,119,1,new,54
2018,QT18,119,1,old,34
2018,QT18,120,1,new,52
2018,QT18,120,1,old,49
2018,QT18,121,1,new,31
2018,QT18,121,1,old,33
2018,QT18,122,1,new,28
2018,QT18,122,1,old,31
2018,QT18,123,1,new,31
2018,QT18,123,1,old,36
2018,QT18,124,1,new,16
2018,QT18,124,1,old,35
2018,QT18,125,1,new,12
2018,QT18,125,1,old,27
2018,QT18,126,1,new,9
2018,QT18,126,1,old,20
2018,QT18,127,1,new,7
2018,QT18,127,1,old,18
2018,QT18,128,1,new,4
2018,QT18,128,1,old,9
2018,QT18,129,1,new,6
2018,QT18,129,1,old,11
2018,QT18,130,1,new,10
2018,QT18,130,1,old,13
2018,QT18,131,1,new,2
2018,QT18,131,1,old,3
2018,QT18,132,1,new,2
2018,QT18,132,1,old,5
2018,QT18,133,1,new,2
2018,QT18,134,1,new,3
2018,QT18,134,1,old,3
2018,QT18,135,1,new,1
2018,QT18,135,1,old,2
2018,QT18,136,1,new,1
2018,QT18,136,1,old,2
2018,QT18,137,1,new,1
2018,QT18,137,1,old,3
2018,QT18,138,1,old,5
2018,QT18,139,1,old,1
2018,QT18,142,1,old,1
2018,QT18,150,1,old,1
2018,TR18,86,2,new,1
2018,TR18,110,1,old,1
2018,TR18,115,1,old,1
2018,TR18,116,1,new,2
2018,TR18,117,1,old,1
2018,TR18,118,1,old,1
2018,TR18,119,1,new,2
2018,TR18,119,1,old,1
2018,TR18,120,1,new,1
2018,TR18,121,1,old,1
2018,TR18,122,1,new,1
2018,TR18,122,1,old,2
2018,TR18,123,1,old,1
2018,TR18,124,1,new,2
2018,TR18,124,1,old,3
2018,TR18,125,1,old,2
2018,TR18,126,1,new,1
2018,TR18,126,1,old,1
2018,TR18,127,1,new,1
2018,TR18,127,1,old,3
2018,TR18,128,1,old,2
2018,TR18,129,1,old,1
2018,TR18,130,1,new,1
2018,TR18,130,1,old,3
2018,TR18,132,1,new,1
2018,TR18,132,1,old,1
2018,TR18,134,1,old,1
2018,TR18,137,1,new,1
2018,TR18,140,1,new,1
2019,QB19,61,1,old,1
2019,QB19,72,1,new,1
2019,QB19,73,1,new,1
2019,QB19,74,1,new,1
2019,QB19,75,1,new,1
2019,QB19,76,1,new,4
2019,QB19,78,1,new,2
2019,QB19,79,1,new,1
2019,QB19,80,1,new,2
2019,QB19,81,1,new,1
2019,QB19,82,1,new,3
2019,QB19,83,1,new,1
2019,QB19,84,1,new,3
2019,QB19,85,1,new,3
2019,QB19,87,1,new,3
2019,QB19,88,1,new,1
2019,QB19,92,1,new,1
2019,QB19,93,1,new,1
2019,QB19,95,1,new,2
2019,QB19,96,1,new,1
2019,QB19,97,1,new,2
2019,QB19,100,1,new,3
2019,QB19,101,1,new,2
2019,QB19,104,1,new,1
2019,QB19,106,1,new,3
2019,QB19,108,1,new,1
2019,TR19,70,1,old,1
2019,TR19,74,1,new,1
2019,TR19,76,1,old,1
2019,TR19,81,1,old,1
2019,TR19,82,1,old,1
2019,TR19,83,1,old,1
2019,TR19,84,1,old,1
2019,TR19,85,1,old,1
2019,TR19,87,1,old,2
2019,TR19,90,1,new,1
2019,TR19,91,1,new,1
2019,TR19,92,1,old,1
2019,TR19,93,1,new,1
2019,TR19,93,1,old,1
2019,TR19,94,1,new,3
2019,TR19,94,1,old,1
2019,TR19,96,1,new,2
2019,TR19,97,1,new,3
2019,TR19,97,1,old,1
2019,TR19,98,1,new,1
2019,TR19,98,1,old,1
2019,TR19,99,1,new,1
2019,TR19,100,1,old,1
2019,TR19,101,1,new,1
2019,TR19,101,1,old,2
2019,TR19,102,1,old,4
2019,TR19,103,1,new,1
2019,TR19,105,1,new,3
2019,TR19,105,1,old,1
2019,TR19,107,1,old,1
2019,TR19,108,1,new,3
2019,TR19,109,1,new,2
2019,TR19,109,1,old,1
2019,TR19,112,1,old,1
2019,TR19,113,1,old,3
2019,TR19,117,1,old,1
2019,TR19,118,1,old,1
2019,TR19,119,1,new,1
2019,TR19,123,1,old,1
2019,TR19,126,1,old,1
2019,TR19,132,1,old,1
2019,TR19,135,1,old,1
2020,QT20,59,1,new,1
2020,QT20,62,1,old,1
2020,QT20,64,1,old,1
2020,QT20,65,1,new,1
2020,QT20,67,1,new,1
2020,QT20,67,1,old,1
2020,QT20,69,1,new,3
2020,QT20,69,1,old,2
2020,QT20,70,1,new,2
2020,QT20,70,1,old,1
2020,QT20,71,1,new,7
2020,QT20,72,1,new,6
2020,QT20,73,1,new,2
2020,QT20,73,1,old,1
2020,QT20,74,1,new,6
2020,QT20,74,1,old,1
2020,QT20,75,1,new,7
2020,QT20,75,1,old,1
2020,QT20,76,1,new,6
2020,QT20,76,1,old,1
2020,QT20,77,1,new,5
2020,QT20,77,1,old,4
2020,QT20,78,1,new,3
2020,QT20,78,1,old,1
2020,QT20,79,1,new,16
2020,QT20,79,1,old,4
2020,QT20,80,1,new,13
2020,QT20,80,1,old,2
2020,QT20,81,1,new,27
2020,QT20,81,1,old,5
2020,QT20,82,1,new,20
2020,QT20,82,1,old,4
2020,QT20,83,1,new,29
2020,QT20,83,1,old,2
2020,QT20,84,1,new,30
2020,QT20,84,1,old,6
2020,QT20,85,1,new,33
2020,QT20,85,1,old,6
2020,QT20,86,1,new,31
2020,QT20,86,1,old,5
2020,QT20,87,1,new,37
2020,QT20,87,1,old,15
2020,QT20,87,2,old,1
2020,QT20,88,1,new,46
2020,QT20,88,1,old,8
2020,QT20,89,1,new,58
2020,QT20,89,1,old,13
2020,QT20,90,1,new,46
2020,QT20,90,1,old,13
2020,QT20,91,1,new,88
2020,QT20,91,1,old,14
2020,QT20,92,1,new,97
2020,QT20,92,1,old,18
2020,QT20,93,1,new,144
2020,QT20,93,1,old,15
2020,QT20,94,1,new,142
2020,QT20,94,1,old,22
2020,QT20,95,1,new,140
2020,QT20,95,1,old,25
2020,QT20,96,1,new,187
2020,QT20,96,1,old,23
2020,QT20,97,1,new,170
2020,QT20,97,1,old,29
2020,QT20,98,1,new,265
2020,QT20,98,1,old,37
2020,QT20,99,1,new,210
2020,QT20,99,1,old,47
2020,QT20,100,1,new,219
2020,QT20,100,1,old,48
2020,QT20,101,1,new,208
2020,QT20,101,1,old,47
2020,QT20,102,1,new,209
2020,QT20,102,1,old,41
2020,QT20,103,1,new,287
2020,QT20,103,1,old,61
2020,QT20,104,1,new,260
2020,QT20,104,1,old,41
2020,QT20,105,1,new,181
2020,QT20,105,1,old,34
2020,QT20,106,1,new,196
2020,QT20,106,1,old,33
2020,QT20,107,1,new,148
2020,QT20,107,1,old,42
2020,QT20,108,1,new,194
2020,QT20,108,1,old,32
2020,QT20,109,1,new,143
2020,QT20,109,1,old,24
2020,QT20,110,1,new,117
2020,QT20,110,1,old,41
2020,QT20,111,1,new,120
2020,QT20,111,1,old,37
2020,QT20,112,1,new,103
2020,QT20,112,1,old,20
2020,QT20,113,1,new,147
2020,QT20,113,1,old,31
2020,QT20,114,1,new,122
2020,QT20,114,1,old,29
2020,QT20,115,1,new,77
2020,QT20,115,1,old,17
2020,QT20,116,1,new,81
2020,QT20,116,1,old,32
2020,QT20,117,1,new,58
2020,QT20,117,1,old,17
2020,QT20,118,1,new,79
2020,QT20,118,1,old,23
2020,QT20,119,1,new,43
2020,QT20,119,1,old,16
2020,QT20,120,1,new,36
2020,QT20,120,1,old,14
2020,QT20,121,1,new,51
2020,QT20,121,1,old,7
2020,QT20,122,1,new,25
2020,QT20,122,1,old,7
2020,QT20,123,1,new,22
2020,QT20,123,1,old,11
2020,QT20,124,1,new,21
2020,QT20,124,1,old,5
2020,QT20,125,1,new,14
2020,QT20,125,1,old,6
2020,QT20,126,1,new,9
2020,QT20,126,1,old,2
2020,QT20,127,1,new,6
2020,QT20,127,1,old,5
2020,QT20,128,1,new,12
2020,QT20,128,1,old,5
2020,QT20,129,1,new,2
2020,QT20,129,1,old,3
2020,QT20,130,1,new,5
2020,QT20,131,1,new,3
2020,QT20,132,1,new,2
2020,QT20,132,1,old,1
2020,QT20,133,1,new,4
2020,QT20,133,1,old,1
2020,QT20,134,1,new,1
2020,QT20,134,1,old,1
2020,QT20,135,1,old,1
2020,QT20,136,1,old,1
2020,QT20,137,1,new,1
2020,QT20,137,1,old,1
2020,QT20,183,1,new,1
2020,TR20,84,1,old,1
2020,TR20,86,1,new,1
2020,TR20,86,1,old,1
2020,TR20,88,1,old,1
2020,TR20,89,1,old,2
2020,TR20,91,1,new,1
2020,TR20,91,1,old,2
2020,TR20,92,1,new,3
2020,TR20,92,1,old,1
2020,TR20,93,1,new,1
2020,TR20,94,1,new,1
2020,TR20,94,1,old,2
2020,TR20,95,1,new,2
2020,TR20,95,1,old,1
2020,TR20,96,1,new,1
2020,TR20,96,1,old,5
2020,TR20,97,1,new,1
2020,TR20,97,1,old,1
2020,TR20,98,1,new,1
2020,TR20,98,1,old,1
2020,TR20,99,1,old,1
2020,TR20,100,1,new,3
2020,TR20,100,1,old,1
2020,TR20,101,1,new,2
2020,TR20,101,1,old,3
2020,TR20,102,1,new,2
2020,TR20,102,1,old,1
2020,TR20,103,1,new,2
2020,TR20,103,1,old,2
2020,TR20,104,1,new,2
2020,TR20,104,1,old,1
2020,TR20,105,1,old,1
2020,TR20,106,1,new,4
2020,TR20,107,1,new,2
2020,TR20,108,1,new,4
2020,TR20,108,1,old,3
2020,TR20,109,1,new,1
2020,TR20,109,1,old,1
2020,TR20,110,1,old,2
2020,TR20,111,1,new,1
2020,TR20,111,1,old,3
2020,TR20,112,1,new,1
2020,TR20,112,1,old,2
2020,TR20,114,1,new,1
2020,TR20,115,1,old,1
2020,TR20,116,1,old,1
2020,TR20,117,1,old,1
2020,TR20,119,1,old,1
2020,TR20,120,1,old,1
2020,TR20,122,1,old,1
2020,TR20,123,1,new,1
2020,TR20,123,1,old,2
2020,TR20,124,1,old,1
2020,TR20,135,1,old,1
2021,QB21,68,1,old,1
2021,QB21,70,1,old,1
2021,QB21,72,1,old,1
2021,QB21,73,1,old,1
2021,QB21,74,1,old,2
2021,QB21,75,1,old,1
2021,QB21,76,1,old,4
2021,QB21,77,1,old,4
2021,QB21,78,1,old,5
2021,QB21,79,1,old,7
2021,QB21,80,1,old,10
2021,QB21,81,1,old,15
2021,QB21,82,1,old,14
2021,QB21,83,1,old,9
2021,QB21,84,1,new,1
2021,QB21,84,1,old,18
2021,QB21,85,1,old,14
2021,QB21,86,1,old,14
2021,QB21,87,1,old,28
2021,QB21,88,1,new,1
2021,QB21,88,1,old,17
2021,QB21,89,1,old,22
2021,QB21,90,1,old,16
2021,QB21,91,1,old,17
2021,QB21,92,1,old,13
2021,QB21,93,1,old,20
2021,QB21,94,1,old,23
2021,QB21,95,1,old,19
2021,QB21,96,1,old,18
2021,QB21,97,1,old,18
2021,QB21,98,1,old,19
2021,QB21,99,1,old,13
2021,QB21,100,1,old,13
2021,QB21,101,1,old,11
2021,QB21,102,1,old,11
2021,QB21,103,1,old,10
2021,QB21,104,1,old,11
2021,QB21,105,1,old,13
2021,QB21,106,1,old,9
2021,QB21,107,1,old,6
2021,QB21,108,1,new,1
2021,QB21,108,1,old,2
2021,QB21,109,1,old,5
2021,QB21,110,1,old,4
2021,QB21,111,1,old,4
2021,QB21,112,1,old,2
2021,QB21,113,1,old,1
2021,QB21,114,1,new,1
2021,QB21,114,1,old,1
2021,QB21,115,1,old,3
2021,QB21,116,1,old,1
2021,QB21,117,1,new,1
2021,QB21,118,1,old,1
2021,QB21,120,1,old,1
2021,QB21,128,1,old,1
2021,QT21,61,1,new,1
2021,QT21,65,1,new,1
2021,QT21,69,2,old,1
2021,QT21,70,2,old,1
2021,QT21,71,1,old,2
2021,QT21,72,1,new,1
2021,QT21,72,1,old,1
2021,QT21,73,1,new,1
2021,QT21,73,1,old,2
2021,QT21,74,1,new,3
2021,QT21,74,1,old,6
2021,QT21,74,2,old,2
2021,QT21,75,1,new,3
2021,QT21,75,1,old,3
2021,QT21,75,2,old,1
2021,QT21,76,1,new,3
2021,QT21,76,1,old,2
2021,QT21,76,2,new,1
2021,QT21,77,1,new,3
2021,QT21,77,1,old,4
2021,QT21,78,1,new,2
2021,QT21,78,1,old,4
2021,QT21,79,1,new,1
2021,QT21,79,1,old,2
2021,QT21,80,1,new,6
2021,QT21,80,1,old,10
2021,QT21,80,2,new,1
2021,QT21,81,1,new,10
2021,QT21,81,1,old,11
2021,QT21,81,2,old,1
2021,QT21,82,1,new,5
2021,QT21,82,1,old,12
2021,QT21,83,1,new,12
2021,QT21,83,1,old,15
2021,QT21,83,2,new,1
2021,QT21,83,2,old,2
2021,QT21,84,1,new,11
2021,QT21,84,1,old,23
2021,QT21,84,2,old,1
2021,QT21,85,1,new,19
2021,QT21,85,1,old,13
2021,QT21,85,2,old,2
2021,QT21,86,1,new,11
2021,QT21,86,1,old,27
2021,QT21,86,2,old,1
2021,QT21,87,1,new,20
2021,QT21,87,1,old,32
2021,QT21,87,2,new,1
2021,QT21,87,2,old,1
2021,QT21,88,1,new,30
2021,QT21,88,1,old,43
2021,QT21,88,2,old,1
2021,QT21,89,1,new,30
2021,QT21,89,1,old,16
2021,QT21,90,1,new,39
2021,QT21,90,1,old,34
2021,QT21,91,1,new,24
2021,QT21,91,1,old,57
2021,QT21,92,1,new,47
2021,QT21,92,1,old,64
2021,QT21,93,1,new,40
2021,QT21,93,1,old,43
2021,QT21,94,1,new,53
2021,QT21,94,1,old,76
2021,QT21,95,1,new,62
2021,QT21,95,1,old,99
2021,QT21,96,1,new,70
2021,QT21,96,1,old,99
2021,QT21,97,1,new,72
2021,QT21,97,1,old,112
2021,QT21,98,1,new,60
2021,QT21,98,1,old,147
2021,QT21,99,1,new,57
2021,QT21,99,1,old,151
2021,QT21,100,1,new,92
2021,QT21,100,1,old,139
2021,QT21,101,1,new,64
2021,QT21,101,1,old,126
2021,QT21,102,1,new,83
2021,QT21,102,1,old,163
2021,QT21,103,1,new,88
2021,QT21,103,1,old,164
2021,QT21,104,1,new,71
2021,QT21,104,1,old,160
2021,QT21,105,1,new,98
2021,QT21,105,1,old,136
2021,QT21,106,1,new,66
2021,QT21,106,1,old,138
2021,QT21,107,1,new,62
2021,QT21,107,1,old,110
2021,QT21,108,1,new,64
2021,QT21,108,1,old,123
2021,QT21,109,1,new,56
2021,QT21,109,1,old,108
2021,QT21,110,1,new,68
2021,QT21,110,1,old,116
2021,QT21,111,1,new,43
2021,QT21,111,1,old,124
2021,QT21,112,1,new,52
2021,QT21,112,1,old,137
2021,QT21,113,1,new,54
2021,QT21,113,1,old,91
2021,QT21,114,1,new,60
2021,QT21,114,1,old,124
2021,QT21,115,1,new,54
2021,QT21,115,1,old,82
2021,QT21,116,1,new,38
2021,QT21,116,1,old,75
2021,QT21,117,1,new,31
2021,QT21,117,1,old,83
2021,QT21,118,1,new,37
2021,QT21,118,1,old,87
2021,QT21,119,1,new,22
2021,QT21,119,1,old,71
2021,QT21,120,1,new,23
2021,QT21,120,1,old,56
2021,QT21,121,1,new,10
2021,QT21,121,1,old,36
2021,QT21,122,1,new,9
2021,QT21,122,1,old,32
2021,QT21,123,1,new,18
2021,QT21,123,1,old,37
2021,QT21,124,1,new,6
2021,QT21,124,1,old,33
2021,QT21,125,1,new,6
2021,QT21,125,1,old,17
2021,QT21,126,1,new,3
2021,QT21,126,1,old,18
2021,QT21,127,1,new,7
2021,QT21,127,1,old,25
2021,QT21,128,1,new,4
2021,QT21,128,1,old,12
2021,QT21,129,1,new,3
2021,QT21,129,1,old,4
2021,QT21,130,1,new,1
2021,QT21,130,1,old,6
2021,QT21,131,1,new,1
2021,QT21,131,1,old,5
2021,QT21,132,1,old,8
2021,QT21,133,1,old,8
2021,QT21,134,1,new,2
2021,QT21,134,1,old,5
2021,QT21,135,1,old,1
2021,QT21,137,1,old,3
2021,QT21,138,1,old,1
2021,QT21,139,1,old,1
2021,QT21,141,1,old,1
2021,QT21,142,1,new,1
2021,QT21,146,1,old,1
2021,TR21,90,1,old,1
2021,TR21,118,1,old,1
2022,QT22,63,1,old,1
2022,QT22,71,2,old,1
2022,QT22,74,1,new,1
2022,QT22,74,1,old,1
2022,QT22,76,1,old,1
2022,QT22,77,1,old,3
2022,QT22,79,1,old,1
2022,QT22,80,1,new,1
2022,QT22,80,1,old,5
2022,QT22,81,1,old,3
2022,QT22,81,2,old,1
2022,QT22,82,1,new,1
2022,QT22,82,1,old,5
2022,QT22,83,1,old,3
2022,QT22,84,1,old,6
2022,QT22,85,1,old,8
2022,QT22,86,1,new,1
2022,QT22,86,1,old,3
2022,QT22,87,1,new,3
2022,QT22,87,1,old,6
2022,QT22,88,1,new,3
2022,QT22,88,1,old,9
2022,QT22,89,1,new,4
2022,QT22,89,1,old,13
2022,QT22,90,1,new,5
2022,QT22,90,1,old,12
2022,QT22,91,1,new,7
2022,QT22,91,1,old,14
2022,QT22,92,1,new,8
2022,QT22,92,1,old,20
2022,QT22,93,1,new,13
2022,QT22,93,1,old,21
2022,QT22,94,1,new,6
2022,QT22,94,1,old,25
2022,QT22,95,1,new,19
2022,QT22,95,1,old,35
2022,QT22,96,1,new,19
2022,QT22,96,1,old,32
2022,QT22,97,1,new,12
2022,QT22,97,1,old,41
2022,QT22,98,1,new,28
2022,QT22,98,1,old,38
2022,QT22,99,1,new,21
2022,QT22,99,1,old,42
2022,QT22,100,1,new,23
2022,QT22,100,1,old,57
2022,QT22,101,1,new,21
2022,QT22,101,1,old,49
2022,QT22,102,1,new,23
2022,QT22,102,1,old,47
2022,QT22,103,1,new,25
2022,QT22,103,1,old,25
2022,QT22,104,1,new,29
2022,QT22,104,1,old,65
2022,QT22,105,1,new,29
2022,QT22,105,1,old,56
2022,QT22,106,1,new,31
2022,QT22,106,1,old,53
2022,QT22,107,1,new,17
2022,QT22,107,1,old,37
2022,QT22,108,1,new,9
2022,QT22,108,1,old,41
2022,QT22,109,1,new,20
2022,QT22,109,1,old,45
2022,QT22,110,1,new,21
2022,QT22,110,1,old,44
2022,QT22,111,1,new,8
2022,QT22,111,1,old,30
2022,QT22,112,1,new,13
2022,QT22,112,1,old,28
2022,QT22,113,1,new,11
2022,QT22,113,1,old,28
2022,QT22,114,1,new,12
2022,QT22,114,1,old,24
2022,QT22,115,1,new,15
2022,QT22,115,1,old,15
2022,QT22,116,1,new,7
2022,QT22,116,1,old,20
2022,QT22,117,1,new,5
2022,QT22,117,1,old,22
2022,QT22,118,1,new,8
2022,QT22,118,1,old,13
2022,QT22,119,1,new,4
2022,QT22,119,1,old,9
2022,QT22,120,1,new,3
2022,QT22,120,1,old,12
2022,QT22,121,1,new,2
2022,QT22,121,1,old,6
2022,QT22,122,1,new,3
2022,QT22,122,1,old,7
2022,QT22,123,1,new,2
2022,QT22,123,1,old,4
2022,QT22,124,1,new,3
2022,QT22,124,1,old,6
2022,QT22,125,1,old,1
2022,QT22,126,1,old,2
2022,QT22,127,1,new,1
2022,QT22,127,1,old,2
2022,QT22,128,1,new,1
2022,QT22,128,1,old,2
2022,QT22,129,1,old,3
2022,QT22,130,1,new,2
2022,QT22,130,1,old,1
2022,QT22,131,1,old,1
2022,QT22,132,1,new,2
2022,QT22,132,1,old,1
2022,QT22,134,1,old,1
2022,TR22,82,1,old,1
2022,TR22,113,1,old,1
2022,TT22,63,1,old,1
2022,TT22,64,1,old,1
2022,TT22,69,1,old,2
2022,TT22,70,1,new,1
2022,TT22,70,1,old,1
2022,TT22,71,1,new,1
2022,TT22,71,1,old,1
2022,TT22,72,1,old,1
2022,TT22,73,1,old,2
2022,TT22,75,1,new,1
2022,TT22,77,1,old,1
2022,TT22,81,1,new,1
2022,TT22,82,1,old,4
2022,TT22,83,1,old,3
2022,TT22,84,1,new,1
2022,TT22,84,1,old,3
2022,TT22,85,1,new,2
2022,TT22,85,1,old,3
2022,TT22,87,1,new,1
2022,TT22,87,1,old,3
2022,TT22,88,1,new,3
2022,TT22,88,1,old,4
2022,TT22,89,1,new,3
2022,TT22,89,1,old,2
2022,TT22,90,1,new,6
2022,TT22,90,1,old,9
2022,TT22,91,1,new,3
2022,TT22,91,1,old,6
2022,TT22,92,1,new,1
2022,TT22,92,1,old,6
2022,TT22,93,1,new,4
2022,TT22,93,1,old,6
2022,TT22,94,1,new,3
2022,TT22,94,1,old,9
2022,TT22,95,1,new,8
2022,TT22,95,1,old,19
2022,TT22,96,1,new,4
2022,TT22,96,1,old,9
2022,TT22,97,1,new,5
2022,TT22,97,1,old,9
2022,TT22,98,1,new,6
2022,TT22,98,1,old,17
2022,TT22,99,1,new,5
2022,TT22,99,1,old,13
2022,TT22,100,1,new,7
2022,TT22,100,1,old,13
2022,TT22,101,1,new,1
2022,TT22,101,1,old,19
2022,TT22,102,1,new,5
2022,TT22,102,1,old,12
2022,TT22,103,1,new,5
2022,TT22,103,1,old,21
2022,TT22,104,1,new,5
2022,TT22,104,1,old,19
2022,TT22,105,1,new,6
2022,TT22,105,1,old,20
2022,TT22,106,1,new,7
2022,TT22,106,1,old,11
2022,TT22,107,1,new,6
2022,TT22,107,1,old,9
2022,TT22,108,1,new,4
2022,TT22,108,1,old,13
2022,TT22,109,1,new,3
2022,TT22,109,1,old,11
2022,TT22,110,1,new,7
2022,TT22,110,1,old,13
2022,TT22,111,1,new,1
2022,TT22,111,1,old,8
2022,TT22,112,1,new,2
2022,TT22,112,1,old,9
2022,TT22,113,1,new,1
2022,TT22,113,1,old,7
2022,TT22,114,1,new,1
2022,TT22,114,1,old,8
2022,TT22,115,1,new,3
2022,TT22,115,1,old,10
2022,TT22,116,1,new,2
2022,TT22,116,1,old,7
2022,TT22,117,1,new,1
2022,TT22,117,1,old,2
2022,TT22,118,1,new,3
2022,TT22,118,1,old,5
2022,TT22,119,1,old,8
2022,TT22,120,1,new,1
2022,TT22,120,1,old,1
2022,TT22,121,1,old,2
2022,TT22,122,1,new,1
2022,TT22,122,1,old,2
2022,TT22,123,1,old,1
2022,TT22,126,1,old,1
2022,TT22,127,1,old,1
2022,TT22,130,1,old,1
2023,QT23,71,1,old,1
2023,QT23,72,1,new,3
2023,QT23,72,1,old,1
2023,QT23,76,1,new,2
2023,QT23,77,1,new,1
2023,QT23,77,1,old,1
2023,QT23,80,1,old,4
2023,QT23,81,1,new,1
2023,QT23,82,1,new,1
2023,QT23,82,1,old,4
2023,QT23,83,1,old,4
2023,QT23,84,1,new,2
2023,QT23,84,1,old,2
2023,QT23,85,1,new,3
2023,QT23,85,1,old,7
2023,QT23,86,1,new,3
2023,QT23,86,1,old,5
2023,QT23,87,1,new,1
2023,QT23,87,1,old,7
2023,QT23,88,1,new,3
2023,QT23,88,1,old,8
2023,QT23,89,1,new,3
2023,QT23,89,1,old,4
2023,QT23,90,1,new,7
2023,QT23,90,1,old,8
2023,QT23,91,1,new,7
2023,QT23,91,1,old,6
2023,QT23,92,1,new,5
2023,QT23,92,1,old,5
2023,QT23,93,1,new,6
2023,QT23,93,1,old,12
2023,QT23,94,1,new,13
2023,QT23,94,1,old,19
2023,QT23,95,1,new,12
2023,QT23,95,1,old,16
2023,QT23,96,1,new,20
2023,QT23,96,1,old,17
2023,QT23,97,1,new,22
2023,QT23,97,1,old,24
2023,QT23,98,1,new,33
2023,QT23,98,1,old,22
2023,QT23,99,1,new,32
2023,QT23,99,1,old,32
2023,QT23,100,1,new,33
2023,QT23,100,1,old,31
2023,QT23,101,1,new,24
2023,QT23,101,1,old,24
2023,QT23,102,1,new,45
2023,QT23,102,1,old,32
2023,QT23,103,1,new,41
2023,QT23,103,1,old,36
2023,QT23,104,1,new,38
2023,QT23,104,1,old,40
2023,QT23,105,1,new,35
2023,QT23,105,1,old,33
2023,QT23,106,1,new,30
2023,QT23,106,1,old,29
2023,QT23,107,1,new,36
2023,QT23,107,1,old,25
2023,QT23,108,1,new,42
2023,QT23,108,1,old,31
2023,QT23,109,1,new,41
2023,QT23,109,1,old,30
2023,QT23,110,1,new,47
2023,QT23,110,1,old,28
2023,QT23,111,1,new,30
2023,QT23,111,1,old,22
2023,QT23,112,1,new,39
2023,QT23,112,1,old,24
2023,QT23,113,1,new,31
2023,QT23,113,1,old,17
2023,QT23,114,1,new,40
2023,QT23,114,1,old,16
2023,QT23,115,1,new,33
2023,QT23,115,1,old,24
2023,QT23,116,1,new,33
2023,QT23,116,1,old,19
2023,QT23,117,1,new,28
2023,QT23,117,1,old,15
2023,QT23,118,1,new,24
2023,QT23,118,1,old,9
2023,QT23,119,1,new,25
2023,QT23,119,1,old,6
2023,QT23,120,1,new,23
2023,QT23,120,1,old,5
2023,QT23,121,1,new,23
2023,QT23,121,1,old,6
2023,QT23,122,1,new,15
2023,QT23,122,1,old,4
2023,QT23,123,1,new,13
2023,QT23,123,1,old,2
2023,QT23,124,1,new,25
2023,QT23,124,1,old,1
2023,QT23,125,1,new,16
2023,QT23,125,1,old,2
2023,QT23,126,1,new,1
2023,QT23,126,1,old,2
2023,QT23,127,1,new,4
2023,QT23,127,1,old,1
2023,QT23,128,1,new,5
2023,QT23,128,1,old,1
2023,QT23,129,1,new,4
2023,QT23,129,1,old,4
2023,QT23,130,1,new,2
2023,QT23,131,1,new,3
2023,QT23,131,1,old,3
2023,QT23,132,1,new,3
2023,QT23,132,1,old,2
2023,QT23,133,1,new,1
2023,QT23,133,1,old,2
2023,QT23,136,1,old,1
2023,QT23,137,1,new,1
2023,QT23,144,1,new,1
2023,TR23,78,1,old,1
2023,TR23,92,1,old,1
2023,TR23,93,1,old,1
2023,TR23,94,1,new,1
2023,TR23,95,1,old,2
2023,TR23,104,1,old,2
2023,TR23,105,1,old,1
2023,TR23,109,1,old,1
2023,TT23,75,1,old,1
2023,TT23,78,1,old,1
2023,TT23,82,1,old,1
2023,TT23,88,1,old,2
2023,TT23,89,1,old,1
2023,TT23,90,1,old,1
2023,TT23,92,1,old,1
2023,TT23,93,1,old,4
2023,TT23,94,1,old,3
2023,TT23,95,1,new,1
2023,TT23,95,1,old,1
2023,TT23,96,1,old,1
2023,TT23,97,1,new,1
2023,TT23,98,1,new,1
2023,TT23,98,1,old,2
2023,TT23,99,1,new,2
2023,TT23,99,1,old,2
2023,TT23,100,1,old,4
2023,TT23,101,1,old,5
2023,TT23,102,1,old,2
2023,TT23,103,1,old,4
2023,TT23,104,1,old,2
2023,TT23,105,1,new,1
2023,TT23,105,1,old,2
2023,TT23,106,1,new,1
2023,TT23,106,1,old,4
2023,TT23,107,1,new,2
2023,TT23,107,1,old,1
2023,TT23,108,1,new,2
2023,TT23,108,1,old,2
2023,TT23,109,1,old,2
2023,TT23,110,1,old,2
2023,TT23,111,1,new,1
2023,TT23,112,1,old,6
2023,TT23,113,1,new,2
2023,TT23,113,1,old,2
2023,TT23,114,1,old,1
2023,TT23,115,1,old,1
2023,TT23,117,1,new,1
2023,TT23,117,1,old,1
2023,TT23,120,1,old,1
