crab_year,fishery,size,sex,shell,total
1991,QO91,2,1,new,1
1991,QO91,3,1,new,1
1991,QO91,5,1,new,2
1991,QO91,8,1,new,2
1991,QO91,14,1,new,1
1991,QO91,16,1,new,1
1991,QO91,20,1,new,4
1991,QO91,21,1,new,2
1991,QO91,22,2,old,2
1991,QO91,23,1,new,1
1991,QO91,25,1,new,2
1991,QO91,25,2,old,1
1991,QO91,26,1,new,1
1991,QO91,27,1,new,1
1991,QO91,27,2,old,1
1991,QO91,29,1,new,1
1991,QO91,29,2,old,6
1991,QO91,30,1,new,2
1991,QO91,31,1,new,2
1991,QO91,31,2,new,1
1991,QO91,31,2,old,3
1991,QO91,32,2,new,1
1991,QO91,32,2,old,1
1991,QO91,33,1,new,1
1991,QO91,33,2,new,1
1991,QO91,33,2,old,3
1991,QO91,35,2,new,1
1991,QO91,35,2,old,5
1991,QO91,36,1,new,1
1991,QO91,36,2,new,2
1991,QO91,36,2,old,2
1991,QO91,37,2,old,6
1991,QO91,38,1,new,1
1991,QO91,38,2,new,4
1991,QO91,38,2,old,7
1991,QO91,39,2,new,6
1991,QO91,39,2,old,10
1991,QO91,40,1,new,2
1991,QO91,40,2,new,3
1991,QO91,40,2,old,1
1991,QO91,41,2,new,6
1991,QO91,41,2,old,18
1991,QO91,42,1,new,4
1991,QO91,42,2,new,5
1991,QO91,42,2,old,12
1991,QO91,43,1,new,2
1991,QO91,43,2,new,9
1991,QO91,43,2,old,12
1991,QO91,44,2,new,7
1991,QO91,44,2,old,6
1991,QO91,45,1,new,1
1991,QO91,45,1,old,2
1991,QO91,45,2,new,3
1991,QO91,45,2,old,10
1991,QO91,46,1,new,2
1991,QO91,46,1,old,1
1991,QO91,46,2,new,8
1991,QO91,46,2,old,12
1991,QO91,47,1,new,5
1991,QO91,47,2,new,15
1991,QO91,47,2,old,37
1991,QO91,48,1,new,1
1991,QO91,48,2,new,26
1991,QO91,48,2,old,58
1991,QO91,49,1,new,3
1991,QO91,49,2,new,44
1991,QO91,49,2,old,90
1991,QO91,50,1,new,1
1991,QO91,50,2,new,26
1991,QO91,50,2,old,88
1991,QO91,51,1,new,7
1991,QO91,51,2,new,50
1991,QO91,51,2,old,150
1991,QO91,52,1,new,5
1991,QO91,52,1,old,3
1991,QO91,52,2,new,48
1991,QO91,52,2,old,198
1991,QO91,53,1,new,3
1991,QO91,53,1,old,1
1991,QO91,53,2,new,68
1991,QO91,53,2,old,219
1991,QO91,54,1,new,6
1991,QO91,54,1,old,1
1991,QO91,54,2,new,81
1991,QO91,54,2,old,243
1991,QO91,55,1,new,10
1991,QO91,55,1,old,1
1991,QO91,55,2,new,108
1991,QO91,55,2,old,314
1991,QO91,56,1,new,7
1991,QO91,56,1,old,1
1991,QO91,56,2,new,99
1991,QO91,56,2,old,279
1991,QO91,57,1,new,12
1991,QO91,57,1,old,5
1991,QO91,57,2,new,95
1991,QO91,57,2,old,302
1991,QO91,58,1,new,11
1991,QO91,58,1,old,6
1991,QO91,58,2,new,129
1991,QO91,58,2,old,320
1991,QO91,59,1,new,22
1991,QO91,59,1,old,8
1991,QO91,59,2,new,133
1991,QO91,59,2,old,297
1991,QO91,60,1,new,17
1991,QO91,60,1,old,11
1991,QO91,60,2,new,125
1991,QO91,60,2,old,319
1991,QO91,61,1,new,34
1991,QO91,61,1,old,19
1991,QO91,61,2,new,138
1991,QO91,61,2,old,315
1991,QO91,62,1,new,51
1991,QO91,62,1,old,18
1991,QO91,62,2,new,166
1991,QO91,62,2,old,359
1991,QO91,63,1,new,64
1991,QO91,63,1,old,29
1991,QO91,63,2,new,180
1991,QO91,63,2,old,357
1991,QO91,64,1,new,43
1991,QO91,64,1,old,26
1991,QO91,64,2,new,182
1991,QO91,64,2,old,290
1991,QO91,65,1,new,49
1991,QO91,65,1,old,39
1991,QO91,65,2,new,207
1991,QO91,65,2,old,377
1991,QO91,66,1,new,40
1991,QO91,66,1,old,28
1991,QO91,66,2,new,163
1991,QO91,66,2,old,300
1991,QO91,67,1,new,59
1991,QO91,67,1,old,31
1991,QO91,67,2,new,175
1991,QO91,67,2,old,292
1991,QO91,68,1,new,102
1991,QO91,68,1,old,69
1991,QO91,68,2,new,127
1991,QO91,68,2,old,271
1991,QO91,69,1,new,102
1991,QO91,69,1,old,49
1991,QO91,69,2,new,99
1991,QO91,69,2,old,212
1991,QO91,70,1,new,126
1991,QO91,70,1,old,80
1991,QO91,70,2,new,79
1991,QO91,70,2,old,215
1991,QO91,71,1,new,179
1991,QO91,71,1,old,99
1991,QO91,71,2,new,75
1991,QO91,71,2,old,171
1991,QO91,72,1,new,224
1991,QO91,72,1,old,111
1991,QO91,72,2,new,38
1991,QO91,72,2,old,140
1991,QO91,73,1,new,192
1991,QO91,73,1,old,84
1991,QO91,73,2,new,44
1991,QO91,73,2,old,91
1991,QO91,74,1,new,257
1991,QO91,74,1,old,106
1991,QO91,74,2,new,25
1991,QO91,74,2,old,83
1991,QO91,75,1,new,326
1991,QO91,75,1,old,149
1991,QO91,75,2,new,19
1991,QO91,75,2,old,66
1991,QO91,76,1,new,327
1991,QO91,76,1,old,147
1991,QO91,76,2,new,10
1991,QO91,76,2,old,37
1991,QO91,77,1,new,306
1991,QO91,77,1,old,159
1991,QO91,77,2,new,14
1991,QO91,77,2,old,32
1991,QO91,78,1,new,421
1991,QO91,78,1,old,193
1991,QO91,78,2,new,8
1991,QO91,78,2,old,21
1991,QO91,79,1,new,354
1991,QO91,79,1,old,136
1991,QO91,79,2,new,3
1991,QO91,79,2,old,11
1991,QO91,80,1,new,414
1991,QO91,80,1,old,192
1991,QO91,80,2,new,8
1991,QO91,80,2,old,11
1991,QO91,81,1,new,460
1991,QO91,81,1,old,158
1991,QO91,81,2,new,5
1991,QO91,81,2,old,10
1991,QO91,82,1,new,544
1991,QO91,82,1,old,197
1991,QO91,82,2,new,2
1991,QO91,82,2,old,7
1991,QO91,83,1,new,621
1991,QO91,83,1,old,217
1991,QO91,83,2,new,1
1991,QO91,83,2,old,5
1991,QO91,84,1,new,664
1991,QO91,84,1,old,164
1991,QO91,84,2,new,2
1991,QO91,84,2,old,4
1991,QO91,85,1,new,900
1991,QO91,85,1,old,218
1991,QO91,85,2,new,1
1991,QO91,85,2,old,4
1991,QO91,86,1,new,968
1991,QO91,86,1,old,174
1991,QO91,86,2,new,1
1991,QO91,86,2,old,2
1991,QO91,87,1,new,1186
1991,QO91,87,1,old,182
1991,QO91,87,2,new,1
1991,QO91,87,2,old,5
1991,QO91,88,1,new,1469
1991,QO91,88,1,old,232
1991,QO91,88,2,old,4
1991,QO91,89,1,new,1657
1991,QO91,89,1,old,207
1991,QO91,89,2,new,1
1991,QO91,90,1,new,2204
1991,QO91,90,1,old,266
1991,QO91,90,2,new,1
1991,QO91,90,2,old,4
1991,QO91,91,1,new,2488
1991,QO91,91,1,old,264
1991,QO91,91,2,new,1
1991,QO91,92,1,new,2939
1991,QO91,92,1,old,295
1991,QO91,92,2,old,3
1991,QO91,93,1,new,3123
1991,QO91,93,1,old,299
1991,QO91,93,2,old,1
1991,QO91,94,1,new,3494
1991,QO91,94,1,old,274
1991,QO91,94,2,old,4
1991,QO91,95,1,new,4399
1991,QO91,95,1,old,404
1991,QO91,95,2,new,1
1991,QO91,95,2,old,1
1991,QO91,96,1,new,4323
1991,QO91,96,1,old,373
1991,QO91,96,2,new,1
1991,QO91,96,2,old,3
1991,QO91,97,1,new,4798
1991,QO91,97,1,old,327
1991,QO91,98,1,new,4865
1991,QO91,98,1,old,372
1991,QO91,98,2,old,2
1991,QO91,99,1,new,4846
1991,QO91,99,1,old,316
1991,QO91,99,2,old,1
1991,QO91,100,1,new,6339
1991,QO91,100,1,old,420
1991,QO91,101,1,new,5474
1991,QO91,101,1,old,332
1991,QO91,101,2,old,2
1991,QO91,102,1,new,5921
1991,QO91,102,1,old,337
1991,QO91,103,1,new,6145
1991,QO91,103,1,old,375
1991,QO91,104,1,new,5375
1991,QO91,104,1,old,314
1991,QO91,105,1,new,5846
1991,QO91,105,1,old,363
1991,QO91,106,1,new,5248
1991,QO91,106,1,old,322
1991,QO91,107,1,new,4717
1991,QO91,107,1,old,297
1991,QO91,108,1,new,4491
1991,QO91,108,1,old,249
1991,QO91,109,1,new,4304
1991,QO91,109,1,old,239
1991,QO91,109,2,new,1
1991,QO91,110,1,new,4839
1991,QO91,110,1,old,285
1991,QO91,111,1,new,3828
1991,QO91,111,1,old,181
1991,QO91,112,1,new,4391
1991,QO91,112,1,old,186
1991,QO91,113,1,new,3875
1991,QO91,113,1,old,198
1991,QO91,114,1,new,3391
1991,QO91,114,1,old,190
1991,QO91,115,1,new,3452
1991,QO91,115,1,old,169
1991,QO91,116,1,new,2948
1991,QO91,116,1,old,158
1991,QO91,117,1,new,2631
1991,QO91,117,1,old,134
1991,QO91,118,1,new,2423
1991,QO91,118,1,old,123
1991,QO91,119,1,new,1967
1991,QO91,119,1,old,103
1991,QO91,120,1,new,2040
1991,QO91,120,1,old,87
1991,QO91,121,1,new,1533
1991,QO91,121,1,old,78
1991,QO91,122,1,new,1390
1991,QO91,122,1,old,72
1991,QO91,123,1,new,1024
1991,QO91,123,1,old,56
1991,QO91,124,1,new,799
1991,QO91,124,1,old,37
1991,QO91,125,1,new,750
1991,QO91,125,1,old,38
1991,QO91,126,1,new,555
1991,QO91,126,1,old,27
1991,QO91,127,1,new,436
1991,QO91,127,1,old,34
1991,QO91,128,1,new,318
1991,QO91,128,1,old,9
1991,QO91,129,1,new,269
1991,QO91,129,1,old,16
1991,QO91,130,1,new,220
1991,QO91,130,1,old,12
1991,QO91,131,1,new,139
1991,QO91,131,1,old,6
1991,QO91,132,1,new,83
1991,QO91,132,1,old,4
1991,QO91,133,1,new,55
1991,QO91,133,1,old,3
1991,QO91,134,1,new,40
1991,QO91,135,1,new,47
1991,QO91,135,1,old,1
1991,QO91,136,1,new,17
1991,QO91,136,1,old,3
1991,QO91,137,1,new,20
1991,QO91,138,1,new,15
1991,QO91,139,1,new,12
1991,QO91,140,1,new,9
1991,QO91,141,1,new,6
1991,QO91,142,1,new,12
1991,QO91,143,1,new,8
1991,QO91,144,1,new,8
1991,QO91,145,1,new,5
1991,QO91,146,1,new,2
1991,QO91,148,1,new,2
1991,QO91,149,1,new,4
1991,QO91,150,1,new,4
1991,QO91,152,1,new,3
1991,QO91,155,1,new,2
1991,QO91,156,1,new,1
1991,QO91,157,1,new,1
1991,QO91,160,1,new,2
1991,QO91,164,1,new,1
1991,QO91,165,1,new,1
1991,QO91,166,1,new,1
1991,QO91,170,1,new,1
1991,QO91,173,1,new,4
1991,QO91,175,1,new,1
1991,QO91,177,1,new,1
1991,QO91,182,1,new,1
1991,QO91,189,1,new,1
1991,QO91,190,1,new,1
1991,QO91,191,1,new,1
1991,QO91,196,1,new,1
1991,QO91,198,1,new,1
1991,QO91,199,1,new,1
1991,QO91,632,2,new,1
1992,QO92,10,1,new,2
1992,QO92,11,1,new,1
1992,QO92,13,1,new,1
1992,QO92,21,1,new,1
1992,QO92,25,1,new,1
1992,QO92,29,1,new,1
1992,QO92,36,1,new,1
1992,QO92,37,2,old,1
1992,QO92,40,1,new,1
1992,QO92,42,2,old,1
1992,QO92,43,2,old,1
1992,QO92,45,1,new,1
1992,QO92,45,2,old,1
1992,QO92,46,2,old,2
1992,QO92,47,2,old,1
1992,QO92,48,2,new,1
1992,QO92,48,2,old,6
1992,QO92,49,2,old,7
1992,QO92,50,2,old,4
1992,QO92,51,2,old,5
1992,QO92,52,1,old,1
1992,QO92,52,2,new,3
1992,QO92,52,2,old,9
1992,QO92,53,2,new,2
1992,QO92,53,2,old,6
1992,QO92,54,2,new,1
1992,QO92,54,2,old,18
1992,QO92,55,1,new,2
1992,QO92,55,1,old,1
1992,QO92,55,2,new,5
1992,QO92,55,2,old,6
1992,QO92,56,1,old,1
1992,QO92,56,2,old,16
1992,QO92,57,1,old,1
1992,QO92,57,2,new,1
1992,QO92,57,2,old,22
1992,QO92,58,1,new,2
1992,QO92,58,1,old,3
1992,QO92,58,2,new,5
1992,QO92,58,2,old,22
1992,QO92,59,1,new,3
1992,QO92,59,1,old,5
1992,QO92,59,2,new,2
1992,QO92,59,2,old,33
1992,QO92,60,1,new,1
1992,QO92,60,1,old,1
1992,QO92,60,2,new,4
1992,QO92,60,2,old,35
1992,QO92,61,1,new,5
1992,QO92,61,1,old,3
1992,QO92,61,2,new,2
1992,QO92,61,2,old,28
1992,QO92,62,1,new,6
1992,QO92,62,1,old,5
1992,QO92,62,2,new,6
1992,QO92,62,2,old,39
1992,QO92,63,1,new,5
1992,QO92,63,1,old,3
1992,QO92,63,2,new,6
1992,QO92,63,2,old,37
1992,QO92,64,1,new,4
1992,QO92,64,1,old,3
1992,QO92,64,2,new,8
1992,QO92,64,2,old,28
1992,QO92,65,1,new,6
1992,QO92,65,1,old,3
1992,QO92,65,2,new,9
1992,QO92,65,2,old,43
1992,QO92,66,1,new,9
1992,QO92,66,1,old,10
1992,QO92,66,2,new,18
1992,QO92,66,2,old,58
1992,QO92,67,1,new,18
1992,QO92,67,1,old,6
1992,QO92,67,2,new,10
1992,QO92,67,2,old,35
1992,QO92,68,1,new,23
1992,QO92,68,1,old,11
1992,QO92,68,2,new,12
1992,QO92,68,2,old,83
1992,QO92,69,1,new,20
1992,QO92,69,1,old,14
1992,QO92,69,2,new,17
1992,QO92,69,2,old,77
1992,QO92,70,1,new,40
1992,QO92,70,1,old,18
1992,QO92,70,2,new,12
1992,QO92,70,2,old,87
1992,QO92,71,1,new,47
1992,QO92,71,1,old,21
1992,QO92,71,2,new,16
1992,QO92,71,2,old,69
1992,QO92,72,1,new,64
1992,QO92,72,1,old,34
1992,QO92,72,2,new,8
1992,QO92,72,2,old,64
1992,QO92,73,1,new,75
1992,QO92,73,1,old,25
1992,QO92,73,2,new,12
1992,QO92,73,2,old,39
1992,QO92,74,1,new,89
1992,QO92,74,1,old,34
1992,QO92,74,2,new,9
1992,QO92,74,2,old,45
1992,QO92,75,1,new,104
1992,QO92,75,1,old,37
1992,QO92,75,2,new,6
1992,QO92,75,2,old,28
1992,QO92,76,1,new,94
1992,QO92,76,1,old,48
1992,QO92,76,2,new,6
1992,QO92,76,2,old,22
1992,QO92,77,1,new,129
1992,QO92,77,1,old,37
1992,QO92,77,2,new,5
1992,QO92,77,2,old,16
1992,QO92,78,1,new,148
1992,QO92,78,1,old,57
1992,QO92,78,2,new,5
1992,QO92,78,2,old,21
1992,QO92,79,1,new,162
1992,QO92,79,1,old,60
1992,QO92,79,2,new,4
1992,QO92,79,2,old,8
1992,QO92,80,1,new,177
1992,QO92,80,1,old,67
1992,QO92,80,2,new,4
1992,QO92,80,2,old,7
1992,QO92,81,1,new,222
1992,QO92,81,1,old,48
1992,QO92,81,2,old,7
1992,QO92,82,1,new,286
1992,QO92,82,1,old,80
1992,QO92,82,2,new,5
1992,QO92,82,2,old,8
1992,QO92,83,1,new,308
1992,QO92,83,1,old,74
1992,QO92,83,2,new,4
1992,QO92,83,2,old,4
1992,QO92,84,1,new,314
1992,QO92,84,1,old,63
1992,QO92,84,2,new,4
1992,QO92,84,2,old,4
1992,QO92,85,1,new,336
1992,QO92,85,1,old,73
1992,QO92,85,2,new,1
1992,QO92,85,2,old,4
1992,QO92,86,1,new,355
1992,QO92,86,1,old,91
1992,QO92,86,2,new,3
1992,QO92,86,2,old,1
1992,QO92,87,1,new,487
1992,QO92,87,1,old,83
1992,QO92,87,2,new,1
1992,QO92,87,2,old,4
1992,QO92,88,1,new,547
1992,QO92,88,1,old,104
1992,QO92,88,2,new,1
1992,QO92,88,2,old,3
1992,QO92,89,1,new,527
1992,QO92,89,1,old,89
1992,QO92,89,2,old,1
1992,QO92,90,1,new,789
1992,QO92,90,1,old,110
1992,QO92,90,2,new,2
1992,QO92,90,2,old,5
1992,QO92,91,1,new,865
1992,QO92,91,1,old,102
1992,QO92,91,2,old,7
1992,QO92,92,1,new,1074
1992,QO92,92,1,old,134
1992,QO92,92,2,old,2
1992,QO92,93,1,new,1201
1992,QO92,93,1,old,116
1992,QO92,93,2,new,2
1992,QO92,93,2,old,3
1992,QO92,94,1,new,1369
1992,QO92,94,1,old,166
1992,QO92,94,2,new,1
1992,QO92,94,2,old,6
1992,QO92,95,1,new,1545
1992,QO92,95,1,old,178
1992,QO92,95,2,new,1
1992,QO92,95,2,old,7
1992,QO92,96,1,new,1749
1992,QO92,96,1,old,167
1992,QO92,97,1,new,1891
1992,QO92,97,1,old,186
1992,QO92,97,2,new,2
1992,QO92,97,2,old,2
1992,QO92,98,1,new,2146
1992,QO92,98,1,old,200
1992,QO92,98,2,old,2
1992,QO92,99,1,new,2147
1992,QO92,99,1,old,169
1992,QO92,99,2,old,5
1992,QO92,100,1,new,2815
1992,QO92,100,1,old,201
1992,QO92,100,2,old,2
1992,QO92,101,1,new,2665
1992,QO92,101,1,old,167
1992,QO92,101,2,old,5
1992,QO92,102,1,new,3087
1992,QO92,102,1,old,193
1992,QO92,102,2,new,3
1992,QO92,103,1,new,3411
1992,QO92,103,1,old,172
1992,QO92,103,2,old,5
1992,QO92,104,1,new,3559
1992,QO92,104,1,old,167
1992,QO92,104,2,old,4
1992,QO92,105,1,new,3948
1992,QO92,105,1,old,167
1992,QO92,105,2,old,4
1992,QO92,106,1,new,3977
1992,QO92,106,1,old,157
1992,QO92,106,2,old,1
1992,QO92,107,1,new,4089
1992,QO92,107,1,old,149
1992,QO92,107,2,new,1
1992,QO92,108,1,new,4207
1992,QO92,108,1,old,173
1992,QO92,108,2,new,1
1992,QO92,109,1,new,4179
1992,QO92,109,1,old,153
1992,QO92,109,2,old,2
1992,QO92,110,1,new,5054
1992,QO92,110,1,old,171
1992,QO92,110,2,old,1
1992,QO92,111,1,new,4517
1992,QO92,111,1,old,131
1992,QO92,111,2,new,1
1992,QO92,111,2,old,3
1992,QO92,112,1,new,4932
1992,QO92,112,1,old,139
1992,QO92,112,2,old,2
1992,QO92,113,1,new,4502
1992,QO92,113,1,old,131
1992,QO92,113,2,old,1
1992,QO92,114,1,new,4314
1992,QO92,114,1,old,135
1992,QO92,115,1,new,4597
1992,QO92,115,1,old,169
1992,QO92,116,1,new,3907
1992,QO92,116,1,old,123
1992,QO92,117,1,new,3790
1992,QO92,117,1,old,123
1992,QO92,118,1,new,3729
1992,QO92,118,1,old,121
1992,QO92,119,1,new,3068
1992,QO92,119,1,old,99
1992,QO92,120,1,new,2959
1992,QO92,120,1,old,103
1992,QO92,121,1,new,2500
1992,QO92,121,1,old,84
1992,QO92,122,1,new,2232
1992,QO92,122,1,old,81
1992,QO92,123,1,new,1717
1992,QO92,123,1,old,60
1992,QO92,124,1,new,1546
1992,QO92,124,1,old,49
1992,QO92,125,1,new,1301
1992,QO92,125,1,old,43
1992,QO92,126,1,new,1085
1992,QO92,126,1,old,34
1992,QO92,127,1,new,865
1992,QO92,127,1,old,30
1992,QO92,128,1,new,701
1992,QO92,128,1,old,15
1992,QO92,129,1,new,573
1992,QO92,129,1,old,18
1992,QO92,130,1,new,449
1992,QO92,130,1,old,10
1992,QO92,131,1,new,337
1992,QO92,131,1,old,9
1992,QO92,132,1,new,273
1992,QO92,132,1,old,8
1992,QO92,133,1,new,209
1992,QO92,133,1,old,3
1992,QO92,134,1,new,147
1992,QO92,134,1,old,2
1992,QO92,135,1,new,107
1992,QO92,135,1,old,1
1992,QO92,136,1,new,95
1992,QO92,136,1,old,2
1992,QO92,137,1,new,61
1992,QO92,137,1,old,1
1992,QO92,138,1,new,62
1992,QO92,138,1,old,3
1992,QO92,139,1,new,35
1992,QO92,139,1,old,1
1992,QO92,140,1,new,27
1992,QO92,140,1,old,1
1992,QO92,141,1,new,15
1992,QO92,142,1,new,28
1992,QO92,142,1,old,1
1992,QO92,143,1,new,13
1992,QO92,143,1,old,2
1992,QO92,144,1,new,15
1992,QO92,145,1,new,7
1992,QO92,146,1,new,5
1992,QO92,147,1,new,4
1992,QO92,148,1,new,11
1992,QO92,149,1,new,2
1992,QO92,150,1,new,4
1992,QO92,151,1,new,4
1992,QO92,152,1,new,1
1992,QO92,153,1,new,1
1992,QO92,155,1,new,2
1992,QO92,156,1,new,1
1992,QO92,159,1,new,3
1992,QO92,160,1,new,1
1992,QO92,161,1,new,1
1992,QO92,195,1,new,1
1993,QO93,41,1,new,1
1993,QO93,47,2,old,1
1993,QO93,48,2,old,2
1993,QO93,49,2,old,4
1993,QO93,50,2,old,14
1993,QO93,51,2,old,10
1993,QO93,52,1,new,1
1993,QO93,52,2,old,15
1993,QO93,53,2,old,19
1993,QO93,54,1,old,1
1993,QO93,54,2,old,30
1993,QO93,55,1,new,1
1993,QO93,55,1,old,5
1993,QO93,55,2,old,31
1993,QO93,56,1,old,3
1993,QO93,56,2,old,16
1993,QO93,57,1,old,3
1993,QO93,57,2,new,1
1993,QO93,57,2,old,30
1993,QO93,58,1,new,1
1993,QO93,58,1,old,4
1993,QO93,58,2,old,40
1993,QO93,59,1,old,2
1993,QO93,59,2,new,1
1993,QO93,59,2,old,41
1993,QO93,60,1,new,4
1993,QO93,60,1,old,4
1993,QO93,60,2,new,1
1993,QO93,60,2,old,57
1993,QO93,61,1,new,3
1993,QO93,61,1,old,5
1993,QO93,61,2,new,4
1993,QO93,61,2,old,48
1993,QO93,62,1,new,2
1993,QO93,62,1,old,2
1993,QO93,62,2,new,1
1993,QO93,62,2,old,47
1993,QO93,63,1,new,4
1993,QO93,63,1,old,3
1993,QO93,63,2,new,2
1993,QO93,63,2,old,74
1993,QO93,64,1,new,6
1993,QO93,64,1,old,6
1993,QO93,64,2,new,3
1993,QO93,64,2,old,69
1993,QO93,65,1,new,5
1993,QO93,65,1,old,1
1993,QO93,65,2,new,3
1993,QO93,65,2,old,67
1993,QO93,66,1,new,10
1993,QO93,66,1,old,2
1993,QO93,66,2,new,8
1993,QO93,66,2,old,53
1993,QO93,67,1,new,13
1993,QO93,67,1,old,11
1993,QO93,67,2,new,9
1993,QO93,67,2,old,66
1993,QO93,68,1,new,10
1993,QO93,68,1,old,5
1993,QO93,68,2,new,17
1993,QO93,68,2,old,95
1993,QO93,69,1,new,34
1993,QO93,69,1,old,13
1993,QO93,69,2,new,13
1993,QO93,69,2,old,90
1993,QO93,70,1,new,87
1993,QO93,70,1,old,7
1993,QO93,70,2,new,15
1993,QO93,70,2,old,76
1993,QO93,71,1,new,102
1993,QO93,71,1,old,8
1993,QO93,71,2,new,28
1993,QO93,71,2,old,74
1993,QO93,72,1,new,83
1993,QO93,72,1,old,16
1993,QO93,72,2,new,25
1993,QO93,72,2,old,78
1993,QO93,73,1,new,109
1993,QO93,73,1,old,21
1993,QO93,73,2,new,15
1993,QO93,73,2,old,58
1993,QO93,74,1,new,156
1993,QO93,74,1,old,14
1993,QO93,74,2,new,7
1993,QO93,74,2,old,69
1993,QO93,75,1,new,151
1993,QO93,75,1,old,30
1993,QO93,75,2,new,4
1993,QO93,75,2,old,49
1993,QO93,76,1,new,236
1993,QO93,76,1,old,26
1993,QO93,76,2,new,7
1993,QO93,76,2,old,41
1993,QO93,77,1,new,242
1993,QO93,77,1,old,19
1993,QO93,77,2,new,3
1993,QO93,77,2,old,53
1993,QO93,78,1,new,276
1993,QO93,78,1,old,40
1993,QO93,78,2,new,3
1993,QO93,78,2,old,37
1993,QO93,79,1,new,311
1993,QO93,79,1,old,43
1993,QO93,79,2,new,1
1993,QO93,79,2,old,63
1993,QO93,80,1,new,380
1993,QO93,80,1,old,38
1993,QO93,80,2,new,5
1993,QO93,80,2,old,36
1993,QO93,81,1,new,451
1993,QO93,81,1,old,53
1993,QO93,81,2,new,10
1993,QO93,81,2,old,38
1993,QO93,82,1,new,483
1993,QO93,82,1,old,55
1993,QO93,82,2,new,1
1993,QO93,82,2,old,13
1993,QO93,83,1,new,537
1993,QO93,83,1,old,72
1993,QO93,83,2,new,2
1993,QO93,83,2,old,26
1993,QO93,84,1,new,741
1993,QO93,84,1,old,90
1993,QO93,84,2,new,1
1993,QO93,84,2,old,12
1993,QO93,85,1,new,583
1993,QO93,85,1,old,60
1993,QO93,85,2,old,18
1993,QO93,86,1,new,741
1993,QO93,86,1,old,83
1993,QO93,86,2,new,1
1993,QO93,86,2,old,5
1993,QO93,87,1,new,899
1993,QO93,87,1,old,101
1993,QO93,87,2,old,5
1993,QO93,88,1,new,878
1993,QO93,88,1,old,123
1993,QO93,88,2,old,7
1993,QO93,89,1,new,937
1993,QO93,89,1,old,126
1993,QO93,89,2,new,1
1993,QO93,89,2,old,3
1993,QO93,90,1,new,1004
1993,QO93,90,1,old,149
1993,QO93,90,2,new,2
1993,QO93,90,2,old,7
1993,QO93,91,1,new,1062
1993,QO93,91,1,old,149
1993,QO93,91,2,new,2
1993,QO93,91,2,old,10
1993,QO93,92,1,new,1244
1993,QO93,92,1,old,230
1993,QO93,92,2,old,2
1993,QO93,93,1,new,1221
1993,QO93,93,1,old,239
1993,QO93,93,2,new,2
1993,QO93,93,2,old,3
1993,QO93,94,1,new,1621
1993,QO93,94,1,old,316
1993,QO93,94,2,old,8
1993,QO93,95,1,new,1409
1993,QO93,95,1,old,264
1993,QO93,95,2,old,3
1993,QO93,96,1,new,1712
1993,QO93,96,1,old,341
1993,QO93,96,2,old,3
1993,QO93,97,1,new,1803
1993,QO93,97,1,old,452
1993,QO93,97,2,new,1
1993,QO93,97,2,old,1
1993,QO93,98,1,new,1974
1993,QO93,98,1,old,359
1993,QO93,99,1,new,1867
1993,QO93,99,1,old,345
1993,QO93,100,1,new,2583
1993,QO93,100,1,old,430
1993,QO93,100,2,old,1
1993,QO93,101,1,new,2445
1993,QO93,101,1,old,316
1993,QO93,101,2,new,1
1993,QO93,101,2,old,2
1993,QO93,102,1,new,3064
1993,QO93,102,1,old,528
1993,QO93,103,1,new,3138
1993,QO93,103,1,old,434
1993,QO93,104,1,new,3841
1993,QO93,104,1,old,558
1993,QO93,105,1,new,3914
1993,QO93,105,1,old,437
1993,QO93,106,1,new,3741
1993,QO93,106,1,old,430
1993,QO93,107,1,new,4320
1993,QO93,107,1,old,485
1993,QO93,108,1,new,4643
1993,QO93,108,1,old,537
1993,QO93,109,1,new,4594
1993,QO93,109,1,old,429
1993,QO93,110,1,new,5469
1993,QO93,110,1,old,556
1993,QO93,111,1,new,5025
1993,QO93,111,1,old,415
1993,QO93,112,1,new,5551
1993,QO93,112,1,old,601
1993,QO93,113,1,new,5161
1993,QO93,113,1,old,430
1993,QO93,114,1,new,5279
1993,QO93,114,1,old,426
1993,QO93,115,1,new,4840
1993,QO93,115,1,old,440
1993,QO93,116,1,new,4433
1993,QO93,116,1,old,375
1993,QO93,117,1,new,4290
1993,QO93,117,1,old,380
1993,QO93,118,1,new,3840
1993,QO93,118,1,old,323
1993,QO93,119,1,new,3458
1993,QO93,119,1,old,275
1993,QO93,120,1,new,3065
1993,QO93,120,1,old,284
1993,QO93,121,1,new,2560
1993,QO93,121,1,old,235
1993,QO93,122,1,new,2152
1993,QO93,122,1,old,185
1993,QO93,123,1,new,1737
1993,QO93,123,1,old,162
1993,QO93,124,1,new,1409
1993,QO93,124,1,old,143
1993,QO93,125,1,new,1002
1993,QO93,125,1,old,100
1993,QO93,126,1,new,817
1993,QO93,126,1,old,84
1993,QO93,127,1,new,605
1993,QO93,127,1,old,62
1993,QO93,128,1,new,406
1993,QO93,128,1,old,49
1993,QO93,129,1,new,272
1993,QO93,129,1,old,33
1993,QO93,130,1,new,241
1993,QO93,130,1,old,36
1993,QO93,131,1,new,164
1993,QO93,131,1,old,22
1993,QO93,132,1,new,124
1993,QO93,132,1,old,11
1993,QO93,133,1,new,64
1993,QO93,133,1,old,11
1993,QO93,134,1,new,46
1993,QO93,134,1,old,9
1993,QO93,135,1,new,41
1993,QO93,135,1,old,6
1993,QO93,136,1,new,20
1993,QO93,136,1,old,3
1993,QO93,137,1,new,16
1993,QO93,138,1,new,5
1993,QO93,139,1,new,7
1993,QO93,139,1,old,1
1993,QO93,140,1,new,5
1993,QO93,141,1,new,2
1993,QO93,142,1,new,5
1993,QO93,142,1,old,1
1993,QO93,143,1,new,3
1993,QO93,144,1,new,1
1993,QO93,152,1,new,1
1993,QO93,157,1,new,1
1993,QO93,160,1,new,2
1993,QO93,161,1,new,1
1993,QO93,162,1,new,1
1993,QO93,163,1,new,1
1993,QO93,180,1,new,1
1993,QO93,184,1,new,1
1993,QO93,186,1,new,1
1993,QO93,187,1,new,2
1993,QO93,189,1,new,1
1993,QO93,190,1,new,1
1993,QO93,194,1,new,1
1993,QO93,195,1,new,2
1993,QO93,196,1,new,1
1993,QO93,199,1,new,1
1993,QO93,211,1,new,1
1994,QO94,27,1,new,1
1994,QO94,43,2,old,1
1994,QO94,47,2,old,3
1994,QO94,48,2,old,1
1994,QO94,49,2,old,3
1994,QO94,50,2,old,3
1994,QO94,51,2,old,12
1994,QO94,52,2,old,13
1994,QO94,53,1,old,1
1994,QO94,53,2,old,11
1994,QO94,54,2,old,14
1994,QO94,55,2,old,25
1994,QO94,56,2,old,15
1994,QO94,57,2,old,36
1994,QO94,58,1,new,1
1994,QO94,58,1,old,1
1994,QO94,58,2,old,48
1994,QO94,59,1,new,4
1994,QO94,59,1,old,1
1994,QO94,59,2,old,37
1994,QO94,60,1,new,2
1994,QO94,60,2,new,3
1994,QO94,60,2,old,51
1994,QO94,61,1,new,6
1994,QO94,61,1,old,3
1994,QO94,61,2,new,1
1994,QO94,61,2,old,53
1994,QO94,62,1,new,4
1994,QO94,62,1,old,3
1994,QO94,62,2,new,3
1994,QO94,62,2,old,78
1994,QO94,63,1,new,10
1994,QO94,63,1,old,3
1994,QO94,63,2,new,5
1994,QO94,63,2,old,60
1994,QO94,64,1,new,13
1994,QO94,64,1,old,2
1994,QO94,64,2,old,74
1994,QO94,65,1,new,32
1994,QO94,65,1,old,5
1994,QO94,65,2,new,4
1994,QO94,65,2,old,89
1994,QO94,66,1,new,24
1994,QO94,66,1,old,3
1994,QO94,66,2,new,3
1994,QO94,66,2,old,82
1994,QO94,67,1,new,58
1994,QO94,67,1,old,7
1994,QO94,67,2,new,5
1994,QO94,67,2,old,58
1994,QO94,68,1,new,56
1994,QO94,68,1,old,12
1994,QO94,68,2,new,1
1994,QO94,68,2,old,90
1994,QO94,69,1,new,73
1994,QO94,69,1,old,7
1994,QO94,69,2,old,50
1994,QO94,70,1,new,142
1994,QO94,70,1,old,13
1994,QO94,70,2,new,2
1994,QO94,70,2,old,64
1994,QO94,71,1,new,171
1994,QO94,71,1,old,20
1994,QO94,71,2,new,3
1994,QO94,71,2,old,45
1994,QO94,72,1,new,225
1994,QO94,72,1,old,22
1994,QO94,72,2,new,2
1994,QO94,72,2,old,43
1994,QO94,73,1,new,287
1994,QO94,73,1,old,31
1994,QO94,73,2,old,28
1994,QO94,74,1,new,381
1994,QO94,74,1,old,33
1994,QO94,74,2,new,4
1994,QO94,74,2,old,26
1994,QO94,75,1,new,540
1994,QO94,75,1,old,40
1994,QO94,75,2,new,2
1994,QO94,75,2,old,15
1994,QO94,76,1,new,617
1994,QO94,76,1,old,43
1994,QO94,76,2,new,2
1994,QO94,76,2,old,8
1994,QO94,77,1,new,756
1994,QO94,77,1,old,42
1994,QO94,77,2,new,1
1994,QO94,77,2,old,10
1994,QO94,78,1,new,929
1994,QO94,78,1,old,68
1994,QO94,78,2,old,3
1994,QO94,79,1,new,1057
1994,QO94,79,1,old,44
1994,QO94,79,2,old,4
1994,QO94,80,1,new,1181
1994,QO94,80,1,old,65
1994,QO94,80,2,new,1
1994,QO94,80,2,old,1
1994,QO94,81,1,new,1252
1994,QO94,81,1,old,71
1994,QO94,81,2,new,1
1994,QO94,81,2,old,3
1994,QO94,82,1,new,1365
1994,QO94,82,1,old,64
1994,QO94,82,2,new,2
1994,QO94,82,2,old,5
1994,QO94,83,1,new,1391
1994,QO94,83,1,old,75
1994,QO94,83,2,new,1
1994,QO94,83,2,old,3
1994,QO94,84,1,new,1402
1994,QO94,84,1,old,97
1994,QO94,84,2,new,3
1994,QO94,84,2,old,3
1994,QO94,85,1,new,1589
1994,QO94,85,1,old,93
1994,QO94,85,2,old,6
1994,QO94,86,1,new,1421
1994,QO94,86,1,old,112
1994,QO94,86,2,new,2
1994,QO94,86,2,old,4
1994,QO94,87,1,new,1435
1994,QO94,87,1,old,126
1994,QO94,87,2,new,2
1994,QO94,87,2,old,3
1994,QO94,88,1,new,1596
1994,QO94,88,1,old,166
1994,QO94,88,2,new,2
1994,QO94,88,2,old,2
1994,QO94,89,1,new,1606
1994,QO94,89,1,old,127
1994,QO94,89,2,new,2
1994,QO94,89,2,old,3
1994,QO94,90,1,new,1962
1994,QO94,90,1,old,174
1994,QO94,90,2,old,1
1994,QO94,91,1,new,1855
1994,QO94,91,1,old,184
1994,QO94,91,2,new,1
1994,QO94,91,2,old,3
1994,QO94,92,1,new,2174
1994,QO94,92,1,old,212
1994,QO94,92,2,new,1
1994,QO94,92,2,old,1
1994,QO94,93,1,new,2206
1994,QO94,93,1,old,217
1994,QO94,93,2,new,1
1994,QO94,94,1,new,2546
1994,QO94,94,1,old,256
1994,QO94,94,2,old,2
1994,QO94,95,1,new,2795
1994,QO94,95,1,old,305
1994,QO94,95,2,new,2
1994,QO94,95,2,old,3
1994,QO94,96,1,new,2901
1994,QO94,96,1,old,253
1994,QO94,96,2,old,3
1994,QO94,97,1,new,2767
1994,QO94,97,1,old,290
1994,QO94,97,2,old,2
1994,QO94,98,1,new,3272
1994,QO94,98,1,old,330
1994,QO94,98,2,old,2
1994,QO94,99,1,new,3070
1994,QO94,99,1,old,308
1994,QO94,99,2,old,3
1994,QO94,100,1,new,4008
1994,QO94,100,1,old,357
1994,QO94,100,2,old,3
1994,QO94,101,1,new,3527
1994,QO94,101,1,old,296
1994,QO94,101,2,old,2
1994,QO94,102,1,new,4284
1994,QO94,102,1,old,345
1994,QO94,103,1,new,4437
1994,QO94,103,1,old,345
1994,QO94,104,1,new,4687
1994,QO94,104,1,old,347
1994,QO94,105,1,new,5147
1994,QO94,105,1,old,389
1994,QO94,106,1,new,4883
1994,QO94,106,1,old,317
1994,QO94,107,1,new,4858
1994,QO94,107,1,old,322
1994,QO94,108,1,new,5621
1994,QO94,108,1,old,357
1994,QO94,109,1,new,4997
1994,QO94,109,1,old,306
1994,QO94,110,1,new,6182
1994,QO94,110,1,old,339
1994,QO94,111,1,new,5109
1994,QO94,111,1,old,312
1994,QO94,112,1,new,5742
1994,QO94,112,1,old,343
1994,QO94,113,1,new,5187
1994,QO94,113,1,old,275
1994,QO94,114,1,new,5084
1994,QO94,114,1,old,264
1994,QO94,115,1,new,4937
1994,QO94,115,1,old,256
1994,QO94,116,1,new,4459
1994,QO94,116,1,old,181
1994,QO94,117,1,new,4244
1994,QO94,117,1,old,193
1994,QO94,118,1,new,4044
1994,QO94,118,1,old,162
1994,QO94,119,1,new,3398
1994,QO94,119,1,old,144
1994,QO94,120,1,new,3291
1994,QO94,120,1,old,159
1994,QO94,121,1,new,2328
1994,QO94,121,1,old,86
1994,QO94,122,1,new,2225
1994,QO94,122,1,old,82
1994,QO94,123,1,new,1788
1994,QO94,123,1,old,70
1994,QO94,124,1,new,1575
1994,QO94,124,1,old,55
1994,QO94,125,1,new,1252
1994,QO94,125,1,old,63
1994,QO94,126,1,new,1026
1994,QO94,126,1,old,26
1994,QO94,127,1,new,822
1994,QO94,127,1,old,37
1994,QO94,128,1,new,579
1994,QO94,128,1,old,20
1994,QO94,129,1,new,404
1994,QO94,129,1,old,14
1994,QO94,130,1,new,400
1994,QO94,130,1,old,14
1994,QO94,131,1,new,254
1994,QO94,131,1,old,9
1994,QO94,132,1,new,181
1994,QO94,132,1,old,7
1994,QO94,133,1,new,127
1994,QO94,133,1,old,5
1994,QO94,134,1,new,102
1994,QO94,134,1,old,2
1994,QO94,135,1,new,59
1994,QO94,136,1,new,47
1994,QO94,136,1,old,3
1994,QO94,137,1,new,22
1994,QO94,138,1,new,23
1994,QO94,138,1,old,1
1994,QO94,139,1,new,8
1994,QO94,139,1,old,5
1994,QO94,140,1,new,6
1994,QO94,140,1,old,1
1994,QO94,141,1,new,7
1994,QO94,142,1,new,11
1994,QO94,143,1,new,1
1994,QO94,144,1,new,3
1994,QO94,145,1,new,1
1994,QO94,147,1,new,1
1994,QO94,150,1,new,1
1994,QO94,160,1,new,1
1994,QO94,161,1,new,1
1994,QO94,194,1,new,1
1994,QO94,196,1,new,1
1994,QO94,198,1,new,1
1995,QO95,48,2,new,1
1995,QO95,50,2,old,1
1995,QO95,51,2,new,1
1995,QO95,51,2,old,1
1995,QO95,52,1,new,1
1995,QO95,52,2,new,1
1995,QO95,52,2,old,3
1995,QO95,53,2,new,1
1995,QO95,53,2,old,1
1995,QO95,54,2,old,1
1995,QO95,55,2,new,1
1995,QO95,55,2,old,3
1995,QO95,56,1,new,2
1995,QO95,56,2,new,1
1995,QO95,56,2,old,6
1995,QO95,57,1,old,1
1995,QO95,57,2,new,1
1995,QO95,57,2,old,8
1995,QO95,58,1,new,9
1995,QO95,58,2,new,1
1995,QO95,58,2,old,10
1995,QO95,59,1,new,12
1995,QO95,59,1,old,2
1995,QO95,59,2,new,1
1995,QO95,59,2,old,9
1995,QO95,60,1,new,16
1995,QO95,60,1,old,1
1995,QO95,60,2,new,1
1995,QO95,60,2,old,14
1995,QO95,61,1,new,28
1995,QO95,61,1,old,2
1995,QO95,61,2,new,3
1995,QO95,61,2,old,11
1995,QO95,62,1,new,34
1995,QO95,62,1,old,1
1995,QO95,62,2,new,1
1995,QO95,62,2,old,18
1995,QO95,63,1,new,51
1995,QO95,63,1,old,5
1995,QO95,63,2,new,2
1995,QO95,63,2,old,11
1995,QO95,64,1,new,68
1995,QO95,64,1,old,5
1995,QO95,64,2,old,19
1995,QO95,65,1,new,66
1995,QO95,65,1,old,6
1995,QO95,65,2,old,23
1995,QO95,66,1,new,86
1995,QO95,66,1,old,8
1995,QO95,66,2,new,1
1995,QO95,66,2,old,21
1995,QO95,67,1,new,140
1995,QO95,67,1,old,16
1995,QO95,67,2,new,2
1995,QO95,67,2,old,22
1995,QO95,68,1,new,197
1995,QO95,68,1,old,26
1995,QO95,68,2,new,1
1995,QO95,68,2,old,28
1995,QO95,69,1,new,272
1995,QO95,69,1,old,17
1995,QO95,69,2,old,31
1995,QO95,70,1,new,398
1995,QO95,70,1,old,28
1995,QO95,70,2,new,4
1995,QO95,70,2,old,44
1995,QO95,71,1,new,485
1995,QO95,71,1,old,25
1995,QO95,71,2,new,1
1995,QO95,71,2,old,46
1995,QO95,72,1,new,650
1995,QO95,72,1,old,41
1995,QO95,72,2,new,4
1995,QO95,72,2,old,35
1995,QO95,73,1,new,716
1995,QO95,73,1,old,53
1995,QO95,73,2,new,2
1995,QO95,73,2,old,24
1995,QO95,74,1,new,845
1995,QO95,74,1,old,57
1995,QO95,74,2,new,4
1995,QO95,74,2,old,25
1995,QO95,75,1,new,1020
1995,QO95,75,1,old,69
1995,QO95,75,2,new,1
1995,QO95,75,2,old,14
1995,QO95,76,1,new,1037
1995,QO95,76,1,old,79
1995,QO95,76,2,new,1
1995,QO95,76,2,old,11
1995,QO95,77,1,new,1248
1995,QO95,77,1,old,101
1995,QO95,77,2,old,10
1995,QO95,78,1,new,1276
1995,QO95,78,1,old,102
1995,QO95,78,2,new,1
1995,QO95,78,2,old,4
1995,QO95,79,1,new,1237
1995,QO95,79,1,old,101
1995,QO95,79,2,new,1
1995,QO95,79,2,old,4
1995,QO95,80,1,new,1426
1995,QO95,80,1,old,127
1995,QO95,80,2,old,2
1995,QO95,81,1,new,1307
1995,QO95,81,1,old,118
1995,QO95,81,2,new,1
1995,QO95,82,1,new,1330
1995,QO95,82,1,old,123
1995,QO95,82,2,new,1
1995,QO95,83,1,new,1354
1995,QO95,83,1,old,132
1995,QO95,83,2,new,1
1995,QO95,83,2,old,2
1995,QO95,84,1,new,1315
1995,QO95,84,1,old,145
1995,QO95,84,2,new,3
1995,QO95,85,1,new,1209
1995,QO95,85,1,old,136
1995,QO95,85,2,new,2
1995,QO95,86,1,new,1257
1995,QO95,86,1,old,153
1995,QO95,86,2,new,1
1995,QO95,86,2,old,1
1995,QO95,87,1,new,1191
1995,QO95,87,1,old,183
1995,QO95,87,2,new,4
1995,QO95,88,1,new,1170
1995,QO95,88,1,old,150
1995,QO95,88,2,new,2
1995,QO95,88,2,old,1
1995,QO95,89,1,new,1136
1995,QO95,89,1,old,127
1995,QO95,89,2,new,1
1995,QO95,90,1,new,1148
1995,QO95,90,1,old,169
1995,QO95,90,2,new,2
1995,QO95,91,1,new,1071
1995,QO95,91,1,old,162
1995,QO95,91,2,new,1
1995,QO95,92,1,new,1242
1995,QO95,92,1,old,184
1995,QO95,92,2,new,3
1995,QO95,93,1,new,1223
1995,QO95,93,1,old,210
1995,QO95,93,2,new,1
1995,QO95,94,1,new,1210
1995,QO95,94,1,old,181
1995,QO95,94,2,old,1
1995,QO95,95,1,new,1267
1995,QO95,95,1,old,181
1995,QO95,95,2,new,2
1995,QO95,96,1,new,1215
1995,QO95,96,1,old,199
1995,QO95,96,2,new,2
1995,QO95,97,1,new,1421
1995,QO95,97,1,old,230
1995,QO95,97,2,new,1
1995,QO95,98,1,new,1403
1995,QO95,98,1,old,207
1995,QO95,98,2,new,1
1995,QO95,99,1,new,1283
1995,QO95,99,1,old,144
1995,QO95,100,1,new,1550
1995,QO95,100,1,old,233
1995,QO95,101,1,new,1506
1995,QO95,101,1,old,182
1995,QO95,102,1,new,1601
1995,QO95,102,1,old,228
1995,QO95,102,2,new,1
1995,QO95,103,1,new,1727
1995,QO95,103,1,old,221
1995,QO95,104,1,new,1715
1995,QO95,104,1,old,227
1995,QO95,104,2,new,1
1995,QO95,105,1,new,1734
1995,QO95,105,1,old,264
1995,QO95,105,2,new,2
1995,QO95,106,1,new,1641
1995,QO95,106,1,old,190
1995,QO95,107,1,new,1686
1995,QO95,107,1,old,223
1995,QO95,107,2,new,1
1995,QO95,108,1,new,1724
1995,QO95,108,1,old,223
1995,QO95,108,2,new,1
1995,QO95,109,1,new,1605
1995,QO95,109,1,old,229
1995,QO95,110,1,new,1653
1995,QO95,110,1,old,229
1995,QO95,111,1,new,1481
1995,QO95,111,1,old,202
1995,QO95,112,1,new,1491
1995,QO95,112,1,old,219
1995,QO95,113,1,new,1273
1995,QO95,113,1,old,200
1995,QO95,114,1,new,1176
1995,QO95,114,1,old,194
1995,QO95,115,1,new,1360
1995,QO95,115,1,old,199
1995,QO95,116,1,new,1101
1995,QO95,116,1,old,157
1995,QO95,117,1,new,1006
1995,QO95,117,1,old,171
1995,QO95,118,1,new,1004
1995,QO95,118,1,old,165
1995,QO95,119,1,new,863
1995,QO95,119,1,old,114
1995,QO95,120,1,new,769
1995,QO95,120,1,old,116
1995,QO95,121,1,new,713
1995,QO95,121,1,old,101
1995,QO95,122,1,new,602
1995,QO95,122,1,old,78
1995,QO95,123,1,new,513
1995,QO95,123,1,old,91
1995,QO95,124,1,new,412
1995,QO95,124,1,old,44
1995,QO95,125,1,new,355
1995,QO95,125,1,old,43
1995,QO95,126,1,new,262
1995,QO95,126,1,old,44
1995,QO95,127,1,new,275
1995,QO95,127,1,old,39
1995,QO95,128,1,new,202
1995,QO95,128,1,old,21
1995,QO95,129,1,new,121
1995,QO95,129,1,old,18
1995,QO95,130,1,new,127
1995,QO95,130,1,old,9
1995,QO95,131,1,new,84
1995,QO95,131,1,old,8
1995,QO95,132,1,new,70
1995,QO95,132,1,old,8
1995,QO95,133,1,new,32
1995,QO95,133,1,old,2
1995,QO95,134,1,new,20
1995,QO95,134,1,old,2
1995,QO95,135,1,new,23
1995,QO95,135,1,old,1
1995,QO95,136,1,new,16
1995,QO95,137,1,new,13
1995,QO95,137,1,old,1
1995,QO95,138,1,new,1
1995,QO95,139,1,new,3
1995,QO95,140,1,new,4
1995,QO95,141,1,new,3
1995,QO95,141,1,old,1
1995,QO95,142,1,new,1
1995,QO95,143,1,new,1
1995,QO95,145,1,new,2
1995,QO95,146,1,new,1
1995,QO95,147,1,new,1
1995,QO95,150,1,new,1
1995,QO95,165,1,new,1
1995,QO95,183,1,new,1
1996,QO96,46,2,old,1
1996,QO96,52,2,old,1
1996,QO96,53,2,old,2
1996,QO96,55,2,new,1
1996,QO96,55,2,old,2
1996,QO96,56,2,new,1
1996,QO96,56,2,old,1
1996,QO96,57,1,new,1
1996,QO96,57,1,old,2
1996,QO96,57,2,old,2
1996,QO96,58,1,new,5
1996,QO96,58,1,old,1
1996,QO96,58,2,new,1
1996,QO96,58,2,old,1
1996,QO96,59,1,new,5
1996,QO96,59,1,old,2
1996,QO96,59,2,new,2
1996,QO96,59,2,old,5
1996,QO96,60,1,new,18
1996,QO96,60,1,old,5
1996,QO96,60,2,new,1
1996,QO96,60,2,old,1
1996,QO96,61,1,new,13
1996,QO96,61,1,old,2
1996,QO96,61,2,new,1
1996,QO96,61,2,old,4
1996,QO96,62,1,new,11
1996,QO96,62,1,old,3
1996,QO96,62,2,new,2
1996,QO96,62,2,old,3
1996,QO96,63,1,new,25
1996,QO96,63,1,old,9
1996,QO96,63,2,new,2
1996,QO96,63,2,old,4
1996,QO96,64,1,new,38
1996,QO96,64,1,old,10
1996,QO96,64,2,new,3
1996,QO96,64,2,old,4
1996,QO96,65,1,new,37
1996,QO96,65,1,old,20
1996,QO96,65,2,new,3
1996,QO96,65,2,old,11
1996,QO96,66,1,new,32
1996,QO96,66,1,old,9
1996,QO96,66,2,new,3
1996,QO96,66,2,old,2
1996,QO96,67,1,new,64
1996,QO96,67,1,old,25
1996,QO96,67,2,new,4
1996,QO96,67,2,old,10
1996,QO96,68,1,new,91
1996,QO96,68,1,old,28
1996,QO96,68,2,new,4
1996,QO96,68,2,old,6
1996,QO96,69,1,new,104
1996,QO96,69,1,old,23
1996,QO96,69,2,new,3
1996,QO96,69,2,old,3
1996,QO96,70,1,new,191
1996,QO96,70,1,old,51
1996,QO96,70,2,new,4
1996,QO96,70,2,old,6
1996,QO96,71,1,new,231
1996,QO96,71,1,old,30
1996,QO96,71,2,new,1
1996,QO96,71,2,old,5
1996,QO96,72,1,new,266
1996,QO96,72,1,old,80
1996,QO96,72,2,new,1
1996,QO96,72,2,old,2
1996,QO96,73,1,new,295
1996,QO96,73,1,old,72
1996,QO96,73,2,new,2
1996,QO96,73,2,old,2
1996,QO96,74,1,new,388
1996,QO96,74,1,old,114
1996,QO96,74,2,new,1
1996,QO96,75,1,new,534
1996,QO96,75,1,old,131
1996,QO96,75,2,new,1
1996,QO96,75,2,old,2
1996,QO96,76,1,new,505
1996,QO96,76,1,old,107
1996,QO96,76,2,new,1
1996,QO96,77,1,new,621
1996,QO96,77,1,old,135
1996,QO96,77,2,new,1
1996,QO96,77,2,old,2
1996,QO96,78,1,new,761
1996,QO96,78,1,old,161
1996,QO96,78,2,new,2
1996,QO96,78,2,old,1
1996,QO96,79,1,new,670
1996,QO96,79,1,old,172
1996,QO96,80,1,new,1020
1996,QO96,80,1,old,196
1996,QO96,80,2,new,1
1996,QO96,81,1,new,791
1996,QO96,81,1,old,175
1996,QO96,81,2,new,2
1996,QO96,82,1,new,1130
1996,QO96,82,1,old,276
1996,QO96,82,2,old,1
1996,QO96,83,1,new,1139
1996,QO96,83,1,old,210
1996,QO96,83,2,old,1
1996,QO96,84,1,new,1299
1996,QO96,84,1,old,280
1996,QO96,85,1,new,1344
1996,QO96,85,1,old,232
1996,QO96,85,2,new,1
1996,QO96,86,1,new,1296
1996,QO96,86,1,old,209
1996,QO96,87,1,new,1481
1996,QO96,87,1,old,269
1996,QO96,87,2,old,1
1996,QO96,88,1,new,1497
1996,QO96,88,1,old,294
1996,QO96,89,1,new,1322
1996,QO96,89,1,old,227
1996,QO96,90,1,new,1731
1996,QO96,90,1,old,340
1996,QO96,91,1,new,1459
1996,QO96,91,1,old,257
1996,QO96,92,1,new,1542
1996,QO96,92,1,old,329
1996,QO96,93,1,new,1736
1996,QO96,93,1,old,325
1996,QO96,94,1,new,1482
1996,QO96,94,1,old,339
1996,QO96,95,1,new,1637
1996,QO96,95,1,old,377
1996,QO96,96,1,new,1396
1996,QO96,96,1,old,366
1996,QO96,97,1,new,1502
1996,QO96,97,1,old,402
1996,QO96,97,2,old,1
1996,QO96,98,1,new,1400
1996,QO96,98,1,old,443
1996,QO96,99,1,new,1168
1996,QO96,99,1,old,428
1996,QO96,100,1,new,1339
1996,QO96,100,1,old,615
1996,QO96,101,1,new,1001
1996,QO96,101,1,old,508
1996,QO96,102,1,new,1295
1996,QO96,102,1,old,716
1996,QO96,103,1,new,1365
1996,QO96,103,1,old,717
1996,QO96,104,1,new,1218
1996,QO96,104,1,old,731
1996,QO96,105,1,new,1131
1996,QO96,105,1,old,835
1996,QO96,106,1,new,984
1996,QO96,106,1,old,681
1996,QO96,107,1,new,1145
1996,QO96,107,1,old,773
1996,QO96,108,1,new,1002
1996,QO96,108,1,old,793
1996,QO96,109,1,new,922
1996,QO96,109,1,old,687
1996,QO96,110,1,new,1089
1996,QO96,110,1,old,894
1996,QO96,111,1,new,872
1996,QO96,111,1,old,626
1996,QO96,112,1,new,1026
1996,QO96,112,1,old,728
1996,QO96,113,1,new,806
1996,QO96,113,1,old,661
1996,QO96,114,1,new,844
1996,QO96,114,1,old,617
1996,QO96,115,1,new,789
1996,QO96,115,1,old,666
1996,QO96,116,1,new,682
1996,QO96,116,1,old,493
1996,QO96,117,1,new,743
1996,QO96,117,1,old,487
1996,QO96,118,1,new,618
1996,QO96,118,1,old,465
1996,QO96,119,1,new,511
1996,QO96,119,1,old,332
1996,QO96,120,1,new,490
1996,QO96,120,1,old,347
1996,QO96,121,1,new,347
1996,QO96,121,1,old,266
1996,QO96,122,1,new,416
1996,QO96,122,1,old,208
1996,QO96,123,1,new,309
1996,QO96,123,1,old,172
1996,QO96,124,1,new,264
1996,QO96,124,1,old,113
1996,QO96,125,1,new,196
1996,QO96,125,1,old,120
1996,QO96,126,1,new,140
1996,QO96,126,1,old,82
1996,QO96,127,1,new,130
1996,QO96,127,1,old,64
1996,QO96,128,1,new,84
1996,QO96,128,1,old,49
1996,QO96,129,1,new,87
1996,QO96,129,1,old,36
1996,QO96,130,1,new,60
1996,QO96,130,1,old,27
1996,QO96,131,1,new,36
1996,QO96,131,1,old,16
1996,QO96,132,1,new,27
1996,QO96,132,1,old,13
1996,QO96,133,1,new,17
1996,QO96,133,1,old,7
1996,QO96,134,1,new,13
1996,QO96,134,1,old,4
1996,QO96,135,1,new,6
1996,QO96,135,1,old,8
1996,QO96,136,1,new,1
1996,QO96,136,1,old,3
1996,QO96,137,1,new,3
1996,QO96,137,1,old,3
1996,QO96,138,1,new,4
1996,QO96,139,1,new,3
1996,QO96,139,1,old,1
1996,QO96,142,1,old,1
1996,QO96,146,1,new,1
1996,QO96,150,1,new,1
1996,QO96,150,1,old,1
1997,QO97,23,1,new,1
1997,QO97,43,1,new,1
1997,QO97,47,2,old,1
1997,QO97,54,2,old,4
1997,QO97,55,2,old,9
1997,QO97,56,1,new,1
1997,QO97,56,2,old,15
1997,QO97,57,2,old,17
1997,QO97,58,1,old,1
1997,QO97,58,2,old,14
1997,QO97,59,1,new,5
1997,QO97,59,1,old,2
1997,QO97,59,2,old,30
1997,QO97,60,1,new,2
1997,QO97,60,1,old,2
1997,QO97,60,2,old,38
1997,QO97,61,1,new,3
1997,QO97,61,1,old,2
1997,QO97,61,2,old,38
1997,QO97,62,1,new,10
1997,QO97,62,1,old,4
1997,QO97,62,2,old,47
1997,QO97,63,1,new,6
1997,QO97,63,1,old,6
1997,QO97,63,2,old,48
1997,QO97,64,1,new,16
1997,QO97,64,1,old,8
1997,QO97,64,2,old,41
1997,QO97,65,1,new,17
1997,QO97,65,1,old,12
1997,QO97,65,2,old,39
1997,QO97,66,1,new,21
1997,QO97,66,1,old,11
1997,QO97,66,2,old,43
1997,QO97,67,1,new,36
1997,QO97,67,1,old,19
1997,QO97,67,2,old,47
1997,QO97,68,1,new,34
1997,QO97,68,1,old,23
1997,QO97,68,2,old,66
1997,QO97,69,1,new,46
1997,QO97,69,1,old,19
1997,QO97,69,2,new,1
1997,QO97,69,2,old,45
1997,QO97,70,1,new,61
1997,QO97,70,1,old,33
1997,QO97,70,2,old,60
1997,QO97,71,1,new,90
1997,QO97,71,1,old,23
1997,QO97,71,2,new,1
1997,QO97,71,2,old,52
1997,QO97,72,1,new,115
1997,QO97,72,1,old,41
1997,QO97,72,2,old,39
1997,QO97,73,1,new,142
1997,QO97,73,1,old,61
1997,QO97,73,2,old,27
1997,QO97,74,1,new,171
1997,QO97,74,1,old,72
1997,QO97,74,2,old,21
1997,QO97,75,1,new,220
1997,QO97,75,1,old,59
1997,QO97,75,2,old,8
1997,QO97,76,1,new,269
1997,QO97,76,1,old,61
1997,QO97,76,2,old,7
1997,QO97,77,1,new,326
1997,QO97,77,1,old,65
1997,QO97,77,2,old,11
1997,QO97,78,1,new,463
1997,QO97,78,1,old,62
1997,QO97,78,2,old,5
1997,QO97,79,1,new,469
1997,QO97,79,1,old,64
1997,QO97,79,2,old,2
1997,QO97,80,1,new,654
1997,QO97,80,1,old,52
1997,QO97,81,1,new,683
1997,QO97,81,1,old,50
1997,QO97,82,1,new,892
1997,QO97,82,1,old,55
1997,QO97,82,2,old,2
1997,QO97,83,1,new,1040
1997,QO97,83,1,old,49
1997,QO97,84,1,new,1160
1997,QO97,84,1,old,56
1997,QO97,84,2,old,1
1997,QO97,85,1,new,1321
1997,QO97,85,1,old,43
1997,QO97,85,2,old,1
1997,QO97,86,1,new,1310
1997,QO97,86,1,old,42
1997,QO97,87,1,new,1770
1997,QO97,87,1,old,52
1997,QO97,88,1,new,2096
1997,QO97,88,1,old,63
1997,QO97,88,2,old,2
1997,QO97,89,1,new,1732
1997,QO97,89,1,old,45
1997,QO97,89,2,old,2
1997,QO97,90,1,new,2486
1997,QO97,90,1,old,44
1997,QO97,91,1,new,2331
1997,QO97,91,1,old,46
1997,QO97,91,2,old,1
1997,QO97,92,1,new,3061
1997,QO97,92,1,old,47
1997,QO97,92,2,old,1
1997,QO97,93,1,new,3397
1997,QO97,93,1,old,70
1997,QO97,94,1,new,3608
1997,QO97,94,1,old,59
1997,QO97,95,1,new,4055
1997,QO97,95,1,old,61
1997,QO97,96,1,new,3964
1997,QO97,96,1,old,48
1997,QO97,97,1,new,4669
1997,QO97,97,1,old,61
1997,QO97,98,1,new,5249
1997,QO97,98,1,old,66
1997,QO97,99,1,new,4185
1997,QO97,99,1,old,55
1997,QO97,100,1,new,5452
1997,QO97,100,1,old,63
1997,QO97,101,1,new,4267
1997,QO97,101,1,old,60
1997,QO97,102,1,new,5679
1997,QO97,102,1,old,86
1997,QO97,103,1,new,5413
1997,QO97,103,1,old,72
1997,QO97,104,1,new,5143
1997,QO97,104,1,old,79
1997,QO97,105,1,new,4968
1997,QO97,105,1,old,76
1997,QO97,106,1,new,4138
1997,QO97,106,1,old,86
1997,QO97,107,1,new,4647
1997,QO97,107,1,old,83
1997,QO97,108,1,new,4416
1997,QO97,108,1,old,95
1997,QO97,109,1,new,3247
1997,QO97,109,1,old,75
1997,QO97,110,1,new,3638
1997,QO97,110,1,old,72
1997,QO97,111,1,new,2826
1997,QO97,111,1,old,70
1997,QO97,111,2,old,1
1997,QO97,112,1,new,3107
1997,QO97,112,1,old,73
1997,QO97,113,1,new,2500
1997,QO97,113,1,old,79
1997,QO97,114,1,new,2102
1997,QO97,114,1,old,65
1997,QO97,115,1,new,1974
1997,QO97,115,1,old,57
1997,QO97,116,1,new,1417
1997,QO97,116,1,old,56
1997,QO97,117,1,new,1573
1997,QO97,117,1,old,51
1997,QO97,118,1,new,1388
1997,QO97,118,1,old,61
1997,QO97,119,1,new,912
1997,QO97,119,1,old,31
1997,QO97,120,1,new,914
1997,QO97,120,1,old,37
1997,QO97,121,1,new,653
1997,QO97,121,1,old,29
1997,QO97,122,1,new,598
1997,QO97,122,1,old,29
1997,QO97,123,1,new,483
1997,QO97,123,1,old,37
1997,QO97,124,1,new,352
1997,QO97,124,1,old,28
1997,QO97,125,1,new,310
1997,QO97,125,1,old,12
1997,QO97,126,1,new,208
1997,QO97,126,1,old,8
1997,QO97,127,1,new,180
1997,QO97,127,1,old,22
1997,QO97,128,1,new,141
1997,QO97,128,1,old,10
1997,QO97,129,1,new,75
1997,QO97,129,1,old,5
1997,QO97,130,1,new,67
1997,QO97,130,1,old,4
1997,QO97,131,1,new,30
1997,QO97,131,1,old,6
1997,QO97,132,1,new,31
1997,QO97,132,1,old,3
1997,QO97,133,1,new,23
1997,QO97,133,1,old,2
1997,QO97,134,1,new,8
1997,QO97,134,1,old,2
1997,QO97,135,1,new,6
1997,QO97,136,1,new,8
1997,QO97,136,1,old,1
1997,QO97,137,1,new,2
1997,QO97,139,1,new,1
1997,QO97,139,1,old,1
1997,QO97,140,1,new,1
1997,QO97,140,1,old,1
1997,QO97,142,1,new,1
1998,QO98,35,2,old,1
1998,QO98,43,2,new,1
1998,QO98,44,1,new,1
1998,QO98,44,2,old,1
1998,QO98,45,2,new,2
1998,QO98,45,2,old,5
1998,QO98,46,2,new,2
1998,QO98,46,2,old,3
1998,QO98,47,2,new,1
1998,QO98,48,2,old,3
1998,QO98,49,2,new,4
1998,QO98,49,2,old,6
1998,QO98,50,1,old,3
1998,QO98,50,2,new,5
1998,QO98,50,2,old,16
1998,QO98,51,1,new,3
1998,QO98,51,1,old,7
1998,QO98,51,2,new,2
1998,QO98,51,2,old,9
1998,QO98,52,1,old,2
1998,QO98,52,2,new,6
1998,QO98,52,2,old,25
1998,QO98,53,1,new,3
1998,QO98,53,1,old,4
1998,QO98,53,2,new,2
1998,QO98,53,2,old,22
1998,QO98,54,1,old,6
1998,QO98,54,2,new,4
1998,QO98,54,2,old,26
1998,QO98,55,1,new,1
1998,QO98,55,1,old,1
1998,QO98,55,2,new,6
1998,QO98,55,2,old,34
1998,QO98,56,1,new,4
1998,QO98,56,1,old,10
1998,QO98,56,2,new,7
1998,QO98,56,2,old,31
1998,QO98,57,1,new,2
1998,QO98,57,1,old,7
1998,QO98,57,2,new,4
1998,QO98,57,2,old,42
1998,QO98,58,1,new,3
1998,QO98,58,1,old,7
1998,QO98,58,2,new,4
1998,QO98,58,2,old,43
1998,QO98,59,1,new,5
1998,QO98,59,1,old,9
1998,QO98,59,2,new,8
1998,QO98,59,2,old,51
1998,QO98,60,1,new,8
1998,QO98,60,1,old,10
1998,QO98,60,2,new,2
1998,QO98,60,2,old,61
1998,QO98,61,1,new,9
1998,QO98,61,1,old,16
1998,QO98,61,2,new,9
1998,QO98,61,2,old,44
1998,QO98,62,1,new,13
1998,QO98,62,1,old,29
1998,QO98,62,2,new,10
1998,QO98,62,2,old,70
1998,QO98,63,1,new,10
1998,QO98,63,1,old,24
1998,QO98,63,2,new,6
1998,QO98,63,2,old,61
1998,QO98,64,1,new,8
1998,QO98,64,1,old,33
1998,QO98,64,2,new,14
1998,QO98,64,2,old,48
1998,QO98,65,1,new,20
1998,QO98,65,1,old,49
1998,QO98,65,2,new,10
1998,QO98,65,2,old,73
1998,QO98,66,1,new,23
1998,QO98,66,1,old,27
1998,QO98,66,2,new,5
1998,QO98,66,2,old,35
1998,QO98,67,1,new,29
1998,QO98,67,1,old,66
1998,QO98,67,2,new,3
1998,QO98,67,2,old,39
1998,QO98,68,1,new,52
1998,QO98,68,1,old,91
1998,QO98,68,2,new,2
1998,QO98,68,2,old,45
1998,QO98,69,1,new,42
1998,QO98,69,1,old,75
1998,QO98,69,2,new,3
1998,QO98,69,2,old,37
1998,QO98,70,1,new,86
1998,QO98,70,1,old,143
1998,QO98,70,2,new,2
1998,QO98,70,2,old,29
1998,QO98,71,1,new,96
1998,QO98,71,1,old,151
1998,QO98,71,2,old,15
1998,QO98,72,1,new,146
1998,QO98,72,1,old,234
1998,QO98,72,2,new,2
1998,QO98,72,2,old,14
1998,QO98,73,1,new,128
1998,QO98,73,1,old,218
1998,QO98,73,2,new,2
1998,QO98,73,2,old,11
1998,QO98,74,1,new,167
1998,QO98,74,1,old,207
1998,QO98,74,2,old,7
1998,QO98,75,1,new,257
1998,QO98,75,1,old,318
1998,QO98,75,2,new,2
1998,QO98,75,2,old,7
1998,QO98,76,1,new,242
1998,QO98,76,1,old,314
1998,QO98,76,2,old,4
1998,QO98,77,1,new,297
1998,QO98,77,1,old,376
1998,QO98,77,2,old,2
1998,QO98,78,1,new,378
1998,QO98,78,1,old,450
1998,QO98,78,2,old,3
1998,QO98,79,1,new,351
1998,QO98,79,1,old,391
1998,QO98,79,2,old,4
1998,QO98,80,1,new,639
1998,QO98,80,1,old,604
1998,QO98,80,2,old,2
1998,QO98,81,1,new,573
1998,QO98,81,1,old,515
1998,QO98,81,2,old,1
1998,QO98,82,1,new,786
1998,QO98,82,1,old,763
1998,QO98,82,2,old,2
1998,QO98,83,1,new,762
1998,QO98,83,1,old,614
1998,QO98,84,1,new,876
1998,QO98,84,1,old,647
1998,QO98,84,2,old,1
1998,QO98,85,1,new,1238
1998,QO98,85,1,old,823
1998,QO98,86,1,new,1223
1998,QO98,86,1,old,731
1998,QO98,87,1,new,1532
1998,QO98,87,1,old,889
1998,QO98,87,2,old,1
1998,QO98,88,1,new,1828
1998,QO98,88,1,old,969
1998,QO98,89,1,new,1716
1998,QO98,89,1,old,806
1998,QO98,90,1,new,2690
1998,QO98,90,1,old,1074
1998,QO98,91,1,new,2517
1998,QO98,91,1,old,929
1998,QO98,92,1,new,3695
1998,QO98,92,1,old,1230
1998,QO98,93,1,new,3681
1998,QO98,93,1,old,1075
1998,QO98,94,1,new,4213
1998,QO98,94,1,old,1000
1998,QO98,95,1,new,5868
1998,QO98,95,1,old,1275
1998,QO98,96,1,new,5232
1998,QO98,96,1,old,1033
1998,QO98,97,1,new,6899
1998,QO98,97,1,old,1205
1998,QO98,98,1,new,7351
1998,QO98,98,1,old,1249
1998,QO98,98,2,old,1
1998,QO98,99,1,new,6514
1998,QO98,99,1,old,850
1998,QO98,100,1,new,9190
1998,QO98,100,1,old,1116
1998,QO98,101,1,new,7212
1998,QO98,101,1,old,757
1998,QO98,102,1,new,9243
1998,QO98,102,1,old,906
1998,QO98,103,1,new,8500
1998,QO98,103,1,old,685
1998,QO98,104,1,new,8856
1998,QO98,104,1,old,656
1998,QO98,105,1,new,10412
1998,QO98,105,1,old,677
1998,QO98,106,1,new,8436
1998,QO98,106,1,old,495
1998,QO98,107,1,new,9487
1998,QO98,107,1,old,602
1998,QO98,108,1,new,9595
1998,QO98,108,1,old,552
1998,QO98,109,1,new,8144
1998,QO98,109,1,old,421
1998,QO98,110,1,new,10403
1998,QO98,110,1,old,478
1998,QO98,111,1,new,7608
1998,QO98,111,1,old,331
1998,QO98,112,1,new,9535
1998,QO98,112,1,old,377
1998,QO98,112,2,old,1
1998,QO98,113,1,new,6975
1998,QO98,113,1,old,235
1998,QO98,114,1,new,6461
1998,QO98,114,1,old,255
1998,QO98,115,1,new,7628
1998,QO98,115,1,old,255
1998,QO98,116,1,new,5238
1998,QO98,116,1,old,174
1998,QO98,117,1,new,5744
1998,QO98,117,1,old,215
1998,QO98,118,1,new,4982
1998,QO98,118,1,old,150
1998,QO98,119,1,new,3769
1998,QO98,119,1,old,121
1998,QO98,120,1,new,4091
1998,QO98,120,1,old,147
1998,QO98,121,1,new,2703
1998,QO98,121,1,old,80
1998,QO98,122,1,new,2883
1998,QO98,122,1,old,103
1998,QO98,123,1,new,2198
1998,QO98,123,1,old,66
1998,QO98,124,1,new,1651
1998,QO98,124,1,old,54
1998,QO98,125,1,new,1623
1998,QO98,125,1,old,48
1998,QO98,126,1,new,1098
1998,QO98,126,1,old,26
1998,QO98,127,1,new,1044
1998,QO98,127,1,old,28
1998,QO98,128,1,new,916
1998,QO98,128,1,old,25
1998,QO98,129,1,new,517
1998,QO98,129,1,old,13
1998,QO98,130,1,new,505
1998,QO98,130,1,old,14
1998,QO98,131,1,new,330
1998,QO98,131,1,old,8
1998,QO98,132,1,new,353
1998,QO98,132,1,old,5
1998,QO98,133,1,new,191
1998,QO98,133,1,old,4
1998,QO98,134,1,new,115
1998,QO98,135,1,new,104
1998,QO98,135,1,old,1
1998,QO98,136,1,new,52
1998,QO98,137,1,new,43
1998,QO98,138,1,new,30
1998,QO98,138,1,old,1
1998,QO98,139,1,new,13
1998,QO98,140,1,new,9
1998,QO98,141,1,new,4
1998,QO98,142,1,new,7
1998,QO98,143,1,new,5
1998,QO98,145,1,new,2
1998,QO98,148,1,new,1
1998,QO98,149,1,new,1
1998,QO98,150,1,new,1
1998,QO98,167,1,new,1
1999,QO99,40,2,old,1
1999,QO99,47,2,old,1
1999,QO99,49,2,old,2
1999,QO99,50,2,old,1
1999,QO99,51,1,old,1
1999,QO99,52,2,old,3
1999,QO99,53,2,new,1
1999,QO99,54,2,old,3
1999,QO99,55,2,old,4
1999,QO99,56,2,old,5
1999,QO99,57,1,new,1
1999,QO99,57,2,old,6
1999,QO99,58,1,new,1
1999,QO99,58,1,old,2
1999,QO99,58,2,old,4
1999,QO99,59,1,new,2
1999,QO99,59,1,old,4
1999,QO99,59,2,old,1
1999,QO99,60,1,new,1
1999,QO99,60,1,old,4
1999,QO99,60,2,old,6
1999,QO99,61,1,new,2
1999,QO99,61,1,old,7
1999,QO99,61,2,old,7
1999,QO99,62,1,new,2
1999,QO99,62,1,old,3
1999,QO99,62,2,old,6
1999,QO99,63,1,old,14
1999,QO99,63,2,old,8
1999,QO99,64,1,new,6
1999,QO99,64,1,old,10
1999,QO99,64,2,old,14
1999,QO99,65,1,new,10
1999,QO99,65,1,old,12
1999,QO99,65,2,new,1
1999,QO99,65,2,old,8
1999,QO99,66,1,new,2
1999,QO99,66,1,old,19
1999,QO99,66,2,new,1
1999,QO99,66,2,old,5
1999,QO99,67,1,new,8
1999,QO99,67,1,old,17
1999,QO99,67,2,old,5
1999,QO99,68,1,new,14
1999,QO99,68,1,old,27
1999,QO99,68,2,old,8
1999,QO99,69,1,new,15
1999,QO99,69,1,old,35
1999,QO99,69,2,old,4
1999,QO99,70,1,new,26
1999,QO99,70,1,old,34
1999,QO99,70,2,old,1
1999,QO99,71,1,new,17
1999,QO99,71,1,old,45
1999,QO99,72,1,new,35
1999,QO99,72,1,old,76
1999,QO99,72,2,old,1
1999,QO99,73,1,new,46
1999,QO99,73,1,old,77
1999,QO99,74,1,new,67
1999,QO99,74,1,old,81
1999,QO99,75,1,new,85
1999,QO99,75,1,old,83
1999,QO99,76,1,new,76
1999,QO99,76,1,old,88
1999,QO99,77,1,new,91
1999,QO99,77,1,old,150
1999,QO99,78,1,new,120
1999,QO99,78,1,old,169
1999,QO99,79,1,new,112
1999,QO99,79,1,old,148
1999,QO99,80,1,new,159
1999,QO99,80,1,old,188
1999,QO99,81,1,new,150
1999,QO99,81,1,old,193
1999,QO99,82,1,new,268
1999,QO99,82,1,old,271
1999,QO99,83,1,new,281
1999,QO99,83,1,old,251
1999,QO99,83,2,old,1
1999,QO99,84,1,new,318
1999,QO99,84,1,old,288
1999,QO99,85,1,new,386
1999,QO99,85,1,old,314
1999,QO99,86,1,new,342
1999,QO99,86,1,old,280
1999,QO99,87,1,new,505
1999,QO99,87,1,old,344
1999,QO99,88,1,new,668
1999,QO99,88,1,old,393
1999,QO99,89,1,new,554
1999,QO99,89,1,old,296
1999,QO99,90,1,new,994
1999,QO99,90,1,old,387
1999,QO99,90,2,new,1
1999,QO99,91,1,new,905
1999,QO99,91,1,old,341
1999,QO99,92,1,new,1368
1999,QO99,92,1,old,411
1999,QO99,92,2,new,1
1999,QO99,93,1,new,1453
1999,QO99,93,1,old,402
1999,QO99,94,1,new,1745
1999,QO99,94,1,old,414
1999,QO99,95,1,new,2235
1999,QO99,95,1,old,465
1999,QO99,96,1,new,1936
1999,QO99,96,1,old,395
1999,QO99,97,1,new,2610
1999,QO99,97,1,old,473
1999,QO99,98,1,new,3238
1999,QO99,98,1,old,520
1999,QO99,98,2,new,1
1999,QO99,99,1,new,2463
1999,QO99,99,1,old,359
1999,QO99,100,1,new,3695
1999,QO99,100,1,old,440
1999,QO99,101,1,new,2744
1999,QO99,101,1,old,307
1999,QO99,102,1,new,3787
1999,QO99,102,1,old,300
1999,QO99,103,1,new,4260
1999,QO99,103,1,old,331
1999,QO99,104,1,new,3869
1999,QO99,104,1,old,250
1999,QO99,105,1,new,4435
1999,QO99,105,1,old,274
1999,QO99,106,1,new,3475
1999,QO99,106,1,old,184
1999,QO99,107,1,new,4319
1999,QO99,107,1,old,214
1999,QO99,108,1,new,4552
1999,QO99,108,1,old,233
1999,QO99,109,1,new,3279
1999,QO99,109,1,old,136
1999,QO99,110,1,new,4580
1999,QO99,110,1,old,215
1999,QO99,111,1,new,3198
1999,QO99,111,1,old,135
1999,QO99,112,1,new,4277
1999,QO99,112,1,old,213
1999,QO99,113,1,new,3414
1999,QO99,113,1,old,137
1999,QO99,114,1,new,3183
1999,QO99,114,1,old,126
1999,QO99,115,1,new,3553
1999,QO99,115,1,old,175
1999,QO99,116,1,new,2203
1999,QO99,116,1,old,88
1999,QO99,117,1,new,2788
1999,QO99,117,1,old,112
1999,QO99,118,1,new,2354
1999,QO99,118,1,old,118
1999,QO99,119,1,new,1551
1999,QO99,119,1,old,75
1999,QO99,120,1,new,1727
1999,QO99,120,1,old,98
1999,QO99,121,1,new,1019
1999,QO99,121,1,old,43
1999,QO99,122,1,new,1245
1999,QO99,122,1,old,55
1999,QO99,123,1,new,806
1999,QO99,123,1,old,53
1999,QO99,124,1,new,672
1999,QO99,124,1,old,31
1999,QO99,125,1,new,598
1999,QO99,125,1,old,23
1999,QO99,126,1,new,318
1999,QO99,126,1,old,18
1999,QO99,127,1,new,304
1999,QO99,127,1,old,18
1999,QO99,128,1,new,224
1999,QO99,128,1,old,7
1999,QO99,129,1,new,103
1999,QO99,129,1,old,7
1999,QO99,130,1,new,113
1999,QO99,130,1,old,7
1999,QO99,131,1,new,57
1999,QO99,131,1,old,4
1999,QO99,132,1,new,64
1999,QO99,132,1,old,3
1999,QO99,133,1,new,34
1999,QO99,133,1,old,2
1999,QO99,134,1,new,23
1999,QO99,134,1,old,3
1999,QO99,135,1,new,16
1999,QO99,135,1,old,3
1999,QO99,136,1,new,7
1999,QO99,137,1,new,7
1999,QO99,138,1,new,3
1999,QO99,138,1,old,2
1999,QO99,139,1,new,2
1999,QO99,139,1,old,1
1999,QO99,140,1,new,3
1999,QO99,140,1,old,1
1999,QO99,144,1,old,1
1999,QO99,145,1,new,3
2000,QO00,28,1,new,1
2000,QO00,54,2,new,1
2000,QO00,56,1,new,1
2000,QO00,57,2,new,1
2000,QO00,58,2,new,2
2000,QO00,59,1,new,2
2000,QO00,60,1,new,8
2000,QO00,60,1,old,1
2000,QO00,61,1,new,3
2000,QO00,61,1,old,2
2000,QO00,61,2,new,2
2000,QO00,62,1,new,12
2000,QO00,62,1,old,3
2000,QO00,62,2,new,2
2000,QO00,63,1,new,9
2000,QO00,63,1,old,7
2000,QO00,63,2,new,4
2000,QO00,63,2,old,1
2000,QO00,64,1,new,17
2000,QO00,64,1,old,5
2000,QO00,64,2,new,2
2000,QO00,65,1,new,16
2000,QO00,65,1,old,4
2000,QO00,65,2,new,6
2000,QO00,66,1,new,24
2000,QO00,66,1,old,5
2000,QO00,66,2,new,1
2000,QO00,67,1,new,26
2000,QO00,67,1,old,8
2000,QO00,67,2,new,13
2000,QO00,67,2,old,1
2000,QO00,68,1,new,40
2000,QO00,68,1,old,14
2000,QO00,68,2,new,10
2000,QO00,68,2,old,1
2000,QO00,69,1,new,16
2000,QO00,69,1,old,11
2000,QO00,69,2,new,6
2000,QO00,70,1,new,45
2000,QO00,70,1,old,12
2000,QO00,70,2,new,8
2000,QO00,70,2,old,1
2000,QO00,71,1,new,35
2000,QO00,71,1,old,23
2000,QO00,71,2,new,4
2000,QO00,72,1,new,48
2000,QO00,72,1,old,18
2000,QO00,72,2,new,11
2000,QO00,73,1,new,50
2000,QO00,73,1,old,30
2000,QO00,73,2,new,3
2000,QO00,73,2,old,1
2000,QO00,74,1,new,63
2000,QO00,74,1,old,37
2000,QO00,74,2,new,6
2000,QO00,75,1,new,61
2000,QO00,75,1,old,34
2000,QO00,75,2,new,3
2000,QO00,76,1,new,84
2000,QO00,76,1,old,49
2000,QO00,76,2,new,1
2000,QO00,77,1,new,89
2000,QO00,77,1,old,62
2000,QO00,78,1,new,79
2000,QO00,78,1,old,51
2000,QO00,78,2,new,1
2000,QO00,79,1,new,50
2000,QO00,79,1,old,33
2000,QO00,79,2,new,1
2000,QO00,79,2,old,1
2000,QO00,80,1,new,102
2000,QO00,80,1,old,70
2000,QO00,80,2,old,1
2000,QO00,81,1,new,73
2000,QO00,81,1,old,55
2000,QO00,82,1,new,91
2000,QO00,82,1,old,63
2000,QO00,82,2,new,1
2000,QO00,83,1,new,72
2000,QO00,83,1,old,72
2000,QO00,84,1,new,98
2000,QO00,84,1,old,63
2000,QO00,84,2,new,1
2000,QO00,84,2,old,1
2000,QO00,85,1,new,78
2000,QO00,85,1,old,80
2000,QO00,86,1,new,89
2000,QO00,86,1,old,69
2000,QO00,86,2,new,1
2000,QO00,86,2,old,1
2000,QO00,87,1,new,83
2000,QO00,87,1,old,76
2000,QO00,88,1,new,103
2000,QO00,88,1,old,97
2000,QO00,89,1,new,114
2000,QO00,89,1,old,88
2000,QO00,90,1,new,163
2000,QO00,90,1,old,107
2000,QO00,91,1,new,161
2000,QO00,91,1,old,87
2000,QO00,92,1,new,247
2000,QO00,92,1,old,148
2000,QO00,93,1,new,268
2000,QO00,93,1,old,146
2000,QO00,94,1,new,318
2000,QO00,94,1,old,149
2000,QO00,95,1,new,422
2000,QO00,95,1,old,170
2000,QO00,96,1,new,408
2000,QO00,96,1,old,201
2000,QO00,97,1,new,559
2000,QO00,97,1,old,243
2000,QO00,98,1,new,642
2000,QO00,98,1,old,256
2000,QO00,99,1,new,598
2000,QO00,99,1,old,226
2000,QO00,100,1,new,943
2000,QO00,100,1,old,287
2000,QO00,101,1,new,811
2000,QO00,101,1,old,205
2000,QO00,102,1,new,1049
2000,QO00,102,1,old,239
2000,QO00,103,1,new,1128
2000,QO00,103,1,old,230
2000,QO00,104,1,new,1306
2000,QO00,104,1,old,212
2000,QO00,105,1,new,1435
2000,QO00,105,1,old,239
2000,QO00,106,1,new,1246
2000,QO00,106,1,old,190
2000,QO00,107,1,new,1797
2000,QO00,107,1,old,205
2000,QO00,108,1,new,1891
2000,QO00,108,1,old,208
2000,QO00,109,1,new,1718
2000,QO00,109,1,old,172
2000,QO00,110,1,new,2169
2000,QO00,110,1,old,181
2000,QO00,111,1,new,1722
2000,QO00,111,1,old,130
2000,QO00,112,1,new,2234
2000,QO00,112,1,old,141
2000,QO00,113,1,new,2132
2000,QO00,113,1,old,181
2000,QO00,114,1,new,1909
2000,QO00,114,1,old,145
2000,QO00,115,1,new,2125
2000,QO00,115,1,old,124
2000,QO00,116,1,new,1578
2000,QO00,116,1,old,110
2000,QO00,117,1,new,2018
2000,QO00,117,1,old,126
2000,QO00,118,1,new,1660
2000,QO00,118,1,old,100
2000,QO00,119,1,new,1238
2000,QO00,119,1,old,77
2000,QO00,120,1,new,1341
2000,QO00,120,1,old,80
2000,QO00,121,1,new,923
2000,QO00,121,1,old,64
2000,QO00,122,1,new,1023
2000,QO00,122,1,old,63
2000,QO00,123,1,new,718
2000,QO00,123,1,old,46
2000,QO00,124,1,new,590
2000,QO00,124,1,old,35
2000,QO00,125,1,new,506
2000,QO00,125,1,old,46
2000,QO00,126,1,new,304
2000,QO00,126,1,old,21
2000,QO00,127,1,new,323
2000,QO00,127,1,old,18
2000,QO00,128,1,new,210
2000,QO00,128,1,old,14
2000,QO00,129,1,new,135
2000,QO00,129,1,old,7
2000,QO00,130,1,new,96
2000,QO00,130,1,old,10
2000,QO00,131,1,new,54
2000,QO00,131,1,old,5
2000,QO00,132,1,new,65
2000,QO00,132,1,old,8
2000,QO00,133,1,new,32
2000,QO00,134,1,new,18
2000,QO00,134,1,old,1
2000,QO00,135,1,new,15
2000,QO00,135,1,old,2
2000,QO00,136,1,new,8
2000,QO00,137,1,new,7
2000,QO00,137,1,old,1
2000,QO00,138,1,new,7
2000,QO00,140,1,new,1
2000,QO00,141,1,new,2
2000,QO00,144,1,new,1
2001,QO01,51,1,new,1
2001,QO01,54,2,new,1
2001,QO01,56,1,new,1
2001,QO01,57,1,new,1
2001,QO01,59,1,old,1
2001,QO01,61,1,new,2
2001,QO01,62,1,new,4
2001,QO01,62,1,old,3
2001,QO01,63,1,new,7
2001,QO01,63,1,old,2
2001,QO01,63,2,new,2
2001,QO01,63,2,old,1
2001,QO01,64,1,new,2
2001,QO01,64,1,old,4
2001,QO01,64,2,new,1
2001,QO01,65,1,new,6
2001,QO01,65,1,old,2
2001,QO01,66,1,new,4
2001,QO01,66,1,old,4
2001,QO01,67,1,new,9
2001,QO01,67,1,old,5
2001,QO01,68,1,new,10
2001,QO01,68,1,old,4
2001,QO01,69,1,new,12
2001,QO01,69,1,old,3
2001,QO01,70,1,new,10
2001,QO01,70,1,old,7
2001,QO01,71,1,new,13
2001,QO01,71,1,old,9
2001,QO01,71,2,new,2
2001,QO01,72,1,new,22
2001,QO01,72,1,old,5
2001,QO01,72,2,old,2
2001,QO01,73,1,new,27
2001,QO01,73,1,old,10
2001,QO01,74,1,new,27
2001,QO01,74,1,old,16
2001,QO01,74,2,new,1
2001,QO01,75,1,new,51
2001,QO01,75,1,old,9
2001,QO01,75,2,old,1
2001,QO01,76,1,new,52
2001,QO01,76,1,old,15
2001,QO01,77,1,new,73
2001,QO01,77,1,old,15
2001,QO01,78,1,new,92
2001,QO01,78,1,old,20
2001,QO01,78,2,old,1
2001,QO01,79,1,new,104
2001,QO01,79,1,old,23
2001,QO01,80,1,new,119
2001,QO01,80,1,old,15
2001,QO01,80,2,old,1
2001,QO01,81,1,new,140
2001,QO01,81,1,old,23
2001,QO01,81,2,old,1
2001,QO01,82,1,new,202
2001,QO01,82,1,old,35
2001,QO01,83,1,new,233
2001,QO01,83,1,old,39
2001,QO01,84,1,new,242
2001,QO01,84,1,old,32
2001,QO01,85,1,new,287
2001,QO01,85,1,old,42
2001,QO01,86,1,new,259
2001,QO01,86,1,old,32
2001,QO01,87,1,new,318
2001,QO01,87,1,old,54
2001,QO01,87,2,new,1
2001,QO01,88,1,new,359
2001,QO01,88,1,old,62
2001,QO01,89,1,new,367
2001,QO01,89,1,old,64
2001,QO01,90,1,new,417
2001,QO01,90,1,old,127
2001,QO01,91,1,new,378
2001,QO01,91,1,old,116
2001,QO01,92,1,new,511
2001,QO01,92,1,old,166
2001,QO01,93,1,new,488
2001,QO01,93,1,old,198
2001,QO01,94,1,new,547
2001,QO01,94,1,old,222
2001,QO01,95,1,new,669
2001,QO01,95,1,old,316
2001,QO01,96,1,new,628
2001,QO01,96,1,old,319
2001,QO01,97,1,new,824
2001,QO01,97,1,old,430
2001,QO01,98,1,new,1094
2001,QO01,98,1,old,445
2001,QO01,99,1,new,908
2001,QO01,99,1,old,426
2001,QO01,100,1,new,1245
2001,QO01,100,1,old,554
2001,QO01,101,1,new,1178
2001,QO01,101,1,old,516
2001,QO01,102,1,new,1462
2001,QO01,102,1,old,542
2001,QO01,103,1,new,1631
2001,QO01,103,1,old,615
2001,QO01,104,1,new,1618
2001,QO01,104,1,old,584
2001,QO01,105,1,new,1847
2001,QO01,105,1,old,634
2001,QO01,106,1,new,1530
2001,QO01,106,1,old,553
2001,QO01,107,1,new,2120
2001,QO01,107,1,old,577
2001,QO01,108,1,new,2025
2001,QO01,108,1,old,581
2001,QO01,109,1,new,1916
2001,QO01,109,1,old,516
2001,QO01,110,1,new,2108
2001,QO01,110,1,old,568
2001,QO01,111,1,new,1832
2001,QO01,111,1,old,477
2001,QO01,112,1,new,2300
2001,QO01,112,1,old,484
2001,QO01,113,1,new,2214
2001,QO01,113,1,old,400
2001,QO01,114,1,new,1926
2001,QO01,114,1,old,371
2001,QO01,115,1,new,2195
2001,QO01,115,1,old,415
2001,QO01,116,1,new,1650
2001,QO01,116,1,old,284
2001,QO01,117,1,new,2040
2001,QO01,117,1,old,281
2001,QO01,118,1,new,1752
2001,QO01,118,1,old,281
2001,QO01,119,1,new,1220
2001,QO01,119,1,old,214
2001,QO01,120,1,new,1201
2001,QO01,120,1,old,172
2001,QO01,121,1,new,986
2001,QO01,121,1,old,136
2001,QO01,122,1,new,935
2001,QO01,122,1,old,129
2001,QO01,123,1,new,825
2001,QO01,123,1,old,123
2001,QO01,124,1,new,522
2001,QO01,124,1,old,66
2001,QO01,125,1,new,451
2001,QO01,125,1,old,69
2001,QO01,126,1,new,298
2001,QO01,126,1,old,37
2001,QO01,127,1,new,282
2001,QO01,127,1,old,43
2001,QO01,128,1,new,163
2001,QO01,128,1,old,27
2001,QO01,129,1,new,110
2001,QO01,129,1,old,14
2001,QO01,130,1,new,94
2001,QO01,130,1,old,19
2001,QO01,131,1,new,92
2001,QO01,131,1,old,10
2001,QO01,132,1,new,52
2001,QO01,132,1,old,8
2001,QO01,133,1,new,35
2001,QO01,133,1,old,4
2001,QO01,134,1,new,25
2001,QO01,134,1,old,2
2001,QO01,135,1,new,11
2001,QO01,135,1,old,1
2001,QO01,136,1,new,7
2001,QO01,136,1,old,1
2001,QO01,137,1,new,4
2001,QO01,138,1,new,3
2001,QO01,138,1,old,1
2001,QO01,139,1,new,3
2001,QO01,140,1,new,1
2001,QO01,143,1,new,1
2001,QO01,145,1,new,1
2001,QO01,145,1,old,1
2002,QO02,44,1,new,1
2002,QO02,44,2,old,1
2002,QO02,45,2,old,2
2002,QO02,47,2,new,4
2002,QO02,47,2,old,1
2002,QO02,48,2,new,3
2002,QO02,48,2,old,4
2002,QO02,49,2,new,5
2002,QO02,49,2,old,2
2002,QO02,50,1,new,1
2002,QO02,50,2,new,4
2002,QO02,50,2,old,6
2002,QO02,51,2,new,9
2002,QO02,51,2,old,12
2002,QO02,52,2,new,8
2002,QO02,52,2,old,19
2002,QO02,53,2,new,17
2002,QO02,53,2,old,21
2002,QO02,54,1,new,1
2002,QO02,54,2,new,18
2002,QO02,54,2,old,24
2002,QO02,55,1,old,3
2002,QO02,55,2,new,16
2002,QO02,55,2,old,36
2002,QO02,56,1,new,2
2002,QO02,56,1,old,1
2002,QO02,56,2,new,20
2002,QO02,56,2,old,25
2002,QO02,57,1,new,3
2002,QO02,57,1,old,2
2002,QO02,57,2,new,30
2002,QO02,57,2,old,29
2002,QO02,58,1,new,3
2002,QO02,58,1,old,1
2002,QO02,58,2,new,14
2002,QO02,58,2,old,22
2002,QO02,59,1,old,4
2002,QO02,59,2,new,17
2002,QO02,59,2,old,16
2002,QO02,60,1,new,5
2002,QO02,60,1,old,2
2002,QO02,60,2,new,9
2002,QO02,60,2,old,13
2002,QO02,61,1,new,2
2002,QO02,61,1,old,8
2002,QO02,61,2,new,16
2002,QO02,61,2,old,7
2002,QO02,62,1,new,6
2002,QO02,62,1,old,5
2002,QO02,62,2,new,11
2002,QO02,62,2,old,18
2002,QO02,63,1,new,12
2002,QO02,63,1,old,3
2002,QO02,63,2,new,8
2002,QO02,63,2,old,8
2002,QO02,64,1,new,10
2002,QO02,64,1,old,6
2002,QO02,64,2,new,4
2002,QO02,64,2,old,4
2002,QO02,65,1,new,9
2002,QO02,65,1,old,6
2002,QO02,65,2,new,4
2002,QO02,65,2,old,7
2002,QO02,66,1,new,15
2002,QO02,66,1,old,10
2002,QO02,66,2,new,7
2002,QO02,66,2,old,6
2002,QO02,67,1,new,28
2002,QO02,67,1,old,15
2002,QO02,67,2,new,2
2002,QO02,67,2,old,6
2002,QO02,68,1,new,24
2002,QO02,68,1,old,19
2002,QO02,68,2,new,3
2002,QO02,68,2,old,7
2002,QO02,69,1,new,37
2002,QO02,69,1,old,26
2002,QO02,69,2,new,1
2002,QO02,69,2,old,6
2002,QO02,70,1,new,58
2002,QO02,70,1,old,39
2002,QO02,70,2,new,1
2002,QO02,70,2,old,3
2002,QO02,71,1,new,65
2002,QO02,71,1,old,34
2002,QO02,71,2,new,1
2002,QO02,71,2,old,3
2002,QO02,72,1,new,114
2002,QO02,72,1,old,49
2002,QO02,72,2,new,1
2002,QO02,72,2,old,2
2002,QO02,73,1,new,139
2002,QO02,73,1,old,55
2002,QO02,73,2,new,1
2002,QO02,73,2,old,2
2002,QO02,74,1,new,160
2002,QO02,74,1,old,61
2002,QO02,74,2,old,2
2002,QO02,75,1,new,192
2002,QO02,75,1,old,75
2002,QO02,76,1,new,200
2002,QO02,76,1,old,73
2002,QO02,77,1,new,256
2002,QO02,77,1,old,100
2002,QO02,78,1,new,315
2002,QO02,78,1,old,99
2002,QO02,78,2,old,1
2002,QO02,79,1,new,298
2002,QO02,79,1,old,92
2002,QO02,80,1,new,435
2002,QO02,80,1,old,127
2002,QO02,81,1,new,431
2002,QO02,81,1,old,119
2002,QO02,82,1,new,502
2002,QO02,82,1,old,184
2002,QO02,83,1,new,547
2002,QO02,83,1,old,186
2002,QO02,84,1,new,607
2002,QO02,84,1,old,128
2002,QO02,85,1,new,685
2002,QO02,85,1,old,211
2002,QO02,86,1,new,558
2002,QO02,86,1,old,174
2002,QO02,87,1,new,729
2002,QO02,87,1,old,186
2002,QO02,88,1,new,732
2002,QO02,88,1,old,239
2002,QO02,88,2,old,1
2002,QO02,89,1,new,817
2002,QO02,89,1,old,224
2002,QO02,90,1,new,832
2002,QO02,90,1,old,289
2002,QO02,90,2,old,1
2002,QO02,91,1,new,811
2002,QO02,91,1,old,274
2002,QO02,92,1,new,1144
2002,QO02,92,1,old,337
2002,QO02,92,2,old,1
2002,QO02,93,1,new,1137
2002,QO02,93,1,old,406
2002,QO02,94,1,new,1296
2002,QO02,94,1,old,464
2002,QO02,95,1,new,1533
2002,QO02,95,1,old,556
2002,QO02,96,1,new,1401
2002,QO02,96,1,old,529
2002,QO02,97,1,new,1919
2002,QO02,97,1,old,670
2002,QO02,98,1,new,1936
2002,QO02,98,1,old,733
2002,QO02,98,2,old,1
2002,QO02,99,1,new,1899
2002,QO02,99,1,old,657
2002,QO02,100,1,new,2107
2002,QO02,100,1,old,882
2002,QO02,100,2,new,1
2002,QO02,101,1,new,2013
2002,QO02,101,1,old,933
2002,QO02,102,1,new,2561
2002,QO02,102,1,old,1103
2002,QO02,103,1,new,2295
2002,QO02,103,1,old,1156
2002,QO02,104,1,new,2389
2002,QO02,104,1,old,1158
2002,QO02,105,1,new,2279
2002,QO02,105,1,old,1282
2002,QO02,105,2,new,1
2002,QO02,106,1,new,2014
2002,QO02,106,1,old,1005
2002,QO02,106,2,new,1
2002,QO02,107,1,new,2098
2002,QO02,107,1,old,1138
2002,QO02,108,1,new,2151
2002,QO02,108,1,old,1118
2002,QO02,109,1,new,1842
2002,QO02,109,1,old,1009
2002,QO02,109,2,old,1
2002,QO02,110,1,new,1701
2002,QO02,110,1,old,1208
2002,QO02,111,1,new,1438
2002,QO02,111,1,old,928
2002,QO02,112,1,new,1810
2002,QO02,112,1,old,1109
2002,QO02,113,1,new,1448
2002,QO02,113,1,old,1027
2002,QO02,114,1,new,1309
2002,QO02,114,1,old,804
2002,QO02,115,1,new,1282
2002,QO02,115,1,old,963
2002,QO02,116,1,new,1044
2002,QO02,116,1,old,700
2002,QO02,116,2,old,1
2002,QO02,117,1,new,1055
2002,QO02,117,1,old,723
2002,QO02,118,1,new,1039
2002,QO02,118,1,old,606
2002,QO02,119,1,new,698
2002,QO02,119,1,old,556
2002,QO02,120,1,new,654
2002,QO02,120,1,old,538
2002,QO02,121,1,new,641
2002,QO02,121,1,old,424
2002,QO02,122,1,new,523
2002,QO02,122,1,old,367
2002,QO02,123,1,new,436
2002,QO02,123,1,old,308
2002,QO02,124,1,new,367
2002,QO02,124,1,old,233
2002,QO02,125,1,new,258
2002,QO02,125,1,old,225
2002,QO02,126,1,new,194
2002,QO02,126,1,old,144
2002,QO02,127,1,new,204
2002,QO02,127,1,old,101
2002,QO02,128,1,new,123
2002,QO02,128,1,old,74
2002,QO02,129,1,new,73
2002,QO02,129,1,old,50
2002,QO02,130,1,new,59
2002,QO02,130,1,old,54
2002,QO02,131,1,new,42
2002,QO02,131,1,old,30
2002,QO02,132,1,new,48
2002,QO02,132,1,old,9
2002,QO02,133,1,new,17
2002,QO02,133,1,old,14
2002,QO02,134,1,new,14
2002,QO02,134,1,old,9
2002,QO02,135,1,new,12
2002,QO02,135,1,old,7
2002,QO02,136,1,new,13
2002,QO02,136,1,old,3
2002,QO02,137,1,new,3
2002,QO02,137,1,old,6
2002,QO02,138,1,new,6
2002,QO02,138,1,old,3
2002,QO02,139,1,new,1
2002,QO02,140,1,new,2
2002,QO02,141,1,old,1
2002,QO02,143,1,new,2
2002,QO02,144,1,new,1
2002,QO02,144,1,old,1
2002,QO02,145,1,new,1
2002,QO02,148,1,new,1
2002,QO02,149,1,new,1
2002,QO02,150,1,new,1
2002,QO02,154,1,new,1
2003,QO03,31,1,new,1
2003,QO03,33,1,new,3
2003,QO03,34,1,new,2
2003,QO03,35,1,new,1
2003,QO03,36,1,new,1
2003,QO03,37,1,new,1
2003,QO03,38,1,new,3
2003,QO03,39,1,new,1
2003,QO03,41,1,new,1
2003,QO03,44,1,new,2
2003,QO03,46,1,new,1
2003,QO03,47,1,new,1
2003,QO03,53,1,new,1
2003,QO03,53,2,old,2
2003,QO03,55,1,new,1
2003,QO03,55,2,old,1
2003,QO03,56,1,new,2
2003,QO03,56,1,old,1
2003,QO03,56,2,old,2
2003,QO03,57,2,old,2
2003,QO03,58,1,new,1
2003,QO03,58,1,old,3
2003,QO03,58,2,old,6
2003,QO03,59,1,new,3
2003,QO03,59,1,old,2
2003,QO03,59,2,old,1
2003,QO03,60,1,new,1
2003,QO03,60,1,old,6
2003,QO03,60,2,old,3
2003,QO03,61,1,new,7
2003,QO03,61,1,old,3
2003,QO03,61,2,new,1
2003,QO03,61,2,old,3
2003,QO03,62,1,new,13
2003,QO03,62,1,old,6
2003,QO03,62,2,old,2
2003,QO03,63,1,new,12
2003,QO03,63,1,old,4
2003,QO03,63,2,old,7
2003,QO03,64,1,new,12
2003,QO03,64,1,old,3
2003,QO03,64,2,old,2
2003,QO03,65,1,new,23
2003,QO03,65,1,old,22
2003,QO03,65,2,old,5
2003,QO03,66,1,new,15
2003,QO03,66,1,old,15
2003,QO03,66,2,new,1
2003,QO03,66,2,old,7
2003,QO03,67,1,new,24
2003,QO03,67,1,old,18
2003,QO03,67,2,old,3
2003,QO03,68,1,new,29
2003,QO03,68,1,old,19
2003,QO03,68,2,old,4
2003,QO03,69,1,new,35
2003,QO03,69,1,old,28
2003,QO03,69,2,old,2
2003,QO03,70,1,new,61
2003,QO03,70,1,old,31
2003,QO03,70,2,old,2
2003,QO03,71,1,new,71
2003,QO03,71,1,old,26
2003,QO03,71,2,new,1
2003,QO03,71,2,old,1
2003,QO03,72,1,new,82
2003,QO03,72,1,old,39
2003,QO03,72,2,old,2
2003,QO03,73,1,new,127
2003,QO03,73,1,old,36
2003,QO03,73,2,old,1
2003,QO03,74,1,new,149
2003,QO03,74,1,old,54
2003,QO03,75,1,new,186
2003,QO03,75,1,old,76
2003,QO03,76,1,new,221
2003,QO03,76,1,old,62
2003,QO03,77,1,new,242
2003,QO03,77,1,old,62
2003,QO03,78,1,new,306
2003,QO03,78,1,old,90
2003,QO03,78,2,old,2
2003,QO03,79,1,new,326
2003,QO03,79,1,old,91
2003,QO03,80,1,new,436
2003,QO03,80,1,old,114
2003,QO03,81,1,new,403
2003,QO03,81,1,old,103
2003,QO03,82,1,new,592
2003,QO03,82,1,old,122
2003,QO03,83,1,new,620
2003,QO03,83,1,old,137
2003,QO03,84,1,new,740
2003,QO03,84,1,old,127
2003,QO03,85,1,new,842
2003,QO03,85,1,old,163
2003,QO03,86,1,new,794
2003,QO03,86,1,old,150
2003,QO03,87,1,new,980
2003,QO03,87,1,old,152
2003,QO03,88,1,new,958
2003,QO03,88,1,old,128
2003,QO03,89,1,new,1069
2003,QO03,89,1,old,160
2003,QO03,90,1,new,1395
2003,QO03,90,1,old,199
2003,QO03,91,1,new,1190
2003,QO03,91,1,old,141
2003,QO03,92,1,new,1743
2003,QO03,92,1,old,237
2003,QO03,93,1,new,1624
2003,QO03,93,1,old,232
2003,QO03,94,1,new,2043
2003,QO03,94,1,old,233
2003,QO03,95,1,new,2255
2003,QO03,95,1,old,348
2003,QO03,96,1,new,2092
2003,QO03,96,1,old,275
2003,QO03,97,1,new,2431
2003,QO03,97,1,old,322
2003,QO03,98,1,new,2563
2003,QO03,98,1,old,337
2003,QO03,99,1,new,2269
2003,QO03,99,1,old,334
2003,QO03,100,1,new,2626
2003,QO03,100,1,old,446
2003,QO03,101,1,new,2226
2003,QO03,101,1,old,285
2003,QO03,102,1,new,2692
2003,QO03,102,1,old,446
2003,QO03,103,1,new,2432
2003,QO03,103,1,old,477
2003,QO03,104,1,new,2586
2003,QO03,104,1,old,392
2003,QO03,105,1,new,2459
2003,QO03,105,1,old,495
2003,QO03,106,1,new,2000
2003,QO03,106,1,old,378
2003,QO03,107,1,new,1909
2003,QO03,107,1,old,295
2003,QO03,108,1,new,1947
2003,QO03,108,1,old,327
2003,QO03,109,1,new,1571
2003,QO03,109,1,old,315
2003,QO03,110,1,new,1642
2003,QO03,110,1,old,407
2003,QO03,111,1,new,1217
2003,QO03,111,1,old,224
2003,QO03,112,1,new,1356
2003,QO03,112,1,old,298
2003,QO03,113,1,new,987
2003,QO03,113,1,old,249
2003,QO03,114,1,new,966
2003,QO03,114,1,old,233
2003,QO03,115,1,new,939
2003,QO03,115,1,old,276
2003,QO03,116,1,new,660
2003,QO03,116,1,old,183
2003,QO03,117,1,new,602
2003,QO03,117,1,old,194
2003,QO03,118,1,new,550
2003,QO03,118,1,old,181
2003,QO03,119,1,new,368
2003,QO03,119,1,old,118
2003,QO03,120,1,new,419
2003,QO03,120,1,old,139
2003,QO03,121,1,new,267
2003,QO03,121,1,old,82
2003,QO03,122,1,new,225
2003,QO03,122,1,old,81
2003,QO03,123,1,new,162
2003,QO03,123,1,old,75
2003,QO03,124,1,new,150
2003,QO03,124,1,old,45
2003,QO03,125,1,new,129
2003,QO03,125,1,old,40
2003,QO03,126,1,new,55
2003,QO03,126,1,old,29
2003,QO03,127,1,new,63
2003,QO03,127,1,old,24
2003,QO03,128,1,new,34
2003,QO03,128,1,old,9
2003,QO03,129,1,new,23
2003,QO03,129,1,old,14
2003,QO03,130,1,new,20
2003,QO03,130,1,old,16
2003,QO03,131,1,new,10
2003,QO03,131,1,old,7
2003,QO03,132,1,new,6
2003,QO03,132,1,old,7
2003,QO03,133,1,new,5
2003,QO03,133,1,old,7
2003,QO03,134,1,new,1
2003,QO03,134,1,old,2
2003,QO03,135,1,new,2
2003,QO03,135,1,old,3
2003,QO03,136,1,old,2
2003,QO03,137,1,new,1
2003,QO03,138,1,old,2
2003,QO03,139,1,new,1
2003,QO03,140,1,new,1
2003,QO03,141,1,new,2
2003,QO03,145,1,new,1
2003,QO03,146,1,new,1
2003,QO03,181,1,new,1
2003,QO03,182,1,new,1
2004,QO04,51,1,new,1
2004,QO04,55,1,new,1
2004,QO04,56,1,new,1
2004,QO04,56,1,old,1
2004,QO04,59,1,old,1
2004,QO04,60,1,old,1
2004,QO04,60,2,old,1
2004,QO04,61,1,new,1
2004,QO04,61,1,old,1
2004,QO04,61,2,old,1
2004,QO04,62,1,new,1
2004,QO04,62,1,old,4
2004,QO04,63,1,old,2
2004,QO04,63,2,old,3
2004,QO04,64,1,old,2
2004,QO04,64,2,old,1
2004,QO04,65,1,new,3
2004,QO04,65,1,old,4
2004,QO04,65,2,old,2
2004,QO04,66,1,new,2
2004,QO04,66,1,old,3
2004,QO04,66,2,old,1
2004,QO04,67,1,new,4
2004,QO04,67,1,old,4
2004,QO04,68,1,new,2
2004,QO04,68,1,old,4
2004,QO04,68,2,old,2
2004,QO04,69,1,new,2
2004,QO04,69,1,old,10
2004,QO04,69,2,old,1
2004,QO04,70,1,new,8
2004,QO04,70,1,old,18
2004,QO04,71,1,new,10
2004,QO04,71,1,old,14
2004,QO04,72,1,new,13
2004,QO04,72,1,old,25
2004,QO04,72,2,old,2
2004,QO04,73,1,new,10
2004,QO04,73,1,old,23
2004,QO04,74,1,new,12
2004,QO04,74,1,old,31
2004,QO04,75,1,new,14
2004,QO04,75,1,old,33
2004,QO04,76,1,new,29
2004,QO04,76,1,old,30
2004,QO04,76,2,old,1
2004,QO04,77,1,new,20
2004,QO04,77,1,old,32
2004,QO04,78,1,new,28
2004,QO04,78,1,old,47
2004,QO04,78,2,old,1
2004,QO04,79,1,new,25
2004,QO04,79,1,old,56
2004,QO04,79,2,old,2
2004,QO04,80,1,new,49
2004,QO04,80,1,old,56
2004,QO04,81,1,new,46
2004,QO04,81,1,old,64
2004,QO04,81,2,old,1
2004,QO04,82,1,new,57
2004,QO04,82,1,old,70
2004,QO04,83,1,new,39
2004,QO04,83,1,old,90
2004,QO04,83,2,old,1
2004,QO04,84,1,new,74
2004,QO04,84,1,old,79
2004,QO04,84,2,new,1
2004,QO04,85,1,new,67
2004,QO04,85,1,old,73
2004,QO04,86,1,new,83
2004,QO04,86,1,old,84
2004,QO04,87,1,new,120
2004,QO04,87,1,old,111
2004,QO04,88,1,new,123
2004,QO04,88,1,old,98
2004,QO04,89,1,new,157
2004,QO04,89,1,old,119
2004,QO04,89,2,old,1
2004,QO04,90,1,new,167
2004,QO04,90,1,old,156
2004,QO04,91,1,new,200
2004,QO04,91,1,old,150
2004,QO04,92,1,new,273
2004,QO04,92,1,old,190
2004,QO04,93,1,new,306
2004,QO04,93,1,old,214
2004,QO04,94,1,new,372
2004,QO04,94,1,old,237
2004,QO04,95,1,new,379
2004,QO04,95,1,old,243
2004,QO04,96,1,new,510
2004,QO04,96,1,old,259
2004,QO04,97,1,new,543
2004,QO04,97,1,old,326
2004,QO04,98,1,new,588
2004,QO04,98,1,old,337
2004,QO04,99,1,new,674
2004,QO04,99,1,old,296
2004,QO04,100,1,new,776
2004,QO04,100,1,old,326
2004,QO04,101,1,new,907
2004,QO04,101,1,old,319
2004,QO04,102,1,new,1165
2004,QO04,102,1,old,345
2004,QO04,103,1,new,1187
2004,QO04,103,1,old,326
2004,QO04,104,1,new,1303
2004,QO04,104,1,old,331
2004,QO04,105,1,new,1338
2004,QO04,105,1,old,294
2004,QO04,106,1,new,1396
2004,QO04,106,1,old,313
2004,QO04,107,1,new,1411
2004,QO04,107,1,old,286
2004,QO04,108,1,new,1515
2004,QO04,108,1,old,292
2004,QO04,109,1,new,1597
2004,QO04,109,1,old,302
2004,QO04,110,1,new,1772
2004,QO04,110,1,old,286
2004,QO04,111,1,new,1531
2004,QO04,111,1,old,240
2004,QO04,112,1,new,1615
2004,QO04,112,1,old,263
2004,QO04,113,1,new,1352
2004,QO04,113,1,old,234
2004,QO04,114,1,new,1425
2004,QO04,114,1,old,214
2004,QO04,115,1,new,1319
2004,QO04,115,1,old,210
2004,QO04,116,1,new,1208
2004,QO04,116,1,old,193
2004,QO04,117,1,new,1145
2004,QO04,117,1,old,167
2004,QO04,118,1,new,1071
2004,QO04,118,1,old,176
2004,QO04,119,1,new,867
2004,QO04,119,1,old,154
2004,QO04,120,1,new,795
2004,QO04,120,1,old,129
2004,QO04,121,1,new,628
2004,QO04,121,1,old,131
2004,QO04,122,1,new,463
2004,QO04,122,1,old,82
2004,QO04,123,1,new,384
2004,QO04,123,1,old,77
2004,QO04,124,1,new,323
2004,QO04,124,1,old,63
2004,QO04,125,1,new,208
2004,QO04,125,1,old,36
2004,QO04,126,1,new,193
2004,QO04,126,1,old,43
2004,QO04,127,1,new,131
2004,QO04,127,1,old,33
2004,QO04,128,1,new,91
2004,QO04,128,1,old,25
2004,QO04,129,1,new,58
2004,QO04,129,1,old,17
2004,QO04,130,1,new,68
2004,QO04,130,1,old,10
2004,QO04,131,1,new,41
2004,QO04,131,1,old,5
2004,QO04,132,1,new,22
2004,QO04,132,1,old,4
2004,QO04,133,1,new,12
2004,QO04,134,1,new,13
2004,QO04,134,1,old,1
2004,QO04,135,1,new,3
2004,QO04,135,1,old,3
2004,QO04,136,1,new,2
2004,QO04,136,1,old,1
2004,QO04,137,1,new,3
2004,QO04,138,1,new,1
2004,QO04,139,1,new,1
2004,QO04,140,1,new,1
2004,QO04,147,1,new,1
2004,QO04,147,1,old,1
2004,QO04,148,1,new,1
2004,QO04,149,1,new,1
2005,QO05,27,2,old,1
2005,QO05,45,1,new,1
2005,QO05,47,1,new,1
2005,QO05,50,1,new,2
2005,QO05,50,2,old,1
2005,QO05,51,2,new,1
2005,QO05,52,1,new,4
2005,QO05,52,2,new,2
2005,QO05,53,1,new,3
2005,QO05,53,2,old,2
2005,QO05,54,1,new,4
2005,QO05,54,2,new,3
2005,QO05,54,2,old,2
2005,QO05,55,1,new,7
2005,QO05,55,2,new,3
2005,QO05,55,2,old,1
2005,QO05,56,1,new,7
2005,QO05,56,1,old,1
2005,QO05,56,2,new,4
2005,QO05,57,1,new,5
2005,QO05,57,1,old,2
2005,QO05,57,2,new,4
2005,QO05,57,2,old,5
2005,QO05,58,1,new,7
2005,QO05,58,2,new,3
2005,QO05,58,2,old,5
2005,QO05,59,1,new,13
2005,QO05,59,1,old,4
2005,QO05,59,2,new,5
2005,QO05,59,2,old,2
2005,QO05,60,1,new,22
2005,QO05,60,2,new,2
2005,QO05,60,2,old,4
2005,QO05,61,1,new,17
2005,QO05,61,1,old,5
2005,QO05,61,2,new,5
2005,QO05,61,2,old,4
2005,QO05,62,1,new,38
2005,QO05,62,1,old,2
2005,QO05,62,2,new,2
2005,QO05,62,2,old,3
2005,QO05,63,1,new,42
2005,QO05,63,1,old,5
2005,QO05,63,2,new,5
2005,QO05,63,2,old,5
2005,QO05,64,1,new,68
2005,QO05,64,1,old,10
2005,QO05,64,2,new,4
2005,QO05,64,2,old,6
2005,QO05,65,1,new,62
2005,QO05,65,1,old,6
2005,QO05,65,2,new,4
2005,QO05,66,1,new,78
2005,QO05,66,1,old,9
2005,QO05,66,2,new,4
2005,QO05,66,2,old,4
2005,QO05,67,1,new,71
2005,QO05,67,1,old,14
2005,QO05,67,2,new,1
2005,QO05,67,2,old,5
2005,QO05,68,1,new,83
2005,QO05,68,1,old,24
2005,QO05,68,2,new,1
2005,QO05,68,2,old,7
2005,QO05,69,1,new,125
2005,QO05,69,1,old,14
2005,QO05,69,2,old,2
2005,QO05,70,1,new,136
2005,QO05,70,1,old,29
2005,QO05,70,2,new,1
2005,QO05,70,2,old,6
2005,QO05,71,1,new,153
2005,QO05,71,1,old,26
2005,QO05,71,2,new,1
2005,QO05,71,2,old,1
2005,QO05,72,1,new,185
2005,QO05,72,1,old,28
2005,QO05,72,2,old,3
2005,QO05,73,1,new,162
2005,QO05,73,1,old,35
2005,QO05,74,1,new,247
2005,QO05,74,1,old,48
2005,QO05,74,2,old,2
2005,QO05,75,1,new,300
2005,QO05,75,1,old,63
2005,QO05,75,2,new,2
2005,QO05,75,2,old,1
2005,QO05,76,1,new,321
2005,QO05,76,1,old,69
2005,QO05,76,2,old,3
2005,QO05,77,1,new,320
2005,QO05,77,1,old,55
2005,QO05,77,2,new,2
2005,QO05,77,2,old,1
2005,QO05,78,1,new,413
2005,QO05,78,1,old,75
2005,QO05,78,2,old,1
2005,QO05,79,1,new,474
2005,QO05,79,1,old,68
2005,QO05,79,2,old,1
2005,QO05,80,1,new,701
2005,QO05,80,1,old,96
2005,QO05,80,2,old,2
2005,QO05,81,1,new,627
2005,QO05,81,1,old,88
2005,QO05,82,1,new,825
2005,QO05,82,1,old,93
2005,QO05,82,2,old,1
2005,QO05,83,1,new,778
2005,QO05,83,1,old,93
2005,QO05,84,1,new,1006
2005,QO05,84,1,old,103
2005,QO05,85,1,new,1056
2005,QO05,85,1,old,141
2005,QO05,86,1,new,1032
2005,QO05,86,1,old,164
2005,QO05,87,1,new,1062
2005,QO05,87,1,old,124
2005,QO05,88,1,new,1195
2005,QO05,88,1,old,178
2005,QO05,89,1,new,1142
2005,QO05,89,1,old,173
2005,QO05,90,1,new,1354
2005,QO05,90,1,old,215
2005,QO05,91,1,new,1165
2005,QO05,91,1,old,190
2005,QO05,91,2,old,1
2005,QO05,92,1,new,1378
2005,QO05,92,1,old,282
2005,QO05,93,1,new,1238
2005,QO05,93,1,old,230
2005,QO05,94,1,new,1459
2005,QO05,94,1,old,302
2005,QO05,95,1,new,1516
2005,QO05,95,1,old,389
2005,QO05,96,1,new,1612
2005,QO05,96,1,old,412
2005,QO05,97,1,new,1676
2005,QO05,97,1,old,381
2005,QO05,98,1,new,1752
2005,QO05,98,1,old,457
2005,QO05,99,1,new,1878
2005,QO05,99,1,old,470
2005,QO05,100,1,new,2302
2005,QO05,100,1,old,650
2005,QO05,101,1,new,2125
2005,QO05,101,1,old,553
2005,QO05,102,1,new,2672
2005,QO05,102,1,old,704
2005,QO05,103,1,new,2735
2005,QO05,103,1,old,637
2005,QO05,104,1,new,3010
2005,QO05,104,1,old,737
2005,QO05,105,1,new,3490
2005,QO05,105,1,old,844
2005,QO05,106,1,new,3436
2005,QO05,106,1,old,804
2005,QO05,107,1,new,3452
2005,QO05,107,1,old,747
2005,QO05,108,1,new,4249
2005,QO05,108,1,old,887
2005,QO05,109,1,new,3978
2005,QO05,109,1,old,791
2005,QO05,110,1,new,5218
2005,QO05,110,1,old,1070
2005,QO05,111,1,new,4193
2005,QO05,111,1,old,856
2005,QO05,112,1,new,5678
2005,QO05,112,1,old,997
2005,QO05,113,1,new,4957
2005,QO05,113,1,old,931
2005,QO05,114,1,new,5290
2005,QO05,114,1,old,1069
2005,QO05,115,1,new,6216
2005,QO05,115,1,old,1148
2005,QO05,116,1,new,5008
2005,QO05,116,1,old,919
2005,QO05,117,1,new,5469
2005,QO05,117,1,old,863
2005,QO05,118,1,new,5430
2005,QO05,118,1,old,943
2005,QO05,119,1,new,4404
2005,QO05,119,1,old,846
2005,QO05,120,1,new,4965
2005,QO05,120,1,old,893
2005,QO05,121,1,new,4169
2005,QO05,121,1,old,647
2005,QO05,122,1,new,4167
2005,QO05,122,1,old,600
2005,QO05,123,1,new,3330
2005,QO05,123,1,old,567
2005,QO05,124,1,new,3131
2005,QO05,124,1,old,542
2005,QO05,125,1,new,2534
2005,QO05,125,1,old,420
2005,QO05,126,1,new,2102
2005,QO05,126,1,old,347
2005,QO05,127,1,new,1797
2005,QO05,127,1,old,245
2005,QO05,128,1,new,1342
2005,QO05,128,1,old,257
2005,QO05,129,1,new,1022
2005,QO05,129,1,old,177
2005,QO05,130,1,new,932
2005,QO05,130,1,old,164
2005,QO05,131,1,new,641
2005,QO05,131,1,old,100
2005,QO05,132,1,new,493
2005,QO05,132,1,old,85
2005,QO05,133,1,new,349
2005,QO05,133,1,old,65
2005,QO05,134,1,new,267
2005,QO05,134,1,old,40
2005,QO05,135,1,new,166
2005,QO05,135,1,old,55
2005,QO05,136,1,new,131
2005,QO05,136,1,old,13
2005,QO05,137,1,new,58
2005,QO05,137,1,old,17
2005,QO05,138,1,new,49
2005,QO05,138,1,old,16
2005,QO05,139,1,new,26
2005,QO05,139,1,old,3
2005,QO05,140,1,new,22
2005,QO05,140,1,old,5
2005,QO05,141,1,new,11
2005,QO05,142,1,new,6
2005,QO05,142,1,old,5
2005,QO05,143,1,new,7
2005,QO05,143,1,old,1
2005,QO05,144,1,new,4
2005,QO05,146,1,new,2
2005,QO05,148,1,new,1
2005,QO05,149,1,new,2
2005,QO05,152,1,new,1
2005,QO05,159,1,new,1
2005,QO05,179,1,new,1
2006,QO06,55,1,new,1
2006,QO06,57,1,new,3
2006,QO06,58,1,new,3
2006,QO06,59,1,new,3
2006,QO06,59,2,old,2
2006,QO06,60,1,new,3
2006,QO06,60,1,old,1
2006,QO06,61,1,new,4
2006,QO06,61,1,old,1
2006,QO06,62,1,new,9
2006,QO06,62,1,old,6
2006,QO06,62,2,old,3
2006,QO06,63,1,new,15
2006,QO06,63,1,old,4
2006,QO06,63,2,old,2
2006,QO06,64,1,new,15
2006,QO06,64,1,old,3
2006,QO06,64,2,new,2
2006,QO06,64,2,old,1
2006,QO06,65,1,new,22
2006,QO06,65,1,old,5
2006,QO06,65,2,new,1
2006,QO06,65,2,old,7
2006,QO06,66,1,new,14
2006,QO06,66,1,old,5
2006,QO06,66,2,old,1
2006,QO06,67,1,new,18
2006,QO06,67,1,old,8
2006,QO06,67,2,new,1
2006,QO06,68,1,new,15
2006,QO06,68,1,old,16
2006,QO06,68,2,new,3
2006,QO06,68,2,old,4
2006,QO06,69,1,new,25
2006,QO06,69,1,old,9
2006,QO06,69,2,new,1
2006,QO06,69,2,old,1
2006,QO06,70,1,new,46
2006,QO06,70,1,old,15
2006,QO06,70,2,new,1
2006,QO06,70,2,old,2
2006,QO06,71,1,new,51
2006,QO06,71,1,old,9
2006,QO06,71,2,old,2
2006,QO06,72,1,new,83
2006,QO06,72,1,old,22
2006,QO06,72,2,new,1
2006,QO06,72,2,old,4
2006,QO06,73,1,new,94
2006,QO06,73,1,old,20
2006,QO06,73,2,new,2
2006,QO06,74,1,new,121
2006,QO06,74,1,old,30
2006,QO06,74,2,new,1
2006,QO06,74,2,old,2
2006,QO06,75,1,new,174
2006,QO06,75,1,old,27
2006,QO06,75,2,old,2
2006,QO06,76,1,new,186
2006,QO06,76,1,old,33
2006,QO06,77,1,new,277
2006,QO06,77,1,old,33
2006,QO06,77,2,old,1
2006,QO06,78,1,new,354
2006,QO06,78,1,old,50
2006,QO06,78,2,new,2
2006,QO06,78,2,old,4
2006,QO06,79,1,new,427
2006,QO06,79,1,old,55
2006,QO06,80,1,new,655
2006,QO06,80,1,old,83
2006,QO06,81,1,new,784
2006,QO06,81,1,old,98
2006,QO06,81,2,old,1
2006,QO06,82,1,new,1096
2006,QO06,82,1,old,140
2006,QO06,83,1,new,1108
2006,QO06,83,1,old,119
2006,QO06,84,1,new,1459
2006,QO06,84,1,old,126
2006,QO06,85,1,new,1527
2006,QO06,85,1,old,158
2006,QO06,85,2,old,1
2006,QO06,86,1,new,1625
2006,QO06,86,1,old,171
2006,QO06,86,2,old,2
2006,QO06,87,1,new,1849
2006,QO06,87,1,old,153
2006,QO06,88,1,new,1987
2006,QO06,88,1,old,205
2006,QO06,89,1,new,2011
2006,QO06,89,1,old,191
2006,QO06,90,1,new,2209
2006,QO06,90,1,old,197
2006,QO06,91,1,new,2027
2006,QO06,91,1,old,177
2006,QO06,92,1,new,2373
2006,QO06,92,1,old,200
2006,QO06,93,1,new,2396
2006,QO06,93,1,old,240
2006,QO06,94,1,new,2779
2006,QO06,94,1,old,240
2006,QO06,95,1,new,3037
2006,QO06,95,1,old,240
2006,QO06,96,1,new,3213
2006,QO06,96,1,old,213
2006,QO06,97,1,new,3777
2006,QO06,97,1,old,242
2006,QO06,98,1,new,4470
2006,QO06,98,1,old,286
2006,QO06,99,1,new,4534
2006,QO06,99,1,old,260
2006,QO06,100,1,new,5734
2006,QO06,100,1,old,325
2006,QO06,101,1,new,5493
2006,QO06,101,1,old,243
2006,QO06,102,1,new,7433
2006,QO06,102,1,old,372
2006,QO06,103,1,new,7466
2006,QO06,103,1,old,364
2006,QO06,104,1,new,7729
2006,QO06,104,1,old,406
2006,QO06,105,1,new,8265
2006,QO06,105,1,old,442
2006,QO06,106,1,new,8025
2006,QO06,106,1,old,481
2006,QO06,107,1,new,7897
2006,QO06,107,1,old,491
2006,QO06,108,1,new,7559
2006,QO06,108,1,old,487
2006,QO06,109,1,new,6407
2006,QO06,109,1,old,454
2006,QO06,110,1,new,6529
2006,QO06,110,1,old,598
2006,QO06,111,1,new,4671
2006,QO06,111,1,old,540
2006,QO06,112,1,new,4438
2006,QO06,112,1,old,698
2006,QO06,113,1,new,3395
2006,QO06,113,1,old,583
2006,QO06,114,1,new,2687
2006,QO06,114,1,old,604
2006,QO06,115,1,new,2302
2006,QO06,115,1,old,577
2006,QO06,116,1,new,1563
2006,QO06,116,1,old,612
2006,QO06,117,1,new,1242
2006,QO06,117,1,old,609
2006,QO06,118,1,new,1146
2006,QO06,118,1,old,651
2006,QO06,119,1,new,770
2006,QO06,119,1,old,504
2006,QO06,120,1,new,662
2006,QO06,120,1,old,535
2006,QO06,121,1,new,593
2006,QO06,121,1,old,559
2006,QO06,122,1,new,514
2006,QO06,122,1,old,479
2006,QO06,123,1,new,353
2006,QO06,123,1,old,437
2006,QO06,124,1,new,332
2006,QO06,124,1,old,419
2006,QO06,125,1,new,253
2006,QO06,125,1,old,346
2006,QO06,126,1,new,224
2006,QO06,126,1,old,334
2006,QO06,127,1,new,161
2006,QO06,127,1,old,234
2006,QO06,128,1,new,140
2006,QO06,128,1,old,209
2006,QO06,129,1,new,112
2006,QO06,129,1,old,148
2006,QO06,130,1,new,85
2006,QO06,130,1,old,140
2006,QO06,131,1,new,69
2006,QO06,131,1,old,101
2006,QO06,132,1,new,49
2006,QO06,132,1,old,93
2006,QO06,133,1,new,44
2006,QO06,133,1,old,60
2006,QO06,134,1,new,23
2006,QO06,134,1,old,38
2006,QO06,135,1,new,18
2006,QO06,135,1,old,23
2006,QO06,136,1,new,7
2006,QO06,136,1,old,17
2006,QO06,137,1,new,6
2006,QO06,137,1,old,10
2006,QO06,138,1,new,9
2006,QO06,138,1,old,4
2006,QO06,139,1,old,1
2006,QO06,140,1,new,3
2006,QO06,140,1,old,4
2006,QO06,141,1,new,1
2006,QO06,141,1,old,3
2006,QO06,142,1,new,1
2006,QO06,142,1,old,1
2006,QO06,143,1,new,1
2006,QO06,144,1,new,1
2006,QO06,144,1,old,1
2006,QO06,145,1,old,2
2006,QO06,146,1,old,1
2006,QO06,147,1,new,2
2006,QO06,148,1,new,1
2006,QO06,148,1,old,1
2006,QO06,149,1,old,1
2006,QO06,158,1,new,1
2007,QO07,39,1,new,1
2007,QO07,54,1,new,1
2007,QO07,56,1,new,2
2007,QO07,57,2,old,1
2007,QO07,58,2,new,1
2007,QO07,59,1,new,1
2007,QO07,59,2,new,1
2007,QO07,59,2,old,1
2007,QO07,60,1,new,5
2007,QO07,60,2,old,21
2007,QO07,61,1,new,10
2007,QO07,61,2,new,1
2007,QO07,61,2,old,13
2007,QO07,62,1,new,9
2007,QO07,62,2,new,1
2007,QO07,62,2,old,11
2007,QO07,63,1,new,10
2007,QO07,63,1,old,1
2007,QO07,63,2,new,4
2007,QO07,63,2,old,13
2007,QO07,64,1,new,15
2007,QO07,64,1,old,3
2007,QO07,64,2,new,1
2007,QO07,64,2,old,10
2007,QO07,65,1,new,26
2007,QO07,65,1,old,5
2007,QO07,65,2,new,4
2007,QO07,65,2,old,15
2007,QO07,66,1,new,14
2007,QO07,66,1,old,2
2007,QO07,66,2,new,4
2007,QO07,66,2,old,5
2007,QO07,67,1,new,22
2007,QO07,67,1,old,4
2007,QO07,67,2,new,8
2007,QO07,67,2,old,10
2007,QO07,68,1,new,33
2007,QO07,68,1,old,4
2007,QO07,68,2,new,8
2007,QO07,68,2,old,8
2007,QO07,69,1,new,59
2007,QO07,69,1,old,7
2007,QO07,69,2,new,18
2007,QO07,69,2,old,14
2007,QO07,70,1,new,62
2007,QO07,70,1,old,6
2007,QO07,70,2,new,10
2007,QO07,70,2,old,6
2007,QO07,71,1,new,97
2007,QO07,71,1,old,12
2007,QO07,71,2,new,11
2007,QO07,71,2,old,11
2007,QO07,72,1,new,105
2007,QO07,72,1,old,12
2007,QO07,72,2,new,13
2007,QO07,72,2,old,13
2007,QO07,73,1,new,121
2007,QO07,73,1,old,19
2007,QO07,73,2,new,14
2007,QO07,73,2,old,7
2007,QO07,74,1,new,140
2007,QO07,74,1,old,12
2007,QO07,74,2,new,15
2007,QO07,74,2,old,11
2007,QO07,75,1,new,179
2007,QO07,75,1,old,21
2007,QO07,75,2,new,9
2007,QO07,75,2,old,7
2007,QO07,76,1,new,199
2007,QO07,76,1,old,24
2007,QO07,76,2,new,8
2007,QO07,76,2,old,4
2007,QO07,77,1,new,249
2007,QO07,77,1,old,21
2007,QO07,77,2,new,3
2007,QO07,77,2,old,5
2007,QO07,78,1,new,295
2007,QO07,78,1,old,28
2007,QO07,78,2,new,4
2007,QO07,78,2,old,4
2007,QO07,79,1,new,280
2007,QO07,79,1,old,38
2007,QO07,79,2,new,2
2007,QO07,79,2,old,3
2007,QO07,80,1,new,465
2007,QO07,80,1,old,46
2007,QO07,80,2,new,1
2007,QO07,80,2,old,1
2007,QO07,81,1,new,628
2007,QO07,81,1,old,65
2007,QO07,81,2,new,2
2007,QO07,81,2,old,1
2007,QO07,82,1,new,609
2007,QO07,82,1,old,72
2007,QO07,82,2,new,1
2007,QO07,82,2,old,2
2007,QO07,83,1,new,856
2007,QO07,83,1,old,82
2007,QO07,83,2,new,2
2007,QO07,83,2,old,1
2007,QO07,84,1,new,971
2007,QO07,84,1,old,68
2007,QO07,84,2,new,1
2007,QO07,84,2,old,2
2007,QO07,85,1,new,1029
2007,QO07,85,1,old,74
2007,QO07,85,2,old,2
2007,QO07,86,1,new,1064
2007,QO07,86,1,old,106
2007,QO07,86,2,old,5
2007,QO07,87,1,new,1387
2007,QO07,87,1,old,89
2007,QO07,87,2,old,2
2007,QO07,88,1,new,1388
2007,QO07,88,1,old,109
2007,QO07,89,1,new,1730
2007,QO07,89,1,old,133
2007,QO07,89,2,old,3
2007,QO07,90,1,new,2036
2007,QO07,90,1,old,106
2007,QO07,90,2,old,1
2007,QO07,91,1,new,2458
2007,QO07,91,1,old,112
2007,QO07,92,1,new,2464
2007,QO07,92,1,old,115
2007,QO07,93,1,new,3403
2007,QO07,93,1,old,154
2007,QO07,93,2,new,1
2007,QO07,94,1,new,3556
2007,QO07,94,1,old,156
2007,QO07,94,2,new,1
2007,QO07,94,2,old,1
2007,QO07,95,1,new,4011
2007,QO07,95,1,old,139
2007,QO07,96,1,new,4311
2007,QO07,96,1,old,199
2007,QO07,97,1,new,5425
2007,QO07,97,1,old,245
2007,QO07,97,2,new,1
2007,QO07,98,1,new,5967
2007,QO07,98,1,old,267
2007,QO07,99,1,new,6539
2007,QO07,99,1,old,336
2007,QO07,100,1,new,7826
2007,QO07,100,1,old,421
2007,QO07,101,1,new,7650
2007,QO07,101,1,old,412
2007,QO07,101,2,old,1
2007,QO07,102,1,new,9976
2007,QO07,102,1,old,624
2007,QO07,103,1,new,10172
2007,QO07,103,1,old,629
2007,QO07,104,1,new,9780
2007,QO07,104,1,old,565
2007,QO07,105,1,new,10729
2007,QO07,105,1,old,563
2007,QO07,106,1,new,9851
2007,QO07,106,1,old,696
2007,QO07,107,1,new,10494
2007,QO07,107,1,old,781
2007,QO07,108,1,new,9800
2007,QO07,108,1,old,780
2007,QO07,109,1,new,9138
2007,QO07,109,1,old,667
2007,QO07,110,1,new,9250
2007,QO07,110,1,old,725
2007,QO07,111,1,new,7155
2007,QO07,111,1,old,567
2007,QO07,112,1,new,6860
2007,QO07,112,1,old,630
2007,QO07,113,1,new,6266
2007,QO07,113,1,old,537
2007,QO07,114,1,new,4926
2007,QO07,114,1,old,360
2007,QO07,115,1,new,4798
2007,QO07,115,1,old,334
2007,QO07,116,1,new,3424
2007,QO07,116,1,old,265
2007,QO07,117,1,new,3238
2007,QO07,117,1,old,280
2007,QO07,118,1,new,2804
2007,QO07,118,1,old,202
2007,QO07,119,1,new,2437
2007,QO07,119,1,old,223
2007,QO07,120,1,new,1969
2007,QO07,120,1,old,191
2007,QO07,121,1,new,1693
2007,QO07,121,1,old,131
2007,QO07,122,1,new,1411
2007,QO07,122,1,old,118
2007,QO07,123,1,new,1240
2007,QO07,123,1,old,121
2007,QO07,124,1,new,897
2007,QO07,124,1,old,103
2007,QO07,125,1,new,680
2007,QO07,125,1,old,89
2007,QO07,126,1,new,492
2007,QO07,126,1,old,60
2007,QO07,127,1,new,410
2007,QO07,127,1,old,63
2007,QO07,128,1,new,276
2007,QO07,128,1,old,53
2007,QO07,129,1,new,162
2007,QO07,129,1,old,43
2007,QO07,130,1,new,121
2007,QO07,130,1,old,37
2007,QO07,131,1,new,93
2007,QO07,131,1,old,32
2007,QO07,132,1,new,71
2007,QO07,132,1,old,16
2007,QO07,133,1,new,44
2007,QO07,133,1,old,10
2007,QO07,134,1,new,28
2007,QO07,134,1,old,7
2007,QO07,135,1,new,19
2007,QO07,135,1,old,6
2007,QO07,136,1,new,14
2007,QO07,136,1,old,11
2007,QO07,137,1,new,11
2007,QO07,137,1,old,3
2007,QO07,138,1,new,5
2007,QO07,138,1,old,2
2007,QO07,139,1,new,6
2007,QO07,139,1,old,3
2007,QO07,140,1,new,1
2007,QO07,140,1,old,1
2007,QO07,141,1,new,2
2007,QO07,142,1,old,1
2007,QO07,147,1,old,1
2007,QO07,150,1,new,1
2007,QO07,160,1,new,1
2007,QO07,166,1,new,1
2008,QO08,49,1,old,1
2008,QO08,56,2,old,1
2008,QO08,57,2,old,1
2008,QO08,58,1,old,1
2008,QO08,58,2,old,5
2008,QO08,59,2,old,3
2008,QO08,60,1,new,1
2008,QO08,60,2,old,7
2008,QO08,61,1,new,1
2008,QO08,61,2,old,12
2008,QO08,62,1,old,1
2008,QO08,62,2,new,1
2008,QO08,62,2,old,5
2008,QO08,63,1,old,2
2008,QO08,63,2,new,1
2008,QO08,63,2,old,27
2008,QO08,64,1,new,12
2008,QO08,64,1,old,2
2008,QO08,64,2,new,3
2008,QO08,64,2,old,20
2008,QO08,65,1,new,7
2008,QO08,65,1,old,9
2008,QO08,65,2,new,6
2008,QO08,65,2,old,19
2008,QO08,66,1,new,8
2008,QO08,66,1,old,6
2008,QO08,66,2,new,1
2008,QO08,66,2,old,21
2008,QO08,67,1,new,10
2008,QO08,67,1,old,6
2008,QO08,67,2,old,15
2008,QO08,68,1,new,13
2008,QO08,68,1,old,8
2008,QO08,68,2,new,1
2008,QO08,68,2,old,24
2008,QO08,69,1,new,12
2008,QO08,69,1,old,9
2008,QO08,69,2,old,35
2008,QO08,70,1,new,19
2008,QO08,70,1,old,10
2008,QO08,70,2,new,1
2008,QO08,70,2,old,29
2008,QO08,71,1,new,27
2008,QO08,71,1,old,7
2008,QO08,71,2,new,1
2008,QO08,71,2,old,39
2008,QO08,72,1,new,39
2008,QO08,72,1,old,11
2008,QO08,72,2,new,1
2008,QO08,72,2,old,33
2008,QO08,73,1,new,27
2008,QO08,73,1,old,10
2008,QO08,73,2,old,34
2008,QO08,74,1,new,69
2008,QO08,74,1,old,12
2008,QO08,74,2,old,32
2008,QO08,75,1,new,68
2008,QO08,75,1,old,8
2008,QO08,75,2,new,3
2008,QO08,75,2,old,27
2008,QO08,76,1,new,79
2008,QO08,76,1,old,17
2008,QO08,76,2,old,19
2008,QO08,77,1,new,91
2008,QO08,77,1,old,11
2008,QO08,77,2,old,12
2008,QO08,78,1,new,141
2008,QO08,78,1,old,23
2008,QO08,78,2,old,5
2008,QO08,79,1,new,141
2008,QO08,79,1,old,21
2008,QO08,79,2,new,1
2008,QO08,79,2,old,7
2008,QO08,80,1,new,252
2008,QO08,80,1,old,51
2008,QO08,80,2,old,3
2008,QO08,81,1,new,277
2008,QO08,81,1,old,40
2008,QO08,81,2,old,1
2008,QO08,82,1,new,290
2008,QO08,82,1,old,56
2008,QO08,82,2,old,1
2008,QO08,83,1,new,364
2008,QO08,83,1,old,58
2008,QO08,83,2,old,1
2008,QO08,84,1,new,493
2008,QO08,84,1,old,76
2008,QO08,85,1,new,542
2008,QO08,85,1,old,100
2008,QO08,85,2,old,2
2008,QO08,86,1,new,605
2008,QO08,86,1,old,93
2008,QO08,87,1,new,644
2008,QO08,87,1,old,100
2008,QO08,88,1,new,924
2008,QO08,88,1,old,109
2008,QO08,89,1,new,1005
2008,QO08,89,1,old,108
2008,QO08,90,1,new,1343
2008,QO08,90,1,old,174
2008,QO08,91,1,new,1477
2008,QO08,91,1,old,143
2008,QO08,92,1,new,1761
2008,QO08,92,1,old,158
2008,QO08,92,2,old,1
2008,QO08,93,1,new,2265
2008,QO08,93,1,old,193
2008,QO08,94,1,new,2630
2008,QO08,94,1,old,192
2008,QO08,95,1,new,3211
2008,QO08,95,1,old,231
2008,QO08,96,1,new,3429
2008,QO08,96,1,old,263
2008,QO08,97,1,new,4253
2008,QO08,97,1,old,277
2008,QO08,98,1,new,5507
2008,QO08,98,1,old,383
2008,QO08,99,1,new,5276
2008,QO08,99,1,old,461
2008,QO08,100,1,new,7264
2008,QO08,100,1,old,766
2008,QO08,101,1,new,6538
2008,QO08,101,1,old,654
2008,QO08,102,1,new,7623
2008,QO08,102,1,old,769
2008,QO08,103,1,new,8059
2008,QO08,103,1,old,845
2008,QO08,104,1,new,7858
2008,QO08,104,1,old,870
2008,QO08,105,1,new,8459
2008,QO08,105,1,old,967
2008,QO08,106,1,new,8091
2008,QO08,106,1,old,1035
2008,QO08,107,1,new,8037
2008,QO08,107,1,old,934
2008,QO08,108,1,new,8334
2008,QO08,108,1,old,978
2008,QO08,109,1,new,7519
2008,QO08,109,1,old,939
2008,QO08,110,1,new,7286
2008,QO08,110,1,old,1011
2008,QO08,111,1,new,6538
2008,QO08,111,1,old,802
2008,QO08,112,1,new,6338
2008,QO08,112,1,old,780
2008,QO08,113,1,new,5490
2008,QO08,113,1,old,646
2008,QO08,114,1,new,4532
2008,QO08,114,1,old,595
2008,QO08,115,1,new,4352
2008,QO08,115,1,old,454
2008,QO08,116,1,new,3582
2008,QO08,116,1,old,370
2008,QO08,117,1,new,3244
2008,QO08,117,1,old,261
2008,QO08,118,1,new,3176
2008,QO08,118,1,old,308
2008,QO08,119,1,new,2533
2008,QO08,119,1,old,233
2008,QO08,120,1,new,2252
2008,QO08,120,1,old,209
2008,QO08,121,1,new,1855
2008,QO08,121,1,old,154
2008,QO08,122,1,new,1730
2008,QO08,122,1,old,123
2008,QO08,123,1,new,1367
2008,QO08,123,1,old,96
2008,QO08,124,1,new,1070
2008,QO08,124,1,old,93
2008,QO08,125,1,new,923
2008,QO08,125,1,old,75
2008,QO08,126,1,new,635
2008,QO08,126,1,old,55
2008,QO08,127,1,new,463
2008,QO08,127,1,old,33
2008,QO08,128,1,new,378
2008,QO08,128,1,old,35
2008,QO08,129,1,new,264
2008,QO08,129,1,old,26
2008,QO08,130,1,new,172
2008,QO08,130,1,old,13
2008,QO08,131,1,new,127
2008,QO08,131,1,old,12
2008,QO08,132,1,new,78
2008,QO08,132,1,old,14
2008,QO08,133,1,new,51
2008,QO08,133,1,old,7
2008,QO08,134,1,new,29
2008,QO08,134,1,old,7
2008,QO08,135,1,new,18
2008,QO08,135,1,old,3
2008,QO08,136,1,new,8
2008,QO08,136,1,old,3
2008,QO08,137,1,new,6
2008,QO08,137,1,old,2
2008,QO08,138,1,new,3
2008,QO08,139,1,new,1
2008,QO08,140,1,new,4
2008,QO08,141,1,new,2
2008,QO08,142,1,old,1
2008,QO08,143,1,new,1
2009,QO09,54,2,old,1
2009,QO09,56,2,old,1
2009,QO09,58,1,new,2
2009,QO09,59,1,new,3
2009,QO09,59,1,old,1
2009,QO09,60,1,new,5
2009,QO09,60,1,old,1
2009,QO09,60,2,new,1
2009,QO09,60,2,old,1
2009,QO09,61,1,new,2
2009,QO09,61,1,old,1
2009,QO09,61,2,new,1
2009,QO09,61,2,old,2
2009,QO09,62,1,new,5
2009,QO09,62,1,old,2
2009,QO09,62,2,old,2
2009,QO09,63,1,new,3
2009,QO09,63,1,old,5
2009,QO09,63,2,new,1
2009,QO09,63,2,old,7
2009,QO09,64,1,new,4
2009,QO09,64,1,old,2
2009,QO09,64,2,new,2
2009,QO09,64,2,old,6
2009,QO09,65,1,new,8
2009,QO09,65,1,old,2
2009,QO09,65,2,new,1
2009,QO09,65,2,old,8
2009,QO09,66,1,new,14
2009,QO09,66,1,old,2
2009,QO09,66,2,new,1
2009,QO09,66,2,old,12
2009,QO09,67,1,new,16
2009,QO09,67,1,old,9
2009,QO09,67,2,new,2
2009,QO09,67,2,old,14
2009,QO09,68,1,new,18
2009,QO09,68,1,old,12
2009,QO09,68,2,new,4
2009,QO09,68,2,old,18
2009,QO09,69,1,new,25
2009,QO09,69,1,old,5
2009,QO09,69,2,new,2
2009,QO09,69,2,old,17
2009,QO09,70,1,new,38
2009,QO09,70,1,old,13
2009,QO09,70,2,new,5
2009,QO09,70,2,old,23
2009,QO09,71,1,new,38
2009,QO09,71,1,old,15
2009,QO09,71,2,old,20
2009,QO09,72,1,new,36
2009,QO09,72,1,old,18
2009,QO09,72,2,new,3
2009,QO09,72,2,old,19
2009,QO09,73,1,new,70
2009,QO09,73,1,old,11
2009,QO09,73,2,new,4
2009,QO09,73,2,old,8
2009,QO09,74,1,new,73
2009,QO09,74,1,old,15
2009,QO09,74,2,new,1
2009,QO09,74,2,old,12
2009,QO09,75,1,new,88
2009,QO09,75,1,old,24
2009,QO09,75,2,old,13
2009,QO09,76,1,new,104
2009,QO09,76,1,old,19
2009,QO09,76,2,new,1
2009,QO09,76,2,old,9
2009,QO09,77,1,new,116
2009,QO09,77,1,old,17
2009,QO09,77,2,old,6
2009,QO09,78,1,new,152
2009,QO09,78,1,old,29
2009,QO09,78,2,old,4
2009,QO09,79,1,new,180
2009,QO09,79,1,old,35
2009,QO09,79,2,old,4
2009,QO09,80,1,new,214
2009,QO09,80,1,old,45
2009,QO09,80,2,new,1
2009,QO09,80,2,old,1
2009,QO09,81,1,new,200
2009,QO09,81,1,old,47
2009,QO09,81,2,old,2
2009,QO09,82,1,new,219
2009,QO09,82,1,old,44
2009,QO09,83,1,new,264
2009,QO09,83,1,old,69
2009,QO09,83,2,new,1
2009,QO09,83,2,old,1
2009,QO09,84,1,new,321
2009,QO09,84,1,old,70
2009,QO09,84,2,old,1
2009,QO09,85,1,new,361
2009,QO09,85,1,old,71
2009,QO09,86,1,new,342
2009,QO09,86,1,old,84
2009,QO09,87,1,new,335
2009,QO09,87,1,old,67
2009,QO09,88,1,new,500
2009,QO09,88,1,old,87
2009,QO09,89,1,new,648
2009,QO09,89,1,old,97
2009,QO09,89,2,old,1
2009,QO09,90,1,new,725
2009,QO09,90,1,old,100
2009,QO09,91,1,new,822
2009,QO09,91,1,old,120
2009,QO09,92,1,new,967
2009,QO09,92,1,old,132
2009,QO09,92,2,old,1
2009,QO09,93,1,new,1300
2009,QO09,93,1,old,136
2009,QO09,94,1,new,1600
2009,QO09,94,1,old,161
2009,QO09,94,2,new,1
2009,QO09,95,1,new,1917
2009,QO09,95,1,old,187
2009,QO09,96,1,new,2073
2009,QO09,96,1,old,207
2009,QO09,97,1,new,2579
2009,QO09,97,1,old,244
2009,QO09,98,1,new,3166
2009,QO09,98,1,old,330
2009,QO09,99,1,new,3198
2009,QO09,99,1,old,336
2009,QO09,100,1,new,3759
2009,QO09,100,1,old,339
2009,QO09,101,1,new,3898
2009,QO09,101,1,old,372
2009,QO09,102,1,new,4647
2009,QO09,102,1,old,479
2009,QO09,103,1,new,4868
2009,QO09,103,1,old,393
2009,QO09,104,1,new,4748
2009,QO09,104,1,old,429
2009,QO09,105,1,new,5555
2009,QO09,105,1,old,500
2009,QO09,106,1,new,5118
2009,QO09,106,1,old,478
2009,QO09,107,1,new,5094
2009,QO09,107,1,old,413
2009,QO09,108,1,new,5993
2009,QO09,108,1,old,493
2009,QO09,109,1,new,5549
2009,QO09,109,1,old,417
2009,QO09,110,1,new,5617
2009,QO09,110,1,old,414
2009,QO09,111,1,new,5461
2009,QO09,111,1,old,338
2009,QO09,112,1,new,5974
2009,QO09,112,1,old,355
2009,QO09,113,1,new,5278
2009,QO09,113,1,old,270
2009,QO09,114,1,new,5076
2009,QO09,114,1,old,235
2009,QO09,115,1,new,5825
2009,QO09,115,1,old,277
2009,QO09,116,1,new,4831
2009,QO09,116,1,old,208
2009,QO09,117,1,new,4535
2009,QO09,117,1,old,190
2009,QO09,118,1,new,4796
2009,QO09,118,1,old,200
2009,QO09,119,1,new,3935
2009,QO09,119,1,old,147
2009,QO09,120,1,new,3959
2009,QO09,120,1,old,139
2009,QO09,121,1,new,3228
2009,QO09,121,1,old,133
2009,QO09,122,1,new,3197
2009,QO09,122,1,old,120
2009,QO09,123,1,new,2499
2009,QO09,123,1,old,98
2009,QO09,124,1,new,1785
2009,QO09,124,1,old,70
2009,QO09,125,1,new,1850
2009,QO09,125,1,old,70
2009,QO09,126,1,new,1265
2009,QO09,126,1,old,44
2009,QO09,127,1,new,983
2009,QO09,127,1,old,40
2009,QO09,128,1,new,873
2009,QO09,128,1,old,40
2009,QO09,129,1,new,538
2009,QO09,129,1,old,14
2009,QO09,130,1,new,446
2009,QO09,130,1,old,17
2009,QO09,131,1,new,250
2009,QO09,131,1,old,11
2009,QO09,132,1,new,295
2009,QO09,132,1,old,12
2009,QO09,133,1,new,124
2009,QO09,133,1,old,6
2009,QO09,134,1,new,80
2009,QO09,134,1,old,2
2009,QO09,135,1,new,74
2009,QO09,135,1,old,2
2009,QO09,136,1,new,30
2009,QO09,136,1,old,2
2009,QO09,137,1,new,18
2009,QO09,137,1,old,1
2009,QO09,138,1,new,16
2009,QO09,138,1,old,1
2009,QO09,139,1,new,6
2009,QO09,140,1,new,5
2009,QO09,141,1,new,1
2009,QO09,141,1,old,1
2009,QO09,142,1,new,2
2009,QO09,143,1,new,1
2010,QO10,51,2,old,1
2010,QO10,52,2,old,2
2010,QO10,53,2,old,2
2010,QO10,54,2,old,3
2010,QO10,55,2,old,4
2010,QO10,56,2,old,2
2010,QO10,57,2,new,1
2010,QO10,57,2,old,4
2010,QO10,58,2,new,1
2010,QO10,58,2,old,14
2010,QO10,59,1,new,1
2010,QO10,59,2,new,1
2010,QO10,59,2,old,15
2010,QO10,60,2,new,1
2010,QO10,60,2,old,13
2010,QO10,61,2,old,24
2010,QO10,62,1,new,1
2010,QO10,62,1,old,1
2010,QO10,62,2,old,29
2010,QO10,63,1,new,3
2010,QO10,63,2,old,23
2010,QO10,64,1,new,1
2010,QO10,64,2,old,20
2010,QO10,65,1,new,2
2010,QO10,65,1,old,1
2010,QO10,65,2,new,1
2010,QO10,65,2,old,24
2010,QO10,66,1,new,4
2010,QO10,66,2,old,22
2010,QO10,67,1,new,1
2010,QO10,67,1,old,1
2010,QO10,67,2,new,1
2010,QO10,67,2,old,18
2010,QO10,68,1,new,7
2010,QO10,68,1,old,1
2010,QO10,68,2,new,1
2010,QO10,68,2,old,30
2010,QO10,69,1,new,5
2010,QO10,69,1,old,1
2010,QO10,69,2,new,2
2010,QO10,69,2,old,33
2010,QO10,70,1,new,11
2010,QO10,70,1,old,3
2010,QO10,70,2,new,1
2010,QO10,70,2,old,27
2010,QO10,71,1,new,14
2010,QO10,71,1,old,6
2010,QO10,71,2,new,1
2010,QO10,71,2,old,27
2010,QO10,72,1,new,8
2010,QO10,72,1,old,3
2010,QO10,72,2,old,22
2010,QO10,73,1,new,14
2010,QO10,73,1,old,2
2010,QO10,73,2,new,2
2010,QO10,73,2,old,28
2010,QO10,74,1,new,13
2010,QO10,74,1,old,3
2010,QO10,74,2,old,19
2010,QO10,75,1,new,17
2010,QO10,75,1,old,9
2010,QO10,75,2,new,1
2010,QO10,75,2,old,14
2010,QO10,76,1,new,20
2010,QO10,76,1,old,5
2010,QO10,76,2,old,10
2010,QO10,77,1,new,30
2010,QO10,77,1,old,2
2010,QO10,77,2,old,2
2010,QO10,78,1,new,31
2010,QO10,78,1,old,10
2010,QO10,78,2,old,3
2010,QO10,79,1,new,31
2010,QO10,79,1,old,6
2010,QO10,79,2,new,1
2010,QO10,80,1,new,72
2010,QO10,80,1,old,11
2010,QO10,80,2,old,1
2010,QO10,81,1,new,48
2010,QO10,81,1,old,9
2010,QO10,81,2,old,2
2010,QO10,82,1,new,64
2010,QO10,82,1,old,21
2010,QO10,82,2,new,1
2010,QO10,82,2,old,1
2010,QO10,83,1,new,67
2010,QO10,83,1,old,8
2010,QO10,83,2,new,1
2010,QO10,83,2,old,1
2010,QO10,84,1,new,87
2010,QO10,84,1,old,19
2010,QO10,85,1,new,104
2010,QO10,85,1,old,18
2010,QO10,85,2,old,2
2010,QO10,86,1,new,112
2010,QO10,86,1,old,21
2010,QO10,87,1,new,135
2010,QO10,87,1,old,23
2010,QO10,88,1,new,201
2010,QO10,88,1,old,31
2010,QO10,88,2,old,1
2010,QO10,89,1,new,233
2010,QO10,89,1,old,30
2010,QO10,89,2,old,2
2010,QO10,90,1,new,359
2010,QO10,90,1,old,52
2010,QO10,91,1,new,357
2010,QO10,91,1,old,31
2010,QO10,92,1,new,464
2010,QO10,92,1,old,66
2010,QO10,93,1,new,706
2010,QO10,93,1,old,73
2010,QO10,94,1,new,847
2010,QO10,94,1,old,88
2010,QO10,95,1,new,1188
2010,QO10,95,1,old,98
2010,QO10,96,1,new,1353
2010,QO10,96,1,old,124
2010,QO10,97,1,new,1611
2010,QO10,97,1,old,129
2010,QO10,98,1,new,2177
2010,QO10,98,1,old,188
2010,QO10,98,2,old,2
2010,QO10,99,1,new,2069
2010,QO10,99,1,old,164
2010,QO10,100,1,new,3014
2010,QO10,100,1,old,236
2010,QO10,101,1,new,2973
2010,QO10,101,1,old,249
2010,QO10,102,1,new,3222
2010,QO10,102,1,old,244
2010,QO10,103,1,new,4018
2010,QO10,103,1,old,275
2010,QO10,104,1,new,4126
2010,QO10,104,1,old,290
2010,QO10,105,1,new,4995
2010,QO10,105,1,old,326
2010,QO10,106,1,new,4962
2010,QO10,106,1,old,277
2010,QO10,107,1,new,5400
2010,QO10,107,1,old,311
2010,QO10,108,1,new,6333
2010,QO10,108,1,old,330
2010,QO10,109,1,new,5918
2010,QO10,109,1,old,333
2010,QO10,110,1,new,7082
2010,QO10,110,1,old,316
2010,QO10,111,1,new,6825
2010,QO10,111,1,old,329
2010,QO10,112,1,new,7436
2010,QO10,112,1,old,297
2010,QO10,113,1,new,8678
2010,QO10,113,1,old,328
2010,QO10,114,1,new,7909
2010,QO10,114,1,old,309
2010,QO10,115,1,new,9562
2010,QO10,115,1,old,325
2010,QO10,116,1,new,8254
2010,QO10,116,1,old,255
2010,QO10,117,1,new,8372
2010,QO10,117,1,old,240
2010,QO10,118,1,new,8855
2010,QO10,118,1,old,253
2010,QO10,119,1,new,7111
2010,QO10,119,1,old,253
2010,QO10,120,1,new,7783
2010,QO10,120,1,old,225
2010,QO10,121,1,new,6404
2010,QO10,121,1,old,189
2010,QO10,122,1,new,5696
2010,QO10,122,1,old,158
2010,QO10,123,1,new,5171
2010,QO10,123,1,old,156
2010,QO10,124,1,new,4050
2010,QO10,124,1,old,154
2010,QO10,125,1,new,3459
2010,QO10,125,1,old,119
2010,QO10,126,1,new,2707
2010,QO10,126,1,old,94
2010,QO10,127,1,new,1948
2010,QO10,127,1,old,70
2010,QO10,128,1,new,1552
2010,QO10,128,1,old,55
2010,QO10,129,1,new,1046
2010,QO10,129,1,old,59
2010,QO10,130,1,new,898
2010,QO10,130,1,old,45
2010,QO10,131,1,new,602
2010,QO10,131,1,old,22
2010,QO10,132,1,new,372
2010,QO10,132,1,old,24
2010,QO10,133,1,new,253
2010,QO10,133,1,old,11
2010,QO10,134,1,new,168
2010,QO10,134,1,old,17
2010,QO10,135,1,new,122
2010,QO10,135,1,old,10
2010,QO10,136,1,new,72
2010,QO10,136,1,old,7
2010,QO10,137,1,new,37
2010,QO10,137,1,old,3
2010,QO10,138,1,new,20
2010,QO10,138,1,old,1
2010,QO10,139,1,new,14
2010,QO10,139,1,old,2
2010,QO10,140,1,new,8
2010,QO10,141,1,new,2
2010,QO10,142,1,new,2
2010,QO10,143,1,new,1
2010,QO10,160,1,new,2
2011,QO11,35,2,old,1
2011,QO11,38,2,old,1
2011,QO11,40,2,new,2
2011,QO11,42,2,new,5
2011,QO11,42,2,old,1
2011,QO11,43,2,new,7
2011,QO11,43,2,old,1
2011,QO11,44,2,new,11
2011,QO11,45,2,new,12
2011,QO11,45,2,old,2
2011,QO11,46,2,new,11
2011,QO11,46,2,old,1
2011,QO11,47,2,new,25
2011,QO11,47,2,old,2
2011,QO11,48,2,new,44
2011,QO11,48,2,old,4
2011,QO11,49,1,new,1
2011,QO11,49,2,new,63
2011,QO11,49,2,old,7
2011,QO11,50,2,new,155
2011,QO11,50,2,old,27
2011,QO11,51,1,new,1
2011,QO11,51,2,new,180
2011,QO11,51,2,old,28
2011,QO11,52,1,new,9
2011,QO11,52,2,new,287
2011,QO11,52,2,old,43
2011,QO11,53,1,new,5
2011,QO11,53,2,new,306
2011,QO11,53,2,old,51
2011,QO11,54,1,new,8
2011,QO11,54,2,new,330
2011,QO11,54,2,old,78
2011,QO11,55,1,new,6
2011,QO11,55,1,old,1
2011,QO11,55,2,new,317
2011,QO11,55,2,old,86
2011,QO11,56,1,new,13
2011,QO11,56,2,new,273
2011,QO11,56,2,old,69
2011,QO11,57,1,new,25
2011,QO11,57,1,old,2
2011,QO11,57,2,new,273
2011,QO11,57,2,old,83
2011,QO11,58,1,new,29
2011,QO11,58,1,old,1
2011,QO11,58,2,new,225
2011,QO11,58,2,old,75
2011,QO11,59,1,new,26
2011,QO11,59,2,new,195
2011,QO11,59,2,old,82
2011,QO11,60,1,new,43
2011,QO11,60,1,old,6
2011,QO11,60,2,new,149
2011,QO11,60,2,old,75
2011,QO11,61,1,new,49
2011,QO11,61,2,new,133
2011,QO11,61,2,old,77
2011,QO11,62,1,new,62
2011,QO11,62,1,old,6
2011,QO11,62,2,new,119
2011,QO11,62,2,old,99
2011,QO11,63,1,new,65
2011,QO11,63,1,old,8
2011,QO11,63,2,new,121
2011,QO11,63,2,old,105
2011,QO11,64,1,new,62
2011,QO11,64,1,old,9
2011,QO11,64,2,new,80
2011,QO11,64,2,old,110
2011,QO11,65,1,new,73
2011,QO11,65,1,old,8
2011,QO11,65,2,new,114
2011,QO11,65,2,old,104
2011,QO11,66,1,new,55
2011,QO11,66,1,old,8
2011,QO11,66,2,new,104
2011,QO11,66,2,old,95
2011,QO11,67,1,new,69
2011,QO11,67,1,old,18
2011,QO11,67,2,new,79
2011,QO11,67,2,old,94
2011,QO11,68,1,new,67
2011,QO11,68,1,old,14
2011,QO11,68,2,new,79
2011,QO11,68,2,old,73
2011,QO11,69,1,new,52
2011,QO11,69,1,old,15
2011,QO11,69,2,new,55
2011,QO11,69,2,old,57
2011,QO11,70,1,new,70
2011,QO11,70,1,old,17
2011,QO11,70,2,new,44
2011,QO11,70,2,old,53
2011,QO11,71,1,new,87
2011,QO11,71,1,old,13
2011,QO11,71,2,new,39
2011,QO11,71,2,old,26
2011,QO11,72,1,new,87
2011,QO11,72,1,old,24
2011,QO11,72,2,new,26
2011,QO11,72,2,old,21
2011,QO11,73,1,new,101
2011,QO11,73,1,old,17
2011,QO11,73,2,new,19
2011,QO11,73,2,old,9
2011,QO11,74,1,new,121
2011,QO11,74,1,old,25
2011,QO11,74,2,new,10
2011,QO11,74,2,old,10
2011,QO11,75,1,new,122
2011,QO11,75,1,old,21
2011,QO11,75,2,new,8
2011,QO11,75,2,old,6
2011,QO11,76,1,new,142
2011,QO11,76,1,old,28
2011,QO11,76,2,new,2
2011,QO11,76,2,old,6
2011,QO11,77,1,new,161
2011,QO11,77,1,old,32
2011,QO11,77,2,new,10
2011,QO11,77,2,old,3
2011,QO11,78,1,new,209
2011,QO11,78,1,old,25
2011,QO11,78,2,new,4
2011,QO11,79,1,new,226
2011,QO11,79,1,old,31
2011,QO11,79,2,new,1
2011,QO11,79,2,old,4
2011,QO11,80,1,new,314
2011,QO11,80,1,old,31
2011,QO11,80,2,new,2
2011,QO11,80,2,old,3
2011,QO11,81,1,new,306
2011,QO11,81,1,old,34
2011,QO11,81,2,new,2
2011,QO11,82,1,new,369
2011,QO11,82,1,old,59
2011,QO11,82,2,old,1
2011,QO11,83,1,new,393
2011,QO11,83,1,old,53
2011,QO11,83,2,old,1
2011,QO11,84,1,new,479
2011,QO11,84,1,old,42
2011,QO11,84,2,old,1
2011,QO11,85,1,new,515
2011,QO11,85,1,old,59
2011,QO11,86,1,new,442
2011,QO11,86,1,old,48
2011,QO11,86,2,old,2
2011,QO11,87,1,new,392
2011,QO11,87,1,old,57
2011,QO11,87,2,old,1
2011,QO11,88,1,new,536
2011,QO11,88,1,old,78
2011,QO11,89,1,new,465
2011,QO11,89,1,old,70
2011,QO11,90,1,new,522
2011,QO11,90,1,old,106
2011,QO11,90,2,old,1
2011,QO11,91,1,new,531
2011,QO11,91,1,old,105
2011,QO11,91,2,new,1
2011,QO11,92,1,new,647
2011,QO11,92,1,old,144
2011,QO11,93,1,new,643
2011,QO11,93,1,old,172
2011,QO11,94,1,new,850
2011,QO11,94,1,old,180
2011,QO11,94,2,new,1
2011,QO11,95,1,new,964
2011,QO11,95,1,old,235
2011,QO11,95,2,new,1
2011,QO11,95,2,old,2
2011,QO11,96,1,new,1113
2011,QO11,96,1,old,233
2011,QO11,97,1,new,1198
2011,QO11,97,1,old,306
2011,QO11,98,1,new,1655
2011,QO11,98,1,old,301
2011,QO11,98,2,old,2
2011,QO11,99,1,new,1710
2011,QO11,99,1,old,339
2011,QO11,100,1,new,2155
2011,QO11,100,1,old,372
2011,QO11,101,1,new,2145
2011,QO11,101,1,old,423
2011,QO11,102,1,new,2559
2011,QO11,102,1,old,516
2011,QO11,103,1,new,2804
2011,QO11,103,1,old,514
2011,QO11,104,1,new,3218
2011,QO11,104,1,old,528
2011,QO11,105,1,new,3372
2011,QO11,105,1,old,507
2011,QO11,106,1,new,3543
2011,QO11,106,1,old,523
2011,QO11,107,1,new,3780
2011,QO11,107,1,old,532
2011,QO11,108,1,new,4729
2011,QO11,108,1,old,529
2011,QO11,109,1,new,4266
2011,QO11,109,1,old,506
2011,QO11,110,1,new,5240
2011,QO11,110,1,old,551
2011,QO11,111,1,new,4729
2011,QO11,111,1,old,459
2011,QO11,112,1,new,5780
2011,QO11,112,1,old,593
2011,QO11,113,1,new,6151
2011,QO11,113,1,old,533
2011,QO11,114,1,new,6321
2011,QO11,114,1,old,530
2011,QO11,115,1,new,6982
2011,QO11,115,1,old,542
2011,QO11,116,1,new,6372
2011,QO11,116,1,old,508
2011,QO11,117,1,new,6494
2011,QO11,117,1,old,532
2011,QO11,118,1,new,6996
2011,QO11,118,1,old,525
2011,QO11,119,1,new,6126
2011,QO11,119,1,old,454
2011,QO11,120,1,new,6176
2011,QO11,120,1,old,478
2011,QO11,121,1,new,5314
2011,QO11,121,1,old,364
2011,QO11,122,1,new,5080
2011,QO11,122,1,old,334
2011,QO11,123,1,new,4587
2011,QO11,123,1,old,299
2011,QO11,124,1,new,4012
2011,QO11,124,1,old,282
2011,QO11,125,1,new,3243
2011,QO11,125,1,old,255
2011,QO11,126,1,new,2568
2011,QO11,126,1,old,179
2011,QO11,127,1,new,2057
2011,QO11,127,1,old,140
2011,QO11,128,1,new,1743
2011,QO11,128,1,old,107
2011,QO11,129,1,new,1181
2011,QO11,129,1,old,85
2011,QO11,130,1,new,1055
2011,QO11,130,1,old,83
2011,QO11,131,1,new,693
2011,QO11,131,1,old,48
2011,QO11,132,1,new,501
2011,QO11,132,1,old,48
2011,QO11,133,1,new,395
2011,QO11,133,1,old,37
2011,QO11,134,1,new,268
2011,QO11,134,1,old,20
2011,QO11,135,1,new,198
2011,QO11,135,1,old,19
2011,QO11,136,1,new,140
2011,QO11,136,1,old,9
2011,QO11,137,1,new,70
2011,QO11,137,1,old,6
2011,QO11,138,1,new,76
2011,QO11,138,1,old,7
2011,QO11,139,1,new,47
2011,QO11,139,1,old,2
2011,QO11,140,1,new,36
2011,QO11,140,1,old,1
2011,QO11,141,1,new,20
2011,QO11,141,1,old,4
2011,QO11,142,1,new,20
2011,QO11,142,1,old,5
2011,QO11,143,1,new,9
2011,QO11,144,1,new,10
2011,QO11,144,1,old,1
2011,QO11,145,1,new,3
2011,QO11,145,1,old,1
2011,QO11,146,1,new,5
2011,QO11,146,1,old,1
2011,QO11,147,1,new,2
2011,QO11,148,1,new,1
2011,QO11,149,1,new,2
2011,QO11,150,1,new,3
2011,QO11,152,1,new,3
2011,QO11,180,1,new,1
2012,QO12,1,1,new,1
2012,QO12,7,1,new,1
2012,QO12,11,1,new,1
2012,QO12,12,1,old,1
2012,QO12,35,1,new,1
2012,QO12,40,2,new,1
2012,QO12,43,2,new,1
2012,QO12,44,2,new,1
2012,QO12,45,2,new,1
2012,QO12,46,2,new,1
2012,QO12,47,2,new,3
2012,QO12,48,2,new,1
2012,QO12,49,2,new,7
2012,QO12,50,1,new,1
2012,QO12,50,2,new,4
2012,QO12,51,2,new,5
2012,QO12,52,2,new,7
2012,QO12,52,2,old,4
2012,QO12,53,1,new,1
2012,QO12,53,2,new,13
2012,QO12,53,2,old,1
2012,QO12,54,1,new,1
2012,QO12,54,2,new,11
2012,QO12,54,2,old,4
2012,QO12,55,2,new,14
2012,QO12,55,2,old,4
2012,QO12,56,1,new,4
2012,QO12,56,1,old,1
2012,QO12,56,2,new,11
2012,QO12,56,2,old,9
2012,QO12,57,1,new,4
2012,QO12,57,2,new,13
2012,QO12,57,2,old,8
2012,QO12,58,1,new,11
2012,QO12,58,1,old,1
2012,QO12,58,2,new,13
2012,QO12,58,2,old,7
2012,QO12,59,1,new,9
2012,QO12,59,1,old,1
2012,QO12,59,2,new,8
2012,QO12,59,2,old,7
2012,QO12,60,1,new,15
2012,QO12,60,1,old,2
2012,QO12,60,2,new,16
2012,QO12,60,2,old,10
2012,QO12,61,1,new,23
2012,QO12,61,1,old,1
2012,QO12,61,2,new,18
2012,QO12,61,2,old,8
2012,QO12,62,1,new,27
2012,QO12,62,1,old,3
2012,QO12,62,2,new,19
2012,QO12,62,2,old,15
2012,QO12,63,1,new,35
2012,QO12,63,1,old,4
2012,QO12,63,2,new,25
2012,QO12,63,2,old,9
2012,QO12,64,1,new,45
2012,QO12,64,1,old,9
2012,QO12,64,2,new,10
2012,QO12,64,2,old,18
2012,QO12,65,1,new,47
2012,QO12,65,1,old,5
2012,QO12,65,2,new,28
2012,QO12,65,2,old,12
2012,QO12,66,1,new,45
2012,QO12,66,1,old,7
2012,QO12,66,2,new,22
2012,QO12,66,2,old,12
2012,QO12,67,1,new,60
2012,QO12,67,1,old,5
2012,QO12,67,2,new,29
2012,QO12,67,2,old,18
2012,QO12,68,1,new,92
2012,QO12,68,1,old,8
2012,QO12,68,2,new,45
2012,QO12,68,2,old,15
2012,QO12,69,1,new,78
2012,QO12,69,1,old,7
2012,QO12,69,2,new,42
2012,QO12,69,2,old,13
2012,QO12,70,1,new,90
2012,QO12,70,1,old,11
2012,QO12,70,2,new,71
2012,QO12,70,2,old,23
2012,QO12,71,1,new,107
2012,QO12,71,1,old,9
2012,QO12,71,2,new,85
2012,QO12,71,2,old,14
2012,QO12,72,1,new,141
2012,QO12,72,1,old,8
2012,QO12,72,2,new,104
2012,QO12,72,2,old,17
2012,QO12,73,1,new,156
2012,QO12,73,1,old,22
2012,QO12,73,2,new,100
2012,QO12,73,2,old,7
2012,QO12,74,1,new,205
2012,QO12,74,1,old,14
2012,QO12,74,2,new,121
2012,QO12,74,2,old,2
2012,QO12,75,1,new,309
2012,QO12,75,1,old,14
2012,QO12,75,2,new,101
2012,QO12,75,2,old,7
2012,QO12,76,1,new,313
2012,QO12,76,1,old,22
2012,QO12,76,2,new,86
2012,QO12,76,2,old,5
2012,QO12,77,1,new,326
2012,QO12,77,1,old,18
2012,QO12,77,2,new,60
2012,QO12,77,2,old,6
2012,QO12,78,1,new,457
2012,QO12,78,1,old,28
2012,QO12,78,2,new,62
2012,QO12,78,2,old,2
2012,QO12,79,1,new,465
2012,QO12,79,1,old,29
2012,QO12,79,2,new,59
2012,QO12,79,2,old,2
2012,QO12,80,1,new,640
2012,QO12,80,1,old,30
2012,QO12,80,2,new,36
2012,QO12,80,2,old,4
2012,QO12,81,1,new,724
2012,QO12,81,1,old,34
2012,QO12,81,2,new,34
2012,QO12,81,2,old,1
2012,QO12,82,1,new,870
2012,QO12,82,1,old,33
2012,QO12,82,2,new,12
2012,QO12,82,2,old,1
2012,QO12,83,1,new,891
2012,QO12,83,1,old,42
2012,QO12,83,2,new,6
2012,QO12,83,2,old,1
2012,QO12,84,1,new,982
2012,QO12,84,1,old,56
2012,QO12,84,2,new,8
2012,QO12,84,2,old,2
2012,QO12,85,1,new,1201
2012,QO12,85,1,old,57
2012,QO12,85,2,new,7
2012,QO12,85,2,old,1
2012,QO12,86,1,new,1072
2012,QO12,86,1,old,59
2012,QO12,86,2,new,4
2012,QO12,86,2,old,1
2012,QO12,87,1,new,1151
2012,QO12,87,1,old,65
2012,QO12,87,2,new,3
2012,QO12,88,1,new,1433
2012,QO12,88,1,old,85
2012,QO12,88,2,new,4
2012,QO12,89,1,new,1373
2012,QO12,89,1,old,91
2012,QO12,89,2,new,2
2012,QO12,90,1,new,1645
2012,QO12,90,1,old,127
2012,QO12,91,1,new,1612
2012,QO12,91,1,old,138
2012,QO12,92,1,new,1937
2012,QO12,92,1,old,159
2012,QO12,92,2,new,1
2012,QO12,93,1,new,1992
2012,QO12,93,1,old,208
2012,QO12,94,1,new,2460
2012,QO12,94,1,old,212
2012,QO12,95,1,new,2956
2012,QO12,95,1,old,282
2012,QO12,96,1,new,3208
2012,QO12,96,1,old,324
2012,QO12,97,1,new,3759
2012,QO12,97,1,old,396
2012,QO12,97,2,new,1
2012,QO12,98,1,new,4786
2012,QO12,98,1,old,479
2012,QO12,98,2,new,1
2012,QO12,99,1,new,4545
2012,QO12,99,1,old,464
2012,QO12,100,1,new,6162
2012,QO12,100,1,old,629
2012,QO12,101,1,new,5625
2012,QO12,101,1,old,656
2012,QO12,102,1,new,6913
2012,QO12,102,1,old,813
2012,QO12,103,1,new,6827
2012,QO12,103,1,old,795
2012,QO12,104,1,new,7091
2012,QO12,104,1,old,861
2012,QO12,105,1,new,7968
2012,QO12,105,1,old,956
2012,QO12,106,1,new,7187
2012,QO12,106,1,old,849
2012,QO12,107,1,new,7284
2012,QO12,107,1,old,933
2012,QO12,108,1,new,7706
2012,QO12,108,1,old,969
2012,QO12,109,1,new,6486
2012,QO12,109,1,old,903
2012,QO12,110,1,new,7791
2012,QO12,110,1,old,1110
2012,QO12,111,1,new,6538
2012,QO12,111,1,old,998
2012,QO12,112,1,new,7025
2012,QO12,112,1,old,1098
2012,QO12,113,1,new,6773
2012,QO12,113,1,old,1091
2012,QO12,114,1,new,6118
2012,QO12,114,1,old,991
2012,QO12,115,1,new,6680
2012,QO12,115,1,old,1188
2012,QO12,116,1,new,5627
2012,QO12,116,1,old,1036
2012,QO12,117,1,new,5695
2012,QO12,117,1,old,1056
2012,QO12,118,1,new,5889
2012,QO12,118,1,old,1116
2012,QO12,119,1,new,4827
2012,QO12,119,1,old,964
2012,QO12,120,1,new,5226
2012,QO12,120,1,old,1042
2012,QO12,121,1,new,4094
2012,QO12,121,1,old,834
2012,QO12,122,1,new,4137
2012,QO12,122,1,old,725
2012,QO12,123,1,new,3335
2012,QO12,123,1,old,652
2012,QO12,124,1,new,2976
2012,QO12,124,1,old,552
2012,QO12,125,1,new,2534
2012,QO12,125,1,old,496
2012,QO12,126,1,new,2005
2012,QO12,126,1,old,379
2012,QO12,127,1,new,1782
2012,QO12,127,1,old,308
2012,QO12,128,1,new,1341
2012,QO12,128,1,old,255
2012,QO12,129,1,new,920
2012,QO12,129,1,old,149
2012,QO12,130,1,new,865
2012,QO12,130,1,old,146
2012,QO12,131,1,new,495
2012,QO12,131,1,old,92
2012,QO12,132,1,new,501
2012,QO12,132,1,old,70
2012,QO12,133,1,new,291
2012,QO12,133,1,old,50
2012,QO12,134,1,new,201
2012,QO12,134,1,old,44
2012,QO12,135,1,new,156
2012,QO12,135,1,old,31
2012,QO12,136,1,new,86
2012,QO12,136,1,old,14
2012,QO12,137,1,new,60
2012,QO12,137,1,old,11
2012,QO12,138,1,new,46
2012,QO12,138,1,old,8
2012,QO12,139,1,new,26
2012,QO12,139,1,old,5
2012,QO12,140,1,new,16
2012,QO12,140,1,old,5
2012,QO12,141,1,new,14
2012,QO12,142,1,new,14
2012,QO12,142,1,old,1
2012,QO12,143,1,new,7
2012,QO12,143,1,old,2
2012,QO12,144,1,new,3
2012,QO12,144,1,old,2
2012,QO12,145,1,new,5
2012,QO12,145,1,old,1
2012,QO12,146,1,new,3
2012,QO12,149,1,new,1
2012,QO12,149,1,old,1
2012,QO12,150,1,new,1
2012,QO12,151,1,old,1
2012,QO12,158,1,new,1
2012,QO12,163,1,new,1
2012,QO12,166,1,new,1
2012,QO12,181,1,new,1
2012,QO12,188,1,new,1
2012,QO12,189,1,old,1
2013,QO13,3,2,new,2
2013,QO13,4,2,new,1
2013,QO13,6,1,new,1
2013,QO13,12,1,new,1
2013,QO13,49,2,old,1
2013,QO13,50,2,old,1
2013,QO13,51,1,new,1
2013,QO13,51,2,old,2
2013,QO13,52,1,new,2
2013,QO13,52,2,old,3
2013,QO13,53,1,new,2
2013,QO13,53,2,new,1
2013,QO13,53,2,old,13
2013,QO13,54,1,new,2
2013,QO13,54,2,old,9
2013,QO13,55,1,new,2
2013,QO13,55,1,old,1
2013,QO13,55,2,new,3
2013,QO13,55,2,old,20
2013,QO13,56,1,new,1
2013,QO13,56,2,new,7
2013,QO13,56,2,old,13
2013,QO13,57,1,new,2
2013,QO13,57,2,new,6
2013,QO13,57,2,old,17
2013,QO13,58,1,new,6
2013,QO13,58,2,new,9
2013,QO13,58,2,old,20
2013,QO13,59,1,new,9
2013,QO13,59,1,old,2
2013,QO13,59,2,new,8
2013,QO13,59,2,old,27
2013,QO13,60,1,new,17
2013,QO13,60,1,old,3
2013,QO13,60,2,new,7
2013,QO13,60,2,old,22
2013,QO13,61,1,new,23
2013,QO13,61,1,old,4
2013,QO13,61,2,new,13
2013,QO13,61,2,old,33
2013,QO13,62,1,new,22
2013,QO13,62,1,old,6
2013,QO13,62,2,new,14
2013,QO13,62,2,old,41
2013,QO13,63,1,new,26
2013,QO13,63,1,old,5
2013,QO13,63,2,new,23
2013,QO13,63,2,old,49
2013,QO13,64,1,new,48
2013,QO13,64,1,old,5
2013,QO13,64,2,new,34
2013,QO13,64,2,old,53
2013,QO13,65,1,new,62
2013,QO13,65,1,old,7
2013,QO13,65,2,new,35
2013,QO13,65,2,old,51
2013,QO13,66,1,new,55
2013,QO13,66,1,old,12
2013,QO13,66,2,new,45
2013,QO13,66,2,old,53
2013,QO13,67,1,new,45
2013,QO13,67,1,old,7
2013,QO13,67,2,new,39
2013,QO13,67,2,old,49
2013,QO13,68,1,new,90
2013,QO13,68,1,old,11
2013,QO13,68,2,new,63
2013,QO13,68,2,old,58
2013,QO13,69,1,new,81
2013,QO13,69,1,old,8
2013,QO13,69,2,new,89
2013,QO13,69,2,old,55
2013,QO13,70,1,new,131
2013,QO13,70,1,old,17
2013,QO13,70,2,new,120
2013,QO13,70,2,old,77
2013,QO13,71,1,new,124
2013,QO13,71,1,old,15
2013,QO13,71,2,new,130
2013,QO13,71,2,old,76
2013,QO13,72,1,new,210
2013,QO13,72,1,old,28
2013,QO13,72,2,new,163
2013,QO13,72,2,old,91
2013,QO13,73,1,new,241
2013,QO13,73,1,old,28
2013,QO13,73,2,new,125
2013,QO13,73,2,old,110
2013,QO13,74,1,new,317
2013,QO13,74,1,old,29
2013,QO13,74,2,new,125
2013,QO13,74,2,old,98
2013,QO13,75,1,new,386
2013,QO13,75,1,old,30
2013,QO13,75,2,new,122
2013,QO13,75,2,old,97
2013,QO13,76,1,new,486
2013,QO13,76,1,old,26
2013,QO13,76,2,new,93
2013,QO13,76,2,old,68
2013,QO13,77,1,new,558
2013,QO13,77,1,old,31
2013,QO13,77,2,new,65
2013,QO13,77,2,old,60
2013,QO13,78,1,new,757
2013,QO13,78,1,old,59
2013,QO13,78,2,new,50
2013,QO13,78,2,old,64
2013,QO13,79,1,new,741
2013,QO13,79,1,old,61
2013,QO13,79,2,new,30
2013,QO13,79,2,old,34
2013,QO13,80,1,new,1087
2013,QO13,80,1,old,57
2013,QO13,80,2,new,24
2013,QO13,80,2,old,21
2013,QO13,81,1,new,1128
2013,QO13,81,1,old,67
2013,QO13,81,2,new,9
2013,QO13,81,2,old,14
2013,QO13,82,1,new,1537
2013,QO13,82,1,old,84
2013,QO13,82,2,new,11
2013,QO13,82,2,old,15
2013,QO13,83,1,new,1675
2013,QO13,83,1,old,91
2013,QO13,83,2,new,2
2013,QO13,83,2,old,7
2013,QO13,84,1,new,1912
2013,QO13,84,1,old,97
2013,QO13,84,2,new,8
2013,QO13,84,2,old,8
2013,QO13,85,1,new,1970
2013,QO13,85,1,old,110
2013,QO13,85,2,new,5
2013,QO13,85,2,old,3
2013,QO13,86,1,new,2097
2013,QO13,86,1,old,103
2013,QO13,86,2,old,2
2013,QO13,87,1,new,2295
2013,QO13,87,1,old,110
2013,QO13,87,2,new,2
2013,QO13,87,2,old,3
2013,QO13,88,1,new,2644
2013,QO13,88,1,old,135
2013,QO13,88,2,new,1
2013,QO13,88,2,old,3
2013,QO13,89,1,new,2595
2013,QO13,89,1,old,141
2013,QO13,89,2,new,2
2013,QO13,89,2,old,1
2013,QO13,90,1,new,3284
2013,QO13,90,1,old,162
2013,QO13,90,2,new,2
2013,QO13,91,1,new,3266
2013,QO13,91,1,old,167
2013,QO13,91,2,new,2
2013,QO13,91,2,old,1
2013,QO13,92,1,new,4079
2013,QO13,92,1,old,205
2013,QO13,93,1,new,4452
2013,QO13,93,1,old,245
2013,QO13,93,2,old,1
2013,QO13,94,1,new,5333
2013,QO13,94,1,old,312
2013,QO13,95,1,new,6100
2013,QO13,95,1,old,354
2013,QO13,96,1,new,6747
2013,QO13,96,1,old,402
2013,QO13,97,1,new,7827
2013,QO13,97,1,old,487
2013,QO13,98,1,new,8370
2013,QO13,98,1,old,561
2013,QO13,99,1,new,7497
2013,QO13,99,1,old,589
2013,QO13,99,2,old,1
2013,QO13,100,1,new,9426
2013,QO13,100,1,old,706
2013,QO13,101,1,new,8022
2013,QO13,101,1,old,701
2013,QO13,102,1,new,9444
2013,QO13,102,1,old,897
2013,QO13,103,1,new,9087
2013,QO13,103,1,old,888
2013,QO13,104,1,new,8830
2013,QO13,104,1,old,912
2013,QO13,105,1,new,8795
2013,QO13,105,1,old,975
2013,QO13,106,1,new,7934
2013,QO13,106,1,old,939
2013,QO13,107,1,new,7521
2013,QO13,107,1,old,906
2013,QO13,108,1,new,7368
2013,QO13,108,1,old,1005
2013,QO13,109,1,new,5984
2013,QO13,109,1,old,880
2013,QO13,110,1,new,6332
2013,QO13,110,1,old,1083
2013,QO13,111,1,new,4991
2013,QO13,111,1,old,910
2013,QO13,112,1,new,4904
2013,QO13,112,1,old,954
2013,QO13,113,1,new,4459
2013,QO13,113,1,old,908
2013,QO13,114,1,new,3760
2013,QO13,114,1,old,852
2013,QO13,115,1,new,3582
2013,QO13,115,1,old,894
2013,QO13,116,1,new,3186
2013,QO13,116,1,old,815
2013,QO13,117,1,new,2859
2013,QO13,117,1,old,669
2013,QO13,118,1,new,2870
2013,QO13,118,1,old,739
2013,QO13,119,1,new,2114
2013,QO13,119,1,old,594
2013,QO13,120,1,new,2244
2013,QO13,120,1,old,611
2013,QO13,121,1,new,1817
2013,QO13,121,1,old,502
2013,QO13,122,1,new,1722
2013,QO13,122,1,old,415
2013,QO13,123,1,new,1387
2013,QO13,123,1,old,391
2013,QO13,124,1,new,1274
2013,QO13,124,1,old,304
2013,QO13,125,1,new,973
2013,QO13,125,1,old,263
2013,QO13,126,1,new,789
2013,QO13,126,1,old,167
2013,QO13,127,1,new,669
2013,QO13,127,1,old,160
2013,QO13,128,1,new,555
2013,QO13,128,1,old,107
2013,QO13,129,1,new,379
2013,QO13,129,1,old,79
2013,QO13,130,1,new,322
2013,QO13,130,1,old,81
2013,QO13,131,1,new,227
2013,QO13,131,1,old,46
2013,QO13,132,1,new,168
2013,QO13,132,1,old,30
2013,QO13,133,1,new,128
2013,QO13,133,1,old,28
2013,QO13,134,1,new,84
2013,QO13,134,1,old,13
2013,QO13,135,1,new,60
2013,QO13,135,1,old,8
2013,QO13,136,1,new,37
2013,QO13,136,1,old,7
2013,QO13,137,1,new,24
2013,QO13,137,1,old,6
2013,QO13,138,1,new,15
2013,QO13,138,1,old,3
2013,QO13,139,1,new,8
2013,QO13,139,1,old,4
2013,QO13,140,1,new,5
2013,QO13,140,1,old,1
2013,QO13,141,1,new,1
2013,QO13,141,1,old,1
2013,QO13,142,1,new,5
2013,QO13,142,1,old,2
2013,QO13,143,1,new,3
2013,QO13,143,1,old,1
2013,QO13,145,1,new,1
2013,QO13,145,1,old,1
2013,QO13,147,1,new,3
2013,QO13,151,1,new,1
2014,QO14,14,1,new,1
2014,QO14,48,2,new,1
2014,QO14,50,2,old,4
2014,QO14,51,2,old,6
2014,QO14,52,2,new,4
2014,QO14,52,2,old,5
2014,QO14,53,2,new,5
2014,QO14,53,2,old,19
2014,QO14,54,1,old,2
2014,QO14,54,2,new,4
2014,QO14,54,2,old,16
2014,QO14,55,1,new,1
2014,QO14,55,2,new,10
2014,QO14,55,2,old,19
2014,QO14,56,1,new,3
2014,QO14,56,2,new,17
2014,QO14,56,2,old,26
2014,QO14,57,1,new,2
2014,QO14,57,2,new,13
2014,QO14,57,2,old,29
2014,QO14,58,1,new,2
2014,QO14,58,1,old,2
2014,QO14,58,2,new,11
2014,QO14,58,2,old,26
2014,QO14,59,1,new,8
2014,QO14,59,1,old,3
2014,QO14,59,2,new,13
2014,QO14,59,2,old,39
2014,QO14,60,1,new,12
2014,QO14,60,1,old,3
2014,QO14,60,2,new,29
2014,QO14,60,2,old,44
2014,QO14,61,1,new,11
2014,QO14,61,1,old,2
2014,QO14,61,2,new,25
2014,QO14,61,2,old,34
2014,QO14,62,1,new,18
2014,QO14,62,1,old,9
2014,QO14,62,2,new,45
2014,QO14,62,2,old,51
2014,QO14,63,1,new,41
2014,QO14,63,1,old,8
2014,QO14,63,2,new,51
2014,QO14,63,2,old,61
2014,QO14,64,1,new,34
2014,QO14,64,1,old,12
2014,QO14,64,2,new,58
2014,QO14,64,2,old,57
2014,QO14,65,1,new,45
2014,QO14,65,1,old,17
2014,QO14,65,2,new,96
2014,QO14,65,2,old,85
2014,QO14,66,1,new,50
2014,QO14,66,1,old,10
2014,QO14,66,2,new,79
2014,QO14,66,2,old,98
2014,QO14,67,1,new,56
2014,QO14,67,1,old,18
2014,QO14,67,2,new,123
2014,QO14,67,2,old,158
2014,QO14,68,1,new,74
2014,QO14,68,1,old,24
2014,QO14,68,2,new,144
2014,QO14,68,2,old,169
2014,QO14,69,1,new,92
2014,QO14,69,1,old,24
2014,QO14,69,2,new,153
2014,QO14,69,2,old,210
2014,QO14,70,1,new,128
2014,QO14,70,1,old,43
2014,QO14,70,2,new,212
2014,QO14,70,2,old,254
2014,QO14,71,1,new,142
2014,QO14,71,1,old,47
2014,QO14,71,2,new,143
2014,QO14,71,2,old,238
2014,QO14,72,1,new,230
2014,QO14,72,1,old,67
2014,QO14,72,2,new,155
2014,QO14,72,2,old,322
2014,QO14,73,1,new,246
2014,QO14,73,1,old,101
2014,QO14,73,2,new,184
2014,QO14,73,2,old,314
2014,QO14,74,1,new,330
2014,QO14,74,1,old,107
2014,QO14,74,2,new,170
2014,QO14,74,2,old,285
2014,QO14,75,1,new,415
2014,QO14,75,1,old,134
2014,QO14,75,2,new,137
2014,QO14,75,2,old,268
2014,QO14,76,1,new,447
2014,QO14,76,1,old,184
2014,QO14,76,2,new,97
2014,QO14,76,2,old,250
2014,QO14,77,1,new,606
2014,QO14,77,1,old,238
2014,QO14,77,2,new,86
2014,QO14,77,2,old,156
2014,QO14,78,1,new,651
2014,QO14,78,1,old,287
2014,QO14,78,2,new,31
2014,QO14,78,2,old,103
2014,QO14,79,1,new,751
2014,QO14,79,1,old,348
2014,QO14,79,2,new,33
2014,QO14,79,2,old,81
2014,QO14,80,1,new,975
2014,QO14,80,1,old,471
2014,QO14,80,2,new,23
2014,QO14,80,2,old,47
2014,QO14,81,1,new,1024
2014,QO14,81,1,old,428
2014,QO14,81,2,new,11
2014,QO14,81,2,old,14
2014,QO14,82,1,new,1274
2014,QO14,82,1,old,562
2014,QO14,82,2,new,11
2014,QO14,82,2,old,19
2014,QO14,83,1,new,1365
2014,QO14,83,1,old,538
2014,QO14,83,2,new,10
2014,QO14,83,2,old,14
2014,QO14,84,1,new,1403
2014,QO14,84,1,old,632
2014,QO14,84,2,new,4
2014,QO14,84,2,old,9
2014,QO14,85,1,new,1447
2014,QO14,85,1,old,626
2014,QO14,85,2,new,1
2014,QO14,85,2,old,8
2014,QO14,86,1,new,1480
2014,QO14,86,1,old,601
2014,QO14,86,2,new,4
2014,QO14,86,2,old,5
2014,QO14,87,1,new,1706
2014,QO14,87,1,old,600
2014,QO14,87,2,new,2
2014,QO14,87,2,old,5
2014,QO14,88,1,new,1709
2014,QO14,88,1,old,578
2014,QO14,88,2,new,2
2014,QO14,88,2,old,4
2014,QO14,89,1,new,1785
2014,QO14,89,1,old,544
2014,QO14,89,2,old,2
2014,QO14,90,1,new,2158
2014,QO14,90,1,old,551
2014,QO14,90,2,new,1
2014,QO14,90,2,old,1
2014,QO14,91,1,new,1986
2014,QO14,91,1,old,488
2014,QO14,91,2,new,1
2014,QO14,91,2,old,2
2014,QO14,92,1,new,2486
2014,QO14,92,1,old,520
2014,QO14,92,2,new,1
2014,QO14,92,2,old,2
2014,QO14,93,1,new,2851
2014,QO14,93,1,old,518
2014,QO14,93,2,new,2
2014,QO14,93,2,old,1
2014,QO14,94,1,new,3167
2014,QO14,94,1,old,547
2014,QO14,94,2,old,1
2014,QO14,95,1,new,3778
2014,QO14,95,1,old,670
2014,QO14,96,1,new,3992
2014,QO14,96,1,old,696
2014,QO14,96,2,new,2
2014,QO14,96,2,old,1
2014,QO14,97,1,new,4971
2014,QO14,97,1,old,785
2014,QO14,98,1,new,5605
2014,QO14,98,1,old,795
2014,QO14,99,1,new,5467
2014,QO14,99,1,old,864
2014,QO14,100,1,new,7025
2014,QO14,100,1,old,912
2014,QO14,101,1,new,6316
2014,QO14,101,1,old,891
2014,QO14,102,1,new,7981
2014,QO14,102,1,old,959
2014,QO14,103,1,new,8060
2014,QO14,103,1,old,841
2014,QO14,103,2,new,1
2014,QO14,104,1,new,8332
2014,QO14,104,1,old,725
2014,QO14,105,1,new,8653
2014,QO14,105,1,old,755
2014,QO14,106,1,new,7702
2014,QO14,106,1,old,654
2014,QO14,107,1,new,7963
2014,QO14,107,1,old,683
2014,QO14,108,1,new,7938
2014,QO14,108,1,old,607
2014,QO14,109,1,new,7015
2014,QO14,109,1,old,563
2014,QO14,110,1,new,7315
2014,QO14,110,1,old,519
2014,QO14,111,1,new,5343
2014,QO14,111,1,old,396
2014,QO14,112,1,new,5967
2014,QO14,112,1,old,427
2014,QO14,113,1,new,4738
2014,QO14,113,1,old,322
2014,QO14,114,1,new,4069
2014,QO14,114,1,old,279
2014,QO14,115,1,new,4114
2014,QO14,115,1,old,304
2014,QO14,116,1,new,2927
2014,QO14,116,1,old,208
2014,QO14,117,1,new,2854
2014,QO14,117,1,old,223
2014,QO14,118,1,new,2649
2014,QO14,118,1,old,218
2014,QO14,119,1,new,2009
2014,QO14,119,1,old,185
2014,QO14,120,1,new,2085
2014,QO14,120,1,old,152
2014,QO14,121,1,new,1465
2014,QO14,121,1,old,125
2014,QO14,122,1,new,1507
2014,QO14,122,1,old,124
2014,QO14,123,1,new,1226
2014,QO14,123,1,old,119
2014,QO14,124,1,new,1022
2014,QO14,124,1,old,91
2014,QO14,125,1,new,843
2014,QO14,125,1,old,83
2014,QO14,126,1,new,635
2014,QO14,126,1,old,60
2014,QO14,127,1,new,580
2014,QO14,127,1,old,45
2014,QO14,128,1,new,450
2014,QO14,128,1,old,42
2014,QO14,129,1,new,268
2014,QO14,129,1,old,33
2014,QO14,130,1,new,235
2014,QO14,130,1,old,24
2014,QO14,131,1,new,168
2014,QO14,131,1,old,13
2014,QO14,132,1,new,135
2014,QO14,132,1,old,13
2014,QO14,133,1,new,98
2014,QO14,133,1,old,8
2014,QO14,134,1,new,61
2014,QO14,134,1,old,9
2014,QO14,135,1,new,41
2014,QO14,135,1,old,10
2014,QO14,136,1,new,19
2014,QO14,136,1,old,3
2014,QO14,137,1,new,17
2014,QO14,137,1,old,3
2014,QO14,138,1,new,13
2014,QO14,138,1,old,3
2014,QO14,139,1,new,9
2014,QO14,139,1,old,2
2014,QO14,140,1,new,7
2014,QO14,140,1,old,4
2014,QO14,141,1,new,5
2014,QO14,142,1,new,6
2014,QO14,142,1,old,1
2014,QO14,143,1,new,1
2014,QO14,143,1,old,1
2014,QO14,144,1,new,2
2014,QO14,145,1,new,1
2014,QO14,147,1,old,1
2014,QO14,149,1,new,1
2014,QO14,150,1,new,1
2014,QO14,195,1,new,1
2015,QO15,2,2,new,1
2015,QO15,11,1,new,1
2015,QO15,14,2,old,1
2015,QO15,46,1,old,1
2015,QO15,49,2,new,1
2015,QO15,50,2,new,1
2015,QO15,51,2,new,3
2015,QO15,51,2,old,7
2015,QO15,52,2,new,1
2015,QO15,52,2,old,6
2015,QO15,53,1,new,1
2015,QO15,53,2,new,5
2015,QO15,53,2,old,4
2015,QO15,54,2,new,6
2015,QO15,54,2,old,10
2015,QO15,55,2,new,6
2015,QO15,55,2,old,12
2015,QO15,56,1,new,3
2015,QO15,56,1,old,2
2015,QO15,56,2,new,21
2015,QO15,56,2,old,9
2015,QO15,57,1,new,6
2015,QO15,57,1,old,1
2015,QO15,57,2,new,12
2015,QO15,57,2,old,5
2015,QO15,58,1,new,5
2015,QO15,58,2,new,18
2015,QO15,58,2,old,9
2015,QO15,59,1,new,6
2015,QO15,59,1,old,2
2015,QO15,59,2,new,17
2015,QO15,59,2,old,7
2015,QO15,60,1,new,9
2015,QO15,60,1,old,1
2015,QO15,60,2,new,29
2015,QO15,60,2,old,13
2015,QO15,61,1,new,5
2015,QO15,61,2,new,26
2015,QO15,61,2,old,14
2015,QO15,62,1,new,15
2015,QO15,62,1,old,1
2015,QO15,62,2,new,32
2015,QO15,62,2,old,22
2015,QO15,63,1,new,9
2015,QO15,63,2,new,27
2015,QO15,63,2,old,22
2015,QO15,64,1,new,22
2015,QO15,64,1,old,7
2015,QO15,64,2,new,48
2015,QO15,64,2,old,36
2015,QO15,65,1,new,36
2015,QO15,65,1,old,7
2015,QO15,65,2,new,52
2015,QO15,65,2,old,55
2015,QO15,66,1,new,42
2015,QO15,66,1,old,2
2015,QO15,66,2,new,47
2015,QO15,66,2,old,42
2015,QO15,67,1,new,54
2015,QO15,67,1,old,6
2015,QO15,67,2,new,60
2015,QO15,67,2,old,61
2015,QO15,68,1,new,60
2015,QO15,68,1,old,8
2015,QO15,68,2,new,75
2015,QO15,68,2,old,64
2015,QO15,69,1,new,83
2015,QO15,69,1,old,10
2015,QO15,69,2,new,54
2015,QO15,69,2,old,81
2015,QO15,70,1,new,117
2015,QO15,70,1,old,14
2015,QO15,70,2,new,68
2015,QO15,70,2,old,109
2015,QO15,71,1,new,103
2015,QO15,71,1,old,15
2015,QO15,71,2,new,54
2015,QO15,71,2,old,104
2015,QO15,72,1,new,169
2015,QO15,72,1,old,21
2015,QO15,72,2,new,58
2015,QO15,72,2,old,148
2015,QO15,73,1,new,173
2015,QO15,73,1,old,12
2015,QO15,73,2,new,43
2015,QO15,73,2,old,115
2015,QO15,74,1,new,226
2015,QO15,74,1,old,29
2015,QO15,74,2,new,42
2015,QO15,74,2,old,101
2015,QO15,75,1,new,297
2015,QO15,75,1,old,34
2015,QO15,75,2,new,33
2015,QO15,75,2,old,85
2015,QO15,76,1,new,410
2015,QO15,76,1,old,51
2015,QO15,76,2,new,34
2015,QO15,76,2,old,60
2015,QO15,77,1,new,398
2015,QO15,77,1,old,67
2015,QO15,77,2,new,18
2015,QO15,77,2,old,60
2015,QO15,78,1,new,531
2015,QO15,78,1,old,63
2015,QO15,78,2,new,18
2015,QO15,78,2,old,40
2015,QO15,79,1,new,458
2015,QO15,79,1,old,66
2015,QO15,79,2,new,11
2015,QO15,79,2,old,18
2015,QO15,80,1,new,758
2015,QO15,80,1,old,105
2015,QO15,80,2,new,3
2015,QO15,80,2,old,16
2015,QO15,81,1,new,749
2015,QO15,81,1,old,104
2015,QO15,81,2,new,3
2015,QO15,81,2,old,5
2015,QO15,82,1,new,895
2015,QO15,82,1,old,119
2015,QO15,82,2,new,1
2015,QO15,82,2,old,6
2015,QO15,83,1,new,842
2015,QO15,83,1,old,124
2015,QO15,83,2,new,3
2015,QO15,83,2,old,6
2015,QO15,84,1,new,1035
2015,QO15,84,1,old,159
2015,QO15,84,2,new,2
2015,QO15,84,2,old,4
2015,QO15,85,1,new,1185
2015,QO15,85,1,old,157
2015,QO15,85,2,new,1
2015,QO15,85,2,old,2
2015,QO15,86,1,new,1325
2015,QO15,86,1,old,192
2015,QO15,86,2,new,1
2015,QO15,86,2,old,4
2015,QO15,87,1,new,1237
2015,QO15,87,1,old,177
2015,QO15,87,2,new,4
2015,QO15,88,1,new,1412
2015,QO15,88,1,old,195
2015,QO15,89,1,new,1568
2015,QO15,89,1,old,188
2015,QO15,90,1,new,1968
2015,QO15,90,1,old,229
2015,QO15,91,1,new,1912
2015,QO15,91,1,old,263
2015,QO15,92,1,new,2357
2015,QO15,92,1,old,286
2015,QO15,93,1,new,2316
2015,QO15,93,1,old,218
2015,QO15,93,2,old,1
2015,QO15,94,1,new,2875
2015,QO15,94,1,old,344
2015,QO15,95,1,new,3294
2015,QO15,95,1,old,366
2015,QO15,95,2,old,1
2015,QO15,96,1,new,3352
2015,QO15,96,1,old,465
2015,QO15,97,1,new,3577
2015,QO15,97,1,old,458
2015,QO15,98,1,new,3678
2015,QO15,98,1,old,443
2015,QO15,99,1,new,3850
2015,QO15,99,1,old,502
2015,QO15,100,1,new,4406
2015,QO15,100,1,old,539
2015,QO15,101,1,new,3654
2015,QO15,101,1,old,510
2015,QO15,102,1,new,4581
2015,QO15,102,1,old,618
2015,QO15,103,1,new,3906
2015,QO15,103,1,old,485
2015,QO15,103,2,old,1
2015,QO15,104,1,new,4534
2015,QO15,104,1,old,599
2015,QO15,105,1,new,4424
2015,QO15,105,1,old,590
2015,QO15,105,2,new,1
2015,QO15,106,1,new,4238
2015,QO15,106,1,old,526
2015,QO15,107,1,new,3741
2015,QO15,107,1,old,458
2015,QO15,108,1,new,3907
2015,QO15,108,1,old,466
2015,QO15,109,1,new,3536
2015,QO15,109,1,old,417
2015,QO15,110,1,new,4009
2015,QO15,110,1,old,401
2015,QO15,111,1,new,3252
2015,QO15,111,1,old,320
2015,QO15,112,1,new,3483
2015,QO15,112,1,old,301
2015,QO15,113,1,new,2766
2015,QO15,113,1,old,237
2015,QO15,114,1,new,2989
2015,QO15,114,1,old,231
2015,QO15,115,1,new,3019
2015,QO15,115,1,old,215
2015,QO15,116,1,new,2835
2015,QO15,116,1,old,179
2015,QO15,117,1,new,2564
2015,QO15,117,1,old,148
2015,QO15,118,1,new,2571
2015,QO15,118,1,old,141
2015,QO15,119,1,new,2441
2015,QO15,119,1,old,123
2015,QO15,120,1,new,2692
2015,QO15,120,1,old,130
2015,QO15,121,1,new,2297
2015,QO15,121,1,old,106
2015,QO15,122,1,new,2365
2015,QO15,122,1,old,126
2015,QO15,123,1,new,1982
2015,QO15,123,1,old,86
2015,QO15,124,1,new,2038
2015,QO15,124,1,old,63
2015,QO15,125,1,new,1887
2015,QO15,125,1,old,63
2015,QO15,126,1,new,1578
2015,QO15,126,1,old,48
2015,QO15,127,1,new,1420
2015,QO15,127,1,old,40
2015,QO15,128,1,new,1153
2015,QO15,128,1,old,23
2015,QO15,129,1,new,924
2015,QO15,129,1,old,22
2015,QO15,130,1,new,830
2015,QO15,130,1,old,8
2015,QO15,131,1,new,538
2015,QO15,131,1,old,10
2015,QO15,132,1,new,507
2015,QO15,132,1,old,13
2015,QO15,133,1,new,315
2015,QO15,133,1,old,4
2015,QO15,134,1,new,253
2015,QO15,134,1,old,9
2015,QO15,135,1,new,200
2015,QO15,135,1,old,4
2015,QO15,136,1,new,141
2015,QO15,136,1,old,4
2015,QO15,137,1,new,69
2015,QO15,137,1,old,2
2015,QO15,138,1,new,52
2015,QO15,138,1,old,3
2015,QO15,139,1,new,37
2015,QO15,139,1,old,1
2015,QO15,140,1,new,35
2015,QO15,141,1,new,20
2015,QO15,142,1,new,12
2015,QO15,143,1,new,8
2015,QO15,144,1,new,7
2015,QO15,145,1,new,2
2015,QO15,146,1,new,2
2015,QO15,147,1,new,3
2015,QO15,147,1,old,1
2015,QO15,149,1,new,1
2015,QO15,151,1,new,2
2015,QO15,152,1,new,1
2015,QO15,154,1,new,1
2015,QO15,160,1,new,1
2015,QO15,161,1,new,1
2016,QO16,51,1,new,1
2016,QO16,52,2,old,1
2016,QO16,53,2,old,1
2016,QO16,54,2,new,1
2016,QO16,54,2,old,2
2016,QO16,55,2,old,1
2016,QO16,56,1,old,1
2016,QO16,56,2,new,1
2016,QO16,57,1,new,2
2016,QO16,57,2,new,1
2016,QO16,57,2,old,4
2016,QO16,58,1,new,3
2016,QO16,58,2,new,3
2016,QO16,58,2,old,4
2016,QO16,59,1,new,1
2016,QO16,59,1,old,1
2016,QO16,59,2,old,4
2016,QO16,60,1,new,2
2016,QO16,60,1,old,2
2016,QO16,60,2,new,2
2016,QO16,60,2,old,8
2016,QO16,61,1,new,3
2016,QO16,61,1,old,1
2016,QO16,61,2,new,3
2016,QO16,61,2,old,4
2016,QO16,62,1,new,3
2016,QO16,62,1,old,3
2016,QO16,62,2,new,1
2016,QO16,62,2,old,9
2016,QO16,63,1,new,10
2016,QO16,63,1,old,2
2016,QO16,63,2,new,2
2016,QO16,63,2,old,10
2016,QO16,64,1,new,5
2016,QO16,64,1,old,2
2016,QO16,64,2,new,4
2016,QO16,64,2,old,11
2016,QO16,65,1,new,14
2016,QO16,65,1,old,3
2016,QO16,65,2,new,6
2016,QO16,65,2,old,25
2016,QO16,66,1,new,23
2016,QO16,66,1,old,1
2016,QO16,66,2,new,1
2016,QO16,66,2,old,15
2016,QO16,67,1,new,23
2016,QO16,67,1,old,9
2016,QO16,67,2,new,4
2016,QO16,67,2,old,31
2016,QO16,68,1,new,33
2016,QO16,68,1,old,3
2016,QO16,68,2,new,2
2016,QO16,68,2,old,41
2016,QO16,69,1,new,32
2016,QO16,69,1,old,5
2016,QO16,69,2,new,8
2016,QO16,69,2,old,39
2016,QO16,70,1,new,58
2016,QO16,70,1,old,7
2016,QO16,70,2,new,4
2016,QO16,70,2,old,46
2016,QO16,71,1,new,55
2016,QO16,71,1,old,9
2016,QO16,71,2,new,15
2016,QO16,71,2,old,47
2016,QO16,72,1,new,91
2016,QO16,72,1,old,22
2016,QO16,72,2,new,14
2016,QO16,72,2,old,57
2016,QO16,73,1,new,108
2016,QO16,73,1,old,16
2016,QO16,73,2,new,9
2016,QO16,73,2,old,60
2016,QO16,74,1,new,161
2016,QO16,74,1,old,21
2016,QO16,74,2,new,14
2016,QO16,74,2,old,46
2016,QO16,75,1,new,183
2016,QO16,75,1,old,37
2016,QO16,75,2,new,8
2016,QO16,75,2,old,54
2016,QO16,76,1,new,211
2016,QO16,76,1,old,34
2016,QO16,76,2,new,5
2016,QO16,76,2,old,31
2016,QO16,77,1,new,235
2016,QO16,77,1,old,46
2016,QO16,77,2,new,2
2016,QO16,77,2,old,27
2016,QO16,78,1,new,308
2016,QO16,78,1,old,47
2016,QO16,78,2,new,3
2016,QO16,78,2,old,19
2016,QO16,79,1,new,332
2016,QO16,79,1,old,62
2016,QO16,79,2,new,7
2016,QO16,79,2,old,19
2016,QO16,80,1,new,431
2016,QO16,80,1,old,75
2016,QO16,80,2,new,3
2016,QO16,80,2,old,11
2016,QO16,81,1,new,428
2016,QO16,81,1,old,72
2016,QO16,81,2,new,1
2016,QO16,81,2,old,6
2016,QO16,82,1,new,516
2016,QO16,82,1,old,99
2016,QO16,82,2,new,1
2016,QO16,82,2,old,5
2016,QO16,83,1,new,600
2016,QO16,83,1,old,102
2016,QO16,83,2,old,2
2016,QO16,84,1,new,625
2016,QO16,84,1,old,116
2016,QO16,84,2,new,1
2016,QO16,84,2,old,2
2016,QO16,85,1,new,669
2016,QO16,85,1,old,127
2016,QO16,85,2,new,1
2016,QO16,86,1,new,713
2016,QO16,86,1,old,120
2016,QO16,86,2,old,1
2016,QO16,87,1,new,812
2016,QO16,87,1,old,137
2016,QO16,87,2,new,1
2016,QO16,88,1,new,777
2016,QO16,88,1,old,142
2016,QO16,88,2,old,2
2016,QO16,89,1,new,911
2016,QO16,89,1,old,152
2016,QO16,89,2,new,2
2016,QO16,90,1,new,1063
2016,QO16,90,1,old,186
2016,QO16,90,2,old,1
2016,QO16,91,1,new,922
2016,QO16,91,1,old,140
2016,QO16,91,2,old,1
2016,QO16,92,1,new,1266
2016,QO16,92,1,old,268
2016,QO16,92,2,old,1
2016,QO16,93,1,new,1308
2016,QO16,93,1,old,244
2016,QO16,94,1,new,1457
2016,QO16,94,1,old,276
2016,QO16,94,2,old,1
2016,QO16,95,1,new,1756
2016,QO16,95,1,old,340
2016,QO16,95,2,new,1
2016,QO16,96,1,new,1810
2016,QO16,96,1,old,296
2016,QO16,96,2,old,1
2016,QO16,97,1,new,2046
2016,QO16,97,1,old,410
2016,QO16,98,1,new,2212
2016,QO16,98,1,old,380
2016,QO16,99,1,new,2020
2016,QO16,99,1,old,438
2016,QO16,100,1,new,2448
2016,QO16,100,1,old,529
2016,QO16,101,1,new,2050
2016,QO16,101,1,old,488
2016,QO16,102,1,new,2390
2016,QO16,102,1,old,551
2016,QO16,103,1,new,2524
2016,QO16,103,1,old,553
2016,QO16,104,1,new,2449
2016,QO16,104,1,old,566
2016,QO16,105,1,new,2564
2016,QO16,105,1,old,681
2016,QO16,105,2,old,1
2016,QO16,106,1,new,2172
2016,QO16,106,1,old,510
2016,QO16,107,1,new,2139
2016,QO16,107,1,old,546
2016,QO16,108,1,new,2253
2016,QO16,108,1,old,504
2016,QO16,109,1,new,1986
2016,QO16,109,1,old,454
2016,QO16,110,1,new,2261
2016,QO16,110,1,old,519
2016,QO16,111,1,new,1668
2016,QO16,111,1,old,386
2016,QO16,112,1,new,1791
2016,QO16,112,1,old,451
2016,QO16,113,1,new,1774
2016,QO16,113,1,old,345
2016,QO16,114,1,new,1549
2016,QO16,114,1,old,342
2016,QO16,115,1,new,1753
2016,QO16,115,1,old,448
2016,QO16,116,1,new,1346
2016,QO16,116,1,old,316
2016,QO16,117,1,new,1301
2016,QO16,117,1,old,362
2016,QO16,118,1,new,1393
2016,QO16,118,1,old,337
2016,QO16,119,1,new,1163
2016,QO16,119,1,old,405
2016,QO16,120,1,new,1339
2016,QO16,120,1,old,398
2016,QO16,121,1,new,1067
2016,QO16,121,1,old,337
2016,QO16,122,1,new,1074
2016,QO16,122,1,old,408
2016,QO16,123,1,new,1024
2016,QO16,123,1,old,318
2016,QO16,124,1,new,972
2016,QO16,124,1,old,330
2016,QO16,125,1,new,866
2016,QO16,125,1,old,342
2016,QO16,126,1,new,642
2016,QO16,126,1,old,247
2016,QO16,127,1,new,568
2016,QO16,127,1,old,261
2016,QO16,128,1,new,513
2016,QO16,128,1,old,183
2016,QO16,129,1,new,400
2016,QO16,129,1,old,187
2016,QO16,130,1,new,384
2016,QO16,130,1,old,141
2016,QO16,131,1,new,236
2016,QO16,131,1,old,105
2016,QO16,132,1,new,170
2016,QO16,132,1,old,103
2016,QO16,133,1,new,134
2016,QO16,133,1,old,39
2016,QO16,134,1,new,123
2016,QO16,134,1,old,52
2016,QO16,135,1,new,93
2016,QO16,135,1,old,32
2016,QO16,136,1,new,54
2016,QO16,136,1,old,13
2016,QO16,137,1,new,43
2016,QO16,137,1,old,11
2016,QO16,138,1,new,33
2016,QO16,138,1,old,5
2016,QO16,139,1,new,20
2016,QO16,139,1,old,5
2016,QO16,140,1,new,25
2016,QO16,140,1,old,6
2016,QO16,141,1,new,8
2016,QO16,141,1,old,3
2016,QO16,142,1,new,5
2016,QO16,143,1,new,6
2016,QO16,144,1,new,7
2016,QO16,144,1,old,1
2016,QO16,145,1,new,1
2016,QO16,147,1,new,1
2016,QO16,148,1,new,1
2016,QO16,148,1,old,1
2016,QO16,149,1,new,1
2016,QO16,153,1,new,1
2016,QO16,154,1,new,1
2016,QO16,155,1,new,1
2016,QO16,157,1,new,1
2016,QO16,160,1,old,1
2016,QO16,172,1,new,1
2016,QO16,174,1,new,1
2016,QO16,192,1,new,1
2017,QO17,44,2,new,1
2017,QO17,45,2,new,1
2017,QO17,50,2,new,1
2017,QO17,50,2,old,1
2017,QO17,52,1,new,1
2017,QO17,52,2,new,1
2017,QO17,52,2,old,1
2017,QO17,53,1,old,1
2017,QO17,54,1,new,2
2017,QO17,54,2,new,2
2017,QO17,55,1,new,4
2017,QO17,55,2,new,2
2017,QO17,55,2,old,1
2017,QO17,56,1,new,3
2017,QO17,56,2,new,3
2017,QO17,56,2,old,2
2017,QO17,57,1,new,4
2017,QO17,57,1,old,1
2017,QO17,57,2,new,2
2017,QO17,57,2,old,1
2017,QO17,58,1,new,7
2017,QO17,58,2,old,5
2017,QO17,59,1,new,11
2017,QO17,59,1,old,1
2017,QO17,59,2,new,3
2017,QO17,59,2,old,6
2017,QO17,60,1,new,15
2017,QO17,60,1,old,3
2017,QO17,60,2,new,6
2017,QO17,60,2,old,2
2017,QO17,61,1,new,17
2017,QO17,61,1,old,6
2017,QO17,61,2,old,7
2017,QO17,62,1,new,30
2017,QO17,62,1,old,5
2017,QO17,62,2,new,3
2017,QO17,62,2,old,14
2017,QO17,63,1,new,26
2017,QO17,63,1,old,7
2017,QO17,63,2,new,9
2017,QO17,63,2,old,16
2017,QO17,64,1,new,46
2017,QO17,64,1,old,10
2017,QO17,64,2,new,7
2017,QO17,64,2,old,20
2017,QO17,65,1,new,37
2017,QO17,65,1,old,15
2017,QO17,65,2,new,8
2017,QO17,65,2,old,23
2017,QO17,66,1,new,47
2017,QO17,66,1,old,10
2017,QO17,66,2,new,8
2017,QO17,66,2,old,32
2017,QO17,67,1,new,70
2017,QO17,67,1,old,7
2017,QO17,67,2,new,7
2017,QO17,67,2,old,39
2017,QO17,68,1,new,62
2017,QO17,68,1,old,21
2017,QO17,68,2,new,11
2017,QO17,68,2,old,30
2017,QO17,69,1,new,75
2017,QO17,69,1,old,13
2017,QO17,69,2,new,6
2017,QO17,69,2,old,39
2017,QO17,70,1,new,115
2017,QO17,70,1,old,31
2017,QO17,70,2,new,5
2017,QO17,70,2,old,38
2017,QO17,71,1,new,116
2017,QO17,71,1,old,30
2017,QO17,71,2,new,3
2017,QO17,71,2,old,33
2017,QO17,72,1,new,148
2017,QO17,72,1,old,39
2017,QO17,72,2,new,4
2017,QO17,72,2,old,22
2017,QO17,73,1,new,197
2017,QO17,73,1,old,42
2017,QO17,73,2,new,2
2017,QO17,73,2,old,24
2017,QO17,74,1,new,254
2017,QO17,74,1,old,57
2017,QO17,74,2,new,5
2017,QO17,74,2,old,12
2017,QO17,75,1,new,291
2017,QO17,75,1,old,89
2017,QO17,75,2,new,1
2017,QO17,75,2,old,12
2017,QO17,76,1,new,325
2017,QO17,76,1,old,91
2017,QO17,76,2,new,1
2017,QO17,76,2,old,12
2017,QO17,77,1,new,326
2017,QO17,77,1,old,111
2017,QO17,77,2,new,1
2017,QO17,77,2,old,4
2017,QO17,78,1,new,464
2017,QO17,78,1,old,104
2017,QO17,78,2,old,3
2017,QO17,79,1,new,449
2017,QO17,79,1,old,139
2017,QO17,79,2,new,1
2017,QO17,79,2,old,1
2017,QO17,80,1,new,551
2017,QO17,80,1,old,143
2017,QO17,80,2,new,1
2017,QO17,80,2,old,2
2017,QO17,81,1,new,558
2017,QO17,81,1,old,154
2017,QO17,81,2,new,1
2017,QO17,82,1,new,609
2017,QO17,82,1,old,211
2017,QO17,82,2,new,1
2017,QO17,83,1,new,621
2017,QO17,83,1,old,172
2017,QO17,83,2,old,1
2017,QO17,84,1,new,696
2017,QO17,84,1,old,232
2017,QO17,84,2,old,2
2017,QO17,85,1,new,739
2017,QO17,85,1,old,272
2017,QO17,85,2,new,4
2017,QO17,85,2,old,1
2017,QO17,86,1,new,710
2017,QO17,86,1,old,273
2017,QO17,86,2,new,1
2017,QO17,86,2,old,1
2017,QO17,87,1,new,788
2017,QO17,87,1,old,339
2017,QO17,87,2,new,1
2017,QO17,88,1,new,822
2017,QO17,88,1,old,339
2017,QO17,88,2,old,1
2017,QO17,89,1,new,914
2017,QO17,89,1,old,410
2017,QO17,89,2,new,1
2017,QO17,90,1,new,1070
2017,QO17,90,1,old,502
2017,QO17,91,1,new,1009
2017,QO17,91,1,old,403
2017,QO17,91,2,new,1
2017,QO17,92,1,new,1335
2017,QO17,92,1,old,583
2017,QO17,92,2,old,1
2017,QO17,93,1,new,1470
2017,QO17,93,1,old,579
2017,QO17,94,1,new,1760
2017,QO17,94,1,old,610
2017,QO17,95,1,new,2052
2017,QO17,95,1,old,737
2017,QO17,96,1,new,1985
2017,QO17,96,1,old,710
2017,QO17,97,1,new,2297
2017,QO17,97,1,old,811
2017,QO17,98,1,new,2439
2017,QO17,98,1,old,814
2017,QO17,99,1,new,2556
2017,QO17,99,1,old,865
2017,QO17,100,1,new,2811
2017,QO17,100,1,old,941
2017,QO17,101,1,new,2369
2017,QO17,101,1,old,767
2017,QO17,102,1,new,2557
2017,QO17,102,1,old,838
2017,QO17,103,1,new,2517
2017,QO17,103,1,old,803
2017,QO17,104,1,new,2644
2017,QO17,104,1,old,887
2017,QO17,105,1,new,2479
2017,QO17,105,1,old,847
2017,QO17,106,1,new,2096
2017,QO17,106,1,old,631
2017,QO17,107,1,new,2117
2017,QO17,107,1,old,619
2017,QO17,108,1,new,1996
2017,QO17,108,1,old,630
2017,QO17,109,1,new,1826
2017,QO17,109,1,old,592
2017,QO17,110,1,new,1845
2017,QO17,110,1,old,611
2017,QO17,111,1,new,1401
2017,QO17,111,1,old,432
2017,QO17,112,1,new,1481
2017,QO17,112,1,old,418
2017,QO17,113,1,new,1120
2017,QO17,113,1,old,319
2017,QO17,114,1,new,1147
2017,QO17,114,1,old,340
2017,QO17,115,1,new,1125
2017,QO17,115,1,old,313
2017,QO17,116,1,new,800
2017,QO17,116,1,old,257
2017,QO17,117,1,new,665
2017,QO17,117,1,old,194
2017,QO17,118,1,new,685
2017,QO17,118,1,old,161
2017,QO17,119,1,new,531
2017,QO17,119,1,old,168
2017,QO17,120,1,new,484
2017,QO17,120,1,old,149
2017,QO17,121,1,new,347
2017,QO17,121,1,old,107
2017,QO17,122,1,new,307
2017,QO17,122,1,old,97
2017,QO17,123,1,new,266
2017,QO17,123,1,old,77
2017,QO17,124,1,new,229
2017,QO17,124,1,old,71
2017,QO17,125,1,new,186
2017,QO17,125,1,old,53
2017,QO17,126,1,new,114
2017,QO17,126,1,old,29
2017,QO17,127,1,new,78
2017,QO17,127,1,old,28
2017,QO17,128,1,new,68
2017,QO17,128,1,old,18
2017,QO17,129,1,new,40
2017,QO17,129,1,old,18
2017,QO17,130,1,new,51
2017,QO17,130,1,old,13
2017,QO17,131,1,new,33
2017,QO17,131,1,old,3
2017,QO17,132,1,new,23
2017,QO17,132,1,old,4
2017,QO17,133,1,new,9
2017,QO17,133,1,old,5
2017,QO17,134,1,new,18
2017,QO17,134,1,old,1
2017,QO17,135,1,new,10
2017,QO17,135,1,old,4
2017,QO17,136,1,new,13
2017,QO17,136,1,old,2
2017,QO17,137,1,new,7
2017,QO17,137,1,old,2
2017,QO17,138,1,new,5
2017,QO17,139,1,new,2
2017,QO17,140,1,new,3
2017,QO17,142,1,new,2
2017,QO17,143,1,new,1
2017,QO17,145,1,new,1
2017,QO17,160,1,old,1
2018,QO18,42,2,old,1
2018,QO18,44,2,old,1
2018,QO18,45,2,old,1
2018,QO18,46,2,old,1
2018,QO18,47,2,old,4
2018,QO18,48,2,new,1
2018,QO18,48,2,old,10
2018,QO18,49,2,new,2
2018,QO18,49,2,old,3
2018,QO18,50,1,new,2
2018,QO18,50,1,old,2
2018,QO18,50,2,old,12
2018,QO18,51,1,new,1
2018,QO18,51,2,old,3
2018,QO18,52,1,new,5
2018,QO18,52,1,old,2
2018,QO18,52,2,new,2
2018,QO18,52,2,old,10
2018,QO18,53,1,new,2
2018,QO18,53,2,old,10
2018,QO18,54,1,new,5
2018,QO18,54,1,old,1
2018,QO18,54,2,new,4
2018,QO18,54,2,old,25
2018,QO18,55,1,new,1
2018,QO18,55,1,old,1
2018,QO18,55,2,new,1
2018,QO18,55,2,old,18
2018,QO18,56,1,new,13
2018,QO18,56,2,new,2
2018,QO18,56,2,old,22
2018,QO18,57,1,new,13
2018,QO18,57,1,old,1
2018,QO18,57,2,new,1
2018,QO18,57,2,old,25
2018,QO18,58,1,new,16
2018,QO18,58,1,old,5
2018,QO18,58,2,old,30
2018,QO18,59,1,new,15
2018,QO18,59,1,old,4
2018,QO18,59,2,new,3
2018,QO18,59,2,old,26
2018,QO18,60,1,new,50
2018,QO18,60,1,old,7
2018,QO18,60,2,new,2
2018,QO18,60,2,old,30
2018,QO18,61,1,new,56
2018,QO18,61,1,old,4
2018,QO18,61,2,old,20
2018,QO18,62,1,new,74
2018,QO18,62,1,old,8
2018,QO18,62,2,new,3
2018,QO18,62,2,old,25
2018,QO18,63,1,new,66
2018,QO18,63,1,old,6
2018,QO18,63,2,new,2
2018,QO18,63,2,old,28
2018,QO18,64,1,new,79
2018,QO18,64,1,old,7
2018,QO18,64,2,new,3
2018,QO18,64,2,old,18
2018,QO18,65,1,new,97
2018,QO18,65,1,old,19
2018,QO18,65,2,new,2
2018,QO18,65,2,old,35
2018,QO18,66,1,new,121
2018,QO18,66,1,old,11
2018,QO18,66,2,new,2
2018,QO18,66,2,old,11
2018,QO18,67,1,new,142
2018,QO18,67,1,old,20
2018,QO18,67,2,new,2
2018,QO18,67,2,old,24
2018,QO18,68,1,new,158
2018,QO18,68,1,old,17
2018,QO18,68,2,new,1
2018,QO18,68,2,old,19
2018,QO18,69,1,new,197
2018,QO18,69,1,old,16
2018,QO18,69,2,new,1
2018,QO18,69,2,old,21
2018,QO18,70,1,new,301
2018,QO18,70,1,old,26
2018,QO18,70,2,old,8
2018,QO18,71,1,new,291
2018,QO18,71,1,old,26
2018,QO18,71,2,new,1
2018,QO18,71,2,old,6
2018,QO18,72,1,new,474
2018,QO18,72,1,old,35
2018,QO18,72,2,new,1
2018,QO18,72,2,old,12
2018,QO18,73,1,new,524
2018,QO18,73,1,old,35
2018,QO18,73,2,old,3
2018,QO18,74,1,new,604
2018,QO18,74,1,old,52
2018,QO18,74,2,old,2
2018,QO18,75,1,new,847
2018,QO18,75,1,old,73
2018,QO18,75,2,old,4
2018,QO18,76,1,new,1066
2018,QO18,76,1,old,77
2018,QO18,76,2,old,1
2018,QO18,77,1,new,1185
2018,QO18,77,1,old,83
2018,QO18,78,1,new,1467
2018,QO18,78,1,old,106
2018,QO18,79,1,new,1513
2018,QO18,79,1,old,121
2018,QO18,79,2,old,1
2018,QO18,80,1,new,2108
2018,QO18,80,1,old,143
2018,QO18,80,2,new,1
2018,QO18,80,2,old,2
2018,QO18,81,1,new,1941
2018,QO18,81,1,old,143
2018,QO18,82,1,new,2558
2018,QO18,82,1,old,172
2018,QO18,82,2,old,2
2018,QO18,83,1,new,2571
2018,QO18,83,1,old,171
2018,QO18,84,1,new,2895
2018,QO18,84,1,old,229
2018,QO18,85,1,new,3270
2018,QO18,85,1,old,217
2018,QO18,86,1,new,3043
2018,QO18,86,1,old,260
2018,QO18,86,2,new,1
2018,QO18,87,1,new,3394
2018,QO18,87,1,old,315
2018,QO18,88,1,new,3224
2018,QO18,88,1,old,277
2018,QO18,89,1,new,3376
2018,QO18,89,1,old,336
2018,QO18,90,1,new,4232
2018,QO18,90,1,old,419
2018,QO18,91,1,new,3546
2018,QO18,91,1,old,380
2018,QO18,92,1,new,4514
2018,QO18,92,1,old,526
2018,QO18,93,1,new,4448
2018,QO18,93,1,old,518
2018,QO18,94,1,new,4775
2018,QO18,94,1,old,611
2018,QO18,95,1,new,5494
2018,QO18,95,1,old,710
2018,QO18,96,1,new,4992
2018,QO18,96,1,old,745
2018,QO18,97,1,new,5727
2018,QO18,97,1,old,802
2018,QO18,98,1,new,5998
2018,QO18,98,1,old,884
2018,QO18,99,1,new,5798
2018,QO18,99,1,old,812
2018,QO18,100,1,new,6437
2018,QO18,100,1,old,1047
2018,QO18,101,1,new,5361
2018,QO18,101,1,old,863
2018,QO18,102,1,new,5857
2018,QO18,102,1,old,969
2018,QO18,103,1,new,5688
2018,QO18,103,1,old,938
2018,QO18,104,1,new,5334
2018,QO18,104,1,old,1052
2018,QO18,105,1,new,4981
2018,QO18,105,1,old,977
2018,QO18,106,1,new,4286
2018,QO18,106,1,old,857
2018,QO18,107,1,new,4080
2018,QO18,107,1,old,874
2018,QO18,108,1,new,3617
2018,QO18,108,1,old,851
2018,QO18,109,1,new,3188
2018,QO18,109,1,old,860
2018,QO18,110,1,new,3299
2018,QO18,110,1,old,854
2018,QO18,111,1,new,2391
2018,QO18,111,1,old,595
2018,QO18,112,1,new,2387
2018,QO18,112,1,old,689
2018,QO18,113,1,new,2084
2018,QO18,113,1,old,526
2018,QO18,114,1,new,1889
2018,QO18,114,1,old,519
2018,QO18,115,1,new,1743
2018,QO18,115,1,old,452
2018,QO18,116,1,new,1410
2018,QO18,116,1,old,352
2018,QO18,117,1,new,1251
2018,QO18,117,1,old,334
2018,QO18,118,1,new,1172
2018,QO18,118,1,old,293
2018,QO18,119,1,new,950
2018,QO18,119,1,old,234
2018,QO18,120,1,new,959
2018,QO18,120,1,old,260
2018,QO18,121,1,new,769
2018,QO18,121,1,old,148
2018,QO18,122,1,new,634
2018,QO18,122,1,old,134
2018,QO18,123,1,new,509
2018,QO18,123,1,old,99
2018,QO18,124,1,new,543
2018,QO18,124,1,old,97
2018,QO18,125,1,new,410
2018,QO18,125,1,old,65
2018,QO18,126,1,new,287
2018,QO18,126,1,old,49
2018,QO18,127,1,new,303
2018,QO18,127,1,old,46
2018,QO18,128,1,new,226
2018,QO18,128,1,old,25
2018,QO18,129,1,new,158
2018,QO18,129,1,old,25
2018,QO18,130,1,new,135
2018,QO18,130,1,old,18
2018,QO18,131,1,new,104
2018,QO18,131,1,old,14
2018,QO18,132,1,new,67
2018,QO18,132,1,old,12
2018,QO18,133,1,new,53
2018,QO18,133,1,old,7
2018,QO18,134,1,new,44
2018,QO18,134,1,old,5
2018,QO18,135,1,new,21
2018,QO18,135,1,old,5
2018,QO18,136,1,new,20
2018,QO18,136,1,old,1
2018,QO18,137,1,new,15
2018,QO18,137,1,old,1
2018,QO18,138,1,new,7
2018,QO18,138,1,old,2
2018,QO18,139,1,new,6
2018,QO18,140,1,new,4
2018,QO18,141,1,new,5
2018,QO18,142,1,new,1
2018,QO18,143,1,new,1
2018,QO18,143,1,old,1
2018,QO18,191,1,new,1
2019,QO19,48,1,new,1
2019,QO19,48,2,old,1
2019,QO19,49,2,old,1
2019,QO19,50,2,old,2
2019,QO19,51,1,new,1
2019,QO19,52,2,new,2
2019,QO19,52,2,old,2
2019,QO19,53,1,new,4
2019,QO19,53,2,old,4
2019,QO19,54,1,new,3
2019,QO19,54,2,old,9
2019,QO19,55,1,new,5
2019,QO19,55,2,old,17
2019,QO19,56,1,new,4
2019,QO19,56,1,old,3
2019,QO19,56,2,new,3
2019,QO19,56,2,old,19
2019,QO19,57,1,new,5
2019,QO19,57,1,old,3
2019,QO19,57,2,new,5
2019,QO19,57,2,old,26
2019,QO19,58,1,new,10
2019,QO19,58,1,old,7
2019,QO19,58,2,new,5
2019,QO19,58,2,old,30
2019,QO19,59,1,new,25
2019,QO19,59,1,old,3
2019,QO19,59,2,new,9
2019,QO19,59,2,old,31
2019,QO19,60,1,new,25
2019,QO19,60,1,old,9
2019,QO19,60,2,new,13
2019,QO19,60,2,old,47
2019,QO19,61,1,new,25
2019,QO19,61,1,old,9
2019,QO19,61,2,new,12
2019,QO19,61,2,old,47
2019,QO19,62,1,new,31
2019,QO19,62,1,old,18
2019,QO19,62,2,new,24
2019,QO19,62,2,old,55
2019,QO19,63,1,new,35
2019,QO19,63,1,old,20
2019,QO19,63,2,new,32
2019,QO19,63,2,old,64
2019,QO19,64,1,new,52
2019,QO19,64,1,old,28
2019,QO19,64,2,new,28
2019,QO19,64,2,old,81
2019,QO19,65,1,new,83
2019,QO19,65,1,old,33
2019,QO19,65,2,new,30
2019,QO19,65,2,old,69
2019,QO19,66,1,new,68
2019,QO19,66,1,old,29
2019,QO19,66,2,new,37
2019,QO19,66,2,old,70
2019,QO19,67,1,new,93
2019,QO19,67,1,old,47
2019,QO19,67,2,new,23
2019,QO19,67,2,old,81
2019,QO19,68,1,new,168
2019,QO19,68,1,old,50
2019,QO19,68,2,new,11
2019,QO19,68,2,old,54
2019,QO19,69,1,new,196
2019,QO19,69,1,old,69
2019,QO19,69,2,new,11
2019,QO19,69,2,old,29
2019,QO19,70,1,new,240
2019,QO19,70,1,old,78
2019,QO19,70,2,new,11
2019,QO19,70,2,old,21
2019,QO19,71,1,new,302
2019,QO19,71,1,old,89
2019,QO19,71,2,new,3
2019,QO19,71,2,old,11
2019,QO19,72,1,new,390
2019,QO19,72,1,old,134
2019,QO19,72,2,new,3
2019,QO19,72,2,old,10
2019,QO19,73,1,new,498
2019,QO19,73,1,old,164
2019,QO19,73,2,new,1
2019,QO19,73,2,old,10
2019,QO19,74,1,new,649
2019,QO19,74,1,old,172
2019,QO19,74,2,old,6
2019,QO19,75,1,new,797
2019,QO19,75,1,old,225
2019,QO19,75,2,new,1
2019,QO19,75,2,old,5
2019,QO19,76,1,new,1051
2019,QO19,76,1,old,251
2019,QO19,76,2,old,2
2019,QO19,77,1,new,1235
2019,QO19,77,1,old,290
2019,QO19,77,2,old,3
2019,QO19,78,1,new,1523
2019,QO19,78,1,old,296
2019,QO19,78,2,old,4
2019,QO19,79,1,new,1632
2019,QO19,79,1,old,315
2019,QO19,79,2,old,1
2019,QO19,80,1,new,2481
2019,QO19,80,1,old,505
2019,QO19,81,1,new,2577
2019,QO19,81,1,old,450
2019,QO19,81,2,old,1
2019,QO19,82,1,new,3329
2019,QO19,82,1,old,553
2019,QO19,82,2,old,2
2019,QO19,83,1,new,3742
2019,QO19,83,1,old,562
2019,QO19,83,2,old,1
2019,QO19,84,1,new,4402
2019,QO19,84,1,old,605
2019,QO19,84,2,old,1
2019,QO19,85,1,new,5006
2019,QO19,85,1,old,747
2019,QO19,86,1,new,5584
2019,QO19,86,1,old,686
2019,QO19,86,2,new,1
2019,QO19,86,2,old,1
2019,QO19,87,1,new,6230
2019,QO19,87,1,old,781
2019,QO19,88,1,new,6545
2019,QO19,88,1,old,766
2019,QO19,89,1,new,6740
2019,QO19,89,1,old,821
2019,QO19,90,1,new,8376
2019,QO19,90,1,old,1106
2019,QO19,91,1,new,8131
2019,QO19,91,1,old,946
2019,QO19,91,2,old,1
2019,QO19,92,1,new,10598
2019,QO19,92,1,old,1255
2019,QO19,92,2,old,1
2019,QO19,93,1,new,10569
2019,QO19,93,1,old,1184
2019,QO19,94,1,new,12405
2019,QO19,94,1,old,1411
2019,QO19,95,1,new,12924
2019,QO19,95,1,old,1616
2019,QO19,96,1,new,13217
2019,QO19,96,1,old,1555
2019,QO19,97,1,new,14077
2019,QO19,97,1,old,1885
2019,QO19,98,1,new,15158
2019,QO19,98,1,old,1814
2019,QO19,99,1,new,12184
2019,QO19,99,1,old,1586
2019,QO19,100,1,new,13833
2019,QO19,100,1,old,1864
2019,QO19,101,1,new,10582
2019,QO19,101,1,old,1457
2019,QO19,102,1,new,10800
2019,QO19,102,1,old,1498
2019,QO19,103,1,new,9765
2019,QO19,103,1,old,1381
2019,QO19,104,1,new,9327
2019,QO19,104,1,old,1488
2019,QO19,105,1,new,7880
2019,QO19,105,1,old,1251
2019,QO19,106,1,new,6747
2019,QO19,106,1,old,1101
2019,QO19,107,1,new,5880
2019,QO19,107,1,old,927
2019,QO19,108,1,new,5490
2019,QO19,108,1,old,897
2019,QO19,109,1,new,4376
2019,QO19,109,1,old,723
2019,QO19,110,1,new,4119
2019,QO19,110,1,old,730
2019,QO19,111,1,new,3170
2019,QO19,111,1,old,512
2019,QO19,112,1,new,3075
2019,QO19,112,1,old,594
2019,QO19,113,1,new,2570
2019,QO19,113,1,old,415
2019,QO19,114,1,new,2340
2019,QO19,114,1,old,412
2019,QO19,115,1,new,2062
2019,QO19,115,1,old,391
2019,QO19,116,1,new,1631
2019,QO19,116,1,old,272
2019,QO19,117,1,new,1411
2019,QO19,117,1,old,259
2019,QO19,118,1,new,1261
2019,QO19,118,1,old,247
2019,QO19,119,1,new,976
2019,QO19,119,1,old,190
2019,QO19,120,1,new,946
2019,QO19,120,1,old,193
2019,QO19,121,1,new,727
2019,QO19,121,1,old,138
2019,QO19,122,1,new,618
2019,QO19,122,1,old,123
2019,QO19,123,1,new,524
2019,QO19,123,1,old,119
2019,QO19,124,1,new,527
2019,QO19,124,1,old,98
2019,QO19,125,1,new,431
2019,QO19,125,1,old,92
2019,QO19,126,1,new,294
2019,QO19,126,1,old,80
2019,QO19,127,1,new,282
2019,QO19,127,1,old,75
2019,QO19,128,1,new,244
2019,QO19,128,1,old,60
2019,QO19,129,1,new,159
2019,QO19,129,1,old,30
2019,QO19,130,1,new,141
2019,QO19,130,1,old,27
2019,QO19,131,1,new,101
2019,QO19,131,1,old,33
2019,QO19,132,1,new,70
2019,QO19,132,1,old,20
2019,QO19,133,1,new,84
2019,QO19,133,1,old,17
2019,QO19,134,1,new,65
2019,QO19,134,1,old,10
2019,QO19,135,1,new,34
2019,QO19,135,1,old,10
2019,QO19,136,1,new,31
2019,QO19,136,1,old,7
2019,QO19,137,1,new,24
2019,QO19,137,1,old,1
2019,QO19,138,1,new,7
2019,QO19,138,1,old,1
2019,QO19,139,1,new,4
2019,QO19,139,1,old,3
2019,QO19,140,1,new,6
2019,QO19,140,1,old,2
2019,QO19,141,1,new,3
2019,QO19,141,1,old,1
2019,QO19,142,1,new,5
2019,QO19,143,1,new,2
2019,QO19,144,1,new,2
2019,QO19,145,1,new,3
2019,QO19,145,1,old,1
2019,QO19,146,1,old,1
2019,QO19,148,1,new,1
2019,QO19,160,1,new,1
2019,QO19,192,1,new,1
2019,QO19,198,1,new,1
2019,QO19,199,1,new,1
2020,QO20,44,2,old,1
2020,QO20,50,2,old,1
2020,QO20,53,2,new,1
2020,QO20,53,2,old,3
2020,QO20,56,1,old,1
2020,QO20,58,1,new,1
2020,QO20,58,2,old,2
2020,QO20,59,1,new,1
2020,QO20,59,1,old,1
2020,QO20,60,1,new,1
2020,QO20,60,1,old,2
2020,QO20,60,2,old,1
2020,QO20,61,2,old,1
2020,QO20,62,1,new,4
2020,QO20,62,1,old,1
2020,QO20,63,1,new,3
2020,QO20,64,1,new,6
2020,QO20,64,1,old,2
2020,QO20,64,2,old,1
2020,QO20,65,1,new,8
2020,QO20,65,1,old,8
2020,QO20,65,2,new,1
2020,QO20,65,2,old,4
2020,QO20,66,1,new,3
2020,QO20,66,1,old,5
2020,QO20,66,2,old,1
2020,QO20,67,1,new,14
2020,QO20,67,1,old,7
2020,QO20,68,1,new,34
2020,QO20,68,1,old,19
2020,QO20,69,1,new,26
2020,QO20,69,1,old,28
2020,QO20,69,2,old,1
2020,QO20,70,1,new,27
2020,QO20,70,1,old,19
2020,QO20,71,1,new,42
2020,QO20,71,1,old,42
2020,QO20,72,1,new,66
2020,QO20,72,1,old,34
2020,QO20,73,1,new,106
2020,QO20,73,1,old,53
2020,QO20,74,1,new,133
2020,QO20,74,1,old,106
2020,QO20,75,1,new,160
2020,QO20,75,1,old,103
2020,QO20,76,1,new,211
2020,QO20,76,1,old,146
2020,QO20,77,1,new,278
2020,QO20,77,1,old,157
2020,QO20,78,1,new,319
2020,QO20,78,1,old,153
2020,QO20,79,1,new,357
2020,QO20,79,1,old,210
2020,QO20,80,1,new,490
2020,QO20,80,1,old,275
2020,QO20,81,1,new,552
2020,QO20,81,1,old,294
2020,QO20,82,1,new,793
2020,QO20,82,1,old,424
2020,QO20,83,1,new,1069
2020,QO20,83,1,old,411
2020,QO20,84,1,new,1143
2020,QO20,84,1,old,458
2020,QO20,85,1,new,1258
2020,QO20,85,1,old,477
2020,QO20,86,1,new,1481
2020,QO20,86,1,old,536
2020,QO20,87,1,new,1953
2020,QO20,87,1,old,560
2020,QO20,88,1,new,2086
2020,QO20,88,1,old,609
2020,QO20,89,1,new,2127
2020,QO20,89,1,old,598
2020,QO20,90,1,new,2705
2020,QO20,90,1,old,676
2020,QO20,91,1,new,2694
2020,QO20,91,1,old,631
2020,QO20,92,1,new,3879
2020,QO20,92,1,old,868
2020,QO20,93,1,new,4484
2020,QO20,93,1,old,859
2020,QO20,94,1,new,4719
2020,QO20,94,1,old,853
2020,QO20,95,1,new,4865
2020,QO20,95,1,old,790
2020,QO20,96,1,new,5223
2020,QO20,96,1,old,900
2020,QO20,97,1,new,6361
2020,QO20,97,1,old,984
2020,QO20,98,1,new,6731
2020,QO20,98,1,old,927
2020,QO20,99,1,new,5316
2020,QO20,99,1,old,794
2020,QO20,100,1,new,6154
2020,QO20,100,1,old,887
2020,QO20,101,1,new,5612
2020,QO20,101,1,old,825
2020,QO20,102,1,new,6552
2020,QO20,102,1,old,963
2020,QO20,103,1,new,6908
2020,QO20,103,1,old,877
2020,QO20,104,1,new,6396
2020,QO20,104,1,old,900
2020,QO20,105,1,new,5499
2020,QO20,105,1,old,761
2020,QO20,106,1,new,5175
2020,QO20,106,1,old,773
2020,QO20,107,1,new,5062
2020,QO20,107,1,old,691
2020,QO20,108,1,new,5064
2020,QO20,108,1,old,727
2020,QO20,109,1,new,3768
2020,QO20,109,1,old,610
2020,QO20,110,1,new,3554
2020,QO20,110,1,old,574
2020,QO20,111,1,new,3095
2020,QO20,111,1,old,575
2020,QO20,112,1,new,2939
2020,QO20,112,1,old,545
2020,QO20,113,1,new,2595
2020,QO20,113,1,old,519
2020,QO20,114,1,new,2151
2020,QO20,114,1,old,564
2020,QO20,115,1,new,1561
2020,QO20,115,1,old,401
2020,QO20,116,1,new,1316
2020,QO20,116,1,old,450
2020,QO20,117,1,new,1088
2020,QO20,117,1,old,330
2020,QO20,118,1,new,1052
2020,QO20,118,1,old,399
2020,QO20,119,1,new,642
2020,QO20,119,1,old,377
2020,QO20,120,1,new,551
2020,QO20,120,1,old,332
2020,QO20,121,1,new,427
2020,QO20,121,1,old,321
2020,QO20,122,1,new,351
2020,QO20,122,1,old,283
2020,QO20,123,1,new,345
2020,QO20,123,1,old,250
2020,QO20,124,1,new,223
2020,QO20,124,1,old,282
2020,QO20,125,1,new,171
2020,QO20,125,1,old,199
2020,QO20,126,1,new,115
2020,QO20,126,1,old,201
2020,QO20,127,1,new,94
2020,QO20,127,1,old,158
2020,QO20,128,1,new,79
2020,QO20,128,1,old,110
2020,QO20,129,1,new,55
2020,QO20,129,1,old,107
2020,QO20,130,1,new,32
2020,QO20,130,1,old,94
2020,QO20,131,1,new,27
2020,QO20,131,1,old,60
2020,QO20,132,1,new,25
2020,QO20,132,1,old,46
2020,QO20,133,1,new,14
2020,QO20,133,1,old,38
2020,QO20,134,1,new,6
2020,QO20,134,1,old,31
2020,QO20,135,1,new,5
2020,QO20,135,1,old,17
2020,QO20,136,1,new,6
2020,QO20,136,1,old,11
2020,QO20,137,1,new,2
2020,QO20,137,1,old,11
2020,QO20,138,1,new,3
2020,QO20,138,1,old,10
2020,QO20,139,1,new,1
2020,QO20,139,1,old,9
2020,QO20,140,1,old,3
2020,QO20,141,1,old,2
2020,QO20,144,1,new,1
2020,QO20,144,1,old,2
2020,QO20,145,1,new,1
2020,QO20,146,1,old,1
2020,QO20,147,1,old,1
2020,QO20,148,1,old,1
2020,QO20,160,1,new,3
2020,QO20,160,1,old,1
2020,QO20,170,1,old,1
2020,QO20,190,1,new,1
2021,QO21,51,2,old,1
2021,QO21,62,1,new,1
2021,QO21,65,1,old,1
2021,QO21,68,1,new,1
2021,QO21,68,1,old,2
2021,QO21,69,1,old,4
2021,QO21,70,1,new,1
2021,QO21,70,1,old,3
2021,QO21,71,1,new,2
2021,QO21,71,1,old,2
2021,QO21,72,1,new,2
2021,QO21,72,1,old,5
2021,QO21,73,1,new,2
2021,QO21,73,1,old,7
2021,QO21,74,1,new,4
2021,QO21,74,1,old,6
2021,QO21,75,1,new,7
2021,QO21,75,1,old,10
2021,QO21,76,1,new,3
2021,QO21,76,1,old,14
2021,QO21,77,1,new,9
2021,QO21,77,1,old,10
2021,QO21,78,1,new,10
2021,QO21,78,1,old,19
2021,QO21,79,1,new,15
2021,QO21,79,1,old,28
2021,QO21,80,1,new,24
2021,QO21,80,1,old,29
2021,QO21,81,1,new,23
2021,QO21,81,1,old,31
2021,QO21,82,1,new,35
2021,QO21,82,1,old,48
2021,QO21,83,1,new,44
2021,QO21,83,1,old,48
2021,QO21,84,1,new,44
2021,QO21,84,1,old,55
2021,QO21,85,1,new,64
2021,QO21,85,1,old,44
2021,QO21,86,1,new,64
2021,QO21,86,1,old,54
2021,QO21,87,1,new,106
2021,QO21,87,1,old,66
2021,QO21,88,1,new,172
2021,QO21,88,1,old,69
2021,QO21,89,1,new,157
2021,QO21,89,1,old,56
2021,QO21,90,1,new,229
2021,QO21,90,1,old,82
2021,QO21,91,1,new,246
2021,QO21,91,1,old,61
2021,QO21,92,1,new,394
2021,QO21,92,1,old,88
2021,QO21,93,1,new,446
2021,QO21,93,1,old,84
2021,QO21,94,1,new,458
2021,QO21,94,1,old,68
2021,QO21,95,1,new,667
2021,QO21,95,1,old,106
2021,QO21,96,1,new,641
2021,QO21,96,1,old,82
2021,QO21,97,1,new,904
2021,QO21,97,1,old,116
2021,QO21,98,1,new,976
2021,QO21,98,1,old,126
2021,QO21,99,1,new,858
2021,QO21,99,1,old,79
2021,QO21,100,1,new,1016
2021,QO21,100,1,old,95
2021,QO21,101,1,new,989
2021,QO21,101,1,old,104
2021,QO21,102,1,new,1214
2021,QO21,102,1,old,100
2021,QO21,103,1,new,1361
2021,QO21,103,1,old,93
2021,QO21,104,1,new,1189
2021,QO21,104,1,old,90
2021,QO21,105,1,new,1236
2021,QO21,105,1,old,108
2021,QO21,106,1,new,1013
2021,QO21,106,1,old,72
2021,QO21,107,1,new,1228
2021,QO21,107,1,old,82
2021,QO21,108,1,new,1229
2021,QO21,108,1,old,105
2021,QO21,109,1,new,905
2021,QO21,109,1,old,72
2021,QO21,110,1,new,959
2021,QO21,110,1,old,102
2021,QO21,111,1,new,776
2021,QO21,111,1,old,70
2021,QO21,112,1,new,907
2021,QO21,112,1,old,81
2021,QO21,113,1,new,812
2021,QO21,113,1,old,69
2021,QO21,114,1,new,642
2021,QO21,114,1,old,45
2021,QO21,115,1,new,529
2021,QO21,115,1,old,50
2021,QO21,116,1,new,372
2021,QO21,116,1,old,25
2021,QO21,117,1,new,449
2021,QO21,117,1,old,31
2021,QO21,118,1,new,379
2021,QO21,118,1,old,40
2021,QO21,119,1,new,228
2021,QO21,119,1,old,19
2021,QO21,120,1,new,228
2021,QO21,120,1,old,19
2021,QO21,121,1,new,145
2021,QO21,121,1,old,20
2021,QO21,122,1,new,138
2021,QO21,122,1,old,17
2021,QO21,123,1,new,125
2021,QO21,123,1,old,24
2021,QO21,124,1,new,78
2021,QO21,124,1,old,12
2021,QO21,125,1,new,64
2021,QO21,125,1,old,5
2021,QO21,126,1,new,42
2021,QO21,126,1,old,12
2021,QO21,127,1,new,31
2021,QO21,127,1,old,9
2021,QO21,128,1,new,21
2021,QO21,128,1,old,13
2021,QO21,129,1,new,7
2021,QO21,129,1,old,5
2021,QO21,130,1,new,9
2021,QO21,130,1,old,10
2021,QO21,131,1,new,3
2021,QO21,131,1,old,3
2021,QO21,132,1,new,1
2021,QO21,132,1,old,2
2021,QO21,133,1,new,1
2021,QO21,134,1,new,1
2021,QO21,134,1,old,2
2021,QO21,135,1,new,1
2021,QO21,135,1,old,1
2021,QO21,137,1,new,2
2021,QO21,138,1,old,1
2021,QO21,139,1,old,1
