# gmacs 
# exit status 134, 414.7 s
end of GMACS.DAT
+----------------------+
| Reading data file    |
+----------------------+
 * Model dimensions
 * Natural mortality
 * Catch data
 * Abundance data
 * Size composition data
end of data section
+----------------------+
| Reading control file |
+----------------------+
Warning - the end of block 2 exceeds nyrRetro
 * General controls
 1982 2025 1 1 2 0.5 2 1 1 0 0 200 5 1940 1950 2050 2051 0 0
Expecting 98 theta parameters
 * Allometry
 * Maturity definition
## Legal definition
 * Growth parameter controls
growth increment option for sex 1 is 1
growth increment option for sex 2 is 1
LinearGM: setting nparG=3 for ig 1
ig = 1 nparG = 3
LinearGM: setting nparG=3 for ig 2
ig = 2 nparG = 3
ig = 3 nparG = 0
ig = 4 nparG = 0
ig = 5 nparG = 0
ig = 6 nparG = 0
nparGs 3 3 0 0 0 0
assigning growth parameters
1 1 Alpha_male 2.049 -5 20 0 2.049 1 3 0 0 0 0 0 0 0.3 0
    Alpha_male
printing Gpar_control
2 1 Beta_male -0.2258 -1 0 0 -0.2258 0.5 3 0 0 0 0 0 0 0.3 0
    Beta_male
printing Gpar_control
3 1 Gscale_male 0.25 0.001 5 0 0 999 -3 0 0 0 0 0 0 0.3 0
    Gscale_male
printing Gpar_control
IPAR1  2.049 -5 20 0 2.049 1 3 0 0 0 0 0 0 0.3 0
IPAR2  -0.2258 -1 0 0 -0.2258 0.5 3 0 0 0 0 0 0 0.3 0
IPAR3  0.25 0.001 5 0 0 999 -3 0 0 0 0 0 0 0.3 0
1 1 Alpha_female -1.1539 -5 10 0 -1.1539 1 3 0 0 0 0 0 0 0.3 0
    Alpha_female
printing Gpar_control
2 1 Beta_female -0.3389 -1 0 0 -0.3389 0.5 3 0 0 0 0 0 0 0.3 0
    Beta_female
printing Gpar_control
3 1 Gscale_female 0.25 0.001 5 0 0 999 -3 0 0 0 0 0 0 0.3 0
    Gscale_female
printing Gpar_control
IPAR4  -1.1539 -5 10 0 -1.1539 1 3 0 0 0 0 0 0 0.3 0
IPAR5  -0.3389 -1 0 0 -0.3389 0.5 3 0 0 0 0 0 0 0.3 0
IPAR6  0.25 0.001 5 0 0 999 -3 0 0 0 0 0 0 0.3 0
1
Special 1 0
2
Special 2 0
3
Special 3 0
4
Special 4 0
5
Special 5 1
6
Special 6 1
 * Natural mortality parameter controls
 * Selectivity parameter controls
 * Catchability parameter controls
 0 0 0 0
 0 0 0 0
 * Additional CV controls
 * Fishing mortality controls
 * Size composition controls
## Emphasis Factors (Fdev Penalties) ##
## Emphasis Factors (Priors/Penalties) ##
end of control section
+-------------------------+
| Reading projection file |
+-------------------------+
end of projection section
Number of estimated parameters: 412
Number of std variables: 430
+----------------------+
| Parameter section    |
+----------------------+
+----------------------+
| Preliminary section  |
+----------------------+
+------------------------------+
| Initial Procedure Section    |
+------------------------------+
initialize model AEP
initialize model AEP
Finished PRELIMINARY_CALCS_SECTION
Starting optimization of 'gmacs' in phase 1 of 4 at Thu Sep 17 17:33:56 2026

#--BETWEEN_PHASES_SECTION---------------------
#----Starting phase 1 of 4
Finished BETWEEN_PHASES_SECTION
----------------------------------------------
DEBUG: Total gradient stack used is 201272 out of 10000000
DEBUG: Total dvariable address used is 2077 out of 150000
DEBUG: Total dvariable address used is 3873808 out of 50000000
phase= 1 | nvar=259 | iter=  0 | nll=-2.37e+04 | mag=6.74e+02 | par[  1]=T_pars_est[3]
DEBUG: Total gradient stack used is 201272 out of 10000000
DEBUG: Total dvariable address used is 2077 out of 150000
DEBUG: Total dvariable address used is 3873808 out of 50000000
DEBUG: Total gradient stack used is 201272 out of 10000000
DEBUG: Total dvariable address used is 2077 out of 150000
DEBUG: Total dvariable address used is 3873808 out of 50000000
DEBUG: Total gradient stack used is 201272 out of 10000000
DEBUG: Total dvariable address used is 2077 out of 150000
DEBUG: Total dvariable address used is 3873808 out of 50000000
DEBUG: Total gradient stack used is 201272 out of 10000000
DEBUG: Total dvariable address used is 2077 out of 150000
DEBUG: Total dvariable address used is 3873808 out of 50000000
DEBUG: Total gradient stack used is 201272 out of 10000000
DEBUG: Total dvariable address used is 2077 out of 150000
DEBUG: Total dvariable address used is 3873808 out of 50000000
DEBUG: Total gradient stack used is 201272 out of 10000000
DEBUG: Total dvariable address used is 2077 out of 150000
DEBUG: Total dvariable address used is 3873808 out of 50000000
DEBUG: Total gradient stack used is 201272 out of 10000000
DEBUG: Total dvariable address used is 2077 out of 150000
DEBUG: Total dvariable address used is 3873808 out of 50000000
DEBUG: Total gradient stack used is 201272 out of 10000000
DEBUG: Total dvariable address used is 2077 out of 150000
DEBUG: Total dvariable address used is 3873808 out of 50000000
DEBUG: Total gradient stack used is 201272 out of 10000000
DEBUG: Total dvariable address used is 2077 out of 150000
DEBUG: Total dvariable address used is 3873808 out of 50000000
DEBUG: Total gradient stack used is 201272 out of 10000000
DEBUG: Total dvariable address used is 2077 out of 150000
DEBUG: Total dvariable address used is 3873808 out of 50000000
DEBUG: Total gradient stack used is 201272 out of 10000000
DEBUG: Total dvariable address used is 2077 out of 150000
DEBUG: Total dvariable address used is 3873808 out of 50000000
DEBUG: Total gradient stack used is 201272 out of 10000000
DEBUG: Total dvariable address used is 2077 out of 150000
DEBUG: Total dvariable address used is 3873808 out of 50000000
DEBUG: Total gradient stack used is 201272 out of 10000000
DEBUG: Total dvariable address used is 2077 out of 150000
DEBUG: Total dvariable address used is 3873808 out of 50000000
DEBUG: Total gradient stack used is 201272 out of 10000000
DEBUG: Total dvariable address used is 2077 out of 150000
DEBUG: Total dvariable address used is 3873808 out of 50000000
DEBUG: Total gradient stack used is 201272 out of 10000000
DEBUG: Total dvariable address used is 2077 out of 150000
DEBUG: Total dvariable address used is 3873808 out of 50000000
DEBUG: Total gradient stack used is 201272 out of 10000000
DEBUG: Total dvariable address used is 2077 out of 150000
DEBUG: Total dvariable address used is 3873808 out of 50000000
DEBUG: Total gradient stack used is 201272 out of 10000000
DEBUG: Total dvariable address used is 2077 out of 150000
DEBUG: Total dvariable address used is 3873808 out of 50000000
DEBUG: Total gradient stack used is 201272 out of 10000000
DEBUG: Total dvariable address used is 2077 out of 150000
DEBUG: Total dvariable address used is 3873808 out of 50000000
DEBUG: Total gradient stack used is 201272 out of 10000000
DEBUG: Total dvariable address used is 2077 out of 150000
DEBUG: Total dvariable address used is 3873808 out of 50000000
DEBUG: Total gradient stack used is 201272 out of 10000000
DEBUG: Total dvariable address used is 2077 out of 150000
DEBUG: Total dvariable address used is 3873808 out of 50000000
DEBUG: Total gradient stack used is 201272 out of 10000000
DEBUG: Total dvariable address used is 2077 out of 150000
DEBUG: Total dvariable address used is 3873808 out of 50000000
DEBUG: Total gradient stack used is 201272 out of 10000000
DEBUG: Total dvariable address used is 2077 out of 150000
DEBUG: Total dvariable address used is 3873808 out of 50000000
DEBUG: Total gradient stack used is 201272 out of 10000000
DEBUG: Total dvariable address used is 2077 out of 150000
DEBUG: Total dvariable address used is 3873808 out of 50000000
DEBUG: Total gradient stack used is 201272 out of 10000000
DEBUG: Total dvariable address used is 2077 out of 150000
DEBUG: Total dvariable address used is 3873808 out of 50000000
phase= 1 | nvar=259 | iter= 20 | nll=-2.37e+04 | mag=1.09e+03 | par[  1]=T_pars_est[3]
DEBUG: Total gradient stack used is 201272 out of 10000000
DEBUG: Total dvariable address used is 2077 out of 150000
DEBUG: Total dvariable address used is 3873808 out of 50000000
DEBUG: Total gradient stack used is 201272 out of 10000000
DEBUG: Total dvariable address used is 2077 out of 150000
DEBUG: Total dvariable address used is 3873808 out of 50000000
DEBUG: Total gradient stack used is 201272 out of 10000000
DEBUG: Total dvariable address used is 2077 out of 150000
DEBUG: Total dvariable address used is 3873808 out of 50000000
DEBUG: Total gradient stack used is 201272 out of 10000000
DEBUG: Total dvariable address used is 2077 out of 150000
DEBUG: Total dvariable address used is 3873808 out of 50000000
DEBUG: Total gradient stack used is 201272 out of 10000000
DEBUG: Total dvariable address used is 2077 out of 150000
DEBUG: Total dvariable address used is 3873808 out of 50000000
DEBUG: Total gradient stack used is 201272 out of 10000000
DEBUG: Total dvariable address used is 2077 out of 150000
DEBUG: Total dvariable address used is 3873808 out of 50000000
DEBUG: Total gradient stack used is 201272 out of 10000000
DEBUG: Total dvariable address used is 2077 out of 150000
DEBUG: Total dvariable address used is 3873808 out of 50000000
DEBUG: Total gradient stack used is 201272 out of 10000000
DEBUG: Total dvariable address used is 2077 out of 150000
DEBUG: Total dvariable address used is 3873808 out of 50000000
DEBUG: Total gradient stack used is 201272 out of 10000000
DEBUG: Total dvariable address used is 2077 out of 150000
DEBUG: Total dvariable address used is 3873808 out of 50000000
DEBUG: Total gradient stack used is 201272 out of 10000000
DEBUG: Total dvariable address used is 2077 out of 150000
DEBUG: Total dvariable address used is 3873808 out of 50000000
DEBUG: Total gradient stack used is 201272 out of 10000000
DEBUG: Total dvariable address used is 2077 out of 150000
DEBUG: Total dvariable address used is 3873808 out of 50000000
DEBUG: Total gradient stack used is 201272 out of 10000000
DEBUG: Total dvariable address used is 2077 out of 150000
DEBUG: Total dvariable address used is 3873808 out of 50000000
DEBUG: Total gradient stack used is 201272 out of 10000000
DEBUG: Total dvariable address used is 2077 out of 150000
DEBUG: Total dvariable address used is 3873808 out of 50000000
DEBUG: Total gradient stack used is 201272 out of 10000000
DEBUG: Total dvariable address used is 2077 out of 150000
DEBUG: Total dvariable address used is 3873808 out of 50000000
DEBUG: Total gradient stack used is 201272 out of 10000000
DEBUG: Total dvariable address used is 2077 out of 150000
DEBUG: Total dvariable address used is 3873808 out of 50000000
DEBUG: Total gradient stack used is 201272 out of 10000000
DEBUG: Total dvariable address used is 2077 out of 150000
DEBUG: Total dvariable address used is 3873808 out of 50000000
DEBUG: Total gradient stack used is 201272 out of 10000000
DEBUG: Total dvariable address used is 2077 out of 150000
DEBUG: Total dvariable address used is 3873808 out of 50000000
DEBUG: Total gradient stack used is 201272 out of 10000000
DEBUG: Total dvariable address used is 2077 out of 150000
DEBUG: Total dvariable address used is 3873808 out of 50000000
DEBUG: Total gradient stack used is 201272 out of 10000000
DEBUG: Total dvariable address used is 2077 out of 150000
DEBUG: Total dvariable address used is 3873808 out of 50000000
DEBUG: Total gradient stack used is 201272 out of 10000000
DEBUG: Total dvariable address used is 2077 out of 150000
DEBUG: Total dvariable address used is 3873808 out of 50000000
DEBUG: Total gradient stack used is 201272 out of 10000000
DEBUG: Total dvariable address used is 2077 out of 150000
DEBUG: Total dvariable address used is 3873808 out of 50000000
phase= 1 | nvar=259 | iter= 40 | nll=-2.37e+04 | mag=1.08e+03 | par[  1]=T_pars_est[3]
DEBUG: Total gradient stack used is 201272 out of 10000000
DEBUG: Total dvariable address used is 2077 out of 150000
DEBUG: Total dvariable address used is 3873808 out of 50000000
DEBUG: Total gradient stack used is 201272 out of 10000000
DEBUG: Total dvariable address used is 2077 out of 150000
DEBUG: Total dvariable address used is 3873808 out of 50000000
DEBUG: Total gradient stack used is 201272 out of 10000000
DEBUG: Total dvariable address used is 2077 out of 150000
DEBUG: Total dvariable address used is 3873808 out of 50000000
DEBUG: Total gradient stack used is 201272 out of 10000000
DEBUG: Total dvariable address used is 2077 out of 150000
DEBUG: Total dvariable address used is 3873808 out of 50000000
DEBUG: Total gradient stack used is 201272 out of 10000000
DEBUG: Total dvariable address used is 2077 out of 150000
DEBUG: Total dvariable address used is 3873808 out of 50000000
DEBUG: Total gradient stack used is 201272 out of 10000000
DEBUG: Total dvariable address used is 2077 out of 150000
DEBUG: Total dvariable address used is 3873808 out of 50000000
DEBUG: Total gradient stack used is 201272 out of 10000000
DEBUG: Total dvariable address used is 2077 out of 150000
DEBUG: Total dvariable address used is 3873808 out of 50000000
DEBUG: Total gradient stack used is 201272 out of 10000000
DEBUG: Total dvariable address used is 2077 out of 150000
DEBUG: Total dvariable address used is 3873808 out of 50000000
DEBUG: Total gradient stack used is 201272 out of 10000000
DEBUG: Total dvariable address used is 2077 out of 150000
DEBUG: Total dvariable address used is 3873808 out of 50000000
DEBUG: Total gradient stack used is 201272 out of 10000000
DEBUG: Total dvariable address used is 2077 out of 150000
DEBUG: Total dvariable address used is 3873808 out of 50000000
DEBUG: Total gradient stack used is 201272 out of 10000000
DEBUG: Total dvariable address used is 2077 out of 150000
DEBUG: Total dvariable address used is 3873808 out of 50000000
DEBUG: Total gradient stack used is 201272 out of 10000000
DEBUG: Total dvariable address used is 2077 out of 150000
DEBUG: Total dvariable address used is 3873808 out of 50000000
DEBUG: Total gradient stack used is 201272 out of 10000000
DEBUG: Total dvariable address used is 2077 out of 150000
DEBUG: Total dvariable address used is 3873808 out of 50000000
DEBUG: Total gradient stack used is 201272 out of 10000000
DEBUG: Total dvariable address used is 2077 out of 150000
DEBUG: Total dvariable address used is 3873808 out of 50000000
DEBUG: Total gradient stack used is 201272 out of 10000000
DEBUG: Total dvariable address used is 2077 out of 150000
DEBUG: Total dvariable address used is 3873808 out of 50000000
DEBUG: Total gradient stack used is 201272 out of 10000000
DEBUG: Total dvariable address used is 2077 out of 150000
DEBUG: Total dvariable address used is 3873808 out of 50000000
DEBUG: Total gradient stack used is 201272 out of 10000000
DEBUG: Total dvariable address used is 2077 out of 150000
DEBUG: Total dvariable address used is 3873808 out of 50000000
DEBUG: Total gradient stack used is 201272 out of 10000000
DEBUG: Total dvariable address used is 2077 out of 150000
DEBUG: Total dvariable address used is 3873808 out of 50000000
DEBUG: Total gradient stack used is 201272 out of 10000000
DEBUG: Total dvariable address used is 2077 out of 150000
DEBUG: Total dvariable address used is 3873808 out of 50000000
DEBUG: Total gradient stack used is 201272 out of 10000000
DEBUG: Total dvariable address used is 2077 out of 150000
DEBUG: Total dvariable address used is 3873808 out of 50000000
phase= 1 | nvar=259 | iter= 60 | nll=-2.37e+04 | mag=4.34e+02 | par[  1]=T_pars_est[3]
DEBUG: Total gradient stack used is 201272 out of 10000000
DEBUG: Total dvariable address used is 2077 out of 150000
DEBUG: Total dvariable address used is 3873808 out of 50000000
DEBUG: Total gradient stack used is 201272 out of 10000000
DEBUG: Total dvariable address used is 2077 out of 150000
DEBUG: Total dvariable address used is 3873808 out of 50000000
DEBUG: Total gradient stack used is 201272 out of 10000000
DEBUG: Total dvariable address used is 2077 out of 150000
DEBUG: Total dvariable address used is 3873808 out of 50000000
DEBUG: Total gradient stack used is 201272 out of 10000000
DEBUG: Total dvariable address used is 2077 out of 150000
DEBUG: Total dvariable address used is 3873808 out of 50000000
DEBUG: Total gradient stack used is 201272 out of 10000000
DEBUG: Total dvariable address used is 2077 out of 150000
DEBUG: Total dvariable address used is 3873808 out of 50000000
DEBUG: Total gradient stack used is 201272 out of 10000000
DEBUG: Total dvariable address used is 2077 out of 150000
DEBUG: Total dvariable address used is 3873808 out of 50000000
DEBUG: Total gradient stack used is 201272 out of 10000000
DEBUG: Total dvariable address used is 2077 out of 150000
DEBUG: Total dvariable address used is 3873808 out of 50000000
DEBUG: Total gradient stack used is 201272 out of 10000000
DEBUG: Total dvariable address used is 2077 out of 150000
DEBUG: Total dvariable address used is 3873808 out of 50000000
DEBUG: Total gradient stack used is 201272 out of 10000000
DEBUG: Total dvariable address used is 2077 out of 150000
DEBUG: Total dvariable address used is 3873808 out of 50000000
DEBUG: Total gradient stack used is 201272 out of 10000000
DEBUG: Total dvariable address used is 2077 out of 150000
DEBUG: Total dvariable address used is 3873808 out of 50000000
DEBUG: Total gradient stack used is 201272 out of 10000000
DEBUG: Total dvariable address used is 2077 out of 150000
DEBUG: Total dvariable address used is 3873808 out of 50000000
DEBUG: Total gradient stack used is 201272 out of 10000000
DEBUG: Total dvariable address used is 2077 out of 150000
DEBUG: Total dvariable address used is 3873808 out of 50000000
DEBUG: Total gradient stack used is 201272 out of 10000000
DEBUG: Total dvariable address used is 2077 out of 150000
DEBUG: Total dvariable address used is 3873808 out of 50000000
DEBUG: Total gradient stack used is 201272 out of 10000000
DEBUG: Total dvariable address used is 2077 out of 150000
DEBUG: Total dvariable address used is 3873808 out of 50000000
DEBUG: Total gradient stack used is 201272 out of 10000000
DEBUG: Total dvariable address used is 2077 out of 150000
DEBUG: Total dvariable address used is 3873808 out of 50000000
DEBUG: Total gradient stack used is 201272 out of 10000000
DEBUG: Total dvariable address used is 2077 out of 150000
DEBUG: Total dvariable address used is 3873808 out of 50000000
DEBUG: Total gradient stack used is 201272 out of 10000000
DEBUG: Total dvariable address used is 2077 out of 150000
DEBUG: Total dvariable address used is 3873808 out of 50000000
DEBUG: Total gradient stack used is 201272 out of 10000000
DEBUG: Total dvariable address used is 2077 out of 150000
DEBUG: Total dvariable address used is 3873808 out of 50000000
DEBUG: Total gradient stack used is 201272 out of 10000000
DEBUG: Total dvariable address used is 2077 out of 150000
DEBUG: Total dvariable address used is 3873808 out of 50000000
DEBUG: Total gradient stack used is 201272 out of 10000000
DEBUG: Total dvariable address used is 2077 out of 150000
DEBUG: Total dvariable address used is 3873808 out of 50000000
DEBUG: Total gradient stack used is 201272 out of 10000000
DEBUG: Total dvariable address used is 2077 out of 150000
DEBUG: Total dvariable address used is 3873808 out of 50000000
DEBUG: Total gradient stack used is 201272 out of 10000000
DEBUG: Total dvariable address used is 2077 out of 150000
DEBUG: Total dvariable address used is 3873808 out of 50000000
DEBUG: Total gradient stack used is 201272 out of 10000000
DEBUG: Total dvariable address used is 2077 out of 150000
DEBUG: Total dvariable address used is 3873808 out of 50000000
DEBUG: Total gradient stack used is 201272 out of 10000000
DEBUG: Total dvariable address used is 2077 out of 150000
DEBUG: Total dvariable address used is 3873808 out of 50000000
DEBUG: Total gradient stack used is 201272 out of 10000000
DEBUG: Total dvariable address used is 2077 out of 150000
DEBUG: Total dvariable address used is 3873808 out of 50000000
DEBUG: Total gradient stack used is 201272 out of 10000000
DEBUG: Total dvariable address used is 2077 out of 150000
DEBUG: Total dvariable address used is 3873808 out of 50000000
phase= 1 | nvar=259 | iter= 80 | nll=-2.37e+04 | mag=2.66e+01 | par[ 92]=log_fdev[1][6]
DEBUG: Total gradient stack used is 201272 out of 10000000
DEBUG: Total dvariable address used is 2077 out of 150000
DEBUG: Total dvariable address used is 3873808 out of 50000000
DEBUG: Total gradient stack used is 201272 out of 10000000
DEBUG: Total dvariable address used is 2077 out of 150000
DEBUG: Total dvariable address used is 3873808 out of 50000000
DEBUG: Total gradient stack used is 201272 out of 10000000
DEBUG: Total dvariable address used is 2077 out of 150000
DEBUG: Total dvariable address used is 3873808 out of 50000000
DEBUG: Total gradient stack used is 201272 out of 10000000
DEBUG: Total dvariable address used is 2077 out of 150000
DEBUG: Total dvariable address used is 3873808 out of 50000000
DEBUG: Total gradient stack used is 201272 out of 10000000
DEBUG: Total dvariable address used is 2077 out of 150000
DEBUG: Total dvariable address used is 3873808 out of 50000000
DEBUG: Total gradient stack used is 201272 out of 10000000
DEBUG: Total dvariable address used is 2077 out of 150000
DEBUG: Total dvariable address used is 3873808 out of 50000000
DEBUG: Total gradient stack used is 201272 out of 10000000
DEBUG: Total dvariable address used is 2077 out of 150000
DEBUG: Total dvariable address used is 3873808 out of 50000000
DEBUG: Total gradient stack used is 201272 out of 10000000
DEBUG: Total dvariable address used is 2077 out of 150000
DEBUG: Total dvariable address used is 3873808 out of 50000000
DEBUG: Total gradient stack used is 201272 out of 10000000
DEBUG: Total dvariable address used is 2077 out of 150000
DEBUG: Total dvariable address used is 3873808 out of 50000000
DEBUG: Total gradient stack used is 201272 out of 10000000
DEBUG: Total dvariable address used is 2077 out of 150000
DEBUG: Total dvariable address used is 3873808 out of 50000000
DEBUG: Total gradient stack used is 201272 out of 10000000
DEBUG: Total dvariable address used is 2077 out of 150000
DEBUG: Total dvariable address used is 3873808 out of 50000000
DEBUG: Total gradient stack used is 201272 out of 10000000
DEBUG: Total dvariable address used is 2077 out of 150000
DEBUG: Total dvariable address used is 3873808 out of 50000000
DEBUG: Total gradient stack used is 201272 out of 10000000
DEBUG: Total dvariable address used is 2077 out of 150000
DEBUG: Total dvariable address used is 3873808 out of 50000000
DEBUG: Total gradient stack used is 201272 out of 10000000
DEBUG: Total dvariable address used is 2077 out of 150000
DEBUG: Total dvariable address used is 3873808 out of 50000000
DEBUG: Total gradient stack used is 201272 out of 10000000
DEBUG: Total dvariable address used is 2077 out of 150000
DEBUG: Total dvariable address used is 3873808 out of 50000000
DEBUG: Total gradient stack used is 201272 out of 10000000
DEBUG: Total dvariable address used is 2077 out of 150000
DEBUG: Total dvariable address used is 3873808 out of 50000000
DEBUG: Total gradient stack used is 201272 out of 10000000
DEBUG: Total dvariable address used is 2077 out of 150000
DEBUG: Total dvariable address used is 3873808 out of 50000000
DEBUG: Total gradient stack used is 201272 out of 10000000
DEBUG: Total dvariable address used is 2077 out of 150000
DEBUG: Total dvariable address used is 3873808 out of 50000000
DEBUG: Total gradient stack used is 201272 out of 10000000
DEBUG: Total dvariable address used is 2077 out of 150000
DEBUG: Total dvariable address used is 3873808 out of 50000000
DEBUG: Total gradient stack used is 201272 out of 10000000
DEBUG: Total dvariable address used is 2077 out of 150000
DEBUG: Total dvariable address used is 3873808 out of 50000000
DEBUG: Total gradient stack used is 201272 out of 10000000
DEBUG: Total dvariable address used is 2077 out of 150000
DEBUG: Total dvariable address used is 3873808 out of 50000000
phase= 1 | nvar=259 | iter=100 | nll=-2.37e+04 | mag=2.55e+01 | par[ 93]=log_fdev[1][7]
DEBUG: Total gradient stack used is 201272 out of 10000000
DEBUG: Total dvariable address used is 2077 out of 150000
DEBUG: Total dvariable address used is 3873808 out of 50000000
DEBUG: Total gradient stack used is 201272 out of 10000000
DEBUG: Total dvariable address used is 2077 out of 150000
DEBUG: Total dvariable address used is 3873808 out of 50000000
DEBUG: Total gradient stack used is 201272 out of 10000000
DEBUG: Total dvariable address used is 2077 out of 150000
DEBUG: Total dvariable address used is 3873808 out of 50000000
DEBUG: Total gradient stack used is 201272 out of 10000000
DEBUG: Total dvariable address used is 2077 out of 150000
DEBUG: Total dvariable address used is 3873808 out of 50000000
DEBUG: Total gradient stack used is 201272 out of 10000000
DEBUG: Total dvariable address used is 2077 out of 150000
DEBUG: Total dvariable address used is 3873808 out of 50000000
DEBUG: Total gradient stack used is 201272 out of 10000000
DEBUG: Total dvariable address used is 2077 out of 150000
DEBUG: Total dvariable address used is 3873808 out of 50000000
DEBUG: Total gradient stack used is 201272 out of 10000000
DEBUG: Total dvariable address used is 2077 out of 150000
DEBUG: Total dvariable address used is 3873808 out of 50000000
DEBUG: Total gradient stack used is 201272 out of 10000000
DEBUG: Total dvariable address used is 2077 out of 150000
DEBUG: Total dvariable address used is 3873808 out of 50000000
DEBUG: Total gradient stack used is 201272 out of 10000000
DEBUG: Total dvariable address used is 2077 out of 150000
DEBUG: Total dvariable address used is 3873808 out of 50000000
DEBUG: Total gradient stack used is 201272 out of 10000000
DEBUG: Total dvariable address used is 2077 out of 150000
DEBUG: Total dvariable address used is 3873808 out of 50000000
DEBUG: Total gradient stack used is 201272 out of 10000000
DEBUG: Total dvariable address used is 2077 out of 150000
DEBUG: Total dvariable address used is 3873808 out of 50000000
DEBUG: Total gradient stack used is 201272 out of 10000000
DEBUG: Total dvariable address used is 2077 out of 150000
DEBUG: Total dvariable address used is 3873808 out of 50000000
DEBUG: Total gradient stack used is 201272 out of 10000000
DEBUG: Total dvariable address used is 2077 out of 150000
DEBUG: Total dvariable address used is 3873808 out of 50000000
DEBUG: Total gradient stack used is 201272 out of 10000000
DEBUG: Total dvariable address used is 2077 out of 150000
DEBUG: Total dvariable address used is 3873808 out of 50000000
DEBUG: Total gradient stack used is 201272 out of 10000000
DEBUG: Total dvariable address used is 2077 out of 150000
DEBUG: Total dvariable address used is 3873808 out of 50000000
DEBUG: Total gradient stack used is 201272 out of 10000000
DEBUG: Total dvariable address used is 2077 out of 150000
DEBUG: Total dvariable address used is 3873808 out of 50000000
DEBUG: Total gradient stack used is 201272 out of 10000000
DEBUG: Total dvariable address used is 2077 out of 150000
DEBUG: Total dvariable address used is 3873808 out of 50000000
DEBUG: Total gradient stack used is 201272 out of 10000000
DEBUG: Total dvariable address used is 2077 out of 150000
DEBUG: Total dvariable address used is 3873808 out of 50000000
DEBUG: Total gradient stack used is 201272 out of 10000000
DEBUG: Total dvariable address used is 2077 out of 150000
DEBUG: Total dvariable address used is 3873808 out of 50000000
DEBUG: Total gradient stack used is 201272 out of 10000000
DEBUG: Total dvariable address used is 2077 out of 150000
DEBUG: Total dvariable address used is 3873808 out of 50000000
DEBUG: Total gradient stack used is 201272 out of 10000000
DEBUG: Total dvariable address used is 2077 out of 150000
DEBUG: Total dvariable address used is 3873808 out of 50000000
DEBUG: Total gradient stack used is 201272 out of 10000000
DEBUG: Total dvariable address used is 2077 out of 150000
DEBUG: Total dvariable address used is 3873808 out of 50000000
DEBUG: Total gradient stack used is 201272 out of 10000000
DEBUG: Total dvariable address used is 2077 out of 150000
DEBUG: Total dvariable address used is 3873808 out of 50000000
phase= 1 | nvar=259 | iter=120 | nll=-2.37e+04 | mag=3.22e+00 | par[ 92]=log_fdev[1][6]
DEBUG: Total gradient stack used is 201272 out of 10000000
DEBUG: Total dvariable address used is 2077 out of 150000
DEBUG: Total dvariable address used is 3873808 out of 50000000
DEBUG: Total gradient stack used is 201272 out of 10000000
DEBUG: Total dvariable address used is 2077 out of 150000
DEBUG: Total dvariable address used is 3873808 out of 50000000
DEBUG: Total gradient stack used is 201272 out of 10000000
DEBUG: Total dvariable address used is 2077 out of 150000
DEBUG: Total dvariable address used is 3873808 out of 50000000
DEBUG: Total gradient stack used is 201272 out of 10000000
DEBUG: Total dvariable address used is 2077 out of 150000
DEBUG: Total dvariable address used is 3873808 out of 50000000
DEBUG: Total gradient stack used is 201272 out of 10000000
DEBUG: Total dvariable address used is 2077 out of 150000
DEBUG: Total dvariable address used is 3873808 out of 50000000
DEBUG: Total gradient stack used is 201272 out of 10000000
DEBUG: Total dvariable address used is 2077 out of 150000
DEBUG: Total dvariable address used is 3873808 out of 50000000
DEBUG: Total gradient stack used is 201272 out of 10000000
DEBUG: Total dvariable address used is 2077 out of 150000
DEBUG: Total dvariable address used is 3873808 out of 50000000
DEBUG: Total gradient stack used is 201272 out of 10000000
DEBUG: Total dvariable address used is 2077 out of 150000
DEBUG: Total dvariable address used is 3873808 out of 50000000
DEBUG: Total gradient stack used is 201272 out of 10000000
DEBUG: Total dvariable address used is 2077 out of 150000
DEBUG: Total dvariable address used is 3873808 out of 50000000
DEBUG: Total gradient stack used is 201272 out of 10000000
DEBUG: Total dvariable address used is 2077 out of 150000
DEBUG: Total dvariable address used is 3873808 out of 50000000
DEBUG: Total gradient stack used is 201272 out of 10000000
DEBUG: Total dvariable address used is 2077 out of 150000
DEBUG: Total dvariable address used is 3873808 out of 50000000
DEBUG: Total gradient stack used is 201272 out of 10000000
DEBUG: Total dvariable address used is 2077 out of 150000
DEBUG: Total dvariable address used is 3873808 out of 50000000
DEBUG: Total gradient stack used is 201272 out of 10000000
DEBUG: Total dvariable address used is 2077 out of 150000
DEBUG: Total dvariable address used is 3873808 out of 50000000
DEBUG: Total gradient stack used is 201272 out of 10000000
DEBUG: Total dvariable address used is 2077 out of 150000
DEBUG: Total dvariable address used is 3873808 out of 50000000
DEBUG: Total gradient stack used is 201272 out of 10000000
DEBUG: Total dvariable address used is 2077 out of 150000
DEBUG: Total dvariable address used is 3873808 out of 50000000
DEBUG: Total gradient stack used is 201272 out of 10000000
DEBUG: Total dvariable address used is 2077 out of 150000
DEBUG: Total dvariable address used is 3873808 out of 50000000
DEBUG: Total gradient stack used is 201272 out of 10000000
DEBUG: Total dvariable address used is 2077 out of 150000
DEBUG: Total dvariable address used is 3873808 out of 50000000
DEBUG: Total gradient stack used is 201272 out of 10000000
DEBUG: Total dvariable address used is 2077 out of 150000
DEBUG: Total dvariable address used is 3873808 out of 50000000
DEBUG: Total gradient stack used is 201272 out of 10000000
DEBUG: Total dvariable address used is 2077 out of 150000
DEBUG: Total dvariable address used is 3873808 out of 50000000
DEBUG: Total gradient stack used is 201272 out of 10000000
DEBUG: Total dvariable address used is 2077 out of 150000
DEBUG: Total dvariable address used is 3873808 out of 50000000
DEBUG: Total gradient stack used is 201272 out of 10000000
DEBUG: Total dvariable address used is 2077 out of 150000
DEBUG: Total dvariable address used is 3873808 out of 50000000
DEBUG: Total gradient stack used is 201272 out of 10000000
DEBUG: Total dvariable address used is 2077 out of 150000
DEBUG: Total dvariable address used is 3873808 out of 50000000
phase= 1 | nvar=259 | iter=140 | nll=-2.37e+04 | mag=2.96e+00 | par[ 92]=log_fdev[1][6]
DEBUG: Total gradient stack used is 201272 out of 10000000
DEBUG: Total dvariable address used is 2077 out of 150000
DEBUG: Total dvariable address used is 3873808 out of 50000000
DEBUG: Total gradient stack used is 201272 out of 10000000
DEBUG: Total dvariable address used is 2077 out of 150000
DEBUG: Total dvariable address used is 3873808 out of 50000000
DEBUG: Total gradient stack used is 201272 out of 10000000
DEBUG: Total dvariable address used is 2077 out of 150000
DEBUG: Total dvariable address used is 3873808 out of 50000000
DEBUG: Total gradient stack used is 201272 out of 10000000
DEBUG: Total dvariable address used is 2077 out of 150000
DEBUG: Total dvariable address used is 3873808 out of 50000000
DEBUG: Total gradient stack used is 201272 out of 10000000
DEBUG: Total dvariable address used is 2077 out of 150000
DEBUG: Total dvariable address used is 3873808 out of 50000000
DEBUG: Total gradient stack used is 201272 out of 10000000
DEBUG: Total dvariable address used is 2077 out of 150000
DEBUG: Total dvariable address used is 3873808 out of 50000000
DEBUG: Total gradient stack used is 201272 out of 10000000
DEBUG: Total dvariable address used is 2077 out of 150000
DEBUG: Total dvariable address used is 3873808 out of 50000000
DEBUG: Total gradient stack used is 201272 out of 10000000
DEBUG: Total dvariable address used is 2077 out of 150000
DEBUG: Total dvariable address used is 3873808 out of 50000000
DEBUG: Total gradient stack used is 201272 out of 10000000
DEBUG: Total dvariable address used is 2077 out of 150000
DEBUG: Total dvariable address used is 3873808 out of 50000000
DEBUG: Total gradient stack used is 201272 out of 10000000
DEBUG: Total dvariable address used is 2077 out of 150000
DEBUG: Total dvariable address used is 3873808 out of 50000000
DEBUG: Total gradient stack used is 201272 out of 10000000
DEBUG: Total dvariable address used is 2077 out of 150000
DEBUG: Total dvariable address used is 3873808 out of 50000000
DEBUG: Total gradient stack used is 201272 out of 10000000
DEBUG: Total dvariable address used is 2077 out of 150000
DEBUG: Total dvariable address used is 3873808 out of 50000000
DEBUG: Total gradient stack used is 201272 out of 10000000
DEBUG: Total dvariable address used is 2077 out of 150000
DEBUG: Total dvariable address used is 3873808 out of 50000000
DEBUG: Total gradient stack used is 201272 out of 10000000
DEBUG: Total dvariable address used is 2077 out of 150000
DEBUG: Total dvariable address used is 3873808 out of 50000000
DEBUG: Total gradient stack used is 201272 out of 10000000
DEBUG: Total dvariable address used is 2077 out of 150000
DEBUG: Total dvariable address used is 3873808 out of 50000000
DEBUG: Total gradient stack used is 201272 out of 10000000
DEBUG: Total dvariable address used is 2077 out of 150000
DEBUG: Total dvariable address used is 3873808 out of 50000000
DEBUG: Total gradient stack used is 201272 out of 10000000
DEBUG: Total dvariable address used is 2077 out of 150000
DEBUG: Total dvariable address used is 3873808 out of 50000000
DEBUG: Total gradient stack used is 201272 out of 10000000
DEBUG: Total dvariable address used is 2077 out of 150000
DEBUG: Total dvariable address used is 3873808 out of 50000000
DEBUG: Total gradient stack used is 201272 out of 10000000
DEBUG: Total dvariable address used is 2077 out of 150000
DEBUG: Total dvariable address used is 3873808 out of 50000000
DEBUG: Total gradient stack used is 201272 out of 10000000
DEBUG: Total dvariable address used is 2077 out of 150000
DEBUG: Total dvariable address used is 3873808 out of 50000000
DEBUG: Total gradient stack used is 201272 out of 10000000
DEBUG: Total dvariable address used is 2077 out of 150000
DEBUG: Total dvariable address used is 3873808 out of 50000000
DEBUG: Total gradient stack used is 201272 out of 10000000
DEBUG: Total dvariable address used is 2077 out of 150000
DEBUG: Total dvariable address used is 3873808 out of 50000000
DEBUG: Total gradient stack used is 201272 out of 10000000
DEBUG: Total dvariable address used is 2077 out of 150000
DEBUG: Total dvariable address used is 3873808 out of 50000000
DEBUG: Total gradient stack used is 201272 out of 10000000
DEBUG: Total dvariable address used is 2077 out of 150000
DEBUG: Total dvariable address used is 3873808 out of 50000000
DEBUG: Total gradient stack used is 201272 out of 10000000
DEBUG: Total dvariable address used is 2077 out of 150000
DEBUG: Total dvariable address used is 3873808 out of 50000000
DEBUG: Total gradient stack used is 201272 out of 10000000
DEBUG: Total dvariable address used is 2077 out of 150000
DEBUG: Total dvariable address used is 3873808 out of 50000000
phase= 1 | nvar=259 | iter=160 | nll=-2.37e+04 | mag=3.87e-01 | par[  1]=T_pars_est[3]
DEBUG: Total gradient stack used is 201272 out of 10000000
DEBUG: Total dvariable address used is 2077 out of 150000
DEBUG: Total dvariable address used is 3873808 out of 50000000
DEBUG: Total gradient stack used is 201272 out of 10000000
DEBUG: Total dvariable address used is 2077 out of 150000
DEBUG: Total dvariable address used is 3873808 out of 50000000
DEBUG: Total gradient stack used is 201272 out of 10000000
DEBUG: Total dvariable address used is 2077 out of 150000
DEBUG: Total dvariable address used is 3873808 out of 50000000
DEBUG: Total gradient stack used is 201272 out of 10000000
DEBUG: Total dvariable address used is 2077 out of 150000
DEBUG: Total dvariable address used is 3873808 out of 50000000
DEBUG: Total gradient stack used is 201272 out of 10000000
DEBUG: Total dvariable address used is 2077 out of 150000
DEBUG: Total dvariable address used is 3873808 out of 50000000
DEBUG: Total gradient stack used is 201272 out of 10000000
DEBUG: Total dvariable address used is 2077 out of 150000
DEBUG: Total dvariable address used is 3873808 out of 50000000
DEBUG: Total gradient stack used is 201272 out of 10000000
DEBUG: Total dvariable address used is 2077 out of 150000
DEBUG: Total dvariable address used is 3873808 out of 50000000
DEBUG: Total gradient stack used is 201272 out of 10000000
DEBUG: Total dvariable address used is 2077 out of 150000
DEBUG: Total dvariable address used is 3873808 out of 50000000
DEBUG: Total gradient stack used is 201272 out of 10000000
DEBUG: Total dvariable address used is 2077 out of 150000
DEBUG: Total dvariable address used is 3873808 out of 50000000
DEBUG: Total gradient stack used is 201272 out of 10000000
DEBUG: Total dvariable address used is 2077 out of 150000
DEBUG: Total dvariable address used is 3873808 out of 50000000
DEBUG: Total gradient stack used is 201272 out of 10000000
DEBUG: Total dvariable address used is 2077 out of 150000
DEBUG: Total dvariable address used is 3873808 out of 50000000
DEBUG: Total gradient stack used is 201272 out of 10000000
DEBUG: Total dvariable address used is 2077 out of 150000
DEBUG: Total dvariable address used is 3873808 out of 50000000
DEBUG: Total gradient stack used is 201272 out of 10000000
DEBUG: Total dvariable address used is 2077 out of 150000
DEBUG: Total dvariable address used is 3873808 out of 50000000
DEBUG: Total gradient stack used is 201272 out of 10000000
DEBUG: Total dvariable address used is 2077 out of 150000
DEBUG: Total dvariable address used is 3873808 out of 50000000
DEBUG: Total gradient stack used is 201272 out of 10000000
DEBUG: Total dvariable address used is 2077 out of 150000
DEBUG: Total dvariable address used is 3873808 out of 50000000
DEBUG: Total gradient stack used is 201272 out of 10000000
DEBUG: Total dvariable address used is 2077 out of 150000
DEBUG: Total dvariable address used is 3873808 out of 50000000
DEBUG: Total gradient stack used is 201272 out of 10000000
DEBUG: Total dvariable address used is 2077 out of 150000
DEBUG: Total dvariable address used is 3873808 out of 50000000
DEBUG: Total gradient stack used is 201272 out of 10000000
DEBUG: Total dvariable address used is 2077 out of 150000
DEBUG: Total dvariable address used is 3873808 out of 50000000
DEBUG: Total gradient stack used is 201272 out of 10000000
DEBUG: Total dvariable address used is 2077 out of 150000
DEBUG: Total dvariable address used is 3873808 out of 50000000
DEBUG: Total gradient stack used is 201272 out of 10000000
DEBUG: Total dvariable address used is 2077 out of 150000
DEBUG: Total dvariable address used is 3873808 out of 50000000
DEBUG: Total gradient stack used is 201272 out of 10000000
DEBUG: Total dvariable address used is 2077 out of 150000
DEBUG: Total dvariable address used is 3873808 out of 50000000
DEBUG: Total gradient stack used is 201272 out of 10000000
DEBUG: Total dvariable address used is 2077 out of 150000
DEBUG: Total dvariable address used is 3873808 out of 50000000
DEBUG: Total gradient stack used is 201272 out of 10000000
DEBUG: Total dvariable address used is 2077 out of 150000
DEBUG: Total dvariable address used is 3873808 out of 50000000
DEBUG: Total gradient stack used is 201272 out of 10000000
DEBUG: Total dvariable address used is 2077 out of 150000
DEBUG: Total dvariable address used is 3873808 out of 50000000
DEBUG: Total gradient stack used is 201272 out of 10000000
DEBUG: Total dvariable address used is 2077 out of 150000
DEBUG: Total dvariable address used is 3873808 out of 50000000
phase= 1 | nvar=259 | iter=180 | nll=-2.37e+04 | mag=3.55e-01 | par[  1]=T_pars_est[3]
DEBUG: Total gradient stack used is 201272 out of 10000000
DEBUG: Total dvariable address used is 2077 out of 150000
DEBUG: Total dvariable address used is 3873808 out of 50000000
DEBUG: Total gradient stack used is 201272 out of 10000000
DEBUG: Total dvariable address used is 2077 out of 150000
DEBUG: Total dvariable address used is 3873808 out of 50000000
DEBUG: Total gradient stack used is 201272 out of 10000000
DEBUG: Total dvariable address used is 2077 out of 150000
DEBUG: Total dvariable address used is 3873808 out of 50000000
DEBUG: Total gradient stack used is 201272 out of 10000000
DEBUG: Total dvariable address used is 2077 out of 150000
DEBUG: Total dvariable address used is 3873808 out of 50000000
DEBUG: Total gradient stack used is 201272 out of 10000000
DEBUG: Total dvariable address used is 2077 out of 150000
DEBUG: Total dvariable address used is 3873808 out of 50000000
DEBUG: Total gradient stack used is 201272 out of 10000000
DEBUG: Total dvariable address used is 2077 out of 150000
DEBUG: Total dvariable address used is 3873808 out of 50000000
DEBUG: Total gradient stack used is 201272 out of 10000000
DEBUG: Total dvariable address used is 2077 out of 150000
DEBUG: Total dvariable address used is 3873808 out of 50000000
DEBUG: Total gradient stack used is 201272 out of 10000000
DEBUG: Total dvariable address used is 2077 out of 150000
DEBUG: Total dvariable address used is 3873808 out of 50000000
DEBUG: Total gradient stack used is 201272 out of 10000000
DEBUG: Total dvariable address used is 2077 out of 150000
DEBUG: Total dvariable address used is 3873808 out of 50000000
DEBUG: Total gradient stack used is 201272 out of 10000000
DEBUG: Total dvariable address used is 2077 out of 150000
DEBUG: Total dvariable address used is 3873808 out of 50000000
DEBUG: Total gradient stack used is 201272 out of 10000000
DEBUG: Total dvariable address used is 2077 out of 150000
DEBUG: Total dvariable address used is 3873808 out of 50000000
DEBUG: Total gradient stack used is 201272 out of 10000000
DEBUG: Total dvariable address used is 2077 out of 150000
DEBUG: Total dvariable address used is 3873808 out of 50000000
DEBUG: Total gradient stack used is 201272 out of 10000000
DEBUG: Total dvariable address used is 2077 out of 150000
DEBUG: Total dvariable address used is 3873808 out of 50000000
DEBUG: Total gradient stack used is 201272 out of 10000000
DEBUG: Total dvariable address used is 2077 out of 150000
DEBUG: Total dvariable address used is 3873808 out of 50000000
DEBUG: Total gradient stack used is 201272 out of 10000000
DEBUG: Total dvariable address used is 2077 out of 150000
DEBUG: Total dvariable address used is 3873808 out of 50000000
DEBUG: Total gradient stack used is 201272 out of 10000000
DEBUG: Total dvariable address used is 2077 out of 150000
DEBUG: Total dvariable address used is 3873808 out of 50000000
DEBUG: Total gradient stack used is 201272 out of 10000000
DEBUG: Total dvariable address used is 2077 out of 150000
DEBUG: Total dvariable address used is 3873808 out of 50000000
DEBUG: Total gradient stack used is 201272 out of 10000000
DEBUG: Total dvariable address used is 2077 out of 150000
DEBUG: Total dvariable address used is 3873808 out of 50000000
DEBUG: Total gradient stack used is 201272 out of 10000000
DEBUG: Total dvariable address used is 2077 out of 150000
DEBUG: Total dvariable address used is 3873808 out of 50000000
DEBUG: Total gradient stack used is 201272 out of 10000000
DEBUG: Total dvariable address used is 2077 out of 150000
DEBUG: Total dvariable address used is 3873808 out of 50000000
DEBUG: Total gradient stack used is 201272 out of 10000000
DEBUG: Total dvariable address used is 2077 out of 150000
DEBUG: Total dvariable address used is 3873808 out of 50000000
DEBUG: Total gradient stack used is 201272 out of 10000000
DEBUG: Total dvariable address used is 2077 out of 150000
DEBUG: Total dvariable address used is 3873808 out of 50000000
DEBUG: Total gradient stack used is 201272 out of 10000000
DEBUG: Total dvariable address used is 2077 out of 150000
DEBUG: Total dvariable address used is 3873808 out of 50000000
DEBUG: Total gradient stack used is 201272 out of 10000000
DEBUG: Total dvariable address used is 2077 out of 150000
DEBUG: Total dvariable address used is 3873808 out of 50000000
DEBUG: Total gradient stack used is 201272 out of 10000000
DEBUG: Total dvariable address used is 2077 out of 150000
DEBUG: Total dvariable address used is 3873808 out of 50000000
phase= 1 | nvar=259 | iter=200 | nll=-2.37e+04 | mag=1.04e-01 | par[ 30]=T_pars_est[39]
DEBUG: Total gradient stack used is 201272 out of 10000000
DEBUG: Total dvariable address used is 2077 out of 150000
DEBUG: Total dvariable address used is 3873808 out of 50000000
DEBUG: Total gradient stack used is 201272 out of 10000000
DEBUG: Total dvariable address used is 2077 out of 150000
DEBUG: Total dvariable address used is 3873808 out of 50000000
DEBUG: Total gradient stack used is 201272 out of 10000000
DEBUG: Total dvariable address used is 2077 out of 150000
DEBUG: Total dvariable address used is 3873808 out of 50000000
DEBUG: Total gradient stack used is 201272 out of 10000000
DEBUG: Total dvariable address used is 2077 out of 150000
DEBUG: Total dvariable address used is 3873808 out of 50000000
DEBUG: Total gradient stack used is 201272 out of 10000000
DEBUG: Total dvariable address used is 2077 out of 150000
DEBUG: Total dvariable address used is 3873808 out of 50000000
DEBUG: Total gradient stack used is 201272 out of 10000000
DEBUG: Total dvariable address used is 2077 out of 150000
DEBUG: Total dvariable address used is 3873808 out of 50000000
DEBUG: Total gradient stack used is 201272 out of 10000000
DEBUG: Total dvariable address used is 2077 out of 150000
DEBUG: Total dvariable address used is 3873808 out of 50000000
DEBUG: Total gradient stack used is 201272 out of 10000000
DEBUG: Total dvariable address used is 2077 out of 150000
DEBUG: Total dvariable address used is 3873808 out of 50000000
DEBUG: Total gradient stack used is 201272 out of 10000000
DEBUG: Total dvariable address used is 2077 out of 150000
DEBUG: Total dvariable address used is 3873808 out of 50000000
DEBUG: Total gradient stack used is 201272 out of 10000000
DEBUG: Total dvariable address used is 2077 out of 150000
DEBUG: Total dvariable address used is 3873808 out of 50000000
DEBUG: Total gradient stack used is 201272 out of 10000000
DEBUG: Total dvariable address used is 2077 out of 150000
DEBUG: Total dvariable address used is 3873808 out of 50000000
DEBUG: Total gradient stack used is 201272 out of 10000000
DEBUG: Total dvariable address used is 2077 out of 150000
DEBUG: Total dvariable address used is 3873808 out of 50000000
DEBUG: Total gradient stack used is 201272 out of 10000000
DEBUG: Total dvariable address used is 2077 out of 150000
DEBUG: Total dvariable address used is 3873808 out of 50000000
DEBUG: Total gradient stack used is 201272 out of 10000000
DEBUG: Total dvariable address used is 2077 out of 150000
DEBUG: Total dvariable address used is 3873808 out of 50000000
DEBUG: Total gradient stack used is 201272 out of 10000000
DEBUG: Total dvariable address used is 2077 out of 150000
DEBUG: Total dvariable address used is 3873808 out of 50000000
DEBUG: Total gradient stack used is 201272 out of 10000000
DEBUG: Total dvariable address used is 2077 out of 150000
DEBUG: Total dvariable address used is 3873808 out of 50000000
DEBUG: Total gradient stack used is 201272 out of 10000000
DEBUG: Total dvariable address used is 2077 out of 150000
DEBUG: Total dvariable address used is 3873808 out of 50000000
DEBUG: Total gradient stack used is 201272 out of 10000000
DEBUG: Total dvariable address used is 2077 out of 150000
DEBUG: Total dvariable address used is 3873808 out of 50000000
DEBUG: Total gradient stack used is 201272 out of 10000000
DEBUG: Total dvariable address used is 2077 out of 150000
DEBUG: Total dvariable address used is 3873808 out of 50000000
DEBUG: Total gradient stack used is 201272 out of 10000000
DEBUG: Total dvariable address used is 2077 out of 150000
DEBUG: Total dvariable address used is 3873808 out of 50000000
DEBUG: Total gradient stack used is 201272 out of 10000000
DEBUG: Total dvariable address used is 2077 out of 150000
DEBUG: Total dvariable address used is 3873808 out of 50000000
DEBUG: Total gradient stack used is 201272 out of 10000000
DEBUG: Total dvariable address used is 2077 out of 150000
DEBUG: Total dvariable address used is 3873808 out of 50000000
DEBUG: Total gradient stack used is 201272 out of 10000000
DEBUG: Total dvariable address used is 2077 out of 150000
DEBUG: Total dvariable address used is 3873808 out of 50000000
DEBUG: Total gradient stack used is 201272 out of 10000000
DEBUG: Total dvariable address used is 2077 out of 150000
DEBUG: Total dvariable address used is 3873808 out of 50000000
DEBUG: Total gradient stack used is 201272 out of 10000000
DEBUG: Total dvariable address used is 2077 out of 150000
DEBUG: Total dvariable address used is 3873808 out of 50000000
DEBUG: Total gradient stack used is 201272 out of 10000000
DEBUG: Total dvariable address used is 2077 out of 150000
DEBUG: Total dvariable address used is 3873808 out of 50000000
DEBUG: Total gradient stack used is 201272 out of 10000000
DEBUG: Total dvariable address used is 2077 out of 150000
DEBUG: Total dvariable address used is 3873808 out of 50000000
DEBUG: Total gradient stack used is 201272 out of 10000000
DEBUG: Total dvariable address used is 2077 out of 150000
DEBUG: Total dvariable address used is 3873808 out of 50000000
DEBUG: Total gradient stack used is 201272 out of 10000000
DEBUG: Total dvariable address used is 2077 out of 150000
DEBUG: Total dvariable address used is 3873808 out of 50000000
phase= 1 | nvar=259 | iter=220 | nll=-2.37e+04 | mag=2.43e-02 | par[ 25]=T_pars_est[34]
DEBUG: Total gradient stack used is 201272 out of 10000000
DEBUG: Total dvariable address used is 2077 out of 150000
DEBUG: Total dvariable address used is 3873808 out of 50000000
DEBUG: Total gradient stack used is 201272 out of 10000000
DEBUG: Total dvariable address used is 2077 out of 150000
DEBUG: Total dvariable address used is 3873808 out of 50000000
DEBUG: Total gradient stack used is 201272 out of 10000000
DEBUG: Total dvariable address used is 2077 out of 150000
DEBUG: Total dvariable address used is 3873808 out of 50000000
DEBUG: Total gradient stack used is 201272 out of 10000000
DEBUG: Total dvariable address used is 2077 out of 150000
DEBUG: Total dvariable address used is 3873808 out of 50000000
DEBUG: Total gradient stack used is 201272 out of 10000000
DEBUG: Total dvariable address used is 2077 out of 150000
DEBUG: Total dvariable address used is 3873808 out of 50000000
DEBUG: Total gradient stack used is 201272 out of 10000000
DEBUG: Total dvariable address used is 2077 out of 150000
DEBUG: Total dvariable address used is 3873808 out of 50000000
DEBUG: Total gradient stack used is 201272 out of 10000000
DEBUG: Total dvariable address used is 2077 out of 150000
DEBUG: Total dvariable address used is 3873808 out of 50000000
DEBUG: Total gradient stack used is 201272 out of 10000000
DEBUG: Total dvariable address used is 2077 out of 150000
DEBUG: Total dvariable address used is 3873808 out of 50000000
DEBUG: Total gradient stack used is 201272 out of 10000000
DEBUG: Total dvariable address used is 2077 out of 150000
DEBUG: Total dvariable address used is 3873808 out of 50000000
DEBUG: Total gradient stack used is 201272 out of 10000000
DEBUG: Total dvariable address used is 2077 out of 150000
DEBUG: Total dvariable address used is 3873808 out of 50000000
DEBUG: Total gradient stack used is 201272 out of 10000000
DEBUG: Total dvariable address used is 2077 out of 150000
DEBUG: Total dvariable address used is 3873808 out of 50000000
DEBUG: Total gradient stack used is 201272 out of 10000000
DEBUG: Total dvariable address used is 2077 out of 150000
DEBUG: Total dvariable address used is 3873808 out of 50000000
DEBUG: Total gradient stack used is 201272 out of 10000000
DEBUG: Total dvariable address used is 2077 out of 150000
DEBUG: Total dvariable address used is 3873808 out of 50000000
DEBUG: Total gradient stack used is 201272 out of 10000000
DEBUG: Total dvariable address used is 2077 out of 150000
DEBUG: Total dvariable address used is 3873808 out of 50000000
DEBUG: Total gradient stack used is 201272 out of 10000000
DEBUG: Total dvariable address used is 2077 out of 150000
DEBUG: Total dvariable address used is 3873808 out of 50000000
phase= 1 | nvar=259 | iter=230 | nll=-2.37e+04 | mag=9.42e-03 | par[165]=log_fdev[2][37]
DEBUG: Total gradient stack used is 0 out of 10000000
DEBUG: Total dvariable address used is 2077 out of 150000
DEBUG: Total dvariable address used is 3873808 out of 50000000
Starting REPORT_SECTION
+--------------------------+
| Beginning report section |
+--------------------------+
Finished WriteFiles
REPORT_SECTION: finished CreateOutput
REPORT_SECTION: finished save_gradients
Finished REPORT_SECTION

#--BETWEEN_PHASES_SECTION---------------------
#----Starting phase 2 of 4
Finished BETWEEN_PHASES_SECTION
----------------------------------------------
DEBUG: Total gradient stack used is 202081 out of 10000000
DEBUG: Total dvariable address used is 2077 out of 150000
DEBUG: Total dvariable address used is 3999296 out of 50000000
phase= 2 | nvar=303 | iter=  0 | nll=-2.36e+04 | mag=2.24e+02 | par[293]=logit_rec_prop_est[34]
DEBUG: Total gradient stack used is 202081 out of 10000000
DEBUG: Total dvariable address used is 2077 out of 150000
DEBUG: Total dvariable address used is 3999296 out of 50000000
DEBUG: Total gradient stack used is 202081 out of 10000000
DEBUG: Total dvariable address used is 2077 out of 150000
DEBUG: Total dvariable address used is 3999296 out of 50000000
DEBUG: Total gradient stack used is 202081 out of 10000000
DEBUG: Total dvariable address used is 2077 out of 150000
DEBUG: Total dvariable address used is 3999296 out of 50000000
DEBUG: Total gradient stack used is 202081 out of 10000000
DEBUG: Total dvariable address used is 2077 out of 150000
DEBUG: Total dvariable address used is 3999296 out of 50000000
DEBUG: Total gradient stack used is 202081 out of 10000000
DEBUG: Total dvariable address used is 2077 out of 150000
DEBUG: Total dvariable address used is 3999296 out of 50000000
DEBUG: Total gradient stack used is 202081 out of 10000000
DEBUG: Total dvariable address used is 2077 out of 150000
DEBUG: Total dvariable address used is 3999296 out of 50000000
DEBUG: Total gradient stack used is 202081 out of 10000000
DEBUG: Total dvariable address used is 2077 out of 150000
DEBUG: Total dvariable address used is 3999296 out of 50000000
DEBUG: Total gradient stack used is 202081 out of 10000000
DEBUG: Total dvariable address used is 2077 out of 150000
DEBUG: Total dvariable address used is 3999296 out of 50000000
DEBUG: Total gradient stack used is 202081 out of 10000000
DEBUG: Total dvariable address used is 2077 out of 150000
DEBUG: Total dvariable address used is 3999296 out of 50000000
DEBUG: Total gradient stack used is 202081 out of 10000000
DEBUG: Total dvariable address used is 2077 out of 150000
DEBUG: Total dvariable address used is 3999296 out of 50000000
DEBUG: Total gradient stack used is 202081 out of 10000000
DEBUG: Total dvariable address used is 2077 out of 150000
DEBUG: Total dvariable address used is 3999296 out of 50000000
DEBUG: Total gradient stack used is 202081 out of 10000000
DEBUG: Total dvariable address used is 2077 out of 150000
DEBUG: Total dvariable address used is 3999296 out of 50000000
DEBUG: Total gradient stack used is 202081 out of 10000000
DEBUG: Total dvariable address used is 2077 out of 150000
DEBUG: Total dvariable address used is 3999296 out of 50000000
DEBUG: Total gradient stack used is 202081 out of 10000000
DEBUG: Total dvariable address used is 2077 out of 150000
DEBUG: Total dvariable address used is 3999296 out of 50000000
DEBUG: Total gradient stack used is 202081 out of 10000000
DEBUG: Total dvariable address used is 2077 out of 150000
DEBUG: Total dvariable address used is 3999296 out of 50000000
DEBUG: Total gradient stack used is 202081 out of 10000000
DEBUG: Total dvariable address used is 2077 out of 150000
DEBUG: Total dvariable address used is 3999296 out of 50000000
DEBUG: Total gradient stack used is 202081 out of 10000000
DEBUG: Total dvariable address used is 2077 out of 150000
DEBUG: Total dvariable address used is 3999296 out of 50000000
DEBUG: Total gradient stack used is 202081 out of 10000000
DEBUG: Total dvariable address used is 2077 out of 150000
DEBUG: Total dvariable address used is 3999296 out of 50000000
DEBUG: Total gradient stack used is 202081 out of 10000000
DEBUG: Total dvariable address used is 2077 out of 150000
DEBUG: Total dvariable address used is 3999296 out of 50000000
DEBUG: Total gradient stack used is 202081 out of 10000000
DEBUG: Total dvariable address used is 2077 out of 150000
DEBUG: Total dvariable address used is 3999296 out of 50000000
DEBUG: Total gradient stack used is 202081 out of 10000000
DEBUG: Total dvariable address used is 2077 out of 150000
DEBUG: Total dvariable address used is 3999296 out of 50000000
DEBUG: Total gradient stack used is 202081 out of 10000000
DEBUG: Total dvariable address used is 2077 out of 150000
DEBUG: Total dvariable address used is 3999296 out of 50000000
DEBUG: Total gradient stack used is 202081 out of 10000000
DEBUG: Total dvariable address used is 2077 out of 150000
DEBUG: Total dvariable address used is 3999296 out of 50000000
phase= 2 | nvar=303 | iter= 20 | nll=-2.36e+04 | mag=2.87e+02 | par[286]=logit_rec_prop_est[27]
DEBUG: Total gradient stack used is 202081 out of 10000000
DEBUG: Total dvariable address used is 2077 out of 150000
DEBUG: Total dvariable address used is 3999296 out of 50000000
DEBUG: Total gradient stack used is 202081 out of 10000000
DEBUG: Total dvariable address used is 2077 out of 150000
DEBUG: Total dvariable address used is 3999296 out of 50000000
DEBUG: Total gradient stack used is 202081 out of 10000000
DEBUG: Total dvariable address used is 2077 out of 150000
DEBUG: Total dvariable address used is 3999296 out of 50000000
DEBUG: Total gradient stack used is 202081 out of 10000000
DEBUG: Total dvariable address used is 2077 out of 150000
DEBUG: Total dvariable address used is 3999296 out of 50000000
DEBUG: Total gradient stack used is 202081 out of 10000000
DEBUG: Total dvariable address used is 2077 out of 150000
DEBUG: Total dvariable address used is 3999296 out of 50000000
DEBUG: Total gradient stack used is 202081 out of 10000000
DEBUG: Total dvariable address used is 2077 out of 150000
DEBUG: Total dvariable address used is 3999296 out of 50000000
DEBUG: Total gradient stack used is 202081 out of 10000000
DEBUG: Total dvariable address used is 2077 out of 150000
DEBUG: Total dvariable address used is 3999296 out of 50000000
DEBUG: Total gradient stack used is 202081 out of 10000000
DEBUG: Total dvariable address used is 2077 out of 150000
DEBUG: Total dvariable address used is 3999296 out of 50000000
DEBUG: Total gradient stack used is 202081 out of 10000000
DEBUG: Total dvariable address used is 2077 out of 150000
DEBUG: Total dvariable address used is 3999296 out of 50000000
DEBUG: Total gradient stack used is 202081 out of 10000000
DEBUG: Total dvariable address used is 2077 out of 150000
DEBUG: Total dvariable address used is 3999296 out of 50000000
DEBUG: Total gradient stack used is 202081 out of 10000000
DEBUG: Total dvariable address used is 2077 out of 150000
DEBUG: Total dvariable address used is 3999296 out of 50000000
DEBUG: Total gradient stack used is 202081 out of 10000000
DEBUG: Total dvariable address used is 2077 out of 150000
DEBUG: Total dvariable address used is 3999296 out of 50000000
DEBUG: Total gradient stack used is 202081 out of 10000000
DEBUG: Total dvariable address used is 2077 out of 150000
DEBUG: Total dvariable address used is 3999296 out of 50000000
DEBUG: Total gradient stack used is 202081 out of 10000000
DEBUG: Total dvariable address used is 2077 out of 150000
DEBUG: Total dvariable address used is 3999296 out of 50000000
DEBUG: Total gradient stack used is 202081 out of 10000000
DEBUG: Total dvariable address used is 2077 out of 150000
DEBUG: Total dvariable address used is 3999296 out of 50000000
DEBUG: Total gradient stack used is 202081 out of 10000000
DEBUG: Total dvariable address used is 2077 out of 150000
DEBUG: Total dvariable address used is 3999296 out of 50000000
DEBUG: Total gradient stack used is 202081 out of 10000000
DEBUG: Total dvariable address used is 2077 out of 150000
DEBUG: Total dvariable address used is 3999296 out of 50000000
DEBUG: Total gradient stack used is 202081 out of 10000000
DEBUG: Total dvariable address used is 2077 out of 150000
DEBUG: Total dvariable address used is 3999296 out of 50000000
DEBUG: Total gradient stack used is 202081 out of 10000000
DEBUG: Total dvariable address used is 2077 out of 150000
DEBUG: Total dvariable address used is 3999296 out of 50000000
DEBUG: Total gradient stack used is 202081 out of 10000000
DEBUG: Total dvariable address used is 2077 out of 150000
DEBUG: Total dvariable address used is 3999296 out of 50000000
DEBUG: Total gradient stack used is 202081 out of 10000000
DEBUG: Total dvariable address used is 2077 out of 150000
DEBUG: Total dvariable address used is 3999296 out of 50000000
DEBUG: Total gradient stack used is 202081 out of 10000000
DEBUG: Total dvariable address used is 2077 out of 150000
DEBUG: Total dvariable address used is 3999296 out of 50000000
phase= 2 | nvar=303 | iter= 40 | nll=-2.36e+04 | mag=2.89e+02 | par[286]=logit_rec_prop_est[27]
DEBUG: Total gradient stack used is 202081 out of 10000000
DEBUG: Total dvariable address used is 2077 out of 150000
DEBUG: Total dvariable address used is 3999296 out of 50000000
DEBUG: Total gradient stack used is 202081 out of 10000000
DEBUG: Total dvariable address used is 2077 out of 150000
DEBUG: Total dvariable address used is 3999296 out of 50000000
DEBUG: Total gradient stack used is 202081 out of 10000000
DEBUG: Total dvariable address used is 2077 out of 150000
DEBUG: Total dvariable address used is 3999296 out of 50000000
DEBUG: Total gradient stack used is 202081 out of 10000000
DEBUG: Total dvariable address used is 2077 out of 150000
DEBUG: Total dvariable address used is 3999296 out of 50000000
DEBUG: Total gradient stack used is 202081 out of 10000000
DEBUG: Total dvariable address used is 2077 out of 150000
DEBUG: Total dvariable address used is 3999296 out of 50000000
DEBUG: Total gradient stack used is 202081 out of 10000000
DEBUG: Total dvariable address used is 2077 out of 150000
DEBUG: Total dvariable address used is 3999296 out of 50000000
DEBUG: Total gradient stack used is 202081 out of 10000000
DEBUG: Total dvariable address used is 2077 out of 150000
DEBUG: Total dvariable address used is 3999296 out of 50000000
DEBUG: Total gradient stack used is 202081 out of 10000000
DEBUG: Total dvariable address used is 2077 out of 150000
DEBUG: Total dvariable address used is 3999296 out of 50000000
DEBUG: Total gradient stack used is 202081 out of 10000000
DEBUG: Total dvariable address used is 2077 out of 150000
DEBUG: Total dvariable address used is 3999296 out of 50000000
DEBUG: Total gradient stack used is 202081 out of 10000000
DEBUG: Total dvariable address used is 2077 out of 150000
DEBUG: Total dvariable address used is 3999296 out of 50000000
DEBUG: Total gradient stack used is 202081 out of 10000000
DEBUG: Total dvariable address used is 2077 out of 150000
DEBUG: Total dvariable address used is 3999296 out of 50000000
DEBUG: Total gradient stack used is 202081 out of 10000000
DEBUG: Total dvariable address used is 2077 out of 150000
DEBUG: Total dvariable address used is 3999296 out of 50000000
DEBUG: Total gradient stack used is 202081 out of 10000000
DEBUG: Total dvariable address used is 2077 out of 150000
DEBUG: Total dvariable address used is 3999296 out of 50000000
DEBUG: Total gradient stack used is 202081 out of 10000000
DEBUG: Total dvariable address used is 2077 out of 150000
DEBUG: Total dvariable address used is 3999296 out of 50000000
DEBUG: Total gradient stack used is 202081 out of 10000000
DEBUG: Total dvariable address used is 2077 out of 150000
DEBUG: Total dvariable address used is 3999296 out of 50000000
DEBUG: Total gradient stack used is 202081 out of 10000000
DEBUG: Total dvariable address used is 2077 out of 150000
DEBUG: Total dvariable address used is 3999296 out of 50000000
DEBUG: Total gradient stack used is 202081 out of 10000000
DEBUG: Total dvariable address used is 2077 out of 150000
DEBUG: Total dvariable address used is 3999296 out of 50000000
DEBUG: Total gradient stack used is 202081 out of 10000000
DEBUG: Total dvariable address used is 2077 out of 150000
DEBUG: Total dvariable address used is 3999296 out of 50000000
DEBUG: Total gradient stack used is 202081 out of 10000000
DEBUG: Total dvariable address used is 2077 out of 150000
DEBUG: Total dvariable address used is 3999296 out of 50000000
DEBUG: Total gradient stack used is 202081 out of 10000000
DEBUG: Total dvariable address used is 2077 out of 150000
DEBUG: Total dvariable address used is 3999296 out of 50000000
DEBUG: Total gradient stack used is 202081 out of 10000000
DEBUG: Total dvariable address used is 2077 out of 150000
DEBUG: Total dvariable address used is 3999296 out of 50000000
DEBUG: Total gradient stack used is 202081 out of 10000000
DEBUG: Total dvariable address used is 2077 out of 150000
DEBUG: Total dvariable address used is 3999296 out of 50000000
phase= 2 | nvar=303 | iter= 60 | nll=-2.36e+04 | mag=2.89e+02 | par[286]=logit_rec_prop_est[27]
DEBUG: Total gradient stack used is 202081 out of 10000000
DEBUG: Total dvariable address used is 2077 out of 150000
DEBUG: Total dvariable address used is 3999296 out of 50000000
DEBUG: Total gradient stack used is 202081 out of 10000000
DEBUG: Total dvariable address used is 2077 out of 150000
DEBUG: Total dvariable address used is 3999296 out of 50000000
DEBUG: Total gradient stack used is 202081 out of 10000000
DEBUG: Total dvariable address used is 2077 out of 150000
DEBUG: Total dvariable address used is 3999296 out of 50000000
DEBUG: Total gradient stack used is 202081 out of 10000000
DEBUG: Total dvariable address used is 2077 out of 150000
DEBUG: Total dvariable address used is 3999296 out of 50000000
DEBUG: Total gradient stack used is 202081 out of 10000000
DEBUG: Total dvariable address used is 2077 out of 150000
DEBUG: Total dvariable address used is 3999296 out of 50000000
DEBUG: Total gradient stack used is 202081 out of 10000000
DEBUG: Total dvariable address used is 2077 out of 150000
DEBUG: Total dvariable address used is 3999296 out of 50000000
DEBUG: Total gradient stack used is 202081 out of 10000000
DEBUG: Total dvariable address used is 2077 out of 150000
DEBUG: Total dvariable address used is 3999296 out of 50000000
DEBUG: Total gradient stack used is 202081 out of 10000000
DEBUG: Total dvariable address used is 2077 out of 150000
DEBUG: Total dvariable address used is 3999296 out of 50000000
DEBUG: Total gradient stack used is 202081 out of 10000000
DEBUG: Total dvariable address used is 2077 out of 150000
DEBUG: Total dvariable address used is 3999296 out of 50000000
DEBUG: Total gradient stack used is 202081 out of 10000000
DEBUG: Total dvariable address used is 2077 out of 150000
DEBUG: Total dvariable address used is 3999296 out of 50000000
DEBUG: Total gradient stack used is 202081 out of 10000000
DEBUG: Total dvariable address used is 2077 out of 150000
DEBUG: Total dvariable address used is 3999296 out of 50000000
DEBUG: Total gradient stack used is 202081 out of 10000000
DEBUG: Total dvariable address used is 2077 out of 150000
DEBUG: Total dvariable address used is 3999296 out of 50000000
DEBUG: Total gradient stack used is 202081 out of 10000000
DEBUG: Total dvariable address used is 2077 out of 150000
DEBUG: Total dvariable address used is 3999296 out of 50000000
DEBUG: Total gradient stack used is 202081 out of 10000000
DEBUG: Total dvariable address used is 2077 out of 150000
DEBUG: Total dvariable address used is 3999296 out of 50000000
DEBUG: Total gradient stack used is 202081 out of 10000000
DEBUG: Total dvariable address used is 2077 out of 150000
DEBUG: Total dvariable address used is 3999296 out of 50000000
DEBUG: Total gradient stack used is 202081 out of 10000000
DEBUG: Total dvariable address used is 2077 out of 150000
DEBUG: Total dvariable address used is 3999296 out of 50000000
DEBUG: Total gradient stack used is 202081 out of 10000000
DEBUG: Total dvariable address used is 2077 out of 150000
DEBUG: Total dvariable address used is 3999296 out of 50000000
DEBUG: Total gradient stack used is 202081 out of 10000000
DEBUG: Total dvariable address used is 2077 out of 150000
DEBUG: Total dvariable address used is 3999296 out of 50000000
DEBUG: Total gradient stack used is 202081 out of 10000000
DEBUG: Total dvariable address used is 2077 out of 150000
DEBUG: Total dvariable address used is 3999296 out of 50000000
DEBUG: Total gradient stack used is 202081 out of 10000000
DEBUG: Total dvariable address used is 2077 out of 150000
DEBUG: Total dvariable address used is 3999296 out of 50000000
phase= 2 | nvar=303 | iter= 80 | nll=-2.36e+04 | mag=2.69e+02 | par[286]=logit_rec_prop_est[27]
DEBUG: Total gradient stack used is 202081 out of 10000000
DEBUG: Total dvariable address used is 2077 out of 150000
DEBUG: Total dvariable address used is 3999296 out of 50000000
DEBUG: Total gradient stack used is 202081 out of 10000000
DEBUG: Total dvariable address used is 2077 out of 150000
DEBUG: Total dvariable address used is 3999296 out of 50000000
DEBUG: Total gradient stack used is 202081 out of 10000000
DEBUG: Total dvariable address used is 2077 out of 150000
DEBUG: Total dvariable address used is 3999296 out of 50000000
DEBUG: Total gradient stack used is 202081 out of 10000000
DEBUG: Total dvariable address used is 2077 out of 150000
DEBUG: Total dvariable address used is 3999296 out of 50000000
DEBUG: Total gradient stack used is 202081 out of 10000000
DEBUG: Total dvariable address used is 2077 out of 150000
DEBUG: Total dvariable address used is 3999296 out of 50000000
DEBUG: Total gradient stack used is 202081 out of 10000000
DEBUG: Total dvariable address used is 2077 out of 150000
DEBUG: Total dvariable address used is 3999296 out of 50000000
DEBUG: Total gradient stack used is 202081 out of 10000000
DEBUG: Total dvariable address used is 2077 out of 150000
DEBUG: Total dvariable address used is 3999296 out of 50000000
DEBUG: Total gradient stack used is 202081 out of 10000000
DEBUG: Total dvariable address used is 2077 out of 150000
DEBUG: Total dvariable address used is 3999296 out of 50000000
DEBUG: Total gradient stack used is 202081 out of 10000000
DEBUG: Total dvariable address used is 2077 out of 150000
DEBUG: Total dvariable address used is 3999296 out of 50000000
DEBUG: Total gradient stack used is 202081 out of 10000000
DEBUG: Total dvariable address used is 2077 out of 150000
DEBUG: Total dvariable address used is 3999296 out of 50000000
DEBUG: Total gradient stack used is 202081 out of 10000000
DEBUG: Total dvariable address used is 2077 out of 150000
DEBUG: Total dvariable address used is 3999296 out of 50000000
DEBUG: Total gradient stack used is 202081 out of 10000000
DEBUG: Total dvariable address used is 2077 out of 150000
DEBUG: Total dvariable address used is 3999296 out of 50000000
DEBUG: Total gradient stack used is 202081 out of 10000000
DEBUG: Total dvariable address used is 2077 out of 150000
DEBUG: Total dvariable address used is 3999296 out of 50000000
DEBUG: Total gradient stack used is 202081 out of 10000000
DEBUG: Total dvariable address used is 2077 out of 150000
DEBUG: Total dvariable address used is 3999296 out of 50000000
DEBUG: Total gradient stack used is 202081 out of 10000000
DEBUG: Total dvariable address used is 2077 out of 150000
DEBUG: Total dvariable address used is 3999296 out of 50000000
DEBUG: Total gradient stack used is 202081 out of 10000000
DEBUG: Total dvariable address used is 2077 out of 150000
DEBUG: Total dvariable address used is 3999296 out of 50000000
DEBUG: Total gradient stack used is 202081 out of 10000000
DEBUG: Total dvariable address used is 2077 out of 150000
DEBUG: Total dvariable address used is 3999296 out of 50000000
DEBUG: Total gradient stack used is 202081 out of 10000000
DEBUG: Total dvariable address used is 2077 out of 150000
DEBUG: Total dvariable address used is 3999296 out of 50000000
DEBUG: Total gradient stack used is 202081 out of 10000000
DEBUG: Total dvariable address used is 2077 out of 150000
DEBUG: Total dvariable address used is 3999296 out of 50000000
DEBUG: Total gradient stack used is 202081 out of 10000000
DEBUG: Total dvariable address used is 2077 out of 150000
DEBUG: Total dvariable address used is 3999296 out of 50000000
DEBUG: Total gradient stack used is 202081 out of 10000000
DEBUG: Total dvariable address used is 2077 out of 150000
DEBUG: Total dvariable address used is 3999296 out of 50000000
DEBUG: Total gradient stack used is 202081 out of 10000000
DEBUG: Total dvariable address used is 2077 out of 150000
DEBUG: Total dvariable address used is 3999296 out of 50000000
phase= 2 | nvar=303 | iter=100 | nll=-2.36e+04 | mag=1.44e+01 | par[286]=logit_rec_prop_est[27]
DEBUG: Total gradient stack used is 202081 out of 10000000
DEBUG: Total dvariable address used is 2077 out of 150000
DEBUG: Total dvariable address used is 3999296 out of 50000000
DEBUG: Total gradient stack used is 202081 out of 10000000
DEBUG: Total dvariable address used is 2077 out of 150000
DEBUG: Total dvariable address used is 3999296 out of 50000000
DEBUG: Total gradient stack used is 202081 out of 10000000
DEBUG: Total dvariable address used is 2077 out of 150000
DEBUG: Total dvariable address used is 3999296 out of 50000000
DEBUG: Total gradient stack used is 202081 out of 10000000
DEBUG: Total dvariable address used is 2077 out of 150000
DEBUG: Total dvariable address used is 3999296 out of 50000000
DEBUG: Total gradient stack used is 202081 out of 10000000
DEBUG: Total dvariable address used is 2077 out of 150000
DEBUG: Total dvariable address used is 3999296 out of 50000000
DEBUG: Total gradient stack used is 202081 out of 10000000
DEBUG: Total dvariable address used is 2077 out of 150000
DEBUG: Total dvariable address used is 3999296 out of 50000000
DEBUG: Total gradient stack used is 202081 out of 10000000
DEBUG: Total dvariable address used is 2077 out of 150000
DEBUG: Total dvariable address used is 3999296 out of 50000000
DEBUG: Total gradient stack used is 202081 out of 10000000
DEBUG: Total dvariable address used is 2077 out of 150000
DEBUG: Total dvariable address used is 3999296 out of 50000000
DEBUG: Total gradient stack used is 202081 out of 10000000
DEBUG: Total dvariable address used is 2077 out of 150000
DEBUG: Total dvariable address used is 3999296 out of 50000000
DEBUG: Total gradient stack used is 202081 out of 10000000
DEBUG: Total dvariable address used is 2077 out of 150000
DEBUG: Total dvariable address used is 3999296 out of 50000000
DEBUG: Total gradient stack used is 202081 out of 10000000
DEBUG: Total dvariable address used is 2077 out of 150000
DEBUG: Total dvariable address used is 3999296 out of 50000000
DEBUG: Total gradient stack used is 202081 out of 10000000
DEBUG: Total dvariable address used is 2077 out of 150000
DEBUG: Total dvariable address used is 3999296 out of 50000000
DEBUG: Total gradient stack used is 202081 out of 10000000
DEBUG: Total dvariable address used is 2077 out of 150000
DEBUG: Total dvariable address used is 3999296 out of 50000000
DEBUG: Total gradient stack used is 202081 out of 10000000
DEBUG: Total dvariable address used is 2077 out of 150000
DEBUG: Total dvariable address used is 3999296 out of 50000000
DEBUG: Total gradient stack used is 202081 out of 10000000
DEBUG: Total dvariable address used is 2077 out of 150000
DEBUG: Total dvariable address used is 3999296 out of 50000000
DEBUG: Total gradient stack used is 202081 out of 10000000
DEBUG: Total dvariable address used is 2077 out of 150000
DEBUG: Total dvariable address used is 3999296 out of 50000000
DEBUG: Total gradient stack used is 202081 out of 10000000
DEBUG: Total dvariable address used is 2077 out of 150000
DEBUG: Total dvariable address used is 3999296 out of 50000000
DEBUG: Total gradient stack used is 202081 out of 10000000
DEBUG: Total dvariable address used is 2077 out of 150000
DEBUG: Total dvariable address used is 3999296 out of 50000000
DEBUG: Total gradient stack used is 202081 out of 10000000
DEBUG: Total dvariable address used is 2077 out of 150000
DEBUG: Total dvariable address used is 3999296 out of 50000000
DEBUG: Total gradient stack used is 202081 out of 10000000
DEBUG: Total dvariable address used is 2077 out of 150000
DEBUG: Total dvariable address used is 3999296 out of 50000000
DEBUG: Total gradient stack used is 202081 out of 10000000
DEBUG: Total dvariable address used is 2077 out of 150000
DEBUG: Total dvariable address used is 3999296 out of 50000000
DEBUG: Total gradient stack used is 202081 out of 10000000
DEBUG: Total dvariable address used is 2077 out of 150000
DEBUG: Total dvariable address used is 3999296 out of 50000000
DEBUG: Total gradient stack used is 202081 out of 10000000
DEBUG: Total dvariable address used is 2077 out of 150000
DEBUG: Total dvariable address used is 3999296 out of 50000000
phase= 2 | nvar=303 | iter=120 | nll=-2.36e+04 | mag=7.22e+00 | par[286]=logit_rec_prop_est[27]
DEBUG: Total gradient stack used is 202081 out of 10000000
DEBUG: Total dvariable address used is 2077 out of 150000
DEBUG: Total dvariable address used is 3999296 out of 50000000
DEBUG: Total gradient stack used is 202081 out of 10000000
DEBUG: Total dvariable address used is 2077 out of 150000
DEBUG: Total dvariable address used is 3999296 out of 50000000
DEBUG: Total gradient stack used is 202081 out of 10000000
DEBUG: Total dvariable address used is 2077 out of 150000
DEBUG: Total dvariable address used is 3999296 out of 50000000
DEBUG: Total gradient stack used is 202081 out of 10000000
DEBUG: Total dvariable address used is 2077 out of 150000
DEBUG: Total dvariable address used is 3999296 out of 50000000
DEBUG: Total gradient stack used is 202081 out of 10000000
DEBUG: Total dvariable address used is 2077 out of 150000
DEBUG: Total dvariable address used is 3999296 out of 50000000
DEBUG: Total gradient stack used is 202081 out of 10000000
DEBUG: Total dvariable address used is 2077 out of 150000
DEBUG: Total dvariable address used is 3999296 out of 50000000
DEBUG: Total gradient stack used is 202081 out of 10000000
DEBUG: Total dvariable address used is 2077 out of 150000
DEBUG: Total dvariable address used is 3999296 out of 50000000
DEBUG: Total gradient stack used is 202081 out of 10000000
DEBUG: Total dvariable address used is 2077 out of 150000
DEBUG: Total dvariable address used is 3999296 out of 50000000
DEBUG: Total gradient stack used is 202081 out of 10000000
DEBUG: Total dvariable address used is 2077 out of 150000
DEBUG: Total dvariable address used is 3999296 out of 50000000
DEBUG: Total gradient stack used is 202081 out of 10000000
DEBUG: Total dvariable address used is 2077 out of 150000
DEBUG: Total dvariable address used is 3999296 out of 50000000
DEBUG: Total gradient stack used is 202081 out of 10000000
DEBUG: Total dvariable address used is 2077 out of 150000
DEBUG: Total dvariable address used is 3999296 out of 50000000
DEBUG: Total gradient stack used is 202081 out of 10000000
DEBUG: Total dvariable address used is 2077 out of 150000
DEBUG: Total dvariable address used is 3999296 out of 50000000
DEBUG: Total gradient stack used is 202081 out of 10000000
DEBUG: Total dvariable address used is 2077 out of 150000
DEBUG: Total dvariable address used is 3999296 out of 50000000
DEBUG: Total gradient stack used is 202081 out of 10000000
DEBUG: Total dvariable address used is 2077 out of 150000
DEBUG: Total dvariable address used is 3999296 out of 50000000
DEBUG: Total gradient stack used is 202081 out of 10000000
DEBUG: Total dvariable address used is 2077 out of 150000
DEBUG: Total dvariable address used is 3999296 out of 50000000
DEBUG: Total gradient stack used is 202081 out of 10000000
DEBUG: Total dvariable address used is 2077 out of 150000
DEBUG: Total dvariable address used is 3999296 out of 50000000
DEBUG: Total gradient stack used is 202081 out of 10000000
DEBUG: Total dvariable address used is 2077 out of 150000
DEBUG: Total dvariable address used is 3999296 out of 50000000
DEBUG: Total gradient stack used is 202081 out of 10000000
DEBUG: Total dvariable address used is 2077 out of 150000
DEBUG: Total dvariable address used is 3999296 out of 50000000
DEBUG: Total gradient stack used is 202081 out of 10000000
DEBUG: Total dvariable address used is 2077 out of 150000
DEBUG: Total dvariable address used is 3999296 out of 50000000
DEBUG: Total gradient stack used is 202081 out of 10000000
DEBUG: Total dvariable address used is 2077 out of 150000
DEBUG: Total dvariable address used is 3999296 out of 50000000
phase= 2 | nvar=303 | iter=140 | nll=-2.36e+04 | mag=6.54e+00 | par[286]=logit_rec_prop_est[27]
DEBUG: Total gradient stack used is 202081 out of 10000000
DEBUG: Total dvariable address used is 2077 out of 150000
DEBUG: Total dvariable address used is 3999296 out of 50000000
DEBUG: Total gradient stack used is 202081 out of 10000000
DEBUG: Total dvariable address used is 2077 out of 150000
DEBUG: Total dvariable address used is 3999296 out of 50000000
DEBUG: Total gradient stack used is 202081 out of 10000000
DEBUG: Total dvariable address used is 2077 out of 150000
DEBUG: Total dvariable address used is 3999296 out of 50000000
DEBUG: Total gradient stack used is 202081 out of 10000000
DEBUG: Total dvariable address used is 2077 out of 150000
DEBUG: Total dvariable address used is 3999296 out of 50000000
DEBUG: Total gradient stack used is 202081 out of 10000000
DEBUG: Total dvariable address used is 2077 out of 150000
DEBUG: Total dvariable address used is 3999296 out of 50000000
DEBUG: Total gradient stack used is 202081 out of 10000000
DEBUG: Total dvariable address used is 2077 out of 150000
DEBUG: Total dvariable address used is 3999296 out of 50000000
DEBUG: Total gradient stack used is 202081 out of 10000000
DEBUG: Total dvariable address used is 2077 out of 150000
DEBUG: Total dvariable address used is 3999296 out of 50000000
DEBUG: Total gradient stack used is 202081 out of 10000000
DEBUG: Total dvariable address used is 2077 out of 150000
DEBUG: Total dvariable address used is 3999296 out of 50000000
DEBUG: Total gradient stack used is 202081 out of 10000000
DEBUG: Total dvariable address used is 2077 out of 150000
DEBUG: Total dvariable address used is 3999296 out of 50000000
DEBUG: Total gradient stack used is 202081 out of 10000000
DEBUG: Total dvariable address used is 2077 out of 150000
DEBUG: Total dvariable address used is 3999296 out of 50000000
DEBUG: Total gradient stack used is 202081 out of 10000000
DEBUG: Total dvariable address used is 2077 out of 150000
DEBUG: Total dvariable address used is 3999296 out of 50000000
DEBUG: Total gradient stack used is 202081 out of 10000000
DEBUG: Total dvariable address used is 2077 out of 150000
DEBUG: Total dvariable address used is 3999296 out of 50000000
DEBUG: Total gradient stack used is 202081 out of 10000000
DEBUG: Total dvariable address used is 2077 out of 150000
DEBUG: Total dvariable address used is 3999296 out of 50000000
DEBUG: Total gradient stack used is 202081 out of 10000000
DEBUG: Total dvariable address used is 2077 out of 150000
DEBUG: Total dvariable address used is 3999296 out of 50000000
DEBUG: Total gradient stack used is 202081 out of 10000000
DEBUG: Total dvariable address used is 2077 out of 150000
DEBUG: Total dvariable address used is 3999296 out of 50000000
DEBUG: Total gradient stack used is 202081 out of 10000000
DEBUG: Total dvariable address used is 2077 out of 150000
DEBUG: Total dvariable address used is 3999296 out of 50000000
DEBUG: Total gradient stack used is 202081 out of 10000000
DEBUG: Total dvariable address used is 2077 out of 150000
DEBUG: Total dvariable address used is 3999296 out of 50000000
DEBUG: Total gradient stack used is 202081 out of 10000000
DEBUG: Total dvariable address used is 2077 out of 150000
DEBUG: Total dvariable address used is 3999296 out of 50000000
DEBUG: Total gradient stack used is 202081 out of 10000000
DEBUG: Total dvariable address used is 2077 out of 150000
DEBUG: Total dvariable address used is 3999296 out of 50000000
DEBUG: Total gradient stack used is 202081 out of 10000000
DEBUG: Total dvariable address used is 2077 out of 150000
DEBUG: Total dvariable address used is 3999296 out of 50000000
phase= 2 | nvar=303 | iter=160 | nll=-2.36e+04 | mag=5.91e-01 | par[  1]=T_pars_est[3]
DEBUG: Total gradient stack used is 202081 out of 10000000
DEBUG: Total dvariable address used is 2077 out of 150000
DEBUG: Total dvariable address used is 3999296 out of 50000000
DEBUG: Total gradient stack used is 202081 out of 10000000
DEBUG: Total dvariable address used is 2077 out of 150000
DEBUG: Total dvariable address used is 3999296 out of 50000000
DEBUG: Total gradient stack used is 202081 out of 10000000
DEBUG: Total dvariable address used is 2077 out of 150000
DEBUG: Total dvariable address used is 3999296 out of 50000000
DEBUG: Total gradient stack used is 202081 out of 10000000
DEBUG: Total dvariable address used is 2077 out of 150000
DEBUG: Total dvariable address used is 3999296 out of 50000000
DEBUG: Total gradient stack used is 202081 out of 10000000
DEBUG: Total dvariable address used is 2077 out of 150000
DEBUG: Total dvariable address used is 3999296 out of 50000000
DEBUG: Total gradient stack used is 202081 out of 10000000
DEBUG: Total dvariable address used is 2077 out of 150000
DEBUG: Total dvariable address used is 3999296 out of 50000000
DEBUG: Total gradient stack used is 202081 out of 10000000
DEBUG: Total dvariable address used is 2077 out of 150000
DEBUG: Total dvariable address used is 3999296 out of 50000000
DEBUG: Total gradient stack used is 202081 out of 10000000
DEBUG: Total dvariable address used is 2077 out of 150000
DEBUG: Total dvariable address used is 3999296 out of 50000000
DEBUG: Total gradient stack used is 202081 out of 10000000
DEBUG: Total dvariable address used is 2077 out of 150000
DEBUG: Total dvariable address used is 3999296 out of 50000000
DEBUG: Total gradient stack used is 202081 out of 10000000
DEBUG: Total dvariable address used is 2077 out of 150000
DEBUG: Total dvariable address used is 3999296 out of 50000000
DEBUG: Total gradient stack used is 202081 out of 10000000
DEBUG: Total dvariable address used is 2077 out of 150000
DEBUG: Total dvariable address used is 3999296 out of 50000000
DEBUG: Total gradient stack used is 202081 out of 10000000
DEBUG: Total dvariable address used is 2077 out of 150000
DEBUG: Total dvariable address used is 3999296 out of 50000000
DEBUG: Total gradient stack used is 202081 out of 10000000
DEBUG: Total dvariable address used is 2077 out of 150000
DEBUG: Total dvariable address used is 3999296 out of 50000000
DEBUG: Total gradient stack used is 202081 out of 10000000
DEBUG: Total dvariable address used is 2077 out of 150000
DEBUG: Total dvariable address used is 3999296 out of 50000000
DEBUG: Total gradient stack used is 202081 out of 10000000
DEBUG: Total dvariable address used is 2077 out of 150000
DEBUG: Total dvariable address used is 3999296 out of 50000000
DEBUG: Total gradient stack used is 202081 out of 10000000
DEBUG: Total dvariable address used is 2077 out of 150000
DEBUG: Total dvariable address used is 3999296 out of 50000000
DEBUG: Total gradient stack used is 202081 out of 10000000
DEBUG: Total dvariable address used is 2077 out of 150000
DEBUG: Total dvariable address used is 3999296 out of 50000000
DEBUG: Total gradient stack used is 202081 out of 10000000
DEBUG: Total dvariable address used is 2077 out of 150000
DEBUG: Total dvariable address used is 3999296 out of 50000000
DEBUG: Total gradient stack used is 202081 out of 10000000
DEBUG: Total dvariable address used is 2077 out of 150000
DEBUG: Total dvariable address used is 3999296 out of 50000000
DEBUG: Total gradient stack used is 202081 out of 10000000
DEBUG: Total dvariable address used is 2077 out of 150000
DEBUG: Total dvariable address used is 3999296 out of 50000000
DEBUG: Total gradient stack used is 202081 out of 10000000
DEBUG: Total dvariable address used is 2077 out of 150000
DEBUG: Total dvariable address used is 3999296 out of 50000000
DEBUG: Total gradient stack used is 202081 out of 10000000
DEBUG: Total dvariable address used is 2077 out of 150000
DEBUG: Total dvariable address used is 3999296 out of 50000000
phase= 2 | nvar=303 | iter=180 | nll=-2.36e+04 | mag=5.13e-01 | par[265]=logit_rec_prop_est[6]
DEBUG: Total gradient stack used is 202081 out of 10000000
DEBUG: Total dvariable address used is 2077 out of 150000
DEBUG: Total dvariable address used is 3999296 out of 50000000
DEBUG: Total gradient stack used is 202081 out of 10000000
DEBUG: Total dvariable address used is 2077 out of 150000
DEBUG: Total dvariable address used is 3999296 out of 50000000
DEBUG: Total gradient stack used is 202081 out of 10000000
DEBUG: Total dvariable address used is 2077 out of 150000
DEBUG: Total dvariable address used is 3999296 out of 50000000
DEBUG: Total gradient stack used is 202081 out of 10000000
DEBUG: Total dvariable address used is 2077 out of 150000
DEBUG: Total dvariable address used is 3999296 out of 50000000
DEBUG: Total gradient stack used is 202081 out of 10000000
DEBUG: Total dvariable address used is 2077 out of 150000
DEBUG: Total dvariable address used is 3999296 out of 50000000
DEBUG: Total gradient stack used is 202081 out of 10000000
DEBUG: Total dvariable address used is 2077 out of 150000
DEBUG: Total dvariable address used is 3999296 out of 50000000
DEBUG: Total gradient stack used is 202081 out of 10000000
DEBUG: Total dvariable address used is 2077 out of 150000
DEBUG: Total dvariable address used is 3999296 out of 50000000
DEBUG: Total gradient stack used is 202081 out of 10000000
DEBUG: Total dvariable address used is 2077 out of 150000
DEBUG: Total dvariable address used is 3999296 out of 50000000
DEBUG: Total gradient stack used is 202081 out of 10000000
DEBUG: Total dvariable address used is 2077 out of 150000
DEBUG: Total dvariable address used is 3999296 out of 50000000
DEBUG: Total gradient stack used is 202081 out of 10000000
DEBUG: Total dvariable address used is 2077 out of 150000
DEBUG: Total dvariable address used is 3999296 out of 50000000
DEBUG: Total gradient stack used is 202081 out of 10000000
DEBUG: Total dvariable address used is 2077 out of 150000
DEBUG: Total dvariable address used is 3999296 out of 50000000
DEBUG: Total gradient stack used is 202081 out of 10000000
DEBUG: Total dvariable address used is 2077 out of 150000
DEBUG: Total dvariable address used is 3999296 out of 50000000
DEBUG: Total gradient stack used is 202081 out of 10000000
DEBUG: Total dvariable address used is 2077 out of 150000
DEBUG: Total dvariable address used is 3999296 out of 50000000
DEBUG: Total gradient stack used is 202081 out of 10000000
DEBUG: Total dvariable address used is 2077 out of 150000
DEBUG: Total dvariable address used is 3999296 out of 50000000
DEBUG: Total gradient stack used is 202081 out of 10000000
DEBUG: Total dvariable address used is 2077 out of 150000
DEBUG: Total dvariable address used is 3999296 out of 50000000
DEBUG: Total gradient stack used is 202081 out of 10000000
DEBUG: Total dvariable address used is 2077 out of 150000
DEBUG: Total dvariable address used is 3999296 out of 50000000
DEBUG: Total gradient stack used is 202081 out of 10000000
DEBUG: Total dvariable address used is 2077 out of 150000
DEBUG: Total dvariable address used is 3999296 out of 50000000
DEBUG: Total gradient stack used is 202081 out of 10000000
DEBUG: Total dvariable address used is 2077 out of 150000
DEBUG: Total dvariable address used is 3999296 out of 50000000
DEBUG: Total gradient stack used is 202081 out of 10000000
DEBUG: Total dvariable address used is 2077 out of 150000
DEBUG: Total dvariable address used is 3999296 out of 50000000
DEBUG: Total gradient stack used is 202081 out of 10000000
DEBUG: Total dvariable address used is 2077 out of 150000
DEBUG: Total dvariable address used is 3999296 out of 50000000
DEBUG: Total gradient stack used is 202081 out of 10000000
DEBUG: Total dvariable address used is 2077 out of 150000
DEBUG: Total dvariable address used is 3999296 out of 50000000
DEBUG: Total gradient stack used is 202081 out of 10000000
DEBUG: Total dvariable address used is 2077 out of 150000
DEBUG: Total dvariable address used is 3999296 out of 50000000
DEBUG: Total gradient stack used is 202081 out of 10000000
DEBUG: Total dvariable address used is 2077 out of 150000
DEBUG: Total dvariable address used is 3999296 out of 50000000
DEBUG: Total gradient stack used is 202081 out of 10000000
DEBUG: Total dvariable address used is 2077 out of 150000
DEBUG: Total dvariable address used is 3999296 out of 50000000
phase= 2 | nvar=303 | iter=200 | nll=-2.36e+04 | mag=2.05e-01 | par[197]=log_fdov[1][24]
DEBUG: Total gradient stack used is 202081 out of 10000000
DEBUG: Total dvariable address used is 2077 out of 150000
DEBUG: Total dvariable address used is 3999296 out of 50000000
DEBUG: Total gradient stack used is 202081 out of 10000000
DEBUG: Total dvariable address used is 2077 out of 150000
DEBUG: Total dvariable address used is 3999296 out of 50000000
DEBUG: Total gradient stack used is 202081 out of 10000000
DEBUG: Total dvariable address used is 2077 out of 150000
DEBUG: Total dvariable address used is 3999296 out of 50000000
DEBUG: Total gradient stack used is 202081 out of 10000000
DEBUG: Total dvariable address used is 2077 out of 150000
DEBUG: Total dvariable address used is 3999296 out of 50000000
DEBUG: Total gradient stack used is 202081 out of 10000000
DEBUG: Total dvariable address used is 2077 out of 150000
DEBUG: Total dvariable address used is 3999296 out of 50000000
DEBUG: Total gradient stack used is 202081 out of 10000000
DEBUG: Total dvariable address used is 2077 out of 150000
DEBUG: Total dvariable address used is 3999296 out of 50000000
DEBUG: Total gradient stack used is 202081 out of 10000000
DEBUG: Total dvariable address used is 2077 out of 150000
DEBUG: Total dvariable address used is 3999296 out of 50000000
DEBUG: Total gradient stack used is 202081 out of 10000000
DEBUG: Total dvariable address used is 2077 out of 150000
DEBUG: Total dvariable address used is 3999296 out of 50000000
DEBUG: Total gradient stack used is 202081 out of 10000000
DEBUG: Total dvariable address used is 2077 out of 150000
DEBUG: Total dvariable address used is 3999296 out of 50000000
DEBUG: Total gradient stack used is 202081 out of 10000000
DEBUG: Total dvariable address used is 2077 out of 150000
DEBUG: Total dvariable address used is 3999296 out of 50000000
DEBUG: Total gradient stack used is 202081 out of 10000000
DEBUG: Total dvariable address used is 2077 out of 150000
DEBUG: Total dvariable address used is 3999296 out of 50000000
DEBUG: Total gradient stack used is 202081 out of 10000000
DEBUG: Total dvariable address used is 2077 out of 150000
DEBUG: Total dvariable address used is 3999296 out of 50000000
DEBUG: Total gradient stack used is 202081 out of 10000000
DEBUG: Total dvariable address used is 2077 out of 150000
DEBUG: Total dvariable address used is 3999296 out of 50000000
DEBUG: Total gradient stack used is 202081 out of 10000000
DEBUG: Total dvariable address used is 2077 out of 150000
DEBUG: Total dvariable address used is 3999296 out of 50000000
DEBUG: Total gradient stack used is 202081 out of 10000000
DEBUG: Total dvariable address used is 2077 out of 150000
DEBUG: Total dvariable address used is 3999296 out of 50000000
DEBUG: Total gradient stack used is 202081 out of 10000000
DEBUG: Total dvariable address used is 2077 out of 150000
DEBUG: Total dvariable address used is 3999296 out of 50000000
DEBUG: Total gradient stack used is 202081 out of 10000000
DEBUG: Total dvariable address used is 2077 out of 150000
DEBUG: Total dvariable address used is 3999296 out of 50000000
DEBUG: Total gradient stack used is 202081 out of 10000000
DEBUG: Total dvariable address used is 2077 out of 150000
DEBUG: Total dvariable address used is 3999296 out of 50000000
DEBUG: Total gradient stack used is 202081 out of 10000000
DEBUG: Total dvariable address used is 2077 out of 150000
DEBUG: Total dvariable address used is 3999296 out of 50000000
DEBUG: Total gradient stack used is 202081 out of 10000000
DEBUG: Total dvariable address used is 2077 out of 150000
DEBUG: Total dvariable address used is 3999296 out of 50000000
DEBUG: Total gradient stack used is 202081 out of 10000000
DEBUG: Total dvariable address used is 2077 out of 150000
DEBUG: Total dvariable address used is 3999296 out of 50000000
DEBUG: Total gradient stack used is 202081 out of 10000000
DEBUG: Total dvariable address used is 2077 out of 150000
DEBUG: Total dvariable address used is 3999296 out of 50000000
DEBUG: Total gradient stack used is 202081 out of 10000000
DEBUG: Total dvariable address used is 2077 out of 150000
DEBUG: Total dvariable address used is 3999296 out of 50000000
phase= 2 | nvar=303 | iter=220 | nll=-2.36e+04 | mag=1.57e-01 | par[197]=log_fdov[1][24]
DEBUG: Total gradient stack used is 202081 out of 10000000
DEBUG: Total dvariable address used is 2077 out of 150000
DEBUG: Total dvariable address used is 3999296 out of 50000000
DEBUG: Total gradient stack used is 202081 out of 10000000
DEBUG: Total dvariable address used is 2077 out of 150000
DEBUG: Total dvariable address used is 3999296 out of 50000000
DEBUG: Total gradient stack used is 202081 out of 10000000
DEBUG: Total dvariable address used is 2077 out of 150000
DEBUG: Total dvariable address used is 3999296 out of 50000000
DEBUG: Total gradient stack used is 202081 out of 10000000
DEBUG: Total dvariable address used is 2077 out of 150000
DEBUG: Total dvariable address used is 3999296 out of 50000000
DEBUG: Total gradient stack used is 202081 out of 10000000
DEBUG: Total dvariable address used is 2077 out of 150000
DEBUG: Total dvariable address used is 3999296 out of 50000000
DEBUG: Total gradient stack used is 202081 out of 10000000
DEBUG: Total dvariable address used is 2077 out of 150000
DEBUG: Total dvariable address used is 3999296 out of 50000000
DEBUG: Total gradient stack used is 202081 out of 10000000
DEBUG: Total dvariable address used is 2077 out of 150000
DEBUG: Total dvariable address used is 3999296 out of 50000000
DEBUG: Total gradient stack used is 202081 out of 10000000
DEBUG: Total dvariable address used is 2077 out of 150000
DEBUG: Total dvariable address used is 3999296 out of 50000000
DEBUG: Total gradient stack used is 202081 out of 10000000
DEBUG: Total dvariable address used is 2077 out of 150000
DEBUG: Total dvariable address used is 3999296 out of 50000000
DEBUG: Total gradient stack used is 202081 out of 10000000
DEBUG: Total dvariable address used is 2077 out of 150000
DEBUG: Total dvariable address used is 3999296 out of 50000000
DEBUG: Total gradient stack used is 202081 out of 10000000
DEBUG: Total dvariable address used is 2077 out of 150000
DEBUG: Total dvariable address used is 3999296 out of 50000000
DEBUG: Total gradient stack used is 202081 out of 10000000
DEBUG: Total dvariable address used is 2077 out of 150000
DEBUG: Total dvariable address used is 3999296 out of 50000000
DEBUG: Total gradient stack used is 202081 out of 10000000
DEBUG: Total dvariable address used is 2077 out of 150000
DEBUG: Total dvariable address used is 3999296 out of 50000000
DEBUG: Total gradient stack used is 202081 out of 10000000
DEBUG: Total dvariable address used is 2077 out of 150000
DEBUG: Total dvariable address used is 3999296 out of 50000000
DEBUG: Total gradient stack used is 202081 out of 10000000
DEBUG: Total dvariable address used is 2077 out of 150000
DEBUG: Total dvariable address used is 3999296 out of 50000000
DEBUG: Total gradient stack used is 202081 out of 10000000
DEBUG: Total dvariable address used is 2077 out of 150000
DEBUG: Total dvariable address used is 3999296 out of 50000000
DEBUG: Total gradient stack used is 202081 out of 10000000
DEBUG: Total dvariable address used is 2077 out of 150000
DEBUG: Total dvariable address used is 3999296 out of 50000000
DEBUG: Total gradient stack used is 202081 out of 10000000
DEBUG: Total dvariable address used is 2077 out of 150000
DEBUG: Total dvariable address used is 3999296 out of 50000000
DEBUG: Total gradient stack used is 202081 out of 10000000
DEBUG: Total dvariable address used is 2077 out of 150000
DEBUG: Total dvariable address used is 3999296 out of 50000000
DEBUG: Total gradient stack used is 202081 out of 10000000
DEBUG: Total dvariable address used is 2077 out of 150000
DEBUG: Total dvariable address used is 3999296 out of 50000000
DEBUG: Total gradient stack used is 202081 out of 10000000
DEBUG: Total dvariable address used is 2077 out of 150000
DEBUG: Total dvariable address used is 3999296 out of 50000000
DEBUG: Total gradient stack used is 202081 out of 10000000
DEBUG: Total dvariable address used is 2077 out of 150000
DEBUG: Total dvariable address used is 3999296 out of 50000000
DEBUG: Total gradient stack used is 202081 out of 10000000
DEBUG: Total dvariable address used is 2077 out of 150000
DEBUG: Total dvariable address used is 3999296 out of 50000000
DEBUG: Total gradient stack used is 202081 out of 10000000
DEBUG: Total dvariable address used is 2077 out of 150000
DEBUG: Total dvariable address used is 3999296 out of 50000000
DEBUG: Total gradient stack used is 202081 out of 10000000
DEBUG: Total dvariable address used is 2077 out of 150000
DEBUG: Total dvariable address used is 3999296 out of 50000000
phase= 2 | nvar=303 | iter=240 | nll=-2.36e+04 | mag=1.65e-02 | par[156]=log_fdev[2][28]
DEBUG: Total gradient stack used is 202081 out of 10000000
DEBUG: Total dvariable address used is 2077 out of 150000
DEBUG: Total dvariable address used is 3999296 out of 50000000
DEBUG: Total gradient stack used is 202081 out of 10000000
DEBUG: Total dvariable address used is 2077 out of 150000
DEBUG: Total dvariable address used is 3999296 out of 50000000
DEBUG: Total gradient stack used is 202081 out of 10000000
DEBUG: Total dvariable address used is 2077 out of 150000
DEBUG: Total dvariable address used is 3999296 out of 50000000
DEBUG: Total gradient stack used is 202081 out of 10000000
DEBUG: Total dvariable address used is 2077 out of 150000
DEBUG: Total dvariable address used is 3999296 out of 50000000
DEBUG: Total gradient stack used is 202081 out of 10000000
DEBUG: Total dvariable address used is 2077 out of 150000
DEBUG: Total dvariable address used is 3999296 out of 50000000
DEBUG: Total gradient stack used is 202081 out of 10000000
DEBUG: Total dvariable address used is 2077 out of 150000
DEBUG: Total dvariable address used is 3999296 out of 50000000
DEBUG: Total gradient stack used is 202081 out of 10000000
DEBUG: Total dvariable address used is 2077 out of 150000
DEBUG: Total dvariable address used is 3999296 out of 50000000
DEBUG: Total gradient stack used is 202081 out of 10000000
DEBUG: Total dvariable address used is 2077 out of 150000
DEBUG: Total dvariable address used is 3999296 out of 50000000
DEBUG: Total gradient stack used is 202081 out of 10000000
DEBUG: Total dvariable address used is 2077 out of 150000
DEBUG: Total dvariable address used is 3999296 out of 50000000
DEBUG: Total gradient stack used is 202081 out of 10000000
DEBUG: Total dvariable address used is 2077 out of 150000
DEBUG: Total dvariable address used is 3999296 out of 50000000
DEBUG: Total gradient stack used is 202081 out of 10000000
DEBUG: Total dvariable address used is 2077 out of 150000
DEBUG: Total dvariable address used is 3999296 out of 50000000
DEBUG: Total gradient stack used is 202081 out of 10000000
DEBUG: Total dvariable address used is 2077 out of 150000
DEBUG: Total dvariable address used is 3999296 out of 50000000
DEBUG: Total gradient stack used is 202081 out of 10000000
DEBUG: Total dvariable address used is 2077 out of 150000
DEBUG: Total dvariable address used is 3999296 out of 50000000
DEBUG: Total gradient stack used is 202081 out of 10000000
DEBUG: Total dvariable address used is 2077 out of 150000
DEBUG: Total dvariable address used is 3999296 out of 50000000
DEBUG: Total gradient stack used is 202081 out of 10000000
DEBUG: Total dvariable address used is 2077 out of 150000
DEBUG: Total dvariable address used is 3999296 out of 50000000
DEBUG: Total gradient stack used is 202081 out of 10000000
DEBUG: Total dvariable address used is 2077 out of 150000
DEBUG: Total dvariable address used is 3999296 out of 50000000
DEBUG: Total gradient stack used is 202081 out of 10000000
DEBUG: Total dvariable address used is 2077 out of 150000
DEBUG: Total dvariable address used is 3999296 out of 50000000
DEBUG: Total gradient stack used is 202081 out of 10000000
DEBUG: Total dvariable address used is 2077 out of 150000
DEBUG: Total dvariable address used is 3999296 out of 50000000
DEBUG: Total gradient stack used is 202081 out of 10000000
DEBUG: Total dvariable address used is 2077 out of 150000
DEBUG: Total dvariable address used is 3999296 out of 50000000
DEBUG: Total gradient stack used is 202081 out of 10000000
DEBUG: Total dvariable address used is 2077 out of 150000
DEBUG: Total dvariable address used is 3999296 out of 50000000
phase= 2 | nvar=303 | iter=254 | nll=-2.36e+04 | mag=8.58e-03 | par[  1]=T_pars_est[3]
DEBUG: Total gradient stack used is 0 out of 10000000
DEBUG: Total dvariable address used is 2077 out of 150000
DEBUG: Total dvariable address used is 3999296 out of 50000000
Starting REPORT_SECTION
+--------------------------+
| Beginning report section |
+--------------------------+
Finished WriteFiles
REPORT_SECTION: finished CreateOutput
REPORT_SECTION: finished save_gradients
Finished REPORT_SECTION

#--BETWEEN_PHASES_SECTION---------------------
#----Starting phase 3 of 4
Finished BETWEEN_PHASES_SECTION
----------------------------------------------
DEBUG: Total gradient stack used is 419270 out of 10000000
DEBUG: Total dvariable address used is 2087 out of 150000
DEBUG: Total dvariable address used is 3999296 out of 50000000
phase= 3 | nvar=393 | iter=  0 | nll=-2.36e+04 | mag=5.43e+01 | par[ 86]=G_pars_est[2]
DEBUG: Total gradient stack used is 419263 out of 10000000
DEBUG: Total dvariable address used is 2087 out of 150000
DEBUG: Total dvariable address used is 3999296 out of 50000000
DEBUG: Total gradient stack used is 419273 out of 10000000
DEBUG: Total dvariable address used is 2087 out of 150000
DEBUG: Total dvariable address used is 3999296 out of 50000000
DEBUG: Total gradient stack used is 419273 out of 10000000
DEBUG: Total dvariable address used is 2087 out of 150000
DEBUG: Total dvariable address used is 3999296 out of 50000000
DEBUG: Total gradient stack used is 419273 out of 10000000
DEBUG: Total dvariable address used is 2087 out of 150000
DEBUG: Total dvariable address used is 3999296 out of 50000000
DEBUG: Total gradient stack used is 419273 out of 10000000
DEBUG: Total dvariable address used is 2087 out of 150000
DEBUG: Total dvariable address used is 3999296 out of 50000000
DEBUG: Total gradient stack used is 419273 out of 10000000
DEBUG: Total dvariable address used is 2087 out of 150000
DEBUG: Total dvariable address used is 3999296 out of 50000000
DEBUG: Total gradient stack used is 419273 out of 10000000
DEBUG: Total dvariable address used is 2087 out of 150000
DEBUG: Total dvariable address used is 3999296 out of 50000000
DEBUG: Total gradient stack used is 419273 out of 10000000
DEBUG: Total dvariable address used is 2087 out of 150000
DEBUG: Total dvariable address used is 3999296 out of 50000000
DEBUG: Total gradient stack used is 419273 out of 10000000
DEBUG: Total dvariable address used is 2087 out of 150000
DEBUG: Total dvariable address used is 3999296 out of 50000000
DEBUG: Total gradient stack used is 419273 out of 10000000
DEBUG: Total dvariable address used is 2087 out of 150000
DEBUG: Total dvariable address used is 3999296 out of 50000000
DEBUG: Total gradient stack used is 419276 out of 10000000
DEBUG: Total dvariable address used is 2087 out of 150000
DEBUG: Total dvariable address used is 3999296 out of 50000000
DEBUG: Total gradient stack used is 419276 out of 10000000
DEBUG: Total dvariable address used is 2087 out of 150000
DEBUG: Total dvariable address used is 3999296 out of 50000000
DEBUG: Total gradient stack used is 419276 out of 10000000
DEBUG: Total dvariable address used is 2087 out of 150000
DEBUG: Total dvariable address used is 3999296 out of 50000000
DEBUG: Total gradient stack used is 419276 out of 10000000
DEBUG: Total dvariable address used is 2087 out of 150000
DEBUG: Total dvariable address used is 3999296 out of 50000000
DEBUG: Total gradient stack used is 419276 out of 10000000
DEBUG: Total dvariable address used is 2087 out of 150000
DEBUG: Total dvariable address used is 3999296 out of 50000000
DEBUG: Total gradient stack used is 419276 out of 10000000
DEBUG: Total dvariable address used is 2087 out of 150000
DEBUG: Total dvariable address used is 3999296 out of 50000000
DEBUG: Total gradient stack used is 419276 out of 10000000
DEBUG: Total dvariable address used is 2087 out of 150000
DEBUG: Total dvariable address used is 3999296 out of 50000000
DEBUG: Total gradient stack used is 419276 out of 10000000
DEBUG: Total dvariable address used is 2087 out of 150000
DEBUG: Total dvariable address used is 3999296 out of 50000000
DEBUG: Total gradient stack used is 419276 out of 10000000
DEBUG: Total dvariable address used is 2087 out of 150000
DEBUG: Total dvariable address used is 3999296 out of 50000000
DEBUG: Total gradient stack used is 419276 out of 10000000
DEBUG: Total dvariable address used is 2087 out of 150000
DEBUG: Total dvariable address used is 3999296 out of 50000000
DEBUG: Total gradient stack used is 419276 out of 10000000
DEBUG: Total dvariable address used is 2087 out of 150000
DEBUG: Total dvariable address used is 3999296 out of 50000000
DEBUG: Total gradient stack used is 419273 out of 10000000
DEBUG: Total dvariable address used is 2087 out of 150000
DEBUG: Total dvariable address used is 3999296 out of 50000000
phase= 3 | nvar=393 | iter= 20 | nll=-2.36e+04 | mag=2.61e+01 | par[175]=log_fbar[1]
DEBUG: Total gradient stack used is 419273 out of 10000000
DEBUG: Total dvariable address used is 2087 out of 150000
DEBUG: Total dvariable address used is 3999296 out of 50000000
DEBUG: Total gradient stack used is 419273 out of 10000000
DEBUG: Total dvariable address used is 2087 out of 150000
DEBUG: Total dvariable address used is 3999296 out of 50000000
DEBUG: Total gradient stack used is 419273 out of 10000000
DEBUG: Total dvariable address used is 2087 out of 150000
DEBUG: Total dvariable address used is 3999296 out of 50000000
DEBUG: Total gradient stack used is 419273 out of 10000000
DEBUG: Total dvariable address used is 2087 out of 150000
DEBUG: Total dvariable address used is 3999296 out of 50000000
DEBUG: Total gradient stack used is 419273 out of 10000000
DEBUG: Total dvariable address used is 2087 out of 150000
DEBUG: Total dvariable address used is 3999296 out of 50000000
DEBUG: Total gradient stack used is 419273 out of 10000000
DEBUG: Total dvariable address used is 2087 out of 150000
DEBUG: Total dvariable address used is 3999296 out of 50000000
DEBUG: Total gradient stack used is 419273 out of 10000000
DEBUG: Total dvariable address used is 2087 out of 150000
DEBUG: Total dvariable address used is 3999296 out of 50000000
DEBUG: Total gradient stack used is 419273 out of 10000000
DEBUG: Total dvariable address used is 2087 out of 150000
DEBUG: Total dvariable address used is 3999296 out of 50000000
DEBUG: Total gradient stack used is 419273 out of 10000000
DEBUG: Total dvariable address used is 2087 out of 150000
DEBUG: Total dvariable address used is 3999296 out of 50000000
DEBUG: Total gradient stack used is 419273 out of 10000000
DEBUG: Total dvariable address used is 2087 out of 150000
DEBUG: Total dvariable address used is 3999296 out of 50000000
DEBUG: Total gradient stack used is 419273 out of 10000000
DEBUG: Total dvariable address used is 2087 out of 150000
DEBUG: Total dvariable address used is 3999296 out of 50000000
DEBUG: Total gradient stack used is 419273 out of 10000000
DEBUG: Total dvariable address used is 2087 out of 150000
DEBUG: Total dvariable address used is 3999296 out of 50000000
DEBUG: Total gradient stack used is 419273 out of 10000000
DEBUG: Total dvariable address used is 2087 out of 150000
DEBUG: Total dvariable address used is 3999296 out of 50000000
DEBUG: Total gradient stack used is 419273 out of 10000000
DEBUG: Total dvariable address used is 2087 out of 150000
DEBUG: Total dvariable address used is 3999296 out of 50000000
DEBUG: Total gradient stack used is 419273 out of 10000000
DEBUG: Total dvariable address used is 2087 out of 150000
DEBUG: Total dvariable address used is 3999296 out of 50000000
DEBUG: Total gradient stack used is 419273 out of 10000000
DEBUG: Total dvariable address used is 2087 out of 150000
DEBUG: Total dvariable address used is 3999296 out of 50000000
DEBUG: Total gradient stack used is 419273 out of 10000000
DEBUG: Total dvariable address used is 2087 out of 150000
DEBUG: Total dvariable address used is 3999296 out of 50000000
DEBUG: Total gradient stack used is 419273 out of 10000000
DEBUG: Total dvariable address used is 2087 out of 150000
DEBUG: Total dvariable address used is 3999296 out of 50000000
DEBUG: Total gradient stack used is 419273 out of 10000000
DEBUG: Total dvariable address used is 2087 out of 150000
DEBUG: Total dvariable address used is 3999296 out of 50000000
DEBUG: Total gradient stack used is 419273 out of 10000000
DEBUG: Total dvariable address used is 2087 out of 150000
DEBUG: Total dvariable address used is 3999296 out of 50000000
phase= 3 | nvar=393 | iter= 40 | nll=-2.36e+04 | mag=3.30e+01 | par[175]=log_fbar[1]
DEBUG: Total gradient stack used is 419273 out of 10000000
DEBUG: Total dvariable address used is 2087 out of 150000
DEBUG: Total dvariable address used is 3999296 out of 50000000
DEBUG: Total gradient stack used is 419273 out of 10000000
DEBUG: Total dvariable address used is 2087 out of 150000
DEBUG: Total dvariable address used is 3999296 out of 50000000
DEBUG: Total gradient stack used is 419273 out of 10000000
DEBUG: Total dvariable address used is 2087 out of 150000
DEBUG: Total dvariable address used is 3999296 out of 50000000
DEBUG: Total gradient stack used is 419273 out of 10000000
DEBUG: Total dvariable address used is 2087 out of 150000
DEBUG: Total dvariable address used is 3999296 out of 50000000
DEBUG: Total gradient stack used is 419273 out of 10000000
DEBUG: Total dvariable address used is 2087 out of 150000
DEBUG: Total dvariable address used is 3999296 out of 50000000
DEBUG: Total gradient stack used is 419273 out of 10000000
DEBUG: Total dvariable address used is 2087 out of 150000
DEBUG: Total dvariable address used is 3999296 out of 50000000
DEBUG: Total gradient stack used is 419273 out of 10000000
DEBUG: Total dvariable address used is 2087 out of 150000
DEBUG: Total dvariable address used is 3999296 out of 50000000
DEBUG: Total gradient stack used is 419273 out of 10000000
DEBUG: Total dvariable address used is 2087 out of 150000
DEBUG: Total dvariable address used is 3999296 out of 50000000
DEBUG: Total gradient stack used is 419273 out of 10000000
DEBUG: Total dvariable address used is 2087 out of 150000
DEBUG: Total dvariable address used is 3999296 out of 50000000
DEBUG: Total gradient stack used is 419273 out of 10000000
DEBUG: Total dvariable address used is 2087 out of 150000
DEBUG: Total dvariable address used is 3999296 out of 50000000
DEBUG: Total gradient stack used is 419273 out of 10000000
DEBUG: Total dvariable address used is 2087 out of 150000
DEBUG: Total dvariable address used is 3999296 out of 50000000
DEBUG: Total gradient stack used is 419273 out of 10000000
DEBUG: Total dvariable address used is 2087 out of 150000
DEBUG: Total dvariable address used is 3999296 out of 50000000
DEBUG: Total gradient stack used is 419273 out of 10000000
DEBUG: Total dvariable address used is 2087 out of 150000
DEBUG: Total dvariable address used is 3999296 out of 50000000
DEBUG: Total gradient stack used is 419273 out of 10000000
DEBUG: Total dvariable address used is 2087 out of 150000
DEBUG: Total dvariable address used is 3999296 out of 50000000
DEBUG: Total gradient stack used is 419273 out of 10000000
DEBUG: Total dvariable address used is 2087 out of 150000
DEBUG: Total dvariable address used is 3999296 out of 50000000
DEBUG: Total gradient stack used is 419273 out of 10000000
DEBUG: Total dvariable address used is 2087 out of 150000
DEBUG: Total dvariable address used is 3999296 out of 50000000
DEBUG: Total gradient stack used is 419273 out of 10000000
DEBUG: Total dvariable address used is 2087 out of 150000
DEBUG: Total dvariable address used is 3999296 out of 50000000
DEBUG: Total gradient stack used is 419273 out of 10000000
DEBUG: Total dvariable address used is 2087 out of 150000
DEBUG: Total dvariable address used is 3999296 out of 50000000
DEBUG: Total gradient stack used is 419273 out of 10000000
DEBUG: Total dvariable address used is 2087 out of 150000
DEBUG: Total dvariable address used is 3999296 out of 50000000
DEBUG: Total gradient stack used is 419273 out of 10000000
DEBUG: Total dvariable address used is 2087 out of 150000
DEBUG: Total dvariable address used is 3999296 out of 50000000
phase= 3 | nvar=393 | iter= 60 | nll=-2.36e+04 | mag=3.32e+01 | par[175]=log_fbar[1]
DEBUG: Total gradient stack used is 419273 out of 10000000
DEBUG: Total dvariable address used is 2087 out of 150000
DEBUG: Total dvariable address used is 3999296 out of 50000000
DEBUG: Total gradient stack used is 419273 out of 10000000
DEBUG: Total dvariable address used is 2087 out of 150000
DEBUG: Total dvariable address used is 3999296 out of 50000000
DEBUG: Total gradient stack used is 419273 out of 10000000
DEBUG: Total dvariable address used is 2087 out of 150000
DEBUG: Total dvariable address used is 3999296 out of 50000000
DEBUG: Total gradient stack used is 419273 out of 10000000
DEBUG: Total dvariable address used is 2087 out of 150000
DEBUG: Total dvariable address used is 3999296 out of 50000000
DEBUG: Total gradient stack used is 419273 out of 10000000
DEBUG: Total dvariable address used is 2087 out of 150000
DEBUG: Total dvariable address used is 3999296 out of 50000000
DEBUG: Total gradient stack used is 419273 out of 10000000
DEBUG: Total dvariable address used is 2087 out of 150000
DEBUG: Total dvariable address used is 3999296 out of 50000000
DEBUG: Total gradient stack used is 419273 out of 10000000
DEBUG: Total dvariable address used is 2087 out of 150000
DEBUG: Total dvariable address used is 3999296 out of 50000000
DEBUG: Total gradient stack used is 419273 out of 10000000
DEBUG: Total dvariable address used is 2087 out of 150000
DEBUG: Total dvariable address used is 3999296 out of 50000000
DEBUG: Total gradient stack used is 419273 out of 10000000
DEBUG: Total dvariable address used is 2087 out of 150000
DEBUG: Total dvariable address used is 3999296 out of 50000000
DEBUG: Total gradient stack used is 419273 out of 10000000
DEBUG: Total dvariable address used is 2087 out of 150000
DEBUG: Total dvariable address used is 3999296 out of 50000000
DEBUG: Total gradient stack used is 419273 out of 10000000
DEBUG: Total dvariable address used is 2087 out of 150000
DEBUG: Total dvariable address used is 3999296 out of 50000000
DEBUG: Total gradient stack used is 419273 out of 10000000
DEBUG: Total dvariable address used is 2087 out of 150000
DEBUG: Total dvariable address used is 3999296 out of 50000000
DEBUG: Total gradient stack used is 419273 out of 10000000
DEBUG: Total dvariable address used is 2087 out of 150000
DEBUG: Total dvariable address used is 3999296 out of 50000000
DEBUG: Total gradient stack used is 419273 out of 10000000
DEBUG: Total dvariable address used is 2087 out of 150000
DEBUG: Total dvariable address used is 3999296 out of 50000000
DEBUG: Total gradient stack used is 419273 out of 10000000
DEBUG: Total dvariable address used is 2087 out of 150000
DEBUG: Total dvariable address used is 3999296 out of 50000000
DEBUG: Total gradient stack used is 419273 out of 10000000
DEBUG: Total dvariable address used is 2087 out of 150000
DEBUG: Total dvariable address used is 3999296 out of 50000000
DEBUG: Total gradient stack used is 419273 out of 10000000
DEBUG: Total dvariable address used is 2087 out of 150000
DEBUG: Total dvariable address used is 3999296 out of 50000000
DEBUG: Total gradient stack used is 419273 out of 10000000
DEBUG: Total dvariable address used is 2087 out of 150000
DEBUG: Total dvariable address used is 3999296 out of 50000000
DEBUG: Total gradient stack used is 419273 out of 10000000
DEBUG: Total dvariable address used is 2087 out of 150000
DEBUG: Total dvariable address used is 3999296 out of 50000000
DEBUG: Total gradient stack used is 419273 out of 10000000
DEBUG: Total dvariable address used is 2087 out of 150000
DEBUG: Total dvariable address used is 3999296 out of 50000000
phase= 3 | nvar=393 | iter= 80 | nll=-2.36e+04 | mag=3.29e+01 | par[175]=log_fbar[1]
DEBUG: Total gradient stack used is 419273 out of 10000000
DEBUG: Total dvariable address used is 2087 out of 150000
DEBUG: Total dvariable address used is 3999296 out of 50000000
DEBUG: Total gradient stack used is 419273 out of 10000000
DEBUG: Total dvariable address used is 2087 out of 150000
DEBUG: Total dvariable address used is 3999296 out of 50000000
DEBUG: Total gradient stack used is 419273 out of 10000000
DEBUG: Total dvariable address used is 2087 out of 150000
DEBUG: Total dvariable address used is 3999296 out of 50000000
DEBUG: Total gradient stack used is 419273 out of 10000000
DEBUG: Total dvariable address used is 2087 out of 150000
DEBUG: Total dvariable address used is 3999296 out of 50000000
DEBUG: Total gradient stack used is 419273 out of 10000000
DEBUG: Total dvariable address used is 2087 out of 150000
DEBUG: Total dvariable address used is 3999296 out of 50000000
DEBUG: Total gradient stack used is 419273 out of 10000000
DEBUG: Total dvariable address used is 2087 out of 150000
DEBUG: Total dvariable address used is 3999296 out of 50000000
DEBUG: Total gradient stack used is 419273 out of 10000000
DEBUG: Total dvariable address used is 2087 out of 150000
DEBUG: Total dvariable address used is 3999296 out of 50000000
DEBUG: Total gradient stack used is 419273 out of 10000000
DEBUG: Total dvariable address used is 2087 out of 150000
DEBUG: Total dvariable address used is 3999296 out of 50000000
DEBUG: Total gradient stack used is 419273 out of 10000000
DEBUG: Total dvariable address used is 2087 out of 150000
DEBUG: Total dvariable address used is 3999296 out of 50000000
DEBUG: Total gradient stack used is 419273 out of 10000000
DEBUG: Total dvariable address used is 2087 out of 150000
DEBUG: Total dvariable address used is 3999296 out of 50000000
DEBUG: Total gradient stack used is 419273 out of 10000000
DEBUG: Total dvariable address used is 2087 out of 150000
DEBUG: Total dvariable address used is 3999296 out of 50000000
DEBUG: Total gradient stack used is 419273 out of 10000000
DEBUG: Total dvariable address used is 2087 out of 150000
DEBUG: Total dvariable address used is 3999296 out of 50000000
DEBUG: Total gradient stack used is 419273 out of 10000000
DEBUG: Total dvariable address used is 2087 out of 150000
DEBUG: Total dvariable address used is 3999296 out of 50000000
DEBUG: Total gradient stack used is 419273 out of 10000000
DEBUG: Total dvariable address used is 2087 out of 150000
DEBUG: Total dvariable address used is 3999296 out of 50000000
DEBUG: Total gradient stack used is 419273 out of 10000000
DEBUG: Total dvariable address used is 2087 out of 150000
DEBUG: Total dvariable address used is 3999296 out of 50000000
DEBUG: Total gradient stack used is 419273 out of 10000000
DEBUG: Total dvariable address used is 2087 out of 150000
DEBUG: Total dvariable address used is 3999296 out of 50000000
DEBUG: Total gradient stack used is 419273 out of 10000000
DEBUG: Total dvariable address used is 2087 out of 150000
DEBUG: Total dvariable address used is 3999296 out of 50000000
DEBUG: Total gradient stack used is 419273 out of 10000000
DEBUG: Total dvariable address used is 2087 out of 150000
DEBUG: Total dvariable address used is 3999296 out of 50000000
DEBUG: Total gradient stack used is 419273 out of 10000000
DEBUG: Total dvariable address used is 2087 out of 150000
DEBUG: Total dvariable address used is 3999296 out of 50000000
DEBUG: Total gradient stack used is 419273 out of 10000000
DEBUG: Total dvariable address used is 2087 out of 150000
DEBUG: Total dvariable address used is 3999296 out of 50000000
phase= 3 | nvar=393 | iter=100 | nll=-2.36e+04 | mag=3.26e+01 | par[175]=log_fbar[1]
DEBUG: Total gradient stack used is 419273 out of 10000000
DEBUG: Total dvariable address used is 2087 out of 150000
DEBUG: Total dvariable address used is 3999296 out of 50000000
DEBUG: Total gradient stack used is 419273 out of 10000000
DEBUG: Total dvariable address used is 2087 out of 150000
DEBUG: Total dvariable address used is 3999296 out of 50000000
DEBUG: Total gradient stack used is 419273 out of 10000000
DEBUG: Total dvariable address used is 2087 out of 150000
DEBUG: Total dvariable address used is 3999296 out of 50000000
DEBUG: Total gradient stack used is 419273 out of 10000000
DEBUG: Total dvariable address used is 2087 out of 150000
DEBUG: Total dvariable address used is 3999296 out of 50000000
DEBUG: Total gradient stack used is 419273 out of 10000000
DEBUG: Total dvariable address used is 2087 out of 150000
DEBUG: Total dvariable address used is 3999296 out of 50000000
DEBUG: Total gradient stack used is 419273 out of 10000000
DEBUG: Total dvariable address used is 2087 out of 150000
DEBUG: Total dvariable address used is 3999296 out of 50000000
DEBUG: Total gradient stack used is 419273 out of 10000000
DEBUG: Total dvariable address used is 2087 out of 150000
DEBUG: Total dvariable address used is 3999296 out of 50000000
DEBUG: Total gradient stack used is 419273 out of 10000000
DEBUG: Total dvariable address used is 2087 out of 150000
DEBUG: Total dvariable address used is 3999296 out of 50000000
DEBUG: Total gradient stack used is 419273 out of 10000000
DEBUG: Total dvariable address used is 2087 out of 150000
DEBUG: Total dvariable address used is 3999296 out of 50000000
DEBUG: Total gradient stack used is 419273 out of 10000000
DEBUG: Total dvariable address used is 2087 out of 150000
DEBUG: Total dvariable address used is 3999296 out of 50000000
DEBUG: Total gradient stack used is 419273 out of 10000000
DEBUG: Total dvariable address used is 2087 out of 150000
DEBUG: Total dvariable address used is 3999296 out of 50000000
DEBUG: Total gradient stack used is 419273 out of 10000000
DEBUG: Total dvariable address used is 2087 out of 150000
DEBUG: Total dvariable address used is 3999296 out of 50000000
DEBUG: Total gradient stack used is 419273 out of 10000000
DEBUG: Total dvariable address used is 2087 out of 150000
DEBUG: Total dvariable address used is 3999296 out of 50000000
DEBUG: Total gradient stack used is 419273 out of 10000000
DEBUG: Total dvariable address used is 2087 out of 150000
DEBUG: Total dvariable address used is 3999296 out of 50000000
DEBUG: Total gradient stack used is 419273 out of 10000000
DEBUG: Total dvariable address used is 2087 out of 150000
DEBUG: Total dvariable address used is 3999296 out of 50000000
DEBUG: Total gradient stack used is 419273 out of 10000000
DEBUG: Total dvariable address used is 2087 out of 150000
DEBUG: Total dvariable address used is 3999296 out of 50000000
DEBUG: Total gradient stack used is 419273 out of 10000000
DEBUG: Total dvariable address used is 2087 out of 150000
DEBUG: Total dvariable address used is 3999296 out of 50000000
DEBUG: Total gradient stack used is 419273 out of 10000000
DEBUG: Total dvariable address used is 2087 out of 150000
DEBUG: Total dvariable address used is 3999296 out of 50000000
DEBUG: Total gradient stack used is 419273 out of 10000000
DEBUG: Total dvariable address used is 2087 out of 150000
DEBUG: Total dvariable address used is 3999296 out of 50000000
DEBUG: Total gradient stack used is 419273 out of 10000000
DEBUG: Total dvariable address used is 2087 out of 150000
DEBUG: Total dvariable address used is 3999296 out of 50000000
phase= 3 | nvar=393 | iter=120 | nll=-2.36e+04 | mag=3.20e+01 | par[175]=log_fbar[1]
DEBUG: Total gradient stack used is 419273 out of 10000000
DEBUG: Total dvariable address used is 2087 out of 150000
DEBUG: Total dvariable address used is 3999296 out of 50000000
DEBUG: Total gradient stack used is 419273 out of 10000000
DEBUG: Total dvariable address used is 2087 out of 150000
DEBUG: Total dvariable address used is 3999296 out of 50000000
DEBUG: Total gradient stack used is 419273 out of 10000000
DEBUG: Total dvariable address used is 2087 out of 150000
DEBUG: Total dvariable address used is 3999296 out of 50000000
DEBUG: Total gradient stack used is 419273 out of 10000000
DEBUG: Total dvariable address used is 2087 out of 150000
DEBUG: Total dvariable address used is 3999296 out of 50000000
DEBUG: Total gradient stack used is 419273 out of 10000000
DEBUG: Total dvariable address used is 2087 out of 150000
DEBUG: Total dvariable address used is 3999296 out of 50000000
DEBUG: Total gradient stack used is 419273 out of 10000000
DEBUG: Total dvariable address used is 2087 out of 150000
DEBUG: Total dvariable address used is 3999296 out of 50000000
DEBUG: Total gradient stack used is 419273 out of 10000000
DEBUG: Total dvariable address used is 2087 out of 150000
DEBUG: Total dvariable address used is 3999296 out of 50000000
DEBUG: Total gradient stack used is 419273 out of 10000000
DEBUG: Total dvariable address used is 2087 out of 150000
DEBUG: Total dvariable address used is 3999296 out of 50000000
DEBUG: Total gradient stack used is 419273 out of 10000000
DEBUG: Total dvariable address used is 2087 out of 150000
DEBUG: Total dvariable address used is 3999296 out of 50000000
DEBUG: Total gradient stack used is 419273 out of 10000000
DEBUG: Total dvariable address used is 2087 out of 150000
DEBUG: Total dvariable address used is 3999296 out of 50000000
DEBUG: Total gradient stack used is 419273 out of 10000000
DEBUG: Total dvariable address used is 2087 out of 150000
DEBUG: Total dvariable address used is 3999296 out of 50000000
DEBUG: Total gradient stack used is 419273 out of 10000000
DEBUG: Total dvariable address used is 2087 out of 150000
DEBUG: Total dvariable address used is 3999296 out of 50000000
DEBUG: Total gradient stack used is 419273 out of 10000000
DEBUG: Total dvariable address used is 2087 out of 150000
DEBUG: Total dvariable address used is 3999296 out of 50000000
DEBUG: Total gradient stack used is 419273 out of 10000000
DEBUG: Total dvariable address used is 2087 out of 150000
DEBUG: Total dvariable address used is 3999296 out of 50000000
DEBUG: Total gradient stack used is 419273 out of 10000000
DEBUG: Total dvariable address used is 2087 out of 150000
DEBUG: Total dvariable address used is 3999296 out of 50000000
DEBUG: Total gradient stack used is 419273 out of 10000000
DEBUG: Total dvariable address used is 2087 out of 150000
DEBUG: Total dvariable address used is 3999296 out of 50000000
DEBUG: Total gradient stack used is 419273 out of 10000000
DEBUG: Total dvariable address used is 2087 out of 150000
DEBUG: Total dvariable address used is 3999296 out of 50000000
DEBUG: Total gradient stack used is 419273 out of 10000000
DEBUG: Total dvariable address used is 2087 out of 150000
DEBUG: Total dvariable address used is 3999296 out of 50000000
DEBUG: Total gradient stack used is 419273 out of 10000000
DEBUG: Total dvariable address used is 2087 out of 150000
DEBUG: Total dvariable address used is 3999296 out of 50000000
DEBUG: Total gradient stack used is 419273 out of 10000000
DEBUG: Total dvariable address used is 2087 out of 150000
DEBUG: Total dvariable address used is 3999296 out of 50000000
phase= 3 | nvar=393 | iter=140 | nll=-2.36e+04 | mag=2.54e+01 | par[175]=log_fbar[1]
DEBUG: Total gradient stack used is 419273 out of 10000000
DEBUG: Total dvariable address used is 2087 out of 150000
DEBUG: Total dvariable address used is 3999296 out of 50000000
DEBUG: Total gradient stack used is 419273 out of 10000000
DEBUG: Total dvariable address used is 2087 out of 150000
DEBUG: Total dvariable address used is 3999296 out of 50000000
DEBUG: Total gradient stack used is 419273 out of 10000000
DEBUG: Total dvariable address used is 2087 out of 150000
DEBUG: Total dvariable address used is 3999296 out of 50000000
DEBUG: Total gradient stack used is 419273 out of 10000000
DEBUG: Total dvariable address used is 2087 out of 150000
DEBUG: Total dvariable address used is 3999296 out of 50000000
DEBUG: Total gradient stack used is 419273 out of 10000000
DEBUG: Total dvariable address used is 2087 out of 150000
DEBUG: Total dvariable address used is 3999296 out of 50000000
DEBUG: Total gradient stack used is 419273 out of 10000000
DEBUG: Total dvariable address used is 2087 out of 150000
DEBUG: Total dvariable address used is 3999296 out of 50000000
DEBUG: Total gradient stack used is 419273 out of 10000000
DEBUG: Total dvariable address used is 2087 out of 150000
DEBUG: Total dvariable address used is 3999296 out of 50000000
DEBUG: Total gradient stack used is 419273 out of 10000000
DEBUG: Total dvariable address used is 2087 out of 150000
DEBUG: Total dvariable address used is 3999296 out of 50000000
DEBUG: Total gradient stack used is 419273 out of 10000000
DEBUG: Total dvariable address used is 2087 out of 150000
DEBUG: Total dvariable address used is 3999296 out of 50000000
DEBUG: Total gradient stack used is 419273 out of 10000000
DEBUG: Total dvariable address used is 2087 out of 150000
DEBUG: Total dvariable address used is 3999296 out of 50000000
DEBUG: Total gradient stack used is 419273 out of 10000000
DEBUG: Total dvariable address used is 2087 out of 150000
DEBUG: Total dvariable address used is 3999296 out of 50000000
DEBUG: Total gradient stack used is 419273 out of 10000000
DEBUG: Total dvariable address used is 2087 out of 150000
DEBUG: Total dvariable address used is 3999296 out of 50000000
DEBUG: Total gradient stack used is 419273 out of 10000000
DEBUG: Total dvariable address used is 2087 out of 150000
DEBUG: Total dvariable address used is 3999296 out of 50000000
DEBUG: Total gradient stack used is 419273 out of 10000000
DEBUG: Total dvariable address used is 2087 out of 150000
DEBUG: Total dvariable address used is 3999296 out of 50000000
DEBUG: Total gradient stack used is 419273 out of 10000000
DEBUG: Total dvariable address used is 2087 out of 150000
DEBUG: Total dvariable address used is 3999296 out of 50000000
DEBUG: Total gradient stack used is 419273 out of 10000000
DEBUG: Total dvariable address used is 2087 out of 150000
DEBUG: Total dvariable address used is 3999296 out of 50000000
DEBUG: Total gradient stack used is 419273 out of 10000000
DEBUG: Total dvariable address used is 2087 out of 150000
DEBUG: Total dvariable address used is 3999296 out of 50000000
DEBUG: Total gradient stack used is 419273 out of 10000000
DEBUG: Total dvariable address used is 2087 out of 150000
DEBUG: Total dvariable address used is 3999296 out of 50000000
DEBUG: Total gradient stack used is 419273 out of 10000000
DEBUG: Total dvariable address used is 2087 out of 150000
DEBUG: Total dvariable address used is 3999296 out of 50000000
DEBUG: Total gradient stack used is 419273 out of 10000000
DEBUG: Total dvariable address used is 2087 out of 150000
DEBUG: Total dvariable address used is 3999296 out of 50000000
phase= 3 | nvar=393 | iter=160 | nll=-2.36e+04 | mag=4.31e-01 | par[175]=log_fbar[1]
DEBUG: Total gradient stack used is 419273 out of 10000000
DEBUG: Total dvariable address used is 2087 out of 150000
DEBUG: Total dvariable address used is 3999296 out of 50000000
DEBUG: Total gradient stack used is 419273 out of 10000000
DEBUG: Total dvariable address used is 2087 out of 150000
DEBUG: Total dvariable address used is 3999296 out of 50000000
DEBUG: Total gradient stack used is 419273 out of 10000000
DEBUG: Total dvariable address used is 2087 out of 150000
DEBUG: Total dvariable address used is 3999296 out of 50000000
DEBUG: Total gradient stack used is 419273 out of 10000000
DEBUG: Total dvariable address used is 2087 out of 150000
DEBUG: Total dvariable address used is 3999296 out of 50000000
DEBUG: Total gradient stack used is 419273 out of 10000000
DEBUG: Total dvariable address used is 2087 out of 150000
DEBUG: Total dvariable address used is 3999296 out of 50000000
DEBUG: Total gradient stack used is 419273 out of 10000000
DEBUG: Total dvariable address used is 2087 out of 150000
DEBUG: Total dvariable address used is 3999296 out of 50000000
DEBUG: Total gradient stack used is 419273 out of 10000000
DEBUG: Total dvariable address used is 2087 out of 150000
DEBUG: Total dvariable address used is 3999296 out of 50000000
DEBUG: Total gradient stack used is 419273 out of 10000000
DEBUG: Total dvariable address used is 2087 out of 150000
DEBUG: Total dvariable address used is 3999296 out of 50000000
DEBUG: Total gradient stack used is 419273 out of 10000000
DEBUG: Total dvariable address used is 2087 out of 150000
DEBUG: Total dvariable address used is 3999296 out of 50000000
DEBUG: Total gradient stack used is 419273 out of 10000000
DEBUG: Total dvariable address used is 2087 out of 150000
DEBUG: Total dvariable address used is 3999296 out of 50000000
DEBUG: Total gradient stack used is 419273 out of 10000000
DEBUG: Total dvariable address used is 2087 out of 150000
DEBUG: Total dvariable address used is 3999296 out of 50000000
DEBUG: Total gradient stack used is 419273 out of 10000000
DEBUG: Total dvariable address used is 2087 out of 150000
DEBUG: Total dvariable address used is 3999296 out of 50000000
DEBUG: Total gradient stack used is 419273 out of 10000000
DEBUG: Total dvariable address used is 2087 out of 150000
DEBUG: Total dvariable address used is 3999296 out of 50000000
DEBUG: Total gradient stack used is 419273 out of 10000000
DEBUG: Total dvariable address used is 2087 out of 150000
DEBUG: Total dvariable address used is 3999296 out of 50000000
DEBUG: Total gradient stack used is 419273 out of 10000000
DEBUG: Total dvariable address used is 2087 out of 150000
DEBUG: Total dvariable address used is 3999296 out of 50000000
DEBUG: Total gradient stack used is 419273 out of 10000000
DEBUG: Total dvariable address used is 2087 out of 150000
DEBUG: Total dvariable address used is 3999296 out of 50000000
DEBUG: Total gradient stack used is 419273 out of 10000000
DEBUG: Total dvariable address used is 2087 out of 150000
DEBUG: Total dvariable address used is 3999296 out of 50000000
DEBUG: Total gradient stack used is 419273 out of 10000000
DEBUG: Total dvariable address used is 2087 out of 150000
DEBUG: Total dvariable address used is 3999296 out of 50000000
DEBUG: Total gradient stack used is 419273 out of 10000000
DEBUG: Total dvariable address used is 2087 out of 150000
DEBUG: Total dvariable address used is 3999296 out of 50000000
DEBUG: Total gradient stack used is 419273 out of 10000000
DEBUG: Total dvariable address used is 2087 out of 150000
DEBUG: Total dvariable address used is 3999296 out of 50000000
DEBUG: Total gradient stack used is 419273 out of 10000000
DEBUG: Total dvariable address used is 2087 out of 150000
DEBUG: Total dvariable address used is 3999296 out of 50000000
phase= 3 | nvar=393 | iter=180 | nll=-2.36e+04 | mag=7.31e-01 | par[175]=log_fbar[1]
DEBUG: Total gradient stack used is 419273 out of 10000000
DEBUG: Total dvariable address used is 2087 out of 150000
DEBUG: Total dvariable address used is 3999296 out of 50000000
DEBUG: Total gradient stack used is 419273 out of 10000000
DEBUG: Total dvariable address used is 2087 out of 150000
DEBUG: Total dvariable address used is 3999296 out of 50000000
DEBUG: Total gradient stack used is 419273 out of 10000000
DEBUG: Total dvariable address used is 2087 out of 150000
DEBUG: Total dvariable address used is 3999296 out of 50000000
DEBUG: Total gradient stack used is 419273 out of 10000000
DEBUG: Total dvariable address used is 2087 out of 150000
DEBUG: Total dvariable address used is 3999296 out of 50000000
DEBUG: Total gradient stack used is 419273 out of 10000000
DEBUG: Total dvariable address used is 2087 out of 150000
DEBUG: Total dvariable address used is 3999296 out of 50000000
DEBUG: Total gradient stack used is 419273 out of 10000000
DEBUG: Total dvariable address used is 2087 out of 150000
DEBUG: Total dvariable address used is 3999296 out of 50000000
DEBUG: Total gradient stack used is 419273 out of 10000000
DEBUG: Total dvariable address used is 2087 out of 150000
DEBUG: Total dvariable address used is 3999296 out of 50000000
DEBUG: Total gradient stack used is 419273 out of 10000000
DEBUG: Total dvariable address used is 2087 out of 150000
DEBUG: Total dvariable address used is 3999296 out of 50000000
DEBUG: Total gradient stack used is 419273 out of 10000000
DEBUG: Total dvariable address used is 2087 out of 150000
DEBUG: Total dvariable address used is 3999296 out of 50000000
DEBUG: Total gradient stack used is 419273 out of 10000000
DEBUG: Total dvariable address used is 2087 out of 150000
DEBUG: Total dvariable address used is 3999296 out of 50000000
DEBUG: Total gradient stack used is 419273 out of 10000000
DEBUG: Total dvariable address used is 2087 out of 150000
DEBUG: Total dvariable address used is 3999296 out of 50000000
DEBUG: Total gradient stack used is 419273 out of 10000000
DEBUG: Total dvariable address used is 2087 out of 150000
DEBUG: Total dvariable address used is 3999296 out of 50000000
DEBUG: Total gradient stack used is 419273 out of 10000000
DEBUG: Total dvariable address used is 2087 out of 150000
DEBUG: Total dvariable address used is 3999296 out of 50000000
DEBUG: Total gradient stack used is 419273 out of 10000000
DEBUG: Total dvariable address used is 2087 out of 150000
DEBUG: Total dvariable address used is 3999296 out of 50000000
DEBUG: Total gradient stack used is 419273 out of 10000000
DEBUG: Total dvariable address used is 2087 out of 150000
DEBUG: Total dvariable address used is 3999296 out of 50000000
DEBUG: Total gradient stack used is 419273 out of 10000000
DEBUG: Total dvariable address used is 2087 out of 150000
DEBUG: Total dvariable address used is 3999296 out of 50000000
DEBUG: Total gradient stack used is 419273 out of 10000000
DEBUG: Total dvariable address used is 2087 out of 150000
DEBUG: Total dvariable address used is 3999296 out of 50000000
DEBUG: Total gradient stack used is 419273 out of 10000000
DEBUG: Total dvariable address used is 2087 out of 150000
DEBUG: Total dvariable address used is 3999296 out of 50000000
DEBUG: Total gradient stack used is 419273 out of 10000000
DEBUG: Total dvariable address used is 2087 out of 150000
DEBUG: Total dvariable address used is 3999296 out of 50000000
DEBUG: Total gradient stack used is 419273 out of 10000000
DEBUG: Total dvariable address used is 2087 out of 150000
DEBUG: Total dvariable address used is 3999296 out of 50000000
phase= 3 | nvar=393 | iter=200 | nll=-2.36e+04 | mag=7.19e-01 | par[175]=log_fbar[1]
DEBUG: Total gradient stack used is 419273 out of 10000000
DEBUG: Total dvariable address used is 2087 out of 150000
DEBUG: Total dvariable address used is 3999296 out of 50000000
DEBUG: Total gradient stack used is 419273 out of 10000000
DEBUG: Total dvariable address used is 2087 out of 150000
DEBUG: Total dvariable address used is 3999296 out of 50000000
DEBUG: Total gradient stack used is 419273 out of 10000000
DEBUG: Total dvariable address used is 2087 out of 150000
DEBUG: Total dvariable address used is 3999296 out of 50000000
DEBUG: Total gradient stack used is 419273 out of 10000000
DEBUG: Total dvariable address used is 2087 out of 150000
DEBUG: Total dvariable address used is 3999296 out of 50000000
DEBUG: Total gradient stack used is 419273 out of 10000000
DEBUG: Total dvariable address used is 2087 out of 150000
DEBUG: Total dvariable address used is 3999296 out of 50000000
DEBUG: Total gradient stack used is 419273 out of 10000000
DEBUG: Total dvariable address used is 2087 out of 150000
DEBUG: Total dvariable address used is 3999296 out of 50000000
DEBUG: Total gradient stack used is 419273 out of 10000000
DEBUG: Total dvariable address used is 2087 out of 150000
DEBUG: Total dvariable address used is 3999296 out of 50000000
DEBUG: Total gradient stack used is 419273 out of 10000000
DEBUG: Total dvariable address used is 2087 out of 150000
DEBUG: Total dvariable address used is 3999296 out of 50000000
DEBUG: Total gradient stack used is 419273 out of 10000000
DEBUG: Total dvariable address used is 2087 out of 150000
DEBUG: Total dvariable address used is 3999296 out of 50000000
DEBUG: Total gradient stack used is 419273 out of 10000000
DEBUG: Total dvariable address used is 2087 out of 150000
DEBUG: Total dvariable address used is 3999296 out of 50000000
DEBUG: Total gradient stack used is 419273 out of 10000000
DEBUG: Total dvariable address used is 2087 out of 150000
DEBUG: Total dvariable address used is 3999296 out of 50000000
DEBUG: Total gradient stack used is 419273 out of 10000000
DEBUG: Total dvariable address used is 2087 out of 150000
DEBUG: Total dvariable address used is 3999296 out of 50000000
DEBUG: Total gradient stack used is 419273 out of 10000000
DEBUG: Total dvariable address used is 2087 out of 150000
DEBUG: Total dvariable address used is 3999296 out of 50000000
DEBUG: Total gradient stack used is 419273 out of 10000000
DEBUG: Total dvariable address used is 2087 out of 150000
DEBUG: Total dvariable address used is 3999296 out of 50000000
DEBUG: Total gradient stack used is 419273 out of 10000000
DEBUG: Total dvariable address used is 2087 out of 150000
DEBUG: Total dvariable address used is 3999296 out of 50000000
DEBUG: Total gradient stack used is 419273 out of 10000000
DEBUG: Total dvariable address used is 2087 out of 150000
DEBUG: Total dvariable address used is 3999296 out of 50000000
DEBUG: Total gradient stack used is 419273 out of 10000000
DEBUG: Total dvariable address used is 2087 out of 150000
DEBUG: Total dvariable address used is 3999296 out of 50000000
DEBUG: Total gradient stack used is 419273 out of 10000000
DEBUG: Total dvariable address used is 2087 out of 150000
DEBUG: Total dvariable address used is 3999296 out of 50000000
DEBUG: Total gradient stack used is 419273 out of 10000000
DEBUG: Total dvariable address used is 2087 out of 150000
DEBUG: Total dvariable address used is 3999296 out of 50000000
DEBUG: Total gradient stack used is 419273 out of 10000000
DEBUG: Total dvariable address used is 2087 out of 150000
DEBUG: Total dvariable address used is 3999296 out of 50000000
phase= 3 | nvar=393 | iter=220 | nll=-2.36e+04 | mag=3.54e-02 | par[281]=log_fdov[1][18]
DEBUG: Total gradient stack used is 419273 out of 10000000
DEBUG: Total dvariable address used is 2087 out of 150000
DEBUG: Total dvariable address used is 3999296 out of 50000000
DEBUG: Total gradient stack used is 419273 out of 10000000
DEBUG: Total dvariable address used is 2087 out of 150000
DEBUG: Total dvariable address used is 3999296 out of 50000000
DEBUG: Total gradient stack used is 419273 out of 10000000
DEBUG: Total dvariable address used is 2087 out of 150000
DEBUG: Total dvariable address used is 3999296 out of 50000000
DEBUG: Total gradient stack used is 419273 out of 10000000
DEBUG: Total dvariable address used is 2087 out of 150000
DEBUG: Total dvariable address used is 3999296 out of 50000000
DEBUG: Total gradient stack used is 419273 out of 10000000
DEBUG: Total dvariable address used is 2087 out of 150000
DEBUG: Total dvariable address used is 3999296 out of 50000000
DEBUG: Total gradient stack used is 419273 out of 10000000
DEBUG: Total dvariable address used is 2087 out of 150000
DEBUG: Total dvariable address used is 3999296 out of 50000000
DEBUG: Total gradient stack used is 419273 out of 10000000
DEBUG: Total dvariable address used is 2087 out of 150000
DEBUG: Total dvariable address used is 3999296 out of 50000000
DEBUG: Total gradient stack used is 419273 out of 10000000
DEBUG: Total dvariable address used is 2087 out of 150000
DEBUG: Total dvariable address used is 3999296 out of 50000000
DEBUG: Total gradient stack used is 419273 out of 10000000
DEBUG: Total dvariable address used is 2087 out of 150000
DEBUG: Total dvariable address used is 3999296 out of 50000000
DEBUG: Total gradient stack used is 419273 out of 10000000
DEBUG: Total dvariable address used is 2087 out of 150000
DEBUG: Total dvariable address used is 3999296 out of 50000000
DEBUG: Total gradient stack used is 419273 out of 10000000
DEBUG: Total dvariable address used is 2087 out of 150000
DEBUG: Total dvariable address used is 3999296 out of 50000000
DEBUG: Total gradient stack used is 419273 out of 10000000
DEBUG: Total dvariable address used is 2087 out of 150000
DEBUG: Total dvariable address used is 3999296 out of 50000000
DEBUG: Total gradient stack used is 419273 out of 10000000
DEBUG: Total dvariable address used is 2087 out of 150000
DEBUG: Total dvariable address used is 3999296 out of 50000000
DEBUG: Total gradient stack used is 419273 out of 10000000
DEBUG: Total dvariable address used is 2087 out of 150000
DEBUG: Total dvariable address used is 3999296 out of 50000000
DEBUG: Total gradient stack used is 419273 out of 10000000
DEBUG: Total dvariable address used is 2087 out of 150000
DEBUG: Total dvariable address used is 3999296 out of 50000000
DEBUG: Total gradient stack used is 419273 out of 10000000
DEBUG: Total dvariable address used is 2087 out of 150000
DEBUG: Total dvariable address used is 3999296 out of 50000000
DEBUG: Total gradient stack used is 419273 out of 10000000
DEBUG: Total dvariable address used is 2087 out of 150000
DEBUG: Total dvariable address used is 3999296 out of 50000000
DEBUG: Total gradient stack used is 419273 out of 10000000
DEBUG: Total dvariable address used is 2087 out of 150000
DEBUG: Total dvariable address used is 3999296 out of 50000000
DEBUG: Total gradient stack used is 419273 out of 10000000
DEBUG: Total dvariable address used is 2087 out of 150000
DEBUG: Total dvariable address used is 3999296 out of 50000000
DEBUG: Total gradient stack used is 419273 out of 10000000
DEBUG: Total dvariable address used is 2087 out of 150000
DEBUG: Total dvariable address used is 3999296 out of 50000000
DEBUG: Total gradient stack used is 419273 out of 10000000
DEBUG: Total dvariable address used is 2087 out of 150000
DEBUG: Total dvariable address used is 3999296 out of 50000000
DEBUG: Total gradient stack used is 419273 out of 10000000
DEBUG: Total dvariable address used is 2087 out of 150000
DEBUG: Total dvariable address used is 3999296 out of 50000000
phase= 3 | nvar=393 | iter=240 | nll=-2.36e+04 | mag=2.93e-02 | par[281]=log_fdov[1][18]
DEBUG: Total gradient stack used is 419273 out of 10000000
DEBUG: Total dvariable address used is 2087 out of 150000
DEBUG: Total dvariable address used is 3999296 out of 50000000
DEBUG: Total gradient stack used is 419273 out of 10000000
DEBUG: Total dvariable address used is 2087 out of 150000
DEBUG: Total dvariable address used is 3999296 out of 50000000
DEBUG: Total gradient stack used is 419273 out of 10000000
DEBUG: Total dvariable address used is 2087 out of 150000
DEBUG: Total dvariable address used is 3999296 out of 50000000
DEBUG: Total gradient stack used is 419273 out of 10000000
DEBUG: Total dvariable address used is 2087 out of 150000
DEBUG: Total dvariable address used is 3999296 out of 50000000
DEBUG: Total gradient stack used is 419273 out of 10000000
DEBUG: Total dvariable address used is 2087 out of 150000
DEBUG: Total dvariable address used is 3999296 out of 50000000
DEBUG: Total gradient stack used is 419273 out of 10000000
DEBUG: Total dvariable address used is 2087 out of 150000
DEBUG: Total dvariable address used is 3999296 out of 50000000
DEBUG: Total gradient stack used is 419273 out of 10000000
DEBUG: Total dvariable address used is 2087 out of 150000
DEBUG: Total dvariable address used is 3999296 out of 50000000
DEBUG: Total gradient stack used is 419273 out of 10000000
DEBUG: Total dvariable address used is 2087 out of 150000
DEBUG: Total dvariable address used is 3999296 out of 50000000
DEBUG: Total gradient stack used is 419273 out of 10000000
DEBUG: Total dvariable address used is 2087 out of 150000
DEBUG: Total dvariable address used is 3999296 out of 50000000
DEBUG: Total gradient stack used is 419273 out of 10000000
DEBUG: Total dvariable address used is 2087 out of 150000
DEBUG: Total dvariable address used is 3999296 out of 50000000
DEBUG: Total gradient stack used is 419273 out of 10000000
DEBUG: Total dvariable address used is 2087 out of 150000
DEBUG: Total dvariable address used is 3999296 out of 50000000
DEBUG: Total gradient stack used is 419273 out of 10000000
DEBUG: Total dvariable address used is 2087 out of 150000
DEBUG: Total dvariable address used is 3999296 out of 50000000
DEBUG: Total gradient stack used is 419273 out of 10000000
DEBUG: Total dvariable address used is 2087 out of 150000
DEBUG: Total dvariable address used is 3999296 out of 50000000
DEBUG: Total gradient stack used is 419273 out of 10000000
DEBUG: Total dvariable address used is 2087 out of 150000
DEBUG: Total dvariable address used is 3999296 out of 50000000
DEBUG: Total gradient stack used is 419273 out of 10000000
DEBUG: Total dvariable address used is 2087 out of 150000
DEBUG: Total dvariable address used is 3999296 out of 50000000
DEBUG: Total gradient stack used is 419273 out of 10000000
DEBUG: Total dvariable address used is 2087 out of 150000
DEBUG: Total dvariable address used is 3999296 out of 50000000
DEBUG: Total gradient stack used is 419273 out of 10000000
DEBUG: Total dvariable address used is 2087 out of 150000
DEBUG: Total dvariable address used is 3999296 out of 50000000
DEBUG: Total gradient stack used is 419273 out of 10000000
DEBUG: Total dvariable address used is 2087 out of 150000
DEBUG: Total dvariable address used is 3999296 out of 50000000
DEBUG: Total gradient stack used is 419273 out of 10000000
DEBUG: Total dvariable address used is 2087 out of 150000
DEBUG: Total dvariable address used is 3999296 out of 50000000
DEBUG: Total gradient stack used is 419273 out of 10000000
DEBUG: Total dvariable address used is 2087 out of 150000
DEBUG: Total dvariable address used is 3999296 out of 50000000
phase= 3 | nvar=393 | iter=260 | nll=-2.36e+04 | mag=1.41e-02 | par[301]=log_fdov[1][38]
DEBUG: Total gradient stack used is 419273 out of 10000000
DEBUG: Total dvariable address used is 2087 out of 150000
DEBUG: Total dvariable address used is 3999296 out of 50000000
DEBUG: Total gradient stack used is 419273 out of 10000000
DEBUG: Total dvariable address used is 2087 out of 150000
DEBUG: Total dvariable address used is 3999296 out of 50000000
DEBUG: Total gradient stack used is 419273 out of 10000000
DEBUG: Total dvariable address used is 2087 out of 150000
DEBUG: Total dvariable address used is 3999296 out of 50000000
DEBUG: Total gradient stack used is 419273 out of 10000000
DEBUG: Total dvariable address used is 2087 out of 150000
DEBUG: Total dvariable address used is 3999296 out of 50000000
DEBUG: Total gradient stack used is 419273 out of 10000000
DEBUG: Total dvariable address used is 2087 out of 150000
DEBUG: Total dvariable address used is 3999296 out of 50000000
DEBUG: Total gradient stack used is 419273 out of 10000000
DEBUG: Total dvariable address used is 2087 out of 150000
DEBUG: Total dvariable address used is 3999296 out of 50000000
DEBUG: Total gradient stack used is 419273 out of 10000000
DEBUG: Total dvariable address used is 2087 out of 150000
DEBUG: Total dvariable address used is 3999296 out of 50000000
DEBUG: Total gradient stack used is 419273 out of 10000000
DEBUG: Total dvariable address used is 2087 out of 150000
DEBUG: Total dvariable address used is 3999296 out of 50000000
DEBUG: Total gradient stack used is 419273 out of 10000000
DEBUG: Total dvariable address used is 2087 out of 150000
DEBUG: Total dvariable address used is 3999296 out of 50000000
DEBUG: Total gradient stack used is 419273 out of 10000000
DEBUG: Total dvariable address used is 2087 out of 150000
DEBUG: Total dvariable address used is 3999296 out of 50000000
DEBUG: Total gradient stack used is 419273 out of 10000000
DEBUG: Total dvariable address used is 2087 out of 150000
DEBUG: Total dvariable address used is 3999296 out of 50000000
DEBUG: Total gradient stack used is 419273 out of 10000000
DEBUG: Total dvariable address used is 2087 out of 150000
DEBUG: Total dvariable address used is 3999296 out of 50000000
DEBUG: Total gradient stack used is 419273 out of 10000000
DEBUG: Total dvariable address used is 2087 out of 150000
DEBUG: Total dvariable address used is 3999296 out of 50000000
DEBUG: Total gradient stack used is 419273 out of 10000000
DEBUG: Total dvariable address used is 2087 out of 150000
DEBUG: Total dvariable address used is 3999296 out of 50000000
DEBUG: Total gradient stack used is 419273 out of 10000000
DEBUG: Total dvariable address used is 2087 out of 150000
DEBUG: Total dvariable address used is 3999296 out of 50000000
DEBUG: Total gradient stack used is 419273 out of 10000000
DEBUG: Total dvariable address used is 2087 out of 150000
DEBUG: Total dvariable address used is 3999296 out of 50000000
DEBUG: Total gradient stack used is 419273 out of 10000000
DEBUG: Total dvariable address used is 2087 out of 150000
DEBUG: Total dvariable address used is 3999296 out of 50000000
DEBUG: Total gradient stack used is 419273 out of 10000000
DEBUG: Total dvariable address used is 2087 out of 150000
DEBUG: Total dvariable address used is 3999296 out of 50000000
DEBUG: Total gradient stack used is 419273 out of 10000000
DEBUG: Total dvariable address used is 2087 out of 150000
DEBUG: Total dvariable address used is 3999296 out of 50000000
DEBUG: Total gradient stack used is 419273 out of 10000000
DEBUG: Total dvariable address used is 2087 out of 150000
DEBUG: Total dvariable address used is 3999296 out of 50000000
DEBUG: Total gradient stack used is 419273 out of 10000000
DEBUG: Total dvariable address used is 2087 out of 150000
DEBUG: Total dvariable address used is 3999296 out of 50000000
DEBUG: Total gradient stack used is 419273 out of 10000000
DEBUG: Total dvariable address used is 2087 out of 150000
DEBUG: Total dvariable address used is 3999296 out of 50000000
DEBUG: Total gradient stack used is 419273 out of 10000000
DEBUG: Total dvariable address used is 2087 out of 150000
DEBUG: Total dvariable address used is 3999296 out of 50000000
DEBUG: Total gradient stack used is 419273 out of 10000000
DEBUG: Total dvariable address used is 2087 out of 150000
DEBUG: Total dvariable address used is 3999296 out of 50000000
DEBUG: Total gradient stack used is 419273 out of 10000000
DEBUG: Total dvariable address used is 2087 out of 150000
DEBUG: Total dvariable address used is 3999296 out of 50000000
DEBUG: Total gradient stack used is 419273 out of 10000000
DEBUG: Total dvariable address used is 2087 out of 150000
DEBUG: Total dvariable address used is 3999296 out of 50000000
DEBUG: Total gradient stack used is 419273 out of 10000000
DEBUG: Total dvariable address used is 2087 out of 150000
DEBUG: Total dvariable address used is 3999296 out of 50000000
DEBUG: Total gradient stack used is 419273 out of 10000000
DEBUG: Total dvariable address used is 2087 out of 150000
DEBUG: Total dvariable address used is 3999296 out of 50000000
DEBUG: Total gradient stack used is 419273 out of 10000000
DEBUG: Total dvariable address used is 2087 out of 150000
DEBUG: Total dvariable address used is 3999296 out of 50000000
DEBUG: Total gradient stack used is 419273 out of 10000000
DEBUG: Total dvariable address used is 2087 out of 150000
DEBUG: Total dvariable address used is 3999296 out of 50000000
DEBUG: Total gradient stack used is 419273 out of 10000000
DEBUG: Total dvariable address used is 2087 out of 150000
DEBUG: Total dvariable address used is 3999296 out of 50000000
DEBUG: Total gradient stack used is 419273 out of 10000000
DEBUG: Total dvariable address used is 2087 out of 150000
DEBUG: Total dvariable address used is 3999296 out of 50000000
DEBUG: Total gradient stack used is 419273 out of 10000000
DEBUG: Total dvariable address used is 2087 out of 150000
DEBUG: Total dvariable address used is 3999296 out of 50000000
DEBUG: Total gradient stack used is 419273 out of 10000000
DEBUG: Total dvariable address used is 2087 out of 150000
DEBUG: Total dvariable address used is 3999296 out of 50000000
DEBUG: Total gradient stack used is 419273 out of 10000000
DEBUG: Total dvariable address used is 2087 out of 150000
DEBUG: Total dvariable address used is 3999296 out of 50000000
DEBUG: Total gradient stack used is 419273 out of 10000000
DEBUG: Total dvariable address used is 2087 out of 150000
DEBUG: Total dvariable address used is 3999296 out of 50000000
DEBUG: Total gradient stack used is 419273 out of 10000000
DEBUG: Total dvariable address used is 2087 out of 150000
DEBUG: Total dvariable address used is 3999296 out of 50000000
DEBUG: Total gradient stack used is 419273 out of 10000000
DEBUG: Total dvariable address used is 2087 out of 150000
DEBUG: Total dvariable address used is 3999296 out of 50000000
DEBUG: Total gradient stack used is 419273 out of 10000000
DEBUG: Total dvariable address used is 2087 out of 150000
DEBUG: Total dvariable address used is 3999296 out of 50000000
DEBUG: Total gradient stack used is 419273 out of 10000000
DEBUG: Total dvariable address used is 2087 out of 150000
DEBUG: Total dvariable address used is 3999296 out of 50000000
DEBUG: Total gradient stack used is 419273 out of 10000000
DEBUG: Total dvariable address used is 2087 out of 150000
DEBUG: Total dvariable address used is 3999296 out of 50000000
DEBUG: Total gradient stack used is 419273 out of 10000000
DEBUG: Total dvariable address used is 2087 out of 150000
DEBUG: Total dvariable address used is 3999296 out of 50000000
DEBUG: Total gradient stack used is 419273 out of 10000000
DEBUG: Total dvariable address used is 2087 out of 150000
DEBUG: Total dvariable address used is 3999296 out of 50000000
phase= 3 | nvar=393 | iter=270 | nll=-2.36e+04 | mag=1.27e-02 | par[301]=log_fdov[1][38]
DEBUG: Total gradient stack used is 0 out of 10000000
DEBUG: Total dvariable address used is 2087 out of 150000
DEBUG: Total dvariable address used is 3999296 out of 50000000
Starting REPORT_SECTION
+--------------------------+
| Beginning report section |
+--------------------------+
Finished WriteFiles
REPORT_SECTION: finished CreateOutput
REPORT_SECTION: finished save_gradients
Finished REPORT_SECTION

#--BETWEEN_PHASES_SECTION---------------------
#----Starting phase 4 of 4
Finished BETWEEN_PHASES_SECTION
----------------------------------------------
DEBUG: Total gradient stack used is 419722 out of 10000000
DEBUG: Total dvariable address used is 2087 out of 150000
DEBUG: Total dvariable address used is 3999296 out of 50000000
phase= 4 | nvar=412 | iter=  0 | nll=-2.35e+04 | mag=3.69e+02 | par[192]=S_pars_est[95]
DEBUG: Total gradient stack used is 419722 out of 10000000
DEBUG: Total dvariable address used is 2087 out of 150000
DEBUG: Total dvariable address used is 3999296 out of 50000000
DEBUG: Total gradient stack used is 419722 out of 10000000
DEBUG: Total dvariable address used is 2087 out of 150000
DEBUG: Total dvariable address used is 3999296 out of 50000000
DEBUG: Total gradient stack used is 419722 out of 10000000
DEBUG: Total dvariable address used is 2087 out of 150000
DEBUG: Total dvariable address used is 3999296 out of 50000000
DEBUG: Total gradient stack used is 419722 out of 10000000
DEBUG: Total dvariable address used is 2087 out of 150000
DEBUG: Total dvariable address used is 3999296 out of 50000000
DEBUG: Total gradient stack used is 419722 out of 10000000
DEBUG: Total dvariable address used is 2087 out of 150000
DEBUG: Total dvariable address used is 3999296 out of 50000000
DEBUG: Total gradient stack used is 419719 out of 10000000
DEBUG: Total dvariable address used is 2087 out of 150000
DEBUG: Total dvariable address used is 3999296 out of 50000000
DEBUG: Total gradient stack used is 419719 out of 10000000
DEBUG: Total dvariable address used is 2087 out of 150000
DEBUG: Total dvariable address used is 3999296 out of 50000000
DEBUG: Total gradient stack used is 419719 out of 10000000
DEBUG: Total dvariable address used is 2087 out of 150000
DEBUG: Total dvariable address used is 3999296 out of 50000000
DEBUG: Total gradient stack used is 419719 out of 10000000
DEBUG: Total dvariable address used is 2087 out of 150000
DEBUG: Total dvariable address used is 3999296 out of 50000000
DEBUG: Total gradient stack used is 419722 out of 10000000
DEBUG: Total dvariable address used is 2087 out of 150000
DEBUG: Total dvariable address used is 3999296 out of 50000000
DEBUG: Total gradient stack used is 419722 out of 10000000
DEBUG: Total dvariable address used is 2087 out of 150000
DEBUG: Total dvariable address used is 3999296 out of 50000000
DEBUG: Total gradient stack used is 419719 out of 10000000
DEBUG: Total dvariable address used is 2087 out of 150000
DEBUG: Total dvariable address used is 3999296 out of 50000000
DEBUG: Total gradient stack used is 419719 out of 10000000
DEBUG: Total dvariable address used is 2087 out of 150000
DEBUG: Total dvariable address used is 3999296 out of 50000000
DEBUG: Total gradient stack used is 419719 out of 10000000
DEBUG: Total dvariable address used is 2087 out of 150000
DEBUG: Total dvariable address used is 3999296 out of 50000000
DEBUG: Total gradient stack used is 419719 out of 10000000
DEBUG: Total dvariable address used is 2087 out of 150000
DEBUG: Total dvariable address used is 3999296 out of 50000000
DEBUG: Total gradient stack used is 419719 out of 10000000
DEBUG: Total dvariable address used is 2087 out of 150000
DEBUG: Total dvariable address used is 3999296 out of 50000000
DEBUG: Total gradient stack used is 419719 out of 10000000
DEBUG: Total dvariable address used is 2087 out of 150000
DEBUG: Total dvariable address used is 3999296 out of 50000000
DEBUG: Total gradient stack used is 419719 out of 10000000
DEBUG: Total dvariable address used is 2087 out of 150000
DEBUG: Total dvariable address used is 3999296 out of 50000000
DEBUG: Total gradient stack used is 419722 out of 10000000
DEBUG: Total dvariable address used is 2087 out of 150000
DEBUG: Total dvariable address used is 3999296 out of 50000000
DEBUG: Total gradient stack used is 419722 out of 10000000
DEBUG: Total dvariable address used is 2087 out of 150000
DEBUG: Total dvariable address used is 3999296 out of 50000000
DEBUG: Total gradient stack used is 419722 out of 10000000
DEBUG: Total dvariable address used is 2087 out of 150000
DEBUG: Total dvariable address used is 3999296 out of 50000000
DEBUG: Total gradient stack used is 419719 out of 10000000
DEBUG: Total dvariable address used is 2087 out of 150000
DEBUG: Total dvariable address used is 3999296 out of 50000000
DEBUG: Total gradient stack used is 419719 out of 10000000
DEBUG: Total dvariable address used is 2087 out of 150000
DEBUG: Total dvariable address used is 3999296 out of 50000000
phase= 4 | nvar=412 | iter= 20 | nll=-2.35e+04 | mag=1.00e+02 | par[371]=logit_rec_prop_est[3]
DEBUG: Total gradient stack used is 419719 out of 10000000
DEBUG: Total dvariable address used is 2087 out of 150000
DEBUG: Total dvariable address used is 3999296 out of 50000000
DEBUG: Total gradient stack used is 419722 out of 10000000
DEBUG: Total dvariable address used is 2087 out of 150000
DEBUG: Total dvariable address used is 3999296 out of 50000000
DEBUG: Total gradient stack used is 419736 out of 10000000
DEBUG: Total dvariable address used is 2087 out of 150000
DEBUG: Total dvariable address used is 3999296 out of 50000000
DEBUG: Total gradient stack used is 419722 out of 10000000
DEBUG: Total dvariable address used is 2087 out of 150000
DEBUG: Total dvariable address used is 3999296 out of 50000000
DEBUG: Total gradient stack used is 419722 out of 10000000
DEBUG: Total dvariable address used is 2087 out of 150000
DEBUG: Total dvariable address used is 3999296 out of 50000000
DEBUG: Total gradient stack used is 419736 out of 10000000
DEBUG: Total dvariable address used is 2087 out of 150000
DEBUG: Total dvariable address used is 3999296 out of 50000000
DEBUG: Total gradient stack used is 419722 out of 10000000
DEBUG: Total dvariable address used is 2087 out of 150000
DEBUG: Total dvariable address used is 3999296 out of 50000000
DEBUG: Total gradient stack used is 419722 out of 10000000
DEBUG: Total dvariable address used is 2087 out of 150000
DEBUG: Total dvariable address used is 3999296 out of 50000000
DEBUG: Total gradient stack used is 419722 out of 10000000
DEBUG: Total dvariable address used is 2087 out of 150000
DEBUG: Total dvariable address used is 3999296 out of 50000000
DEBUG: Total gradient stack used is 419722 out of 10000000
DEBUG: Total dvariable address used is 2087 out of 150000
DEBUG: Total dvariable address used is 3999296 out of 50000000
DEBUG: Total gradient stack used is 419722 out of 10000000
DEBUG: Total dvariable address used is 2087 out of 150000
DEBUG: Total dvariable address used is 3999296 out of 50000000
DEBUG: Total gradient stack used is 419722 out of 10000000
DEBUG: Total dvariable address used is 2087 out of 150000
DEBUG: Total dvariable address used is 3999296 out of 50000000
DEBUG: Total gradient stack used is 419722 out of 10000000
DEBUG: Total dvariable address used is 2087 out of 150000
DEBUG: Total dvariable address used is 3999296 out of 50000000
DEBUG: Total gradient stack used is 419722 out of 10000000
DEBUG: Total dvariable address used is 2087 out of 150000
DEBUG: Total dvariable address used is 3999296 out of 50000000
DEBUG: Total gradient stack used is 419722 out of 10000000
DEBUG: Total dvariable address used is 2087 out of 150000
DEBUG: Total dvariable address used is 3999296 out of 50000000
DEBUG: Total gradient stack used is 419722 out of 10000000
DEBUG: Total dvariable address used is 2087 out of 150000
DEBUG: Total dvariable address used is 3999296 out of 50000000
DEBUG: Total gradient stack used is 419722 out of 10000000
DEBUG: Total dvariable address used is 2087 out of 150000
DEBUG: Total dvariable address used is 3999296 out of 50000000
DEBUG: Total gradient stack used is 419722 out of 10000000
DEBUG: Total dvariable address used is 2087 out of 150000
DEBUG: Total dvariable address used is 3999296 out of 50000000
DEBUG: Total gradient stack used is 419722 out of 10000000
DEBUG: Total dvariable address used is 2087 out of 150000
DEBUG: Total dvariable address used is 3999296 out of 50000000
DEBUG: Total gradient stack used is 419722 out of 10000000
DEBUG: Total dvariable address used is 2087 out of 150000
DEBUG: Total dvariable address used is 3999296 out of 50000000
phase= 4 | nvar=412 | iter= 40 | nll=-2.35e+04 | mag=1.08e+02 | par[372]=logit_rec_prop_est[4]
DEBUG: Total gradient stack used is 419722 out of 10000000
DEBUG: Total dvariable address used is 2087 out of 150000
DEBUG: Total dvariable address used is 3999296 out of 50000000
DEBUG: Total gradient stack used is 419722 out of 10000000
DEBUG: Total dvariable address used is 2087 out of 150000
DEBUG: Total dvariable address used is 3999296 out of 50000000
DEBUG: Total gradient stack used is 419736 out of 10000000
DEBUG: Total dvariable address used is 2087 out of 150000
DEBUG: Total dvariable address used is 3999296 out of 50000000
DEBUG: Total gradient stack used is 419736 out of 10000000
DEBUG: Total dvariable address used is 2087 out of 150000
DEBUG: Total dvariable address used is 3999296 out of 50000000
DEBUG: Total gradient stack used is 419736 out of 10000000
DEBUG: Total dvariable address used is 2087 out of 150000
DEBUG: Total dvariable address used is 3999296 out of 50000000
DEBUG: Total gradient stack used is 419736 out of 10000000
DEBUG: Total dvariable address used is 2087 out of 150000
DEBUG: Total dvariable address used is 3999296 out of 50000000
DEBUG: Total gradient stack used is 419736 out of 10000000
DEBUG: Total dvariable address used is 2087 out of 150000
DEBUG: Total dvariable address used is 3999296 out of 50000000
DEBUG: Total gradient stack used is 419736 out of 10000000
DEBUG: Total dvariable address used is 2087 out of 150000
DEBUG: Total dvariable address used is 3999296 out of 50000000
DEBUG: Total gradient stack used is 419736 out of 10000000
DEBUG: Total dvariable address used is 2087 out of 150000
DEBUG: Total dvariable address used is 3999296 out of 50000000
DEBUG: Total gradient stack used is 419736 out of 10000000
DEBUG: Total dvariable address used is 2087 out of 150000
DEBUG: Total dvariable address used is 3999296 out of 50000000
DEBUG: Total gradient stack used is 419736 out of 10000000
DEBUG: Total dvariable address used is 2087 out of 150000
DEBUG: Total dvariable address used is 3999296 out of 50000000
DEBUG: Total gradient stack used is 419736 out of 10000000
DEBUG: Total dvariable address used is 2087 out of 150000
DEBUG: Total dvariable address used is 3999296 out of 50000000
DEBUG: Total gradient stack used is 419736 out of 10000000
DEBUG: Total dvariable address used is 2087 out of 150000
DEBUG: Total dvariable address used is 3999296 out of 50000000
DEBUG: Total gradient stack used is 419736 out of 10000000
DEBUG: Total dvariable address used is 2087 out of 150000
DEBUG: Total dvariable address used is 3999296 out of 50000000
DEBUG: Total gradient stack used is 419736 out of 10000000
DEBUG: Total dvariable address used is 2087 out of 150000
DEBUG: Total dvariable address used is 3999296 out of 50000000
DEBUG: Total gradient stack used is 419736 out of 10000000
DEBUG: Total dvariable address used is 2087 out of 150000
DEBUG: Total dvariable address used is 3999296 out of 50000000
DEBUG: Total gradient stack used is 419736 out of 10000000
DEBUG: Total dvariable address used is 2087 out of 150000
DEBUG: Total dvariable address used is 3999296 out of 50000000
DEBUG: Total gradient stack used is 419736 out of 10000000
DEBUG: Total dvariable address used is 2087 out of 150000
DEBUG: Total dvariable address used is 3999296 out of 50000000
DEBUG: Total gradient stack used is 419736 out of 10000000
DEBUG: Total dvariable address used is 2087 out of 150000
DEBUG: Total dvariable address used is 3999296 out of 50000000
DEBUG: Total gradient stack used is 419736 out of 10000000
DEBUG: Total dvariable address used is 2087 out of 150000
DEBUG: Total dvariable address used is 3999296 out of 50000000
phase= 4 | nvar=412 | iter= 60 | nll=-2.35e+04 | mag=1.07e+02 | par[372]=logit_rec_prop_est[4]
DEBUG: Total gradient stack used is 419736 out of 10000000
DEBUG: Total dvariable address used is 2087 out of 150000
DEBUG: Total dvariable address used is 3999296 out of 50000000
DEBUG: Total gradient stack used is 419736 out of 10000000
DEBUG: Total dvariable address used is 2087 out of 150000
DEBUG: Total dvariable address used is 3999296 out of 50000000
DEBUG: Total gradient stack used is 419736 out of 10000000
DEBUG: Total dvariable address used is 2087 out of 150000
DEBUG: Total dvariable address used is 3999296 out of 50000000
DEBUG: Total gradient stack used is 419736 out of 10000000
DEBUG: Total dvariable address used is 2087 out of 150000
DEBUG: Total dvariable address used is 3999296 out of 50000000
DEBUG: Total gradient stack used is 419736 out of 10000000
DEBUG: Total dvariable address used is 2087 out of 150000
DEBUG: Total dvariable address used is 3999296 out of 50000000
DEBUG: Total gradient stack used is 419736 out of 10000000
DEBUG: Total dvariable address used is 2087 out of 150000
DEBUG: Total dvariable address used is 3999296 out of 50000000
DEBUG: Total gradient stack used is 419736 out of 10000000
DEBUG: Total dvariable address used is 2087 out of 150000
DEBUG: Total dvariable address used is 3999296 out of 50000000
DEBUG: Total gradient stack used is 419736 out of 10000000
DEBUG: Total dvariable address used is 2087 out of 150000
DEBUG: Total dvariable address used is 3999296 out of 50000000
DEBUG: Total gradient stack used is 419736 out of 10000000
DEBUG: Total dvariable address used is 2087 out of 150000
DEBUG: Total dvariable address used is 3999296 out of 50000000
DEBUG: Total gradient stack used is 419736 out of 10000000
DEBUG: Total dvariable address used is 2087 out of 150000
DEBUG: Total dvariable address used is 3999296 out of 50000000
DEBUG: Total gradient stack used is 419722 out of 10000000
DEBUG: Total dvariable address used is 2087 out of 150000
DEBUG: Total dvariable address used is 3999296 out of 50000000
DEBUG: Total gradient stack used is 419722 out of 10000000
DEBUG: Total dvariable address used is 2087 out of 150000
DEBUG: Total dvariable address used is 3999296 out of 50000000
DEBUG: Total gradient stack used is 419722 out of 10000000
DEBUG: Total dvariable address used is 2087 out of 150000
DEBUG: Total dvariable address used is 3999296 out of 50000000
DEBUG: Total gradient stack used is 419722 out of 10000000
DEBUG: Total dvariable address used is 2087 out of 150000
DEBUG: Total dvariable address used is 3999296 out of 50000000
DEBUG: Total gradient stack used is 419722 out of 10000000
DEBUG: Total dvariable address used is 2087 out of 150000
DEBUG: Total dvariable address used is 3999296 out of 50000000
DEBUG: Total gradient stack used is 419722 out of 10000000
DEBUG: Total dvariable address used is 2087 out of 150000
DEBUG: Total dvariable address used is 3999296 out of 50000000
DEBUG: Total gradient stack used is 419719 out of 10000000
DEBUG: Total dvariable address used is 2087 out of 150000
DEBUG: Total dvariable address used is 3999296 out of 50000000
DEBUG: Total gradient stack used is 419722 out of 10000000
DEBUG: Total dvariable address used is 2087 out of 150000
DEBUG: Total dvariable address used is 3999296 out of 50000000
DEBUG: Total gradient stack used is 419722 out of 10000000
DEBUG: Total dvariable address used is 2087 out of 150000
DEBUG: Total dvariable address used is 3999296 out of 50000000
DEBUG: Total gradient stack used is 419719 out of 10000000
DEBUG: Total dvariable address used is 2087 out of 150000
DEBUG: Total dvariable address used is 3999296 out of 50000000
phase= 4 | nvar=412 | iter= 80 | nll=-2.35e+04 | mag=1.67e+02 | par[  1]=T_pars_est[3]
DEBUG: Total gradient stack used is 419719 out of 10000000
DEBUG: Total dvariable address used is 2087 out of 150000
DEBUG: Total dvariable address used is 3999296 out of 50000000
DEBUG: Total gradient stack used is 419719 out of 10000000
DEBUG: Total dvariable address used is 2087 out of 150000
DEBUG: Total dvariable address used is 3999296 out of 50000000
DEBUG: Total gradient stack used is 419719 out of 10000000
DEBUG: Total dvariable address used is 2087 out of 150000
DEBUG: Total dvariable address used is 3999296 out of 50000000
DEBUG: Total gradient stack used is 419719 out of 10000000
DEBUG: Total dvariable address used is 2087 out of 150000
DEBUG: Total dvariable address used is 3999296 out of 50000000
DEBUG: Total gradient stack used is 419719 out of 10000000
DEBUG: Total dvariable address used is 2087 out of 150000
DEBUG: Total dvariable address used is 3999296 out of 50000000
DEBUG: Total gradient stack used is 419719 out of 10000000
DEBUG: Total dvariable address used is 2087 out of 150000
DEBUG: Total dvariable address used is 3999296 out of 50000000
DEBUG: Total gradient stack used is 419719 out of 10000000
DEBUG: Total dvariable address used is 2087 out of 150000
DEBUG: Total dvariable address used is 3999296 out of 50000000
DEBUG: Total gradient stack used is 419719 out of 10000000
DEBUG: Total dvariable address used is 2087 out of 150000
DEBUG: Total dvariable address used is 3999296 out of 50000000
DEBUG: Total gradient stack used is 419719 out of 10000000
DEBUG: Total dvariable address used is 2087 out of 150000
DEBUG: Total dvariable address used is 3999296 out of 50000000
DEBUG: Total gradient stack used is 419719 out of 10000000
DEBUG: Total dvariable address used is 2087 out of 150000
DEBUG: Total dvariable address used is 3999296 out of 50000000
DEBUG: Total gradient stack used is 419719 out of 10000000
DEBUG: Total dvariable address used is 2087 out of 150000
DEBUG: Total dvariable address used is 3999296 out of 50000000
DEBUG: Total gradient stack used is 419719 out of 10000000
DEBUG: Total dvariable address used is 2087 out of 150000
DEBUG: Total dvariable address used is 3999296 out of 50000000
DEBUG: Total gradient stack used is 419719 out of 10000000
DEBUG: Total dvariable address used is 2087 out of 150000
DEBUG: Total dvariable address used is 3999296 out of 50000000
DEBUG: Total gradient stack used is 419719 out of 10000000
DEBUG: Total dvariable address used is 2087 out of 150000
DEBUG: Total dvariable address used is 3999296 out of 50000000
DEBUG: Total gradient stack used is 419719 out of 10000000
DEBUG: Total dvariable address used is 2087 out of 150000
DEBUG: Total dvariable address used is 3999296 out of 50000000
DEBUG: Total gradient stack used is 419719 out of 10000000
DEBUG: Total dvariable address used is 2087 out of 150000
DEBUG: Total dvariable address used is 3999296 out of 50000000
DEBUG: Total gradient stack used is 419719 out of 10000000
DEBUG: Total dvariable address used is 2087 out of 150000
DEBUG: Total dvariable address used is 3999296 out of 50000000
DEBUG: Total gradient stack used is 419719 out of 10000000
DEBUG: Total dvariable address used is 2087 out of 150000
DEBUG: Total dvariable address used is 3999296 out of 50000000
DEBUG: Total gradient stack used is 419719 out of 10000000
DEBUG: Total dvariable address used is 2087 out of 150000
DEBUG: Total dvariable address used is 3999296 out of 50000000
DEBUG: Total gradient stack used is 419719 out of 10000000
DEBUG: Total dvariable address used is 2087 out of 150000
DEBUG: Total dvariable address used is 3999296 out of 50000000
phase= 4 | nvar=412 | iter=100 | nll=-2.35e+04 | mag=1.91e+02 | par[  1]=T_pars_est[3]
DEBUG: Total gradient stack used is 419719 out of 10000000
DEBUG: Total dvariable address used is 2087 out of 150000
DEBUG: Total dvariable address used is 3999296 out of 50000000
DEBUG: Total gradient stack used is 419719 out of 10000000
DEBUG: Total dvariable address used is 2087 out of 150000
DEBUG: Total dvariable address used is 3999296 out of 50000000
DEBUG: Total gradient stack used is 419719 out of 10000000
DEBUG: Total dvariable address used is 2087 out of 150000
DEBUG: Total dvariable address used is 3999296 out of 50000000
DEBUG: Total gradient stack used is 419719 out of 10000000
DEBUG: Total dvariable address used is 2087 out of 150000
DEBUG: Total dvariable address used is 3999296 out of 50000000
DEBUG: Total gradient stack used is 419719 out of 10000000
DEBUG: Total dvariable address used is 2087 out of 150000
DEBUG: Total dvariable address used is 3999296 out of 50000000
DEBUG: Total gradient stack used is 419733 out of 10000000
DEBUG: Total dvariable address used is 2087 out of 150000
DEBUG: Total dvariable address used is 3999296 out of 50000000
DEBUG: Total gradient stack used is 419733 out of 10000000
DEBUG: Total dvariable address used is 2087 out of 150000
DEBUG: Total dvariable address used is 3999296 out of 50000000
DEBUG: Total gradient stack used is 419733 out of 10000000
DEBUG: Total dvariable address used is 2087 out of 150000
DEBUG: Total dvariable address used is 3999296 out of 50000000
DEBUG: Total gradient stack used is 419733 out of 10000000
DEBUG: Total dvariable address used is 2087 out of 150000
DEBUG: Total dvariable address used is 3999296 out of 50000000
DEBUG: Total gradient stack used is 419733 out of 10000000
DEBUG: Total dvariable address used is 2087 out of 150000
DEBUG: Total dvariable address used is 3999296 out of 50000000
DEBUG: Total gradient stack used is 419733 out of 10000000
DEBUG: Total dvariable address used is 2087 out of 150000
DEBUG: Total dvariable address used is 3999296 out of 50000000
DEBUG: Total gradient stack used is 419733 out of 10000000
DEBUG: Total dvariable address used is 2087 out of 150000
DEBUG: Total dvariable address used is 3999296 out of 50000000
DEBUG: Total gradient stack used is 419733 out of 10000000
DEBUG: Total dvariable address used is 2087 out of 150000
DEBUG: Total dvariable address used is 3999296 out of 50000000
DEBUG: Total gradient stack used is 419733 out of 10000000
DEBUG: Total dvariable address used is 2087 out of 150000
DEBUG: Total dvariable address used is 3999296 out of 50000000
DEBUG: Total gradient stack used is 419733 out of 10000000
DEBUG: Total dvariable address used is 2087 out of 150000
DEBUG: Total dvariable address used is 3999296 out of 50000000
DEBUG: Total gradient stack used is 419733 out of 10000000
DEBUG: Total dvariable address used is 2087 out of 150000
DEBUG: Total dvariable address used is 3999296 out of 50000000
DEBUG: Total gradient stack used is 419733 out of 10000000
DEBUG: Total dvariable address used is 2087 out of 150000
DEBUG: Total dvariable address used is 3999296 out of 50000000
DEBUG: Total gradient stack used is 419733 out of 10000000
DEBUG: Total dvariable address used is 2087 out of 150000
DEBUG: Total dvariable address used is 3999296 out of 50000000
DEBUG: Total gradient stack used is 419733 out of 10000000
DEBUG: Total dvariable address used is 2087 out of 150000
DEBUG: Total dvariable address used is 3999296 out of 50000000
DEBUG: Total gradient stack used is 419733 out of 10000000
DEBUG: Total dvariable address used is 2087 out of 150000
DEBUG: Total dvariable address used is 3999296 out of 50000000
phase= 4 | nvar=412 | iter=120 | nll=-2.35e+04 | mag=2.05e+02 | par[  1]=T_pars_est[3]
DEBUG: Total gradient stack used is 419733 out of 10000000
DEBUG: Total dvariable address used is 2087 out of 150000
DEBUG: Total dvariable address used is 3999296 out of 50000000
DEBUG: Total gradient stack used is 419733 out of 10000000
DEBUG: Total dvariable address used is 2087 out of 150000
DEBUG: Total dvariable address used is 3999296 out of 50000000
DEBUG: Total gradient stack used is 419733 out of 10000000
DEBUG: Total dvariable address used is 2087 out of 150000
DEBUG: Total dvariable address used is 3999296 out of 50000000
DEBUG: Total gradient stack used is 419733 out of 10000000
DEBUG: Total dvariable address used is 2087 out of 150000
DEBUG: Total dvariable address used is 3999296 out of 50000000
DEBUG: Total gradient stack used is 419733 out of 10000000
DEBUG: Total dvariable address used is 2087 out of 150000
DEBUG: Total dvariable address used is 3999296 out of 50000000
DEBUG: Total gradient stack used is 419733 out of 10000000
DEBUG: Total dvariable address used is 2087 out of 150000
DEBUG: Total dvariable address used is 3999296 out of 50000000
DEBUG: Total gradient stack used is 419733 out of 10000000
DEBUG: Total dvariable address used is 2087 out of 150000
DEBUG: Total dvariable address used is 3999296 out of 50000000
DEBUG: Total gradient stack used is 419733 out of 10000000
DEBUG: Total dvariable address used is 2087 out of 150000
DEBUG: Total dvariable address used is 3999296 out of 50000000
DEBUG: Total gradient stack used is 419733 out of 10000000
DEBUG: Total dvariable address used is 2087 out of 150000
DEBUG: Total dvariable address used is 3999296 out of 50000000
DEBUG: Total gradient stack used is 419733 out of 10000000
DEBUG: Total dvariable address used is 2087 out of 150000
DEBUG: Total dvariable address used is 3999296 out of 50000000
DEBUG: Total gradient stack used is 419733 out of 10000000
DEBUG: Total dvariable address used is 2087 out of 150000
DEBUG: Total dvariable address used is 3999296 out of 50000000
DEBUG: Total gradient stack used is 419733 out of 10000000
DEBUG: Total dvariable address used is 2087 out of 150000
DEBUG: Total dvariable address used is 3999296 out of 50000000
DEBUG: Total gradient stack used is 419733 out of 10000000
DEBUG: Total dvariable address used is 2087 out of 150000
DEBUG: Total dvariable address used is 3999296 out of 50000000
DEBUG: Total gradient stack used is 419733 out of 10000000
DEBUG: Total dvariable address used is 2087 out of 150000
DEBUG: Total dvariable address used is 3999296 out of 50000000
DEBUG: Total gradient stack used is 419733 out of 10000000
DEBUG: Total dvariable address used is 2087 out of 150000
DEBUG: Total dvariable address used is 3999296 out of 50000000
DEBUG: Total gradient stack used is 419733 out of 10000000
DEBUG: Total dvariable address used is 2087 out of 150000
DEBUG: Total dvariable address used is 3999296 out of 50000000
DEBUG: Total gradient stack used is 419733 out of 10000000
DEBUG: Total dvariable address used is 2087 out of 150000
DEBUG: Total dvariable address used is 3999296 out of 50000000
DEBUG: Total gradient stack used is 419733 out of 10000000
DEBUG: Total dvariable address used is 2087 out of 150000
DEBUG: Total dvariable address used is 3999296 out of 50000000
DEBUG: Total gradient stack used is 419733 out of 10000000
DEBUG: Total dvariable address used is 2087 out of 150000
DEBUG: Total dvariable address used is 3999296 out of 50000000
DEBUG: Total gradient stack used is 419733 out of 10000000
DEBUG: Total dvariable address used is 2087 out of 150000
DEBUG: Total dvariable address used is 3999296 out of 50000000
phase= 4 | nvar=412 | iter=140 | nll=-2.35e+04 | mag=2.36e+02 | par[  1]=T_pars_est[3]
DEBUG: Total gradient stack used is 419733 out of 10000000
DEBUG: Total dvariable address used is 2087 out of 150000
DEBUG: Total dvariable address used is 3999296 out of 50000000
DEBUG: Total gradient stack used is 419733 out of 10000000
DEBUG: Total dvariable address used is 2087 out of 150000
DEBUG: Total dvariable address used is 3999296 out of 50000000
DEBUG: Total gradient stack used is 419733 out of 10000000
DEBUG: Total dvariable address used is 2087 out of 150000
DEBUG: Total dvariable address used is 3999296 out of 50000000
DEBUG: Total gradient stack used is 419733 out of 10000000
DEBUG: Total dvariable address used is 2087 out of 150000
DEBUG: Total dvariable address used is 3999296 out of 50000000
DEBUG: Total gradient stack used is 419733 out of 10000000
DEBUG: Total dvariable address used is 2087 out of 150000
DEBUG: Total dvariable address used is 3999296 out of 50000000
DEBUG: Total gradient stack used is 419733 out of 10000000
DEBUG: Total dvariable address used is 2087 out of 150000
DEBUG: Total dvariable address used is 3999296 out of 50000000
DEBUG: Total gradient stack used is 419733 out of 10000000
DEBUG: Total dvariable address used is 2087 out of 150000
DEBUG: Total dvariable address used is 3999296 out of 50000000
DEBUG: Total gradient stack used is 419733 out of 10000000
DEBUG: Total dvariable address used is 2087 out of 150000
DEBUG: Total dvariable address used is 3999296 out of 50000000
DEBUG: Total gradient stack used is 419733 out of 10000000
DEBUG: Total dvariable address used is 2087 out of 150000
DEBUG: Total dvariable address used is 3999296 out of 50000000
DEBUG: Total gradient stack used is 419733 out of 10000000
DEBUG: Total dvariable address used is 2087 out of 150000
DEBUG: Total dvariable address used is 3999296 out of 50000000
DEBUG: Total gradient stack used is 419733 out of 10000000
DEBUG: Total dvariable address used is 2087 out of 150000
DEBUG: Total dvariable address used is 3999296 out of 50000000
DEBUG: Total gradient stack used is 419733 out of 10000000
DEBUG: Total dvariable address used is 2087 out of 150000
DEBUG: Total dvariable address used is 3999296 out of 50000000
DEBUG: Total gradient stack used is 419733 out of 10000000
DEBUG: Total dvariable address used is 2087 out of 150000
DEBUG: Total dvariable address used is 3999296 out of 50000000
DEBUG: Total gradient stack used is 419733 out of 10000000
DEBUG: Total dvariable address used is 2087 out of 150000
DEBUG: Total dvariable address used is 3999296 out of 50000000
DEBUG: Total gradient stack used is 419733 out of 10000000
DEBUG: Total dvariable address used is 2087 out of 150000
DEBUG: Total dvariable address used is 3999296 out of 50000000
DEBUG: Total gradient stack used is 419733 out of 10000000
DEBUG: Total dvariable address used is 2087 out of 150000
DEBUG: Total dvariable address used is 3999296 out of 50000000
DEBUG: Total gradient stack used is 419733 out of 10000000
DEBUG: Total dvariable address used is 2087 out of 150000
DEBUG: Total dvariable address used is 3999296 out of 50000000
DEBUG: Total gradient stack used is 419733 out of 10000000
DEBUG: Total dvariable address used is 2087 out of 150000
DEBUG: Total dvariable address used is 3999296 out of 50000000
DEBUG: Total gradient stack used is 419733 out of 10000000
DEBUG: Total dvariable address used is 2087 out of 150000
DEBUG: Total dvariable address used is 3999296 out of 50000000
DEBUG: Total gradient stack used is 419733 out of 10000000
DEBUG: Total dvariable address used is 2087 out of 150000
DEBUG: Total dvariable address used is 3999296 out of 50000000
phase= 4 | nvar=412 | iter=160 | nll=-2.35e+04 | mag=2.64e+02 | par[  1]=T_pars_est[3]
DEBUG: Total gradient stack used is 419733 out of 10000000
DEBUG: Total dvariable address used is 2087 out of 150000
DEBUG: Total dvariable address used is 3999296 out of 50000000
DEBUG: Total gradient stack used is 419733 out of 10000000
DEBUG: Total dvariable address used is 2087 out of 150000
DEBUG: Total dvariable address used is 3999296 out of 50000000
DEBUG: Total gradient stack used is 419733 out of 10000000
DEBUG: Total dvariable address used is 2087 out of 150000
DEBUG: Total dvariable address used is 3999296 out of 50000000
DEBUG: Total gradient stack used is 419733 out of 10000000
DEBUG: Total dvariable address used is 2087 out of 150000
DEBUG: Total dvariable address used is 3999296 out of 50000000
DEBUG: Total gradient stack used is 419733 out of 10000000
DEBUG: Total dvariable address used is 2087 out of 150000
DEBUG: Total dvariable address used is 3999296 out of 50000000
DEBUG: Total gradient stack used is 419733 out of 10000000
DEBUG: Total dvariable address used is 2087 out of 150000
DEBUG: Total dvariable address used is 3999296 out of 50000000
DEBUG: Total gradient stack used is 419733 out of 10000000
DEBUG: Total dvariable address used is 2087 out of 150000
DEBUG: Total dvariable address used is 3999296 out of 50000000
DEBUG: Total gradient stack used is 419733 out of 10000000
DEBUG: Total dvariable address used is 2087 out of 150000
DEBUG: Total dvariable address used is 3999296 out of 50000000
DEBUG: Total gradient stack used is 419733 out of 10000000
DEBUG: Total dvariable address used is 2087 out of 150000
DEBUG: Total dvariable address used is 3999296 out of 50000000
DEBUG: Total gradient stack used is 419733 out of 10000000
DEBUG: Total dvariable address used is 2087 out of 150000
DEBUG: Total dvariable address used is 3999296 out of 50000000
DEBUG: Total gradient stack used is 419733 out of 10000000
DEBUG: Total dvariable address used is 2087 out of 150000
DEBUG: Total dvariable address used is 3999296 out of 50000000
DEBUG: Total gradient stack used is 419733 out of 10000000
DEBUG: Total dvariable address used is 2087 out of 150000
DEBUG: Total dvariable address used is 3999296 out of 50000000
DEBUG: Total gradient stack used is 419733 out of 10000000
DEBUG: Total dvariable address used is 2087 out of 150000
DEBUG: Total dvariable address used is 3999296 out of 50000000
DEBUG: Total gradient stack used is 419733 out of 10000000
DEBUG: Total dvariable address used is 2087 out of 150000
DEBUG: Total dvariable address used is 3999296 out of 50000000
DEBUG: Total gradient stack used is 419733 out of 10000000
DEBUG: Total dvariable address used is 2087 out of 150000
DEBUG: Total dvariable address used is 3999296 out of 50000000
DEBUG: Total gradient stack used is 419733 out of 10000000
DEBUG: Total dvariable address used is 2087 out of 150000
DEBUG: Total dvariable address used is 3999296 out of 50000000
DEBUG: Total gradient stack used is 419733 out of 10000000
DEBUG: Total dvariable address used is 2087 out of 150000
DEBUG: Total dvariable address used is 3999296 out of 50000000
DEBUG: Total gradient stack used is 419733 out of 10000000
DEBUG: Total dvariable address used is 2087 out of 150000
DEBUG: Total dvariable address used is 3999296 out of 50000000
DEBUG: Total gradient stack used is 419733 out of 10000000
DEBUG: Total dvariable address used is 2087 out of 150000
DEBUG: Total dvariable address used is 3999296 out of 50000000
DEBUG: Total gradient stack used is 419733 out of 10000000
DEBUG: Total dvariable address used is 2087 out of 150000
DEBUG: Total dvariable address used is 3999296 out of 50000000
phase= 4 | nvar=412 | iter=180 | nll=-2.35e+04 | mag=1.17e+02 | par[  1]=T_pars_est[3]
DEBUG: Total gradient stack used is 419733 out of 10000000
DEBUG: Total dvariable address used is 2087 out of 150000
DEBUG: Total dvariable address used is 3999296 out of 50000000
DEBUG: Total gradient stack used is 419733 out of 10000000
DEBUG: Total dvariable address used is 2087 out of 150000
DEBUG: Total dvariable address used is 3999296 out of 50000000
DEBUG: Total gradient stack used is 419733 out of 10000000
DEBUG: Total dvariable address used is 2087 out of 150000
DEBUG: Total dvariable address used is 3999296 out of 50000000
DEBUG: Total gradient stack used is 419733 out of 10000000
DEBUG: Total dvariable address used is 2087 out of 150000
DEBUG: Total dvariable address used is 3999296 out of 50000000
DEBUG: Total gradient stack used is 419733 out of 10000000
DEBUG: Total dvariable address used is 2087 out of 150000
DEBUG: Total dvariable address used is 3999296 out of 50000000
DEBUG: Total gradient stack used is 419719 out of 10000000
DEBUG: Total dvariable address used is 2087 out of 150000
DEBUG: Total dvariable address used is 3999296 out of 50000000
DEBUG: Total gradient stack used is 419719 out of 10000000
DEBUG: Total dvariable address used is 2087 out of 150000
DEBUG: Total dvariable address used is 3999296 out of 50000000
DEBUG: Total gradient stack used is 419719 out of 10000000
DEBUG: Total dvariable address used is 2087 out of 150000
DEBUG: Total dvariable address used is 3999296 out of 50000000
DEBUG: Total gradient stack used is 419719 out of 10000000
DEBUG: Total dvariable address used is 2087 out of 150000
DEBUG: Total dvariable address used is 3999296 out of 50000000
DEBUG: Total gradient stack used is 419719 out of 10000000
DEBUG: Total dvariable address used is 2087 out of 150000
DEBUG: Total dvariable address used is 3999296 out of 50000000
DEBUG: Total gradient stack used is 419719 out of 10000000
DEBUG: Total dvariable address used is 2087 out of 150000
DEBUG: Total dvariable address used is 3999296 out of 50000000
DEBUG: Total gradient stack used is 419719 out of 10000000
DEBUG: Total dvariable address used is 2087 out of 150000
DEBUG: Total dvariable address used is 3999296 out of 50000000
DEBUG: Total gradient stack used is 419719 out of 10000000
DEBUG: Total dvariable address used is 2087 out of 150000
DEBUG: Total dvariable address used is 3999296 out of 50000000
DEBUG: Total gradient stack used is 419719 out of 10000000
DEBUG: Total dvariable address used is 2087 out of 150000
DEBUG: Total dvariable address used is 3999296 out of 50000000
DEBUG: Total gradient stack used is 419719 out of 10000000
DEBUG: Total dvariable address used is 2087 out of 150000
DEBUG: Total dvariable address used is 3999296 out of 50000000
DEBUG: Total gradient stack used is 419719 out of 10000000
DEBUG: Total dvariable address used is 2087 out of 150000
DEBUG: Total dvariable address used is 3999296 out of 50000000
DEBUG: Total gradient stack used is 419719 out of 10000000
DEBUG: Total dvariable address used is 2087 out of 150000
DEBUG: Total dvariable address used is 3999296 out of 50000000
DEBUG: Total gradient stack used is 419719 out of 10000000
DEBUG: Total dvariable address used is 2087 out of 150000
DEBUG: Total dvariable address used is 3999296 out of 50000000
DEBUG: Total gradient stack used is 419719 out of 10000000
DEBUG: Total dvariable address used is 2087 out of 150000
DEBUG: Total dvariable address used is 3999296 out of 50000000
DEBUG: Total gradient stack used is 419719 out of 10000000
DEBUG: Total dvariable address used is 2087 out of 150000
DEBUG: Total dvariable address used is 3999296 out of 50000000
phase= 4 | nvar=412 | iter=200 | nll=-2.35e+04 | mag=3.62e+01 | par[  1]=T_pars_est[3]
DEBUG: Total gradient stack used is 419719 out of 10000000
DEBUG: Total dvariable address used is 2087 out of 150000
DEBUG: Total dvariable address used is 3999296 out of 50000000
DEBUG: Total gradient stack used is 419719 out of 10000000
DEBUG: Total dvariable address used is 2087 out of 150000
DEBUG: Total dvariable address used is 3999296 out of 50000000
DEBUG: Total gradient stack used is 419719 out of 10000000
DEBUG: Total dvariable address used is 2087 out of 150000
DEBUG: Total dvariable address used is 3999296 out of 50000000
DEBUG: Total gradient stack used is 419719 out of 10000000
DEBUG: Total dvariable address used is 2087 out of 150000
DEBUG: Total dvariable address used is 3999296 out of 50000000
DEBUG: Total gradient stack used is 419719 out of 10000000
DEBUG: Total dvariable address used is 2087 out of 150000
DEBUG: Total dvariable address used is 3999296 out of 50000000
DEBUG: Total gradient stack used is 419719 out of 10000000
DEBUG: Total dvariable address used is 2087 out of 150000
DEBUG: Total dvariable address used is 3999296 out of 50000000
DEBUG: Total gradient stack used is 419719 out of 10000000
DEBUG: Total dvariable address used is 2087 out of 150000
DEBUG: Total dvariable address used is 3999296 out of 50000000
DEBUG: Total gradient stack used is 419719 out of 10000000
DEBUG: Total dvariable address used is 2087 out of 150000
DEBUG: Total dvariable address used is 3999296 out of 50000000
DEBUG: Total gradient stack used is 419719 out of 10000000
DEBUG: Total dvariable address used is 2087 out of 150000
DEBUG: Total dvariable address used is 3999296 out of 50000000
DEBUG: Total gradient stack used is 419719 out of 10000000
DEBUG: Total dvariable address used is 2087 out of 150000
DEBUG: Total dvariable address used is 3999296 out of 50000000
DEBUG: Total gradient stack used is 419719 out of 10000000
DEBUG: Total dvariable address used is 2087 out of 150000
DEBUG: Total dvariable address used is 3999296 out of 50000000
DEBUG: Total gradient stack used is 419719 out of 10000000
DEBUG: Total dvariable address used is 2087 out of 150000
DEBUG: Total dvariable address used is 3999296 out of 50000000
DEBUG: Total gradient stack used is 419719 out of 10000000
DEBUG: Total dvariable address used is 2087 out of 150000
DEBUG: Total dvariable address used is 3999296 out of 50000000
DEBUG: Total gradient stack used is 419719 out of 10000000
DEBUG: Total dvariable address used is 2087 out of 150000
DEBUG: Total dvariable address used is 3999296 out of 50000000
DEBUG: Total gradient stack used is 419719 out of 10000000
DEBUG: Total dvariable address used is 2087 out of 150000
DEBUG: Total dvariable address used is 3999296 out of 50000000
DEBUG: Total gradient stack used is 419719 out of 10000000
DEBUG: Total dvariable address used is 2087 out of 150000
DEBUG: Total dvariable address used is 3999296 out of 50000000
DEBUG: Total gradient stack used is 419719 out of 10000000
DEBUG: Total dvariable address used is 2087 out of 150000
DEBUG: Total dvariable address used is 3999296 out of 50000000
DEBUG: Total gradient stack used is 419719 out of 10000000
DEBUG: Total dvariable address used is 2087 out of 150000
DEBUG: Total dvariable address used is 3999296 out of 50000000
DEBUG: Total gradient stack used is 419719 out of 10000000
DEBUG: Total dvariable address used is 2087 out of 150000
DEBUG: Total dvariable address used is 3999296 out of 50000000
DEBUG: Total gradient stack used is 419719 out of 10000000
DEBUG: Total dvariable address used is 2087 out of 150000
DEBUG: Total dvariable address used is 3999296 out of 50000000
phase= 4 | nvar=412 | iter=220 | nll=-2.35e+04 | mag=1.74e+01 | par[  1]=T_pars_est[3]
DEBUG: Total gradient stack used is 419719 out of 10000000
DEBUG: Total dvariable address used is 2087 out of 150000
DEBUG: Total dvariable address used is 3999296 out of 50000000
DEBUG: Total gradient stack used is 419719 out of 10000000
DEBUG: Total dvariable address used is 2087 out of 150000
DEBUG: Total dvariable address used is 3999296 out of 50000000
DEBUG: Total gradient stack used is 419719 out of 10000000
DEBUG: Total dvariable address used is 2087 out of 150000
DEBUG: Total dvariable address used is 3999296 out of 50000000
DEBUG: Total gradient stack used is 419719 out of 10000000
DEBUG: Total dvariable address used is 2087 out of 150000
DEBUG: Total dvariable address used is 3999296 out of 50000000
DEBUG: Total gradient stack used is 419719 out of 10000000
DEBUG: Total dvariable address used is 2087 out of 150000
DEBUG: Total dvariable address used is 3999296 out of 50000000
DEBUG: Total gradient stack used is 419719 out of 10000000
DEBUG: Total dvariable address used is 2087 out of 150000
DEBUG: Total dvariable address used is 3999296 out of 50000000
DEBUG: Total gradient stack used is 419719 out of 10000000
DEBUG: Total dvariable address used is 2087 out of 150000
DEBUG: Total dvariable address used is 3999296 out of 50000000
DEBUG: Total gradient stack used is 419719 out of 10000000
DEBUG: Total dvariable address used is 2087 out of 150000
DEBUG: Total dvariable address used is 3999296 out of 50000000
DEBUG: Total gradient stack used is 419719 out of 10000000
DEBUG: Total dvariable address used is 2087 out of 150000
DEBUG: Total dvariable address used is 3999296 out of 50000000
DEBUG: Total gradient stack used is 419719 out of 10000000
DEBUG: Total dvariable address used is 2087 out of 150000
DEBUG: Total dvariable address used is 3999296 out of 50000000
DEBUG: Total gradient stack used is 419719 out of 10000000
DEBUG: Total dvariable address used is 2087 out of 150000
DEBUG: Total dvariable address used is 3999296 out of 50000000
DEBUG: Total gradient stack used is 419719 out of 10000000
DEBUG: Total dvariable address used is 2087 out of 150000
DEBUG: Total dvariable address used is 3999296 out of 50000000
DEBUG: Total gradient stack used is 419719 out of 10000000
DEBUG: Total dvariable address used is 2087 out of 150000
DEBUG: Total dvariable address used is 3999296 out of 50000000
DEBUG: Total gradient stack used is 419719 out of 10000000
DEBUG: Total dvariable address used is 2087 out of 150000
DEBUG: Total dvariable address used is 3999296 out of 50000000
DEBUG: Total gradient stack used is 419719 out of 10000000
DEBUG: Total dvariable address used is 2087 out of 150000
DEBUG: Total dvariable address used is 3999296 out of 50000000
DEBUG: Total gradient stack used is 419719 out of 10000000
DEBUG: Total dvariable address used is 2087 out of 150000
DEBUG: Total dvariable address used is 3999296 out of 50000000
DEBUG: Total gradient stack used is 419719 out of 10000000
DEBUG: Total dvariable address used is 2087 out of 150000
DEBUG: Total dvariable address used is 3999296 out of 50000000
DEBUG: Total gradient stack used is 419719 out of 10000000
DEBUG: Total dvariable address used is 2087 out of 150000
DEBUG: Total dvariable address used is 3999296 out of 50000000
DEBUG: Total gradient stack used is 419719 out of 10000000
DEBUG: Total dvariable address used is 2087 out of 150000
DEBUG: Total dvariable address used is 3999296 out of 50000000
DEBUG: Total gradient stack used is 419719 out of 10000000
DEBUG: Total dvariable address used is 2087 out of 150000
DEBUG: Total dvariable address used is 3999296 out of 50000000
phase= 4 | nvar=412 | iter=240 | nll=-2.35e+04 | mag=1.82e+01 | par[  1]=T_pars_est[3]
DEBUG: Total gradient stack used is 419719 out of 10000000
DEBUG: Total dvariable address used is 2087 out of 150000
DEBUG: Total dvariable address used is 3999296 out of 50000000
DEBUG: Total gradient stack used is 419719 out of 10000000
DEBUG: Total dvariable address used is 2087 out of 150000
DEBUG: Total dvariable address used is 3999296 out of 50000000
DEBUG: Total gradient stack used is 419719 out of 10000000
DEBUG: Total dvariable address used is 2087 out of 150000
DEBUG: Total dvariable address used is 3999296 out of 50000000
DEBUG: Total gradient stack used is 419719 out of 10000000
DEBUG: Total dvariable address used is 2087 out of 150000
DEBUG: Total dvariable address used is 3999296 out of 50000000
DEBUG: Total gradient stack used is 419719 out of 10000000
DEBUG: Total dvariable address used is 2087 out of 150000
DEBUG: Total dvariable address used is 3999296 out of 50000000
DEBUG: Total gradient stack used is 419719 out of 10000000
DEBUG: Total dvariable address used is 2087 out of 150000
DEBUG: Total dvariable address used is 3999296 out of 50000000
DEBUG: Total gradient stack used is 419719 out of 10000000
DEBUG: Total dvariable address used is 2087 out of 150000
DEBUG: Total dvariable address used is 3999296 out of 50000000
DEBUG: Total gradient stack used is 419719 out of 10000000
DEBUG: Total dvariable address used is 2087 out of 150000
DEBUG: Total dvariable address used is 3999296 out of 50000000
DEBUG: Total gradient stack used is 419719 out of 10000000
DEBUG: Total dvariable address used is 2087 out of 150000
DEBUG: Total dvariable address used is 3999296 out of 50000000
DEBUG: Total gradient stack used is 419719 out of 10000000
DEBUG: Total dvariable address used is 2087 out of 150000
DEBUG: Total dvariable address used is 3999296 out of 50000000
DEBUG: Total gradient stack used is 419719 out of 10000000
DEBUG: Total dvariable address used is 2087 out of 150000
DEBUG: Total dvariable address used is 3999296 out of 50000000
DEBUG: Total gradient stack used is 419719 out of 10000000
DEBUG: Total dvariable address used is 2087 out of 150000
DEBUG: Total dvariable address used is 3999296 out of 50000000
DEBUG: Total gradient stack used is 419719 out of 10000000
DEBUG: Total dvariable address used is 2087 out of 150000
DEBUG: Total dvariable address used is 3999296 out of 50000000
DEBUG: Total gradient stack used is 419719 out of 10000000
DEBUG: Total dvariable address used is 2087 out of 150000
DEBUG: Total dvariable address used is 3999296 out of 50000000
DEBUG: Total gradient stack used is 419719 out of 10000000
DEBUG: Total dvariable address used is 2087 out of 150000
DEBUG: Total dvariable address used is 3999296 out of 50000000
DEBUG: Total gradient stack used is 419719 out of 10000000
DEBUG: Total dvariable address used is 2087 out of 150000
DEBUG: Total dvariable address used is 3999296 out of 50000000
DEBUG: Total gradient stack used is 419719 out of 10000000
DEBUG: Total dvariable address used is 2087 out of 150000
DEBUG: Total dvariable address used is 3999296 out of 50000000
DEBUG: Total gradient stack used is 419719 out of 10000000
DEBUG: Total dvariable address used is 2087 out of 150000
DEBUG: Total dvariable address used is 3999296 out of 50000000
DEBUG: Total gradient stack used is 419719 out of 10000000
DEBUG: Total dvariable address used is 2087 out of 150000
DEBUG: Total dvariable address used is 3999296 out of 50000000
DEBUG: Total gradient stack used is 419719 out of 10000000
DEBUG: Total dvariable address used is 2087 out of 150000
DEBUG: Total dvariable address used is 3999296 out of 50000000
phase= 4 | nvar=412 | iter=260 | nll=-2.35e+04 | mag=1.79e+01 | par[  1]=T_pars_est[3]
DEBUG: Total gradient stack used is 419719 out of 10000000
DEBUG: Total dvariable address used is 2087 out of 150000
DEBUG: Total dvariable address used is 3999296 out of 50000000
DEBUG: Total gradient stack used is 419719 out of 10000000
DEBUG: Total dvariable address used is 2087 out of 150000
DEBUG: Total dvariable address used is 3999296 out of 50000000
DEBUG: Total gradient stack used is 419719 out of 10000000
DEBUG: Total dvariable address used is 2087 out of 150000
DEBUG: Total dvariable address used is 3999296 out of 50000000
DEBUG: Total gradient stack used is 419719 out of 10000000
DEBUG: Total dvariable address used is 2087 out of 150000
DEBUG: Total dvariable address used is 3999296 out of 50000000
DEBUG: Total gradient stack used is 419719 out of 10000000
DEBUG: Total dvariable address used is 2087 out of 150000
DEBUG: Total dvariable address used is 3999296 out of 50000000
DEBUG: Total gradient stack used is 419719 out of 10000000
DEBUG: Total dvariable address used is 2087 out of 150000
DEBUG: Total dvariable address used is 3999296 out of 50000000
DEBUG: Total gradient stack used is 419719 out of 10000000
DEBUG: Total dvariable address used is 2087 out of 150000
DEBUG: Total dvariable address used is 3999296 out of 50000000
DEBUG: Total gradient stack used is 419719 out of 10000000
DEBUG: Total dvariable address used is 2087 out of 150000
DEBUG: Total dvariable address used is 3999296 out of 50000000
DEBUG: Total gradient stack used is 419719 out of 10000000
DEBUG: Total dvariable address used is 2087 out of 150000
DEBUG: Total dvariable address used is 3999296 out of 50000000
DEBUG: Total gradient stack used is 419719 out of 10000000
DEBUG: Total dvariable address used is 2087 out of 150000
DEBUG: Total dvariable address used is 3999296 out of 50000000
DEBUG: Total gradient stack used is 419719 out of 10000000
DEBUG: Total dvariable address used is 2087 out of 150000
DEBUG: Total dvariable address used is 3999296 out of 50000000
DEBUG: Total gradient stack used is 419719 out of 10000000
DEBUG: Total dvariable address used is 2087 out of 150000
DEBUG: Total dvariable address used is 3999296 out of 50000000
DEBUG: Total gradient stack used is 419719 out of 10000000
DEBUG: Total dvariable address used is 2087 out of 150000
DEBUG: Total dvariable address used is 3999296 out of 50000000
DEBUG: Total gradient stack used is 419719 out of 10000000
DEBUG: Total dvariable address used is 2087 out of 150000
DEBUG: Total dvariable address used is 3999296 out of 50000000
DEBUG: Total gradient stack used is 419719 out of 10000000
DEBUG: Total dvariable address used is 2087 out of 150000
DEBUG: Total dvariable address used is 3999296 out of 50000000
DEBUG: Total gradient stack used is 419719 out of 10000000
DEBUG: Total dvariable address used is 2087 out of 150000
DEBUG: Total dvariable address used is 3999296 out of 50000000
DEBUG: Total gradient stack used is 419719 out of 10000000
DEBUG: Total dvariable address used is 2087 out of 150000
DEBUG: Total dvariable address used is 3999296 out of 50000000
DEBUG: Total gradient stack used is 419719 out of 10000000
DEBUG: Total dvariable address used is 2087 out of 150000
DEBUG: Total dvariable address used is 3999296 out of 50000000
DEBUG: Total gradient stack used is 419719 out of 10000000
DEBUG: Total dvariable address used is 2087 out of 150000
DEBUG: Total dvariable address used is 3999296 out of 50000000
DEBUG: Total gradient stack used is 419719 out of 10000000
DEBUG: Total dvariable address used is 2087 out of 150000
DEBUG: Total dvariable address used is 3999296 out of 50000000
DEBUG: Total gradient stack used is 419719 out of 10000000
DEBUG: Total dvariable address used is 2087 out of 150000
DEBUG: Total dvariable address used is 3999296 out of 50000000
DEBUG: Total gradient stack used is 419719 out of 10000000
DEBUG: Total dvariable address used is 2087 out of 150000
DEBUG: Total dvariable address used is 3999296 out of 50000000
phase= 4 | nvar=412 | iter=280 | nll=-2.35e+04 | mag=1.85e+01 | par[  1]=T_pars_est[3]
DEBUG: Total gradient stack used is 419719 out of 10000000
DEBUG: Total dvariable address used is 2087 out of 150000
DEBUG: Total dvariable address used is 3999296 out of 50000000
DEBUG: Total gradient stack used is 419719 out of 10000000
DEBUG: Total dvariable address used is 2087 out of 150000
DEBUG: Total dvariable address used is 3999296 out of 50000000
DEBUG: Total gradient stack used is 419719 out of 10000000
DEBUG: Total dvariable address used is 2087 out of 150000
DEBUG: Total dvariable address used is 3999296 out of 50000000
DEBUG: Total gradient stack used is 419719 out of 10000000
DEBUG: Total dvariable address used is 2087 out of 150000
DEBUG: Total dvariable address used is 3999296 out of 50000000
DEBUG: Total gradient stack used is 419719 out of 10000000
DEBUG: Total dvariable address used is 2087 out of 150000
DEBUG: Total dvariable address used is 3999296 out of 50000000
DEBUG: Total gradient stack used is 419719 out of 10000000
DEBUG: Total dvariable address used is 2087 out of 150000
DEBUG: Total dvariable address used is 3999296 out of 50000000
DEBUG: Total gradient stack used is 419719 out of 10000000
DEBUG: Total dvariable address used is 2087 out of 150000
DEBUG: Total dvariable address used is 3999296 out of 50000000
DEBUG: Total gradient stack used is 419719 out of 10000000
DEBUG: Total dvariable address used is 2087 out of 150000
DEBUG: Total dvariable address used is 3999296 out of 50000000
DEBUG: Total gradient stack used is 419719 out of 10000000
DEBUG: Total dvariable address used is 2087 out of 150000
DEBUG: Total dvariable address used is 3999296 out of 50000000
DEBUG: Total gradient stack used is 419719 out of 10000000
DEBUG: Total dvariable address used is 2087 out of 150000
DEBUG: Total dvariable address used is 3999296 out of 50000000
DEBUG: Total gradient stack used is 419719 out of 10000000
DEBUG: Total dvariable address used is 2087 out of 150000
DEBUG: Total dvariable address used is 3999296 out of 50000000
DEBUG: Total gradient stack used is 419719 out of 10000000
DEBUG: Total dvariable address used is 2087 out of 150000
DEBUG: Total dvariable address used is 3999296 out of 50000000
DEBUG: Total gradient stack used is 419719 out of 10000000
DEBUG: Total dvariable address used is 2087 out of 150000
DEBUG: Total dvariable address used is 3999296 out of 50000000
DEBUG: Total gradient stack used is 419719 out of 10000000
DEBUG: Total dvariable address used is 2087 out of 150000
DEBUG: Total dvariable address used is 3999296 out of 50000000
DEBUG: Total gradient stack used is 419719 out of 10000000
DEBUG: Total dvariable address used is 2087 out of 150000
DEBUG: Total dvariable address used is 3999296 out of 50000000
DEBUG: Total gradient stack used is 419719 out of 10000000
DEBUG: Total dvariable address used is 2087 out of 150000
DEBUG: Total dvariable address used is 3999296 out of 50000000
DEBUG: Total gradient stack used is 419719 out of 10000000
DEBUG: Total dvariable address used is 2087 out of 150000
DEBUG: Total dvariable address used is 3999296 out of 50000000
DEBUG: Total gradient stack used is 419719 out of 10000000
DEBUG: Total dvariable address used is 2087 out of 150000
DEBUG: Total dvariable address used is 3999296 out of 50000000
DEBUG: Total gradient stack used is 419719 out of 10000000
DEBUG: Total dvariable address used is 2087 out of 150000
DEBUG: Total dvariable address used is 3999296 out of 50000000
DEBUG: Total gradient stack used is 419719 out of 10000000
DEBUG: Total dvariable address used is 2087 out of 150000
DEBUG: Total dvariable address used is 3999296 out of 50000000
phase= 4 | nvar=412 | iter=300 | nll=-2.35e+04 | mag=1.38e+01 | par[  1]=T_pars_est[3]
DEBUG: Total gradient stack used is 419719 out of 10000000
DEBUG: Total dvariable address used is 2087 out of 150000
DEBUG: Total dvariable address used is 3999296 out of 50000000
DEBUG: Total gradient stack used is 419719 out of 10000000
DEBUG: Total dvariable address used is 2087 out of 150000
DEBUG: Total dvariable address used is 3999296 out of 50000000
DEBUG: Total gradient stack used is 419719 out of 10000000
DEBUG: Total dvariable address used is 2087 out of 150000
DEBUG: Total dvariable address used is 3999296 out of 50000000
DEBUG: Total gradient stack used is 419719 out of 10000000
DEBUG: Total dvariable address used is 2087 out of 150000
DEBUG: Total dvariable address used is 3999296 out of 50000000
DEBUG: Total gradient stack used is 419719 out of 10000000
DEBUG: Total dvariable address used is 2087 out of 150000
DEBUG: Total dvariable address used is 3999296 out of 50000000
DEBUG: Total gradient stack used is 419719 out of 10000000
DEBUG: Total dvariable address used is 2087 out of 150000
DEBUG: Total dvariable address used is 3999296 out of 50000000
DEBUG: Total gradient stack used is 419719 out of 10000000
DEBUG: Total dvariable address used is 2087 out of 150000
DEBUG: Total dvariable address used is 3999296 out of 50000000
DEBUG: Total gradient stack used is 419719 out of 10000000
DEBUG: Total dvariable address used is 2087 out of 150000
DEBUG: Total dvariable address used is 3999296 out of 50000000
DEBUG: Total gradient stack used is 419719 out of 10000000
DEBUG: Total dvariable address used is 2087 out of 150000
DEBUG: Total dvariable address used is 3999296 out of 50000000
DEBUG: Total gradient stack used is 419719 out of 10000000
DEBUG: Total dvariable address used is 2087 out of 150000
DEBUG: Total dvariable address used is 3999296 out of 50000000
DEBUG: Total gradient stack used is 419719 out of 10000000
DEBUG: Total dvariable address used is 2087 out of 150000
DEBUG: Total dvariable address used is 3999296 out of 50000000
DEBUG: Total gradient stack used is 419719 out of 10000000
DEBUG: Total dvariable address used is 2087 out of 150000
DEBUG: Total dvariable address used is 3999296 out of 50000000
DEBUG: Total gradient stack used is 419719 out of 10000000
DEBUG: Total dvariable address used is 2087 out of 150000
DEBUG: Total dvariable address used is 3999296 out of 50000000
DEBUG: Total gradient stack used is 419719 out of 10000000
DEBUG: Total dvariable address used is 2087 out of 150000
DEBUG: Total dvariable address used is 3999296 out of 50000000
DEBUG: Total gradient stack used is 419719 out of 10000000
DEBUG: Total dvariable address used is 2087 out of 150000
DEBUG: Total dvariable address used is 3999296 out of 50000000
DEBUG: Total gradient stack used is 419719 out of 10000000
DEBUG: Total dvariable address used is 2087 out of 150000
DEBUG: Total dvariable address used is 3999296 out of 50000000
DEBUG: Total gradient stack used is 419719 out of 10000000
DEBUG: Total dvariable address used is 2087 out of 150000
DEBUG: Total dvariable address used is 3999296 out of 50000000
DEBUG: Total gradient stack used is 419719 out of 10000000
DEBUG: Total dvariable address used is 2087 out of 150000
DEBUG: Total dvariable address used is 3999296 out of 50000000
DEBUG: Total gradient stack used is 419719 out of 10000000
DEBUG: Total dvariable address used is 2087 out of 150000
DEBUG: Total dvariable address used is 3999296 out of 50000000
DEBUG: Total gradient stack used is 419719 out of 10000000
DEBUG: Total dvariable address used is 2087 out of 150000
DEBUG: Total dvariable address used is 3999296 out of 50000000
DEBUG: Total gradient stack used is 419719 out of 10000000
DEBUG: Total dvariable address used is 2087 out of 150000
DEBUG: Total dvariable address used is 3999296 out of 50000000
DEBUG: Total gradient stack used is 419719 out of 10000000
DEBUG: Total dvariable address used is 2087 out of 150000
DEBUG: Total dvariable address used is 3999296 out of 50000000
phase= 4 | nvar=412 | iter=320 | nll=-2.35e+04 | mag=1.76e+00 | par[  1]=T_pars_est[3]
DEBUG: Total gradient stack used is 419719 out of 10000000
DEBUG: Total dvariable address used is 2087 out of 150000
DEBUG: Total dvariable address used is 3999296 out of 50000000
DEBUG: Total gradient stack used is 419719 out of 10000000
DEBUG: Total dvariable address used is 2087 out of 150000
DEBUG: Total dvariable address used is 3999296 out of 50000000
DEBUG: Total gradient stack used is 419719 out of 10000000
DEBUG: Total dvariable address used is 2087 out of 150000
DEBUG: Total dvariable address used is 3999296 out of 50000000
DEBUG: Total gradient stack used is 419719 out of 10000000
DEBUG: Total dvariable address used is 2087 out of 150000
DEBUG: Total dvariable address used is 3999296 out of 50000000
DEBUG: Total gradient stack used is 419719 out of 10000000
DEBUG: Total dvariable address used is 2087 out of 150000
DEBUG: Total dvariable address used is 3999296 out of 50000000
DEBUG: Total gradient stack used is 419719 out of 10000000
DEBUG: Total dvariable address used is 2087 out of 150000
DEBUG: Total dvariable address used is 3999296 out of 50000000
DEBUG: Total gradient stack used is 419719 out of 10000000
DEBUG: Total dvariable address used is 2087 out of 150000
DEBUG: Total dvariable address used is 3999296 out of 50000000
DEBUG: Total gradient stack used is 419719 out of 10000000
DEBUG: Total dvariable address used is 2087 out of 150000
DEBUG: Total dvariable address used is 3999296 out of 50000000
DEBUG: Total gradient stack used is 419719 out of 10000000
DEBUG: Total dvariable address used is 2087 out of 150000
DEBUG: Total dvariable address used is 3999296 out of 50000000
DEBUG: Total gradient stack used is 419719 out of 10000000
DEBUG: Total dvariable address used is 2087 out of 150000
DEBUG: Total dvariable address used is 3999296 out of 50000000
DEBUG: Total gradient stack used is 419719 out of 10000000
DEBUG: Total dvariable address used is 2087 out of 150000
DEBUG: Total dvariable address used is 3999296 out of 50000000
DEBUG: Total gradient stack used is 419719 out of 10000000
DEBUG: Total dvariable address used is 2087 out of 150000
DEBUG: Total dvariable address used is 3999296 out of 50000000
DEBUG: Total gradient stack used is 419719 out of 10000000
DEBUG: Total dvariable address used is 2087 out of 150000
DEBUG: Total dvariable address used is 3999296 out of 50000000
DEBUG: Total gradient stack used is 419719 out of 10000000
DEBUG: Total dvariable address used is 2087 out of 150000
DEBUG: Total dvariable address used is 3999296 out of 50000000
DEBUG: Total gradient stack used is 419719 out of 10000000
DEBUG: Total dvariable address used is 2087 out of 150000
DEBUG: Total dvariable address used is 3999296 out of 50000000
DEBUG: Total gradient stack used is 419719 out of 10000000
DEBUG: Total dvariable address used is 2087 out of 150000
DEBUG: Total dvariable address used is 3999296 out of 50000000
DEBUG: Total gradient stack used is 419719 out of 10000000
DEBUG: Total dvariable address used is 2087 out of 150000
DEBUG: Total dvariable address used is 3999296 out of 50000000
DEBUG: Total gradient stack used is 419719 out of 10000000
DEBUG: Total dvariable address used is 2087 out of 150000
DEBUG: Total dvariable address used is 3999296 out of 50000000
DEBUG: Total gradient stack used is 419719 out of 10000000
DEBUG: Total dvariable address used is 2087 out of 150000
DEBUG: Total dvariable address used is 3999296 out of 50000000
DEBUG: Total gradient stack used is 419719 out of 10000000
DEBUG: Total dvariable address used is 2087 out of 150000
DEBUG: Total dvariable address used is 3999296 out of 50000000
DEBUG: Total gradient stack used is 419719 out of 10000000
DEBUG: Total dvariable address used is 2087 out of 150000
DEBUG: Total dvariable address used is 3999296 out of 50000000
phase= 4 | nvar=412 | iter=340 | nll=-2.35e+04 | mag=9.39e-01 | par[  1]=T_pars_est[3]
DEBUG: Total gradient stack used is 419719 out of 10000000
DEBUG: Total dvariable address used is 2087 out of 150000
DEBUG: Total dvariable address used is 3999296 out of 50000000
DEBUG: Total gradient stack used is 419719 out of 10000000
DEBUG: Total dvariable address used is 2087 out of 150000
DEBUG: Total dvariable address used is 3999296 out of 50000000
DEBUG: Total gradient stack used is 419719 out of 10000000
DEBUG: Total dvariable address used is 2087 out of 150000
DEBUG: Total dvariable address used is 3999296 out of 50000000
DEBUG: Total gradient stack used is 419719 out of 10000000
DEBUG: Total dvariable address used is 2087 out of 150000
DEBUG: Total dvariable address used is 3999296 out of 50000000
DEBUG: Total gradient stack used is 419719 out of 10000000
DEBUG: Total dvariable address used is 2087 out of 150000
DEBUG: Total dvariable address used is 3999296 out of 50000000
DEBUG: Total gradient stack used is 419719 out of 10000000
DEBUG: Total dvariable address used is 2087 out of 150000
DEBUG: Total dvariable address used is 3999296 out of 50000000
DEBUG: Total gradient stack used is 419719 out of 10000000
DEBUG: Total dvariable address used is 2087 out of 150000
DEBUG: Total dvariable address used is 3999296 out of 50000000
DEBUG: Total gradient stack used is 419719 out of 10000000
DEBUG: Total dvariable address used is 2087 out of 150000
DEBUG: Total dvariable address used is 3999296 out of 50000000
DEBUG: Total gradient stack used is 419719 out of 10000000
DEBUG: Total dvariable address used is 2087 out of 150000
DEBUG: Total dvariable address used is 3999296 out of 50000000
DEBUG: Total gradient stack used is 419719 out of 10000000
DEBUG: Total dvariable address used is 2087 out of 150000
DEBUG: Total dvariable address used is 3999296 out of 50000000
DEBUG: Total gradient stack used is 419719 out of 10000000
DEBUG: Total dvariable address used is 2087 out of 150000
DEBUG: Total dvariable address used is 3999296 out of 50000000
DEBUG: Total gradient stack used is 419719 out of 10000000
DEBUG: Total dvariable address used is 2087 out of 150000
DEBUG: Total dvariable address used is 3999296 out of 50000000
DEBUG: Total gradient stack used is 419719 out of 10000000
DEBUG: Total dvariable address used is 2087 out of 150000
DEBUG: Total dvariable address used is 3999296 out of 50000000
DEBUG: Total gradient stack used is 419719 out of 10000000
DEBUG: Total dvariable address used is 2087 out of 150000
DEBUG: Total dvariable address used is 3999296 out of 50000000
DEBUG: Total gradient stack used is 419719 out of 10000000
DEBUG: Total dvariable address used is 2087 out of 150000
DEBUG: Total dvariable address used is 3999296 out of 50000000
DEBUG: Total gradient stack used is 419719 out of 10000000
DEBUG: Total dvariable address used is 2087 out of 150000
DEBUG: Total dvariable address used is 3999296 out of 50000000
DEBUG: Total gradient stack used is 419719 out of 10000000
DEBUG: Total dvariable address used is 2087 out of 150000
DEBUG: Total dvariable address used is 3999296 out of 50000000
DEBUG: Total gradient stack used is 419719 out of 10000000
DEBUG: Total dvariable address used is 2087 out of 150000
DEBUG: Total dvariable address used is 3999296 out of 50000000
DEBUG: Total gradient stack used is 419719 out of 10000000
DEBUG: Total dvariable address used is 2087 out of 150000
DEBUG: Total dvariable address used is 3999296 out of 50000000
DEBUG: Total gradient stack used is 419719 out of 10000000
DEBUG: Total dvariable address used is 2087 out of 150000
DEBUG: Total dvariable address used is 3999296 out of 50000000
DEBUG: Total gradient stack used is 419719 out of 10000000
DEBUG: Total dvariable address used is 2087 out of 150000
DEBUG: Total dvariable address used is 3999296 out of 50000000
DEBUG: Total gradient stack used is 419719 out of 10000000
DEBUG: Total dvariable address used is 2087 out of 150000
DEBUG: Total dvariable address used is 3999296 out of 50000000
DEBUG: Total gradient stack used is 419719 out of 10000000
DEBUG: Total dvariable address used is 2087 out of 150000
DEBUG: Total dvariable address used is 3999296 out of 50000000
DEBUG: Total gradient stack used is 419719 out of 10000000
DEBUG: Total dvariable address used is 2087 out of 150000
DEBUG: Total dvariable address used is 3999296 out of 50000000
DEBUG: Total gradient stack used is 419719 out of 10000000
DEBUG: Total dvariable address used is 2087 out of 150000
DEBUG: Total dvariable address used is 3999296 out of 50000000
DEBUG: Total gradient stack used is 419719 out of 10000000
DEBUG: Total dvariable address used is 2087 out of 150000
DEBUG: Total dvariable address used is 3999296 out of 50000000
phase= 4 | nvar=412 | iter=360 | nll=-2.35e+04 | mag=8.50e-01 | par[  1]=T_pars_est[3]
DEBUG: Total gradient stack used is 419719 out of 10000000
DEBUG: Total dvariable address used is 2087 out of 150000
DEBUG: Total dvariable address used is 3999296 out of 50000000
DEBUG: Total gradient stack used is 419719 out of 10000000
DEBUG: Total dvariable address used is 2087 out of 150000
DEBUG: Total dvariable address used is 3999296 out of 50000000
DEBUG: Total gradient stack used is 419719 out of 10000000
DEBUG: Total dvariable address used is 2087 out of 150000
DEBUG: Total dvariable address used is 3999296 out of 50000000
DEBUG: Total gradient stack used is 419719 out of 10000000
DEBUG: Total dvariable address used is 2087 out of 150000
DEBUG: Total dvariable address used is 3999296 out of 50000000
DEBUG: Total gradient stack used is 419719 out of 10000000
DEBUG: Total dvariable address used is 2087 out of 150000
DEBUG: Total dvariable address used is 3999296 out of 50000000
DEBUG: Total gradient stack used is 419719 out of 10000000
DEBUG: Total dvariable address used is 2087 out of 150000
DEBUG: Total dvariable address used is 3999296 out of 50000000
DEBUG: Total gradient stack used is 419719 out of 10000000
DEBUG: Total dvariable address used is 2087 out of 150000
DEBUG: Total dvariable address used is 3999296 out of 50000000
DEBUG: Total gradient stack used is 419719 out of 10000000
DEBUG: Total dvariable address used is 2087 out of 150000
DEBUG: Total dvariable address used is 3999296 out of 50000000
DEBUG: Total gradient stack used is 419719 out of 10000000
DEBUG: Total dvariable address used is 2087 out of 150000
DEBUG: Total dvariable address used is 3999296 out of 50000000
DEBUG: Total gradient stack used is 419719 out of 10000000
DEBUG: Total dvariable address used is 2087 out of 150000
DEBUG: Total dvariable address used is 3999296 out of 50000000
DEBUG: Total gradient stack used is 419719 out of 10000000
DEBUG: Total dvariable address used is 2087 out of 150000
DEBUG: Total dvariable address used is 3999296 out of 50000000
DEBUG: Total gradient stack used is 419719 out of 10000000
DEBUG: Total dvariable address used is 2087 out of 150000
DEBUG: Total dvariable address used is 3999296 out of 50000000
DEBUG: Total gradient stack used is 419719 out of 10000000
DEBUG: Total dvariable address used is 2087 out of 150000
DEBUG: Total dvariable address used is 3999296 out of 50000000
DEBUG: Total gradient stack used is 419719 out of 10000000
DEBUG: Total dvariable address used is 2087 out of 150000
DEBUG: Total dvariable address used is 3999296 out of 50000000
DEBUG: Total gradient stack used is 419719 out of 10000000
DEBUG: Total dvariable address used is 2087 out of 150000
DEBUG: Total dvariable address used is 3999296 out of 50000000
DEBUG: Total gradient stack used is 419719 out of 10000000
DEBUG: Total dvariable address used is 2087 out of 150000
DEBUG: Total dvariable address used is 3999296 out of 50000000
DEBUG: Total gradient stack used is 419719 out of 10000000
DEBUG: Total dvariable address used is 2087 out of 150000
DEBUG: Total dvariable address used is 3999296 out of 50000000
DEBUG: Total gradient stack used is 419719 out of 10000000
DEBUG: Total dvariable address used is 2087 out of 150000
DEBUG: Total dvariable address used is 3999296 out of 50000000
DEBUG: Total gradient stack used is 419719 out of 10000000
DEBUG: Total dvariable address used is 2087 out of 150000
DEBUG: Total dvariable address used is 3999296 out of 50000000
DEBUG: Total gradient stack used is 419719 out of 10000000
DEBUG: Total dvariable address used is 2087 out of 150000
DEBUG: Total dvariable address used is 3999296 out of 50000000
DEBUG: Total gradient stack used is 419719 out of 10000000
DEBUG: Total dvariable address used is 2087 out of 150000
DEBUG: Total dvariable address used is 3999296 out of 50000000
DEBUG: Total gradient stack used is 419719 out of 10000000
DEBUG: Total dvariable address used is 2087 out of 150000
DEBUG: Total dvariable address used is 3999296 out of 50000000
DEBUG: Total gradient stack used is 419719 out of 10000000
DEBUG: Total dvariable address used is 2087 out of 150000
DEBUG: Total dvariable address used is 3999296 out of 50000000
DEBUG: Total gradient stack used is 419719 out of 10000000
DEBUG: Total dvariable address used is 2087 out of 150000
DEBUG: Total dvariable address used is 3999296 out of 50000000
DEBUG: Total gradient stack used is 419719 out of 10000000
DEBUG: Total dvariable address used is 2087 out of 150000
DEBUG: Total dvariable address used is 3999296 out of 50000000
DEBUG: Total gradient stack used is 419719 out of 10000000
DEBUG: Total dvariable address used is 2087 out of 150000
DEBUG: Total dvariable address used is 3999296 out of 50000000
DEBUG: Total gradient stack used is 419719 out of 10000000
DEBUG: Total dvariable address used is 2087 out of 150000
DEBUG: Total dvariable address used is 3999296 out of 50000000
DEBUG: Total gradient stack used is 419719 out of 10000000
DEBUG: Total dvariable address used is 2087 out of 150000
DEBUG: Total dvariable address used is 3999296 out of 50000000
DEBUG: Total gradient stack used is 419719 out of 10000000
DEBUG: Total dvariable address used is 2087 out of 150000
DEBUG: Total dvariable address used is 3999296 out of 50000000
DEBUG: Total gradient stack used is 419719 out of 10000000
DEBUG: Total dvariable address used is 2087 out of 150000
DEBUG: Total dvariable address used is 3999296 out of 50000000
DEBUG: Total gradient stack used is 419719 out of 10000000
DEBUG: Total dvariable address used is 2087 out of 150000
DEBUG: Total dvariable address used is 3999296 out of 50000000
DEBUG: Total gradient stack used is 419719 out of 10000000
DEBUG: Total dvariable address used is 2087 out of 150000
DEBUG: Total dvariable address used is 3999296 out of 50000000
DEBUG: Total gradient stack used is 419719 out of 10000000
DEBUG: Total dvariable address used is 2087 out of 150000
DEBUG: Total dvariable address used is 3999296 out of 50000000
DEBUG: Total gradient stack used is 419719 out of 10000000
DEBUG: Total dvariable address used is 2087 out of 150000
DEBUG: Total dvariable address used is 3999296 out of 50000000
DEBUG: Total gradient stack used is 419719 out of 10000000
DEBUG: Total dvariable address used is 2087 out of 150000
DEBUG: Total dvariable address used is 3999296 out of 50000000
DEBUG: Total gradient stack used is 419719 out of 10000000
DEBUG: Total dvariable address used is 2087 out of 150000
DEBUG: Total dvariable address used is 3999296 out of 50000000
DEBUG: Total gradient stack used is 419719 out of 10000000
DEBUG: Total dvariable address used is 2087 out of 150000
DEBUG: Total dvariable address used is 3999296 out of 50000000
DEBUG: Total gradient stack used is 419719 out of 10000000
DEBUG: Total dvariable address used is 2087 out of 150000
DEBUG: Total dvariable address used is 3999296 out of 50000000
DEBUG: Total gradient stack used is 419719 out of 10000000
DEBUG: Total dvariable address used is 2087 out of 150000
DEBUG: Total dvariable address used is 3999296 out of 50000000
DEBUG: Total gradient stack used is 419719 out of 10000000
DEBUG: Total dvariable address used is 2087 out of 150000
DEBUG: Total dvariable address used is 3999296 out of 50000000
DEBUG: Total gradient stack used is 419719 out of 10000000
DEBUG: Total dvariable address used is 2087 out of 150000
DEBUG: Total dvariable address used is 3999296 out of 50000000
DEBUG: Total gradient stack used is 419719 out of 10000000
DEBUG: Total dvariable address used is 2087 out of 150000
DEBUG: Total dvariable address used is 3999296 out of 50000000
DEBUG: Total gradient stack used is 419719 out of 10000000
DEBUG: Total dvariable address used is 2087 out of 150000
DEBUG: Total dvariable address used is 3999296 out of 50000000
DEBUG: Total gradient stack used is 419719 out of 10000000
DEBUG: Total dvariable address used is 2087 out of 150000
DEBUG: Total dvariable address used is 3999296 out of 50000000
DEBUG: Total gradient stack used is 419719 out of 10000000
DEBUG: Total dvariable address used is 2087 out of 150000
DEBUG: Total dvariable address used is 3999296 out of 50000000
DEBUG: Total gradient stack used is 419719 out of 10000000
DEBUG: Total dvariable address used is 2087 out of 150000
DEBUG: Total dvariable address used is 3999296 out of 50000000
DEBUG: Total gradient stack used is 419719 out of 10000000
DEBUG: Total dvariable address used is 2087 out of 150000
DEBUG: Total dvariable address used is 3999296 out of 50000000
DEBUG: Total gradient stack used is 419719 out of 10000000
DEBUG: Total dvariable address used is 2087 out of 150000
DEBUG: Total dvariable address used is 3999296 out of 50000000
phase= 4 | nvar=412 | iter=374 | nll=-2.35e+04 | mag=1.53e-01 | par[  1]=T_pars_est[3]
Optimization completed after 28 s with final statistics:
  nll=-23545.741501 | mag=1.53245e-01 | par[  1]=T_pars_est[3]

Warning: the following parameters had issues
  S_pars_est[46] is within 1% of upper bound: -11.5129 < -0.107432 < 0
  S_pars_est[47] is within 1% of upper bound: -11.5129 < -0.0625546 < 0
  S_pars_est[48] is within 1% of upper bound: -11.5129 < -0.0425329 < 0
  S_pars_est[71] is within 1% of upper bound: -11.5129 < -0.0826428 < 0
  S_pars_est[93] is within 1% of upper bound: -11.5129 < -0.0805443 < 0

DEBUG: Total gradient stack used is 0 out of 10000000
DEBUG: Total dvariable address used is 2087 out of 150000
DEBUG: Total dvariable address used is 3999296 out of 50000000
Starting REPORT_SECTION
+--------------------------+
| Beginning report section |
+--------------------------+
last phase
Finished WriteFiles
REPORT_SECTION: finished CreateOutput
REPORT_SECTION: finished save_gradients
Finished REPORT_SECTION
Calculating Hessian (412 variables): DEBUG: Total gradient stack used is 419719 out of 10000000
DEBUG: Total dvariable address used is 2087 out of 150000
DEBUG: Total dvariable address used is 4013584 out of 50000000
DEBUG: Total gradient stack used is 419719 out of 10000000
DEBUG: Total dvariable address used is 2087 out of 150000
DEBUG: Total dvariable address used is 4013584 out of 50000000
DEBUG: Total gradient stack used is 419719 out of 10000000
DEBUG: Total dvariable address used is 2087 out of 150000
DEBUG: Total dvariable address used is 4013584 out of 50000000
DEBUG: Total gradient stack used is 419719 out of 10000000
DEBUG: Total dvariable address used is 2087 out of 150000
DEBUG: Total dvariable address used is 4013584 out of 50000000
DEBUG: Total gradient stack used is 419719 out of 10000000
DEBUG: Total dvariable address used is 2087 out of 150000
DEBUG: Total dvariable address used is 4013584 out of 50000000
DEBUG: Total gradient stack used is 419719 out of 10000000
DEBUG: Total dvariable address used is 2087 out of 150000
DEBUG: Total dvariable address used is 4013584 out of 50000000
DEBUG: Total gradient stack used is 419719 out of 10000000
DEBUG: Total dvariable address used is 2087 out of 150000
DEBUG: Total dvariable address used is 4013584 out of 50000000
DEBUG: Total gradient stack used is 419719 out of 10000000
DEBUG: Total dvariable address used is 2087 out of 150000
DEBUG: Total dvariable address used is 4013584 out of 50000000
DEBUG: Total gradient stack used is 419719 out of 10000000
DEBUG: Total dvariable address used is 2087 out of 150000
DEBUG: Total dvariable address used is 4013584 out of 50000000
DEBUG: Total gradient stack used is 419719 out of 10000000
DEBUG: Total dvariable address used is 2087 out of 150000
DEBUG: Total dvariable address used is 4013584 out of 50000000
DEBUG: Total gradient stack used is 419719 out of 10000000
DEBUG: Total dvariable address used is 2087 out of 150000
DEBUG: Total dvariable address used is 4013584 out of 50000000
DEBUG: Total gradient stack used is 419719 out of 10000000
DEBUG: Total dvariable address used is 2087 out of 150000
DEBUG: Total dvariable address used is 4013584 out of 50000000
DEBUG: Total gradient stack used is 419719 out of 10000000
DEBUG: Total dvariable address used is 2087 out of 150000
DEBUG: Total dvariable address used is 4013584 out of 50000000
DEBUG: Total gradient stack used is 419719 out of 10000000
DEBUG: Total dvariable address used is 2087 out of 150000
DEBUG: Total dvariable address used is 4013584 out of 50000000
DEBUG: Total gradient stack used is 419719 out of 10000000
DEBUG: Total dvariable address used is 2087 out of 150000
DEBUG: Total dvariable address used is 4013584 out of 50000000
DEBUG: Total gradient stack used is 419719 out of 10000000
DEBUG: Total dvariable address used is 2087 out of 150000
DEBUG: Total dvariable address used is 4013584 out of 50000000
DEBUG: Total gradient stack used is 419719 out of 10000000
DEBUG: Total dvariable address used is 2087 out of 150000
DEBUG: Total dvariable address used is 4013584 out of 50000000
DEBUG: Total gradient stack used is 419719 out of 10000000
DEBUG: Total dvariable address used is 2087 out of 150000
DEBUG: Total dvariable address used is 4013584 out of 50000000
DEBUG: Total gradient stack used is 419719 out of 10000000
DEBUG: Total dvariable address used is 2087 out of 150000
DEBUG: Total dvariable address used is 4013584 out of 50000000
DEBUG: Total gradient stack used is 419719 out of 10000000
DEBUG: Total dvariable address used is 2087 out of 150000
DEBUG: Total dvariable address used is 4013584 out of 50000000
DEBUG: Total gradient stack used is 419719 out of 10000000
DEBUG: Total dvariable address used is 2087 out of 150000
DEBUG: Total dvariable address used is 4013584 out of 50000000
DEBUG: Total gradient stack used is 419719 out of 10000000
DEBUG: Total dvariable address used is 2087 out of 150000
DEBUG: Total dvariable address used is 4013584 out of 50000000
DEBUG: Total gradient stack used is 419719 out of 10000000
DEBUG: Total dvariable address used is 2087 out of 150000
DEBUG: Total dvariable address used is 4013584 out of 50000000
DEBUG: Total gradient stack used is 419719 out of 10000000
DEBUG: Total dvariable address used is 2087 out of 150000
DEBUG: Total dvariable address used is 4013584 out of 50000000
DEBUG: Total gradient stack used is 419719 out of 10000000
DEBUG: Total dvariable address used is 2087 out of 150000
DEBUG: Total dvariable address used is 4013584 out of 50000000
DEBUG: Total gradient stack used is 419719 out of 10000000
DEBUG: Total dvariable address used is 2087 out of 150000
DEBUG: Total dvariable address used is 4013584 out of 50000000
DEBUG: Total gradient stack used is 419719 out of 10000000
DEBUG: Total dvariable address used is 2087 out of 150000
DEBUG: Total dvariable address used is 4013584 out of 50000000
DEBUG: Total gradient stack used is 419719 out of 10000000
DEBUG: Total dvariable address used is 2087 out of 150000
DEBUG: Total dvariable address used is 4013584 out of 50000000
DEBUG: Total gradient stack used is 419719 out of 10000000
DEBUG: Total dvariable address used is 2087 out of 150000
DEBUG: Total dvariable address used is 4013584 out of 50000000
DEBUG: Total gradient stack used is 419719 out of 10000000
DEBUG: Total dvariable address used is 2087 out of 150000
DEBUG: Total dvariable address used is 4013584 out of 50000000
DEBUG: Total gradient stack used is 419719 out of 10000000
DEBUG: Total dvariable address used is 2087 out of 150000
DEBUG: Total dvariable address used is 4013584 out of 50000000
DEBUG: Total gradient stack used is 419719 out of 10000000
DEBUG: Total dvariable address used is 2087 out of 150000
DEBUG: Total dvariable address used is 4013584 out of 50000000
DEBUG: Total gradient stack used is 419719 out of 10000000
DEBUG: Total dvariable address used is 2087 out of 150000
DEBUG: Total dvariable address used is 4013584 out of 50000000
DEBUG: Total gradient stack used is 419719 out of 10000000
DEBUG: Total dvariable address used is 2087 out of 150000
DEBUG: Total dvariable address used is 4013584 out of 50000000
DEBUG: Total gradient stack used is 419719 out of 10000000
DEBUG: Total dvariable address used is 2087 out of 150000
DEBUG: Total dvariable address used is 4013584 out of 50000000
DEBUG: Total gradient stack used is 419719 out of 10000000
DEBUG: Total dvariable address used is 2087 out of 150000
DEBUG: Total dvariable address used is 4013584 out of 50000000
DEBUG: Total gradient stack used is 419719 out of 10000000
DEBUG: Total dvariable address used is 2087 out of 150000
DEBUG: Total dvariable address used is 4013584 out of 50000000
DEBUG: Total gradient stack used is 419719 out of 10000000
DEBUG: Total dvariable address used is 2087 out of 150000
DEBUG: Total dvariable address used is 4013584 out of 50000000
DEBUG: Total gradient stack used is 419719 out of 10000000
DEBUG: Total dvariable address used is 2087 out of 150000
DEBUG: Total dvariable address used is 4013584 out of 50000000
DEBUG: Total gradient stack used is 419719 out of 10000000
DEBUG: Total dvariable address used is 2087 out of 150000
DEBUG: Total dvariable address used is 4013584 out of 50000000
DEBUG: Total gradient stack used is 419719 out of 10000000
DEBUG: Total dvariable address used is 2087 out of 150000
DEBUG: Total dvariable address used is 4013584 out of 50000000
DEBUG: Total gradient stack used is 419719 out of 10000000
DEBUG: Total dvariable address used is 2087 out of 150000
DEBUG: Total dvariable address used is 4013584 out of 50000000
DEBUG: Total gradient stack used is 419719 out of 10000000
DEBUG: Total dvariable address used is 2087 out of 150000
DEBUG: Total dvariable address used is 4013584 out of 50000000
DEBUG: Total gradient stack used is 419719 out of 10000000
DEBUG: Total dvariable address used is 2087 out of 150000
DEBUG: Total dvariable address used is 4013584 out of 50000000
DEBUG: Total gradient stack used is 419719 out of 10000000
DEBUG: Total dvariable address used is 2087 out of 150000
DEBUG: Total dvariable address used is 4013584 out of 50000000
DEBUG: Total gradient stack used is 419719 out of 10000000
DEBUG: Total dvariable address used is 2087 out of 150000
DEBUG: Total dvariable address used is 4013584 out of 50000000
DEBUG: Total gradient stack used is 419719 out of 10000000
DEBUG: Total dvariable address used is 2087 out of 150000
DEBUG: Total dvariable address used is 4013584 out of 50000000
DEBUG: Total gradient stack used is 419719 out of 10000000
DEBUG: Total dvariable address used is 2087 out of 150000
DEBUG: Total dvariable address used is 4013584 out of 50000000
DEBUG: Total gradient stack used is 419719 out of 10000000
DEBUG: Total dvariable address used is 2087 out of 150000
DEBUG: Total dvariable address used is 4013584 out of 50000000
DEBUG: Total gradient stack used is 419719 out of 10000000
DEBUG: Total dvariable address used is 2087 out of 150000
DEBUG: Total dvariable address used is 4013584 out of 50000000
DEBUG: Total gradient stack used is 419719 out of 10000000
DEBUG: Total dvariable address used is 2087 out of 150000
DEBUG: Total dvariable address used is 4013584 out of 50000000
DEBUG: Total gradient stack used is 419719 out of 10000000
DEBUG: Total dvariable address used is 2087 out of 150000
DEBUG: Total dvariable address used is 4013584 out of 50000000
DEBUG: Total gradient stack used is 419719 out of 10000000
DEBUG: Total dvariable address used is 2087 out of 150000
DEBUG: Total dvariable address used is 4013584 out of 50000000
DEBUG: Total gradient stack used is 419719 out of 10000000
DEBUG: Total dvariable address used is 2087 out of 150000
DEBUG: Total dvariable address used is 4013584 out of 50000000
DEBUG: Total gradient stack used is 419719 out of 10000000
DEBUG: Total dvariable address used is 2087 out of 150000
DEBUG: Total dvariable address used is 4013584 out of 50000000
DEBUG: Total gradient stack used is 419719 out of 10000000
DEBUG: Total dvariable address used is 2087 out of 150000
DEBUG: Total dvariable address used is 4013584 out of 50000000
DEBUG: Total gradient stack used is 419719 out of 10000000
DEBUG: Total dvariable address used is 2087 out of 150000
DEBUG: Total dvariable address used is 4013584 out of 50000000
DEBUG: Total gradient stack used is 419719 out of 10000000
DEBUG: Total dvariable address used is 2087 out of 150000
DEBUG: Total dvariable address used is 4013584 out of 50000000
DEBUG: Total gradient stack used is 419719 out of 10000000
DEBUG: Total dvariable address used is 2087 out of 150000
DEBUG: Total dvariable address used is 4013584 out of 50000000
DEBUG: Total gradient stack used is 419719 out of 10000000
DEBUG: Total dvariable address used is 2087 out of 150000
DEBUG: Total dvariable address used is 4013584 out of 50000000
DEBUG: Total gradient stack used is 419719 out of 10000000
DEBUG: Total dvariable address used is 2087 out of 150000
DEBUG: Total dvariable address used is 4013584 out of 50000000
DEBUG: Total gradient stack used is 419719 out of 10000000
DEBUG: Total dvariable address used is 2087 out of 150000
DEBUG: Total dvariable address used is 4013584 out of 50000000
DEBUG: Total gradient stack used is 419719 out of 10000000
DEBUG: Total dvariable address used is 2087 out of 150000
DEBUG: Total dvariable address used is 4013584 out of 50000000
DEBUG: Total gradient stack used is 419719 out of 10000000
DEBUG: Total dvariable address used is 2087 out of 150000
DEBUG: Total dvariable address used is 4013584 out of 50000000
DEBUG: Total gradient stack used is 419719 out of 10000000
DEBUG: Total dvariable address used is 2087 out of 150000
DEBUG: Total dvariable address used is 4013584 out of 50000000
DEBUG: Total gradient stack used is 419719 out of 10000000
DEBUG: Total dvariable address used is 2087 out of 150000
DEBUG: Total dvariable address used is 4013584 out of 50000000
DEBUG: Total gradient stack used is 419719 out of 10000000
DEBUG: Total dvariable address used is 2087 out of 150000
DEBUG: Total dvariable address used is 4013584 out of 50000000
DEBUG: Total gradient stack used is 419719 out of 10000000
DEBUG: Total dvariable address used is 2087 out of 150000
DEBUG: Total dvariable address used is 4013584 out of 50000000
DEBUG: Total gradient stack used is 419719 out of 10000000
DEBUG: Total dvariable address used is 2087 out of 150000
DEBUG: Total dvariable address used is 4013584 out of 50000000
DEBUG: Total gradient stack used is 419719 out of 10000000
DEBUG: Total dvariable address used is 2087 out of 150000
DEBUG: Total dvariable address used is 4013584 out of 50000000
DEBUG: Total gradient stack used is 419719 out of 10000000
DEBUG: Total dvariable address used is 2087 out of 150000
DEBUG: Total dvariable address used is 4013584 out of 50000000
DEBUG: Total gradient stack used is 419719 out of 10000000
DEBUG: Total dvariable address used is 2087 out of 150000
DEBUG: Total dvariable address used is 4013584 out of 50000000
DEBUG: Total gradient stack used is 419719 out of 10000000
DEBUG: Total dvariable address used is 2087 out of 150000
DEBUG: Total dvariable address used is 4013584 out of 50000000
DEBUG: Total gradient stack used is 419719 out of 10000000
DEBUG: Total dvariable address used is 2087 out of 150000
DEBUG: Total dvariable address used is 4013584 out of 50000000
DEBUG: Total gradient stack used is 419719 out of 10000000
DEBUG: Total dvariable address used is 2087 out of 150000
DEBUG: Total dvariable address used is 4013584 out of 50000000
DEBUG: Total gradient stack used is 419719 out of 10000000
DEBUG: Total dvariable address used is 2087 out of 150000
DEBUG: Total dvariable address used is 4013584 out of 50000000
DEBUG: Total gradient stack used is 419719 out of 10000000
DEBUG: Total dvariable address used is 2087 out of 150000
DEBUG: Total dvariable address used is 4013584 out of 50000000
DEBUG: Total gradient stack used is 419719 out of 10000000
DEBUG: Total dvariable address used is 2087 out of 150000
DEBUG: Total dvariable address used is 4013584 out of 50000000
DEBUG: Total gradient stack used is 419719 out of 10000000
DEBUG: Total dvariable address used is 2087 out of 150000
DEBUG: Total dvariable address used is 4013584 out of 50000000
DEBUG: Total gradient stack used is 419719 out of 10000000
DEBUG: Total dvariable address used is 2087 out of 150000
DEBUG: Total dvariable address used is 4013584 out of 50000000
DEBUG: Total gradient stack used is 419719 out of 10000000
DEBUG: Total dvariable address used is 2087 out of 150000
DEBUG: Total dvariable address used is 4013584 out of 50000000
DEBUG: Total gradient stack used is 419719 out of 10000000
DEBUG: Total dvariable address used is 2087 out of 150000
DEBUG: Total dvariable address used is 4013584 out of 50000000
DEBUG: Total gradient stack used is 419719 out of 10000000
DEBUG: Total dvariable address used is 2087 out of 150000
DEBUG: Total dvariable address used is 4013584 out of 50000000
DEBUG: Total gradient stack used is 419719 out of 10000000
DEBUG: Total dvariable address used is 2087 out of 150000
DEBUG: Total dvariable address used is 4013584 out of 50000000
DEBUG: Total gradient stack used is 419719 out of 10000000
DEBUG: Total dvariable address used is 2087 out of 150000
DEBUG: Total dvariable address used is 4013584 out of 50000000
DEBUG: Total gradient stack used is 419719 out of 10000000
DEBUG: Total dvariable address used is 2087 out of 150000
DEBUG: Total dvariable address used is 4013584 out of 50000000
DEBUG: Total gradient stack used is 419719 out of 10000000
DEBUG: Total dvariable address used is 2087 out of 150000
DEBUG: Total dvariable address used is 4013584 out of 50000000
DEBUG: Total gradient stack used is 419719 out of 10000000
DEBUG: Total dvariable address used is 2087 out of 150000
DEBUG: Total dvariable address used is 4013584 out of 50000000
DEBUG: Total gradient stack used is 419719 out of 10000000
DEBUG: Total dvariable address used is 2087 out of 150000
DEBUG: Total dvariable address used is 4013584 out of 50000000
DEBUG: Total gradient stack used is 419719 out of 10000000
DEBUG: Total dvariable address used is 2087 out of 150000
DEBUG: Total dvariable address used is 4013584 out of 50000000
DEBUG: Total gradient stack used is 419719 out of 10000000
DEBUG: Total dvariable address used is 2087 out of 150000
DEBUG: Total dvariable address used is 4013584 out of 50000000
DEBUG: Total gradient stack used is 419719 out of 10000000
DEBUG: Total dvariable address used is 2087 out of 150000
DEBUG: Total dvariable address used is 4013584 out of 50000000
DEBUG: Total gradient stack used is 419719 out of 10000000
DEBUG: Total dvariable address used is 2087 out of 150000
DEBUG: Total dvariable address used is 4013584 out of 50000000
DEBUG: Total gradient stack used is 419719 out of 10000000
DEBUG: Total dvariable address used is 2087 out of 150000
DEBUG: Total dvariable address used is 4013584 out of 50000000
DEBUG: Total gradient stack used is 419719 out of 10000000
DEBUG: Total dvariable address used is 2087 out of 150000
DEBUG: Total dvariable address used is 4013584 out of 50000000
DEBUG: Total gradient stack used is 419719 out of 10000000
DEBUG: Total dvariable address used is 2087 out of 150000
DEBUG: Total dvariable address used is 4013584 out of 50000000
DEBUG: Total gradient stack used is 419719 out of 10000000
DEBUG: Total dvariable address used is 2087 out of 150000
DEBUG: Total dvariable address used is 4013584 out of 50000000
DEBUG: Total gradient stack used is 419719 out of 10000000
DEBUG: Total dvariable address used is 2087 out of 150000
DEBUG: Total dvariable address used is 4013584 out of 50000000
DEBUG: Total gradient stack used is 419719 out of 10000000
DEBUG: Total dvariable address used is 2087 out of 150000
DEBUG: Total dvariable address used is 4013584 out of 50000000
DEBUG: Total gradient stack used is 419719 out of 10000000
DEBUG: Total dvariable address used is 2087 out of 150000
DEBUG: Total dvariable address used is 4013584 out of 50000000
DEBUG: Total gradient stack used is 419719 out of 10000000
DEBUG: Total dvariable address used is 2087 out of 150000
DEBUG: Total dvariable address used is 4013584 out of 50000000
DEBUG: Total gradient stack used is 419719 out of 10000000
DEBUG: Total dvariable address used is 2087 out of 150000
DEBUG: Total dvariable address used is 4013584 out of 50000000
DEBUG: Total gradient stack used is 419719 out of 10000000
DEBUG: Total dvariable address used is 2087 out of 150000
DEBUG: Total dvariable address used is 4013584 out of 50000000
DEBUG: Total gradient stack used is 419719 out of 10000000
DEBUG: Total dvariable address used is 2087 out of 150000
DEBUG: Total dvariable address used is 4013584 out of 50000000
DEBUG: Total gradient stack used is 419719 out of 10000000
DEBUG: Total dvariable address used is 2087 out of 150000
DEBUG: Total dvariable address used is 4013584 out of 50000000
DEBUG: Total gradient stack used is 419719 out of 10000000
DEBUG: Total dvariable address used is 2087 out of 150000
DEBUG: Total dvariable address used is 4013584 out of 50000000
DEBUG: Total gradient stack used is 419719 out of 10000000
DEBUG: Total dvariable address used is 2087 out of 150000
DEBUG: Total dvariable address used is 4013584 out of 50000000
DEBUG: Total gradient stack used is 419719 out of 10000000
DEBUG: Total dvariable address used is 2087 out of 150000
DEBUG: Total dvariable address used is 4013584 out of 50000000
DEBUG: Total gradient stack used is 419719 out of 10000000
DEBUG: Total dvariable address used is 2087 out of 150000
DEBUG: Total dvariable address used is 4013584 out of 50000000
DEBUG: Total gradient stack used is 419719 out of 10000000
DEBUG: Total dvariable address used is 2087 out of 150000
DEBUG: Total dvariable address used is 4013584 out of 50000000
DEBUG: Total gradient stack used is 419719 out of 10000000
DEBUG: Total dvariable address used is 2087 out of 150000
DEBUG: Total dvariable address used is 4013584 out of 50000000
DEBUG: Total gradient stack used is 419719 out of 10000000
DEBUG: Total dvariable address used is 2087 out of 150000
DEBUG: Total dvariable address used is 4013584 out of 50000000
DEBUG: Total gradient stack used is 419719 out of 10000000
DEBUG: Total dvariable address used is 2087 out of 150000
DEBUG: Total dvariable address used is 4013584 out of 50000000
DEBUG: Total gradient stack used is 419719 out of 10000000
DEBUG: Total dvariable address used is 2087 out of 150000
DEBUG: Total dvariable address used is 4013584 out of 50000000
DEBUG: Total gradient stack used is 419719 out of 10000000
DEBUG: Total dvariable address used is 2087 out of 150000
DEBUG: Total dvariable address used is 4013584 out of 50000000
DEBUG: Total gradient stack used is 419719 out of 10000000
DEBUG: Total dvariable address used is 2087 out of 150000
DEBUG: Total dvariable address used is 4013584 out of 50000000
DEBUG: Total gradient stack used is 419719 out of 10000000
DEBUG: Total dvariable address used is 2087 out of 150000
DEBUG: Total dvariable address used is 4013584 out of 50000000
DEBUG: Total gradient stack used is 419719 out of 10000000
DEBUG: Total dvariable address used is 2087 out of 150000
DEBUG: Total dvariable address used is 4013584 out of 50000000
DEBUG: Total gradient stack used is 419719 out of 10000000
DEBUG: Total dvariable address used is 2087 out of 150000
DEBUG: Total dvariable address used is 4013584 out of 50000000
DEBUG: Total gradient stack used is 419719 out of 10000000
DEBUG: Total dvariable address used is 2087 out of 150000
DEBUG: Total dvariable address used is 4013584 out of 50000000
DEBUG: Total gradient stack used is 419719 out of 10000000
DEBUG: Total dvariable address used is 2087 out of 150000
DEBUG: Total dvariable address used is 4013584 out of 50000000
DEBUG: Total gradient stack used is 419719 out of 10000000
DEBUG: Total dvariable address used is 2087 out of 150000
DEBUG: Total dvariable address used is 4013584 out of 50000000
DEBUG: Total gradient stack used is 419719 out of 10000000
DEBUG: Total dvariable address used is 2087 out of 150000
DEBUG: Total dvariable address used is 4013584 out of 50000000
DEBUG: Total gradient stack used is 419719 out of 10000000
DEBUG: Total dvariable address used is 2087 out of 150000
DEBUG: Total dvariable address used is 4013584 out of 50000000
DEBUG: Total gradient stack used is 419719 out of 10000000
DEBUG: Total dvariable address used is 2087 out of 150000
DEBUG: Total dvariable address used is 4013584 out of 50000000
DEBUG: Total gradient stack used is 419719 out of 10000000
DEBUG: Total dvariable address used is 2087 out of 150000
DEBUG: Total dvariable address used is 4013584 out of 50000000
DEBUG: Total gradient stack used is 419719 out of 10000000
DEBUG: Total dvariable address used is 2087 out of 150000
DEBUG: Total dvariable address used is 4013584 out of 50000000
DEBUG: Total gradient stack used is 419719 out of 10000000
DEBUG: Total dvariable address used is 2087 out of 150000
DEBUG: Total dvariable address used is 4013584 out of 50000000
DEBUG: Total gradient stack used is 419719 out of 10000000
DEBUG: Total dvariable address used is 2087 out of 150000
DEBUG: Total dvariable address used is 4013584 out of 50000000
DEBUG: Total gradient stack used is 419719 out of 10000000
DEBUG: Total dvariable address used is 2087 out of 150000
DEBUG: Total dvariable address used is 4013584 out of 50000000
DEBUG: Total gradient stack used is 419719 out of 10000000
DEBUG: Total dvariable address used is 2087 out of 150000
DEBUG: Total dvariable address used is 4013584 out of 50000000
DEBUG: Total gradient stack used is 419719 out of 10000000
DEBUG: Total dvariable address used is 2087 out of 150000
DEBUG: Total dvariable address used is 4013584 out of 50000000
DEBUG: Total gradient stack used is 419719 out of 10000000
DEBUG: Total dvariable address used is 2087 out of 150000
DEBUG: Total dvariable address used is 4013584 out of 50000000
DEBUG: Total gradient stack used is 419719 out of 10000000
DEBUG: Total dvariable address used is 2087 out of 150000
DEBUG: Total dvariable address used is 4013584 out of 50000000
DEBUG: Total gradient stack used is 419719 out of 10000000
DEBUG: Total dvariable address used is 2087 out of 150000
DEBUG: Total dvariable address used is 4013584 out of 50000000
DEBUG: Total gradient stack used is 419719 out of 10000000
DEBUG: Total dvariable address used is 2087 out of 150000
DEBUG: Total dvariable address used is 4013584 out of 50000000
DEBUG: Total gradient stack used is 419719 out of 10000000
DEBUG: Total dvariable address used is 2087 out of 150000
DEBUG: Total dvariable address used is 4013584 out of 50000000
DEBUG: Total gradient stack used is 419719 out of 10000000
DEBUG: Total dvariable address used is 2087 out of 150000
DEBUG: Total dvariable address used is 4013584 out of 50000000
DEBUG: Total gradient stack used is 419719 out of 10000000
DEBUG: Total dvariable address used is 2087 out of 150000
DEBUG: Total dvariable address used is 4013584 out of 50000000
DEBUG: Total gradient stack used is 419719 out of 10000000
DEBUG: Total dvariable address used is 2087 out of 150000
DEBUG: Total dvariable address used is 4013584 out of 50000000
DEBUG: Total gradient stack used is 419719 out of 10000000
DEBUG: Total dvariable address used is 2087 out of 150000
DEBUG: Total dvariable address used is 4013584 out of 50000000
DEBUG: Total gradient stack used is 419719 out of 10000000
DEBUG: Total dvariable address used is 2087 out of 150000
DEBUG: Total dvariable address used is 4013584 out of 50000000
DEBUG: Total gradient stack used is 419719 out of 10000000
DEBUG: Total dvariable address used is 2087 out of 150000
DEBUG: Total dvariable address used is 4013584 out of 50000000
DEBUG: Total gradient stack used is 419719 out of 10000000
DEBUG: Total dvariable address used is 2087 out of 150000
DEBUG: Total dvariable address used is 4013584 out of 50000000
DEBUG: Total gradient stack used is 419719 out of 10000000
DEBUG: Total dvariable address used is 2087 out of 150000
DEBUG: Total dvariable address used is 4013584 out of 50000000
DEBUG: Total gradient stack used is 419719 out of 10000000
DEBUG: Total dvariable address used is 2087 out of 150000
DEBUG: Total dvariable address used is 4013584 out of 50000000
DEBUG: Total gradient stack used is 419719 out of 10000000
DEBUG: Total dvariable address used is 2087 out of 150000
DEBUG: Total dvariable address used is 4013584 out of 50000000
DEBUG: Total gradient stack used is 419719 out of 10000000
DEBUG: Total dvariable address used is 2087 out of 150000
DEBUG: Total dvariable address used is 4013584 out of 50000000
DEBUG: Total gradient stack used is 419719 out of 10000000
DEBUG: Total dvariable address used is 2087 out of 150000
DEBUG: Total dvariable address used is 4013584 out of 50000000
DEBUG: Total gradient stack used is 419719 out of 10000000
DEBUG: Total dvariable address used is 2087 out of 150000
DEBUG: Total dvariable address used is 4013584 out of 50000000
DEBUG: Total gradient stack used is 419719 out of 10000000
DEBUG: Total dvariable address used is 2087 out of 150000
DEBUG: Total dvariable address used is 4013584 out of 50000000
DEBUG: Total gradient stack used is 419719 out of 10000000
DEBUG: Total dvariable address used is 2087 out of 150000
DEBUG: Total dvariable address used is 4013584 out of 50000000
DEBUG: Total gradient stack used is 419719 out of 10000000
DEBUG: Total dvariable address used is 2087 out of 150000
DEBUG: Total dvariable address used is 4013584 out of 50000000
DEBUG: Total gradient stack used is 419719 out of 10000000
DEBUG: Total dvariable address used is 2087 out of 150000
DEBUG: Total dvariable address used is 4013584 out of 50000000
DEBUG: Total gradient stack used is 419719 out of 10000000
DEBUG: Total dvariable address used is 2087 out of 150000
DEBUG: Total dvariable address used is 4013584 out of 50000000
DEBUG: Total gradient stack used is 419719 out of 10000000
DEBUG: Total dvariable address used is 2087 out of 150000
DEBUG: Total dvariable address used is 4013584 out of 50000000
DEBUG: Total gradient stack used is 419719 out of 10000000
DEBUG: Total dvariable address used is 2087 out of 150000
DEBUG: Total dvariable address used is 4013584 out of 50000000
DEBUG: Total gradient stack used is 419719 out of 10000000
DEBUG: Total dvariable address used is 2087 out of 150000
DEBUG: Total dvariable address used is 4013584 out of 50000000
DEBUG: Total gradient stack used is 419719 out of 10000000
DEBUG: Total dvariable address used is 2087 out of 150000
DEBUG: Total dvariable address used is 4013584 out of 50000000
DEBUG: Total gradient stack used is 419719 out of 10000000
DEBUG: Total dvariable address used is 2087 out of 150000
DEBUG: Total dvariable address used is 4013584 out of 50000000
DEBUG: Total gradient stack used is 419719 out of 10000000
DEBUG: Total dvariable address used is 2087 out of 150000
DEBUG: Total dvariable address used is 4013584 out of 50000000
DEBUG: Total gradient stack used is 419719 out of 10000000
DEBUG: Total dvariable address used is 2087 out of 150000
DEBUG: Total dvariable address used is 4013584 out of 50000000
DEBUG: Total gradient stack used is 419719 out of 10000000
DEBUG: Total dvariable address used is 2087 out of 150000
DEBUG: Total dvariable address used is 4013584 out of 50000000
DEBUG: Total gradient stack used is 419719 out of 10000000
DEBUG: Total dvariable address used is 2087 out of 150000
DEBUG: Total dvariable address used is 4013584 out of 50000000
DEBUG: Total gradient stack used is 419719 out of 10000000
DEBUG: Total dvariable address used is 2087 out of 150000
DEBUG: Total dvariable address used is 4013584 out of 50000000
DEBUG: Total gradient stack used is 419719 out of 10000000
DEBUG: Total dvariable address used is 2087 out of 150000
DEBUG: Total dvariable address used is 4013584 out of 50000000
DEBUG: Total gradient stack used is 419719 out of 10000000
DEBUG: Total dvariable address used is 2087 out of 150000
DEBUG: Total dvariable address used is 4013584 out of 50000000
DEBUG: Total gradient stack used is 419719 out of 10000000
DEBUG: Total dvariable address used is 2087 out of 150000
DEBUG: Total dvariable address used is 4013584 out of 50000000
DEBUG: Total gradient stack used is 419719 out of 10000000
DEBUG: Total dvariable address used is 2087 out of 150000
DEBUG: Total dvariable address used is 4013584 out of 50000000
DEBUG: Total gradient stack used is 419719 out of 10000000
DEBUG: Total dvariable address used is 2087 out of 150000
DEBUG: Total dvariable address used is 4013584 out of 50000000
DEBUG: Total gradient stack used is 419719 out of 10000000
DEBUG: Total dvariable address used is 2087 out of 150000
DEBUG: Total dvariable address used is 4013584 out of 50000000
DEBUG: Total gradient stack used is 419719 out of 10000000
DEBUG: Total dvariable address used is 2087 out of 150000
DEBUG: Total dvariable address used is 4013584 out of 50000000
DEBUG: Total gradient stack used is 419719 out of 10000000
DEBUG: Total dvariable address used is 2087 out of 150000
DEBUG: Total dvariable address used is 4013584 out of 50000000
DEBUG: Total gradient stack used is 419719 out of 10000000
DEBUG: Total dvariable address used is 2087 out of 150000
DEBUG: Total dvariable address used is 4013584 out of 50000000
DEBUG: Total gradient stack used is 419719 out of 10000000
DEBUG: Total dvariable address used is 2087 out of 150000
DEBUG: Total dvariable address used is 4013584 out of 50000000
DEBUG: Total gradient stack used is 419719 out of 10000000
DEBUG: Total dvariable address used is 2087 out of 150000
DEBUG: Total dvariable address used is 4013584 out of 50000000
DEBUG: Total gradient stack used is 419719 out of 10000000
DEBUG: Total dvariable address used is 2087 out of 150000
DEBUG: Total dvariable address used is 4013584 out of 50000000
DEBUG: Total gradient stack used is 419719 out of 10000000
DEBUG: Total dvariable address used is 2087 out of 150000
DEBUG: Total dvariable address used is 4013584 out of 50000000
DEBUG: Total gradient stack used is 419719 out of 10000000
DEBUG: Total dvariable address used is 2087 out of 150000
DEBUG: Total dvariable address used is 4013584 out of 50000000
DEBUG: Total gradient stack used is 419719 out of 10000000
DEBUG: Total dvariable address used is 2087 out of 150000
DEBUG: Total dvariable address used is 4013584 out of 50000000
DEBUG: Total gradient stack used is 419719 out of 10000000
DEBUG: Total dvariable address used is 2087 out of 150000
DEBUG: Total dvariable address used is 4013584 out of 50000000
DEBUG: Total gradient stack used is 419719 out of 10000000
DEBUG: Total dvariable address used is 2087 out of 150000
DEBUG: Total dvariable address used is 4013584 out of 50000000
DEBUG: Total gradient stack used is 419719 out of 10000000
DEBUG: Total dvariable address used is 2087 out of 150000
DEBUG: Total dvariable address used is 4013584 out of 50000000
DEBUG: Total gradient stack used is 419719 out of 10000000
DEBUG: Total dvariable address used is 2087 out of 150000
DEBUG: Total dvariable address used is 4013584 out of 50000000
DEBUG: Total gradient stack used is 419719 out of 10000000
DEBUG: Total dvariable address used is 2087 out of 150000
DEBUG: Total dvariable address used is 4013584 out of 50000000
DEBUG: Total gradient stack used is 419719 out of 10000000
DEBUG: Total dvariable address used is 2087 out of 150000
DEBUG: Total dvariable address used is 4013584 out of 50000000
DEBUG: Total gradient stack used is 419719 out of 10000000
DEBUG: Total dvariable address used is 2087 out of 150000
DEBUG: Total dvariable address used is 4013584 out of 50000000
DEBUG: Total gradient stack used is 419719 out of 10000000
DEBUG: Total dvariable address used is 2087 out of 150000
DEBUG: Total dvariable address used is 4013584 out of 50000000
DEBUG: Total gradient stack used is 419719 out of 10000000
DEBUG: Total dvariable address used is 2087 out of 150000
DEBUG: Total dvariable address used is 4013584 out of 50000000
DEBUG: Total gradient stack used is 419719 out of 10000000
DEBUG: Total dvariable address used is 2087 out of 150000
DEBUG: Total dvariable address used is 4013584 out of 50000000
DEBUG: Total gradient stack used is 419719 out of 10000000
DEBUG: Total dvariable address used is 2087 out of 150000
DEBUG: Total dvariable address used is 4013584 out of 50000000
DEBUG: Total gradient stack used is 419719 out of 10000000
DEBUG: Total dvariable address used is 2087 out of 150000
DEBUG: Total dvariable address used is 4013584 out of 50000000
DEBUG: Total gradient stack used is 419719 out of 10000000
DEBUG: Total dvariable address used is 2087 out of 150000
DEBUG: Total dvariable address used is 4013584 out of 50000000
DEBUG: Total gradient stack used is 419719 out of 10000000
DEBUG: Total dvariable address used is 2087 out of 150000
DEBUG: Total dvariable address used is 4013584 out of 50000000
DEBUG: Total gradient stack used is 419719 out of 10000000
DEBUG: Total dvariable address used is 2087 out of 150000
DEBUG: Total dvariable address used is 4013584 out of 50000000
DEBUG: Total gradient stack used is 419719 out of 10000000
DEBUG: Total dvariable address used is 2087 out of 150000
DEBUG: Total dvariable address used is 4013584 out of 50000000
DEBUG: Total gradient stack used is 419719 out of 10000000
DEBUG: Total dvariable address used is 2087 out of 150000
DEBUG: Total dvariable address used is 4013584 out of 50000000
DEBUG: Total gradient stack used is 419719 out of 10000000
DEBUG: Total dvariable address used is 2087 out of 150000
DEBUG: Total dvariable address used is 4013584 out of 50000000
DEBUG: Total gradient stack used is 419719 out of 10000000
DEBUG: Total dvariable address used is 2087 out of 150000
DEBUG: Total dvariable address used is 4013584 out of 50000000
DEBUG: Total gradient stack used is 419719 out of 10000000
DEBUG: Total dvariable address used is 2087 out of 150000
DEBUG: Total dvariable address used is 4013584 out of 50000000
DEBUG: Total gradient stack used is 419719 out of 10000000
DEBUG: Total dvariable address used is 2087 out of 150000
DEBUG: Total dvariable address used is 4013584 out of 50000000
DEBUG: Total gradient stack used is 419719 out of 10000000
DEBUG: Total dvariable address used is 2087 out of 150000
DEBUG: Total dvariable address used is 4013584 out of 50000000
DEBUG: Total gradient stack used is 419719 out of 10000000
DEBUG: Total dvariable address used is 2087 out of 150000
DEBUG: Total dvariable address used is 4013584 out of 50000000
DEBUG: Total gradient stack used is 419719 out of 10000000
DEBUG: Total dvariable address used is 2087 out of 150000
DEBUG: Total dvariable address used is 4013584 out of 50000000
DEBUG: Total gradient stack used is 419719 out of 10000000
DEBUG: Total dvariable address used is 2087 out of 150000
DEBUG: Total dvariable address used is 4013584 out of 50000000
DEBUG: Total gradient stack used is 419719 out of 10000000
DEBUG: Total dvariable address used is 2087 out of 150000
DEBUG: Total dvariable address used is 4013584 out of 50000000
DEBUG: Total gradient stack used is 419719 out of 10000000
DEBUG: Total dvariable address used is 2087 out of 150000
DEBUG: Total dvariable address used is 4013584 out of 50000000
DEBUG: Total gradient stack used is 419719 out of 10000000
DEBUG: Total dvariable address used is 2087 out of 150000
DEBUG: Total dvariable address used is 4013584 out of 50000000
DEBUG: Total gradient stack used is 419719 out of 10000000
DEBUG: Total dvariable address used is 2087 out of 150000
DEBUG: Total dvariable address used is 4013584 out of 50000000
DEBUG: Total gradient stack used is 419719 out of 10000000
DEBUG: Total dvariable address used is 2087 out of 150000
DEBUG: Total dvariable address used is 4013584 out of 50000000
DEBUG: Total gradient stack used is 419719 out of 10000000
DEBUG: Total dvariable address used is 2087 out of 150000
DEBUG: Total dvariable address used is 4013584 out of 50000000
DEBUG: Total gradient stack used is 419719 out of 10000000
DEBUG: Total dvariable address used is 2087 out of 150000
DEBUG: Total dvariable address used is 4013584 out of 50000000
DEBUG: Total gradient stack used is 419719 out of 10000000
DEBUG: Total dvariable address used is 2087 out of 150000
DEBUG: Total dvariable address used is 4013584 out of 50000000
DEBUG: Total gradient stack used is 419719 out of 10000000
DEBUG: Total dvariable address used is 2087 out of 150000
DEBUG: Total dvariable address used is 4013584 out of 50000000
DEBUG: Total gradient stack used is 419719 out of 10000000
DEBUG: Total dvariable address used is 2087 out of 150000
DEBUG: Total dvariable address used is 4013584 out of 50000000
DEBUG: Total gradient stack used is 419719 out of 10000000
DEBUG: Total dvariable address used is 2087 out of 150000
DEBUG: Total dvariable address used is 4013584 out of 50000000
DEBUG: Total gradient stack used is 419719 out of 10000000
DEBUG: Total dvariable address used is 2087 out of 150000
DEBUG: Total dvariable address used is 4013584 out of 50000000
DEBUG: Total gradient stack used is 419719 out of 10000000
DEBUG: Total dvariable address used is 2087 out of 150000
DEBUG: Total dvariable address used is 4013584 out of 50000000
DEBUG: Total gradient stack used is 419719 out of 10000000
DEBUG: Total dvariable address used is 2087 out of 150000
DEBUG: Total dvariable address used is 4013584 out of 50000000
DEBUG: Total gradient stack used is 419719 out of 10000000
DEBUG: Total dvariable address used is 2087 out of 150000
DEBUG: Total dvariable address used is 4013584 out of 50000000
DEBUG: Total gradient stack used is 419719 out of 10000000
DEBUG: Total dvariable address used is 2087 out of 150000
DEBUG: Total dvariable address used is 4013584 out of 50000000
DEBUG: Total gradient stack used is 419719 out of 10000000
DEBUG: Total dvariable address used is 2087 out of 150000
DEBUG: Total dvariable address used is 4013584 out of 50000000
DEBUG: Total gradient stack used is 419719 out of 10000000
DEBUG: Total dvariable address used is 2087 out of 150000
DEBUG: Total dvariable address used is 4013584 out of 50000000
DEBUG: Total gradient stack used is 419719 out of 10000000
DEBUG: Total dvariable address used is 2087 out of 150000
DEBUG: Total dvariable address used is 4013584 out of 50000000
DEBUG: Total gradient stack used is 419719 out of 10000000
DEBUG: Total dvariable address used is 2087 out of 150000
DEBUG: Total dvariable address used is 4013584 out of 50000000
DEBUG: Total gradient stack used is 419719 out of 10000000
DEBUG: Total dvariable address used is 2087 out of 150000
DEBUG: Total dvariable address used is 4013584 out of 50000000
DEBUG: Total gradient stack used is 419719 out of 10000000
DEBUG: Total dvariable address used is 2087 out of 150000
DEBUG: Total dvariable address used is 4013584 out of 50000000
DEBUG: Total gradient stack used is 419719 out of 10000000
DEBUG: Total dvariable address used is 2087 out of 150000
DEBUG: Total dvariable address used is 4013584 out of 50000000
DEBUG: Total gradient stack used is 419719 out of 10000000
DEBUG: Total dvariable address used is 2087 out of 150000
DEBUG: Total dvariable address used is 4013584 out of 50000000
DEBUG: Total gradient stack used is 419719 out of 10000000
DEBUG: Total dvariable address used is 2087 out of 150000
DEBUG: Total dvariable address used is 4013584 out of 50000000
DEBUG: Total gradient stack used is 419719 out of 10000000
DEBUG: Total dvariable address used is 2087 out of 150000
DEBUG: Total dvariable address used is 4013584 out of 50000000
DEBUG: Total gradient stack used is 419719 out of 10000000
DEBUG: Total dvariable address used is 2087 out of 150000
DEBUG: Total dvariable address used is 4013584 out of 50000000
DEBUG: Total gradient stack used is 419719 out of 10000000
DEBUG: Total dvariable address used is 2087 out of 150000
DEBUG: Total dvariable address used is 4013584 out of 50000000
DEBUG: Total gradient stack used is 419719 out of 10000000
DEBUG: Total dvariable address used is 2087 out of 150000
DEBUG: Total dvariable address used is 4013584 out of 50000000
DEBUG: Total gradient stack used is 419719 out of 10000000
DEBUG: Total dvariable address used is 2087 out of 150000
DEBUG: Total dvariable address used is 4013584 out of 50000000
DEBUG: Total gradient stack used is 419719 out of 10000000
DEBUG: Total dvariable address used is 2087 out of 150000
DEBUG: Total dvariable address used is 4013584 out of 50000000
DEBUG: Total gradient stack used is 419719 out of 10000000
DEBUG: Total dvariable address used is 2087 out of 150000
DEBUG: Total dvariable address used is 4013584 out of 50000000
DEBUG: Total gradient stack used is 419719 out of 10000000
DEBUG: Total dvariable address used is 2087 out of 150000
DEBUG: Total dvariable address used is 4013584 out of 50000000
DEBUG: Total gradient stack used is 419719 out of 10000000
DEBUG: Total dvariable address used is 2087 out of 150000
DEBUG: Total dvariable address used is 4013584 out of 50000000
DEBUG: Total gradient stack used is 419719 out of 10000000
DEBUG: Total dvariable address used is 2087 out of 150000
DEBUG: Total dvariable address used is 4013584 out of 50000000
DEBUG: Total gradient stack used is 419719 out of 10000000
DEBUG: Total dvariable address used is 2087 out of 150000
DEBUG: Total dvariable address used is 4013584 out of 50000000
DEBUG: Total gradient stack used is 419719 out of 10000000
DEBUG: Total dvariable address used is 2087 out of 150000
DEBUG: Total dvariable address used is 4013584 out of 50000000
DEBUG: Total gradient stack used is 419719 out of 10000000
DEBUG: Total dvariable address used is 2087 out of 150000
DEBUG: Total dvariable address used is 4013584 out of 50000000
DEBUG: Total gradient stack used is 419719 out of 10000000
DEBUG: Total dvariable address used is 2087 out of 150000
DEBUG: Total dvariable address used is 4013584 out of 50000000
DEBUG: Total gradient stack used is 419719 out of 10000000
DEBUG: Total dvariable address used is 2087 out of 150000
DEBUG: Total dvariable address used is 4013584 out of 50000000
DEBUG: Total gradient stack used is 419719 out of 10000000
DEBUG: Total dvariable address used is 2087 out of 150000
DEBUG: Total dvariable address used is 4013584 out of 50000000
DEBUG: Total gradient stack used is 419719 out of 10000000
DEBUG: Total dvariable address used is 2087 out of 150000
DEBUG: Total dvariable address used is 4013584 out of 50000000
DEBUG: Total gradient stack used is 419719 out of 10000000
DEBUG: Total dvariable address used is 2087 out of 150000
DEBUG: Total dvariable address used is 4013584 out of 50000000
DEBUG: Total gradient stack used is 419719 out of 10000000
DEBUG: Total dvariable address used is 2087 out of 150000
DEBUG: Total dvariable address used is 4013584 out of 50000000
DEBUG: Total gradient stack used is 419719 out of 10000000
DEBUG: Total dvariable address used is 2087 out of 150000
DEBUG: Total dvariable address used is 4013584 out of 50000000
DEBUG: Total gradient stack used is 419719 out of 10000000
DEBUG: Total dvariable address used is 2087 out of 150000
DEBUG: Total dvariable address used is 4013584 out of 50000000
DEBUG: Total gradient stack used is 419719 out of 10000000
DEBUG: Total dvariable address used is 2087 out of 150000
DEBUG: Total dvariable address used is 4013584 out of 50000000
DEBUG: Total gradient stack used is 419719 out of 10000000
DEBUG: Total dvariable address used is 2087 out of 150000
DEBUG: Total dvariable address used is 4013584 out of 50000000
DEBUG: Total gradient stack used is 419719 out of 10000000
DEBUG: Total dvariable address used is 2087 out of 150000
DEBUG: Total dvariable address used is 4013584 out of 50000000
DEBUG: Total gradient stack used is 419719 out of 10000000
DEBUG: Total dvariable address used is 2087 out of 150000
DEBUG: Total dvariable address used is 4013584 out of 50000000
DEBUG: Total gradient stack used is 419719 out of 10000000
DEBUG: Total dvariable address used is 2087 out of 150000
DEBUG: Total dvariable address used is 4013584 out of 50000000
DEBUG: Total gradient stack used is 419719 out of 10000000
DEBUG: Total dvariable address used is 2087 out of 150000
DEBUG: Total dvariable address used is 4013584 out of 50000000
DEBUG: Total gradient stack used is 419719 out of 10000000
DEBUG: Total dvariable address used is 2087 out of 150000
DEBUG: Total dvariable address used is 4013584 out of 50000000
DEBUG: Total gradient stack used is 419719 out of 10000000
DEBUG: Total dvariable address used is 2087 out of 150000
DEBUG: Total dvariable address used is 4013584 out of 50000000
DEBUG: Total gradient stack used is 419719 out of 10000000
DEBUG: Total dvariable address used is 2087 out of 150000
DEBUG: Total dvariable address used is 4013584 out of 50000000
DEBUG: Total gradient stack used is 419719 out of 10000000
DEBUG: Total dvariable address used is 2087 out of 150000
DEBUG: Total dvariable address used is 4013584 out of 50000000
DEBUG: Total gradient stack used is 419719 out of 10000000
DEBUG: Total dvariable address used is 2087 out of 150000
DEBUG: Total dvariable address used is 4013584 out of 50000000
DEBUG: Total gradient stack used is 419719 out of 10000000
DEBUG: Total dvariable address used is 2087 out of 150000
DEBUG: Total dvariable address used is 4013584 out of 50000000
DEBUG: Total gradient stack used is 419719 out of 10000000
DEBUG: Total dvariable address used is 2087 out of 150000
DEBUG: Total dvariable address used is 4013584 out of 50000000
DEBUG: Total gradient stack used is 419719 out of 10000000
DEBUG: Total dvariable address used is 2087 out of 150000
DEBUG: Total dvariable address used is 4013584 out of 50000000
DEBUG: Total gradient stack used is 419719 out of 10000000
DEBUG: Total dvariable address used is 2087 out of 150000
DEBUG: Total dvariable address used is 4013584 out of 50000000
DEBUG: Total gradient stack used is 419719 out of 10000000
DEBUG: Total dvariable address used is 2087 out of 150000
DEBUG: Total dvariable address used is 4013584 out of 50000000
DEBUG: Total gradient stack used is 419719 out of 10000000
DEBUG: Total dvariable address used is 2087 out of 150000
DEBUG: Total dvariable address used is 4013584 out of 50000000
DEBUG: Total gradient stack used is 419719 out of 10000000
DEBUG: Total dvariable address used is 2087 out of 150000
DEBUG: Total dvariable address used is 4013584 out of 50000000
DEBUG: Total gradient stack used is 419719 out of 10000000
DEBUG: Total dvariable address used is 2087 out of 150000
DEBUG: Total dvariable address used is 4013584 out of 50000000
DEBUG: Total gradient stack used is 419719 out of 10000000
DEBUG: Total dvariable address used is 2087 out of 150000
DEBUG: Total dvariable address used is 4013584 out of 50000000
DEBUG: Total gradient stack used is 419719 out of 10000000
DEBUG: Total dvariable address used is 2087 out of 150000
DEBUG: Total dvariable address used is 4013584 out of 50000000
DEBUG: Total gradient stack used is 419719 out of 10000000
DEBUG: Total dvariable address used is 2087 out of 150000
DEBUG: Total dvariable address used is 4013584 out of 50000000
DEBUG: Total gradient stack used is 419719 out of 10000000
DEBUG: Total dvariable address used is 2087 out of 150000
DEBUG: Total dvariable address used is 4013584 out of 50000000
DEBUG: Total gradient stack used is 419719 out of 10000000
DEBUG: Total dvariable address used is 2087 out of 150000
DEBUG: Total dvariable address used is 4013584 out of 50000000
DEBUG: Total gradient stack used is 419719 out of 10000000
DEBUG: Total dvariable address used is 2087 out of 150000
DEBUG: Total dvariable address used is 4013584 out of 50000000
DEBUG: Total gradient stack used is 419719 out of 10000000
DEBUG: Total dvariable address used is 2087 out of 150000
DEBUG: Total dvariable address used is 4013584 out of 50000000
DEBUG: Total gradient stack used is 419719 out of 10000000
DEBUG: Total dvariable address used is 2087 out of 150000
DEBUG: Total dvariable address used is 4013584 out of 50000000
DEBUG: Total gradient stack used is 419719 out of 10000000
DEBUG: Total dvariable address used is 2087 out of 150000
DEBUG: Total dvariable address used is 4013584 out of 50000000
DEBUG: Total gradient stack used is 419719 out of 10000000
DEBUG: Total dvariable address used is 2087 out of 150000
DEBUG: Total dvariable address used is 4013584 out of 50000000
DEBUG: Total gradient stack used is 419719 out of 10000000
DEBUG: Total dvariable address used is 2087 out of 150000
DEBUG: Total dvariable address used is 4013584 out of 50000000
DEBUG: Total gradient stack used is 419719 out of 10000000
DEBUG: Total dvariable address used is 2087 out of 150000
DEBUG: Total dvariable address used is 4013584 out of 50000000
DEBUG: Total gradient stack used is 419719 out of 10000000
DEBUG: Total dvariable address used is 2087 out of 150000
DEBUG: Total dvariable address used is 4013584 out of 50000000
DEBUG: Total gradient stack used is 419719 out of 10000000
DEBUG: Total dvariable address used is 2087 out of 150000
DEBUG: Total dvariable address used is 4013584 out of 50000000
DEBUG: Total gradient stack used is 419719 out of 10000000
DEBUG: Total dvariable address used is 2087 out of 150000
DEBUG: Total dvariable address used is 4013584 out of 50000000
DEBUG: Total gradient stack used is 419719 out of 10000000
DEBUG: Total dvariable address used is 2087 out of 150000
DEBUG: Total dvariable address used is 4013584 out of 50000000
DEBUG: Total gradient stack used is 419719 out of 10000000
DEBUG: Total dvariable address used is 2087 out of 150000
DEBUG: Total dvariable address used is 4013584 out of 50000000
DEBUG: Total gradient stack used is 419719 out of 10000000
DEBUG: Total dvariable address used is 2087 out of 150000
DEBUG: Total dvariable address used is 4013584 out of 50000000
DEBUG: Total gradient stack used is 419719 out of 10000000
DEBUG: Total dvariable address used is 2087 out of 150000
DEBUG: Total dvariable address used is 4013584 out of 50000000
DEBUG: Total gradient stack used is 419719 out of 10000000
DEBUG: Total dvariable address used is 2087 out of 150000
DEBUG: Total dvariable address used is 4013584 out of 50000000
DEBUG: Total gradient stack used is 419719 out of 10000000
DEBUG: Total dvariable address used is 2087 out of 150000
DEBUG: Total dvariable address used is 4013584 out of 50000000
DEBUG: Total gradient stack used is 419719 out of 10000000
DEBUG: Total dvariable address used is 2087 out of 150000
DEBUG: Total dvariable address used is 4013584 out of 50000000
DEBUG: Total gradient stack used is 419719 out of 10000000
DEBUG: Total dvariable address used is 2087 out of 150000
DEBUG: Total dvariable address used is 4013584 out of 50000000
DEBUG: Total gradient stack used is 419719 out of 10000000
DEBUG: Total dvariable address used is 2087 out of 150000
DEBUG: Total dvariable address used is 4013584 out of 50000000
DEBUG: Total gradient stack used is 419719 out of 10000000
DEBUG: Total dvariable address used is 2087 out of 150000
DEBUG: Total dvariable address used is 4013584 out of 50000000
DEBUG: Total gradient stack used is 419719 out of 10000000
DEBUG: Total dvariable address used is 2087 out of 150000
DEBUG: Total dvariable address used is 4013584 out of 50000000
DEBUG: Total gradient stack used is 419719 out of 10000000
DEBUG: Total dvariable address used is 2087 out of 150000
DEBUG: Total dvariable address used is 4013584 out of 50000000
DEBUG: Total gradient stack used is 419719 out of 10000000
DEBUG: Total dvariable address used is 2087 out of 150000
DEBUG: Total dvariable address used is 4013584 out of 50000000
DEBUG: Total gradient stack used is 419719 out of 10000000
DEBUG: Total dvariable address used is 2087 out of 150000
DEBUG: Total dvariable address used is 4013584 out of 50000000
DEBUG: Total gradient stack used is 419719 out of 10000000
DEBUG: Total dvariable address used is 2087 out of 150000
DEBUG: Total dvariable address used is 4013584 out of 50000000
DEBUG: Total gradient stack used is 419719 out of 10000000
DEBUG: Total dvariable address used is 2087 out of 150000
DEBUG: Total dvariable address used is 4013584 out of 50000000
DEBUG: Total gradient stack used is 419719 out of 10000000
DEBUG: Total dvariable address used is 2087 out of 150000
DEBUG: Total dvariable address used is 4013584 out of 50000000
DEBUG: Total gradient stack used is 419719 out of 10000000
DEBUG: Total dvariable address used is 2087 out of 150000
DEBUG: Total dvariable address used is 4013584 out of 50000000
DEBUG: Total gradient stack used is 419719 out of 10000000
DEBUG: Total dvariable address used is 2087 out of 150000
DEBUG: Total dvariable address used is 4013584 out of 50000000
DEBUG: Total gradient stack used is 419719 out of 10000000
DEBUG: Total dvariable address used is 2087 out of 150000
DEBUG: Total dvariable address used is 4013584 out of 50000000
DEBUG: Total gradient stack used is 419719 out of 10000000
DEBUG: Total dvariable address used is 2087 out of 150000
DEBUG: Total dvariable address used is 4013584 out of 50000000
DEBUG: Total gradient stack used is 419719 out of 10000000
DEBUG: Total dvariable address used is 2087 out of 150000
DEBUG: Total dvariable address used is 4013584 out of 50000000
DEBUG: Total gradient stack used is 419719 out of 10000000
DEBUG: Total dvariable address used is 2087 out of 150000
DEBUG: Total dvariable address used is 4013584 out of 50000000
DEBUG: Total gradient stack used is 419719 out of 10000000
DEBUG: Total dvariable address used is 2087 out of 150000
DEBUG: Total dvariable address used is 4013584 out of 50000000
DEBUG: Total gradient stack used is 419719 out of 10000000
DEBUG: Total dvariable address used is 2087 out of 150000
DEBUG: Total dvariable address used is 4013584 out of 50000000
DEBUG: Total gradient stack used is 419719 out of 10000000
DEBUG: Total dvariable address used is 2087 out of 150000
DEBUG: Total dvariable address used is 4013584 out of 50000000
DEBUG: Total gradient stack used is 419719 out of 10000000
DEBUG: Total dvariable address used is 2087 out of 150000
DEBUG: Total dvariable address used is 4013584 out of 50000000
DEBUG: Total gradient stack used is 419719 out of 10000000
DEBUG: Total dvariable address used is 2087 out of 150000
DEBUG: Total dvariable address used is 4013584 out of 50000000
DEBUG: Total gradient stack used is 419719 out of 10000000
DEBUG: Total dvariable address used is 2087 out of 150000
DEBUG: Total dvariable address used is 4013584 out of 50000000
DEBUG: Total gradient stack used is 419719 out of 10000000
DEBUG: Total dvariable address used is 2087 out of 150000
DEBUG: Total dvariable address used is 4013584 out of 50000000
DEBUG: Total gradient stack used is 419719 out of 10000000
DEBUG: Total dvariable address used is 2087 out of 150000
DEBUG: Total dvariable address used is 4013584 out of 50000000
DEBUG: Total gradient stack used is 419719 out of 10000000
DEBUG: Total dvariable address used is 2087 out of 150000
DEBUG: Total dvariable address used is 4013584 out of 50000000
DEBUG: Total gradient stack used is 419719 out of 10000000
DEBUG: Total dvariable address used is 2087 out of 150000
DEBUG: Total dvariable address used is 4013584 out of 50000000
DEBUG: Total gradient stack used is 419719 out of 10000000
DEBUG: Total dvariable address used is 2087 out of 150000
DEBUG: Total dvariable address used is 4013584 out of 50000000
DEBUG: Total gradient stack used is 419719 out of 10000000
DEBUG: Total dvariable address used is 2087 out of 150000
DEBUG: Total dvariable address used is 4013584 out of 50000000
DEBUG: Total gradient stack used is 419719 out of 10000000
DEBUG: Total dvariable address used is 2087 out of 150000
DEBUG: Total dvariable address used is 4013584 out of 50000000
DEBUG: Total gradient stack used is 419719 out of 10000000
DEBUG: Total dvariable address used is 2087 out of 150000
DEBUG: Total dvariable address used is 4013584 out of 50000000
DEBUG: Total gradient stack used is 419719 out of 10000000
DEBUG: Total dvariable address used is 2087 out of 150000
DEBUG: Total dvariable address used is 4013584 out of 50000000
DEBUG: Total gradient stack used is 419719 out of 10000000
DEBUG: Total dvariable address used is 2087 out of 150000
DEBUG: Total dvariable address used is 4013584 out of 50000000
DEBUG: Total gradient stack used is 419719 out of 10000000
DEBUG: Total dvariable address used is 2087 out of 150000
DEBUG: Total dvariable address used is 4013584 out of 50000000
DEBUG: Total gradient stack used is 419719 out of 10000000
DEBUG: Total dvariable address used is 2087 out of 150000
DEBUG: Total dvariable address used is 4013584 out of 50000000
DEBUG: Total gradient stack used is 419719 out of 10000000
DEBUG: Total dvariable address used is 2087 out of 150000
DEBUG: Total dvariable address used is 4013584 out of 50000000
DEBUG: Total gradient stack used is 419719 out of 10000000
DEBUG: Total dvariable address used is 2087 out of 150000
DEBUG: Total dvariable address used is 4013584 out of 50000000
DEBUG: Total gradient stack used is 419719 out of 10000000
DEBUG: Total dvariable address used is 2087 out of 150000
DEBUG: Total dvariable address used is 4013584 out of 50000000
DEBUG: Total gradient stack used is 419719 out of 10000000
DEBUG: Total dvariable address used is 2087 out of 150000
DEBUG: Total dvariable address used is 4013584 out of 50000000
DEBUG: Total gradient stack used is 419719 out of 10000000
DEBUG: Total dvariable address used is 2087 out of 150000
DEBUG: Total dvariable address used is 4013584 out of 50000000
DEBUG: Total gradient stack used is 419719 out of 10000000
DEBUG: Total dvariable address used is 2087 out of 150000
DEBUG: Total dvariable address used is 4013584 out of 50000000
DEBUG: Total gradient stack used is 419719 out of 10000000
DEBUG: Total dvariable address used is 2087 out of 150000
DEBUG: Total dvariable address used is 4013584 out of 50000000
20%DEBUG: Total gradient stack used is 419719 out of 10000000
DEBUG: Total dvariable address used is 2087 out of 150000
DEBUG: Total dvariable address used is 4013584 out of 50000000
DEBUG: Total gradient stack used is 419719 out of 10000000
DEBUG: Total dvariable address used is 2087 out of 150000
DEBUG: Total dvariable address used is 4013584 out of 50000000
DEBUG: Total gradient stack used is 419719 out of 10000000
DEBUG: Total dvariable address used is 2087 out of 150000
DEBUG: Total dvariable address used is 4013584 out of 50000000
DEBUG: Total gradient stack used is 419719 out of 10000000
DEBUG: Total dvariable address used is 2087 out of 150000
DEBUG: Total dvariable address used is 4013584 out of 50000000
DEBUG: Total gradient stack used is 419719 out of 10000000
DEBUG: Total dvariable address used is 2087 out of 150000
DEBUG: Total dvariable address used is 4013584 out of 50000000
DEBUG: Total gradient stack used is 419719 out of 10000000
DEBUG: Total dvariable address used is 2087 out of 150000
DEBUG: Total dvariable address used is 4013584 out of 50000000
DEBUG: Total gradient stack used is 419719 out of 10000000
DEBUG: Total dvariable address used is 2087 out of 150000
DEBUG: Total dvariable address used is 4013584 out of 50000000
DEBUG: Total gradient stack used is 419719 out of 10000000
DEBUG: Total dvariable address used is 2087 out of 150000
DEBUG: Total dvariable address used is 4013584 out of 50000000
DEBUG: Total gradient stack used is 419719 out of 10000000
DEBUG: Total dvariable address used is 2087 out of 150000
DEBUG: Total dvariable address used is 4013584 out of 50000000
DEBUG: Total gradient stack used is 419719 out of 10000000
DEBUG: Total dvariable address used is 2087 out of 150000
DEBUG: Total dvariable address used is 4013584 out of 50000000
DEBUG: Total gradient stack used is 419719 out of 10000000
DEBUG: Total dvariable address used is 2087 out of 150000
DEBUG: Total dvariable address used is 4013584 out of 50000000
DEBUG: Total gradient stack used is 419719 out of 10000000
DEBUG: Total dvariable address used is 2087 out of 150000
DEBUG: Total dvariable address used is 4013584 out of 50000000
DEBUG: Total gradient stack used is 419719 out of 10000000
DEBUG: Total dvariable address used is 2087 out of 150000
DEBUG: Total dvariable address used is 4013584 out of 50000000
DEBUG: Total gradient stack used is 419719 out of 10000000
DEBUG: Total dvariable address used is 2087 out of 150000
DEBUG: Total dvariable address used is 4013584 out of 50000000
DEBUG: Total gradient stack used is 419719 out of 10000000
DEBUG: Total dvariable address used is 2087 out of 150000
DEBUG: Total dvariable address used is 4013584 out of 50000000
DEBUG: Total gradient stack used is 419719 out of 10000000
DEBUG: Total dvariable address used is 2087 out of 150000
DEBUG: Total dvariable address used is 4013584 out of 50000000
DEBUG: Total gradient stack used is 419719 out of 10000000
DEBUG: Total dvariable address used is 2087 out of 150000
DEBUG: Total dvariable address used is 4013584 out of 50000000
DEBUG: Total gradient stack used is 419733 out of 10000000
DEBUG: Total dvariable address used is 2087 out of 150000
DEBUG: Total dvariable address used is 4013584 out of 50000000
DEBUG: Total gradient stack used is 419719 out of 10000000
DEBUG: Total dvariable address used is 2087 out of 150000
DEBUG: Total dvariable address used is 4013584 out of 50000000
DEBUG: Total gradient stack used is 419719 out of 10000000
DEBUG: Total dvariable address used is 2087 out of 150000
DEBUG: Total dvariable address used is 4013584 out of 50000000
DEBUG: Total gradient stack used is 419719 out of 10000000
DEBUG: Total dvariable address used is 2087 out of 150000
DEBUG: Total dvariable address used is 4013584 out of 50000000
DEBUG: Total gradient stack used is 419719 out of 10000000
DEBUG: Total dvariable address used is 2087 out of 150000
DEBUG: Total dvariable address used is 4013584 out of 50000000
DEBUG: Total gradient stack used is 419719 out of 10000000
DEBUG: Total dvariable address used is 2087 out of 150000
DEBUG: Total dvariable address used is 4013584 out of 50000000
DEBUG: Total gradient stack used is 419719 out of 10000000
DEBUG: Total dvariable address used is 2087 out of 150000
DEBUG: Total dvariable address used is 4013584 out of 50000000
DEBUG: Total gradient stack used is 419719 out of 10000000
DEBUG: Total dvariable address used is 2087 out of 150000
DEBUG: Total dvariable address used is 4013584 out of 50000000
DEBUG: Total gradient stack used is 419719 out of 10000000
DEBUG: Total dvariable address used is 2087 out of 150000
DEBUG: Total dvariable address used is 4013584 out of 50000000
DEBUG: Total gradient stack used is 419719 out of 10000000
DEBUG: Total dvariable address used is 2087 out of 150000
DEBUG: Total dvariable address used is 4013584 out of 50000000
DEBUG: Total gradient stack used is 419719 out of 10000000
DEBUG: Total dvariable address used is 2087 out of 150000
DEBUG: Total dvariable address used is 4013584 out of 50000000
DEBUG: Total gradient stack used is 419719 out of 10000000
DEBUG: Total dvariable address used is 2087 out of 150000
DEBUG: Total dvariable address used is 4013584 out of 50000000
DEBUG: Total gradient stack used is 419719 out of 10000000
DEBUG: Total dvariable address used is 2087 out of 150000
DEBUG: Total dvariable address used is 4013584 out of 50000000
DEBUG: Total gradient stack used is 419719 out of 10000000
DEBUG: Total dvariable address used is 2087 out of 150000
DEBUG: Total dvariable address used is 4013584 out of 50000000
DEBUG: Total gradient stack used is 419719 out of 10000000
DEBUG: Total dvariable address used is 2087 out of 150000
DEBUG: Total dvariable address used is 4013584 out of 50000000
DEBUG: Total gradient stack used is 419719 out of 10000000
DEBUG: Total dvariable address used is 2087 out of 150000
DEBUG: Total dvariable address used is 4013584 out of 50000000
DEBUG: Total gradient stack used is 419719 out of 10000000
DEBUG: Total dvariable address used is 2087 out of 150000
DEBUG: Total dvariable address used is 4013584 out of 50000000
DEBUG: Total gradient stack used is 419719 out of 10000000
DEBUG: Total dvariable address used is 2087 out of 150000
DEBUG: Total dvariable address used is 4013584 out of 50000000
DEBUG: Total gradient stack used is 419719 out of 10000000
DEBUG: Total dvariable address used is 2087 out of 150000
DEBUG: Total dvariable address used is 4013584 out of 50000000
DEBUG: Total gradient stack used is 419719 out of 10000000
DEBUG: Total dvariable address used is 2087 out of 150000
DEBUG: Total dvariable address used is 4013584 out of 50000000
DEBUG: Total gradient stack used is 419719 out of 10000000
DEBUG: Total dvariable address used is 2087 out of 150000
DEBUG: Total dvariable address used is 4013584 out of 50000000
DEBUG: Total gradient stack used is 419719 out of 10000000
DEBUG: Total dvariable address used is 2087 out of 150000
DEBUG: Total dvariable address used is 4013584 out of 50000000
DEBUG: Total gradient stack used is 419719 out of 10000000
DEBUG: Total dvariable address used is 2087 out of 150000
DEBUG: Total dvariable address used is 4013584 out of 50000000
DEBUG: Total gradient stack used is 419719 out of 10000000
DEBUG: Total dvariable address used is 2087 out of 150000
DEBUG: Total dvariable address used is 4013584 out of 50000000
DEBUG: Total gradient stack used is 419719 out of 10000000
DEBUG: Total dvariable address used is 2087 out of 150000
DEBUG: Total dvariable address used is 4013584 out of 50000000
DEBUG: Total gradient stack used is 419719 out of 10000000
DEBUG: Total dvariable address used is 2087 out of 150000
DEBUG: Total dvariable address used is 4013584 out of 50000000
DEBUG: Total gradient stack used is 419719 out of 10000000
DEBUG: Total dvariable address used is 2087 out of 150000
DEBUG: Total dvariable address used is 4013584 out of 50000000
DEBUG: Total gradient stack used is 419719 out of 10000000
DEBUG: Total dvariable address used is 2087 out of 150000
DEBUG: Total dvariable address used is 4013584 out of 50000000
DEBUG: Total gradient stack used is 419719 out of 10000000
DEBUG: Total dvariable address used is 2087 out of 150000
DEBUG: Total dvariable address used is 4013584 out of 50000000
DEBUG: Total gradient stack used is 419719 out of 10000000
DEBUG: Total dvariable address used is 2087 out of 150000
DEBUG: Total dvariable address used is 4013584 out of 50000000
DEBUG: Total gradient stack used is 419719 out of 10000000
DEBUG: Total dvariable address used is 2087 out of 150000
DEBUG: Total dvariable address used is 4013584 out of 50000000
DEBUG: Total gradient stack used is 419719 out of 10000000
DEBUG: Total dvariable address used is 2087 out of 150000
DEBUG: Total dvariable address used is 4013584 out of 50000000
DEBUG: Total gradient stack used is 419719 out of 10000000
DEBUG: Total dvariable address used is 2087 out of 150000
DEBUG: Total dvariable address used is 4013584 out of 50000000
DEBUG: Total gradient stack used is 419719 out of 10000000
DEBUG: Total dvariable address used is 2087 out of 150000
DEBUG: Total dvariable address used is 4013584 out of 50000000
DEBUG: Total gradient stack used is 419719 out of 10000000
DEBUG: Total dvariable address used is 2087 out of 150000
DEBUG: Total dvariable address used is 4013584 out of 50000000
DEBUG: Total gradient stack used is 419719 out of 10000000
DEBUG: Total dvariable address used is 2087 out of 150000
DEBUG: Total dvariable address used is 4013584 out of 50000000
DEBUG: Total gradient stack used is 419719 out of 10000000
DEBUG: Total dvariable address used is 2087 out of 150000
DEBUG: Total dvariable address used is 4013584 out of 50000000
DEBUG: Total gradient stack used is 419719 out of 10000000
DEBUG: Total dvariable address used is 2087 out of 150000
DEBUG: Total dvariable address used is 4013584 out of 50000000
DEBUG: Total gradient stack used is 419719 out of 10000000
DEBUG: Total dvariable address used is 2087 out of 150000
DEBUG: Total dvariable address used is 4013584 out of 50000000
DEBUG: Total gradient stack used is 419719 out of 10000000
DEBUG: Total dvariable address used is 2087 out of 150000
DEBUG: Total dvariable address used is 4013584 out of 50000000
DEBUG: Total gradient stack used is 419719 out of 10000000
DEBUG: Total dvariable address used is 2087 out of 150000
DEBUG: Total dvariable address used is 4013584 out of 50000000
DEBUG: Total gradient stack used is 419719 out of 10000000
DEBUG: Total dvariable address used is 2087 out of 150000
DEBUG: Total dvariable address used is 4013584 out of 50000000
DEBUG: Total gradient stack used is 419719 out of 10000000
DEBUG: Total dvariable address used is 2087 out of 150000
DEBUG: Total dvariable address used is 4013584 out of 50000000
DEBUG: Total gradient stack used is 419719 out of 10000000
DEBUG: Total dvariable address used is 2087 out of 150000
DEBUG: Total dvariable address used is 4013584 out of 50000000
DEBUG: Total gradient stack used is 419719 out of 10000000
DEBUG: Total dvariable address used is 2087 out of 150000
DEBUG: Total dvariable address used is 4013584 out of 50000000
DEBUG: Total gradient stack used is 419719 out of 10000000
DEBUG: Total dvariable address used is 2087 out of 150000
DEBUG: Total dvariable address used is 4013584 out of 50000000
DEBUG: Total gradient stack used is 419719 out of 10000000
DEBUG: Total dvariable address used is 2087 out of 150000
DEBUG: Total dvariable address used is 4013584 out of 50000000
DEBUG: Total gradient stack used is 419719 out of 10000000
DEBUG: Total dvariable address used is 2087 out of 150000
DEBUG: Total dvariable address used is 4013584 out of 50000000
DEBUG: Total gradient stack used is 419719 out of 10000000
DEBUG: Total dvariable address used is 2087 out of 150000
DEBUG: Total dvariable address used is 4013584 out of 50000000
DEBUG: Total gradient stack used is 419719 out of 10000000
DEBUG: Total dvariable address used is 2087 out of 150000
DEBUG: Total dvariable address used is 4013584 out of 50000000
DEBUG: Total gradient stack used is 419719 out of 10000000
DEBUG: Total dvariable address used is 2087 out of 150000
DEBUG: Total dvariable address used is 4013584 out of 50000000
DEBUG: Total gradient stack used is 419719 out of 10000000
DEBUG: Total dvariable address used is 2087 out of 150000
DEBUG: Total dvariable address used is 4013584 out of 50000000
DEBUG: Total gradient stack used is 419719 out of 10000000
DEBUG: Total dvariable address used is 2087 out of 150000
DEBUG: Total dvariable address used is 4013584 out of 50000000
DEBUG: Total gradient stack used is 419719 out of 10000000
DEBUG: Total dvariable address used is 2087 out of 150000
DEBUG: Total dvariable address used is 4013584 out of 50000000
DEBUG: Total gradient stack used is 419719 out of 10000000
DEBUG: Total dvariable address used is 2087 out of 150000
DEBUG: Total dvariable address used is 4013584 out of 50000000
DEBUG: Total gradient stack used is 419719 out of 10000000
DEBUG: Total dvariable address used is 2087 out of 150000
DEBUG: Total dvariable address used is 4013584 out of 50000000
DEBUG: Total gradient stack used is 419719 out of 10000000
DEBUG: Total dvariable address used is 2087 out of 150000
DEBUG: Total dvariable address used is 4013584 out of 50000000
DEBUG: Total gradient stack used is 419719 out of 10000000
DEBUG: Total dvariable address used is 2087 out of 150000
DEBUG: Total dvariable address used is 4013584 out of 50000000
DEBUG: Total gradient stack used is 419719 out of 10000000
DEBUG: Total dvariable address used is 2087 out of 150000
DEBUG: Total dvariable address used is 4013584 out of 50000000
DEBUG: Total gradient stack used is 419719 out of 10000000
DEBUG: Total dvariable address used is 2087 out of 150000
DEBUG: Total dvariable address used is 4013584 out of 50000000
DEBUG: Total gradient stack used is 419719 out of 10000000
DEBUG: Total dvariable address used is 2087 out of 150000
DEBUG: Total dvariable address used is 4013584 out of 50000000
DEBUG: Total gradient stack used is 419719 out of 10000000
DEBUG: Total dvariable address used is 2087 out of 150000
DEBUG: Total dvariable address used is 4013584 out of 50000000
DEBUG: Total gradient stack used is 419719 out of 10000000
DEBUG: Total dvariable address used is 2087 out of 150000
DEBUG: Total dvariable address used is 4013584 out of 50000000
DEBUG: Total gradient stack used is 419719 out of 10000000
DEBUG: Total dvariable address used is 2087 out of 150000
DEBUG: Total dvariable address used is 4013584 out of 50000000
DEBUG: Total gradient stack used is 419719 out of 10000000
DEBUG: Total dvariable address used is 2087 out of 150000
DEBUG: Total dvariable address used is 4013584 out of 50000000
DEBUG: Total gradient stack used is 419719 out of 10000000
DEBUG: Total dvariable address used is 2087 out of 150000
DEBUG: Total dvariable address used is 4013584 out of 50000000
DEBUG: Total gradient stack used is 419719 out of 10000000
DEBUG: Total dvariable address used is 2087 out of 150000
DEBUG: Total dvariable address used is 4013584 out of 50000000
DEBUG: Total gradient stack used is 419719 out of 10000000
DEBUG: Total dvariable address used is 2087 out of 150000
DEBUG: Total dvariable address used is 4013584 out of 50000000
DEBUG: Total gradient stack used is 419719 out of 10000000
DEBUG: Total dvariable address used is 2087 out of 150000
DEBUG: Total dvariable address used is 4013584 out of 50000000
DEBUG: Total gradient stack used is 419719 out of 10000000
DEBUG: Total dvariable address used is 2087 out of 150000
DEBUG: Total dvariable address used is 4013584 out of 50000000
DEBUG: Total gradient stack used is 419719 out of 10000000
DEBUG: Total dvariable address used is 2087 out of 150000
DEBUG: Total dvariable address used is 4013584 out of 50000000
DEBUG: Total gradient stack used is 419719 out of 10000000
DEBUG: Total dvariable address used is 2087 out of 150000
DEBUG: Total dvariable address used is 4013584 out of 50000000
DEBUG: Total gradient stack used is 419719 out of 10000000
DEBUG: Total dvariable address used is 2087 out of 150000
DEBUG: Total dvariable address used is 4013584 out of 50000000
DEBUG: Total gradient stack used is 419719 out of 10000000
DEBUG: Total dvariable address used is 2087 out of 150000
DEBUG: Total dvariable address used is 4013584 out of 50000000
DEBUG: Total gradient stack used is 419719 out of 10000000
DEBUG: Total dvariable address used is 2087 out of 150000
DEBUG: Total dvariable address used is 4013584 out of 50000000
DEBUG: Total gradient stack used is 419719 out of 10000000
DEBUG: Total dvariable address used is 2087 out of 150000
DEBUG: Total dvariable address used is 4013584 out of 50000000
DEBUG: Total gradient stack used is 419719 out of 10000000
DEBUG: Total dvariable address used is 2087 out of 150000
DEBUG: Total dvariable address used is 4013584 out of 50000000
DEBUG: Total gradient stack used is 419719 out of 10000000
DEBUG: Total dvariable address used is 2087 out of 150000
DEBUG: Total dvariable address used is 4013584 out of 50000000
DEBUG: Total gradient stack used is 419719 out of 10000000
DEBUG: Total dvariable address used is 2087 out of 150000
DEBUG: Total dvariable address used is 4013584 out of 50000000
DEBUG: Total gradient stack used is 419719 out of 10000000
DEBUG: Total dvariable address used is 2087 out of 150000
DEBUG: Total dvariable address used is 4013584 out of 50000000
DEBUG: Total gradient stack used is 419719 out of 10000000
DEBUG: Total dvariable address used is 2087 out of 150000
DEBUG: Total dvariable address used is 4013584 out of 50000000
DEBUG: Total gradient stack used is 419719 out of 10000000
DEBUG: Total dvariable address used is 2087 out of 150000
DEBUG: Total dvariable address used is 4013584 out of 50000000
DEBUG: Total gradient stack used is 419719 out of 10000000
DEBUG: Total dvariable address used is 2087 out of 150000
DEBUG: Total dvariable address used is 4013584 out of 50000000
DEBUG: Total gradient stack used is 419719 out of 10000000
DEBUG: Total dvariable address used is 2087 out of 150000
DEBUG: Total dvariable address used is 4013584 out of 50000000
DEBUG: Total gradient stack used is 419719 out of 10000000
DEBUG: Total dvariable address used is 2087 out of 150000
DEBUG: Total dvariable address used is 4013584 out of 50000000
DEBUG: Total gradient stack used is 419719 out of 10000000
DEBUG: Total dvariable address used is 2087 out of 150000
DEBUG: Total dvariable address used is 4013584 out of 50000000
DEBUG: Total gradient stack used is 419719 out of 10000000
DEBUG: Total dvariable address used is 2087 out of 150000
DEBUG: Total dvariable address used is 4013584 out of 50000000
DEBUG: Total gradient stack used is 419719 out of 10000000
DEBUG: Total dvariable address used is 2087 out of 150000
DEBUG: Total dvariable address used is 4013584 out of 50000000
DEBUG: Total gradient stack used is 419719 out of 10000000
DEBUG: Total dvariable address used is 2087 out of 150000
DEBUG: Total dvariable address used is 4013584 out of 50000000
DEBUG: Total gradient stack used is 419719 out of 10000000
DEBUG: Total dvariable address used is 2087 out of 150000
DEBUG: Total dvariable address used is 4013584 out of 50000000
DEBUG: Total gradient stack used is 419719 out of 10000000
DEBUG: Total dvariable address used is 2087 out of 150000
DEBUG: Total dvariable address used is 4013584 out of 50000000
DEBUG: Total gradient stack used is 419719 out of 10000000
DEBUG: Total dvariable address used is 2087 out of 150000
DEBUG: Total dvariable address used is 4013584 out of 50000000
DEBUG: Total gradient stack used is 419719 out of 10000000
DEBUG: Total dvariable address used is 2087 out of 150000
DEBUG: Total dvariable address used is 4013584 out of 50000000
DEBUG: Total gradient stack used is 419719 out of 10000000
DEBUG: Total dvariable address used is 2087 out of 150000
DEBUG: Total dvariable address used is 4013584 out of 50000000
DEBUG: Total gradient stack used is 419719 out of 10000000
DEBUG: Total dvariable address used is 2087 out of 150000
DEBUG: Total dvariable address used is 4013584 out of 50000000
DEBUG: Total gradient stack used is 419719 out of 10000000
DEBUG: Total dvariable address used is 2087 out of 150000
DEBUG: Total dvariable address used is 4013584 out of 50000000
DEBUG: Total gradient stack used is 419719 out of 10000000
DEBUG: Total dvariable address used is 2087 out of 150000
DEBUG: Total dvariable address used is 4013584 out of 50000000
DEBUG: Total gradient stack used is 419719 out of 10000000
DEBUG: Total dvariable address used is 2087 out of 150000
DEBUG: Total dvariable address used is 4013584 out of 50000000
DEBUG: Total gradient stack used is 419719 out of 10000000
DEBUG: Total dvariable address used is 2087 out of 150000
DEBUG: Total dvariable address used is 4013584 out of 50000000
DEBUG: Total gradient stack used is 419719 out of 10000000
DEBUG: Total dvariable address used is 2087 out of 150000
DEBUG: Total dvariable address used is 4013584 out of 50000000
DEBUG: Total gradient stack used is 419719 out of 10000000
DEBUG: Total dvariable address used is 2087 out of 150000
DEBUG: Total dvariable address used is 4013584 out of 50000000
DEBUG: Total gradient stack used is 419719 out of 10000000
DEBUG: Total dvariable address used is 2087 out of 150000
DEBUG: Total dvariable address used is 4013584 out of 50000000
DEBUG: Total gradient stack used is 419719 out of 10000000
DEBUG: Total dvariable address used is 2087 out of 150000
DEBUG: Total dvariable address used is 4013584 out of 50000000
DEBUG: Total gradient stack used is 419719 out of 10000000
DEBUG: Total dvariable address used is 2087 out of 150000
DEBUG: Total dvariable address used is 4013584 out of 50000000
DEBUG: Total gradient stack used is 419719 out of 10000000
DEBUG: Total dvariable address used is 2087 out of 150000
DEBUG: Total dvariable address used is 4013584 out of 50000000
DEBUG: Total gradient stack used is 419719 out of 10000000
DEBUG: Total dvariable address used is 2087 out of 150000
DEBUG: Total dvariable address used is 4013584 out of 50000000
DEBUG: Total gradient stack used is 419719 out of 10000000
DEBUG: Total dvariable address used is 2087 out of 150000
DEBUG: Total dvariable address used is 4013584 out of 50000000
DEBUG: Total gradient stack used is 419719 out of 10000000
DEBUG: Total dvariable address used is 2087 out of 150000
DEBUG: Total dvariable address used is 4013584 out of 50000000
DEBUG: Total gradient stack used is 419719 out of 10000000
DEBUG: Total dvariable address used is 2087 out of 150000
DEBUG: Total dvariable address used is 4013584 out of 50000000
DEBUG: Total gradient stack used is 419719 out of 10000000
DEBUG: Total dvariable address used is 2087 out of 150000
DEBUG: Total dvariable address used is 4013584 out of 50000000
DEBUG: Total gradient stack used is 419719 out of 10000000
DEBUG: Total dvariable address used is 2087 out of 150000
DEBUG: Total dvariable address used is 4013584 out of 50000000
DEBUG: Total gradient stack used is 419719 out of 10000000
DEBUG: Total dvariable address used is 2087 out of 150000
DEBUG: Total dvariable address used is 4013584 out of 50000000
DEBUG: Total gradient stack used is 419719 out of 10000000
DEBUG: Total dvariable address used is 2087 out of 150000
DEBUG: Total dvariable address used is 4013584 out of 50000000
DEBUG: Total gradient stack used is 419719 out of 10000000
DEBUG: Total dvariable address used is 2087 out of 150000
DEBUG: Total dvariable address used is 4013584 out of 50000000
DEBUG: Total gradient stack used is 419719 out of 10000000
DEBUG: Total dvariable address used is 2087 out of 150000
DEBUG: Total dvariable address used is 4013584 out of 50000000
DEBUG: Total gradient stack used is 419719 out of 10000000
DEBUG: Total dvariable address used is 2087 out of 150000
DEBUG: Total dvariable address used is 4013584 out of 50000000
DEBUG: Total gradient stack used is 419719 out of 10000000
DEBUG: Total dvariable address used is 2087 out of 150000
DEBUG: Total dvariable address used is 4013584 out of 50000000
DEBUG: Total gradient stack used is 419719 out of 10000000
DEBUG: Total dvariable address used is 2087 out of 150000
DEBUG: Total dvariable address used is 4013584 out of 50000000
DEBUG: Total gradient stack used is 419719 out of 10000000
DEBUG: Total dvariable address used is 2087 out of 150000
DEBUG: Total dvariable address used is 4013584 out of 50000000
DEBUG: Total gradient stack used is 419719 out of 10000000
DEBUG: Total dvariable address used is 2087 out of 150000
DEBUG: Total dvariable address used is 4013584 out of 50000000
DEBUG: Total gradient stack used is 419719 out of 10000000
DEBUG: Total dvariable address used is 2087 out of 150000
DEBUG: Total dvariable address used is 4013584 out of 50000000
DEBUG: Total gradient stack used is 419719 out of 10000000
DEBUG: Total dvariable address used is 2087 out of 150000
DEBUG: Total dvariable address used is 4013584 out of 50000000
DEBUG: Total gradient stack used is 419719 out of 10000000
DEBUG: Total dvariable address used is 2087 out of 150000
DEBUG: Total dvariable address used is 4013584 out of 50000000
DEBUG: Total gradient stack used is 419719 out of 10000000
DEBUG: Total dvariable address used is 2087 out of 150000
DEBUG: Total dvariable address used is 4013584 out of 50000000
DEBUG: Total gradient stack used is 419719 out of 10000000
DEBUG: Total dvariable address used is 2087 out of 150000
DEBUG: Total dvariable address used is 4013584 out of 50000000
DEBUG: Total gradient stack used is 419719 out of 10000000
DEBUG: Total dvariable address used is 2087 out of 150000
DEBUG: Total dvariable address used is 4013584 out of 50000000
DEBUG: Total gradient stack used is 419719 out of 10000000
DEBUG: Total dvariable address used is 2087 out of 150000
DEBUG: Total dvariable address used is 4013584 out of 50000000
DEBUG: Total gradient stack used is 419719 out of 10000000
DEBUG: Total dvariable address used is 2087 out of 150000
DEBUG: Total dvariable address used is 4013584 out of 50000000
DEBUG: Total gradient stack used is 419719 out of 10000000
DEBUG: Total dvariable address used is 2087 out of 150000
DEBUG: Total dvariable address used is 4013584 out of 50000000
DEBUG: Total gradient stack used is 419719 out of 10000000
DEBUG: Total dvariable address used is 2087 out of 150000
DEBUG: Total dvariable address used is 4013584 out of 50000000
DEBUG: Total gradient stack used is 419719 out of 10000000
DEBUG: Total dvariable address used is 2087 out of 150000
DEBUG: Total dvariable address used is 4013584 out of 50000000
DEBUG: Total gradient stack used is 419719 out of 10000000
DEBUG: Total dvariable address used is 2087 out of 150000
DEBUG: Total dvariable address used is 4013584 out of 50000000
DEBUG: Total gradient stack used is 419719 out of 10000000
DEBUG: Total dvariable address used is 2087 out of 150000
DEBUG: Total dvariable address used is 4013584 out of 50000000
DEBUG: Total gradient stack used is 419719 out of 10000000
DEBUG: Total dvariable address used is 2087 out of 150000
DEBUG: Total dvariable address used is 4013584 out of 50000000
DEBUG: Total gradient stack used is 419719 out of 10000000
DEBUG: Total dvariable address used is 2087 out of 150000
DEBUG: Total dvariable address used is 4013584 out of 50000000
DEBUG: Total gradient stack used is 419719 out of 10000000
DEBUG: Total dvariable address used is 2087 out of 150000
DEBUG: Total dvariable address used is 4013584 out of 50000000
DEBUG: Total gradient stack used is 419719 out of 10000000
DEBUG: Total dvariable address used is 2087 out of 150000
DEBUG: Total dvariable address used is 4013584 out of 50000000
DEBUG: Total gradient stack used is 419719 out of 10000000
DEBUG: Total dvariable address used is 2087 out of 150000
DEBUG: Total dvariable address used is 4013584 out of 50000000
DEBUG: Total gradient stack used is 419719 out of 10000000
DEBUG: Total dvariable address used is 2087 out of 150000
DEBUG: Total dvariable address used is 4013584 out of 50000000
DEBUG: Total gradient stack used is 419719 out of 10000000
DEBUG: Total dvariable address used is 2087 out of 150000
DEBUG: Total dvariable address used is 4013584 out of 50000000
DEBUG: Total gradient stack used is 419719 out of 10000000
DEBUG: Total dvariable address used is 2087 out of 150000
DEBUG: Total dvariable address used is 4013584 out of 50000000
DEBUG: Total gradient stack used is 419719 out of 10000000
DEBUG: Total dvariable address used is 2087 out of 150000
DEBUG: Total dvariable address used is 4013584 out of 50000000
DEBUG: Total gradient stack used is 419719 out of 10000000
DEBUG: Total dvariable address used is 2087 out of 150000
DEBUG: Total dvariable address used is 4013584 out of 50000000
DEBUG: Total gradient stack used is 419719 out of 10000000
DEBUG: Total dvariable address used is 2087 out of 150000
DEBUG: Total dvariable address used is 4013584 out of 50000000
DEBUG: Total gradient stack used is 419719 out of 10000000
DEBUG: Total dvariable address used is 2087 out of 150000
DEBUG: Total dvariable address used is 4013584 out of 50000000
DEBUG: Total gradient stack used is 419719 out of 10000000
DEBUG: Total dvariable address used is 2087 out of 150000
DEBUG: Total dvariable address used is 4013584 out of 50000000
DEBUG: Total gradient stack used is 419719 out of 10000000
DEBUG: Total dvariable address used is 2087 out of 150000
DEBUG: Total dvariable address used is 4013584 out of 50000000
DEBUG: Total gradient stack used is 419719 out of 10000000
DEBUG: Total dvariable address used is 2087 out of 150000
DEBUG: Total dvariable address used is 4013584 out of 50000000
DEBUG: Total gradient stack used is 419719 out of 10000000
DEBUG: Total dvariable address used is 2087 out of 150000
DEBUG: Total dvariable address used is 4013584 out of 50000000
DEBUG: Total gradient stack used is 419719 out of 10000000
DEBUG: Total dvariable address used is 2087 out of 150000
DEBUG: Total dvariable address used is 4013584 out of 50000000
DEBUG: Total gradient stack used is 419719 out of 10000000
DEBUG: Total dvariable address used is 2087 out of 150000
DEBUG: Total dvariable address used is 4013584 out of 50000000
DEBUG: Total gradient stack used is 419719 out of 10000000
DEBUG: Total dvariable address used is 2087 out of 150000
DEBUG: Total dvariable address used is 4013584 out of 50000000
DEBUG: Total gradient stack used is 419719 out of 10000000
DEBUG: Total dvariable address used is 2087 out of 150000
DEBUG: Total dvariable address used is 4013584 out of 50000000
DEBUG: Total gradient stack used is 419719 out of 10000000
DEBUG: Total dvariable address used is 2087 out of 150000
DEBUG: Total dvariable address used is 4013584 out of 50000000
DEBUG: Total gradient stack used is 419719 out of 10000000
DEBUG: Total dvariable address used is 2087 out of 150000
DEBUG: Total dvariable address used is 4013584 out of 50000000
DEBUG: Total gradient stack used is 419719 out of 10000000
DEBUG: Total dvariable address used is 2087 out of 150000
DEBUG: Total dvariable address used is 4013584 out of 50000000
DEBUG: Total gradient stack used is 419719 out of 10000000
DEBUG: Total dvariable address used is 2087 out of 150000
DEBUG: Total dvariable address used is 4013584 out of 50000000
DEBUG: Total gradient stack used is 419719 out of 10000000
DEBUG: Total dvariable address used is 2087 out of 150000
DEBUG: Total dvariable address used is 4013584 out of 50000000
DEBUG: Total gradient stack used is 419719 out of 10000000
DEBUG: Total dvariable address used is 2087 out of 150000
DEBUG: Total dvariable address used is 4013584 out of 50000000
DEBUG: Total gradient stack used is 419719 out of 10000000
DEBUG: Total dvariable address used is 2087 out of 150000
DEBUG: Total dvariable address used is 4013584 out of 50000000
DEBUG: Total gradient stack used is 419719 out of 10000000
DEBUG: Total dvariable address used is 2087 out of 150000
DEBUG: Total dvariable address used is 4013584 out of 50000000
DEBUG: Total gradient stack used is 419719 out of 10000000
DEBUG: Total dvariable address used is 2087 out of 150000
DEBUG: Total dvariable address used is 4013584 out of 50000000
DEBUG: Total gradient stack used is 419719 out of 10000000
DEBUG: Total dvariable address used is 2087 out of 150000
DEBUG: Total dvariable address used is 4013584 out of 50000000
DEBUG: Total gradient stack used is 419719 out of 10000000
DEBUG: Total dvariable address used is 2087 out of 150000
DEBUG: Total dvariable address used is 4013584 out of 50000000
DEBUG: Total gradient stack used is 419719 out of 10000000
DEBUG: Total dvariable address used is 2087 out of 150000
DEBUG: Total dvariable address used is 4013584 out of 50000000
DEBUG: Total gradient stack used is 419719 out of 10000000
DEBUG: Total dvariable address used is 2087 out of 150000
DEBUG: Total dvariable address used is 4013584 out of 50000000
DEBUG: Total gradient stack used is 419719 out of 10000000
DEBUG: Total dvariable address used is 2087 out of 150000
DEBUG: Total dvariable address used is 4013584 out of 50000000
DEBUG: Total gradient stack used is 419719 out of 10000000
DEBUG: Total dvariable address used is 2087 out of 150000
DEBUG: Total dvariable address used is 4013584 out of 50000000
DEBUG: Total gradient stack used is 419719 out of 10000000
DEBUG: Total dvariable address used is 2087 out of 150000
DEBUG: Total dvariable address used is 4013584 out of 50000000
DEBUG: Total gradient stack used is 419719 out of 10000000
DEBUG: Total dvariable address used is 2087 out of 150000
DEBUG: Total dvariable address used is 4013584 out of 50000000
DEBUG: Total gradient stack used is 419719 out of 10000000
DEBUG: Total dvariable address used is 2087 out of 150000
DEBUG: Total dvariable address used is 4013584 out of 50000000
DEBUG: Total gradient stack used is 419719 out of 10000000
DEBUG: Total dvariable address used is 2087 out of 150000
DEBUG: Total dvariable address used is 4013584 out of 50000000
DEBUG: Total gradient stack used is 419719 out of 10000000
DEBUG: Total dvariable address used is 2087 out of 150000
DEBUG: Total dvariable address used is 4013584 out of 50000000
DEBUG: Total gradient stack used is 419719 out of 10000000
DEBUG: Total dvariable address used is 2087 out of 150000
DEBUG: Total dvariable address used is 4013584 out of 50000000
DEBUG: Total gradient stack used is 419719 out of 10000000
DEBUG: Total dvariable address used is 2087 out of 150000
DEBUG: Total dvariable address used is 4013584 out of 50000000
DEBUG: Total gradient stack used is 419719 out of 10000000
DEBUG: Total dvariable address used is 2087 out of 150000
DEBUG: Total dvariable address used is 4013584 out of 50000000
DEBUG: Total gradient stack used is 419719 out of 10000000
DEBUG: Total dvariable address used is 2087 out of 150000
DEBUG: Total dvariable address used is 4013584 out of 50000000
DEBUG: Total gradient stack used is 419719 out of 10000000
DEBUG: Total dvariable address used is 2087 out of 150000
DEBUG: Total dvariable address used is 4013584 out of 50000000
DEBUG: Total gradient stack used is 419719 out of 10000000
DEBUG: Total dvariable address used is 2087 out of 150000
DEBUG: Total dvariable address used is 4013584 out of 50000000
DEBUG: Total gradient stack used is 419719 out of 10000000
DEBUG: Total dvariable address used is 2087 out of 150000
DEBUG: Total dvariable address used is 4013584 out of 50000000
DEBUG: Total gradient stack used is 419719 out of 10000000
DEBUG: Total dvariable address used is 2087 out of 150000
DEBUG: Total dvariable address used is 4013584 out of 50000000
DEBUG: Total gradient stack used is 419719 out of 10000000
DEBUG: Total dvariable address used is 2087 out of 150000
DEBUG: Total dvariable address used is 4013584 out of 50000000
DEBUG: Total gradient stack used is 419719 out of 10000000
DEBUG: Total dvariable address used is 2087 out of 150000
DEBUG: Total dvariable address used is 4013584 out of 50000000
DEBUG: Total gradient stack used is 419719 out of 10000000
DEBUG: Total dvariable address used is 2087 out of 150000
DEBUG: Total dvariable address used is 4013584 out of 50000000
DEBUG: Total gradient stack used is 419719 out of 10000000
DEBUG: Total dvariable address used is 2087 out of 150000
DEBUG: Total dvariable address used is 4013584 out of 50000000
DEBUG: Total gradient stack used is 419719 out of 10000000
DEBUG: Total dvariable address used is 2087 out of 150000
DEBUG: Total dvariable address used is 4013584 out of 50000000
DEBUG: Total gradient stack used is 419719 out of 10000000
DEBUG: Total dvariable address used is 2087 out of 150000
DEBUG: Total dvariable address used is 4013584 out of 50000000
DEBUG: Total gradient stack used is 419719 out of 10000000
DEBUG: Total dvariable address used is 2087 out of 150000
DEBUG: Total dvariable address used is 4013584 out of 50000000
DEBUG: Total gradient stack used is 419719 out of 10000000
DEBUG: Total dvariable address used is 2087 out of 150000
DEBUG: Total dvariable address used is 4013584 out of 50000000
DEBUG: Total gradient stack used is 419719 out of 10000000
DEBUG: Total dvariable address used is 2087 out of 150000
DEBUG: Total dvariable address used is 4013584 out of 50000000
DEBUG: Total gradient stack used is 419719 out of 10000000
DEBUG: Total dvariable address used is 2087 out of 150000
DEBUG: Total dvariable address used is 4013584 out of 50000000
DEBUG: Total gradient stack used is 419719 out of 10000000
DEBUG: Total dvariable address used is 2087 out of 150000
DEBUG: Total dvariable address used is 4013584 out of 50000000
DEBUG: Total gradient stack used is 419719 out of 10000000
DEBUG: Total dvariable address used is 2087 out of 150000
DEBUG: Total dvariable address used is 4013584 out of 50000000
DEBUG: Total gradient stack used is 419719 out of 10000000
DEBUG: Total dvariable address used is 2087 out of 150000
DEBUG: Total dvariable address used is 4013584 out of 50000000
DEBUG: Total gradient stack used is 419719 out of 10000000
DEBUG: Total dvariable address used is 2087 out of 150000
DEBUG: Total dvariable address used is 4013584 out of 50000000
DEBUG: Total gradient stack used is 419719 out of 10000000
DEBUG: Total dvariable address used is 2087 out of 150000
DEBUG: Total dvariable address used is 4013584 out of 50000000
DEBUG: Total gradient stack used is 419719 out of 10000000
DEBUG: Total dvariable address used is 2087 out of 150000
DEBUG: Total dvariable address used is 4013584 out of 50000000
DEBUG: Total gradient stack used is 419719 out of 10000000
DEBUG: Total dvariable address used is 2087 out of 150000
DEBUG: Total dvariable address used is 4013584 out of 50000000
DEBUG: Total gradient stack used is 419719 out of 10000000
DEBUG: Total dvariable address used is 2087 out of 150000
DEBUG: Total dvariable address used is 4013584 out of 50000000
DEBUG: Total gradient stack used is 419719 out of 10000000
DEBUG: Total dvariable address used is 2087 out of 150000
DEBUG: Total dvariable address used is 4013584 out of 50000000
DEBUG: Total gradient stack used is 419719 out of 10000000
DEBUG: Total dvariable address used is 2087 out of 150000
DEBUG: Total dvariable address used is 4013584 out of 50000000
DEBUG: Total gradient stack used is 419719 out of 10000000
DEBUG: Total dvariable address used is 2087 out of 150000
DEBUG: Total dvariable address used is 4013584 out of 50000000
DEBUG: Total gradient stack used is 419719 out of 10000000
DEBUG: Total dvariable address used is 2087 out of 150000
DEBUG: Total dvariable address used is 4013584 out of 50000000
DEBUG: Total gradient stack used is 419719 out of 10000000
DEBUG: Total dvariable address used is 2087 out of 150000
DEBUG: Total dvariable address used is 4013584 out of 50000000
DEBUG: Total gradient stack used is 419719 out of 10000000
DEBUG: Total dvariable address used is 2087 out of 150000
DEBUG: Total dvariable address used is 4013584 out of 50000000
DEBUG: Total gradient stack used is 419719 out of 10000000
DEBUG: Total dvariable address used is 2087 out of 150000
DEBUG: Total dvariable address used is 4013584 out of 50000000
DEBUG: Total gradient stack used is 419719 out of 10000000
DEBUG: Total dvariable address used is 2087 out of 150000
DEBUG: Total dvariable address used is 4013584 out of 50000000
DEBUG: Total gradient stack used is 419719 out of 10000000
DEBUG: Total dvariable address used is 2087 out of 150000
DEBUG: Total dvariable address used is 4013584 out of 50000000
DEBUG: Total gradient stack used is 419719 out of 10000000
DEBUG: Total dvariable address used is 2087 out of 150000
DEBUG: Total dvariable address used is 4013584 out of 50000000
DEBUG: Total gradient stack used is 419719 out of 10000000
DEBUG: Total dvariable address used is 2087 out of 150000
DEBUG: Total dvariable address used is 4013584 out of 50000000
DEBUG: Total gradient stack used is 419719 out of 10000000
DEBUG: Total dvariable address used is 2087 out of 150000
DEBUG: Total dvariable address used is 4013584 out of 50000000
DEBUG: Total gradient stack used is 419719 out of 10000000
DEBUG: Total dvariable address used is 2087 out of 150000
DEBUG: Total dvariable address used is 4013584 out of 50000000
DEBUG: Total gradient stack used is 419719 out of 10000000
DEBUG: Total dvariable address used is 2087 out of 150000
DEBUG: Total dvariable address used is 4013584 out of 50000000
DEBUG: Total gradient stack used is 419719 out of 10000000
DEBUG: Total dvariable address used is 2087 out of 150000
DEBUG: Total dvariable address used is 4013584 out of 50000000
DEBUG: Total gradient stack used is 419719 out of 10000000
DEBUG: Total dvariable address used is 2087 out of 150000
DEBUG: Total dvariable address used is 4013584 out of 50000000
DEBUG: Total gradient stack used is 419719 out of 10000000
DEBUG: Total dvariable address used is 2087 out of 150000
DEBUG: Total dvariable address used is 4013584 out of 50000000
DEBUG: Total gradient stack used is 419719 out of 10000000
DEBUG: Total dvariable address used is 2087 out of 150000
DEBUG: Total dvariable address used is 4013584 out of 50000000
DEBUG: Total gradient stack used is 419719 out of 10000000
DEBUG: Total dvariable address used is 2087 out of 150000
DEBUG: Total dvariable address used is 4013584 out of 50000000
DEBUG: Total gradient stack used is 419719 out of 10000000
DEBUG: Total dvariable address used is 2087 out of 150000
DEBUG: Total dvariable address used is 4013584 out of 50000000
DEBUG: Total gradient stack used is 419719 out of 10000000
DEBUG: Total dvariable address used is 2087 out of 150000
DEBUG: Total dvariable address used is 4013584 out of 50000000
DEBUG: Total gradient stack used is 419719 out of 10000000
DEBUG: Total dvariable address used is 2087 out of 150000
DEBUG: Total dvariable address used is 4013584 out of 50000000
DEBUG: Total gradient stack used is 419719 out of 10000000
DEBUG: Total dvariable address used is 2087 out of 150000
DEBUG: Total dvariable address used is 4013584 out of 50000000
DEBUG: Total gradient stack used is 419719 out of 10000000
DEBUG: Total dvariable address used is 2087 out of 150000
DEBUG: Total dvariable address used is 4013584 out of 50000000
DEBUG: Total gradient stack used is 419719 out of 10000000
DEBUG: Total dvariable address used is 2087 out of 150000
DEBUG: Total dvariable address used is 4013584 out of 50000000
DEBUG: Total gradient stack used is 419719 out of 10000000
DEBUG: Total dvariable address used is 2087 out of 150000
DEBUG: Total dvariable address used is 4013584 out of 50000000
DEBUG: Total gradient stack used is 419719 out of 10000000
DEBUG: Total dvariable address used is 2087 out of 150000
DEBUG: Total dvariable address used is 4013584 out of 50000000
DEBUG: Total gradient stack used is 419719 out of 10000000
DEBUG: Total dvariable address used is 2087 out of 150000
DEBUG: Total dvariable address used is 4013584 out of 50000000
DEBUG: Total gradient stack used is 419719 out of 10000000
DEBUG: Total dvariable address used is 2087 out of 150000
DEBUG: Total dvariable address used is 4013584 out of 50000000
DEBUG: Total gradient stack used is 419719 out of 10000000
DEBUG: Total dvariable address used is 2087 out of 150000
DEBUG: Total dvariable address used is 4013584 out of 50000000
DEBUG: Total gradient stack used is 419719 out of 10000000
DEBUG: Total dvariable address used is 2087 out of 150000
DEBUG: Total dvariable address used is 4013584 out of 50000000
DEBUG: Total gradient stack used is 419719 out of 10000000
DEBUG: Total dvariable address used is 2087 out of 150000
DEBUG: Total dvariable address used is 4013584 out of 50000000
DEBUG: Total gradient stack used is 419719 out of 10000000
DEBUG: Total dvariable address used is 2087 out of 150000
DEBUG: Total dvariable address used is 4013584 out of 50000000
DEBUG: Total gradient stack used is 419719 out of 10000000
DEBUG: Total dvariable address used is 2087 out of 150000
DEBUG: Total dvariable address used is 4013584 out of 50000000
DEBUG: Total gradient stack used is 419719 out of 10000000
DEBUG: Total dvariable address used is 2087 out of 150000
DEBUG: Total dvariable address used is 4013584 out of 50000000
DEBUG: Total gradient stack used is 419719 out of 10000000
DEBUG: Total dvariable address used is 2087 out of 150000
DEBUG: Total dvariable address used is 4013584 out of 50000000
DEBUG: Total gradient stack used is 419719 out of 10000000
DEBUG: Total dvariable address used is 2087 out of 150000
DEBUG: Total dvariable address used is 4013584 out of 50000000
DEBUG: Total gradient stack used is 419719 out of 10000000
DEBUG: Total dvariable address used is 2087 out of 150000
DEBUG: Total dvariable address used is 4013584 out of 50000000
DEBUG: Total gradient stack used is 419719 out of 10000000
DEBUG: Total dvariable address used is 2087 out of 150000
DEBUG: Total dvariable address used is 4013584 out of 50000000
DEBUG: Total gradient stack used is 419719 out of 10000000
DEBUG: Total dvariable address used is 2087 out of 150000
DEBUG: Total dvariable address used is 4013584 out of 50000000
DEBUG: Total gradient stack used is 419719 out of 10000000
DEBUG: Total dvariable address used is 2087 out of 150000
DEBUG: Total dvariable address used is 4013584 out of 50000000
DEBUG: Total gradient stack used is 419719 out of 10000000
DEBUG: Total dvariable address used is 2087 out of 150000
DEBUG: Total dvariable address used is 4013584 out of 50000000
DEBUG: Total gradient stack used is 419719 out of 10000000
DEBUG: Total dvariable address used is 2087 out of 150000
DEBUG: Total dvariable address used is 4013584 out of 50000000
DEBUG: Total gradient stack used is 419719 out of 10000000
DEBUG: Total dvariable address used is 2087 out of 150000
DEBUG: Total dvariable address used is 4013584 out of 50000000
DEBUG: Total gradient stack used is 419719 out of 10000000
DEBUG: Total dvariable address used is 2087 out of 150000
DEBUG: Total dvariable address used is 4013584 out of 50000000
DEBUG: Total gradient stack used is 419719 out of 10000000
DEBUG: Total dvariable address used is 2087 out of 150000
DEBUG: Total dvariable address used is 4013584 out of 50000000
DEBUG: Total gradient stack used is 419719 out of 10000000
DEBUG: Total dvariable address used is 2087 out of 150000
DEBUG: Total dvariable address used is 4013584 out of 50000000
DEBUG: Total gradient stack used is 419719 out of 10000000
DEBUG: Total dvariable address used is 2087 out of 150000
DEBUG: Total dvariable address used is 4013584 out of 50000000
DEBUG: Total gradient stack used is 419719 out of 10000000
DEBUG: Total dvariable address used is 2087 out of 150000
DEBUG: Total dvariable address used is 4013584 out of 50000000
DEBUG: Total gradient stack used is 419719 out of 10000000
DEBUG: Total dvariable address used is 2087 out of 150000
DEBUG: Total dvariable address used is 4013584 out of 50000000
DEBUG: Total gradient stack used is 419719 out of 10000000
DEBUG: Total dvariable address used is 2087 out of 150000
DEBUG: Total dvariable address used is 4013584 out of 50000000
DEBUG: Total gradient stack used is 419719 out of 10000000
DEBUG: Total dvariable address used is 2087 out of 150000
DEBUG: Total dvariable address used is 4013584 out of 50000000
DEBUG: Total gradient stack used is 419719 out of 10000000
DEBUG: Total dvariable address used is 2087 out of 150000
DEBUG: Total dvariable address used is 4013584 out of 50000000
DEBUG: Total gradient stack used is 419719 out of 10000000
DEBUG: Total dvariable address used is 2087 out of 150000
DEBUG: Total dvariable address used is 4013584 out of 50000000
DEBUG: Total gradient stack used is 419719 out of 10000000
DEBUG: Total dvariable address used is 2087 out of 150000
DEBUG: Total dvariable address used is 4013584 out of 50000000
DEBUG: Total gradient stack used is 419719 out of 10000000
DEBUG: Total dvariable address used is 2087 out of 150000
DEBUG: Total dvariable address used is 4013584 out of 50000000
DEBUG: Total gradient stack used is 419719 out of 10000000
DEBUG: Total dvariable address used is 2087 out of 150000
DEBUG: Total dvariable address used is 4013584 out of 50000000
DEBUG: Total gradient stack used is 419719 out of 10000000
DEBUG: Total dvariable address used is 2087 out of 150000
DEBUG: Total dvariable address used is 4013584 out of 50000000
DEBUG: Total gradient stack used is 419719 out of 10000000
DEBUG: Total dvariable address used is 2087 out of 150000
DEBUG: Total dvariable address used is 4013584 out of 50000000
DEBUG: Total gradient stack used is 419719 out of 10000000
DEBUG: Total dvariable address used is 2087 out of 150000
DEBUG: Total dvariable address used is 4013584 out of 50000000
DEBUG: Total gradient stack used is 419719 out of 10000000
DEBUG: Total dvariable address used is 2087 out of 150000
DEBUG: Total dvariable address used is 4013584 out of 50000000
DEBUG: Total gradient stack used is 419719 out of 10000000
DEBUG: Total dvariable address used is 2087 out of 150000
DEBUG: Total dvariable address used is 4013584 out of 50000000
DEBUG: Total gradient stack used is 419719 out of 10000000
DEBUG: Total dvariable address used is 2087 out of 150000
DEBUG: Total dvariable address used is 4013584 out of 50000000
DEBUG: Total gradient stack used is 419719 out of 10000000
DEBUG: Total dvariable address used is 2087 out of 150000
DEBUG: Total dvariable address used is 4013584 out of 50000000
DEBUG: Total gradient stack used is 419719 out of 10000000
DEBUG: Total dvariable address used is 2087 out of 150000
DEBUG: Total dvariable address used is 4013584 out of 50000000
DEBUG: Total gradient stack used is 419719 out of 10000000
DEBUG: Total dvariable address used is 2087 out of 150000
DEBUG: Total dvariable address used is 4013584 out of 50000000
DEBUG: Total gradient stack used is 419719 out of 10000000
DEBUG: Total dvariable address used is 2087 out of 150000
DEBUG: Total dvariable address used is 4013584 out of 50000000
DEBUG: Total gradient stack used is 419719 out of 10000000
DEBUG: Total dvariable address used is 2087 out of 150000
DEBUG: Total dvariable address used is 4013584 out of 50000000
DEBUG: Total gradient stack used is 419719 out of 10000000
DEBUG: Total dvariable address used is 2087 out of 150000
DEBUG: Total dvariable address used is 4013584 out of 50000000
DEBUG: Total gradient stack used is 419719 out of 10000000
DEBUG: Total dvariable address used is 2087 out of 150000
DEBUG: Total dvariable address used is 4013584 out of 50000000
DEBUG: Total gradient stack used is 419719 out of 10000000
DEBUG: Total dvariable address used is 2087 out of 150000
DEBUG: Total dvariable address used is 4013584 out of 50000000
DEBUG: Total gradient stack used is 419719 out of 10000000
DEBUG: Total dvariable address used is 2087 out of 150000
DEBUG: Total dvariable address used is 4013584 out of 50000000
DEBUG: Total gradient stack used is 419719 out of 10000000
DEBUG: Total dvariable address used is 2087 out of 150000
DEBUG: Total dvariable address used is 4013584 out of 50000000
DEBUG: Total gradient stack used is 419719 out of 10000000
DEBUG: Total dvariable address used is 2087 out of 150000
DEBUG: Total dvariable address used is 4013584 out of 50000000
DEBUG: Total gradient stack used is 419719 out of 10000000
DEBUG: Total dvariable address used is 2087 out of 150000
DEBUG: Total dvariable address used is 4013584 out of 50000000
DEBUG: Total gradient stack used is 419719 out of 10000000
DEBUG: Total dvariable address used is 2087 out of 150000
DEBUG: Total dvariable address used is 4013584 out of 50000000
DEBUG: Total gradient stack used is 419719 out of 10000000
DEBUG: Total dvariable address used is 2087 out of 150000
DEBUG: Total dvariable address used is 4013584 out of 50000000
DEBUG: Total gradient stack used is 419719 out of 10000000
DEBUG: Total dvariable address used is 2087 out of 150000
DEBUG: Total dvariable address used is 4013584 out of 50000000
DEBUG: Total gradient stack used is 419719 out of 10000000
DEBUG: Total dvariable address used is 2087 out of 150000
DEBUG: Total dvariable address used is 4013584 out of 50000000
DEBUG: Total gradient stack used is 419719 out of 10000000
DEBUG: Total dvariable address used is 2087 out of 150000
DEBUG: Total dvariable address used is 4013584 out of 50000000
DEBUG: Total gradient stack used is 419719 out of 10000000
DEBUG: Total dvariable address used is 2087 out of 150000
DEBUG: Total dvariable address used is 4013584 out of 50000000
DEBUG: Total gradient stack used is 419719 out of 10000000
DEBUG: Total dvariable address used is 2087 out of 150000
DEBUG: Total dvariable address used is 4013584 out of 50000000
DEBUG: Total gradient stack used is 419719 out of 10000000
DEBUG: Total dvariable address used is 2087 out of 150000
DEBUG: Total dvariable address used is 4013584 out of 50000000
DEBUG: Total gradient stack used is 419719 out of 10000000
DEBUG: Total dvariable address used is 2087 out of 150000
DEBUG: Total dvariable address used is 4013584 out of 50000000
DEBUG: Total gradient stack used is 419719 out of 10000000
DEBUG: Total dvariable address used is 2087 out of 150000
DEBUG: Total dvariable address used is 4013584 out of 50000000
DEBUG: Total gradient stack used is 419719 out of 10000000
DEBUG: Total dvariable address used is 2087 out of 150000
DEBUG: Total dvariable address used is 4013584 out of 50000000
DEBUG: Total gradient stack used is 419719 out of 10000000
DEBUG: Total dvariable address used is 2087 out of 150000
DEBUG: Total dvariable address used is 4013584 out of 50000000
DEBUG: Total gradient stack used is 419719 out of 10000000
DEBUG: Total dvariable address used is 2087 out of 150000
DEBUG: Total dvariable address used is 4013584 out of 50000000
DEBUG: Total gradient stack used is 419719 out of 10000000
DEBUG: Total dvariable address used is 2087 out of 150000
DEBUG: Total dvariable address used is 4013584 out of 50000000
DEBUG: Total gradient stack used is 419719 out of 10000000
DEBUG: Total dvariable address used is 2087 out of 150000
DEBUG: Total dvariable address used is 4013584 out of 50000000
DEBUG: Total gradient stack used is 419719 out of 10000000
DEBUG: Total dvariable address used is 2087 out of 150000
DEBUG: Total dvariable address used is 4013584 out of 50000000
DEBUG: Total gradient stack used is 419719 out of 10000000
DEBUG: Total dvariable address used is 2087 out of 150000
DEBUG: Total dvariable address used is 4013584 out of 50000000
DEBUG: Total gradient stack used is 419719 out of 10000000
DEBUG: Total dvariable address used is 2087 out of 150000
DEBUG: Total dvariable address used is 4013584 out of 50000000
DEBUG: Total gradient stack used is 419719 out of 10000000
DEBUG: Total dvariable address used is 2087 out of 150000
DEBUG: Total dvariable address used is 4013584 out of 50000000
DEBUG: Total gradient stack used is 419719 out of 10000000
DEBUG: Total dvariable address used is 2087 out of 150000
DEBUG: Total dvariable address used is 4013584 out of 50000000
DEBUG: Total gradient stack used is 419719 out of 10000000
DEBUG: Total dvariable address used is 2087 out of 150000
DEBUG: Total dvariable address used is 4013584 out of 50000000
DEBUG: Total gradient stack used is 419719 out of 10000000
DEBUG: Total dvariable address used is 2087 out of 150000
DEBUG: Total dvariable address used is 4013584 out of 50000000
DEBUG: Total gradient stack used is 419719 out of 10000000
DEBUG: Total dvariable address used is 2087 out of 150000
DEBUG: Total dvariable address used is 4013584 out of 50000000
DEBUG: Total gradient stack used is 419719 out of 10000000
DEBUG: Total dvariable address used is 2087 out of 150000
DEBUG: Total dvariable address used is 4013584 out of 50000000
DEBUG: Total gradient stack used is 419719 out of 10000000
DEBUG: Total dvariable address used is 2087 out of 150000
DEBUG: Total dvariable address used is 4013584 out of 50000000
DEBUG: Total gradient stack used is 419719 out of 10000000
DEBUG: Total dvariable address used is 2087 out of 150000
DEBUG: Total dvariable address used is 4013584 out of 50000000
DEBUG: Total gradient stack used is 419719 out of 10000000
DEBUG: Total dvariable address used is 2087 out of 150000
DEBUG: Total dvariable address used is 4013584 out of 50000000
DEBUG: Total gradient stack used is 419719 out of 10000000
DEBUG: Total dvariable address used is 2087 out of 150000
DEBUG: Total dvariable address used is 4013584 out of 50000000
DEBUG: Total gradient stack used is 419719 out of 10000000
DEBUG: Total dvariable address used is 2087 out of 150000
DEBUG: Total dvariable address used is 4013584 out of 50000000
DEBUG: Total gradient stack used is 419719 out of 10000000
DEBUG: Total dvariable address used is 2087 out of 150000
DEBUG: Total dvariable address used is 4013584 out of 50000000
DEBUG: Total gradient stack used is 419719 out of 10000000
DEBUG: Total dvariable address used is 2087 out of 150000
DEBUG: Total dvariable address used is 4013584 out of 50000000
DEBUG: Total gradient stack used is 419719 out of 10000000
DEBUG: Total dvariable address used is 2087 out of 150000
DEBUG: Total dvariable address used is 4013584 out of 50000000
DEBUG: Total gradient stack used is 419719 out of 10000000
DEBUG: Total dvariable address used is 2087 out of 150000
DEBUG: Total dvariable address used is 4013584 out of 50000000
DEBUG: Total gradient stack used is 419719 out of 10000000
DEBUG: Total dvariable address used is 2087 out of 150000
DEBUG: Total dvariable address used is 4013584 out of 50000000
DEBUG: Total gradient stack used is 419719 out of 10000000
DEBUG: Total dvariable address used is 2087 out of 150000
DEBUG: Total dvariable address used is 4013584 out of 50000000
DEBUG: Total gradient stack used is 419719 out of 10000000
DEBUG: Total dvariable address used is 2087 out of 150000
DEBUG: Total dvariable address used is 4013584 out of 50000000
DEBUG: Total gradient stack used is 419719 out of 10000000
DEBUG: Total dvariable address used is 2087 out of 150000
DEBUG: Total dvariable address used is 4013584 out of 50000000
, 40%DEBUG: Total gradient stack used is 419719 out of 10000000
DEBUG: Total dvariable address used is 2087 out of 150000
DEBUG: Total dvariable address used is 4013584 out of 50000000
DEBUG: Total gradient stack used is 419719 out of 10000000
DEBUG: Total dvariable address used is 2087 out of 150000
DEBUG: Total dvariable address used is 4013584 out of 50000000
DEBUG: Total gradient stack used is 419719 out of 10000000
DEBUG: Total dvariable address used is 2087 out of 150000
DEBUG: Total dvariable address used is 4013584 out of 50000000
DEBUG: Total gradient stack used is 419719 out of 10000000
DEBUG: Total dvariable address used is 2087 out of 150000
DEBUG: Total dvariable address used is 4013584 out of 50000000
DEBUG: Total gradient stack used is 419719 out of 10000000
DEBUG: Total dvariable address used is 2087 out of 150000
DEBUG: Total dvariable address used is 4013584 out of 50000000
DEBUG: Total gradient stack used is 419719 out of 10000000
DEBUG: Total dvariable address used is 2087 out of 150000
DEBUG: Total dvariable address used is 4013584 out of 50000000
DEBUG: Total gradient stack used is 419719 out of 10000000
DEBUG: Total dvariable address used is 2087 out of 150000
DEBUG: Total dvariable address used is 4013584 out of 50000000
DEBUG: Total gradient stack used is 419719 out of 10000000
DEBUG: Total dvariable address used is 2087 out of 150000
DEBUG: Total dvariable address used is 4013584 out of 50000000
DEBUG: Total gradient stack used is 419719 out of 10000000
DEBUG: Total dvariable address used is 2087 out of 150000
DEBUG: Total dvariable address used is 4013584 out of 50000000
DEBUG: Total gradient stack used is 419719 out of 10000000
DEBUG: Total dvariable address used is 2087 out of 150000
DEBUG: Total dvariable address used is 4013584 out of 50000000
DEBUG: Total gradient stack used is 419719 out of 10000000
DEBUG: Total dvariable address used is 2087 out of 150000
DEBUG: Total dvariable address used is 4013584 out of 50000000
DEBUG: Total gradient stack used is 419719 out of 10000000
DEBUG: Total dvariable address used is 2087 out of 150000
DEBUG: Total dvariable address used is 4013584 out of 50000000
DEBUG: Total gradient stack used is 419719 out of 10000000
DEBUG: Total dvariable address used is 2087 out of 150000
DEBUG: Total dvariable address used is 4013584 out of 50000000
DEBUG: Total gradient stack used is 419719 out of 10000000
DEBUG: Total dvariable address used is 2087 out of 150000
DEBUG: Total dvariable address used is 4013584 out of 50000000
DEBUG: Total gradient stack used is 419719 out of 10000000
DEBUG: Total dvariable address used is 2087 out of 150000
DEBUG: Total dvariable address used is 4013584 out of 50000000
DEBUG: Total gradient stack used is 419719 out of 10000000
DEBUG: Total dvariable address used is 2087 out of 150000
DEBUG: Total dvariable address used is 4013584 out of 50000000
DEBUG: Total gradient stack used is 419719 out of 10000000
DEBUG: Total dvariable address used is 2087 out of 150000
DEBUG: Total dvariable address used is 4013584 out of 50000000
DEBUG: Total gradient stack used is 419719 out of 10000000
DEBUG: Total dvariable address used is 2087 out of 150000
DEBUG: Total dvariable address used is 4013584 out of 50000000
DEBUG: Total gradient stack used is 419719 out of 10000000
DEBUG: Total dvariable address used is 2087 out of 150000
DEBUG: Total dvariable address used is 4013584 out of 50000000
DEBUG: Total gradient stack used is 419719 out of 10000000
DEBUG: Total dvariable address used is 2087 out of 150000
DEBUG: Total dvariable address used is 4013584 out of 50000000
DEBUG: Total gradient stack used is 419719 out of 10000000
DEBUG: Total dvariable address used is 2087 out of 150000
DEBUG: Total dvariable address used is 4013584 out of 50000000
DEBUG: Total gradient stack used is 419719 out of 10000000
DEBUG: Total dvariable address used is 2087 out of 150000
DEBUG: Total dvariable address used is 4013584 out of 50000000
DEBUG: Total gradient stack used is 419719 out of 10000000
DEBUG: Total dvariable address used is 2087 out of 150000
DEBUG: Total dvariable address used is 4013584 out of 50000000
DEBUG: Total gradient stack used is 419719 out of 10000000
DEBUG: Total dvariable address used is 2087 out of 150000
DEBUG: Total dvariable address used is 4013584 out of 50000000
DEBUG: Total gradient stack used is 419719 out of 10000000
DEBUG: Total dvariable address used is 2087 out of 150000
DEBUG: Total dvariable address used is 4013584 out of 50000000
DEBUG: Total gradient stack used is 419719 out of 10000000
DEBUG: Total dvariable address used is 2087 out of 150000
DEBUG: Total dvariable address used is 4013584 out of 50000000
DEBUG: Total gradient stack used is 419719 out of 10000000
DEBUG: Total dvariable address used is 2087 out of 150000
DEBUG: Total dvariable address used is 4013584 out of 50000000
DEBUG: Total gradient stack used is 419719 out of 10000000
DEBUG: Total dvariable address used is 2087 out of 150000
DEBUG: Total dvariable address used is 4013584 out of 50000000
DEBUG: Total gradient stack used is 419719 out of 10000000
DEBUG: Total dvariable address used is 2087 out of 150000
DEBUG: Total dvariable address used is 4013584 out of 50000000
DEBUG: Total gradient stack used is 419719 out of 10000000
DEBUG: Total dvariable address used is 2087 out of 150000
DEBUG: Total dvariable address used is 4013584 out of 50000000
DEBUG: Total gradient stack used is 419719 out of 10000000
DEBUG: Total dvariable address used is 2087 out of 150000
DEBUG: Total dvariable address used is 4013584 out of 50000000
DEBUG: Total gradient stack used is 419719 out of 10000000
DEBUG: Total dvariable address used is 2087 out of 150000
DEBUG: Total dvariable address used is 4013584 out of 50000000
DEBUG: Total gradient stack used is 419719 out of 10000000
DEBUG: Total dvariable address used is 2087 out of 150000
DEBUG: Total dvariable address used is 4013584 out of 50000000
DEBUG: Total gradient stack used is 419719 out of 10000000
DEBUG: Total dvariable address used is 2087 out of 150000
DEBUG: Total dvariable address used is 4013584 out of 50000000
DEBUG: Total gradient stack used is 419719 out of 10000000
DEBUG: Total dvariable address used is 2087 out of 150000
DEBUG: Total dvariable address used is 4013584 out of 50000000
DEBUG: Total gradient stack used is 419719 out of 10000000
DEBUG: Total dvariable address used is 2087 out of 150000
DEBUG: Total dvariable address used is 4013584 out of 50000000
DEBUG: Total gradient stack used is 419719 out of 10000000
DEBUG: Total dvariable address used is 2087 out of 150000
DEBUG: Total dvariable address used is 4013584 out of 50000000
DEBUG: Total gradient stack used is 419719 out of 10000000
DEBUG: Total dvariable address used is 2087 out of 150000
DEBUG: Total dvariable address used is 4013584 out of 50000000
DEBUG: Total gradient stack used is 419719 out of 10000000
DEBUG: Total dvariable address used is 2087 out of 150000
DEBUG: Total dvariable address used is 4013584 out of 50000000
DEBUG: Total gradient stack used is 419719 out of 10000000
DEBUG: Total dvariable address used is 2087 out of 150000
DEBUG: Total dvariable address used is 4013584 out of 50000000
DEBUG: Total gradient stack used is 419719 out of 10000000
DEBUG: Total dvariable address used is 2087 out of 150000
DEBUG: Total dvariable address used is 4013584 out of 50000000
DEBUG: Total gradient stack used is 419719 out of 10000000
DEBUG: Total dvariable address used is 2087 out of 150000
DEBUG: Total dvariable address used is 4013584 out of 50000000
DEBUG: Total gradient stack used is 419719 out of 10000000
DEBUG: Total dvariable address used is 2087 out of 150000
DEBUG: Total dvariable address used is 4013584 out of 50000000
DEBUG: Total gradient stack used is 419719 out of 10000000
DEBUG: Total dvariable address used is 2087 out of 150000
DEBUG: Total dvariable address used is 4013584 out of 50000000
DEBUG: Total gradient stack used is 419719 out of 10000000
DEBUG: Total dvariable address used is 2087 out of 150000
DEBUG: Total dvariable address used is 4013584 out of 50000000
DEBUG: Total gradient stack used is 419719 out of 10000000
DEBUG: Total dvariable address used is 2087 out of 150000
DEBUG: Total dvariable address used is 4013584 out of 50000000
DEBUG: Total gradient stack used is 419719 out of 10000000
DEBUG: Total dvariable address used is 2087 out of 150000
DEBUG: Total dvariable address used is 4013584 out of 50000000
DEBUG: Total gradient stack used is 419719 out of 10000000
DEBUG: Total dvariable address used is 2087 out of 150000
DEBUG: Total dvariable address used is 4013584 out of 50000000
DEBUG: Total gradient stack used is 419719 out of 10000000
DEBUG: Total dvariable address used is 2087 out of 150000
DEBUG: Total dvariable address used is 4013584 out of 50000000
DEBUG: Total gradient stack used is 419719 out of 10000000
DEBUG: Total dvariable address used is 2087 out of 150000
DEBUG: Total dvariable address used is 4013584 out of 50000000
DEBUG: Total gradient stack used is 419719 out of 10000000
DEBUG: Total dvariable address used is 2087 out of 150000
DEBUG: Total dvariable address used is 4013584 out of 50000000
DEBUG: Total gradient stack used is 419719 out of 10000000
DEBUG: Total dvariable address used is 2087 out of 150000
DEBUG: Total dvariable address used is 4013584 out of 50000000
DEBUG: Total gradient stack used is 419719 out of 10000000
DEBUG: Total dvariable address used is 2087 out of 150000
DEBUG: Total dvariable address used is 4013584 out of 50000000
DEBUG: Total gradient stack used is 419719 out of 10000000
DEBUG: Total dvariable address used is 2087 out of 150000
DEBUG: Total dvariable address used is 4013584 out of 50000000
DEBUG: Total gradient stack used is 419719 out of 10000000
DEBUG: Total dvariable address used is 2087 out of 150000
DEBUG: Total dvariable address used is 4013584 out of 50000000
DEBUG: Total gradient stack used is 419719 out of 10000000
DEBUG: Total dvariable address used is 2087 out of 150000
DEBUG: Total dvariable address used is 4013584 out of 50000000
DEBUG: Total gradient stack used is 419719 out of 10000000
DEBUG: Total dvariable address used is 2087 out of 150000
DEBUG: Total dvariable address used is 4013584 out of 50000000
DEBUG: Total gradient stack used is 419719 out of 10000000
DEBUG: Total dvariable address used is 2087 out of 150000
DEBUG: Total dvariable address used is 4013584 out of 50000000
DEBUG: Total gradient stack used is 419719 out of 10000000
DEBUG: Total dvariable address used is 2087 out of 150000
DEBUG: Total dvariable address used is 4013584 out of 50000000
DEBUG: Total gradient stack used is 419719 out of 10000000
DEBUG: Total dvariable address used is 2087 out of 150000
DEBUG: Total dvariable address used is 4013584 out of 50000000
DEBUG: Total gradient stack used is 419719 out of 10000000
DEBUG: Total dvariable address used is 2087 out of 150000
DEBUG: Total dvariable address used is 4013584 out of 50000000
DEBUG: Total gradient stack used is 419719 out of 10000000
DEBUG: Total dvariable address used is 2087 out of 150000
DEBUG: Total dvariable address used is 4013584 out of 50000000
DEBUG: Total gradient stack used is 419719 out of 10000000
DEBUG: Total dvariable address used is 2087 out of 150000
DEBUG: Total dvariable address used is 4013584 out of 50000000
DEBUG: Total gradient stack used is 419719 out of 10000000
DEBUG: Total dvariable address used is 2087 out of 150000
DEBUG: Total dvariable address used is 4013584 out of 50000000
DEBUG: Total gradient stack used is 419719 out of 10000000
DEBUG: Total dvariable address used is 2087 out of 150000
DEBUG: Total dvariable address used is 4013584 out of 50000000
DEBUG: Total gradient stack used is 419719 out of 10000000
DEBUG: Total dvariable address used is 2087 out of 150000
DEBUG: Total dvariable address used is 4013584 out of 50000000
DEBUG: Total gradient stack used is 419719 out of 10000000
DEBUG: Total dvariable address used is 2087 out of 150000
DEBUG: Total dvariable address used is 4013584 out of 50000000
DEBUG: Total gradient stack used is 419719 out of 10000000
DEBUG: Total dvariable address used is 2087 out of 150000
DEBUG: Total dvariable address used is 4013584 out of 50000000
DEBUG: Total gradient stack used is 419719 out of 10000000
DEBUG: Total dvariable address used is 2087 out of 150000
DEBUG: Total dvariable address used is 4013584 out of 50000000
DEBUG: Total gradient stack used is 419719 out of 10000000
DEBUG: Total dvariable address used is 2087 out of 150000
DEBUG: Total dvariable address used is 4013584 out of 50000000
DEBUG: Total gradient stack used is 419719 out of 10000000
DEBUG: Total dvariable address used is 2087 out of 150000
DEBUG: Total dvariable address used is 4013584 out of 50000000
DEBUG: Total gradient stack used is 419719 out of 10000000
DEBUG: Total dvariable address used is 2087 out of 150000
DEBUG: Total dvariable address used is 4013584 out of 50000000
DEBUG: Total gradient stack used is 419719 out of 10000000
DEBUG: Total dvariable address used is 2087 out of 150000
DEBUG: Total dvariable address used is 4013584 out of 50000000
DEBUG: Total gradient stack used is 419719 out of 10000000
DEBUG: Total dvariable address used is 2087 out of 150000
DEBUG: Total dvariable address used is 4013584 out of 50000000
DEBUG: Total gradient stack used is 419719 out of 10000000
DEBUG: Total dvariable address used is 2087 out of 150000
DEBUG: Total dvariable address used is 4013584 out of 50000000
DEBUG: Total gradient stack used is 419719 out of 10000000
DEBUG: Total dvariable address used is 2087 out of 150000
DEBUG: Total dvariable address used is 4013584 out of 50000000
DEBUG: Total gradient stack used is 419719 out of 10000000
DEBUG: Total dvariable address used is 2087 out of 150000
DEBUG: Total dvariable address used is 4013584 out of 50000000
DEBUG: Total gradient stack used is 419719 out of 10000000
DEBUG: Total dvariable address used is 2087 out of 150000
DEBUG: Total dvariable address used is 4013584 out of 50000000
DEBUG: Total gradient stack used is 419719 out of 10000000
DEBUG: Total dvariable address used is 2087 out of 150000
DEBUG: Total dvariable address used is 4013584 out of 50000000
DEBUG: Total gradient stack used is 419719 out of 10000000
DEBUG: Total dvariable address used is 2087 out of 150000
DEBUG: Total dvariable address used is 4013584 out of 50000000
DEBUG: Total gradient stack used is 419719 out of 10000000
DEBUG: Total dvariable address used is 2087 out of 150000
DEBUG: Total dvariable address used is 4013584 out of 50000000
DEBUG: Total gradient stack used is 419719 out of 10000000
DEBUG: Total dvariable address used is 2087 out of 150000
DEBUG: Total dvariable address used is 4013584 out of 50000000
DEBUG: Total gradient stack used is 419719 out of 10000000
DEBUG: Total dvariable address used is 2087 out of 150000
DEBUG: Total dvariable address used is 4013584 out of 50000000
DEBUG: Total gradient stack used is 419719 out of 10000000
DEBUG: Total dvariable address used is 2087 out of 150000
DEBUG: Total dvariable address used is 4013584 out of 50000000
DEBUG: Total gradient stack used is 419719 out of 10000000
DEBUG: Total dvariable address used is 2087 out of 150000
DEBUG: Total dvariable address used is 4013584 out of 50000000
DEBUG: Total gradient stack used is 419719 out of 10000000
DEBUG: Total dvariable address used is 2087 out of 150000
DEBUG: Total dvariable address used is 4013584 out of 50000000
DEBUG: Total gradient stack used is 419719 out of 10000000
DEBUG: Total dvariable address used is 2087 out of 150000
DEBUG: Total dvariable address used is 4013584 out of 50000000
DEBUG: Total gradient stack used is 419719 out of 10000000
DEBUG: Total dvariable address used is 2087 out of 150000
DEBUG: Total dvariable address used is 4013584 out of 50000000
DEBUG: Total gradient stack used is 419719 out of 10000000
DEBUG: Total dvariable address used is 2087 out of 150000
DEBUG: Total dvariable address used is 4013584 out of 50000000
DEBUG: Total gradient stack used is 419719 out of 10000000
DEBUG: Total dvariable address used is 2087 out of 150000
DEBUG: Total dvariable address used is 4013584 out of 50000000
DEBUG: Total gradient stack used is 419719 out of 10000000
DEBUG: Total dvariable address used is 2087 out of 150000
DEBUG: Total dvariable address used is 4013584 out of 50000000
DEBUG: Total gradient stack used is 419719 out of 10000000
DEBUG: Total dvariable address used is 2087 out of 150000
DEBUG: Total dvariable address used is 4013584 out of 50000000
DEBUG: Total gradient stack used is 419719 out of 10000000
DEBUG: Total dvariable address used is 2087 out of 150000
DEBUG: Total dvariable address used is 4013584 out of 50000000
DEBUG: Total gradient stack used is 419719 out of 10000000
DEBUG: Total dvariable address used is 2087 out of 150000
DEBUG: Total dvariable address used is 4013584 out of 50000000
DEBUG: Total gradient stack used is 419719 out of 10000000
DEBUG: Total dvariable address used is 2087 out of 150000
DEBUG: Total dvariable address used is 4013584 out of 50000000
DEBUG: Total gradient stack used is 419719 out of 10000000
DEBUG: Total dvariable address used is 2087 out of 150000
DEBUG: Total dvariable address used is 4013584 out of 50000000
DEBUG: Total gradient stack used is 419719 out of 10000000
DEBUG: Total dvariable address used is 2087 out of 150000
DEBUG: Total dvariable address used is 4013584 out of 50000000
DEBUG: Total gradient stack used is 419719 out of 10000000
DEBUG: Total dvariable address used is 2087 out of 150000
DEBUG: Total dvariable address used is 4013584 out of 50000000
DEBUG: Total gradient stack used is 419719 out of 10000000
DEBUG: Total dvariable address used is 2087 out of 150000
DEBUG: Total dvariable address used is 4013584 out of 50000000
DEBUG: Total gradient stack used is 419719 out of 10000000
DEBUG: Total dvariable address used is 2087 out of 150000
DEBUG: Total dvariable address used is 4013584 out of 50000000
DEBUG: Total gradient stack used is 419719 out of 10000000
DEBUG: Total dvariable address used is 2087 out of 150000
DEBUG: Total dvariable address used is 4013584 out of 50000000
DEBUG: Total gradient stack used is 419719 out of 10000000
DEBUG: Total dvariable address used is 2087 out of 150000
DEBUG: Total dvariable address used is 4013584 out of 50000000
DEBUG: Total gradient stack used is 419719 out of 10000000
DEBUG: Total dvariable address used is 2087 out of 150000
DEBUG: Total dvariable address used is 4013584 out of 50000000
DEBUG: Total gradient stack used is 419719 out of 10000000
DEBUG: Total dvariable address used is 2087 out of 150000
DEBUG: Total dvariable address used is 4013584 out of 50000000
DEBUG: Total gradient stack used is 419719 out of 10000000
DEBUG: Total dvariable address used is 2087 out of 150000
DEBUG: Total dvariable address used is 4013584 out of 50000000
DEBUG: Total gradient stack used is 419719 out of 10000000
DEBUG: Total dvariable address used is 2087 out of 150000
DEBUG: Total dvariable address used is 4013584 out of 50000000
DEBUG: Total gradient stack used is 419719 out of 10000000
DEBUG: Total dvariable address used is 2087 out of 150000
DEBUG: Total dvariable address used is 4013584 out of 50000000
DEBUG: Total gradient stack used is 419719 out of 10000000
DEBUG: Total dvariable address used is 2087 out of 150000
DEBUG: Total dvariable address used is 4013584 out of 50000000
DEBUG: Total gradient stack used is 419719 out of 10000000
DEBUG: Total dvariable address used is 2087 out of 150000
DEBUG: Total dvariable address used is 4013584 out of 50000000
DEBUG: Total gradient stack used is 419719 out of 10000000
DEBUG: Total dvariable address used is 2087 out of 150000
DEBUG: Total dvariable address used is 4013584 out of 50000000
DEBUG: Total gradient stack used is 419719 out of 10000000
DEBUG: Total dvariable address used is 2087 out of 150000
DEBUG: Total dvariable address used is 4013584 out of 50000000
DEBUG: Total gradient stack used is 419719 out of 10000000
DEBUG: Total dvariable address used is 2087 out of 150000
DEBUG: Total dvariable address used is 4013584 out of 50000000
DEBUG: Total gradient stack used is 419719 out of 10000000
DEBUG: Total dvariable address used is 2087 out of 150000
DEBUG: Total dvariable address used is 4013584 out of 50000000
DEBUG: Total gradient stack used is 419719 out of 10000000
DEBUG: Total dvariable address used is 2087 out of 150000
DEBUG: Total dvariable address used is 4013584 out of 50000000
DEBUG: Total gradient stack used is 419719 out of 10000000
DEBUG: Total dvariable address used is 2087 out of 150000
DEBUG: Total dvariable address used is 4013584 out of 50000000
DEBUG: Total gradient stack used is 419719 out of 10000000
DEBUG: Total dvariable address used is 2087 out of 150000
DEBUG: Total dvariable address used is 4013584 out of 50000000
DEBUG: Total gradient stack used is 419719 out of 10000000
DEBUG: Total dvariable address used is 2087 out of 150000
DEBUG: Total dvariable address used is 4013584 out of 50000000
DEBUG: Total gradient stack used is 419719 out of 10000000
DEBUG: Total dvariable address used is 2087 out of 150000
DEBUG: Total dvariable address used is 4013584 out of 50000000
DEBUG: Total gradient stack used is 419719 out of 10000000
DEBUG: Total dvariable address used is 2087 out of 150000
DEBUG: Total dvariable address used is 4013584 out of 50000000
DEBUG: Total gradient stack used is 419719 out of 10000000
DEBUG: Total dvariable address used is 2087 out of 150000
DEBUG: Total dvariable address used is 4013584 out of 50000000
DEBUG: Total gradient stack used is 419719 out of 10000000
DEBUG: Total dvariable address used is 2087 out of 150000
DEBUG: Total dvariable address used is 4013584 out of 50000000
DEBUG: Total gradient stack used is 419719 out of 10000000
DEBUG: Total dvariable address used is 2087 out of 150000
DEBUG: Total dvariable address used is 4013584 out of 50000000
DEBUG: Total gradient stack used is 419719 out of 10000000
DEBUG: Total dvariable address used is 2087 out of 150000
DEBUG: Total dvariable address used is 4013584 out of 50000000
DEBUG: Total gradient stack used is 419719 out of 10000000
DEBUG: Total dvariable address used is 2087 out of 150000
DEBUG: Total dvariable address used is 4013584 out of 50000000
DEBUG: Total gradient stack used is 419719 out of 10000000
DEBUG: Total dvariable address used is 2087 out of 150000
DEBUG: Total dvariable address used is 4013584 out of 50000000
DEBUG: Total gradient stack used is 419719 out of 10000000
DEBUG: Total dvariable address used is 2087 out of 150000
DEBUG: Total dvariable address used is 4013584 out of 50000000
DEBUG: Total gradient stack used is 419719 out of 10000000
DEBUG: Total dvariable address used is 2087 out of 150000
DEBUG: Total dvariable address used is 4013584 out of 50000000
DEBUG: Total gradient stack used is 419719 out of 10000000
DEBUG: Total dvariable address used is 2087 out of 150000
DEBUG: Total dvariable address used is 4013584 out of 50000000
DEBUG: Total gradient stack used is 419719 out of 10000000
DEBUG: Total dvariable address used is 2087 out of 150000
DEBUG: Total dvariable address used is 4013584 out of 50000000
DEBUG: Total gradient stack used is 419719 out of 10000000
DEBUG: Total dvariable address used is 2087 out of 150000
DEBUG: Total dvariable address used is 4013584 out of 50000000
DEBUG: Total gradient stack used is 419719 out of 10000000
DEBUG: Total dvariable address used is 2087 out of 150000
DEBUG: Total dvariable address used is 4013584 out of 50000000
DEBUG: Total gradient stack used is 419719 out of 10000000
DEBUG: Total dvariable address used is 2087 out of 150000
DEBUG: Total dvariable address used is 4013584 out of 50000000
DEBUG: Total gradient stack used is 419719 out of 10000000
DEBUG: Total dvariable address used is 2087 out of 150000
DEBUG: Total dvariable address used is 4013584 out of 50000000
DEBUG: Total gradient stack used is 419719 out of 10000000
DEBUG: Total dvariable address used is 2087 out of 150000
DEBUG: Total dvariable address used is 4013584 out of 50000000
DEBUG: Total gradient stack used is 419719 out of 10000000
DEBUG: Total dvariable address used is 2087 out of 150000
DEBUG: Total dvariable address used is 4013584 out of 50000000
DEBUG: Total gradient stack used is 419719 out of 10000000
DEBUG: Total dvariable address used is 2087 out of 150000
DEBUG: Total dvariable address used is 4013584 out of 50000000
DEBUG: Total gradient stack used is 419719 out of 10000000
DEBUG: Total dvariable address used is 2087 out of 150000
DEBUG: Total dvariable address used is 4013584 out of 50000000
DEBUG: Total gradient stack used is 419719 out of 10000000
DEBUG: Total dvariable address used is 2087 out of 150000
DEBUG: Total dvariable address used is 4013584 out of 50000000
DEBUG: Total gradient stack used is 419719 out of 10000000
DEBUG: Total dvariable address used is 2087 out of 150000
DEBUG: Total dvariable address used is 4013584 out of 50000000
DEBUG: Total gradient stack used is 419719 out of 10000000
DEBUG: Total dvariable address used is 2087 out of 150000
DEBUG: Total dvariable address used is 4013584 out of 50000000
DEBUG: Total gradient stack used is 419719 out of 10000000
DEBUG: Total dvariable address used is 2087 out of 150000
DEBUG: Total dvariable address used is 4013584 out of 50000000
DEBUG: Total gradient stack used is 419719 out of 10000000
DEBUG: Total dvariable address used is 2087 out of 150000
DEBUG: Total dvariable address used is 4013584 out of 50000000
DEBUG: Total gradient stack used is 419719 out of 10000000
DEBUG: Total dvariable address used is 2087 out of 150000
DEBUG: Total dvariable address used is 4013584 out of 50000000
DEBUG: Total gradient stack used is 419719 out of 10000000
DEBUG: Total dvariable address used is 2087 out of 150000
DEBUG: Total dvariable address used is 4013584 out of 50000000
DEBUG: Total gradient stack used is 419719 out of 10000000
DEBUG: Total dvariable address used is 2087 out of 150000
DEBUG: Total dvariable address used is 4013584 out of 50000000
DEBUG: Total gradient stack used is 419719 out of 10000000
DEBUG: Total dvariable address used is 2087 out of 150000
DEBUG: Total dvariable address used is 4013584 out of 50000000
DEBUG: Total gradient stack used is 419719 out of 10000000
DEBUG: Total dvariable address used is 2087 out of 150000
DEBUG: Total dvariable address used is 4013584 out of 50000000
DEBUG: Total gradient stack used is 419719 out of 10000000
DEBUG: Total dvariable address used is 2087 out of 150000
DEBUG: Total dvariable address used is 4013584 out of 50000000
DEBUG: Total gradient stack used is 419719 out of 10000000
DEBUG: Total dvariable address used is 2087 out of 150000
DEBUG: Total dvariable address used is 4013584 out of 50000000
DEBUG: Total gradient stack used is 419719 out of 10000000
DEBUG: Total dvariable address used is 2087 out of 150000
DEBUG: Total dvariable address used is 4013584 out of 50000000
DEBUG: Total gradient stack used is 419719 out of 10000000
DEBUG: Total dvariable address used is 2087 out of 150000
DEBUG: Total dvariable address used is 4013584 out of 50000000
DEBUG: Total gradient stack used is 419719 out of 10000000
DEBUG: Total dvariable address used is 2087 out of 150000
DEBUG: Total dvariable address used is 4013584 out of 50000000
DEBUG: Total gradient stack used is 419719 out of 10000000
DEBUG: Total dvariable address used is 2087 out of 150000
DEBUG: Total dvariable address used is 4013584 out of 50000000
DEBUG: Total gradient stack used is 419719 out of 10000000
DEBUG: Total dvariable address used is 2087 out of 150000
DEBUG: Total dvariable address used is 4013584 out of 50000000
DEBUG: Total gradient stack used is 419719 out of 10000000
DEBUG: Total dvariable address used is 2087 out of 150000
DEBUG: Total dvariable address used is 4013584 out of 50000000
DEBUG: Total gradient stack used is 419719 out of 10000000
DEBUG: Total dvariable address used is 2087 out of 150000
DEBUG: Total dvariable address used is 4013584 out of 50000000
DEBUG: Total gradient stack used is 419719 out of 10000000
DEBUG: Total dvariable address used is 2087 out of 150000
DEBUG: Total dvariable address used is 4013584 out of 50000000
DEBUG: Total gradient stack used is 419719 out of 10000000
DEBUG: Total dvariable address used is 2087 out of 150000
DEBUG: Total dvariable address used is 4013584 out of 50000000
DEBUG: Total gradient stack used is 419719 out of 10000000
DEBUG: Total dvariable address used is 2087 out of 150000
DEBUG: Total dvariable address used is 4013584 out of 50000000
DEBUG: Total gradient stack used is 419719 out of 10000000
DEBUG: Total dvariable address used is 2087 out of 150000
DEBUG: Total dvariable address used is 4013584 out of 50000000
DEBUG: Total gradient stack used is 419719 out of 10000000
DEBUG: Total dvariable address used is 2087 out of 150000
DEBUG: Total dvariable address used is 4013584 out of 50000000
DEBUG: Total gradient stack used is 419719 out of 10000000
DEBUG: Total dvariable address used is 2087 out of 150000
DEBUG: Total dvariable address used is 4013584 out of 50000000
DEBUG: Total gradient stack used is 419719 out of 10000000
DEBUG: Total dvariable address used is 2087 out of 150000
DEBUG: Total dvariable address used is 4013584 out of 50000000
DEBUG: Total gradient stack used is 419719 out of 10000000
DEBUG: Total dvariable address used is 2087 out of 150000
DEBUG: Total dvariable address used is 4013584 out of 50000000
DEBUG: Total gradient stack used is 419719 out of 10000000
DEBUG: Total dvariable address used is 2087 out of 150000
DEBUG: Total dvariable address used is 4013584 out of 50000000
DEBUG: Total gradient stack used is 419719 out of 10000000
DEBUG: Total dvariable address used is 2087 out of 150000
DEBUG: Total dvariable address used is 4013584 out of 50000000
DEBUG: Total gradient stack used is 419719 out of 10000000
DEBUG: Total dvariable address used is 2087 out of 150000
DEBUG: Total dvariable address used is 4013584 out of 50000000
DEBUG: Total gradient stack used is 419719 out of 10000000
DEBUG: Total dvariable address used is 2087 out of 150000
DEBUG: Total dvariable address used is 4013584 out of 50000000
DEBUG: Total gradient stack used is 419719 out of 10000000
DEBUG: Total dvariable address used is 2087 out of 150000
DEBUG: Total dvariable address used is 4013584 out of 50000000
DEBUG: Total gradient stack used is 419719 out of 10000000
DEBUG: Total dvariable address used is 2087 out of 150000
DEBUG: Total dvariable address used is 4013584 out of 50000000
DEBUG: Total gradient stack used is 419719 out of 10000000
DEBUG: Total dvariable address used is 2087 out of 150000
DEBUG: Total dvariable address used is 4013584 out of 50000000
DEBUG: Total gradient stack used is 419719 out of 10000000
DEBUG: Total dvariable address used is 2087 out of 150000
DEBUG: Total dvariable address used is 4013584 out of 50000000
DEBUG: Total gradient stack used is 419719 out of 10000000
DEBUG: Total dvariable address used is 2087 out of 150000
DEBUG: Total dvariable address used is 4013584 out of 50000000
DEBUG: Total gradient stack used is 419719 out of 10000000
DEBUG: Total dvariable address used is 2087 out of 150000
DEBUG: Total dvariable address used is 4013584 out of 50000000
DEBUG: Total gradient stack used is 419719 out of 10000000
DEBUG: Total dvariable address used is 2087 out of 150000
DEBUG: Total dvariable address used is 4013584 out of 50000000
DEBUG: Total gradient stack used is 419719 out of 10000000
DEBUG: Total dvariable address used is 2087 out of 150000
DEBUG: Total dvariable address used is 4013584 out of 50000000
DEBUG: Total gradient stack used is 419719 out of 10000000
DEBUG: Total dvariable address used is 2087 out of 150000
DEBUG: Total dvariable address used is 4013584 out of 50000000
DEBUG: Total gradient stack used is 419719 out of 10000000
DEBUG: Total dvariable address used is 2087 out of 150000
DEBUG: Total dvariable address used is 4013584 out of 50000000
DEBUG: Total gradient stack used is 419719 out of 10000000
DEBUG: Total dvariable address used is 2087 out of 150000
DEBUG: Total dvariable address used is 4013584 out of 50000000
DEBUG: Total gradient stack used is 419719 out of 10000000
DEBUG: Total dvariable address used is 2087 out of 150000
DEBUG: Total dvariable address used is 4013584 out of 50000000
DEBUG: Total gradient stack used is 419719 out of 10000000
DEBUG: Total dvariable address used is 2087 out of 150000
DEBUG: Total dvariable address used is 4013584 out of 50000000
DEBUG: Total gradient stack used is 419719 out of 10000000
DEBUG: Total dvariable address used is 2087 out of 150000
DEBUG: Total dvariable address used is 4013584 out of 50000000
DEBUG: Total gradient stack used is 419719 out of 10000000
DEBUG: Total dvariable address used is 2087 out of 150000
DEBUG: Total dvariable address used is 4013584 out of 50000000
DEBUG: Total gradient stack used is 419719 out of 10000000
DEBUG: Total dvariable address used is 2087 out of 150000
DEBUG: Total dvariable address used is 4013584 out of 50000000
DEBUG: Total gradient stack used is 419719 out of 10000000
DEBUG: Total dvariable address used is 2087 out of 150000
DEBUG: Total dvariable address used is 4013584 out of 50000000
DEBUG: Total gradient stack used is 419719 out of 10000000
DEBUG: Total dvariable address used is 2087 out of 150000
DEBUG: Total dvariable address used is 4013584 out of 50000000
DEBUG: Total gradient stack used is 419719 out of 10000000
DEBUG: Total dvariable address used is 2087 out of 150000
DEBUG: Total dvariable address used is 4013584 out of 50000000
DEBUG: Total gradient stack used is 419719 out of 10000000
DEBUG: Total dvariable address used is 2087 out of 150000
DEBUG: Total dvariable address used is 4013584 out of 50000000
DEBUG: Total gradient stack used is 419719 out of 10000000
DEBUG: Total dvariable address used is 2087 out of 150000
DEBUG: Total dvariable address used is 4013584 out of 50000000
DEBUG: Total gradient stack used is 419719 out of 10000000
DEBUG: Total dvariable address used is 2087 out of 150000
DEBUG: Total dvariable address used is 4013584 out of 50000000
DEBUG: Total gradient stack used is 419719 out of 10000000
DEBUG: Total dvariable address used is 2087 out of 150000
DEBUG: Total dvariable address used is 4013584 out of 50000000
DEBUG: Total gradient stack used is 419719 out of 10000000
DEBUG: Total dvariable address used is 2087 out of 150000
DEBUG: Total dvariable address used is 4013584 out of 50000000
DEBUG: Total gradient stack used is 419719 out of 10000000
DEBUG: Total dvariable address used is 2087 out of 150000
DEBUG: Total dvariable address used is 4013584 out of 50000000
DEBUG: Total gradient stack used is 419719 out of 10000000
DEBUG: Total dvariable address used is 2087 out of 150000
DEBUG: Total dvariable address used is 4013584 out of 50000000
DEBUG: Total gradient stack used is 419719 out of 10000000
DEBUG: Total dvariable address used is 2087 out of 150000
DEBUG: Total dvariable address used is 4013584 out of 50000000
DEBUG: Total gradient stack used is 419719 out of 10000000
DEBUG: Total dvariable address used is 2087 out of 150000
DEBUG: Total dvariable address used is 4013584 out of 50000000
DEBUG: Total gradient stack used is 419719 out of 10000000
DEBUG: Total dvariable address used is 2087 out of 150000
DEBUG: Total dvariable address used is 4013584 out of 50000000
DEBUG: Total gradient stack used is 419719 out of 10000000
DEBUG: Total dvariable address used is 2087 out of 150000
DEBUG: Total dvariable address used is 4013584 out of 50000000
DEBUG: Total gradient stack used is 419719 out of 10000000
DEBUG: Total dvariable address used is 2087 out of 150000
DEBUG: Total dvariable address used is 4013584 out of 50000000
DEBUG: Total gradient stack used is 419719 out of 10000000
DEBUG: Total dvariable address used is 2087 out of 150000
DEBUG: Total dvariable address used is 4013584 out of 50000000
DEBUG: Total gradient stack used is 419719 out of 10000000
DEBUG: Total dvariable address used is 2087 out of 150000
DEBUG: Total dvariable address used is 4013584 out of 50000000
DEBUG: Total gradient stack used is 419719 out of 10000000
DEBUG: Total dvariable address used is 2087 out of 150000
DEBUG: Total dvariable address used is 4013584 out of 50000000
DEBUG: Total gradient stack used is 419719 out of 10000000
DEBUG: Total dvariable address used is 2087 out of 150000
DEBUG: Total dvariable address used is 4013584 out of 50000000
DEBUG: Total gradient stack used is 419719 out of 10000000
DEBUG: Total dvariable address used is 2087 out of 150000
DEBUG: Total dvariable address used is 4013584 out of 50000000
DEBUG: Total gradient stack used is 419719 out of 10000000
DEBUG: Total dvariable address used is 2087 out of 150000
DEBUG: Total dvariable address used is 4013584 out of 50000000
DEBUG: Total gradient stack used is 419719 out of 10000000
DEBUG: Total dvariable address used is 2087 out of 150000
DEBUG: Total dvariable address used is 4013584 out of 50000000
DEBUG: Total gradient stack used is 419719 out of 10000000
DEBUG: Total dvariable address used is 2087 out of 150000
DEBUG: Total dvariable address used is 4013584 out of 50000000
DEBUG: Total gradient stack used is 419719 out of 10000000
DEBUG: Total dvariable address used is 2087 out of 150000
DEBUG: Total dvariable address used is 4013584 out of 50000000
DEBUG: Total gradient stack used is 419719 out of 10000000
DEBUG: Total dvariable address used is 2087 out of 150000
DEBUG: Total dvariable address used is 4013584 out of 50000000
DEBUG: Total gradient stack used is 419719 out of 10000000
DEBUG: Total dvariable address used is 2087 out of 150000
DEBUG: Total dvariable address used is 4013584 out of 50000000
DEBUG: Total gradient stack used is 419719 out of 10000000
DEBUG: Total dvariable address used is 2087 out of 150000
DEBUG: Total dvariable address used is 4013584 out of 50000000
DEBUG: Total gradient stack used is 419719 out of 10000000
DEBUG: Total dvariable address used is 2087 out of 150000
DEBUG: Total dvariable address used is 4013584 out of 50000000
DEBUG: Total gradient stack used is 419719 out of 10000000
DEBUG: Total dvariable address used is 2087 out of 150000
DEBUG: Total dvariable address used is 4013584 out of 50000000
DEBUG: Total gradient stack used is 419719 out of 10000000
DEBUG: Total dvariable address used is 2087 out of 150000
DEBUG: Total dvariable address used is 4013584 out of 50000000
DEBUG: Total gradient stack used is 419719 out of 10000000
DEBUG: Total dvariable address used is 2087 out of 150000
DEBUG: Total dvariable address used is 4013584 out of 50000000
DEBUG: Total gradient stack used is 419719 out of 10000000
DEBUG: Total dvariable address used is 2087 out of 150000
DEBUG: Total dvariable address used is 4013584 out of 50000000
DEBUG: Total gradient stack used is 419719 out of 10000000
DEBUG: Total dvariable address used is 2087 out of 150000
DEBUG: Total dvariable address used is 4013584 out of 50000000
DEBUG: Total gradient stack used is 419719 out of 10000000
DEBUG: Total dvariable address used is 2087 out of 150000
DEBUG: Total dvariable address used is 4013584 out of 50000000
DEBUG: Total gradient stack used is 419719 out of 10000000
DEBUG: Total dvariable address used is 2087 out of 150000
DEBUG: Total dvariable address used is 4013584 out of 50000000
DEBUG: Total gradient stack used is 419719 out of 10000000
DEBUG: Total dvariable address used is 2087 out of 150000
DEBUG: Total dvariable address used is 4013584 out of 50000000
DEBUG: Total gradient stack used is 419719 out of 10000000
DEBUG: Total dvariable address used is 2087 out of 150000
DEBUG: Total dvariable address used is 4013584 out of 50000000
DEBUG: Total gradient stack used is 419719 out of 10000000
DEBUG: Total dvariable address used is 2087 out of 150000
DEBUG: Total dvariable address used is 4013584 out of 50000000
DEBUG: Total gradient stack used is 419719 out of 10000000
DEBUG: Total dvariable address used is 2087 out of 150000
DEBUG: Total dvariable address used is 4013584 out of 50000000
DEBUG: Total gradient stack used is 419719 out of 10000000
DEBUG: Total dvariable address used is 2087 out of 150000
DEBUG: Total dvariable address used is 4013584 out of 50000000
DEBUG: Total gradient stack used is 419719 out of 10000000
DEBUG: Total dvariable address used is 2087 out of 150000
DEBUG: Total dvariable address used is 4013584 out of 50000000
DEBUG: Total gradient stack used is 419719 out of 10000000
DEBUG: Total dvariable address used is 2087 out of 150000
DEBUG: Total dvariable address used is 4013584 out of 50000000
DEBUG: Total gradient stack used is 419719 out of 10000000
DEBUG: Total dvariable address used is 2087 out of 150000
DEBUG: Total dvariable address used is 4013584 out of 50000000
DEBUG: Total gradient stack used is 419719 out of 10000000
DEBUG: Total dvariable address used is 2087 out of 150000
DEBUG: Total dvariable address used is 4013584 out of 50000000
DEBUG: Total gradient stack used is 419719 out of 10000000
DEBUG: Total dvariable address used is 2087 out of 150000
DEBUG: Total dvariable address used is 4013584 out of 50000000
DEBUG: Total gradient stack used is 419719 out of 10000000
DEBUG: Total dvariable address used is 2087 out of 150000
DEBUG: Total dvariable address used is 4013584 out of 50000000
DEBUG: Total gradient stack used is 419719 out of 10000000
DEBUG: Total dvariable address used is 2087 out of 150000
DEBUG: Total dvariable address used is 4013584 out of 50000000
DEBUG: Total gradient stack used is 419719 out of 10000000
DEBUG: Total dvariable address used is 2087 out of 150000
DEBUG: Total dvariable address used is 4013584 out of 50000000
DEBUG: Total gradient stack used is 419719 out of 10000000
DEBUG: Total dvariable address used is 2087 out of 150000
DEBUG: Total dvariable address used is 4013584 out of 50000000
DEBUG: Total gradient stack used is 419719 out of 10000000
DEBUG: Total dvariable address used is 2087 out of 150000
DEBUG: Total dvariable address used is 4013584 out of 50000000
DEBUG: Total gradient stack used is 419719 out of 10000000
DEBUG: Total dvariable address used is 2087 out of 150000
DEBUG: Total dvariable address used is 4013584 out of 50000000
DEBUG: Total gradient stack used is 419719 out of 10000000
DEBUG: Total dvariable address used is 2087 out of 150000
DEBUG: Total dvariable address used is 4013584 out of 50000000
DEBUG: Total gradient stack used is 419719 out of 10000000
DEBUG: Total dvariable address used is 2087 out of 150000
DEBUG: Total dvariable address used is 4013584 out of 50000000
DEBUG: Total gradient stack used is 419719 out of 10000000
DEBUG: Total dvariable address used is 2087 out of 150000
DEBUG: Total dvariable address used is 4013584 out of 50000000
DEBUG: Total gradient stack used is 419719 out of 10000000
DEBUG: Total dvariable address used is 2087 out of 150000
DEBUG: Total dvariable address used is 4013584 out of 50000000
DEBUG: Total gradient stack used is 419719 out of 10000000
DEBUG: Total dvariable address used is 2087 out of 150000
DEBUG: Total dvariable address used is 4013584 out of 50000000
DEBUG: Total gradient stack used is 419719 out of 10000000
DEBUG: Total dvariable address used is 2087 out of 150000
DEBUG: Total dvariable address used is 4013584 out of 50000000
DEBUG: Total gradient stack used is 419719 out of 10000000
DEBUG: Total dvariable address used is 2087 out of 150000
DEBUG: Total dvariable address used is 4013584 out of 50000000
DEBUG: Total gradient stack used is 419719 out of 10000000
DEBUG: Total dvariable address used is 2087 out of 150000
DEBUG: Total dvariable address used is 4013584 out of 50000000
DEBUG: Total gradient stack used is 419719 out of 10000000
DEBUG: Total dvariable address used is 2087 out of 150000
DEBUG: Total dvariable address used is 4013584 out of 50000000
DEBUG: Total gradient stack used is 419719 out of 10000000
DEBUG: Total dvariable address used is 2087 out of 150000
DEBUG: Total dvariable address used is 4013584 out of 50000000
DEBUG: Total gradient stack used is 419719 out of 10000000
DEBUG: Total dvariable address used is 2087 out of 150000
DEBUG: Total dvariable address used is 4013584 out of 50000000
DEBUG: Total gradient stack used is 419719 out of 10000000
DEBUG: Total dvariable address used is 2087 out of 150000
DEBUG: Total dvariable address used is 4013584 out of 50000000
DEBUG: Total gradient stack used is 419719 out of 10000000
DEBUG: Total dvariable address used is 2087 out of 150000
DEBUG: Total dvariable address used is 4013584 out of 50000000
DEBUG: Total gradient stack used is 419719 out of 10000000
DEBUG: Total dvariable address used is 2087 out of 150000
DEBUG: Total dvariable address used is 4013584 out of 50000000
DEBUG: Total gradient stack used is 419719 out of 10000000
DEBUG: Total dvariable address used is 2087 out of 150000
DEBUG: Total dvariable address used is 4013584 out of 50000000
DEBUG: Total gradient stack used is 419719 out of 10000000
DEBUG: Total dvariable address used is 2087 out of 150000
DEBUG: Total dvariable address used is 4013584 out of 50000000
DEBUG: Total gradient stack used is 419719 out of 10000000
DEBUG: Total dvariable address used is 2087 out of 150000
DEBUG: Total dvariable address used is 4013584 out of 50000000
DEBUG: Total gradient stack used is 419719 out of 10000000
DEBUG: Total dvariable address used is 2087 out of 150000
DEBUG: Total dvariable address used is 4013584 out of 50000000
DEBUG: Total gradient stack used is 419719 out of 10000000
DEBUG: Total dvariable address used is 2087 out of 150000
DEBUG: Total dvariable address used is 4013584 out of 50000000
DEBUG: Total gradient stack used is 419719 out of 10000000
DEBUG: Total dvariable address used is 2087 out of 150000
DEBUG: Total dvariable address used is 4013584 out of 50000000
DEBUG: Total gradient stack used is 419719 out of 10000000
DEBUG: Total dvariable address used is 2087 out of 150000
DEBUG: Total dvariable address used is 4013584 out of 50000000
DEBUG: Total gradient stack used is 419719 out of 10000000
DEBUG: Total dvariable address used is 2087 out of 150000
DEBUG: Total dvariable address used is 4013584 out of 50000000
DEBUG: Total gradient stack used is 419719 out of 10000000
DEBUG: Total dvariable address used is 2087 out of 150000
DEBUG: Total dvariable address used is 4013584 out of 50000000
DEBUG: Total gradient stack used is 419719 out of 10000000
DEBUG: Total dvariable address used is 2087 out of 150000
DEBUG: Total dvariable address used is 4013584 out of 50000000
DEBUG: Total gradient stack used is 419719 out of 10000000
DEBUG: Total dvariable address used is 2087 out of 150000
DEBUG: Total dvariable address used is 4013584 out of 50000000
DEBUG: Total gradient stack used is 419719 out of 10000000
DEBUG: Total dvariable address used is 2087 out of 150000
DEBUG: Total dvariable address used is 4013584 out of 50000000
DEBUG: Total gradient stack used is 419719 out of 10000000
DEBUG: Total dvariable address used is 2087 out of 150000
DEBUG: Total dvariable address used is 4013584 out of 50000000
DEBUG: Total gradient stack used is 419719 out of 10000000
DEBUG: Total dvariable address used is 2087 out of 150000
DEBUG: Total dvariable address used is 4013584 out of 50000000
DEBUG: Total gradient stack used is 419719 out of 10000000
DEBUG: Total dvariable address used is 2087 out of 150000
DEBUG: Total dvariable address used is 4013584 out of 50000000
DEBUG: Total gradient stack used is 419719 out of 10000000
DEBUG: Total dvariable address used is 2087 out of 150000
DEBUG: Total dvariable address used is 4013584 out of 50000000
DEBUG: Total gradient stack used is 419719 out of 10000000
DEBUG: Total dvariable address used is 2087 out of 150000
DEBUG: Total dvariable address used is 4013584 out of 50000000
DEBUG: Total gradient stack used is 419719 out of 10000000
DEBUG: Total dvariable address used is 2087 out of 150000
DEBUG: Total dvariable address used is 4013584 out of 50000000
DEBUG: Total gradient stack used is 419719 out of 10000000
DEBUG: Total dvariable address used is 2087 out of 150000
DEBUG: Total dvariable address used is 4013584 out of 50000000
DEBUG: Total gradient stack used is 419719 out of 10000000
DEBUG: Total dvariable address used is 2087 out of 150000
DEBUG: Total dvariable address used is 4013584 out of 50000000
DEBUG: Total gradient stack used is 419719 out of 10000000
DEBUG: Total dvariable address used is 2087 out of 150000
DEBUG: Total dvariable address used is 4013584 out of 50000000
DEBUG: Total gradient stack used is 419719 out of 10000000
DEBUG: Total dvariable address used is 2087 out of 150000
DEBUG: Total dvariable address used is 4013584 out of 50000000
DEBUG: Total gradient stack used is 419719 out of 10000000
DEBUG: Total dvariable address used is 2087 out of 150000
DEBUG: Total dvariable address used is 4013584 out of 50000000
DEBUG: Total gradient stack used is 419719 out of 10000000
DEBUG: Total dvariable address used is 2087 out of 150000
DEBUG: Total dvariable address used is 4013584 out of 50000000
DEBUG: Total gradient stack used is 419719 out of 10000000
DEBUG: Total dvariable address used is 2087 out of 150000
DEBUG: Total dvariable address used is 4013584 out of 50000000
DEBUG: Total gradient stack used is 419719 out of 10000000
DEBUG: Total dvariable address used is 2087 out of 150000
DEBUG: Total dvariable address used is 4013584 out of 50000000
DEBUG: Total gradient stack used is 419719 out of 10000000
DEBUG: Total dvariable address used is 2087 out of 150000
DEBUG: Total dvariable address used is 4013584 out of 50000000
DEBUG: Total gradient stack used is 419719 out of 10000000
DEBUG: Total dvariable address used is 2087 out of 150000
DEBUG: Total dvariable address used is 4013584 out of 50000000
DEBUG: Total gradient stack used is 419719 out of 10000000
DEBUG: Total dvariable address used is 2087 out of 150000
DEBUG: Total dvariable address used is 4013584 out of 50000000
DEBUG: Total gradient stack used is 419719 out of 10000000
DEBUG: Total dvariable address used is 2087 out of 150000
DEBUG: Total dvariable address used is 4013584 out of 50000000
DEBUG: Total gradient stack used is 419719 out of 10000000
DEBUG: Total dvariable address used is 2087 out of 150000
DEBUG: Total dvariable address used is 4013584 out of 50000000
DEBUG: Total gradient stack used is 419719 out of 10000000
DEBUG: Total dvariable address used is 2087 out of 150000
DEBUG: Total dvariable address used is 4013584 out of 50000000
DEBUG: Total gradient stack used is 419719 out of 10000000
DEBUG: Total dvariable address used is 2087 out of 150000
DEBUG: Total dvariable address used is 4013584 out of 50000000
DEBUG: Total gradient stack used is 419719 out of 10000000
DEBUG: Total dvariable address used is 2087 out of 150000
DEBUG: Total dvariable address used is 4013584 out of 50000000
DEBUG: Total gradient stack used is 419719 out of 10000000
DEBUG: Total dvariable address used is 2087 out of 150000
DEBUG: Total dvariable address used is 4013584 out of 50000000
DEBUG: Total gradient stack used is 419719 out of 10000000
DEBUG: Total dvariable address used is 2087 out of 150000
DEBUG: Total dvariable address used is 4013584 out of 50000000
DEBUG: Total gradient stack used is 419719 out of 10000000
DEBUG: Total dvariable address used is 2087 out of 150000
DEBUG: Total dvariable address used is 4013584 out of 50000000
DEBUG: Total gradient stack used is 419719 out of 10000000
DEBUG: Total dvariable address used is 2087 out of 150000
DEBUG: Total dvariable address used is 4013584 out of 50000000
DEBUG: Total gradient stack used is 419719 out of 10000000
DEBUG: Total dvariable address used is 2087 out of 150000
DEBUG: Total dvariable address used is 4013584 out of 50000000
DEBUG: Total gradient stack used is 419719 out of 10000000
DEBUG: Total dvariable address used is 2087 out of 150000
DEBUG: Total dvariable address used is 4013584 out of 50000000
DEBUG: Total gradient stack used is 419719 out of 10000000
DEBUG: Total dvariable address used is 2087 out of 150000
DEBUG: Total dvariable address used is 4013584 out of 50000000
DEBUG: Total gradient stack used is 419719 out of 10000000
DEBUG: Total dvariable address used is 2087 out of 150000
DEBUG: Total dvariable address used is 4013584 out of 50000000
DEBUG: Total gradient stack used is 419719 out of 10000000
DEBUG: Total dvariable address used is 2087 out of 150000
DEBUG: Total dvariable address used is 4013584 out of 50000000
DEBUG: Total gradient stack used is 419719 out of 10000000
DEBUG: Total dvariable address used is 2087 out of 150000
DEBUG: Total dvariable address used is 4013584 out of 50000000
DEBUG: Total gradient stack used is 419719 out of 10000000
DEBUG: Total dvariable address used is 2087 out of 150000
DEBUG: Total dvariable address used is 4013584 out of 50000000
DEBUG: Total gradient stack used is 419719 out of 10000000
DEBUG: Total dvariable address used is 2087 out of 150000
DEBUG: Total dvariable address used is 4013584 out of 50000000
DEBUG: Total gradient stack used is 419719 out of 10000000
DEBUG: Total dvariable address used is 2087 out of 150000
DEBUG: Total dvariable address used is 4013584 out of 50000000
DEBUG: Total gradient stack used is 419719 out of 10000000
DEBUG: Total dvariable address used is 2087 out of 150000
DEBUG: Total dvariable address used is 4013584 out of 50000000
DEBUG: Total gradient stack used is 419719 out of 10000000
DEBUG: Total dvariable address used is 2087 out of 150000
DEBUG: Total dvariable address used is 4013584 out of 50000000
DEBUG: Total gradient stack used is 419719 out of 10000000
DEBUG: Total dvariable address used is 2087 out of 150000
DEBUG: Total dvariable address used is 4013584 out of 50000000
DEBUG: Total gradient stack used is 419719 out of 10000000
DEBUG: Total dvariable address used is 2087 out of 150000
DEBUG: Total dvariable address used is 4013584 out of 50000000
DEBUG: Total gradient stack used is 419719 out of 10000000
DEBUG: Total dvariable address used is 2087 out of 150000
DEBUG: Total dvariable address used is 4013584 out of 50000000
DEBUG: Total gradient stack used is 419719 out of 10000000
DEBUG: Total dvariable address used is 2087 out of 150000
DEBUG: Total dvariable address used is 4013584 out of 50000000
DEBUG: Total gradient stack used is 419719 out of 10000000
DEBUG: Total dvariable address used is 2087 out of 150000
DEBUG: Total dvariable address used is 4013584 out of 50000000
DEBUG: Total gradient stack used is 419719 out of 10000000
DEBUG: Total dvariable address used is 2087 out of 150000
DEBUG: Total dvariable address used is 4013584 out of 50000000
DEBUG: Total gradient stack used is 419719 out of 10000000
DEBUG: Total dvariable address used is 2087 out of 150000
DEBUG: Total dvariable address used is 4013584 out of 50000000
DEBUG: Total gradient stack used is 419719 out of 10000000
DEBUG: Total dvariable address used is 2087 out of 150000
DEBUG: Total dvariable address used is 4013584 out of 50000000
DEBUG: Total gradient stack used is 419719 out of 10000000
DEBUG: Total dvariable address used is 2087 out of 150000
DEBUG: Total dvariable address used is 4013584 out of 50000000
DEBUG: Total gradient stack used is 419719 out of 10000000
DEBUG: Total dvariable address used is 2087 out of 150000
DEBUG: Total dvariable address used is 4013584 out of 50000000
DEBUG: Total gradient stack used is 419719 out of 10000000
DEBUG: Total dvariable address used is 2087 out of 150000
DEBUG: Total dvariable address used is 4013584 out of 50000000
DEBUG: Total gradient stack used is 419719 out of 10000000
DEBUG: Total dvariable address used is 2087 out of 150000
DEBUG: Total dvariable address used is 4013584 out of 50000000
DEBUG: Total gradient stack used is 419719 out of 10000000
DEBUG: Total dvariable address used is 2087 out of 150000
DEBUG: Total dvariable address used is 4013584 out of 50000000
DEBUG: Total gradient stack used is 419719 out of 10000000
DEBUG: Total dvariable address used is 2087 out of 150000
DEBUG: Total dvariable address used is 4013584 out of 50000000
DEBUG: Total gradient stack used is 419719 out of 10000000
DEBUG: Total dvariable address used is 2087 out of 150000
DEBUG: Total dvariable address used is 4013584 out of 50000000
DEBUG: Total gradient stack used is 419719 out of 10000000
DEBUG: Total dvariable address used is 2087 out of 150000
DEBUG: Total dvariable address used is 4013584 out of 50000000
DEBUG: Total gradient stack used is 419719 out of 10000000
DEBUG: Total dvariable address used is 2087 out of 150000
DEBUG: Total dvariable address used is 4013584 out of 50000000
DEBUG: Total gradient stack used is 419719 out of 10000000
DEBUG: Total dvariable address used is 2087 out of 150000
DEBUG: Total dvariable address used is 4013584 out of 50000000
DEBUG: Total gradient stack used is 419719 out of 10000000
DEBUG: Total dvariable address used is 2087 out of 150000
DEBUG: Total dvariable address used is 4013584 out of 50000000
DEBUG: Total gradient stack used is 419719 out of 10000000
DEBUG: Total dvariable address used is 2087 out of 150000
DEBUG: Total dvariable address used is 4013584 out of 50000000
DEBUG: Total gradient stack used is 419719 out of 10000000
DEBUG: Total dvariable address used is 2087 out of 150000
DEBUG: Total dvariable address used is 4013584 out of 50000000
DEBUG: Total gradient stack used is 419719 out of 10000000
DEBUG: Total dvariable address used is 2087 out of 150000
DEBUG: Total dvariable address used is 4013584 out of 50000000
DEBUG: Total gradient stack used is 419719 out of 10000000
DEBUG: Total dvariable address used is 2087 out of 150000
DEBUG: Total dvariable address used is 4013584 out of 50000000
DEBUG: Total gradient stack used is 419719 out of 10000000
DEBUG: Total dvariable address used is 2087 out of 150000
DEBUG: Total dvariable address used is 4013584 out of 50000000
DEBUG: Total gradient stack used is 419719 out of 10000000
DEBUG: Total dvariable address used is 2087 out of 150000
DEBUG: Total dvariable address used is 4013584 out of 50000000
DEBUG: Total gradient stack used is 419719 out of 10000000
DEBUG: Total dvariable address used is 2087 out of 150000
DEBUG: Total dvariable address used is 4013584 out of 50000000
DEBUG: Total gradient stack used is 419719 out of 10000000
DEBUG: Total dvariable address used is 2087 out of 150000
DEBUG: Total dvariable address used is 4013584 out of 50000000
DEBUG: Total gradient stack used is 419719 out of 10000000
DEBUG: Total dvariable address used is 2087 out of 150000
DEBUG: Total dvariable address used is 4013584 out of 50000000
DEBUG: Total gradient stack used is 419719 out of 10000000
DEBUG: Total dvariable address used is 2087 out of 150000
DEBUG: Total dvariable address used is 4013584 out of 50000000
DEBUG: Total gradient stack used is 419719 out of 10000000
DEBUG: Total dvariable address used is 2087 out of 150000
DEBUG: Total dvariable address used is 4013584 out of 50000000
, 60%DEBUG: Total gradient stack used is 419719 out of 10000000
DEBUG: Total dvariable address used is 2087 out of 150000
DEBUG: Total dvariable address used is 4013584 out of 50000000
DEBUG: Total gradient stack used is 419719 out of 10000000
DEBUG: Total dvariable address used is 2087 out of 150000
DEBUG: Total dvariable address used is 4013584 out of 50000000
DEBUG: Total gradient stack used is 419719 out of 10000000
DEBUG: Total dvariable address used is 2087 out of 150000
DEBUG: Total dvariable address used is 4013584 out of 50000000
DEBUG: Total gradient stack used is 419719 out of 10000000
DEBUG: Total dvariable address used is 2087 out of 150000
DEBUG: Total dvariable address used is 4013584 out of 50000000
DEBUG: Total gradient stack used is 419719 out of 10000000
DEBUG: Total dvariable address used is 2087 out of 150000
DEBUG: Total dvariable address used is 4013584 out of 50000000
DEBUG: Total gradient stack used is 419719 out of 10000000
DEBUG: Total dvariable address used is 2087 out of 150000
DEBUG: Total dvariable address used is 4013584 out of 50000000
DEBUG: Total gradient stack used is 419719 out of 10000000
DEBUG: Total dvariable address used is 2087 out of 150000
DEBUG: Total dvariable address used is 4013584 out of 50000000
DEBUG: Total gradient stack used is 419719 out of 10000000
DEBUG: Total dvariable address used is 2087 out of 150000
DEBUG: Total dvariable address used is 4013584 out of 50000000
DEBUG: Total gradient stack used is 419719 out of 10000000
DEBUG: Total dvariable address used is 2087 out of 150000
DEBUG: Total dvariable address used is 4013584 out of 50000000
DEBUG: Total gradient stack used is 419719 out of 10000000
DEBUG: Total dvariable address used is 2087 out of 150000
DEBUG: Total dvariable address used is 4013584 out of 50000000
DEBUG: Total gradient stack used is 419719 out of 10000000
DEBUG: Total dvariable address used is 2087 out of 150000
DEBUG: Total dvariable address used is 4013584 out of 50000000
DEBUG: Total gradient stack used is 419719 out of 10000000
DEBUG: Total dvariable address used is 2087 out of 150000
DEBUG: Total dvariable address used is 4013584 out of 50000000
DEBUG: Total gradient stack used is 419719 out of 10000000
DEBUG: Total dvariable address used is 2087 out of 150000
DEBUG: Total dvariable address used is 4013584 out of 50000000
DEBUG: Total gradient stack used is 419719 out of 10000000
DEBUG: Total dvariable address used is 2087 out of 150000
DEBUG: Total dvariable address used is 4013584 out of 50000000
DEBUG: Total gradient stack used is 419719 out of 10000000
DEBUG: Total dvariable address used is 2087 out of 150000
DEBUG: Total dvariable address used is 4013584 out of 50000000
DEBUG: Total gradient stack used is 419719 out of 10000000
DEBUG: Total dvariable address used is 2087 out of 150000
DEBUG: Total dvariable address used is 4013584 out of 50000000
DEBUG: Total gradient stack used is 419719 out of 10000000
DEBUG: Total dvariable address used is 2087 out of 150000
DEBUG: Total dvariable address used is 4013584 out of 50000000
DEBUG: Total gradient stack used is 419719 out of 10000000
DEBUG: Total dvariable address used is 2087 out of 150000
DEBUG: Total dvariable address used is 4013584 out of 50000000
DEBUG: Total gradient stack used is 419719 out of 10000000
DEBUG: Total dvariable address used is 2087 out of 150000
DEBUG: Total dvariable address used is 4013584 out of 50000000
DEBUG: Total gradient stack used is 419719 out of 10000000
DEBUG: Total dvariable address used is 2087 out of 150000
DEBUG: Total dvariable address used is 4013584 out of 50000000
DEBUG: Total gradient stack used is 419719 out of 10000000
DEBUG: Total dvariable address used is 2087 out of 150000
DEBUG: Total dvariable address used is 4013584 out of 50000000
DEBUG: Total gradient stack used is 419719 out of 10000000
DEBUG: Total dvariable address used is 2087 out of 150000
DEBUG: Total dvariable address used is 4013584 out of 50000000
DEBUG: Total gradient stack used is 419719 out of 10000000
DEBUG: Total dvariable address used is 2087 out of 150000
DEBUG: Total dvariable address used is 4013584 out of 50000000
DEBUG: Total gradient stack used is 419719 out of 10000000
DEBUG: Total dvariable address used is 2087 out of 150000
DEBUG: Total dvariable address used is 4013584 out of 50000000
DEBUG: Total gradient stack used is 419719 out of 10000000
DEBUG: Total dvariable address used is 2087 out of 150000
DEBUG: Total dvariable address used is 4013584 out of 50000000
DEBUG: Total gradient stack used is 419719 out of 10000000
DEBUG: Total dvariable address used is 2087 out of 150000
DEBUG: Total dvariable address used is 4013584 out of 50000000
DEBUG: Total gradient stack used is 419719 out of 10000000
DEBUG: Total dvariable address used is 2087 out of 150000
DEBUG: Total dvariable address used is 4013584 out of 50000000
DEBUG: Total gradient stack used is 419719 out of 10000000
DEBUG: Total dvariable address used is 2087 out of 150000
DEBUG: Total dvariable address used is 4013584 out of 50000000
DEBUG: Total gradient stack used is 419719 out of 10000000
DEBUG: Total dvariable address used is 2087 out of 150000
DEBUG: Total dvariable address used is 4013584 out of 50000000
DEBUG: Total gradient stack used is 419719 out of 10000000
DEBUG: Total dvariable address used is 2087 out of 150000
DEBUG: Total dvariable address used is 4013584 out of 50000000
DEBUG: Total gradient stack used is 419719 out of 10000000
DEBUG: Total dvariable address used is 2087 out of 150000
DEBUG: Total dvariable address used is 4013584 out of 50000000
DEBUG: Total gradient stack used is 419719 out of 10000000
DEBUG: Total dvariable address used is 2087 out of 150000
DEBUG: Total dvariable address used is 4013584 out of 50000000
DEBUG: Total gradient stack used is 419719 out of 10000000
DEBUG: Total dvariable address used is 2087 out of 150000
DEBUG: Total dvariable address used is 4013584 out of 50000000
DEBUG: Total gradient stack used is 419719 out of 10000000
DEBUG: Total dvariable address used is 2087 out of 150000
DEBUG: Total dvariable address used is 4013584 out of 50000000
DEBUG: Total gradient stack used is 419719 out of 10000000
DEBUG: Total dvariable address used is 2087 out of 150000
DEBUG: Total dvariable address used is 4013584 out of 50000000
DEBUG: Total gradient stack used is 419719 out of 10000000
DEBUG: Total dvariable address used is 2087 out of 150000
DEBUG: Total dvariable address used is 4013584 out of 50000000
DEBUG: Total gradient stack used is 419719 out of 10000000
DEBUG: Total dvariable address used is 2087 out of 150000
DEBUG: Total dvariable address used is 4013584 out of 50000000
DEBUG: Total gradient stack used is 419719 out of 10000000
DEBUG: Total dvariable address used is 2087 out of 150000
DEBUG: Total dvariable address used is 4013584 out of 50000000
DEBUG: Total gradient stack used is 419719 out of 10000000
DEBUG: Total dvariable address used is 2087 out of 150000
DEBUG: Total dvariable address used is 4013584 out of 50000000
DEBUG: Total gradient stack used is 419719 out of 10000000
DEBUG: Total dvariable address used is 2087 out of 150000
DEBUG: Total dvariable address used is 4013584 out of 50000000
DEBUG: Total gradient stack used is 419719 out of 10000000
DEBUG: Total dvariable address used is 2087 out of 150000
DEBUG: Total dvariable address used is 4013584 out of 50000000
DEBUG: Total gradient stack used is 419719 out of 10000000
DEBUG: Total dvariable address used is 2087 out of 150000
DEBUG: Total dvariable address used is 4013584 out of 50000000
DEBUG: Total gradient stack used is 419719 out of 10000000
DEBUG: Total dvariable address used is 2087 out of 150000
DEBUG: Total dvariable address used is 4013584 out of 50000000
DEBUG: Total gradient stack used is 419719 out of 10000000
DEBUG: Total dvariable address used is 2087 out of 150000
DEBUG: Total dvariable address used is 4013584 out of 50000000
DEBUG: Total gradient stack used is 419719 out of 10000000
DEBUG: Total dvariable address used is 2087 out of 150000
DEBUG: Total dvariable address used is 4013584 out of 50000000
DEBUG: Total gradient stack used is 419719 out of 10000000
DEBUG: Total dvariable address used is 2087 out of 150000
DEBUG: Total dvariable address used is 4013584 out of 50000000
DEBUG: Total gradient stack used is 419719 out of 10000000
DEBUG: Total dvariable address used is 2087 out of 150000
DEBUG: Total dvariable address used is 4013584 out of 50000000
DEBUG: Total gradient stack used is 419719 out of 10000000
DEBUG: Total dvariable address used is 2087 out of 150000
DEBUG: Total dvariable address used is 4013584 out of 50000000
DEBUG: Total gradient stack used is 419719 out of 10000000
DEBUG: Total dvariable address used is 2087 out of 150000
DEBUG: Total dvariable address used is 4013584 out of 50000000
DEBUG: Total gradient stack used is 419719 out of 10000000
DEBUG: Total dvariable address used is 2087 out of 150000
DEBUG: Total dvariable address used is 4013584 out of 50000000
DEBUG: Total gradient stack used is 419719 out of 10000000
DEBUG: Total dvariable address used is 2087 out of 150000
DEBUG: Total dvariable address used is 4013584 out of 50000000
DEBUG: Total gradient stack used is 419719 out of 10000000
DEBUG: Total dvariable address used is 2087 out of 150000
DEBUG: Total dvariable address used is 4013584 out of 50000000
DEBUG: Total gradient stack used is 419719 out of 10000000
DEBUG: Total dvariable address used is 2087 out of 150000
DEBUG: Total dvariable address used is 4013584 out of 50000000
DEBUG: Total gradient stack used is 419719 out of 10000000
DEBUG: Total dvariable address used is 2087 out of 150000
DEBUG: Total dvariable address used is 4013584 out of 50000000
DEBUG: Total gradient stack used is 419719 out of 10000000
DEBUG: Total dvariable address used is 2087 out of 150000
DEBUG: Total dvariable address used is 4013584 out of 50000000
DEBUG: Total gradient stack used is 419719 out of 10000000
DEBUG: Total dvariable address used is 2087 out of 150000
DEBUG: Total dvariable address used is 4013584 out of 50000000
DEBUG: Total gradient stack used is 419719 out of 10000000
DEBUG: Total dvariable address used is 2087 out of 150000
DEBUG: Total dvariable address used is 4013584 out of 50000000
DEBUG: Total gradient stack used is 419719 out of 10000000
DEBUG: Total dvariable address used is 2087 out of 150000
DEBUG: Total dvariable address used is 4013584 out of 50000000
DEBUG: Total gradient stack used is 419719 out of 10000000
DEBUG: Total dvariable address used is 2087 out of 150000
DEBUG: Total dvariable address used is 4013584 out of 50000000
DEBUG: Total gradient stack used is 419719 out of 10000000
DEBUG: Total dvariable address used is 2087 out of 150000
DEBUG: Total dvariable address used is 4013584 out of 50000000
DEBUG: Total gradient stack used is 419719 out of 10000000
DEBUG: Total dvariable address used is 2087 out of 150000
DEBUG: Total dvariable address used is 4013584 out of 50000000
DEBUG: Total gradient stack used is 419719 out of 10000000
DEBUG: Total dvariable address used is 2087 out of 150000
DEBUG: Total dvariable address used is 4013584 out of 50000000
DEBUG: Total gradient stack used is 419719 out of 10000000
DEBUG: Total dvariable address used is 2087 out of 150000
DEBUG: Total dvariable address used is 4013584 out of 50000000
DEBUG: Total gradient stack used is 419719 out of 10000000
DEBUG: Total dvariable address used is 2087 out of 150000
DEBUG: Total dvariable address used is 4013584 out of 50000000
DEBUG: Total gradient stack used is 419719 out of 10000000
DEBUG: Total dvariable address used is 2087 out of 150000
DEBUG: Total dvariable address used is 4013584 out of 50000000
DEBUG: Total gradient stack used is 419719 out of 10000000
DEBUG: Total dvariable address used is 2087 out of 150000
DEBUG: Total dvariable address used is 4013584 out of 50000000
DEBUG: Total gradient stack used is 419719 out of 10000000
DEBUG: Total dvariable address used is 2087 out of 150000
DEBUG: Total dvariable address used is 4013584 out of 50000000
DEBUG: Total gradient stack used is 419719 out of 10000000
DEBUG: Total dvariable address used is 2087 out of 150000
DEBUG: Total dvariable address used is 4013584 out of 50000000
DEBUG: Total gradient stack used is 419719 out of 10000000
DEBUG: Total dvariable address used is 2087 out of 150000
DEBUG: Total dvariable address used is 4013584 out of 50000000
DEBUG: Total gradient stack used is 419719 out of 10000000
DEBUG: Total dvariable address used is 2087 out of 150000
DEBUG: Total dvariable address used is 4013584 out of 50000000
DEBUG: Total gradient stack used is 419719 out of 10000000
DEBUG: Total dvariable address used is 2087 out of 150000
DEBUG: Total dvariable address used is 4013584 out of 50000000
DEBUG: Total gradient stack used is 419719 out of 10000000
DEBUG: Total dvariable address used is 2087 out of 150000
DEBUG: Total dvariable address used is 4013584 out of 50000000
DEBUG: Total gradient stack used is 419719 out of 10000000
DEBUG: Total dvariable address used is 2087 out of 150000
DEBUG: Total dvariable address used is 4013584 out of 50000000
DEBUG: Total gradient stack used is 419719 out of 10000000
DEBUG: Total dvariable address used is 2087 out of 150000
DEBUG: Total dvariable address used is 4013584 out of 50000000
DEBUG: Total gradient stack used is 419719 out of 10000000
DEBUG: Total dvariable address used is 2087 out of 150000
DEBUG: Total dvariable address used is 4013584 out of 50000000
DEBUG: Total gradient stack used is 419719 out of 10000000
DEBUG: Total dvariable address used is 2087 out of 150000
DEBUG: Total dvariable address used is 4013584 out of 50000000
DEBUG: Total gradient stack used is 419719 out of 10000000
DEBUG: Total dvariable address used is 2087 out of 150000
DEBUG: Total dvariable address used is 4013584 out of 50000000
DEBUG: Total gradient stack used is 419719 out of 10000000
DEBUG: Total dvariable address used is 2087 out of 150000
DEBUG: Total dvariable address used is 4013584 out of 50000000
DEBUG: Total gradient stack used is 419719 out of 10000000
DEBUG: Total dvariable address used is 2087 out of 150000
DEBUG: Total dvariable address used is 4013584 out of 50000000
DEBUG: Total gradient stack used is 419719 out of 10000000
DEBUG: Total dvariable address used is 2087 out of 150000
DEBUG: Total dvariable address used is 4013584 out of 50000000
DEBUG: Total gradient stack used is 419719 out of 10000000
DEBUG: Total dvariable address used is 2087 out of 150000
DEBUG: Total dvariable address used is 4013584 out of 50000000
DEBUG: Total gradient stack used is 419719 out of 10000000
DEBUG: Total dvariable address used is 2087 out of 150000
DEBUG: Total dvariable address used is 4013584 out of 50000000
DEBUG: Total gradient stack used is 419719 out of 10000000
DEBUG: Total dvariable address used is 2087 out of 150000
DEBUG: Total dvariable address used is 4013584 out of 50000000
DEBUG: Total gradient stack used is 419719 out of 10000000
DEBUG: Total dvariable address used is 2087 out of 150000
DEBUG: Total dvariable address used is 4013584 out of 50000000
DEBUG: Total gradient stack used is 419719 out of 10000000
DEBUG: Total dvariable address used is 2087 out of 150000
DEBUG: Total dvariable address used is 4013584 out of 50000000
DEBUG: Total gradient stack used is 419719 out of 10000000
DEBUG: Total dvariable address used is 2087 out of 150000
DEBUG: Total dvariable address used is 4013584 out of 50000000
DEBUG: Total gradient stack used is 419719 out of 10000000
DEBUG: Total dvariable address used is 2087 out of 150000
DEBUG: Total dvariable address used is 4013584 out of 50000000
DEBUG: Total gradient stack used is 419719 out of 10000000
DEBUG: Total dvariable address used is 2087 out of 150000
DEBUG: Total dvariable address used is 4013584 out of 50000000
DEBUG: Total gradient stack used is 419719 out of 10000000
DEBUG: Total dvariable address used is 2087 out of 150000
DEBUG: Total dvariable address used is 4013584 out of 50000000
DEBUG: Total gradient stack used is 419719 out of 10000000
DEBUG: Total dvariable address used is 2087 out of 150000
DEBUG: Total dvariable address used is 4013584 out of 50000000
DEBUG: Total gradient stack used is 419719 out of 10000000
DEBUG: Total dvariable address used is 2087 out of 150000
DEBUG: Total dvariable address used is 4013584 out of 50000000
DEBUG: Total gradient stack used is 419719 out of 10000000
DEBUG: Total dvariable address used is 2087 out of 150000
DEBUG: Total dvariable address used is 4013584 out of 50000000
DEBUG: Total gradient stack used is 419719 out of 10000000
DEBUG: Total dvariable address used is 2087 out of 150000
DEBUG: Total dvariable address used is 4013584 out of 50000000
DEBUG: Total gradient stack used is 419719 out of 10000000
DEBUG: Total dvariable address used is 2087 out of 150000
DEBUG: Total dvariable address used is 4013584 out of 50000000
DEBUG: Total gradient stack used is 419719 out of 10000000
DEBUG: Total dvariable address used is 2087 out of 150000
DEBUG: Total dvariable address used is 4013584 out of 50000000
DEBUG: Total gradient stack used is 419719 out of 10000000
DEBUG: Total dvariable address used is 2087 out of 150000
DEBUG: Total dvariable address used is 4013584 out of 50000000
DEBUG: Total gradient stack used is 419719 out of 10000000
DEBUG: Total dvariable address used is 2087 out of 150000
DEBUG: Total dvariable address used is 4013584 out of 50000000
DEBUG: Total gradient stack used is 419719 out of 10000000
DEBUG: Total dvariable address used is 2087 out of 150000
DEBUG: Total dvariable address used is 4013584 out of 50000000
DEBUG: Total gradient stack used is 419719 out of 10000000
DEBUG: Total dvariable address used is 2087 out of 150000
DEBUG: Total dvariable address used is 4013584 out of 50000000
DEBUG: Total gradient stack used is 419719 out of 10000000
DEBUG: Total dvariable address used is 2087 out of 150000
DEBUG: Total dvariable address used is 4013584 out of 50000000
DEBUG: Total gradient stack used is 419719 out of 10000000
DEBUG: Total dvariable address used is 2087 out of 150000
DEBUG: Total dvariable address used is 4013584 out of 50000000
DEBUG: Total gradient stack used is 419719 out of 10000000
DEBUG: Total dvariable address used is 2087 out of 150000
DEBUG: Total dvariable address used is 4013584 out of 50000000
DEBUG: Total gradient stack used is 419719 out of 10000000
DEBUG: Total dvariable address used is 2087 out of 150000
DEBUG: Total dvariable address used is 4013584 out of 50000000
DEBUG: Total gradient stack used is 419719 out of 10000000
DEBUG: Total dvariable address used is 2087 out of 150000
DEBUG: Total dvariable address used is 4013584 out of 50000000
DEBUG: Total gradient stack used is 419719 out of 10000000
DEBUG: Total dvariable address used is 2087 out of 150000
DEBUG: Total dvariable address used is 4013584 out of 50000000
DEBUG: Total gradient stack used is 419719 out of 10000000
DEBUG: Total dvariable address used is 2087 out of 150000
DEBUG: Total dvariable address used is 4013584 out of 50000000
DEBUG: Total gradient stack used is 419719 out of 10000000
DEBUG: Total dvariable address used is 2087 out of 150000
DEBUG: Total dvariable address used is 4013584 out of 50000000
DEBUG: Total gradient stack used is 419719 out of 10000000
DEBUG: Total dvariable address used is 2087 out of 150000
DEBUG: Total dvariable address used is 4013584 out of 50000000
DEBUG: Total gradient stack used is 419719 out of 10000000
DEBUG: Total dvariable address used is 2087 out of 150000
DEBUG: Total dvariable address used is 4013584 out of 50000000
DEBUG: Total gradient stack used is 419719 out of 10000000
DEBUG: Total dvariable address used is 2087 out of 150000
DEBUG: Total dvariable address used is 4013584 out of 50000000
DEBUG: Total gradient stack used is 419719 out of 10000000
DEBUG: Total dvariable address used is 2087 out of 150000
DEBUG: Total dvariable address used is 4013584 out of 50000000
DEBUG: Total gradient stack used is 419719 out of 10000000
DEBUG: Total dvariable address used is 2087 out of 150000
DEBUG: Total dvariable address used is 4013584 out of 50000000
DEBUG: Total gradient stack used is 419719 out of 10000000
DEBUG: Total dvariable address used is 2087 out of 150000
DEBUG: Total dvariable address used is 4013584 out of 50000000
DEBUG: Total gradient stack used is 419719 out of 10000000
DEBUG: Total dvariable address used is 2087 out of 150000
DEBUG: Total dvariable address used is 4013584 out of 50000000
DEBUG: Total gradient stack used is 419719 out of 10000000
DEBUG: Total dvariable address used is 2087 out of 150000
DEBUG: Total dvariable address used is 4013584 out of 50000000
DEBUG: Total gradient stack used is 419719 out of 10000000
DEBUG: Total dvariable address used is 2087 out of 150000
DEBUG: Total dvariable address used is 4013584 out of 50000000
DEBUG: Total gradient stack used is 419719 out of 10000000
DEBUG: Total dvariable address used is 2087 out of 150000
DEBUG: Total dvariable address used is 4013584 out of 50000000
DEBUG: Total gradient stack used is 419719 out of 10000000
DEBUG: Total dvariable address used is 2087 out of 150000
DEBUG: Total dvariable address used is 4013584 out of 50000000
DEBUG: Total gradient stack used is 419719 out of 10000000
DEBUG: Total dvariable address used is 2087 out of 150000
DEBUG: Total dvariable address used is 4013584 out of 50000000
DEBUG: Total gradient stack used is 419719 out of 10000000
DEBUG: Total dvariable address used is 2087 out of 150000
DEBUG: Total dvariable address used is 4013584 out of 50000000
DEBUG: Total gradient stack used is 419719 out of 10000000
DEBUG: Total dvariable address used is 2087 out of 150000
DEBUG: Total dvariable address used is 4013584 out of 50000000
DEBUG: Total gradient stack used is 419719 out of 10000000
DEBUG: Total dvariable address used is 2087 out of 150000
DEBUG: Total dvariable address used is 4013584 out of 50000000
DEBUG: Total gradient stack used is 419719 out of 10000000
DEBUG: Total dvariable address used is 2087 out of 150000
DEBUG: Total dvariable address used is 4013584 out of 50000000
DEBUG: Total gradient stack used is 419719 out of 10000000
DEBUG: Total dvariable address used is 2087 out of 150000
DEBUG: Total dvariable address used is 4013584 out of 50000000
DEBUG: Total gradient stack used is 419719 out of 10000000
DEBUG: Total dvariable address used is 2087 out of 150000
DEBUG: Total dvariable address used is 4013584 out of 50000000
DEBUG: Total gradient stack used is 419719 out of 10000000
DEBUG: Total dvariable address used is 2087 out of 150000
DEBUG: Total dvariable address used is 4013584 out of 50000000
DEBUG: Total gradient stack used is 419719 out of 10000000
DEBUG: Total dvariable address used is 2087 out of 150000
DEBUG: Total dvariable address used is 4013584 out of 50000000
DEBUG: Total gradient stack used is 419719 out of 10000000
DEBUG: Total dvariable address used is 2087 out of 150000
DEBUG: Total dvariable address used is 4013584 out of 50000000
DEBUG: Total gradient stack used is 419719 out of 10000000
DEBUG: Total dvariable address used is 2087 out of 150000
DEBUG: Total dvariable address used is 4013584 out of 50000000
DEBUG: Total gradient stack used is 419719 out of 10000000
DEBUG: Total dvariable address used is 2087 out of 150000
DEBUG: Total dvariable address used is 4013584 out of 50000000
DEBUG: Total gradient stack used is 419719 out of 10000000
DEBUG: Total dvariable address used is 2087 out of 150000
DEBUG: Total dvariable address used is 4013584 out of 50000000
DEBUG: Total gradient stack used is 419719 out of 10000000
DEBUG: Total dvariable address used is 2087 out of 150000
DEBUG: Total dvariable address used is 4013584 out of 50000000
DEBUG: Total gradient stack used is 419719 out of 10000000
DEBUG: Total dvariable address used is 2087 out of 150000
DEBUG: Total dvariable address used is 4013584 out of 50000000
DEBUG: Total gradient stack used is 419719 out of 10000000
DEBUG: Total dvariable address used is 2087 out of 150000
DEBUG: Total dvariable address used is 4013584 out of 50000000
DEBUG: Total gradient stack used is 419719 out of 10000000
DEBUG: Total dvariable address used is 2087 out of 150000
DEBUG: Total dvariable address used is 4013584 out of 50000000
DEBUG: Total gradient stack used is 419719 out of 10000000
DEBUG: Total dvariable address used is 2087 out of 150000
DEBUG: Total dvariable address used is 4013584 out of 50000000
DEBUG: Total gradient stack used is 419719 out of 10000000
DEBUG: Total dvariable address used is 2087 out of 150000
DEBUG: Total dvariable address used is 4013584 out of 50000000
DEBUG: Total gradient stack used is 419719 out of 10000000
DEBUG: Total dvariable address used is 2087 out of 150000
DEBUG: Total dvariable address used is 4013584 out of 50000000
DEBUG: Total gradient stack used is 419719 out of 10000000
DEBUG: Total dvariable address used is 2087 out of 150000
DEBUG: Total dvariable address used is 4013584 out of 50000000
DEBUG: Total gradient stack used is 419719 out of 10000000
DEBUG: Total dvariable address used is 2087 out of 150000
DEBUG: Total dvariable address used is 4013584 out of 50000000
DEBUG: Total gradient stack used is 419719 out of 10000000
DEBUG: Total dvariable address used is 2087 out of 150000
DEBUG: Total dvariable address used is 4013584 out of 50000000
DEBUG: Total gradient stack used is 419719 out of 10000000
DEBUG: Total dvariable address used is 2087 out of 150000
DEBUG: Total dvariable address used is 4013584 out of 50000000
DEBUG: Total gradient stack used is 419719 out of 10000000
DEBUG: Total dvariable address used is 2087 out of 150000
DEBUG: Total dvariable address used is 4013584 out of 50000000
DEBUG: Total gradient stack used is 419719 out of 10000000
DEBUG: Total dvariable address used is 2087 out of 150000
DEBUG: Total dvariable address used is 4013584 out of 50000000
DEBUG: Total gradient stack used is 419719 out of 10000000
DEBUG: Total dvariable address used is 2087 out of 150000
DEBUG: Total dvariable address used is 4013584 out of 50000000
DEBUG: Total gradient stack used is 419719 out of 10000000
DEBUG: Total dvariable address used is 2087 out of 150000
DEBUG: Total dvariable address used is 4013584 out of 50000000
DEBUG: Total gradient stack used is 419719 out of 10000000
DEBUG: Total dvariable address used is 2087 out of 150000
DEBUG: Total dvariable address used is 4013584 out of 50000000
DEBUG: Total gradient stack used is 419719 out of 10000000
DEBUG: Total dvariable address used is 2087 out of 150000
DEBUG: Total dvariable address used is 4013584 out of 50000000
DEBUG: Total gradient stack used is 419719 out of 10000000
DEBUG: Total dvariable address used is 2087 out of 150000
DEBUG: Total dvariable address used is 4013584 out of 50000000
DEBUG: Total gradient stack used is 419719 out of 10000000
DEBUG: Total dvariable address used is 2087 out of 150000
DEBUG: Total dvariable address used is 4013584 out of 50000000
DEBUG: Total gradient stack used is 419719 out of 10000000
DEBUG: Total dvariable address used is 2087 out of 150000
DEBUG: Total dvariable address used is 4013584 out of 50000000
DEBUG: Total gradient stack used is 419719 out of 10000000
DEBUG: Total dvariable address used is 2087 out of 150000
DEBUG: Total dvariable address used is 4013584 out of 50000000
DEBUG: Total gradient stack used is 419719 out of 10000000
DEBUG: Total dvariable address used is 2087 out of 150000
DEBUG: Total dvariable address used is 4013584 out of 50000000
DEBUG: Total gradient stack used is 419719 out of 10000000
DEBUG: Total dvariable address used is 2087 out of 150000
DEBUG: Total dvariable address used is 4013584 out of 50000000
DEBUG: Total gradient stack used is 419719 out of 10000000
DEBUG: Total dvariable address used is 2087 out of 150000
DEBUG: Total dvariable address used is 4013584 out of 50000000
DEBUG: Total gradient stack used is 419719 out of 10000000
DEBUG: Total dvariable address used is 2087 out of 150000
DEBUG: Total dvariable address used is 4013584 out of 50000000
DEBUG: Total gradient stack used is 419719 out of 10000000
DEBUG: Total dvariable address used is 2087 out of 150000
DEBUG: Total dvariable address used is 4013584 out of 50000000
DEBUG: Total gradient stack used is 419719 out of 10000000
DEBUG: Total dvariable address used is 2087 out of 150000
DEBUG: Total dvariable address used is 4013584 out of 50000000
DEBUG: Total gradient stack used is 419719 out of 10000000
DEBUG: Total dvariable address used is 2087 out of 150000
DEBUG: Total dvariable address used is 4013584 out of 50000000
DEBUG: Total gradient stack used is 419719 out of 10000000
DEBUG: Total dvariable address used is 2087 out of 150000
DEBUG: Total dvariable address used is 4013584 out of 50000000
DEBUG: Total gradient stack used is 419719 out of 10000000
DEBUG: Total dvariable address used is 2087 out of 150000
DEBUG: Total dvariable address used is 4013584 out of 50000000
DEBUG: Total gradient stack used is 419719 out of 10000000
DEBUG: Total dvariable address used is 2087 out of 150000
DEBUG: Total dvariable address used is 4013584 out of 50000000
DEBUG: Total gradient stack used is 419719 out of 10000000
DEBUG: Total dvariable address used is 2087 out of 150000
DEBUG: Total dvariable address used is 4013584 out of 50000000
DEBUG: Total gradient stack used is 419719 out of 10000000
DEBUG: Total dvariable address used is 2087 out of 150000
DEBUG: Total dvariable address used is 4013584 out of 50000000
DEBUG: Total gradient stack used is 419719 out of 10000000
DEBUG: Total dvariable address used is 2087 out of 150000
DEBUG: Total dvariable address used is 4013584 out of 50000000
DEBUG: Total gradient stack used is 419719 out of 10000000
DEBUG: Total dvariable address used is 2087 out of 150000
DEBUG: Total dvariable address used is 4013584 out of 50000000
DEBUG: Total gradient stack used is 419719 out of 10000000
DEBUG: Total dvariable address used is 2087 out of 150000
DEBUG: Total dvariable address used is 4013584 out of 50000000
DEBUG: Total gradient stack used is 419719 out of 10000000
DEBUG: Total dvariable address used is 2087 out of 150000
DEBUG: Total dvariable address used is 4013584 out of 50000000
DEBUG: Total gradient stack used is 419719 out of 10000000
DEBUG: Total dvariable address used is 2087 out of 150000
DEBUG: Total dvariable address used is 4013584 out of 50000000
DEBUG: Total gradient stack used is 419719 out of 10000000
DEBUG: Total dvariable address used is 2087 out of 150000
DEBUG: Total dvariable address used is 4013584 out of 50000000
DEBUG: Total gradient stack used is 419719 out of 10000000
DEBUG: Total dvariable address used is 2087 out of 150000
DEBUG: Total dvariable address used is 4013584 out of 50000000
DEBUG: Total gradient stack used is 419719 out of 10000000
DEBUG: Total dvariable address used is 2087 out of 150000
DEBUG: Total dvariable address used is 4013584 out of 50000000
DEBUG: Total gradient stack used is 419719 out of 10000000
DEBUG: Total dvariable address used is 2087 out of 150000
DEBUG: Total dvariable address used is 4013584 out of 50000000
DEBUG: Total gradient stack used is 419719 out of 10000000
DEBUG: Total dvariable address used is 2087 out of 150000
DEBUG: Total dvariable address used is 4013584 out of 50000000
DEBUG: Total gradient stack used is 419719 out of 10000000
DEBUG: Total dvariable address used is 2087 out of 150000
DEBUG: Total dvariable address used is 4013584 out of 50000000
DEBUG: Total gradient stack used is 419719 out of 10000000
DEBUG: Total dvariable address used is 2087 out of 150000
DEBUG: Total dvariable address used is 4013584 out of 50000000
DEBUG: Total gradient stack used is 419719 out of 10000000
DEBUG: Total dvariable address used is 2087 out of 150000
DEBUG: Total dvariable address used is 4013584 out of 50000000
DEBUG: Total gradient stack used is 419719 out of 10000000
DEBUG: Total dvariable address used is 2087 out of 150000
DEBUG: Total dvariable address used is 4013584 out of 50000000
DEBUG: Total gradient stack used is 419719 out of 10000000
DEBUG: Total dvariable address used is 2087 out of 150000
DEBUG: Total dvariable address used is 4013584 out of 50000000
DEBUG: Total gradient stack used is 419719 out of 10000000
DEBUG: Total dvariable address used is 2087 out of 150000
DEBUG: Total dvariable address used is 4013584 out of 50000000
DEBUG: Total gradient stack used is 419719 out of 10000000
DEBUG: Total dvariable address used is 2087 out of 150000
DEBUG: Total dvariable address used is 4013584 out of 50000000
DEBUG: Total gradient stack used is 419719 out of 10000000
DEBUG: Total dvariable address used is 2087 out of 150000
DEBUG: Total dvariable address used is 4013584 out of 50000000
DEBUG: Total gradient stack used is 419719 out of 10000000
DEBUG: Total dvariable address used is 2087 out of 150000
DEBUG: Total dvariable address used is 4013584 out of 50000000
DEBUG: Total gradient stack used is 419719 out of 10000000
DEBUG: Total dvariable address used is 2087 out of 150000
DEBUG: Total dvariable address used is 4013584 out of 50000000
DEBUG: Total gradient stack used is 419719 out of 10000000
DEBUG: Total dvariable address used is 2087 out of 150000
DEBUG: Total dvariable address used is 4013584 out of 50000000
DEBUG: Total gradient stack used is 419719 out of 10000000
DEBUG: Total dvariable address used is 2087 out of 150000
DEBUG: Total dvariable address used is 4013584 out of 50000000
DEBUG: Total gradient stack used is 419719 out of 10000000
DEBUG: Total dvariable address used is 2087 out of 150000
DEBUG: Total dvariable address used is 4013584 out of 50000000
DEBUG: Total gradient stack used is 419719 out of 10000000
DEBUG: Total dvariable address used is 2087 out of 150000
DEBUG: Total dvariable address used is 4013584 out of 50000000
DEBUG: Total gradient stack used is 419719 out of 10000000
DEBUG: Total dvariable address used is 2087 out of 150000
DEBUG: Total dvariable address used is 4013584 out of 50000000
DEBUG: Total gradient stack used is 419719 out of 10000000
DEBUG: Total dvariable address used is 2087 out of 150000
DEBUG: Total dvariable address used is 4013584 out of 50000000
DEBUG: Total gradient stack used is 419719 out of 10000000
DEBUG: Total dvariable address used is 2087 out of 150000
DEBUG: Total dvariable address used is 4013584 out of 50000000
DEBUG: Total gradient stack used is 419719 out of 10000000
DEBUG: Total dvariable address used is 2087 out of 150000
DEBUG: Total dvariable address used is 4013584 out of 50000000
DEBUG: Total gradient stack used is 419719 out of 10000000
DEBUG: Total dvariable address used is 2087 out of 150000
DEBUG: Total dvariable address used is 4013584 out of 50000000
DEBUG: Total gradient stack used is 419719 out of 10000000
DEBUG: Total dvariable address used is 2087 out of 150000
DEBUG: Total dvariable address used is 4013584 out of 50000000
DEBUG: Total gradient stack used is 419719 out of 10000000
DEBUG: Total dvariable address used is 2087 out of 150000
DEBUG: Total dvariable address used is 4013584 out of 50000000
DEBUG: Total gradient stack used is 419719 out of 10000000
DEBUG: Total dvariable address used is 2087 out of 150000
DEBUG: Total dvariable address used is 4013584 out of 50000000
DEBUG: Total gradient stack used is 419719 out of 10000000
DEBUG: Total dvariable address used is 2087 out of 150000
DEBUG: Total dvariable address used is 4013584 out of 50000000
DEBUG: Total gradient stack used is 419719 out of 10000000
DEBUG: Total dvariable address used is 2087 out of 150000
DEBUG: Total dvariable address used is 4013584 out of 50000000
DEBUG: Total gradient stack used is 419719 out of 10000000
DEBUG: Total dvariable address used is 2087 out of 150000
DEBUG: Total dvariable address used is 4013584 out of 50000000
DEBUG: Total gradient stack used is 419719 out of 10000000
DEBUG: Total dvariable address used is 2087 out of 150000
DEBUG: Total dvariable address used is 4013584 out of 50000000
DEBUG: Total gradient stack used is 419719 out of 10000000
DEBUG: Total dvariable address used is 2087 out of 150000
DEBUG: Total dvariable address used is 4013584 out of 50000000
DEBUG: Total gradient stack used is 419719 out of 10000000
DEBUG: Total dvariable address used is 2087 out of 150000
DEBUG: Total dvariable address used is 4013584 out of 50000000
DEBUG: Total gradient stack used is 419719 out of 10000000
DEBUG: Total dvariable address used is 2087 out of 150000
DEBUG: Total dvariable address used is 4013584 out of 50000000
DEBUG: Total gradient stack used is 419719 out of 10000000
DEBUG: Total dvariable address used is 2087 out of 150000
DEBUG: Total dvariable address used is 4013584 out of 50000000
DEBUG: Total gradient stack used is 419719 out of 10000000
DEBUG: Total dvariable address used is 2087 out of 150000
DEBUG: Total dvariable address used is 4013584 out of 50000000
DEBUG: Total gradient stack used is 419719 out of 10000000
DEBUG: Total dvariable address used is 2087 out of 150000
DEBUG: Total dvariable address used is 4013584 out of 50000000
DEBUG: Total gradient stack used is 419719 out of 10000000
DEBUG: Total dvariable address used is 2087 out of 150000
DEBUG: Total dvariable address used is 4013584 out of 50000000
DEBUG: Total gradient stack used is 419719 out of 10000000
DEBUG: Total dvariable address used is 2087 out of 150000
DEBUG: Total dvariable address used is 4013584 out of 50000000
DEBUG: Total gradient stack used is 419719 out of 10000000
DEBUG: Total dvariable address used is 2087 out of 150000
DEBUG: Total dvariable address used is 4013584 out of 50000000
DEBUG: Total gradient stack used is 419719 out of 10000000
DEBUG: Total dvariable address used is 2087 out of 150000
DEBUG: Total dvariable address used is 4013584 out of 50000000
DEBUG: Total gradient stack used is 419719 out of 10000000
DEBUG: Total dvariable address used is 2087 out of 150000
DEBUG: Total dvariable address used is 4013584 out of 50000000
DEBUG: Total gradient stack used is 419719 out of 10000000
DEBUG: Total dvariable address used is 2087 out of 150000
DEBUG: Total dvariable address used is 4013584 out of 50000000
DEBUG: Total gradient stack used is 419719 out of 10000000
DEBUG: Total dvariable address used is 2087 out of 150000
DEBUG: Total dvariable address used is 4013584 out of 50000000
DEBUG: Total gradient stack used is 419719 out of 10000000
DEBUG: Total dvariable address used is 2087 out of 150000
DEBUG: Total dvariable address used is 4013584 out of 50000000
DEBUG: Total gradient stack used is 419719 out of 10000000
DEBUG: Total dvariable address used is 2087 out of 150000
DEBUG: Total dvariable address used is 4013584 out of 50000000
DEBUG: Total gradient stack used is 419719 out of 10000000
DEBUG: Total dvariable address used is 2087 out of 150000
DEBUG: Total dvariable address used is 4013584 out of 50000000
DEBUG: Total gradient stack used is 419719 out of 10000000
DEBUG: Total dvariable address used is 2087 out of 150000
DEBUG: Total dvariable address used is 4013584 out of 50000000
DEBUG: Total gradient stack used is 419719 out of 10000000
DEBUG: Total dvariable address used is 2087 out of 150000
DEBUG: Total dvariable address used is 4013584 out of 50000000
DEBUG: Total gradient stack used is 419719 out of 10000000
DEBUG: Total dvariable address used is 2087 out of 150000
DEBUG: Total dvariable address used is 4013584 out of 50000000
DEBUG: Total gradient stack used is 419719 out of 10000000
DEBUG: Total dvariable address used is 2087 out of 150000
DEBUG: Total dvariable address used is 4013584 out of 50000000
DEBUG: Total gradient stack used is 419719 out of 10000000
DEBUG: Total dvariable address used is 2087 out of 150000
DEBUG: Total dvariable address used is 4013584 out of 50000000
DEBUG: Total gradient stack used is 419719 out of 10000000
DEBUG: Total dvariable address used is 2087 out of 150000
DEBUG: Total dvariable address used is 4013584 out of 50000000
DEBUG: Total gradient stack used is 419719 out of 10000000
DEBUG: Total dvariable address used is 2087 out of 150000
DEBUG: Total dvariable address used is 4013584 out of 50000000
DEBUG: Total gradient stack used is 419719 out of 10000000
DEBUG: Total dvariable address used is 2087 out of 150000
DEBUG: Total dvariable address used is 4013584 out of 50000000
DEBUG: Total gradient stack used is 419719 out of 10000000
DEBUG: Total dvariable address used is 2087 out of 150000
DEBUG: Total dvariable address used is 4013584 out of 50000000
DEBUG: Total gradient stack used is 419719 out of 10000000
DEBUG: Total dvariable address used is 2087 out of 150000
DEBUG: Total dvariable address used is 4013584 out of 50000000
DEBUG: Total gradient stack used is 419719 out of 10000000
DEBUG: Total dvariable address used is 2087 out of 150000
DEBUG: Total dvariable address used is 4013584 out of 50000000
DEBUG: Total gradient stack used is 419719 out of 10000000
DEBUG: Total dvariable address used is 2087 out of 150000
DEBUG: Total dvariable address used is 4013584 out of 50000000
DEBUG: Total gradient stack used is 419719 out of 10000000
DEBUG: Total dvariable address used is 2087 out of 150000
DEBUG: Total dvariable address used is 4013584 out of 50000000
DEBUG: Total gradient stack used is 419719 out of 10000000
DEBUG: Total dvariable address used is 2087 out of 150000
DEBUG: Total dvariable address used is 4013584 out of 50000000
DEBUG: Total gradient stack used is 419719 out of 10000000
DEBUG: Total dvariable address used is 2087 out of 150000
DEBUG: Total dvariable address used is 4013584 out of 50000000
DEBUG: Total gradient stack used is 419719 out of 10000000
DEBUG: Total dvariable address used is 2087 out of 150000
DEBUG: Total dvariable address used is 4013584 out of 50000000
DEBUG: Total gradient stack used is 419719 out of 10000000
DEBUG: Total dvariable address used is 2087 out of 150000
DEBUG: Total dvariable address used is 4013584 out of 50000000
DEBUG: Total gradient stack used is 419719 out of 10000000
DEBUG: Total dvariable address used is 2087 out of 150000
DEBUG: Total dvariable address used is 4013584 out of 50000000
DEBUG: Total gradient stack used is 419719 out of 10000000
DEBUG: Total dvariable address used is 2087 out of 150000
DEBUG: Total dvariable address used is 4013584 out of 50000000
DEBUG: Total gradient stack used is 419719 out of 10000000
DEBUG: Total dvariable address used is 2087 out of 150000
DEBUG: Total dvariable address used is 4013584 out of 50000000
DEBUG: Total gradient stack used is 419719 out of 10000000
DEBUG: Total dvariable address used is 2087 out of 150000
DEBUG: Total dvariable address used is 4013584 out of 50000000
DEBUG: Total gradient stack used is 419719 out of 10000000
DEBUG: Total dvariable address used is 2087 out of 150000
DEBUG: Total dvariable address used is 4013584 out of 50000000
DEBUG: Total gradient stack used is 419719 out of 10000000
DEBUG: Total dvariable address used is 2087 out of 150000
DEBUG: Total dvariable address used is 4013584 out of 50000000
DEBUG: Total gradient stack used is 419719 out of 10000000
DEBUG: Total dvariable address used is 2087 out of 150000
DEBUG: Total dvariable address used is 4013584 out of 50000000
DEBUG: Total gradient stack used is 419719 out of 10000000
DEBUG: Total dvariable address used is 2087 out of 150000
DEBUG: Total dvariable address used is 4013584 out of 50000000
DEBUG: Total gradient stack used is 419719 out of 10000000
DEBUG: Total dvariable address used is 2087 out of 150000
DEBUG: Total dvariable address used is 4013584 out of 50000000
DEBUG: Total gradient stack used is 419719 out of 10000000
DEBUG: Total dvariable address used is 2087 out of 150000
DEBUG: Total dvariable address used is 4013584 out of 50000000
DEBUG: Total gradient stack used is 419719 out of 10000000
DEBUG: Total dvariable address used is 2087 out of 150000
DEBUG: Total dvariable address used is 4013584 out of 50000000
DEBUG: Total gradient stack used is 419719 out of 10000000
DEBUG: Total dvariable address used is 2087 out of 150000
DEBUG: Total dvariable address used is 4013584 out of 50000000
DEBUG: Total gradient stack used is 419719 out of 10000000
DEBUG: Total dvariable address used is 2087 out of 150000
DEBUG: Total dvariable address used is 4013584 out of 50000000
DEBUG: Total gradient stack used is 419719 out of 10000000
DEBUG: Total dvariable address used is 2087 out of 150000
DEBUG: Total dvariable address used is 4013584 out of 50000000
DEBUG: Total gradient stack used is 419719 out of 10000000
DEBUG: Total dvariable address used is 2087 out of 150000
DEBUG: Total dvariable address used is 4013584 out of 50000000
DEBUG: Total gradient stack used is 419719 out of 10000000
DEBUG: Total dvariable address used is 2087 out of 150000
DEBUG: Total dvariable address used is 4013584 out of 50000000
DEBUG: Total gradient stack used is 419719 out of 10000000
DEBUG: Total dvariable address used is 2087 out of 150000
DEBUG: Total dvariable address used is 4013584 out of 50000000
DEBUG: Total gradient stack used is 419719 out of 10000000
DEBUG: Total dvariable address used is 2087 out of 150000
DEBUG: Total dvariable address used is 4013584 out of 50000000
DEBUG: Total gradient stack used is 419719 out of 10000000
DEBUG: Total dvariable address used is 2087 out of 150000
DEBUG: Total dvariable address used is 4013584 out of 50000000
DEBUG: Total gradient stack used is 419719 out of 10000000
DEBUG: Total dvariable address used is 2087 out of 150000
DEBUG: Total dvariable address used is 4013584 out of 50000000
DEBUG: Total gradient stack used is 419719 out of 10000000
DEBUG: Total dvariable address used is 2087 out of 150000
DEBUG: Total dvariable address used is 4013584 out of 50000000
DEBUG: Total gradient stack used is 419719 out of 10000000
DEBUG: Total dvariable address used is 2087 out of 150000
DEBUG: Total dvariable address used is 4013584 out of 50000000
DEBUG: Total gradient stack used is 419719 out of 10000000
DEBUG: Total dvariable address used is 2087 out of 150000
DEBUG: Total dvariable address used is 4013584 out of 50000000
DEBUG: Total gradient stack used is 419719 out of 10000000
DEBUG: Total dvariable address used is 2087 out of 150000
DEBUG: Total dvariable address used is 4013584 out of 50000000
DEBUG: Total gradient stack used is 419719 out of 10000000
DEBUG: Total dvariable address used is 2087 out of 150000
DEBUG: Total dvariable address used is 4013584 out of 50000000
DEBUG: Total gradient stack used is 419719 out of 10000000
DEBUG: Total dvariable address used is 2087 out of 150000
DEBUG: Total dvariable address used is 4013584 out of 50000000
DEBUG: Total gradient stack used is 419719 out of 10000000
DEBUG: Total dvariable address used is 2087 out of 150000
DEBUG: Total dvariable address used is 4013584 out of 50000000
DEBUG: Total gradient stack used is 419719 out of 10000000
DEBUG: Total dvariable address used is 2087 out of 150000
DEBUG: Total dvariable address used is 4013584 out of 50000000
DEBUG: Total gradient stack used is 419719 out of 10000000
DEBUG: Total dvariable address used is 2087 out of 150000
DEBUG: Total dvariable address used is 4013584 out of 50000000
DEBUG: Total gradient stack used is 419719 out of 10000000
DEBUG: Total dvariable address used is 2087 out of 150000
DEBUG: Total dvariable address used is 4013584 out of 50000000
DEBUG: Total gradient stack used is 419719 out of 10000000
DEBUG: Total dvariable address used is 2087 out of 150000
DEBUG: Total dvariable address used is 4013584 out of 50000000
DEBUG: Total gradient stack used is 419719 out of 10000000
DEBUG: Total dvariable address used is 2087 out of 150000
DEBUG: Total dvariable address used is 4013584 out of 50000000
DEBUG: Total gradient stack used is 419719 out of 10000000
DEBUG: Total dvariable address used is 2087 out of 150000
DEBUG: Total dvariable address used is 4013584 out of 50000000
DEBUG: Total gradient stack used is 419719 out of 10000000
DEBUG: Total dvariable address used is 2087 out of 150000
DEBUG: Total dvariable address used is 4013584 out of 50000000
DEBUG: Total gradient stack used is 419719 out of 10000000
DEBUG: Total dvariable address used is 2087 out of 150000
DEBUG: Total dvariable address used is 4013584 out of 50000000
DEBUG: Total gradient stack used is 419719 out of 10000000
DEBUG: Total dvariable address used is 2087 out of 150000
DEBUG: Total dvariable address used is 4013584 out of 50000000
DEBUG: Total gradient stack used is 419719 out of 10000000
DEBUG: Total dvariable address used is 2087 out of 150000
DEBUG: Total dvariable address used is 4013584 out of 50000000
DEBUG: Total gradient stack used is 419719 out of 10000000
DEBUG: Total dvariable address used is 2087 out of 150000
DEBUG: Total dvariable address used is 4013584 out of 50000000
DEBUG: Total gradient stack used is 419719 out of 10000000
DEBUG: Total dvariable address used is 2087 out of 150000
DEBUG: Total dvariable address used is 4013584 out of 50000000
DEBUG: Total gradient stack used is 419719 out of 10000000
DEBUG: Total dvariable address used is 2087 out of 150000
DEBUG: Total dvariable address used is 4013584 out of 50000000
DEBUG: Total gradient stack used is 419719 out of 10000000
DEBUG: Total dvariable address used is 2087 out of 150000
DEBUG: Total dvariable address used is 4013584 out of 50000000
DEBUG: Total gradient stack used is 419719 out of 10000000
DEBUG: Total dvariable address used is 2087 out of 150000
DEBUG: Total dvariable address used is 4013584 out of 50000000
DEBUG: Total gradient stack used is 419719 out of 10000000
DEBUG: Total dvariable address used is 2087 out of 150000
DEBUG: Total dvariable address used is 4013584 out of 50000000
DEBUG: Total gradient stack used is 419719 out of 10000000
DEBUG: Total dvariable address used is 2087 out of 150000
DEBUG: Total dvariable address used is 4013584 out of 50000000
DEBUG: Total gradient stack used is 419719 out of 10000000
DEBUG: Total dvariable address used is 2087 out of 150000
DEBUG: Total dvariable address used is 4013584 out of 50000000
DEBUG: Total gradient stack used is 419719 out of 10000000
DEBUG: Total dvariable address used is 2087 out of 150000
DEBUG: Total dvariable address used is 4013584 out of 50000000
DEBUG: Total gradient stack used is 419719 out of 10000000
DEBUG: Total dvariable address used is 2087 out of 150000
DEBUG: Total dvariable address used is 4013584 out of 50000000
DEBUG: Total gradient stack used is 419719 out of 10000000
DEBUG: Total dvariable address used is 2087 out of 150000
DEBUG: Total dvariable address used is 4013584 out of 50000000
DEBUG: Total gradient stack used is 419719 out of 10000000
DEBUG: Total dvariable address used is 2087 out of 150000
DEBUG: Total dvariable address used is 4013584 out of 50000000
DEBUG: Total gradient stack used is 419719 out of 10000000
DEBUG: Total dvariable address used is 2087 out of 150000
DEBUG: Total dvariable address used is 4013584 out of 50000000
DEBUG: Total gradient stack used is 419719 out of 10000000
DEBUG: Total dvariable address used is 2087 out of 150000
DEBUG: Total dvariable address used is 4013584 out of 50000000
DEBUG: Total gradient stack used is 419719 out of 10000000
DEBUG: Total dvariable address used is 2087 out of 150000
DEBUG: Total dvariable address used is 4013584 out of 50000000
DEBUG: Total gradient stack used is 419719 out of 10000000
DEBUG: Total dvariable address used is 2087 out of 150000
DEBUG: Total dvariable address used is 4013584 out of 50000000
DEBUG: Total gradient stack used is 419719 out of 10000000
DEBUG: Total dvariable address used is 2087 out of 150000
DEBUG: Total dvariable address used is 4013584 out of 50000000
DEBUG: Total gradient stack used is 419719 out of 10000000
DEBUG: Total dvariable address used is 2087 out of 150000
DEBUG: Total dvariable address used is 4013584 out of 50000000
DEBUG: Total gradient stack used is 419719 out of 10000000
DEBUG: Total dvariable address used is 2087 out of 150000
DEBUG: Total dvariable address used is 4013584 out of 50000000
DEBUG: Total gradient stack used is 419719 out of 10000000
DEBUG: Total dvariable address used is 2087 out of 150000
DEBUG: Total dvariable address used is 4013584 out of 50000000
DEBUG: Total gradient stack used is 419719 out of 10000000
DEBUG: Total dvariable address used is 2087 out of 150000
DEBUG: Total dvariable address used is 4013584 out of 50000000
DEBUG: Total gradient stack used is 419719 out of 10000000
DEBUG: Total dvariable address used is 2087 out of 150000
DEBUG: Total dvariable address used is 4013584 out of 50000000
DEBUG: Total gradient stack used is 419719 out of 10000000
DEBUG: Total dvariable address used is 2087 out of 150000
DEBUG: Total dvariable address used is 4013584 out of 50000000
DEBUG: Total gradient stack used is 419719 out of 10000000
DEBUG: Total dvariable address used is 2087 out of 150000
DEBUG: Total dvariable address used is 4013584 out of 50000000
DEBUG: Total gradient stack used is 419719 out of 10000000
DEBUG: Total dvariable address used is 2087 out of 150000
DEBUG: Total dvariable address used is 4013584 out of 50000000
DEBUG: Total gradient stack used is 419719 out of 10000000
DEBUG: Total dvariable address used is 2087 out of 150000
DEBUG: Total dvariable address used is 4013584 out of 50000000
DEBUG: Total gradient stack used is 419719 out of 10000000
DEBUG: Total dvariable address used is 2087 out of 150000
DEBUG: Total dvariable address used is 4013584 out of 50000000
DEBUG: Total gradient stack used is 419719 out of 10000000
DEBUG: Total dvariable address used is 2087 out of 150000
DEBUG: Total dvariable address used is 4013584 out of 50000000
DEBUG: Total gradient stack used is 419719 out of 10000000
DEBUG: Total dvariable address used is 2087 out of 150000
DEBUG: Total dvariable address used is 4013584 out of 50000000
DEBUG: Total gradient stack used is 419719 out of 10000000
DEBUG: Total dvariable address used is 2087 out of 150000
DEBUG: Total dvariable address used is 4013584 out of 50000000
DEBUG: Total gradient stack used is 419719 out of 10000000
DEBUG: Total dvariable address used is 2087 out of 150000
DEBUG: Total dvariable address used is 4013584 out of 50000000
DEBUG: Total gradient stack used is 419719 out of 10000000
DEBUG: Total dvariable address used is 2087 out of 150000
DEBUG: Total dvariable address used is 4013584 out of 50000000
DEBUG: Total gradient stack used is 419719 out of 10000000
DEBUG: Total dvariable address used is 2087 out of 150000
DEBUG: Total dvariable address used is 4013584 out of 50000000
DEBUG: Total gradient stack used is 419719 out of 10000000
DEBUG: Total dvariable address used is 2087 out of 150000
DEBUG: Total dvariable address used is 4013584 out of 50000000
DEBUG: Total gradient stack used is 419719 out of 10000000
DEBUG: Total dvariable address used is 2087 out of 150000
DEBUG: Total dvariable address used is 4013584 out of 50000000
DEBUG: Total gradient stack used is 419719 out of 10000000
DEBUG: Total dvariable address used is 2087 out of 150000
DEBUG: Total dvariable address used is 4013584 out of 50000000
DEBUG: Total gradient stack used is 419719 out of 10000000
DEBUG: Total dvariable address used is 2087 out of 150000
DEBUG: Total dvariable address used is 4013584 out of 50000000
DEBUG: Total gradient stack used is 419719 out of 10000000
DEBUG: Total dvariable address used is 2087 out of 150000
DEBUG: Total dvariable address used is 4013584 out of 50000000
DEBUG: Total gradient stack used is 419719 out of 10000000
DEBUG: Total dvariable address used is 2087 out of 150000
DEBUG: Total dvariable address used is 4013584 out of 50000000
DEBUG: Total gradient stack used is 419719 out of 10000000
DEBUG: Total dvariable address used is 2087 out of 150000
DEBUG: Total dvariable address used is 4013584 out of 50000000
DEBUG: Total gradient stack used is 419719 out of 10000000
DEBUG: Total dvariable address used is 2087 out of 150000
DEBUG: Total dvariable address used is 4013584 out of 50000000
DEBUG: Total gradient stack used is 419719 out of 10000000
DEBUG: Total dvariable address used is 2087 out of 150000
DEBUG: Total dvariable address used is 4013584 out of 50000000
DEBUG: Total gradient stack used is 419719 out of 10000000
DEBUG: Total dvariable address used is 2087 out of 150000
DEBUG: Total dvariable address used is 4013584 out of 50000000
DEBUG: Total gradient stack used is 419719 out of 10000000
DEBUG: Total dvariable address used is 2087 out of 150000
DEBUG: Total dvariable address used is 4013584 out of 50000000
DEBUG: Total gradient stack used is 419719 out of 10000000
DEBUG: Total dvariable address used is 2087 out of 150000
DEBUG: Total dvariable address used is 4013584 out of 50000000
DEBUG: Total gradient stack used is 419719 out of 10000000
DEBUG: Total dvariable address used is 2087 out of 150000
DEBUG: Total dvariable address used is 4013584 out of 50000000
DEBUG: Total gradient stack used is 419719 out of 10000000
DEBUG: Total dvariable address used is 2087 out of 150000
DEBUG: Total dvariable address used is 4013584 out of 50000000
DEBUG: Total gradient stack used is 419719 out of 10000000
DEBUG: Total dvariable address used is 2087 out of 150000
DEBUG: Total dvariable address used is 4013584 out of 50000000
DEBUG: Total gradient stack used is 419719 out of 10000000
DEBUG: Total dvariable address used is 2087 out of 150000
DEBUG: Total dvariable address used is 4013584 out of 50000000
DEBUG: Total gradient stack used is 419719 out of 10000000
DEBUG: Total dvariable address used is 2087 out of 150000
DEBUG: Total dvariable address used is 4013584 out of 50000000
DEBUG: Total gradient stack used is 419719 out of 10000000
DEBUG: Total dvariable address used is 2087 out of 150000
DEBUG: Total dvariable address used is 4013584 out of 50000000
DEBUG: Total gradient stack used is 419719 out of 10000000
DEBUG: Total dvariable address used is 2087 out of 150000
DEBUG: Total dvariable address used is 4013584 out of 50000000
DEBUG: Total gradient stack used is 419719 out of 10000000
DEBUG: Total dvariable address used is 2087 out of 150000
DEBUG: Total dvariable address used is 4013584 out of 50000000
DEBUG: Total gradient stack used is 419719 out of 10000000
DEBUG: Total dvariable address used is 2087 out of 150000
DEBUG: Total dvariable address used is 4013584 out of 50000000
DEBUG: Total gradient stack used is 419719 out of 10000000
DEBUG: Total dvariable address used is 2087 out of 150000
DEBUG: Total dvariable address used is 4013584 out of 50000000
DEBUG: Total gradient stack used is 419719 out of 10000000
DEBUG: Total dvariable address used is 2087 out of 150000
DEBUG: Total dvariable address used is 4013584 out of 50000000
DEBUG: Total gradient stack used is 419719 out of 10000000
DEBUG: Total dvariable address used is 2087 out of 150000
DEBUG: Total dvariable address used is 4013584 out of 50000000
DEBUG: Total gradient stack used is 419719 out of 10000000
DEBUG: Total dvariable address used is 2087 out of 150000
DEBUG: Total dvariable address used is 4013584 out of 50000000
, 80%DEBUG: Total gradient stack used is 419719 out of 10000000
DEBUG: Total dvariable address used is 2087 out of 150000
DEBUG: Total dvariable address used is 4013584 out of 50000000
DEBUG: Total gradient stack used is 419719 out of 10000000
DEBUG: Total dvariable address used is 2087 out of 150000
DEBUG: Total dvariable address used is 4013584 out of 50000000
DEBUG: Total gradient stack used is 419719 out of 10000000
DEBUG: Total dvariable address used is 2087 out of 150000
DEBUG: Total dvariable address used is 4013584 out of 50000000
DEBUG: Total gradient stack used is 419719 out of 10000000
DEBUG: Total dvariable address used is 2087 out of 150000
DEBUG: Total dvariable address used is 4013584 out of 50000000
DEBUG: Total gradient stack used is 419719 out of 10000000
DEBUG: Total dvariable address used is 2087 out of 150000
DEBUG: Total dvariable address used is 4013584 out of 50000000
DEBUG: Total gradient stack used is 419719 out of 10000000
DEBUG: Total dvariable address used is 2087 out of 150000
DEBUG: Total dvariable address used is 4013584 out of 50000000
DEBUG: Total gradient stack used is 419719 out of 10000000
DEBUG: Total dvariable address used is 2087 out of 150000
DEBUG: Total dvariable address used is 4013584 out of 50000000
DEBUG: Total gradient stack used is 419719 out of 10000000
DEBUG: Total dvariable address used is 2087 out of 150000
DEBUG: Total dvariable address used is 4013584 out of 50000000
DEBUG: Total gradient stack used is 419719 out of 10000000
DEBUG: Total dvariable address used is 2087 out of 150000
DEBUG: Total dvariable address used is 4013584 out of 50000000
DEBUG: Total gradient stack used is 419719 out of 10000000
DEBUG: Total dvariable address used is 2087 out of 150000
DEBUG: Total dvariable address used is 4013584 out of 50000000
DEBUG: Total gradient stack used is 419719 out of 10000000
DEBUG: Total dvariable address used is 2087 out of 150000
DEBUG: Total dvariable address used is 4013584 out of 50000000
DEBUG: Total gradient stack used is 419719 out of 10000000
DEBUG: Total dvariable address used is 2087 out of 150000
DEBUG: Total dvariable address used is 4013584 out of 50000000
DEBUG: Total gradient stack used is 419719 out of 10000000
DEBUG: Total dvariable address used is 2087 out of 150000
DEBUG: Total dvariable address used is 4013584 out of 50000000
DEBUG: Total gradient stack used is 419719 out of 10000000
DEBUG: Total dvariable address used is 2087 out of 150000
DEBUG: Total dvariable address used is 4013584 out of 50000000
DEBUG: Total gradient stack used is 419719 out of 10000000
DEBUG: Total dvariable address used is 2087 out of 150000
DEBUG: Total dvariable address used is 4013584 out of 50000000
DEBUG: Total gradient stack used is 419719 out of 10000000
DEBUG: Total dvariable address used is 2087 out of 150000
DEBUG: Total dvariable address used is 4013584 out of 50000000
DEBUG: Total gradient stack used is 419719 out of 10000000
DEBUG: Total dvariable address used is 2087 out of 150000
DEBUG: Total dvariable address used is 4013584 out of 50000000
DEBUG: Total gradient stack used is 419719 out of 10000000
DEBUG: Total dvariable address used is 2087 out of 150000
DEBUG: Total dvariable address used is 4013584 out of 50000000
DEBUG: Total gradient stack used is 419719 out of 10000000
DEBUG: Total dvariable address used is 2087 out of 150000
DEBUG: Total dvariable address used is 4013584 out of 50000000
DEBUG: Total gradient stack used is 419719 out of 10000000
DEBUG: Total dvariable address used is 2087 out of 150000
DEBUG: Total dvariable address used is 4013584 out of 50000000
DEBUG: Total gradient stack used is 419719 out of 10000000
DEBUG: Total dvariable address used is 2087 out of 150000
DEBUG: Total dvariable address used is 4013584 out of 50000000
DEBUG: Total gradient stack used is 419719 out of 10000000
DEBUG: Total dvariable address used is 2087 out of 150000
DEBUG: Total dvariable address used is 4013584 out of 50000000
DEBUG: Total gradient stack used is 419719 out of 10000000
DEBUG: Total dvariable address used is 2087 out of 150000
DEBUG: Total dvariable address used is 4013584 out of 50000000
DEBUG: Total gradient stack used is 419719 out of 10000000
DEBUG: Total dvariable address used is 2087 out of 150000
DEBUG: Total dvariable address used is 4013584 out of 50000000
DEBUG: Total gradient stack used is 419719 out of 10000000
DEBUG: Total dvariable address used is 2087 out of 150000
DEBUG: Total dvariable address used is 4013584 out of 50000000
DEBUG: Total gradient stack used is 419719 out of 10000000
DEBUG: Total dvariable address used is 2087 out of 150000
DEBUG: Total dvariable address used is 4013584 out of 50000000
DEBUG: Total gradient stack used is 419719 out of 10000000
DEBUG: Total dvariable address used is 2087 out of 150000
DEBUG: Total dvariable address used is 4013584 out of 50000000
DEBUG: Total gradient stack used is 419719 out of 10000000
DEBUG: Total dvariable address used is 2087 out of 150000
DEBUG: Total dvariable address used is 4013584 out of 50000000
DEBUG: Total gradient stack used is 419719 out of 10000000
DEBUG: Total dvariable address used is 2087 out of 150000
DEBUG: Total dvariable address used is 4013584 out of 50000000
DEBUG: Total gradient stack used is 419719 out of 10000000
DEBUG: Total dvariable address used is 2087 out of 150000
DEBUG: Total dvariable address used is 4013584 out of 50000000
DEBUG: Total gradient stack used is 419719 out of 10000000
DEBUG: Total dvariable address used is 2087 out of 150000
DEBUG: Total dvariable address used is 4013584 out of 50000000
DEBUG: Total gradient stack used is 419719 out of 10000000
DEBUG: Total dvariable address used is 2087 out of 150000
DEBUG: Total dvariable address used is 4013584 out of 50000000
DEBUG: Total gradient stack used is 419719 out of 10000000
DEBUG: Total dvariable address used is 2087 out of 150000
DEBUG: Total dvariable address used is 4013584 out of 50000000
DEBUG: Total gradient stack used is 419719 out of 10000000
DEBUG: Total dvariable address used is 2087 out of 150000
DEBUG: Total dvariable address used is 4013584 out of 50000000
DEBUG: Total gradient stack used is 419719 out of 10000000
DEBUG: Total dvariable address used is 2087 out of 150000
DEBUG: Total dvariable address used is 4013584 out of 50000000
DEBUG: Total gradient stack used is 419719 out of 10000000
DEBUG: Total dvariable address used is 2087 out of 150000
DEBUG: Total dvariable address used is 4013584 out of 50000000
DEBUG: Total gradient stack used is 419719 out of 10000000
DEBUG: Total dvariable address used is 2087 out of 150000
DEBUG: Total dvariable address used is 4013584 out of 50000000
DEBUG: Total gradient stack used is 419719 out of 10000000
DEBUG: Total dvariable address used is 2087 out of 150000
DEBUG: Total dvariable address used is 4013584 out of 50000000
DEBUG: Total gradient stack used is 419719 out of 10000000
DEBUG: Total dvariable address used is 2087 out of 150000
DEBUG: Total dvariable address used is 4013584 out of 50000000
DEBUG: Total gradient stack used is 419719 out of 10000000
DEBUG: Total dvariable address used is 2087 out of 150000
DEBUG: Total dvariable address used is 4013584 out of 50000000
DEBUG: Total gradient stack used is 419719 out of 10000000
DEBUG: Total dvariable address used is 2087 out of 150000
DEBUG: Total dvariable address used is 4013584 out of 50000000
DEBUG: Total gradient stack used is 419719 out of 10000000
DEBUG: Total dvariable address used is 2087 out of 150000
DEBUG: Total dvariable address used is 4013584 out of 50000000
DEBUG: Total gradient stack used is 419719 out of 10000000
DEBUG: Total dvariable address used is 2087 out of 150000
DEBUG: Total dvariable address used is 4013584 out of 50000000
DEBUG: Total gradient stack used is 419719 out of 10000000
DEBUG: Total dvariable address used is 2087 out of 150000
DEBUG: Total dvariable address used is 4013584 out of 50000000
DEBUG: Total gradient stack used is 419719 out of 10000000
DEBUG: Total dvariable address used is 2087 out of 150000
DEBUG: Total dvariable address used is 4013584 out of 50000000
DEBUG: Total gradient stack used is 419719 out of 10000000
DEBUG: Total dvariable address used is 2087 out of 150000
DEBUG: Total dvariable address used is 4013584 out of 50000000
DEBUG: Total gradient stack used is 419719 out of 10000000
DEBUG: Total dvariable address used is 2087 out of 150000
DEBUG: Total dvariable address used is 4013584 out of 50000000
DEBUG: Total gradient stack used is 419719 out of 10000000
DEBUG: Total dvariable address used is 2087 out of 150000
DEBUG: Total dvariable address used is 4013584 out of 50000000
DEBUG: Total gradient stack used is 419719 out of 10000000
DEBUG: Total dvariable address used is 2087 out of 150000
DEBUG: Total dvariable address used is 4013584 out of 50000000
DEBUG: Total gradient stack used is 419719 out of 10000000
DEBUG: Total dvariable address used is 2087 out of 150000
DEBUG: Total dvariable address used is 4013584 out of 50000000
DEBUG: Total gradient stack used is 419719 out of 10000000
DEBUG: Total dvariable address used is 2087 out of 150000
DEBUG: Total dvariable address used is 4013584 out of 50000000
DEBUG: Total gradient stack used is 419719 out of 10000000
DEBUG: Total dvariable address used is 2087 out of 150000
DEBUG: Total dvariable address used is 4013584 out of 50000000
DEBUG: Total gradient stack used is 419719 out of 10000000
DEBUG: Total dvariable address used is 2087 out of 150000
DEBUG: Total dvariable address used is 4013584 out of 50000000
DEBUG: Total gradient stack used is 419719 out of 10000000
DEBUG: Total dvariable address used is 2087 out of 150000
DEBUG: Total dvariable address used is 4013584 out of 50000000
DEBUG: Total gradient stack used is 419719 out of 10000000
DEBUG: Total dvariable address used is 2087 out of 150000
DEBUG: Total dvariable address used is 4013584 out of 50000000
DEBUG: Total gradient stack used is 419719 out of 10000000
DEBUG: Total dvariable address used is 2087 out of 150000
DEBUG: Total dvariable address used is 4013584 out of 50000000
DEBUG: Total gradient stack used is 419719 out of 10000000
DEBUG: Total dvariable address used is 2087 out of 150000
DEBUG: Total dvariable address used is 4013584 out of 50000000
DEBUG: Total gradient stack used is 419719 out of 10000000
DEBUG: Total dvariable address used is 2087 out of 150000
DEBUG: Total dvariable address used is 4013584 out of 50000000
DEBUG: Total gradient stack used is 419719 out of 10000000
DEBUG: Total dvariable address used is 2087 out of 150000
DEBUG: Total dvariable address used is 4013584 out of 50000000
DEBUG: Total gradient stack used is 419719 out of 10000000
DEBUG: Total dvariable address used is 2087 out of 150000
DEBUG: Total dvariable address used is 4013584 out of 50000000
DEBUG: Total gradient stack used is 419719 out of 10000000
DEBUG: Total dvariable address used is 2087 out of 150000
DEBUG: Total dvariable address used is 4013584 out of 50000000
DEBUG: Total gradient stack used is 419719 out of 10000000
DEBUG: Total dvariable address used is 2087 out of 150000
DEBUG: Total dvariable address used is 4013584 out of 50000000
DEBUG: Total gradient stack used is 419719 out of 10000000
DEBUG: Total dvariable address used is 2087 out of 150000
DEBUG: Total dvariable address used is 4013584 out of 50000000
DEBUG: Total gradient stack used is 419719 out of 10000000
DEBUG: Total dvariable address used is 2087 out of 150000
DEBUG: Total dvariable address used is 4013584 out of 50000000
DEBUG: Total gradient stack used is 419719 out of 10000000
DEBUG: Total dvariable address used is 2087 out of 150000
DEBUG: Total dvariable address used is 4013584 out of 50000000
DEBUG: Total gradient stack used is 419719 out of 10000000
DEBUG: Total dvariable address used is 2087 out of 150000
DEBUG: Total dvariable address used is 4013584 out of 50000000
DEBUG: Total gradient stack used is 419719 out of 10000000
DEBUG: Total dvariable address used is 2087 out of 150000
DEBUG: Total dvariable address used is 4013584 out of 50000000
DEBUG: Total gradient stack used is 419719 out of 10000000
DEBUG: Total dvariable address used is 2087 out of 150000
DEBUG: Total dvariable address used is 4013584 out of 50000000
DEBUG: Total gradient stack used is 419719 out of 10000000
DEBUG: Total dvariable address used is 2087 out of 150000
DEBUG: Total dvariable address used is 4013584 out of 50000000
DEBUG: Total gradient stack used is 419719 out of 10000000
DEBUG: Total dvariable address used is 2087 out of 150000
DEBUG: Total dvariable address used is 4013584 out of 50000000
DEBUG: Total gradient stack used is 419719 out of 10000000
DEBUG: Total dvariable address used is 2087 out of 150000
DEBUG: Total dvariable address used is 4013584 out of 50000000
DEBUG: Total gradient stack used is 419719 out of 10000000
DEBUG: Total dvariable address used is 2087 out of 150000
DEBUG: Total dvariable address used is 4013584 out of 50000000
DEBUG: Total gradient stack used is 419719 out of 10000000
DEBUG: Total dvariable address used is 2087 out of 150000
DEBUG: Total dvariable address used is 4013584 out of 50000000
DEBUG: Total gradient stack used is 419719 out of 10000000
DEBUG: Total dvariable address used is 2087 out of 150000
DEBUG: Total dvariable address used is 4013584 out of 50000000
DEBUG: Total gradient stack used is 419719 out of 10000000
DEBUG: Total dvariable address used is 2087 out of 150000
DEBUG: Total dvariable address used is 4013584 out of 50000000
DEBUG: Total gradient stack used is 419719 out of 10000000
DEBUG: Total dvariable address used is 2087 out of 150000
DEBUG: Total dvariable address used is 4013584 out of 50000000
DEBUG: Total gradient stack used is 419719 out of 10000000
DEBUG: Total dvariable address used is 2087 out of 150000
DEBUG: Total dvariable address used is 4013584 out of 50000000
DEBUG: Total gradient stack used is 419719 out of 10000000
DEBUG: Total dvariable address used is 2087 out of 150000
DEBUG: Total dvariable address used is 4013584 out of 50000000
DEBUG: Total gradient stack used is 419719 out of 10000000
DEBUG: Total dvariable address used is 2087 out of 150000
DEBUG: Total dvariable address used is 4013584 out of 50000000
DEBUG: Total gradient stack used is 419719 out of 10000000
DEBUG: Total dvariable address used is 2087 out of 150000
DEBUG: Total dvariable address used is 4013584 out of 50000000
DEBUG: Total gradient stack used is 419719 out of 10000000
DEBUG: Total dvariable address used is 2087 out of 150000
DEBUG: Total dvariable address used is 4013584 out of 50000000
DEBUG: Total gradient stack used is 419719 out of 10000000
DEBUG: Total dvariable address used is 2087 out of 150000
DEBUG: Total dvariable address used is 4013584 out of 50000000
DEBUG: Total gradient stack used is 419719 out of 10000000
DEBUG: Total dvariable address used is 2087 out of 150000
DEBUG: Total dvariable address used is 4013584 out of 50000000
DEBUG: Total gradient stack used is 419719 out of 10000000
DEBUG: Total dvariable address used is 2087 out of 150000
DEBUG: Total dvariable address used is 4013584 out of 50000000
DEBUG: Total gradient stack used is 419719 out of 10000000
DEBUG: Total dvariable address used is 2087 out of 150000
DEBUG: Total dvariable address used is 4013584 out of 50000000
DEBUG: Total gradient stack used is 419719 out of 10000000
DEBUG: Total dvariable address used is 2087 out of 150000
DEBUG: Total dvariable address used is 4013584 out of 50000000
DEBUG: Total gradient stack used is 419719 out of 10000000
DEBUG: Total dvariable address used is 2087 out of 150000
DEBUG: Total dvariable address used is 4013584 out of 50000000
DEBUG: Total gradient stack used is 419719 out of 10000000
DEBUG: Total dvariable address used is 2087 out of 150000
DEBUG: Total dvariable address used is 4013584 out of 50000000
DEBUG: Total gradient stack used is 419719 out of 10000000
DEBUG: Total dvariable address used is 2087 out of 150000
DEBUG: Total dvariable address used is 4013584 out of 50000000
DEBUG: Total gradient stack used is 419719 out of 10000000
DEBUG: Total dvariable address used is 2087 out of 150000
DEBUG: Total dvariable address used is 4013584 out of 50000000
DEBUG: Total gradient stack used is 419719 out of 10000000
DEBUG: Total dvariable address used is 2087 out of 150000
DEBUG: Total dvariable address used is 4013584 out of 50000000
DEBUG: Total gradient stack used is 419719 out of 10000000
DEBUG: Total dvariable address used is 2087 out of 150000
DEBUG: Total dvariable address used is 4013584 out of 50000000
DEBUG: Total gradient stack used is 419719 out of 10000000
DEBUG: Total dvariable address used is 2087 out of 150000
DEBUG: Total dvariable address used is 4013584 out of 50000000
DEBUG: Total gradient stack used is 419719 out of 10000000
DEBUG: Total dvariable address used is 2087 out of 150000
DEBUG: Total dvariable address used is 4013584 out of 50000000
DEBUG: Total gradient stack used is 419719 out of 10000000
DEBUG: Total dvariable address used is 2087 out of 150000
DEBUG: Total dvariable address used is 4013584 out of 50000000
DEBUG: Total gradient stack used is 419719 out of 10000000
DEBUG: Total dvariable address used is 2087 out of 150000
DEBUG: Total dvariable address used is 4013584 out of 50000000
DEBUG: Total gradient stack used is 419719 out of 10000000
DEBUG: Total dvariable address used is 2087 out of 150000
DEBUG: Total dvariable address used is 4013584 out of 50000000
DEBUG: Total gradient stack used is 419719 out of 10000000
DEBUG: Total dvariable address used is 2087 out of 150000
DEBUG: Total dvariable address used is 4013584 out of 50000000
DEBUG: Total gradient stack used is 419719 out of 10000000
DEBUG: Total dvariable address used is 2087 out of 150000
DEBUG: Total dvariable address used is 4013584 out of 50000000
DEBUG: Total gradient stack used is 419719 out of 10000000
DEBUG: Total dvariable address used is 2087 out of 150000
DEBUG: Total dvariable address used is 4013584 out of 50000000
DEBUG: Total gradient stack used is 419719 out of 10000000
DEBUG: Total dvariable address used is 2087 out of 150000
DEBUG: Total dvariable address used is 4013584 out of 50000000
DEBUG: Total gradient stack used is 419719 out of 10000000
DEBUG: Total dvariable address used is 2087 out of 150000
DEBUG: Total dvariable address used is 4013584 out of 50000000
DEBUG: Total gradient stack used is 419719 out of 10000000
DEBUG: Total dvariable address used is 2087 out of 150000
DEBUG: Total dvariable address used is 4013584 out of 50000000
DEBUG: Total gradient stack used is 419719 out of 10000000
DEBUG: Total dvariable address used is 2087 out of 150000
DEBUG: Total dvariable address used is 4013584 out of 50000000
DEBUG: Total gradient stack used is 419719 out of 10000000
DEBUG: Total dvariable address used is 2087 out of 150000
DEBUG: Total dvariable address used is 4013584 out of 50000000
DEBUG: Total gradient stack used is 419719 out of 10000000
DEBUG: Total dvariable address used is 2087 out of 150000
DEBUG: Total dvariable address used is 4013584 out of 50000000
DEBUG: Total gradient stack used is 419719 out of 10000000
DEBUG: Total dvariable address used is 2087 out of 150000
DEBUG: Total dvariable address used is 4013584 out of 50000000
DEBUG: Total gradient stack used is 419719 out of 10000000
DEBUG: Total dvariable address used is 2087 out of 150000
DEBUG: Total dvariable address used is 4013584 out of 50000000
DEBUG: Total gradient stack used is 419719 out of 10000000
DEBUG: Total dvariable address used is 2087 out of 150000
DEBUG: Total dvariable address used is 4013584 out of 50000000
DEBUG: Total gradient stack used is 419719 out of 10000000
DEBUG: Total dvariable address used is 2087 out of 150000
DEBUG: Total dvariable address used is 4013584 out of 50000000
DEBUG: Total gradient stack used is 419719 out of 10000000
DEBUG: Total dvariable address used is 2087 out of 150000
DEBUG: Total dvariable address used is 4013584 out of 50000000
DEBUG: Total gradient stack used is 419719 out of 10000000
DEBUG: Total dvariable address used is 2087 out of 150000
DEBUG: Total dvariable address used is 4013584 out of 50000000
DEBUG: Total gradient stack used is 419719 out of 10000000
DEBUG: Total dvariable address used is 2087 out of 150000
DEBUG: Total dvariable address used is 4013584 out of 50000000
DEBUG: Total gradient stack used is 419719 out of 10000000
DEBUG: Total dvariable address used is 2087 out of 150000
DEBUG: Total dvariable address used is 4013584 out of 50000000
DEBUG: Total gradient stack used is 419719 out of 10000000
DEBUG: Total dvariable address used is 2087 out of 150000
DEBUG: Total dvariable address used is 4013584 out of 50000000
DEBUG: Total gradient stack used is 419719 out of 10000000
DEBUG: Total dvariable address used is 2087 out of 150000
DEBUG: Total dvariable address used is 4013584 out of 50000000
DEBUG: Total gradient stack used is 419719 out of 10000000
DEBUG: Total dvariable address used is 2087 out of 150000
DEBUG: Total dvariable address used is 4013584 out of 50000000
DEBUG: Total gradient stack used is 419719 out of 10000000
DEBUG: Total dvariable address used is 2087 out of 150000
DEBUG: Total dvariable address used is 4013584 out of 50000000
DEBUG: Total gradient stack used is 419719 out of 10000000
DEBUG: Total dvariable address used is 2087 out of 150000
DEBUG: Total dvariable address used is 4013584 out of 50000000
DEBUG: Total gradient stack used is 419719 out of 10000000
DEBUG: Total dvariable address used is 2087 out of 150000
DEBUG: Total dvariable address used is 4013584 out of 50000000
DEBUG: Total gradient stack used is 419719 out of 10000000
DEBUG: Total dvariable address used is 2087 out of 150000
DEBUG: Total dvariable address used is 4013584 out of 50000000
DEBUG: Total gradient stack used is 419719 out of 10000000
DEBUG: Total dvariable address used is 2087 out of 150000
DEBUG: Total dvariable address used is 4013584 out of 50000000
DEBUG: Total gradient stack used is 419719 out of 10000000
DEBUG: Total dvariable address used is 2087 out of 150000
DEBUG: Total dvariable address used is 4013584 out of 50000000
DEBUG: Total gradient stack used is 419719 out of 10000000
DEBUG: Total dvariable address used is 2087 out of 150000
DEBUG: Total dvariable address used is 4013584 out of 50000000
DEBUG: Total gradient stack used is 419719 out of 10000000
DEBUG: Total dvariable address used is 2087 out of 150000
DEBUG: Total dvariable address used is 4013584 out of 50000000
DEBUG: Total gradient stack used is 419719 out of 10000000
DEBUG: Total dvariable address used is 2087 out of 150000
DEBUG: Total dvariable address used is 4013584 out of 50000000
DEBUG: Total gradient stack used is 419719 out of 10000000
DEBUG: Total dvariable address used is 2087 out of 150000
DEBUG: Total dvariable address used is 4013584 out of 50000000
DEBUG: Total gradient stack used is 419719 out of 10000000
DEBUG: Total dvariable address used is 2087 out of 150000
DEBUG: Total dvariable address used is 4013584 out of 50000000
DEBUG: Total gradient stack used is 419719 out of 10000000
DEBUG: Total dvariable address used is 2087 out of 150000
DEBUG: Total dvariable address used is 4013584 out of 50000000
DEBUG: Total gradient stack used is 419719 out of 10000000
DEBUG: Total dvariable address used is 2087 out of 150000
DEBUG: Total dvariable address used is 4013584 out of 50000000
DEBUG: Total gradient stack used is 419719 out of 10000000
DEBUG: Total dvariable address used is 2087 out of 150000
DEBUG: Total dvariable address used is 4013584 out of 50000000
DEBUG: Total gradient stack used is 419719 out of 10000000
DEBUG: Total dvariable address used is 2087 out of 150000
DEBUG: Total dvariable address used is 4013584 out of 50000000
DEBUG: Total gradient stack used is 419719 out of 10000000
DEBUG: Total dvariable address used is 2087 out of 150000
DEBUG: Total dvariable address used is 4013584 out of 50000000
DEBUG: Total gradient stack used is 419719 out of 10000000
DEBUG: Total dvariable address used is 2087 out of 150000
DEBUG: Total dvariable address used is 4013584 out of 50000000
DEBUG: Total gradient stack used is 419719 out of 10000000
DEBUG: Total dvariable address used is 2087 out of 150000
DEBUG: Total dvariable address used is 4013584 out of 50000000
DEBUG: Total gradient stack used is 419719 out of 10000000
DEBUG: Total dvariable address used is 2087 out of 150000
DEBUG: Total dvariable address used is 4013584 out of 50000000
DEBUG: Total gradient stack used is 419719 out of 10000000
DEBUG: Total dvariable address used is 2087 out of 150000
DEBUG: Total dvariable address used is 4013584 out of 50000000
DEBUG: Total gradient stack used is 419719 out of 10000000
DEBUG: Total dvariable address used is 2087 out of 150000
DEBUG: Total dvariable address used is 4013584 out of 50000000
DEBUG: Total gradient stack used is 419719 out of 10000000
DEBUG: Total dvariable address used is 2087 out of 150000
DEBUG: Total dvariable address used is 4013584 out of 50000000
DEBUG: Total gradient stack used is 419719 out of 10000000
DEBUG: Total dvariable address used is 2087 out of 150000
DEBUG: Total dvariable address used is 4013584 out of 50000000
DEBUG: Total gradient stack used is 419719 out of 10000000
DEBUG: Total dvariable address used is 2087 out of 150000
DEBUG: Total dvariable address used is 4013584 out of 50000000
DEBUG: Total gradient stack used is 419719 out of 10000000
DEBUG: Total dvariable address used is 2087 out of 150000
DEBUG: Total dvariable address used is 4013584 out of 50000000
DEBUG: Total gradient stack used is 419719 out of 10000000
DEBUG: Total dvariable address used is 2087 out of 150000
DEBUG: Total dvariable address used is 4013584 out of 50000000
DEBUG: Total gradient stack used is 419719 out of 10000000
DEBUG: Total dvariable address used is 2087 out of 150000
DEBUG: Total dvariable address used is 4013584 out of 50000000
DEBUG: Total gradient stack used is 419719 out of 10000000
DEBUG: Total dvariable address used is 2087 out of 150000
DEBUG: Total dvariable address used is 4013584 out of 50000000
DEBUG: Total gradient stack used is 419719 out of 10000000
DEBUG: Total dvariable address used is 2087 out of 150000
DEBUG: Total dvariable address used is 4013584 out of 50000000
DEBUG: Total gradient stack used is 419719 out of 10000000
DEBUG: Total dvariable address used is 2087 out of 150000
DEBUG: Total dvariable address used is 4013584 out of 50000000
DEBUG: Total gradient stack used is 419719 out of 10000000
DEBUG: Total dvariable address used is 2087 out of 150000
DEBUG: Total dvariable address used is 4013584 out of 50000000
DEBUG: Total gradient stack used is 419719 out of 10000000
DEBUG: Total dvariable address used is 2087 out of 150000
DEBUG: Total dvariable address used is 4013584 out of 50000000
DEBUG: Total gradient stack used is 419719 out of 10000000
DEBUG: Total dvariable address used is 2087 out of 150000
DEBUG: Total dvariable address used is 4013584 out of 50000000
DEBUG: Total gradient stack used is 419719 out of 10000000
DEBUG: Total dvariable address used is 2087 out of 150000
DEBUG: Total dvariable address used is 4013584 out of 50000000
DEBUG: Total gradient stack used is 419719 out of 10000000
DEBUG: Total dvariable address used is 2087 out of 150000
DEBUG: Total dvariable address used is 4013584 out of 50000000
DEBUG: Total gradient stack used is 419719 out of 10000000
DEBUG: Total dvariable address used is 2087 out of 150000
DEBUG: Total dvariable address used is 4013584 out of 50000000
DEBUG: Total gradient stack used is 419719 out of 10000000
DEBUG: Total dvariable address used is 2087 out of 150000
DEBUG: Total dvariable address used is 4013584 out of 50000000
DEBUG: Total gradient stack used is 419719 out of 10000000
DEBUG: Total dvariable address used is 2087 out of 150000
DEBUG: Total dvariable address used is 4013584 out of 50000000
DEBUG: Total gradient stack used is 419719 out of 10000000
DEBUG: Total dvariable address used is 2087 out of 150000
DEBUG: Total dvariable address used is 4013584 out of 50000000
DEBUG: Total gradient stack used is 419719 out of 10000000
DEBUG: Total dvariable address used is 2087 out of 150000
DEBUG: Total dvariable address used is 4013584 out of 50000000
DEBUG: Total gradient stack used is 419719 out of 10000000
DEBUG: Total dvariable address used is 2087 out of 150000
DEBUG: Total dvariable address used is 4013584 out of 50000000
DEBUG: Total gradient stack used is 419719 out of 10000000
DEBUG: Total dvariable address used is 2087 out of 150000
DEBUG: Total dvariable address used is 4013584 out of 50000000
DEBUG: Total gradient stack used is 419719 out of 10000000
DEBUG: Total dvariable address used is 2087 out of 150000
DEBUG: Total dvariable address used is 4013584 out of 50000000
DEBUG: Total gradient stack used is 419719 out of 10000000
DEBUG: Total dvariable address used is 2087 out of 150000
DEBUG: Total dvariable address used is 4013584 out of 50000000
DEBUG: Total gradient stack used is 419719 out of 10000000
DEBUG: Total dvariable address used is 2087 out of 150000
DEBUG: Total dvariable address used is 4013584 out of 50000000
DEBUG: Total gradient stack used is 419719 out of 10000000
DEBUG: Total dvariable address used is 2087 out of 150000
DEBUG: Total dvariable address used is 4013584 out of 50000000
DEBUG: Total gradient stack used is 419719 out of 10000000
DEBUG: Total dvariable address used is 2087 out of 150000
DEBUG: Total dvariable address used is 4013584 out of 50000000
DEBUG: Total gradient stack used is 419719 out of 10000000
DEBUG: Total dvariable address used is 2087 out of 150000
DEBUG: Total dvariable address used is 4013584 out of 50000000
DEBUG: Total gradient stack used is 419719 out of 10000000
DEBUG: Total dvariable address used is 2087 out of 150000
DEBUG: Total dvariable address used is 4013584 out of 50000000
DEBUG: Total gradient stack used is 419719 out of 10000000
DEBUG: Total dvariable address used is 2087 out of 150000
DEBUG: Total dvariable address used is 4013584 out of 50000000
DEBUG: Total gradient stack used is 419719 out of 10000000
DEBUG: Total dvariable address used is 2087 out of 150000
DEBUG: Total dvariable address used is 4013584 out of 50000000
DEBUG: Total gradient stack used is 419719 out of 10000000
DEBUG: Total dvariable address used is 2087 out of 150000
DEBUG: Total dvariable address used is 4013584 out of 50000000
DEBUG: Total gradient stack used is 419719 out of 10000000
DEBUG: Total dvariable address used is 2087 out of 150000
DEBUG: Total dvariable address used is 4013584 out of 50000000
DEBUG: Total gradient stack used is 419719 out of 10000000
DEBUG: Total dvariable address used is 2087 out of 150000
DEBUG: Total dvariable address used is 4013584 out of 50000000
DEBUG: Total gradient stack used is 419719 out of 10000000
DEBUG: Total dvariable address used is 2087 out of 150000
DEBUG: Total dvariable address used is 4013584 out of 50000000
DEBUG: Total gradient stack used is 419719 out of 10000000
DEBUG: Total dvariable address used is 2087 out of 150000
DEBUG: Total dvariable address used is 4013584 out of 50000000
DEBUG: Total gradient stack used is 419719 out of 10000000
DEBUG: Total dvariable address used is 2087 out of 150000
DEBUG: Total dvariable address used is 4013584 out of 50000000
DEBUG: Total gradient stack used is 419719 out of 10000000
DEBUG: Total dvariable address used is 2087 out of 150000
DEBUG: Total dvariable address used is 4013584 out of 50000000
DEBUG: Total gradient stack used is 419719 out of 10000000
DEBUG: Total dvariable address used is 2087 out of 150000
DEBUG: Total dvariable address used is 4013584 out of 50000000
DEBUG: Total gradient stack used is 419719 out of 10000000
DEBUG: Total dvariable address used is 2087 out of 150000
DEBUG: Total dvariable address used is 4013584 out of 50000000
DEBUG: Total gradient stack used is 419719 out of 10000000
DEBUG: Total dvariable address used is 2087 out of 150000
DEBUG: Total dvariable address used is 4013584 out of 50000000
DEBUG: Total gradient stack used is 419719 out of 10000000
DEBUG: Total dvariable address used is 2087 out of 150000
DEBUG: Total dvariable address used is 4013584 out of 50000000
DEBUG: Total gradient stack used is 419719 out of 10000000
DEBUG: Total dvariable address used is 2087 out of 150000
DEBUG: Total dvariable address used is 4013584 out of 50000000
DEBUG: Total gradient stack used is 419719 out of 10000000
DEBUG: Total dvariable address used is 2087 out of 150000
DEBUG: Total dvariable address used is 4013584 out of 50000000
DEBUG: Total gradient stack used is 419719 out of 10000000
DEBUG: Total dvariable address used is 2087 out of 150000
DEBUG: Total dvariable address used is 4013584 out of 50000000
DEBUG: Total gradient stack used is 419719 out of 10000000
DEBUG: Total dvariable address used is 2087 out of 150000
DEBUG: Total dvariable address used is 4013584 out of 50000000
DEBUG: Total gradient stack used is 419719 out of 10000000
DEBUG: Total dvariable address used is 2087 out of 150000
DEBUG: Total dvariable address used is 4013584 out of 50000000
DEBUG: Total gradient stack used is 419719 out of 10000000
DEBUG: Total dvariable address used is 2087 out of 150000
DEBUG: Total dvariable address used is 4013584 out of 50000000
DEBUG: Total gradient stack used is 419719 out of 10000000
DEBUG: Total dvariable address used is 2087 out of 150000
DEBUG: Total dvariable address used is 4013584 out of 50000000
DEBUG: Total gradient stack used is 419719 out of 10000000
DEBUG: Total dvariable address used is 2087 out of 150000
DEBUG: Total dvariable address used is 4013584 out of 50000000
DEBUG: Total gradient stack used is 419719 out of 10000000
DEBUG: Total dvariable address used is 2087 out of 150000
DEBUG: Total dvariable address used is 4013584 out of 50000000
DEBUG: Total gradient stack used is 419719 out of 10000000
DEBUG: Total dvariable address used is 2087 out of 150000
DEBUG: Total dvariable address used is 4013584 out of 50000000
DEBUG: Total gradient stack used is 419719 out of 10000000
DEBUG: Total dvariable address used is 2087 out of 150000
DEBUG: Total dvariable address used is 4013584 out of 50000000
DEBUG: Total gradient stack used is 419719 out of 10000000
DEBUG: Total dvariable address used is 2087 out of 150000
DEBUG: Total dvariable address used is 4013584 out of 50000000
DEBUG: Total gradient stack used is 419719 out of 10000000
DEBUG: Total dvariable address used is 2087 out of 150000
DEBUG: Total dvariable address used is 4013584 out of 50000000
DEBUG: Total gradient stack used is 419719 out of 10000000
DEBUG: Total dvariable address used is 2087 out of 150000
DEBUG: Total dvariable address used is 4013584 out of 50000000
DEBUG: Total gradient stack used is 419719 out of 10000000
DEBUG: Total dvariable address used is 2087 out of 150000
DEBUG: Total dvariable address used is 4013584 out of 50000000
DEBUG: Total gradient stack used is 419719 out of 10000000
DEBUG: Total dvariable address used is 2087 out of 150000
DEBUG: Total dvariable address used is 4013584 out of 50000000
DEBUG: Total gradient stack used is 419719 out of 10000000
DEBUG: Total dvariable address used is 2087 out of 150000
DEBUG: Total dvariable address used is 4013584 out of 50000000
DEBUG: Total gradient stack used is 419719 out of 10000000
DEBUG: Total dvariable address used is 2087 out of 150000
DEBUG: Total dvariable address used is 4013584 out of 50000000
DEBUG: Total gradient stack used is 419719 out of 10000000
DEBUG: Total dvariable address used is 2087 out of 150000
DEBUG: Total dvariable address used is 4013584 out of 50000000
DEBUG: Total gradient stack used is 419719 out of 10000000
DEBUG: Total dvariable address used is 2087 out of 150000
DEBUG: Total dvariable address used is 4013584 out of 50000000
DEBUG: Total gradient stack used is 419719 out of 10000000
DEBUG: Total dvariable address used is 2087 out of 150000
DEBUG: Total dvariable address used is 4013584 out of 50000000
DEBUG: Total gradient stack used is 419719 out of 10000000
DEBUG: Total dvariable address used is 2087 out of 150000
DEBUG: Total dvariable address used is 4013584 out of 50000000
DEBUG: Total gradient stack used is 419719 out of 10000000
DEBUG: Total dvariable address used is 2087 out of 150000
DEBUG: Total dvariable address used is 4013584 out of 50000000
DEBUG: Total gradient stack used is 419719 out of 10000000
DEBUG: Total dvariable address used is 2087 out of 150000
DEBUG: Total dvariable address used is 4013584 out of 50000000
DEBUG: Total gradient stack used is 419719 out of 10000000
DEBUG: Total dvariable address used is 2087 out of 150000
DEBUG: Total dvariable address used is 4013584 out of 50000000
DEBUG: Total gradient stack used is 419719 out of 10000000
DEBUG: Total dvariable address used is 2087 out of 150000
DEBUG: Total dvariable address used is 4013584 out of 50000000
DEBUG: Total gradient stack used is 419719 out of 10000000
DEBUG: Total dvariable address used is 2087 out of 150000
DEBUG: Total dvariable address used is 4013584 out of 50000000
DEBUG: Total gradient stack used is 419719 out of 10000000
DEBUG: Total dvariable address used is 2087 out of 150000
DEBUG: Total dvariable address used is 4013584 out of 50000000
DEBUG: Total gradient stack used is 419719 out of 10000000
DEBUG: Total dvariable address used is 2087 out of 150000
DEBUG: Total dvariable address used is 4013584 out of 50000000
DEBUG: Total gradient stack used is 419719 out of 10000000
DEBUG: Total dvariable address used is 2087 out of 150000
DEBUG: Total dvariable address used is 4013584 out of 50000000
DEBUG: Total gradient stack used is 419719 out of 10000000
DEBUG: Total dvariable address used is 2087 out of 150000
DEBUG: Total dvariable address used is 4013584 out of 50000000
DEBUG: Total gradient stack used is 419719 out of 10000000
DEBUG: Total dvariable address used is 2087 out of 150000
DEBUG: Total dvariable address used is 4013584 out of 50000000
DEBUG: Total gradient stack used is 419719 out of 10000000
DEBUG: Total dvariable address used is 2087 out of 150000
DEBUG: Total dvariable address used is 4013584 out of 50000000
DEBUG: Total gradient stack used is 419719 out of 10000000
DEBUG: Total dvariable address used is 2087 out of 150000
DEBUG: Total dvariable address used is 4013584 out of 50000000
DEBUG: Total gradient stack used is 419719 out of 10000000
DEBUG: Total dvariable address used is 2087 out of 150000
DEBUG: Total dvariable address used is 4013584 out of 50000000
DEBUG: Total gradient stack used is 419719 out of 10000000
DEBUG: Total dvariable address used is 2087 out of 150000
DEBUG: Total dvariable address used is 4013584 out of 50000000
DEBUG: Total gradient stack used is 419719 out of 10000000
DEBUG: Total dvariable address used is 2087 out of 150000
DEBUG: Total dvariable address used is 4013584 out of 50000000
DEBUG: Total gradient stack used is 419719 out of 10000000
DEBUG: Total dvariable address used is 2087 out of 150000
DEBUG: Total dvariable address used is 4013584 out of 50000000
DEBUG: Total gradient stack used is 419719 out of 10000000
DEBUG: Total dvariable address used is 2087 out of 150000
DEBUG: Total dvariable address used is 4013584 out of 50000000
DEBUG: Total gradient stack used is 419719 out of 10000000
DEBUG: Total dvariable address used is 2087 out of 150000
DEBUG: Total dvariable address used is 4013584 out of 50000000
DEBUG: Total gradient stack used is 419719 out of 10000000
DEBUG: Total dvariable address used is 2087 out of 150000
DEBUG: Total dvariable address used is 4013584 out of 50000000
DEBUG: Total gradient stack used is 419719 out of 10000000
DEBUG: Total dvariable address used is 2087 out of 150000
DEBUG: Total dvariable address used is 4013584 out of 50000000
DEBUG: Total gradient stack used is 419719 out of 10000000
DEBUG: Total dvariable address used is 2087 out of 150000
DEBUG: Total dvariable address used is 4013584 out of 50000000
DEBUG: Total gradient stack used is 419719 out of 10000000
DEBUG: Total dvariable address used is 2087 out of 150000
DEBUG: Total dvariable address used is 4013584 out of 50000000
DEBUG: Total gradient stack used is 419719 out of 10000000
DEBUG: Total dvariable address used is 2087 out of 150000
DEBUG: Total dvariable address used is 4013584 out of 50000000
DEBUG: Total gradient stack used is 419719 out of 10000000
DEBUG: Total dvariable address used is 2087 out of 150000
DEBUG: Total dvariable address used is 4013584 out of 50000000
DEBUG: Total gradient stack used is 419719 out of 10000000
DEBUG: Total dvariable address used is 2087 out of 150000
DEBUG: Total dvariable address used is 4013584 out of 50000000
DEBUG: Total gradient stack used is 419719 out of 10000000
DEBUG: Total dvariable address used is 2087 out of 150000
DEBUG: Total dvariable address used is 4013584 out of 50000000
DEBUG: Total gradient stack used is 419719 out of 10000000
DEBUG: Total dvariable address used is 2087 out of 150000
DEBUG: Total dvariable address used is 4013584 out of 50000000
DEBUG: Total gradient stack used is 419719 out of 10000000
DEBUG: Total dvariable address used is 2087 out of 150000
DEBUG: Total dvariable address used is 4013584 out of 50000000
DEBUG: Total gradient stack used is 419719 out of 10000000
DEBUG: Total dvariable address used is 2087 out of 150000
DEBUG: Total dvariable address used is 4013584 out of 50000000
DEBUG: Total gradient stack used is 419719 out of 10000000
DEBUG: Total dvariable address used is 2087 out of 150000
DEBUG: Total dvariable address used is 4013584 out of 50000000
DEBUG: Total gradient stack used is 419719 out of 10000000
DEBUG: Total dvariable address used is 2087 out of 150000
DEBUG: Total dvariable address used is 4013584 out of 50000000
DEBUG: Total gradient stack used is 419719 out of 10000000
DEBUG: Total dvariable address used is 2087 out of 150000
DEBUG: Total dvariable address used is 4013584 out of 50000000
DEBUG: Total gradient stack used is 419719 out of 10000000
DEBUG: Total dvariable address used is 2087 out of 150000
DEBUG: Total dvariable address used is 4013584 out of 50000000
DEBUG: Total gradient stack used is 419719 out of 10000000
DEBUG: Total dvariable address used is 2087 out of 150000
DEBUG: Total dvariable address used is 4013584 out of 50000000
DEBUG: Total gradient stack used is 419719 out of 10000000
DEBUG: Total dvariable address used is 2087 out of 150000
DEBUG: Total dvariable address used is 4013584 out of 50000000
DEBUG: Total gradient stack used is 419719 out of 10000000
DEBUG: Total dvariable address used is 2087 out of 150000
DEBUG: Total dvariable address used is 4013584 out of 50000000
DEBUG: Total gradient stack used is 419719 out of 10000000
DEBUG: Total dvariable address used is 2087 out of 150000
DEBUG: Total dvariable address used is 4013584 out of 50000000
DEBUG: Total gradient stack used is 419719 out of 10000000
DEBUG: Total dvariable address used is 2087 out of 150000
DEBUG: Total dvariable address used is 4013584 out of 50000000
DEBUG: Total gradient stack used is 419719 out of 10000000
DEBUG: Total dvariable address used is 2087 out of 150000
DEBUG: Total dvariable address used is 4013584 out of 50000000
DEBUG: Total gradient stack used is 419719 out of 10000000
DEBUG: Total dvariable address used is 2087 out of 150000
DEBUG: Total dvariable address used is 4013584 out of 50000000
DEBUG: Total gradient stack used is 419719 out of 10000000
DEBUG: Total dvariable address used is 2087 out of 150000
DEBUG: Total dvariable address used is 4013584 out of 50000000
DEBUG: Total gradient stack used is 419719 out of 10000000
DEBUG: Total dvariable address used is 2087 out of 150000
DEBUG: Total dvariable address used is 4013584 out of 50000000
DEBUG: Total gradient stack used is 419719 out of 10000000
DEBUG: Total dvariable address used is 2087 out of 150000
DEBUG: Total dvariable address used is 4013584 out of 50000000
DEBUG: Total gradient stack used is 419719 out of 10000000
DEBUG: Total dvariable address used is 2087 out of 150000
DEBUG: Total dvariable address used is 4013584 out of 50000000
DEBUG: Total gradient stack used is 419719 out of 10000000
DEBUG: Total dvariable address used is 2087 out of 150000
DEBUG: Total dvariable address used is 4013584 out of 50000000
DEBUG: Total gradient stack used is 419719 out of 10000000
DEBUG: Total dvariable address used is 2087 out of 150000
DEBUG: Total dvariable address used is 4013584 out of 50000000
DEBUG: Total gradient stack used is 419719 out of 10000000
DEBUG: Total dvariable address used is 2087 out of 150000
DEBUG: Total dvariable address used is 4013584 out of 50000000
DEBUG: Total gradient stack used is 419719 out of 10000000
DEBUG: Total dvariable address used is 2087 out of 150000
DEBUG: Total dvariable address used is 4013584 out of 50000000
DEBUG: Total gradient stack used is 419719 out of 10000000
DEBUG: Total dvariable address used is 2087 out of 150000
DEBUG: Total dvariable address used is 4013584 out of 50000000
DEBUG: Total gradient stack used is 419719 out of 10000000
DEBUG: Total dvariable address used is 2087 out of 150000
DEBUG: Total dvariable address used is 4013584 out of 50000000
DEBUG: Total gradient stack used is 419719 out of 10000000
DEBUG: Total dvariable address used is 2087 out of 150000
DEBUG: Total dvariable address used is 4013584 out of 50000000
DEBUG: Total gradient stack used is 419719 out of 10000000
DEBUG: Total dvariable address used is 2087 out of 150000
DEBUG: Total dvariable address used is 4013584 out of 50000000
DEBUG: Total gradient stack used is 419719 out of 10000000
DEBUG: Total dvariable address used is 2087 out of 150000
DEBUG: Total dvariable address used is 4013584 out of 50000000
DEBUG: Total gradient stack used is 419719 out of 10000000
DEBUG: Total dvariable address used is 2087 out of 150000
DEBUG: Total dvariable address used is 4013584 out of 50000000
DEBUG: Total gradient stack used is 419719 out of 10000000
DEBUG: Total dvariable address used is 2087 out of 150000
DEBUG: Total dvariable address used is 4013584 out of 50000000
DEBUG: Total gradient stack used is 419719 out of 10000000
DEBUG: Total dvariable address used is 2087 out of 150000
DEBUG: Total dvariable address used is 4013584 out of 50000000
DEBUG: Total gradient stack used is 419719 out of 10000000
DEBUG: Total dvariable address used is 2087 out of 150000
DEBUG: Total dvariable address used is 4013584 out of 50000000
DEBUG: Total gradient stack used is 419719 out of 10000000
DEBUG: Total dvariable address used is 2087 out of 150000
DEBUG: Total dvariable address used is 4013584 out of 50000000
DEBUG: Total gradient stack used is 419719 out of 10000000
DEBUG: Total dvariable address used is 2087 out of 150000
DEBUG: Total dvariable address used is 4013584 out of 50000000
DEBUG: Total gradient stack used is 419719 out of 10000000
DEBUG: Total dvariable address used is 2087 out of 150000
DEBUG: Total dvariable address used is 4013584 out of 50000000
DEBUG: Total gradient stack used is 419719 out of 10000000
DEBUG: Total dvariable address used is 2087 out of 150000
DEBUG: Total dvariable address used is 4013584 out of 50000000
DEBUG: Total gradient stack used is 419719 out of 10000000
DEBUG: Total dvariable address used is 2087 out of 150000
DEBUG: Total dvariable address used is 4013584 out of 50000000
DEBUG: Total gradient stack used is 419719 out of 10000000
DEBUG: Total dvariable address used is 2087 out of 150000
DEBUG: Total dvariable address used is 4013584 out of 50000000
DEBUG: Total gradient stack used is 419719 out of 10000000
DEBUG: Total dvariable address used is 2087 out of 150000
DEBUG: Total dvariable address used is 4013584 out of 50000000
DEBUG: Total gradient stack used is 419719 out of 10000000
DEBUG: Total dvariable address used is 2087 out of 150000
DEBUG: Total dvariable address used is 4013584 out of 50000000
DEBUG: Total gradient stack used is 419719 out of 10000000
DEBUG: Total dvariable address used is 2087 out of 150000
DEBUG: Total dvariable address used is 4013584 out of 50000000
DEBUG: Total gradient stack used is 419719 out of 10000000
DEBUG: Total dvariable address used is 2087 out of 150000
DEBUG: Total dvariable address used is 4013584 out of 50000000
DEBUG: Total gradient stack used is 419719 out of 10000000
DEBUG: Total dvariable address used is 2087 out of 150000
DEBUG: Total dvariable address used is 4013584 out of 50000000
DEBUG: Total gradient stack used is 419719 out of 10000000
DEBUG: Total dvariable address used is 2087 out of 150000
DEBUG: Total dvariable address used is 4013584 out of 50000000
DEBUG: Total gradient stack used is 419719 out of 10000000
DEBUG: Total dvariable address used is 2087 out of 150000
DEBUG: Total dvariable address used is 4013584 out of 50000000
DEBUG: Total gradient stack used is 419719 out of 10000000
DEBUG: Total dvariable address used is 2087 out of 150000
DEBUG: Total dvariable address used is 4013584 out of 50000000
DEBUG: Total gradient stack used is 419719 out of 10000000
DEBUG: Total dvariable address used is 2087 out of 150000
DEBUG: Total dvariable address used is 4013584 out of 50000000
DEBUG: Total gradient stack used is 419719 out of 10000000
DEBUG: Total dvariable address used is 2087 out of 150000
DEBUG: Total dvariable address used is 4013584 out of 50000000
DEBUG: Total gradient stack used is 419719 out of 10000000
DEBUG: Total dvariable address used is 2087 out of 150000
DEBUG: Total dvariable address used is 4013584 out of 50000000
DEBUG: Total gradient stack used is 419719 out of 10000000
DEBUG: Total dvariable address used is 2087 out of 150000
DEBUG: Total dvariable address used is 4013584 out of 50000000
DEBUG: Total gradient stack used is 419719 out of 10000000
DEBUG: Total dvariable address used is 2087 out of 150000
DEBUG: Total dvariable address used is 4013584 out of 50000000
DEBUG: Total gradient stack used is 419719 out of 10000000
DEBUG: Total dvariable address used is 2087 out of 150000
DEBUG: Total dvariable address used is 4013584 out of 50000000
DEBUG: Total gradient stack used is 419719 out of 10000000
DEBUG: Total dvariable address used is 2087 out of 150000
DEBUG: Total dvariable address used is 4013584 out of 50000000
DEBUG: Total gradient stack used is 419719 out of 10000000
DEBUG: Total dvariable address used is 2087 out of 150000
DEBUG: Total dvariable address used is 4013584 out of 50000000
DEBUG: Total gradient stack used is 419719 out of 10000000
DEBUG: Total dvariable address used is 2087 out of 150000
DEBUG: Total dvariable address used is 4013584 out of 50000000
DEBUG: Total gradient stack used is 419719 out of 10000000
DEBUG: Total dvariable address used is 2087 out of 150000
DEBUG: Total dvariable address used is 4013584 out of 50000000
DEBUG: Total gradient stack used is 419719 out of 10000000
DEBUG: Total dvariable address used is 2087 out of 150000
DEBUG: Total dvariable address used is 4013584 out of 50000000
DEBUG: Total gradient stack used is 419719 out of 10000000
DEBUG: Total dvariable address used is 2087 out of 150000
DEBUG: Total dvariable address used is 4013584 out of 50000000
DEBUG: Total gradient stack used is 419719 out of 10000000
DEBUG: Total dvariable address used is 2087 out of 150000
DEBUG: Total dvariable address used is 4013584 out of 50000000
DEBUG: Total gradient stack used is 419719 out of 10000000
DEBUG: Total dvariable address used is 2087 out of 150000
DEBUG: Total dvariable address used is 4013584 out of 50000000
DEBUG: Total gradient stack used is 419719 out of 10000000
DEBUG: Total dvariable address used is 2087 out of 150000
DEBUG: Total dvariable address used is 4013584 out of 50000000
DEBUG: Total gradient stack used is 419719 out of 10000000
DEBUG: Total dvariable address used is 2087 out of 150000
DEBUG: Total dvariable address used is 4013584 out of 50000000
DEBUG: Total gradient stack used is 419719 out of 10000000
DEBUG: Total dvariable address used is 2087 out of 150000
DEBUG: Total dvariable address used is 4013584 out of 50000000
DEBUG: Total gradient stack used is 419719 out of 10000000
DEBUG: Total dvariable address used is 2087 out of 150000
DEBUG: Total dvariable address used is 4013584 out of 50000000
DEBUG: Total gradient stack used is 419719 out of 10000000
DEBUG: Total dvariable address used is 2087 out of 150000
DEBUG: Total dvariable address used is 4013584 out of 50000000
DEBUG: Total gradient stack used is 419719 out of 10000000
DEBUG: Total dvariable address used is 2087 out of 150000
DEBUG: Total dvariable address used is 4013584 out of 50000000
DEBUG: Total gradient stack used is 419719 out of 10000000
DEBUG: Total dvariable address used is 2087 out of 150000
DEBUG: Total dvariable address used is 4013584 out of 50000000
DEBUG: Total gradient stack used is 419719 out of 10000000
DEBUG: Total dvariable address used is 2087 out of 150000
DEBUG: Total dvariable address used is 4013584 out of 50000000
DEBUG: Total gradient stack used is 419719 out of 10000000
DEBUG: Total dvariable address used is 2087 out of 150000
DEBUG: Total dvariable address used is 4013584 out of 50000000
DEBUG: Total gradient stack used is 419719 out of 10000000
DEBUG: Total dvariable address used is 2087 out of 150000
DEBUG: Total dvariable address used is 4013584 out of 50000000
DEBUG: Total gradient stack used is 419719 out of 10000000
DEBUG: Total dvariable address used is 2087 out of 150000
DEBUG: Total dvariable address used is 4013584 out of 50000000
DEBUG: Total gradient stack used is 419719 out of 10000000
DEBUG: Total dvariable address used is 2087 out of 150000
DEBUG: Total dvariable address used is 4013584 out of 50000000
DEBUG: Total gradient stack used is 419719 out of 10000000
DEBUG: Total dvariable address used is 2087 out of 150000
DEBUG: Total dvariable address used is 4013584 out of 50000000
DEBUG: Total gradient stack used is 419719 out of 10000000
DEBUG: Total dvariable address used is 2087 out of 150000
DEBUG: Total dvariable address used is 4013584 out of 50000000
DEBUG: Total gradient stack used is 419719 out of 10000000
DEBUG: Total dvariable address used is 2087 out of 150000
DEBUG: Total dvariable address used is 4013584 out of 50000000
DEBUG: Total gradient stack used is 419719 out of 10000000
DEBUG: Total dvariable address used is 2087 out of 150000
DEBUG: Total dvariable address used is 4013584 out of 50000000
DEBUG: Total gradient stack used is 419719 out of 10000000
DEBUG: Total dvariable address used is 2087 out of 150000
DEBUG: Total dvariable address used is 4013584 out of 50000000
DEBUG: Total gradient stack used is 419719 out of 10000000
DEBUG: Total dvariable address used is 2087 out of 150000
DEBUG: Total dvariable address used is 4013584 out of 50000000
DEBUG: Total gradient stack used is 419719 out of 10000000
DEBUG: Total dvariable address used is 2087 out of 150000
DEBUG: Total dvariable address used is 4013584 out of 50000000
DEBUG: Total gradient stack used is 419719 out of 10000000
DEBUG: Total dvariable address used is 2087 out of 150000
DEBUG: Total dvariable address used is 4013584 out of 50000000
DEBUG: Total gradient stack used is 419719 out of 10000000
DEBUG: Total dvariable address used is 2087 out of 150000
DEBUG: Total dvariable address used is 4013584 out of 50000000
DEBUG: Total gradient stack used is 419719 out of 10000000
DEBUG: Total dvariable address used is 2087 out of 150000
DEBUG: Total dvariable address used is 4013584 out of 50000000
DEBUG: Total gradient stack used is 419719 out of 10000000
DEBUG: Total dvariable address used is 2087 out of 150000
DEBUG: Total dvariable address used is 4013584 out of 50000000
DEBUG: Total gradient stack used is 419719 out of 10000000
DEBUG: Total dvariable address used is 2087 out of 150000
DEBUG: Total dvariable address used is 4013584 out of 50000000
DEBUG: Total gradient stack used is 419719 out of 10000000
DEBUG: Total dvariable address used is 2087 out of 150000
DEBUG: Total dvariable address used is 4013584 out of 50000000
DEBUG: Total gradient stack used is 419719 out of 10000000
DEBUG: Total dvariable address used is 2087 out of 150000
DEBUG: Total dvariable address used is 4013584 out of 50000000
DEBUG: Total gradient stack used is 419719 out of 10000000
DEBUG: Total dvariable address used is 2087 out of 150000
DEBUG: Total dvariable address used is 4013584 out of 50000000
DEBUG: Total gradient stack used is 419719 out of 10000000
DEBUG: Total dvariable address used is 2087 out of 150000
DEBUG: Total dvariable address used is 4013584 out of 50000000
DEBUG: Total gradient stack used is 419719 out of 10000000
DEBUG: Total dvariable address used is 2087 out of 150000
DEBUG: Total dvariable address used is 4013584 out of 50000000
DEBUG: Total gradient stack used is 419719 out of 10000000
DEBUG: Total dvariable address used is 2087 out of 150000
DEBUG: Total dvariable address used is 4013584 out of 50000000
DEBUG: Total gradient stack used is 419719 out of 10000000
DEBUG: Total dvariable address used is 2087 out of 150000
DEBUG: Total dvariable address used is 4013584 out of 50000000
DEBUG: Total gradient stack used is 419719 out of 10000000
DEBUG: Total dvariable address used is 2087 out of 150000
DEBUG: Total dvariable address used is 4013584 out of 50000000
DEBUG: Total gradient stack used is 419719 out of 10000000
DEBUG: Total dvariable address used is 2087 out of 150000
DEBUG: Total dvariable address used is 4013584 out of 50000000
DEBUG: Total gradient stack used is 419719 out of 10000000
DEBUG: Total dvariable address used is 2087 out of 150000
DEBUG: Total dvariable address used is 4013584 out of 50000000
DEBUG: Total gradient stack used is 419719 out of 10000000
DEBUG: Total dvariable address used is 2087 out of 150000
DEBUG: Total dvariable address used is 4013584 out of 50000000
DEBUG: Total gradient stack used is 419719 out of 10000000
DEBUG: Total dvariable address used is 2087 out of 150000
DEBUG: Total dvariable address used is 4013584 out of 50000000
DEBUG: Total gradient stack used is 419719 out of 10000000
DEBUG: Total dvariable address used is 2087 out of 150000
DEBUG: Total dvariable address used is 4013584 out of 50000000
DEBUG: Total gradient stack used is 419719 out of 10000000
DEBUG: Total dvariable address used is 2087 out of 150000
DEBUG: Total dvariable address used is 4013584 out of 50000000
DEBUG: Total gradient stack used is 419719 out of 10000000
DEBUG: Total dvariable address used is 2087 out of 150000
DEBUG: Total dvariable address used is 4013584 out of 50000000
DEBUG: Total gradient stack used is 419719 out of 10000000
DEBUG: Total dvariable address used is 2087 out of 150000
DEBUG: Total dvariable address used is 4013584 out of 50000000
DEBUG: Total gradient stack used is 419719 out of 10000000
DEBUG: Total dvariable address used is 2087 out of 150000
DEBUG: Total dvariable address used is 4013584 out of 50000000
DEBUG: Total gradient stack used is 419719 out of 10000000
DEBUG: Total dvariable address used is 2087 out of 150000
DEBUG: Total dvariable address used is 4013584 out of 50000000
, 100%DEBUG: Total gradient stack used is 419719 out of 10000000
DEBUG: Total dvariable address used is 2087 out of 150000
DEBUG: Total dvariable address used is 4013584 out of 50000000
DEBUG: Total gradient stack used is 419719 out of 10000000
DEBUG: Total dvariable address used is 2087 out of 150000
DEBUG: Total dvariable address used is 4013584 out of 50000000
DEBUG: Total gradient stack used is 419719 out of 10000000
DEBUG: Total dvariable address used is 2087 out of 150000
DEBUG: Total dvariable address used is 4013584 out of 50000000
DEBUG: Total gradient stack used is 419719 out of 10000000
DEBUG: Total dvariable address used is 2087 out of 150000
DEBUG: Total dvariable address used is 4013584 out of 50000000
 done (36 s) 
Differentiating 4 derived quantities: DEBUG: Total gradient stack used is 2472344 out of 10000000
DEBUG: Total dvariable address used is 2087 out of 150000
DEBUG: Total dvariable address used is 4013584 out of 50000000
1, 2, 3, 4 done (5 m 48 s) 
Inverting Hessian (412 variables): 20%, 40%, 60%, 80%, 100% done (0.45 s) 
Starting standard error calculations... 
 Warning: Non-positive variance of sdreport variables: 921, 922, 925, 926, 929, 930
 done (1.4 s) 
Starting FINAL_SECTION
+--------------------------+
| Beginning report section |
+--------------------------+
last phase
Finished WriteFiles
Finished CreateOutput
nsel_patterns = 16
nsel_use      = 8
deleting ppSLX array w/ 8 sel patterns
deleting ppSLX[0]
deleted ppSLX[0]
deleting ppSLX[1]
deleted ppSLX[1]
deleting ppSLX[2]
deleted ppSLX[2]
deleting ppSLX[3]
deleted ppSLX[3]
deleting ppSLX[4]
deleted ppSLX[4]
deleting ppSLX[5]
deleted ppSLX[5]
deleting ppSLX[6]
deleted ppSLX[6]
deleting ppSLX[7]
deleted ppSLX[7]
Finished deleting ppSLX

Starting time statistics


*******************************************


-------------------------------------------
--Start time: Thu Sep 17 17:33:56 2026

--Finish time: Thu Sep 17 17:40:51 2026

--Runtime: 0 hours, 6 minutes, 55 seconds
--Number of function evaluations: 2951
*******************************************

Finished running model 'gmacs' after 6 m 55 s.

./gmacs elapsed time is 414644647 microseconds.
Error: Detected division by zero.
Error: Detected invalid argument.
Error: Detected underflow.
