# gmacs 
# exit status 134, 152.7 s
end of GMACS.DAT
+----------------------+
| Reading data file    |
+----------------------+
 * Model dimensions
 * Natural mortality
 * Catch data
 * Abundance data
 * Size composition data
end of data section
+----------------------+
| Reading control file |
+----------------------+
Warning - the end of block 2 exceeds nyrRetro
 * General controls
 1982 2025 1 1 2 0.5 6 1 1 0 0 200 5 1940 1950 2050 2051 0 0
Expecting 52 theta parameters
 * Allometry
 * Maturity definition
## Legal definition
 * Growth parameter controls
growth increment option for sex 1 is 1
LinearGM: setting nparG=3 for ig 1
ig = 1 nparG = 3
ig = 2 nparG = 0
ig = 3 nparG = 0
nparGs 3 0 0
assigning growth parameters
1 1 Alpha_male 2.049 -5 20 0 2.049 1 3 0 0 0 0 0 0 0.3 0
    Alpha_male
printing Gpar_control
2 1 Beta_male -0.2258 -1 0 0 -0.2258 0.5 3 0 0 0 0 0 0 0.3 0
    Beta_male
printing Gpar_control
3 1 Gscale_male 0.25 0.001 5 0 0 999 -3 0 0 0 0 0 0 0.3 0
    Gscale_male
printing Gpar_control
IPAR1  2.049 -5 20 0 2.049 1 3 0 0 0 0 0 0 0.3 0
IPAR2  -0.2258 -1 0 0 -0.2258 0.5 3 0 0 0 0 0 0 0.3 0
IPAR3  0.25 0.001 5 0 0 999 -3 0 0 0 0 0 0 0.3 0
1
Special 1 0
2
Special 2 0
3
Special 3 1
 * Natural mortality parameter controls
 * Selectivity parameter controls
 * Catchability parameter controls
 0 0
 0 0
 * Additional CV controls
 * Fishing mortality controls
 * Size composition controls
## Emphasis Factors (Fdev Penalties) ##
## Emphasis Factors (Priors/Penalties) ##
end of control section
+-------------------------+
| Reading projection file |
+-------------------------+
end of projection section
Number of estimated parameters: 235
Number of std variables: 253
+----------------------+
| Parameter section    |
+----------------------+
+----------------------+
| Preliminary section  |
+----------------------+
+------------------------------+
| Initial Procedure Section    |
+------------------------------+
initialize model AEP
initialize model AEP
Finished PRELIMINARY_CALCS_SECTION
Starting optimization of 'gmacs' in phase 1 of 4 at Thu Sep 17 20:42:31 2026

#--BETWEEN_PHASES_SECTION---------------------
#----Starting phase 1 of 4
Finished BETWEEN_PHASES_SECTION
----------------------------------------------
DEBUG: Total gradient stack used is 123588 out of 10000000
DEBUG: Total dvariable address used is 1964 out of 150000
DEBUG: Total dvariable address used is 1985248 out of 50000000
phase= 1 | nvar=178 | iter=  0 | nll=-1.42e+04 | mag=5.91e+02 | par[ 48]=log_fbar[2]
DEBUG: Total gradient stack used is 123588 out of 10000000
DEBUG: Total dvariable address used is 1964 out of 150000
DEBUG: Total dvariable address used is 1985248 out of 50000000
DEBUG: Total gradient stack used is 123588 out of 10000000
DEBUG: Total dvariable address used is 1964 out of 150000
DEBUG: Total dvariable address used is 1985248 out of 50000000
DEBUG: Total gradient stack used is 123588 out of 10000000
DEBUG: Total dvariable address used is 1964 out of 150000
DEBUG: Total dvariable address used is 1985248 out of 50000000
DEBUG: Total gradient stack used is 123588 out of 10000000
DEBUG: Total dvariable address used is 1964 out of 150000
DEBUG: Total dvariable address used is 1985248 out of 50000000
DEBUG: Total gradient stack used is 123588 out of 10000000
DEBUG: Total dvariable address used is 1964 out of 150000
DEBUG: Total dvariable address used is 1985248 out of 50000000
DEBUG: Total gradient stack used is 123588 out of 10000000
DEBUG: Total dvariable address used is 1964 out of 150000
DEBUG: Total dvariable address used is 1985248 out of 50000000
DEBUG: Total gradient stack used is 123588 out of 10000000
DEBUG: Total dvariable address used is 1964 out of 150000
DEBUG: Total dvariable address used is 1985248 out of 50000000
DEBUG: Total gradient stack used is 123588 out of 10000000
DEBUG: Total dvariable address used is 1964 out of 150000
DEBUG: Total dvariable address used is 1985248 out of 50000000
DEBUG: Total gradient stack used is 123588 out of 10000000
DEBUG: Total dvariable address used is 1964 out of 150000
DEBUG: Total dvariable address used is 1985248 out of 50000000
DEBUG: Total gradient stack used is 123588 out of 10000000
DEBUG: Total dvariable address used is 1964 out of 150000
DEBUG: Total dvariable address used is 1985248 out of 50000000
DEBUG: Total gradient stack used is 123588 out of 10000000
DEBUG: Total dvariable address used is 1964 out of 150000
DEBUG: Total dvariable address used is 1985248 out of 50000000
DEBUG: Total gradient stack used is 123588 out of 10000000
DEBUG: Total dvariable address used is 1964 out of 150000
DEBUG: Total dvariable address used is 1985248 out of 50000000
DEBUG: Total gradient stack used is 123588 out of 10000000
DEBUG: Total dvariable address used is 1964 out of 150000
DEBUG: Total dvariable address used is 1985248 out of 50000000
DEBUG: Total gradient stack used is 123588 out of 10000000
DEBUG: Total dvariable address used is 1964 out of 150000
DEBUG: Total dvariable address used is 1985248 out of 50000000
DEBUG: Total gradient stack used is 123588 out of 10000000
DEBUG: Total dvariable address used is 1964 out of 150000
DEBUG: Total dvariable address used is 1985248 out of 50000000
DEBUG: Total gradient stack used is 123588 out of 10000000
DEBUG: Total dvariable address used is 1964 out of 150000
DEBUG: Total dvariable address used is 1985248 out of 50000000
DEBUG: Total gradient stack used is 123588 out of 10000000
DEBUG: Total dvariable address used is 1964 out of 150000
DEBUG: Total dvariable address used is 1985248 out of 50000000
DEBUG: Total gradient stack used is 123588 out of 10000000
DEBUG: Total dvariable address used is 1964 out of 150000
DEBUG: Total dvariable address used is 1985248 out of 50000000
DEBUG: Total gradient stack used is 123588 out of 10000000
DEBUG: Total dvariable address used is 1964 out of 150000
DEBUG: Total dvariable address used is 1985248 out of 50000000
DEBUG: Total gradient stack used is 123588 out of 10000000
DEBUG: Total dvariable address used is 1964 out of 150000
DEBUG: Total dvariable address used is 1985248 out of 50000000
DEBUG: Total gradient stack used is 123588 out of 10000000
DEBUG: Total dvariable address used is 1964 out of 150000
DEBUG: Total dvariable address used is 1985248 out of 50000000
DEBUG: Total gradient stack used is 123588 out of 10000000
DEBUG: Total dvariable address used is 1964 out of 150000
DEBUG: Total dvariable address used is 1985248 out of 50000000
DEBUG: Total gradient stack used is 123588 out of 10000000
DEBUG: Total dvariable address used is 1964 out of 150000
DEBUG: Total dvariable address used is 1985248 out of 50000000
DEBUG: Total gradient stack used is 123588 out of 10000000
DEBUG: Total dvariable address used is 1964 out of 150000
DEBUG: Total dvariable address used is 1985248 out of 50000000
DEBUG: Total gradient stack used is 123588 out of 10000000
DEBUG: Total dvariable address used is 1964 out of 150000
DEBUG: Total dvariable address used is 1985248 out of 50000000
DEBUG: Total gradient stack used is 123588 out of 10000000
DEBUG: Total dvariable address used is 1964 out of 150000
DEBUG: Total dvariable address used is 1985248 out of 50000000
DEBUG: Total gradient stack used is 123588 out of 10000000
DEBUG: Total dvariable address used is 1964 out of 150000
DEBUG: Total dvariable address used is 1985248 out of 50000000
phase= 1 | nvar=178 | iter= 20 | nll=-1.42e+04 | mag=1.29e+03 | par[  2]=T_pars_est[3]
DEBUG: Total gradient stack used is 123588 out of 10000000
DEBUG: Total dvariable address used is 1964 out of 150000
DEBUG: Total dvariable address used is 1985248 out of 50000000
DEBUG: Total gradient stack used is 123588 out of 10000000
DEBUG: Total dvariable address used is 1964 out of 150000
DEBUG: Total dvariable address used is 1985248 out of 50000000
DEBUG: Total gradient stack used is 123588 out of 10000000
DEBUG: Total dvariable address used is 1964 out of 150000
DEBUG: Total dvariable address used is 1985248 out of 50000000
DEBUG: Total gradient stack used is 123588 out of 10000000
DEBUG: Total dvariable address used is 1964 out of 150000
DEBUG: Total dvariable address used is 1985248 out of 50000000
DEBUG: Total gradient stack used is 123588 out of 10000000
DEBUG: Total dvariable address used is 1964 out of 150000
DEBUG: Total dvariable address used is 1985248 out of 50000000
DEBUG: Total gradient stack used is 123588 out of 10000000
DEBUG: Total dvariable address used is 1964 out of 150000
DEBUG: Total dvariable address used is 1985248 out of 50000000
DEBUG: Total gradient stack used is 123588 out of 10000000
DEBUG: Total dvariable address used is 1964 out of 150000
DEBUG: Total dvariable address used is 1985248 out of 50000000
DEBUG: Total gradient stack used is 123588 out of 10000000
DEBUG: Total dvariable address used is 1964 out of 150000
DEBUG: Total dvariable address used is 1985248 out of 50000000
DEBUG: Total gradient stack used is 123588 out of 10000000
DEBUG: Total dvariable address used is 1964 out of 150000
DEBUG: Total dvariable address used is 1985248 out of 50000000
DEBUG: Total gradient stack used is 123588 out of 10000000
DEBUG: Total dvariable address used is 1964 out of 150000
DEBUG: Total dvariable address used is 1985248 out of 50000000
DEBUG: Total gradient stack used is 123588 out of 10000000
DEBUG: Total dvariable address used is 1964 out of 150000
DEBUG: Total dvariable address used is 1985248 out of 50000000
DEBUG: Total gradient stack used is 123588 out of 10000000
DEBUG: Total dvariable address used is 1964 out of 150000
DEBUG: Total dvariable address used is 1985248 out of 50000000
DEBUG: Total gradient stack used is 123588 out of 10000000
DEBUG: Total dvariable address used is 1964 out of 150000
DEBUG: Total dvariable address used is 1985248 out of 50000000
DEBUG: Total gradient stack used is 123588 out of 10000000
DEBUG: Total dvariable address used is 1964 out of 150000
DEBUG: Total dvariable address used is 1985248 out of 50000000
DEBUG: Total gradient stack used is 123588 out of 10000000
DEBUG: Total dvariable address used is 1964 out of 150000
DEBUG: Total dvariable address used is 1985248 out of 50000000
DEBUG: Total gradient stack used is 123588 out of 10000000
DEBUG: Total dvariable address used is 1964 out of 150000
DEBUG: Total dvariable address used is 1985248 out of 50000000
DEBUG: Total gradient stack used is 123588 out of 10000000
DEBUG: Total dvariable address used is 1964 out of 150000
DEBUG: Total dvariable address used is 1985248 out of 50000000
DEBUG: Total gradient stack used is 123588 out of 10000000
DEBUG: Total dvariable address used is 1964 out of 150000
DEBUG: Total dvariable address used is 1985248 out of 50000000
DEBUG: Total gradient stack used is 123588 out of 10000000
DEBUG: Total dvariable address used is 1964 out of 150000
DEBUG: Total dvariable address used is 1985248 out of 50000000
DEBUG: Total gradient stack used is 123588 out of 10000000
DEBUG: Total dvariable address used is 1964 out of 150000
DEBUG: Total dvariable address used is 1985248 out of 50000000
DEBUG: Total gradient stack used is 123588 out of 10000000
DEBUG: Total dvariable address used is 1964 out of 150000
DEBUG: Total dvariable address used is 1985248 out of 50000000
phase= 1 | nvar=178 | iter= 40 | nll=-1.42e+04 | mag=1.27e+03 | par[  2]=T_pars_est[3]
DEBUG: Total gradient stack used is 123588 out of 10000000
DEBUG: Total dvariable address used is 1964 out of 150000
DEBUG: Total dvariable address used is 1985248 out of 50000000
DEBUG: Total gradient stack used is 123588 out of 10000000
DEBUG: Total dvariable address used is 1964 out of 150000
DEBUG: Total dvariable address used is 1985248 out of 50000000
DEBUG: Total gradient stack used is 123588 out of 10000000
DEBUG: Total dvariable address used is 1964 out of 150000
DEBUG: Total dvariable address used is 1985248 out of 50000000
DEBUG: Total gradient stack used is 123588 out of 10000000
DEBUG: Total dvariable address used is 1964 out of 150000
DEBUG: Total dvariable address used is 1985248 out of 50000000
DEBUG: Total gradient stack used is 123588 out of 10000000
DEBUG: Total dvariable address used is 1964 out of 150000
DEBUG: Total dvariable address used is 1985248 out of 50000000
DEBUG: Total gradient stack used is 123588 out of 10000000
DEBUG: Total dvariable address used is 1964 out of 150000
DEBUG: Total dvariable address used is 1985248 out of 50000000
DEBUG: Total gradient stack used is 123588 out of 10000000
DEBUG: Total dvariable address used is 1964 out of 150000
DEBUG: Total dvariable address used is 1985248 out of 50000000
DEBUG: Total gradient stack used is 123588 out of 10000000
DEBUG: Total dvariable address used is 1964 out of 150000
DEBUG: Total dvariable address used is 1985248 out of 50000000
DEBUG: Total gradient stack used is 123588 out of 10000000
DEBUG: Total dvariable address used is 1964 out of 150000
DEBUG: Total dvariable address used is 1985248 out of 50000000
DEBUG: Total gradient stack used is 123588 out of 10000000
DEBUG: Total dvariable address used is 1964 out of 150000
DEBUG: Total dvariable address used is 1985248 out of 50000000
DEBUG: Total gradient stack used is 123588 out of 10000000
DEBUG: Total dvariable address used is 1964 out of 150000
DEBUG: Total dvariable address used is 1985248 out of 50000000
DEBUG: Total gradient stack used is 123588 out of 10000000
DEBUG: Total dvariable address used is 1964 out of 150000
DEBUG: Total dvariable address used is 1985248 out of 50000000
DEBUG: Total gradient stack used is 123588 out of 10000000
DEBUG: Total dvariable address used is 1964 out of 150000
DEBUG: Total dvariable address used is 1985248 out of 50000000
DEBUG: Total gradient stack used is 123588 out of 10000000
DEBUG: Total dvariable address used is 1964 out of 150000
DEBUG: Total dvariable address used is 1985248 out of 50000000
DEBUG: Total gradient stack used is 123588 out of 10000000
DEBUG: Total dvariable address used is 1964 out of 150000
DEBUG: Total dvariable address used is 1985248 out of 50000000
DEBUG: Total gradient stack used is 123588 out of 10000000
DEBUG: Total dvariable address used is 1964 out of 150000
DEBUG: Total dvariable address used is 1985248 out of 50000000
DEBUG: Total gradient stack used is 123588 out of 10000000
DEBUG: Total dvariable address used is 1964 out of 150000
DEBUG: Total dvariable address used is 1985248 out of 50000000
DEBUG: Total gradient stack used is 123588 out of 10000000
DEBUG: Total dvariable address used is 1964 out of 150000
DEBUG: Total dvariable address used is 1985248 out of 50000000
DEBUG: Total gradient stack used is 123588 out of 10000000
DEBUG: Total dvariable address used is 1964 out of 150000
DEBUG: Total dvariable address used is 1985248 out of 50000000
DEBUG: Total gradient stack used is 123588 out of 10000000
DEBUG: Total dvariable address used is 1964 out of 150000
DEBUG: Total dvariable address used is 1985248 out of 50000000
DEBUG: Total gradient stack used is 123588 out of 10000000
DEBUG: Total dvariable address used is 1964 out of 150000
DEBUG: Total dvariable address used is 1985248 out of 50000000
phase= 1 | nvar=178 | iter= 60 | nll=-1.42e+04 | mag=2.25e+02 | par[  2]=T_pars_est[3]
DEBUG: Total gradient stack used is 123588 out of 10000000
DEBUG: Total dvariable address used is 1964 out of 150000
DEBUG: Total dvariable address used is 1985248 out of 50000000
DEBUG: Total gradient stack used is 123588 out of 10000000
DEBUG: Total dvariable address used is 1964 out of 150000
DEBUG: Total dvariable address used is 1985248 out of 50000000
DEBUG: Total gradient stack used is 123588 out of 10000000
DEBUG: Total dvariable address used is 1964 out of 150000
DEBUG: Total dvariable address used is 1985248 out of 50000000
DEBUG: Total gradient stack used is 123588 out of 10000000
DEBUG: Total dvariable address used is 1964 out of 150000
DEBUG: Total dvariable address used is 1985248 out of 50000000
DEBUG: Total gradient stack used is 123588 out of 10000000
DEBUG: Total dvariable address used is 1964 out of 150000
DEBUG: Total dvariable address used is 1985248 out of 50000000
DEBUG: Total gradient stack used is 123588 out of 10000000
DEBUG: Total dvariable address used is 1964 out of 150000
DEBUG: Total dvariable address used is 1985248 out of 50000000
DEBUG: Total gradient stack used is 123588 out of 10000000
DEBUG: Total dvariable address used is 1964 out of 150000
DEBUG: Total dvariable address used is 1985248 out of 50000000
DEBUG: Total gradient stack used is 123588 out of 10000000
DEBUG: Total dvariable address used is 1964 out of 150000
DEBUG: Total dvariable address used is 1985248 out of 50000000
DEBUG: Total gradient stack used is 123588 out of 10000000
DEBUG: Total dvariable address used is 1964 out of 150000
DEBUG: Total dvariable address used is 1985248 out of 50000000
DEBUG: Total gradient stack used is 123588 out of 10000000
DEBUG: Total dvariable address used is 1964 out of 150000
DEBUG: Total dvariable address used is 1985248 out of 50000000
DEBUG: Total gradient stack used is 123588 out of 10000000
DEBUG: Total dvariable address used is 1964 out of 150000
DEBUG: Total dvariable address used is 1985248 out of 50000000
DEBUG: Total gradient stack used is 123588 out of 10000000
DEBUG: Total dvariable address used is 1964 out of 150000
DEBUG: Total dvariable address used is 1985248 out of 50000000
DEBUG: Total gradient stack used is 123588 out of 10000000
DEBUG: Total dvariable address used is 1964 out of 150000
DEBUG: Total dvariable address used is 1985248 out of 50000000
DEBUG: Total gradient stack used is 123588 out of 10000000
DEBUG: Total dvariable address used is 1964 out of 150000
DEBUG: Total dvariable address used is 1985248 out of 50000000
DEBUG: Total gradient stack used is 123588 out of 10000000
DEBUG: Total dvariable address used is 1964 out of 150000
DEBUG: Total dvariable address used is 1985248 out of 50000000
DEBUG: Total gradient stack used is 123588 out of 10000000
DEBUG: Total dvariable address used is 1964 out of 150000
DEBUG: Total dvariable address used is 1985248 out of 50000000
DEBUG: Total gradient stack used is 123588 out of 10000000
DEBUG: Total dvariable address used is 1964 out of 150000
DEBUG: Total dvariable address used is 1985248 out of 50000000
DEBUG: Total gradient stack used is 123588 out of 10000000
DEBUG: Total dvariable address used is 1964 out of 150000
DEBUG: Total dvariable address used is 1985248 out of 50000000
DEBUG: Total gradient stack used is 123588 out of 10000000
DEBUG: Total dvariable address used is 1964 out of 150000
DEBUG: Total dvariable address used is 1985248 out of 50000000
DEBUG: Total gradient stack used is 123588 out of 10000000
DEBUG: Total dvariable address used is 1964 out of 150000
DEBUG: Total dvariable address used is 1985248 out of 50000000
DEBUG: Total gradient stack used is 123588 out of 10000000
DEBUG: Total dvariable address used is 1964 out of 150000
DEBUG: Total dvariable address used is 1985248 out of 50000000
DEBUG: Total gradient stack used is 123588 out of 10000000
DEBUG: Total dvariable address used is 1964 out of 150000
DEBUG: Total dvariable address used is 1985248 out of 50000000
DEBUG: Total gradient stack used is 123588 out of 10000000
DEBUG: Total dvariable address used is 1964 out of 150000
DEBUG: Total dvariable address used is 1985248 out of 50000000
phase= 1 | nvar=178 | iter= 80 | nll=-1.42e+04 | mag=1.57e+02 | par[  2]=T_pars_est[3]
DEBUG: Total gradient stack used is 123588 out of 10000000
DEBUG: Total dvariable address used is 1964 out of 150000
DEBUG: Total dvariable address used is 1985248 out of 50000000
DEBUG: Total gradient stack used is 123588 out of 10000000
DEBUG: Total dvariable address used is 1964 out of 150000
DEBUG: Total dvariable address used is 1985248 out of 50000000
DEBUG: Total gradient stack used is 123588 out of 10000000
DEBUG: Total dvariable address used is 1964 out of 150000
DEBUG: Total dvariable address used is 1985248 out of 50000000
DEBUG: Total gradient stack used is 123588 out of 10000000
DEBUG: Total dvariable address used is 1964 out of 150000
DEBUG: Total dvariable address used is 1985248 out of 50000000
DEBUG: Total gradient stack used is 123588 out of 10000000
DEBUG: Total dvariable address used is 1964 out of 150000
DEBUG: Total dvariable address used is 1985248 out of 50000000
DEBUG: Total gradient stack used is 123588 out of 10000000
DEBUG: Total dvariable address used is 1964 out of 150000
DEBUG: Total dvariable address used is 1985248 out of 50000000
DEBUG: Total gradient stack used is 123588 out of 10000000
DEBUG: Total dvariable address used is 1964 out of 150000
DEBUG: Total dvariable address used is 1985248 out of 50000000
DEBUG: Total gradient stack used is 123588 out of 10000000
DEBUG: Total dvariable address used is 1964 out of 150000
DEBUG: Total dvariable address used is 1985248 out of 50000000
DEBUG: Total gradient stack used is 123588 out of 10000000
DEBUG: Total dvariable address used is 1964 out of 150000
DEBUG: Total dvariable address used is 1985248 out of 50000000
DEBUG: Total gradient stack used is 123588 out of 10000000
DEBUG: Total dvariable address used is 1964 out of 150000
DEBUG: Total dvariable address used is 1985248 out of 50000000
DEBUG: Total gradient stack used is 123588 out of 10000000
DEBUG: Total dvariable address used is 1964 out of 150000
DEBUG: Total dvariable address used is 1985248 out of 50000000
DEBUG: Total gradient stack used is 123588 out of 10000000
DEBUG: Total dvariable address used is 1964 out of 150000
DEBUG: Total dvariable address used is 1985248 out of 50000000
DEBUG: Total gradient stack used is 123588 out of 10000000
DEBUG: Total dvariable address used is 1964 out of 150000
DEBUG: Total dvariable address used is 1985248 out of 50000000
DEBUG: Total gradient stack used is 123588 out of 10000000
DEBUG: Total dvariable address used is 1964 out of 150000
DEBUG: Total dvariable address used is 1985248 out of 50000000
DEBUG: Total gradient stack used is 123588 out of 10000000
DEBUG: Total dvariable address used is 1964 out of 150000
DEBUG: Total dvariable address used is 1985248 out of 50000000
DEBUG: Total gradient stack used is 123588 out of 10000000
DEBUG: Total dvariable address used is 1964 out of 150000
DEBUG: Total dvariable address used is 1985248 out of 50000000
DEBUG: Total gradient stack used is 123588 out of 10000000
DEBUG: Total dvariable address used is 1964 out of 150000
DEBUG: Total dvariable address used is 1985248 out of 50000000
DEBUG: Total gradient stack used is 123588 out of 10000000
DEBUG: Total dvariable address used is 1964 out of 150000
DEBUG: Total dvariable address used is 1985248 out of 50000000
DEBUG: Total gradient stack used is 123588 out of 10000000
DEBUG: Total dvariable address used is 1964 out of 150000
DEBUG: Total dvariable address used is 1985248 out of 50000000
DEBUG: Total gradient stack used is 123588 out of 10000000
DEBUG: Total dvariable address used is 1964 out of 150000
DEBUG: Total dvariable address used is 1985248 out of 50000000
DEBUG: Total gradient stack used is 123588 out of 10000000
DEBUG: Total dvariable address used is 1964 out of 150000
DEBUG: Total dvariable address used is 1985248 out of 50000000
DEBUG: Total gradient stack used is 123588 out of 10000000
DEBUG: Total dvariable address used is 1964 out of 150000
DEBUG: Total dvariable address used is 1985248 out of 50000000
DEBUG: Total gradient stack used is 123588 out of 10000000
DEBUG: Total dvariable address used is 1964 out of 150000
DEBUG: Total dvariable address used is 1985248 out of 50000000
DEBUG: Total gradient stack used is 123588 out of 10000000
DEBUG: Total dvariable address used is 1964 out of 150000
DEBUG: Total dvariable address used is 1985248 out of 50000000
DEBUG: Total gradient stack used is 123588 out of 10000000
DEBUG: Total dvariable address used is 1964 out of 150000
DEBUG: Total dvariable address used is 1985248 out of 50000000
DEBUG: Total gradient stack used is 123588 out of 10000000
DEBUG: Total dvariable address used is 1964 out of 150000
DEBUG: Total dvariable address used is 1985248 out of 50000000
DEBUG: Total gradient stack used is 123588 out of 10000000
DEBUG: Total dvariable address used is 1964 out of 150000
DEBUG: Total dvariable address used is 1985248 out of 50000000
DEBUG: Total gradient stack used is 123588 out of 10000000
DEBUG: Total dvariable address used is 1964 out of 150000
DEBUG: Total dvariable address used is 1985248 out of 50000000
phase= 1 | nvar=178 | iter=100 | nll=-1.42e+04 | mag=7.44e+00 | par[121]=log_fdev[2][31]
DEBUG: Total gradient stack used is 123588 out of 10000000
DEBUG: Total dvariable address used is 1964 out of 150000
DEBUG: Total dvariable address used is 1985248 out of 50000000
DEBUG: Total gradient stack used is 123588 out of 10000000
DEBUG: Total dvariable address used is 1964 out of 150000
DEBUG: Total dvariable address used is 1985248 out of 50000000
DEBUG: Total gradient stack used is 123588 out of 10000000
DEBUG: Total dvariable address used is 1964 out of 150000
DEBUG: Total dvariable address used is 1985248 out of 50000000
DEBUG: Total gradient stack used is 123588 out of 10000000
DEBUG: Total dvariable address used is 1964 out of 150000
DEBUG: Total dvariable address used is 1985248 out of 50000000
DEBUG: Total gradient stack used is 123588 out of 10000000
DEBUG: Total dvariable address used is 1964 out of 150000
DEBUG: Total dvariable address used is 1985248 out of 50000000
DEBUG: Total gradient stack used is 123588 out of 10000000
DEBUG: Total dvariable address used is 1964 out of 150000
DEBUG: Total dvariable address used is 1985248 out of 50000000
DEBUG: Total gradient stack used is 123588 out of 10000000
DEBUG: Total dvariable address used is 1964 out of 150000
DEBUG: Total dvariable address used is 1985248 out of 50000000
DEBUG: Total gradient stack used is 123588 out of 10000000
DEBUG: Total dvariable address used is 1964 out of 150000
DEBUG: Total dvariable address used is 1985248 out of 50000000
DEBUG: Total gradient stack used is 123588 out of 10000000
DEBUG: Total dvariable address used is 1964 out of 150000
DEBUG: Total dvariable address used is 1985248 out of 50000000
DEBUG: Total gradient stack used is 123588 out of 10000000
DEBUG: Total dvariable address used is 1964 out of 150000
DEBUG: Total dvariable address used is 1985248 out of 50000000
DEBUG: Total gradient stack used is 123588 out of 10000000
DEBUG: Total dvariable address used is 1964 out of 150000
DEBUG: Total dvariable address used is 1985248 out of 50000000
DEBUG: Total gradient stack used is 123588 out of 10000000
DEBUG: Total dvariable address used is 1964 out of 150000
DEBUG: Total dvariable address used is 1985248 out of 50000000
DEBUG: Total gradient stack used is 123588 out of 10000000
DEBUG: Total dvariable address used is 1964 out of 150000
DEBUG: Total dvariable address used is 1985248 out of 50000000
DEBUG: Total gradient stack used is 123588 out of 10000000
DEBUG: Total dvariable address used is 1964 out of 150000
DEBUG: Total dvariable address used is 1985248 out of 50000000
DEBUG: Total gradient stack used is 123588 out of 10000000
DEBUG: Total dvariable address used is 1964 out of 150000
DEBUG: Total dvariable address used is 1985248 out of 50000000
DEBUG: Total gradient stack used is 123588 out of 10000000
DEBUG: Total dvariable address used is 1964 out of 150000
DEBUG: Total dvariable address used is 1985248 out of 50000000
DEBUG: Total gradient stack used is 123588 out of 10000000
DEBUG: Total dvariable address used is 1964 out of 150000
DEBUG: Total dvariable address used is 1985248 out of 50000000
DEBUG: Total gradient stack used is 123588 out of 10000000
DEBUG: Total dvariable address used is 1964 out of 150000
DEBUG: Total dvariable address used is 1985248 out of 50000000
DEBUG: Total gradient stack used is 123588 out of 10000000
DEBUG: Total dvariable address used is 1964 out of 150000
DEBUG: Total dvariable address used is 1985248 out of 50000000
DEBUG: Total gradient stack used is 123588 out of 10000000
DEBUG: Total dvariable address used is 1964 out of 150000
DEBUG: Total dvariable address used is 1985248 out of 50000000
DEBUG: Total gradient stack used is 123588 out of 10000000
DEBUG: Total dvariable address used is 1964 out of 150000
DEBUG: Total dvariable address used is 1985248 out of 50000000
DEBUG: Total gradient stack used is 123588 out of 10000000
DEBUG: Total dvariable address used is 1964 out of 150000
DEBUG: Total dvariable address used is 1985248 out of 50000000
DEBUG: Total gradient stack used is 123588 out of 10000000
DEBUG: Total dvariable address used is 1964 out of 150000
DEBUG: Total dvariable address used is 1985248 out of 50000000
DEBUG: Total gradient stack used is 123588 out of 10000000
DEBUG: Total dvariable address used is 1964 out of 150000
DEBUG: Total dvariable address used is 1985248 out of 50000000
DEBUG: Total gradient stack used is 123588 out of 10000000
DEBUG: Total dvariable address used is 1964 out of 150000
DEBUG: Total dvariable address used is 1985248 out of 50000000
DEBUG: Total gradient stack used is 123588 out of 10000000
DEBUG: Total dvariable address used is 1964 out of 150000
DEBUG: Total dvariable address used is 1985248 out of 50000000
DEBUG: Total gradient stack used is 123588 out of 10000000
DEBUG: Total dvariable address used is 1964 out of 150000
DEBUG: Total dvariable address used is 1985248 out of 50000000
DEBUG: Total gradient stack used is 123588 out of 10000000
DEBUG: Total dvariable address used is 1964 out of 150000
DEBUG: Total dvariable address used is 1985248 out of 50000000
DEBUG: Total gradient stack used is 123588 out of 10000000
DEBUG: Total dvariable address used is 1964 out of 150000
DEBUG: Total dvariable address used is 1985248 out of 50000000
phase= 1 | nvar=178 | iter=120 | nll=-1.42e+04 | mag=2.50e+00 | par[ 99]=log_fdev[2][9]
DEBUG: Total gradient stack used is 123588 out of 10000000
DEBUG: Total dvariable address used is 1964 out of 150000
DEBUG: Total dvariable address used is 1985248 out of 50000000
DEBUG: Total gradient stack used is 123588 out of 10000000
DEBUG: Total dvariable address used is 1964 out of 150000
DEBUG: Total dvariable address used is 1985248 out of 50000000
DEBUG: Total gradient stack used is 123588 out of 10000000
DEBUG: Total dvariable address used is 1964 out of 150000
DEBUG: Total dvariable address used is 1985248 out of 50000000
DEBUG: Total gradient stack used is 123588 out of 10000000
DEBUG: Total dvariable address used is 1964 out of 150000
DEBUG: Total dvariable address used is 1985248 out of 50000000
DEBUG: Total gradient stack used is 123588 out of 10000000
DEBUG: Total dvariable address used is 1964 out of 150000
DEBUG: Total dvariable address used is 1985248 out of 50000000
DEBUG: Total gradient stack used is 123588 out of 10000000
DEBUG: Total dvariable address used is 1964 out of 150000
DEBUG: Total dvariable address used is 1985248 out of 50000000
DEBUG: Total gradient stack used is 123588 out of 10000000
DEBUG: Total dvariable address used is 1964 out of 150000
DEBUG: Total dvariable address used is 1985248 out of 50000000
DEBUG: Total gradient stack used is 123588 out of 10000000
DEBUG: Total dvariable address used is 1964 out of 150000
DEBUG: Total dvariable address used is 1985248 out of 50000000
DEBUG: Total gradient stack used is 123588 out of 10000000
DEBUG: Total dvariable address used is 1964 out of 150000
DEBUG: Total dvariable address used is 1985248 out of 50000000
DEBUG: Total gradient stack used is 123588 out of 10000000
DEBUG: Total dvariable address used is 1964 out of 150000
DEBUG: Total dvariable address used is 1985248 out of 50000000
DEBUG: Total gradient stack used is 123588 out of 10000000
DEBUG: Total dvariable address used is 1964 out of 150000
DEBUG: Total dvariable address used is 1985248 out of 50000000
DEBUG: Total gradient stack used is 123588 out of 10000000
DEBUG: Total dvariable address used is 1964 out of 150000
DEBUG: Total dvariable address used is 1985248 out of 50000000
DEBUG: Total gradient stack used is 123588 out of 10000000
DEBUG: Total dvariable address used is 1964 out of 150000
DEBUG: Total dvariable address used is 1985248 out of 50000000
DEBUG: Total gradient stack used is 123588 out of 10000000
DEBUG: Total dvariable address used is 1964 out of 150000
DEBUG: Total dvariable address used is 1985248 out of 50000000
DEBUG: Total gradient stack used is 123588 out of 10000000
DEBUG: Total dvariable address used is 1964 out of 150000
DEBUG: Total dvariable address used is 1985248 out of 50000000
DEBUG: Total gradient stack used is 123588 out of 10000000
DEBUG: Total dvariable address used is 1964 out of 150000
DEBUG: Total dvariable address used is 1985248 out of 50000000
DEBUG: Total gradient stack used is 123588 out of 10000000
DEBUG: Total dvariable address used is 1964 out of 150000
DEBUG: Total dvariable address used is 1985248 out of 50000000
DEBUG: Total gradient stack used is 123588 out of 10000000
DEBUG: Total dvariable address used is 1964 out of 150000
DEBUG: Total dvariable address used is 1985248 out of 50000000
DEBUG: Total gradient stack used is 123588 out of 10000000
DEBUG: Total dvariable address used is 1964 out of 150000
DEBUG: Total dvariable address used is 1985248 out of 50000000
DEBUG: Total gradient stack used is 123588 out of 10000000
DEBUG: Total dvariable address used is 1964 out of 150000
DEBUG: Total dvariable address used is 1985248 out of 50000000
DEBUG: Total gradient stack used is 123588 out of 10000000
DEBUG: Total dvariable address used is 1964 out of 150000
DEBUG: Total dvariable address used is 1985248 out of 50000000
DEBUG: Total gradient stack used is 123588 out of 10000000
DEBUG: Total dvariable address used is 1964 out of 150000
DEBUG: Total dvariable address used is 1985248 out of 50000000
DEBUG: Total gradient stack used is 123588 out of 10000000
DEBUG: Total dvariable address used is 1964 out of 150000
DEBUG: Total dvariable address used is 1985248 out of 50000000
DEBUG: Total gradient stack used is 123588 out of 10000000
DEBUG: Total dvariable address used is 1964 out of 150000
DEBUG: Total dvariable address used is 1985248 out of 50000000
DEBUG: Total gradient stack used is 123588 out of 10000000
DEBUG: Total dvariable address used is 1964 out of 150000
DEBUG: Total dvariable address used is 1985248 out of 50000000
DEBUG: Total gradient stack used is 123588 out of 10000000
DEBUG: Total dvariable address used is 1964 out of 150000
DEBUG: Total dvariable address used is 1985248 out of 50000000
DEBUG: Total gradient stack used is 123588 out of 10000000
DEBUG: Total dvariable address used is 1964 out of 150000
DEBUG: Total dvariable address used is 1985248 out of 50000000
DEBUG: Total gradient stack used is 123588 out of 10000000
DEBUG: Total dvariable address used is 1964 out of 150000
DEBUG: Total dvariable address used is 1985248 out of 50000000
DEBUG: Total gradient stack used is 123588 out of 10000000
DEBUG: Total dvariable address used is 1964 out of 150000
DEBUG: Total dvariable address used is 1985248 out of 50000000
phase= 1 | nvar=178 | iter=140 | nll=-1.42e+04 | mag=9.28e-01 | par[  2]=T_pars_est[3]
DEBUG: Total gradient stack used is 123588 out of 10000000
DEBUG: Total dvariable address used is 1964 out of 150000
DEBUG: Total dvariable address used is 1985248 out of 50000000
DEBUG: Total gradient stack used is 123588 out of 10000000
DEBUG: Total dvariable address used is 1964 out of 150000
DEBUG: Total dvariable address used is 1985248 out of 50000000
DEBUG: Total gradient stack used is 123588 out of 10000000
DEBUG: Total dvariable address used is 1964 out of 150000
DEBUG: Total dvariable address used is 1985248 out of 50000000
DEBUG: Total gradient stack used is 123588 out of 10000000
DEBUG: Total dvariable address used is 1964 out of 150000
DEBUG: Total dvariable address used is 1985248 out of 50000000
DEBUG: Total gradient stack used is 123588 out of 10000000
DEBUG: Total dvariable address used is 1964 out of 150000
DEBUG: Total dvariable address used is 1985248 out of 50000000
DEBUG: Total gradient stack used is 123588 out of 10000000
DEBUG: Total dvariable address used is 1964 out of 150000
DEBUG: Total dvariable address used is 1985248 out of 50000000
DEBUG: Total gradient stack used is 123588 out of 10000000
DEBUG: Total dvariable address used is 1964 out of 150000
DEBUG: Total dvariable address used is 1985248 out of 50000000
DEBUG: Total gradient stack used is 123588 out of 10000000
DEBUG: Total dvariable address used is 1964 out of 150000
DEBUG: Total dvariable address used is 1985248 out of 50000000
DEBUG: Total gradient stack used is 123588 out of 10000000
DEBUG: Total dvariable address used is 1964 out of 150000
DEBUG: Total dvariable address used is 1985248 out of 50000000
DEBUG: Total gradient stack used is 123588 out of 10000000
DEBUG: Total dvariable address used is 1964 out of 150000
DEBUG: Total dvariable address used is 1985248 out of 50000000
DEBUG: Total gradient stack used is 123588 out of 10000000
DEBUG: Total dvariable address used is 1964 out of 150000
DEBUG: Total dvariable address used is 1985248 out of 50000000
DEBUG: Total gradient stack used is 123588 out of 10000000
DEBUG: Total dvariable address used is 1964 out of 150000
DEBUG: Total dvariable address used is 1985248 out of 50000000
DEBUG: Total gradient stack used is 123588 out of 10000000
DEBUG: Total dvariable address used is 1964 out of 150000
DEBUG: Total dvariable address used is 1985248 out of 50000000
DEBUG: Total gradient stack used is 123588 out of 10000000
DEBUG: Total dvariable address used is 1964 out of 150000
DEBUG: Total dvariable address used is 1985248 out of 50000000
DEBUG: Total gradient stack used is 123588 out of 10000000
DEBUG: Total dvariable address used is 1964 out of 150000
DEBUG: Total dvariable address used is 1985248 out of 50000000
DEBUG: Total gradient stack used is 123588 out of 10000000
DEBUG: Total dvariable address used is 1964 out of 150000
DEBUG: Total dvariable address used is 1985248 out of 50000000
DEBUG: Total gradient stack used is 123588 out of 10000000
DEBUG: Total dvariable address used is 1964 out of 150000
DEBUG: Total dvariable address used is 1985248 out of 50000000
DEBUG: Total gradient stack used is 123588 out of 10000000
DEBUG: Total dvariable address used is 1964 out of 150000
DEBUG: Total dvariable address used is 1985248 out of 50000000
DEBUG: Total gradient stack used is 123588 out of 10000000
DEBUG: Total dvariable address used is 1964 out of 150000
DEBUG: Total dvariable address used is 1985248 out of 50000000
DEBUG: Total gradient stack used is 123588 out of 10000000
DEBUG: Total dvariable address used is 1964 out of 150000
DEBUG: Total dvariable address used is 1985248 out of 50000000
DEBUG: Total gradient stack used is 123588 out of 10000000
DEBUG: Total dvariable address used is 1964 out of 150000
DEBUG: Total dvariable address used is 1985248 out of 50000000
DEBUG: Total gradient stack used is 123588 out of 10000000
DEBUG: Total dvariable address used is 1964 out of 150000
DEBUG: Total dvariable address used is 1985248 out of 50000000
DEBUG: Total gradient stack used is 123588 out of 10000000
DEBUG: Total dvariable address used is 1964 out of 150000
DEBUG: Total dvariable address used is 1985248 out of 50000000
DEBUG: Total gradient stack used is 123588 out of 10000000
DEBUG: Total dvariable address used is 1964 out of 150000
DEBUG: Total dvariable address used is 1985248 out of 50000000
DEBUG: Total gradient stack used is 123588 out of 10000000
DEBUG: Total dvariable address used is 1964 out of 150000
DEBUG: Total dvariable address used is 1985248 out of 50000000
DEBUG: Total gradient stack used is 123588 out of 10000000
DEBUG: Total dvariable address used is 1964 out of 150000
DEBUG: Total dvariable address used is 1985248 out of 50000000
DEBUG: Total gradient stack used is 123588 out of 10000000
DEBUG: Total dvariable address used is 1964 out of 150000
DEBUG: Total dvariable address used is 1985248 out of 50000000
DEBUG: Total gradient stack used is 123588 out of 10000000
DEBUG: Total dvariable address used is 1964 out of 150000
DEBUG: Total dvariable address used is 1985248 out of 50000000
DEBUG: Total gradient stack used is 123588 out of 10000000
DEBUG: Total dvariable address used is 1964 out of 150000
DEBUG: Total dvariable address used is 1985248 out of 50000000
DEBUG: Total gradient stack used is 123588 out of 10000000
DEBUG: Total dvariable address used is 1964 out of 150000
DEBUG: Total dvariable address used is 1985248 out of 50000000
DEBUG: Total gradient stack used is 123588 out of 10000000
DEBUG: Total dvariable address used is 1964 out of 150000
DEBUG: Total dvariable address used is 1985248 out of 50000000
DEBUG: Total gradient stack used is 123588 out of 10000000
DEBUG: Total dvariable address used is 1964 out of 150000
DEBUG: Total dvariable address used is 1985248 out of 50000000
DEBUG: Total gradient stack used is 123588 out of 10000000
DEBUG: Total dvariable address used is 1964 out of 150000
DEBUG: Total dvariable address used is 1985248 out of 50000000
DEBUG: Total gradient stack used is 123588 out of 10000000
DEBUG: Total dvariable address used is 1964 out of 150000
DEBUG: Total dvariable address used is 1985248 out of 50000000
DEBUG: Total gradient stack used is 123588 out of 10000000
DEBUG: Total dvariable address used is 1964 out of 150000
DEBUG: Total dvariable address used is 1985248 out of 50000000
phase= 1 | nvar=178 | iter=160 | nll=-1.42e+04 | mag=2.87e-01 | par[  2]=T_pars_est[3]
DEBUG: Total gradient stack used is 123588 out of 10000000
DEBUG: Total dvariable address used is 1964 out of 150000
DEBUG: Total dvariable address used is 1985248 out of 50000000
DEBUG: Total gradient stack used is 123588 out of 10000000
DEBUG: Total dvariable address used is 1964 out of 150000
DEBUG: Total dvariable address used is 1985248 out of 50000000
DEBUG: Total gradient stack used is 123588 out of 10000000
DEBUG: Total dvariable address used is 1964 out of 150000
DEBUG: Total dvariable address used is 1985248 out of 50000000
DEBUG: Total gradient stack used is 123588 out of 10000000
DEBUG: Total dvariable address used is 1964 out of 150000
DEBUG: Total dvariable address used is 1985248 out of 50000000
DEBUG: Total gradient stack used is 123588 out of 10000000
DEBUG: Total dvariable address used is 1964 out of 150000
DEBUG: Total dvariable address used is 1985248 out of 50000000
DEBUG: Total gradient stack used is 123588 out of 10000000
DEBUG: Total dvariable address used is 1964 out of 150000
DEBUG: Total dvariable address used is 1985248 out of 50000000
DEBUG: Total gradient stack used is 123588 out of 10000000
DEBUG: Total dvariable address used is 1964 out of 150000
DEBUG: Total dvariable address used is 1985248 out of 50000000
DEBUG: Total gradient stack used is 123588 out of 10000000
DEBUG: Total dvariable address used is 1964 out of 150000
DEBUG: Total dvariable address used is 1985248 out of 50000000
DEBUG: Total gradient stack used is 123588 out of 10000000
DEBUG: Total dvariable address used is 1964 out of 150000
DEBUG: Total dvariable address used is 1985248 out of 50000000
DEBUG: Total gradient stack used is 123588 out of 10000000
DEBUG: Total dvariable address used is 1964 out of 150000
DEBUG: Total dvariable address used is 1985248 out of 50000000
DEBUG: Total gradient stack used is 123588 out of 10000000
DEBUG: Total dvariable address used is 1964 out of 150000
DEBUG: Total dvariable address used is 1985248 out of 50000000
DEBUG: Total gradient stack used is 123588 out of 10000000
DEBUG: Total dvariable address used is 1964 out of 150000
DEBUG: Total dvariable address used is 1985248 out of 50000000
DEBUG: Total gradient stack used is 123588 out of 10000000
DEBUG: Total dvariable address used is 1964 out of 150000
DEBUG: Total dvariable address used is 1985248 out of 50000000
DEBUG: Total gradient stack used is 123588 out of 10000000
DEBUG: Total dvariable address used is 1964 out of 150000
DEBUG: Total dvariable address used is 1985248 out of 50000000
DEBUG: Total gradient stack used is 123588 out of 10000000
DEBUG: Total dvariable address used is 1964 out of 150000
DEBUG: Total dvariable address used is 1985248 out of 50000000
DEBUG: Total gradient stack used is 123588 out of 10000000
DEBUG: Total dvariable address used is 1964 out of 150000
DEBUG: Total dvariable address used is 1985248 out of 50000000
DEBUG: Total gradient stack used is 123588 out of 10000000
DEBUG: Total dvariable address used is 1964 out of 150000
DEBUG: Total dvariable address used is 1985248 out of 50000000
DEBUG: Total gradient stack used is 123588 out of 10000000
DEBUG: Total dvariable address used is 1964 out of 150000
DEBUG: Total dvariable address used is 1985248 out of 50000000
DEBUG: Total gradient stack used is 123588 out of 10000000
DEBUG: Total dvariable address used is 1964 out of 150000
DEBUG: Total dvariable address used is 1985248 out of 50000000
DEBUG: Total gradient stack used is 123588 out of 10000000
DEBUG: Total dvariable address used is 1964 out of 150000
DEBUG: Total dvariable address used is 1985248 out of 50000000
DEBUG: Total gradient stack used is 123588 out of 10000000
DEBUG: Total dvariable address used is 1964 out of 150000
DEBUG: Total dvariable address used is 1985248 out of 50000000
DEBUG: Total gradient stack used is 123588 out of 10000000
DEBUG: Total dvariable address used is 1964 out of 150000
DEBUG: Total dvariable address used is 1985248 out of 50000000
DEBUG: Total gradient stack used is 123588 out of 10000000
DEBUG: Total dvariable address used is 1964 out of 150000
DEBUG: Total dvariable address used is 1985248 out of 50000000
DEBUG: Total gradient stack used is 123588 out of 10000000
DEBUG: Total dvariable address used is 1964 out of 150000
DEBUG: Total dvariable address used is 1985248 out of 50000000
DEBUG: Total gradient stack used is 123588 out of 10000000
DEBUG: Total dvariable address used is 1964 out of 150000
DEBUG: Total dvariable address used is 1985248 out of 50000000
DEBUG: Total gradient stack used is 123588 out of 10000000
DEBUG: Total dvariable address used is 1964 out of 150000
DEBUG: Total dvariable address used is 1985248 out of 50000000
DEBUG: Total gradient stack used is 123588 out of 10000000
DEBUG: Total dvariable address used is 1964 out of 150000
DEBUG: Total dvariable address used is 1985248 out of 50000000
DEBUG: Total gradient stack used is 123588 out of 10000000
DEBUG: Total dvariable address used is 1964 out of 150000
DEBUG: Total dvariable address used is 1985248 out of 50000000
DEBUG: Total gradient stack used is 123588 out of 10000000
DEBUG: Total dvariable address used is 1964 out of 150000
DEBUG: Total dvariable address used is 1985248 out of 50000000
DEBUG: Total gradient stack used is 123588 out of 10000000
DEBUG: Total dvariable address used is 1964 out of 150000
DEBUG: Total dvariable address used is 1985248 out of 50000000
DEBUG: Total gradient stack used is 123588 out of 10000000
DEBUG: Total dvariable address used is 1964 out of 150000
DEBUG: Total dvariable address used is 1985248 out of 50000000
DEBUG: Total gradient stack used is 123588 out of 10000000
DEBUG: Total dvariable address used is 1964 out of 150000
DEBUG: Total dvariable address used is 1985248 out of 50000000
DEBUG: Total gradient stack used is 123588 out of 10000000
DEBUG: Total dvariable address used is 1964 out of 150000
DEBUG: Total dvariable address used is 1985248 out of 50000000
DEBUG: Total gradient stack used is 123588 out of 10000000
DEBUG: Total dvariable address used is 1964 out of 150000
DEBUG: Total dvariable address used is 1985248 out of 50000000
phase= 1 | nvar=178 | iter=180 | nll=-1.42e+04 | mag=7.92e-03 | par[  2]=T_pars_est[3]
DEBUG: Total gradient stack used is 0 out of 10000000
DEBUG: Total dvariable address used is 1964 out of 150000
DEBUG: Total dvariable address used is 1985248 out of 50000000
Starting REPORT_SECTION
+--------------------------+
| Beginning report section |
+--------------------------+
Finished WriteFiles
REPORT_SECTION: finished CreateOutput
REPORT_SECTION: finished save_gradients
Finished REPORT_SECTION

#--BETWEEN_PHASES_SECTION---------------------
#----Starting phase 2 of 4
Finished BETWEEN_PHASES_SECTION
----------------------------------------------
DEBUG: Total gradient stack used is 123588 out of 10000000
DEBUG: Total dvariable address used is 1964 out of 150000
DEBUG: Total dvariable address used is 2123368 out of 50000000
phase= 2 | nvar=178 | iter=  0 | nll=-1.42e+04 | mag=7.92e-03 | par[  2]=T_pars_est[3]
DEBUG: Total gradient stack used is 0 out of 10000000
DEBUG: Total dvariable address used is 1964 out of 150000
DEBUG: Total dvariable address used is 2123368 out of 50000000
Starting REPORT_SECTION
+--------------------------+
| Beginning report section |
+--------------------------+
Finished WriteFiles
REPORT_SECTION: finished CreateOutput
REPORT_SECTION: finished save_gradients
Finished REPORT_SECTION

#--BETWEEN_PHASES_SECTION---------------------
#----Starting phase 3 of 4
Finished BETWEEN_PHASES_SECTION
----------------------------------------------
DEBUG: Total gradient stack used is 232011 out of 10000000
DEBUG: Total dvariable address used is 1972 out of 150000
DEBUG: Total dvariable address used is 2123368 out of 50000000
phase= 3 | nvar=224 | iter=  0 | nll=-1.42e+04 | mag=6.07e+01 | par[ 48]=G_pars_est[2]
DEBUG: Total gradient stack used is 232247 out of 10000000
DEBUG: Total dvariable address used is 1972 out of 150000
DEBUG: Total dvariable address used is 2123368 out of 50000000
DEBUG: Total gradient stack used is 232011 out of 10000000
DEBUG: Total dvariable address used is 1972 out of 150000
DEBUG: Total dvariable address used is 2123368 out of 50000000
DEBUG: Total gradient stack used is 232011 out of 10000000
DEBUG: Total dvariable address used is 1972 out of 150000
DEBUG: Total dvariable address used is 2123368 out of 50000000
DEBUG: Total gradient stack used is 232011 out of 10000000
DEBUG: Total dvariable address used is 1972 out of 150000
DEBUG: Total dvariable address used is 2123368 out of 50000000
DEBUG: Total gradient stack used is 232011 out of 10000000
DEBUG: Total dvariable address used is 1972 out of 150000
DEBUG: Total dvariable address used is 2123368 out of 50000000
DEBUG: Total gradient stack used is 232011 out of 10000000
DEBUG: Total dvariable address used is 1972 out of 150000
DEBUG: Total dvariable address used is 2123368 out of 50000000
DEBUG: Total gradient stack used is 232011 out of 10000000
DEBUG: Total dvariable address used is 1972 out of 150000
DEBUG: Total dvariable address used is 2123368 out of 50000000
DEBUG: Total gradient stack used is 232011 out of 10000000
DEBUG: Total dvariable address used is 1972 out of 150000
DEBUG: Total dvariable address used is 2123368 out of 50000000
DEBUG: Total gradient stack used is 232014 out of 10000000
DEBUG: Total dvariable address used is 1972 out of 150000
DEBUG: Total dvariable address used is 2123368 out of 50000000
DEBUG: Total gradient stack used is 232014 out of 10000000
DEBUG: Total dvariable address used is 1972 out of 150000
DEBUG: Total dvariable address used is 2123368 out of 50000000
DEBUG: Total gradient stack used is 232014 out of 10000000
DEBUG: Total dvariable address used is 1972 out of 150000
DEBUG: Total dvariable address used is 2123368 out of 50000000
DEBUG: Total gradient stack used is 232014 out of 10000000
DEBUG: Total dvariable address used is 1972 out of 150000
DEBUG: Total dvariable address used is 2123368 out of 50000000
DEBUG: Total gradient stack used is 232011 out of 10000000
DEBUG: Total dvariable address used is 1972 out of 150000
DEBUG: Total dvariable address used is 2123368 out of 50000000
DEBUG: Total gradient stack used is 232011 out of 10000000
DEBUG: Total dvariable address used is 1972 out of 150000
DEBUG: Total dvariable address used is 2123368 out of 50000000
DEBUG: Total gradient stack used is 232011 out of 10000000
DEBUG: Total dvariable address used is 1972 out of 150000
DEBUG: Total dvariable address used is 2123368 out of 50000000
DEBUG: Total gradient stack used is 232011 out of 10000000
DEBUG: Total dvariable address used is 1972 out of 150000
DEBUG: Total dvariable address used is 2123368 out of 50000000
DEBUG: Total gradient stack used is 232011 out of 10000000
DEBUG: Total dvariable address used is 1972 out of 150000
DEBUG: Total dvariable address used is 2123368 out of 50000000
DEBUG: Total gradient stack used is 232011 out of 10000000
DEBUG: Total dvariable address used is 1972 out of 150000
DEBUG: Total dvariable address used is 2123368 out of 50000000
DEBUG: Total gradient stack used is 232011 out of 10000000
DEBUG: Total dvariable address used is 1972 out of 150000
DEBUG: Total dvariable address used is 2123368 out of 50000000
DEBUG: Total gradient stack used is 232011 out of 10000000
DEBUG: Total dvariable address used is 1972 out of 150000
DEBUG: Total dvariable address used is 2123368 out of 50000000
DEBUG: Total gradient stack used is 232011 out of 10000000
DEBUG: Total dvariable address used is 1972 out of 150000
DEBUG: Total dvariable address used is 2123368 out of 50000000
DEBUG: Total gradient stack used is 232011 out of 10000000
DEBUG: Total dvariable address used is 1972 out of 150000
DEBUG: Total dvariable address used is 2123368 out of 50000000
DEBUG: Total gradient stack used is 232011 out of 10000000
DEBUG: Total dvariable address used is 1972 out of 150000
DEBUG: Total dvariable address used is 2123368 out of 50000000
phase= 3 | nvar=224 | iter= 20 | nll=-1.42e+04 | mag=3.11e+01 | par[  1]=T_pars_est[2]
DEBUG: Total gradient stack used is 232011 out of 10000000
DEBUG: Total dvariable address used is 1972 out of 150000
DEBUG: Total dvariable address used is 2123368 out of 50000000
DEBUG: Total gradient stack used is 232011 out of 10000000
DEBUG: Total dvariable address used is 1972 out of 150000
DEBUG: Total dvariable address used is 2123368 out of 50000000
DEBUG: Total gradient stack used is 232011 out of 10000000
DEBUG: Total dvariable address used is 1972 out of 150000
DEBUG: Total dvariable address used is 2123368 out of 50000000
DEBUG: Total gradient stack used is 232011 out of 10000000
DEBUG: Total dvariable address used is 1972 out of 150000
DEBUG: Total dvariable address used is 2123368 out of 50000000
DEBUG: Total gradient stack used is 232011 out of 10000000
DEBUG: Total dvariable address used is 1972 out of 150000
DEBUG: Total dvariable address used is 2123368 out of 50000000
DEBUG: Total gradient stack used is 232011 out of 10000000
DEBUG: Total dvariable address used is 1972 out of 150000
DEBUG: Total dvariable address used is 2123368 out of 50000000
DEBUG: Total gradient stack used is 232011 out of 10000000
DEBUG: Total dvariable address used is 1972 out of 150000
DEBUG: Total dvariable address used is 2123368 out of 50000000
DEBUG: Total gradient stack used is 232011 out of 10000000
DEBUG: Total dvariable address used is 1972 out of 150000
DEBUG: Total dvariable address used is 2123368 out of 50000000
DEBUG: Total gradient stack used is 232011 out of 10000000
DEBUG: Total dvariable address used is 1972 out of 150000
DEBUG: Total dvariable address used is 2123368 out of 50000000
DEBUG: Total gradient stack used is 232011 out of 10000000
DEBUG: Total dvariable address used is 1972 out of 150000
DEBUG: Total dvariable address used is 2123368 out of 50000000
DEBUG: Total gradient stack used is 232011 out of 10000000
DEBUG: Total dvariable address used is 1972 out of 150000
DEBUG: Total dvariable address used is 2123368 out of 50000000
DEBUG: Total gradient stack used is 232011 out of 10000000
DEBUG: Total dvariable address used is 1972 out of 150000
DEBUG: Total dvariable address used is 2123368 out of 50000000
DEBUG: Total gradient stack used is 232011 out of 10000000
DEBUG: Total dvariable address used is 1972 out of 150000
DEBUG: Total dvariable address used is 2123368 out of 50000000
DEBUG: Total gradient stack used is 232011 out of 10000000
DEBUG: Total dvariable address used is 1972 out of 150000
DEBUG: Total dvariable address used is 2123368 out of 50000000
DEBUG: Total gradient stack used is 232011 out of 10000000
DEBUG: Total dvariable address used is 1972 out of 150000
DEBUG: Total dvariable address used is 2123368 out of 50000000
DEBUG: Total gradient stack used is 232011 out of 10000000
DEBUG: Total dvariable address used is 1972 out of 150000
DEBUG: Total dvariable address used is 2123368 out of 50000000
DEBUG: Total gradient stack used is 232011 out of 10000000
DEBUG: Total dvariable address used is 1972 out of 150000
DEBUG: Total dvariable address used is 2123368 out of 50000000
DEBUG: Total gradient stack used is 232011 out of 10000000
DEBUG: Total dvariable address used is 1972 out of 150000
DEBUG: Total dvariable address used is 2123368 out of 50000000
DEBUG: Total gradient stack used is 232011 out of 10000000
DEBUG: Total dvariable address used is 1972 out of 150000
DEBUG: Total dvariable address used is 2123368 out of 50000000
DEBUG: Total gradient stack used is 232011 out of 10000000
DEBUG: Total dvariable address used is 1972 out of 150000
DEBUG: Total dvariable address used is 2123368 out of 50000000
phase= 3 | nvar=224 | iter= 40 | nll=-1.42e+04 | mag=3.10e+01 | par[  1]=T_pars_est[2]
DEBUG: Total gradient stack used is 232011 out of 10000000
DEBUG: Total dvariable address used is 1972 out of 150000
DEBUG: Total dvariable address used is 2123368 out of 50000000
DEBUG: Total gradient stack used is 232011 out of 10000000
DEBUG: Total dvariable address used is 1972 out of 150000
DEBUG: Total dvariable address used is 2123368 out of 50000000
DEBUG: Total gradient stack used is 232011 out of 10000000
DEBUG: Total dvariable address used is 1972 out of 150000
DEBUG: Total dvariable address used is 2123368 out of 50000000
DEBUG: Total gradient stack used is 232011 out of 10000000
DEBUG: Total dvariable address used is 1972 out of 150000
DEBUG: Total dvariable address used is 2123368 out of 50000000
DEBUG: Total gradient stack used is 232011 out of 10000000
DEBUG: Total dvariable address used is 1972 out of 150000
DEBUG: Total dvariable address used is 2123368 out of 50000000
DEBUG: Total gradient stack used is 232011 out of 10000000
DEBUG: Total dvariable address used is 1972 out of 150000
DEBUG: Total dvariable address used is 2123368 out of 50000000
DEBUG: Total gradient stack used is 232011 out of 10000000
DEBUG: Total dvariable address used is 1972 out of 150000
DEBUG: Total dvariable address used is 2123368 out of 50000000
DEBUG: Total gradient stack used is 232011 out of 10000000
DEBUG: Total dvariable address used is 1972 out of 150000
DEBUG: Total dvariable address used is 2123368 out of 50000000
DEBUG: Total gradient stack used is 232011 out of 10000000
DEBUG: Total dvariable address used is 1972 out of 150000
DEBUG: Total dvariable address used is 2123368 out of 50000000
DEBUG: Total gradient stack used is 232011 out of 10000000
DEBUG: Total dvariable address used is 1972 out of 150000
DEBUG: Total dvariable address used is 2123368 out of 50000000
DEBUG: Total gradient stack used is 232011 out of 10000000
DEBUG: Total dvariable address used is 1972 out of 150000
DEBUG: Total dvariable address used is 2123368 out of 50000000
DEBUG: Total gradient stack used is 232011 out of 10000000
DEBUG: Total dvariable address used is 1972 out of 150000
DEBUG: Total dvariable address used is 2123368 out of 50000000
DEBUG: Total gradient stack used is 232011 out of 10000000
DEBUG: Total dvariable address used is 1972 out of 150000
DEBUG: Total dvariable address used is 2123368 out of 50000000
DEBUG: Total gradient stack used is 232011 out of 10000000
DEBUG: Total dvariable address used is 1972 out of 150000
DEBUG: Total dvariable address used is 2123368 out of 50000000
DEBUG: Total gradient stack used is 232011 out of 10000000
DEBUG: Total dvariable address used is 1972 out of 150000
DEBUG: Total dvariable address used is 2123368 out of 50000000
DEBUG: Total gradient stack used is 232011 out of 10000000
DEBUG: Total dvariable address used is 1972 out of 150000
DEBUG: Total dvariable address used is 2123368 out of 50000000
DEBUG: Total gradient stack used is 232011 out of 10000000
DEBUG: Total dvariable address used is 1972 out of 150000
DEBUG: Total dvariable address used is 2123368 out of 50000000
DEBUG: Total gradient stack used is 232011 out of 10000000
DEBUG: Total dvariable address used is 1972 out of 150000
DEBUG: Total dvariable address used is 2123368 out of 50000000
DEBUG: Total gradient stack used is 232011 out of 10000000
DEBUG: Total dvariable address used is 1972 out of 150000
DEBUG: Total dvariable address used is 2123368 out of 50000000
DEBUG: Total gradient stack used is 232011 out of 10000000
DEBUG: Total dvariable address used is 1972 out of 150000
DEBUG: Total dvariable address used is 2123368 out of 50000000
DEBUG: Total gradient stack used is 232011 out of 10000000
DEBUG: Total dvariable address used is 1972 out of 150000
DEBUG: Total dvariable address used is 2123368 out of 50000000
phase= 3 | nvar=224 | iter= 60 | nll=-1.42e+04 | mag=3.08e+01 | par[  1]=T_pars_est[2]
DEBUG: Total gradient stack used is 232011 out of 10000000
DEBUG: Total dvariable address used is 1972 out of 150000
DEBUG: Total dvariable address used is 2123368 out of 50000000
DEBUG: Total gradient stack used is 232011 out of 10000000
DEBUG: Total dvariable address used is 1972 out of 150000
DEBUG: Total dvariable address used is 2123368 out of 50000000
DEBUG: Total gradient stack used is 232011 out of 10000000
DEBUG: Total dvariable address used is 1972 out of 150000
DEBUG: Total dvariable address used is 2123368 out of 50000000
DEBUG: Total gradient stack used is 232011 out of 10000000
DEBUG: Total dvariable address used is 1972 out of 150000
DEBUG: Total dvariable address used is 2123368 out of 50000000
DEBUG: Total gradient stack used is 232011 out of 10000000
DEBUG: Total dvariable address used is 1972 out of 150000
DEBUG: Total dvariable address used is 2123368 out of 50000000
DEBUG: Total gradient stack used is 232011 out of 10000000
DEBUG: Total dvariable address used is 1972 out of 150000
DEBUG: Total dvariable address used is 2123368 out of 50000000
DEBUG: Total gradient stack used is 232011 out of 10000000
DEBUG: Total dvariable address used is 1972 out of 150000
DEBUG: Total dvariable address used is 2123368 out of 50000000
DEBUG: Total gradient stack used is 232011 out of 10000000
DEBUG: Total dvariable address used is 1972 out of 150000
DEBUG: Total dvariable address used is 2123368 out of 50000000
DEBUG: Total gradient stack used is 232011 out of 10000000
DEBUG: Total dvariable address used is 1972 out of 150000
DEBUG: Total dvariable address used is 2123368 out of 50000000
DEBUG: Total gradient stack used is 232011 out of 10000000
DEBUG: Total dvariable address used is 1972 out of 150000
DEBUG: Total dvariable address used is 2123368 out of 50000000
DEBUG: Total gradient stack used is 232011 out of 10000000
DEBUG: Total dvariable address used is 1972 out of 150000
DEBUG: Total dvariable address used is 2123368 out of 50000000
DEBUG: Total gradient stack used is 232011 out of 10000000
DEBUG: Total dvariable address used is 1972 out of 150000
DEBUG: Total dvariable address used is 2123368 out of 50000000
DEBUG: Total gradient stack used is 232011 out of 10000000
DEBUG: Total dvariable address used is 1972 out of 150000
DEBUG: Total dvariable address used is 2123368 out of 50000000
DEBUG: Total gradient stack used is 232011 out of 10000000
DEBUG: Total dvariable address used is 1972 out of 150000
DEBUG: Total dvariable address used is 2123368 out of 50000000
DEBUG: Total gradient stack used is 232011 out of 10000000
DEBUG: Total dvariable address used is 1972 out of 150000
DEBUG: Total dvariable address used is 2123368 out of 50000000
DEBUG: Total gradient stack used is 232011 out of 10000000
DEBUG: Total dvariable address used is 1972 out of 150000
DEBUG: Total dvariable address used is 2123368 out of 50000000
DEBUG: Total gradient stack used is 232011 out of 10000000
DEBUG: Total dvariable address used is 1972 out of 150000
DEBUG: Total dvariable address used is 2123368 out of 50000000
DEBUG: Total gradient stack used is 232011 out of 10000000
DEBUG: Total dvariable address used is 1972 out of 150000
DEBUG: Total dvariable address used is 2123368 out of 50000000
DEBUG: Total gradient stack used is 232011 out of 10000000
DEBUG: Total dvariable address used is 1972 out of 150000
DEBUG: Total dvariable address used is 2123368 out of 50000000
DEBUG: Total gradient stack used is 232011 out of 10000000
DEBUG: Total dvariable address used is 1972 out of 150000
DEBUG: Total dvariable address used is 2123368 out of 50000000
phase= 3 | nvar=224 | iter= 80 | nll=-1.42e+04 | mag=3.05e+01 | par[  1]=T_pars_est[2]
DEBUG: Total gradient stack used is 232011 out of 10000000
DEBUG: Total dvariable address used is 1972 out of 150000
DEBUG: Total dvariable address used is 2123368 out of 50000000
DEBUG: Total gradient stack used is 232011 out of 10000000
DEBUG: Total dvariable address used is 1972 out of 150000
DEBUG: Total dvariable address used is 2123368 out of 50000000
DEBUG: Total gradient stack used is 232011 out of 10000000
DEBUG: Total dvariable address used is 1972 out of 150000
DEBUG: Total dvariable address used is 2123368 out of 50000000
DEBUG: Total gradient stack used is 232011 out of 10000000
DEBUG: Total dvariable address used is 1972 out of 150000
DEBUG: Total dvariable address used is 2123368 out of 50000000
DEBUG: Total gradient stack used is 232011 out of 10000000
DEBUG: Total dvariable address used is 1972 out of 150000
DEBUG: Total dvariable address used is 2123368 out of 50000000
DEBUG: Total gradient stack used is 232011 out of 10000000
DEBUG: Total dvariable address used is 1972 out of 150000
DEBUG: Total dvariable address used is 2123368 out of 50000000
DEBUG: Total gradient stack used is 232011 out of 10000000
DEBUG: Total dvariable address used is 1972 out of 150000
DEBUG: Total dvariable address used is 2123368 out of 50000000
DEBUG: Total gradient stack used is 232011 out of 10000000
DEBUG: Total dvariable address used is 1972 out of 150000
DEBUG: Total dvariable address used is 2123368 out of 50000000
DEBUG: Total gradient stack used is 232011 out of 10000000
DEBUG: Total dvariable address used is 1972 out of 150000
DEBUG: Total dvariable address used is 2123368 out of 50000000
DEBUG: Total gradient stack used is 232011 out of 10000000
DEBUG: Total dvariable address used is 1972 out of 150000
DEBUG: Total dvariable address used is 2123368 out of 50000000
DEBUG: Total gradient stack used is 232011 out of 10000000
DEBUG: Total dvariable address used is 1972 out of 150000
DEBUG: Total dvariable address used is 2123368 out of 50000000
DEBUG: Total gradient stack used is 232011 out of 10000000
DEBUG: Total dvariable address used is 1972 out of 150000
DEBUG: Total dvariable address used is 2123368 out of 50000000
DEBUG: Total gradient stack used is 232011 out of 10000000
DEBUG: Total dvariable address used is 1972 out of 150000
DEBUG: Total dvariable address used is 2123368 out of 50000000
DEBUG: Total gradient stack used is 232011 out of 10000000
DEBUG: Total dvariable address used is 1972 out of 150000
DEBUG: Total dvariable address used is 2123368 out of 50000000
DEBUG: Total gradient stack used is 232011 out of 10000000
DEBUG: Total dvariable address used is 1972 out of 150000
DEBUG: Total dvariable address used is 2123368 out of 50000000
DEBUG: Total gradient stack used is 232011 out of 10000000
DEBUG: Total dvariable address used is 1972 out of 150000
DEBUG: Total dvariable address used is 2123368 out of 50000000
DEBUG: Total gradient stack used is 232011 out of 10000000
DEBUG: Total dvariable address used is 1972 out of 150000
DEBUG: Total dvariable address used is 2123368 out of 50000000
DEBUG: Total gradient stack used is 232011 out of 10000000
DEBUG: Total dvariable address used is 1972 out of 150000
DEBUG: Total dvariable address used is 2123368 out of 50000000
DEBUG: Total gradient stack used is 232011 out of 10000000
DEBUG: Total dvariable address used is 1972 out of 150000
DEBUG: Total dvariable address used is 2123368 out of 50000000
DEBUG: Total gradient stack used is 232011 out of 10000000
DEBUG: Total dvariable address used is 1972 out of 150000
DEBUG: Total dvariable address used is 2123368 out of 50000000
phase= 3 | nvar=224 | iter=100 | nll=-1.42e+04 | mag=1.61e+01 | par[  1]=T_pars_est[2]
DEBUG: Total gradient stack used is 232011 out of 10000000
DEBUG: Total dvariable address used is 1972 out of 150000
DEBUG: Total dvariable address used is 2123368 out of 50000000
DEBUG: Total gradient stack used is 232011 out of 10000000
DEBUG: Total dvariable address used is 1972 out of 150000
DEBUG: Total dvariable address used is 2123368 out of 50000000
DEBUG: Total gradient stack used is 232011 out of 10000000
DEBUG: Total dvariable address used is 1972 out of 150000
DEBUG: Total dvariable address used is 2123368 out of 50000000
DEBUG: Total gradient stack used is 232011 out of 10000000
DEBUG: Total dvariable address used is 1972 out of 150000
DEBUG: Total dvariable address used is 2123368 out of 50000000
DEBUG: Total gradient stack used is 232011 out of 10000000
DEBUG: Total dvariable address used is 1972 out of 150000
DEBUG: Total dvariable address used is 2123368 out of 50000000
DEBUG: Total gradient stack used is 232011 out of 10000000
DEBUG: Total dvariable address used is 1972 out of 150000
DEBUG: Total dvariable address used is 2123368 out of 50000000
DEBUG: Total gradient stack used is 232011 out of 10000000
DEBUG: Total dvariable address used is 1972 out of 150000
DEBUG: Total dvariable address used is 2123368 out of 50000000
DEBUG: Total gradient stack used is 232011 out of 10000000
DEBUG: Total dvariable address used is 1972 out of 150000
DEBUG: Total dvariable address used is 2123368 out of 50000000
DEBUG: Total gradient stack used is 232011 out of 10000000
DEBUG: Total dvariable address used is 1972 out of 150000
DEBUG: Total dvariable address used is 2123368 out of 50000000
DEBUG: Total gradient stack used is 232011 out of 10000000
DEBUG: Total dvariable address used is 1972 out of 150000
DEBUG: Total dvariable address used is 2123368 out of 50000000
DEBUG: Total gradient stack used is 232011 out of 10000000
DEBUG: Total dvariable address used is 1972 out of 150000
DEBUG: Total dvariable address used is 2123368 out of 50000000
DEBUG: Total gradient stack used is 232011 out of 10000000
DEBUG: Total dvariable address used is 1972 out of 150000
DEBUG: Total dvariable address used is 2123368 out of 50000000
DEBUG: Total gradient stack used is 232011 out of 10000000
DEBUG: Total dvariable address used is 1972 out of 150000
DEBUG: Total dvariable address used is 2123368 out of 50000000
DEBUG: Total gradient stack used is 232011 out of 10000000
DEBUG: Total dvariable address used is 1972 out of 150000
DEBUG: Total dvariable address used is 2123368 out of 50000000
DEBUG: Total gradient stack used is 232011 out of 10000000
DEBUG: Total dvariable address used is 1972 out of 150000
DEBUG: Total dvariable address used is 2123368 out of 50000000
DEBUG: Total gradient stack used is 232011 out of 10000000
DEBUG: Total dvariable address used is 1972 out of 150000
DEBUG: Total dvariable address used is 2123368 out of 50000000
DEBUG: Total gradient stack used is 232011 out of 10000000
DEBUG: Total dvariable address used is 1972 out of 150000
DEBUG: Total dvariable address used is 2123368 out of 50000000
DEBUG: Total gradient stack used is 232011 out of 10000000
DEBUG: Total dvariable address used is 1972 out of 150000
DEBUG: Total dvariable address used is 2123368 out of 50000000
DEBUG: Total gradient stack used is 232011 out of 10000000
DEBUG: Total dvariable address used is 1972 out of 150000
DEBUG: Total dvariable address used is 2123368 out of 50000000
DEBUG: Total gradient stack used is 232011 out of 10000000
DEBUG: Total dvariable address used is 1972 out of 150000
DEBUG: Total dvariable address used is 2123368 out of 50000000
DEBUG: Total gradient stack used is 232011 out of 10000000
DEBUG: Total dvariable address used is 1972 out of 150000
DEBUG: Total dvariable address used is 2123368 out of 50000000
DEBUG: Total gradient stack used is 232011 out of 10000000
DEBUG: Total dvariable address used is 1972 out of 150000
DEBUG: Total dvariable address used is 2123368 out of 50000000
phase= 3 | nvar=224 | iter=120 | nll=-1.42e+04 | mag=3.45e-01 | par[  1]=T_pars_est[2]
DEBUG: Total gradient stack used is 232011 out of 10000000
DEBUG: Total dvariable address used is 1972 out of 150000
DEBUG: Total dvariable address used is 2123368 out of 50000000
DEBUG: Total gradient stack used is 232011 out of 10000000
DEBUG: Total dvariable address used is 1972 out of 150000
DEBUG: Total dvariable address used is 2123368 out of 50000000
DEBUG: Total gradient stack used is 232011 out of 10000000
DEBUG: Total dvariable address used is 1972 out of 150000
DEBUG: Total dvariable address used is 2123368 out of 50000000
DEBUG: Total gradient stack used is 232011 out of 10000000
DEBUG: Total dvariable address used is 1972 out of 150000
DEBUG: Total dvariable address used is 2123368 out of 50000000
DEBUG: Total gradient stack used is 232011 out of 10000000
DEBUG: Total dvariable address used is 1972 out of 150000
DEBUG: Total dvariable address used is 2123368 out of 50000000
DEBUG: Total gradient stack used is 232011 out of 10000000
DEBUG: Total dvariable address used is 1972 out of 150000
DEBUG: Total dvariable address used is 2123368 out of 50000000
DEBUG: Total gradient stack used is 232011 out of 10000000
DEBUG: Total dvariable address used is 1972 out of 150000
DEBUG: Total dvariable address used is 2123368 out of 50000000
DEBUG: Total gradient stack used is 232011 out of 10000000
DEBUG: Total dvariable address used is 1972 out of 150000
DEBUG: Total dvariable address used is 2123368 out of 50000000
DEBUG: Total gradient stack used is 232011 out of 10000000
DEBUG: Total dvariable address used is 1972 out of 150000
DEBUG: Total dvariable address used is 2123368 out of 50000000
DEBUG: Total gradient stack used is 232011 out of 10000000
DEBUG: Total dvariable address used is 1972 out of 150000
DEBUG: Total dvariable address used is 2123368 out of 50000000
DEBUG: Total gradient stack used is 232011 out of 10000000
DEBUG: Total dvariable address used is 1972 out of 150000
DEBUG: Total dvariable address used is 2123368 out of 50000000
DEBUG: Total gradient stack used is 232011 out of 10000000
DEBUG: Total dvariable address used is 1972 out of 150000
DEBUG: Total dvariable address used is 2123368 out of 50000000
DEBUG: Total gradient stack used is 232011 out of 10000000
DEBUG: Total dvariable address used is 1972 out of 150000
DEBUG: Total dvariable address used is 2123368 out of 50000000
DEBUG: Total gradient stack used is 232011 out of 10000000
DEBUG: Total dvariable address used is 1972 out of 150000
DEBUG: Total dvariable address used is 2123368 out of 50000000
DEBUG: Total gradient stack used is 232011 out of 10000000
DEBUG: Total dvariable address used is 1972 out of 150000
DEBUG: Total dvariable address used is 2123368 out of 50000000
DEBUG: Total gradient stack used is 232011 out of 10000000
DEBUG: Total dvariable address used is 1972 out of 150000
DEBUG: Total dvariable address used is 2123368 out of 50000000
DEBUG: Total gradient stack used is 232011 out of 10000000
DEBUG: Total dvariable address used is 1972 out of 150000
DEBUG: Total dvariable address used is 2123368 out of 50000000
DEBUG: Total gradient stack used is 232011 out of 10000000
DEBUG: Total dvariable address used is 1972 out of 150000
DEBUG: Total dvariable address used is 2123368 out of 50000000
DEBUG: Total gradient stack used is 232011 out of 10000000
DEBUG: Total dvariable address used is 1972 out of 150000
DEBUG: Total dvariable address used is 2123368 out of 50000000
DEBUG: Total gradient stack used is 232011 out of 10000000
DEBUG: Total dvariable address used is 1972 out of 150000
DEBUG: Total dvariable address used is 2123368 out of 50000000
DEBUG: Total gradient stack used is 232011 out of 10000000
DEBUG: Total dvariable address used is 1972 out of 150000
DEBUG: Total dvariable address used is 2123368 out of 50000000
DEBUG: Total gradient stack used is 232011 out of 10000000
DEBUG: Total dvariable address used is 1972 out of 150000
DEBUG: Total dvariable address used is 2123368 out of 50000000
phase= 3 | nvar=224 | iter=140 | nll=-1.42e+04 | mag=7.44e-02 | par[169]=log_fdev[2][33]
DEBUG: Total gradient stack used is 232011 out of 10000000
DEBUG: Total dvariable address used is 1972 out of 150000
DEBUG: Total dvariable address used is 2123368 out of 50000000
DEBUG: Total gradient stack used is 232011 out of 10000000
DEBUG: Total dvariable address used is 1972 out of 150000
DEBUG: Total dvariable address used is 2123368 out of 50000000
DEBUG: Total gradient stack used is 232011 out of 10000000
DEBUG: Total dvariable address used is 1972 out of 150000
DEBUG: Total dvariable address used is 2123368 out of 50000000
DEBUG: Total gradient stack used is 232011 out of 10000000
DEBUG: Total dvariable address used is 1972 out of 150000
DEBUG: Total dvariable address used is 2123368 out of 50000000
DEBUG: Total gradient stack used is 232011 out of 10000000
DEBUG: Total dvariable address used is 1972 out of 150000
DEBUG: Total dvariable address used is 2123368 out of 50000000
DEBUG: Total gradient stack used is 232011 out of 10000000
DEBUG: Total dvariable address used is 1972 out of 150000
DEBUG: Total dvariable address used is 2123368 out of 50000000
DEBUG: Total gradient stack used is 232011 out of 10000000
DEBUG: Total dvariable address used is 1972 out of 150000
DEBUG: Total dvariable address used is 2123368 out of 50000000
DEBUG: Total gradient stack used is 232011 out of 10000000
DEBUG: Total dvariable address used is 1972 out of 150000
DEBUG: Total dvariable address used is 2123368 out of 50000000
DEBUG: Total gradient stack used is 232011 out of 10000000
DEBUG: Total dvariable address used is 1972 out of 150000
DEBUG: Total dvariable address used is 2123368 out of 50000000
DEBUG: Total gradient stack used is 232011 out of 10000000
DEBUG: Total dvariable address used is 1972 out of 150000
DEBUG: Total dvariable address used is 2123368 out of 50000000
DEBUG: Total gradient stack used is 232011 out of 10000000
DEBUG: Total dvariable address used is 1972 out of 150000
DEBUG: Total dvariable address used is 2123368 out of 50000000
DEBUG: Total gradient stack used is 232011 out of 10000000
DEBUG: Total dvariable address used is 1972 out of 150000
DEBUG: Total dvariable address used is 2123368 out of 50000000
DEBUG: Total gradient stack used is 232011 out of 10000000
DEBUG: Total dvariable address used is 1972 out of 150000
DEBUG: Total dvariable address used is 2123368 out of 50000000
DEBUG: Total gradient stack used is 232011 out of 10000000
DEBUG: Total dvariable address used is 1972 out of 150000
DEBUG: Total dvariable address used is 2123368 out of 50000000
DEBUG: Total gradient stack used is 232011 out of 10000000
DEBUG: Total dvariable address used is 1972 out of 150000
DEBUG: Total dvariable address used is 2123368 out of 50000000
DEBUG: Total gradient stack used is 232011 out of 10000000
DEBUG: Total dvariable address used is 1972 out of 150000
DEBUG: Total dvariable address used is 2123368 out of 50000000
DEBUG: Total gradient stack used is 232011 out of 10000000
DEBUG: Total dvariable address used is 1972 out of 150000
DEBUG: Total dvariable address used is 2123368 out of 50000000
DEBUG: Total gradient stack used is 232011 out of 10000000
DEBUG: Total dvariable address used is 1972 out of 150000
DEBUG: Total dvariable address used is 2123368 out of 50000000
DEBUG: Total gradient stack used is 232011 out of 10000000
DEBUG: Total dvariable address used is 1972 out of 150000
DEBUG: Total dvariable address used is 2123368 out of 50000000
DEBUG: Total gradient stack used is 232011 out of 10000000
DEBUG: Total dvariable address used is 1972 out of 150000
DEBUG: Total dvariable address used is 2123368 out of 50000000
DEBUG: Total gradient stack used is 232011 out of 10000000
DEBUG: Total dvariable address used is 1972 out of 150000
DEBUG: Total dvariable address used is 2123368 out of 50000000
DEBUG: Total gradient stack used is 232011 out of 10000000
DEBUG: Total dvariable address used is 1972 out of 150000
DEBUG: Total dvariable address used is 2123368 out of 50000000
DEBUG: Total gradient stack used is 232011 out of 10000000
DEBUG: Total dvariable address used is 1972 out of 150000
DEBUG: Total dvariable address used is 2123368 out of 50000000
DEBUG: Total gradient stack used is 232011 out of 10000000
DEBUG: Total dvariable address used is 1972 out of 150000
DEBUG: Total dvariable address used is 2123368 out of 50000000
DEBUG: Total gradient stack used is 232011 out of 10000000
DEBUG: Total dvariable address used is 1972 out of 150000
DEBUG: Total dvariable address used is 2123368 out of 50000000
phase= 3 | nvar=224 | iter=160 | nll=-1.42e+04 | mag=6.40e-02 | par[ 23]=T_pars_est[29]
DEBUG: Total gradient stack used is 232011 out of 10000000
DEBUG: Total dvariable address used is 1972 out of 150000
DEBUG: Total dvariable address used is 2123368 out of 50000000
DEBUG: Total gradient stack used is 232011 out of 10000000
DEBUG: Total dvariable address used is 1972 out of 150000
DEBUG: Total dvariable address used is 2123368 out of 50000000
DEBUG: Total gradient stack used is 232011 out of 10000000
DEBUG: Total dvariable address used is 1972 out of 150000
DEBUG: Total dvariable address used is 2123368 out of 50000000
DEBUG: Total gradient stack used is 232011 out of 10000000
DEBUG: Total dvariable address used is 1972 out of 150000
DEBUG: Total dvariable address used is 2123368 out of 50000000
DEBUG: Total gradient stack used is 232011 out of 10000000
DEBUG: Total dvariable address used is 1972 out of 150000
DEBUG: Total dvariable address used is 2123368 out of 50000000
DEBUG: Total gradient stack used is 232011 out of 10000000
DEBUG: Total dvariable address used is 1972 out of 150000
DEBUG: Total dvariable address used is 2123368 out of 50000000
DEBUG: Total gradient stack used is 232011 out of 10000000
DEBUG: Total dvariable address used is 1972 out of 150000
DEBUG: Total dvariable address used is 2123368 out of 50000000
DEBUG: Total gradient stack used is 232011 out of 10000000
DEBUG: Total dvariable address used is 1972 out of 150000
DEBUG: Total dvariable address used is 2123368 out of 50000000
DEBUG: Total gradient stack used is 232011 out of 10000000
DEBUG: Total dvariable address used is 1972 out of 150000
DEBUG: Total dvariable address used is 2123368 out of 50000000
DEBUG: Total gradient stack used is 232011 out of 10000000
DEBUG: Total dvariable address used is 1972 out of 150000
DEBUG: Total dvariable address used is 2123368 out of 50000000
DEBUG: Total gradient stack used is 232011 out of 10000000
DEBUG: Total dvariable address used is 1972 out of 150000
DEBUG: Total dvariable address used is 2123368 out of 50000000
DEBUG: Total gradient stack used is 232011 out of 10000000
DEBUG: Total dvariable address used is 1972 out of 150000
DEBUG: Total dvariable address used is 2123368 out of 50000000
DEBUG: Total gradient stack used is 232011 out of 10000000
DEBUG: Total dvariable address used is 1972 out of 150000
DEBUG: Total dvariable address used is 2123368 out of 50000000
DEBUG: Total gradient stack used is 232011 out of 10000000
DEBUG: Total dvariable address used is 1972 out of 150000
DEBUG: Total dvariable address used is 2123368 out of 50000000
DEBUG: Total gradient stack used is 232011 out of 10000000
DEBUG: Total dvariable address used is 1972 out of 150000
DEBUG: Total dvariable address used is 2123368 out of 50000000
DEBUG: Total gradient stack used is 232011 out of 10000000
DEBUG: Total dvariable address used is 1972 out of 150000
DEBUG: Total dvariable address used is 2123368 out of 50000000
DEBUG: Total gradient stack used is 232011 out of 10000000
DEBUG: Total dvariable address used is 1972 out of 150000
DEBUG: Total dvariable address used is 2123368 out of 50000000
DEBUG: Total gradient stack used is 232011 out of 10000000
DEBUG: Total dvariable address used is 1972 out of 150000
DEBUG: Total dvariable address used is 2123368 out of 50000000
DEBUG: Total gradient stack used is 232011 out of 10000000
DEBUG: Total dvariable address used is 1972 out of 150000
DEBUG: Total dvariable address used is 2123368 out of 50000000
DEBUG: Total gradient stack used is 232011 out of 10000000
DEBUG: Total dvariable address used is 1972 out of 150000
DEBUG: Total dvariable address used is 2123368 out of 50000000
DEBUG: Total gradient stack used is 232011 out of 10000000
DEBUG: Total dvariable address used is 1972 out of 150000
DEBUG: Total dvariable address used is 2123368 out of 50000000
DEBUG: Total gradient stack used is 232011 out of 10000000
DEBUG: Total dvariable address used is 1972 out of 150000
DEBUG: Total dvariable address used is 2123368 out of 50000000
DEBUG: Total gradient stack used is 232011 out of 10000000
DEBUG: Total dvariable address used is 1972 out of 150000
DEBUG: Total dvariable address used is 2123368 out of 50000000
DEBUG: Total gradient stack used is 232011 out of 10000000
DEBUG: Total dvariable address used is 1972 out of 150000
DEBUG: Total dvariable address used is 2123368 out of 50000000
phase= 3 | nvar=224 | iter=180 | nll=-1.42e+04 | mag=2.43e-02 | par[ 23]=T_pars_est[29]
DEBUG: Total gradient stack used is 232011 out of 10000000
DEBUG: Total dvariable address used is 1972 out of 150000
DEBUG: Total dvariable address used is 2123368 out of 50000000
DEBUG: Total gradient stack used is 232011 out of 10000000
DEBUG: Total dvariable address used is 1972 out of 150000
DEBUG: Total dvariable address used is 2123368 out of 50000000
DEBUG: Total gradient stack used is 232011 out of 10000000
DEBUG: Total dvariable address used is 1972 out of 150000
DEBUG: Total dvariable address used is 2123368 out of 50000000
DEBUG: Total gradient stack used is 232011 out of 10000000
DEBUG: Total dvariable address used is 1972 out of 150000
DEBUG: Total dvariable address used is 2123368 out of 50000000
DEBUG: Total gradient stack used is 232011 out of 10000000
DEBUG: Total dvariable address used is 1972 out of 150000
DEBUG: Total dvariable address used is 2123368 out of 50000000
DEBUG: Total gradient stack used is 232011 out of 10000000
DEBUG: Total dvariable address used is 1972 out of 150000
DEBUG: Total dvariable address used is 2123368 out of 50000000
DEBUG: Total gradient stack used is 232011 out of 10000000
DEBUG: Total dvariable address used is 1972 out of 150000
DEBUG: Total dvariable address used is 2123368 out of 50000000
DEBUG: Total gradient stack used is 232011 out of 10000000
DEBUG: Total dvariable address used is 1972 out of 150000
DEBUG: Total dvariable address used is 2123368 out of 50000000
DEBUG: Total gradient stack used is 232011 out of 10000000
DEBUG: Total dvariable address used is 1972 out of 150000
DEBUG: Total dvariable address used is 2123368 out of 50000000
DEBUG: Total gradient stack used is 232011 out of 10000000
DEBUG: Total dvariable address used is 1972 out of 150000
DEBUG: Total dvariable address used is 2123368 out of 50000000
DEBUG: Total gradient stack used is 232011 out of 10000000
DEBUG: Total dvariable address used is 1972 out of 150000
DEBUG: Total dvariable address used is 2123368 out of 50000000
DEBUG: Total gradient stack used is 232011 out of 10000000
DEBUG: Total dvariable address used is 1972 out of 150000
DEBUG: Total dvariable address used is 2123368 out of 50000000
DEBUG: Total gradient stack used is 232011 out of 10000000
DEBUG: Total dvariable address used is 1972 out of 150000
DEBUG: Total dvariable address used is 2123368 out of 50000000
DEBUG: Total gradient stack used is 232011 out of 10000000
DEBUG: Total dvariable address used is 1972 out of 150000
DEBUG: Total dvariable address used is 2123368 out of 50000000
DEBUG: Total gradient stack used is 232011 out of 10000000
DEBUG: Total dvariable address used is 1972 out of 150000
DEBUG: Total dvariable address used is 2123368 out of 50000000
DEBUG: Total gradient stack used is 232011 out of 10000000
DEBUG: Total dvariable address used is 1972 out of 150000
DEBUG: Total dvariable address used is 2123368 out of 50000000
DEBUG: Total gradient stack used is 232011 out of 10000000
DEBUG: Total dvariable address used is 1972 out of 150000
DEBUG: Total dvariable address used is 2123368 out of 50000000
DEBUG: Total gradient stack used is 232011 out of 10000000
DEBUG: Total dvariable address used is 1972 out of 150000
DEBUG: Total dvariable address used is 2123368 out of 50000000
DEBUG: Total gradient stack used is 232011 out of 10000000
DEBUG: Total dvariable address used is 1972 out of 150000
DEBUG: Total dvariable address used is 2123368 out of 50000000
DEBUG: Total gradient stack used is 232011 out of 10000000
DEBUG: Total dvariable address used is 1972 out of 150000
DEBUG: Total dvariable address used is 2123368 out of 50000000
DEBUG: Total gradient stack used is 232011 out of 10000000
DEBUG: Total dvariable address used is 1972 out of 150000
DEBUG: Total dvariable address used is 2123368 out of 50000000
DEBUG: Total gradient stack used is 232011 out of 10000000
DEBUG: Total dvariable address used is 1972 out of 150000
DEBUG: Total dvariable address used is 2123368 out of 50000000
DEBUG: Total gradient stack used is 232011 out of 10000000
DEBUG: Total dvariable address used is 1972 out of 150000
DEBUG: Total dvariable address used is 2123368 out of 50000000
DEBUG: Total gradient stack used is 232011 out of 10000000
DEBUG: Total dvariable address used is 1972 out of 150000
DEBUG: Total dvariable address used is 2123368 out of 50000000
DEBUG: Total gradient stack used is 232011 out of 10000000
DEBUG: Total dvariable address used is 1972 out of 150000
DEBUG: Total dvariable address used is 2123368 out of 50000000
DEBUG: Total gradient stack used is 232011 out of 10000000
DEBUG: Total dvariable address used is 1972 out of 150000
DEBUG: Total dvariable address used is 2123368 out of 50000000
DEBUG: Total gradient stack used is 232011 out of 10000000
DEBUG: Total dvariable address used is 1972 out of 150000
DEBUG: Total dvariable address used is 2123368 out of 50000000
DEBUG: Total gradient stack used is 232011 out of 10000000
DEBUG: Total dvariable address used is 1972 out of 150000
DEBUG: Total dvariable address used is 2123368 out of 50000000
DEBUG: Total gradient stack used is 232011 out of 10000000
DEBUG: Total dvariable address used is 1972 out of 150000
DEBUG: Total dvariable address used is 2123368 out of 50000000
DEBUG: Total gradient stack used is 232011 out of 10000000
DEBUG: Total dvariable address used is 1972 out of 150000
DEBUG: Total dvariable address used is 2123368 out of 50000000
DEBUG: Total gradient stack used is 232011 out of 10000000
DEBUG: Total dvariable address used is 1972 out of 150000
DEBUG: Total dvariable address used is 2123368 out of 50000000
DEBUG: Total gradient stack used is 232011 out of 10000000
DEBUG: Total dvariable address used is 1972 out of 150000
DEBUG: Total dvariable address used is 2123368 out of 50000000
DEBUG: Total gradient stack used is 232011 out of 10000000
DEBUG: Total dvariable address used is 1972 out of 150000
DEBUG: Total dvariable address used is 2123368 out of 50000000
DEBUG: Total gradient stack used is 232011 out of 10000000
DEBUG: Total dvariable address used is 1972 out of 150000
DEBUG: Total dvariable address used is 2123368 out of 50000000
DEBUG: Total gradient stack used is 232011 out of 10000000
DEBUG: Total dvariable address used is 1972 out of 150000
DEBUG: Total dvariable address used is 2123368 out of 50000000
DEBUG: Total gradient stack used is 232011 out of 10000000
DEBUG: Total dvariable address used is 1972 out of 150000
DEBUG: Total dvariable address used is 2123368 out of 50000000
DEBUG: Total gradient stack used is 232011 out of 10000000
DEBUG: Total dvariable address used is 1972 out of 150000
DEBUG: Total dvariable address used is 2123368 out of 50000000
DEBUG: Total gradient stack used is 232011 out of 10000000
DEBUG: Total dvariable address used is 1972 out of 150000
DEBUG: Total dvariable address used is 2123368 out of 50000000
DEBUG: Total gradient stack used is 232011 out of 10000000
DEBUG: Total dvariable address used is 1972 out of 150000
DEBUG: Total dvariable address used is 2123368 out of 50000000
DEBUG: Total gradient stack used is 232011 out of 10000000
DEBUG: Total dvariable address used is 1972 out of 150000
DEBUG: Total dvariable address used is 2123368 out of 50000000
DEBUG: Total gradient stack used is 232011 out of 10000000
DEBUG: Total dvariable address used is 1972 out of 150000
DEBUG: Total dvariable address used is 2123368 out of 50000000
DEBUG: Total gradient stack used is 232011 out of 10000000
DEBUG: Total dvariable address used is 1972 out of 150000
DEBUG: Total dvariable address used is 2123368 out of 50000000
DEBUG: Total gradient stack used is 232011 out of 10000000
DEBUG: Total dvariable address used is 1972 out of 150000
DEBUG: Total dvariable address used is 2123368 out of 50000000
DEBUG: Total gradient stack used is 232011 out of 10000000
DEBUG: Total dvariable address used is 1972 out of 150000
DEBUG: Total dvariable address used is 2123368 out of 50000000
DEBUG: Total gradient stack used is 232011 out of 10000000
DEBUG: Total dvariable address used is 1972 out of 150000
DEBUG: Total dvariable address used is 2123368 out of 50000000
DEBUG: Total gradient stack used is 232011 out of 10000000
DEBUG: Total dvariable address used is 1972 out of 150000
DEBUG: Total dvariable address used is 2123368 out of 50000000
DEBUG: Total gradient stack used is 232011 out of 10000000
DEBUG: Total dvariable address used is 1972 out of 150000
DEBUG: Total dvariable address used is 2123368 out of 50000000
DEBUG: Total gradient stack used is 232011 out of 10000000
DEBUG: Total dvariable address used is 1972 out of 150000
DEBUG: Total dvariable address used is 2123368 out of 50000000
phase= 3 | nvar=224 | iter=193 | nll=-1.42e+04 | mag=8.12e-03 | par[ 23]=T_pars_est[29]
DEBUG: Total gradient stack used is 0 out of 10000000
DEBUG: Total dvariable address used is 1972 out of 150000
DEBUG: Total dvariable address used is 2123368 out of 50000000
Starting REPORT_SECTION
+--------------------------+
| Beginning report section |
+--------------------------+
Finished WriteFiles
REPORT_SECTION: finished CreateOutput
REPORT_SECTION: finished save_gradients
Finished REPORT_SECTION

#--BETWEEN_PHASES_SECTION---------------------
#----Starting phase 4 of 4
Finished BETWEEN_PHASES_SECTION
----------------------------------------------
DEBUG: Total gradient stack used is 232275 out of 10000000
DEBUG: Total dvariable address used is 1972 out of 150000
DEBUG: Total dvariable address used is 2123368 out of 50000000
phase= 4 | nvar=235 | iter=  0 | nll=-1.42e+04 | mag=4.88e+02 | par[102]=S_pars_est[49]
DEBUG: Total gradient stack used is 232275 out of 10000000
DEBUG: Total dvariable address used is 1972 out of 150000
DEBUG: Total dvariable address used is 2123368 out of 50000000
DEBUG: Total gradient stack used is 232275 out of 10000000
DEBUG: Total dvariable address used is 1972 out of 150000
DEBUG: Total dvariable address used is 2123368 out of 50000000
DEBUG: Total gradient stack used is 232275 out of 10000000
DEBUG: Total dvariable address used is 1972 out of 150000
DEBUG: Total dvariable address used is 2123368 out of 50000000
DEBUG: Total gradient stack used is 232275 out of 10000000
DEBUG: Total dvariable address used is 1972 out of 150000
DEBUG: Total dvariable address used is 2123368 out of 50000000
DEBUG: Total gradient stack used is 232275 out of 10000000
DEBUG: Total dvariable address used is 1972 out of 150000
DEBUG: Total dvariable address used is 2123368 out of 50000000
DEBUG: Total gradient stack used is 232275 out of 10000000
DEBUG: Total dvariable address used is 1972 out of 150000
DEBUG: Total dvariable address used is 2123368 out of 50000000
DEBUG: Total gradient stack used is 232264 out of 10000000
DEBUG: Total dvariable address used is 1972 out of 150000
DEBUG: Total dvariable address used is 2123368 out of 50000000
DEBUG: Total gradient stack used is 232275 out of 10000000
DEBUG: Total dvariable address used is 1972 out of 150000
DEBUG: Total dvariable address used is 2123368 out of 50000000
DEBUG: Total gradient stack used is 232275 out of 10000000
DEBUG: Total dvariable address used is 1972 out of 150000
DEBUG: Total dvariable address used is 2123368 out of 50000000
DEBUG: Total gradient stack used is 232261 out of 10000000
DEBUG: Total dvariable address used is 1972 out of 150000
DEBUG: Total dvariable address used is 2123368 out of 50000000
DEBUG: Total gradient stack used is 232261 out of 10000000
DEBUG: Total dvariable address used is 1972 out of 150000
DEBUG: Total dvariable address used is 2123368 out of 50000000
DEBUG: Total gradient stack used is 232275 out of 10000000
DEBUG: Total dvariable address used is 1972 out of 150000
DEBUG: Total dvariable address used is 2123368 out of 50000000
DEBUG: Total gradient stack used is 232261 out of 10000000
DEBUG: Total dvariable address used is 1972 out of 150000
DEBUG: Total dvariable address used is 2123368 out of 50000000
DEBUG: Total gradient stack used is 232275 out of 10000000
DEBUG: Total dvariable address used is 1972 out of 150000
DEBUG: Total dvariable address used is 2123368 out of 50000000
DEBUG: Total gradient stack used is 232275 out of 10000000
DEBUG: Total dvariable address used is 1972 out of 150000
DEBUG: Total dvariable address used is 2123368 out of 50000000
DEBUG: Total gradient stack used is 232275 out of 10000000
DEBUG: Total dvariable address used is 1972 out of 150000
DEBUG: Total dvariable address used is 2123368 out of 50000000
DEBUG: Total gradient stack used is 232275 out of 10000000
DEBUG: Total dvariable address used is 1972 out of 150000
DEBUG: Total dvariable address used is 2123368 out of 50000000
DEBUG: Total gradient stack used is 232278 out of 10000000
DEBUG: Total dvariable address used is 1972 out of 150000
DEBUG: Total dvariable address used is 2123368 out of 50000000
DEBUG: Total gradient stack used is 232278 out of 10000000
DEBUG: Total dvariable address used is 1972 out of 150000
DEBUG: Total dvariable address used is 2123368 out of 50000000
DEBUG: Total gradient stack used is 232275 out of 10000000
DEBUG: Total dvariable address used is 1972 out of 150000
DEBUG: Total dvariable address used is 2123368 out of 50000000
DEBUG: Total gradient stack used is 232275 out of 10000000
DEBUG: Total dvariable address used is 1972 out of 150000
DEBUG: Total dvariable address used is 2123368 out of 50000000
phase= 4 | nvar=235 | iter= 20 | nll=-1.42e+04 | mag=2.46e+02 | par[102]=S_pars_est[49]
DEBUG: Total gradient stack used is 232275 out of 10000000
DEBUG: Total dvariable address used is 1972 out of 150000
DEBUG: Total dvariable address used is 2123368 out of 50000000
DEBUG: Total gradient stack used is 232275 out of 10000000
DEBUG: Total dvariable address used is 1972 out of 150000
DEBUG: Total dvariable address used is 2123368 out of 50000000
DEBUG: Total gradient stack used is 232275 out of 10000000
DEBUG: Total dvariable address used is 1972 out of 150000
DEBUG: Total dvariable address used is 2123368 out of 50000000
DEBUG: Total gradient stack used is 232275 out of 10000000
DEBUG: Total dvariable address used is 1972 out of 150000
DEBUG: Total dvariable address used is 2123368 out of 50000000
DEBUG: Total gradient stack used is 232275 out of 10000000
DEBUG: Total dvariable address used is 1972 out of 150000
DEBUG: Total dvariable address used is 2123368 out of 50000000
DEBUG: Total gradient stack used is 232278 out of 10000000
DEBUG: Total dvariable address used is 1972 out of 150000
DEBUG: Total dvariable address used is 2123368 out of 50000000
DEBUG: Total gradient stack used is 232275 out of 10000000
DEBUG: Total dvariable address used is 1972 out of 150000
DEBUG: Total dvariable address used is 2123368 out of 50000000
DEBUG: Total gradient stack used is 232275 out of 10000000
DEBUG: Total dvariable address used is 1972 out of 150000
DEBUG: Total dvariable address used is 2123368 out of 50000000
DEBUG: Total gradient stack used is 232275 out of 10000000
DEBUG: Total dvariable address used is 1972 out of 150000
DEBUG: Total dvariable address used is 2123368 out of 50000000
DEBUG: Total gradient stack used is 232275 out of 10000000
DEBUG: Total dvariable address used is 1972 out of 150000
DEBUG: Total dvariable address used is 2123368 out of 50000000
DEBUG: Total gradient stack used is 232275 out of 10000000
DEBUG: Total dvariable address used is 1972 out of 150000
DEBUG: Total dvariable address used is 2123368 out of 50000000
DEBUG: Total gradient stack used is 232275 out of 10000000
DEBUG: Total dvariable address used is 1972 out of 150000
DEBUG: Total dvariable address used is 2123368 out of 50000000
DEBUG: Total gradient stack used is 232275 out of 10000000
DEBUG: Total dvariable address used is 1972 out of 150000
DEBUG: Total dvariable address used is 2123368 out of 50000000
DEBUG: Total gradient stack used is 232275 out of 10000000
DEBUG: Total dvariable address used is 1972 out of 150000
DEBUG: Total dvariable address used is 2123368 out of 50000000
DEBUG: Total gradient stack used is 232275 out of 10000000
DEBUG: Total dvariable address used is 1972 out of 150000
DEBUG: Total dvariable address used is 2123368 out of 50000000
DEBUG: Total gradient stack used is 232275 out of 10000000
DEBUG: Total dvariable address used is 1972 out of 150000
DEBUG: Total dvariable address used is 2123368 out of 50000000
DEBUG: Total gradient stack used is 232275 out of 10000000
DEBUG: Total dvariable address used is 1972 out of 150000
DEBUG: Total dvariable address used is 2123368 out of 50000000
DEBUG: Total gradient stack used is 232275 out of 10000000
DEBUG: Total dvariable address used is 1972 out of 150000
DEBUG: Total dvariable address used is 2123368 out of 50000000
DEBUG: Total gradient stack used is 232275 out of 10000000
DEBUG: Total dvariable address used is 1972 out of 150000
DEBUG: Total dvariable address used is 2123368 out of 50000000
DEBUG: Total gradient stack used is 232275 out of 10000000
DEBUG: Total dvariable address used is 1972 out of 150000
DEBUG: Total dvariable address used is 2123368 out of 50000000
DEBUG: Total gradient stack used is 232275 out of 10000000
DEBUG: Total dvariable address used is 1972 out of 150000
DEBUG: Total dvariable address used is 2123368 out of 50000000
DEBUG: Total gradient stack used is 232275 out of 10000000
DEBUG: Total dvariable address used is 1972 out of 150000
DEBUG: Total dvariable address used is 2123368 out of 50000000
phase= 4 | nvar=235 | iter= 40 | nll=-1.42e+04 | mag=2.45e+02 | par[102]=S_pars_est[49]
DEBUG: Total gradient stack used is 232275 out of 10000000
DEBUG: Total dvariable address used is 1972 out of 150000
DEBUG: Total dvariable address used is 2123368 out of 50000000
DEBUG: Total gradient stack used is 232275 out of 10000000
DEBUG: Total dvariable address used is 1972 out of 150000
DEBUG: Total dvariable address used is 2123368 out of 50000000
DEBUG: Total gradient stack used is 232275 out of 10000000
DEBUG: Total dvariable address used is 1972 out of 150000
DEBUG: Total dvariable address used is 2123368 out of 50000000
DEBUG: Total gradient stack used is 232275 out of 10000000
DEBUG: Total dvariable address used is 1972 out of 150000
DEBUG: Total dvariable address used is 2123368 out of 50000000
DEBUG: Total gradient stack used is 232275 out of 10000000
DEBUG: Total dvariable address used is 1972 out of 150000
DEBUG: Total dvariable address used is 2123368 out of 50000000
DEBUG: Total gradient stack used is 232275 out of 10000000
DEBUG: Total dvariable address used is 1972 out of 150000
DEBUG: Total dvariable address used is 2123368 out of 50000000
DEBUG: Total gradient stack used is 232275 out of 10000000
DEBUG: Total dvariable address used is 1972 out of 150000
DEBUG: Total dvariable address used is 2123368 out of 50000000
DEBUG: Total gradient stack used is 232275 out of 10000000
DEBUG: Total dvariable address used is 1972 out of 150000
DEBUG: Total dvariable address used is 2123368 out of 50000000
DEBUG: Total gradient stack used is 232275 out of 10000000
DEBUG: Total dvariable address used is 1972 out of 150000
DEBUG: Total dvariable address used is 2123368 out of 50000000
DEBUG: Total gradient stack used is 232275 out of 10000000
DEBUG: Total dvariable address used is 1972 out of 150000
DEBUG: Total dvariable address used is 2123368 out of 50000000
DEBUG: Total gradient stack used is 232275 out of 10000000
DEBUG: Total dvariable address used is 1972 out of 150000
DEBUG: Total dvariable address used is 2123368 out of 50000000
DEBUG: Total gradient stack used is 232275 out of 10000000
DEBUG: Total dvariable address used is 1972 out of 150000
DEBUG: Total dvariable address used is 2123368 out of 50000000
DEBUG: Total gradient stack used is 232275 out of 10000000
DEBUG: Total dvariable address used is 1972 out of 150000
DEBUG: Total dvariable address used is 2123368 out of 50000000
DEBUG: Total gradient stack used is 232275 out of 10000000
DEBUG: Total dvariable address used is 1972 out of 150000
DEBUG: Total dvariable address used is 2123368 out of 50000000
DEBUG: Total gradient stack used is 232275 out of 10000000
DEBUG: Total dvariable address used is 1972 out of 150000
DEBUG: Total dvariable address used is 2123368 out of 50000000
DEBUG: Total gradient stack used is 232275 out of 10000000
DEBUG: Total dvariable address used is 1972 out of 150000
DEBUG: Total dvariable address used is 2123368 out of 50000000
DEBUG: Total gradient stack used is 232275 out of 10000000
DEBUG: Total dvariable address used is 1972 out of 150000
DEBUG: Total dvariable address used is 2123368 out of 50000000
DEBUG: Total gradient stack used is 232275 out of 10000000
DEBUG: Total dvariable address used is 1972 out of 150000
DEBUG: Total dvariable address used is 2123368 out of 50000000
DEBUG: Total gradient stack used is 232275 out of 10000000
DEBUG: Total dvariable address used is 1972 out of 150000
DEBUG: Total dvariable address used is 2123368 out of 50000000
DEBUG: Total gradient stack used is 232275 out of 10000000
DEBUG: Total dvariable address used is 1972 out of 150000
DEBUG: Total dvariable address used is 2123368 out of 50000000
phase= 4 | nvar=235 | iter= 60 | nll=-1.42e+04 | mag=2.44e+02 | par[102]=S_pars_est[49]
DEBUG: Total gradient stack used is 232275 out of 10000000
DEBUG: Total dvariable address used is 1972 out of 150000
DEBUG: Total dvariable address used is 2123368 out of 50000000
DEBUG: Total gradient stack used is 232275 out of 10000000
DEBUG: Total dvariable address used is 1972 out of 150000
DEBUG: Total dvariable address used is 2123368 out of 50000000
DEBUG: Total gradient stack used is 232275 out of 10000000
DEBUG: Total dvariable address used is 1972 out of 150000
DEBUG: Total dvariable address used is 2123368 out of 50000000
DEBUG: Total gradient stack used is 232275 out of 10000000
DEBUG: Total dvariable address used is 1972 out of 150000
DEBUG: Total dvariable address used is 2123368 out of 50000000
DEBUG: Total gradient stack used is 232275 out of 10000000
DEBUG: Total dvariable address used is 1972 out of 150000
DEBUG: Total dvariable address used is 2123368 out of 50000000
DEBUG: Total gradient stack used is 232275 out of 10000000
DEBUG: Total dvariable address used is 1972 out of 150000
DEBUG: Total dvariable address used is 2123368 out of 50000000
DEBUG: Total gradient stack used is 232275 out of 10000000
DEBUG: Total dvariable address used is 1972 out of 150000
DEBUG: Total dvariable address used is 2123368 out of 50000000
DEBUG: Total gradient stack used is 232275 out of 10000000
DEBUG: Total dvariable address used is 1972 out of 150000
DEBUG: Total dvariable address used is 2123368 out of 50000000
DEBUG: Total gradient stack used is 232275 out of 10000000
DEBUG: Total dvariable address used is 1972 out of 150000
DEBUG: Total dvariable address used is 2123368 out of 50000000
DEBUG: Total gradient stack used is 232275 out of 10000000
DEBUG: Total dvariable address used is 1972 out of 150000
DEBUG: Total dvariable address used is 2123368 out of 50000000
DEBUG: Total gradient stack used is 232275 out of 10000000
DEBUG: Total dvariable address used is 1972 out of 150000
DEBUG: Total dvariable address used is 2123368 out of 50000000
DEBUG: Total gradient stack used is 232275 out of 10000000
DEBUG: Total dvariable address used is 1972 out of 150000
DEBUG: Total dvariable address used is 2123368 out of 50000000
DEBUG: Total gradient stack used is 232275 out of 10000000
DEBUG: Total dvariable address used is 1972 out of 150000
DEBUG: Total dvariable address used is 2123368 out of 50000000
DEBUG: Total gradient stack used is 232275 out of 10000000
DEBUG: Total dvariable address used is 1972 out of 150000
DEBUG: Total dvariable address used is 2123368 out of 50000000
DEBUG: Total gradient stack used is 232275 out of 10000000
DEBUG: Total dvariable address used is 1972 out of 150000
DEBUG: Total dvariable address used is 2123368 out of 50000000
DEBUG: Total gradient stack used is 232275 out of 10000000
DEBUG: Total dvariable address used is 1972 out of 150000
DEBUG: Total dvariable address used is 2123368 out of 50000000
DEBUG: Total gradient stack used is 232275 out of 10000000
DEBUG: Total dvariable address used is 1972 out of 150000
DEBUG: Total dvariable address used is 2123368 out of 50000000
DEBUG: Total gradient stack used is 232275 out of 10000000
DEBUG: Total dvariable address used is 1972 out of 150000
DEBUG: Total dvariable address used is 2123368 out of 50000000
DEBUG: Total gradient stack used is 232275 out of 10000000
DEBUG: Total dvariable address used is 1972 out of 150000
DEBUG: Total dvariable address used is 2123368 out of 50000000
DEBUG: Total gradient stack used is 232275 out of 10000000
DEBUG: Total dvariable address used is 1972 out of 150000
DEBUG: Total dvariable address used is 2123368 out of 50000000
DEBUG: Total gradient stack used is 232275 out of 10000000
DEBUG: Total dvariable address used is 1972 out of 150000
DEBUG: Total dvariable address used is 2123368 out of 50000000
phase= 4 | nvar=235 | iter= 80 | nll=-1.42e+04 | mag=2.34e+02 | par[102]=S_pars_est[49]
DEBUG: Total gradient stack used is 232275 out of 10000000
DEBUG: Total dvariable address used is 1972 out of 150000
DEBUG: Total dvariable address used is 2123368 out of 50000000
DEBUG: Total gradient stack used is 232275 out of 10000000
DEBUG: Total dvariable address used is 1972 out of 150000
DEBUG: Total dvariable address used is 2123368 out of 50000000
DEBUG: Total gradient stack used is 232275 out of 10000000
DEBUG: Total dvariable address used is 1972 out of 150000
DEBUG: Total dvariable address used is 2123368 out of 50000000
DEBUG: Total gradient stack used is 232275 out of 10000000
DEBUG: Total dvariable address used is 1972 out of 150000
DEBUG: Total dvariable address used is 2123368 out of 50000000
DEBUG: Total gradient stack used is 232275 out of 10000000
DEBUG: Total dvariable address used is 1972 out of 150000
DEBUG: Total dvariable address used is 2123368 out of 50000000
DEBUG: Total gradient stack used is 232275 out of 10000000
DEBUG: Total dvariable address used is 1972 out of 150000
DEBUG: Total dvariable address used is 2123368 out of 50000000
DEBUG: Total gradient stack used is 232275 out of 10000000
DEBUG: Total dvariable address used is 1972 out of 150000
DEBUG: Total dvariable address used is 2123368 out of 50000000
DEBUG: Total gradient stack used is 232275 out of 10000000
DEBUG: Total dvariable address used is 1972 out of 150000
DEBUG: Total dvariable address used is 2123368 out of 50000000
DEBUG: Total gradient stack used is 232275 out of 10000000
DEBUG: Total dvariable address used is 1972 out of 150000
DEBUG: Total dvariable address used is 2123368 out of 50000000
DEBUG: Total gradient stack used is 232275 out of 10000000
DEBUG: Total dvariable address used is 1972 out of 150000
DEBUG: Total dvariable address used is 2123368 out of 50000000
DEBUG: Total gradient stack used is 232275 out of 10000000
DEBUG: Total dvariable address used is 1972 out of 150000
DEBUG: Total dvariable address used is 2123368 out of 50000000
DEBUG: Total gradient stack used is 232275 out of 10000000
DEBUG: Total dvariable address used is 1972 out of 150000
DEBUG: Total dvariable address used is 2123368 out of 50000000
DEBUG: Total gradient stack used is 232275 out of 10000000
DEBUG: Total dvariable address used is 1972 out of 150000
DEBUG: Total dvariable address used is 2123368 out of 50000000
DEBUG: Total gradient stack used is 232275 out of 10000000
DEBUG: Total dvariable address used is 1972 out of 150000
DEBUG: Total dvariable address used is 2123368 out of 50000000
DEBUG: Total gradient stack used is 232275 out of 10000000
DEBUG: Total dvariable address used is 1972 out of 150000
DEBUG: Total dvariable address used is 2123368 out of 50000000
DEBUG: Total gradient stack used is 232275 out of 10000000
DEBUG: Total dvariable address used is 1972 out of 150000
DEBUG: Total dvariable address used is 2123368 out of 50000000
DEBUG: Total gradient stack used is 232275 out of 10000000
DEBUG: Total dvariable address used is 1972 out of 150000
DEBUG: Total dvariable address used is 2123368 out of 50000000
DEBUG: Total gradient stack used is 232275 out of 10000000
DEBUG: Total dvariable address used is 1972 out of 150000
DEBUG: Total dvariable address used is 2123368 out of 50000000
DEBUG: Total gradient stack used is 232275 out of 10000000
DEBUG: Total dvariable address used is 1972 out of 150000
DEBUG: Total dvariable address used is 2123368 out of 50000000
DEBUG: Total gradient stack used is 232275 out of 10000000
DEBUG: Total dvariable address used is 1972 out of 150000
DEBUG: Total dvariable address used is 2123368 out of 50000000
phase= 4 | nvar=235 | iter=100 | nll=-1.42e+04 | mag=9.50e+00 | par[102]=S_pars_est[49]
DEBUG: Total gradient stack used is 232275 out of 10000000
DEBUG: Total dvariable address used is 1972 out of 150000
DEBUG: Total dvariable address used is 2123368 out of 50000000
DEBUG: Total gradient stack used is 232275 out of 10000000
DEBUG: Total dvariable address used is 1972 out of 150000
DEBUG: Total dvariable address used is 2123368 out of 50000000
DEBUG: Total gradient stack used is 232275 out of 10000000
DEBUG: Total dvariable address used is 1972 out of 150000
DEBUG: Total dvariable address used is 2123368 out of 50000000
DEBUG: Total gradient stack used is 232275 out of 10000000
DEBUG: Total dvariable address used is 1972 out of 150000
DEBUG: Total dvariable address used is 2123368 out of 50000000
DEBUG: Total gradient stack used is 232275 out of 10000000
DEBUG: Total dvariable address used is 1972 out of 150000
DEBUG: Total dvariable address used is 2123368 out of 50000000
DEBUG: Total gradient stack used is 232275 out of 10000000
DEBUG: Total dvariable address used is 1972 out of 150000
DEBUG: Total dvariable address used is 2123368 out of 50000000
DEBUG: Total gradient stack used is 232275 out of 10000000
DEBUG: Total dvariable address used is 1972 out of 150000
DEBUG: Total dvariable address used is 2123368 out of 50000000
DEBUG: Total gradient stack used is 232275 out of 10000000
DEBUG: Total dvariable address used is 1972 out of 150000
DEBUG: Total dvariable address used is 2123368 out of 50000000
DEBUG: Total gradient stack used is 232275 out of 10000000
DEBUG: Total dvariable address used is 1972 out of 150000
DEBUG: Total dvariable address used is 2123368 out of 50000000
DEBUG: Total gradient stack used is 232275 out of 10000000
DEBUG: Total dvariable address used is 1972 out of 150000
DEBUG: Total dvariable address used is 2123368 out of 50000000
DEBUG: Total gradient stack used is 232275 out of 10000000
DEBUG: Total dvariable address used is 1972 out of 150000
DEBUG: Total dvariable address used is 2123368 out of 50000000
DEBUG: Total gradient stack used is 232275 out of 10000000
DEBUG: Total dvariable address used is 1972 out of 150000
DEBUG: Total dvariable address used is 2123368 out of 50000000
DEBUG: Total gradient stack used is 232275 out of 10000000
DEBUG: Total dvariable address used is 1972 out of 150000
DEBUG: Total dvariable address used is 2123368 out of 50000000
DEBUG: Total gradient stack used is 232275 out of 10000000
DEBUG: Total dvariable address used is 1972 out of 150000
DEBUG: Total dvariable address used is 2123368 out of 50000000
DEBUG: Total gradient stack used is 232275 out of 10000000
DEBUG: Total dvariable address used is 1972 out of 150000
DEBUG: Total dvariable address used is 2123368 out of 50000000
DEBUG: Total gradient stack used is 232275 out of 10000000
DEBUG: Total dvariable address used is 1972 out of 150000
DEBUG: Total dvariable address used is 2123368 out of 50000000
DEBUG: Total gradient stack used is 232275 out of 10000000
DEBUG: Total dvariable address used is 1972 out of 150000
DEBUG: Total dvariable address used is 2123368 out of 50000000
DEBUG: Total gradient stack used is 232275 out of 10000000
DEBUG: Total dvariable address used is 1972 out of 150000
DEBUG: Total dvariable address used is 2123368 out of 50000000
DEBUG: Total gradient stack used is 232275 out of 10000000
DEBUG: Total dvariable address used is 1972 out of 150000
DEBUG: Total dvariable address used is 2123368 out of 50000000
DEBUG: Total gradient stack used is 232275 out of 10000000
DEBUG: Total dvariable address used is 1972 out of 150000
DEBUG: Total dvariable address used is 2123368 out of 50000000
DEBUG: Total gradient stack used is 232275 out of 10000000
DEBUG: Total dvariable address used is 1972 out of 150000
DEBUG: Total dvariable address used is 2123368 out of 50000000
phase= 4 | nvar=235 | iter=120 | nll=-1.42e+04 | mag=2.00e+00 | par[102]=S_pars_est[49]
DEBUG: Total gradient stack used is 232275 out of 10000000
DEBUG: Total dvariable address used is 1972 out of 150000
DEBUG: Total dvariable address used is 2123368 out of 50000000
DEBUG: Total gradient stack used is 232275 out of 10000000
DEBUG: Total dvariable address used is 1972 out of 150000
DEBUG: Total dvariable address used is 2123368 out of 50000000
DEBUG: Total gradient stack used is 232275 out of 10000000
DEBUG: Total dvariable address used is 1972 out of 150000
DEBUG: Total dvariable address used is 2123368 out of 50000000
DEBUG: Total gradient stack used is 232275 out of 10000000
DEBUG: Total dvariable address used is 1972 out of 150000
DEBUG: Total dvariable address used is 2123368 out of 50000000
DEBUG: Total gradient stack used is 232275 out of 10000000
DEBUG: Total dvariable address used is 1972 out of 150000
DEBUG: Total dvariable address used is 2123368 out of 50000000
DEBUG: Total gradient stack used is 232275 out of 10000000
DEBUG: Total dvariable address used is 1972 out of 150000
DEBUG: Total dvariable address used is 2123368 out of 50000000
DEBUG: Total gradient stack used is 232275 out of 10000000
DEBUG: Total dvariable address used is 1972 out of 150000
DEBUG: Total dvariable address used is 2123368 out of 50000000
DEBUG: Total gradient stack used is 232275 out of 10000000
DEBUG: Total dvariable address used is 1972 out of 150000
DEBUG: Total dvariable address used is 2123368 out of 50000000
DEBUG: Total gradient stack used is 232275 out of 10000000
DEBUG: Total dvariable address used is 1972 out of 150000
DEBUG: Total dvariable address used is 2123368 out of 50000000
DEBUG: Total gradient stack used is 232275 out of 10000000
DEBUG: Total dvariable address used is 1972 out of 150000
DEBUG: Total dvariable address used is 2123368 out of 50000000
DEBUG: Total gradient stack used is 232275 out of 10000000
DEBUG: Total dvariable address used is 1972 out of 150000
DEBUG: Total dvariable address used is 2123368 out of 50000000
DEBUG: Total gradient stack used is 232275 out of 10000000
DEBUG: Total dvariable address used is 1972 out of 150000
DEBUG: Total dvariable address used is 2123368 out of 50000000
DEBUG: Total gradient stack used is 232275 out of 10000000
DEBUG: Total dvariable address used is 1972 out of 150000
DEBUG: Total dvariable address used is 2123368 out of 50000000
DEBUG: Total gradient stack used is 232275 out of 10000000
DEBUG: Total dvariable address used is 1972 out of 150000
DEBUG: Total dvariable address used is 2123368 out of 50000000
DEBUG: Total gradient stack used is 232275 out of 10000000
DEBUG: Total dvariable address used is 1972 out of 150000
DEBUG: Total dvariable address used is 2123368 out of 50000000
DEBUG: Total gradient stack used is 232275 out of 10000000
DEBUG: Total dvariable address used is 1972 out of 150000
DEBUG: Total dvariable address used is 2123368 out of 50000000
DEBUG: Total gradient stack used is 232275 out of 10000000
DEBUG: Total dvariable address used is 1972 out of 150000
DEBUG: Total dvariable address used is 2123368 out of 50000000
DEBUG: Total gradient stack used is 232275 out of 10000000
DEBUG: Total dvariable address used is 1972 out of 150000
DEBUG: Total dvariable address used is 2123368 out of 50000000
DEBUG: Total gradient stack used is 232275 out of 10000000
DEBUG: Total dvariable address used is 1972 out of 150000
DEBUG: Total dvariable address used is 2123368 out of 50000000
DEBUG: Total gradient stack used is 232275 out of 10000000
DEBUG: Total dvariable address used is 1972 out of 150000
DEBUG: Total dvariable address used is 2123368 out of 50000000
phase= 4 | nvar=235 | iter=140 | nll=-1.42e+04 | mag=1.95e+00 | par[102]=S_pars_est[49]
DEBUG: Total gradient stack used is 232275 out of 10000000
DEBUG: Total dvariable address used is 1972 out of 150000
DEBUG: Total dvariable address used is 2123368 out of 50000000
DEBUG: Total gradient stack used is 232275 out of 10000000
DEBUG: Total dvariable address used is 1972 out of 150000
DEBUG: Total dvariable address used is 2123368 out of 50000000
DEBUG: Total gradient stack used is 232275 out of 10000000
DEBUG: Total dvariable address used is 1972 out of 150000
DEBUG: Total dvariable address used is 2123368 out of 50000000
DEBUG: Total gradient stack used is 232275 out of 10000000
DEBUG: Total dvariable address used is 1972 out of 150000
DEBUG: Total dvariable address used is 2123368 out of 50000000
DEBUG: Total gradient stack used is 232275 out of 10000000
DEBUG: Total dvariable address used is 1972 out of 150000
DEBUG: Total dvariable address used is 2123368 out of 50000000
DEBUG: Total gradient stack used is 232275 out of 10000000
DEBUG: Total dvariable address used is 1972 out of 150000
DEBUG: Total dvariable address used is 2123368 out of 50000000
DEBUG: Total gradient stack used is 232275 out of 10000000
DEBUG: Total dvariable address used is 1972 out of 150000
DEBUG: Total dvariable address used is 2123368 out of 50000000
DEBUG: Total gradient stack used is 232275 out of 10000000
DEBUG: Total dvariable address used is 1972 out of 150000
DEBUG: Total dvariable address used is 2123368 out of 50000000
DEBUG: Total gradient stack used is 232275 out of 10000000
DEBUG: Total dvariable address used is 1972 out of 150000
DEBUG: Total dvariable address used is 2123368 out of 50000000
DEBUG: Total gradient stack used is 232275 out of 10000000
DEBUG: Total dvariable address used is 1972 out of 150000
DEBUG: Total dvariable address used is 2123368 out of 50000000
DEBUG: Total gradient stack used is 232275 out of 10000000
DEBUG: Total dvariable address used is 1972 out of 150000
DEBUG: Total dvariable address used is 2123368 out of 50000000
DEBUG: Total gradient stack used is 232275 out of 10000000
DEBUG: Total dvariable address used is 1972 out of 150000
DEBUG: Total dvariable address used is 2123368 out of 50000000
DEBUG: Total gradient stack used is 232275 out of 10000000
DEBUG: Total dvariable address used is 1972 out of 150000
DEBUG: Total dvariable address used is 2123368 out of 50000000
DEBUG: Total gradient stack used is 232275 out of 10000000
DEBUG: Total dvariable address used is 1972 out of 150000
DEBUG: Total dvariable address used is 2123368 out of 50000000
DEBUG: Total gradient stack used is 232275 out of 10000000
DEBUG: Total dvariable address used is 1972 out of 150000
DEBUG: Total dvariable address used is 2123368 out of 50000000
DEBUG: Total gradient stack used is 232275 out of 10000000
DEBUG: Total dvariable address used is 1972 out of 150000
DEBUG: Total dvariable address used is 2123368 out of 50000000
DEBUG: Total gradient stack used is 232275 out of 10000000
DEBUG: Total dvariable address used is 1972 out of 150000
DEBUG: Total dvariable address used is 2123368 out of 50000000
DEBUG: Total gradient stack used is 232275 out of 10000000
DEBUG: Total dvariable address used is 1972 out of 150000
DEBUG: Total dvariable address used is 2123368 out of 50000000
DEBUG: Total gradient stack used is 232275 out of 10000000
DEBUG: Total dvariable address used is 1972 out of 150000
DEBUG: Total dvariable address used is 2123368 out of 50000000
DEBUG: Total gradient stack used is 232275 out of 10000000
DEBUG: Total dvariable address used is 1972 out of 150000
DEBUG: Total dvariable address used is 2123368 out of 50000000
DEBUG: Total gradient stack used is 232275 out of 10000000
DEBUG: Total dvariable address used is 1972 out of 150000
DEBUG: Total dvariable address used is 2123368 out of 50000000
phase= 4 | nvar=235 | iter=160 | nll=-1.42e+04 | mag=4.09e-01 | par[102]=S_pars_est[49]
DEBUG: Total gradient stack used is 232275 out of 10000000
DEBUG: Total dvariable address used is 1972 out of 150000
DEBUG: Total dvariable address used is 2123368 out of 50000000
DEBUG: Total gradient stack used is 232275 out of 10000000
DEBUG: Total dvariable address used is 1972 out of 150000
DEBUG: Total dvariable address used is 2123368 out of 50000000
DEBUG: Total gradient stack used is 232275 out of 10000000
DEBUG: Total dvariable address used is 1972 out of 150000
DEBUG: Total dvariable address used is 2123368 out of 50000000
DEBUG: Total gradient stack used is 232275 out of 10000000
DEBUG: Total dvariable address used is 1972 out of 150000
DEBUG: Total dvariable address used is 2123368 out of 50000000
DEBUG: Total gradient stack used is 232275 out of 10000000
DEBUG: Total dvariable address used is 1972 out of 150000
DEBUG: Total dvariable address used is 2123368 out of 50000000
DEBUG: Total gradient stack used is 232275 out of 10000000
DEBUG: Total dvariable address used is 1972 out of 150000
DEBUG: Total dvariable address used is 2123368 out of 50000000
DEBUG: Total gradient stack used is 232275 out of 10000000
DEBUG: Total dvariable address used is 1972 out of 150000
DEBUG: Total dvariable address used is 2123368 out of 50000000
DEBUG: Total gradient stack used is 232275 out of 10000000
DEBUG: Total dvariable address used is 1972 out of 150000
DEBUG: Total dvariable address used is 2123368 out of 50000000
DEBUG: Total gradient stack used is 232275 out of 10000000
DEBUG: Total dvariable address used is 1972 out of 150000
DEBUG: Total dvariable address used is 2123368 out of 50000000
DEBUG: Total gradient stack used is 232275 out of 10000000
DEBUG: Total dvariable address used is 1972 out of 150000
DEBUG: Total dvariable address used is 2123368 out of 50000000
DEBUG: Total gradient stack used is 232275 out of 10000000
DEBUG: Total dvariable address used is 1972 out of 150000
DEBUG: Total dvariable address used is 2123368 out of 50000000
DEBUG: Total gradient stack used is 232275 out of 10000000
DEBUG: Total dvariable address used is 1972 out of 150000
DEBUG: Total dvariable address used is 2123368 out of 50000000
DEBUG: Total gradient stack used is 232275 out of 10000000
DEBUG: Total dvariable address used is 1972 out of 150000
DEBUG: Total dvariable address used is 2123368 out of 50000000
DEBUG: Total gradient stack used is 232275 out of 10000000
DEBUG: Total dvariable address used is 1972 out of 150000
DEBUG: Total dvariable address used is 2123368 out of 50000000
DEBUG: Total gradient stack used is 232275 out of 10000000
DEBUG: Total dvariable address used is 1972 out of 150000
DEBUG: Total dvariable address used is 2123368 out of 50000000
DEBUG: Total gradient stack used is 232275 out of 10000000
DEBUG: Total dvariable address used is 1972 out of 150000
DEBUG: Total dvariable address used is 2123368 out of 50000000
DEBUG: Total gradient stack used is 232275 out of 10000000
DEBUG: Total dvariable address used is 1972 out of 150000
DEBUG: Total dvariable address used is 2123368 out of 50000000
DEBUG: Total gradient stack used is 232275 out of 10000000
DEBUG: Total dvariable address used is 1972 out of 150000
DEBUG: Total dvariable address used is 2123368 out of 50000000
DEBUG: Total gradient stack used is 232275 out of 10000000
DEBUG: Total dvariable address used is 1972 out of 150000
DEBUG: Total dvariable address used is 2123368 out of 50000000
DEBUG: Total gradient stack used is 232275 out of 10000000
DEBUG: Total dvariable address used is 1972 out of 150000
DEBUG: Total dvariable address used is 2123368 out of 50000000
phase= 4 | nvar=235 | iter=180 | nll=-1.42e+04 | mag=2.96e-01 | par[102]=S_pars_est[49]
DEBUG: Total gradient stack used is 232275 out of 10000000
DEBUG: Total dvariable address used is 1972 out of 150000
DEBUG: Total dvariable address used is 2123368 out of 50000000
DEBUG: Total gradient stack used is 232275 out of 10000000
DEBUG: Total dvariable address used is 1972 out of 150000
DEBUG: Total dvariable address used is 2123368 out of 50000000
DEBUG: Total gradient stack used is 232275 out of 10000000
DEBUG: Total dvariable address used is 1972 out of 150000
DEBUG: Total dvariable address used is 2123368 out of 50000000
DEBUG: Total gradient stack used is 232275 out of 10000000
DEBUG: Total dvariable address used is 1972 out of 150000
DEBUG: Total dvariable address used is 2123368 out of 50000000
DEBUG: Total gradient stack used is 232275 out of 10000000
DEBUG: Total dvariable address used is 1972 out of 150000
DEBUG: Total dvariable address used is 2123368 out of 50000000
DEBUG: Total gradient stack used is 232275 out of 10000000
DEBUG: Total dvariable address used is 1972 out of 150000
DEBUG: Total dvariable address used is 2123368 out of 50000000
DEBUG: Total gradient stack used is 232275 out of 10000000
DEBUG: Total dvariable address used is 1972 out of 150000
DEBUG: Total dvariable address used is 2123368 out of 50000000
DEBUG: Total gradient stack used is 232275 out of 10000000
DEBUG: Total dvariable address used is 1972 out of 150000
DEBUG: Total dvariable address used is 2123368 out of 50000000
DEBUG: Total gradient stack used is 232275 out of 10000000
DEBUG: Total dvariable address used is 1972 out of 150000
DEBUG: Total dvariable address used is 2123368 out of 50000000
DEBUG: Total gradient stack used is 232275 out of 10000000
DEBUG: Total dvariable address used is 1972 out of 150000
DEBUG: Total dvariable address used is 2123368 out of 50000000
DEBUG: Total gradient stack used is 232275 out of 10000000
DEBUG: Total dvariable address used is 1972 out of 150000
DEBUG: Total dvariable address used is 2123368 out of 50000000
DEBUG: Total gradient stack used is 232275 out of 10000000
DEBUG: Total dvariable address used is 1972 out of 150000
DEBUG: Total dvariable address used is 2123368 out of 50000000
DEBUG: Total gradient stack used is 232275 out of 10000000
DEBUG: Total dvariable address used is 1972 out of 150000
DEBUG: Total dvariable address used is 2123368 out of 50000000
DEBUG: Total gradient stack used is 232275 out of 10000000
DEBUG: Total dvariable address used is 1972 out of 150000
DEBUG: Total dvariable address used is 2123368 out of 50000000
DEBUG: Total gradient stack used is 232275 out of 10000000
DEBUG: Total dvariable address used is 1972 out of 150000
DEBUG: Total dvariable address used is 2123368 out of 50000000
DEBUG: Total gradient stack used is 232275 out of 10000000
DEBUG: Total dvariable address used is 1972 out of 150000
DEBUG: Total dvariable address used is 2123368 out of 50000000
DEBUG: Total gradient stack used is 232275 out of 10000000
DEBUG: Total dvariable address used is 1972 out of 150000
DEBUG: Total dvariable address used is 2123368 out of 50000000
DEBUG: Total gradient stack used is 232275 out of 10000000
DEBUG: Total dvariable address used is 1972 out of 150000
DEBUG: Total dvariable address used is 2123368 out of 50000000
DEBUG: Total gradient stack used is 232275 out of 10000000
DEBUG: Total dvariable address used is 1972 out of 150000
DEBUG: Total dvariable address used is 2123368 out of 50000000
DEBUG: Total gradient stack used is 232275 out of 10000000
DEBUG: Total dvariable address used is 1972 out of 150000
DEBUG: Total dvariable address used is 2123368 out of 50000000
DEBUG: Total gradient stack used is 232275 out of 10000000
DEBUG: Total dvariable address used is 1972 out of 150000
DEBUG: Total dvariable address used is 2123368 out of 50000000
DEBUG: Total gradient stack used is 232275 out of 10000000
DEBUG: Total dvariable address used is 1972 out of 150000
DEBUG: Total dvariable address used is 2123368 out of 50000000
phase= 4 | nvar=235 | iter=200 | nll=-1.42e+04 | mag=1.23e-01 | par[174]=log_fdev[2][27]
DEBUG: Total gradient stack used is 232275 out of 10000000
DEBUG: Total dvariable address used is 1972 out of 150000
DEBUG: Total dvariable address used is 2123368 out of 50000000
DEBUG: Total gradient stack used is 232275 out of 10000000
DEBUG: Total dvariable address used is 1972 out of 150000
DEBUG: Total dvariable address used is 2123368 out of 50000000
DEBUG: Total gradient stack used is 232275 out of 10000000
DEBUG: Total dvariable address used is 1972 out of 150000
DEBUG: Total dvariable address used is 2123368 out of 50000000
DEBUG: Total gradient stack used is 232275 out of 10000000
DEBUG: Total dvariable address used is 1972 out of 150000
DEBUG: Total dvariable address used is 2123368 out of 50000000
DEBUG: Total gradient stack used is 232275 out of 10000000
DEBUG: Total dvariable address used is 1972 out of 150000
DEBUG: Total dvariable address used is 2123368 out of 50000000
DEBUG: Total gradient stack used is 232275 out of 10000000
DEBUG: Total dvariable address used is 1972 out of 150000
DEBUG: Total dvariable address used is 2123368 out of 50000000
DEBUG: Total gradient stack used is 232275 out of 10000000
DEBUG: Total dvariable address used is 1972 out of 150000
DEBUG: Total dvariable address used is 2123368 out of 50000000
DEBUG: Total gradient stack used is 232275 out of 10000000
DEBUG: Total dvariable address used is 1972 out of 150000
DEBUG: Total dvariable address used is 2123368 out of 50000000
DEBUG: Total gradient stack used is 232275 out of 10000000
DEBUG: Total dvariable address used is 1972 out of 150000
DEBUG: Total dvariable address used is 2123368 out of 50000000
DEBUG: Total gradient stack used is 232275 out of 10000000
DEBUG: Total dvariable address used is 1972 out of 150000
DEBUG: Total dvariable address used is 2123368 out of 50000000
DEBUG: Total gradient stack used is 232275 out of 10000000
DEBUG: Total dvariable address used is 1972 out of 150000
DEBUG: Total dvariable address used is 2123368 out of 50000000
DEBUG: Total gradient stack used is 232275 out of 10000000
DEBUG: Total dvariable address used is 1972 out of 150000
DEBUG: Total dvariable address used is 2123368 out of 50000000
DEBUG: Total gradient stack used is 232275 out of 10000000
DEBUG: Total dvariable address used is 1972 out of 150000
DEBUG: Total dvariable address used is 2123368 out of 50000000
DEBUG: Total gradient stack used is 232275 out of 10000000
DEBUG: Total dvariable address used is 1972 out of 150000
DEBUG: Total dvariable address used is 2123368 out of 50000000
DEBUG: Total gradient stack used is 232275 out of 10000000
DEBUG: Total dvariable address used is 1972 out of 150000
DEBUG: Total dvariable address used is 2123368 out of 50000000
DEBUG: Total gradient stack used is 232275 out of 10000000
DEBUG: Total dvariable address used is 1972 out of 150000
DEBUG: Total dvariable address used is 2123368 out of 50000000
DEBUG: Total gradient stack used is 232275 out of 10000000
DEBUG: Total dvariable address used is 1972 out of 150000
DEBUG: Total dvariable address used is 2123368 out of 50000000
DEBUG: Total gradient stack used is 232275 out of 10000000
DEBUG: Total dvariable address used is 1972 out of 150000
DEBUG: Total dvariable address used is 2123368 out of 50000000
DEBUG: Total gradient stack used is 232275 out of 10000000
DEBUG: Total dvariable address used is 1972 out of 150000
DEBUG: Total dvariable address used is 2123368 out of 50000000
DEBUG: Total gradient stack used is 232275 out of 10000000
DEBUG: Total dvariable address used is 1972 out of 150000
DEBUG: Total dvariable address used is 2123368 out of 50000000
DEBUG: Total gradient stack used is 232275 out of 10000000
DEBUG: Total dvariable address used is 1972 out of 150000
DEBUG: Total dvariable address used is 2123368 out of 50000000
DEBUG: Total gradient stack used is 232275 out of 10000000
DEBUG: Total dvariable address used is 1972 out of 150000
DEBUG: Total dvariable address used is 2123368 out of 50000000
DEBUG: Total gradient stack used is 232275 out of 10000000
DEBUG: Total dvariable address used is 1972 out of 150000
DEBUG: Total dvariable address used is 2123368 out of 50000000
DEBUG: Total gradient stack used is 232275 out of 10000000
DEBUG: Total dvariable address used is 1972 out of 150000
DEBUG: Total dvariable address used is 2123368 out of 50000000
DEBUG: Total gradient stack used is 232275 out of 10000000
DEBUG: Total dvariable address used is 1972 out of 150000
DEBUG: Total dvariable address used is 2123368 out of 50000000
DEBUG: Total gradient stack used is 232275 out of 10000000
DEBUG: Total dvariable address used is 1972 out of 150000
DEBUG: Total dvariable address used is 2123368 out of 50000000
DEBUG: Total gradient stack used is 232275 out of 10000000
DEBUG: Total dvariable address used is 1972 out of 150000
DEBUG: Total dvariable address used is 2123368 out of 50000000
DEBUG: Total gradient stack used is 232275 out of 10000000
DEBUG: Total dvariable address used is 1972 out of 150000
DEBUG: Total dvariable address used is 2123368 out of 50000000
DEBUG: Total gradient stack used is 232275 out of 10000000
DEBUG: Total dvariable address used is 1972 out of 150000
DEBUG: Total dvariable address used is 2123368 out of 50000000
phase= 4 | nvar=235 | iter=220 | nll=-1.42e+04 | mag=2.75e-02 | par[ 27]=T_pars_est[33]
DEBUG: Total gradient stack used is 232275 out of 10000000
DEBUG: Total dvariable address used is 1972 out of 150000
DEBUG: Total dvariable address used is 2123368 out of 50000000
DEBUG: Total gradient stack used is 232275 out of 10000000
DEBUG: Total dvariable address used is 1972 out of 150000
DEBUG: Total dvariable address used is 2123368 out of 50000000
DEBUG: Total gradient stack used is 232275 out of 10000000
DEBUG: Total dvariable address used is 1972 out of 150000
DEBUG: Total dvariable address used is 2123368 out of 50000000
DEBUG: Total gradient stack used is 232275 out of 10000000
DEBUG: Total dvariable address used is 1972 out of 150000
DEBUG: Total dvariable address used is 2123368 out of 50000000
DEBUG: Total gradient stack used is 232275 out of 10000000
DEBUG: Total dvariable address used is 1972 out of 150000
DEBUG: Total dvariable address used is 2123368 out of 50000000
DEBUG: Total gradient stack used is 232275 out of 10000000
DEBUG: Total dvariable address used is 1972 out of 150000
DEBUG: Total dvariable address used is 2123368 out of 50000000
DEBUG: Total gradient stack used is 232275 out of 10000000
DEBUG: Total dvariable address used is 1972 out of 150000
DEBUG: Total dvariable address used is 2123368 out of 50000000
DEBUG: Total gradient stack used is 232275 out of 10000000
DEBUG: Total dvariable address used is 1972 out of 150000
DEBUG: Total dvariable address used is 2123368 out of 50000000
DEBUG: Total gradient stack used is 232275 out of 10000000
DEBUG: Total dvariable address used is 1972 out of 150000
DEBUG: Total dvariable address used is 2123368 out of 50000000
DEBUG: Total gradient stack used is 232275 out of 10000000
DEBUG: Total dvariable address used is 1972 out of 150000
DEBUG: Total dvariable address used is 2123368 out of 50000000
DEBUG: Total gradient stack used is 232275 out of 10000000
DEBUG: Total dvariable address used is 1972 out of 150000
DEBUG: Total dvariable address used is 2123368 out of 50000000
DEBUG: Total gradient stack used is 232275 out of 10000000
DEBUG: Total dvariable address used is 1972 out of 150000
DEBUG: Total dvariable address used is 2123368 out of 50000000
DEBUG: Total gradient stack used is 232275 out of 10000000
DEBUG: Total dvariable address used is 1972 out of 150000
DEBUG: Total dvariable address used is 2123368 out of 50000000
DEBUG: Total gradient stack used is 232275 out of 10000000
DEBUG: Total dvariable address used is 1972 out of 150000
DEBUG: Total dvariable address used is 2123368 out of 50000000
DEBUG: Total gradient stack used is 232275 out of 10000000
DEBUG: Total dvariable address used is 1972 out of 150000
DEBUG: Total dvariable address used is 2123368 out of 50000000
DEBUG: Total gradient stack used is 232275 out of 10000000
DEBUG: Total dvariable address used is 1972 out of 150000
DEBUG: Total dvariable address used is 2123368 out of 50000000
DEBUG: Total gradient stack used is 232275 out of 10000000
DEBUG: Total dvariable address used is 1972 out of 150000
DEBUG: Total dvariable address used is 2123368 out of 50000000
DEBUG: Total gradient stack used is 232275 out of 10000000
DEBUG: Total dvariable address used is 1972 out of 150000
DEBUG: Total dvariable address used is 2123368 out of 50000000
DEBUG: Total gradient stack used is 232275 out of 10000000
DEBUG: Total dvariable address used is 1972 out of 150000
DEBUG: Total dvariable address used is 2123368 out of 50000000
DEBUG: Total gradient stack used is 232275 out of 10000000
DEBUG: Total dvariable address used is 1972 out of 150000
DEBUG: Total dvariable address used is 2123368 out of 50000000
DEBUG: Total gradient stack used is 232275 out of 10000000
DEBUG: Total dvariable address used is 1972 out of 150000
DEBUG: Total dvariable address used is 2123368 out of 50000000
DEBUG: Total gradient stack used is 232275 out of 10000000
DEBUG: Total dvariable address used is 1972 out of 150000
DEBUG: Total dvariable address used is 2123368 out of 50000000
DEBUG: Total gradient stack used is 232275 out of 10000000
DEBUG: Total dvariable address used is 1972 out of 150000
DEBUG: Total dvariable address used is 2123368 out of 50000000
DEBUG: Total gradient stack used is 232275 out of 10000000
DEBUG: Total dvariable address used is 1972 out of 150000
DEBUG: Total dvariable address used is 2123368 out of 50000000
DEBUG: Total gradient stack used is 232275 out of 10000000
DEBUG: Total dvariable address used is 1972 out of 150000
DEBUG: Total dvariable address used is 2123368 out of 50000000
DEBUG: Total gradient stack used is 232275 out of 10000000
DEBUG: Total dvariable address used is 1972 out of 150000
DEBUG: Total dvariable address used is 2123368 out of 50000000
DEBUG: Total gradient stack used is 232275 out of 10000000
DEBUG: Total dvariable address used is 1972 out of 150000
DEBUG: Total dvariable address used is 2123368 out of 50000000
DEBUG: Total gradient stack used is 232275 out of 10000000
DEBUG: Total dvariable address used is 1972 out of 150000
DEBUG: Total dvariable address used is 2123368 out of 50000000
DEBUG: Total gradient stack used is 232275 out of 10000000
DEBUG: Total dvariable address used is 1972 out of 150000
DEBUG: Total dvariable address used is 2123368 out of 50000000
DEBUG: Total gradient stack used is 232275 out of 10000000
DEBUG: Total dvariable address used is 1972 out of 150000
DEBUG: Total dvariable address used is 2123368 out of 50000000
DEBUG: Total gradient stack used is 232275 out of 10000000
DEBUG: Total dvariable address used is 1972 out of 150000
DEBUG: Total dvariable address used is 2123368 out of 50000000
DEBUG: Total gradient stack used is 232275 out of 10000000
DEBUG: Total dvariable address used is 1972 out of 150000
DEBUG: Total dvariable address used is 2123368 out of 50000000
DEBUG: Total gradient stack used is 232275 out of 10000000
DEBUG: Total dvariable address used is 1972 out of 150000
DEBUG: Total dvariable address used is 2123368 out of 50000000
DEBUG: Total gradient stack used is 232275 out of 10000000
DEBUG: Total dvariable address used is 1972 out of 150000
DEBUG: Total dvariable address used is 2123368 out of 50000000
DEBUG: Total gradient stack used is 232275 out of 10000000
DEBUG: Total dvariable address used is 1972 out of 150000
DEBUG: Total dvariable address used is 2123368 out of 50000000
DEBUG: Total gradient stack used is 232275 out of 10000000
DEBUG: Total dvariable address used is 1972 out of 150000
DEBUG: Total dvariable address used is 2123368 out of 50000000
DEBUG: Total gradient stack used is 232275 out of 10000000
DEBUG: Total dvariable address used is 1972 out of 150000
DEBUG: Total dvariable address used is 2123368 out of 50000000
DEBUG: Total gradient stack used is 232275 out of 10000000
DEBUG: Total dvariable address used is 1972 out of 150000
DEBUG: Total dvariable address used is 2123368 out of 50000000
DEBUG: Total gradient stack used is 232275 out of 10000000
DEBUG: Total dvariable address used is 1972 out of 150000
DEBUG: Total dvariable address used is 2123368 out of 50000000
DEBUG: Total gradient stack used is 232275 out of 10000000
DEBUG: Total dvariable address used is 1972 out of 150000
DEBUG: Total dvariable address used is 2123368 out of 50000000
DEBUG: Total gradient stack used is 232275 out of 10000000
DEBUG: Total dvariable address used is 1972 out of 150000
DEBUG: Total dvariable address used is 2123368 out of 50000000
DEBUG: Total gradient stack used is 232275 out of 10000000
DEBUG: Total dvariable address used is 1972 out of 150000
DEBUG: Total dvariable address used is 2123368 out of 50000000
DEBUG: Total gradient stack used is 232275 out of 10000000
DEBUG: Total dvariable address used is 1972 out of 150000
DEBUG: Total dvariable address used is 2123368 out of 50000000
DEBUG: Total gradient stack used is 232275 out of 10000000
DEBUG: Total dvariable address used is 1972 out of 150000
DEBUG: Total dvariable address used is 2123368 out of 50000000
DEBUG: Total gradient stack used is 232275 out of 10000000
DEBUG: Total dvariable address used is 1972 out of 150000
DEBUG: Total dvariable address used is 2123368 out of 50000000
phase= 4 | nvar=235 | iter=229 | nll=-1.42e+04 | mag=5.51e-03 | par[ 52]=M_pars_est[5]
Optimization completed after 15 s with final statistics:
  nll=-14178.268639 | mag=5.50550e-03 | par[ 52]=M_pars_est[5]

Warning: the following parameters had issues
  M_pars_est[5] is within 0.1% of lower bound: -1 < -1 < 1
  S_pars_est[46] is within 1% of upper bound: -11.5129 < -0.0990684 < 0
  S_pars_est[47] is within 1% of upper bound: -11.5129 < -0.0602318 < 0
  S_pars_est[48] is within 1% of upper bound: -11.5129 < -0.0510149 < 0

DEBUG: Total gradient stack used is 0 out of 10000000
DEBUG: Total dvariable address used is 1972 out of 150000
DEBUG: Total dvariable address used is 2123368 out of 50000000
Starting REPORT_SECTION
+--------------------------+
| Beginning report section |
+--------------------------+
last phase
Finished WriteFiles
REPORT_SECTION: finished CreateOutput
REPORT_SECTION: finished save_gradients
Finished REPORT_SECTION
Calculating Hessian (235 variables): DEBUG: Total gradient stack used is 232275 out of 10000000
DEBUG: Total dvariable address used is 1972 out of 150000
DEBUG: Total dvariable address used is 2132096 out of 50000000
DEBUG: Total gradient stack used is 232275 out of 10000000
DEBUG: Total dvariable address used is 1972 out of 150000
DEBUG: Total dvariable address used is 2132096 out of 50000000
DEBUG: Total gradient stack used is 232275 out of 10000000
DEBUG: Total dvariable address used is 1972 out of 150000
DEBUG: Total dvariable address used is 2132096 out of 50000000
DEBUG: Total gradient stack used is 232275 out of 10000000
DEBUG: Total dvariable address used is 1972 out of 150000
DEBUG: Total dvariable address used is 2132096 out of 50000000
DEBUG: Total gradient stack used is 232275 out of 10000000
DEBUG: Total dvariable address used is 1972 out of 150000
DEBUG: Total dvariable address used is 2132096 out of 50000000
DEBUG: Total gradient stack used is 232275 out of 10000000
DEBUG: Total dvariable address used is 1972 out of 150000
DEBUG: Total dvariable address used is 2132096 out of 50000000
DEBUG: Total gradient stack used is 232275 out of 10000000
DEBUG: Total dvariable address used is 1972 out of 150000
DEBUG: Total dvariable address used is 2132096 out of 50000000
DEBUG: Total gradient stack used is 232275 out of 10000000
DEBUG: Total dvariable address used is 1972 out of 150000
DEBUG: Total dvariable address used is 2132096 out of 50000000
DEBUG: Total gradient stack used is 232275 out of 10000000
DEBUG: Total dvariable address used is 1972 out of 150000
DEBUG: Total dvariable address used is 2132096 out of 50000000
DEBUG: Total gradient stack used is 232275 out of 10000000
DEBUG: Total dvariable address used is 1972 out of 150000
DEBUG: Total dvariable address used is 2132096 out of 50000000
DEBUG: Total gradient stack used is 232275 out of 10000000
DEBUG: Total dvariable address used is 1972 out of 150000
DEBUG: Total dvariable address used is 2132096 out of 50000000
DEBUG: Total gradient stack used is 232275 out of 10000000
DEBUG: Total dvariable address used is 1972 out of 150000
DEBUG: Total dvariable address used is 2132096 out of 50000000
DEBUG: Total gradient stack used is 232275 out of 10000000
DEBUG: Total dvariable address used is 1972 out of 150000
DEBUG: Total dvariable address used is 2132096 out of 50000000
DEBUG: Total gradient stack used is 232275 out of 10000000
DEBUG: Total dvariable address used is 1972 out of 150000
DEBUG: Total dvariable address used is 2132096 out of 50000000
DEBUG: Total gradient stack used is 232275 out of 10000000
DEBUG: Total dvariable address used is 1972 out of 150000
DEBUG: Total dvariable address used is 2132096 out of 50000000
DEBUG: Total gradient stack used is 232275 out of 10000000
DEBUG: Total dvariable address used is 1972 out of 150000
DEBUG: Total dvariable address used is 2132096 out of 50000000
DEBUG: Total gradient stack used is 232275 out of 10000000
DEBUG: Total dvariable address used is 1972 out of 150000
DEBUG: Total dvariable address used is 2132096 out of 50000000
DEBUG: Total gradient stack used is 232275 out of 10000000
DEBUG: Total dvariable address used is 1972 out of 150000
DEBUG: Total dvariable address used is 2132096 out of 50000000
DEBUG: Total gradient stack used is 232275 out of 10000000
DEBUG: Total dvariable address used is 1972 out of 150000
DEBUG: Total dvariable address used is 2132096 out of 50000000
DEBUG: Total gradient stack used is 232275 out of 10000000
DEBUG: Total dvariable address used is 1972 out of 150000
DEBUG: Total dvariable address used is 2132096 out of 50000000
DEBUG: Total gradient stack used is 232275 out of 10000000
DEBUG: Total dvariable address used is 1972 out of 150000
DEBUG: Total dvariable address used is 2132096 out of 50000000
DEBUG: Total gradient stack used is 232275 out of 10000000
DEBUG: Total dvariable address used is 1972 out of 150000
DEBUG: Total dvariable address used is 2132096 out of 50000000
DEBUG: Total gradient stack used is 232275 out of 10000000
DEBUG: Total dvariable address used is 1972 out of 150000
DEBUG: Total dvariable address used is 2132096 out of 50000000
DEBUG: Total gradient stack used is 232275 out of 10000000
DEBUG: Total dvariable address used is 1972 out of 150000
DEBUG: Total dvariable address used is 2132096 out of 50000000
DEBUG: Total gradient stack used is 232275 out of 10000000
DEBUG: Total dvariable address used is 1972 out of 150000
DEBUG: Total dvariable address used is 2132096 out of 50000000
DEBUG: Total gradient stack used is 232275 out of 10000000
DEBUG: Total dvariable address used is 1972 out of 150000
DEBUG: Total dvariable address used is 2132096 out of 50000000
DEBUG: Total gradient stack used is 232275 out of 10000000
DEBUG: Total dvariable address used is 1972 out of 150000
DEBUG: Total dvariable address used is 2132096 out of 50000000
DEBUG: Total gradient stack used is 232275 out of 10000000
DEBUG: Total dvariable address used is 1972 out of 150000
DEBUG: Total dvariable address used is 2132096 out of 50000000
DEBUG: Total gradient stack used is 232275 out of 10000000
DEBUG: Total dvariable address used is 1972 out of 150000
DEBUG: Total dvariable address used is 2132096 out of 50000000
DEBUG: Total gradient stack used is 232275 out of 10000000
DEBUG: Total dvariable address used is 1972 out of 150000
DEBUG: Total dvariable address used is 2132096 out of 50000000
DEBUG: Total gradient stack used is 232275 out of 10000000
DEBUG: Total dvariable address used is 1972 out of 150000
DEBUG: Total dvariable address used is 2132096 out of 50000000
DEBUG: Total gradient stack used is 232275 out of 10000000
DEBUG: Total dvariable address used is 1972 out of 150000
DEBUG: Total dvariable address used is 2132096 out of 50000000
DEBUG: Total gradient stack used is 232275 out of 10000000
DEBUG: Total dvariable address used is 1972 out of 150000
DEBUG: Total dvariable address used is 2132096 out of 50000000
DEBUG: Total gradient stack used is 232275 out of 10000000
DEBUG: Total dvariable address used is 1972 out of 150000
DEBUG: Total dvariable address used is 2132096 out of 50000000
DEBUG: Total gradient stack used is 232275 out of 10000000
DEBUG: Total dvariable address used is 1972 out of 150000
DEBUG: Total dvariable address used is 2132096 out of 50000000
DEBUG: Total gradient stack used is 232275 out of 10000000
DEBUG: Total dvariable address used is 1972 out of 150000
DEBUG: Total dvariable address used is 2132096 out of 50000000
DEBUG: Total gradient stack used is 232275 out of 10000000
DEBUG: Total dvariable address used is 1972 out of 150000
DEBUG: Total dvariable address used is 2132096 out of 50000000
DEBUG: Total gradient stack used is 232275 out of 10000000
DEBUG: Total dvariable address used is 1972 out of 150000
DEBUG: Total dvariable address used is 2132096 out of 50000000
DEBUG: Total gradient stack used is 232275 out of 10000000
DEBUG: Total dvariable address used is 1972 out of 150000
DEBUG: Total dvariable address used is 2132096 out of 50000000
DEBUG: Total gradient stack used is 232275 out of 10000000
DEBUG: Total dvariable address used is 1972 out of 150000
DEBUG: Total dvariable address used is 2132096 out of 50000000
DEBUG: Total gradient stack used is 232275 out of 10000000
DEBUG: Total dvariable address used is 1972 out of 150000
DEBUG: Total dvariable address used is 2132096 out of 50000000
DEBUG: Total gradient stack used is 232275 out of 10000000
DEBUG: Total dvariable address used is 1972 out of 150000
DEBUG: Total dvariable address used is 2132096 out of 50000000
DEBUG: Total gradient stack used is 232275 out of 10000000
DEBUG: Total dvariable address used is 1972 out of 150000
DEBUG: Total dvariable address used is 2132096 out of 50000000
DEBUG: Total gradient stack used is 232275 out of 10000000
DEBUG: Total dvariable address used is 1972 out of 150000
DEBUG: Total dvariable address used is 2132096 out of 50000000
DEBUG: Total gradient stack used is 232275 out of 10000000
DEBUG: Total dvariable address used is 1972 out of 150000
DEBUG: Total dvariable address used is 2132096 out of 50000000
DEBUG: Total gradient stack used is 232275 out of 10000000
DEBUG: Total dvariable address used is 1972 out of 150000
DEBUG: Total dvariable address used is 2132096 out of 50000000
DEBUG: Total gradient stack used is 232275 out of 10000000
DEBUG: Total dvariable address used is 1972 out of 150000
DEBUG: Total dvariable address used is 2132096 out of 50000000
DEBUG: Total gradient stack used is 232275 out of 10000000
DEBUG: Total dvariable address used is 1972 out of 150000
DEBUG: Total dvariable address used is 2132096 out of 50000000
DEBUG: Total gradient stack used is 232275 out of 10000000
DEBUG: Total dvariable address used is 1972 out of 150000
DEBUG: Total dvariable address used is 2132096 out of 50000000
DEBUG: Total gradient stack used is 232275 out of 10000000
DEBUG: Total dvariable address used is 1972 out of 150000
DEBUG: Total dvariable address used is 2132096 out of 50000000
DEBUG: Total gradient stack used is 232275 out of 10000000
DEBUG: Total dvariable address used is 1972 out of 150000
DEBUG: Total dvariable address used is 2132096 out of 50000000
DEBUG: Total gradient stack used is 232275 out of 10000000
DEBUG: Total dvariable address used is 1972 out of 150000
DEBUG: Total dvariable address used is 2132096 out of 50000000
DEBUG: Total gradient stack used is 232275 out of 10000000
DEBUG: Total dvariable address used is 1972 out of 150000
DEBUG: Total dvariable address used is 2132096 out of 50000000
DEBUG: Total gradient stack used is 232275 out of 10000000
DEBUG: Total dvariable address used is 1972 out of 150000
DEBUG: Total dvariable address used is 2132096 out of 50000000
DEBUG: Total gradient stack used is 232275 out of 10000000
DEBUG: Total dvariable address used is 1972 out of 150000
DEBUG: Total dvariable address used is 2132096 out of 50000000
DEBUG: Total gradient stack used is 232275 out of 10000000
DEBUG: Total dvariable address used is 1972 out of 150000
DEBUG: Total dvariable address used is 2132096 out of 50000000
DEBUG: Total gradient stack used is 232275 out of 10000000
DEBUG: Total dvariable address used is 1972 out of 150000
DEBUG: Total dvariable address used is 2132096 out of 50000000
DEBUG: Total gradient stack used is 232275 out of 10000000
DEBUG: Total dvariable address used is 1972 out of 150000
DEBUG: Total dvariable address used is 2132096 out of 50000000
DEBUG: Total gradient stack used is 232275 out of 10000000
DEBUG: Total dvariable address used is 1972 out of 150000
DEBUG: Total dvariable address used is 2132096 out of 50000000
DEBUG: Total gradient stack used is 232275 out of 10000000
DEBUG: Total dvariable address used is 1972 out of 150000
DEBUG: Total dvariable address used is 2132096 out of 50000000
DEBUG: Total gradient stack used is 232275 out of 10000000
DEBUG: Total dvariable address used is 1972 out of 150000
DEBUG: Total dvariable address used is 2132096 out of 50000000
DEBUG: Total gradient stack used is 232275 out of 10000000
DEBUG: Total dvariable address used is 1972 out of 150000
DEBUG: Total dvariable address used is 2132096 out of 50000000
DEBUG: Total gradient stack used is 232275 out of 10000000
DEBUG: Total dvariable address used is 1972 out of 150000
DEBUG: Total dvariable address used is 2132096 out of 50000000
DEBUG: Total gradient stack used is 232275 out of 10000000
DEBUG: Total dvariable address used is 1972 out of 150000
DEBUG: Total dvariable address used is 2132096 out of 50000000
DEBUG: Total gradient stack used is 232275 out of 10000000
DEBUG: Total dvariable address used is 1972 out of 150000
DEBUG: Total dvariable address used is 2132096 out of 50000000
DEBUG: Total gradient stack used is 232275 out of 10000000
DEBUG: Total dvariable address used is 1972 out of 150000
DEBUG: Total dvariable address used is 2132096 out of 50000000
DEBUG: Total gradient stack used is 232275 out of 10000000
DEBUG: Total dvariable address used is 1972 out of 150000
DEBUG: Total dvariable address used is 2132096 out of 50000000
DEBUG: Total gradient stack used is 232275 out of 10000000
DEBUG: Total dvariable address used is 1972 out of 150000
DEBUG: Total dvariable address used is 2132096 out of 50000000
DEBUG: Total gradient stack used is 232275 out of 10000000
DEBUG: Total dvariable address used is 1972 out of 150000
DEBUG: Total dvariable address used is 2132096 out of 50000000
DEBUG: Total gradient stack used is 232275 out of 10000000
DEBUG: Total dvariable address used is 1972 out of 150000
DEBUG: Total dvariable address used is 2132096 out of 50000000
DEBUG: Total gradient stack used is 232275 out of 10000000
DEBUG: Total dvariable address used is 1972 out of 150000
DEBUG: Total dvariable address used is 2132096 out of 50000000
DEBUG: Total gradient stack used is 232275 out of 10000000
DEBUG: Total dvariable address used is 1972 out of 150000
DEBUG: Total dvariable address used is 2132096 out of 50000000
DEBUG: Total gradient stack used is 232275 out of 10000000
DEBUG: Total dvariable address used is 1972 out of 150000
DEBUG: Total dvariable address used is 2132096 out of 50000000
DEBUG: Total gradient stack used is 232275 out of 10000000
DEBUG: Total dvariable address used is 1972 out of 150000
DEBUG: Total dvariable address used is 2132096 out of 50000000
DEBUG: Total gradient stack used is 232275 out of 10000000
DEBUG: Total dvariable address used is 1972 out of 150000
DEBUG: Total dvariable address used is 2132096 out of 50000000
DEBUG: Total gradient stack used is 232275 out of 10000000
DEBUG: Total dvariable address used is 1972 out of 150000
DEBUG: Total dvariable address used is 2132096 out of 50000000
DEBUG: Total gradient stack used is 232275 out of 10000000
DEBUG: Total dvariable address used is 1972 out of 150000
DEBUG: Total dvariable address used is 2132096 out of 50000000
DEBUG: Total gradient stack used is 232275 out of 10000000
DEBUG: Total dvariable address used is 1972 out of 150000
DEBUG: Total dvariable address used is 2132096 out of 50000000
DEBUG: Total gradient stack used is 232275 out of 10000000
DEBUG: Total dvariable address used is 1972 out of 150000
DEBUG: Total dvariable address used is 2132096 out of 50000000
DEBUG: Total gradient stack used is 232275 out of 10000000
DEBUG: Total dvariable address used is 1972 out of 150000
DEBUG: Total dvariable address used is 2132096 out of 50000000
DEBUG: Total gradient stack used is 232275 out of 10000000
DEBUG: Total dvariable address used is 1972 out of 150000
DEBUG: Total dvariable address used is 2132096 out of 50000000
DEBUG: Total gradient stack used is 232275 out of 10000000
DEBUG: Total dvariable address used is 1972 out of 150000
DEBUG: Total dvariable address used is 2132096 out of 50000000
DEBUG: Total gradient stack used is 232275 out of 10000000
DEBUG: Total dvariable address used is 1972 out of 150000
DEBUG: Total dvariable address used is 2132096 out of 50000000
DEBUG: Total gradient stack used is 232275 out of 10000000
DEBUG: Total dvariable address used is 1972 out of 150000
DEBUG: Total dvariable address used is 2132096 out of 50000000
DEBUG: Total gradient stack used is 232275 out of 10000000
DEBUG: Total dvariable address used is 1972 out of 150000
DEBUG: Total dvariable address used is 2132096 out of 50000000
DEBUG: Total gradient stack used is 232275 out of 10000000
DEBUG: Total dvariable address used is 1972 out of 150000
DEBUG: Total dvariable address used is 2132096 out of 50000000
DEBUG: Total gradient stack used is 232275 out of 10000000
DEBUG: Total dvariable address used is 1972 out of 150000
DEBUG: Total dvariable address used is 2132096 out of 50000000
DEBUG: Total gradient stack used is 232275 out of 10000000
DEBUG: Total dvariable address used is 1972 out of 150000
DEBUG: Total dvariable address used is 2132096 out of 50000000
DEBUG: Total gradient stack used is 232275 out of 10000000
DEBUG: Total dvariable address used is 1972 out of 150000
DEBUG: Total dvariable address used is 2132096 out of 50000000
DEBUG: Total gradient stack used is 232275 out of 10000000
DEBUG: Total dvariable address used is 1972 out of 150000
DEBUG: Total dvariable address used is 2132096 out of 50000000
DEBUG: Total gradient stack used is 232275 out of 10000000
DEBUG: Total dvariable address used is 1972 out of 150000
DEBUG: Total dvariable address used is 2132096 out of 50000000
DEBUG: Total gradient stack used is 232275 out of 10000000
DEBUG: Total dvariable address used is 1972 out of 150000
DEBUG: Total dvariable address used is 2132096 out of 50000000
DEBUG: Total gradient stack used is 232275 out of 10000000
DEBUG: Total dvariable address used is 1972 out of 150000
DEBUG: Total dvariable address used is 2132096 out of 50000000
DEBUG: Total gradient stack used is 232275 out of 10000000
DEBUG: Total dvariable address used is 1972 out of 150000
DEBUG: Total dvariable address used is 2132096 out of 50000000
DEBUG: Total gradient stack used is 232275 out of 10000000
DEBUG: Total dvariable address used is 1972 out of 150000
DEBUG: Total dvariable address used is 2132096 out of 50000000
DEBUG: Total gradient stack used is 232275 out of 10000000
DEBUG: Total dvariable address used is 1972 out of 150000
DEBUG: Total dvariable address used is 2132096 out of 50000000
DEBUG: Total gradient stack used is 232275 out of 10000000
DEBUG: Total dvariable address used is 1972 out of 150000
DEBUG: Total dvariable address used is 2132096 out of 50000000
DEBUG: Total gradient stack used is 232275 out of 10000000
DEBUG: Total dvariable address used is 1972 out of 150000
DEBUG: Total dvariable address used is 2132096 out of 50000000
DEBUG: Total gradient stack used is 232275 out of 10000000
DEBUG: Total dvariable address used is 1972 out of 150000
DEBUG: Total dvariable address used is 2132096 out of 50000000
DEBUG: Total gradient stack used is 232275 out of 10000000
DEBUG: Total dvariable address used is 1972 out of 150000
DEBUG: Total dvariable address used is 2132096 out of 50000000
DEBUG: Total gradient stack used is 232275 out of 10000000
DEBUG: Total dvariable address used is 1972 out of 150000
DEBUG: Total dvariable address used is 2132096 out of 50000000
DEBUG: Total gradient stack used is 232275 out of 10000000
DEBUG: Total dvariable address used is 1972 out of 150000
DEBUG: Total dvariable address used is 2132096 out of 50000000
DEBUG: Total gradient stack used is 232275 out of 10000000
DEBUG: Total dvariable address used is 1972 out of 150000
DEBUG: Total dvariable address used is 2132096 out of 50000000
DEBUG: Total gradient stack used is 232275 out of 10000000
DEBUG: Total dvariable address used is 1972 out of 150000
DEBUG: Total dvariable address used is 2132096 out of 50000000
DEBUG: Total gradient stack used is 232275 out of 10000000
DEBUG: Total dvariable address used is 1972 out of 150000
DEBUG: Total dvariable address used is 2132096 out of 50000000
DEBUG: Total gradient stack used is 232275 out of 10000000
DEBUG: Total dvariable address used is 1972 out of 150000
DEBUG: Total dvariable address used is 2132096 out of 50000000
DEBUG: Total gradient stack used is 232275 out of 10000000
DEBUG: Total dvariable address used is 1972 out of 150000
DEBUG: Total dvariable address used is 2132096 out of 50000000
DEBUG: Total gradient stack used is 232275 out of 10000000
DEBUG: Total dvariable address used is 1972 out of 150000
DEBUG: Total dvariable address used is 2132096 out of 50000000
DEBUG: Total gradient stack used is 232275 out of 10000000
DEBUG: Total dvariable address used is 1972 out of 150000
DEBUG: Total dvariable address used is 2132096 out of 50000000
DEBUG: Total gradient stack used is 232275 out of 10000000
DEBUG: Total dvariable address used is 1972 out of 150000
DEBUG: Total dvariable address used is 2132096 out of 50000000
DEBUG: Total gradient stack used is 232275 out of 10000000
DEBUG: Total dvariable address used is 1972 out of 150000
DEBUG: Total dvariable address used is 2132096 out of 50000000
DEBUG: Total gradient stack used is 232275 out of 10000000
DEBUG: Total dvariable address used is 1972 out of 150000
DEBUG: Total dvariable address used is 2132096 out of 50000000
DEBUG: Total gradient stack used is 232275 out of 10000000
DEBUG: Total dvariable address used is 1972 out of 150000
DEBUG: Total dvariable address used is 2132096 out of 50000000
DEBUG: Total gradient stack used is 232275 out of 10000000
DEBUG: Total dvariable address used is 1972 out of 150000
DEBUG: Total dvariable address used is 2132096 out of 50000000
DEBUG: Total gradient stack used is 232275 out of 10000000
DEBUG: Total dvariable address used is 1972 out of 150000
DEBUG: Total dvariable address used is 2132096 out of 50000000
DEBUG: Total gradient stack used is 232275 out of 10000000
DEBUG: Total dvariable address used is 1972 out of 150000
DEBUG: Total dvariable address used is 2132096 out of 50000000
DEBUG: Total gradient stack used is 232275 out of 10000000
DEBUG: Total dvariable address used is 1972 out of 150000
DEBUG: Total dvariable address used is 2132096 out of 50000000
DEBUG: Total gradient stack used is 232275 out of 10000000
DEBUG: Total dvariable address used is 1972 out of 150000
DEBUG: Total dvariable address used is 2132096 out of 50000000
DEBUG: Total gradient stack used is 232275 out of 10000000
DEBUG: Total dvariable address used is 1972 out of 150000
DEBUG: Total dvariable address used is 2132096 out of 50000000
DEBUG: Total gradient stack used is 232275 out of 10000000
DEBUG: Total dvariable address used is 1972 out of 150000
DEBUG: Total dvariable address used is 2132096 out of 50000000
DEBUG: Total gradient stack used is 232275 out of 10000000
DEBUG: Total dvariable address used is 1972 out of 150000
DEBUG: Total dvariable address used is 2132096 out of 50000000
DEBUG: Total gradient stack used is 232275 out of 10000000
DEBUG: Total dvariable address used is 1972 out of 150000
DEBUG: Total dvariable address used is 2132096 out of 50000000
DEBUG: Total gradient stack used is 232275 out of 10000000
DEBUG: Total dvariable address used is 1972 out of 150000
DEBUG: Total dvariable address used is 2132096 out of 50000000
DEBUG: Total gradient stack used is 232275 out of 10000000
DEBUG: Total dvariable address used is 1972 out of 150000
DEBUG: Total dvariable address used is 2132096 out of 50000000
DEBUG: Total gradient stack used is 232275 out of 10000000
DEBUG: Total dvariable address used is 1972 out of 150000
DEBUG: Total dvariable address used is 2132096 out of 50000000
DEBUG: Total gradient stack used is 232275 out of 10000000
DEBUG: Total dvariable address used is 1972 out of 150000
DEBUG: Total dvariable address used is 2132096 out of 50000000
DEBUG: Total gradient stack used is 232275 out of 10000000
DEBUG: Total dvariable address used is 1972 out of 150000
DEBUG: Total dvariable address used is 2132096 out of 50000000
DEBUG: Total gradient stack used is 232275 out of 10000000
DEBUG: Total dvariable address used is 1972 out of 150000
DEBUG: Total dvariable address used is 2132096 out of 50000000
DEBUG: Total gradient stack used is 232275 out of 10000000
DEBUG: Total dvariable address used is 1972 out of 150000
DEBUG: Total dvariable address used is 2132096 out of 50000000
DEBUG: Total gradient stack used is 232275 out of 10000000
DEBUG: Total dvariable address used is 1972 out of 150000
DEBUG: Total dvariable address used is 2132096 out of 50000000
DEBUG: Total gradient stack used is 232275 out of 10000000
DEBUG: Total dvariable address used is 1972 out of 150000
DEBUG: Total dvariable address used is 2132096 out of 50000000
DEBUG: Total gradient stack used is 232275 out of 10000000
DEBUG: Total dvariable address used is 1972 out of 150000
DEBUG: Total dvariable address used is 2132096 out of 50000000
DEBUG: Total gradient stack used is 232275 out of 10000000
DEBUG: Total dvariable address used is 1972 out of 150000
DEBUG: Total dvariable address used is 2132096 out of 50000000
DEBUG: Total gradient stack used is 232275 out of 10000000
DEBUG: Total dvariable address used is 1972 out of 150000
DEBUG: Total dvariable address used is 2132096 out of 50000000
DEBUG: Total gradient stack used is 232275 out of 10000000
DEBUG: Total dvariable address used is 1972 out of 150000
DEBUG: Total dvariable address used is 2132096 out of 50000000
DEBUG: Total gradient stack used is 232275 out of 10000000
DEBUG: Total dvariable address used is 1972 out of 150000
DEBUG: Total dvariable address used is 2132096 out of 50000000
DEBUG: Total gradient stack used is 232275 out of 10000000
DEBUG: Total dvariable address used is 1972 out of 150000
DEBUG: Total dvariable address used is 2132096 out of 50000000
DEBUG: Total gradient stack used is 232275 out of 10000000
DEBUG: Total dvariable address used is 1972 out of 150000
DEBUG: Total dvariable address used is 2132096 out of 50000000
DEBUG: Total gradient stack used is 232275 out of 10000000
DEBUG: Total dvariable address used is 1972 out of 150000
DEBUG: Total dvariable address used is 2132096 out of 50000000
DEBUG: Total gradient stack used is 232275 out of 10000000
DEBUG: Total dvariable address used is 1972 out of 150000
DEBUG: Total dvariable address used is 2132096 out of 50000000
DEBUG: Total gradient stack used is 232275 out of 10000000
DEBUG: Total dvariable address used is 1972 out of 150000
DEBUG: Total dvariable address used is 2132096 out of 50000000
DEBUG: Total gradient stack used is 232275 out of 10000000
DEBUG: Total dvariable address used is 1972 out of 150000
DEBUG: Total dvariable address used is 2132096 out of 50000000
DEBUG: Total gradient stack used is 232275 out of 10000000
DEBUG: Total dvariable address used is 1972 out of 150000
DEBUG: Total dvariable address used is 2132096 out of 50000000
DEBUG: Total gradient stack used is 232275 out of 10000000
DEBUG: Total dvariable address used is 1972 out of 150000
DEBUG: Total dvariable address used is 2132096 out of 50000000
DEBUG: Total gradient stack used is 232275 out of 10000000
DEBUG: Total dvariable address used is 1972 out of 150000
DEBUG: Total dvariable address used is 2132096 out of 50000000
DEBUG: Total gradient stack used is 232275 out of 10000000
DEBUG: Total dvariable address used is 1972 out of 150000
DEBUG: Total dvariable address used is 2132096 out of 50000000
DEBUG: Total gradient stack used is 232275 out of 10000000
DEBUG: Total dvariable address used is 1972 out of 150000
DEBUG: Total dvariable address used is 2132096 out of 50000000
DEBUG: Total gradient stack used is 232275 out of 10000000
DEBUG: Total dvariable address used is 1972 out of 150000
DEBUG: Total dvariable address used is 2132096 out of 50000000
DEBUG: Total gradient stack used is 232275 out of 10000000
DEBUG: Total dvariable address used is 1972 out of 150000
DEBUG: Total dvariable address used is 2132096 out of 50000000
DEBUG: Total gradient stack used is 232275 out of 10000000
DEBUG: Total dvariable address used is 1972 out of 150000
DEBUG: Total dvariable address used is 2132096 out of 50000000
DEBUG: Total gradient stack used is 232275 out of 10000000
DEBUG: Total dvariable address used is 1972 out of 150000
DEBUG: Total dvariable address used is 2132096 out of 50000000
DEBUG: Total gradient stack used is 232275 out of 10000000
DEBUG: Total dvariable address used is 1972 out of 150000
DEBUG: Total dvariable address used is 2132096 out of 50000000
DEBUG: Total gradient stack used is 232275 out of 10000000
DEBUG: Total dvariable address used is 1972 out of 150000
DEBUG: Total dvariable address used is 2132096 out of 50000000
DEBUG: Total gradient stack used is 232275 out of 10000000
DEBUG: Total dvariable address used is 1972 out of 150000
DEBUG: Total dvariable address used is 2132096 out of 50000000
DEBUG: Total gradient stack used is 232275 out of 10000000
DEBUG: Total dvariable address used is 1972 out of 150000
DEBUG: Total dvariable address used is 2132096 out of 50000000
DEBUG: Total gradient stack used is 232275 out of 10000000
DEBUG: Total dvariable address used is 1972 out of 150000
DEBUG: Total dvariable address used is 2132096 out of 50000000
DEBUG: Total gradient stack used is 232275 out of 10000000
DEBUG: Total dvariable address used is 1972 out of 150000
DEBUG: Total dvariable address used is 2132096 out of 50000000
DEBUG: Total gradient stack used is 232275 out of 10000000
DEBUG: Total dvariable address used is 1972 out of 150000
DEBUG: Total dvariable address used is 2132096 out of 50000000
DEBUG: Total gradient stack used is 232275 out of 10000000
DEBUG: Total dvariable address used is 1972 out of 150000
DEBUG: Total dvariable address used is 2132096 out of 50000000
DEBUG: Total gradient stack used is 232275 out of 10000000
DEBUG: Total dvariable address used is 1972 out of 150000
DEBUG: Total dvariable address used is 2132096 out of 50000000
DEBUG: Total gradient stack used is 232275 out of 10000000
DEBUG: Total dvariable address used is 1972 out of 150000
DEBUG: Total dvariable address used is 2132096 out of 50000000
DEBUG: Total gradient stack used is 232275 out of 10000000
DEBUG: Total dvariable address used is 1972 out of 150000
DEBUG: Total dvariable address used is 2132096 out of 50000000
DEBUG: Total gradient stack used is 232275 out of 10000000
DEBUG: Total dvariable address used is 1972 out of 150000
DEBUG: Total dvariable address used is 2132096 out of 50000000
DEBUG: Total gradient stack used is 232275 out of 10000000
DEBUG: Total dvariable address used is 1972 out of 150000
DEBUG: Total dvariable address used is 2132096 out of 50000000
DEBUG: Total gradient stack used is 232275 out of 10000000
DEBUG: Total dvariable address used is 1972 out of 150000
DEBUG: Total dvariable address used is 2132096 out of 50000000
DEBUG: Total gradient stack used is 232275 out of 10000000
DEBUG: Total dvariable address used is 1972 out of 150000
DEBUG: Total dvariable address used is 2132096 out of 50000000
DEBUG: Total gradient stack used is 232275 out of 10000000
DEBUG: Total dvariable address used is 1972 out of 150000
DEBUG: Total dvariable address used is 2132096 out of 50000000
DEBUG: Total gradient stack used is 232275 out of 10000000
DEBUG: Total dvariable address used is 1972 out of 150000
DEBUG: Total dvariable address used is 2132096 out of 50000000
DEBUG: Total gradient stack used is 232275 out of 10000000
DEBUG: Total dvariable address used is 1972 out of 150000
DEBUG: Total dvariable address used is 2132096 out of 50000000
DEBUG: Total gradient stack used is 232275 out of 10000000
DEBUG: Total dvariable address used is 1972 out of 150000
DEBUG: Total dvariable address used is 2132096 out of 50000000
DEBUG: Total gradient stack used is 232275 out of 10000000
DEBUG: Total dvariable address used is 1972 out of 150000
DEBUG: Total dvariable address used is 2132096 out of 50000000
DEBUG: Total gradient stack used is 232275 out of 10000000
DEBUG: Total dvariable address used is 1972 out of 150000
DEBUG: Total dvariable address used is 2132096 out of 50000000
DEBUG: Total gradient stack used is 232275 out of 10000000
DEBUG: Total dvariable address used is 1972 out of 150000
DEBUG: Total dvariable address used is 2132096 out of 50000000
DEBUG: Total gradient stack used is 232275 out of 10000000
DEBUG: Total dvariable address used is 1972 out of 150000
DEBUG: Total dvariable address used is 2132096 out of 50000000
DEBUG: Total gradient stack used is 232275 out of 10000000
DEBUG: Total dvariable address used is 1972 out of 150000
DEBUG: Total dvariable address used is 2132096 out of 50000000
DEBUG: Total gradient stack used is 232275 out of 10000000
DEBUG: Total dvariable address used is 1972 out of 150000
DEBUG: Total dvariable address used is 2132096 out of 50000000
DEBUG: Total gradient stack used is 232275 out of 10000000
DEBUG: Total dvariable address used is 1972 out of 150000
DEBUG: Total dvariable address used is 2132096 out of 50000000
DEBUG: Total gradient stack used is 232275 out of 10000000
DEBUG: Total dvariable address used is 1972 out of 150000
DEBUG: Total dvariable address used is 2132096 out of 50000000
DEBUG: Total gradient stack used is 232275 out of 10000000
DEBUG: Total dvariable address used is 1972 out of 150000
DEBUG: Total dvariable address used is 2132096 out of 50000000
DEBUG: Total gradient stack used is 232275 out of 10000000
DEBUG: Total dvariable address used is 1972 out of 150000
DEBUG: Total dvariable address used is 2132096 out of 50000000
DEBUG: Total gradient stack used is 232275 out of 10000000
DEBUG: Total dvariable address used is 1972 out of 150000
DEBUG: Total dvariable address used is 2132096 out of 50000000
DEBUG: Total gradient stack used is 232275 out of 10000000
DEBUG: Total dvariable address used is 1972 out of 150000
DEBUG: Total dvariable address used is 2132096 out of 50000000
DEBUG: Total gradient stack used is 232275 out of 10000000
DEBUG: Total dvariable address used is 1972 out of 150000
DEBUG: Total dvariable address used is 2132096 out of 50000000
DEBUG: Total gradient stack used is 232275 out of 10000000
DEBUG: Total dvariable address used is 1972 out of 150000
DEBUG: Total dvariable address used is 2132096 out of 50000000
DEBUG: Total gradient stack used is 232275 out of 10000000
DEBUG: Total dvariable address used is 1972 out of 150000
DEBUG: Total dvariable address used is 2132096 out of 50000000
20%DEBUG: Total gradient stack used is 232275 out of 10000000
DEBUG: Total dvariable address used is 1972 out of 150000
DEBUG: Total dvariable address used is 2132096 out of 50000000
DEBUG: Total gradient stack used is 232275 out of 10000000
DEBUG: Total dvariable address used is 1972 out of 150000
DEBUG: Total dvariable address used is 2132096 out of 50000000
DEBUG: Total gradient stack used is 232275 out of 10000000
DEBUG: Total dvariable address used is 1972 out of 150000
DEBUG: Total dvariable address used is 2132096 out of 50000000
DEBUG: Total gradient stack used is 232275 out of 10000000
DEBUG: Total dvariable address used is 1972 out of 150000
DEBUG: Total dvariable address used is 2132096 out of 50000000
DEBUG: Total gradient stack used is 232275 out of 10000000
DEBUG: Total dvariable address used is 1972 out of 150000
DEBUG: Total dvariable address used is 2132096 out of 50000000
DEBUG: Total gradient stack used is 232275 out of 10000000
DEBUG: Total dvariable address used is 1972 out of 150000
DEBUG: Total dvariable address used is 2132096 out of 50000000
DEBUG: Total gradient stack used is 232275 out of 10000000
DEBUG: Total dvariable address used is 1972 out of 150000
DEBUG: Total dvariable address used is 2132096 out of 50000000
DEBUG: Total gradient stack used is 232275 out of 10000000
DEBUG: Total dvariable address used is 1972 out of 150000
DEBUG: Total dvariable address used is 2132096 out of 50000000
DEBUG: Total gradient stack used is 232275 out of 10000000
DEBUG: Total dvariable address used is 1972 out of 150000
DEBUG: Total dvariable address used is 2132096 out of 50000000
DEBUG: Total gradient stack used is 232275 out of 10000000
DEBUG: Total dvariable address used is 1972 out of 150000
DEBUG: Total dvariable address used is 2132096 out of 50000000
DEBUG: Total gradient stack used is 232275 out of 10000000
DEBUG: Total dvariable address used is 1972 out of 150000
DEBUG: Total dvariable address used is 2132096 out of 50000000
DEBUG: Total gradient stack used is 232275 out of 10000000
DEBUG: Total dvariable address used is 1972 out of 150000
DEBUG: Total dvariable address used is 2132096 out of 50000000
DEBUG: Total gradient stack used is 232275 out of 10000000
DEBUG: Total dvariable address used is 1972 out of 150000
DEBUG: Total dvariable address used is 2132096 out of 50000000
DEBUG: Total gradient stack used is 232275 out of 10000000
DEBUG: Total dvariable address used is 1972 out of 150000
DEBUG: Total dvariable address used is 2132096 out of 50000000
DEBUG: Total gradient stack used is 232275 out of 10000000
DEBUG: Total dvariable address used is 1972 out of 150000
DEBUG: Total dvariable address used is 2132096 out of 50000000
DEBUG: Total gradient stack used is 232275 out of 10000000
DEBUG: Total dvariable address used is 1972 out of 150000
DEBUG: Total dvariable address used is 2132096 out of 50000000
DEBUG: Total gradient stack used is 232275 out of 10000000
DEBUG: Total dvariable address used is 1972 out of 150000
DEBUG: Total dvariable address used is 2132096 out of 50000000
DEBUG: Total gradient stack used is 232275 out of 10000000
DEBUG: Total dvariable address used is 1972 out of 150000
DEBUG: Total dvariable address used is 2132096 out of 50000000
DEBUG: Total gradient stack used is 232275 out of 10000000
DEBUG: Total dvariable address used is 1972 out of 150000
DEBUG: Total dvariable address used is 2132096 out of 50000000
DEBUG: Total gradient stack used is 232275 out of 10000000
DEBUG: Total dvariable address used is 1972 out of 150000
DEBUG: Total dvariable address used is 2132096 out of 50000000
DEBUG: Total gradient stack used is 232275 out of 10000000
DEBUG: Total dvariable address used is 1972 out of 150000
DEBUG: Total dvariable address used is 2132096 out of 50000000
DEBUG: Total gradient stack used is 232275 out of 10000000
DEBUG: Total dvariable address used is 1972 out of 150000
DEBUG: Total dvariable address used is 2132096 out of 50000000
DEBUG: Total gradient stack used is 232275 out of 10000000
DEBUG: Total dvariable address used is 1972 out of 150000
DEBUG: Total dvariable address used is 2132096 out of 50000000
DEBUG: Total gradient stack used is 232275 out of 10000000
DEBUG: Total dvariable address used is 1972 out of 150000
DEBUG: Total dvariable address used is 2132096 out of 50000000
DEBUG: Total gradient stack used is 232275 out of 10000000
DEBUG: Total dvariable address used is 1972 out of 150000
DEBUG: Total dvariable address used is 2132096 out of 50000000
DEBUG: Total gradient stack used is 232275 out of 10000000
DEBUG: Total dvariable address used is 1972 out of 150000
DEBUG: Total dvariable address used is 2132096 out of 50000000
DEBUG: Total gradient stack used is 232275 out of 10000000
DEBUG: Total dvariable address used is 1972 out of 150000
DEBUG: Total dvariable address used is 2132096 out of 50000000
DEBUG: Total gradient stack used is 232275 out of 10000000
DEBUG: Total dvariable address used is 1972 out of 150000
DEBUG: Total dvariable address used is 2132096 out of 50000000
DEBUG: Total gradient stack used is 232275 out of 10000000
DEBUG: Total dvariable address used is 1972 out of 150000
DEBUG: Total dvariable address used is 2132096 out of 50000000
DEBUG: Total gradient stack used is 232275 out of 10000000
DEBUG: Total dvariable address used is 1972 out of 150000
DEBUG: Total dvariable address used is 2132096 out of 50000000
DEBUG: Total gradient stack used is 232275 out of 10000000
DEBUG: Total dvariable address used is 1972 out of 150000
DEBUG: Total dvariable address used is 2132096 out of 50000000
DEBUG: Total gradient stack used is 232275 out of 10000000
DEBUG: Total dvariable address used is 1972 out of 150000
DEBUG: Total dvariable address used is 2132096 out of 50000000
DEBUG: Total gradient stack used is 232275 out of 10000000
DEBUG: Total dvariable address used is 1972 out of 150000
DEBUG: Total dvariable address used is 2132096 out of 50000000
DEBUG: Total gradient stack used is 232275 out of 10000000
DEBUG: Total dvariable address used is 1972 out of 150000
DEBUG: Total dvariable address used is 2132096 out of 50000000
DEBUG: Total gradient stack used is 232275 out of 10000000
DEBUG: Total dvariable address used is 1972 out of 150000
DEBUG: Total dvariable address used is 2132096 out of 50000000
DEBUG: Total gradient stack used is 232275 out of 10000000
DEBUG: Total dvariable address used is 1972 out of 150000
DEBUG: Total dvariable address used is 2132096 out of 50000000
DEBUG: Total gradient stack used is 232275 out of 10000000
DEBUG: Total dvariable address used is 1972 out of 150000
DEBUG: Total dvariable address used is 2132096 out of 50000000
DEBUG: Total gradient stack used is 232275 out of 10000000
DEBUG: Total dvariable address used is 1972 out of 150000
DEBUG: Total dvariable address used is 2132096 out of 50000000
DEBUG: Total gradient stack used is 232275 out of 10000000
DEBUG: Total dvariable address used is 1972 out of 150000
DEBUG: Total dvariable address used is 2132096 out of 50000000
DEBUG: Total gradient stack used is 232275 out of 10000000
DEBUG: Total dvariable address used is 1972 out of 150000
DEBUG: Total dvariable address used is 2132096 out of 50000000
DEBUG: Total gradient stack used is 232275 out of 10000000
DEBUG: Total dvariable address used is 1972 out of 150000
DEBUG: Total dvariable address used is 2132096 out of 50000000
DEBUG: Total gradient stack used is 232275 out of 10000000
DEBUG: Total dvariable address used is 1972 out of 150000
DEBUG: Total dvariable address used is 2132096 out of 50000000
DEBUG: Total gradient stack used is 232275 out of 10000000
DEBUG: Total dvariable address used is 1972 out of 150000
DEBUG: Total dvariable address used is 2132096 out of 50000000
DEBUG: Total gradient stack used is 232275 out of 10000000
DEBUG: Total dvariable address used is 1972 out of 150000
DEBUG: Total dvariable address used is 2132096 out of 50000000
DEBUG: Total gradient stack used is 232275 out of 10000000
DEBUG: Total dvariable address used is 1972 out of 150000
DEBUG: Total dvariable address used is 2132096 out of 50000000
DEBUG: Total gradient stack used is 232275 out of 10000000
DEBUG: Total dvariable address used is 1972 out of 150000
DEBUG: Total dvariable address used is 2132096 out of 50000000
DEBUG: Total gradient stack used is 232275 out of 10000000
DEBUG: Total dvariable address used is 1972 out of 150000
DEBUG: Total dvariable address used is 2132096 out of 50000000
DEBUG: Total gradient stack used is 232275 out of 10000000
DEBUG: Total dvariable address used is 1972 out of 150000
DEBUG: Total dvariable address used is 2132096 out of 50000000
DEBUG: Total gradient stack used is 232275 out of 10000000
DEBUG: Total dvariable address used is 1972 out of 150000
DEBUG: Total dvariable address used is 2132096 out of 50000000
DEBUG: Total gradient stack used is 232275 out of 10000000
DEBUG: Total dvariable address used is 1972 out of 150000
DEBUG: Total dvariable address used is 2132096 out of 50000000
DEBUG: Total gradient stack used is 232275 out of 10000000
DEBUG: Total dvariable address used is 1972 out of 150000
DEBUG: Total dvariable address used is 2132096 out of 50000000
DEBUG: Total gradient stack used is 232275 out of 10000000
DEBUG: Total dvariable address used is 1972 out of 150000
DEBUG: Total dvariable address used is 2132096 out of 50000000
DEBUG: Total gradient stack used is 232275 out of 10000000
DEBUG: Total dvariable address used is 1972 out of 150000
DEBUG: Total dvariable address used is 2132096 out of 50000000
DEBUG: Total gradient stack used is 232275 out of 10000000
DEBUG: Total dvariable address used is 1972 out of 150000
DEBUG: Total dvariable address used is 2132096 out of 50000000
DEBUG: Total gradient stack used is 232275 out of 10000000
DEBUG: Total dvariable address used is 1972 out of 150000
DEBUG: Total dvariable address used is 2132096 out of 50000000
DEBUG: Total gradient stack used is 232275 out of 10000000
DEBUG: Total dvariable address used is 1972 out of 150000
DEBUG: Total dvariable address used is 2132096 out of 50000000
DEBUG: Total gradient stack used is 232275 out of 10000000
DEBUG: Total dvariable address used is 1972 out of 150000
DEBUG: Total dvariable address used is 2132096 out of 50000000
DEBUG: Total gradient stack used is 232275 out of 10000000
DEBUG: Total dvariable address used is 1972 out of 150000
DEBUG: Total dvariable address used is 2132096 out of 50000000
DEBUG: Total gradient stack used is 232275 out of 10000000
DEBUG: Total dvariable address used is 1972 out of 150000
DEBUG: Total dvariable address used is 2132096 out of 50000000
DEBUG: Total gradient stack used is 232275 out of 10000000
DEBUG: Total dvariable address used is 1972 out of 150000
DEBUG: Total dvariable address used is 2132096 out of 50000000
DEBUG: Total gradient stack used is 232275 out of 10000000
DEBUG: Total dvariable address used is 1972 out of 150000
DEBUG: Total dvariable address used is 2132096 out of 50000000
DEBUG: Total gradient stack used is 232275 out of 10000000
DEBUG: Total dvariable address used is 1972 out of 150000
DEBUG: Total dvariable address used is 2132096 out of 50000000
DEBUG: Total gradient stack used is 232275 out of 10000000
DEBUG: Total dvariable address used is 1972 out of 150000
DEBUG: Total dvariable address used is 2132096 out of 50000000
DEBUG: Total gradient stack used is 232275 out of 10000000
DEBUG: Total dvariable address used is 1972 out of 150000
DEBUG: Total dvariable address used is 2132096 out of 50000000
DEBUG: Total gradient stack used is 232275 out of 10000000
DEBUG: Total dvariable address used is 1972 out of 150000
DEBUG: Total dvariable address used is 2132096 out of 50000000
DEBUG: Total gradient stack used is 232275 out of 10000000
DEBUG: Total dvariable address used is 1972 out of 150000
DEBUG: Total dvariable address used is 2132096 out of 50000000
DEBUG: Total gradient stack used is 232275 out of 10000000
DEBUG: Total dvariable address used is 1972 out of 150000
DEBUG: Total dvariable address used is 2132096 out of 50000000
DEBUG: Total gradient stack used is 232275 out of 10000000
DEBUG: Total dvariable address used is 1972 out of 150000
DEBUG: Total dvariable address used is 2132096 out of 50000000
DEBUG: Total gradient stack used is 232275 out of 10000000
DEBUG: Total dvariable address used is 1972 out of 150000
DEBUG: Total dvariable address used is 2132096 out of 50000000
DEBUG: Total gradient stack used is 232275 out of 10000000
DEBUG: Total dvariable address used is 1972 out of 150000
DEBUG: Total dvariable address used is 2132096 out of 50000000
DEBUG: Total gradient stack used is 232275 out of 10000000
DEBUG: Total dvariable address used is 1972 out of 150000
DEBUG: Total dvariable address used is 2132096 out of 50000000
DEBUG: Total gradient stack used is 232275 out of 10000000
DEBUG: Total dvariable address used is 1972 out of 150000
DEBUG: Total dvariable address used is 2132096 out of 50000000
DEBUG: Total gradient stack used is 232275 out of 10000000
DEBUG: Total dvariable address used is 1972 out of 150000
DEBUG: Total dvariable address used is 2132096 out of 50000000
DEBUG: Total gradient stack used is 232275 out of 10000000
DEBUG: Total dvariable address used is 1972 out of 150000
DEBUG: Total dvariable address used is 2132096 out of 50000000
DEBUG: Total gradient stack used is 232275 out of 10000000
DEBUG: Total dvariable address used is 1972 out of 150000
DEBUG: Total dvariable address used is 2132096 out of 50000000
DEBUG: Total gradient stack used is 232275 out of 10000000
DEBUG: Total dvariable address used is 1972 out of 150000
DEBUG: Total dvariable address used is 2132096 out of 50000000
DEBUG: Total gradient stack used is 232275 out of 10000000
DEBUG: Total dvariable address used is 1972 out of 150000
DEBUG: Total dvariable address used is 2132096 out of 50000000
DEBUG: Total gradient stack used is 232275 out of 10000000
DEBUG: Total dvariable address used is 1972 out of 150000
DEBUG: Total dvariable address used is 2132096 out of 50000000
DEBUG: Total gradient stack used is 232275 out of 10000000
DEBUG: Total dvariable address used is 1972 out of 150000
DEBUG: Total dvariable address used is 2132096 out of 50000000
DEBUG: Total gradient stack used is 232275 out of 10000000
DEBUG: Total dvariable address used is 1972 out of 150000
DEBUG: Total dvariable address used is 2132096 out of 50000000
DEBUG: Total gradient stack used is 232275 out of 10000000
DEBUG: Total dvariable address used is 1972 out of 150000
DEBUG: Total dvariable address used is 2132096 out of 50000000
DEBUG: Total gradient stack used is 232275 out of 10000000
DEBUG: Total dvariable address used is 1972 out of 150000
DEBUG: Total dvariable address used is 2132096 out of 50000000
DEBUG: Total gradient stack used is 232275 out of 10000000
DEBUG: Total dvariable address used is 1972 out of 150000
DEBUG: Total dvariable address used is 2132096 out of 50000000
DEBUG: Total gradient stack used is 232275 out of 10000000
DEBUG: Total dvariable address used is 1972 out of 150000
DEBUG: Total dvariable address used is 2132096 out of 50000000
DEBUG: Total gradient stack used is 232275 out of 10000000
DEBUG: Total dvariable address used is 1972 out of 150000
DEBUG: Total dvariable address used is 2132096 out of 50000000
DEBUG: Total gradient stack used is 232275 out of 10000000
DEBUG: Total dvariable address used is 1972 out of 150000
DEBUG: Total dvariable address used is 2132096 out of 50000000
DEBUG: Total gradient stack used is 232275 out of 10000000
DEBUG: Total dvariable address used is 1972 out of 150000
DEBUG: Total dvariable address used is 2132096 out of 50000000
DEBUG: Total gradient stack used is 232275 out of 10000000
DEBUG: Total dvariable address used is 1972 out of 150000
DEBUG: Total dvariable address used is 2132096 out of 50000000
DEBUG: Total gradient stack used is 232275 out of 10000000
DEBUG: Total dvariable address used is 1972 out of 150000
DEBUG: Total dvariable address used is 2132096 out of 50000000
DEBUG: Total gradient stack used is 232275 out of 10000000
DEBUG: Total dvariable address used is 1972 out of 150000
DEBUG: Total dvariable address used is 2132096 out of 50000000
DEBUG: Total gradient stack used is 232275 out of 10000000
DEBUG: Total dvariable address used is 1972 out of 150000
DEBUG: Total dvariable address used is 2132096 out of 50000000
DEBUG: Total gradient stack used is 232275 out of 10000000
DEBUG: Total dvariable address used is 1972 out of 150000
DEBUG: Total dvariable address used is 2132096 out of 50000000
DEBUG: Total gradient stack used is 232275 out of 10000000
DEBUG: Total dvariable address used is 1972 out of 150000
DEBUG: Total dvariable address used is 2132096 out of 50000000
DEBUG: Total gradient stack used is 232275 out of 10000000
DEBUG: Total dvariable address used is 1972 out of 150000
DEBUG: Total dvariable address used is 2132096 out of 50000000
DEBUG: Total gradient stack used is 232275 out of 10000000
DEBUG: Total dvariable address used is 1972 out of 150000
DEBUG: Total dvariable address used is 2132096 out of 50000000
DEBUG: Total gradient stack used is 232275 out of 10000000
DEBUG: Total dvariable address used is 1972 out of 150000
DEBUG: Total dvariable address used is 2132096 out of 50000000
DEBUG: Total gradient stack used is 232275 out of 10000000
DEBUG: Total dvariable address used is 1972 out of 150000
DEBUG: Total dvariable address used is 2132096 out of 50000000
DEBUG: Total gradient stack used is 232275 out of 10000000
DEBUG: Total dvariable address used is 1972 out of 150000
DEBUG: Total dvariable address used is 2132096 out of 50000000
DEBUG: Total gradient stack used is 232275 out of 10000000
DEBUG: Total dvariable address used is 1972 out of 150000
DEBUG: Total dvariable address used is 2132096 out of 50000000
DEBUG: Total gradient stack used is 232275 out of 10000000
DEBUG: Total dvariable address used is 1972 out of 150000
DEBUG: Total dvariable address used is 2132096 out of 50000000
DEBUG: Total gradient stack used is 232275 out of 10000000
DEBUG: Total dvariable address used is 1972 out of 150000
DEBUG: Total dvariable address used is 2132096 out of 50000000
DEBUG: Total gradient stack used is 232275 out of 10000000
DEBUG: Total dvariable address used is 1972 out of 150000
DEBUG: Total dvariable address used is 2132096 out of 50000000
DEBUG: Total gradient stack used is 232275 out of 10000000
DEBUG: Total dvariable address used is 1972 out of 150000
DEBUG: Total dvariable address used is 2132096 out of 50000000
DEBUG: Total gradient stack used is 232275 out of 10000000
DEBUG: Total dvariable address used is 1972 out of 150000
DEBUG: Total dvariable address used is 2132096 out of 50000000
DEBUG: Total gradient stack used is 232275 out of 10000000
DEBUG: Total dvariable address used is 1972 out of 150000
DEBUG: Total dvariable address used is 2132096 out of 50000000
DEBUG: Total gradient stack used is 232275 out of 10000000
DEBUG: Total dvariable address used is 1972 out of 150000
DEBUG: Total dvariable address used is 2132096 out of 50000000
DEBUG: Total gradient stack used is 232275 out of 10000000
DEBUG: Total dvariable address used is 1972 out of 150000
DEBUG: Total dvariable address used is 2132096 out of 50000000
DEBUG: Total gradient stack used is 232275 out of 10000000
DEBUG: Total dvariable address used is 1972 out of 150000
DEBUG: Total dvariable address used is 2132096 out of 50000000
DEBUG: Total gradient stack used is 232275 out of 10000000
DEBUG: Total dvariable address used is 1972 out of 150000
DEBUG: Total dvariable address used is 2132096 out of 50000000
DEBUG: Total gradient stack used is 232275 out of 10000000
DEBUG: Total dvariable address used is 1972 out of 150000
DEBUG: Total dvariable address used is 2132096 out of 50000000
DEBUG: Total gradient stack used is 232275 out of 10000000
DEBUG: Total dvariable address used is 1972 out of 150000
DEBUG: Total dvariable address used is 2132096 out of 50000000
DEBUG: Total gradient stack used is 232275 out of 10000000
DEBUG: Total dvariable address used is 1972 out of 150000
DEBUG: Total dvariable address used is 2132096 out of 50000000
DEBUG: Total gradient stack used is 232275 out of 10000000
DEBUG: Total dvariable address used is 1972 out of 150000
DEBUG: Total dvariable address used is 2132096 out of 50000000
DEBUG: Total gradient stack used is 232275 out of 10000000
DEBUG: Total dvariable address used is 1972 out of 150000
DEBUG: Total dvariable address used is 2132096 out of 50000000
DEBUG: Total gradient stack used is 232275 out of 10000000
DEBUG: Total dvariable address used is 1972 out of 150000
DEBUG: Total dvariable address used is 2132096 out of 50000000
DEBUG: Total gradient stack used is 232275 out of 10000000
DEBUG: Total dvariable address used is 1972 out of 150000
DEBUG: Total dvariable address used is 2132096 out of 50000000
DEBUG: Total gradient stack used is 232275 out of 10000000
DEBUG: Total dvariable address used is 1972 out of 150000
DEBUG: Total dvariable address used is 2132096 out of 50000000
DEBUG: Total gradient stack used is 232275 out of 10000000
DEBUG: Total dvariable address used is 1972 out of 150000
DEBUG: Total dvariable address used is 2132096 out of 50000000
DEBUG: Total gradient stack used is 232275 out of 10000000
DEBUG: Total dvariable address used is 1972 out of 150000
DEBUG: Total dvariable address used is 2132096 out of 50000000
DEBUG: Total gradient stack used is 232275 out of 10000000
DEBUG: Total dvariable address used is 1972 out of 150000
DEBUG: Total dvariable address used is 2132096 out of 50000000
DEBUG: Total gradient stack used is 232275 out of 10000000
DEBUG: Total dvariable address used is 1972 out of 150000
DEBUG: Total dvariable address used is 2132096 out of 50000000
DEBUG: Total gradient stack used is 232275 out of 10000000
DEBUG: Total dvariable address used is 1972 out of 150000
DEBUG: Total dvariable address used is 2132096 out of 50000000
DEBUG: Total gradient stack used is 232275 out of 10000000
DEBUG: Total dvariable address used is 1972 out of 150000
DEBUG: Total dvariable address used is 2132096 out of 50000000
DEBUG: Total gradient stack used is 232275 out of 10000000
DEBUG: Total dvariable address used is 1972 out of 150000
DEBUG: Total dvariable address used is 2132096 out of 50000000
DEBUG: Total gradient stack used is 232275 out of 10000000
DEBUG: Total dvariable address used is 1972 out of 150000
DEBUG: Total dvariable address used is 2132096 out of 50000000
DEBUG: Total gradient stack used is 232275 out of 10000000
DEBUG: Total dvariable address used is 1972 out of 150000
DEBUG: Total dvariable address used is 2132096 out of 50000000
DEBUG: Total gradient stack used is 232275 out of 10000000
DEBUG: Total dvariable address used is 1972 out of 150000
DEBUG: Total dvariable address used is 2132096 out of 50000000
DEBUG: Total gradient stack used is 232275 out of 10000000
DEBUG: Total dvariable address used is 1972 out of 150000
DEBUG: Total dvariable address used is 2132096 out of 50000000
DEBUG: Total gradient stack used is 232275 out of 10000000
DEBUG: Total dvariable address used is 1972 out of 150000
DEBUG: Total dvariable address used is 2132096 out of 50000000
DEBUG: Total gradient stack used is 232275 out of 10000000
DEBUG: Total dvariable address used is 1972 out of 150000
DEBUG: Total dvariable address used is 2132096 out of 50000000
DEBUG: Total gradient stack used is 232275 out of 10000000
DEBUG: Total dvariable address used is 1972 out of 150000
DEBUG: Total dvariable address used is 2132096 out of 50000000
DEBUG: Total gradient stack used is 232275 out of 10000000
DEBUG: Total dvariable address used is 1972 out of 150000
DEBUG: Total dvariable address used is 2132096 out of 50000000
DEBUG: Total gradient stack used is 232275 out of 10000000
DEBUG: Total dvariable address used is 1972 out of 150000
DEBUG: Total dvariable address used is 2132096 out of 50000000
DEBUG: Total gradient stack used is 232275 out of 10000000
DEBUG: Total dvariable address used is 1972 out of 150000
DEBUG: Total dvariable address used is 2132096 out of 50000000
DEBUG: Total gradient stack used is 232275 out of 10000000
DEBUG: Total dvariable address used is 1972 out of 150000
DEBUG: Total dvariable address used is 2132096 out of 50000000
DEBUG: Total gradient stack used is 232275 out of 10000000
DEBUG: Total dvariable address used is 1972 out of 150000
DEBUG: Total dvariable address used is 2132096 out of 50000000
DEBUG: Total gradient stack used is 232275 out of 10000000
DEBUG: Total dvariable address used is 1972 out of 150000
DEBUG: Total dvariable address used is 2132096 out of 50000000
DEBUG: Total gradient stack used is 232275 out of 10000000
DEBUG: Total dvariable address used is 1972 out of 150000
DEBUG: Total dvariable address used is 2132096 out of 50000000
DEBUG: Total gradient stack used is 232275 out of 10000000
DEBUG: Total dvariable address used is 1972 out of 150000
DEBUG: Total dvariable address used is 2132096 out of 50000000
DEBUG: Total gradient stack used is 232275 out of 10000000
DEBUG: Total dvariable address used is 1972 out of 150000
DEBUG: Total dvariable address used is 2132096 out of 50000000
DEBUG: Total gradient stack used is 232275 out of 10000000
DEBUG: Total dvariable address used is 1972 out of 150000
DEBUG: Total dvariable address used is 2132096 out of 50000000
DEBUG: Total gradient stack used is 232275 out of 10000000
DEBUG: Total dvariable address used is 1972 out of 150000
DEBUG: Total dvariable address used is 2132096 out of 50000000
DEBUG: Total gradient stack used is 232275 out of 10000000
DEBUG: Total dvariable address used is 1972 out of 150000
DEBUG: Total dvariable address used is 2132096 out of 50000000
DEBUG: Total gradient stack used is 232275 out of 10000000
DEBUG: Total dvariable address used is 1972 out of 150000
DEBUG: Total dvariable address used is 2132096 out of 50000000
DEBUG: Total gradient stack used is 232275 out of 10000000
DEBUG: Total dvariable address used is 1972 out of 150000
DEBUG: Total dvariable address used is 2132096 out of 50000000
DEBUG: Total gradient stack used is 232275 out of 10000000
DEBUG: Total dvariable address used is 1972 out of 150000
DEBUG: Total dvariable address used is 2132096 out of 50000000
DEBUG: Total gradient stack used is 232275 out of 10000000
DEBUG: Total dvariable address used is 1972 out of 150000
DEBUG: Total dvariable address used is 2132096 out of 50000000
DEBUG: Total gradient stack used is 232275 out of 10000000
DEBUG: Total dvariable address used is 1972 out of 150000
DEBUG: Total dvariable address used is 2132096 out of 50000000
DEBUG: Total gradient stack used is 232275 out of 10000000
DEBUG: Total dvariable address used is 1972 out of 150000
DEBUG: Total dvariable address used is 2132096 out of 50000000
DEBUG: Total gradient stack used is 232275 out of 10000000
DEBUG: Total dvariable address used is 1972 out of 150000
DEBUG: Total dvariable address used is 2132096 out of 50000000
DEBUG: Total gradient stack used is 232275 out of 10000000
DEBUG: Total dvariable address used is 1972 out of 150000
DEBUG: Total dvariable address used is 2132096 out of 50000000
DEBUG: Total gradient stack used is 232275 out of 10000000
DEBUG: Total dvariable address used is 1972 out of 150000
DEBUG: Total dvariable address used is 2132096 out of 50000000
DEBUG: Total gradient stack used is 232275 out of 10000000
DEBUG: Total dvariable address used is 1972 out of 150000
DEBUG: Total dvariable address used is 2132096 out of 50000000
DEBUG: Total gradient stack used is 232275 out of 10000000
DEBUG: Total dvariable address used is 1972 out of 150000
DEBUG: Total dvariable address used is 2132096 out of 50000000
DEBUG: Total gradient stack used is 232275 out of 10000000
DEBUG: Total dvariable address used is 1972 out of 150000
DEBUG: Total dvariable address used is 2132096 out of 50000000
DEBUG: Total gradient stack used is 232275 out of 10000000
DEBUG: Total dvariable address used is 1972 out of 150000
DEBUG: Total dvariable address used is 2132096 out of 50000000
DEBUG: Total gradient stack used is 232275 out of 10000000
DEBUG: Total dvariable address used is 1972 out of 150000
DEBUG: Total dvariable address used is 2132096 out of 50000000
DEBUG: Total gradient stack used is 232275 out of 10000000
DEBUG: Total dvariable address used is 1972 out of 150000
DEBUG: Total dvariable address used is 2132096 out of 50000000
DEBUG: Total gradient stack used is 232275 out of 10000000
DEBUG: Total dvariable address used is 1972 out of 150000
DEBUG: Total dvariable address used is 2132096 out of 50000000
DEBUG: Total gradient stack used is 232275 out of 10000000
DEBUG: Total dvariable address used is 1972 out of 150000
DEBUG: Total dvariable address used is 2132096 out of 50000000
DEBUG: Total gradient stack used is 232275 out of 10000000
DEBUG: Total dvariable address used is 1972 out of 150000
DEBUG: Total dvariable address used is 2132096 out of 50000000
DEBUG: Total gradient stack used is 232275 out of 10000000
DEBUG: Total dvariable address used is 1972 out of 150000
DEBUG: Total dvariable address used is 2132096 out of 50000000
DEBUG: Total gradient stack used is 232275 out of 10000000
DEBUG: Total dvariable address used is 1972 out of 150000
DEBUG: Total dvariable address used is 2132096 out of 50000000
DEBUG: Total gradient stack used is 232275 out of 10000000
DEBUG: Total dvariable address used is 1972 out of 150000
DEBUG: Total dvariable address used is 2132096 out of 50000000
DEBUG: Total gradient stack used is 232275 out of 10000000
DEBUG: Total dvariable address used is 1972 out of 150000
DEBUG: Total dvariable address used is 2132096 out of 50000000
DEBUG: Total gradient stack used is 232275 out of 10000000
DEBUG: Total dvariable address used is 1972 out of 150000
DEBUG: Total dvariable address used is 2132096 out of 50000000
DEBUG: Total gradient stack used is 232275 out of 10000000
DEBUG: Total dvariable address used is 1972 out of 150000
DEBUG: Total dvariable address used is 2132096 out of 50000000
DEBUG: Total gradient stack used is 232275 out of 10000000
DEBUG: Total dvariable address used is 1972 out of 150000
DEBUG: Total dvariable address used is 2132096 out of 50000000
DEBUG: Total gradient stack used is 232275 out of 10000000
DEBUG: Total dvariable address used is 1972 out of 150000
DEBUG: Total dvariable address used is 2132096 out of 50000000
DEBUG: Total gradient stack used is 232275 out of 10000000
DEBUG: Total dvariable address used is 1972 out of 150000
DEBUG: Total dvariable address used is 2132096 out of 50000000
DEBUG: Total gradient stack used is 232275 out of 10000000
DEBUG: Total dvariable address used is 1972 out of 150000
DEBUG: Total dvariable address used is 2132096 out of 50000000
DEBUG: Total gradient stack used is 232275 out of 10000000
DEBUG: Total dvariable address used is 1972 out of 150000
DEBUG: Total dvariable address used is 2132096 out of 50000000
DEBUG: Total gradient stack used is 232275 out of 10000000
DEBUG: Total dvariable address used is 1972 out of 150000
DEBUG: Total dvariable address used is 2132096 out of 50000000
DEBUG: Total gradient stack used is 232275 out of 10000000
DEBUG: Total dvariable address used is 1972 out of 150000
DEBUG: Total dvariable address used is 2132096 out of 50000000
DEBUG: Total gradient stack used is 232275 out of 10000000
DEBUG: Total dvariable address used is 1972 out of 150000
DEBUG: Total dvariable address used is 2132096 out of 50000000
DEBUG: Total gradient stack used is 232275 out of 10000000
DEBUG: Total dvariable address used is 1972 out of 150000
DEBUG: Total dvariable address used is 2132096 out of 50000000
DEBUG: Total gradient stack used is 232275 out of 10000000
DEBUG: Total dvariable address used is 1972 out of 150000
DEBUG: Total dvariable address used is 2132096 out of 50000000
DEBUG: Total gradient stack used is 232275 out of 10000000
DEBUG: Total dvariable address used is 1972 out of 150000
DEBUG: Total dvariable address used is 2132096 out of 50000000
DEBUG: Total gradient stack used is 232275 out of 10000000
DEBUG: Total dvariable address used is 1972 out of 150000
DEBUG: Total dvariable address used is 2132096 out of 50000000
DEBUG: Total gradient stack used is 232275 out of 10000000
DEBUG: Total dvariable address used is 1972 out of 150000
DEBUG: Total dvariable address used is 2132096 out of 50000000
DEBUG: Total gradient stack used is 232275 out of 10000000
DEBUG: Total dvariable address used is 1972 out of 150000
DEBUG: Total dvariable address used is 2132096 out of 50000000
DEBUG: Total gradient stack used is 232275 out of 10000000
DEBUG: Total dvariable address used is 1972 out of 150000
DEBUG: Total dvariable address used is 2132096 out of 50000000
DEBUG: Total gradient stack used is 232275 out of 10000000
DEBUG: Total dvariable address used is 1972 out of 150000
DEBUG: Total dvariable address used is 2132096 out of 50000000
DEBUG: Total gradient stack used is 232275 out of 10000000
DEBUG: Total dvariable address used is 1972 out of 150000
DEBUG: Total dvariable address used is 2132096 out of 50000000
DEBUG: Total gradient stack used is 232275 out of 10000000
DEBUG: Total dvariable address used is 1972 out of 150000
DEBUG: Total dvariable address used is 2132096 out of 50000000
DEBUG: Total gradient stack used is 232275 out of 10000000
DEBUG: Total dvariable address used is 1972 out of 150000
DEBUG: Total dvariable address used is 2132096 out of 50000000
DEBUG: Total gradient stack used is 232275 out of 10000000
DEBUG: Total dvariable address used is 1972 out of 150000
DEBUG: Total dvariable address used is 2132096 out of 50000000
DEBUG: Total gradient stack used is 232275 out of 10000000
DEBUG: Total dvariable address used is 1972 out of 150000
DEBUG: Total dvariable address used is 2132096 out of 50000000
, 40%DEBUG: Total gradient stack used is 232275 out of 10000000
DEBUG: Total dvariable address used is 1972 out of 150000
DEBUG: Total dvariable address used is 2132096 out of 50000000
DEBUG: Total gradient stack used is 232275 out of 10000000
DEBUG: Total dvariable address used is 1972 out of 150000
DEBUG: Total dvariable address used is 2132096 out of 50000000
DEBUG: Total gradient stack used is 232275 out of 10000000
DEBUG: Total dvariable address used is 1972 out of 150000
DEBUG: Total dvariable address used is 2132096 out of 50000000
DEBUG: Total gradient stack used is 232275 out of 10000000
DEBUG: Total dvariable address used is 1972 out of 150000
DEBUG: Total dvariable address used is 2132096 out of 50000000
DEBUG: Total gradient stack used is 232275 out of 10000000
DEBUG: Total dvariable address used is 1972 out of 150000
DEBUG: Total dvariable address used is 2132096 out of 50000000
DEBUG: Total gradient stack used is 232275 out of 10000000
DEBUG: Total dvariable address used is 1972 out of 150000
DEBUG: Total dvariable address used is 2132096 out of 50000000
DEBUG: Total gradient stack used is 232275 out of 10000000
DEBUG: Total dvariable address used is 1972 out of 150000
DEBUG: Total dvariable address used is 2132096 out of 50000000
DEBUG: Total gradient stack used is 232275 out of 10000000
DEBUG: Total dvariable address used is 1972 out of 150000
DEBUG: Total dvariable address used is 2132096 out of 50000000
DEBUG: Total gradient stack used is 232275 out of 10000000
DEBUG: Total dvariable address used is 1972 out of 150000
DEBUG: Total dvariable address used is 2132096 out of 50000000
DEBUG: Total gradient stack used is 232275 out of 10000000
DEBUG: Total dvariable address used is 1972 out of 150000
DEBUG: Total dvariable address used is 2132096 out of 50000000
DEBUG: Total gradient stack used is 232275 out of 10000000
DEBUG: Total dvariable address used is 1972 out of 150000
DEBUG: Total dvariable address used is 2132096 out of 50000000
DEBUG: Total gradient stack used is 232275 out of 10000000
DEBUG: Total dvariable address used is 1972 out of 150000
DEBUG: Total dvariable address used is 2132096 out of 50000000
DEBUG: Total gradient stack used is 232275 out of 10000000
DEBUG: Total dvariable address used is 1972 out of 150000
DEBUG: Total dvariable address used is 2132096 out of 50000000
DEBUG: Total gradient stack used is 232275 out of 10000000
DEBUG: Total dvariable address used is 1972 out of 150000
DEBUG: Total dvariable address used is 2132096 out of 50000000
DEBUG: Total gradient stack used is 232275 out of 10000000
DEBUG: Total dvariable address used is 1972 out of 150000
DEBUG: Total dvariable address used is 2132096 out of 50000000
DEBUG: Total gradient stack used is 232275 out of 10000000
DEBUG: Total dvariable address used is 1972 out of 150000
DEBUG: Total dvariable address used is 2132096 out of 50000000
DEBUG: Total gradient stack used is 232275 out of 10000000
DEBUG: Total dvariable address used is 1972 out of 150000
DEBUG: Total dvariable address used is 2132096 out of 50000000
DEBUG: Total gradient stack used is 232275 out of 10000000
DEBUG: Total dvariable address used is 1972 out of 150000
DEBUG: Total dvariable address used is 2132096 out of 50000000
DEBUG: Total gradient stack used is 232275 out of 10000000
DEBUG: Total dvariable address used is 1972 out of 150000
DEBUG: Total dvariable address used is 2132096 out of 50000000
DEBUG: Total gradient stack used is 232275 out of 10000000
DEBUG: Total dvariable address used is 1972 out of 150000
DEBUG: Total dvariable address used is 2132096 out of 50000000
DEBUG: Total gradient stack used is 232275 out of 10000000
DEBUG: Total dvariable address used is 1972 out of 150000
DEBUG: Total dvariable address used is 2132096 out of 50000000
DEBUG: Total gradient stack used is 232275 out of 10000000
DEBUG: Total dvariable address used is 1972 out of 150000
DEBUG: Total dvariable address used is 2132096 out of 50000000
DEBUG: Total gradient stack used is 232275 out of 10000000
DEBUG: Total dvariable address used is 1972 out of 150000
DEBUG: Total dvariable address used is 2132096 out of 50000000
DEBUG: Total gradient stack used is 232275 out of 10000000
DEBUG: Total dvariable address used is 1972 out of 150000
DEBUG: Total dvariable address used is 2132096 out of 50000000
DEBUG: Total gradient stack used is 232275 out of 10000000
DEBUG: Total dvariable address used is 1972 out of 150000
DEBUG: Total dvariable address used is 2132096 out of 50000000
DEBUG: Total gradient stack used is 232275 out of 10000000
DEBUG: Total dvariable address used is 1972 out of 150000
DEBUG: Total dvariable address used is 2132096 out of 50000000
DEBUG: Total gradient stack used is 232275 out of 10000000
DEBUG: Total dvariable address used is 1972 out of 150000
DEBUG: Total dvariable address used is 2132096 out of 50000000
DEBUG: Total gradient stack used is 232275 out of 10000000
DEBUG: Total dvariable address used is 1972 out of 150000
DEBUG: Total dvariable address used is 2132096 out of 50000000
DEBUG: Total gradient stack used is 232275 out of 10000000
DEBUG: Total dvariable address used is 1972 out of 150000
DEBUG: Total dvariable address used is 2132096 out of 50000000
DEBUG: Total gradient stack used is 232275 out of 10000000
DEBUG: Total dvariable address used is 1972 out of 150000
DEBUG: Total dvariable address used is 2132096 out of 50000000
DEBUG: Total gradient stack used is 232275 out of 10000000
DEBUG: Total dvariable address used is 1972 out of 150000
DEBUG: Total dvariable address used is 2132096 out of 50000000
DEBUG: Total gradient stack used is 232275 out of 10000000
DEBUG: Total dvariable address used is 1972 out of 150000
DEBUG: Total dvariable address used is 2132096 out of 50000000
DEBUG: Total gradient stack used is 232275 out of 10000000
DEBUG: Total dvariable address used is 1972 out of 150000
DEBUG: Total dvariable address used is 2132096 out of 50000000
DEBUG: Total gradient stack used is 232275 out of 10000000
DEBUG: Total dvariable address used is 1972 out of 150000
DEBUG: Total dvariable address used is 2132096 out of 50000000
DEBUG: Total gradient stack used is 232275 out of 10000000
DEBUG: Total dvariable address used is 1972 out of 150000
DEBUG: Total dvariable address used is 2132096 out of 50000000
DEBUG: Total gradient stack used is 232275 out of 10000000
DEBUG: Total dvariable address used is 1972 out of 150000
DEBUG: Total dvariable address used is 2132096 out of 50000000
DEBUG: Total gradient stack used is 232275 out of 10000000
DEBUG: Total dvariable address used is 1972 out of 150000
DEBUG: Total dvariable address used is 2132096 out of 50000000
DEBUG: Total gradient stack used is 232275 out of 10000000
DEBUG: Total dvariable address used is 1972 out of 150000
DEBUG: Total dvariable address used is 2132096 out of 50000000
DEBUG: Total gradient stack used is 232275 out of 10000000
DEBUG: Total dvariable address used is 1972 out of 150000
DEBUG: Total dvariable address used is 2132096 out of 50000000
DEBUG: Total gradient stack used is 232275 out of 10000000
DEBUG: Total dvariable address used is 1972 out of 150000
DEBUG: Total dvariable address used is 2132096 out of 50000000
DEBUG: Total gradient stack used is 232275 out of 10000000
DEBUG: Total dvariable address used is 1972 out of 150000
DEBUG: Total dvariable address used is 2132096 out of 50000000
DEBUG: Total gradient stack used is 232275 out of 10000000
DEBUG: Total dvariable address used is 1972 out of 150000
DEBUG: Total dvariable address used is 2132096 out of 50000000
DEBUG: Total gradient stack used is 232275 out of 10000000
DEBUG: Total dvariable address used is 1972 out of 150000
DEBUG: Total dvariable address used is 2132096 out of 50000000
DEBUG: Total gradient stack used is 232275 out of 10000000
DEBUG: Total dvariable address used is 1972 out of 150000
DEBUG: Total dvariable address used is 2132096 out of 50000000
DEBUG: Total gradient stack used is 232275 out of 10000000
DEBUG: Total dvariable address used is 1972 out of 150000
DEBUG: Total dvariable address used is 2132096 out of 50000000
DEBUG: Total gradient stack used is 232275 out of 10000000
DEBUG: Total dvariable address used is 1972 out of 150000
DEBUG: Total dvariable address used is 2132096 out of 50000000
DEBUG: Total gradient stack used is 232275 out of 10000000
DEBUG: Total dvariable address used is 1972 out of 150000
DEBUG: Total dvariable address used is 2132096 out of 50000000
DEBUG: Total gradient stack used is 232275 out of 10000000
DEBUG: Total dvariable address used is 1972 out of 150000
DEBUG: Total dvariable address used is 2132096 out of 50000000
DEBUG: Total gradient stack used is 232275 out of 10000000
DEBUG: Total dvariable address used is 1972 out of 150000
DEBUG: Total dvariable address used is 2132096 out of 50000000
DEBUG: Total gradient stack used is 232275 out of 10000000
DEBUG: Total dvariable address used is 1972 out of 150000
DEBUG: Total dvariable address used is 2132096 out of 50000000
DEBUG: Total gradient stack used is 232275 out of 10000000
DEBUG: Total dvariable address used is 1972 out of 150000
DEBUG: Total dvariable address used is 2132096 out of 50000000
DEBUG: Total gradient stack used is 232275 out of 10000000
DEBUG: Total dvariable address used is 1972 out of 150000
DEBUG: Total dvariable address used is 2132096 out of 50000000
DEBUG: Total gradient stack used is 232275 out of 10000000
DEBUG: Total dvariable address used is 1972 out of 150000
DEBUG: Total dvariable address used is 2132096 out of 50000000
DEBUG: Total gradient stack used is 232275 out of 10000000
DEBUG: Total dvariable address used is 1972 out of 150000
DEBUG: Total dvariable address used is 2132096 out of 50000000
DEBUG: Total gradient stack used is 232275 out of 10000000
DEBUG: Total dvariable address used is 1972 out of 150000
DEBUG: Total dvariable address used is 2132096 out of 50000000
DEBUG: Total gradient stack used is 232275 out of 10000000
DEBUG: Total dvariable address used is 1972 out of 150000
DEBUG: Total dvariable address used is 2132096 out of 50000000
DEBUG: Total gradient stack used is 232275 out of 10000000
DEBUG: Total dvariable address used is 1972 out of 150000
DEBUG: Total dvariable address used is 2132096 out of 50000000
DEBUG: Total gradient stack used is 232275 out of 10000000
DEBUG: Total dvariable address used is 1972 out of 150000
DEBUG: Total dvariable address used is 2132096 out of 50000000
DEBUG: Total gradient stack used is 232275 out of 10000000
DEBUG: Total dvariable address used is 1972 out of 150000
DEBUG: Total dvariable address used is 2132096 out of 50000000
DEBUG: Total gradient stack used is 232275 out of 10000000
DEBUG: Total dvariable address used is 1972 out of 150000
DEBUG: Total dvariable address used is 2132096 out of 50000000
DEBUG: Total gradient stack used is 232275 out of 10000000
DEBUG: Total dvariable address used is 1972 out of 150000
DEBUG: Total dvariable address used is 2132096 out of 50000000
DEBUG: Total gradient stack used is 232275 out of 10000000
DEBUG: Total dvariable address used is 1972 out of 150000
DEBUG: Total dvariable address used is 2132096 out of 50000000
DEBUG: Total gradient stack used is 232275 out of 10000000
DEBUG: Total dvariable address used is 1972 out of 150000
DEBUG: Total dvariable address used is 2132096 out of 50000000
DEBUG: Total gradient stack used is 232275 out of 10000000
DEBUG: Total dvariable address used is 1972 out of 150000
DEBUG: Total dvariable address used is 2132096 out of 50000000
DEBUG: Total gradient stack used is 232275 out of 10000000
DEBUG: Total dvariable address used is 1972 out of 150000
DEBUG: Total dvariable address used is 2132096 out of 50000000
DEBUG: Total gradient stack used is 232275 out of 10000000
DEBUG: Total dvariable address used is 1972 out of 150000
DEBUG: Total dvariable address used is 2132096 out of 50000000
DEBUG: Total gradient stack used is 232275 out of 10000000
DEBUG: Total dvariable address used is 1972 out of 150000
DEBUG: Total dvariable address used is 2132096 out of 50000000
DEBUG: Total gradient stack used is 232275 out of 10000000
DEBUG: Total dvariable address used is 1972 out of 150000
DEBUG: Total dvariable address used is 2132096 out of 50000000
DEBUG: Total gradient stack used is 232275 out of 10000000
DEBUG: Total dvariable address used is 1972 out of 150000
DEBUG: Total dvariable address used is 2132096 out of 50000000
DEBUG: Total gradient stack used is 232275 out of 10000000
DEBUG: Total dvariable address used is 1972 out of 150000
DEBUG: Total dvariable address used is 2132096 out of 50000000
DEBUG: Total gradient stack used is 232275 out of 10000000
DEBUG: Total dvariable address used is 1972 out of 150000
DEBUG: Total dvariable address used is 2132096 out of 50000000
DEBUG: Total gradient stack used is 232275 out of 10000000
DEBUG: Total dvariable address used is 1972 out of 150000
DEBUG: Total dvariable address used is 2132096 out of 50000000
DEBUG: Total gradient stack used is 232275 out of 10000000
DEBUG: Total dvariable address used is 1972 out of 150000
DEBUG: Total dvariable address used is 2132096 out of 50000000
DEBUG: Total gradient stack used is 232275 out of 10000000
DEBUG: Total dvariable address used is 1972 out of 150000
DEBUG: Total dvariable address used is 2132096 out of 50000000
DEBUG: Total gradient stack used is 232275 out of 10000000
DEBUG: Total dvariable address used is 1972 out of 150000
DEBUG: Total dvariable address used is 2132096 out of 50000000
DEBUG: Total gradient stack used is 232275 out of 10000000
DEBUG: Total dvariable address used is 1972 out of 150000
DEBUG: Total dvariable address used is 2132096 out of 50000000
DEBUG: Total gradient stack used is 232275 out of 10000000
DEBUG: Total dvariable address used is 1972 out of 150000
DEBUG: Total dvariable address used is 2132096 out of 50000000
DEBUG: Total gradient stack used is 232275 out of 10000000
DEBUG: Total dvariable address used is 1972 out of 150000
DEBUG: Total dvariable address used is 2132096 out of 50000000
DEBUG: Total gradient stack used is 232275 out of 10000000
DEBUG: Total dvariable address used is 1972 out of 150000
DEBUG: Total dvariable address used is 2132096 out of 50000000
DEBUG: Total gradient stack used is 232275 out of 10000000
DEBUG: Total dvariable address used is 1972 out of 150000
DEBUG: Total dvariable address used is 2132096 out of 50000000
DEBUG: Total gradient stack used is 232275 out of 10000000
DEBUG: Total dvariable address used is 1972 out of 150000
DEBUG: Total dvariable address used is 2132096 out of 50000000
DEBUG: Total gradient stack used is 232275 out of 10000000
DEBUG: Total dvariable address used is 1972 out of 150000
DEBUG: Total dvariable address used is 2132096 out of 50000000
DEBUG: Total gradient stack used is 232275 out of 10000000
DEBUG: Total dvariable address used is 1972 out of 150000
DEBUG: Total dvariable address used is 2132096 out of 50000000
DEBUG: Total gradient stack used is 232275 out of 10000000
DEBUG: Total dvariable address used is 1972 out of 150000
DEBUG: Total dvariable address used is 2132096 out of 50000000
DEBUG: Total gradient stack used is 232275 out of 10000000
DEBUG: Total dvariable address used is 1972 out of 150000
DEBUG: Total dvariable address used is 2132096 out of 50000000
DEBUG: Total gradient stack used is 232275 out of 10000000
DEBUG: Total dvariable address used is 1972 out of 150000
DEBUG: Total dvariable address used is 2132096 out of 50000000
DEBUG: Total gradient stack used is 232275 out of 10000000
DEBUG: Total dvariable address used is 1972 out of 150000
DEBUG: Total dvariable address used is 2132096 out of 50000000
DEBUG: Total gradient stack used is 232275 out of 10000000
DEBUG: Total dvariable address used is 1972 out of 150000
DEBUG: Total dvariable address used is 2132096 out of 50000000
DEBUG: Total gradient stack used is 232275 out of 10000000
DEBUG: Total dvariable address used is 1972 out of 150000
DEBUG: Total dvariable address used is 2132096 out of 50000000
DEBUG: Total gradient stack used is 232275 out of 10000000
DEBUG: Total dvariable address used is 1972 out of 150000
DEBUG: Total dvariable address used is 2132096 out of 50000000
DEBUG: Total gradient stack used is 232275 out of 10000000
DEBUG: Total dvariable address used is 1972 out of 150000
DEBUG: Total dvariable address used is 2132096 out of 50000000
DEBUG: Total gradient stack used is 232275 out of 10000000
DEBUG: Total dvariable address used is 1972 out of 150000
DEBUG: Total dvariable address used is 2132096 out of 50000000
DEBUG: Total gradient stack used is 232275 out of 10000000
DEBUG: Total dvariable address used is 1972 out of 150000
DEBUG: Total dvariable address used is 2132096 out of 50000000
DEBUG: Total gradient stack used is 232275 out of 10000000
DEBUG: Total dvariable address used is 1972 out of 150000
DEBUG: Total dvariable address used is 2132096 out of 50000000
DEBUG: Total gradient stack used is 232275 out of 10000000
DEBUG: Total dvariable address used is 1972 out of 150000
DEBUG: Total dvariable address used is 2132096 out of 50000000
DEBUG: Total gradient stack used is 232275 out of 10000000
DEBUG: Total dvariable address used is 1972 out of 150000
DEBUG: Total dvariable address used is 2132096 out of 50000000
DEBUG: Total gradient stack used is 232275 out of 10000000
DEBUG: Total dvariable address used is 1972 out of 150000
DEBUG: Total dvariable address used is 2132096 out of 50000000
DEBUG: Total gradient stack used is 232275 out of 10000000
DEBUG: Total dvariable address used is 1972 out of 150000
DEBUG: Total dvariable address used is 2132096 out of 50000000
DEBUG: Total gradient stack used is 232275 out of 10000000
DEBUG: Total dvariable address used is 1972 out of 150000
DEBUG: Total dvariable address used is 2132096 out of 50000000
DEBUG: Total gradient stack used is 232275 out of 10000000
DEBUG: Total dvariable address used is 1972 out of 150000
DEBUG: Total dvariable address used is 2132096 out of 50000000
DEBUG: Total gradient stack used is 232275 out of 10000000
DEBUG: Total dvariable address used is 1972 out of 150000
DEBUG: Total dvariable address used is 2132096 out of 50000000
DEBUG: Total gradient stack used is 232275 out of 10000000
DEBUG: Total dvariable address used is 1972 out of 150000
DEBUG: Total dvariable address used is 2132096 out of 50000000
DEBUG: Total gradient stack used is 232275 out of 10000000
DEBUG: Total dvariable address used is 1972 out of 150000
DEBUG: Total dvariable address used is 2132096 out of 50000000
DEBUG: Total gradient stack used is 232275 out of 10000000
DEBUG: Total dvariable address used is 1972 out of 150000
DEBUG: Total dvariable address used is 2132096 out of 50000000
DEBUG: Total gradient stack used is 232275 out of 10000000
DEBUG: Total dvariable address used is 1972 out of 150000
DEBUG: Total dvariable address used is 2132096 out of 50000000
DEBUG: Total gradient stack used is 232275 out of 10000000
DEBUG: Total dvariable address used is 1972 out of 150000
DEBUG: Total dvariable address used is 2132096 out of 50000000
DEBUG: Total gradient stack used is 232275 out of 10000000
DEBUG: Total dvariable address used is 1972 out of 150000
DEBUG: Total dvariable address used is 2132096 out of 50000000
DEBUG: Total gradient stack used is 232275 out of 10000000
DEBUG: Total dvariable address used is 1972 out of 150000
DEBUG: Total dvariable address used is 2132096 out of 50000000
DEBUG: Total gradient stack used is 232275 out of 10000000
DEBUG: Total dvariable address used is 1972 out of 150000
DEBUG: Total dvariable address used is 2132096 out of 50000000
DEBUG: Total gradient stack used is 232275 out of 10000000
DEBUG: Total dvariable address used is 1972 out of 150000
DEBUG: Total dvariable address used is 2132096 out of 50000000
DEBUG: Total gradient stack used is 232275 out of 10000000
DEBUG: Total dvariable address used is 1972 out of 150000
DEBUG: Total dvariable address used is 2132096 out of 50000000
DEBUG: Total gradient stack used is 232275 out of 10000000
DEBUG: Total dvariable address used is 1972 out of 150000
DEBUG: Total dvariable address used is 2132096 out of 50000000
DEBUG: Total gradient stack used is 232275 out of 10000000
DEBUG: Total dvariable address used is 1972 out of 150000
DEBUG: Total dvariable address used is 2132096 out of 50000000
DEBUG: Total gradient stack used is 232275 out of 10000000
DEBUG: Total dvariable address used is 1972 out of 150000
DEBUG: Total dvariable address used is 2132096 out of 50000000
DEBUG: Total gradient stack used is 232275 out of 10000000
DEBUG: Total dvariable address used is 1972 out of 150000
DEBUG: Total dvariable address used is 2132096 out of 50000000
DEBUG: Total gradient stack used is 232275 out of 10000000
DEBUG: Total dvariable address used is 1972 out of 150000
DEBUG: Total dvariable address used is 2132096 out of 50000000
DEBUG: Total gradient stack used is 232275 out of 10000000
DEBUG: Total dvariable address used is 1972 out of 150000
DEBUG: Total dvariable address used is 2132096 out of 50000000
DEBUG: Total gradient stack used is 232275 out of 10000000
DEBUG: Total dvariable address used is 1972 out of 150000
DEBUG: Total dvariable address used is 2132096 out of 50000000
DEBUG: Total gradient stack used is 232275 out of 10000000
DEBUG: Total dvariable address used is 1972 out of 150000
DEBUG: Total dvariable address used is 2132096 out of 50000000
DEBUG: Total gradient stack used is 232275 out of 10000000
DEBUG: Total dvariable address used is 1972 out of 150000
DEBUG: Total dvariable address used is 2132096 out of 50000000
DEBUG: Total gradient stack used is 232275 out of 10000000
DEBUG: Total dvariable address used is 1972 out of 150000
DEBUG: Total dvariable address used is 2132096 out of 50000000
DEBUG: Total gradient stack used is 232275 out of 10000000
DEBUG: Total dvariable address used is 1972 out of 150000
DEBUG: Total dvariable address used is 2132096 out of 50000000
DEBUG: Total gradient stack used is 232275 out of 10000000
DEBUG: Total dvariable address used is 1972 out of 150000
DEBUG: Total dvariable address used is 2132096 out of 50000000
DEBUG: Total gradient stack used is 232275 out of 10000000
DEBUG: Total dvariable address used is 1972 out of 150000
DEBUG: Total dvariable address used is 2132096 out of 50000000
DEBUG: Total gradient stack used is 232275 out of 10000000
DEBUG: Total dvariable address used is 1972 out of 150000
DEBUG: Total dvariable address used is 2132096 out of 50000000
DEBUG: Total gradient stack used is 232275 out of 10000000
DEBUG: Total dvariable address used is 1972 out of 150000
DEBUG: Total dvariable address used is 2132096 out of 50000000
DEBUG: Total gradient stack used is 232275 out of 10000000
DEBUG: Total dvariable address used is 1972 out of 150000
DEBUG: Total dvariable address used is 2132096 out of 50000000
DEBUG: Total gradient stack used is 232275 out of 10000000
DEBUG: Total dvariable address used is 1972 out of 150000
DEBUG: Total dvariable address used is 2132096 out of 50000000
DEBUG: Total gradient stack used is 232275 out of 10000000
DEBUG: Total dvariable address used is 1972 out of 150000
DEBUG: Total dvariable address used is 2132096 out of 50000000
DEBUG: Total gradient stack used is 232275 out of 10000000
DEBUG: Total dvariable address used is 1972 out of 150000
DEBUG: Total dvariable address used is 2132096 out of 50000000
DEBUG: Total gradient stack used is 232275 out of 10000000
DEBUG: Total dvariable address used is 1972 out of 150000
DEBUG: Total dvariable address used is 2132096 out of 50000000
DEBUG: Total gradient stack used is 232275 out of 10000000
DEBUG: Total dvariable address used is 1972 out of 150000
DEBUG: Total dvariable address used is 2132096 out of 50000000
DEBUG: Total gradient stack used is 232275 out of 10000000
DEBUG: Total dvariable address used is 1972 out of 150000
DEBUG: Total dvariable address used is 2132096 out of 50000000
DEBUG: Total gradient stack used is 232275 out of 10000000
DEBUG: Total dvariable address used is 1972 out of 150000
DEBUG: Total dvariable address used is 2132096 out of 50000000
DEBUG: Total gradient stack used is 232275 out of 10000000
DEBUG: Total dvariable address used is 1972 out of 150000
DEBUG: Total dvariable address used is 2132096 out of 50000000
DEBUG: Total gradient stack used is 232275 out of 10000000
DEBUG: Total dvariable address used is 1972 out of 150000
DEBUG: Total dvariable address used is 2132096 out of 50000000
DEBUG: Total gradient stack used is 232275 out of 10000000
DEBUG: Total dvariable address used is 1972 out of 150000
DEBUG: Total dvariable address used is 2132096 out of 50000000
DEBUG: Total gradient stack used is 232275 out of 10000000
DEBUG: Total dvariable address used is 1972 out of 150000
DEBUG: Total dvariable address used is 2132096 out of 50000000
DEBUG: Total gradient stack used is 232275 out of 10000000
DEBUG: Total dvariable address used is 1972 out of 150000
DEBUG: Total dvariable address used is 2132096 out of 50000000
DEBUG: Total gradient stack used is 232275 out of 10000000
DEBUG: Total dvariable address used is 1972 out of 150000
DEBUG: Total dvariable address used is 2132096 out of 50000000
DEBUG: Total gradient stack used is 232275 out of 10000000
DEBUG: Total dvariable address used is 1972 out of 150000
DEBUG: Total dvariable address used is 2132096 out of 50000000
DEBUG: Total gradient stack used is 232275 out of 10000000
DEBUG: Total dvariable address used is 1972 out of 150000
DEBUG: Total dvariable address used is 2132096 out of 50000000
DEBUG: Total gradient stack used is 232275 out of 10000000
DEBUG: Total dvariable address used is 1972 out of 150000
DEBUG: Total dvariable address used is 2132096 out of 50000000
DEBUG: Total gradient stack used is 232275 out of 10000000
DEBUG: Total dvariable address used is 1972 out of 150000
DEBUG: Total dvariable address used is 2132096 out of 50000000
DEBUG: Total gradient stack used is 232275 out of 10000000
DEBUG: Total dvariable address used is 1972 out of 150000
DEBUG: Total dvariable address used is 2132096 out of 50000000
DEBUG: Total gradient stack used is 232275 out of 10000000
DEBUG: Total dvariable address used is 1972 out of 150000
DEBUG: Total dvariable address used is 2132096 out of 50000000
DEBUG: Total gradient stack used is 232275 out of 10000000
DEBUG: Total dvariable address used is 1972 out of 150000
DEBUG: Total dvariable address used is 2132096 out of 50000000
DEBUG: Total gradient stack used is 232275 out of 10000000
DEBUG: Total dvariable address used is 1972 out of 150000
DEBUG: Total dvariable address used is 2132096 out of 50000000
DEBUG: Total gradient stack used is 232275 out of 10000000
DEBUG: Total dvariable address used is 1972 out of 150000
DEBUG: Total dvariable address used is 2132096 out of 50000000
DEBUG: Total gradient stack used is 232275 out of 10000000
DEBUG: Total dvariable address used is 1972 out of 150000
DEBUG: Total dvariable address used is 2132096 out of 50000000
DEBUG: Total gradient stack used is 232275 out of 10000000
DEBUG: Total dvariable address used is 1972 out of 150000
DEBUG: Total dvariable address used is 2132096 out of 50000000
DEBUG: Total gradient stack used is 232275 out of 10000000
DEBUG: Total dvariable address used is 1972 out of 150000
DEBUG: Total dvariable address used is 2132096 out of 50000000
DEBUG: Total gradient stack used is 232275 out of 10000000
DEBUG: Total dvariable address used is 1972 out of 150000
DEBUG: Total dvariable address used is 2132096 out of 50000000
DEBUG: Total gradient stack used is 232275 out of 10000000
DEBUG: Total dvariable address used is 1972 out of 150000
DEBUG: Total dvariable address used is 2132096 out of 50000000
DEBUG: Total gradient stack used is 232275 out of 10000000
DEBUG: Total dvariable address used is 1972 out of 150000
DEBUG: Total dvariable address used is 2132096 out of 50000000
DEBUG: Total gradient stack used is 232275 out of 10000000
DEBUG: Total dvariable address used is 1972 out of 150000
DEBUG: Total dvariable address used is 2132096 out of 50000000
DEBUG: Total gradient stack used is 232275 out of 10000000
DEBUG: Total dvariable address used is 1972 out of 150000
DEBUG: Total dvariable address used is 2132096 out of 50000000
DEBUG: Total gradient stack used is 232275 out of 10000000
DEBUG: Total dvariable address used is 1972 out of 150000
DEBUG: Total dvariable address used is 2132096 out of 50000000
DEBUG: Total gradient stack used is 232275 out of 10000000
DEBUG: Total dvariable address used is 1972 out of 150000
DEBUG: Total dvariable address used is 2132096 out of 50000000
DEBUG: Total gradient stack used is 232275 out of 10000000
DEBUG: Total dvariable address used is 1972 out of 150000
DEBUG: Total dvariable address used is 2132096 out of 50000000
DEBUG: Total gradient stack used is 232275 out of 10000000
DEBUG: Total dvariable address used is 1972 out of 150000
DEBUG: Total dvariable address used is 2132096 out of 50000000
DEBUG: Total gradient stack used is 232275 out of 10000000
DEBUG: Total dvariable address used is 1972 out of 150000
DEBUG: Total dvariable address used is 2132096 out of 50000000
DEBUG: Total gradient stack used is 232275 out of 10000000
DEBUG: Total dvariable address used is 1972 out of 150000
DEBUG: Total dvariable address used is 2132096 out of 50000000
DEBUG: Total gradient stack used is 232275 out of 10000000
DEBUG: Total dvariable address used is 1972 out of 150000
DEBUG: Total dvariable address used is 2132096 out of 50000000
DEBUG: Total gradient stack used is 232275 out of 10000000
DEBUG: Total dvariable address used is 1972 out of 150000
DEBUG: Total dvariable address used is 2132096 out of 50000000
DEBUG: Total gradient stack used is 232275 out of 10000000
DEBUG: Total dvariable address used is 1972 out of 150000
DEBUG: Total dvariable address used is 2132096 out of 50000000
DEBUG: Total gradient stack used is 232275 out of 10000000
DEBUG: Total dvariable address used is 1972 out of 150000
DEBUG: Total dvariable address used is 2132096 out of 50000000
DEBUG: Total gradient stack used is 232275 out of 10000000
DEBUG: Total dvariable address used is 1972 out of 150000
DEBUG: Total dvariable address used is 2132096 out of 50000000
DEBUG: Total gradient stack used is 232275 out of 10000000
DEBUG: Total dvariable address used is 1972 out of 150000
DEBUG: Total dvariable address used is 2132096 out of 50000000
DEBUG: Total gradient stack used is 232275 out of 10000000
DEBUG: Total dvariable address used is 1972 out of 150000
DEBUG: Total dvariable address used is 2132096 out of 50000000
DEBUG: Total gradient stack used is 232275 out of 10000000
DEBUG: Total dvariable address used is 1972 out of 150000
DEBUG: Total dvariable address used is 2132096 out of 50000000
DEBUG: Total gradient stack used is 232275 out of 10000000
DEBUG: Total dvariable address used is 1972 out of 150000
DEBUG: Total dvariable address used is 2132096 out of 50000000
DEBUG: Total gradient stack used is 232275 out of 10000000
DEBUG: Total dvariable address used is 1972 out of 150000
DEBUG: Total dvariable address used is 2132096 out of 50000000
DEBUG: Total gradient stack used is 232275 out of 10000000
DEBUG: Total dvariable address used is 1972 out of 150000
DEBUG: Total dvariable address used is 2132096 out of 50000000
DEBUG: Total gradient stack used is 232275 out of 10000000
DEBUG: Total dvariable address used is 1972 out of 150000
DEBUG: Total dvariable address used is 2132096 out of 50000000
DEBUG: Total gradient stack used is 232275 out of 10000000
DEBUG: Total dvariable address used is 1972 out of 150000
DEBUG: Total dvariable address used is 2132096 out of 50000000
DEBUG: Total gradient stack used is 232275 out of 10000000
DEBUG: Total dvariable address used is 1972 out of 150000
DEBUG: Total dvariable address used is 2132096 out of 50000000
DEBUG: Total gradient stack used is 232275 out of 10000000
DEBUG: Total dvariable address used is 1972 out of 150000
DEBUG: Total dvariable address used is 2132096 out of 50000000
DEBUG: Total gradient stack used is 232275 out of 10000000
DEBUG: Total dvariable address used is 1972 out of 150000
DEBUG: Total dvariable address used is 2132096 out of 50000000
DEBUG: Total gradient stack used is 232275 out of 10000000
DEBUG: Total dvariable address used is 1972 out of 150000
DEBUG: Total dvariable address used is 2132096 out of 50000000
DEBUG: Total gradient stack used is 232275 out of 10000000
DEBUG: Total dvariable address used is 1972 out of 150000
DEBUG: Total dvariable address used is 2132096 out of 50000000
DEBUG: Total gradient stack used is 232275 out of 10000000
DEBUG: Total dvariable address used is 1972 out of 150000
DEBUG: Total dvariable address used is 2132096 out of 50000000
DEBUG: Total gradient stack used is 232275 out of 10000000
DEBUG: Total dvariable address used is 1972 out of 150000
DEBUG: Total dvariable address used is 2132096 out of 50000000
DEBUG: Total gradient stack used is 232275 out of 10000000
DEBUG: Total dvariable address used is 1972 out of 150000
DEBUG: Total dvariable address used is 2132096 out of 50000000
DEBUG: Total gradient stack used is 232275 out of 10000000
DEBUG: Total dvariable address used is 1972 out of 150000
DEBUG: Total dvariable address used is 2132096 out of 50000000
DEBUG: Total gradient stack used is 232275 out of 10000000
DEBUG: Total dvariable address used is 1972 out of 150000
DEBUG: Total dvariable address used is 2132096 out of 50000000
DEBUG: Total gradient stack used is 232275 out of 10000000
DEBUG: Total dvariable address used is 1972 out of 150000
DEBUG: Total dvariable address used is 2132096 out of 50000000
DEBUG: Total gradient stack used is 232275 out of 10000000
DEBUG: Total dvariable address used is 1972 out of 150000
DEBUG: Total dvariable address used is 2132096 out of 50000000
, 60%DEBUG: Total gradient stack used is 232275 out of 10000000
DEBUG: Total dvariable address used is 1972 out of 150000
DEBUG: Total dvariable address used is 2132096 out of 50000000
DEBUG: Total gradient stack used is 232275 out of 10000000
DEBUG: Total dvariable address used is 1972 out of 150000
DEBUG: Total dvariable address used is 2132096 out of 50000000
DEBUG: Total gradient stack used is 232275 out of 10000000
DEBUG: Total dvariable address used is 1972 out of 150000
DEBUG: Total dvariable address used is 2132096 out of 50000000
DEBUG: Total gradient stack used is 232275 out of 10000000
DEBUG: Total dvariable address used is 1972 out of 150000
DEBUG: Total dvariable address used is 2132096 out of 50000000
DEBUG: Total gradient stack used is 232275 out of 10000000
DEBUG: Total dvariable address used is 1972 out of 150000
DEBUG: Total dvariable address used is 2132096 out of 50000000
DEBUG: Total gradient stack used is 232275 out of 10000000
DEBUG: Total dvariable address used is 1972 out of 150000
DEBUG: Total dvariable address used is 2132096 out of 50000000
DEBUG: Total gradient stack used is 232275 out of 10000000
DEBUG: Total dvariable address used is 1972 out of 150000
DEBUG: Total dvariable address used is 2132096 out of 50000000
DEBUG: Total gradient stack used is 232275 out of 10000000
DEBUG: Total dvariable address used is 1972 out of 150000
DEBUG: Total dvariable address used is 2132096 out of 50000000
DEBUG: Total gradient stack used is 232275 out of 10000000
DEBUG: Total dvariable address used is 1972 out of 150000
DEBUG: Total dvariable address used is 2132096 out of 50000000
DEBUG: Total gradient stack used is 232275 out of 10000000
DEBUG: Total dvariable address used is 1972 out of 150000
DEBUG: Total dvariable address used is 2132096 out of 50000000
DEBUG: Total gradient stack used is 232275 out of 10000000
DEBUG: Total dvariable address used is 1972 out of 150000
DEBUG: Total dvariable address used is 2132096 out of 50000000
DEBUG: Total gradient stack used is 232275 out of 10000000
DEBUG: Total dvariable address used is 1972 out of 150000
DEBUG: Total dvariable address used is 2132096 out of 50000000
DEBUG: Total gradient stack used is 232275 out of 10000000
DEBUG: Total dvariable address used is 1972 out of 150000
DEBUG: Total dvariable address used is 2132096 out of 50000000
DEBUG: Total gradient stack used is 232275 out of 10000000
DEBUG: Total dvariable address used is 1972 out of 150000
DEBUG: Total dvariable address used is 2132096 out of 50000000
DEBUG: Total gradient stack used is 232275 out of 10000000
DEBUG: Total dvariable address used is 1972 out of 150000
DEBUG: Total dvariable address used is 2132096 out of 50000000
DEBUG: Total gradient stack used is 232275 out of 10000000
DEBUG: Total dvariable address used is 1972 out of 150000
DEBUG: Total dvariable address used is 2132096 out of 50000000
DEBUG: Total gradient stack used is 232275 out of 10000000
DEBUG: Total dvariable address used is 1972 out of 150000
DEBUG: Total dvariable address used is 2132096 out of 50000000
DEBUG: Total gradient stack used is 232275 out of 10000000
DEBUG: Total dvariable address used is 1972 out of 150000
DEBUG: Total dvariable address used is 2132096 out of 50000000
DEBUG: Total gradient stack used is 232275 out of 10000000
DEBUG: Total dvariable address used is 1972 out of 150000
DEBUG: Total dvariable address used is 2132096 out of 50000000
DEBUG: Total gradient stack used is 232275 out of 10000000
DEBUG: Total dvariable address used is 1972 out of 150000
DEBUG: Total dvariable address used is 2132096 out of 50000000
DEBUG: Total gradient stack used is 232275 out of 10000000
DEBUG: Total dvariable address used is 1972 out of 150000
DEBUG: Total dvariable address used is 2132096 out of 50000000
DEBUG: Total gradient stack used is 232275 out of 10000000
DEBUG: Total dvariable address used is 1972 out of 150000
DEBUG: Total dvariable address used is 2132096 out of 50000000
DEBUG: Total gradient stack used is 232275 out of 10000000
DEBUG: Total dvariable address used is 1972 out of 150000
DEBUG: Total dvariable address used is 2132096 out of 50000000
DEBUG: Total gradient stack used is 232275 out of 10000000
DEBUG: Total dvariable address used is 1972 out of 150000
DEBUG: Total dvariable address used is 2132096 out of 50000000
DEBUG: Total gradient stack used is 232275 out of 10000000
DEBUG: Total dvariable address used is 1972 out of 150000
DEBUG: Total dvariable address used is 2132096 out of 50000000
DEBUG: Total gradient stack used is 232275 out of 10000000
DEBUG: Total dvariable address used is 1972 out of 150000
DEBUG: Total dvariable address used is 2132096 out of 50000000
DEBUG: Total gradient stack used is 232275 out of 10000000
DEBUG: Total dvariable address used is 1972 out of 150000
DEBUG: Total dvariable address used is 2132096 out of 50000000
DEBUG: Total gradient stack used is 232275 out of 10000000
DEBUG: Total dvariable address used is 1972 out of 150000
DEBUG: Total dvariable address used is 2132096 out of 50000000
DEBUG: Total gradient stack used is 232275 out of 10000000
DEBUG: Total dvariable address used is 1972 out of 150000
DEBUG: Total dvariable address used is 2132096 out of 50000000
DEBUG: Total gradient stack used is 232275 out of 10000000
DEBUG: Total dvariable address used is 1972 out of 150000
DEBUG: Total dvariable address used is 2132096 out of 50000000
DEBUG: Total gradient stack used is 232275 out of 10000000
DEBUG: Total dvariable address used is 1972 out of 150000
DEBUG: Total dvariable address used is 2132096 out of 50000000
DEBUG: Total gradient stack used is 232275 out of 10000000
DEBUG: Total dvariable address used is 1972 out of 150000
DEBUG: Total dvariable address used is 2132096 out of 50000000
DEBUG: Total gradient stack used is 232275 out of 10000000
DEBUG: Total dvariable address used is 1972 out of 150000
DEBUG: Total dvariable address used is 2132096 out of 50000000
DEBUG: Total gradient stack used is 232275 out of 10000000
DEBUG: Total dvariable address used is 1972 out of 150000
DEBUG: Total dvariable address used is 2132096 out of 50000000
DEBUG: Total gradient stack used is 232275 out of 10000000
DEBUG: Total dvariable address used is 1972 out of 150000
DEBUG: Total dvariable address used is 2132096 out of 50000000
DEBUG: Total gradient stack used is 232275 out of 10000000
DEBUG: Total dvariable address used is 1972 out of 150000
DEBUG: Total dvariable address used is 2132096 out of 50000000
DEBUG: Total gradient stack used is 232275 out of 10000000
DEBUG: Total dvariable address used is 1972 out of 150000
DEBUG: Total dvariable address used is 2132096 out of 50000000
DEBUG: Total gradient stack used is 232275 out of 10000000
DEBUG: Total dvariable address used is 1972 out of 150000
DEBUG: Total dvariable address used is 2132096 out of 50000000
DEBUG: Total gradient stack used is 232275 out of 10000000
DEBUG: Total dvariable address used is 1972 out of 150000
DEBUG: Total dvariable address used is 2132096 out of 50000000
DEBUG: Total gradient stack used is 232275 out of 10000000
DEBUG: Total dvariable address used is 1972 out of 150000
DEBUG: Total dvariable address used is 2132096 out of 50000000
DEBUG: Total gradient stack used is 232275 out of 10000000
DEBUG: Total dvariable address used is 1972 out of 150000
DEBUG: Total dvariable address used is 2132096 out of 50000000
DEBUG: Total gradient stack used is 232275 out of 10000000
DEBUG: Total dvariable address used is 1972 out of 150000
DEBUG: Total dvariable address used is 2132096 out of 50000000
DEBUG: Total gradient stack used is 232275 out of 10000000
DEBUG: Total dvariable address used is 1972 out of 150000
DEBUG: Total dvariable address used is 2132096 out of 50000000
DEBUG: Total gradient stack used is 232275 out of 10000000
DEBUG: Total dvariable address used is 1972 out of 150000
DEBUG: Total dvariable address used is 2132096 out of 50000000
DEBUG: Total gradient stack used is 232275 out of 10000000
DEBUG: Total dvariable address used is 1972 out of 150000
DEBUG: Total dvariable address used is 2132096 out of 50000000
DEBUG: Total gradient stack used is 232275 out of 10000000
DEBUG: Total dvariable address used is 1972 out of 150000
DEBUG: Total dvariable address used is 2132096 out of 50000000
DEBUG: Total gradient stack used is 232275 out of 10000000
DEBUG: Total dvariable address used is 1972 out of 150000
DEBUG: Total dvariable address used is 2132096 out of 50000000
DEBUG: Total gradient stack used is 232275 out of 10000000
DEBUG: Total dvariable address used is 1972 out of 150000
DEBUG: Total dvariable address used is 2132096 out of 50000000
DEBUG: Total gradient stack used is 232275 out of 10000000
DEBUG: Total dvariable address used is 1972 out of 150000
DEBUG: Total dvariable address used is 2132096 out of 50000000
DEBUG: Total gradient stack used is 232275 out of 10000000
DEBUG: Total dvariable address used is 1972 out of 150000
DEBUG: Total dvariable address used is 2132096 out of 50000000
DEBUG: Total gradient stack used is 232275 out of 10000000
DEBUG: Total dvariable address used is 1972 out of 150000
DEBUG: Total dvariable address used is 2132096 out of 50000000
DEBUG: Total gradient stack used is 232275 out of 10000000
DEBUG: Total dvariable address used is 1972 out of 150000
DEBUG: Total dvariable address used is 2132096 out of 50000000
DEBUG: Total gradient stack used is 232275 out of 10000000
DEBUG: Total dvariable address used is 1972 out of 150000
DEBUG: Total dvariable address used is 2132096 out of 50000000
DEBUG: Total gradient stack used is 232275 out of 10000000
DEBUG: Total dvariable address used is 1972 out of 150000
DEBUG: Total dvariable address used is 2132096 out of 50000000
DEBUG: Total gradient stack used is 232275 out of 10000000
DEBUG: Total dvariable address used is 1972 out of 150000
DEBUG: Total dvariable address used is 2132096 out of 50000000
DEBUG: Total gradient stack used is 232275 out of 10000000
DEBUG: Total dvariable address used is 1972 out of 150000
DEBUG: Total dvariable address used is 2132096 out of 50000000
DEBUG: Total gradient stack used is 232275 out of 10000000
DEBUG: Total dvariable address used is 1972 out of 150000
DEBUG: Total dvariable address used is 2132096 out of 50000000
DEBUG: Total gradient stack used is 232275 out of 10000000
DEBUG: Total dvariable address used is 1972 out of 150000
DEBUG: Total dvariable address used is 2132096 out of 50000000
DEBUG: Total gradient stack used is 232275 out of 10000000
DEBUG: Total dvariable address used is 1972 out of 150000
DEBUG: Total dvariable address used is 2132096 out of 50000000
DEBUG: Total gradient stack used is 232275 out of 10000000
DEBUG: Total dvariable address used is 1972 out of 150000
DEBUG: Total dvariable address used is 2132096 out of 50000000
DEBUG: Total gradient stack used is 232275 out of 10000000
DEBUG: Total dvariable address used is 1972 out of 150000
DEBUG: Total dvariable address used is 2132096 out of 50000000
DEBUG: Total gradient stack used is 232275 out of 10000000
DEBUG: Total dvariable address used is 1972 out of 150000
DEBUG: Total dvariable address used is 2132096 out of 50000000
DEBUG: Total gradient stack used is 232275 out of 10000000
DEBUG: Total dvariable address used is 1972 out of 150000
DEBUG: Total dvariable address used is 2132096 out of 50000000
DEBUG: Total gradient stack used is 232275 out of 10000000
DEBUG: Total dvariable address used is 1972 out of 150000
DEBUG: Total dvariable address used is 2132096 out of 50000000
DEBUG: Total gradient stack used is 232275 out of 10000000
DEBUG: Total dvariable address used is 1972 out of 150000
DEBUG: Total dvariable address used is 2132096 out of 50000000
DEBUG: Total gradient stack used is 232275 out of 10000000
DEBUG: Total dvariable address used is 1972 out of 150000
DEBUG: Total dvariable address used is 2132096 out of 50000000
DEBUG: Total gradient stack used is 232275 out of 10000000
DEBUG: Total dvariable address used is 1972 out of 150000
DEBUG: Total dvariable address used is 2132096 out of 50000000
DEBUG: Total gradient stack used is 232275 out of 10000000
DEBUG: Total dvariable address used is 1972 out of 150000
DEBUG: Total dvariable address used is 2132096 out of 50000000
DEBUG: Total gradient stack used is 232275 out of 10000000
DEBUG: Total dvariable address used is 1972 out of 150000
DEBUG: Total dvariable address used is 2132096 out of 50000000
DEBUG: Total gradient stack used is 232275 out of 10000000
DEBUG: Total dvariable address used is 1972 out of 150000
DEBUG: Total dvariable address used is 2132096 out of 50000000
DEBUG: Total gradient stack used is 232275 out of 10000000
DEBUG: Total dvariable address used is 1972 out of 150000
DEBUG: Total dvariable address used is 2132096 out of 50000000
DEBUG: Total gradient stack used is 232275 out of 10000000
DEBUG: Total dvariable address used is 1972 out of 150000
DEBUG: Total dvariable address used is 2132096 out of 50000000
DEBUG: Total gradient stack used is 232275 out of 10000000
DEBUG: Total dvariable address used is 1972 out of 150000
DEBUG: Total dvariable address used is 2132096 out of 50000000
DEBUG: Total gradient stack used is 232275 out of 10000000
DEBUG: Total dvariable address used is 1972 out of 150000
DEBUG: Total dvariable address used is 2132096 out of 50000000
DEBUG: Total gradient stack used is 232275 out of 10000000
DEBUG: Total dvariable address used is 1972 out of 150000
DEBUG: Total dvariable address used is 2132096 out of 50000000
DEBUG: Total gradient stack used is 232275 out of 10000000
DEBUG: Total dvariable address used is 1972 out of 150000
DEBUG: Total dvariable address used is 2132096 out of 50000000
DEBUG: Total gradient stack used is 232275 out of 10000000
DEBUG: Total dvariable address used is 1972 out of 150000
DEBUG: Total dvariable address used is 2132096 out of 50000000
DEBUG: Total gradient stack used is 232275 out of 10000000
DEBUG: Total dvariable address used is 1972 out of 150000
DEBUG: Total dvariable address used is 2132096 out of 50000000
DEBUG: Total gradient stack used is 232275 out of 10000000
DEBUG: Total dvariable address used is 1972 out of 150000
DEBUG: Total dvariable address used is 2132096 out of 50000000
DEBUG: Total gradient stack used is 232275 out of 10000000
DEBUG: Total dvariable address used is 1972 out of 150000
DEBUG: Total dvariable address used is 2132096 out of 50000000
DEBUG: Total gradient stack used is 232275 out of 10000000
DEBUG: Total dvariable address used is 1972 out of 150000
DEBUG: Total dvariable address used is 2132096 out of 50000000
DEBUG: Total gradient stack used is 232275 out of 10000000
DEBUG: Total dvariable address used is 1972 out of 150000
DEBUG: Total dvariable address used is 2132096 out of 50000000
DEBUG: Total gradient stack used is 232275 out of 10000000
DEBUG: Total dvariable address used is 1972 out of 150000
DEBUG: Total dvariable address used is 2132096 out of 50000000
DEBUG: Total gradient stack used is 232275 out of 10000000
DEBUG: Total dvariable address used is 1972 out of 150000
DEBUG: Total dvariable address used is 2132096 out of 50000000
DEBUG: Total gradient stack used is 232275 out of 10000000
DEBUG: Total dvariable address used is 1972 out of 150000
DEBUG: Total dvariable address used is 2132096 out of 50000000
DEBUG: Total gradient stack used is 232275 out of 10000000
DEBUG: Total dvariable address used is 1972 out of 150000
DEBUG: Total dvariable address used is 2132096 out of 50000000
DEBUG: Total gradient stack used is 232275 out of 10000000
DEBUG: Total dvariable address used is 1972 out of 150000
DEBUG: Total dvariable address used is 2132096 out of 50000000
DEBUG: Total gradient stack used is 232275 out of 10000000
DEBUG: Total dvariable address used is 1972 out of 150000
DEBUG: Total dvariable address used is 2132096 out of 50000000
DEBUG: Total gradient stack used is 232275 out of 10000000
DEBUG: Total dvariable address used is 1972 out of 150000
DEBUG: Total dvariable address used is 2132096 out of 50000000
DEBUG: Total gradient stack used is 232275 out of 10000000
DEBUG: Total dvariable address used is 1972 out of 150000
DEBUG: Total dvariable address used is 2132096 out of 50000000
DEBUG: Total gradient stack used is 232275 out of 10000000
DEBUG: Total dvariable address used is 1972 out of 150000
DEBUG: Total dvariable address used is 2132096 out of 50000000
DEBUG: Total gradient stack used is 232275 out of 10000000
DEBUG: Total dvariable address used is 1972 out of 150000
DEBUG: Total dvariable address used is 2132096 out of 50000000
DEBUG: Total gradient stack used is 232275 out of 10000000
DEBUG: Total dvariable address used is 1972 out of 150000
DEBUG: Total dvariable address used is 2132096 out of 50000000
DEBUG: Total gradient stack used is 232275 out of 10000000
DEBUG: Total dvariable address used is 1972 out of 150000
DEBUG: Total dvariable address used is 2132096 out of 50000000
DEBUG: Total gradient stack used is 232275 out of 10000000
DEBUG: Total dvariable address used is 1972 out of 150000
DEBUG: Total dvariable address used is 2132096 out of 50000000
DEBUG: Total gradient stack used is 232275 out of 10000000
DEBUG: Total dvariable address used is 1972 out of 150000
DEBUG: Total dvariable address used is 2132096 out of 50000000
DEBUG: Total gradient stack used is 232275 out of 10000000
DEBUG: Total dvariable address used is 1972 out of 150000
DEBUG: Total dvariable address used is 2132096 out of 50000000
DEBUG: Total gradient stack used is 232275 out of 10000000
DEBUG: Total dvariable address used is 1972 out of 150000
DEBUG: Total dvariable address used is 2132096 out of 50000000
DEBUG: Total gradient stack used is 232275 out of 10000000
DEBUG: Total dvariable address used is 1972 out of 150000
DEBUG: Total dvariable address used is 2132096 out of 50000000
DEBUG: Total gradient stack used is 232275 out of 10000000
DEBUG: Total dvariable address used is 1972 out of 150000
DEBUG: Total dvariable address used is 2132096 out of 50000000
DEBUG: Total gradient stack used is 232275 out of 10000000
DEBUG: Total dvariable address used is 1972 out of 150000
DEBUG: Total dvariable address used is 2132096 out of 50000000
DEBUG: Total gradient stack used is 232275 out of 10000000
DEBUG: Total dvariable address used is 1972 out of 150000
DEBUG: Total dvariable address used is 2132096 out of 50000000
DEBUG: Total gradient stack used is 232275 out of 10000000
DEBUG: Total dvariable address used is 1972 out of 150000
DEBUG: Total dvariable address used is 2132096 out of 50000000
DEBUG: Total gradient stack used is 232275 out of 10000000
DEBUG: Total dvariable address used is 1972 out of 150000
DEBUG: Total dvariable address used is 2132096 out of 50000000
DEBUG: Total gradient stack used is 232275 out of 10000000
DEBUG: Total dvariable address used is 1972 out of 150000
DEBUG: Total dvariable address used is 2132096 out of 50000000
DEBUG: Total gradient stack used is 232275 out of 10000000
DEBUG: Total dvariable address used is 1972 out of 150000
DEBUG: Total dvariable address used is 2132096 out of 50000000
DEBUG: Total gradient stack used is 232275 out of 10000000
DEBUG: Total dvariable address used is 1972 out of 150000
DEBUG: Total dvariable address used is 2132096 out of 50000000
DEBUG: Total gradient stack used is 232275 out of 10000000
DEBUG: Total dvariable address used is 1972 out of 150000
DEBUG: Total dvariable address used is 2132096 out of 50000000
DEBUG: Total gradient stack used is 232275 out of 10000000
DEBUG: Total dvariable address used is 1972 out of 150000
DEBUG: Total dvariable address used is 2132096 out of 50000000
DEBUG: Total gradient stack used is 232275 out of 10000000
DEBUG: Total dvariable address used is 1972 out of 150000
DEBUG: Total dvariable address used is 2132096 out of 50000000
DEBUG: Total gradient stack used is 232275 out of 10000000
DEBUG: Total dvariable address used is 1972 out of 150000
DEBUG: Total dvariable address used is 2132096 out of 50000000
DEBUG: Total gradient stack used is 232275 out of 10000000
DEBUG: Total dvariable address used is 1972 out of 150000
DEBUG: Total dvariable address used is 2132096 out of 50000000
DEBUG: Total gradient stack used is 232275 out of 10000000
DEBUG: Total dvariable address used is 1972 out of 150000
DEBUG: Total dvariable address used is 2132096 out of 50000000
DEBUG: Total gradient stack used is 232275 out of 10000000
DEBUG: Total dvariable address used is 1972 out of 150000
DEBUG: Total dvariable address used is 2132096 out of 50000000
DEBUG: Total gradient stack used is 232275 out of 10000000
DEBUG: Total dvariable address used is 1972 out of 150000
DEBUG: Total dvariable address used is 2132096 out of 50000000
DEBUG: Total gradient stack used is 232275 out of 10000000
DEBUG: Total dvariable address used is 1972 out of 150000
DEBUG: Total dvariable address used is 2132096 out of 50000000
DEBUG: Total gradient stack used is 232275 out of 10000000
DEBUG: Total dvariable address used is 1972 out of 150000
DEBUG: Total dvariable address used is 2132096 out of 50000000
DEBUG: Total gradient stack used is 232275 out of 10000000
DEBUG: Total dvariable address used is 1972 out of 150000
DEBUG: Total dvariable address used is 2132096 out of 50000000
DEBUG: Total gradient stack used is 232275 out of 10000000
DEBUG: Total dvariable address used is 1972 out of 150000
DEBUG: Total dvariable address used is 2132096 out of 50000000
DEBUG: Total gradient stack used is 232275 out of 10000000
DEBUG: Total dvariable address used is 1972 out of 150000
DEBUG: Total dvariable address used is 2132096 out of 50000000
DEBUG: Total gradient stack used is 232275 out of 10000000
DEBUG: Total dvariable address used is 1972 out of 150000
DEBUG: Total dvariable address used is 2132096 out of 50000000
DEBUG: Total gradient stack used is 232275 out of 10000000
DEBUG: Total dvariable address used is 1972 out of 150000
DEBUG: Total dvariable address used is 2132096 out of 50000000
DEBUG: Total gradient stack used is 232275 out of 10000000
DEBUG: Total dvariable address used is 1972 out of 150000
DEBUG: Total dvariable address used is 2132096 out of 50000000
DEBUG: Total gradient stack used is 232275 out of 10000000
DEBUG: Total dvariable address used is 1972 out of 150000
DEBUG: Total dvariable address used is 2132096 out of 50000000
DEBUG: Total gradient stack used is 232275 out of 10000000
DEBUG: Total dvariable address used is 1972 out of 150000
DEBUG: Total dvariable address used is 2132096 out of 50000000
DEBUG: Total gradient stack used is 232275 out of 10000000
DEBUG: Total dvariable address used is 1972 out of 150000
DEBUG: Total dvariable address used is 2132096 out of 50000000
DEBUG: Total gradient stack used is 232275 out of 10000000
DEBUG: Total dvariable address used is 1972 out of 150000
DEBUG: Total dvariable address used is 2132096 out of 50000000
DEBUG: Total gradient stack used is 232275 out of 10000000
DEBUG: Total dvariable address used is 1972 out of 150000
DEBUG: Total dvariable address used is 2132096 out of 50000000
DEBUG: Total gradient stack used is 232275 out of 10000000
DEBUG: Total dvariable address used is 1972 out of 150000
DEBUG: Total dvariable address used is 2132096 out of 50000000
DEBUG: Total gradient stack used is 232275 out of 10000000
DEBUG: Total dvariable address used is 1972 out of 150000
DEBUG: Total dvariable address used is 2132096 out of 50000000
DEBUG: Total gradient stack used is 232275 out of 10000000
DEBUG: Total dvariable address used is 1972 out of 150000
DEBUG: Total dvariable address used is 2132096 out of 50000000
DEBUG: Total gradient stack used is 232275 out of 10000000
DEBUG: Total dvariable address used is 1972 out of 150000
DEBUG: Total dvariable address used is 2132096 out of 50000000
DEBUG: Total gradient stack used is 232275 out of 10000000
DEBUG: Total dvariable address used is 1972 out of 150000
DEBUG: Total dvariable address used is 2132096 out of 50000000
DEBUG: Total gradient stack used is 232275 out of 10000000
DEBUG: Total dvariable address used is 1972 out of 150000
DEBUG: Total dvariable address used is 2132096 out of 50000000
DEBUG: Total gradient stack used is 232275 out of 10000000
DEBUG: Total dvariable address used is 1972 out of 150000
DEBUG: Total dvariable address used is 2132096 out of 50000000
DEBUG: Total gradient stack used is 232275 out of 10000000
DEBUG: Total dvariable address used is 1972 out of 150000
DEBUG: Total dvariable address used is 2132096 out of 50000000
DEBUG: Total gradient stack used is 232275 out of 10000000
DEBUG: Total dvariable address used is 1972 out of 150000
DEBUG: Total dvariable address used is 2132096 out of 50000000
DEBUG: Total gradient stack used is 232275 out of 10000000
DEBUG: Total dvariable address used is 1972 out of 150000
DEBUG: Total dvariable address used is 2132096 out of 50000000
DEBUG: Total gradient stack used is 232275 out of 10000000
DEBUG: Total dvariable address used is 1972 out of 150000
DEBUG: Total dvariable address used is 2132096 out of 50000000
DEBUG: Total gradient stack used is 232275 out of 10000000
DEBUG: Total dvariable address used is 1972 out of 150000
DEBUG: Total dvariable address used is 2132096 out of 50000000
DEBUG: Total gradient stack used is 232275 out of 10000000
DEBUG: Total dvariable address used is 1972 out of 150000
DEBUG: Total dvariable address used is 2132096 out of 50000000
DEBUG: Total gradient stack used is 232275 out of 10000000
DEBUG: Total dvariable address used is 1972 out of 150000
DEBUG: Total dvariable address used is 2132096 out of 50000000
DEBUG: Total gradient stack used is 232275 out of 10000000
DEBUG: Total dvariable address used is 1972 out of 150000
DEBUG: Total dvariable address used is 2132096 out of 50000000
DEBUG: Total gradient stack used is 232275 out of 10000000
DEBUG: Total dvariable address used is 1972 out of 150000
DEBUG: Total dvariable address used is 2132096 out of 50000000
DEBUG: Total gradient stack used is 232275 out of 10000000
DEBUG: Total dvariable address used is 1972 out of 150000
DEBUG: Total dvariable address used is 2132096 out of 50000000
DEBUG: Total gradient stack used is 232275 out of 10000000
DEBUG: Total dvariable address used is 1972 out of 150000
DEBUG: Total dvariable address used is 2132096 out of 50000000
DEBUG: Total gradient stack used is 232275 out of 10000000
DEBUG: Total dvariable address used is 1972 out of 150000
DEBUG: Total dvariable address used is 2132096 out of 50000000
DEBUG: Total gradient stack used is 232275 out of 10000000
DEBUG: Total dvariable address used is 1972 out of 150000
DEBUG: Total dvariable address used is 2132096 out of 50000000
DEBUG: Total gradient stack used is 232275 out of 10000000
DEBUG: Total dvariable address used is 1972 out of 150000
DEBUG: Total dvariable address used is 2132096 out of 50000000
DEBUG: Total gradient stack used is 232275 out of 10000000
DEBUG: Total dvariable address used is 1972 out of 150000
DEBUG: Total dvariable address used is 2132096 out of 50000000
DEBUG: Total gradient stack used is 232275 out of 10000000
DEBUG: Total dvariable address used is 1972 out of 150000
DEBUG: Total dvariable address used is 2132096 out of 50000000
DEBUG: Total gradient stack used is 232275 out of 10000000
DEBUG: Total dvariable address used is 1972 out of 150000
DEBUG: Total dvariable address used is 2132096 out of 50000000
DEBUG: Total gradient stack used is 232275 out of 10000000
DEBUG: Total dvariable address used is 1972 out of 150000
DEBUG: Total dvariable address used is 2132096 out of 50000000
DEBUG: Total gradient stack used is 232275 out of 10000000
DEBUG: Total dvariable address used is 1972 out of 150000
DEBUG: Total dvariable address used is 2132096 out of 50000000
DEBUG: Total gradient stack used is 232275 out of 10000000
DEBUG: Total dvariable address used is 1972 out of 150000
DEBUG: Total dvariable address used is 2132096 out of 50000000
DEBUG: Total gradient stack used is 232275 out of 10000000
DEBUG: Total dvariable address used is 1972 out of 150000
DEBUG: Total dvariable address used is 2132096 out of 50000000
DEBUG: Total gradient stack used is 232275 out of 10000000
DEBUG: Total dvariable address used is 1972 out of 150000
DEBUG: Total dvariable address used is 2132096 out of 50000000
DEBUG: Total gradient stack used is 232275 out of 10000000
DEBUG: Total dvariable address used is 1972 out of 150000
DEBUG: Total dvariable address used is 2132096 out of 50000000
DEBUG: Total gradient stack used is 232275 out of 10000000
DEBUG: Total dvariable address used is 1972 out of 150000
DEBUG: Total dvariable address used is 2132096 out of 50000000
DEBUG: Total gradient stack used is 232275 out of 10000000
DEBUG: Total dvariable address used is 1972 out of 150000
DEBUG: Total dvariable address used is 2132096 out of 50000000
DEBUG: Total gradient stack used is 232275 out of 10000000
DEBUG: Total dvariable address used is 1972 out of 150000
DEBUG: Total dvariable address used is 2132096 out of 50000000
DEBUG: Total gradient stack used is 232275 out of 10000000
DEBUG: Total dvariable address used is 1972 out of 150000
DEBUG: Total dvariable address used is 2132096 out of 50000000
DEBUG: Total gradient stack used is 232275 out of 10000000
DEBUG: Total dvariable address used is 1972 out of 150000
DEBUG: Total dvariable address used is 2132096 out of 50000000
DEBUG: Total gradient stack used is 232275 out of 10000000
DEBUG: Total dvariable address used is 1972 out of 150000
DEBUG: Total dvariable address used is 2132096 out of 50000000
DEBUG: Total gradient stack used is 232275 out of 10000000
DEBUG: Total dvariable address used is 1972 out of 150000
DEBUG: Total dvariable address used is 2132096 out of 50000000
DEBUG: Total gradient stack used is 232275 out of 10000000
DEBUG: Total dvariable address used is 1972 out of 150000
DEBUG: Total dvariable address used is 2132096 out of 50000000
DEBUG: Total gradient stack used is 232275 out of 10000000
DEBUG: Total dvariable address used is 1972 out of 150000
DEBUG: Total dvariable address used is 2132096 out of 50000000
DEBUG: Total gradient stack used is 232275 out of 10000000
DEBUG: Total dvariable address used is 1972 out of 150000
DEBUG: Total dvariable address used is 2132096 out of 50000000
DEBUG: Total gradient stack used is 232275 out of 10000000
DEBUG: Total dvariable address used is 1972 out of 150000
DEBUG: Total dvariable address used is 2132096 out of 50000000
DEBUG: Total gradient stack used is 232275 out of 10000000
DEBUG: Total dvariable address used is 1972 out of 150000
DEBUG: Total dvariable address used is 2132096 out of 50000000
DEBUG: Total gradient stack used is 232275 out of 10000000
DEBUG: Total dvariable address used is 1972 out of 150000
DEBUG: Total dvariable address used is 2132096 out of 50000000
DEBUG: Total gradient stack used is 232275 out of 10000000
DEBUG: Total dvariable address used is 1972 out of 150000
DEBUG: Total dvariable address used is 2132096 out of 50000000
DEBUG: Total gradient stack used is 232275 out of 10000000
DEBUG: Total dvariable address used is 1972 out of 150000
DEBUG: Total dvariable address used is 2132096 out of 50000000
DEBUG: Total gradient stack used is 232275 out of 10000000
DEBUG: Total dvariable address used is 1972 out of 150000
DEBUG: Total dvariable address used is 2132096 out of 50000000
DEBUG: Total gradient stack used is 232275 out of 10000000
DEBUG: Total dvariable address used is 1972 out of 150000
DEBUG: Total dvariable address used is 2132096 out of 50000000
DEBUG: Total gradient stack used is 232275 out of 10000000
DEBUG: Total dvariable address used is 1972 out of 150000
DEBUG: Total dvariable address used is 2132096 out of 50000000
DEBUG: Total gradient stack used is 232275 out of 10000000
DEBUG: Total dvariable address used is 1972 out of 150000
DEBUG: Total dvariable address used is 2132096 out of 50000000
DEBUG: Total gradient stack used is 232275 out of 10000000
DEBUG: Total dvariable address used is 1972 out of 150000
DEBUG: Total dvariable address used is 2132096 out of 50000000
DEBUG: Total gradient stack used is 232275 out of 10000000
DEBUG: Total dvariable address used is 1972 out of 150000
DEBUG: Total dvariable address used is 2132096 out of 50000000
DEBUG: Total gradient stack used is 232275 out of 10000000
DEBUG: Total dvariable address used is 1972 out of 150000
DEBUG: Total dvariable address used is 2132096 out of 50000000
DEBUG: Total gradient stack used is 232275 out of 10000000
DEBUG: Total dvariable address used is 1972 out of 150000
DEBUG: Total dvariable address used is 2132096 out of 50000000
DEBUG: Total gradient stack used is 232275 out of 10000000
DEBUG: Total dvariable address used is 1972 out of 150000
DEBUG: Total dvariable address used is 2132096 out of 50000000
DEBUG: Total gradient stack used is 232275 out of 10000000
DEBUG: Total dvariable address used is 1972 out of 150000
DEBUG: Total dvariable address used is 2132096 out of 50000000
DEBUG: Total gradient stack used is 232275 out of 10000000
DEBUG: Total dvariable address used is 1972 out of 150000
DEBUG: Total dvariable address used is 2132096 out of 50000000
DEBUG: Total gradient stack used is 232275 out of 10000000
DEBUG: Total dvariable address used is 1972 out of 150000
DEBUG: Total dvariable address used is 2132096 out of 50000000
DEBUG: Total gradient stack used is 232275 out of 10000000
DEBUG: Total dvariable address used is 1972 out of 150000
DEBUG: Total dvariable address used is 2132096 out of 50000000
DEBUG: Total gradient stack used is 232275 out of 10000000
DEBUG: Total dvariable address used is 1972 out of 150000
DEBUG: Total dvariable address used is 2132096 out of 50000000
DEBUG: Total gradient stack used is 232275 out of 10000000
DEBUG: Total dvariable address used is 1972 out of 150000
DEBUG: Total dvariable address used is 2132096 out of 50000000
, 80%DEBUG: Total gradient stack used is 232275 out of 10000000
DEBUG: Total dvariable address used is 1972 out of 150000
DEBUG: Total dvariable address used is 2132096 out of 50000000
DEBUG: Total gradient stack used is 232275 out of 10000000
DEBUG: Total dvariable address used is 1972 out of 150000
DEBUG: Total dvariable address used is 2132096 out of 50000000
DEBUG: Total gradient stack used is 232275 out of 10000000
DEBUG: Total dvariable address used is 1972 out of 150000
DEBUG: Total dvariable address used is 2132096 out of 50000000
DEBUG: Total gradient stack used is 232275 out of 10000000
DEBUG: Total dvariable address used is 1972 out of 150000
DEBUG: Total dvariable address used is 2132096 out of 50000000
DEBUG: Total gradient stack used is 232275 out of 10000000
DEBUG: Total dvariable address used is 1972 out of 150000
DEBUG: Total dvariable address used is 2132096 out of 50000000
DEBUG: Total gradient stack used is 232275 out of 10000000
DEBUG: Total dvariable address used is 1972 out of 150000
DEBUG: Total dvariable address used is 2132096 out of 50000000
DEBUG: Total gradient stack used is 232275 out of 10000000
DEBUG: Total dvariable address used is 1972 out of 150000
DEBUG: Total dvariable address used is 2132096 out of 50000000
DEBUG: Total gradient stack used is 232275 out of 10000000
DEBUG: Total dvariable address used is 1972 out of 150000
DEBUG: Total dvariable address used is 2132096 out of 50000000
DEBUG: Total gradient stack used is 232275 out of 10000000
DEBUG: Total dvariable address used is 1972 out of 150000
DEBUG: Total dvariable address used is 2132096 out of 50000000
DEBUG: Total gradient stack used is 232275 out of 10000000
DEBUG: Total dvariable address used is 1972 out of 150000
DEBUG: Total dvariable address used is 2132096 out of 50000000
DEBUG: Total gradient stack used is 232275 out of 10000000
DEBUG: Total dvariable address used is 1972 out of 150000
DEBUG: Total dvariable address used is 2132096 out of 50000000
DEBUG: Total gradient stack used is 232275 out of 10000000
DEBUG: Total dvariable address used is 1972 out of 150000
DEBUG: Total dvariable address used is 2132096 out of 50000000
DEBUG: Total gradient stack used is 232275 out of 10000000
DEBUG: Total dvariable address used is 1972 out of 150000
DEBUG: Total dvariable address used is 2132096 out of 50000000
DEBUG: Total gradient stack used is 232275 out of 10000000
DEBUG: Total dvariable address used is 1972 out of 150000
DEBUG: Total dvariable address used is 2132096 out of 50000000
DEBUG: Total gradient stack used is 232275 out of 10000000
DEBUG: Total dvariable address used is 1972 out of 150000
DEBUG: Total dvariable address used is 2132096 out of 50000000
DEBUG: Total gradient stack used is 232275 out of 10000000
DEBUG: Total dvariable address used is 1972 out of 150000
DEBUG: Total dvariable address used is 2132096 out of 50000000
DEBUG: Total gradient stack used is 232275 out of 10000000
DEBUG: Total dvariable address used is 1972 out of 150000
DEBUG: Total dvariable address used is 2132096 out of 50000000
DEBUG: Total gradient stack used is 232275 out of 10000000
DEBUG: Total dvariable address used is 1972 out of 150000
DEBUG: Total dvariable address used is 2132096 out of 50000000
DEBUG: Total gradient stack used is 232275 out of 10000000
DEBUG: Total dvariable address used is 1972 out of 150000
DEBUG: Total dvariable address used is 2132096 out of 50000000
DEBUG: Total gradient stack used is 232275 out of 10000000
DEBUG: Total dvariable address used is 1972 out of 150000
DEBUG: Total dvariable address used is 2132096 out of 50000000
DEBUG: Total gradient stack used is 232275 out of 10000000
DEBUG: Total dvariable address used is 1972 out of 150000
DEBUG: Total dvariable address used is 2132096 out of 50000000
DEBUG: Total gradient stack used is 232275 out of 10000000
DEBUG: Total dvariable address used is 1972 out of 150000
DEBUG: Total dvariable address used is 2132096 out of 50000000
DEBUG: Total gradient stack used is 232275 out of 10000000
DEBUG: Total dvariable address used is 1972 out of 150000
DEBUG: Total dvariable address used is 2132096 out of 50000000
DEBUG: Total gradient stack used is 232275 out of 10000000
DEBUG: Total dvariable address used is 1972 out of 150000
DEBUG: Total dvariable address used is 2132096 out of 50000000
DEBUG: Total gradient stack used is 232275 out of 10000000
DEBUG: Total dvariable address used is 1972 out of 150000
DEBUG: Total dvariable address used is 2132096 out of 50000000
DEBUG: Total gradient stack used is 232275 out of 10000000
DEBUG: Total dvariable address used is 1972 out of 150000
DEBUG: Total dvariable address used is 2132096 out of 50000000
DEBUG: Total gradient stack used is 232275 out of 10000000
DEBUG: Total dvariable address used is 1972 out of 150000
DEBUG: Total dvariable address used is 2132096 out of 50000000
DEBUG: Total gradient stack used is 232275 out of 10000000
DEBUG: Total dvariable address used is 1972 out of 150000
DEBUG: Total dvariable address used is 2132096 out of 50000000
DEBUG: Total gradient stack used is 232275 out of 10000000
DEBUG: Total dvariable address used is 1972 out of 150000
DEBUG: Total dvariable address used is 2132096 out of 50000000
DEBUG: Total gradient stack used is 232275 out of 10000000
DEBUG: Total dvariable address used is 1972 out of 150000
DEBUG: Total dvariable address used is 2132096 out of 50000000
DEBUG: Total gradient stack used is 232275 out of 10000000
DEBUG: Total dvariable address used is 1972 out of 150000
DEBUG: Total dvariable address used is 2132096 out of 50000000
DEBUG: Total gradient stack used is 232275 out of 10000000
DEBUG: Total dvariable address used is 1972 out of 150000
DEBUG: Total dvariable address used is 2132096 out of 50000000
DEBUG: Total gradient stack used is 232275 out of 10000000
DEBUG: Total dvariable address used is 1972 out of 150000
DEBUG: Total dvariable address used is 2132096 out of 50000000
DEBUG: Total gradient stack used is 232275 out of 10000000
DEBUG: Total dvariable address used is 1972 out of 150000
DEBUG: Total dvariable address used is 2132096 out of 50000000
DEBUG: Total gradient stack used is 232275 out of 10000000
DEBUG: Total dvariable address used is 1972 out of 150000
DEBUG: Total dvariable address used is 2132096 out of 50000000
DEBUG: Total gradient stack used is 232275 out of 10000000
DEBUG: Total dvariable address used is 1972 out of 150000
DEBUG: Total dvariable address used is 2132096 out of 50000000
DEBUG: Total gradient stack used is 232275 out of 10000000
DEBUG: Total dvariable address used is 1972 out of 150000
DEBUG: Total dvariable address used is 2132096 out of 50000000
DEBUG: Total gradient stack used is 232275 out of 10000000
DEBUG: Total dvariable address used is 1972 out of 150000
DEBUG: Total dvariable address used is 2132096 out of 50000000
DEBUG: Total gradient stack used is 232275 out of 10000000
DEBUG: Total dvariable address used is 1972 out of 150000
DEBUG: Total dvariable address used is 2132096 out of 50000000
DEBUG: Total gradient stack used is 232275 out of 10000000
DEBUG: Total dvariable address used is 1972 out of 150000
DEBUG: Total dvariable address used is 2132096 out of 50000000
DEBUG: Total gradient stack used is 232275 out of 10000000
DEBUG: Total dvariable address used is 1972 out of 150000
DEBUG: Total dvariable address used is 2132096 out of 50000000
DEBUG: Total gradient stack used is 232275 out of 10000000
DEBUG: Total dvariable address used is 1972 out of 150000
DEBUG: Total dvariable address used is 2132096 out of 50000000
DEBUG: Total gradient stack used is 232275 out of 10000000
DEBUG: Total dvariable address used is 1972 out of 150000
DEBUG: Total dvariable address used is 2132096 out of 50000000
DEBUG: Total gradient stack used is 232275 out of 10000000
DEBUG: Total dvariable address used is 1972 out of 150000
DEBUG: Total dvariable address used is 2132096 out of 50000000
DEBUG: Total gradient stack used is 232275 out of 10000000
DEBUG: Total dvariable address used is 1972 out of 150000
DEBUG: Total dvariable address used is 2132096 out of 50000000
DEBUG: Total gradient stack used is 232275 out of 10000000
DEBUG: Total dvariable address used is 1972 out of 150000
DEBUG: Total dvariable address used is 2132096 out of 50000000
DEBUG: Total gradient stack used is 232275 out of 10000000
DEBUG: Total dvariable address used is 1972 out of 150000
DEBUG: Total dvariable address used is 2132096 out of 50000000
DEBUG: Total gradient stack used is 232275 out of 10000000
DEBUG: Total dvariable address used is 1972 out of 150000
DEBUG: Total dvariable address used is 2132096 out of 50000000
DEBUG: Total gradient stack used is 232275 out of 10000000
DEBUG: Total dvariable address used is 1972 out of 150000
DEBUG: Total dvariable address used is 2132096 out of 50000000
DEBUG: Total gradient stack used is 232275 out of 10000000
DEBUG: Total dvariable address used is 1972 out of 150000
DEBUG: Total dvariable address used is 2132096 out of 50000000
DEBUG: Total gradient stack used is 232275 out of 10000000
DEBUG: Total dvariable address used is 1972 out of 150000
DEBUG: Total dvariable address used is 2132096 out of 50000000
DEBUG: Total gradient stack used is 232275 out of 10000000
DEBUG: Total dvariable address used is 1972 out of 150000
DEBUG: Total dvariable address used is 2132096 out of 50000000
DEBUG: Total gradient stack used is 232275 out of 10000000
DEBUG: Total dvariable address used is 1972 out of 150000
DEBUG: Total dvariable address used is 2132096 out of 50000000
DEBUG: Total gradient stack used is 232275 out of 10000000
DEBUG: Total dvariable address used is 1972 out of 150000
DEBUG: Total dvariable address used is 2132096 out of 50000000
DEBUG: Total gradient stack used is 232275 out of 10000000
DEBUG: Total dvariable address used is 1972 out of 150000
DEBUG: Total dvariable address used is 2132096 out of 50000000
DEBUG: Total gradient stack used is 232275 out of 10000000
DEBUG: Total dvariable address used is 1972 out of 150000
DEBUG: Total dvariable address used is 2132096 out of 50000000
DEBUG: Total gradient stack used is 232275 out of 10000000
DEBUG: Total dvariable address used is 1972 out of 150000
DEBUG: Total dvariable address used is 2132096 out of 50000000
DEBUG: Total gradient stack used is 232275 out of 10000000
DEBUG: Total dvariable address used is 1972 out of 150000
DEBUG: Total dvariable address used is 2132096 out of 50000000
DEBUG: Total gradient stack used is 232275 out of 10000000
DEBUG: Total dvariable address used is 1972 out of 150000
DEBUG: Total dvariable address used is 2132096 out of 50000000
DEBUG: Total gradient stack used is 232275 out of 10000000
DEBUG: Total dvariable address used is 1972 out of 150000
DEBUG: Total dvariable address used is 2132096 out of 50000000
DEBUG: Total gradient stack used is 232275 out of 10000000
DEBUG: Total dvariable address used is 1972 out of 150000
DEBUG: Total dvariable address used is 2132096 out of 50000000
DEBUG: Total gradient stack used is 232275 out of 10000000
DEBUG: Total dvariable address used is 1972 out of 150000
DEBUG: Total dvariable address used is 2132096 out of 50000000
DEBUG: Total gradient stack used is 232275 out of 10000000
DEBUG: Total dvariable address used is 1972 out of 150000
DEBUG: Total dvariable address used is 2132096 out of 50000000
DEBUG: Total gradient stack used is 232275 out of 10000000
DEBUG: Total dvariable address used is 1972 out of 150000
DEBUG: Total dvariable address used is 2132096 out of 50000000
DEBUG: Total gradient stack used is 232275 out of 10000000
DEBUG: Total dvariable address used is 1972 out of 150000
DEBUG: Total dvariable address used is 2132096 out of 50000000
DEBUG: Total gradient stack used is 232275 out of 10000000
DEBUG: Total dvariable address used is 1972 out of 150000
DEBUG: Total dvariable address used is 2132096 out of 50000000
DEBUG: Total gradient stack used is 232275 out of 10000000
DEBUG: Total dvariable address used is 1972 out of 150000
DEBUG: Total dvariable address used is 2132096 out of 50000000
DEBUG: Total gradient stack used is 232275 out of 10000000
DEBUG: Total dvariable address used is 1972 out of 150000
DEBUG: Total dvariable address used is 2132096 out of 50000000
DEBUG: Total gradient stack used is 232275 out of 10000000
DEBUG: Total dvariable address used is 1972 out of 150000
DEBUG: Total dvariable address used is 2132096 out of 50000000
DEBUG: Total gradient stack used is 232275 out of 10000000
DEBUG: Total dvariable address used is 1972 out of 150000
DEBUG: Total dvariable address used is 2132096 out of 50000000
DEBUG: Total gradient stack used is 232275 out of 10000000
DEBUG: Total dvariable address used is 1972 out of 150000
DEBUG: Total dvariable address used is 2132096 out of 50000000
DEBUG: Total gradient stack used is 232275 out of 10000000
DEBUG: Total dvariable address used is 1972 out of 150000
DEBUG: Total dvariable address used is 2132096 out of 50000000
DEBUG: Total gradient stack used is 232275 out of 10000000
DEBUG: Total dvariable address used is 1972 out of 150000
DEBUG: Total dvariable address used is 2132096 out of 50000000
DEBUG: Total gradient stack used is 232275 out of 10000000
DEBUG: Total dvariable address used is 1972 out of 150000
DEBUG: Total dvariable address used is 2132096 out of 50000000
DEBUG: Total gradient stack used is 232275 out of 10000000
DEBUG: Total dvariable address used is 1972 out of 150000
DEBUG: Total dvariable address used is 2132096 out of 50000000
DEBUG: Total gradient stack used is 232275 out of 10000000
DEBUG: Total dvariable address used is 1972 out of 150000
DEBUG: Total dvariable address used is 2132096 out of 50000000
DEBUG: Total gradient stack used is 232275 out of 10000000
DEBUG: Total dvariable address used is 1972 out of 150000
DEBUG: Total dvariable address used is 2132096 out of 50000000
DEBUG: Total gradient stack used is 232275 out of 10000000
DEBUG: Total dvariable address used is 1972 out of 150000
DEBUG: Total dvariable address used is 2132096 out of 50000000
DEBUG: Total gradient stack used is 232275 out of 10000000
DEBUG: Total dvariable address used is 1972 out of 150000
DEBUG: Total dvariable address used is 2132096 out of 50000000
DEBUG: Total gradient stack used is 232275 out of 10000000
DEBUG: Total dvariable address used is 1972 out of 150000
DEBUG: Total dvariable address used is 2132096 out of 50000000
DEBUG: Total gradient stack used is 232275 out of 10000000
DEBUG: Total dvariable address used is 1972 out of 150000
DEBUG: Total dvariable address used is 2132096 out of 50000000
DEBUG: Total gradient stack used is 232275 out of 10000000
DEBUG: Total dvariable address used is 1972 out of 150000
DEBUG: Total dvariable address used is 2132096 out of 50000000
DEBUG: Total gradient stack used is 232275 out of 10000000
DEBUG: Total dvariable address used is 1972 out of 150000
DEBUG: Total dvariable address used is 2132096 out of 50000000
DEBUG: Total gradient stack used is 232275 out of 10000000
DEBUG: Total dvariable address used is 1972 out of 150000
DEBUG: Total dvariable address used is 2132096 out of 50000000
DEBUG: Total gradient stack used is 232275 out of 10000000
DEBUG: Total dvariable address used is 1972 out of 150000
DEBUG: Total dvariable address used is 2132096 out of 50000000
DEBUG: Total gradient stack used is 232275 out of 10000000
DEBUG: Total dvariable address used is 1972 out of 150000
DEBUG: Total dvariable address used is 2132096 out of 50000000
DEBUG: Total gradient stack used is 232275 out of 10000000
DEBUG: Total dvariable address used is 1972 out of 150000
DEBUG: Total dvariable address used is 2132096 out of 50000000
DEBUG: Total gradient stack used is 232275 out of 10000000
DEBUG: Total dvariable address used is 1972 out of 150000
DEBUG: Total dvariable address used is 2132096 out of 50000000
DEBUG: Total gradient stack used is 232275 out of 10000000
DEBUG: Total dvariable address used is 1972 out of 150000
DEBUG: Total dvariable address used is 2132096 out of 50000000
DEBUG: Total gradient stack used is 232275 out of 10000000
DEBUG: Total dvariable address used is 1972 out of 150000
DEBUG: Total dvariable address used is 2132096 out of 50000000
DEBUG: Total gradient stack used is 232275 out of 10000000
DEBUG: Total dvariable address used is 1972 out of 150000
DEBUG: Total dvariable address used is 2132096 out of 50000000
DEBUG: Total gradient stack used is 232275 out of 10000000
DEBUG: Total dvariable address used is 1972 out of 150000
DEBUG: Total dvariable address used is 2132096 out of 50000000
DEBUG: Total gradient stack used is 232275 out of 10000000
DEBUG: Total dvariable address used is 1972 out of 150000
DEBUG: Total dvariable address used is 2132096 out of 50000000
DEBUG: Total gradient stack used is 232275 out of 10000000
DEBUG: Total dvariable address used is 1972 out of 150000
DEBUG: Total dvariable address used is 2132096 out of 50000000
DEBUG: Total gradient stack used is 232275 out of 10000000
DEBUG: Total dvariable address used is 1972 out of 150000
DEBUG: Total dvariable address used is 2132096 out of 50000000
DEBUG: Total gradient stack used is 232275 out of 10000000
DEBUG: Total dvariable address used is 1972 out of 150000
DEBUG: Total dvariable address used is 2132096 out of 50000000
DEBUG: Total gradient stack used is 232275 out of 10000000
DEBUG: Total dvariable address used is 1972 out of 150000
DEBUG: Total dvariable address used is 2132096 out of 50000000
DEBUG: Total gradient stack used is 232275 out of 10000000
DEBUG: Total dvariable address used is 1972 out of 150000
DEBUG: Total dvariable address used is 2132096 out of 50000000
DEBUG: Total gradient stack used is 232275 out of 10000000
DEBUG: Total dvariable address used is 1972 out of 150000
DEBUG: Total dvariable address used is 2132096 out of 50000000
DEBUG: Total gradient stack used is 232275 out of 10000000
DEBUG: Total dvariable address used is 1972 out of 150000
DEBUG: Total dvariable address used is 2132096 out of 50000000
DEBUG: Total gradient stack used is 232275 out of 10000000
DEBUG: Total dvariable address used is 1972 out of 150000
DEBUG: Total dvariable address used is 2132096 out of 50000000
DEBUG: Total gradient stack used is 232275 out of 10000000
DEBUG: Total dvariable address used is 1972 out of 150000
DEBUG: Total dvariable address used is 2132096 out of 50000000
DEBUG: Total gradient stack used is 232275 out of 10000000
DEBUG: Total dvariable address used is 1972 out of 150000
DEBUG: Total dvariable address used is 2132096 out of 50000000
DEBUG: Total gradient stack used is 232275 out of 10000000
DEBUG: Total dvariable address used is 1972 out of 150000
DEBUG: Total dvariable address used is 2132096 out of 50000000
DEBUG: Total gradient stack used is 232275 out of 10000000
DEBUG: Total dvariable address used is 1972 out of 150000
DEBUG: Total dvariable address used is 2132096 out of 50000000
DEBUG: Total gradient stack used is 232275 out of 10000000
DEBUG: Total dvariable address used is 1972 out of 150000
DEBUG: Total dvariable address used is 2132096 out of 50000000
DEBUG: Total gradient stack used is 232275 out of 10000000
DEBUG: Total dvariable address used is 1972 out of 150000
DEBUG: Total dvariable address used is 2132096 out of 50000000
DEBUG: Total gradient stack used is 232275 out of 10000000
DEBUG: Total dvariable address used is 1972 out of 150000
DEBUG: Total dvariable address used is 2132096 out of 50000000
DEBUG: Total gradient stack used is 232275 out of 10000000
DEBUG: Total dvariable address used is 1972 out of 150000
DEBUG: Total dvariable address used is 2132096 out of 50000000
DEBUG: Total gradient stack used is 232275 out of 10000000
DEBUG: Total dvariable address used is 1972 out of 150000
DEBUG: Total dvariable address used is 2132096 out of 50000000
DEBUG: Total gradient stack used is 232275 out of 10000000
DEBUG: Total dvariable address used is 1972 out of 150000
DEBUG: Total dvariable address used is 2132096 out of 50000000
DEBUG: Total gradient stack used is 232275 out of 10000000
DEBUG: Total dvariable address used is 1972 out of 150000
DEBUG: Total dvariable address used is 2132096 out of 50000000
DEBUG: Total gradient stack used is 232275 out of 10000000
DEBUG: Total dvariable address used is 1972 out of 150000
DEBUG: Total dvariable address used is 2132096 out of 50000000
DEBUG: Total gradient stack used is 232275 out of 10000000
DEBUG: Total dvariable address used is 1972 out of 150000
DEBUG: Total dvariable address used is 2132096 out of 50000000
DEBUG: Total gradient stack used is 232275 out of 10000000
DEBUG: Total dvariable address used is 1972 out of 150000
DEBUG: Total dvariable address used is 2132096 out of 50000000
DEBUG: Total gradient stack used is 232275 out of 10000000
DEBUG: Total dvariable address used is 1972 out of 150000
DEBUG: Total dvariable address used is 2132096 out of 50000000
DEBUG: Total gradient stack used is 232275 out of 10000000
DEBUG: Total dvariable address used is 1972 out of 150000
DEBUG: Total dvariable address used is 2132096 out of 50000000
DEBUG: Total gradient stack used is 232275 out of 10000000
DEBUG: Total dvariable address used is 1972 out of 150000
DEBUG: Total dvariable address used is 2132096 out of 50000000
DEBUG: Total gradient stack used is 232275 out of 10000000
DEBUG: Total dvariable address used is 1972 out of 150000
DEBUG: Total dvariable address used is 2132096 out of 50000000
DEBUG: Total gradient stack used is 232275 out of 10000000
DEBUG: Total dvariable address used is 1972 out of 150000
DEBUG: Total dvariable address used is 2132096 out of 50000000
DEBUG: Total gradient stack used is 232275 out of 10000000
DEBUG: Total dvariable address used is 1972 out of 150000
DEBUG: Total dvariable address used is 2132096 out of 50000000
DEBUG: Total gradient stack used is 232275 out of 10000000
DEBUG: Total dvariable address used is 1972 out of 150000
DEBUG: Total dvariable address used is 2132096 out of 50000000
DEBUG: Total gradient stack used is 232275 out of 10000000
DEBUG: Total dvariable address used is 1972 out of 150000
DEBUG: Total dvariable address used is 2132096 out of 50000000
DEBUG: Total gradient stack used is 232275 out of 10000000
DEBUG: Total dvariable address used is 1972 out of 150000
DEBUG: Total dvariable address used is 2132096 out of 50000000
DEBUG: Total gradient stack used is 232275 out of 10000000
DEBUG: Total dvariable address used is 1972 out of 150000
DEBUG: Total dvariable address used is 2132096 out of 50000000
DEBUG: Total gradient stack used is 232275 out of 10000000
DEBUG: Total dvariable address used is 1972 out of 150000
DEBUG: Total dvariable address used is 2132096 out of 50000000
DEBUG: Total gradient stack used is 232275 out of 10000000
DEBUG: Total dvariable address used is 1972 out of 150000
DEBUG: Total dvariable address used is 2132096 out of 50000000
DEBUG: Total gradient stack used is 232275 out of 10000000
DEBUG: Total dvariable address used is 1972 out of 150000
DEBUG: Total dvariable address used is 2132096 out of 50000000
DEBUG: Total gradient stack used is 232275 out of 10000000
DEBUG: Total dvariable address used is 1972 out of 150000
DEBUG: Total dvariable address used is 2132096 out of 50000000
DEBUG: Total gradient stack used is 232275 out of 10000000
DEBUG: Total dvariable address used is 1972 out of 150000
DEBUG: Total dvariable address used is 2132096 out of 50000000
DEBUG: Total gradient stack used is 232275 out of 10000000
DEBUG: Total dvariable address used is 1972 out of 150000
DEBUG: Total dvariable address used is 2132096 out of 50000000
DEBUG: Total gradient stack used is 232275 out of 10000000
DEBUG: Total dvariable address used is 1972 out of 150000
DEBUG: Total dvariable address used is 2132096 out of 50000000
DEBUG: Total gradient stack used is 232275 out of 10000000
DEBUG: Total dvariable address used is 1972 out of 150000
DEBUG: Total dvariable address used is 2132096 out of 50000000
DEBUG: Total gradient stack used is 232275 out of 10000000
DEBUG: Total dvariable address used is 1972 out of 150000
DEBUG: Total dvariable address used is 2132096 out of 50000000
DEBUG: Total gradient stack used is 232275 out of 10000000
DEBUG: Total dvariable address used is 1972 out of 150000
DEBUG: Total dvariable address used is 2132096 out of 50000000
DEBUG: Total gradient stack used is 232275 out of 10000000
DEBUG: Total dvariable address used is 1972 out of 150000
DEBUG: Total dvariable address used is 2132096 out of 50000000
DEBUG: Total gradient stack used is 232275 out of 10000000
DEBUG: Total dvariable address used is 1972 out of 150000
DEBUG: Total dvariable address used is 2132096 out of 50000000
DEBUG: Total gradient stack used is 232275 out of 10000000
DEBUG: Total dvariable address used is 1972 out of 150000
DEBUG: Total dvariable address used is 2132096 out of 50000000
DEBUG: Total gradient stack used is 232275 out of 10000000
DEBUG: Total dvariable address used is 1972 out of 150000
DEBUG: Total dvariable address used is 2132096 out of 50000000
DEBUG: Total gradient stack used is 232275 out of 10000000
DEBUG: Total dvariable address used is 1972 out of 150000
DEBUG: Total dvariable address used is 2132096 out of 50000000
DEBUG: Total gradient stack used is 232275 out of 10000000
DEBUG: Total dvariable address used is 1972 out of 150000
DEBUG: Total dvariable address used is 2132096 out of 50000000
DEBUG: Total gradient stack used is 232275 out of 10000000
DEBUG: Total dvariable address used is 1972 out of 150000
DEBUG: Total dvariable address used is 2132096 out of 50000000
DEBUG: Total gradient stack used is 232275 out of 10000000
DEBUG: Total dvariable address used is 1972 out of 150000
DEBUG: Total dvariable address used is 2132096 out of 50000000
DEBUG: Total gradient stack used is 232275 out of 10000000
DEBUG: Total dvariable address used is 1972 out of 150000
DEBUG: Total dvariable address used is 2132096 out of 50000000
DEBUG: Total gradient stack used is 232275 out of 10000000
DEBUG: Total dvariable address used is 1972 out of 150000
DEBUG: Total dvariable address used is 2132096 out of 50000000
DEBUG: Total gradient stack used is 232275 out of 10000000
DEBUG: Total dvariable address used is 1972 out of 150000
DEBUG: Total dvariable address used is 2132096 out of 50000000
DEBUG: Total gradient stack used is 232275 out of 10000000
DEBUG: Total dvariable address used is 1972 out of 150000
DEBUG: Total dvariable address used is 2132096 out of 50000000
DEBUG: Total gradient stack used is 232275 out of 10000000
DEBUG: Total dvariable address used is 1972 out of 150000
DEBUG: Total dvariable address used is 2132096 out of 50000000
DEBUG: Total gradient stack used is 232275 out of 10000000
DEBUG: Total dvariable address used is 1972 out of 150000
DEBUG: Total dvariable address used is 2132096 out of 50000000
DEBUG: Total gradient stack used is 232275 out of 10000000
DEBUG: Total dvariable address used is 1972 out of 150000
DEBUG: Total dvariable address used is 2132096 out of 50000000
DEBUG: Total gradient stack used is 232275 out of 10000000
DEBUG: Total dvariable address used is 1972 out of 150000
DEBUG: Total dvariable address used is 2132096 out of 50000000
DEBUG: Total gradient stack used is 232275 out of 10000000
DEBUG: Total dvariable address used is 1972 out of 150000
DEBUG: Total dvariable address used is 2132096 out of 50000000
DEBUG: Total gradient stack used is 232275 out of 10000000
DEBUG: Total dvariable address used is 1972 out of 150000
DEBUG: Total dvariable address used is 2132096 out of 50000000
DEBUG: Total gradient stack used is 232275 out of 10000000
DEBUG: Total dvariable address used is 1972 out of 150000
DEBUG: Total dvariable address used is 2132096 out of 50000000
DEBUG: Total gradient stack used is 232275 out of 10000000
DEBUG: Total dvariable address used is 1972 out of 150000
DEBUG: Total dvariable address used is 2132096 out of 50000000
DEBUG: Total gradient stack used is 232275 out of 10000000
DEBUG: Total dvariable address used is 1972 out of 150000
DEBUG: Total dvariable address used is 2132096 out of 50000000
DEBUG: Total gradient stack used is 232275 out of 10000000
DEBUG: Total dvariable address used is 1972 out of 150000
DEBUG: Total dvariable address used is 2132096 out of 50000000
DEBUG: Total gradient stack used is 232275 out of 10000000
DEBUG: Total dvariable address used is 1972 out of 150000
DEBUG: Total dvariable address used is 2132096 out of 50000000
DEBUG: Total gradient stack used is 232275 out of 10000000
DEBUG: Total dvariable address used is 1972 out of 150000
DEBUG: Total dvariable address used is 2132096 out of 50000000
DEBUG: Total gradient stack used is 232275 out of 10000000
DEBUG: Total dvariable address used is 1972 out of 150000
DEBUG: Total dvariable address used is 2132096 out of 50000000
DEBUG: Total gradient stack used is 232275 out of 10000000
DEBUG: Total dvariable address used is 1972 out of 150000
DEBUG: Total dvariable address used is 2132096 out of 50000000
DEBUG: Total gradient stack used is 232275 out of 10000000
DEBUG: Total dvariable address used is 1972 out of 150000
DEBUG: Total dvariable address used is 2132096 out of 50000000
DEBUG: Total gradient stack used is 232275 out of 10000000
DEBUG: Total dvariable address used is 1972 out of 150000
DEBUG: Total dvariable address used is 2132096 out of 50000000
DEBUG: Total gradient stack used is 232275 out of 10000000
DEBUG: Total dvariable address used is 1972 out of 150000
DEBUG: Total dvariable address used is 2132096 out of 50000000
DEBUG: Total gradient stack used is 232275 out of 10000000
DEBUG: Total dvariable address used is 1972 out of 150000
DEBUG: Total dvariable address used is 2132096 out of 50000000
DEBUG: Total gradient stack used is 232275 out of 10000000
DEBUG: Total dvariable address used is 1972 out of 150000
DEBUG: Total dvariable address used is 2132096 out of 50000000
DEBUG: Total gradient stack used is 232275 out of 10000000
DEBUG: Total dvariable address used is 1972 out of 150000
DEBUG: Total dvariable address used is 2132096 out of 50000000
DEBUG: Total gradient stack used is 232275 out of 10000000
DEBUG: Total dvariable address used is 1972 out of 150000
DEBUG: Total dvariable address used is 2132096 out of 50000000
DEBUG: Total gradient stack used is 232275 out of 10000000
DEBUG: Total dvariable address used is 1972 out of 150000
DEBUG: Total dvariable address used is 2132096 out of 50000000
DEBUG: Total gradient stack used is 232275 out of 10000000
DEBUG: Total dvariable address used is 1972 out of 150000
DEBUG: Total dvariable address used is 2132096 out of 50000000
DEBUG: Total gradient stack used is 232275 out of 10000000
DEBUG: Total dvariable address used is 1972 out of 150000
DEBUG: Total dvariable address used is 2132096 out of 50000000
DEBUG: Total gradient stack used is 232275 out of 10000000
DEBUG: Total dvariable address used is 1972 out of 150000
DEBUG: Total dvariable address used is 2132096 out of 50000000
DEBUG: Total gradient stack used is 232275 out of 10000000
DEBUG: Total dvariable address used is 1972 out of 150000
DEBUG: Total dvariable address used is 2132096 out of 50000000
DEBUG: Total gradient stack used is 232275 out of 10000000
DEBUG: Total dvariable address used is 1972 out of 150000
DEBUG: Total dvariable address used is 2132096 out of 50000000
DEBUG: Total gradient stack used is 232275 out of 10000000
DEBUG: Total dvariable address used is 1972 out of 150000
DEBUG: Total dvariable address used is 2132096 out of 50000000
DEBUG: Total gradient stack used is 232275 out of 10000000
DEBUG: Total dvariable address used is 1972 out of 150000
DEBUG: Total dvariable address used is 2132096 out of 50000000
DEBUG: Total gradient stack used is 232275 out of 10000000
DEBUG: Total dvariable address used is 1972 out of 150000
DEBUG: Total dvariable address used is 2132096 out of 50000000
DEBUG: Total gradient stack used is 232275 out of 10000000
DEBUG: Total dvariable address used is 1972 out of 150000
DEBUG: Total dvariable address used is 2132096 out of 50000000
DEBUG: Total gradient stack used is 232275 out of 10000000
DEBUG: Total dvariable address used is 1972 out of 150000
DEBUG: Total dvariable address used is 2132096 out of 50000000
DEBUG: Total gradient stack used is 232275 out of 10000000
DEBUG: Total dvariable address used is 1972 out of 150000
DEBUG: Total dvariable address used is 2132096 out of 50000000
DEBUG: Total gradient stack used is 232275 out of 10000000
DEBUG: Total dvariable address used is 1972 out of 150000
DEBUG: Total dvariable address used is 2132096 out of 50000000
DEBUG: Total gradient stack used is 232275 out of 10000000
DEBUG: Total dvariable address used is 1972 out of 150000
DEBUG: Total dvariable address used is 2132096 out of 50000000
DEBUG: Total gradient stack used is 232275 out of 10000000
DEBUG: Total dvariable address used is 1972 out of 150000
DEBUG: Total dvariable address used is 2132096 out of 50000000
DEBUG: Total gradient stack used is 232275 out of 10000000
DEBUG: Total dvariable address used is 1972 out of 150000
DEBUG: Total dvariable address used is 2132096 out of 50000000
DEBUG: Total gradient stack used is 232275 out of 10000000
DEBUG: Total dvariable address used is 1972 out of 150000
DEBUG: Total dvariable address used is 2132096 out of 50000000
DEBUG: Total gradient stack used is 232275 out of 10000000
DEBUG: Total dvariable address used is 1972 out of 150000
DEBUG: Total dvariable address used is 2132096 out of 50000000
DEBUG: Total gradient stack used is 232275 out of 10000000
DEBUG: Total dvariable address used is 1972 out of 150000
DEBUG: Total dvariable address used is 2132096 out of 50000000
DEBUG: Total gradient stack used is 232275 out of 10000000
DEBUG: Total dvariable address used is 1972 out of 150000
DEBUG: Total dvariable address used is 2132096 out of 50000000
, 100%DEBUG: Total gradient stack used is 232275 out of 10000000
DEBUG: Total dvariable address used is 1972 out of 150000
DEBUG: Total dvariable address used is 2132096 out of 50000000
DEBUG: Total gradient stack used is 232275 out of 10000000
DEBUG: Total dvariable address used is 1972 out of 150000
DEBUG: Total dvariable address used is 2132096 out of 50000000
DEBUG: Total gradient stack used is 232275 out of 10000000
DEBUG: Total dvariable address used is 1972 out of 150000
DEBUG: Total dvariable address used is 2132096 out of 50000000
DEBUG: Total gradient stack used is 232275 out of 10000000
DEBUG: Total dvariable address used is 1972 out of 150000
DEBUG: Total dvariable address used is 2132096 out of 50000000
 done (18 s) 
Differentiating 4 derived quantities: DEBUG: Total gradient stack used is 1367626 out of 10000000
DEBUG: Total dvariable address used is 1972 out of 150000
DEBUG: Total dvariable address used is 2132096 out of 50000000
1, 2, 3, 4 done (1 m 58 s) 
Inverting Hessian (235 variables): 20%, 40%, 60%, 80%, 100% done (0.086 s) 
Starting standard error calculations... 
 Warning: Non-positive variance of sdreport variables: 516, 523, 524, 527, 528, 531, 532
 done (0.36 s) 
Starting FINAL_SECTION
+--------------------------+
| Beginning report section |
+--------------------------+
last phase
Finished WriteFiles
Finished CreateOutput
nsel_patterns = 8
nsel_use      = 5
deleting ppSLX array w/ 5 sel patterns
deleting ppSLX[0]
deleted ppSLX[0]
deleting ppSLX[1]
deleted ppSLX[1]
deleting ppSLX[2]
deleted ppSLX[2]
deleting ppSLX[3]
deleted ppSLX[3]
deleting ppSLX[4]
deleted ppSLX[4]
Finished deleting ppSLX

Starting time statistics


*******************************************


-------------------------------------------
--Start time: Thu Sep 17 20:42:31 2026

--Finish time: Thu Sep 17 20:45:03 2026

--Runtime: 0 hours, 2 minutes, 32 seconds
--Number of function evaluations: 1724
*******************************************

Finished running model 'gmacs' after 2 m 32 s.

./gmacs elapsed time is 152288500 microseconds.
Error: Detected division by zero.
Error: Detected invalid argument.
Error: Detected underflow.
