"YEAR","SPECIES","REGION","DISTRICT","SIZE_5MM","PROP_MATURE","PROP_MATURE_SD","PROP_MATURE_LOGIT","PROP_MATURE_LOGIT_SD","NUM_MATURE","NUM_IMMATURE","TOTAL_CRAB","INTERPOLATED"
1989,"SNOW","EBS","ALL",17.5,0,0,-13.8155095579638,0,0,3,3,"N"
1989,"SNOW","EBS","ALL",22.5,0,0,-13.8155095579638,0,0,25,25,"N"
1989,"SNOW","EBS","ALL",27.5,0,0,-13.8155095579638,0,0,43.9067,43.9067,"N"
1989,"SNOW","EBS","ALL",32.5,0,0,-13.8155095579638,0,0,330.915,330.915,"N"
1989,"SNOW","EBS","ALL",37.5,0.0144680504160563,0.00528906647774448,-4.28395168942215,0.35951463240779,34.546347805846,2353.22165219415,2387.768,"N"
1989,"SNOW","EBS","ALL",42.5,0.0328308766944394,0.0078355797440317,-3.41141262017207,0.248185998048324,288.986808975329,8513.30049102467,8802.2873,"N"
1989,"SNOW","EBS","ALL",47.5,0.0598995974697355,0.013182495938081,-2.77664907840385,0.229471120986438,553.139268808223,8681.30123119178,9234.4405,"N"
1989,"SNOW","EBS","ALL",52.5,0.134557710536399,0.0253660325879905,-1.87800041629195,0.213876374587787,1194.1909616709,7680.7442383291,8874.9352,"N"
1989,"SNOW","EBS","ALL",57.5,0.230799228394494,0.0328985923337769,-1.21283908643389,0.183892965194053,2068.60411614489,6894.18198385511,8962.7861,"N"
1989,"SNOW","EBS","ALL",62.5,0.291191237101155,0.035566967464428,-0.895751268586497,0.172417963141288,2667.48341819997,6493.10618180003,9160.5896,"N"
1989,"SNOW","EBS","ALL",67.5,0.317477868889586,0.0350229102083251,-0.770182539295575,0.162469482605816,3436.19517277659,7387.22122722341,10823.4164,"N"
1989,"SNOW","EBS","ALL",72.5,0.354301816647643,0.0329323445360627,-0.603171765775085,0.144123995658695,3832.23941618988,6984.07378381012,10816.3132,"N"
1989,"SNOW","EBS","ALL",77.5,0.382102130440524,0.0305367125615559,-0.482548873379328,0.129208483628198,3112.32070225922,5032.93799774078,8145.2587,"N"
1989,"SNOW","EBS","ALL",82.5,0.37862125747777,0.0273199196418214,-0.49699654237139,0.115960396513944,2338.09818536894,3837.19741463106,6175.2956,"N"
1989,"SNOW","EBS","ALL",87.5,0.373911099275716,0.0288751657309343,-0.517386077974933,0.123626442120128,1713.71065888931,2869.49284111069,4583.2035,"N"
1989,"SNOW","EBS","ALL",92.5,0.428022336689908,0.0297997390038315,-0.291004863268564,0.122266250232421,1552.20173129582,2074.24856870418,3626.4503,"N"
1989,"SNOW","EBS","ALL",97.5,0.561073351573489,0.0325303783051453,0.246588380495022,0.132690726914892,1592.75320469345,1246.00789530655,2838.7611,"N"
1989,"SNOW","EBS","ALL",102.5,0.711979365578292,0.0285545336050097,0.90913197233746,0.139648788544951,1381.35303154514,558.805768454859,1940.1588,"N"
1989,"SNOW","EBS","ALL",107.5,0.871162475447511,0.0183267708853156,1.92095505062025,0.161508490555295,1212.88336132284,179.375138677161,1392.2585,"N"
1989,"SNOW","EBS","ALL",112.5,0.921108505988997,0.0148885692608573,2.47468562148473,0.201878438418287,750.145148515553,64.2487514844472,814.3939,"N"
1989,"SNOW","EBS","ALL",117.5,0.937184086476855,0.0123008618066973,2.72151176680655,0.208072268567911,541.040684169886,36.2639158301141,577.3046,"N"
1989,"SNOW","EBS","ALL",122.5,0.960363106860756,0.0101972110643531,3.21919465273198,0.261801079139538,378.206165218854,15.609634781146,393.8158,"N"
1989,"SNOW","EBS","ALL",127.5,0.981330165851906,0.00710678980903674,4.02434184606877,0.354154428270753,147.322779946617,2.8028200533831,150.1256,"N"
1989,"SNOW","EBS","ALL",132.5,0.99251670793601,0.00381800615509717,5.07585536744696,0.600274645874791,49.6435021942017,0.374297805798264,50.0178,"N"
1989,"SNOW","EBS","ALL",137.5,1,0,13.815509557935,0,26.1435,0,26.1435,"N"
1989,"SNOW","EBS","ALL",142.5,1,0,13.815509557935,0,2.1027,0,2.1027,"N"
1990,"SNOW","EBS","ALL",7.5,0,0,-13.8155095579638,0,0,73.8583,73.8583,"N"
1990,"SNOW","EBS","ALL",12.5,0,0,-13.8155095579638,0,0,19.0185,19.0185,"N"
1990,"SNOW","EBS","ALL",17.5,0,0,-13.8155095579638,0,0,11.037,11.037,"N"
1990,"SNOW","EBS","ALL",22.5,0,0,-13.8155095579638,0,0,38.7285,38.7285,"N"
1990,"SNOW","EBS","ALL",27.5,0,0,-13.8155095579638,0,0,197.225,197.225,"N"
1990,"SNOW","EBS","ALL",32.5,0,0,-13.8155095579638,0,0,1852.6096,1852.6096,"N"
1990,"SNOW","EBS","ALL",37.5,0.0109516481481733,0.00424479293921849,-4.57402037903676,0.381234894079623,40.3351095932352,3642.68219040676,3683.0173,"N"
1990,"SNOW","EBS","ALL",42.5,0.0187816309965719,0.00482373034741369,-3.98826846002039,0.259471115457244,66.5561220587047,3477.1255779413,3543.6817,"N"
1990,"SNOW","EBS","ALL",47.5,0.0353123436876723,0.00619870904542213,-3.32254663816825,0.179048258274119,198.953349726636,5435.14875027336,5634.1021,"N"
1990,"SNOW","EBS","ALL",52.5,0.0755242731747134,0.0089890074387633,-2.51173087233074,0.127995755455663,588.162829189166,7199.56957081083,7787.7324,"N"
1990,"SNOW","EBS","ALL",57.5,0.140128632679132,0.0130002150309394,-1.81841076261326,0.10798628236286,1134.10133927983,6959.18636072016,8093.2877,"N"
1990,"SNOW","EBS","ALL",62.5,0.186736954386041,0.0142407631039796,-1.47411709332487,0.0940112008609782,1212.19982088985,5279.28347911015,6491.4833,"N"
1990,"SNOW","EBS","ALL",67.5,0.236229248256759,0.0163678951266601,-1.17562849140141,0.0906621743585662,1287.2717113588,4161.9760886412,5449.2478,"N"
1990,"SNOW","EBS","ALL",72.5,0.329261771518148,0.0191396636620614,-0.71279956920462,0.0866223471468355,1509.83192764563,3075.67437235437,4585.5063,"N"
1990,"SNOW","EBS","ALL",77.5,0.372241503555132,0.0202076989130205,-0.523569239400297,0.0866200147398736,1602.20292187821,2701.99987812179,4304.2028,"N"
1990,"SNOW","EBS","ALL",82.5,0.373506791913167,0.0223992022050207,-0.518376835692226,0.0960914150161166,1762.64428823361,2956.53171176639,4719.176,"N"
1990,"SNOW","EBS","ALL",87.5,0.361184566661092,0.0255587828244251,-0.571962206392891,0.111401425101988,1847.12539616881,3266.95080383119,5114.0762,"N"
1990,"SNOW","EBS","ALL",92.5,0.391495689041148,0.0296565630223468,-0.442730045791741,0.125039353573813,2925.39966318118,4546.96783681882,7472.3675,"N"
1990,"SNOW","EBS","ALL",97.5,0.476602610448979,0.030209652619079,-0.0940024947144803,0.121553082399406,3562.21422322842,3911.96687677158,7474.1811,"N"
1990,"SNOW","EBS","ALL",102.5,0.60929878791072,0.0271742162787417,0.445790165043825,0.114451379099314,3398.690756512,2179.345543488,5578.0363,"N"
1990,"SNOW","EBS","ALL",107.5,0.75226142738863,0.0227323510844345,1.11448193701203,0.122441255138614,2588.56722883593,852.480171164068,3441.0474,"N"
1990,"SNOW","EBS","ALL",112.5,0.824355448312361,0.0195077979256365,1.5520705266592,0.135444405707199,1815.72341443528,386.874285564724,2202.5977,"N"
1990,"SNOW","EBS","ALL",117.5,0.852016140745851,0.0190662682035027,1.75865222171877,0.152581261198162,1397.26813009686,242.686869903139,1639.955,"N"
1990,"SNOW","EBS","ALL",122.5,0.887518194116352,0.0197936391374289,2.08090476762026,0.199074646986592,775.543218630191,98.290381369809,873.8336,"N"
1990,"SNOW","EBS","ALL",127.5,0.927274226583413,0.0184666065029588,2.57693792132515,0.271105306021118,309.698649842986,24.2895501570137,333.9882,"N"
1990,"SNOW","EBS","ALL",132.5,0.936199059355472,0.0285866093030953,2.7778363062578,0.459304168100996,98.4771875152012,6.71111248479885,105.1883,"N"
1990,"SNOW","EBS","ALL",137.5,1,0,13.815509557935,0,35.019,0,35.019,"N"
1990,"SNOW","EBS","ALL",142.5,1,0,13.815509557935,0,6.1836,0,6.1836,"N"
1990,"SNOW","EBS","ALL",147.5,1,0,13.815509557935,0,12.7321,0,12.7321,"N"
1991,"SNOW","EBS","ALL",12.5,0,0,-13.8155095579638,0,0,188.2976,188.2976,"N"
1991,"SNOW","EBS","ALL",17.5,0,0,-13.8155095579638,0,0,454.6827,454.6827,"N"
1991,"SNOW","EBS","ALL",22.5,0,0,-13.8155095579638,0,0,4544.4804,4544.4804,"N"
1991,"SNOW","EBS","ALL",27.5,0,0,-13.8155095579638,0,0,4557.8071,4557.8071,"N"
1991,"SNOW","EBS","ALL",32.5,0,0,-13.8155095579638,0,0,4847.2888,4847.2888,"N"
1991,"SNOW","EBS","ALL",37.5,0.00877869318518904,0.00414390756966912,-4.82725228073356,0.449402873958347,50.2536756656885,5674.25162433431,5724.5053,"N"
1991,"SNOW","EBS","ALL",42.5,0.0279260010192096,0.0069267285069196,-3.57785972372454,0.239750619096589,295.525300040727,10286.9171999593,10582.4425,"N"
1991,"SNOW","EBS","ALL",47.5,0.0502342353798068,0.00944136327112522,-2.95610428561161,0.190423600918428,619.549549948411,11713.6639500516,12333.2135,"N"
1991,"SNOW","EBS","ALL",52.5,0.0929036798333455,0.0122848409614638,-2.28706188992404,0.142967248665328,823.375622346867,8039.30477765313,8862.6804,"N"
1991,"SNOW","EBS","ALL",57.5,0.14870710695645,0.0152074320096527,-1.74977541467578,0.119280256760936,1638.11809771962,9377.61700228038,11015.7351,"N"
1991,"SNOW","EBS","ALL",62.5,0.1924413640294,0.0156227420300067,-1.43734021921719,0.10077185095947,1908.02714268208,8006.82225731792,9914.8494,"N"
1991,"SNOW","EBS","ALL",67.5,0.227176612533404,0.0167896661993069,-1.22682777849164,0.0958949971985519,1337.89232309881,4551.32447690119,5889.2168,"N"
1991,"SNOW","EBS","ALL",72.5,0.272980267217916,0.0193438368751719,-0.981724800510647,0.0978162655186091,909.538420870939,2422.34497912906,3331.8834,"N"
1991,"SNOW","EBS","ALL",77.5,0.315308354924398,0.0189861765801412,-0.776851826738303,0.088148396413665,967.234706978226,2100.34879302177,3067.5835,"N"
1991,"SNOW","EBS","ALL",82.5,0.331536976024255,0.018711948989963,-0.70244798280889,0.0846253349998806,1042.09156509601,2101.12213490399,3143.2137,"N"
1991,"SNOW","EBS","ALL",87.5,0.325784721056056,0.0168128734961879,-0.728338225668224,0.0767017623821915,1217.58566629575,2519.80773370426,3737.3934,"N"
1991,"SNOW","EBS","ALL",92.5,0.347713755149993,0.0168987653886971,-0.629950298945575,0.0745921348814814,1723.96309423627,3234.03200576373,4957.9951,"N"
1991,"SNOW","EBS","ALL",97.5,0.470626412576595,0.0172825484952189,-0.117769186096113,0.0694340332625232,1536.84250417975,1728.68289582025,3265.5254,"N"
1991,"SNOW","EBS","ALL",102.5,0.682698567339315,0.0172386799358372,0.767362686754732,0.079738479814806,1309.4832345054,608.615465494597,1918.0987,"N"
1991,"SNOW","EBS","ALL",107.5,0.84254099091195,0.0149189053808749,1.68155384546807,0.112027082954993,1211.0530018367,226.328698163297,1437.3817,"N"
1991,"SNOW","EBS","ALL",112.5,0.892005015933427,0.0175886245028079,2.12371050248883,0.176451097362504,1934.3726413877,234.194358612296,2168.567,"N"
1991,"SNOW","EBS","ALL",117.5,0.907306767762299,0.0178466515295476,2.29805608822385,0.201788241725284,1548.75568593369,158.225614066313,1706.9813,"N"
1991,"SNOW","EBS","ALL",122.5,0.935126637775028,0.0142425620769529,2.69094341140402,0.227089793307997,1176.78907695863,81.6384230413653,1258.4275,"N"
1991,"SNOW","EBS","ALL",127.5,0.960789158175287,0.0125910388178093,3.24756318306719,0.324650932426912,413.276346549329,16.8662534506709,430.1426,"N"
1991,"SNOW","EBS","ALL",132.5,0.975947401615574,0.012271733869605,3.8529914741621,0.552272100312226,127.379288532502,3.13931146749751,130.5186,"N"
1991,"SNOW","EBS","ALL",137.5,1,0,13.815509557935,0,35.9961,0,35.9961,"N"
1991,"SNOW","EBS","ALL",142.5,1,0,13.815509557935,0,1,0,1,"N"
1992,"SNOW","EBS","ALL",12.5,0,0,-13.8155095579638,0,0,2,2,"N"
1992,"SNOW","EBS","ALL",17.5,0,0,-13.8155095579638,0,0,235.5137,235.5137,"N"
1992,"SNOW","EBS","ALL",22.5,0,0,-13.8155095579638,0,0,2702.0181,2702.0181,"N"
1992,"SNOW","EBS","ALL",27.5,0,0,-13.8155095579638,0,0,2535.3519,2535.3519,"N"
1992,"SNOW","EBS","ALL",32.5,0,0,-13.8155095579638,0,0,6572.548,6572.548,"N"
1992,"SNOW","EBS","ALL",37.5,0.0152327602971752,0.00601154565291056,-4.23928308642548,0.378119149335951,132.818990103123,8586.47990989688,8719.2989,"N"
1992,"SNOW","EBS","ALL",42.5,0.0403016588633009,0.00765458870475146,-3.1878727019095,0.195708421947308,615.811136824891,14664.2332631751,15280.0444,"N"
1992,"SNOW","EBS","ALL",47.5,0.0886976198947619,0.0133003422828662,-2.34093432959447,0.166480451520491,1533.48652464833,15755.4387753517,17288.9253,"N"
1992,"SNOW","EBS","ALL",52.5,0.158069397998705,0.0153825959023478,-1.67725695622777,0.116080921043016,1223.91435624369,6518.97814375631,7742.8925,"N"
1992,"SNOW","EBS","ALL",57.5,0.246290622933634,0.0217475269894961,-1.12201617867457,0.117909885221242,1214.73576920062,3717.38773079938,4932.1235,"N"
1992,"SNOW","EBS","ALL",62.5,0.29789229096902,0.0191794143991166,-0.859063242298811,0.0919664297188806,1334.55698691355,3145.44141308645,4479.9984,"N"
1992,"SNOW","EBS","ALL",67.5,0.325786210657512,0.0177733990171696,-0.72844475961284,0.080973043541815,1163.37206794199,2407.59573205801,3570.9678,"N"
1992,"SNOW","EBS","ALL",72.5,0.397578992880713,0.0192189120120868,-0.416217484235659,0.0802833300411038,876.229590452509,1327.68360954749,2203.9132,"N"
1992,"SNOW","EBS","ALL",77.5,0.44039685531532,0.0186709524651484,-0.239887946001783,0.0758036938942987,1131.38220772587,1437.62389227413,2569.0061,"N"
1992,"SNOW","EBS","ALL",82.5,0.457327249543114,0.0173490894929432,-0.171310515897029,0.0699462565254071,914.582790173499,1085.2604098265,1999.8432,"N"
1992,"SNOW","EBS","ALL",87.5,0.470813141988788,0.0169243239994082,-0.117010799477339,0.0679801038628377,698.180249014523,784.744050985476,1482.9243,"N"
1992,"SNOW","EBS","ALL",92.5,0.515510101470495,0.0181626880940062,0.0621458579413348,0.0728166474938825,630.406116519067,592.472183480933,1222.8783,"N"
1992,"SNOW","EBS","ALL",97.5,0.63505859103561,0.0201815380453227,0.554992164950399,0.0870022342343322,638.178951422663,366.734548577337,1004.9135,"N"
1992,"SNOW","EBS","ALL",102.5,0.79295778670018,0.0173802142805086,1.3461178996559,0.105747785743365,863.946063822055,225.577336177945,1089.5234,"N"
1992,"SNOW","EBS","ALL",107.5,0.907449534190734,0.0106757264019383,2.28954521632337,0.128292656991705,1022.461775288,104.280524712004,1126.7423,"N"
1992,"SNOW","EBS","ALL",112.5,0.946230400345296,0.00675746057560643,2.87576712251936,0.134500610227351,1240.2391361729,70.4766638270953,1310.7158,"N"
1992,"SNOW","EBS","ALL",117.5,0.958811747815262,0.0059883195662388,3.15805590155456,0.151655571005889,1002.55820497756,43.0674950224427,1045.6257,"N"
1992,"SNOW","EBS","ALL",122.5,0.968757373399638,0.00579289029804491,3.45104279313174,0.18910873729036,646.631402886607,20.8539971133931,667.4854,"N"
1992,"SNOW","EBS","ALL",127.5,0.981455654717213,0.00559392432749107,4.01124068749005,0.294527754881604,224.33377263785,4.2387273621498,228.5725,"N"
1992,"SNOW","EBS","ALL",132.5,0.986603534623759,0.00683493131440888,4.47654200889207,0.597237335835899,58.5366676145295,0.794832385470464,59.3315,"N"
1992,"SNOW","EBS","ALL",137.5,1,0,13.815509557935,0,19.7632,0,19.7632,"N"
1992,"SNOW","EBS","ALL",142.5,1,0,13.815509557935,0,3,0,3,"N"
1993,"SNOW","EBS","ALL",12.5,0,0,-13.8155095579638,0,0,32.7222,32.7222,"N"
1993,"SNOW","EBS","ALL",17.5,0,0,-13.8155095579638,0,0,205.2983,205.2983,"N"
1993,"SNOW","EBS","ALL",22.5,0,0,-13.8155095579638,0,0,1117.8338,1117.8338,"N"
1993,"SNOW","EBS","ALL",27.5,0,0,-13.8155095579638,0,0,5324.0169,5324.0169,"N"
1993,"SNOW","EBS","ALL",32.5,0,0,-13.8155095579638,0,0,15231.7206,15231.7206,"N"
1993,"SNOW","EBS","ALL",37.5,0.0185186409530928,0.00831062892287801,-4.05307835506455,0.404739193422349,346.406606907379,18359.4264930926,18705.8331,"N"
1993,"SNOW","EBS","ALL",42.5,0.0594253985380949,0.0149719330670874,-2.79100912486556,0.255421852892326,1675.42131799236,26518.2695820076,28193.6909,"N"
1993,"SNOW","EBS","ALL",47.5,0.141957387508175,0.0216352400233719,-1.81028132064902,0.176873859687632,3490.01253424152,21094.9181657585,24584.9307,"N"
1993,"SNOW","EBS","ALL",52.5,0.290088985002429,0.0241440703783613,-0.89782964132532,0.117365280134013,6924.21213299553,16945.0572670045,23869.2694,"N"
1993,"SNOW","EBS","ALL",57.5,0.428192524870745,0.0242273619624968,-0.289928776040354,0.0991606096078454,7500.84401368695,10016.612686313,17517.4567,"N"
1993,"SNOW","EBS","ALL",62.5,0.497236414403794,0.0217941649949503,-0.0110867225262209,0.0873691765914589,6063.89791872628,6131.30288127372,12195.2008,"N"
1993,"SNOW","EBS","ALL",67.5,0.580964126919865,0.0234667314315905,0.327454534076639,0.0963400079378474,3340.98543681492,2409.77486318508,5750.7603,"N"
1993,"SNOW","EBS","ALL",72.5,0.649456512272622,0.0211350973883532,0.617931574527139,0.0928713810872056,2552.90599974524,1377.92840025476,3930.8344,"N"
1993,"SNOW","EBS","ALL",77.5,0.661945594446808,0.0179974704868017,0.673037437939056,0.08076079453074,1836.31379848984,937.802101510157,2774.1159,"N"
1993,"SNOW","EBS","ALL",82.5,0.647339793849431,0.0181644926827457,0.608303567025888,0.0797311833199347,1263.96383235254,688.586967647459,1952.5508,"N"
1993,"SNOW","EBS","ALL",87.5,0.651387559531875,0.0179023173146068,0.626097035355383,0.0791350455805369,715.673258337099,383.017141662901,1098.6904,"N"
1993,"SNOW","EBS","ALL",92.5,0.684429719526648,0.017324747304125,0.775396833799516,0.0803972706624682,722.575246413943,333.158053586057,1055.7333,"N"
1993,"SNOW","EBS","ALL",97.5,0.782330015719901,0.0145622075924943,1.28137650021266,0.0858855424078895,651.662048941299,181.313851058701,832.9759,"N"
1993,"SNOW","EBS","ALL",102.5,0.878476951647347,0.0101371579013693,1.98150456811817,0.0951299793796716,745.707546930869,103.156553069131,848.8641,"N"
1993,"SNOW","EBS","ALL",107.5,0.937497383403758,0.00764249547995372,2.71546795241665,0.130858644739528,614.759502929312,40.9857970706877,655.7453,"N"
1993,"SNOW","EBS","ALL",112.5,0.962262701994146,0.00586666159591689,3.25043936749702,0.159424470093542,603.416946108002,23.6643538919983,627.0813,"N"
1993,"SNOW","EBS","ALL",117.5,0.972715276932935,0.00429728014131223,3.58594587297912,0.160358776292164,505.753386545455,14.1864134545451,519.9398,"N"
1993,"SNOW","EBS","ALL",122.5,0.981174665437505,0.00395992929082698,3.97555089008747,0.21422505871369,280.3708568837,5.37934311629999,285.7502,"N"
1993,"SNOW","EBS","ALL",127.5,0.985348244211816,0.00496175192649356,4.26322271134362,0.336642686725035,100.225090799303,1.49030920069747,101.7154,"N"
1993,"SNOW","EBS","ALL",132.5,0.995795408748881,0.00214519961791777,5.62633455069244,0.549029658526275,42.0092225907255,0.177377409274449,42.1866,"N"
1993,"SNOW","EBS","ALL",137.5,1,0,13.815509557935,0,10,0,10,"N"
1993,"SNOW","EBS","ALL",142.5,1,0,13.815509557935,0,1,0,1,"N"
1994,"SNOW","EBS","ALL",17.5,0,0,-13.8155095579638,0,0,3,3,"N"
1994,"SNOW","EBS","ALL",22.5,0,0,-13.8155095579638,0,0,659.5651,659.5651,"N"
1994,"SNOW","EBS","ALL",27.5,0,0,-13.8155095579638,0,0,3019.941,3019.941,"N"
1994,"SNOW","EBS","ALL",32.5,0,0,-13.8155095579638,0,0,10204.0243,10204.0243,"N"
1994,"SNOW","EBS","ALL",37.5,0.00773571655346801,0.00260574036331318,-4.9090093394764,0.334640664091867,104.997901894806,13468.1340981052,13573.132,"N"
1994,"SNOW","EBS","ALL",42.5,0.0209991947246929,0.00391716129612928,-3.85928507885529,0.189800216842561,363.997269464124,16969.8707305359,17333.868,"N"
1994,"SNOW","EBS","ALL",47.5,0.0515664469289857,0.00649602154418091,-2.91974495160219,0.131751461316849,789.715021857761,14524.7979781422,15314.513,"N"
1994,"SNOW","EBS","ALL",52.5,0.115344108411799,0.0125586316735821,-2.04298789053886,0.121633800670087,1857.90821365546,14249.6176863445,16107.5259,"N"
1994,"SNOW","EBS","ALL",57.5,0.181878206494521,0.0159552294201975,-1.50729734386736,0.106775106883951,2957.09288343816,13301.5504165618,16258.6433,"N"
1994,"SNOW","EBS","ALL",62.5,0.216586248947852,0.0187563049608546,-1.28910785566185,0.110217585601484,2874.62701934731,10397.8084806527,13272.4355,"N"
1994,"SNOW","EBS","ALL",67.5,0.2511671508821,0.0169850232960409,-1.09441634252045,0.0901868280708527,2261.24763688851,6741.71166311149,9002.9593,"N"
1994,"SNOW","EBS","ALL",72.5,0.283266052195566,0.0167608957490801,-0.929785899449022,0.0824427006971525,1768.0092854428,4473.5056145572,6241.5149,"N"
1994,"SNOW","EBS","ALL",77.5,0.320769943897016,0.01648497454983,-0.751244652173553,0.0753864011574352,1257.94783540767,2663.70336459233,3921.6512,"N"
1994,"SNOW","EBS","ALL",82.5,0.332543460985019,0.0183011116737223,-0.697827573907423,0.082291041423715,743.756329483112,1492.81247051689,2236.5688,"N"
1994,"SNOW","EBS","ALL",87.5,0.359336539172581,0.0202467075354886,-0.579334075191621,0.0880821208431606,315.433232020322,562.387967979678,877.8212,"N"
1994,"SNOW","EBS","ALL",92.5,0.402145414019152,0.0224184144857954,-0.397386709074191,0.0934431916292955,260.33490616105,387.03019383895,647.3651,"N"
1994,"SNOW","EBS","ALL",97.5,0.563586923162606,0.0252371621789194,0.256395039191657,0.102775810686499,210.701705354495,163.156694645505,373.8584,"N"
1994,"SNOW","EBS","ALL",102.5,0.769334660603941,0.0231317115085412,1.20915211191616,0.130760197335548,333.857622777442,100.098677222558,433.9563,"N"
1994,"SNOW","EBS","ALL",107.5,0.882080427085138,0.0173460237354839,2.02275433923486,0.165509016014052,241.255171370775,32.2518286292251,273.507,"N"
1994,"SNOW","EBS","ALL",112.5,0.943134471008198,0.0117405411186476,2.82881610444162,0.213077726678588,266.987504665697,16.0977953343029,283.0853,"N"
1994,"SNOW","EBS","ALL",117.5,0.952071998234518,0.0141479197569464,3.02815734793856,0.290996061427238,228.028098495554,11.4791015044456,239.5072,"N"
1994,"SNOW","EBS","ALL",122.5,0.956679576129975,0.0144834931608497,3.14241441498274,0.315943516665162,163.052448901373,7.38335109862678,170.4358,"N"
1994,"SNOW","EBS","ALL",127.5,0.970822496260339,0.0116874634492576,3.57871212765403,0.393745041956606,73.7810534820414,2.21744651795861,75.9985,"N"
1994,"SNOW","EBS","ALL",132.5,0.975322344840631,0.012590640387433,3.88387693774819,0.663599890845995,8.77790110356568,0.222098896434318,9,"N"
1994,"SNOW","EBS","ALL",137.5,1,0,13.815509557935,0,2,0,2,"N"
1994,"SNOW","EBS","ALL",142.5,1,0,13.815509557935,0,1.5143,0,1.5143,"N"
1995,"SNOW","EBS","ALL",22.5,0,0,-13.8155095579638,0,0,73.2808,73.2808,"N"
1995,"SNOW","EBS","ALL",27.5,0,0,-13.8155095579638,0,0,573.1311,573.1311,"N"
1995,"SNOW","EBS","ALL",32.5,0,0,-13.8155095579638,0,0,2241.1367,2241.1367,"N"
1995,"SNOW","EBS","ALL",37.5,0.00751430134000607,0.00323701800840072,-4.96964569891152,0.416616998670187,29.3423338049031,3875.5228661951,3904.8652,"N"
1995,"SNOW","EBS","ALL",42.5,0.0175160484385911,0.00382016909499564,-4.04965586208697,0.215476666207908,111.3028992096,6243.0355007904,6354.3384,"N"
1995,"SNOW","EBS","ALL",47.5,0.0474175061309265,0.0052013291566373,-3.00605621869973,0.113475932107983,609.186589851558,12238.1063101484,12847.2929,"N"
1995,"SNOW","EBS","ALL",52.5,0.133007045162866,0.00980185032985532,-1.8772396068812,0.0842396363012383,2226.5108956941,14513.2858043059,16739.7967,"N"
1995,"SNOW","EBS","ALL",57.5,0.223781466545215,0.013567075808649,-1.24543284627527,0.0777941713610823,3933.045922716,13642.341277284,17575.3872,"N"
1995,"SNOW","EBS","ALL",62.5,0.293770564995045,0.0151670528996116,-0.878230124104625,0.0728629214314205,5219.60273782028,12548.0137621797,17767.6165,"N"
1995,"SNOW","EBS","ALL",67.5,0.355639712544077,0.0145948219187148,-0.594924675032967,0.0637171274972274,5135.47016799003,9304.62183200997,14440.092,"N"
1995,"SNOW","EBS","ALL",72.5,0.401091753252507,0.0143543045998971,-0.401273004289898,0.0598201310532301,4657.36970552319,6954.36169447681,11611.7314,"N"
1995,"SNOW","EBS","ALL",77.5,0.422086523165446,0.0156159230647707,-0.314533255809683,0.0640733306085464,2806.13280223001,3842.10789776999,6648.2407,"N"
1995,"SNOW","EBS","ALL",82.5,0.407868456879345,0.0162799623763062,-0.37319892234094,0.067411451941119,1894.95742167728,2751.04397832272,4646.0014,"N"
1995,"SNOW","EBS","ALL",87.5,0.389527371532223,0.0167280979271485,-0.449844383217234,0.0703801776358157,1079.82242112974,1692.31247887026,2772.1349,"N"
1995,"SNOW","EBS","ALL",92.5,0.4848619202445,0.0197827170325321,-0.0606684760573637,0.0793134912631358,1011.98833283907,1075.17976716093,2087.1681,"N"
1995,"SNOW","EBS","ALL",97.5,0.594522461881292,0.0219827026126043,0.383488083293878,0.0914525313912108,770.168891446455,525.272308553545,1295.4412,"N"
1995,"SNOW","EBS","ALL",102.5,0.77854773568752,0.0176619140066438,1.26012722301653,0.102234312391712,647.239743101029,184.102656898971,831.3424,"N"
1995,"SNOW","EBS","ALL",107.5,0.901501620239027,0.0120379754164309,2.22122542298198,0.133656897426891,356.812628437529,38.9854715624714,395.7981,"N"
1995,"SNOW","EBS","ALL",112.5,0.963173255304351,0.00616013117105815,3.27741958508787,0.169095679056332,298.710848014049,11.421151985951,310.132,"N"
1995,"SNOW","EBS","ALL",117.5,0.974557318311671,0.00506311607927849,3.66441614289098,0.198434665741792,194.984068182548,5.09043181745167,200.0745,"N"
1995,"SNOW","EBS","ALL",122.5,0.984062506787111,0.0036211654797232,4.14868194693616,0.231754576918403,132.912796104204,2.15260389579609,135.0654,"N"
1995,"SNOW","EBS","ALL",127.5,0.991914817168061,0.00274993267238294,4.86133263483003,0.321191375695377,48.6501484631967,0.396551536803258,49.0467,"N"
1995,"SNOW","EBS","ALL",132.5,0.992975996802415,0.00358367510080851,5.24598240823044,0.745236744807891,5.74108932071252,0.0406106792874752,5.7817,"N"
1995,"SNOW","EBS","ALL",137.5,1,0,13.815509557935,0,2,0,2,"N"
1996,"SNOW","EBS","ALL",12.5,0,0,-13.8155095579638,0,0,3.9068,3.9068,"N"
1996,"SNOW","EBS","ALL",17.5,0,0,-13.8155095579638,0,0,8,8,"N"
1996,"SNOW","EBS","ALL",22.5,0,0,-13.8155095579638,0,0,15.8329,15.8329,"N"
1996,"SNOW","EBS","ALL",27.5,0,0,-13.8155095579638,0,0,59.3135,59.3135,"N"
1996,"SNOW","EBS","ALL",32.5,0,0,-13.8155095579638,0,0,165.9562,165.9562,"N"
1996,"SNOW","EBS","ALL",37.5,0.0202172561033907,0.0200427233043616,-4.20774418630214,0.805055345306276,15.9786113184856,774.366588681514,790.3452,"N"
1996,"SNOW","EBS","ALL",42.5,0.0529494827143595,0.0325359828303659,-3.03251359511824,0.561373743258587,96.7051720117319,1729.66152798827,1826.3667,"N"
1996,"SNOW","EBS","ALL",47.5,0.116286623977052,0.0457983406163386,-2.09552261920531,0.41593836555458,316.39617000147,2404.43412999853,2720.8303,"N"
1996,"SNOW","EBS","ALL",52.5,0.193074573204101,0.0391155491164941,-1.44917773320484,0.24968580480672,955.188858044997,3992.064641955,4947.2535,"N"
1996,"SNOW","EBS","ALL",57.5,0.267320365153886,0.0273020814947446,-1.01280731634309,0.139959301937145,2040.11714440827,5591.61395559173,7631.7311,"N"
1996,"SNOW","EBS","ALL",62.5,0.31933297557591,0.0213923490016861,-0.758586365034194,0.0985204573946606,3044.78751957501,6490.04838042499,9534.8359,"N"
1996,"SNOW","EBS","ALL",67.5,0.367485997591569,0.0182401841308103,-0.543828159864118,0.0784846298829679,3835.2848857063,6601.2621142937,10436.547,"N"
1996,"SNOW","EBS","ALL",72.5,0.406148312844212,0.0159152656525392,-0.380321109147973,0.0660632286382944,3797.67391885077,5552.78698114923,9350.4609,"N"
1996,"SNOW","EBS","ALL",77.5,0.430336318887783,0.0174542516442108,-0.280834096067457,0.0712920189309726,3666.14690198067,4853.11289801933,8519.2598,"N"
1996,"SNOW","EBS","ALL",82.5,0.416490156886541,0.0178320365854472,-0.33764899578502,0.0734673819672582,3243.26145438231,4543.86484561769,7787.1263,"N"
1996,"SNOW","EBS","ALL",87.5,0.405204294073882,0.018766532838179,-0.384403032023981,0.0779786032818483,2610.40013376891,3831.78266623109,6442.1828,"N"
1996,"SNOW","EBS","ALL",92.5,0.435946138078846,0.0196460290794256,-0.258051579113756,0.0801211302099484,2390.59670392301,3093.10069607699,5483.6974,"N"
1996,"SNOW","EBS","ALL",97.5,0.513078679546528,0.0190739975252524,0.052399897534861,0.0764676027360414,1767.52157215052,1677.41122784948,3444.9328,"N"
1996,"SNOW","EBS","ALL",102.5,0.680539676442862,0.0197049228246275,0.757750778316894,0.0910095047169181,1549.86282853413,727.539771465867,2277.4026,"N"
1996,"SNOW","EBS","ALL",107.5,0.831488706161652,0.0162964001445033,1.60065573107317,0.115792239913932,1043.09933907384,211.396760926161,1254.4961,"N"
1996,"SNOW","EBS","ALL",112.5,0.884655986336381,0.0175934326653422,2.04875123007577,0.173194828919603,609.559202942084,79.476097057916,689.0353,"N"
1996,"SNOW","EBS","ALL",117.5,0.902854230844267,0.0175709186390618,2.24557354340941,0.201374281684938,228.244799832662,24.5588001673382,252.8036,"N"
1996,"SNOW","EBS","ALL",122.5,0.95995318531193,0.00923655331397785,3.20443439175332,0.248374625019973,91.6980880971442,3.82541190285582,95.5235,"N"
1996,"SNOW","EBS","ALL",127.5,0.972065884738891,0.0101710140405701,3.6144260986009,0.373808492144777,34.1986387173528,0.982761282647189,35.1814,"N"
1996,"SNOW","EBS","ALL",132.5,0.97876271595661,0.0108353490017294,3.97125680838389,0.544372025769986,14.8769975299973,0.322802470002712,15.1998,"N"
1997,"SNOW","EBS","ALL",12.5,0,0,-13.8155095579638,0,0,1,1,"N"
1997,"SNOW","EBS","ALL",17.5,0,0,-13.8155095579638,0,0,4,4,"N"
1997,"SNOW","EBS","ALL",22.5,0,0,-13.8155095579638,0,0,5,5,"N"
1997,"SNOW","EBS","ALL",27.5,0,0,-13.8155095579638,0,0,25.8969,25.8969,"N"
1997,"SNOW","EBS","ALL",32.5,0,0,-13.8155095579638,0,0,65.9877,65.9877,"N"
1997,"SNOW","EBS","ALL",37.5,0.0154425405380412,0.00662029102147202,-4.24405958162618,0.433890021517604,3.60271073393582,229.695089266064,233.2978,"N"
1997,"SNOW","EBS","ALL",42.5,0.0301931603636523,0.00737919711970771,-3.501083812013,0.264424564672428,21.68015350938,696.36834649062,718.0485,"N"
1997,"SNOW","EBS","ALL",47.5,0.023582910779582,0.00406503669528542,-3.73801907918889,0.175501196196199,33.3228180119249,1379.68418198808,1413.007,"N"
1997,"SNOW","EBS","ALL",52.5,0.0567784826979569,0.00624873386898428,-2.81617561234323,0.116775034395973,108.595672933463,1804.02452706654,1912.6202,"N"
1997,"SNOW","EBS","ALL",57.5,0.124821409090752,0.00979952557898164,-1.95056629722733,0.0898267827287243,268.744675289593,1884.28882471041,2153.0335,"N"
1997,"SNOW","EBS","ALL",62.5,0.195024210616923,0.0125051232429332,-1.41962128265885,0.0796601402471052,543.746923611358,2244.35267638864,2788.0996,"N"
1997,"SNOW","EBS","ALL",67.5,0.24412738305463,0.0146000621923932,-1.13177815770094,0.0790407091278204,696.623126888936,2156.89997311106,2853.5231,"N"
1997,"SNOW","EBS","ALL",72.5,0.295537525480465,0.0155344264394105,-0.869779462320221,0.0747103294892743,1028.87857822594,2452.50192177405,3481.3805,"N"
1997,"SNOW","EBS","ALL",77.5,0.325838731073703,0.0139532782174722,-0.727774417415452,0.0636852540017314,1133.1245522295,2344.4379477705,3477.5625,"N"
1997,"SNOW","EBS","ALL",82.5,0.323605771335908,0.0133908917855235,-0.73791254750452,0.0612718505094368,1088.21022636755,2274.55497363245,3362.7652,"N"
1997,"SNOW","EBS","ALL",87.5,0.332059228330455,0.0141481306950031,-0.699566463926124,0.0637517266542288,1002.63075800513,2016.80274199487,3019.4335,"N"
1997,"SNOW","EBS","ALL",92.5,0.351697343325201,0.0137248322326773,-0.612118114779816,0.0600899934751335,1020.80597038792,1881.70662961208,2902.5126,"N"
1997,"SNOW","EBS","ALL",97.5,0.446993263111375,0.0157028624495338,-0.213040352295913,0.0635734138517865,1089.44934949184,1347.83425050816,2437.2836,"N"
1997,"SNOW","EBS","ALL",102.5,0.602354305008679,0.0196470696019089,0.415970430546707,0.082106861732829,1218.63751120181,804.48658879819,2023.1241,"N"
1997,"SNOW","EBS","ALL",107.5,0.763625877262532,0.021594320692691,1.17641355336802,0.119460349535314,1295.54261643484,401.024583565162,1696.5672,"N"
1997,"SNOW","EBS","ALL",112.5,0.832451413255518,0.0249822660549215,1.61359978819973,0.177847018294495,1130.33516101374,227.504038986258,1357.8392,"N"
1997,"SNOW","EBS","ALL",117.5,0.884467897522431,0.0211716512312162,2.05177177738147,0.206461002557479,846.717392507537,110.601007492463,957.3184,"N"
1997,"SNOW","EBS","ALL",122.5,0.927618872837462,0.0182788757258805,2.58168032354375,0.269807597510592,500.179980994378,39.0285190056216,539.2085,"N"
1997,"SNOW","EBS","ALL",127.5,0.970586664519669,0.0145104313997787,3.59730554367321,0.457075906228961,240.76343682475,7.29626317525026,248.0597,"N"
1997,"SNOW","EBS","ALL",132.5,0.979545418652071,0.0104360108918006,4.00786302960983,0.521884613323188,63.6345028955201,1.32879710447993,64.9633,"N"
1997,"SNOW","EBS","ALL",137.5,1,0,13.815509557935,0,9.7584,0,9.7584,"N"
1997,"SNOW","EBS","ALL",142.5,1,0,13.815509557935,0,1,0,1,"N"
1998,"SNOW","EBS","ALL",12.5,0,0,-13.8155095579638,0,0,15,15,"N"
1998,"SNOW","EBS","ALL",17.5,0,0,-13.8155095579638,0,0,86.2105,86.2105,"N"
1998,"SNOW","EBS","ALL",22.5,0,0,-13.8155095579638,0,0,222.313,222.313,"N"
1998,"SNOW","EBS","ALL",27.5,0,0,-13.8155095579638,0,0,273.6014,273.6014,"N"
1998,"SNOW","EBS","ALL",32.5,0,0,-13.8155095579638,0,0,252.9242,252.9242,"N"
1998,"SNOW","EBS","ALL",37.5,0.04518730871895,0.0146120205716101,-3.10273311863796,0.34102562480308,24.6154972258722,520.128102774128,544.7436,"N"
1998,"SNOW","EBS","ALL",42.5,0.0515454132926857,0.0115045008459937,-2.9370223433442,0.235679451259322,93.8791818576248,1727.41151814238,1821.2907,"N"
1998,"SNOW","EBS","ALL",47.5,0.0500913113068361,0.00824421747773917,-2.95531310305293,0.167293619881976,184.059476488563,3490.41962351144,3674.4791,"N"
1998,"SNOW","EBS","ALL",52.5,0.09878445102613,0.00933011661922222,-2.21517999812534,0.104419726347928,233.241370057,2127.872829943,2361.1142,"N"
1998,"SNOW","EBS","ALL",57.5,0.164598630647759,0.0117417874733604,-1.62682273204669,0.0849372585102356,345.435969640155,1753.22043035984,2098.6564,"N"
1998,"SNOW","EBS","ALL",62.5,0.24078913075886,0.0127834586094992,-1.14961048768276,0.0695975303489959,512.886049561597,1617.1355504384,2130.0216,"N"
1998,"SNOW","EBS","ALL",67.5,0.330204417102492,0.0132401820656138,-0.707863009992721,0.0597454609319136,546.709415182316,1108.96018481768,1655.6696,"N"
1998,"SNOW","EBS","ALL",72.5,0.385183438778293,0.0131515046143257,-0.467953754231743,0.0554734786849525,503.324861648145,803.389838351855,1306.7147,"N"
1998,"SNOW","EBS","ALL",77.5,0.410004488756421,0.0117362814433133,-0.364155133838321,0.04847400707667,479.200946323843,689.569053676157,1168.77,"N"
1998,"SNOW","EBS","ALL",82.5,0.424672900775738,0.0116217042154558,-0.303788535368303,0.04756515556578,535.661375729928,725.689124270072,1261.3505,"N"
1998,"SNOW","EBS","ALL",87.5,0.4329128595575,0.0111605218493056,-0.270113377030172,0.0454525647318272,643.580898073679,843.048301926321,1486.6292,"N"
1998,"SNOW","EBS","ALL",92.5,0.464355676071505,0.0111013077083039,-0.14288982183244,0.0446456078624958,835.386959353295,963.636940646704,1799.0239,"N"
1998,"SNOW","EBS","ALL",97.5,0.593063894058825,0.0124127134602601,0.3768923728041,0.0514665376928071,1082.19529779469,742.558002205309,1824.7533,"N"
1998,"SNOW","EBS","ALL",102.5,0.769094113290815,0.0108939657912143,1.20422474758681,0.0616218257225895,1284.24857843645,385.571221563554,1669.8198,"N"
1998,"SNOW","EBS","ALL",107.5,0.893456381475299,0.00711295660977228,2.12876611056931,0.0753415434466811,1199.58866780251,143.049532197492,1342.6382,"N"
1998,"SNOW","EBS","ALL",112.5,0.932173386917753,0.00606995224622913,2.62457654852419,0.0965762055114578,1048.82314090584,76.314259094165,1125.1374,"N"
1998,"SNOW","EBS","ALL",117.5,0.948989300889556,0.00637542227960722,2.9311743489488,0.132230139617139,555.753662413118,29.8732375868821,585.6269,"N"
1998,"SNOW","EBS","ALL",122.5,0.968840425105848,0.00568128925903805,3.45346472924723,0.187876701089016,281.374705389026,9.04949461097419,290.4242,"N"
1998,"SNOW","EBS","ALL",127.5,0.980176720687784,0.00746525203647211,3.96580514197488,0.365107991015182,94.6549797931149,1.91432020688514,96.5693,"N"
1998,"SNOW","EBS","ALL",132.5,0.98730994685975,0.00647451690829085,4.50527757976788,0.55000531538088,31.991014360139,0.41118563986101,32.4022,"N"
1998,"SNOW","EBS","ALL",137.5,1,0,13.815509557935,0,3,0,3,"N"
1998,"SNOW","EBS","ALL",152.5,1,0,13.815509557935,0,1,0,1,"N"
1999,"SNOW","EBS","ALL",12.5,0,0,-13.8155095579638,0,0,3,3,"N"
1999,"SNOW","EBS","ALL",17.5,0,0,-13.8155095579638,0,0,51.4925,51.4925,"N"
1999,"SNOW","EBS","ALL",22.5,0,0,-13.8155095579638,0,0,87.0308,87.0308,"N"
1999,"SNOW","EBS","ALL",27.5,0,0,-13.8155095579638,0,0,595.2306,595.2306,"N"
1999,"SNOW","EBS","ALL",32.5,0,0,-13.8155095579638,0,0,1289.7251,1289.7251,"N"
1999,"SNOW","EBS","ALL",37.5,0.0176790994235761,0.00696360567194129,-4.09197444911389,0.395804452589438,16.3429290003317,908.077970999668,924.4209,"N"
1999,"SNOW","EBS","ALL",42.5,0.0202058187910429,0.00556299306404826,-3.91800059725207,0.275934437694603,15.9669047254901,774.24629527451,790.2132,"N"
1999,"SNOW","EBS","ALL",47.5,0.0450800889924931,0.00975776035916198,-3.07483341278345,0.2156961792278,56.3981621074735,1194.66773789253,1251.0659,"N"
1999,"SNOW","EBS","ALL",52.5,0.0994232340743002,0.0144662978583006,-2.21355465808006,0.15630746601454,139.507134632066,1263.65718536793,1403.16432,"N"
1999,"SNOW","EBS","ALL",57.5,0.170336950399937,0.0173829728121066,-1.58805321459737,0.120714236198912,275.888612805607,1343.77530719439,1619.66392,"N"
1999,"SNOW","EBS","ALL",62.5,0.225362011809591,0.017597738213985,-1.2374426813177,0.100285829375219,349.270940765401,1200.5507792346,1549.82172,"N"
1999,"SNOW","EBS","ALL",67.5,0.281127755843818,0.020464911320329,-0.941120062642092,0.101389441818156,263.534359191478,673.884140808522,937.4185,"N"
1999,"SNOW","EBS","ALL",72.5,0.327903066825162,0.0257359448346288,-0.720048235283059,0.117191048257348,160.532055302747,329.039624697253,489.57168,"N"
1999,"SNOW","EBS","ALL",77.5,0.4093942487493,0.0256789589369405,-0.367503066229149,0.106518188426453,133.870077066902,193.125422933098,326.9955,"N"
1999,"SNOW","EBS","ALL",82.5,0.409707051671469,0.0213203280989697,-0.365877220928122,0.0882905129103336,110.474999076055,159.168880923945,269.64388,"N"
1999,"SNOW","EBS","ALL",87.5,0.430857189198886,0.0209355277708325,-0.278848356820383,0.0854477694485392,100.07853416987,132.19920583013,232.27774,"N"
1999,"SNOW","EBS","ALL",92.5,0.511498164101187,0.0229065719313687,0.046115692908797,0.0919103382358526,147.85615542613,141.20872457387,289.06488,"N"
1999,"SNOW","EBS","ALL",97.5,0.648304881594423,0.0233994318178909,0.613169963925994,0.102968591033014,215.392502674588,116.847017325412,332.23952,"N"
1999,"SNOW","EBS","ALL",102.5,0.793835659482663,0.0220417203226508,1.35361016341283,0.135917014033372,232.067535186183,60.2694648138167,292.337,"N"
1999,"SNOW","EBS","ALL",107.5,0.912114505891152,0.01364537612346,2.35161045860928,0.170177505386402,247.068925571815,23.8059744281849,270.8749,"N"
1999,"SNOW","EBS","ALL",112.5,0.929565425067624,0.0134793854714685,2.59813261276487,0.205808291247299,287.346799414191,21.7727005858085,309.1195,"N"
1999,"SNOW","EBS","ALL",117.5,0.943969233758673,0.0151513883591286,2.8587509976474,0.277580342268833,236.572188739966,14.0421112600339,250.6143,"N"
1999,"SNOW","EBS","ALL",122.5,0.951651206670519,0.0202433188409279,3.04963006250915,0.3839807690476,142.223226020582,7.22567397941827,149.4489,"N"
1999,"SNOW","EBS","ALL",127.5,0.959472709359885,0.0206771891020995,3.34097246146594,0.597913511117952,63.1858833803534,2.66891661964664,65.8548,"N"
1999,"SNOW","EBS","ALL",132.5,0.973520925391983,0.0135097319428658,3.83900016417894,0.683023433089178,20.3732618140482,0.554138185951814,20.9274,"N"
1999,"SNOW","EBS","ALL",137.5,1,0,13.815509557935,0,3,0,3,"N"
2000,"SNOW","EBS","ALL",7.5,0,0,-13.8155095579638,0,0,1.6681,1.6681,"N"
2000,"SNOW","EBS","ALL",12.5,0,0,-13.8155095579638,0,0,7.3099,7.3099,"N"
2000,"SNOW","EBS","ALL",17.5,0,0,-13.8155095579638,0,0,13,13,"N"
2000,"SNOW","EBS","ALL",22.5,0,0,-13.8155095579638,0,0,116.3231,116.3231,"N"
2000,"SNOW","EBS","ALL",27.5,0,0,-13.8155095579638,0,0,516.3853,516.3853,"N"
2000,"SNOW","EBS","ALL",32.5,0,0,-13.8155095579638,0,0,1411.006,1411.006,"N"
2000,"SNOW","EBS","ALL",37.5,0.0189304270457544,0.00702937665048919,-4.01443093596418,0.373234234780675,46.9450662674922,2432.92853373251,2479.8736,"N"
2000,"SNOW","EBS","ALL",42.5,0.0234747589879429,0.00432582139656641,-3.74461050861869,0.186017725960544,98.7211786885088,4106.69702131149,4205.4182,"N"
2000,"SNOW","EBS","ALL",47.5,0.0478886220186107,0.00522224607413936,-2.99561700652219,0.113059439475817,176.178399738983,3502.74140026102,3678.9198,"N"
2000,"SNOW","EBS","ALL",52.5,0.104136745574074,0.00832602210992513,-2.15520647057042,0.0887908810034104,480.886391807452,4136.94940819255,4617.8358,"N"
2000,"SNOW","EBS","ALL",57.5,0.184613152211454,0.0110848650431483,-1.48708325908351,0.0730521711803738,863.540277782383,3814.02612221762,4677.5664,"N"
2000,"SNOW","EBS","ALL",62.5,0.253791200137631,0.0123365132024193,-1.07953130317532,0.0649900229574518,771.221561868314,2267.58183813169,3038.8034,"N"
2000,"SNOW","EBS","ALL",67.5,0.315040439901153,0.0126895589659624,-0.777294453456779,0.0587287043214709,450.097772422073,978.600627577927,1428.6984,"N"
2000,"SNOW","EBS","ALL",72.5,0.358903861914972,0.0175258848770237,-0.580956707484535,0.0764830212661391,325.318140982376,581.103259017624,906.4214,"N"
2000,"SNOW","EBS","ALL",77.5,0.402374574337859,0.0194931402703348,-0.396232087552441,0.0812920034146317,283.597663976524,421.212436023476,704.8101,"N"
2000,"SNOW","EBS","ALL",82.5,0.412273823339768,0.0241866525643522,-0.355454021497604,0.100098634601465,207.188704647989,295.362495352011,502.5512,"N"
2000,"SNOW","EBS","ALL",87.5,0.456439476526772,0.0212210049236052,-0.175009875107919,0.0857282336845353,138.352054389245,164.759445610755,303.1115,"N"
2000,"SNOW","EBS","ALL",92.5,0.541715568902102,0.0228363048968226,0.16760429539484,0.0922091993498815,111.564533754011,94.3821662459894,205.9467,"N"
2000,"SNOW","EBS","ALL",97.5,0.707092452817824,0.0218775057239588,0.88360292390193,0.105600146343925,99.1415035188324,41.0685964811676,140.2101,"N"
2000,"SNOW","EBS","ALL",102.5,0.863940674438867,0.0137417192970886,1.85338357981363,0.116987221555196,119.208953292963,18.7738467070367,137.9828,"N"
2000,"SNOW","EBS","ALL",107.5,0.956779426958751,0.00532323794156712,3.10478454137493,0.128424745254929,102.937602275867,4.6499977241327,107.5876,"N"
2000,"SNOW","EBS","ALL",112.5,0.973073014089953,0.00434021080737491,3.5999556720403,0.162845642891277,122.00331066279,3.3760893372101,125.3794,"N"
2000,"SNOW","EBS","ALL",117.5,0.978972130557306,0.00416147617101954,3.85952829372347,0.197475745915454,95.7567883894801,2.05681161051992,97.8136,"N"
2000,"SNOW","EBS","ALL",122.5,0.985793562856776,0.00391275593859836,4.27697659454533,0.277267100107345,79.4873937744741,1.14550622552586,80.6329,"N"
2000,"SNOW","EBS","ALL",127.5,0.991633795884335,0.00325896796045496,4.84685750511762,0.382941675923107,20.1073584791467,0.169641520853343,20.277,"N"
2000,"SNOW","EBS","ALL",132.5,0.993378482454249,0.00337832527844417,5.22064916248803,0.651351496518128,8.22219369927382,0.0548063007261774,8.277,"N"
2000,"SNOW","EBS","ALL",137.5,1,0,13.815509557935,0,1,0,1,"N"
2001,"SNOW","EBS","ALL",12.5,0,0,-13.8155095579638,0,0,105.8624,105.8624,"N"
2001,"SNOW","EBS","ALL",17.5,0,0,-13.8155095579638,0,0,13.9144,13.9144,"N"
2001,"SNOW","EBS","ALL",22.5,0,0,-13.8155095579638,0,0,186.8532,186.8532,"N"
2001,"SNOW","EBS","ALL",27.5,0,0,-13.8155095579638,0,0,178.5575,178.5575,"N"
2001,"SNOW","EBS","ALL",32.5,0,0,-13.8155095579638,0,0,333.0588,333.0588,"N"
2001,"SNOW","EBS","ALL",37.5,0.0119934122358766,0.00431931835749844,-4.46880838865901,0.337311568341032,37.1216041751517,3058.04459582485,3095.1662,"N"
2001,"SNOW","EBS","ALL",42.5,0.0171353488674163,0.00323293926468235,-4.06628493095075,0.185823987392984,94.6954057311663,5431.62369426883,5526.3191,"N"
2001,"SNOW","EBS","ALL",47.5,0.0374973299331562,0.00521691091490237,-3.25467558729001,0.142064980690829,79.5421748020868,2041.73352519791,2121.2757,"N"
2001,"SNOW","EBS","ALL",52.5,0.0939211234232366,0.01054244961581,-2.27278221851391,0.122470586620371,368.26359788903,3552.72440211097,3920.988,"N"
2001,"SNOW","EBS","ALL",57.5,0.160688016571356,0.0119911024161149,-1.65580650668575,0.0890897978274612,1091.56423770311,5701.50136229689,6793.0656,"N"
2001,"SNOW","EBS","ALL",62.5,0.220642594015607,0.0128916501121861,-1.26350739631527,0.0752792002246617,1675.74299230755,5919.08700769245,7594.83,"N"
2001,"SNOW","EBS","ALL",67.5,0.264756878702611,0.0131329576602779,-1.02246614720293,0.067657380278918,2056.80344630598,5711.84625369402,7768.6497,"N"
2001,"SNOW","EBS","ALL",72.5,0.311218087689161,0.0134939261689528,-0.795186509907728,0.0631755698724617,1953.43567328005,4323.30642671995,6276.7421,"N"
2001,"SNOW","EBS","ALL",77.5,0.335379399976647,0.0136668961314259,-0.684575923345093,0.0614265592262837,1430.38898219584,2834.59861780416,4264.9876,"N"
2001,"SNOW","EBS","ALL",82.5,0.331802319193335,0.0136882437608591,-0.700689814373518,0.0618726330361705,814.887682747332,1641.05561725267,2455.9433,"N"
2001,"SNOW","EBS","ALL",87.5,0.348658397878311,0.0147468509198946,-0.625588304158468,0.0651692613468909,460.118002633807,859.563397366193,1319.6814,"N"
2001,"SNOW","EBS","ALL",92.5,0.410925674999618,0.0153467235761983,-0.360503715807427,0.0635515306776524,313.314102512236,449.145197487764,762.4593,"N"
2001,"SNOW","EBS","ALL",97.5,0.551805067752643,0.0177791599919238,0.208229415011286,0.071938434155693,293.505722523206,238.395377476794,531.9011,"N"
2001,"SNOW","EBS","ALL",102.5,0.78794719649789,0.0146424004812498,1.31481048986187,0.0877506879920035,374.535571269099,100.795228730901,475.3308,"N"
2001,"SNOW","EBS","ALL",107.5,0.903166293536095,0.0100639938794339,2.23810011027327,0.113046556471731,206.077711111865,22.0947888881354,228.1725,"N"
2001,"SNOW","EBS","ALL",112.5,0.953165350682304,0.0057404359969748,3.020512208389,0.127022185987079,139.724222806914,6.86547719308626,146.5897,"N"
2001,"SNOW","EBS","ALL",117.5,0.966996842737336,0.00502104212238427,3.38900045618778,0.156308529234647,92.6725292224696,3.16287077753034,95.8354,"N"
2001,"SNOW","EBS","ALL",122.5,0.976595122678186,0.00557178474590762,3.75797281598384,0.235955423001831,45.0964282989351,1.08077170106488,46.1772,"N"
2001,"SNOW","EBS","ALL",127.5,0.986033474638075,0.00487564602913602,4.31205064803999,0.331873123225073,12.0355245914323,0.170475408567654,12.206,"N"
2001,"SNOW","EBS","ALL",132.5,0.99920735918669,0.000404408578219551,7.35186924465766,0.638137454359017,0.99920735918669,0.000792640813310319,1,"N"
2001,"SNOW","EBS","ALL",142.5,1,0,13.815509557935,0,2.8091,0,2.8091,"N"
2002,"SNOW","EBS","ALL",12.5,0,0,-13.8155095579638,0,0,2.0772,2.0772,"N"
2002,"SNOW","EBS","ALL",17.5,0,0,-13.8155095579638,0,0,42.582,42.582,"N"
2002,"SNOW","EBS","ALL",22.5,0,0,-13.8155095579638,0,0,117.2358,117.2358,"N"
2002,"SNOW","EBS","ALL",27.5,0,0,-13.8155095579638,0,0,113.2052,113.2052,"N"
2002,"SNOW","EBS","ALL",32.5,0,0,-13.8155095579638,0,0,356.1022,356.1022,"N"
2002,"SNOW","EBS","ALL",37.5,0.0323659848537718,0.0135077770444738,-3.48735549749594,0.446264217943345,17.0471286198982,509.651771380102,526.6989,"N"
2002,"SNOW","EBS","ALL",42.5,0.0462031513297493,0.0123879587507209,-3.06376548292013,0.285503031223589,56.4737422451419,1165.81825775486,1222.292,"N"
2002,"SNOW","EBS","ALL",47.5,0.0446764626634083,0.00870198838116035,-3.08147533736373,0.204038734909286,52.5787415587403,1124.29915844126,1176.8779,"N"
2002,"SNOW","EBS","ALL",52.5,0.0637144081068351,0.0142271382013103,-2.71081129056004,0.229218754710661,116.396749278702,1710.4545507213,1826.8513,"N"
2002,"SNOW","EBS","ALL",57.5,0.116794122712425,0.0204557819575476,-2.03714718151251,0.189833231680081,189.425993347766,1432.45350665223,1621.8795,"N"
2002,"SNOW","EBS","ALL",62.5,0.178490631236903,0.0198033516954808,-1.53237340192763,0.133992936635006,322.372214661981,1483.72938533802,1806.1016,"N"
2002,"SNOW","EBS","ALL",67.5,0.229220642787809,0.0194254097507108,-1.21596177071308,0.109618372414151,334.223983211512,1123.86451678849,1458.0885,"N"
2002,"SNOW","EBS","ALL",72.5,0.29030614317257,0.0191155400708766,-0.895717102210799,0.0931388525172017,461.243277415785,1127.57352258421,1588.8168,"N"
2002,"SNOW","EBS","ALL",77.5,0.333055197873319,0.0197576561402862,-0.695709577991158,0.0888745177823657,393.283767469057,787.552832530943,1180.8366,"N"
2002,"SNOW","EBS","ALL",82.5,0.352383547762434,0.0202110791547689,-0.609733585393273,0.0886394659092069,377.454474320023,693.692225679977,1071.1467,"N"
2002,"SNOW","EBS","ALL",87.5,0.365213143778805,0.0225609351904048,-0.554066215102034,0.0972547116164979,427.083792902429,742.325907097571,1169.4097,"N"
2002,"SNOW","EBS","ALL",92.5,0.433622806930205,0.0251249631550337,-0.267760278991958,0.102423153273367,441.498220987391,576.663679012609,1018.1619,"N"
2002,"SNOW","EBS","ALL",97.5,0.586031129543347,0.0252387966110026,0.348525891332909,0.104374876579279,437.627536453438,309.137463546562,746.765,"N"
2002,"SNOW","EBS","ALL",102.5,0.76731526579933,0.0200627702881338,1.19659277826667,0.112543185183758,432.853590777229,131.260809222771,564.1144,"N"
2002,"SNOW","EBS","ALL",107.5,0.900157369195385,0.014559802947661,2.20924223186492,0.159952486700732,329.48685224001,36.5456477599901,366.0325,"N"
2002,"SNOW","EBS","ALL",112.5,0.942015310025709,0.0102769754207561,2.80266437958991,0.18164139327867,200.916133972806,12.3671660271936,213.2833,"N"
2002,"SNOW","EBS","ALL",117.5,0.963306271553999,0.0105203999506892,3.30318842694322,0.270116369129737,81.9411433934349,3.12125660656514,85.0624,"N"
2002,"SNOW","EBS","ALL",122.5,0.983345371671221,0.00410892210618461,4.10788006481261,0.246878169002828,64.6850485557559,1.09555144424408,65.7806,"N"
2002,"SNOW","EBS","ALL",127.5,0.988719639179504,0.004468164284772,4.54259046371339,0.37132997695452,30.0706224901137,0.34307750988631,30.4137,"N"
2002,"SNOW","EBS","ALL",132.5,0.987985137303848,0.00613003198783256,4.79133206095696,0.890261429713124,1.9759702746077,0.0240297253923036,2,"N"
2002,"SNOW","EBS","ALL",142.5,1,0,13.815509557935,0,1,0,1,"N"
2003,"SNOW","EBS","ALL",7.5,0,0,-13.8155095579638,0,0,12.2921,12.2921,"N"
2003,"SNOW","EBS","ALL",12.5,0,0,-13.8155095579638,0,0,25.4373,25.4373,"N"
2003,"SNOW","EBS","ALL",17.5,0,0,-13.8155095579638,0,0,960.2958,960.2958,"N"
2003,"SNOW","EBS","ALL",22.5,0,0,-13.8155095579638,0,0,560.4022,560.4022,"N"
2003,"SNOW","EBS","ALL",27.5,0,0,-13.8155095579638,0,0,792.6767,792.6767,"N"
2003,"SNOW","EBS","ALL",32.5,0,0,-13.8155095579638,0,0,2742.3292,2742.3292,"N"
2003,"SNOW","EBS","ALL",37.5,0.00542787259466602,0.00261345971050401,-5.31613370216229,0.45812365326435,23.2518250904726,4260.53057490953,4283.7824,"N"
2003,"SNOW","EBS","ALL",42.5,0.0133587012562169,0.00287051772329968,-4.32471216722667,0.215300984160535,58.5172177645743,4321.93988223543,4380.4571,"N"
2003,"SNOW","EBS","ALL",47.5,0.0328143080672401,0.00608524784638645,-3.40021034249536,0.188307904404491,256.762086800856,7567.93701319914,7824.6991,"N"
2003,"SNOW","EBS","ALL",52.5,0.0684796573760904,0.010047505471001,-2.62078231234533,0.155753239174823,317.477902700479,4318.61279729952,4636.0907,"N"
2003,"SNOW","EBS","ALL",57.5,0.111314988673783,0.0147233124222574,-2.08596464605897,0.148775915883852,399.969381094413,3193.16201890559,3593.1314,"N"
2003,"SNOW","EBS","ALL",62.5,0.174038900871446,0.017820365378093,-1.56225969230565,0.123867120786278,430.618343660797,2043.6465563392,2474.2649,"N"
2003,"SNOW","EBS","ALL",67.5,0.20966047157419,0.0156670011156989,-1.32955475734332,0.0943728659684862,452.68798787847,1706.46001212153,2159.148,"N"
2003,"SNOW","EBS","ALL",72.5,0.265155149277283,0.0173113543196271,-1.02119148255854,0.0887973418792865,414.958687281813,1150.00691271819,1564.9656,"N"
2003,"SNOW","EBS","ALL",77.5,0.273851404172123,0.0164939327134354,-0.976713902632932,0.082778414046075,350.97102672272,930.64017327728,1281.6112,"N"
2003,"SNOW","EBS","ALL",82.5,0.260898791638891,0.0160203548868863,-1.0429423632295,0.0829196997714917,252.627752056475,715.670147943525,968.2979,"N"
2003,"SNOW","EBS","ALL",87.5,0.270769822462043,0.0163447407610962,-0.992288734774994,0.0827908229934995,224.794677072958,605.411122927042,830.2058,"N"
2003,"SNOW","EBS","ALL",92.5,0.319304000367754,0.0188792027935926,-0.758335100075074,0.0869537302324108,270.352302331375,576.340197668625,846.6925,"N"
2003,"SNOW","EBS","ALL",97.5,0.437747715030002,0.0221306457945456,-0.25080913001643,0.0900508149673666,331.833342135348,426.213657864652,758.047,"N"
2003,"SNOW","EBS","ALL",102.5,0.67114198574399,0.0231416631190691,0.715258441369619,0.105333989223032,331.851054187612,162.606245812388,494.4573,"N"
2003,"SNOW","EBS","ALL",107.5,0.832279737140043,0.0231271631541333,1.61099950185197,0.166020443285423,373.913074142563,75.3506258574367,449.2637,"N"
2003,"SNOW","EBS","ALL",112.5,0.89322236649077,0.0193736975658492,2.13992558465525,0.200423861313934,343.477406432208,41.0599935677923,384.5374,"N"
2003,"SNOW","EBS","ALL",117.5,0.919937176729764,0.0146877212837587,2.45761961515753,0.195215627852077,229.237857157243,19.9507428427575,249.1886,"N"
2003,"SNOW","EBS","ALL",122.5,0.938622927965663,0.0135906398431815,2.75170235426964,0.23640644793716,122.063875703344,7.98182429665572,130.0457,"N"
2003,"SNOW","EBS","ALL",127.5,0.972486942186989,0.0101117091622831,3.63044914113041,0.372017140244242,35.6464116171699,1.00848838283014,36.6549,"N"
2003,"SNOW","EBS","ALL",132.5,0.976850639560641,0.0118108981833463,3.99663286476845,0.744851885220457,4.88425319780321,0.115746802196794,5,"N"
2003,"SNOW","EBS","ALL",137.5,1,0,13.815509557935,0,1,0,1,"N"
2004,"SNOW","EBS","ALL",12.5,0,0,-13.8155095579638,0,0,23,23,"N"
2004,"SNOW","EBS","ALL",17.5,0,0,-13.8155095579638,0,0,84.3596,84.3596,"N"
2004,"SNOW","EBS","ALL",22.5,0,0,-13.8155095579638,0,0,708.0733,708.0733,"N"
2004,"SNOW","EBS","ALL",27.5,0,0,-13.8155095579638,0,0,897.0333,897.0333,"N"
2004,"SNOW","EBS","ALL",32.5,0,0,-13.8155095579638,0,0,7825.1293,7825.1293,"N"
2004,"SNOW","EBS","ALL",37.5,0.0179709208496051,0.00932606666597278,-4.10879125551864,0.46576657781898,292.959453732264,16008.9015462677,16301.861,"N"
2004,"SNOW","EBS","ALL",42.5,0.0287611536807136,0.0123664879668189,-3.58830825664529,0.367578742449907,197.405425421829,6666.20747457817,6863.6129,"N"
2004,"SNOW","EBS","ALL",47.5,0.0531050615932804,0.0315439721467076,-3.0143977295489,0.528532342626595,276.468046679708,4929.59025332029,5206.0583,"N"
2004,"SNOW","EBS","ALL",52.5,0.110055902804704,0.0466636000049355,-2.16701379495325,0.440610938933586,517.684356340165,4186.14654365984,4703.8309,"N"
2004,"SNOW","EBS","ALL",57.5,0.179689213182342,0.0415266436813549,-1.54233012075893,0.27396153532395,764.472088584883,3489.94071141512,4254.4128,"N"
2004,"SNOW","EBS","ALL",62.5,0.242347514317824,0.0324624970329699,-1.14787665611192,0.177184883075812,1357.17571928081,4242.94658071919,5600.1223,"N"
2004,"SNOW","EBS","ALL",67.5,0.294338906951242,0.0311304218684237,-0.879084006230005,0.150991579035233,918.950497631054,2203.13250236895,3122.083,"N"
2004,"SNOW","EBS","ALL",72.5,0.345883348834019,0.0325973710806026,-0.640414043447223,0.144894812290516,351.999638679786,665.683461320214,1017.6831,"N"
2004,"SNOW","EBS","ALL",77.5,0.397172987033277,0.0371977194290137,-0.419668999534094,0.155621170395939,322.637597856275,489.697602143725,812.3352,"N"
2004,"SNOW","EBS","ALL",82.5,0.413493363193608,0.0403103918962025,-0.351858181136888,0.166720161115597,232.515505292357,329.804294707643,562.3198,"N"
2004,"SNOW","EBS","ALL",87.5,0.424715535277124,0.0369823512057847,-0.305069560404156,0.151470455133388,124.944557501519,169.239542498481,294.1841,"N"
2004,"SNOW","EBS","ALL",92.5,0.473824030027621,0.0391264229647008,-0.10539741207941,0.157681924705892,173.024899573096,192.142100426904,365.167,"N"
2004,"SNOW","EBS","ALL",97.5,0.613700205989234,0.0377685525485374,0.465741551679787,0.159790298089966,206.71221079321,130.11708920679,336.8293,"N"
2004,"SNOW","EBS","ALL",102.5,0.776246153690481,0.0275283862287467,1.25077640098616,0.157867816634694,235.07628931901,67.7610106809896,302.8373,"N"
2004,"SNOW","EBS","ALL",107.5,0.888050556299221,0.0231554551252205,2.09162241259489,0.230930193797463,277.567660995994,34.9907390040057,312.5584,"N"
2004,"SNOW","EBS","ALL",112.5,0.93034123257128,0.0159053238071952,2.61750850296998,0.244624915331196,311.474337231688,23.3214627683124,334.7958,"N"
2004,"SNOW","EBS","ALL",117.5,0.943852338013007,0.0127353027351746,2.84680625528659,0.2364388818637,301.005176123768,17.9061238762324,318.9113,"N"
2004,"SNOW","EBS","ALL",122.5,0.965302691500381,0.00937109231660835,3.36098167602157,0.275310641723689,226.400741840731,8.13785815926869,234.5386,"N"
2004,"SNOW","EBS","ALL",127.5,0.976948254793807,0.00860351820705822,3.81133228768601,0.368056912796549,81.1636886703638,1.91511132963623,83.0788,"N"
2004,"SNOW","EBS","ALL",132.5,0.983471298209216,0.00843301111774684,4.25171803069046,0.574140806806431,22.3249951636088,0.375204836391152,22.7002,"N"
2004,"SNOW","EBS","ALL",137.5,1,0,13.815509557935,0,9.1783,0,9.1783,"N"
2004,"SNOW","EBS","ALL",142.5,1,0,13.815509557935,0,2.2116,0,2.2116,"N"
2005,"SNOW","EBS","ALL",12.5,0,0,-13.8155095579638,0,0,2.8632,2.8632,"N"
2005,"SNOW","EBS","ALL",17.5,0,0,-13.8155095579638,0,0,16.3533,16.3533,"N"
2005,"SNOW","EBS","ALL",22.5,0,0,-13.8155095579638,0,0,61.2081,61.2081,"N"
2005,"SNOW","EBS","ALL",27.5,0,0,-13.8155095579638,0,0,338.5862,338.5862,"N"
2005,"SNOW","EBS","ALL",32.5,0,0,-13.8155095579638,0,0,1498.1009,1498.1009,"N"
2005,"SNOW","EBS","ALL",37.5,0.0165665846768742,0.00599269166431382,-4.14300748733408,0.34723405575346,35.9642015326686,2134.92389846733,2170.8881,"N"
2005,"SNOW","EBS","ALL",42.5,0.037252147099765,0.0061959049918755,-3.26599643946549,0.174162578760832,338.450571580267,8746.94712841973,9085.3977,"N"
2005,"SNOW","EBS","ALL",47.5,0.123799699028277,0.0191640722725887,-1.96862181848489,0.176519580646337,1132.4035597329,8014.6587402671,9147.0623,"N"
2005,"SNOW","EBS","ALL",52.5,0.216963712445852,0.0288364434893106,-1.29159323279991,0.169956196791123,1913.94768915644,6907.56291084356,8821.5106,"N"
2005,"SNOW","EBS","ALL",57.5,0.242023637598622,0.0184479931482157,-1.14421970294734,0.100550866158439,1978.51622753078,6196.37217246922,8174.8884,"N"
2005,"SNOW","EBS","ALL",62.5,0.296420477286349,0.0207210160290382,-0.866422613876686,0.0996907692810998,3274.40156968401,7772.07403031599,11046.4756,"N"
2005,"SNOW","EBS","ALL",67.5,0.364637785233545,0.0252711981922357,-0.556926619416652,0.109653533374053,3015.21752210408,5253.85837789592,8269.0759,"N"
2005,"SNOW","EBS","ALL",72.5,0.443402991409705,0.0338642207520778,-0.228417979469643,0.137744318665052,1581.48238998036,1985.21071001964,3566.6931,"N"
2005,"SNOW","EBS","ALL",77.5,0.490485608064049,0.0361265140248406,-0.0382409274542098,0.145202732953599,1245.88676026828,1294.22193973172,2540.1087,"N"
2005,"SNOW","EBS","ALL",82.5,0.50061610953593,0.0304048592431608,0.0024486298422882,0.12199602679949,1501.19557526257,1497.50052473743,2998.6961,"N"
2005,"SNOW","EBS","ALL",87.5,0.508375147562574,0.0321267837194431,0.0336164816167102,0.128992276136819,1213.17196345162,1173.19953654838,2386.3715,"N"
2005,"SNOW","EBS","ALL",92.5,0.551597567554098,0.0339146080558022,0.208082940190864,0.137592550239349,667.208777169491,542.384622830509,1209.5934,"N"
2005,"SNOW","EBS","ALL",97.5,0.692636836322392,0.0270944750481228,0.815590231455206,0.127454485843709,355.527301954837,157.768098045163,513.2954,"N"
2005,"SNOW","EBS","ALL",102.5,0.856458572776395,0.0162973884503653,1.792504007501,0.13345138806644,277.959347501715,46.5856524982848,324.545,"N"
2005,"SNOW","EBS","ALL",107.5,0.935461180905887,0.00966218214288611,2.68477960013244,0.158902773211954,198.66651028029,13.7062897197103,212.3728,"N"
2005,"SNOW","EBS","ALL",112.5,0.966336977050579,0.00575076687185836,3.3714191428244,0.174938088561548,251.942990121836,8.77660987816392,260.7196,"N"
2005,"SNOW","EBS","ALL",117.5,0.974873876877366,0.00430698118580801,3.67277843852985,0.173765103984935,252.361895986512,6.50430401348834,258.8662,"N"
2005,"SNOW","EBS","ALL",122.5,0.985148701722818,0.00344440259168421,4.22043309492526,0.2295588203532,192.803944988524,2.9065550114764,195.7105,"N"
2005,"SNOW","EBS","ALL",127.5,0.990718763966417,0.0038867225520091,4.7558847852338,0.418059615601655,140.506211902627,1.31628809737279,141.8225,"N"
2005,"SNOW","EBS","ALL",132.5,0.995497065196448,0.00229741571609814,5.54205898743886,0.529046443668426,50.4245146445696,0.228085355430416,50.6526,"N"
2005,"SNOW","EBS","ALL",137.5,1,0,13.815509557935,0,6.4879,0,6.4879,"N"
2005,"SNOW","EBS","ALL",142.5,1,0,13.815509557935,0,2.8604,0,2.8604,"N"
2006,"SNOW","EBS","ALL",17.5,0,0,-13.8155095579638,0,0,84.4272,84.4272,"N"
2006,"SNOW","EBS","ALL",22.5,0,0,-13.8155095579638,0,0,256.6646,256.6646,"N"
2006,"SNOW","EBS","ALL",27.5,0,0,-13.8155095579638,0,0,449.0633,449.0633,"N"
2006,"SNOW","EBS","ALL",32.5,0,0,-13.8155095579638,0,0,952.7666,952.7666,"N"
2006,"SNOW","EBS","ALL",37.5,0.00674707324392082,0.00289392132551463,-5.06828795726505,0.384274551139034,21.7324234500603,3199.28247654994,3221.0149,"N"
2006,"SNOW","EBS","ALL",42.5,0.0231862225957014,0.0093888171700924,-3.80771052473517,0.365800174284972,134.600105261845,5670.57599473815,5805.1761,"N"
2006,"SNOW","EBS","ALL",47.5,0.0757298525761196,0.0119226826788012,-2.51402890581852,0.169824975647705,226.688945537904,2766.7005544621,2993.3895,"N"
2006,"SNOW","EBS","ALL",52.5,0.173080189446485,0.020373676769663,-1.57051779545305,0.141878094714231,417.028495162308,1992.42400483769,2409.4525,"N"
2006,"SNOW","EBS","ALL",57.5,0.20754610255353,0.0217728270999123,-1.34490083831674,0.132535450112321,776.283317576691,2964.01008242331,3740.2934,"N"
2006,"SNOW","EBS","ALL",62.5,0.281647054637196,0.0240435537289776,-0.939393824837316,0.119053609317337,1285.19071619136,3277.93428380864,4563.125,"N"
2006,"SNOW","EBS","ALL",67.5,0.343008263802915,0.0276544403521378,-0.652283651706856,0.122990784621316,1302.69026449548,2495.14903550452,3797.8393,"N"
2006,"SNOW","EBS","ALL",72.5,0.358089283953933,0.0219907755833637,-0.58496335344402,0.095757191185986,1005.42565253773,1802.32564746227,2807.7513,"N"
2006,"SNOW","EBS","ALL",77.5,0.407064436210224,0.0181807354126101,-0.376650610559305,0.0755436445585437,847.15926126141,1233.98363873859,2081.1429,"N"
2006,"SNOW","EBS","ALL",82.5,0.431628531078875,0.0183679176305186,-0.275604534313997,0.075091468555049,1024.36172077729,1348.88667922271,2373.2484,"N"
2006,"SNOW","EBS","ALL",87.5,0.50194577562968,0.0180009931866863,0.0077834623064124,0.0720932790227958,623.544649504847,618.710350495152,1242.255,"N"
2006,"SNOW","EBS","ALL",92.5,0.582873490920259,0.0189377444284137,0.335083329903442,0.0779761479872705,365.157302270044,261.320497729956,626.4778,"N"
2006,"SNOW","EBS","ALL",97.5,0.676119158456948,0.021459738297697,0.737690695252214,0.0982176420089945,231.453234649849,110.872865350151,342.3261,"N"
2006,"SNOW","EBS","ALL",102.5,0.81564297912775,0.0245656508448235,1.49532309542601,0.161550362475495,204.248176282403,46.1655237175974,250.4137,"N"
2006,"SNOW","EBS","ALL",107.5,0.926775534033453,0.0136159882778642,2.55465839449871,0.195598163054463,192.720191975654,15.2268080243455,207.947,"N"
2006,"SNOW","EBS","ALL",112.5,0.962911765044657,0.00914117769758095,3.28542531260045,0.248163027123308,98.8271009288873,3.80649907111265,102.6336,"N"
2006,"SNOW","EBS","ALL",117.5,0.969384175383995,0.0118754646701897,3.52357228753187,0.377738634187237,67.1748335710795,2.12156642892052,69.2964,"N"
2006,"SNOW","EBS","ALL",122.5,0.987614115110382,0.00584366302691273,4.47330294296217,0.429650173310022,42.2322560289386,0.529643971061368,42.7619,"N"
2006,"SNOW","EBS","ALL",127.5,0.987997060674034,0.00612394863569675,4.5969031861295,0.601050781412409,16.7959500314586,0.204049968541415,17,"N"
2006,"SNOW","EBS","ALL",132.5,0.973772946377155,0.0133811498075742,4.08113773689875,0.974479655990789,5.84263767826293,0.157362321737073,6,"N"
2006,"SNOW","EBS","ALL",137.5,1,0,13.815509557935,0,2,0,2,"N"
2007,"SNOW","EBS","ALL",7.5,0,0,-13.8155095579638,0,0,3,3,"N"
2007,"SNOW","EBS","ALL",12.5,0,0,-13.8155095579638,0,0,1,1,"N"
2007,"SNOW","EBS","ALL",17.5,0,0,-13.8155095579638,0,0,4,4,"N"
2007,"SNOW","EBS","ALL",22.5,0,0,-13.8155095579638,0,0,64.0586,64.0586,"N"
2007,"SNOW","EBS","ALL",27.5,0,0,-13.8155095579638,0,0,65.8476,65.8476,"N"
2007,"SNOW","EBS","ALL",32.5,0,0,-13.8155095579638,0,0,356.6903,356.6903,"N"
2007,"SNOW","EBS","ALL",37.5,0.00849471688052897,0.00294575050923513,-4.82110763859298,0.360277565689456,13.763668661223,1606.49853133878,1620.2622,"N"
2007,"SNOW","EBS","ALL",42.5,0.0199220162111279,0.00421218249083354,-3.91781524994016,0.214550176098812,51.0374702400839,2510.82522975992,2561.8627,"N"
2007,"SNOW","EBS","ALL",47.5,0.0624167647250301,0.00925786079016039,-2.72066127094167,0.160999139365281,296.349568389559,4451.56663161044,4747.9162,"N"
2007,"SNOW","EBS","ALL",52.5,0.13922465999407,0.0160489311780906,-1.8282646015657,0.134754661056639,1009.87780790583,6243.70649209417,7253.5843,"N"
2007,"SNOW","EBS","ALL",57.5,0.244590622009801,0.0226333514065887,-1.13145724766647,0.122008257252695,1487.80483649611,4595.03196350389,6082.8368,"N"
2007,"SNOW","EBS","ALL",62.5,0.328533271338079,0.0220283401512602,-0.716504739988747,0.0995560583384022,1568.49064034092,3205.73095965908,4774.2216,"N"
2007,"SNOW","EBS","ALL",67.5,0.398316854285405,0.0252204877142327,-0.413562408332013,0.10507104330504,1096.94920183975,1657.01209816025,2753.9613,"N"
2007,"SNOW","EBS","ALL",72.5,0.406877556301171,0.0264864921869057,-0.377971002415967,0.109751874261685,1025.74466672513,1495.27093327487,2521.0156,"N"
2007,"SNOW","EBS","ALL",77.5,0.418363664828378,0.0262866891686198,-0.330423567605417,0.108125627003274,914.607357482852,1271.54654251715,2186.1539,"N"
2007,"SNOW","EBS","ALL",82.5,0.409553649802356,0.0241894296175252,-0.366696723959926,0.10005443917253,924.096050088627,1332.25314991137,2256.3492,"N"
2007,"SNOW","EBS","ALL",87.5,0.406302953993169,0.0227565651146111,-0.380092529192846,0.0943995198111898,756.598752250786,1105.55544774921,1862.1542,"N"
2007,"SNOW","EBS","ALL",92.5,0.461892439481943,0.0252696548331513,-0.15312143306542,0.101910976696605,799.116460597438,930.975639402562,1730.0921,"N"
2007,"SNOW","EBS","ALL",97.5,0.597862794340169,0.0247114717991329,0.397605804520457,0.10302939685938,783.755734907842,527.173365092158,1310.9291,"N"
2007,"SNOW","EBS","ALL",102.5,0.792546432461283,0.018726430954504,1.34413631188193,0.113979240445507,990.479039124888,259.263560875112,1249.7426,"N"
2007,"SNOW","EBS","ALL",107.5,0.901334938225268,0.0121548820171511,2.21966316418577,0.137040160581902,1059.76321125158,116.00748874842,1175.7707,"N"
2007,"SNOW","EBS","ALL",112.5,0.948977910616893,0.00715596889517329,2.93293784513317,0.148074956657107,787.701202458955,42.3509975410449,830.0522,"N"
2007,"SNOW","EBS","ALL",117.5,0.96306784485557,0.00705427755177554,3.27809600131502,0.190204824743831,364.729683466245,13.9868165337554,378.7165,"N"
2007,"SNOW","EBS","ALL",122.5,0.971632193346842,0.00622330561446484,3.55745977229816,0.225056897201933,137.994799138234,4.02890086176612,142.0237,"N"
2007,"SNOW","EBS","ALL",127.5,0.987266842092319,0.00624488841126301,4.44513223880142,0.424296163125779,25.2439195188796,0.32558048112044,25.5695,"N"
2007,"SNOW","EBS","ALL",132.5,0.994945545429419,0.00257880335233717,5.62821088243095,0.772297663244722,11.0044957106675,0.0559042893324531,11.0604,"N"
2008,"SNOW","EBS","ALL",12.5,0,0,-13.8155095579638,0,0,100.0147,100.0147,"Y"
2008,"SNOW","EBS","ALL",17.5,0,0,-13.8155095579638,0,0,195.3773,195.3773,"Y"
2008,"SNOW","EBS","ALL",22.5,0,0,-13.8155095579638,0,0,2990.125,2990.125,"Y"
2008,"SNOW","EBS","ALL",27.5,0,0,-13.8155095579638,0,0,854.3854,854.3854,"Y"
2008,"SNOW","EBS","ALL",32.5,0,0,-13.8155095579638,0,0,1455.5153,1455.5153,"Y"
2008,"SNOW","EBS","ALL",37.5,0.0146141486370751,0.0105907645767383,-4.42799648577839,0.668884914928814,12.4056906461673,836.476509353833,848.8822,"Y"
2008,"SNOW","EBS","ALL",42.5,0.0271551666877011,0.0235137503496937,-3.90687027304662,0.838670632791961,29.5110158892092,1057.24408411079,1086.7551,"Y"
2008,"SNOW","EBS","ALL",47.5,0.0714617049091883,0.0518963101283362,-2.81716947527073,0.788136578786158,84.8788543910032,1102.874145609,1187.753,"Y"
2008,"SNOW","EBS","ALL",52.5,0.150220530200881,0.0780070839391247,-1.87372499541923,0.655032611688674,346.230921888323,1958.58667811168,2304.8176,"Y"
2008,"SNOW","EBS","ALL",57.5,0.24065718557838,0.102981966823691,-1.2404857896527,0.607052928845085,754.44427308538,2380.48922691462,3134.9335,"Y"
2008,"SNOW","EBS","ALL",62.5,0.308872954027543,0.112007821186162,-0.863145059813306,0.558068265803912,1127.52326735564,2522.92023264436,3650.4435,"Y"
2008,"SNOW","EBS","ALL",67.5,0.355075264310402,0.115848629252968,-0.637288587569037,0.53700989617947,1456.6379329675,2645.6977670325,4102.3357,"Y"
2008,"SNOW","EBS","ALL",72.5,0.398274819833162,0.124378081193473,-0.442691348124124,0.555583676602582,1492.70765894162,2255.22614105838,3747.9338,"Y"
2008,"SNOW","EBS","ALL",77.5,0.434710354479634,0.126352454607057,-0.28159991547759,0.551064514910552,989.455888068595,1286.67091193141,2276.1268,"Y"
2008,"SNOW","EBS","ALL",82.5,0.460780746191063,0.122684607875445,-0.166915799607861,0.526256064462719,742.63438456451,869.05271543549,1611.6871,"Y"
2008,"SNOW","EBS","ALL",87.5,0.501911531207235,0.1144770768373,0.00925798771762329,0.483312527500677,642.152489214514,637.261210785486,1279.4137,"Y"
2008,"SNOW","EBS","ALL",92.5,0.56437714657271,0.110124381513537,0.273310402993102,0.471251036842197,684.140742523457,528.064157476543,1212.2049,"Y"
2008,"SNOW","EBS","ALL",97.5,0.668416579725027,0.0998973165279592,0.737277166032057,0.471308207121192,637.073456835192,316.034943164807,953.1084,"Y"
2008,"SNOW","EBS","ALL",102.5,0.799679724795468,0.070406333053434,1.44518237621002,0.457987461614131,726.178122506563,181.908077493437,908.0862,"Y"
2008,"SNOW","EBS","ALL",107.5,0.89356388477623,0.0422114158394443,2.20937971245211,0.46500776373697,611.355321856216,72.8210781437842,684.1764,"Y"
2008,"SNOW","EBS","ALL",112.5,0.929303568461754,0.0329378194427714,2.68507859302188,0.514846053070286,603.748641333237,45.9299586667632,649.6786,"Y"
2008,"SNOW","EBS","ALL",117.5,0.949329382066235,0.0258523560886555,3.05396850010868,0.531548433147521,354.453294839649,18.919005160351,373.3723,"Y"
2008,"SNOW","EBS","ALL",122.5,0.961812571884871,0.0194833816913923,3.3591869382249,0.538544113660341,186.858349571849,7.41895042815136,194.2773,"Y"
2008,"SNOW","EBS","ALL",127.5,0.973841954024847,0.0133459418240579,3.80959296672045,0.642899713564135,77.7592349607805,2.08866503921946,79.8479,"Y"
2008,"SNOW","EBS","ALL",132.5,0.979317270614202,0.0105524129519375,4.18785822645276,0.838361924924051,22.7792135096675,0.481086490332466,23.2603,"Y"
2008,"SNOW","EBS","ALL",137.5,1,0,13.815509557935,0,19.093,0,19.093,"Y"
2008,"SNOW","EBS","ALL",142.5,1,0,13.815509557935,0,1,0,1,"Y"
2009,"SNOW","EBS","ALL",12.5,0,0,-13.8155095579638,0,0,15,15,"N"
2009,"SNOW","EBS","ALL",17.5,0,0,-13.8155095579638,0,0,264.2731,264.2731,"N"
2009,"SNOW","EBS","ALL",22.5,0,0,-13.8155095579638,0,0,817.153,817.153,"N"
2009,"SNOW","EBS","ALL",27.5,0,0,-13.8155095579638,0,0,1539.5031,1539.5031,"N"
2009,"SNOW","EBS","ALL",32.5,0,0,-13.8155095579638,0,0,2653.2025,2653.2025,"N"
2009,"SNOW","EBS","ALL",37.5,0.0120278168801199,0.00534389819451822,-4.49223750908646,0.406757700391521,56.5841031517153,4647.85259684828,4704.4367,"N"
2009,"SNOW","EBS","ALL",42.5,0.0289307664697888,0.00848523881100938,-3.55263451805611,0.284219127370354,104.215746471961,3498.03055352804,3602.2463,"N"
2009,"SNOW","EBS","ALL",47.5,0.0694614907064769,0.0130691673667853,-2.61231198612989,0.200586503641859,304.567242608764,4080.12475739124,4384.692,"N"
2009,"SNOW","EBS","ALL",52.5,0.156218112179361,0.0234414630919955,-1.69753400405655,0.178361169619182,506.982825284758,2738.36957471524,3245.3524,"N"
2009,"SNOW","EBS","ALL",57.5,0.244575199196937,0.0343257623210112,-1.13646766031485,0.185298136756952,647.382481292719,1999.58451870728,2646.967,"N"
2009,"SNOW","EBS","ALL",62.5,0.299111113368246,0.0380491173674827,-0.858066592417246,0.181434817801861,723.427147681305,1695.16285231869,2418.59,"N"
2009,"SNOW","EBS","ALL",67.5,0.334187926029811,0.0323332202376358,-0.692765642615416,0.145396396948318,562.908916364401,1121.4993836356,1684.4083,"N"
2009,"SNOW","EBS","ALL",72.5,0.367400715198764,0.029423424952659,-0.545490955377119,0.126805981572025,671.17604000148,1155.64685999852,1826.8229,"N"
2009,"SNOW","EBS","ALL",77.5,0.386561238014621,0.0321400242248472,-0.463858773143962,0.135924452630597,650.199713328478,1031.80988667152,1682.0096,"N"
2009,"SNOW","EBS","ALL",82.5,0.374012573499661,0.0321512275973918,-0.517441973187643,0.138091507766071,515.078933247786,862.091166752214,1377.1701,"N"
2009,"SNOW","EBS","ALL",87.5,0.352128722499594,0.0289718935141292,-0.612106484919487,0.127627686048754,473.850290456557,871.823209543443,1345.6735,"N"
2009,"SNOW","EBS","ALL",92.5,0.382490291263603,0.028772250935845,-0.480746817401342,0.122220757024192,492.300079215966,794.791620784034,1287.0917,"N"
2009,"SNOW","EBS","ALL",97.5,0.48361628570644,0.0323100334508932,-0.0658325634257177,0.129874879443959,572.759002654165,611.566297345835,1184.3253,"N"
2009,"SNOW","EBS","ALL",102.5,0.69089341477515,0.0285114530536828,0.807695619389389,0.13373119299811,578.916380950077,259.007919049923,837.9243,"N"
2009,"SNOW","EBS","ALL",107.5,0.849236281550714,0.0205131564593631,1.73749780064678,0.159513119833011,563.446192665578,100.027807334422,663.474,"N"
2009,"SNOW","EBS","ALL",112.5,0.910674497518694,0.0140168234867869,2.33389803868426,0.170845118846973,581.252386698367,57.0134133016328,638.2658,"N"
2009,"SNOW","EBS","ALL",117.5,0.928685633584146,0.01304611711798,2.58289065303155,0.194217941420703,462.674154445649,35.5290455543511,498.2032,"N"
2009,"SNOW","EBS","ALL",122.5,0.941578122425435,0.0151191892646201,2.81225781879596,0.271254551324336,352.039017410854,21.8428825891457,373.8819,"N"
2009,"SNOW","EBS","ALL",127.5,0.960459811348252,0.0146351149996231,3.25473325902876,0.376082451977088,116.761178345984,4.80682165401571,121.568,"N"
2009,"SNOW","EBS","ALL",132.5,0.971180878460729,0.0147036334384036,3.67045036815855,0.569068646106779,39.3561339187426,1.16786608125742,40.524,"N"
2009,"SNOW","EBS","ALL",137.5,1,0,13.815509557935,0,3,0,3,"N"
2009,"SNOW","EBS","ALL",147.5,1,0,13.815509557935,0,1,0,1,"N"
2010,"SNOW","EBS","ALL",7.5,0,0,-13.8155095579638,0,0,1,1,"N"
2010,"SNOW","EBS","ALL",12.5,0,0,-13.8155095579638,0,0,28.4159,28.4159,"N"
2010,"SNOW","EBS","ALL",17.5,0,0,-13.8155095579638,0,0,85.7908,85.7908,"N"
2010,"SNOW","EBS","ALL",22.5,0,0,-13.8155095579638,0,0,1398.7871,1398.7871,"N"
2010,"SNOW","EBS","ALL",27.5,0,0,-13.8155095579638,0,0,2787.4346,2787.4346,"N"
2010,"SNOW","EBS","ALL",32.5,0,0,-13.8155095579638,0,0,4808.8101,4808.8101,"N"
2010,"SNOW","EBS","ALL",37.5,0.0159644848518594,0.00772864770478995,-4.22294586939719,0.453653143424162,83.4722311719231,5145.14816882808,5228.6204,"N"
2010,"SNOW","EBS","ALL",42.5,0.035922360017839,0.011904369876714,-3.33927012332061,0.322105623090219,503.646456297522,13516.7702437025,14020.4167,"N"
2010,"SNOW","EBS","ALL",47.5,0.0892441524560915,0.0273555155614126,-2.36605938704371,0.322861021753242,2046.20681250691,20881.9823874931,22928.1892,"N"
2010,"SNOW","EBS","ALL",52.5,0.190296303944465,0.0443939193715793,-1.47252237765547,0.282246696135854,2679.71108658133,11402.0710134187,14081.7821,"N"
2010,"SNOW","EBS","ALL",57.5,0.308418219205942,0.0647570378150444,-0.824184557522152,0.30242731499923,2108.70187417848,4728.44892582152,6837.1508,"N"
2010,"SNOW","EBS","ALL",62.5,0.388477290507766,0.0748591397229803,-0.463900979882463,0.318557658519194,1759.56577641663,2769.82582358337,4529.3916,"N"
2010,"SNOW","EBS","ALL",67.5,0.435611303191376,0.068868455972247,-0.263645547676836,0.284150453498899,906.946523062782,1175.06217693722,2082.0087,"N"
2010,"SNOW","EBS","ALL",72.5,0.474989875110982,0.0520328070726525,-0.101047726650511,0.210457842946886,450.372717350568,497.800582649432,948.1733,"N"
2010,"SNOW","EBS","ALL",77.5,0.469973686307868,0.0567364545942401,-0.121558571845915,0.229981427865518,336.330511950935,379.306388049065,715.6369,"N"
2010,"SNOW","EBS","ALL",82.5,0.463285212967777,0.0646797503532752,-0.14925122917923,0.263460576568571,256.973513087764,297.703186912236,554.6767,"N"
2010,"SNOW","EBS","ALL",87.5,0.468308379352419,0.0685668452878739,-0.129092861412226,0.279658398264175,275.686118299079,312.998881700921,588.685,"N"
2010,"SNOW","EBS","ALL",92.5,0.539463907201514,0.0744110471617488,0.16205723449364,0.305964405182647,466.94048342658,398.62341657342,865.5639,"N"
2010,"SNOW","EBS","ALL",97.5,0.642456505546847,0.0740894927099689,0.601470441014366,0.330280326183685,639.423982349365,355.855817650635,995.2798,"N"
2010,"SNOW","EBS","ALL",102.5,0.791797348165498,0.0516328733351155,1.36487165200574,0.317785944888546,718.595049889719,188.954150110281,907.5492,"N"
2010,"SNOW","EBS","ALL",107.5,0.894231110309423,0.0348405830658633,2.18830703189823,0.371405443540241,762.677463016695,90.2088369833048,852.8863,"N"
2010,"SNOW","EBS","ALL",112.5,0.919492858885708,0.0285424844920863,2.49814492167504,0.390218520807554,864.708003164723,75.7103968352769,940.4184,"N"
2010,"SNOW","EBS","ALL",117.5,0.936129113736577,0.0249224218017519,2.75990579085152,0.419029966935505,871.616618379623,59.4692816203769,931.0859,"N"
2010,"SNOW","EBS","ALL",122.5,0.95278864813009,0.021794942504216,3.10691586176279,0.479892306455275,627.526421662358,31.094378337642,658.6208,"N"
2010,"SNOW","EBS","ALL",127.5,0.971315287707788,0.0146350572919451,3.66203364261301,0.548395651024632,287.991486070323,8.50491392967677,296.4964,"N"
2010,"SNOW","EBS","ALL",132.5,0.977410375048238,0.0115253188529397,3.97231466658804,0.650707896740658,59.4768874372479,1.37461256275213,60.8515,"N"
2010,"SNOW","EBS","ALL",137.5,1,0,13.815509557935,0,31.3719,0,31.3719,"N"
2010,"SNOW","EBS","ALL",142.5,1,0,13.815509557935,0,6,0,6,"N"
2011,"SNOW","EBS","ALL",12.5,0,0,-13.8155095579638,0,0,8.4761,8.4761,"N"
2011,"SNOW","EBS","ALL",17.5,0,0,-13.8155095579638,0,0,43.4877,43.4877,"N"
2011,"SNOW","EBS","ALL",22.5,0,0,-13.8155095579638,0,0,463.4537,463.4537,"N"
2011,"SNOW","EBS","ALL",27.5,0,0,-13.8155095579638,0,0,2700.3368,2700.3368,"N"
2011,"SNOW","EBS","ALL",32.5,0,0,-13.8155095579638,0,0,2943.2063,2943.2063,"N"
2011,"SNOW","EBS","ALL",37.5,0.00808443276416759,0.00335017254457772,-4.88541769151963,0.38620061596255,29.1897847145576,3581.42651528544,3610.6163,"N"
2011,"SNOW","EBS","ALL",42.5,0.0263726224310241,0.00666049795969154,-3.63675532123123,0.238407092198676,161.931193029768,5978.19360697023,6140.1248,"N"
2011,"SNOW","EBS","ALL",47.5,0.0653906342493385,0.0106125299758599,-2.67242893401465,0.170173316891202,454.161900911918,6491.20429908808,6945.3662,"N"
2011,"SNOW","EBS","ALL",52.5,0.162628001858348,0.01695591728971,-1.64409275167149,0.125454808880584,1306.21968679576,6725.72851320424,8031.9482,"N"
2011,"SNOW","EBS","ALL",57.5,0.269168481474938,0.0239980118345867,-1.00231530278699,0.12266667180495,2530.01727207548,6869.36432792452,9399.3816,"N"
2011,"SNOW","EBS","ALL",62.5,0.34601622020094,0.0266016549191692,-0.63873635359899,0.117984249092481,2976.29356950149,5625.30773049851,8601.6013,"N"
2011,"SNOW","EBS","ALL",67.5,0.397980462496387,0.0294075715249785,-0.415472566849283,0.123615250708019,1964.90714953485,2972.28785046515,4937.195,"N"
2011,"SNOW","EBS","ALL",72.5,0.405955598357512,0.0309668679165499,-0.382313493557475,0.12929666991209,1030.66978905985,1508.20341094015,2538.8732,"N"
2011,"SNOW","EBS","ALL",77.5,0.402412690914603,0.0309168881241067,-0.39704515657778,0.129095421552033,899.524798210717,1335.80430178928,2235.3291,"N"
2011,"SNOW","EBS","ALL",82.5,0.388120203295071,0.0330638704790271,-0.457395649077768,0.139808564590393,518.895442818369,818.049757181631,1336.9452,"N"
2011,"SNOW","EBS","ALL",87.5,0.480398662587707,0.0365194596232652,-0.0789216769584942,0.147238251267478,392.443720491046,424.468879508954,816.9126,"N"
2011,"SNOW","EBS","ALL",92.5,0.597967159811488,0.0341783399167807,0.398944450298552,0.142631751328827,410.423131676852,275.940868323148,686.364,"N"
2011,"SNOW","EBS","ALL",97.5,0.720731090162795,0.0287620334749592,0.952614086215473,0.143457721275009,503.7671037516,195.1996962484,698.9668,"N"
2011,"SNOW","EBS","ALL",102.5,0.829082065354891,0.0215562465431632,1.5869767763751,0.154978389018851,500.96860967216,103.27629032784,604.2449,"N"
2011,"SNOW","EBS","ALL",107.5,0.895281727513022,0.0160546517264119,2.15775582985989,0.174502551586396,601.369868244118,70.3403317558823,671.7102,"N"
2011,"SNOW","EBS","ALL",112.5,0.929416814335393,0.0131848093740704,2.59535543715688,0.20363429749019,643.268616129582,48.8520838704176,692.1207,"N"
2011,"SNOW","EBS","ALL",117.5,0.933697265503483,0.0143762357291598,2.66773492081786,0.229207093350813,635.522350941118,45.1290490588824,680.6514,"N"
2011,"SNOW","EBS","ALL",122.5,0.942054462115995,0.0150949365063425,2.82251876956435,0.279203837301941,463.348921959075,28.500478040925,491.8494,"N"
2011,"SNOW","EBS","ALL",127.5,0.962029951522944,0.0127230213059789,3.28846122321393,0.354566801512517,200.438363181834,7.91103681816554,208.3494,"N"
2011,"SNOW","EBS","ALL",132.5,0.965000848963073,0.0178567097127176,3.45042747311652,0.534262174939386,58.7162486558374,2.12955134416262,60.8458,"N"
2011,"SNOW","EBS","ALL",137.5,1,0,13.815509557935,0,17.0053,0,17.0053,"N"
2011,"SNOW","EBS","ALL",147.5,1,0,13.815509557935,0,4.6742,0,4.6742,"N"
2011,"SNOW","EBS","ALL",152.5,1,0,13.815509557935,0,1,0,1,"N"
2012,"SNOW","EBS","ALL",7.5,0,0,-13.8155095579638,0,0,6.3636,6.3636,"Y"
2012,"SNOW","EBS","ALL",12.5,0,0,-13.8155095579638,0,0,58.5454,58.5454,"Y"
2012,"SNOW","EBS","ALL",17.5,0,0,-13.8155095579638,0,0,20.1281,20.1281,"Y"
2012,"SNOW","EBS","ALL",22.5,0,0,-13.8155095579638,0,0,563.2777,563.2777,"Y"
2012,"SNOW","EBS","ALL",27.5,0,0,-13.8155095579638,0,0,658.9273,658.9273,"Y"
2012,"SNOW","EBS","ALL",32.5,0,0,-13.8155095579638,0,0,2351.0107,2351.0107,"Y"
2012,"SNOW","EBS","ALL",37.5,0.0191305114237483,0.0163035407430438,-4.19236631637026,0.718819041009932,100.831796824465,5169.90010317554,5270.7319,"Y"
2012,"SNOW","EBS","ALL",42.5,0.0525604385883508,0.0308939803311014,-3.05559403197298,0.617780367949724,244.498729769282,4407.26477023072,4651.7635,"Y"
2012,"SNOW","EBS","ALL",47.5,0.102389036869066,0.0506520111885986,-2.29493502104094,0.575597308598437,339.221145356271,2973.84005464373,3313.0612,"Y"
2012,"SNOW","EBS","ALL",52.5,0.170998194956719,0.0803933559478406,-1.68247485354653,0.574470943146736,609.603161477744,2955.36523852226,3564.9684,"Y"
2012,"SNOW","EBS","ALL",57.5,0.263810890634176,0.0931807519719417,-1.08318837203763,0.50038690486251,1277.07908026465,3563.80931973535,4840.8884,"Y"
2012,"SNOW","EBS","ALL",62.5,0.31489342446075,0.0954380213255637,-0.815695840936239,0.462220038591212,1722.39734588547,3747.38135411453,5469.7787,"Y"
2012,"SNOW","EBS","ALL",67.5,0.37471372695462,0.101403980154777,-0.536109019582894,0.449441169520651,1502.77224006281,2507.68195993719,4010.4542,"Y"
2012,"SNOW","EBS","ALL",72.5,0.445907339446952,0.113117539367317,-0.228794770581631,0.479442371373013,1220.38297345961,1516.47032654039,2736.8533,"Y"
2012,"SNOW","EBS","ALL",77.5,0.495014004930334,0.114732819741922,-0.0212443726361621,0.481785191658693,1047.25123281941,1068.34796718059,2115.5992,"Y"
2012,"SNOW","EBS","ALL",82.5,0.50070323729434,0.113073854245617,0.00226986320216502,0.473675024569716,887.724458288158,885.230841711842,1772.9553,"Y"
2012,"SNOW","EBS","ALL",87.5,0.503980352605292,0.1110383165015,0.0151016570343917,0.464515663437301,501.442156355466,493.521543644534,994.9637,"Y"
2012,"SNOW","EBS","ALL",92.5,0.5383646586418,0.123621320140025,0.161214946806826,0.523059106351935,231.629025576136,198.616574423864,430.2456,"Y"
2012,"SNOW","EBS","ALL",97.5,0.619884638914223,0.128342094215925,0.523470229151486,0.572900899347602,273.641627048439,167.797972951561,441.4396,"Y"
2012,"SNOW","EBS","ALL",102.5,0.772411424881745,0.10339114723478,1.31308000187038,0.594540588236631,281.724940366246,83.0093596337541,364.7343,"Y"
2012,"SNOW","EBS","ALL",107.5,0.889680299399175,0.0562855615310331,2.24927410428853,0.650796545933587,250.706481320861,31.0874186791388,281.7939,"Y"
2012,"SNOW","EBS","ALL",112.5,0.934096772264406,0.0336240957834663,2.82680262740736,0.637924588585055,186.947605939713,13.1896940602869,200.1373,"Y"
2012,"SNOW","EBS","ALL",117.5,0.954795084471591,0.0230637324124535,3.21935820617014,0.605446805194941,129.999265410653,6.15483458934651,136.1541,"Y"
2012,"SNOW","EBS","ALL",122.5,0.967583019424819,0.0165392758036639,3.58320170321107,0.630929108894004,78.8510494853829,2.64175051461713,81.4928,"Y"
2012,"SNOW","EBS","ALL",127.5,0.978959640682376,0.0107348772028696,4.11419350592247,0.76658300474355,59.3776222540207,1.27617774597933,60.6538,"Y"
2012,"SNOW","EBS","ALL",132.5,0.983918830199499,0.0082046784696436,4.52462007544817,0.928423479870431,12.7909447925935,0.209055207406518,13,"Y"
2012,"SNOW","EBS","ALL",137.5,1,0,13.815509557935,0,4,0,4,"Y"
2012,"SNOW","EBS","ALL",142.5,1,0,13.815509557935,0,1,0,1,"Y"
2013,"SNOW","EBS","ALL",12.5,0,0,-13.8155095579638,0,0,10.4645,10.4645,"N"
2013,"SNOW","EBS","ALL",17.5,0,0,-13.8155095579638,0,0,162.6308,162.6308,"N"
2013,"SNOW","EBS","ALL",22.5,0,0,-13.8155095579638,0,0,289.2841,289.2841,"N"
2013,"SNOW","EBS","ALL",27.5,0,0,-13.8155095579638,0,0,596.2139,596.2139,"N"
2013,"SNOW","EBS","ALL",32.5,0,0,-13.8155095579638,0,0,2470.7052,2470.7052,"N"
2013,"SNOW","EBS","ALL",37.5,0.0111140738650338,0.00407887410746549,-4.54911327007316,0.349110790114113,35.544777634267,3162.63242236573,3198.1772,"N"
2013,"SNOW","EBS","ALL",42.5,0.0321805801193455,0.0062124821145138,-3.42211301576944,0.198705456348753,97.7440711924556,2939.61792880754,3037.362,"N"
2013,"SNOW","EBS","ALL",47.5,0.0650409257265136,0.00963470131803879,-2.67667534899524,0.161565456257276,292.403858891707,4203.28644110829,4495.6903,"N"
2013,"SNOW","EBS","ALL",52.5,0.120358197668398,0.0154321464550296,-1.99733710619172,0.148702144121201,523.003140064805,3822.3854599352,4345.3886,"N"
2013,"SNOW","EBS","ALL",57.5,0.226527219406418,0.0218003793000098,-1.23236109479812,0.126069366561352,980.910883800303,3349.3011161997,4330.212,"N"
2013,"SNOW","EBS","ALL",62.5,0.305149924672322,0.0242687091224485,-0.825478641558686,0.115165910675221,988.976991026432,2251.97740897357,3240.9544,"N"
2013,"SNOW","EBS","ALL",67.5,0.36777962982765,0.0250578563602666,-0.54333152572845,0.108567244302469,824.885281924137,1417.99391807586,2242.8792,"N"
2013,"SNOW","EBS","ALL",72.5,0.408919138610738,0.0298026642672,-0.369829814711678,0.123790556805792,958.278202240399,1385.1635977596,2343.4418,"N"
2013,"SNOW","EBS","ALL",77.5,0.423662834861198,0.0329332879586963,-0.309154299302944,0.135451159608267,1041.40866474472,1416.69853525528,2458.1072,"N"
2013,"SNOW","EBS","ALL",82.5,0.395745093568346,0.0358989511387649,-0.425533349997858,0.150535167982251,886.794509932555,1354.02799006744,2240.8225,"N"
2013,"SNOW","EBS","ALL",87.5,0.408826543682646,0.0339775718500393,-0.370571966334141,0.140963624058904,630.324881197739,911.465618802261,1541.7905,"N"
2013,"SNOW","EBS","ALL",92.5,0.490903749491324,0.0309652051162407,-0.0365046296453346,0.124482235190171,384.653769210795,398.908730789205,783.5625,"N"
2013,"SNOW","EBS","ALL",97.5,0.595839625951862,0.0361461123368066,0.390363106095249,0.151180146420929,489.990503920392,332.362496079608,822.353,"N"
2013,"SNOW","EBS","ALL",102.5,0.734555060908374,0.0340858507819118,1.0250977955982,0.176075836251969,549.346845338144,198.516554661856,747.8634,"N"
2013,"SNOW","EBS","ALL",107.5,0.833394726299049,0.0310277398291456,1.62665588643573,0.22527983531303,479.40531593517,95.8386840648297,575.244,"N"
2013,"SNOW","EBS","ALL",112.5,0.874327579812659,0.0278025416730385,1.96378137544767,0.254403142346844,339.519847553189,48.8012524468106,388.3211,"N"
2013,"SNOW","EBS","ALL",117.5,0.900110165146766,0.0257405385698936,2.23110784280319,0.286752935471845,239.341093132855,26.5609068671447,265.902,"N"
2013,"SNOW","EBS","ALL",122.5,0.921574278683419,0.0228792337522309,2.5039132895437,0.307615620701441,146.349866066897,12.4543339331025,158.8042,"N"
2013,"SNOW","EBS","ALL",127.5,0.954819288612339,0.0173149907068013,3.11792708891265,0.38191784807103,65.095664338506,3.080235661494,68.1759,"N"
2013,"SNOW","EBS","ALL",132.5,0.97685921847605,0.0118065211856889,3.88241464768864,0.543907083556921,16.394335205918,0.388364794082001,16.7827,"N"
2013,"SNOW","EBS","ALL",137.5,1,0,13.815509557935,0,13.4094,0,13.4094,"N"
2013,"SNOW","EBS","ALL",142.5,1,0,13.815509557935,0,1,0,1,"N"
2014,"SNOW","EBS","ALL",12.5,0,0,-13.8155095579638,0,0,5,5,"Y"
2014,"SNOW","EBS","ALL",17.5,0,0,-13.8155095579638,0,0,183.3301,183.3301,"Y"
2014,"SNOW","EBS","ALL",22.5,0,0,-13.8155095579638,0,0,1893.6324,1893.6324,"Y"
2014,"SNOW","EBS","ALL",27.5,0,0,-13.8155095579638,0,0,693.7117,693.7117,"Y"
2014,"SNOW","EBS","ALL",32.5,0,0,-13.8155095579638,0,0,3186.8925,3186.8925,"Y"
2014,"SNOW","EBS","ALL",37.5,0.0156209859579342,0.0125199792656778,-4.37972732563269,0.702489214482826,21.7309049868866,1369.40439501311,1391.1353,"Y"
2014,"SNOW","EBS","ALL",42.5,0.0436881468322077,0.0300663556121557,-3.28105686717897,0.653843293894109,171.36130366861,3751.01389633139,3922.3752,"Y"
2014,"SNOW","EBS","ALL",47.5,0.107827891867855,0.0578993817580039,-2.25011904174306,0.599403863007549,907.154630956094,7505.83216904391,8412.9868,"Y"
2014,"SNOW","EBS","ALL",52.5,0.195523440423441,0.0825663426444537,-1.49974484956194,0.539529112339072,952.347029240148,3918.40927075985,4870.7563,"Y"
2014,"SNOW","EBS","ALL",57.5,0.2954115699733,0.101023761912838,-0.919688558559173,0.507978396650464,1622.70748170267,3870.33221829733,5493.0397,"Y"
2014,"SNOW","EBS","ALL",62.5,0.358441459347258,0.107897401951699,-0.614707939183277,0.493967659446229,2346.25735759024,4199.46244240976,6545.7198,"Y"
2014,"SNOW","EBS","ALL",67.5,0.405412357783196,0.111847525110574,-0.404462810489246,0.491168630020673,1881.81470349299,2759.91529650701,4641.73,"Y"
2014,"SNOW","EBS","ALL",72.5,0.468406073723559,0.113464824790669,-0.134248608272356,0.483807291125716,1531.07762164319,1737.61957835681,3268.6972,"Y"
2014,"SNOW","EBS","ALL",77.5,0.503118981234656,0.111830721168775,0.0113472699025176,0.474706005897513,1191.96191942098,1177.18328057902,2369.1452,"Y"
2014,"SNOW","EBS","ALL",82.5,0.516738617193672,0.110105178733532,0.0686775044299527,0.466458659684364,873.309035949717,816.731164050283,1690.0402,"Y"
2014,"SNOW","EBS","ALL",87.5,0.525847945558198,0.107705852705235,0.107273068024281,0.454636338751413,648.59526428519,584.832135714811,1233.4274,"Y"
2014,"SNOW","EBS","ALL",92.5,0.558589360518982,0.101964537951064,0.244339325013507,0.430280425896983,621.023005062061,490.747194937939,1111.7702,"Y"
2014,"SNOW","EBS","ALL",97.5,0.64868481738473,0.10153333116215,0.641994175015332,0.458413990383604,816.433608396232,442.164691603769,1258.5983,"Y"
2014,"SNOW","EBS","ALL",102.5,0.794626283679964,0.0849337433316375,1.42660160166699,0.510728298308498,1092.23265956103,282.291040438966,1374.5237,"Y"
2014,"SNOW","EBS","ALL",107.5,0.892563117455549,0.0548147359920669,2.24115538971201,0.564319233838343,1157.21361567245,139.292584327553,1296.5062,"Y"
2014,"SNOW","EBS","ALL",112.5,0.932815738472845,0.0342776844526301,2.77315687487173,0.571697847864265,694.359678120736,50.0099218792639,744.3696,"Y"
2014,"SNOW","EBS","ALL",117.5,0.950473117807902,0.0252688174449478,3.12049776016562,0.603445935445409,522.750615015857,27.2392849841435,549.9899,"Y"
2014,"SNOW","EBS","ALL",122.5,0.964925307007469,0.0178952515268016,3.52066242234426,0.650284210234585,276.277510394909,10.0425896050908,286.3201,"Y"
2014,"SNOW","EBS","ALL",127.5,0.975135282438542,0.0126860803884988,3.9235051590663,0.707759755430585,103.039912430018,2.62738756998182,105.6673,"Y"
2014,"SNOW","EBS","ALL",132.5,0.980057637583035,0.0101746747025331,4.27142473279736,0.881131934524687,25.5871487904904,0.520651209509634,26.1078,"Y"
2014,"SNOW","EBS","ALL",137.5,1,0,13.815509557935,0,4.554,0,4.554,"Y"
2014,"SNOW","EBS","ALL",142.5,1,0,13.815509557935,0,1,0,1,"Y"
2014,"SNOW","EBS","ALL",147.5,1,0,13.815509557935,0,1,0,1,"Y"
2015,"SNOW","EBS","ALL",12.5,0,0,-13.8155095579638,0,0,12.00652,12.00652,"N"
2015,"SNOW","EBS","ALL",17.5,0,0,-13.8155095579638,0,0,192.4738,192.4738,"N"
2015,"SNOW","EBS","ALL",22.5,0,0,-13.8155095579638,0,0,561.612,561.612,"N"
2015,"SNOW","EBS","ALL",27.5,0,0,-13.8155095579638,0,0,2749.01858,2749.01858,"N"
2015,"SNOW","EBS","ALL",32.5,0,0,-13.8155095579638,0,0,8278.36932,8278.36932,"N"
2015,"SNOW","EBS","ALL",37.5,0.00795007362358401,0.00292197609664029,-4.89091512169244,0.364498234387101,88.3594849099297,11025.9382050901,11114.29769,"N"
2015,"SNOW","EBS","ALL",42.5,0.0247435423458325,0.00797694481404269,-3.7249955013898,0.328743351030341,188.798020180548,7441.39564981945,7630.19367,"N"
2015,"SNOW","EBS","ALL",47.5,0.0557851644441766,0.0176403367759989,-2.87728731940064,0.330684482425605,234.310985943784,3965.92734405622,4200.23833,"N"
2015,"SNOW","EBS","ALL",52.5,0.119343452832574,0.029118892472648,-2.02784589657508,0.278128613357444,388.344587261289,2865.66372273871,3254.00831,"N"
2015,"SNOW","EBS","ALL",57.5,0.201780257616284,0.0372258745277513,-1.39107179185976,0.231455891527105,649.875971964098,2570.8354080359,3220.71138,"N"
2015,"SNOW","EBS","ALL",62.5,0.255124002317978,0.0370142804172571,-1.08074425120997,0.195290149543896,708.621716181559,2068.93629381844,2777.55801,"N"
2015,"SNOW","EBS","ALL",67.5,0.29491515035075,0.0368358418677691,-0.877951918184235,0.17674785300138,560.635219629799,1340.3699303702,1901.00515,"N"
2015,"SNOW","EBS","ALL",72.5,0.357449999431327,0.0359174181678034,-0.589903500100351,0.156773673132641,441.932402448422,794.415067551578,1236.34747,"N"
2015,"SNOW","EBS","ALL",77.5,0.420416211029158,0.0391093720634862,-0.323141161963464,0.161485866392503,421.191336601595,580.652373398405,1001.84371,"N"
2015,"SNOW","EBS","ALL",82.5,0.42466419411715,0.048625793577711,-0.30668182404597,0.200847485864556,400.68256624025,542.84545375975,943.52802,"N"
2015,"SNOW","EBS","ALL",87.5,0.463403094965027,0.0469376017901566,-0.147990223001553,0.190281795234971,257.899916337526,298.634813662474,556.53473,"N"
2015,"SNOW","EBS","ALL",92.5,0.501896677633674,0.041319668647649,0.00755072849289718,0.166439269923003,213.094232387715,211.483657612285,424.57789,"N"
2015,"SNOW","EBS","ALL",97.5,0.646915292245513,0.0363357659817713,0.6090802080691,0.158481961642514,247.342427357877,134.998862642123,382.34129,"N"
2015,"SNOW","EBS","ALL",102.5,0.803493449424946,0.028709544111878,1.41807781137453,0.180065420664134,227.742167235138,55.6978127648623,283.43998,"N"
2015,"SNOW","EBS","ALL",107.5,0.889171324986273,0.0220228188767814,2.10117796264989,0.220008262289592,210.481168282583,26.2349317174169,236.7161,"N"
2015,"SNOW","EBS","ALL",112.5,0.925834687826083,0.0198908085046846,2.55814100334379,0.280296881375062,165.432956361141,13.2522436388588,178.6852,"N"
2015,"SNOW","EBS","ALL",117.5,0.923619444966149,0.0299428754598836,2.5623726148636,0.405302590886182,195.140192007724,16.1375079922755,211.2777,"N"
2015,"SNOW","EBS","ALL",122.5,0.934361059114352,0.0298420103961074,2.75218756611701,0.473919018959583,183.476183117413,12.8892168825866,196.3654,"N"
2015,"SNOW","EBS","ALL",127.5,0.957481267730779,0.0216932307496024,3.26126647926487,0.562774769742651,123.764986148148,5.49601385185174,129.261,"N"
2015,"SNOW","EBS","ALL",132.5,0.969785711804208,0.0154154531611183,3.71399694034497,0.71722650731651,46.090132717778,1.43596728222202,47.5261,"N"
2015,"SNOW","EBS","ALL",137.5,1,0,13.815509557935,0,11.5261,0,11.5261,"N"
2015,"SNOW","EBS","ALL",142.5,1,0,13.815509557935,0,2,0,2,"N"
2016,"SNOW","EBS","ALL",7.5,0,0,-13.8155095579638,0,0,95.77609,95.77609,"Y"
2016,"SNOW","EBS","ALL",12.5,0,0,-13.8155095579638,0,0,2,2,"Y"
2016,"SNOW","EBS","ALL",17.5,0,0,-13.8155095579638,0,0,114.11733,114.11733,"Y"
2016,"SNOW","EBS","ALL",22.5,0,0,-13.8155095579638,0,0,2906.86969,2906.86969,"Y"
2016,"SNOW","EBS","ALL",27.5,0,0,-13.8155095579638,0,0,1240.38333,1240.38333,"Y"
2016,"SNOW","EBS","ALL",32.5,0,0,-13.8155095579638,0,0,12261.1821,12261.1821,"Y"
2016,"SNOW","EBS","ALL",37.5,0.015065159695409,0.0132891324075039,-4.45616970087702,0.735576430014507,251.091909103442,16415.9673308966,16667.05924,"Y"
2016,"SNOW","EBS","ALL",42.5,0.0454159390657855,0.0341364361452782,-3.28318140552456,0.734879748744517,770.531650358598,16195.5746596414,16966.10631,"Y"
2016,"SNOW","EBS","ALL",47.5,0.093351772074528,0.0579798615102154,-2.44866429396657,0.676478329060631,1293.22844335203,12560.053766648,13853.28221,"Y"
2016,"SNOW","EBS","ALL",52.5,0.187720823656823,0.0823444031272385,-1.55700762055185,0.562182668612085,1450.74872486109,6277.47607513891,7728.2248,"Y"
2016,"SNOW","EBS","ALL",57.5,0.30135572721405,0.102821234206703,-0.890449071596459,0.515415176984953,1275.39197994293,2956.78901005707,4232.18099,"Y"
2016,"SNOW","EBS","ALL",62.5,0.351952540415082,0.10781224552878,-0.644843887775449,0.50003732047282,957.222590958531,1762.52646904147,2719.74906,"Y"
2016,"SNOW","EBS","ALL",67.5,0.40658379006508,0.111919391565853,-0.398605026365058,0.492799598752597,518.735374816084,757.103425183916,1275.8388,"Y"
2016,"SNOW","EBS","ALL",72.5,0.453877078925853,0.115486393563647,-0.195016290409906,0.496589231167281,386.872199754832,465.499990245168,852.37219,"Y"
2016,"SNOW","EBS","ALL",77.5,0.492828368956657,0.118926229890701,-0.0303357377797818,0.507944017646498,459.082330798478,472.443449201522,931.52578,"Y"
2016,"SNOW","EBS","ALL",82.5,0.510668194865722,0.115989157131674,0.045185935935948,0.49387908715863,387.228069358562,371.049170641438,758.27724,"Y"
2016,"SNOW","EBS","ALL",87.5,0.545188522893453,0.111125547850194,0.190254337024742,0.473095950845833,305.958588729285,255.239191270715,561.19778,"Y"
2016,"SNOW","EBS","ALL",92.5,0.615617845155522,0.0990205234526372,0.491527774283853,0.436456796813003,204.62240833387,127.76303166613,332.38544,"Y"
2016,"SNOW","EBS","ALL",97.5,0.739036249418584,0.0797886907345109,1.08347609998461,0.429247483722171,179.961024702908,63.5466852970918,243.50771,"Y"
2016,"SNOW","EBS","ALL",102.5,0.856878070000157,0.0565824051939581,1.86585958939932,0.470522112026506,211.477456263354,35.3224837366455,246.79994,"Y"
2016,"SNOW","EBS","ALL",107.5,0.925163806494654,0.0346481235079302,2.61593818650058,0.495331230995747,180.524280792035,14.6025492079648,195.12683,"Y"
2016,"SNOW","EBS","ALL",112.5,0.952851995563298,0.0240551043044397,3.13976447938382,0.550119362193735,140.735591805342,6.96372819465785,147.69932,"Y"
2016,"SNOW","EBS","ALL",117.5,0.961643955794833,0.0195694103087585,3.34744351058333,0.523074369618514,89.4328878889195,3.5671121110805,93,"Y"
2016,"SNOW","EBS","ALL",122.5,0.972791586609896,0.0138818435663794,3.7152332794836,0.543927550468695,43.7756213974453,1.22437860255467,45,"Y"
2016,"SNOW","EBS","ALL",127.5,0.977281004673162,0.0115913241463461,3.98992542593664,0.704069623068058,31.2729921495412,0.727007850458829,32,"Y"
2016,"SNOW","EBS","ALL",132.5,0.977411092994312,0.0115249525539224,4.20249860395788,0.96912651315308,14.6611663949147,0.33883360508532,15,"Y"
2016,"SNOW","EBS","ALL",137.5,1,0,13.815509557935,0,4,0,4,"Y"
2016,"SNOW","EBS","ALL",142.5,1,0,13.815509557935,0,3,0,3,"Y"
2017,"SNOW","EBS","ALL",7.5,0,0,-13.8155095579638,0,0,1,1,"N"
2017,"SNOW","EBS","ALL",12.5,0,0,-13.8155095579638,0,0,15.92308,15.92308,"N"
2017,"SNOW","EBS","ALL",17.5,0,0,-13.8155095579638,0,0,71.55388,71.55388,"N"
2017,"SNOW","EBS","ALL",22.5,0,0,-13.8155095579638,0,0,79.7769,79.7769,"N"
2017,"SNOW","EBS","ALL",27.5,0,0,-13.8155095579638,0,0,1886.29077,1886.29077,"N"
2017,"SNOW","EBS","ALL",32.5,0,0,-13.8155095579638,0,0,7770.02634,7770.02634,"N"
2017,"SNOW","EBS","ALL",37.5,0.0148494903383227,0.0061466813172718,-4.26201613650203,0.360696854812271,200.378513881788,13293.5872261182,13493.96574,"N"
2017,"SNOW","EBS","ALL",42.5,0.03435317031185,0.00773290167811451,-3.35962863345248,0.222757574331642,1113.31067523709,31294.4893947629,32407.80007,"N"
2017,"SNOW","EBS","ALL",47.5,0.0845413140021739,0.010554651822748,-2.38982119906631,0.135533407675892,1929.52835887162,20893.9678411284,22823.4962,"N"
2017,"SNOW","EBS","ALL",52.5,0.180258813479034,0.0153308473317636,-1.51804241671493,0.103918151892087,2500.92838408643,11373.1692859136,13874.09767,"N"
2017,"SNOW","EBS","ALL",57.5,0.2703741257737,0.0172525550958511,-0.994470734767105,0.0873129485475562,3254.21410683719,8781.75308316281,12035.96719,"N"
2017,"SNOW","EBS","ALL",62.5,0.33426669769034,0.0198058743069795,-0.690249832926166,0.0888751408866575,2771.68653614472,5520.15514385528,8291.84168,"N"
2017,"SNOW","EBS","ALL",67.5,0.355715413055376,0.0218973405409641,-0.595336459611766,0.0958371922971332,1407.43481900188,2549.19671099813,3956.63153,"N"
2017,"SNOW","EBS","ALL",72.5,0.384010120145711,0.0299201328756547,-0.474425421652207,0.126974058171521,957.481386922361,1535.89401307764,2493.3754,"N"
2017,"SNOW","EBS","ALL",77.5,0.39945179188009,0.0305879175352093,-0.409369119234107,0.12781459859363,735.317089940824,1105.49851005918,1840.8156,"N"
2017,"SNOW","EBS","ALL",82.5,0.429169627731286,0.0282747577855261,-0.286168727284036,0.115675896483653,424.822456987893,565.048283012107,989.87074,"N"
2017,"SNOW","EBS","ALL",87.5,0.514732033045481,0.0224457402786841,0.0590558419667693,0.0900238290317733,295.877016436363,278.940553563637,574.81757,"N"
2017,"SNOW","EBS","ALL",92.5,0.647996315764471,0.0178203876686525,0.611141005111866,0.0781074871697573,178.276137276584,96.8429227234155,275.11906,"N"
2017,"SNOW","EBS","ALL",97.5,0.761586256003533,0.0135736861625924,1.16284855210439,0.074588599994492,276.955906544287,86.7007434557127,363.65665,"N"
2017,"SNOW","EBS","ALL",102.5,0.879125890548363,0.0115838717662238,1.98860300133422,0.107861900447658,296.913929910479,40.8237400895209,337.73767,"N"
2017,"SNOW","EBS","ALL",107.5,0.948394491465859,0.00713535374238012,2.92048475051856,0.144068381753177,260.986546218884,14.2012037811161,275.18775,"N"
2017,"SNOW","EBS","ALL",112.5,0.976224009621042,0.00409734288818255,3.73006281839564,0.178767096252895,206.43278789975,5.02768210024985,211.46047,"N"
2017,"SNOW","EBS","ALL",117.5,0.987900712243748,0.00279252225506158,4.42823772397489,0.229449652358701,115.584383332518,1.41561666748152,117,"N"
2017,"SNOW","EBS","ALL",122.5,0.99064913716846,0.00245213256170091,4.69716277626202,0.266094025633012,51.5137551327599,0.486244867240053,52,"N"
2017,"SNOW","EBS","ALL",127.5,0.995992603531276,0.00169850623705497,5.59190538080044,0.386472932722798,23.9038224847506,0.0961775152493729,24,"N"
2017,"SNOW","EBS","ALL",132.5,0.997420354775797,0.00131614552255275,6.20715216295865,0.681860116014495,2.99226106432739,0.0077389356726103,3,"N"
2017,"SNOW","EBS","ALL",137.5,1,0,13.815509557935,0,1,0,1,"N"
2017,"SNOW","EBS","ALL",142.5,1,0,13.815509557935,0,1,0,1,"N"
2018,"SNOW","EBS","ALL",7.5,0,0,-13.8155095579638,0,0,11.78689,11.78689,"N"
2018,"SNOW","EBS","ALL",12.5,0,0,-13.8155095579638,0,0,8,8,"N"
2018,"SNOW","EBS","ALL",17.5,0,0,-13.8155095579638,0,0,8.42857,8.42857,"N"
2018,"SNOW","EBS","ALL",22.5,0,0,-13.8155095579638,0,0,95.18996,95.18996,"N"
2018,"SNOW","EBS","ALL",27.5,0,0,-13.8155095579638,0,0,675.69119,675.69119,"N"
2018,"SNOW","EBS","ALL",32.5,0,0,-13.8155095579638,0,0,577.4449,577.4449,"N"
2018,"SNOW","EBS","ALL",37.5,0.0140065580302068,0.00450383515183502,-4.29843476101274,0.296439598098336,76.3167493523971,5372.3273206476,5448.64407,"N"
2018,"SNOW","EBS","ALL",42.5,0.0362833199768084,0.00668699882444504,-3.29567803051377,0.186287283342501,724.55664153969,19244.8574584603,19969.4141,"N"
2018,"SNOW","EBS","ALL",47.5,0.0988308370934064,0.0115336840543235,-2.21686721146223,0.127919777263504,2907.7262608088,26513.5186291912,29421.24489,"N"
2018,"SNOW","EBS","ALL",52.5,0.211002502356422,0.015377773863085,-1.32137119496827,0.0926733410466511,8885.79789897138,33226.4889210286,42112.28682,"N"
2018,"SNOW","EBS","ALL",57.5,0.319548194335993,0.0186280150329735,-0.757176333823256,0.0858084820246875,11054.1313385433,23538.8707014567,34593.00204,"N"
2018,"SNOW","EBS","ALL",62.5,0.40399658971835,0.0192672877269663,-0.389452932791683,0.0800990587119687,9301.53826602398,13722.265653976,23023.80392,"N"
2018,"SNOW","EBS","ALL",67.5,0.468134361253584,0.0210502031790136,-0.127851855043324,0.0846543986265159,6417.07923455142,7290.69307544858,13707.77231,"N"
2018,"SNOW","EBS","ALL",72.5,0.54983638558393,0.0223296264693738,0.200423009117151,0.0904400705986596,4750.47254431662,3889.32043568338,8639.79298,"N"
2018,"SNOW","EBS","ALL",77.5,0.60878617511856,0.0211226559630519,0.443075129058008,0.0889168415529754,3930.27400963436,2525.64462036564,6455.91863,"N"
2018,"SNOW","EBS","ALL",82.5,0.614500720171352,0.0221328912412005,0.467280028206701,0.0937193125465767,2934.8060582605,1841.1135817395,4775.91964,"N"
2018,"SNOW","EBS","ALL",87.5,0.571560346176874,0.0344602989637024,0.289759002258431,0.142212782873003,1484.82619346007,1113.02056653993,2597.84676,"N"
2018,"SNOW","EBS","ALL",92.5,0.573123194744697,0.0472268711327645,0.297704431945456,0.196557533409002,1121.50572718141,835.326132818593,1956.83186,"N"
2018,"SNOW","EBS","ALL",97.5,0.695582519733988,0.0473144545021858,0.836566507208472,0.22811970220763,878.08925954286,384.29045045714,1262.37971,"N"
2018,"SNOW","EBS","ALL",102.5,0.844952481757437,0.0327498755611686,1.71674428442795,0.248508875711718,801.094952807023,146.999727192977,948.09468,"N"
2018,"SNOW","EBS","ALL",107.5,0.929368269010245,0.0231890554005289,2.62530730951607,0.33170756823563,451.610813295465,34.3222967045352,485.93311,"N"
2018,"SNOW","EBS","ALL",112.5,0.960448627014837,0.0130527911936724,3.23811718992707,0.318774392289102,212.780036278654,8.76230372134572,221.54234,"N"
2018,"SNOW","EBS","ALL",117.5,0.97983554141801,0.00617592449152504,3.9277224218482,0.301801985709697,87.9365458622753,1.80968413772473,89.74623,"N"
2018,"SNOW","EBS","ALL",122.5,0.990513757476505,0.00378167376462474,4.72348841256906,0.392005834701694,47.2782121581111,0.452787841888934,47.731,"N"
2018,"SNOW","EBS","ALL",127.5,0.992892073617895,0.00335730496941886,5.0379981577129,0.441185542235264,24.2781274816596,0.173802518340381,24.45193,"N"
2018,"SNOW","EBS","ALL",132.5,0.996359090145624,0.00185760706855943,5.86110453412323,0.710846910516583,7.97087272116499,0.0291272788350119,8,"N"
2018,"SNOW","EBS","ALL",137.5,1,0,13.815509557935,0,3,0,3,"N"
2019,"SNOW","EBS","ALL",12.5,0,0,-13.8155095579638,0,0,9.15917,9.15917,"N"
2019,"SNOW","EBS","ALL",17.5,0,0,-13.8155095579638,0,0,2,2,"N"
2019,"SNOW","EBS","ALL",22.5,0,0,-13.8155095579638,0,0,6.1297,6.1297,"N"
2019,"SNOW","EBS","ALL",27.5,0,0,-13.8155095579638,0,0,23.53469,23.53469,"N"
2019,"SNOW","EBS","ALL",32.5,0,0,-13.8155095579638,0,0,19.1297,19.1297,"N"
2019,"SNOW","EBS","ALL",37.5,0.161839828964478,0.0292112801730489,-1.66131107326203,0.22447175966856,4.25063733264265,22.0138326673573,26.26447,"N"
2019,"SNOW","EBS","ALL",42.5,0.0998317393848526,0.012724562613179,-2.2070739799149,0.141424328528684,41.3700871140477,373.028052885952,414.39814,"N"
2019,"SNOW","EBS","ALL",47.5,0.117045446524986,0.0130092505189871,-2.02644525076595,0.121670589657664,304.532033427581,2297.29522657242,2601.82726,"N"
2019,"SNOW","EBS","ALL",52.5,0.226476606979674,0.0173531953439039,-1.23096592832525,0.0986090355931969,1227.85280817943,4193.69083182057,5421.54364,"N"
2019,"SNOW","EBS","ALL",57.5,0.321481994532055,0.0174937368153895,-0.748104444764582,0.0800260266162915,2145.89829628138,4529.12031371862,6675.01861,"N"
2019,"SNOW","EBS","ALL",62.5,0.347623222103564,0.0161102451033241,-0.630269369282133,0.071041993524871,3391.88421327305,6365.47374672695,9757.35796,"N"
2019,"SNOW","EBS","ALL",67.5,0.379636943099823,0.0154682140454294,-0.491610865344548,0.0657773368926686,3930.57637113389,6422.93753886611,10353.51391,"N"
2019,"SNOW","EBS","ALL",72.5,0.467642996025882,0.0171386959832277,-0.129764403718398,0.0689461902739429,4967.57732997026,5655.00736002974,10622.58469,"N"
2019,"SNOW","EBS","ALL",77.5,0.533013044152377,0.0184213937942223,0.132431195882433,0.0741381901365332,5125.43150441263,4490.52735558738,9615.95886,"N"
2019,"SNOW","EBS","ALL",82.5,0.601736258950291,0.0187342325894539,0.41333332921499,0.0783632830335151,4168.65743353843,2759.05777646157,6927.71521,"N"
2019,"SNOW","EBS","ALL",87.5,0.648535299582107,0.0180907370798945,0.613542650864802,0.0794443695875346,2900.26777876151,1571.75985123849,4472.02763,"N"
2019,"SNOW","EBS","ALL",92.5,0.677328434522151,0.0171662365119073,0.74262116061173,0.0787258254652898,2107.66310795635,1004.06674204365,3111.72985,"N"
2019,"SNOW","EBS","ALL",97.5,0.775193662693328,0.0144483813843412,1.23976532883739,0.0829585039630837,1440.04889509734,417.61450490266,1857.6634,"N"
2019,"SNOW","EBS","ALL",102.5,0.890588486830407,0.00903642225639699,2.10012282714984,0.0927428954935009,1022.16353114518,125.575908854821,1147.73944,"N"
2019,"SNOW","EBS","ALL",107.5,0.91641393574071,0.0116887873958432,2.40434499447644,0.153506532786417,538.570953222922,49.1230267770782,587.69398,"N"
2019,"SNOW","EBS","ALL",112.5,0.932343205024344,0.0130691045118739,2.64164784681671,0.2066120209709,295.032958715324,21.4094812846764,316.44244,"N"
2019,"SNOW","EBS","ALL",117.5,0.938558933406959,0.0137075291209309,2.75035721803627,0.234292815615653,139.224368029652,9.11407197034788,148.33844,"N"
2019,"SNOW","EBS","ALL",122.5,0.969000692388513,0.00896522248745149,3.48201173238728,0.290055295297978,55.635872433985,1.77984756601499,57.41572,"N"
2019,"SNOW","EBS","ALL",127.5,0.957791340560485,0.0159032277258549,3.18918690147312,0.383532301834169,43.4890809150398,1.91650908496025,45.40559,"N"
2019,"SNOW","EBS","ALL",132.5,0.998435656349269,0.000798134515679191,6.8013724857688,0.82895228535079,3.99374262539708,0.00625737460292486,4,"N"
2019,"SNOW","EBS","ALL",137.5,1,0,13.815509557935,0,1,0,1,"N"
2021,"SNOW","EBS","ALL",7.5,0,0,-13.8155095579638,0,0,3,3,"N"
2021,"SNOW","EBS","ALL",12.5,0,0,-13.8155095579638,0,0,121.96426,121.96426,"N"
2021,"SNOW","EBS","ALL",17.5,0,0,-13.8155095579638,0,0,29.10714,29.10714,"N"
2021,"SNOW","EBS","ALL",22.5,0,0,-13.8155095579638,0,0,7,7,"N"
2021,"SNOW","EBS","ALL",27.5,0,0,-13.8155095579638,0,0,81,81,"N"
2021,"SNOW","EBS","ALL",32.5,0,0,-13.8155095579638,0,0,75,75,"N"
2021,"SNOW","EBS","ALL",37.5,0.0174917764437305,0.00904984414293864,-4.13303614439348,0.454337358999541,1.31352046355492,73.7800795364451,75.0936,"N"
2021,"SNOW","EBS","ALL",42.5,0.0594562302228493,0.0177755641453501,-2.80185732302474,0.301693859328532,2.80370669570494,44.3521033042951,47.15581,"N"
2021,"SNOW","EBS","ALL",47.5,0.0903882244698771,0.0282488930195995,-2.35162114477515,0.319270932425097,7.1857056659624,72.3125443340376,79.49825,"N"
2021,"SNOW","EBS","ALL",52.5,0.276968270463912,0.0320110669522087,-0.965226764972279,0.160029532475783,25.9069389862971,67.6306310137029,93.53757,"N"
2021,"SNOW","EBS","ALL",57.5,0.358966130313168,0.0355647590149994,-0.583063186083984,0.153890025707756,46.4449619983762,82.9403980016238,129.38536,"N"
2021,"SNOW","EBS","ALL",62.5,0.400999852398944,0.0284133712640386,-0.402688785305124,0.118693774261716,76.0558735951587,113.609716404841,189.66559,"N"
2021,"SNOW","EBS","ALL",67.5,0.414680056895302,0.022463161367904,-0.345390028047476,0.0928233232299806,100.299303968554,141.572236031446,241.87154,"N"
2021,"SNOW","EBS","ALL",72.5,0.412995736755825,0.0264217571520712,-0.352638412937236,0.109354547578813,184.472244062522,262.196395937478,446.66864,"N"
2021,"SNOW","EBS","ALL",77.5,0.419222538421218,0.0298659161676327,-0.327213626100639,0.123303754092422,310.293653115948,429.870876884052,740.16453,"N"
2021,"SNOW","EBS","ALL",82.5,0.426453886452711,0.0286612114752091,-0.297384939760288,0.117833978964156,423.793679902636,569.968350097364,993.76203,"N"
2021,"SNOW","EBS","ALL",87.5,0.500641915263002,0.0246186763288057,0.00256284126813414,0.0987137098849769,515.571507753868,514.249392246131,1029.8209,"N"
2021,"SNOW","EBS","ALL",92.5,0.612129182322865,0.0229839468601922,0.457326638445461,0.097027591589591,516.376158786867,327.197671213133,843.57383,"N"
2021,"SNOW","EBS","ALL",97.5,0.798982794463286,0.0155179450172014,1.38274635511523,0.09681515293664,502.248134987029,126.361315012971,628.60945,"N"
2021,"SNOW","EBS","ALL",102.5,0.915981341912257,0.00837941176501876,2.39382345846639,0.108048026173755,384.099344605969,35.2316253940314,419.33097,"N"
2021,"SNOW","EBS","ALL",107.5,0.96539081033004,0.00472979508853331,3.33760079802647,0.140419547476304,189.759544270326,6.80286572967435,196.56241,"N"
2021,"SNOW","EBS","ALL",112.5,0.985715849866715,0.00211138986820075,4.244901403471,0.14816255841408,128.636115550776,1.8640844492237,130.5002,"N"
2021,"SNOW","EBS","ALL",117.5,0.981717382583047,0.00410709041725556,4.00644399177909,0.215794249523334,32.3966736252405,0.603326374759455,33,"N"
2021,"SNOW","EBS","ALL",122.5,0.992126579415841,0.00234445088686236,4.87771657268874,0.288200543788944,7.93701263532672,0.0629873646732753,8,"N"
2021,"SNOW","EBS","ALL",127.5,0.996865451796303,0.00159925928760049,5.88962374096376,0.506623572437212,1.99373090359261,0.00626909640739393,2,"N"
2021,"SNOW","EBS","ALL",132.5,0.998665808535143,0.000680709931049447,6.91893774615801,0.799861887965058,0.998665808535143,0.00133419146485692,1,"N"
2022,"SNOW","EBS","ALL",12.5,0,0,-13.8155095579638,0,0,99,99,"N"
2022,"SNOW","EBS","ALL",17.5,0,0,-13.8155095579638,0,0,44.9209,44.9209,"N"
2022,"SNOW","EBS","ALL",22.5,0,0,-13.8155095579638,0,0,598.75612,598.75612,"N"
2022,"SNOW","EBS","ALL",27.5,0,0,-13.8155095579638,0,0,1132.19876,1132.19876,"N"
2022,"SNOW","EBS","ALL",32.5,0,0,-13.8155095579638,0,0,2340.22005,2340.22005,"N"
2022,"SNOW","EBS","ALL",37.5,0.0159687186130268,0.00637694627593342,-4.2038904552226,0.421706540764899,28.7198608296671,1769.78767917033,1798.50754,"N"
2022,"SNOW","EBS","ALL",42.5,0.0268249288311651,0.00647066128370649,-3.61932538585565,0.243574836604564,108.419266873644,3933.31622312636,4041.73549,"N"
2022,"SNOW","EBS","ALL",47.5,0.0429246732039642,0.00937953087785954,-3.12708235264676,0.22142716297487,181.074960118541,4037.36041988146,4218.43538,"N"
2022,"SNOW","EBS","ALL",52.5,0.0844106767815941,0.0156332108369352,-2.40083454702033,0.202534730856923,209.372548255716,2271.03107174428,2480.40362,"N"
2022,"SNOW","EBS","ALL",57.5,0.148525672671447,0.0220143057334052,-1.75672497472614,0.173109307616438,207.531286515345,1189.74423348465,1397.27552,"N"
2022,"SNOW","EBS","ALL",62.5,0.206783838849656,0.0299774419252227,-1.35380046353778,0.179276624492506,177.006506995183,678.991273004817,855.99778,"N"
2022,"SNOW","EBS","ALL",67.5,0.295776540171958,0.0331694394142231,-0.872605641171437,0.159066699351513,142.305440565987,338.819399434013,481.12484,"N"
2022,"SNOW","EBS","ALL",72.5,0.350571133158725,0.0383413227433405,-0.620688601572558,0.168508119233791,142.216107451428,263.453652548572,405.66976,"N"
2022,"SNOW","EBS","ALL",77.5,0.42166605780247,0.0392070920931206,-0.317954876744996,0.161560006925611,155.916464364609,213.846435635391,369.7629,"N"
2022,"SNOW","EBS","ALL",82.5,0.441708820783297,0.0401540880923187,-0.235765186490823,0.163799013115494,123.837984125773,156.523145874227,280.36113,"N"
2022,"SNOW","EBS","ALL",87.5,0.473015223239699,0.0412278585068209,-0.108832768875643,0.16653193952172,120.275241096592,133.998268903408,254.27351,"N"
2022,"SNOW","EBS","ALL",92.5,0.568090699486757,0.0337016834109921,0.275388250926292,0.13812226588035,113.171569479392,86.0423405206081,199.21391,"N"
2022,"SNOW","EBS","ALL",97.5,0.715024021111396,0.036543557998507,0.927021318661961,0.181833298153912,142.460613740292,56.7783062597082,199.23892,"N"
2022,"SNOW","EBS","ALL",102.5,0.86592651906393,0.0217507632821522,1.87808315047298,0.186350659142727,176.181842532007,27.2786574679932,203.4605,"N"
2022,"SNOW","EBS","ALL",107.5,0.926578539002965,0.0180353593887619,2.56311682913142,0.253742628202525,172.675675471359,13.6827045286406,186.35838,"N"
2022,"SNOW","EBS","ALL",112.5,0.960664456932518,0.0101422097140973,3.22643199086621,0.25719265385612,140.060804603464,5.73495539653629,145.79576,"N"
2022,"SNOW","EBS","ALL",117.5,0.97138847499559,0.00749091059644266,3.55828963201096,0.266518086246631,67.3570871002082,1.98395289979179,69.34104,"N"
2022,"SNOW","EBS","ALL",122.5,0.98356569348551,0.00493930769219299,4.13823847085461,0.315232967613975,26.8860239585067,0.449236041493286,27.33526,"N"
2022,"SNOW","EBS","ALL",127.5,0.987383268413957,0.00643710795206289,4.48744034636259,0.524651306724049,4.93691634206978,0.0630836579302159,5,"N"
2022,"SNOW","EBS","ALL",132.5,0.998234303144235,0.000900865742737244,6.69593254161807,0.843651338089134,0.998234303144235,0.001765696855765,1,"N"
2022,"SNOW","EBS","ALL",137.5,1,0,13.815509557935,0,2,0,2,"N"
2023,"SNOW","EBS","ALL",12.5,0,0,-13.8155095579638,0,0,8.16069,8.16069,"N"
2023,"SNOW","EBS","ALL",17.5,0,0,-13.8155095579638,0,0,163.7888,163.7888,"N"
2023,"SNOW","EBS","ALL",22.5,0,0,-13.8155095579638,0,0,1002.52082,1002.52082,"N"
2023,"SNOW","EBS","ALL",27.5,0,0,-13.8155095579638,0,0,1959.95808,1959.95808,"N"
2023,"SNOW","EBS","ALL",32.5,0,0,-13.8155095579638,0,0,4803.35067,4803.35067,"N"
2023,"SNOW","EBS","ALL",37.5,0.00799226803443601,0.00371008195683151,-4.89973268055634,0.387618231309073,67.443221675959,8371.11531832404,8438.55854,"N"
2023,"SNOW","EBS","ALL",42.5,0.0334109881039103,0.00544637083367364,-3.37806458009212,0.168103401065145,127.316152496095,3683.29106750391,3810.60722,"N"
2023,"SNOW","EBS","ALL",47.5,0.105849271110274,0.0139811230639353,-2.14267293766743,0.150373397119592,315.629549330199,2666.2478506698,2981.8774,"N"
2023,"SNOW","EBS","ALL",52.5,0.18202364519066,0.0192848858331118,-1.5081351526827,0.131065453711958,544.786644080264,2448.15772591974,2992.94437,"N"
2023,"SNOW","EBS","ALL",57.5,0.253385907091359,0.0225431773589945,-1.08417442245334,0.119878441433745,568.383697186818,1674.77064281318,2243.15434,"N"
2023,"SNOW","EBS","ALL",62.5,0.306625769144098,0.025061858376438,-0.818637629868963,0.118186304578917,489.248762621759,1106.34042737824,1595.58919,"N"
2023,"SNOW","EBS","ALL",67.5,0.327186613519614,0.0265543713498255,-0.723433043174929,0.120625836882342,200.336226039682,411.963353960318,612.29958,"N"
2023,"SNOW","EBS","ALL",72.5,0.360157229836771,0.0317021815200293,-0.577240673898313,0.13712888385833,113.18566900886,201.08171099114,314.26738,"N"
2023,"SNOW","EBS","ALL",77.5,0.412105942986824,0.0350295000129788,-0.357068665396259,0.144942935131347,76.4252408166997,109.0252291833,185.45047,"N"
2023,"SNOW","EBS","ALL",82.5,0.410548148394343,0.0319975714066799,-0.363245511369193,0.132512041040913,54.0477933740406,77.6000866259594,131.64788,"N"
2023,"SNOW","EBS","ALL",87.5,0.433338039505365,0.0308688686948342,-0.269308247166628,0.126199988294282,46.6891577239481,61.0538822760519,107.74304,"N"
2023,"SNOW","EBS","ALL",92.5,0.505024874382438,0.0315216159341731,0.0201900024357297,0.126600113930375,72.3806094183805,70.9402705816195,143.32088,"N"
2023,"SNOW","EBS","ALL",97.5,0.653206678592453,0.0299629022101461,0.635846346217963,0.132626133216124,92.1607343206056,48.9289656793944,141.0897,"N"
2023,"SNOW","EBS","ALL",102.5,0.838363992724806,0.0201186250182011,1.65345804329468,0.147451524042488,114.507392626082,22.0769473739176,136.58434,"N"
2023,"SNOW","EBS","ALL",107.5,0.931765572563716,0.0117514573958249,2.62840431556897,0.180976044644409,151.374709459947,11.0853705400529,162.46008,"N"
2023,"SNOW","EBS","ALL",112.5,0.960257127894919,0.00771171312513002,3.2030338777792,0.198474682715137,137.758564388375,5.70151561162473,143.46008,"N"
2023,"SNOW","EBS","ALL",117.5,0.968219914300792,0.00624311693553908,3.43541771500372,0.199851866971872,78.1644324102995,2.56560758970048,80.73004,"N"
2023,"SNOW","EBS","ALL",122.5,0.983762920262282,0.00432550877103656,4.13729617173977,0.260569880012094,47.9388064548978,0.791233545102195,48.73004,"N"
2023,"SNOW","EBS","ALL",127.5,0.989480721666247,0.00399824470353319,4.61388323862298,0.38069630864099,15.6981314388494,0.166888561150552,15.86502,"N"
2023,"SNOW","EBS","ALL",132.5,0.995368600398246,0.00236295898048654,5.52654477573775,0.562872802884305,3.98147440159299,0.0185255984070145,4,"N"
2023,"SNOW","EBS","ALL",137.5,1,0,13.815509557935,0,1,0,1,"N"
2024,"SNOW","EBS","ALL",12.5,0,0,-13.8155095579638,0,0,2,2,"N"
2024,"SNOW","EBS","ALL",17.5,0,0,-13.8155095579638,0,0,28.98066,28.98066,"N"
2024,"SNOW","EBS","ALL",22.5,0,0,-13.8155095579638,0,0,132.23576,132.23576,"N"
2024,"SNOW","EBS","ALL",27.5,0,0,-13.8155095579638,0,0,1253.26439,1253.26439,"N"
2024,"SNOW","EBS","ALL",32.5,0,0,-13.8155095579638,0,0,6814.54887,6814.54887,"N"
2024,"SNOW","EBS","ALL",37.5,0.0058384770409253,0.00194409232594618,-5.18864828533496,0.319673093381954,52.2434847267644,8895.89219527323,8948.13568,"N"
2024,"SNOW","EBS","ALL",42.5,0.0204409793083319,0.00362843760286945,-3.8849547561388,0.178837280248511,209.77976467287,10052.9264153271,10262.70618,"N"
2024,"SNOW","EBS","ALL",47.5,0.0645012628312568,0.00803439403320324,-2.68206724553321,0.132722580765035,844.838229437289,12253.1724505627,13098.01068,"N"
2024,"SNOW","EBS","ALL",52.5,0.13877070871893,0.0130479898465639,-1.82986806642246,0.109674124059702,1656.47803624981,10280.3208137502,11936.79885,"N"
2024,"SNOW","EBS","ALL",57.5,0.217616725146546,0.0162616232757961,-1.282207579213,0.0959949588093227,1551.24178911899,5577.07883088101,7128.32062,"N"
2024,"SNOW","EBS","ALL",62.5,0.275578907857688,0.0180363054398963,-0.968347248804465,0.0907326657844658,1698.80453228263,4465.68949771737,6164.49403,"N"
2024,"SNOW","EBS","ALL",67.5,0.296507624409303,0.0189755428962774,-0.865676461242681,0.0912102760765902,1089.52777708727,2585.00767291273,3674.53545,"N"
2024,"SNOW","EBS","ALL",72.5,0.320952673613225,0.0196870110547277,-0.750853213399994,0.0903546535341087,690.172880610651,1460.21543938935,2150.38832,"N"
2024,"SNOW","EBS","ALL",77.5,0.354770055542867,0.0216964431609876,-0.599439926972218,0.0949150567513671,595.386647881946,1082.84588211805,1678.23253,"N"
2024,"SNOW","EBS","ALL",82.5,0.389974419494224,0.0236113864953455,-0.448498254999353,0.0994036815348154,409.596037007495,640.719102992505,1050.31514,"N"
2024,"SNOW","EBS","ALL",87.5,0.387155073893799,0.0233478403980681,-0.460393850678536,0.0988090433163697,211.854709857946,335.354210142054,547.20892,"N"
2024,"SNOW","EBS","ALL",92.5,0.459148636274892,0.025543073851471,-0.164202552768203,0.103131263089465,146.33930237517,172.37949762483,318.7188,"N"
2024,"SNOW","EBS","ALL",97.5,0.593791606904809,0.0227678391371964,0.380516644590135,0.0947828461526283,116.465763241695,79.6733567583049,196.13912,"N"
2024,"SNOW","EBS","ALL",102.5,0.784972637130356,0.0177137867498614,1.29806455245392,0.105742862944386,107.663345930838,29.4921940691619,137.15554,"N"
2024,"SNOW","EBS","ALL",107.5,0.87477698580501,0.0129809517772219,1.94918199590108,0.119272436929405,92.726360495331,13.273639504669,106,"N"
2024,"SNOW","EBS","ALL",112.5,0.932839606496064,0.00944972630527463,2.64097465289904,0.15086584766088,126.866186483465,9.13381351653527,136,"N"
2024,"SNOW","EBS","ALL",117.5,0.938570400505335,0.011075582795274,2.74242298201111,0.19092560158429,107.143010897703,7.01252910229719,114.15554,"N"
2024,"SNOW","EBS","ALL",122.5,0.960505472760063,0.00854334080233836,3.21502757862563,0.228818955951605,45.1437572197229,1.85624278027705,47,"N"
2024,"SNOW","EBS","ALL",127.5,0.976012610933236,0.00925489002739292,3.77130943018148,0.365241968607507,14.6401891639985,0.359810836001461,15,"N"
2024,"SNOW","EBS","ALL",132.5,0.997859227413017,0.00109223091172601,6.31648520857173,0.576565489332569,2.99357768223905,0.00642231776094881,3,"N"
2025,"SNOW","EBS","ALL",7.5,0,0,-13.8155095579638,0,0,4.55808,4.55808,"N"
2025,"SNOW","EBS","ALL",17.5,0,0,-13.8155095579638,0,0,4.55808,4.55808,"N"
2025,"SNOW","EBS","ALL",22.5,0,0,-13.8155095579638,0,0,1,1,"N"
2025,"SNOW","EBS","ALL",27.5,0,0,-13.8155095579638,0,0,627.38353,627.38353,"N"
2025,"SNOW","EBS","ALL",32.5,0,0,-13.8155095579638,0,0,1413.9258,1413.9258,"N"
2025,"SNOW","EBS","ALL",37.5,0.00686418543102569,0.00233759968600852,-5.02538839747331,0.31455517580122,21.6570838916434,3133.42724610836,3155.08433,"N"
2025,"SNOW","EBS","ALL",42.5,0.0257101982073857,0.00405349721818721,-3.64693207785858,0.159184597818702,220.13290961734,8341.95237038266,8562.08528,"N"
2025,"SNOW","EBS","ALL",47.5,0.0732847771592467,0.00830716605027274,-2.54352088363765,0.120406181548597,933.006262244352,11798.2361377556,12731.2424,"N"
2025,"SNOW","EBS","ALL",52.5,0.171191762732972,0.0135336106805413,-1.58018950397769,0.0953576303115349,1905.88270328279,9227.14538671721,11133.02809,"N"
2025,"SNOW","EBS","ALL",57.5,0.267289518037701,0.0146761342573458,-1.00973304970788,0.0751754744660443,3043.51271317681,8343.06441682319,11386.57713,"N"
2025,"SNOW","EBS","ALL",62.5,0.340604993845518,0.0151842025530115,-0.661332046742572,0.0677545096857912,3818.20635470162,7391.86520529839,11210.07156,"N"
2025,"SNOW","EBS","ALL",67.5,0.384969438054826,0.0158301899894632,-0.469020728194373,0.0668863905471792,3918.71803799967,6260.57842200032,10179.29646,"N"
2025,"SNOW","EBS","ALL",72.5,0.462166197761476,0.018527461312765,-0.151831639939139,0.0746016333009245,2246.04502110135,2613.77603889865,4859.82106,"N"
2025,"SNOW","EBS","ALL",77.5,0.514476003854404,0.0181050746794574,0.0580015055566374,0.0725876229572594,1491.17428901685,1407.25883098315,2898.43312,"N"
2025,"SNOW","EBS","ALL",82.5,0.518860485768335,0.0172732881916279,0.0755708646541644,0.0692841722344476,1520.01219621108,1409.50785378892,2929.52005,"N"
2025,"SNOW","EBS","ALL",87.5,0.539750384738956,0.0183143895402974,0.15955252761156,0.0738077457017629,806.236927037973,687.484892962027,1493.72182,"N"
2025,"SNOW","EBS","ALL",92.5,0.604472796191961,0.0221376611602063,0.425021866553815,0.0925923361562069,485.041399625119,317.379160374881,802.42056,"N"
2025,"SNOW","EBS","ALL",97.5,0.699078989105409,0.0193776594496084,0.844587968871044,0.0918969161844913,353.145476803518,152.012713196482,505.15819,"N"
2025,"SNOW","EBS","ALL",102.5,0.800579606545422,0.0136607095675632,1.39214128693877,0.0860275976689364,294.892465323314,73.4562446766863,368.34871,"N"
2025,"SNOW","EBS","ALL",107.5,0.911713443685335,0.0103120825162794,2.34150228190406,0.128412741339677,229.8999138919,22.2625561080999,252.16247,"N"
2025,"SNOW","EBS","ALL",112.5,0.932584888908919,0.00848192116788073,2.63504890916398,0.136122443607018,141.737263665569,10.2459663344313,151.98323,"N"
2025,"SNOW","EBS","ALL",117.5,0.961529840882602,0.00593755036427334,3.23081042721499,0.163597294261014,72.4649464648414,2.89927353515861,75.36422,"N"
2025,"SNOW","EBS","ALL",122.5,0.965484578150274,0.0094612605803552,3.37060215471356,0.295853328395832,33.0023000536363,1.17980994636375,34.18211,"N"
2025,"SNOW","EBS","ALL",127.5,0.981207035876828,0.00946942174104276,4.07754577611643,0.510109282924922,7.84965628701462,0.15034371298538,8,"N"
2025,"SNOW","EBS","ALL",132.5,0.929996877529519,0.0357158788114701,2.79491837582829,0.711922282463994,2.78999063258856,0.210009367411444,3,"N"
2025,"SNOW","EBS","ALL",137.5,1,0,13.815509557935,0,1,0,1,"N"
2025,"SNOW","EBS","ALL",147.5,1,0,13.815509557935,0,3,0,3,"N"
2026,"SNOW","EBS","ALL",12.5,0,0,-13.8155095579638,0,0,25.28706,25.28706,"N"
2026,"SNOW","EBS","ALL",17.5,0,0,-13.8155095579638,0,0,24.79284,24.79284,"N"
2026,"SNOW","EBS","ALL",22.5,0,0,-13.8155095579638,0,0,96.33566,96.33566,"N"
2026,"SNOW","EBS","ALL",27.5,0,0,-13.8155095579638,0,0,126.75694,126.75694,"N"
2026,"SNOW","EBS","ALL",32.5,0,0,-13.8155095579638,0,0,612.92172,612.92172,"N"
2026,"SNOW","EBS","ALL",37.5,0.0100991946936126,0.00362272171633999,-4.64714827027754,0.358625138094053,20.6436174348904,2023.44188256511,2044.0855,"N"
2026,"SNOW","EBS","ALL",42.5,0.0215307143777945,0.00502540536809971,-3.84242651427543,0.231412057026648,53.6159649403561,2436.59239505964,2490.20836,"N"
2026,"SNOW","EBS","ALL",47.5,0.0607810649062311,0.0094129587235931,-2.7493723856357,0.161969991962121,194.309177554239,3002.56106244576,3196.87024,"N"
2026,"SNOW","EBS","ALL",52.5,0.116326410767683,0.0140551127277806,-2.03476228982976,0.135711778454777,798.478711392677,6065.64359860732,6864.12231,"N"
2026,"SNOW","EBS","ALL",57.5,0.182269357425516,0.0148164028880362,-1.504186734879,0.0994706340642044,1691.48732726957,7588.66459273043,9280.15192,"N"
2026,"SNOW","EBS","ALL",62.5,0.26551273573015,0.0163757005102621,-1.01915610661553,0.0838835261938125,2357.83588546498,6522.47593453502,8880.31182,"N"
2026,"SNOW","EBS","ALL",67.5,0.35432399119358,0.0193056733824532,-0.601105110626029,0.0841782555051994,2040.56535794141,3718.47272205859,5759.03808,"N"
2026,"SNOW","EBS","ALL",72.5,0.41028556457227,0.0221375424495816,-0.363521226985444,0.0914860772066166,1620.1568368381,2328.6948331619,3948.85167,"N"
2026,"SNOW","EBS","ALL",77.5,0.465755118880547,0.0211641724133531,-0.137434141001248,0.0851547794346695,1416.21034665151,1624.46551334849,3040.67586,"N"
2026,"SNOW","EBS","ALL",82.5,0.507524662221813,0.0194885760793924,0.0301374576878611,0.0780793532998554,1289.30682097917,1251.07577902083,2540.3826,"N"
2026,"SNOW","EBS","ALL",87.5,0.520443053792718,0.0213899536621898,0.0819682430375387,0.0858540730441944,784.047699942535,722.452760057465,1506.50046,"N"
2026,"SNOW","EBS","ALL",92.5,0.616179628639695,0.0202522312782917,0.474227921252545,0.0859296709855505,495.647301944746,308.740378055254,804.38768,"N"
2026,"SNOW","EBS","ALL",97.5,0.71337851377715,0.0200222904428219,0.913912681837694,0.0983227301710988,270.629199108487,108.733500891513,379.3627,"N"
2026,"SNOW","EBS","ALL",102.5,0.812108075551648,0.0243197370906716,1.47188634699228,0.161736365340771,193.88891082614,44.8587591738602,238.74767,"N"
2026,"SNOW","EBS","ALL",107.5,0.893800843723898,0.0199812116814718,2.14775355666148,0.212142088057476,121.182117238651,14.3985527613486,135.58067,"N"
2026,"SNOW","EBS","ALL",112.5,0.931333367170936,0.0224055046157424,2.65670179433164,0.336216803196376,102.274578609217,7.54064139078289,109.81522,"N"
2026,"SNOW","EBS","ALL",117.5,0.980492209418067,0.00470855642233698,3.94499070917992,0.239560231221404,54.9210945199017,1.0927054800983,56.0138,"N"
2026,"SNOW","EBS","ALL",122.5,0.979188313692959,0.00628762733362099,3.893423223485,0.295183972440267,32.944173925562,0.700196074438018,33.64437,"N"
2026,"SNOW","EBS","ALL",127.5,0.982310029526531,0.00902549513952511,4.18710954944864,0.589276770081869,12.7700303838449,0.229969616155099,13,"N"
2026,"SNOW","EBS","ALL",132.5,0.998497915210664,0.000766369790477721,6.93365774167443,0.903999958979791,0.998497915210664,0.00150208478933633,1,"N"
2026,"SNOW","EBS","ALL",137.5,1,0,13.815509557935,0,1,0,1,"N"
