"","YEAR","SPECIES","REGION","DISTRICT","SIZE_5MM","PROP_MATURE","PROP_MATURE_SD","PROP_MATURE_LOGIT","PROP_MATURE_LOGIT_SD","NUM_MATURE","NUM_IMMATURE","TOTAL_CRAB","INTERPOLATED"
"1",1989,"SNOW","EBS","ALL",17.5,0,0,-13.8155095579638,0,0,3,3,"N"
"2",1989,"SNOW","EBS","ALL",22.5,0,0,-13.8155095579638,0,0,25,25,"N"
"3",1989,"SNOW","EBS","ALL",27.5,0,0,-13.8155095579638,0,0,43.9067,43.9067,"N"
"4",1989,"SNOW","EBS","ALL",32.5,0,0,-13.8155095579638,0,0,330.915,330.915,"N"
"5",1989,"SNOW","EBS","ALL",37.5,0.0144680504160563,0.00528906647774447,-4.28395168942215,0.35951463240779,34.5463478058459,2353.22165219415,2387.768,"N"
"6",1989,"SNOW","EBS","ALL",42.5,0.0328308766944395,0.00783557974403171,-3.41141262017207,0.248185998048323,288.98680897533,8513.30049102467,8802.2873,"N"
"7",1989,"SNOW","EBS","ALL",47.5,0.0598995974697357,0.013182495938081,-2.77664907840385,0.229471120986438,553.139268808225,8681.30123119178,9234.4405,"N"
"8",1989,"SNOW","EBS","ALL",52.5,0.134557710536399,0.0253660325879905,-1.87800041629195,0.213876374587787,1194.1909616709,7680.7442383291,8874.9352,"N"
"9",1989,"SNOW","EBS","ALL",57.5,0.230799228394494,0.0328985923337769,-1.21283908643389,0.183892965194053,2068.60411614489,6894.18198385511,8962.7861,"N"
"10",1989,"SNOW","EBS","ALL",62.5,0.291191237101154,0.035566967464428,-0.895751268586498,0.172417963141288,2667.48341819997,6493.10618180003,9160.5896,"N"
"11",1989,"SNOW","EBS","ALL",67.5,0.317477868889585,0.0350229102083251,-0.770182539295577,0.162469482605816,3436.19517277659,7387.22122722341,10823.4164,"N"
"12",1989,"SNOW","EBS","ALL",72.5,0.354301816647642,0.0329323445360627,-0.603171765775089,0.144123995658695,3832.23941618987,6984.07378381013,10816.3132,"N"
"13",1989,"SNOW","EBS","ALL",77.5,0.382102130440524,0.0305367125615559,-0.482548873379331,0.129208483628198,3112.32070225921,5032.93799774079,8145.2587,"N"
"14",1989,"SNOW","EBS","ALL",82.5,0.378621257477769,0.0273199196418215,-0.496996542371394,0.115960396513945,2338.09818536893,3837.19741463107,6175.2956,"N"
"15",1989,"SNOW","EBS","ALL",87.5,0.373911099275715,0.0288751657309343,-0.517386077974937,0.123626442120129,1713.7106588893,2869.4928411107,4583.2035,"N"
"16",1989,"SNOW","EBS","ALL",92.5,0.428022336689907,0.0297997390038315,-0.291004863268568,0.122266250232421,1552.20173129581,2074.24856870419,3626.4503,"N"
"17",1989,"SNOW","EBS","ALL",97.5,0.561073351573488,0.0325303783051454,0.246588380495017,0.132690726914893,1592.75320469344,1246.00789530656,2838.7611,"N"
"18",1989,"SNOW","EBS","ALL",102.5,0.711979365578291,0.0285545336050099,0.909131972337455,0.139648788544951,1381.35303154514,558.805768454861,1940.1588,"N"
"19",1989,"SNOW","EBS","ALL",107.5,0.871162475447511,0.0183267708853158,1.92095505062025,0.161508490555296,1212.88336132284,179.375138677162,1392.2585,"N"
"20",1989,"SNOW","EBS","ALL",112.5,0.921108505988997,0.0148885692608574,2.47468562148473,0.201878438418289,750.145148515553,64.2487514844474,814.3939,"N"
"21",1989,"SNOW","EBS","ALL",117.5,0.937184086476854,0.0123008618066974,2.72151176680654,0.208072268567914,541.040684169886,36.2639158301142,577.3046,"N"
"22",1989,"SNOW","EBS","ALL",122.5,0.960363106860755,0.0101972110643532,3.21919465273198,0.261801079139539,378.206165218854,15.6096347811461,393.8158,"N"
"23",1989,"SNOW","EBS","ALL",127.5,0.981330165851906,0.00710678980903674,4.02434184606877,0.354154428270754,147.322779946617,2.8028200533831,150.1256,"N"
"24",1989,"SNOW","EBS","ALL",132.5,0.99251670793601,0.00381800615509717,5.07585536744695,0.600274645874792,49.6435021942017,0.374297805798264,50.0178,"N"
"25",1989,"SNOW","EBS","ALL",137.5,1,0,13.815509557935,0,26.1435,0,26.1435,"N"
"26",1989,"SNOW","EBS","ALL",142.5,1,0,13.815509557935,0,2.1027,0,2.1027,"N"
"27",1990,"SNOW","EBS","ALL",7.5,0,0,-13.8155095579638,0,0,73.8583,73.8583,"N"
"28",1990,"SNOW","EBS","ALL",12.5,0,0,-13.8155095579638,0,0,19.0185,19.0185,"N"
"29",1990,"SNOW","EBS","ALL",17.5,0,0,-13.8155095579638,0,0,11.037,11.037,"N"
"30",1990,"SNOW","EBS","ALL",22.5,0,0,-13.8155095579638,0,0,38.7285,38.7285,"N"
"31",1990,"SNOW","EBS","ALL",27.5,0,0,-13.8155095579638,0,0,197.225,197.225,"N"
"32",1990,"SNOW","EBS","ALL",32.5,0,0,-13.8155095579638,0,0,1852.6096,1852.6096,"N"
"33",1990,"SNOW","EBS","ALL",37.5,0.0109516481481733,0.00424479293921848,-4.57402037903677,0.381234894079623,40.3351095932351,3642.68219040677,3683.0173,"N"
"34",1990,"SNOW","EBS","ALL",42.5,0.0187816309965719,0.00482373034741368,-3.98826846002039,0.259471115457243,66.5561220587047,3477.1255779413,3543.6817,"N"
"35",1990,"SNOW","EBS","ALL",47.5,0.0353123436876723,0.0061987090454221,-3.32254663816825,0.179048258274118,198.953349726636,5435.14875027336,5634.1021,"N"
"36",1990,"SNOW","EBS","ALL",52.5,0.0755242731747132,0.00898900743876318,-2.51173087233074,0.127995755455662,588.162829189165,7199.56957081084,7787.7324,"N"
"37",1990,"SNOW","EBS","ALL",57.5,0.140128632679132,0.0130002150309393,-1.81841076261326,0.10798628236286,1134.10133927983,6959.18636072017,8093.2877,"N"
"38",1990,"SNOW","EBS","ALL",62.5,0.186736954386041,0.0142407631039795,-1.47411709332487,0.0940112008609776,1212.19982088985,5279.28347911015,6491.4833,"N"
"39",1990,"SNOW","EBS","ALL",67.5,0.236229248256759,0.01636789512666,-1.17562849140141,0.0906621743585657,1287.2717113588,4161.9760886412,5449.2478,"N"
"40",1990,"SNOW","EBS","ALL",72.5,0.329261771518148,0.0191396636620614,-0.71279956920462,0.0866223471468355,1509.83192764563,3075.67437235437,4585.5063,"N"
"41",1990,"SNOW","EBS","ALL",77.5,0.372241503555132,0.0202076989130206,-0.523569239400297,0.0866200147398736,1602.20292187821,2701.99987812179,4304.2028,"N"
"42",1990,"SNOW","EBS","ALL",82.5,0.373506791913167,0.0223992022050208,-0.518376835692226,0.096091415016117,1762.64428823361,2956.53171176639,4719.176,"N"
"43",1990,"SNOW","EBS","ALL",87.5,0.361184566661092,0.0255587828244252,-0.57196220639289,0.111401425101989,1847.12539616881,3266.95080383119,5114.0762,"N"
"44",1990,"SNOW","EBS","ALL",92.5,0.391495689041148,0.0296565630223469,-0.44273004579174,0.125039353573813,2925.39966318118,4546.96783681882,7472.3675,"N"
"45",1990,"SNOW","EBS","ALL",97.5,0.476602610448979,0.030209652619079,-0.094002494714481,0.121553082399406,3562.21422322842,3911.96687677158,7474.1811,"N"
"46",1990,"SNOW","EBS","ALL",102.5,0.609298787910721,0.0271742162787416,0.445790165043826,0.114451379099313,3398.690756512,2179.345543488,5578.0363,"N"
"47",1990,"SNOW","EBS","ALL",107.5,0.75226142738863,0.0227323510844342,1.11448193701203,0.122441255138613,2588.56722883593,852.480171164068,3441.0474,"N"
"48",1990,"SNOW","EBS","ALL",112.5,0.824355448312361,0.0195077979256363,1.5520705266592,0.135444405707197,1815.72341443528,386.874285564724,2202.5977,"N"
"49",1990,"SNOW","EBS","ALL",117.5,0.852016140745851,0.0190662682035026,1.75865222171877,0.152581261198161,1397.26813009686,242.686869903139,1639.955,"N"
"50",1990,"SNOW","EBS","ALL",122.5,0.887518194116353,0.0197936391374288,2.08090476762027,0.199074646986592,775.543218630191,98.2903813698089,873.8336,"N"
"51",1990,"SNOW","EBS","ALL",127.5,0.927274226583414,0.0184666065029587,2.57693792132516,0.271105306021118,309.698649842986,24.2895501570135,333.9882,"N"
"52",1990,"SNOW","EBS","ALL",132.5,0.936199059355472,0.0285866093030953,2.7778363062578,0.459304168100997,98.4771875152012,6.71111248479885,105.1883,"N"
"53",1990,"SNOW","EBS","ALL",137.5,1,0,13.815509557935,0,35.019,0,35.019,"N"
"54",1990,"SNOW","EBS","ALL",142.5,1,0,13.815509557935,0,6.1836,0,6.1836,"N"
"55",1990,"SNOW","EBS","ALL",147.5,1,0,13.815509557935,0,12.7321,0,12.7321,"N"
"56",1991,"SNOW","EBS","ALL",12.5,0,0,-13.8155095579638,0,0,188.2976,188.2976,"N"
"57",1991,"SNOW","EBS","ALL",17.5,0,0,-13.8155095579638,0,0,454.6827,454.6827,"N"
"58",1991,"SNOW","EBS","ALL",22.5,0,0,-13.8155095579638,0,0,4544.4804,4544.4804,"N"
"59",1991,"SNOW","EBS","ALL",27.5,0,0,-13.8155095579638,0,0,4557.8071,4557.8071,"N"
"60",1991,"SNOW","EBS","ALL",32.5,0,0,-13.8155095579638,0,0,4847.2888,4847.2888,"N"
"61",1991,"SNOW","EBS","ALL",37.5,0.00877869318518907,0.00414390756966914,-4.82725228073355,0.449402873958347,50.2536756656887,5674.25162433431,5724.5053,"N"
"62",1991,"SNOW","EBS","ALL",42.5,0.02792600101921,0.00692672850691979,-3.57785972372452,0.239750619096592,295.525300040731,10286.9171999593,10582.4425,"N"
"63",1991,"SNOW","EBS","ALL",47.5,0.0502342353798071,0.00944136327112529,-2.95610428561161,0.190423600918428,619.549549948415,11713.6639500516,12333.2135,"N"
"64",1991,"SNOW","EBS","ALL",52.5,0.0929036798333457,0.0122848409614638,-2.28706188992404,0.142967248665329,823.375622346868,8039.30477765313,8862.6804,"N"
"65",1991,"SNOW","EBS","ALL",57.5,0.14870710695645,0.0152074320096526,-1.74977541467578,0.119280256760936,1638.11809771962,9377.61700228038,11015.7351,"N"
"66",1991,"SNOW","EBS","ALL",62.5,0.1924413640294,0.0156227420300067,-1.43734021921719,0.10077185095947,1908.02714268208,8006.82225731792,9914.8494,"N"
"67",1991,"SNOW","EBS","ALL",67.5,0.227176612533403,0.0167896661993069,-1.22682777849164,0.0958949971985524,1337.89232309881,4551.32447690119,5889.2168,"N"
"68",1991,"SNOW","EBS","ALL",72.5,0.272980267217916,0.019343836875172,-0.981724800510648,0.0978162655186095,909.538420870938,2422.34497912906,3331.8834,"N"
"69",1991,"SNOW","EBS","ALL",77.5,0.315308354924398,0.0189861765801412,-0.776851826738301,0.088148396413665,967.234706978227,2100.34879302177,3067.5835,"N"
"70",1991,"SNOW","EBS","ALL",82.5,0.331536976024255,0.018711948989963,-0.70244798280889,0.0846253349998803,1042.09156509601,2101.12213490399,3143.2137,"N"
"71",1991,"SNOW","EBS","ALL",87.5,0.325784721056056,0.0168128734961879,-0.728338225668226,0.0767017623821913,1217.58566629574,2519.80773370426,3737.3934,"N"
"72",1991,"SNOW","EBS","ALL",92.5,0.347713755149993,0.0168987653886971,-0.629950298945578,0.0745921348814815,1723.96309423626,3234.03200576374,4957.9951,"N"
"73",1991,"SNOW","EBS","ALL",97.5,0.470626412576594,0.0172825484952189,-0.117769186096116,0.0694340332625233,1536.84250417975,1728.68289582025,3265.5254,"N"
"74",1991,"SNOW","EBS","ALL",102.5,0.682698567339315,0.0172386799358371,0.767362686754731,0.0797384798148059,1309.4832345054,608.615465494598,1918.0987,"N"
"75",1991,"SNOW","EBS","ALL",107.5,0.84254099091195,0.014918905380875,1.68155384546807,0.112027082954993,1211.0530018367,226.328698163297,1437.3817,"N"
"76",1991,"SNOW","EBS","ALL",112.5,0.892005015933427,0.0175886245028079,2.12371050248883,0.176451097362505,1934.3726413877,234.194358612295,2168.567,"N"
"77",1991,"SNOW","EBS","ALL",117.5,0.907306767762299,0.0178466515295476,2.29805608822385,0.201788241725285,1548.75568593369,158.225614066313,1706.9813,"N"
"78",1991,"SNOW","EBS","ALL",122.5,0.935126637775029,0.0142425620769528,2.69094341140402,0.227089793307997,1176.78907695863,81.6384230413651,1258.4275,"N"
"79",1991,"SNOW","EBS","ALL",127.5,0.960789158175287,0.0125910388178092,3.2475631830672,0.324650932426912,413.276346549329,16.8662534506708,430.1426,"N"
"80",1991,"SNOW","EBS","ALL",132.5,0.975947401615574,0.0122717338696049,3.85299147416211,0.552272100312225,127.379288532502,3.13931146749749,130.5186,"N"
"81",1991,"SNOW","EBS","ALL",137.5,1,0,13.815509557935,0,35.9961,0,35.9961,"N"
"82",1991,"SNOW","EBS","ALL",142.5,1,0,13.815509557935,0,1,0,1,"N"
"83",1992,"SNOW","EBS","ALL",12.5,0,0,-13.8155095579638,0,0,2,2,"N"
"84",1992,"SNOW","EBS","ALL",17.5,0,0,-13.8155095579638,0,0,235.5137,235.5137,"N"
"85",1992,"SNOW","EBS","ALL",22.5,0,0,-13.8155095579638,0,0,2702.0181,2702.0181,"N"
"86",1992,"SNOW","EBS","ALL",27.5,0,0,-13.8155095579638,0,0,2535.3519,2535.3519,"N"
"87",1992,"SNOW","EBS","ALL",32.5,0,0,-13.8155095579638,0,0,6572.548,6572.548,"N"
"88",1992,"SNOW","EBS","ALL",37.5,0.0152327602971752,0.00601154565291058,-4.23928308642548,0.378119149335951,132.818990103124,8586.47990989688,8719.2989,"N"
"89",1992,"SNOW","EBS","ALL",42.5,0.040301658863301,0.00765458870475149,-3.18787270190949,0.195708421947308,615.811136824893,14664.2332631751,15280.0444,"N"
"90",1992,"SNOW","EBS","ALL",47.5,0.0886976198947621,0.0133003422828663,-2.34093432959447,0.16648045152049,1533.48652464834,15755.4387753517,17288.9253,"N"
"91",1992,"SNOW","EBS","ALL",52.5,0.158069397998705,0.0153825959023478,-1.67725695622777,0.116080921043016,1223.91435624369,6518.97814375631,7742.8925,"N"
"92",1992,"SNOW","EBS","ALL",57.5,0.246290622933634,0.0217475269894961,-1.12201617867457,0.117909885221241,1214.73576920062,3717.38773079938,4932.1235,"N"
"93",1992,"SNOW","EBS","ALL",62.5,0.297892290969021,0.0191794143991166,-0.85906324229881,0.0919664297188805,1334.55698691355,3145.44141308645,4479.9984,"N"
"94",1992,"SNOW","EBS","ALL",67.5,0.325786210657512,0.0177733990171696,-0.72844475961284,0.080973043541815,1163.37206794199,2407.59573205801,3570.9678,"N"
"95",1992,"SNOW","EBS","ALL",72.5,0.397578992880712,0.0192189120120867,-0.41621748423566,0.0802833300411035,876.229590452508,1327.68360954749,2203.9132,"N"
"96",1992,"SNOW","EBS","ALL",77.5,0.440396855315319,0.0186709524651482,-0.239887946001785,0.0758036938942981,1131.38220772587,1437.62389227413,2569.0061,"N"
"97",1992,"SNOW","EBS","ALL",82.5,0.457327249543113,0.0173490894929431,-0.171310515897032,0.0699462565254064,914.582790173497,1085.2604098265,1999.8432,"N"
"98",1992,"SNOW","EBS","ALL",87.5,0.470813141988787,0.0169243239994082,-0.117010799477341,0.0679801038628377,698.180249014522,784.744050985478,1482.9243,"N"
"99",1992,"SNOW","EBS","ALL",92.5,0.515510101470495,0.0181626880940062,0.0621458579413326,0.0728166474938829,630.406116519066,592.472183480934,1222.8783,"N"
"100",1992,"SNOW","EBS","ALL",97.5,0.635058591035609,0.0201815380453227,0.554992164950396,0.0870022342343321,638.178951422663,366.734548577337,1004.9135,"N"
"101",1992,"SNOW","EBS","ALL",102.5,0.79295778670018,0.0173802142805088,1.3461178996559,0.105747785743365,863.946063822054,225.577336177946,1089.5234,"N"
"102",1992,"SNOW","EBS","ALL",107.5,0.907449534190733,0.0106757264019384,2.28954521632336,0.128292656991706,1022.461775288,104.280524712005,1126.7423,"N"
"103",1992,"SNOW","EBS","ALL",112.5,0.946230400345295,0.00675746057560649,2.87576712251936,0.134500610227351,1240.2391361729,70.4766638270958,1310.7158,"N"
"104",1992,"SNOW","EBS","ALL",117.5,0.958811747815262,0.00598831956623886,3.15805590155455,0.15165557100589,1002.55820497756,43.0674950224429,1045.6257,"N"
"105",1992,"SNOW","EBS","ALL",122.5,0.968757373399638,0.00579289029804497,3.45104279313174,0.189108737290361,646.631402886607,20.8539971133933,667.4854,"N"
"106",1992,"SNOW","EBS","ALL",127.5,0.981455654717213,0.00559392432749113,4.01124068749004,0.294527754881605,224.33377263785,4.23872736214983,228.5725,"N"
"107",1992,"SNOW","EBS","ALL",132.5,0.986603534623759,0.00683493131440888,4.47654200889207,0.597237335835899,58.5366676145295,0.794832385470464,59.3315,"N"
"108",1992,"SNOW","EBS","ALL",137.5,1,0,13.815509557935,0,19.7632,0,19.7632,"N"
"109",1992,"SNOW","EBS","ALL",142.5,1,0,13.815509557935,0,3,0,3,"N"
"110",1993,"SNOW","EBS","ALL",12.5,0,0,-13.8155095579638,0,0,32.7222,32.7222,"N"
"111",1993,"SNOW","EBS","ALL",17.5,0,0,-13.8155095579638,0,0,205.2983,205.2983,"N"
"112",1993,"SNOW","EBS","ALL",22.5,0,0,-13.8155095579638,0,0,1117.8338,1117.8338,"N"
"113",1993,"SNOW","EBS","ALL",27.5,0,0,-13.8155095579638,0,0,5324.0169,5324.0169,"N"
"114",1993,"SNOW","EBS","ALL",32.5,0,0,-13.8155095579638,0,0,15231.7206,15231.7206,"N"
"115",1993,"SNOW","EBS","ALL",37.5,0.0185186409530928,0.00831062892287802,-4.05307835506455,0.404739193422349,346.406606907379,18359.4264930926,18705.8331,"N"
"116",1993,"SNOW","EBS","ALL",42.5,0.0594253985380951,0.0149719330670874,-2.79100912486556,0.255421852892325,1675.42131799237,26518.2695820076,28193.6909,"N"
"117",1993,"SNOW","EBS","ALL",47.5,0.141957387508176,0.021635240023372,-1.81028132064901,0.176873859687632,3490.01253424154,21094.9181657585,24584.9307,"N"
"118",1993,"SNOW","EBS","ALL",52.5,0.290088985002429,0.0241440703783613,-0.897829641325317,0.117365280134013,6924.21213299555,16945.0572670045,23869.2694,"N"
"119",1993,"SNOW","EBS","ALL",57.5,0.428192524870745,0.0242273619624967,-0.289928776040352,0.099160609607845,7500.84401368696,10016.612686313,17517.4567,"N"
"120",1993,"SNOW","EBS","ALL",62.5,0.497236414403794,0.0217941649949503,-0.0110867225262189,0.0873691765914588,6063.89791872628,6131.30288127372,12195.2008,"N"
"121",1993,"SNOW","EBS","ALL",67.5,0.580964126919865,0.0234667314315905,0.32745453407664,0.0963400079378473,3340.98543681492,2409.77486318508,5750.7603,"N"
"122",1993,"SNOW","EBS","ALL",72.5,0.649456512272622,0.021135097388353,0.61793157452714,0.0928713810872051,2552.90599974524,1377.92840025476,3930.8344,"N"
"123",1993,"SNOW","EBS","ALL",77.5,0.661945594446809,0.0179974704868017,0.673037437939061,0.08076079453074,1836.31379848985,937.802101510155,2774.1159,"N"
"124",1993,"SNOW","EBS","ALL",82.5,0.647339793849431,0.0181644926827457,0.608303567025891,0.0797311833199349,1263.96383235254,688.586967647458,1952.5508,"N"
"125",1993,"SNOW","EBS","ALL",87.5,0.651387559531875,0.0179023173146068,0.626097035355385,0.079135045580537,715.6732583371,383.0171416629,1098.6904,"N"
"126",1993,"SNOW","EBS","ALL",92.5,0.684429719526649,0.017324747304125,0.775396833799518,0.0803972706624684,722.575246413943,333.158053586057,1055.7333,"N"
"127",1993,"SNOW","EBS","ALL",97.5,0.782330015719901,0.0145622075924943,1.28137650021266,0.0858855424078898,651.662048941299,181.313851058701,832.9759,"N"
"128",1993,"SNOW","EBS","ALL",102.5,0.878476951647347,0.0101371579013693,1.98150456811817,0.0951299793796721,745.707546930869,103.156553069131,848.8641,"N"
"129",1993,"SNOW","EBS","ALL",107.5,0.937497383403758,0.00764249547995372,2.71546795241665,0.130858644739528,614.759502929312,40.9857970706877,655.7453,"N"
"130",1993,"SNOW","EBS","ALL",112.5,0.962262701994146,0.00586666159591689,3.25043936749702,0.159424470093542,603.416946108002,23.6643538919983,627.0813,"N"
"131",1993,"SNOW","EBS","ALL",117.5,0.972715276932935,0.00429728014131229,3.58594587297912,0.160358776292165,505.753386545455,14.1864134545451,519.9398,"N"
"132",1993,"SNOW","EBS","ALL",122.5,0.981174665437505,0.00395992929082698,3.97555089008747,0.21422505871369,280.3708568837,5.37934311629999,285.7502,"N"
"133",1993,"SNOW","EBS","ALL",127.5,0.985348244211816,0.00496175192649361,4.26322271134362,0.336642686725036,100.225090799303,1.49030920069748,101.7154,"N"
"134",1993,"SNOW","EBS","ALL",132.5,0.995795408748881,0.00214519961791777,5.62633455069244,0.549029658526274,42.0092225907255,0.177377409274449,42.1866,"N"
"135",1993,"SNOW","EBS","ALL",137.5,1,0,13.815509557935,0,10,0,10,"N"
"136",1993,"SNOW","EBS","ALL",142.5,1,0,13.815509557935,0,1,0,1,"N"
"137",1994,"SNOW","EBS","ALL",17.5,0,0,-13.8155095579638,0,0,3,3,"N"
"138",1994,"SNOW","EBS","ALL",22.5,0,0,-13.8155095579638,0,0,659.5651,659.5651,"N"
"139",1994,"SNOW","EBS","ALL",27.5,0,0,-13.8155095579638,0,0,3019.941,3019.941,"N"
"140",1994,"SNOW","EBS","ALL",32.5,0,0,-13.8155095579638,0,0,10204.0243,10204.0243,"N"
"141",1994,"SNOW","EBS","ALL",37.5,0.0077357165534681,0.00260574036331321,-4.90900933947639,0.334640664091868,104.997901894808,13468.1340981052,13573.132,"N"
"142",1994,"SNOW","EBS","ALL",42.5,0.0209991947246931,0.0039171612961293,-3.85928507885528,0.189800216842561,363.997269464126,16969.8707305359,17333.868,"N"
"143",1994,"SNOW","EBS","ALL",47.5,0.0515664469289857,0.00649602154418086,-2.91974495160219,0.131751461316848,789.715021857761,14524.7979781422,15314.513,"N"
"144",1994,"SNOW","EBS","ALL",52.5,0.115344108411799,0.0125586316735821,-2.04298789053886,0.121633800670087,1857.90821365546,14249.6176863445,16107.5259,"N"
"145",1994,"SNOW","EBS","ALL",57.5,0.181878206494521,0.0159552294201976,-1.50729734386736,0.106775106883952,2957.09288343816,13301.5504165618,16258.6433,"N"
"146",1994,"SNOW","EBS","ALL",62.5,0.216586248947852,0.0187563049608549,-1.28910785566185,0.110217585601485,2874.62701934731,10397.8084806527,13272.4355,"N"
"147",1994,"SNOW","EBS","ALL",67.5,0.2511671508821,0.016985023296041,-1.09441634252045,0.0901868280708531,2261.24763688851,6741.71166311149,9002.9593,"N"
"148",1994,"SNOW","EBS","ALL",72.5,0.283266052195565,0.01676089574908,-0.929785899449027,0.0824427006971521,1768.0092854428,4473.5056145572,6241.5149,"N"
"149",1994,"SNOW","EBS","ALL",77.5,0.320769943897015,0.0164849745498299,-0.751244652173561,0.0753864011574345,1257.94783540766,2663.70336459234,3921.6512,"N"
"150",1994,"SNOW","EBS","ALL",82.5,0.332543460985018,0.0183011116737222,-0.697827573907428,0.0822910414237145,743.756329483109,1492.81247051689,2236.5688,"N"
"151",1994,"SNOW","EBS","ALL",87.5,0.35933653917258,0.0202467075354885,-0.579334075191624,0.0880821208431602,315.433232020321,562.387967979679,877.8212,"N"
"152",1994,"SNOW","EBS","ALL",92.5,0.402145414019151,0.0224184144857953,-0.397386709074194,0.0934431916292949,260.334906161049,387.030193838951,647.3651,"N"
"153",1994,"SNOW","EBS","ALL",97.5,0.563586923162605,0.0252371621789194,0.256395039191653,0.102775810686499,210.701705354494,163.156694645506,373.8584,"N"
"154",1994,"SNOW","EBS","ALL",102.5,0.76933466060394,0.0231317115085413,1.20915211191615,0.130760197335549,333.857622777442,100.098677222558,433.9563,"N"
"155",1994,"SNOW","EBS","ALL",107.5,0.882080427085138,0.017346023735484,2.02275433923485,0.165509016014052,241.255171370775,32.2518286292253,273.507,"N"
"156",1994,"SNOW","EBS","ALL",112.5,0.943134471008198,0.0117405411186476,2.82881610444161,0.213077726678589,266.987504665697,16.097795334303,283.0853,"N"
"157",1994,"SNOW","EBS","ALL",117.5,0.952071998234518,0.0141479197569464,3.02815734793856,0.290996061427238,228.028098495554,11.4791015044456,239.5072,"N"
"158",1994,"SNOW","EBS","ALL",122.5,0.956679576129975,0.0144834931608496,3.14241441498273,0.31594351666516,163.052448901373,7.3833510986268,170.4358,"N"
"159",1994,"SNOW","EBS","ALL",127.5,0.970822496260339,0.0116874634492577,3.57871212765403,0.393745041956606,73.7810534820414,2.21744651795861,75.9985,"N"
"160",1994,"SNOW","EBS","ALL",132.5,0.975322344840631,0.012590640387433,3.88387693774819,0.663599890845996,8.77790110356568,0.222098896434318,9,"N"
"161",1994,"SNOW","EBS","ALL",137.5,1,0,13.815509557935,0,2,0,2,"N"
"162",1994,"SNOW","EBS","ALL",142.5,1,0,13.815509557935,0,1.5143,0,1.5143,"N"
"163",1995,"SNOW","EBS","ALL",22.5,0,0,-13.8155095579638,0,0,73.2808,73.2808,"N"
"164",1995,"SNOW","EBS","ALL",27.5,0,0,-13.8155095579638,0,0,573.1311,573.1311,"N"
"165",1995,"SNOW","EBS","ALL",32.5,0,0,-13.8155095579638,0,0,2241.1367,2241.1367,"N"
"166",1995,"SNOW","EBS","ALL",37.5,0.00751430134000588,0.00323701800840062,-4.96964569891154,0.416616998670185,29.3423338049023,3875.5228661951,3904.8652,"N"
"167",1995,"SNOW","EBS","ALL",42.5,0.017516048438591,0.00382016909499556,-4.04965586208698,0.215476666207904,111.302899209599,6243.0355007904,6354.3384,"N"
"168",1995,"SNOW","EBS","ALL",47.5,0.0474175061309266,0.00520132915663728,-3.00605621869973,0.113475932107982,609.186589851559,12238.1063101484,12847.2929,"N"
"169",1995,"SNOW","EBS","ALL",52.5,0.133007045162867,0.00980185032985534,-1.87723960688119,0.0842396363012381,2226.51089569411,14513.2858043059,16739.7967,"N"
"170",1995,"SNOW","EBS","ALL",57.5,0.223781466545216,0.013567075808649,-1.24543284627526,0.0777941713610821,3933.04592271602,13642.341277284,17575.3872,"N"
"171",1995,"SNOW","EBS","ALL",62.5,0.293770564995046,0.0151670528996115,-0.87823012410462,0.0728629214314203,5219.6027378203,12548.0137621797,17767.6165,"N"
"172",1995,"SNOW","EBS","ALL",67.5,0.355639712544078,0.0145948219187148,-0.594924675032962,0.0637171274972273,5135.47016799004,9304.62183200996,14440.092,"N"
"173",1995,"SNOW","EBS","ALL",72.5,0.401091753252508,0.0143543045998971,-0.401273004289895,0.0598201310532301,4657.3697055232,6954.3616944768,11611.7314,"N"
"174",1995,"SNOW","EBS","ALL",77.5,0.422086523165447,0.0156159230647707,-0.31453325580968,0.0640733306085464,2806.13280223002,3842.10789776998,6648.2407,"N"
"175",1995,"SNOW","EBS","ALL",82.5,0.407868456879346,0.0162799623763062,-0.373198922340937,0.0674114519411187,1894.95742167728,2751.04397832272,4646.0014,"N"
"176",1995,"SNOW","EBS","ALL",87.5,0.389527371532224,0.0167280979271485,-0.449844383217231,0.0703801776358155,1079.82242112975,1692.31247887025,2772.1349,"N"
"177",1995,"SNOW","EBS","ALL",92.5,0.484861920244501,0.019782717032532,-0.060668476057361,0.0793134912631357,1011.98833283907,1075.17976716093,2087.1681,"N"
"178",1995,"SNOW","EBS","ALL",97.5,0.594522461881293,0.0219827026126042,0.38348808329388,0.0914525313912107,770.168891446456,525.272308553544,1295.4412,"N"
"179",1995,"SNOW","EBS","ALL",102.5,0.77854773568752,0.017661914006644,1.26012722301653,0.102234312391712,647.239743101029,184.102656898971,831.3424,"N"
"180",1995,"SNOW","EBS","ALL",107.5,0.901501620239027,0.0120379754164311,2.22122542298198,0.133656897426892,356.812628437529,38.9854715624714,395.7981,"N"
"181",1995,"SNOW","EBS","ALL",112.5,0.963173255304351,0.00616013117105843,3.27741958508786,0.169095679056337,298.710848014049,11.4211519859511,310.132,"N"
"182",1995,"SNOW","EBS","ALL",117.5,0.97455731831167,0.00506311607927866,3.66441614289097,0.198434665741796,194.984068182548,5.09043181745173,200.0745,"N"
"183",1995,"SNOW","EBS","ALL",122.5,0.984062506787111,0.00362116547972326,4.14868194693615,0.231754576918406,132.912796104204,2.15260389579612,135.0654,"N"
"184",1995,"SNOW","EBS","ALL",127.5,0.991914817168061,0.002749932672383,4.86133263483003,0.321191375695378,48.6501484631967,0.396551536803265,49.0467,"N"
"185",1995,"SNOW","EBS","ALL",132.5,0.992975996802415,0.00358367510080856,5.24598240823043,0.745236744807891,5.74108932071252,0.0406106792874761,5.7817,"N"
"186",1995,"SNOW","EBS","ALL",137.5,1,0,13.815509557935,0,2,0,2,"N"
"187",1996,"SNOW","EBS","ALL",12.5,0,0,-13.8155095579638,0,0,3.9068,3.9068,"N"
"188",1996,"SNOW","EBS","ALL",17.5,0,0,-13.8155095579638,0,0,8,8,"N"
"189",1996,"SNOW","EBS","ALL",22.5,0,0,-13.8155095579638,0,0,15.8329,15.8329,"N"
"190",1996,"SNOW","EBS","ALL",27.5,0,0,-13.8155095579638,0,0,59.3135,59.3135,"N"
"191",1996,"SNOW","EBS","ALL",32.5,0,0,-13.8155095579638,0,0,165.9562,165.9562,"N"
"192",1996,"SNOW","EBS","ALL",37.5,0.0202172561033906,0.0200427233043615,-4.20774418630214,0.805055345306274,15.9786113184855,774.366588681514,790.3452,"N"
"193",1996,"SNOW","EBS","ALL",42.5,0.0529494827143594,0.0325359828303657,-3.03251359511825,0.561373743258586,96.7051720117317,1729.66152798827,1826.3667,"N"
"194",1996,"SNOW","EBS","ALL",47.5,0.116286623977052,0.0457983406163384,-2.09552261920531,0.415938365554579,316.39617000147,2404.43412999853,2720.8303,"N"
"195",1996,"SNOW","EBS","ALL",52.5,0.193074573204101,0.0391155491164941,-1.44917773320484,0.24968580480672,955.188858044996,3992.064641955,4947.2535,"N"
"196",1996,"SNOW","EBS","ALL",57.5,0.267320365153886,0.0273020814947447,-1.01280731634309,0.139959301937146,2040.11714440827,5591.61395559173,7631.7311,"N"
"197",1996,"SNOW","EBS","ALL",62.5,0.31933297557591,0.0213923490016862,-0.758586365034194,0.0985204573946608,3044.78751957501,6490.04838042499,9534.8359,"N"
"198",1996,"SNOW","EBS","ALL",67.5,0.367485997591569,0.0182401841308103,-0.543828159864118,0.0784846298829679,3835.2848857063,6601.2621142937,10436.547,"N"
"199",1996,"SNOW","EBS","ALL",72.5,0.406148312844212,0.0159152656525392,-0.380321109147972,0.0660632286382945,3797.67391885077,5552.78698114923,9350.4609,"N"
"200",1996,"SNOW","EBS","ALL",77.5,0.430336318887783,0.0174542516442108,-0.280834096067456,0.0712920189309726,3666.14690198067,4853.11289801933,8519.2598,"N"
"201",1996,"SNOW","EBS","ALL",82.5,0.416490156886541,0.0178320365854473,-0.337648995785019,0.0734673819672583,3243.26145438231,4543.86484561769,7787.1263,"N"
"202",1996,"SNOW","EBS","ALL",87.5,0.405204294073882,0.018766532838179,-0.38440303202398,0.0779786032818485,2610.40013376891,3831.78266623109,6442.1828,"N"
"203",1996,"SNOW","EBS","ALL",92.5,0.435946138078846,0.0196460290794255,-0.258051579113755,0.0801211302099482,2390.59670392301,3093.10069607699,5483.6974,"N"
"204",1996,"SNOW","EBS","ALL",97.5,0.513078679546529,0.0190739975252523,0.0523998975348625,0.0764676027360412,1767.52157215053,1677.41122784947,3444.9328,"N"
"205",1996,"SNOW","EBS","ALL",102.5,0.680539676442862,0.0197049228246275,0.757750778316895,0.0910095047169182,1549.86282853413,727.539771465867,2277.4026,"N"
"206",1996,"SNOW","EBS","ALL",107.5,0.831488706161652,0.0162964001445034,1.60065573107317,0.115792239913932,1043.09933907384,211.396760926162,1254.4961,"N"
"207",1996,"SNOW","EBS","ALL",112.5,0.884655986336381,0.0175934326653423,2.04875123007577,0.173194828919604,609.559202942084,79.476097057916,689.0353,"N"
"208",1996,"SNOW","EBS","ALL",117.5,0.902854230844267,0.0175709186390618,2.24557354340941,0.201374281684938,228.244799832662,24.5588001673383,252.8036,"N"
"209",1996,"SNOW","EBS","ALL",122.5,0.95995318531193,0.00923655331397791,3.20443439175332,0.248374625019974,91.6980880971442,3.82541190285582,95.5235,"N"
"210",1996,"SNOW","EBS","ALL",127.5,0.97206588473889,0.0101710140405701,3.61442609860089,0.373808492144776,34.1986387173528,0.982761282647203,35.1814,"N"
"211",1996,"SNOW","EBS","ALL",132.5,0.97876271595661,0.0108353490017294,3.97125680838389,0.544372025769985,14.8769975299973,0.322802470002712,15.1998,"N"
"212",1997,"SNOW","EBS","ALL",12.5,0,0,-13.8155095579638,0,0,1,1,"N"
"213",1997,"SNOW","EBS","ALL",17.5,0,0,-13.8155095579638,0,0,4,4,"N"
"214",1997,"SNOW","EBS","ALL",22.5,0,0,-13.8155095579638,0,0,5,5,"N"
"215",1997,"SNOW","EBS","ALL",27.5,0,0,-13.8155095579638,0,0,25.8969,25.8969,"N"
"216",1997,"SNOW","EBS","ALL",32.5,0,0,-13.8155095579638,0,0,65.9877,65.9877,"N"
"217",1997,"SNOW","EBS","ALL",37.5,0.0154425405380412,0.00662029102147197,-4.24405958162617,0.4338900215176,3.60271073393583,229.695089266064,233.2978,"N"
"218",1997,"SNOW","EBS","ALL",42.5,0.0301931603636523,0.00737919711970772,-3.501083812013,0.264424564672428,21.68015350938,696.36834649062,718.0485,"N"
"219",1997,"SNOW","EBS","ALL",47.5,0.023582910779582,0.00406503669528546,-3.73801907918889,0.1755011961962,33.3228180119249,1379.68418198808,1413.007,"N"
"220",1997,"SNOW","EBS","ALL",52.5,0.0567784826979573,0.00624873386898435,-2.81617561234322,0.116775034395974,108.595672933464,1804.02452706654,1912.6202,"N"
"221",1997,"SNOW","EBS","ALL",57.5,0.124821409090752,0.00979952557898168,-1.95056629722732,0.0898267827287245,268.744675289594,1884.28882471041,2153.0335,"N"
"222",1997,"SNOW","EBS","ALL",62.5,0.195024210616923,0.0125051232429332,-1.41962128265885,0.0796601402471052,543.74692361136,2244.35267638864,2788.0996,"N"
"223",1997,"SNOW","EBS","ALL",67.5,0.244127383054631,0.0146000621923931,-1.13177815770094,0.07904070912782,696.623126888937,2156.89997311106,2853.5231,"N"
"224",1997,"SNOW","EBS","ALL",72.5,0.295537525480466,0.0155344264394104,-0.86977946232022,0.0747103294892737,1028.87857822595,2452.50192177405,3481.3805,"N"
"225",1997,"SNOW","EBS","ALL",77.5,0.325838731073703,0.0139532782174722,-0.727774417415452,0.0636852540017315,1133.1245522295,2344.4379477705,3477.5625,"N"
"226",1997,"SNOW","EBS","ALL",82.5,0.323605771335909,0.0133908917855237,-0.737912547504518,0.0612718505094374,1088.21022636755,2274.55497363245,3362.7652,"N"
"227",1997,"SNOW","EBS","ALL",87.5,0.332059228330456,0.0141481306950033,-0.699566463926124,0.0637517266542295,1002.63075800513,2016.80274199487,3019.4335,"N"
"228",1997,"SNOW","EBS","ALL",92.5,0.351697343325201,0.0137248322326776,-0.612118114779815,0.0600899934751345,1020.80597038792,1881.70662961208,2902.5126,"N"
"229",1997,"SNOW","EBS","ALL",97.5,0.446993263111376,0.0157028624495341,-0.213040352295911,0.0635734138517876,1089.44934949184,1347.83425050816,2437.2836,"N"
"230",1997,"SNOW","EBS","ALL",102.5,0.602354305008681,0.0196470696019089,0.415970430546712,0.0821068617328291,1218.63751120181,804.486588798188,2023.1241,"N"
"231",1997,"SNOW","EBS","ALL",107.5,0.763625877262533,0.021594320692691,1.17641355336802,0.119460349535314,1295.54261643484,401.024583565161,1696.5672,"N"
"232",1997,"SNOW","EBS","ALL",112.5,0.832451413255519,0.0249822660549215,1.61359978819974,0.177847018294496,1130.33516101374,227.504038986257,1357.8392,"N"
"233",1997,"SNOW","EBS","ALL",117.5,0.884467897522431,0.0211716512312162,2.05177177738147,0.206461002557479,846.717392507538,110.601007492462,957.3184,"N"
"234",1997,"SNOW","EBS","ALL",122.5,0.927618872837462,0.0182788757258803,2.58168032354375,0.26980759751059,500.179980994379,39.0285190056215,539.2085,"N"
"235",1997,"SNOW","EBS","ALL",127.5,0.970586664519669,0.0145104313997785,3.5973055436732,0.457075906228956,240.76343682475,7.29626317525029,248.0597,"N"
"236",1997,"SNOW","EBS","ALL",132.5,0.979545418652071,0.0104360108918007,4.00786302960982,0.521884613323187,63.6345028955201,1.32879710447994,64.9633,"N"
"237",1997,"SNOW","EBS","ALL",137.5,1,0,13.815509557935,0,9.7584,0,9.7584,"N"
"238",1997,"SNOW","EBS","ALL",142.5,1,0,13.815509557935,0,1,0,1,"N"
"239",1998,"SNOW","EBS","ALL",12.5,0,0,-13.8155095579638,0,0,15,15,"N"
"240",1998,"SNOW","EBS","ALL",17.5,0,0,-13.8155095579638,0,0,86.2105,86.2105,"N"
"241",1998,"SNOW","EBS","ALL",22.5,0,0,-13.8155095579638,0,0,222.313,222.313,"N"
"242",1998,"SNOW","EBS","ALL",27.5,0,0,-13.8155095579638,0,0,273.6014,273.6014,"N"
"243",1998,"SNOW","EBS","ALL",32.5,0,0,-13.8155095579638,0,0,252.9242,252.9242,"N"
"244",1998,"SNOW","EBS","ALL",37.5,0.04518730871895,0.0146120205716101,-3.10273311863796,0.341025624803079,24.6154972258722,520.128102774128,544.7436,"N"
"245",1998,"SNOW","EBS","ALL",42.5,0.0515454132926857,0.0115045008459936,-2.9370223433442,0.235679451259322,93.8791818576248,1727.41151814238,1821.2907,"N"
"246",1998,"SNOW","EBS","ALL",47.5,0.0500913113068363,0.00824421747773916,-2.95531310305292,0.167293619881975,184.059476488564,3490.41962351144,3674.4791,"N"
"247",1998,"SNOW","EBS","ALL",52.5,0.0987844510261303,0.00933011661922225,-2.21517999812533,0.104419726347928,233.241370057001,2127.872829943,2361.1142,"N"
"248",1998,"SNOW","EBS","ALL",57.5,0.164598630647759,0.0117417874733604,-1.62682273204669,0.084937258510236,345.435969640156,1753.22043035984,2098.6564,"N"
"249",1998,"SNOW","EBS","ALL",62.5,0.24078913075886,0.0127834586094993,-1.14961048768276,0.069597530348996,512.886049561597,1617.1355504384,2130.0216,"N"
"250",1998,"SNOW","EBS","ALL",67.5,0.330204417102492,0.0132401820656138,-0.707863009992722,0.0597454609319133,546.709415182316,1108.96018481768,1655.6696,"N"
"251",1998,"SNOW","EBS","ALL",72.5,0.385183438778292,0.0131515046143256,-0.467953754231745,0.055473478684952,503.324861648144,803.389838351856,1306.7147,"N"
"252",1998,"SNOW","EBS","ALL",77.5,0.410004488756421,0.0117362814433132,-0.364155133838324,0.0484740070766695,479.200946323842,689.569053676158,1168.77,"N"
"253",1998,"SNOW","EBS","ALL",82.5,0.424672900775738,0.0116217042154557,-0.303788535368306,0.0475651555657794,535.661375729927,725.689124270073,1261.3505,"N"
"254",1998,"SNOW","EBS","ALL",87.5,0.4329128595575,0.0111605218493055,-0.270113377030173,0.0454525647318269,643.580898073679,843.048301926321,1486.6292,"N"
"255",1998,"SNOW","EBS","ALL",92.5,0.464355676071505,0.0111013077083039,-0.14288982183244,0.0446456078624958,835.386959353296,963.636940646704,1799.0239,"N"
"256",1998,"SNOW","EBS","ALL",97.5,0.593063894058825,0.0124127134602602,0.376892372804102,0.0514665376928073,1082.19529779469,742.558002205308,1824.7533,"N"
"257",1998,"SNOW","EBS","ALL",102.5,0.769094113290815,0.0108939657912143,1.20422474758682,0.0616218257225898,1284.24857843645,385.571221563554,1669.8198,"N"
"258",1998,"SNOW","EBS","ALL",107.5,0.893456381475299,0.00711295660977234,2.12876611056931,0.0753415434466815,1199.58866780251,143.049532197491,1342.6382,"N"
"259",1998,"SNOW","EBS","ALL",112.5,0.932173386917753,0.00606995224622919,2.62457654852419,0.0965762055114588,1048.82314090584,76.314259094165,1125.1374,"N"
"260",1998,"SNOW","EBS","ALL",117.5,0.948989300889556,0.00637542227960727,2.9311743489488,0.132230139617141,555.753662413118,29.8732375868821,585.6269,"N"
"261",1998,"SNOW","EBS","ALL",122.5,0.968840425105848,0.00568128925903805,3.45346472924724,0.187876701089017,281.374705389026,9.04949461097414,290.4242,"N"
"262",1998,"SNOW","EBS","ALL",127.5,0.980176720687785,0.00746525203647211,3.96580514197489,0.365107991015183,94.6549797931149,1.91432020688512,96.5693,"N"
"263",1998,"SNOW","EBS","ALL",132.5,0.98730994685975,0.00647451690829085,4.50527757976788,0.550005315380881,31.991014360139,0.41118563986101,32.4022,"N"
"264",1998,"SNOW","EBS","ALL",137.5,1,0,13.815509557935,0,3,0,3,"N"
"265",1998,"SNOW","EBS","ALL",152.5,1,0,13.815509557935,0,1,0,1,"N"
"266",1999,"SNOW","EBS","ALL",12.5,0,0,-13.8155095579638,0,0,3,3,"N"
"267",1999,"SNOW","EBS","ALL",17.5,0,0,-13.8155095579638,0,0,51.4925,51.4925,"N"
"268",1999,"SNOW","EBS","ALL",22.5,0,0,-13.8155095579638,0,0,87.0308,87.0308,"N"
"269",1999,"SNOW","EBS","ALL",27.5,0,0,-13.8155095579638,0,0,595.2306,595.2306,"N"
"270",1999,"SNOW","EBS","ALL",32.5,0,0,-13.8155095579638,0,0,1289.7251,1289.7251,"N"
"271",1999,"SNOW","EBS","ALL",37.5,0.0176790994235762,0.00696360567194132,-4.09197444911388,0.395804452589439,16.3429290003318,908.077970999668,924.4209,"N"
"272",1999,"SNOW","EBS","ALL",42.5,0.0202058187910429,0.00556299306404825,-3.91800059725207,0.275934437694603,15.9669047254901,774.24629527451,790.2132,"N"
"273",1999,"SNOW","EBS","ALL",47.5,0.0450800889924931,0.00975776035916196,-3.07483341278345,0.215696179227799,56.3981621074735,1194.66773789253,1251.0659,"N"
"274",1999,"SNOW","EBS","ALL",52.5,0.0994232340743002,0.0144662978583006,-2.21355465808006,0.15630746601454,139.507134632066,1263.65718536793,1403.16432,"N"
"275",1999,"SNOW","EBS","ALL",57.5,0.170336950399937,0.0173829728121065,-1.58805321459737,0.120714236198912,275.888612805607,1343.77530719439,1619.66392,"N"
"276",1999,"SNOW","EBS","ALL",62.5,0.225362011809591,0.0175977382139849,-1.2374426813177,0.100285829375219,349.2709407654,1200.5507792346,1549.82172,"N"
"277",1999,"SNOW","EBS","ALL",67.5,0.281127755843818,0.0204649113203289,-0.941120062642094,0.101389441818155,263.534359191478,673.884140808522,937.4185,"N"
"278",1999,"SNOW","EBS","ALL",72.5,0.327903066825162,0.0257359448346287,-0.720048235283061,0.117191048257347,160.532055302747,329.039624697253,489.57168,"N"
"279",1999,"SNOW","EBS","ALL",77.5,0.4093942487493,0.0256789589369405,-0.36750306622915,0.106518188426453,133.870077066902,193.125422933098,326.9955,"N"
"280",1999,"SNOW","EBS","ALL",82.5,0.409707051671469,0.0213203280989697,-0.365877220928121,0.0882905129103334,110.474999076055,159.168880923945,269.64388,"N"
"281",1999,"SNOW","EBS","ALL",87.5,0.430857189198886,0.0209355277708324,-0.278848356820381,0.0854477694485388,100.07853416987,132.19920583013,232.27774,"N"
"282",1999,"SNOW","EBS","ALL",92.5,0.511498164101188,0.0229065719313687,0.0461156929088,0.091910338235853,147.85615542613,141.20872457387,289.06488,"N"
"283",1999,"SNOW","EBS","ALL",97.5,0.648304881594423,0.0233994318178911,0.613169963925995,0.102968591033015,215.392502674588,116.847017325412,332.23952,"N"
"284",1999,"SNOW","EBS","ALL",102.5,0.793835659482664,0.0220417203226508,1.35361016341283,0.135917014033372,232.067535186183,60.2694648138165,292.337,"N"
"285",1999,"SNOW","EBS","ALL",107.5,0.912114505891152,0.0136453761234598,2.35161045860929,0.1701775053864,247.068925571815,23.8059744281847,270.8749,"N"
"286",1999,"SNOW","EBS","ALL",112.5,0.929565425067625,0.0134793854714684,2.59813261276487,0.205808291247299,287.346799414192,21.7727005858084,309.1195,"N"
"287",1999,"SNOW","EBS","ALL",117.5,0.943969233758673,0.0151513883591284,2.85875099764741,0.277580342268832,236.572188739966,14.0421112600337,250.6143,"N"
"288",1999,"SNOW","EBS","ALL",122.5,0.951651206670519,0.0202433188409278,3.04963006250916,0.383980769047601,142.223226020582,7.22567397941822,149.4489,"N"
"289",1999,"SNOW","EBS","ALL",127.5,0.959472709359885,0.0206771891020994,3.34097246146595,0.597913511117951,63.1858833803534,2.66891661964663,65.8548,"N"
"290",1999,"SNOW","EBS","ALL",132.5,0.973520925391983,0.0135097319428657,3.83900016417894,0.68302343308918,20.3732618140482,0.554138185951807,20.9274,"N"
"291",1999,"SNOW","EBS","ALL",137.5,1,0,13.815509557935,0,3,0,3,"N"
"292",2000,"SNOW","EBS","ALL",7.5,0,0,-13.8155095579638,0,0,1.6681,1.6681,"N"
"293",2000,"SNOW","EBS","ALL",12.5,0,0,-13.8155095579638,0,0,7.3099,7.3099,"N"
"294",2000,"SNOW","EBS","ALL",17.5,0,0,-13.8155095579638,0,0,13,13,"N"
"295",2000,"SNOW","EBS","ALL",22.5,0,0,-13.8155095579638,0,0,116.3231,116.3231,"N"
"296",2000,"SNOW","EBS","ALL",27.5,0,0,-13.8155095579638,0,0,516.3853,516.3853,"N"
"297",2000,"SNOW","EBS","ALL",32.5,0,0,-13.8155095579638,0,0,1411.006,1411.006,"N"
"298",2000,"SNOW","EBS","ALL",37.5,0.0189304270457546,0.00702937665048924,-4.01443093596417,0.373234234780674,46.9450662674928,2432.92853373251,2479.8736,"N"
"299",2000,"SNOW","EBS","ALL",42.5,0.0234747589879431,0.00432582139656643,-3.74461050861868,0.186017725960544,98.7211786885093,4106.69702131149,4205.4182,"N"
"300",2000,"SNOW","EBS","ALL",47.5,0.0478886220186107,0.00522224607413936,-2.99561700652219,0.113059439475817,176.178399738983,3502.74140026102,3678.9198,"N"
"301",2000,"SNOW","EBS","ALL",52.5,0.104136745574074,0.0083260221099251,-2.15520647057042,0.0887908810034101,480.886391807452,4136.94940819255,4617.8358,"N"
"302",2000,"SNOW","EBS","ALL",57.5,0.184613152211454,0.0110848650431483,-1.48708325908351,0.0730521711803735,863.540277782383,3814.02612221762,4677.5664,"N"
"303",2000,"SNOW","EBS","ALL",62.5,0.253791200137631,0.0123365132024193,-1.07953130317532,0.0649900229574518,771.221561868315,2267.58183813169,3038.8034,"N"
"304",2000,"SNOW","EBS","ALL",67.5,0.315040439901154,0.0126895589659624,-0.777294453456776,0.0587287043214707,450.097772422074,978.600627577925,1428.6984,"N"
"305",2000,"SNOW","EBS","ALL",72.5,0.358903861914973,0.0175258848770236,-0.580956707484531,0.0764830212661388,325.318140982377,581.103259017623,906.4214,"N"
"306",2000,"SNOW","EBS","ALL",77.5,0.402374574337861,0.0194931402703345,-0.396232087552432,0.0812920034146305,283.597663976525,421.212436023475,704.8101,"N"
"307",2000,"SNOW","EBS","ALL",82.5,0.41227382333977,0.0241866525643521,-0.355454021497598,0.100098634601464,207.188704647989,295.362495352011,502.5512,"N"
"308",2000,"SNOW","EBS","ALL",87.5,0.456439476526774,0.021221004923605,-0.175009875107912,0.0857282336845344,138.352054389245,164.759445610755,303.1115,"N"
"309",2000,"SNOW","EBS","ALL",92.5,0.541715568902103,0.0228363048968225,0.167604295394843,0.0922091993498814,111.564533754011,94.3821662459892,205.9467,"N"
"310",2000,"SNOW","EBS","ALL",97.5,0.707092452817825,0.0218775057239588,0.883602923901934,0.105600146343925,99.1415035188325,41.0685964811675,140.2101,"N"
"311",2000,"SNOW","EBS","ALL",102.5,0.863940674438867,0.0137417192970885,1.85338357981363,0.116987221555196,119.208953292963,18.7738467070367,137.9828,"N"
"312",2000,"SNOW","EBS","ALL",107.5,0.956779426958751,0.00532323794156712,3.10478454137493,0.12842474525493,102.937602275867,4.6499977241327,107.5876,"N"
"313",2000,"SNOW","EBS","ALL",112.5,0.973073014089953,0.00434021080737491,3.59995567204031,0.162845642891277,122.00331066279,3.3760893372101,125.3794,"N"
"314",2000,"SNOW","EBS","ALL",117.5,0.978972130557306,0.00416147617101954,3.85952829372346,0.197475745915454,95.7567883894801,2.05681161051993,97.8136,"N"
"315",2000,"SNOW","EBS","ALL",122.5,0.985793562856776,0.00391275593859836,4.27697659454533,0.277267100107344,79.4873937744741,1.14550622552588,80.6329,"N"
"316",2000,"SNOW","EBS","ALL",127.5,0.991633795884335,0.00325896796045502,4.84685750511761,0.382941675923108,20.1073584791467,0.169641520853343,20.277,"N"
"317",2000,"SNOW","EBS","ALL",132.5,0.993378482454249,0.00337832527844417,5.22064916248803,0.651351496518128,8.22219369927382,0.0548063007261774,8.277,"N"
"318",2000,"SNOW","EBS","ALL",137.5,1,0,13.815509557935,0,1,0,1,"N"
"319",2001,"SNOW","EBS","ALL",12.5,0,0,-13.8155095579638,0,0,105.8624,105.8624,"N"
"320",2001,"SNOW","EBS","ALL",17.5,0,0,-13.8155095579638,0,0,13.9144,13.9144,"N"
"321",2001,"SNOW","EBS","ALL",22.5,0,0,-13.8155095579638,0,0,186.8532,186.8532,"N"
"322",2001,"SNOW","EBS","ALL",27.5,0,0,-13.8155095579638,0,0,178.5575,178.5575,"N"
"323",2001,"SNOW","EBS","ALL",32.5,0,0,-13.8155095579638,0,0,333.0588,333.0588,"N"
"324",2001,"SNOW","EBS","ALL",37.5,0.0119934122358766,0.00431931835749844,-4.46880838865901,0.337311568341032,37.1216041751517,3058.04459582485,3095.1662,"N"
"325",2001,"SNOW","EBS","ALL",42.5,0.0171353488674163,0.00323293926468236,-4.06628493095076,0.185823987392985,94.6954057311662,5431.62369426883,5526.3191,"N"
"326",2001,"SNOW","EBS","ALL",47.5,0.0374973299331562,0.00521691091490238,-3.25467558729001,0.14206498069083,79.5421748020868,2041.73352519791,2121.2757,"N"
"327",2001,"SNOW","EBS","ALL",52.5,0.0939211234232366,0.0105424496158099,-2.27278221851391,0.122470586620371,368.26359788903,3552.72440211097,3920.988,"N"
"328",2001,"SNOW","EBS","ALL",57.5,0.160688016571356,0.0119911024161148,-1.65580650668575,0.0890897978274605,1091.56423770311,5701.50136229689,6793.0656,"N"
"329",2001,"SNOW","EBS","ALL",62.5,0.220642594015607,0.0128916501121859,-1.26350739631526,0.0752792002246604,1675.74299230755,5919.08700769245,7594.83,"N"
"330",2001,"SNOW","EBS","ALL",67.5,0.264756878702611,0.0131329576602776,-1.02246614720293,0.0676573802789165,2056.80344630598,5711.84625369402,7768.6497,"N"
"331",2001,"SNOW","EBS","ALL",72.5,0.311218087689161,0.0134939261689526,-0.795186509907728,0.0631755698724608,1953.43567328005,4323.30642671995,6276.7421,"N"
"332",2001,"SNOW","EBS","ALL",77.5,0.335379399976647,0.0136668961314257,-0.684575923345093,0.0614265592262831,1430.38898219584,2834.59861780416,4264.9876,"N"
"333",2001,"SNOW","EBS","ALL",82.5,0.331802319193335,0.0136882437608591,-0.700689814373517,0.0618726330361703,814.887682747332,1641.05561725267,2455.9433,"N"
"334",2001,"SNOW","EBS","ALL",87.5,0.348658397878311,0.0147468509198946,-0.625588304158468,0.0651692613468906,460.118002633807,859.563397366193,1319.6814,"N"
"335",2001,"SNOW","EBS","ALL",92.5,0.410925674999618,0.0153467235761981,-0.360503715807426,0.0635515306776517,313.314102512236,449.145197487764,762.4593,"N"
"336",2001,"SNOW","EBS","ALL",97.5,0.551805067752643,0.0177791599919236,0.208229415011285,0.0719384341556924,293.505722523206,238.395377476795,531.9011,"N"
"337",2001,"SNOW","EBS","ALL",102.5,0.78794719649789,0.0146424004812498,1.31481048986187,0.0877506879920034,374.535571269099,100.795228730901,475.3308,"N"
"338",2001,"SNOW","EBS","ALL",107.5,0.903166293536095,0.0100639938794339,2.23810011027327,0.113046556471731,206.077711111865,22.0947888881354,228.1725,"N"
"339",2001,"SNOW","EBS","ALL",112.5,0.953165350682304,0.00574043599697486,3.02051220838901,0.12702218598708,139.724222806914,6.86547719308624,146.5897,"N"
"340",2001,"SNOW","EBS","ALL",117.5,0.966996842737336,0.00502104212238422,3.38900045618779,0.156308529234647,92.6725292224697,3.16287077753033,95.8354,"N"
"341",2001,"SNOW","EBS","ALL",122.5,0.976595122678186,0.00557178474590762,3.75797281598383,0.23595542300183,45.0964282989351,1.08077170106489,46.1772,"N"
"342",2001,"SNOW","EBS","ALL",127.5,0.986033474638075,0.00487564602913596,4.31205064803999,0.331873123225072,12.0355245914323,0.170475408567652,12.206,"N"
"343",2001,"SNOW","EBS","ALL",132.5,0.99920735918669,0.000404408578219551,7.35186924465766,0.638137454359017,0.99920735918669,0.000792640813310319,1,"N"
"344",2001,"SNOW","EBS","ALL",142.5,1,0,13.815509557935,0,2.8091,0,2.8091,"N"
"345",2002,"SNOW","EBS","ALL",12.5,0,0,-13.8155095579638,0,0,2.0772,2.0772,"N"
"346",2002,"SNOW","EBS","ALL",17.5,0,0,-13.8155095579638,0,0,42.582,42.582,"N"
"347",2002,"SNOW","EBS","ALL",22.5,0,0,-13.8155095579638,0,0,117.2358,117.2358,"N"
"348",2002,"SNOW","EBS","ALL",27.5,0,0,-13.8155095579638,0,0,113.2052,113.2052,"N"
"349",2002,"SNOW","EBS","ALL",32.5,0,0,-13.8155095579638,0,0,356.1022,356.1022,"N"
"350",2002,"SNOW","EBS","ALL",37.5,0.0323659848537716,0.0135077770444736,-3.48735549749594,0.446264217943342,17.0471286198982,509.651771380102,526.6989,"N"
"351",2002,"SNOW","EBS","ALL",42.5,0.0462031513297493,0.012387958750721,-3.06376548292012,0.285503031223589,56.4737422451419,1165.81825775486,1222.292,"N"
"352",2002,"SNOW","EBS","ALL",47.5,0.0446764626634083,0.00870198838116033,-3.08147533736373,0.204038734909285,52.5787415587403,1124.29915844126,1176.8779,"N"
"353",2002,"SNOW","EBS","ALL",52.5,0.0637144081068352,0.0142271382013103,-2.71081129056004,0.229218754710661,116.396749278702,1710.4545507213,1826.8513,"N"
"354",2002,"SNOW","EBS","ALL",57.5,0.116794122712425,0.0204557819575476,-2.03714718151251,0.18983323168008,189.425993347767,1432.45350665223,1621.8795,"N"
"355",2002,"SNOW","EBS","ALL",62.5,0.178490631236903,0.0198033516954808,-1.53237340192763,0.133992936635006,322.372214661981,1483.72938533802,1806.1016,"N"
"356",2002,"SNOW","EBS","ALL",67.5,0.229220642787808,0.019425409750711,-1.21596177071308,0.109618372414152,334.223983211511,1123.86451678849,1458.0885,"N"
"357",2002,"SNOW","EBS","ALL",72.5,0.290306143172571,0.0191155400708767,-0.895717102210798,0.093138852517202,461.243277415786,1127.57352258421,1588.8168,"N"
"358",2002,"SNOW","EBS","ALL",77.5,0.333055197873319,0.0197576561402864,-0.695709577991157,0.0888745177823666,393.283767469057,787.552832530943,1180.8366,"N"
"359",2002,"SNOW","EBS","ALL",82.5,0.352383547762434,0.0202110791547692,-0.609733585393269,0.0886394659092079,377.454474320024,693.692225679976,1071.1467,"N"
"360",2002,"SNOW","EBS","ALL",87.5,0.365213143778806,0.0225609351904051,-0.554066215102029,0.0972547116164989,427.083792902431,742.325907097569,1169.4097,"N"
"361",2002,"SNOW","EBS","ALL",92.5,0.433622806930206,0.0251249631550339,-0.267760278991954,0.102423153273368,441.498220987392,576.663679012608,1018.1619,"N"
"362",2002,"SNOW","EBS","ALL",97.5,0.586031129543348,0.0252387966110028,0.348525891332913,0.10437487657928,437.627536453438,309.137463546561,746.765,"N"
"363",2002,"SNOW","EBS","ALL",102.5,0.767315265799331,0.0200627702881338,1.19659277826667,0.112543185183759,432.85359077723,131.26080922277,564.1144,"N"
"364",2002,"SNOW","EBS","ALL",107.5,0.900157369195386,0.014559802947661,2.20924223186493,0.159952486700732,329.48685224001,36.54564775999,366.0325,"N"
"365",2002,"SNOW","EBS","ALL",112.5,0.94201531002571,0.0102769754207561,2.80266437958991,0.181641393278671,200.916133972806,12.3671660271936,213.2833,"N"
"366",2002,"SNOW","EBS","ALL",117.5,0.963306271553999,0.0105203999506892,3.30318842694322,0.270116369129737,81.9411433934349,3.12125660656514,85.0624,"N"
"367",2002,"SNOW","EBS","ALL",122.5,0.983345371671221,0.00410892210618455,4.10788006481263,0.246878169002829,64.6850485557559,1.09555144424407,65.7806,"N"
"368",2002,"SNOW","EBS","ALL",127.5,0.988719639179504,0.00446816428477206,4.5425904637134,0.371329976954521,30.0706224901137,0.34307750988631,30.4137,"N"
"369",2002,"SNOW","EBS","ALL",132.5,0.987985137303848,0.00613003198783256,4.79133206095696,0.890261429713124,1.9759702746077,0.0240297253923036,2,"N"
"370",2002,"SNOW","EBS","ALL",142.5,1,0,13.815509557935,0,1,0,1,"N"
"371",2003,"SNOW","EBS","ALL",7.5,0,0,-13.8155095579638,0,0,12.2921,12.2921,"N"
"372",2003,"SNOW","EBS","ALL",12.5,0,0,-13.8155095579638,0,0,25.4373,25.4373,"N"
"373",2003,"SNOW","EBS","ALL",17.5,0,0,-13.8155095579638,0,0,960.2958,960.2958,"N"
"374",2003,"SNOW","EBS","ALL",22.5,0,0,-13.8155095579638,0,0,560.4022,560.4022,"N"
"375",2003,"SNOW","EBS","ALL",27.5,0,0,-13.8155095579638,0,0,792.6767,792.6767,"N"
"376",2003,"SNOW","EBS","ALL",32.5,0,0,-13.8155095579638,0,0,2742.3292,2742.3292,"N"
"377",2003,"SNOW","EBS","ALL",37.5,0.00542787259466592,0.00261345971050395,-5.31613370216231,0.458123653264348,23.2518250904722,4260.53057490953,4283.7824,"N"
"378",2003,"SNOW","EBS","ALL",42.5,0.0133587012562167,0.00287051772329961,-4.32471216722669,0.215300984160532,58.5172177645733,4321.93988223543,4380.4571,"N"
"379",2003,"SNOW","EBS","ALL",47.5,0.0328143080672397,0.00608524784638637,-3.40021034249538,0.188307904404489,256.762086800853,7567.93701319915,7824.6991,"N"
"380",2003,"SNOW","EBS","ALL",52.5,0.06847965737609,0.0100475054710009,-2.62078231234534,0.155753239174823,317.477902700477,4318.61279729952,4636.0907,"N"
"381",2003,"SNOW","EBS","ALL",57.5,0.111314988673782,0.0147233124222573,-2.08596464605897,0.148775915883851,399.96938109441,3193.16201890559,3593.1314,"N"
"382",2003,"SNOW","EBS","ALL",62.5,0.174038900871445,0.0178203653780931,-1.56225969230565,0.123867120786279,430.618343660797,2043.6465563392,2474.2649,"N"
"383",2003,"SNOW","EBS","ALL",67.5,0.20966047157419,0.0156670011156989,-1.32955475734332,0.0943728659684862,452.68798787847,1706.46001212153,2159.148,"N"
"384",2003,"SNOW","EBS","ALL",72.5,0.265155149277283,0.0173113543196271,-1.02119148255854,0.088797341879287,414.958687281812,1150.00691271819,1564.9656,"N"
"385",2003,"SNOW","EBS","ALL",77.5,0.273851404172123,0.0164939327134354,-0.976713902632934,0.0827784140460751,350.971026722719,930.640173277281,1281.6112,"N"
"386",2003,"SNOW","EBS","ALL",82.5,0.26089879163889,0.0160203548868864,-1.04294236322951,0.082919699771492,252.627752056475,715.670147943525,968.2979,"N"
"387",2003,"SNOW","EBS","ALL",87.5,0.270769822462042,0.0163447407610962,-0.992288734774996,0.0827908229934996,224.794677072958,605.411122927042,830.2058,"N"
"388",2003,"SNOW","EBS","ALL",92.5,0.319304000367754,0.0188792027935926,-0.758335100075078,0.0869537302324109,270.352302331374,576.340197668626,846.6925,"N"
"389",2003,"SNOW","EBS","ALL",97.5,0.437747715030001,0.0221306457945455,-0.250809130016432,0.0900508149673663,331.833342135348,426.213657864652,758.047,"N"
"390",2003,"SNOW","EBS","ALL",102.5,0.67114198574399,0.0231416631190689,0.71525844136962,0.105333989223031,331.851054187612,162.606245812388,494.4573,"N"
"391",2003,"SNOW","EBS","ALL",107.5,0.832279737140043,0.0231271631541331,1.61099950185196,0.166020443285422,373.913074142563,75.3506258574368,449.2637,"N"
"392",2003,"SNOW","EBS","ALL",112.5,0.893222366490769,0.0193736975658491,2.13992558465525,0.200423861313933,343.477406432208,41.0599935677924,384.5374,"N"
"393",2003,"SNOW","EBS","ALL",117.5,0.919937176729764,0.0146877212837587,2.45761961515752,0.195215627852076,229.237857157242,19.9507428427576,249.1886,"N"
"394",2003,"SNOW","EBS","ALL",122.5,0.938622927965663,0.0135906398431814,2.75170235426963,0.23640644793716,122.063875703344,7.98182429665572,130.0457,"N"
"395",2003,"SNOW","EBS","ALL",127.5,0.972486942186989,0.0101117091622831,3.63044914113041,0.372017140244242,35.6464116171699,1.00848838283014,36.6549,"N"
"396",2003,"SNOW","EBS","ALL",132.5,0.976850639560641,0.0118108981833463,3.99663286476845,0.744851885220458,4.88425319780321,0.115746802196794,5,"N"
"397",2003,"SNOW","EBS","ALL",137.5,1,0,13.815509557935,0,1,0,1,"N"
"398",2004,"SNOW","EBS","ALL",12.5,0,0,-13.8155095579638,0,0,23,23,"N"
"399",2004,"SNOW","EBS","ALL",17.5,0,0,-13.8155095579638,0,0,84.3596,84.3596,"N"
"400",2004,"SNOW","EBS","ALL",22.5,0,0,-13.8155095579638,0,0,708.0733,708.0733,"N"
"401",2004,"SNOW","EBS","ALL",27.5,0,0,-13.8155095579638,0,0,897.0333,897.0333,"N"
"402",2004,"SNOW","EBS","ALL",32.5,0,0,-13.8155095579638,0,0,7825.1293,7825.1293,"N"
"403",2004,"SNOW","EBS","ALL",37.5,0.0179709208496055,0.00932606666597304,-4.10879125551862,0.465766577818982,292.95945373227,16008.9015462677,16301.861,"N"
"404",2004,"SNOW","EBS","ALL",42.5,0.028761153680714,0.0123664879668189,-3.58830825664528,0.367578742449907,197.405425421831,6666.20747457817,6863.6129,"N"
"405",2004,"SNOW","EBS","ALL",47.5,0.0531050615932806,0.0315439721467073,-3.01439772954889,0.528532342626591,276.46804667971,4929.59025332029,5206.0583,"N"
"406",2004,"SNOW","EBS","ALL",52.5,0.110055902804704,0.0466636000049352,-2.16701379495324,0.440610938933584,517.684356340166,4186.14654365983,4703.8309,"N"
"407",2004,"SNOW","EBS","ALL",57.5,0.179689213182342,0.0415266436813544,-1.54233012075893,0.273961535323947,764.472088584884,3489.94071141512,4254.4128,"N"
"408",2004,"SNOW","EBS","ALL",62.5,0.242347514317825,0.0324624970329697,-1.14787665611192,0.177184883075811,1357.17571928082,4242.94658071918,5600.1223,"N"
"409",2004,"SNOW","EBS","ALL",67.5,0.294338906951243,0.0311304218684236,-0.879084006230002,0.150991579035233,918.950497631056,2203.13250236894,3122.083,"N"
"410",2004,"SNOW","EBS","ALL",72.5,0.34588334883402,0.0325973710806026,-0.64041404344722,0.144894812290516,351.999638679787,665.683461320213,1017.6831,"N"
"411",2004,"SNOW","EBS","ALL",77.5,0.397172987033278,0.0371977194290135,-0.419668999534092,0.155621170395939,322.637597856275,489.697602143725,812.3352,"N"
"412",2004,"SNOW","EBS","ALL",82.5,0.413493363193609,0.0403103918962022,-0.351858181136887,0.166720161115596,232.515505292357,329.804294707643,562.3198,"N"
"413",2004,"SNOW","EBS","ALL",87.5,0.424715535277124,0.0369823512057846,-0.305069560404157,0.151470455133388,124.944557501519,169.239542498481,294.1841,"N"
"414",2004,"SNOW","EBS","ALL",92.5,0.473824030027621,0.0391264229647009,-0.105397412079407,0.157681924705892,173.024899573096,192.142100426904,365.167,"N"
"415",2004,"SNOW","EBS","ALL",97.5,0.613700205989235,0.0377685525485374,0.46574155167979,0.159790298089966,206.71221079321,130.11708920679,336.8293,"N"
"416",2004,"SNOW","EBS","ALL",102.5,0.776246153690482,0.0275283862287467,1.25077640098616,0.157867816634694,235.076289319011,67.7610106809895,302.8373,"N"
"417",2004,"SNOW","EBS","ALL",107.5,0.888050556299221,0.0231554551252204,2.09162241259489,0.230930193797462,277.567660995994,34.9907390040056,312.5584,"N"
"418",2004,"SNOW","EBS","ALL",112.5,0.93034123257128,0.0159053238071952,2.61750850296998,0.244624915331196,311.474337231688,23.3214627683124,334.7958,"N"
"419",2004,"SNOW","EBS","ALL",117.5,0.943852338013007,0.0127353027351745,2.84680625528659,0.236438881863699,301.005176123768,17.9061238762324,318.9113,"N"
"420",2004,"SNOW","EBS","ALL",122.5,0.965302691500381,0.00937109231660835,3.36098167602157,0.275310641723688,226.400741840731,8.13785815926869,234.5386,"N"
"421",2004,"SNOW","EBS","ALL",127.5,0.976948254793807,0.00860351820705822,3.81133228768601,0.368056912796549,81.1636886703638,1.91511132963623,83.0788,"N"
"422",2004,"SNOW","EBS","ALL",132.5,0.983471298209216,0.00843301111774684,4.25171803069046,0.574140806806432,22.3249951636089,0.375204836391152,22.7002,"N"
"423",2004,"SNOW","EBS","ALL",137.5,1,0,13.815509557935,0,9.1783,0,9.1783,"N"
"424",2004,"SNOW","EBS","ALL",142.5,1,0,13.815509557935,0,2.2116,0,2.2116,"N"
"425",2005,"SNOW","EBS","ALL",12.5,0,0,-13.8155095579638,0,0,2.8632,2.8632,"N"
"426",2005,"SNOW","EBS","ALL",17.5,0,0,-13.8155095579638,0,0,16.3533,16.3533,"N"
"427",2005,"SNOW","EBS","ALL",22.5,0,0,-13.8155095579638,0,0,61.2081,61.2081,"N"
"428",2005,"SNOW","EBS","ALL",27.5,0,0,-13.8155095579638,0,0,338.5862,338.5862,"N"
"429",2005,"SNOW","EBS","ALL",32.5,0,0,-13.8155095579638,0,0,1498.1009,1498.1009,"N"
"430",2005,"SNOW","EBS","ALL",37.5,0.0165665846768742,0.00599269166431381,-4.14300748733409,0.347234055753459,35.9642015326686,2134.92389846733,2170.8881,"N"
"431",2005,"SNOW","EBS","ALL",42.5,0.0372521470997649,0.00619590499187542,-3.26599643946549,0.17416257876083,338.450571580265,8746.94712841974,9085.3977,"N"
"432",2005,"SNOW","EBS","ALL",47.5,0.123799699028277,0.0191640722725887,-1.9686218184849,0.176519580646337,1132.4035597329,8014.6587402671,9147.0623,"N"
"433",2005,"SNOW","EBS","ALL",52.5,0.216963712445852,0.0288364434893106,-1.29159323279992,0.169956196791123,1913.94768915644,6907.56291084357,8821.5106,"N"
"434",2005,"SNOW","EBS","ALL",57.5,0.242023637598622,0.0184479931482155,-1.14421970294734,0.100550866158439,1978.51622753078,6196.37217246922,8174.8884,"N"
"435",2005,"SNOW","EBS","ALL",62.5,0.29642047728635,0.0207210160290382,-0.866422613876684,0.0996907692810999,3274.40156968402,7772.07403031598,11046.4756,"N"
"436",2005,"SNOW","EBS","ALL",67.5,0.364637785233545,0.0252711981922358,-0.556926619416651,0.109653533374054,3015.21752210408,5253.85837789592,8269.0759,"N"
"437",2005,"SNOW","EBS","ALL",72.5,0.443402991409705,0.033864220752078,-0.228417979469644,0.137744318665053,1581.48238998035,1985.21071001965,3566.6931,"N"
"438",2005,"SNOW","EBS","ALL",77.5,0.490485608064048,0.0361265140248407,-0.0382409274542119,0.1452027329536,1245.88676026828,1294.22193973172,2540.1087,"N"
"439",2005,"SNOW","EBS","ALL",82.5,0.500616109535928,0.0304048592431607,0.00244862984227815,0.121996026799489,1501.19557526256,1497.50052473744,2998.6961,"N"
"440",2005,"SNOW","EBS","ALL",87.5,0.508375147562571,0.032126783719443,0.0336164816166984,0.128992276136819,1213.17196345161,1173.19953654839,2386.3715,"N"
"441",2005,"SNOW","EBS","ALL",92.5,0.551597567554096,0.033914608055802,0.208082940190854,0.137592550239348,667.208777169488,542.384622830511,1209.5934,"N"
"442",2005,"SNOW","EBS","ALL",97.5,0.692636836322389,0.0270944750481228,0.815590231455194,0.127454485843709,355.527301954835,157.768098045165,513.2954,"N"
"443",2005,"SNOW","EBS","ALL",102.5,0.856458572776394,0.0162973884503654,1.79250400750099,0.133451388066439,277.959347501715,46.5856524982853,324.545,"N"
"444",2005,"SNOW","EBS","ALL",107.5,0.935461180905887,0.00966218214288606,2.68477960013244,0.158902773211952,198.66651028029,13.7062897197103,212.3728,"N"
"445",2005,"SNOW","EBS","ALL",112.5,0.966336977050579,0.00575076687185836,3.3714191428244,0.174938088561547,251.942990121836,8.77660987816398,260.7196,"N"
"446",2005,"SNOW","EBS","ALL",117.5,0.974873876877366,0.00430698118580801,3.67277843852985,0.173765103984934,252.361895986512,6.50430401348837,258.8662,"N"
"447",2005,"SNOW","EBS","ALL",122.5,0.985148701722818,0.00344440259168421,4.22043309492526,0.229558820353201,192.803944988524,2.9065550114764,195.7105,"N"
"448",2005,"SNOW","EBS","ALL",127.5,0.990718763966417,0.0038867225520091,4.7558847852338,0.418059615601655,140.506211902627,1.31628809737279,141.8225,"N"
"449",2005,"SNOW","EBS","ALL",132.5,0.995497065196448,0.00229741571609814,5.54205898743885,0.529046443668428,50.4245146445696,0.228085355430416,50.6526,"N"
"450",2005,"SNOW","EBS","ALL",137.5,1,0,13.815509557935,0,6.4879,0,6.4879,"N"
"451",2005,"SNOW","EBS","ALL",142.5,1,0,13.815509557935,0,2.8604,0,2.8604,"N"
"452",2006,"SNOW","EBS","ALL",17.5,0,0,-13.8155095579638,0,0,84.4272,84.4272,"N"
"453",2006,"SNOW","EBS","ALL",22.5,0,0,-13.8155095579638,0,0,256.6646,256.6646,"N"
"454",2006,"SNOW","EBS","ALL",27.5,0,0,-13.8155095579638,0,0,449.0633,449.0633,"N"
"455",2006,"SNOW","EBS","ALL",32.5,0,0,-13.8155095579638,0,0,952.7666,952.7666,"N"
"456",2006,"SNOW","EBS","ALL",37.5,0.00674707324392085,0.00289392132551464,-5.06828795726504,0.384274551139034,21.7324234500604,3199.28247654994,3221.0149,"N"
"457",2006,"SNOW","EBS","ALL",42.5,0.0231862225957015,0.00938881717009242,-3.80771052473517,0.365800174284971,134.600105261846,5670.57599473815,5805.1761,"N"
"458",2006,"SNOW","EBS","ALL",47.5,0.0757298525761201,0.0119226826788013,-2.51402890581851,0.169824975647704,226.688945537906,2766.70055446209,2993.3895,"N"
"459",2006,"SNOW","EBS","ALL",52.5,0.173080189446486,0.0203736767696628,-1.57051779545305,0.141878094714229,417.028495162308,1992.42400483769,2409.4525,"N"
"460",2006,"SNOW","EBS","ALL",57.5,0.20754610255353,0.0217728270999122,-1.34490083831674,0.13253545011232,776.283317576691,2964.01008242331,3740.2934,"N"
"461",2006,"SNOW","EBS","ALL",62.5,0.281647054637196,0.0240435537289777,-0.939393824837315,0.119053609317337,1285.19071619136,3277.93428380864,4563.125,"N"
"462",2006,"SNOW","EBS","ALL",67.5,0.343008263802915,0.0276544403521379,-0.652283651706855,0.122990784621317,1302.69026449548,2495.14903550452,3797.8393,"N"
"463",2006,"SNOW","EBS","ALL",72.5,0.358089283953933,0.0219907755833637,-0.58496335344402,0.095757191185986,1005.42565253773,1802.32564746227,2807.7513,"N"
"464",2006,"SNOW","EBS","ALL",77.5,0.407064436210224,0.0181807354126101,-0.376650610559305,0.0755436445585439,847.15926126141,1233.98363873859,2081.1429,"N"
"465",2006,"SNOW","EBS","ALL",82.5,0.431628531078875,0.0183679176305186,-0.275604534313997,0.0750914685550489,1024.36172077729,1348.88667922271,2373.2484,"N"
"466",2006,"SNOW","EBS","ALL",87.5,0.501945775629679,0.0180009931866863,0.00778346230641163,0.0720932790227956,623.544649504847,618.710350495153,1242.255,"N"
"467",2006,"SNOW","EBS","ALL",92.5,0.58287349092026,0.0189377444284137,0.335083329903444,0.0779761479872703,365.157302270044,261.320497729956,626.4778,"N"
"468",2006,"SNOW","EBS","ALL",97.5,0.676119158456949,0.0214597382976969,0.737690695252217,0.0982176420089936,231.453234649849,110.872865350151,342.3261,"N"
"469",2006,"SNOW","EBS","ALL",102.5,0.815642979127751,0.0245656508448233,1.49532309542601,0.161550362475494,204.248176282403,46.1655237175972,250.4137,"N"
"470",2006,"SNOW","EBS","ALL",107.5,0.926775534033453,0.0136159882778641,2.55465839449871,0.195598163054462,192.720191975655,15.2268080243455,207.947,"N"
"471",2006,"SNOW","EBS","ALL",112.5,0.962911765044657,0.00914117769758089,3.28542531260045,0.248163027123306,98.8271009288874,3.80649907111264,102.6336,"N"
"472",2006,"SNOW","EBS","ALL",117.5,0.969384175383995,0.0118754646701897,3.52357228753187,0.377738634187237,67.1748335710795,2.12156642892052,69.2964,"N"
"473",2006,"SNOW","EBS","ALL",122.5,0.987614115110382,0.00584366302691267,4.47330294296217,0.429650173310019,42.2322560289386,0.529643971061361,42.7619,"N"
"474",2006,"SNOW","EBS","ALL",127.5,0.987997060674034,0.00612394863569675,4.5969031861295,0.601050781412406,16.7959500314586,0.204049968541415,17,"N"
"475",2006,"SNOW","EBS","ALL",132.5,0.973772946377155,0.0133811498075742,4.08113773689875,0.974479655990788,5.84263767826293,0.157362321737073,6,"N"
"476",2006,"SNOW","EBS","ALL",137.5,1,0,13.815509557935,0,2,0,2,"N"
"477",2007,"SNOW","EBS","ALL",7.5,0,0,-13.8155095579638,0,0,3,3,"N"
"478",2007,"SNOW","EBS","ALL",12.5,0,0,-13.8155095579638,0,0,1,1,"N"
"479",2007,"SNOW","EBS","ALL",17.5,0,0,-13.8155095579638,0,0,4,4,"N"
"480",2007,"SNOW","EBS","ALL",22.5,0,0,-13.8155095579638,0,0,64.0586,64.0586,"N"
"481",2007,"SNOW","EBS","ALL",27.5,0,0,-13.8155095579638,0,0,65.8476,65.8476,"N"
"482",2007,"SNOW","EBS","ALL",32.5,0,0,-13.8155095579638,0,0,356.6903,356.6903,"N"
"483",2007,"SNOW","EBS","ALL",37.5,0.00849471688052905,0.00294575050923517,-4.82110763859297,0.360277565689456,13.7636686612231,1606.49853133878,1620.2622,"N"
"484",2007,"SNOW","EBS","ALL",42.5,0.0199220162111281,0.00421218249083363,-3.91781524994015,0.214550176098813,51.0374702400844,2510.82522975992,2561.8627,"N"
"485",2007,"SNOW","EBS","ALL",47.5,0.0624167647250304,0.00925786079016047,-2.72066127094167,0.160999139365282,296.349568389561,4451.56663161044,4747.9162,"N"
"486",2007,"SNOW","EBS","ALL",52.5,0.139224659994071,0.0160489311780906,-1.82826460156569,0.134754661056639,1009.87780790583,6243.70649209417,7253.5843,"N"
"487",2007,"SNOW","EBS","ALL",57.5,0.244590622009801,0.0226333514065887,-1.13145724766647,0.122008257252695,1487.80483649611,4595.03196350389,6082.8368,"N"
"488",2007,"SNOW","EBS","ALL",62.5,0.328533271338079,0.0220283401512601,-0.716504739988747,0.0995560583384018,1568.49064034092,3205.73095965908,4774.2216,"N"
"489",2007,"SNOW","EBS","ALL",67.5,0.398316854285405,0.0252204877142326,-0.413562408332013,0.105071043305039,1096.94920183975,1657.01209816025,2753.9613,"N"
"490",2007,"SNOW","EBS","ALL",72.5,0.406877556301171,0.0264864921869055,-0.377971002415968,0.109751874261684,1025.74466672513,1495.27093327487,2521.0156,"N"
"491",2007,"SNOW","EBS","ALL",77.5,0.418363664828378,0.0262866891686199,-0.330423567605419,0.108125627003274,914.607357482851,1271.54654251715,2186.1539,"N"
"492",2007,"SNOW","EBS","ALL",82.5,0.409553649802357,0.0241894296175253,-0.366696723959925,0.10005443917253,924.096050088628,1332.25314991137,2256.3492,"N"
"493",2007,"SNOW","EBS","ALL",87.5,0.406302953993169,0.0227565651146111,-0.380092529192846,0.09439951981119,756.598752250786,1105.55544774921,1862.1542,"N"
"494",2007,"SNOW","EBS","ALL",92.5,0.461892439481943,0.0252696548331514,-0.153121433065422,0.101910976696606,799.116460597437,930.975639402563,1730.0921,"N"
"495",2007,"SNOW","EBS","ALL",97.5,0.597862794340169,0.024711471799133,0.397605804520456,0.10302939685938,783.755734907842,527.173365092158,1310.9291,"N"
"496",2007,"SNOW","EBS","ALL",102.5,0.792546432461283,0.0187264309545041,1.34413631188193,0.113979240445508,990.479039124888,259.263560875112,1249.7426,"N"
"497",2007,"SNOW","EBS","ALL",107.5,0.901334938225268,0.0121548820171512,2.21966316418576,0.137040160581903,1059.76321125158,116.00748874842,1175.7707,"N"
"498",2007,"SNOW","EBS","ALL",112.5,0.948977910616892,0.00715596889517329,2.93293784513317,0.148074956657108,787.701202458955,42.3509975410451,830.0522,"N"
"499",2007,"SNOW","EBS","ALL",117.5,0.96306784485557,0.00705427755177566,3.27809600131501,0.190204824743834,364.729683466245,13.9868165337555,378.7165,"N"
"500",2007,"SNOW","EBS","ALL",122.5,0.971632193346842,0.00622330561446484,3.55745977229815,0.225056897201932,137.994799138234,4.02890086176615,142.0237,"N"
"501",2007,"SNOW","EBS","ALL",127.5,0.987266842092319,0.00624488841126301,4.44513223880141,0.424296163125778,25.2439195188796,0.325580481120443,25.5695,"N"
"502",2007,"SNOW","EBS","ALL",132.5,0.994945545429419,0.00257880335233717,5.62821088243094,0.772297663244713,11.0044957106675,0.0559042893324531,11.0604,"N"
"503",2008,"SNOW","EBS","ALL",12.5,0,0,-13.8155095579638,0,0,100.0147,100.0147,"Y"
"504",2008,"SNOW","EBS","ALL",17.5,0,0,-13.8155095579638,0,0,195.3773,195.3773,"Y"
"505",2008,"SNOW","EBS","ALL",22.5,0,0,-13.8155095579638,0,0,2990.125,2990.125,"Y"
"506",2008,"SNOW","EBS","ALL",27.5,0,0,-13.8155095579638,0,0,854.3854,854.3854,"Y"
"507",2008,"SNOW","EBS","ALL",32.5,0,0,-13.8155095579638,0,0,1455.5153,1455.5153,"Y"
"508",2008,"SNOW","EBS","ALL",37.5,0.0146141486370752,0.0105907645767384,-4.42799648577838,0.668884914928814,12.4056906461674,836.476509353833,848.8822,"Y"
"509",2008,"SNOW","EBS","ALL",42.5,0.0271551666877012,0.0235137503496937,-3.90687027304661,0.838670632791958,29.5110158892093,1057.24408411079,1086.7551,"Y"
"510",2008,"SNOW","EBS","ALL",47.5,0.0714617049091884,0.0518963101283361,-2.81716947527073,0.788136578786155,84.8788543910032,1102.874145609,1187.753,"Y"
"511",2008,"SNOW","EBS","ALL",52.5,0.150220530200882,0.0780070839391247,-1.87372499541923,0.655032611688673,346.230921888323,1958.58667811168,2304.8176,"Y"
"512",2008,"SNOW","EBS","ALL",57.5,0.24065718557838,0.102981966823691,-1.2404857896527,0.607052928845085,754.44427308538,2380.48922691462,3134.9335,"Y"
"513",2008,"SNOW","EBS","ALL",62.5,0.308872954027543,0.112007821186162,-0.863145059813305,0.558068265803912,1127.52326735564,2522.92023264436,3650.4435,"Y"
"514",2008,"SNOW","EBS","ALL",67.5,0.355075264310402,0.115848629252968,-0.637288587569036,0.537009896179469,1456.6379329675,2645.6977670325,4102.3357,"Y"
"515",2008,"SNOW","EBS","ALL",72.5,0.398274819833163,0.124378081193473,-0.442691348124123,0.555583676602581,1492.70765894162,2255.22614105838,3747.9338,"Y"
"516",2008,"SNOW","EBS","ALL",77.5,0.434710354479634,0.126352454607056,-0.281599915477589,0.551064514910551,989.455888068595,1286.6709119314,2276.1268,"Y"
"517",2008,"SNOW","EBS","ALL",82.5,0.460780746191063,0.122684607875445,-0.166915799607859,0.526256064462718,742.634384564511,869.052715435489,1611.6871,"Y"
"518",2008,"SNOW","EBS","ALL",87.5,0.501911531207235,0.1144770768373,0.00925798771762516,0.483312527500676,642.152489214514,637.261210785486,1279.4137,"Y"
"519",2008,"SNOW","EBS","ALL",92.5,0.564377146572711,0.110124381513537,0.273310402993104,0.471251036842196,684.140742523458,528.064157476542,1212.2049,"Y"
"520",2008,"SNOW","EBS","ALL",97.5,0.668416579725027,0.0998973165279591,0.737277166032058,0.471308207121192,637.073456835193,316.034943164807,953.1084,"Y"
"521",2008,"SNOW","EBS","ALL",102.5,0.799679724795468,0.0704063330534338,1.44518237621002,0.45798746161413,726.178122506563,181.908077493437,908.0862,"Y"
"522",2008,"SNOW","EBS","ALL",107.5,0.89356388477623,0.0422114158394442,2.20937971245211,0.465007763736969,611.355321856216,72.8210781437842,684.1764,"Y"
"523",2008,"SNOW","EBS","ALL",112.5,0.929303568461754,0.0329378194427714,2.68507859302188,0.514846053070285,603.748641333237,45.9299586667634,649.6786,"Y"
"524",2008,"SNOW","EBS","ALL",117.5,0.949329382066235,0.0258523560886556,3.05396850010868,0.53154843314752,354.453294839649,18.919005160351,373.3723,"Y"
"525",2008,"SNOW","EBS","ALL",122.5,0.961812571884871,0.0194833816913924,3.3591869382249,0.53854411366034,186.858349571849,7.41895042815136,194.2773,"Y"
"526",2008,"SNOW","EBS","ALL",127.5,0.973841954024847,0.0133459418240579,3.80959296672045,0.642899713564134,77.7592349607805,2.08866503921946,79.8479,"Y"
"527",2008,"SNOW","EBS","ALL",132.5,0.979317270614202,0.0105524129519376,4.18785822645275,0.838361924924052,22.7792135096675,0.481086490332469,23.2603,"Y"
"528",2008,"SNOW","EBS","ALL",137.5,1,0,13.815509557935,0,19.093,0,19.093,"Y"
"529",2008,"SNOW","EBS","ALL",142.5,1,0,13.815509557935,0,1,0,1,"Y"
"530",2009,"SNOW","EBS","ALL",12.5,0,0,-13.8155095579638,0,0,15,15,"N"
"531",2009,"SNOW","EBS","ALL",17.5,0,0,-13.8155095579638,0,0,264.2731,264.2731,"N"
"532",2009,"SNOW","EBS","ALL",22.5,0,0,-13.8155095579638,0,0,817.153,817.153,"N"
"533",2009,"SNOW","EBS","ALL",27.5,0,0,-13.8155095579638,0,0,1539.5031,1539.5031,"N"
"534",2009,"SNOW","EBS","ALL",32.5,0,0,-13.8155095579638,0,0,2653.2025,2653.2025,"N"
"535",2009,"SNOW","EBS","ALL",37.5,0.0120278168801199,0.00534389819451825,-4.49223750908646,0.406757700391522,56.5841031517154,4647.85259684828,4704.4367,"N"
"536",2009,"SNOW","EBS","ALL",42.5,0.0289307664697888,0.00848523881100936,-3.55263451805611,0.284219127370354,104.215746471961,3498.03055352804,3602.2463,"N"
"537",2009,"SNOW","EBS","ALL",47.5,0.0694614907064771,0.0130691673667853,-2.61231198612989,0.200586503641859,304.567242608764,4080.12475739124,4384.692,"N"
"538",2009,"SNOW","EBS","ALL",52.5,0.156218112179361,0.0234414630919957,-1.69753400405655,0.178361169619183,506.982825284758,2738.36957471524,3245.3524,"N"
"539",2009,"SNOW","EBS","ALL",57.5,0.244575199196937,0.0343257623210115,-1.13646766031485,0.185298136756954,647.382481292718,1999.58451870728,2646.967,"N"
"540",2009,"SNOW","EBS","ALL",62.5,0.299111113368244,0.0380491173674829,-0.858066592417252,0.181434817801862,723.427147681302,1695.1628523187,2418.59,"N"
"541",2009,"SNOW","EBS","ALL",67.5,0.33418792602981,0.0323332202376357,-0.692765642615421,0.145396396948318,562.908916364398,1121.4993836356,1684.4083,"N"
"542",2009,"SNOW","EBS","ALL",72.5,0.367400715198762,0.0294234249526589,-0.545490955377125,0.126805981572025,671.176040001477,1155.64685999852,1826.8229,"N"
"543",2009,"SNOW","EBS","ALL",77.5,0.38656123801462,0.032140024224847,-0.463858773143967,0.135924452630597,650.199713328476,1031.80988667152,1682.0096,"N"
"544",2009,"SNOW","EBS","ALL",82.5,0.37401257349966,0.0321512275973918,-0.517441973187648,0.138091507766071,515.078933247784,862.091166752216,1377.1701,"N"
"545",2009,"SNOW","EBS","ALL",87.5,0.352128722499593,0.0289718935141292,-0.612106484919488,0.127627686048754,473.850290456557,871.823209543444,1345.6735,"N"
"546",2009,"SNOW","EBS","ALL",92.5,0.382490291263604,0.028772250935845,-0.480746817401341,0.122220757024192,492.300079215967,794.791620784033,1287.0917,"N"
"547",2009,"SNOW","EBS","ALL",97.5,0.483616285706441,0.0323100334508932,-0.0658325634257139,0.12987487944396,572.759002654166,611.566297345834,1184.3253,"N"
"548",2009,"SNOW","EBS","ALL",102.5,0.690893414775151,0.0285114530536829,0.807695619389394,0.133731192998111,578.916380950078,259.007919049922,837.9243,"N"
"549",2009,"SNOW","EBS","ALL",107.5,0.849236281550715,0.0205131564593631,1.73749780064678,0.159513119833011,563.446192665579,100.027807334421,663.474,"N"
"550",2009,"SNOW","EBS","ALL",112.5,0.910674497518695,0.0140168234867867,2.33389803868427,0.170845118846974,581.252386698368,57.0134133016322,638.2658,"N"
"551",2009,"SNOW","EBS","ALL",117.5,0.928685633584146,0.0130461171179799,2.58289065303156,0.194217941420705,462.674154445649,35.5290455543508,498.2032,"N"
"552",2009,"SNOW","EBS","ALL",122.5,0.941578122425436,0.01511918926462,2.81225781879597,0.271254551324337,352.039017410855,21.8428825891455,373.8819,"N"
"553",2009,"SNOW","EBS","ALL",127.5,0.960459811348252,0.0146351149996231,3.25473325902877,0.376082451977089,116.761178345984,4.80682165401569,121.568,"N"
"554",2009,"SNOW","EBS","ALL",132.5,0.971180878460729,0.0147036334384034,3.67045036815857,0.56906864610678,39.3561339187426,1.1678660812574,40.524,"N"
"555",2009,"SNOW","EBS","ALL",137.5,1,0,13.815509557935,0,3,0,3,"N"
"556",2009,"SNOW","EBS","ALL",147.5,1,0,13.815509557935,0,1,0,1,"N"
"557",2010,"SNOW","EBS","ALL",7.5,0,0,-13.8155095579638,0,0,1,1,"N"
"558",2010,"SNOW","EBS","ALL",12.5,0,0,-13.8155095579638,0,0,28.4159,28.4159,"N"
"559",2010,"SNOW","EBS","ALL",17.5,0,0,-13.8155095579638,0,0,85.7908,85.7908,"N"
"560",2010,"SNOW","EBS","ALL",22.5,0,0,-13.8155095579638,0,0,1398.7871,1398.7871,"N"
"561",2010,"SNOW","EBS","ALL",27.5,0,0,-13.8155095579638,0,0,2787.4346,2787.4346,"N"
"562",2010,"SNOW","EBS","ALL",32.5,0,0,-13.8155095579638,0,0,4808.8101,4808.8101,"N"
"563",2010,"SNOW","EBS","ALL",37.5,0.0159644848518595,0.00772864770478996,-4.22294586939718,0.453653143424162,83.4722311719234,5145.14816882808,5228.6204,"N"
"564",2010,"SNOW","EBS","ALL",42.5,0.035922360017839,0.011904369876714,-3.33927012332061,0.322105623090219,503.646456297523,13516.7702437025,14020.4167,"N"
"565",2010,"SNOW","EBS","ALL",47.5,0.0892441524560917,0.0273555155614128,-2.36605938704371,0.322861021753243,2046.20681250692,20881.9823874931,22928.1892,"N"
"566",2010,"SNOW","EBS","ALL",52.5,0.190296303944465,0.0443939193715796,-1.47252237765547,0.282246696135855,2679.71108658133,11402.0710134187,14081.7821,"N"
"567",2010,"SNOW","EBS","ALL",57.5,0.308418219205942,0.0647570378150446,-0.824184557522152,0.302427314999231,2108.70187417848,4728.44892582152,6837.1508,"N"
"568",2010,"SNOW","EBS","ALL",62.5,0.388477290507766,0.0748591397229806,-0.463900979882463,0.318557658519195,1759.56577641663,2769.82582358337,4529.3916,"N"
"569",2010,"SNOW","EBS","ALL",67.5,0.435611303191375,0.0688684559722471,-0.263645547676837,0.2841504534989,906.946523062781,1175.06217693722,2082.0087,"N"
"570",2010,"SNOW","EBS","ALL",72.5,0.474989875110982,0.0520328070726524,-0.101047726650514,0.210457842946886,450.372717350567,497.800582649433,948.1733,"N"
"571",2010,"SNOW","EBS","ALL",77.5,0.469973686307867,0.05673645459424,-0.121558571845918,0.229981427865518,336.330511950934,379.306388049066,715.6369,"N"
"572",2010,"SNOW","EBS","ALL",82.5,0.463285212967776,0.0646797503532751,-0.149251229179233,0.263460576568571,256.973513087763,297.703186912237,554.6767,"N"
"573",2010,"SNOW","EBS","ALL",87.5,0.468308379352419,0.0685668452878739,-0.129092861412228,0.279658398264175,275.686118299079,312.998881700921,588.685,"N"
"574",2010,"SNOW","EBS","ALL",92.5,0.539463907201513,0.0744110471617488,0.162057234493639,0.305964405182647,466.94048342658,398.62341657342,865.5639,"N"
"575",2010,"SNOW","EBS","ALL",97.5,0.642456505546847,0.0740894927099689,0.601470441014365,0.330280326183685,639.423982349364,355.855817650636,995.2798,"N"
"576",2010,"SNOW","EBS","ALL",102.5,0.791797348165498,0.0516328733351155,1.36487165200574,0.317785944888546,718.595049889719,188.954150110281,907.5492,"N"
"577",2010,"SNOW","EBS","ALL",107.5,0.894231110309423,0.0348405830658633,2.18830703189823,0.371405443540241,762.677463016695,90.2088369833048,852.8863,"N"
"578",2010,"SNOW","EBS","ALL",112.5,0.919492858885708,0.0285424844920862,2.49814492167504,0.390218520807553,864.708003164723,75.710396835277,940.4184,"N"
"579",2010,"SNOW","EBS","ALL",117.5,0.936129113736577,0.0249224218017519,2.75990579085152,0.419029966935505,871.616618379623,59.469281620377,931.0859,"N"
"580",2010,"SNOW","EBS","ALL",122.5,0.95278864813009,0.0217949425042159,3.10691586176279,0.479892306455275,627.526421662358,31.0943783376418,658.6208,"N"
"581",2010,"SNOW","EBS","ALL",127.5,0.971315287707788,0.0146350572919451,3.66203364261301,0.548395651024631,287.991486070323,8.50491392967677,296.4964,"N"
"582",2010,"SNOW","EBS","ALL",132.5,0.977410375048238,0.0115253188529397,3.97231466658804,0.650707896740657,59.4768874372479,1.37461256275213,60.8515,"N"
"583",2010,"SNOW","EBS","ALL",137.5,1,0,13.815509557935,0,31.3719,0,31.3719,"N"
"584",2010,"SNOW","EBS","ALL",142.5,1,0,13.815509557935,0,6,0,6,"N"
"585",2011,"SNOW","EBS","ALL",12.5,0,0,-13.8155095579638,0,0,8.4761,8.4761,"N"
"586",2011,"SNOW","EBS","ALL",17.5,0,0,-13.8155095579638,0,0,43.4877,43.4877,"N"
"587",2011,"SNOW","EBS","ALL",22.5,0,0,-13.8155095579638,0,0,463.4537,463.4537,"N"
"588",2011,"SNOW","EBS","ALL",27.5,0,0,-13.8155095579638,0,0,2700.3368,2700.3368,"N"
"589",2011,"SNOW","EBS","ALL",32.5,0,0,-13.8155095579638,0,0,2943.2063,2943.2063,"N"
"590",2011,"SNOW","EBS","ALL",37.5,0.0080844327641676,0.00335017254457774,-4.88541769151962,0.386200615962551,29.1897847145576,3581.42651528544,3610.6163,"N"
"591",2011,"SNOW","EBS","ALL",42.5,0.0263726224310242,0.00666049795969159,-3.63675532123122,0.238407092198677,161.931193029768,5978.19360697023,6140.1248,"N"
"592",2011,"SNOW","EBS","ALL",47.5,0.0653906342493387,0.01061252997586,-2.67242893401465,0.170173316891203,454.161900911919,6491.20429908808,6945.3662,"N"
"593",2011,"SNOW","EBS","ALL",52.5,0.162628001858349,0.01695591728971,-1.64409275167149,0.125454808880584,1306.21968679576,6725.72851320424,8031.9482,"N"
"594",2011,"SNOW","EBS","ALL",57.5,0.269168481474938,0.0239980118345867,-1.00231530278699,0.122666671804949,2530.01727207548,6869.36432792452,9399.3816,"N"
"595",2011,"SNOW","EBS","ALL",62.5,0.34601622020094,0.0266016549191692,-0.638736353598989,0.117984249092481,2976.29356950149,5625.30773049851,8601.6013,"N"
"596",2011,"SNOW","EBS","ALL",67.5,0.397980462496387,0.0294075715249785,-0.415472566849282,0.123615250708019,1964.90714953485,2972.28785046515,4937.195,"N"
"597",2011,"SNOW","EBS","ALL",72.5,0.405955598357512,0.0309668679165499,-0.382313493557474,0.12929666991209,1030.66978905985,1508.20341094015,2538.8732,"N"
"598",2011,"SNOW","EBS","ALL",77.5,0.402412690914603,0.0309168881241066,-0.39704515657778,0.129095421552033,899.524798210717,1335.80430178928,2235.3291,"N"
"599",2011,"SNOW","EBS","ALL",82.5,0.38812020329507,0.033063870479027,-0.457395649077771,0.139808564590393,518.895442818368,818.049757181632,1336.9452,"N"
"600",2011,"SNOW","EBS","ALL",87.5,0.480398662587706,0.0365194596232652,-0.0789216769584977,0.147238251267478,392.443720491046,424.468879508954,816.9126,"N"
"601",2011,"SNOW","EBS","ALL",92.5,0.597967159811488,0.0341783399167807,0.398944450298549,0.142631751328827,410.423131676852,275.940868323148,686.364,"N"
"602",2011,"SNOW","EBS","ALL",97.5,0.720731090162794,0.0287620334749592,0.95261408621547,0.143457721275008,503.7671037516,195.1996962484,698.9668,"N"
"603",2011,"SNOW","EBS","ALL",102.5,0.829082065354891,0.0215562465431632,1.5869767763751,0.154978389018851,500.96860967216,103.276290327841,604.2449,"N"
"604",2011,"SNOW","EBS","ALL",107.5,0.895281727513021,0.0160546517264122,2.15775582985988,0.174502551586397,601.369868244117,70.3403317558829,671.7102,"N"
"605",2011,"SNOW","EBS","ALL",112.5,0.929416814335392,0.0131848093740706,2.59535543715686,0.203634297490191,643.268616129582,48.8520838704183,692.1207,"N"
"606",2011,"SNOW","EBS","ALL",117.5,0.933697265503483,0.0143762357291599,2.66773492081785,0.229207093350813,635.522350941117,45.1290490588827,680.6514,"N"
"607",2011,"SNOW","EBS","ALL",122.5,0.942054462115995,0.0150949365063425,2.82251876956435,0.27920383730194,463.348921959075,28.5004780409251,491.8494,"N"
"608",2011,"SNOW","EBS","ALL",127.5,0.962029951522944,0.0127230213059788,3.28846122321394,0.354566801512515,200.438363181834,7.91103681816551,208.3494,"N"
"609",2011,"SNOW","EBS","ALL",132.5,0.965000848963073,0.0178567097127178,3.45042747311651,0.534262174939386,58.7162486558374,2.12955134416265,60.8458,"N"
"610",2011,"SNOW","EBS","ALL",137.5,1,0,13.815509557935,0,17.0053,0,17.0053,"N"
"611",2011,"SNOW","EBS","ALL",147.5,1,0,13.815509557935,0,4.6742,0,4.6742,"N"
"612",2011,"SNOW","EBS","ALL",152.5,1,0,13.815509557935,0,1,0,1,"N"
"613",2012,"SNOW","EBS","ALL",7.5,0,0,-13.8155095579638,0,0,6.3636,6.3636,"Y"
"614",2012,"SNOW","EBS","ALL",12.5,0,0,-13.8155095579638,0,0,58.5454,58.5454,"Y"
"615",2012,"SNOW","EBS","ALL",17.5,0,0,-13.8155095579638,0,0,20.1281,20.1281,"Y"
"616",2012,"SNOW","EBS","ALL",22.5,0,0,-13.8155095579638,0,0,563.2777,563.2777,"Y"
"617",2012,"SNOW","EBS","ALL",27.5,0,0,-13.8155095579638,0,0,658.9273,658.9273,"Y"
"618",2012,"SNOW","EBS","ALL",32.5,0,0,-13.8155095579638,0,0,2351.0107,2351.0107,"Y"
"619",2012,"SNOW","EBS","ALL",37.5,0.0191305114237484,0.0163035407430438,-4.19236631637025,0.718819041009932,100.831796824465,5169.90010317554,5270.7319,"Y"
"620",2012,"SNOW","EBS","ALL",42.5,0.052560438588351,0.0308939803311015,-3.05559403197297,0.617780367949724,244.498729769283,4407.26477023072,4651.7635,"Y"
"621",2012,"SNOW","EBS","ALL",47.5,0.102389036869066,0.0506520111885987,-2.29493502104093,0.575597308598436,339.221145356272,2973.84005464373,3313.0612,"Y"
"622",2012,"SNOW","EBS","ALL",52.5,0.17099819495672,0.0803933559478407,-1.68247485354652,0.574470943146736,609.603161477745,2955.36523852226,3564.9684,"Y"
"623",2012,"SNOW","EBS","ALL",57.5,0.263810890634176,0.0931807519719417,-1.08318837203763,0.500386904862511,1277.07908026465,3563.80931973535,4840.8884,"Y"
"624",2012,"SNOW","EBS","ALL",62.5,0.31489342446075,0.0954380213255635,-0.815695840936239,0.462220038591212,1722.39734588547,3747.38135411453,5469.7787,"Y"
"625",2012,"SNOW","EBS","ALL",67.5,0.37471372695462,0.101403980154776,-0.536109019582893,0.449441169520651,1502.77224006281,2507.68195993719,4010.4542,"Y"
"626",2012,"SNOW","EBS","ALL",72.5,0.445907339446953,0.113117539367317,-0.228794770581628,0.479442371373013,1220.38297345961,1516.47032654039,2736.8533,"Y"
"627",2012,"SNOW","EBS","ALL",77.5,0.495014004930334,0.114732819741922,-0.0212443726361586,0.481785191658692,1047.25123281941,1068.34796718059,2115.5992,"Y"
"628",2012,"SNOW","EBS","ALL",82.5,0.500703237294341,0.113073854245617,0.00226986320216792,0.473675024569715,887.724458288159,885.230841711841,1772.9553,"Y"
"629",2012,"SNOW","EBS","ALL",87.5,0.503980352605292,0.1110383165015,0.015101657034394,0.4645156634373,501.442156355466,493.521543644534,994.9637,"Y"
"630",2012,"SNOW","EBS","ALL",92.5,0.5383646586418,0.123621320140024,0.161214946806828,0.523059106351934,231.629025576136,198.616574423864,430.2456,"Y"
"631",2012,"SNOW","EBS","ALL",97.5,0.619884638914223,0.128342094215925,0.523470229151484,0.572900899347601,273.641627048439,167.797972951561,441.4396,"Y"
"632",2012,"SNOW","EBS","ALL",102.5,0.772411424881744,0.103391147234779,1.31308000187038,0.594540588236629,281.724940366246,83.0093596337544,364.7343,"Y"
"633",2012,"SNOW","EBS","ALL",107.5,0.889680299399175,0.0562855615310333,2.24927410428853,0.650796545933586,250.706481320861,31.0874186791389,281.7939,"Y"
"634",2012,"SNOW","EBS","ALL",112.5,0.934096772264405,0.0336240957834666,2.82680262740735,0.637924588585056,186.947605939713,13.189694060287,200.1373,"Y"
"635",2012,"SNOW","EBS","ALL",117.5,0.954795084471591,0.0230637324124535,3.21935820617014,0.605446805194941,129.999265410653,6.15483458934654,136.1541,"Y"
"636",2012,"SNOW","EBS","ALL",122.5,0.967583019424819,0.0165392758036639,3.58320170321107,0.630929108894004,78.8510494853829,2.64175051461713,81.4928,"Y"
"637",2012,"SNOW","EBS","ALL",127.5,0.978959640682376,0.0107348772028696,4.11419350592247,0.766583004743551,59.3776222540207,1.27617774597933,60.6538,"Y"
"638",2012,"SNOW","EBS","ALL",132.5,0.983918830199499,0.0082046784696436,4.52462007544817,0.928423479870431,12.7909447925935,0.209055207406518,13,"Y"
"639",2012,"SNOW","EBS","ALL",137.5,1,0,13.815509557935,0,4,0,4,"Y"
"640",2012,"SNOW","EBS","ALL",142.5,1,0,13.815509557935,0,1,0,1,"Y"
"641",2013,"SNOW","EBS","ALL",12.5,0,0,-13.8155095579638,0,0,10.4645,10.4645,"N"
"642",2013,"SNOW","EBS","ALL",17.5,0,0,-13.8155095579638,0,0,162.6308,162.6308,"N"
"643",2013,"SNOW","EBS","ALL",22.5,0,0,-13.8155095579638,0,0,289.2841,289.2841,"N"
"644",2013,"SNOW","EBS","ALL",27.5,0,0,-13.8155095579638,0,0,596.2139,596.2139,"N"
"645",2013,"SNOW","EBS","ALL",32.5,0,0,-13.8155095579638,0,0,2470.7052,2470.7052,"N"
"646",2013,"SNOW","EBS","ALL",37.5,0.0111140738650338,0.00407887410746548,-4.54911327007316,0.349110790114113,35.544777634267,3162.63242236573,3198.1772,"N"
"647",2013,"SNOW","EBS","ALL",42.5,0.0321805801193455,0.00621248211451379,-3.42211301576944,0.198705456348754,97.7440711924554,2939.61792880754,3037.362,"N"
"648",2013,"SNOW","EBS","ALL",47.5,0.0650409257265134,0.00963470131803874,-2.67667534899524,0.161565456257276,292.403858891707,4203.28644110829,4495.6903,"N"
"649",2013,"SNOW","EBS","ALL",52.5,0.120358197668398,0.0154321464550296,-1.99733710619172,0.1487021441212,523.003140064805,3822.3854599352,4345.3886,"N"
"650",2013,"SNOW","EBS","ALL",57.5,0.226527219406418,0.0218003793000097,-1.23236109479812,0.126069366561351,980.910883800305,3349.3011161997,4330.212,"N"
"651",2013,"SNOW","EBS","ALL",62.5,0.305149924672323,0.0242687091224486,-0.825478641558682,0.115165910675221,988.976991026434,2251.97740897357,3240.9544,"N"
"652",2013,"SNOW","EBS","ALL",67.5,0.367779629827651,0.0250578563602666,-0.543331525728445,0.108567244302469,824.885281924139,1417.99391807586,2242.8792,"N"
"653",2013,"SNOW","EBS","ALL",72.5,0.408919138610739,0.0298026642672,-0.369829814711674,0.123790556805791,958.278202240401,1385.1635977596,2343.4418,"N"
"654",2013,"SNOW","EBS","ALL",77.5,0.4236628348612,0.0329332879586963,-0.309154299302939,0.135451159608267,1041.40866474473,1416.69853525527,2458.1072,"N"
"655",2013,"SNOW","EBS","ALL",82.5,0.395745093568347,0.0358989511387648,-0.425533349997853,0.150535167982251,886.794509932558,1354.02799006744,2240.8225,"N"
"656",2013,"SNOW","EBS","ALL",87.5,0.408826543682647,0.0339775718500392,-0.370571966334137,0.140963624058903,630.324881197741,911.465618802259,1541.7905,"N"
"657",2013,"SNOW","EBS","ALL",92.5,0.490903749491324,0.0309652051162406,-0.036504629645332,0.124482235190171,384.653769210796,398.908730789204,783.5625,"N"
"658",2013,"SNOW","EBS","ALL",97.5,0.595839625951862,0.0361461123368067,0.39036310609525,0.151180146420929,489.990503920392,332.362496079608,822.353,"N"
"659",2013,"SNOW","EBS","ALL",102.5,0.734555060908375,0.0340858507819117,1.02509779559821,0.176075836251969,549.346845338144,198.516554661856,747.8634,"N"
"660",2013,"SNOW","EBS","ALL",107.5,0.833394726299049,0.0310277398291456,1.62665588643573,0.22527983531303,479.40531593517,95.8386840648297,575.244,"N"
"661",2013,"SNOW","EBS","ALL",112.5,0.874327579812659,0.0278025416730383,1.96378137544768,0.254403142346843,339.51984755319,48.8012524468103,388.3211,"N"
"662",2013,"SNOW","EBS","ALL",117.5,0.900110165146766,0.0257405385698935,2.23110784280319,0.286752935471846,239.341093132855,26.5609068671446,265.902,"N"
"663",2013,"SNOW","EBS","ALL",122.5,0.92157427868342,0.0228792337522308,2.5039132895437,0.307615620701441,146.349866066898,12.4543339331025,158.8042,"N"
"664",2013,"SNOW","EBS","ALL",127.5,0.95481928861234,0.0173149907068011,3.11792708891265,0.38191784807103,65.095664338506,3.08023566149399,68.1759,"N"
"665",2013,"SNOW","EBS","ALL",132.5,0.97685921847605,0.0118065211856889,3.88241464768864,0.543907083556919,16.394335205918,0.388364794082001,16.7827,"N"
"666",2013,"SNOW","EBS","ALL",137.5,1,0,13.815509557935,0,13.4094,0,13.4094,"N"
"667",2013,"SNOW","EBS","ALL",142.5,1,0,13.815509557935,0,1,0,1,"N"
"668",2014,"SNOW","EBS","ALL",12.5,0,0,-13.8155095579638,0,0,5,5,"Y"
"669",2014,"SNOW","EBS","ALL",17.5,0,0,-13.8155095579638,0,0,183.3301,183.3301,"Y"
"670",2014,"SNOW","EBS","ALL",22.5,0,0,-13.8155095579638,0,0,1893.6324,1893.6324,"Y"
"671",2014,"SNOW","EBS","ALL",27.5,0,0,-13.8155095579638,0,0,693.7117,693.7117,"Y"
"672",2014,"SNOW","EBS","ALL",32.5,0,0,-13.8155095579638,0,0,3186.8925,3186.8925,"Y"
"673",2014,"SNOW","EBS","ALL",37.5,0.0156209859579343,0.0125199792656779,-4.37972732563268,0.702489214482827,21.7309049868867,1369.40439501311,1391.1353,"Y"
"674",2014,"SNOW","EBS","ALL",42.5,0.0436881468322078,0.0300663556121558,-3.28105686717897,0.653843293894109,171.361303668611,3751.01389633139,3922.3752,"Y"
"675",2014,"SNOW","EBS","ALL",47.5,0.107827891867856,0.057899381758004,-2.25011904174306,0.599403863007549,907.154630956097,7505.8321690439,8412.9868,"Y"
"676",2014,"SNOW","EBS","ALL",52.5,0.195523440423441,0.0825663426444537,-1.49974484956194,0.539529112339072,952.347029240149,3918.40927075985,4870.7563,"Y"
"677",2014,"SNOW","EBS","ALL",57.5,0.295411569973301,0.101023761912838,-0.919688558559172,0.507978396650464,1622.70748170267,3870.33221829733,5493.0397,"Y"
"678",2014,"SNOW","EBS","ALL",62.5,0.358441459347258,0.107897401951699,-0.614707939183277,0.49396765944623,2346.25735759024,4199.46244240976,6545.7198,"Y"
"679",2014,"SNOW","EBS","ALL",67.5,0.405412357783196,0.111847525110574,-0.404462810489246,0.491168630020673,1881.81470349299,2759.91529650701,4641.73,"Y"
"680",2014,"SNOW","EBS","ALL",72.5,0.468406073723558,0.113464824790669,-0.134248608272358,0.483807291125716,1531.07762164319,1737.61957835681,3268.6972,"Y"
"681",2014,"SNOW","EBS","ALL",77.5,0.503118981234655,0.111830721168775,0.011347269902516,0.474706005897513,1191.96191942097,1177.18328057903,2369.1452,"Y"
"682",2014,"SNOW","EBS","ALL",82.5,0.516738617193671,0.110105178733532,0.0686775044299501,0.466458659684364,873.309035949716,816.731164050284,1690.0402,"Y"
"683",2014,"SNOW","EBS","ALL",87.5,0.525847945558197,0.107705852705235,0.107273068024279,0.454636338751413,648.595264285189,584.832135714811,1233.4274,"Y"
"684",2014,"SNOW","EBS","ALL",92.5,0.558589360518982,0.101964537951064,0.244339325013507,0.430280425896983,621.023005062061,490.747194937939,1111.7702,"Y"
"685",2014,"SNOW","EBS","ALL",97.5,0.64868481738473,0.10153333116215,0.641994175015333,0.458413990383603,816.433608396232,442.164691603768,1258.5983,"Y"
"686",2014,"SNOW","EBS","ALL",102.5,0.794626283679964,0.0849337433316374,1.42660160166699,0.510728298308497,1092.23265956103,282.291040438966,1374.5237,"Y"
"687",2014,"SNOW","EBS","ALL",107.5,0.892563117455549,0.0548147359920669,2.24115538971201,0.564319233838342,1157.21361567245,139.292584327553,1296.5062,"Y"
"688",2014,"SNOW","EBS","ALL",112.5,0.932815738472845,0.0342776844526301,2.77315687487173,0.571697847864264,694.359678120736,50.0099218792637,744.3696,"Y"
"689",2014,"SNOW","EBS","ALL",117.5,0.950473117807902,0.0252688174449478,3.12049776016562,0.603445935445409,522.750615015856,27.2392849841436,549.9899,"Y"
"690",2014,"SNOW","EBS","ALL",122.5,0.964925307007469,0.0178952515268016,3.52066242234426,0.650284210234585,276.277510394909,10.0425896050908,286.3201,"Y"
"691",2014,"SNOW","EBS","ALL",127.5,0.975135282438542,0.0126860803884988,3.9235051590663,0.707759755430585,103.039912430018,2.62738756998182,105.6673,"Y"
"692",2014,"SNOW","EBS","ALL",132.5,0.980057637583035,0.0101746747025331,4.27142473279736,0.881131934524684,25.5871487904904,0.520651209509634,26.1078,"Y"
"693",2014,"SNOW","EBS","ALL",137.5,1,0,13.815509557935,0,4.554,0,4.554,"Y"
"694",2014,"SNOW","EBS","ALL",142.5,1,0,13.815509557935,0,1,0,1,"Y"
"695",2014,"SNOW","EBS","ALL",147.5,1,0,13.815509557935,0,1,0,1,"Y"
"696",2015,"SNOW","EBS","ALL",12.5,0,0,-13.8155095579638,0,0,12.00652,12.00652,"N"
"697",2015,"SNOW","EBS","ALL",17.5,0,0,-13.8155095579638,0,0,192.4738,192.4738,"N"
"698",2015,"SNOW","EBS","ALL",22.5,0,0,-13.8155095579638,0,0,561.612,561.612,"N"
"699",2015,"SNOW","EBS","ALL",27.5,0,0,-13.8155095579638,0,0,2749.01858,2749.01858,"N"
"700",2015,"SNOW","EBS","ALL",32.5,0,0,-13.8155095579638,0,0,8278.36932,8278.36932,"N"
"701",2015,"SNOW","EBS","ALL",37.5,0.00795007362358398,0.00292197609664029,-4.89091512169244,0.364498234387102,88.3594849099294,11025.9382050901,11114.29769,"N"
"702",2015,"SNOW","EBS","ALL",42.5,0.0247435423458325,0.0079769448140427,-3.7249955013898,0.328743351030342,188.798020180548,7441.39564981945,7630.19367,"N"
"703",2015,"SNOW","EBS","ALL",47.5,0.0557851644441768,0.017640336775999,-2.87728731940064,0.330684482425606,234.310985943784,3965.92734405622,4200.23833,"N"
"704",2015,"SNOW","EBS","ALL",52.5,0.119343452832574,0.0291188924726482,-2.02784589657508,0.278128613357445,388.34458726129,2865.66372273871,3254.00831,"N"
"705",2015,"SNOW","EBS","ALL",57.5,0.201780257616284,0.0372258745277515,-1.39107179185976,0.231455891527107,649.875971964099,2570.8354080359,3220.71138,"N"
"706",2015,"SNOW","EBS","ALL",62.5,0.255124002317979,0.0370142804172574,-1.08074425120996,0.195290149543897,708.62171618156,2068.93629381844,2777.55801,"N"
"707",2015,"SNOW","EBS","ALL",67.5,0.29491515035075,0.0368358418677694,-0.877951918184234,0.176747853001381,560.6352196298,1340.3699303702,1901.00515,"N"
"708",2015,"SNOW","EBS","ALL",72.5,0.357449999431327,0.0359174181678037,-0.58990350010035,0.156773673132642,441.932402448422,794.415067551578,1236.34747,"N"
"709",2015,"SNOW","EBS","ALL",77.5,0.420416211029159,0.0391093720634863,-0.323141161963463,0.161485866392504,421.191336601595,580.652373398405,1001.84371,"N"
"710",2015,"SNOW","EBS","ALL",82.5,0.42466419411715,0.048625793577711,-0.306681824045969,0.200847485864556,400.68256624025,542.84545375975,943.52802,"N"
"711",2015,"SNOW","EBS","ALL",87.5,0.463403094965028,0.0469376017901566,-0.147990223001551,0.190281795234971,257.899916337526,298.634813662474,556.53473,"N"
"712",2015,"SNOW","EBS","ALL",92.5,0.501896677633674,0.041319668647649,0.00755072849289934,0.166439269923003,213.094232387716,211.483657612284,424.57789,"N"
"713",2015,"SNOW","EBS","ALL",97.5,0.646915292245514,0.0363357659817712,0.609080208069103,0.158481961642513,247.342427357877,134.998862642123,382.34129,"N"
"714",2015,"SNOW","EBS","ALL",102.5,0.803493449424946,0.028709544111878,1.41807781137453,0.180065420664134,227.742167235138,55.6978127648622,283.43998,"N"
"715",2015,"SNOW","EBS","ALL",107.5,0.889171324986273,0.0220228188767814,2.10117796264989,0.220008262289592,210.481168282583,26.2349317174168,236.7161,"N"
"716",2015,"SNOW","EBS","ALL",112.5,0.925834687826083,0.0198908085046846,2.5581410033438,0.280296881375062,165.432956361141,13.2522436388588,178.6852,"N"
"717",2015,"SNOW","EBS","ALL",117.5,0.923619444966149,0.0299428754598836,2.56237261486361,0.405302590886182,195.140192007724,16.1375079922755,211.2777,"N"
"718",2015,"SNOW","EBS","ALL",122.5,0.934361059114352,0.0298420103961074,2.75218756611701,0.473919018959583,183.476183117413,12.8892168825866,196.3654,"N"
"719",2015,"SNOW","EBS","ALL",127.5,0.957481267730779,0.0216932307496024,3.26126647926488,0.562774769742651,123.764986148148,5.49601385185174,129.261,"N"
"720",2015,"SNOW","EBS","ALL",132.5,0.969785711804208,0.0154154531611183,3.71399694034497,0.71722650731651,46.090132717778,1.43596728222202,47.5261,"N"
"721",2015,"SNOW","EBS","ALL",137.5,1,0,13.815509557935,0,11.5261,0,11.5261,"N"
"722",2015,"SNOW","EBS","ALL",142.5,1,0,13.815509557935,0,2,0,2,"N"
"723",2016,"SNOW","EBS","ALL",7.5,0,0,-13.8155095579638,0,0,95.77609,95.77609,"Y"
"724",2016,"SNOW","EBS","ALL",12.5,0,0,-13.8155095579638,0,0,2,2,"Y"
"725",2016,"SNOW","EBS","ALL",17.5,0,0,-13.8155095579638,0,0,114.11733,114.11733,"Y"
"726",2016,"SNOW","EBS","ALL",22.5,0,0,-13.8155095579638,0,0,2906.86969,2906.86969,"Y"
"727",2016,"SNOW","EBS","ALL",27.5,0,0,-13.8155095579638,0,0,1240.38333,1240.38333,"Y"
"728",2016,"SNOW","EBS","ALL",32.5,0,0,-13.8155095579638,0,0,12261.1821,12261.1821,"Y"
"729",2016,"SNOW","EBS","ALL",37.5,0.015065159695409,0.0132891324075041,-4.45616970087702,0.735576430014508,251.091909103442,16415.9673308966,16667.05924,"Y"
"730",2016,"SNOW","EBS","ALL",42.5,0.0454159390657857,0.0341364361452785,-3.28318140552455,0.734879748744519,770.531650358602,16195.5746596414,16966.10631,"Y"
"731",2016,"SNOW","EBS","ALL",47.5,0.0933517720745278,0.0579798615102157,-2.44866429396658,0.676478329060634,1293.22844335203,12560.053766648,13853.28221,"Y"
"732",2016,"SNOW","EBS","ALL",52.5,0.187720823656823,0.0823444031272386,-1.55700762055185,0.562182668612086,1450.74872486109,6277.47607513891,7728.2248,"Y"
"733",2016,"SNOW","EBS","ALL",57.5,0.30135572721405,0.102821234206703,-0.890449071596458,0.515415176984954,1275.39197994293,2956.78901005707,4232.18099,"Y"
"734",2016,"SNOW","EBS","ALL",62.5,0.351952540415083,0.10781224552878,-0.644843887775447,0.500037320472822,957.222590958533,1762.52646904147,2719.74906,"Y"
"735",2016,"SNOW","EBS","ALL",67.5,0.40658379006508,0.111919391565853,-0.398605026365058,0.492799598752598,518.735374816084,757.103425183916,1275.8388,"Y"
"736",2016,"SNOW","EBS","ALL",72.5,0.453877078925853,0.115486393563647,-0.195016290409906,0.496589231167284,386.872199754832,465.499990245168,852.37219,"Y"
"737",2016,"SNOW","EBS","ALL",77.5,0.492828368956657,0.118926229890702,-0.0303357377797806,0.507944017646499,459.082330798478,472.443449201522,931.52578,"Y"
"738",2016,"SNOW","EBS","ALL",82.5,0.510668194865722,0.115989157131675,0.0451859359359502,0.493879087158632,387.228069358562,371.049170641438,758.27724,"Y"
"739",2016,"SNOW","EBS","ALL",87.5,0.545188522893454,0.111125547850194,0.190254337024743,0.473095950845834,305.958588729285,255.239191270715,561.19778,"Y"
"740",2016,"SNOW","EBS","ALL",92.5,0.615617845155522,0.0990205234526374,0.491527774283855,0.436456796813004,204.62240833387,127.76303166613,332.38544,"Y"
"741",2016,"SNOW","EBS","ALL",97.5,0.739036249418584,0.0797886907345109,1.08347609998461,0.429247483722172,179.961024702908,63.5466852970917,243.50771,"Y"
"742",2016,"SNOW","EBS","ALL",102.5,0.856878070000157,0.0565824051939582,1.86585958939932,0.470522112026506,211.477456263354,35.3224837366455,246.79994,"Y"
"743",2016,"SNOW","EBS","ALL",107.5,0.925163806494654,0.0346481235079302,2.61593818650058,0.495331230995746,180.524280792035,14.6025492079648,195.12683,"Y"
"744",2016,"SNOW","EBS","ALL",112.5,0.952851995563298,0.0240551043044398,3.13976447938382,0.550119362193734,140.735591805342,6.96372819465788,147.69932,"Y"
"745",2016,"SNOW","EBS","ALL",117.5,0.961643955794834,0.0195694103087584,3.34744351058333,0.523074369618513,89.4328878889195,3.56711211108048,93,"Y"
"746",2016,"SNOW","EBS","ALL",122.5,0.972791586609897,0.0138818435663793,3.7152332794836,0.543927550468698,43.7756213974453,1.22437860255466,45,"Y"
"747",2016,"SNOW","EBS","ALL",127.5,0.977281004673162,0.011591324146346,3.98992542593665,0.704069623068061,31.2729921495412,0.727007850458822,32,"Y"
"748",2016,"SNOW","EBS","ALL",132.5,0.977411092994312,0.0115249525539224,4.20249860395789,0.969126513153077,14.6611663949147,0.338833605085318,15,"Y"
"749",2016,"SNOW","EBS","ALL",137.5,1,0,13.815509557935,0,4,0,4,"Y"
"750",2016,"SNOW","EBS","ALL",142.5,1,0,13.815509557935,0,3,0,3,"Y"
"751",2017,"SNOW","EBS","ALL",7.5,0,0,-13.8155095579638,0,0,1,1,"N"
"752",2017,"SNOW","EBS","ALL",12.5,0,0,-13.8155095579638,0,0,15.92308,15.92308,"N"
"753",2017,"SNOW","EBS","ALL",17.5,0,0,-13.8155095579638,0,0,71.55388,71.55388,"N"
"754",2017,"SNOW","EBS","ALL",22.5,0,0,-13.8155095579638,0,0,79.7769,79.7769,"N"
"755",2017,"SNOW","EBS","ALL",27.5,0,0,-13.8155095579638,0,0,1886.29077,1886.29077,"N"
"756",2017,"SNOW","EBS","ALL",32.5,0,0,-13.8155095579638,0,0,7770.02634,7770.02634,"N"
"757",2017,"SNOW","EBS","ALL",37.5,0.0148494903383227,0.00614668131727177,-4.26201613650202,0.360696854812269,200.378513881788,13293.5872261182,13493.96574,"N"
"758",2017,"SNOW","EBS","ALL",42.5,0.0343531703118502,0.00773290167811453,-3.35962863345247,0.222757574331642,1113.3106752371,31294.4893947629,32407.80007,"N"
"759",2017,"SNOW","EBS","ALL",47.5,0.0845413140021742,0.010554651822748,-2.38982119906631,0.135533407675892,1929.52835887163,20893.9678411284,22823.4962,"N"
"760",2017,"SNOW","EBS","ALL",52.5,0.180258813479036,0.0153308473317636,-1.51804241671492,0.103918151892086,2500.92838408645,11373.1692859135,13874.09767,"N"
"761",2017,"SNOW","EBS","ALL",57.5,0.270374125773702,0.0172525550958509,-0.994470734767094,0.0873129485475548,3254.21410683721,8781.75308316279,12035.96719,"N"
"762",2017,"SNOW","EBS","ALL",62.5,0.334266697690342,0.0198058743069791,-0.690249832926154,0.0888751408866557,2771.68653614474,5520.15514385526,8291.84168,"N"
"763",2017,"SNOW","EBS","ALL",67.5,0.355715413055377,0.0218973405409639,-0.595336459611762,0.0958371922971321,1407.43481900188,2549.19671099812,3956.63153,"N"
"764",2017,"SNOW","EBS","ALL",72.5,0.384010120145712,0.0299201328756546,-0.474425421652205,0.126974058171521,957.481386922362,1535.89401307764,2493.3754,"N"
"765",2017,"SNOW","EBS","ALL",77.5,0.39945179188009,0.0305879175352093,-0.409369119234108,0.12781459859363,735.317089940823,1105.49851005918,1840.8156,"N"
"766",2017,"SNOW","EBS","ALL",82.5,0.429169627731286,0.028274757785526,-0.286168727284038,0.115675896483653,424.822456987893,565.048283012108,989.87074,"N"
"767",2017,"SNOW","EBS","ALL",87.5,0.514732033045481,0.0224457402786839,0.0590558419667689,0.0900238290317725,295.877016436363,278.940553563637,574.81757,"N"
"768",2017,"SNOW","EBS","ALL",92.5,0.647996315764471,0.0178203876686523,0.611141005111868,0.0781074871697565,178.276137276585,96.8429227234154,275.11906,"N"
"769",2017,"SNOW","EBS","ALL",97.5,0.761586256003533,0.0135736861625924,1.16284855210439,0.0745885999944921,276.955906544287,86.7007434557127,363.65665,"N"
"770",2017,"SNOW","EBS","ALL",102.5,0.879125890548363,0.0115838717662239,1.98860300133422,0.107861900447659,296.913929910479,40.8237400895209,337.73767,"N"
"771",2017,"SNOW","EBS","ALL",107.5,0.948394491465859,0.00713535374238024,2.92048475051856,0.144068381753178,260.986546218884,14.2012037811161,275.18775,"N"
"772",2017,"SNOW","EBS","ALL",112.5,0.976224009621042,0.00409734288818255,3.73006281839564,0.178767096252896,206.43278789975,5.02768210024985,211.46047,"N"
"773",2017,"SNOW","EBS","ALL",117.5,0.987900712243748,0.00279252225506163,4.42823772397488,0.229449652358702,115.584383332518,1.41561666748154,117,"N"
"774",2017,"SNOW","EBS","ALL",122.5,0.99064913716846,0.00245213256170091,4.69716277626201,0.266094025633013,51.5137551327599,0.486244867240053,52,"N"
"775",2017,"SNOW","EBS","ALL",127.5,0.995992603531276,0.00169850623705497,5.59190538080045,0.3864729327228,23.9038224847506,0.0961775152493729,24,"N"
"776",2017,"SNOW","EBS","ALL",132.5,0.997420354775797,0.0013161455225527,6.20715216295866,0.681860116014489,2.99226106432739,0.00773893567260986,3,"N"
"777",2017,"SNOW","EBS","ALL",137.5,1,0,13.815509557935,0,1,0,1,"N"
"778",2017,"SNOW","EBS","ALL",142.5,1,0,13.815509557935,0,1,0,1,"N"
"779",2018,"SNOW","EBS","ALL",7.5,0,0,-13.8155095579638,0,0,11.78689,11.78689,"N"
"780",2018,"SNOW","EBS","ALL",12.5,0,0,-13.8155095579638,0,0,8,8,"N"
"781",2018,"SNOW","EBS","ALL",17.5,0,0,-13.8155095579638,0,0,8.42857,8.42857,"N"
"782",2018,"SNOW","EBS","ALL",22.5,0,0,-13.8155095579638,0,0,95.18996,95.18996,"N"
"783",2018,"SNOW","EBS","ALL",27.5,0,0,-13.8155095579638,0,0,675.69119,675.69119,"N"
"784",2018,"SNOW","EBS","ALL",32.5,0,0,-13.8155095579638,0,0,577.4449,577.4449,"N"
"785",2018,"SNOW","EBS","ALL",37.5,0.0140065580302068,0.00450383515183501,-4.29843476101274,0.296439598098335,76.3167493523972,5372.3273206476,5448.64407,"N"
"786",2018,"SNOW","EBS","ALL",42.5,0.0362833199768086,0.00668699882444509,-3.29567803051376,0.186287283342502,724.556641539694,19244.8574584603,19969.4141,"N"
"787",2018,"SNOW","EBS","ALL",47.5,0.0988308370934057,0.0115336840543234,-2.21686721146224,0.127919777263504,2907.72626080879,26513.5186291912,29421.24489,"N"
"788",2018,"SNOW","EBS","ALL",52.5,0.211002502356422,0.0153777738630851,-1.32137119496827,0.0926733410466518,8885.79789897136,33226.4889210286,42112.28682,"N"
"789",2018,"SNOW","EBS","ALL",57.5,0.319548194335993,0.0186280150329737,-0.757176333823257,0.0858084820246888,11054.1313385433,23538.8707014567,34593.00204,"N"
"790",2018,"SNOW","EBS","ALL",62.5,0.40399658971835,0.0192672877269665,-0.389452932791683,0.0800990587119696,9301.53826602398,13722.265653976,23023.80392,"N"
"791",2018,"SNOW","EBS","ALL",67.5,0.468134361253584,0.0210502031790137,-0.127851855043326,0.0846543986265162,6417.07923455141,7290.69307544859,13707.77231,"N"
"792",2018,"SNOW","EBS","ALL",72.5,0.54983638558393,0.022329626469374,0.20042300911715,0.0904400705986603,4750.47254431661,3889.32043568339,8639.79298,"N"
"793",2018,"SNOW","EBS","ALL",77.5,0.60878617511856,0.021122655963052,0.443075129058005,0.0889168415529757,3930.27400963435,2525.64462036565,6455.91863,"N"
"794",2018,"SNOW","EBS","ALL",82.5,0.614500720171351,0.0221328912412004,0.467280028206699,0.0937193125465763,2934.8060582605,1841.1135817395,4775.91964,"N"
"795",2018,"SNOW","EBS","ALL",87.5,0.571560346176873,0.0344602989637025,0.28975900225843,0.142212782873003,1484.82619346007,1113.02056653993,2597.84676,"N"
"796",2018,"SNOW","EBS","ALL",92.5,0.573123194744697,0.0472268711327649,0.297704431945458,0.196557533409004,1121.50572718141,835.326132818592,1956.83186,"N"
"797",2018,"SNOW","EBS","ALL",97.5,0.695582519733988,0.0473144545021862,0.836566507208473,0.228119702207632,878.089259542861,384.290450457139,1262.37971,"N"
"798",2018,"SNOW","EBS","ALL",102.5,0.844952481757437,0.0327498755611688,1.71674428442794,0.248508875711719,801.094952807023,146.999727192977,948.09468,"N"
"799",2018,"SNOW","EBS","ALL",107.5,0.929368269010245,0.0231890554005289,2.62530730951607,0.331707568235631,451.610813295465,34.3222967045352,485.93311,"N"
"800",2018,"SNOW","EBS","ALL",112.5,0.960448627014837,0.0130527911936724,3.23811718992706,0.318774392289102,212.780036278654,8.76230372134577,221.54234,"N"
"801",2018,"SNOW","EBS","ALL",117.5,0.97983554141801,0.00617592449152504,3.9277224218482,0.301801985709697,87.9365458622753,1.80968413772473,89.74623,"N"
"802",2018,"SNOW","EBS","ALL",122.5,0.990513757476505,0.00378167376462474,4.72348841256905,0.39200583470169,47.2782121581111,0.452787841888934,47.731,"N"
"803",2018,"SNOW","EBS","ALL",127.5,0.992892073617895,0.0033573049694188,5.03799815771291,0.441185542235262,24.2781274816596,0.173802518340381,24.45193,"N"
"804",2018,"SNOW","EBS","ALL",132.5,0.996359090145624,0.00185760706855943,5.86110453412322,0.71084691051658,7.97087272116499,0.0291272788350119,8,"N"
"805",2018,"SNOW","EBS","ALL",137.5,1,0,13.815509557935,0,3,0,3,"N"
"806",2019,"SNOW","EBS","ALL",12.5,0,0,-13.8155095579638,0,0,9.15917,9.15917,"N"
"807",2019,"SNOW","EBS","ALL",17.5,0,0,-13.8155095579638,0,0,2,2,"N"
"808",2019,"SNOW","EBS","ALL",22.5,0,0,-13.8155095579638,0,0,6.1297,6.1297,"N"
"809",2019,"SNOW","EBS","ALL",27.5,0,0,-13.8155095579638,0,0,23.53469,23.53469,"N"
"810",2019,"SNOW","EBS","ALL",32.5,0,0,-13.8155095579638,0,0,19.1297,19.1297,"N"
"811",2019,"SNOW","EBS","ALL",37.5,0.161839828964477,0.0292112801730486,-1.66131107326203,0.224471759668558,4.25063733264264,22.0138326673574,26.26447,"N"
"812",2019,"SNOW","EBS","ALL",42.5,0.0998317393848528,0.0127245626131789,-2.2070739799149,0.141424328528682,41.3700871140477,373.028052885952,414.39814,"N"
"813",2019,"SNOW","EBS","ALL",47.5,0.117045446524986,0.013009250518987,-2.02644525076596,0.121670589657663,304.53203342758,2297.29522657242,2601.82726,"N"
"814",2019,"SNOW","EBS","ALL",52.5,0.226476606979673,0.0173531953439038,-1.23096592832525,0.0986090355931961,1227.85280817943,4193.69083182057,5421.54364,"N"
"815",2019,"SNOW","EBS","ALL",57.5,0.321481994532055,0.0174937368153893,-0.748104444764581,0.0800260266162909,2145.89829628138,4529.12031371862,6675.01861,"N"
"816",2019,"SNOW","EBS","ALL",62.5,0.347623222103564,0.0161102451033241,-0.630269369282131,0.071041993524871,3391.88421327306,6365.47374672694,9757.35796,"N"
"817",2019,"SNOW","EBS","ALL",67.5,0.379636943099822,0.0154682140454295,-0.491610865344549,0.0657773368926692,3930.57637113389,6422.93753886611,10353.51391,"N"
"818",2019,"SNOW","EBS","ALL",72.5,0.467642996025882,0.0171386959832278,-0.129764403718397,0.0689461902739434,4967.57732997026,5655.00736002974,10622.58469,"N"
"819",2019,"SNOW","EBS","ALL",77.5,0.533013044152378,0.0184213937942224,0.132431195882434,0.0741381901365335,5125.43150441263,4490.52735558737,9615.95886,"N"
"820",2019,"SNOW","EBS","ALL",82.5,0.601736258950292,0.018734232589454,0.413333329214993,0.0783632830335152,4168.65743353844,2759.05777646156,6927.71521,"N"
"821",2019,"SNOW","EBS","ALL",87.5,0.648535299582108,0.0180907370798946,0.613542650864804,0.0794443695875349,2900.26777876151,1571.75985123849,4472.02763,"N"
"822",2019,"SNOW","EBS","ALL",92.5,0.677328434522152,0.0171662365119073,0.742621160611736,0.0787258254652902,2107.66310795635,1004.06674204365,3111.72985,"N"
"823",2019,"SNOW","EBS","ALL",97.5,0.775193662693329,0.0144483813843411,1.2397653288374,0.0829585039630835,1440.04889509734,417.614504902658,1857.6634,"N"
"824",2019,"SNOW","EBS","ALL",102.5,0.890588486830408,0.00903642225639693,2.10012282714985,0.0927428954935005,1022.16353114518,125.57590885482,1147.73944,"N"
"825",2019,"SNOW","EBS","ALL",107.5,0.91641393574071,0.0116887873958432,2.40434499447645,0.153506532786418,538.570953222922,49.1230267770778,587.69398,"N"
"826",2019,"SNOW","EBS","ALL",112.5,0.932343205024344,0.0130691045118739,2.64164784681671,0.206612020970901,295.032958715324,21.4094812846764,316.44244,"N"
"827",2019,"SNOW","EBS","ALL",117.5,0.938558933406959,0.0137075291209308,2.75035721803627,0.234292815615653,139.224368029652,9.11407197034785,148.33844,"N"
"828",2019,"SNOW","EBS","ALL",122.5,0.969000692388513,0.00896522248745143,3.48201173238727,0.290055295297978,55.635872433985,1.77984756601499,57.41572,"N"
"829",2019,"SNOW","EBS","ALL",127.5,0.957791340560485,0.0159032277258547,3.18918690147313,0.383532301834168,43.4890809150398,1.91650908496023,45.40559,"N"
"830",2019,"SNOW","EBS","ALL",132.5,0.998435656349269,0.000798134515679191,6.80137248576879,0.828952285350794,3.99374262539708,0.00625737460292486,4,"N"
"831",2019,"SNOW","EBS","ALL",137.5,1,0,13.815509557935,0,1,0,1,"N"
"832",2021,"SNOW","EBS","ALL",7.5,0,0,-13.8155095579638,0,0,3,3,"N"
"833",2021,"SNOW","EBS","ALL",12.5,0,0,-13.8155095579638,0,0,121.96426,121.96426,"N"
"834",2021,"SNOW","EBS","ALL",17.5,0,0,-13.8155095579638,0,0,29.10714,29.10714,"N"
"835",2021,"SNOW","EBS","ALL",22.5,0,0,-13.8155095579638,0,0,7,7,"N"
"836",2021,"SNOW","EBS","ALL",27.5,0,0,-13.8155095579638,0,0,81,81,"N"
"837",2021,"SNOW","EBS","ALL",32.5,0,0,-13.8155095579638,0,0,75,75,"N"
"838",2021,"SNOW","EBS","ALL",37.5,0.0174917764437305,0.00904984414293877,-4.13303614439348,0.454337358999539,1.31352046355492,73.7800795364451,75.0936,"N"
"839",2021,"SNOW","EBS","ALL",42.5,0.0594562302228492,0.0177755641453502,-2.80185732302474,0.301693859328532,2.80370669570493,44.3521033042951,47.15581,"N"
"840",2021,"SNOW","EBS","ALL",47.5,0.0903882244698755,0.0282488930195993,-2.35162114477517,0.319270932425099,7.18570566596228,72.3125443340377,79.49825,"N"
"841",2021,"SNOW","EBS","ALL",52.5,0.276968270463911,0.0320110669522083,-0.965226764972284,0.160029532475781,25.906938986297,67.630631013703,93.53757,"N"
"842",2021,"SNOW","EBS","ALL",57.5,0.358966130313168,0.0355647590149988,-0.583063186083983,0.153890025707753,46.4449619983762,82.9403980016238,129.38536,"N"
"843",2021,"SNOW","EBS","ALL",62.5,0.400999852398945,0.0284133712640381,-0.402688785305121,0.118693774261714,76.0558735951588,113.609716404841,189.66559,"N"
"844",2021,"SNOW","EBS","ALL",67.5,0.414680056895302,0.0224631613679039,-0.345390028047473,0.09282332322998,100.299303968554,141.572236031446,241.87154,"N"
"845",2021,"SNOW","EBS","ALL",72.5,0.412995736755825,0.0264217571520711,-0.352638412937232,0.109354547578813,184.472244062523,262.196395937477,446.66864,"N"
"846",2021,"SNOW","EBS","ALL",77.5,0.41922253842122,0.0298659161676327,-0.327213626100631,0.123303754092422,310.293653115949,429.870876884051,740.16453,"N"
"847",2021,"SNOW","EBS","ALL",82.5,0.426453886452714,0.0286612114752091,-0.297384939760279,0.117833978964155,423.793679902638,569.968350097362,993.76203,"N"
"848",2021,"SNOW","EBS","ALL",87.5,0.500641915263004,0.0246186763288053,0.00256284126814199,0.0987137098849755,515.57150775387,514.249392246129,1029.8209,"N"
"849",2021,"SNOW","EBS","ALL",92.5,0.612129182322866,0.0229839468601917,0.457326638445469,0.097027591589589,516.376158786869,327.197671213131,843.57383,"N"
"850",2021,"SNOW","EBS","ALL",97.5,0.798982794463287,0.0155179450172011,1.38274635511523,0.0968151529366383,502.24813498703,126.36131501297,628.60945,"N"
"851",2021,"SNOW","EBS","ALL",102.5,0.915981341912257,0.00837941176501865,2.39382345846639,0.108048026173753,384.099344605969,35.2316253940314,419.33097,"N"
"852",2021,"SNOW","EBS","ALL",107.5,0.965390810330041,0.00472979508853331,3.33760079802647,0.140419547476305,189.759544270326,6.80286572967432,196.56241,"N"
"853",2021,"SNOW","EBS","ALL",112.5,0.985715849866715,0.00211138986820075,4.244901403471,0.14816255841408,128.636115550776,1.8640844492237,130.5002,"N"
"854",2021,"SNOW","EBS","ALL",117.5,0.981717382583047,0.00410709041725545,4.00644399177908,0.21579424952333,32.3966736252405,0.603326374759455,33,"N"
"855",2021,"SNOW","EBS","ALL",122.5,0.992126579415841,0.00234445088686241,4.87771657268874,0.288200543788949,7.93701263532672,0.0629873646732753,8,"N"
"856",2021,"SNOW","EBS","ALL",127.5,0.996865451796303,0.00159925928760049,5.88962374096376,0.506623572437212,1.99373090359261,0.00626909640739393,2,"N"
"857",2021,"SNOW","EBS","ALL",132.5,0.998665808535143,0.00068070993104939,6.91893774615805,0.799861887965052,0.998665808535143,0.0013341914648568,1,"N"
"858",2022,"SNOW","EBS","ALL",12.5,0,0,-13.8155095579638,0,0,99,99,"N"
"859",2022,"SNOW","EBS","ALL",17.5,0,0,-13.8155095579638,0,0,44.9209,44.9209,"N"
"860",2022,"SNOW","EBS","ALL",22.5,0,0,-13.8155095579638,0,0,598.75612,598.75612,"N"
"861",2022,"SNOW","EBS","ALL",27.5,0,0,-13.8155095579638,0,0,1132.19876,1132.19876,"N"
"862",2022,"SNOW","EBS","ALL",32.5,0,0,-13.8155095579638,0,0,2340.22005,2340.22005,"N"
"863",2022,"SNOW","EBS","ALL",37.5,0.0159687186130269,0.00637694627593344,-4.20389045522259,0.4217065407649,28.7198608296672,1769.78767917033,1798.50754,"N"
"864",2022,"SNOW","EBS","ALL",42.5,0.026824928831165,0.00647066128370642,-3.61932538585565,0.243574836604563,108.419266873644,3933.31622312636,4041.73549,"N"
"865",2022,"SNOW","EBS","ALL",47.5,0.0429246732039639,0.00937953087785963,-3.12708235264677,0.221427162974873,181.074960118539,4037.36041988146,4218.43538,"N"
"866",2022,"SNOW","EBS","ALL",52.5,0.084410676781594,0.0156332108369353,-2.40083454702033,0.202534730856926,209.372548255716,2271.03107174428,2480.40362,"N"
"867",2022,"SNOW","EBS","ALL",57.5,0.148525672671447,0.0220143057334053,-1.75672497472614,0.173109307616439,207.531286515345,1189.74423348465,1397.27552,"N"
"868",2022,"SNOW","EBS","ALL",62.5,0.206783838849656,0.0299774419252227,-1.35380046353778,0.179276624492506,177.006506995183,678.991273004817,855.99778,"N"
"869",2022,"SNOW","EBS","ALL",67.5,0.295776540171958,0.0331694394142231,-0.87260564117144,0.159066699351513,142.305440565987,338.819399434013,481.12484,"N"
"870",2022,"SNOW","EBS","ALL",72.5,0.350571133158725,0.0383413227433405,-0.620688601572559,0.168508119233792,142.216107451428,263.453652548572,405.66976,"N"
"871",2022,"SNOW","EBS","ALL",77.5,0.42166605780247,0.0392070920931209,-0.317954876744996,0.161560006925611,155.916464364609,213.846435635391,369.7629,"N"
"872",2022,"SNOW","EBS","ALL",82.5,0.441708820783297,0.0401540880923189,-0.235765186490823,0.163799013115495,123.837984125773,156.523145874227,280.36113,"N"
"873",2022,"SNOW","EBS","ALL",87.5,0.473015223239699,0.0412278585068209,-0.108832768875641,0.16653193952172,120.275241096592,133.998268903408,254.27351,"N"
"874",2022,"SNOW","EBS","ALL",92.5,0.568090699486758,0.0337016834109922,0.275388250926294,0.13812226588035,113.171569479392,86.042340520608,199.21391,"N"
"875",2022,"SNOW","EBS","ALL",97.5,0.715024021111397,0.0365435579985069,0.927021318661963,0.181833298153912,142.460613740292,56.7783062597081,199.23892,"N"
"876",2022,"SNOW","EBS","ALL",102.5,0.86592651906393,0.0217507632821521,1.87808315047298,0.186350659142726,176.181842532007,27.2786574679933,203.4605,"N"
"877",2022,"SNOW","EBS","ALL",107.5,0.926578539002965,0.0180353593887619,2.56311682913143,0.253742628202526,172.675675471359,13.6827045286406,186.35838,"N"
"878",2022,"SNOW","EBS","ALL",112.5,0.960664456932518,0.0101422097140973,3.22643199086621,0.25719265385612,140.060804603464,5.73495539653629,145.79576,"N"
"879",2022,"SNOW","EBS","ALL",117.5,0.97138847499559,0.00749091059644271,3.55828963201096,0.266518086246631,67.3570871002082,1.9839528997918,69.34104,"N"
"880",2022,"SNOW","EBS","ALL",122.5,0.98356569348551,0.00493930769219305,4.13823847085461,0.315232967613977,26.8860239585067,0.44923604149329,27.33526,"N"
"881",2022,"SNOW","EBS","ALL",127.5,0.987383268413957,0.00643710795206289,4.4874403463626,0.524651306724049,4.93691634206978,0.0630836579302159,5,"N"
"882",2022,"SNOW","EBS","ALL",132.5,0.998234303144235,0.000900865742737244,6.69593254161807,0.843651338089134,0.998234303144235,0.001765696855765,1,"N"
"883",2022,"SNOW","EBS","ALL",137.5,1,0,13.815509557935,0,2,0,2,"N"
"884",2023,"SNOW","EBS","ALL",12.5,0,0,-13.8155095579638,0,0,8.16069,8.16069,"N"
"885",2023,"SNOW","EBS","ALL",17.5,0,0,-13.8155095579638,0,0,163.7888,163.7888,"N"
"886",2023,"SNOW","EBS","ALL",22.5,0,0,-13.8155095579638,0,0,1002.52082,1002.52082,"N"
"887",2023,"SNOW","EBS","ALL",27.5,0,0,-13.8155095579638,0,0,1959.95808,1959.95808,"N"
"888",2023,"SNOW","EBS","ALL",32.5,0,0,-13.8155095579638,0,0,4803.35067,4803.35067,"N"
"889",2023,"SNOW","EBS","ALL",37.5,0.00799226803443603,0.00371008195683149,-4.89973268055633,0.387618231309072,67.4432216759592,8371.11531832404,8438.55854,"N"
"890",2023,"SNOW","EBS","ALL",42.5,0.0334109881039106,0.00544637083367369,-3.37806458009212,0.168103401065145,127.316152496096,3683.2910675039,3810.60722,"N"
"891",2023,"SNOW","EBS","ALL",47.5,0.105849271110274,0.0139811230639354,-2.14267293766743,0.150373397119593,315.629549330199,2666.2478506698,2981.8774,"N"
"892",2023,"SNOW","EBS","ALL",52.5,0.18202364519066,0.0192848858331118,-1.5081351526827,0.131065453711958,544.786644080264,2448.15772591974,2992.94437,"N"
"893",2023,"SNOW","EBS","ALL",57.5,0.253385907091359,0.0225431773589944,-1.08417442245334,0.119878441433744,568.383697186818,1674.77064281318,2243.15434,"N"
"894",2023,"SNOW","EBS","ALL",62.5,0.306625769144098,0.0250618583764382,-0.818637629868965,0.118186304578918,489.248762621758,1106.34042737824,1595.58919,"N"
"895",2023,"SNOW","EBS","ALL",67.5,0.327186613519614,0.0265543713498256,-0.723433043174929,0.120625836882342,200.336226039682,411.963353960318,612.29958,"N"
"896",2023,"SNOW","EBS","ALL",72.5,0.360157229836771,0.0317021815200293,-0.577240673898311,0.13712888385833,113.18566900886,201.08171099114,314.26738,"N"
"897",2023,"SNOW","EBS","ALL",77.5,0.412105942986824,0.0350295000129789,-0.35706866539626,0.144942935131347,76.4252408166996,109.0252291833,185.45047,"N"
"898",2023,"SNOW","EBS","ALL",82.5,0.410548148394343,0.0319975714066799,-0.363245511369192,0.132512041040913,54.0477933740406,77.6000866259594,131.64788,"N"
"899",2023,"SNOW","EBS","ALL",87.5,0.433338039505364,0.0308688686948342,-0.269308247166632,0.126199988294282,46.689157723948,61.053882276052,107.74304,"N"
"900",2023,"SNOW","EBS","ALL",92.5,0.505024874382437,0.031521615934173,0.020190002435726,0.126600113930375,72.3806094183804,70.9402705816196,143.32088,"N"
"901",2023,"SNOW","EBS","ALL",97.5,0.653206678592452,0.0299629022101459,0.63584634621796,0.132626133216124,92.1607343206055,48.9289656793945,141.0897,"N"
"902",2023,"SNOW","EBS","ALL",102.5,0.838363992724805,0.020118625018201,1.65345804329467,0.147451524042487,114.507392626082,22.0769473739177,136.58434,"N"
"903",2023,"SNOW","EBS","ALL",107.5,0.931765572563715,0.0117514573958248,2.62840431556896,0.180976044644406,151.374709459947,11.085370540053,162.46008,"N"
"904",2023,"SNOW","EBS","ALL",112.5,0.960257127894918,0.00771171312513002,3.20303387777918,0.198474682715134,137.758564388375,5.70151561162479,143.46008,"N"
"905",2023,"SNOW","EBS","ALL",117.5,0.968219914300792,0.00624311693553914,3.43541771500371,0.19985186697187,78.1644324102995,2.56560758970052,80.73004,"N"
"906",2023,"SNOW","EBS","ALL",122.5,0.983762920262282,0.00432550877103662,4.13729617173975,0.260569880012091,47.9388064548978,0.791233545102209,48.73004,"N"
"907",2023,"SNOW","EBS","ALL",127.5,0.989480721666247,0.00399824470353319,4.61388323862297,0.380696308640989,15.6981314388494,0.166888561150554,15.86502,"N"
"908",2023,"SNOW","EBS","ALL",132.5,0.995368600398246,0.00236295898048654,5.52654477573774,0.562872802884303,3.98147440159299,0.0185255984070145,4,"N"
"909",2023,"SNOW","EBS","ALL",137.5,1,0,13.815509557935,0,1,0,1,"N"
"910",2024,"SNOW","EBS","ALL",12.5,0,0,-13.8155095579638,0,0,2,2,"N"
"911",2024,"SNOW","EBS","ALL",17.5,0,0,-13.8155095579638,0,0,28.98066,28.98066,"N"
"912",2024,"SNOW","EBS","ALL",22.5,0,0,-13.8155095579638,0,0,132.23576,132.23576,"N"
"913",2024,"SNOW","EBS","ALL",27.5,0,0,-13.8155095579638,0,0,1253.26439,1253.26439,"N"
"914",2024,"SNOW","EBS","ALL",32.5,0,0,-13.8155095579638,0,0,6814.54887,6814.54887,"N"
"915",2024,"SNOW","EBS","ALL",37.5,0.00583847704092531,0.00194409232594619,-5.18864828533495,0.319673093381954,52.2434847267646,8895.89219527323,8948.13568,"N"
"916",2024,"SNOW","EBS","ALL",42.5,0.0204409793083321,0.00362843760286948,-3.88495475613879,0.178837280248511,209.779764672872,10052.9264153271,10262.70618,"N"
"917",2024,"SNOW","EBS","ALL",47.5,0.0645012628312567,0.00803439403320323,-2.68206724553321,0.132722580765035,844.838229437288,12253.1724505627,13098.01068,"N"
"918",2024,"SNOW","EBS","ALL",52.5,0.13877070871893,0.013047989846564,-1.82986806642246,0.109674124059702,1656.47803624981,10280.3208137502,11936.79885,"N"
"919",2024,"SNOW","EBS","ALL",57.5,0.217616725146546,0.0162616232757962,-1.282207579213,0.0959949588093233,1551.241789119,5577.078830881,7128.32062,"N"
"920",2024,"SNOW","EBS","ALL",62.5,0.275578907857688,0.0180363054398964,-0.968347248804461,0.090732665784466,1698.80453228264,4465.68949771736,6164.49403,"N"
"921",2024,"SNOW","EBS","ALL",67.5,0.296507624409303,0.0189755428962774,-0.86567646124268,0.09121027607659,1089.52777708727,2585.00767291273,3674.53545,"N"
"922",2024,"SNOW","EBS","ALL",72.5,0.320952673613226,0.0196870110547276,-0.750853213399992,0.0903546535341084,690.172880610652,1460.21543938935,2150.38832,"N"
"923",2024,"SNOW","EBS","ALL",77.5,0.354770055542868,0.0216964431609877,-0.599439926972217,0.0949150567513674,595.386647881947,1082.84588211805,1678.23253,"N"
"924",2024,"SNOW","EBS","ALL",82.5,0.389974419494225,0.0236113864953455,-0.448498254999349,0.0994036815348153,409.596037007496,640.719102992504,1050.31514,"N"
"925",2024,"SNOW","EBS","ALL",87.5,0.387155073893799,0.0233478403980683,-0.460393850678536,0.0988090433163702,211.854709857946,335.354210142054,547.20892,"N"
"926",2024,"SNOW","EBS","ALL",92.5,0.459148636274893,0.025543073851471,-0.1642025527682,0.103131263089465,146.33930237517,172.37949762483,318.7188,"N"
"927",2024,"SNOW","EBS","ALL",97.5,0.593791606904809,0.0227678391371964,0.380516644590135,0.0947828461526287,116.465763241695,79.6733567583049,196.13912,"N"
"928",2024,"SNOW","EBS","ALL",102.5,0.784972637130356,0.0177137867498614,1.29806455245391,0.105742862944387,107.663345930838,29.4921940691619,137.15554,"N"
"929",2024,"SNOW","EBS","ALL",107.5,0.87477698580501,0.0129809517772219,1.94918199590108,0.119272436929406,92.726360495331,13.273639504669,106,"N"
"930",2024,"SNOW","EBS","ALL",112.5,0.932839606496064,0.00944972630527475,2.64097465289903,0.150865847660881,126.866186483465,9.13381351653531,136,"N"
"931",2024,"SNOW","EBS","ALL",117.5,0.938570400505335,0.0110755827952739,2.7424229820111,0.190925601584288,107.143010897703,7.01252910229724,114.15554,"N"
"932",2024,"SNOW","EBS","ALL",122.5,0.960505472760063,0.00854334080233831,3.21502757862562,0.228818955951602,45.1437572197229,1.85624278027705,47,"N"
"933",2024,"SNOW","EBS","ALL",127.5,0.976012610933236,0.00925489002739292,3.77130943018148,0.365241968607506,14.6401891639985,0.359810836001461,15,"N"
"934",2024,"SNOW","EBS","ALL",132.5,0.997859227413017,0.00109223091172601,6.31648520857174,0.576565489332569,2.99357768223905,0.00642231776094881,3,"N"
"935",2025,"SNOW","EBS","ALL",7.5,0,0,-13.8155095579638,0,0,4.55808,4.55808,"N"
"936",2025,"SNOW","EBS","ALL",17.5,0,0,-13.8155095579638,0,0,4.55808,4.55808,"N"
"937",2025,"SNOW","EBS","ALL",22.5,0,0,-13.8155095579638,0,0,1,1,"N"
"938",2025,"SNOW","EBS","ALL",27.5,0,0,-13.8155095579638,0,0,627.38353,627.38353,"N"
"939",2025,"SNOW","EBS","ALL",32.5,0,0,-13.8155095579638,0,0,1413.9258,1413.9258,"N"
"940",2025,"SNOW","EBS","ALL",37.5,0.00686418543102569,0.00233759968600852,-5.02538839747331,0.31455517580122,21.6570838916434,3133.42724610836,3155.08433,"N"
"941",2025,"SNOW","EBS","ALL",42.5,0.0257101982073858,0.00405349721818725,-3.64693207785858,0.159184597818703,220.132909617341,8341.95237038266,8562.08528,"N"
"942",2025,"SNOW","EBS","ALL",47.5,0.0732847771592464,0.00830716605027275,-2.54352088363765,0.120406181548598,933.006262244349,11798.2361377556,12731.2424,"N"
"943",2025,"SNOW","EBS","ALL",52.5,0.171191762732971,0.0135336106805414,-1.5801895039777,0.0953576303115353,1905.88270328279,9227.14538671721,11133.02809,"N"
"944",2025,"SNOW","EBS","ALL",57.5,0.267289518037701,0.0146761342573459,-1.00973304970788,0.0751754744660446,3043.51271317681,8343.06441682319,11386.57713,"N"
"945",2025,"SNOW","EBS","ALL",62.5,0.340604993845518,0.0151842025530116,-0.66133204674257,0.0677545096857912,3818.20635470162,7391.86520529838,11210.07156,"N"
"946",2025,"SNOW","EBS","ALL",67.5,0.384969438054826,0.0158301899894633,-0.469020728194372,0.0668863905471797,3918.71803799968,6260.57842200032,10179.29646,"N"
"947",2025,"SNOW","EBS","ALL",72.5,0.462166197761476,0.018527461312765,-0.151831639939138,0.0746016333009246,2246.04502110135,2613.77603889865,4859.82106,"N"
"948",2025,"SNOW","EBS","ALL",77.5,0.514476003854404,0.0181050746794574,0.0580015055566391,0.0725876229572594,1491.17428901685,1407.25883098315,2898.43312,"N"
"949",2025,"SNOW","EBS","ALL",82.5,0.518860485768336,0.0172732881916279,0.0755708646541675,0.0692841722344476,1520.01219621108,1409.50785378892,2929.52005,"N"
"950",2025,"SNOW","EBS","ALL",87.5,0.539750384738957,0.0183143895402974,0.159552527611563,0.0738077457017631,806.236927037975,687.484892962025,1493.72182,"N"
"951",2025,"SNOW","EBS","ALL",92.5,0.604472796191961,0.0221376611602063,0.425021866553816,0.092592336156207,485.04139962512,317.37916037488,802.42056,"N"
"952",2025,"SNOW","EBS","ALL",97.5,0.699078989105409,0.0193776594496084,0.844587968871043,0.0918969161844912,353.145476803518,152.012713196482,505.15819,"N"
"953",2025,"SNOW","EBS","ALL",102.5,0.800579606545422,0.0136607095675632,1.39214128693877,0.0860275976689364,294.892465323314,73.4562446766863,368.34871,"N"
"954",2025,"SNOW","EBS","ALL",107.5,0.911713443685335,0.0103120825162793,2.34150228190406,0.128412741339677,229.8999138919,22.2625561081,252.16247,"N"
"955",2025,"SNOW","EBS","ALL",112.5,0.932584888908919,0.00848192116788073,2.63504890916398,0.136122443607018,141.737263665569,10.2459663344313,151.98323,"N"
"956",2025,"SNOW","EBS","ALL",117.5,0.961529840882601,0.00593755036427345,3.23081042721499,0.163597294261015,72.4649464648414,2.89927353515864,75.36422,"N"
"957",2025,"SNOW","EBS","ALL",122.5,0.965484578150274,0.0094612605803552,3.37060215471356,0.295853328395832,33.0023000536363,1.17980994636375,34.18211,"N"
"958",2025,"SNOW","EBS","ALL",127.5,0.981207035876828,0.00946942174104276,4.07754577611643,0.510109282924921,7.84965628701462,0.15034371298538,8,"N"
"959",2025,"SNOW","EBS","ALL",132.5,0.929996877529519,0.0357158788114701,2.79491837582829,0.711922282463994,2.78999063258856,0.210009367411444,3,"N"
"960",2025,"SNOW","EBS","ALL",137.5,1,0,13.815509557935,0,1,0,1,"N"
"961",2025,"SNOW","EBS","ALL",147.5,1,0,13.815509557935,0,3,0,3,"N"
"962",2026,"SNOW","EBS","ALL",12.5,0,0,-13.8155095579638,0,0,25.28706,25.28706,"N"
"963",2026,"SNOW","EBS","ALL",17.5,0,0,-13.8155095579638,0,0,24.79284,24.79284,"N"
"964",2026,"SNOW","EBS","ALL",22.5,0,0,-13.8155095579638,0,0,96.33566,96.33566,"N"
"965",2026,"SNOW","EBS","ALL",27.5,0,0,-13.8155095579638,0,0,126.75694,126.75694,"N"
"966",2026,"SNOW","EBS","ALL",32.5,0,0,-13.8155095579638,0,0,612.92172,612.92172,"N"
"967",2026,"SNOW","EBS","ALL",37.5,0.0100991946936126,0.00362272171633997,-4.64714827027754,0.358625138094051,20.6436174348904,2023.44188256511,2044.0855,"N"
"968",2026,"SNOW","EBS","ALL",42.5,0.0215307143777946,0.00502540536809973,-3.84242651427543,0.231412057026648,53.6159649403562,2436.59239505964,2490.20836,"N"
"969",2026,"SNOW","EBS","ALL",47.5,0.0607810649062308,0.00941295872359304,-2.7493723856357,0.16196999196212,194.309177554237,3002.56106244576,3196.87024,"N"
"970",2026,"SNOW","EBS","ALL",52.5,0.116326410767683,0.0140551127277806,-2.03476228982976,0.135711778454777,798.478711392675,6065.64359860732,6864.12231,"N"
"971",2026,"SNOW","EBS","ALL",57.5,0.182269357425516,0.0148164028880363,-1.504186734879,0.099470634064205,1691.48732726957,7588.66459273043,9280.15192,"N"
"972",2026,"SNOW","EBS","ALL",62.5,0.26551273573015,0.0163757005102621,-1.01915610661553,0.0838835261938126,2357.83588546498,6522.47593453502,8880.31182,"N"
"973",2026,"SNOW","EBS","ALL",67.5,0.35432399119358,0.0193056733824532,-0.601105110626028,0.0841782555051996,2040.56535794141,3718.47272205859,5759.03808,"N"
"974",2026,"SNOW","EBS","ALL",72.5,0.410285564572271,0.0221375424495818,-0.363521226985441,0.0914860772066173,1620.15683683811,2328.6948331619,3948.85167,"N"
"975",2026,"SNOW","EBS","ALL",77.5,0.465755118880548,0.0211641724133534,-0.137434141001247,0.0851547794346705,1416.21034665151,1624.46551334849,3040.67586,"N"
"976",2026,"SNOW","EBS","ALL",82.5,0.507524662221813,0.0194885760793924,0.0301374576878612,0.0780793532998553,1289.30682097917,1251.07577902083,2540.3826,"N"
"977",2026,"SNOW","EBS","ALL",87.5,0.520443053792718,0.0213899536621898,0.0819682430375373,0.0858540730441943,784.047699942534,722.452760057466,1506.50046,"N"
"978",2026,"SNOW","EBS","ALL",92.5,0.616179628639695,0.0202522312782917,0.474227921252549,0.0859296709855506,495.647301944746,308.740378055254,804.38768,"N"
"979",2026,"SNOW","EBS","ALL",97.5,0.713378513777151,0.0200222904428218,0.913912681837697,0.0983227301710986,270.629199108487,108.733500891513,379.3627,"N"
"980",2026,"SNOW","EBS","ALL",102.5,0.812108075551648,0.0243197370906715,1.47188634699228,0.161736365340771,193.88891082614,44.85875917386,238.74767,"N"
"981",2026,"SNOW","EBS","ALL",107.5,0.893800843723899,0.0199812116814717,2.14775355666149,0.212142088057476,121.182117238651,14.3985527613485,135.58067,"N"
"982",2026,"SNOW","EBS","ALL",112.5,0.931333367170936,0.0224055046157424,2.65670179433164,0.336216803196377,102.274578609217,7.54064139078287,109.81522,"N"
"983",2026,"SNOW","EBS","ALL",117.5,0.980492209418067,0.00470855642233681,3.94499070917993,0.239560231221402,54.9210945199017,1.09270548009827,56.0138,"N"
"984",2026,"SNOW","EBS","ALL",122.5,0.979188313692959,0.00628762733362105,3.893423223485,0.295183972440268,32.944173925562,0.700196074438026,33.64437,"N"
"985",2026,"SNOW","EBS","ALL",127.5,0.982310029526531,0.00902549513952511,4.18710954944864,0.589276770081874,12.7700303838449,0.229969616155099,13,"N"
"986",2026,"SNOW","EBS","ALL",132.5,0.998497915210664,0.000766369790477721,6.93365774167443,0.903999958979808,0.998497915210664,0.00150208478933633,1,"N"
"987",2026,"SNOW","EBS","ALL",137.5,1,0,13.815509557935,0,1,0,1,"N"
