#--verbose level set to: 0
end of GMACS.DAT
+----------------------+
| Reading data file    |
+----------------------+
 * Model dimensions
 * Natural mortality
 * Catch data
 * Abundance data
 * Size composition data
end of data section
+----------------------+
| Reading control file |
+----------------------+
Warning - the end of block 2 exceeds nyrRetro
 * General controls
 1982 2025 1 1 2 0.5 2 1 1 0 0 200 5 1940 1950 2050 2051 0 0
Expecting 52 theta parameters
 * Allometry
 * Maturity definition
## Legal definition
 * Growth parameter controls
growth increment option for sex 1 is 1
LinearGM: setting nparG=3 for ig 1
ig = 1 nparG = 3
ig = 2 nparG = 0
ig = 3 nparG = 0
nparGs 3 0 0
assigning growth parameters
1 1 Alpha_male 2.049 -5 20 0 2.049 1 3 0 0 0 0 0 0 0.3 0
    Alpha_male
printing Gpar_control
2 1 Beta_male -0.2258 -1 0 0 -0.2258 0.5 3 0 0 0 0 0 0 0.3 0
    Beta_male
printing Gpar_control
3 1 Gscale_male 0.25 0.001 5 0 0 999 -3 0 0 0 0 0 0 0.3 0
    Gscale_male
printing Gpar_control
IPAR1  2.049 -5 20 0 2.049 1 3 0 0 0 0 0 0 0.3 0
IPAR2  -0.2258 -1 0 0 -0.2258 0.5 3 0 0 0 0 0 0 0.3 0
IPAR3  0.25 0.001 5 0 0 999 -3 0 0 0 0 0 0 0.3 0
1
Special 1 0
2
Special 2 0
3
Special 3 1
 * Natural mortality parameter controls
 * Selectivity parameter controls
 * Catchability parameter controls
 0 0
 0 0
 * Additional CV controls
 * Fishing mortality controls
 * Size composition controls
## Emphasis Factors (Fdev Penalties) ##
## Emphasis Factors (Priors/Penalties) ##
end of control section
+-------------------------+
| Reading projection file |
+-------------------------+
end of projection section
Number of estimated parameters: 234
Number of std variables: 252
+----------------------+
| Parameter section    |
+----------------------+
+----------------------+
| Preliminary section  |
+----------------------+
+------------------------------+
| Initial Procedure Section    |
+------------------------------+
initialize model AEP
initialize model AEP
Finished PRELIMINARY_CALCS_SECTION
Starting optimization of 'gmacs' in phase 1 of 4 at Fri Aug 28 08:21:40 2026

#--BETWEEN_PHASES_SECTION---------------------
#----Starting phase 1 of 4
Finished BETWEEN_PHASES_SECTION
----------------------------------------------
DEBUG: Total gradient stack used is 106026 out of 10000000
DEBUG: Total dvariable address used is 1964 out of 150000
DEBUG: Total dvariable address used is 1982368 out of 50000000
phase= 1 | nvar=177 | iter=  0 | nll=-1.40e+04 | mag=7.05e-04 | par[  1]=T_pars_est[3]
DEBUG: Total gradient stack used is 0 out of 10000000
DEBUG: Total dvariable address used is 1964 out of 150000
DEBUG: Total dvariable address used is 1982368 out of 50000000
Starting REPORT_SECTION
+--------------------------+
| Beginning report section |
+--------------------------+
Finished WriteFiles
REPORT_SECTION: finished CreateOutput
REPORT_SECTION: finished save_gradients
Finished REPORT_SECTION

#--BETWEEN_PHASES_SECTION---------------------
#----Starting phase 2 of 4
Finished BETWEEN_PHASES_SECTION
----------------------------------------------
DEBUG: Total gradient stack used is 106026 out of 10000000
DEBUG: Total dvariable address used is 1964 out of 150000
DEBUG: Total dvariable address used is 2123344 out of 50000000
phase= 2 | nvar=177 | iter=  0 | nll=-1.40e+04 | mag=7.05e-04 | par[  1]=T_pars_est[3]
DEBUG: Total gradient stack used is 0 out of 10000000
DEBUG: Total dvariable address used is 1964 out of 150000
DEBUG: Total dvariable address used is 2123344 out of 50000000
Starting REPORT_SECTION
+--------------------------+
| Beginning report section |
+--------------------------+
Finished WriteFiles
REPORT_SECTION: finished CreateOutput
REPORT_SECTION: finished save_gradients
Finished REPORT_SECTION

#--BETWEEN_PHASES_SECTION---------------------
#----Starting phase 3 of 4
Finished BETWEEN_PHASES_SECTION
----------------------------------------------
DEBUG: Total gradient stack used is 214449 out of 10000000
DEBUG: Total dvariable address used is 1972 out of 150000
DEBUG: Total dvariable address used is 2123344 out of 50000000
phase= 3 | nvar=223 | iter=  0 | nll=-1.40e+04 | mag=7.05e-04 | par[  1]=T_pars_est[3]
DEBUG: Total gradient stack used is 0 out of 10000000
DEBUG: Total dvariable address used is 1972 out of 150000
DEBUG: Total dvariable address used is 2123344 out of 50000000
Starting REPORT_SECTION
+--------------------------+
| Beginning report section |
+--------------------------+
Finished WriteFiles
REPORT_SECTION: finished CreateOutput
REPORT_SECTION: finished save_gradients
Finished REPORT_SECTION

#--BETWEEN_PHASES_SECTION---------------------
#----Starting phase 4 of 4
Finished BETWEEN_PHASES_SECTION
----------------------------------------------
DEBUG: Total gradient stack used is 214713 out of 10000000
DEBUG: Total dvariable address used is 1972 out of 150000
DEBUG: Total dvariable address used is 2123344 out of 50000000
phase= 4 | nvar=234 | iter=  0 | nll=-1.40e+04 | mag=7.05e-04 | par[  1]=T_pars_est[3]
DEBUG: Total gradient stack used is 214701 out of 10000000
DEBUG: Total dvariable address used is 1972 out of 150000
DEBUG: Total dvariable address used is 2123344 out of 50000000
DEBUG: Total gradient stack used is 214713 out of 10000000
DEBUG: Total dvariable address used is 1972 out of 150000
DEBUG: Total dvariable address used is 2123344 out of 50000000
DEBUG: Total gradient stack used is 214713 out of 10000000
DEBUG: Total dvariable address used is 1972 out of 150000
DEBUG: Total dvariable address used is 2123344 out of 50000000
DEBUG: Total gradient stack used is 214713 out of 10000000
DEBUG: Total dvariable address used is 1972 out of 150000
DEBUG: Total dvariable address used is 2123344 out of 50000000
DEBUG: Total gradient stack used is 214713 out of 10000000
DEBUG: Total dvariable address used is 1972 out of 150000
DEBUG: Total dvariable address used is 2123344 out of 50000000
DEBUG: Total gradient stack used is 214713 out of 10000000
DEBUG: Total dvariable address used is 1972 out of 150000
DEBUG: Total dvariable address used is 2123344 out of 50000000
DEBUG: Total gradient stack used is 214713 out of 10000000
DEBUG: Total dvariable address used is 1972 out of 150000
DEBUG: Total dvariable address used is 2123344 out of 50000000
DEBUG: Total gradient stack used is 214713 out of 10000000
DEBUG: Total dvariable address used is 1972 out of 150000
DEBUG: Total dvariable address used is 2123344 out of 50000000
DEBUG: Total gradient stack used is 214713 out of 10000000
DEBUG: Total dvariable address used is 1972 out of 150000
DEBUG: Total dvariable address used is 2123344 out of 50000000
DEBUG: Total gradient stack used is 214713 out of 10000000
DEBUG: Total dvariable address used is 1972 out of 150000
DEBUG: Total dvariable address used is 2123344 out of 50000000
DEBUG: Total gradient stack used is 214713 out of 10000000
DEBUG: Total dvariable address used is 1972 out of 150000
DEBUG: Total dvariable address used is 2123344 out of 50000000
DEBUG: Total gradient stack used is 214713 out of 10000000
DEBUG: Total dvariable address used is 1972 out of 150000
DEBUG: Total dvariable address used is 2123344 out of 50000000
DEBUG: Total gradient stack used is 214713 out of 10000000
DEBUG: Total dvariable address used is 1972 out of 150000
DEBUG: Total dvariable address used is 2123344 out of 50000000
DEBUG: Total gradient stack used is 214713 out of 10000000
DEBUG: Total dvariable address used is 1972 out of 150000
DEBUG: Total dvariable address used is 2123344 out of 50000000
DEBUG: Total gradient stack used is 214713 out of 10000000
DEBUG: Total dvariable address used is 1972 out of 150000
DEBUG: Total dvariable address used is 2123344 out of 50000000
DEBUG: Total gradient stack used is 214713 out of 10000000
DEBUG: Total dvariable address used is 1972 out of 150000
DEBUG: Total dvariable address used is 2123344 out of 50000000
DEBUG: Total gradient stack used is 214713 out of 10000000
DEBUG: Total dvariable address used is 1972 out of 150000
DEBUG: Total dvariable address used is 2123344 out of 50000000
DEBUG: Total gradient stack used is 214713 out of 10000000
DEBUG: Total dvariable address used is 1972 out of 150000
DEBUG: Total dvariable address used is 2123344 out of 50000000
DEBUG: Total gradient stack used is 214713 out of 10000000
DEBUG: Total dvariable address used is 1972 out of 150000
DEBUG: Total dvariable address used is 2123344 out of 50000000
DEBUG: Total gradient stack used is 214713 out of 10000000
DEBUG: Total dvariable address used is 1972 out of 150000
DEBUG: Total dvariable address used is 2123344 out of 50000000
DEBUG: Total gradient stack used is 214713 out of 10000000
DEBUG: Total dvariable address used is 1972 out of 150000
DEBUG: Total dvariable address used is 2123344 out of 50000000
DEBUG: Total gradient stack used is 214713 out of 10000000
DEBUG: Total dvariable address used is 1972 out of 150000
DEBUG: Total dvariable address used is 2123344 out of 50000000
DEBUG: Total gradient stack used is 214713 out of 10000000
DEBUG: Total dvariable address used is 1972 out of 150000
DEBUG: Total dvariable address used is 2123344 out of 50000000
DEBUG: Total gradient stack used is 214713 out of 10000000
DEBUG: Total dvariable address used is 1972 out of 150000
DEBUG: Total dvariable address used is 2123344 out of 50000000
DEBUG: Total gradient stack used is 214713 out of 10000000
DEBUG: Total dvariable address used is 1972 out of 150000
DEBUG: Total dvariable address used is 2123344 out of 50000000
DEBUG: Total gradient stack used is 214713 out of 10000000
DEBUG: Total dvariable address used is 1972 out of 150000
DEBUG: Total dvariable address used is 2123344 out of 50000000
DEBUG: Total gradient stack used is 214713 out of 10000000
DEBUG: Total dvariable address used is 1972 out of 150000
DEBUG: Total dvariable address used is 2123344 out of 50000000
DEBUG: Total gradient stack used is 214713 out of 10000000
DEBUG: Total dvariable address used is 1972 out of 150000
DEBUG: Total dvariable address used is 2123344 out of 50000000
DEBUG: Total gradient stack used is 214713 out of 10000000
DEBUG: Total dvariable address used is 1972 out of 150000
DEBUG: Total dvariable address used is 2123344 out of 50000000
DEBUG: Total gradient stack used is 214713 out of 10000000
DEBUG: Total dvariable address used is 1972 out of 150000
DEBUG: Total dvariable address used is 2123344 out of 50000000
DEBUG: Total gradient stack used is 214713 out of 10000000
DEBUG: Total dvariable address used is 1972 out of 150000
DEBUG: Total dvariable address used is 2123344 out of 50000000
phase= 4 | nvar=234 | iter=  1 | nll=-1.40e+04 | mag=7.05e-04 | par[  1]=T_pars_est[3]
Optimization completed after 0.83 s with final statistics:
  nll=-14010.663568 | mag=7.05312e-04 | par[  1]=T_pars_est[3]

Warning: the following parameters had issues
  M_pars_est[5] is within 0.1% of lower bound: -1 < -1 < 1
  S_pars_est[46] is within 1% of upper bound: -11.5129 < -0.0968482 < 0
  S_pars_est[47] is within 1% of upper bound: -11.5129 < -0.0571141 < 0
  S_pars_est[48] is within 1% of upper bound: -11.5129 < -0.0445342 < 0

DEBUG: Total gradient stack used is 0 out of 10000000
DEBUG: Total dvariable address used is 1972 out of 150000
DEBUG: Total dvariable address used is 2123344 out of 50000000
Starting REPORT_SECTION
+--------------------------+
| Beginning report section |
+--------------------------+
last phase
Finished WriteFiles
REPORT_SECTION: finished CreateOutput
REPORT_SECTION: finished save_gradients
Finished REPORT_SECTION
Calculating Hessian (234 variables): DEBUG: Total gradient stack used is 214713 out of 10000000
DEBUG: Total dvariable address used is 1972 out of 150000
DEBUG: Total dvariable address used is 2132072 out of 50000000
DEBUG: Total gradient stack used is 214713 out of 10000000
DEBUG: Total dvariable address used is 1972 out of 150000
DEBUG: Total dvariable address used is 2132072 out of 50000000
DEBUG: Total gradient stack used is 214713 out of 10000000
DEBUG: Total dvariable address used is 1972 out of 150000
DEBUG: Total dvariable address used is 2132072 out of 50000000
DEBUG: Total gradient stack used is 214713 out of 10000000
DEBUG: Total dvariable address used is 1972 out of 150000
DEBUG: Total dvariable address used is 2132072 out of 50000000
DEBUG: Total gradient stack used is 214713 out of 10000000
DEBUG: Total dvariable address used is 1972 out of 150000
DEBUG: Total dvariable address used is 2132072 out of 50000000
DEBUG: Total gradient stack used is 214713 out of 10000000
DEBUG: Total dvariable address used is 1972 out of 150000
DEBUG: Total dvariable address used is 2132072 out of 50000000
DEBUG: Total gradient stack used is 214713 out of 10000000
DEBUG: Total dvariable address used is 1972 out of 150000
DEBUG: Total dvariable address used is 2132072 out of 50000000
DEBUG: Total gradient stack used is 214713 out of 10000000
DEBUG: Total dvariable address used is 1972 out of 150000
DEBUG: Total dvariable address used is 2132072 out of 50000000
DEBUG: Total gradient stack used is 214713 out of 10000000
DEBUG: Total dvariable address used is 1972 out of 150000
DEBUG: Total dvariable address used is 2132072 out of 50000000
DEBUG: Total gradient stack used is 214713 out of 10000000
DEBUG: Total dvariable address used is 1972 out of 150000
DEBUG: Total dvariable address used is 2132072 out of 50000000
DEBUG: Total gradient stack used is 214713 out of 10000000
DEBUG: Total dvariable address used is 1972 out of 150000
DEBUG: Total dvariable address used is 2132072 out of 50000000
DEBUG: Total gradient stack used is 214713 out of 10000000
DEBUG: Total dvariable address used is 1972 out of 150000
DEBUG: Total dvariable address used is 2132072 out of 50000000
DEBUG: Total gradient stack used is 214713 out of 10000000
DEBUG: Total dvariable address used is 1972 out of 150000
DEBUG: Total dvariable address used is 2132072 out of 50000000
DEBUG: Total gradient stack used is 214713 out of 10000000
DEBUG: Total dvariable address used is 1972 out of 150000
DEBUG: Total dvariable address used is 2132072 out of 50000000
DEBUG: Total gradient stack used is 214713 out of 10000000
DEBUG: Total dvariable address used is 1972 out of 150000
DEBUG: Total dvariable address used is 2132072 out of 50000000
DEBUG: Total gradient stack used is 214713 out of 10000000
DEBUG: Total dvariable address used is 1972 out of 150000
DEBUG: Total dvariable address used is 2132072 out of 50000000
DEBUG: Total gradient stack used is 214713 out of 10000000
DEBUG: Total dvariable address used is 1972 out of 150000
DEBUG: Total dvariable address used is 2132072 out of 50000000
DEBUG: Total gradient stack used is 214713 out of 10000000
DEBUG: Total dvariable address used is 1972 out of 150000
DEBUG: Total dvariable address used is 2132072 out of 50000000
DEBUG: Total gradient stack used is 214713 out of 10000000
DEBUG: Total dvariable address used is 1972 out of 150000
DEBUG: Total dvariable address used is 2132072 out of 50000000
DEBUG: Total gradient stack used is 214713 out of 10000000
DEBUG: Total dvariable address used is 1972 out of 150000
DEBUG: Total dvariable address used is 2132072 out of 50000000
DEBUG: Total gradient stack used is 214713 out of 10000000
DEBUG: Total dvariable address used is 1972 out of 150000
DEBUG: Total dvariable address used is 2132072 out of 50000000
DEBUG: Total gradient stack used is 214713 out of 10000000
DEBUG: Total dvariable address used is 1972 out of 150000
DEBUG: Total dvariable address used is 2132072 out of 50000000
DEBUG: Total gradient stack used is 214713 out of 10000000
DEBUG: Total dvariable address used is 1972 out of 150000
DEBUG: Total dvariable address used is 2132072 out of 50000000
DEBUG: Total gradient stack used is 214713 out of 10000000
DEBUG: Total dvariable address used is 1972 out of 150000
DEBUG: Total dvariable address used is 2132072 out of 50000000
DEBUG: Total gradient stack used is 214713 out of 10000000
DEBUG: Total dvariable address used is 1972 out of 150000
DEBUG: Total dvariable address used is 2132072 out of 50000000
DEBUG: Total gradient stack used is 214713 out of 10000000
DEBUG: Total dvariable address used is 1972 out of 150000
DEBUG: Total dvariable address used is 2132072 out of 50000000
DEBUG: Total gradient stack used is 214713 out of 10000000
DEBUG: Total dvariable address used is 1972 out of 150000
DEBUG: Total dvariable address used is 2132072 out of 50000000
DEBUG: Total gradient stack used is 214713 out of 10000000
DEBUG: Total dvariable address used is 1972 out of 150000
DEBUG: Total dvariable address used is 2132072 out of 50000000
DEBUG: Total gradient stack used is 214713 out of 10000000
DEBUG: Total dvariable address used is 1972 out of 150000
DEBUG: Total dvariable address used is 2132072 out of 50000000
DEBUG: Total gradient stack used is 214713 out of 10000000
DEBUG: Total dvariable address used is 1972 out of 150000
DEBUG: Total dvariable address used is 2132072 out of 50000000
DEBUG: Total gradient stack used is 214713 out of 10000000
DEBUG: Total dvariable address used is 1972 out of 150000
DEBUG: Total dvariable address used is 2132072 out of 50000000
DEBUG: Total gradient stack used is 214713 out of 10000000
DEBUG: Total dvariable address used is 1972 out of 150000
DEBUG: Total dvariable address used is 2132072 out of 50000000
DEBUG: Total gradient stack used is 214713 out of 10000000
DEBUG: Total dvariable address used is 1972 out of 150000
DEBUG: Total dvariable address used is 2132072 out of 50000000
DEBUG: Total gradient stack used is 214713 out of 10000000
DEBUG: Total dvariable address used is 1972 out of 150000
DEBUG: Total dvariable address used is 2132072 out of 50000000
DEBUG: Total gradient stack used is 214713 out of 10000000
DEBUG: Total dvariable address used is 1972 out of 150000
DEBUG: Total dvariable address used is 2132072 out of 50000000
DEBUG: Total gradient stack used is 214713 out of 10000000
DEBUG: Total dvariable address used is 1972 out of 150000
DEBUG: Total dvariable address used is 2132072 out of 50000000
DEBUG: Total gradient stack used is 214713 out of 10000000
DEBUG: Total dvariable address used is 1972 out of 150000
DEBUG: Total dvariable address used is 2132072 out of 50000000
DEBUG: Total gradient stack used is 214713 out of 10000000
DEBUG: Total dvariable address used is 1972 out of 150000
DEBUG: Total dvariable address used is 2132072 out of 50000000
DEBUG: Total gradient stack used is 214713 out of 10000000
DEBUG: Total dvariable address used is 1972 out of 150000
DEBUG: Total dvariable address used is 2132072 out of 50000000
DEBUG: Total gradient stack used is 214713 out of 10000000
DEBUG: Total dvariable address used is 1972 out of 150000
DEBUG: Total dvariable address used is 2132072 out of 50000000
DEBUG: Total gradient stack used is 214713 out of 10000000
DEBUG: Total dvariable address used is 1972 out of 150000
DEBUG: Total dvariable address used is 2132072 out of 50000000
DEBUG: Total gradient stack used is 214713 out of 10000000
DEBUG: Total dvariable address used is 1972 out of 150000
DEBUG: Total dvariable address used is 2132072 out of 50000000
DEBUG: Total gradient stack used is 214713 out of 10000000
DEBUG: Total dvariable address used is 1972 out of 150000
DEBUG: Total dvariable address used is 2132072 out of 50000000
DEBUG: Total gradient stack used is 214713 out of 10000000
DEBUG: Total dvariable address used is 1972 out of 150000
DEBUG: Total dvariable address used is 2132072 out of 50000000
DEBUG: Total gradient stack used is 214713 out of 10000000
DEBUG: Total dvariable address used is 1972 out of 150000
DEBUG: Total dvariable address used is 2132072 out of 50000000
DEBUG: Total gradient stack used is 214713 out of 10000000
DEBUG: Total dvariable address used is 1972 out of 150000
DEBUG: Total dvariable address used is 2132072 out of 50000000
DEBUG: Total gradient stack used is 214713 out of 10000000
DEBUG: Total dvariable address used is 1972 out of 150000
DEBUG: Total dvariable address used is 2132072 out of 50000000
DEBUG: Total gradient stack used is 214713 out of 10000000
DEBUG: Total dvariable address used is 1972 out of 150000
DEBUG: Total dvariable address used is 2132072 out of 50000000
DEBUG: Total gradient stack used is 214713 out of 10000000
DEBUG: Total dvariable address used is 1972 out of 150000
DEBUG: Total dvariable address used is 2132072 out of 50000000
DEBUG: Total gradient stack used is 214713 out of 10000000
DEBUG: Total dvariable address used is 1972 out of 150000
DEBUG: Total dvariable address used is 2132072 out of 50000000
DEBUG: Total gradient stack used is 214713 out of 10000000
DEBUG: Total dvariable address used is 1972 out of 150000
DEBUG: Total dvariable address used is 2132072 out of 50000000
DEBUG: Total gradient stack used is 214713 out of 10000000
DEBUG: Total dvariable address used is 1972 out of 150000
DEBUG: Total dvariable address used is 2132072 out of 50000000
DEBUG: Total gradient stack used is 214713 out of 10000000
DEBUG: Total dvariable address used is 1972 out of 150000
DEBUG: Total dvariable address used is 2132072 out of 50000000
DEBUG: Total gradient stack used is 214713 out of 10000000
DEBUG: Total dvariable address used is 1972 out of 150000
DEBUG: Total dvariable address used is 2132072 out of 50000000
DEBUG: Total gradient stack used is 214713 out of 10000000
DEBUG: Total dvariable address used is 1972 out of 150000
DEBUG: Total dvariable address used is 2132072 out of 50000000
DEBUG: Total gradient stack used is 214713 out of 10000000
DEBUG: Total dvariable address used is 1972 out of 150000
DEBUG: Total dvariable address used is 2132072 out of 50000000
DEBUG: Total gradient stack used is 214713 out of 10000000
DEBUG: Total dvariable address used is 1972 out of 150000
DEBUG: Total dvariable address used is 2132072 out of 50000000
DEBUG: Total gradient stack used is 214713 out of 10000000
DEBUG: Total dvariable address used is 1972 out of 150000
DEBUG: Total dvariable address used is 2132072 out of 50000000
DEBUG: Total gradient stack used is 214713 out of 10000000
DEBUG: Total dvariable address used is 1972 out of 150000
DEBUG: Total dvariable address used is 2132072 out of 50000000
DEBUG: Total gradient stack used is 214713 out of 10000000
DEBUG: Total dvariable address used is 1972 out of 150000
DEBUG: Total dvariable address used is 2132072 out of 50000000
DEBUG: Total gradient stack used is 214713 out of 10000000
DEBUG: Total dvariable address used is 1972 out of 150000
DEBUG: Total dvariable address used is 2132072 out of 50000000
DEBUG: Total gradient stack used is 214713 out of 10000000
DEBUG: Total dvariable address used is 1972 out of 150000
DEBUG: Total dvariable address used is 2132072 out of 50000000
DEBUG: Total gradient stack used is 214713 out of 10000000
DEBUG: Total dvariable address used is 1972 out of 150000
DEBUG: Total dvariable address used is 2132072 out of 50000000
DEBUG: Total gradient stack used is 214713 out of 10000000
DEBUG: Total dvariable address used is 1972 out of 150000
DEBUG: Total dvariable address used is 2132072 out of 50000000
DEBUG: Total gradient stack used is 214713 out of 10000000
DEBUG: Total dvariable address used is 1972 out of 150000
DEBUG: Total dvariable address used is 2132072 out of 50000000
DEBUG: Total gradient stack used is 214713 out of 10000000
DEBUG: Total dvariable address used is 1972 out of 150000
DEBUG: Total dvariable address used is 2132072 out of 50000000
DEBUG: Total gradient stack used is 214713 out of 10000000
DEBUG: Total dvariable address used is 1972 out of 150000
DEBUG: Total dvariable address used is 2132072 out of 50000000
DEBUG: Total gradient stack used is 214713 out of 10000000
DEBUG: Total dvariable address used is 1972 out of 150000
DEBUG: Total dvariable address used is 2132072 out of 50000000
DEBUG: Total gradient stack used is 214713 out of 10000000
DEBUG: Total dvariable address used is 1972 out of 150000
DEBUG: Total dvariable address used is 2132072 out of 50000000
DEBUG: Total gradient stack used is 214713 out of 10000000
DEBUG: Total dvariable address used is 1972 out of 150000
DEBUG: Total dvariable address used is 2132072 out of 50000000
DEBUG: Total gradient stack used is 214713 out of 10000000
DEBUG: Total dvariable address used is 1972 out of 150000
DEBUG: Total dvariable address used is 2132072 out of 50000000
DEBUG: Total gradient stack used is 214713 out of 10000000
DEBUG: Total dvariable address used is 1972 out of 150000
DEBUG: Total dvariable address used is 2132072 out of 50000000
DEBUG: Total gradient stack used is 214713 out of 10000000
DEBUG: Total dvariable address used is 1972 out of 150000
DEBUG: Total dvariable address used is 2132072 out of 50000000
DEBUG: Total gradient stack used is 214713 out of 10000000
DEBUG: Total dvariable address used is 1972 out of 150000
DEBUG: Total dvariable address used is 2132072 out of 50000000
DEBUG: Total gradient stack used is 214713 out of 10000000
DEBUG: Total dvariable address used is 1972 out of 150000
DEBUG: Total dvariable address used is 2132072 out of 50000000
DEBUG: Total gradient stack used is 214713 out of 10000000
DEBUG: Total dvariable address used is 1972 out of 150000
DEBUG: Total dvariable address used is 2132072 out of 50000000
DEBUG: Total gradient stack used is 214713 out of 10000000
DEBUG: Total dvariable address used is 1972 out of 150000
DEBUG: Total dvariable address used is 2132072 out of 50000000
DEBUG: Total gradient stack used is 214713 out of 10000000
DEBUG: Total dvariable address used is 1972 out of 150000
DEBUG: Total dvariable address used is 2132072 out of 50000000
DEBUG: Total gradient stack used is 214713 out of 10000000
DEBUG: Total dvariable address used is 1972 out of 150000
DEBUG: Total dvariable address used is 2132072 out of 50000000
DEBUG: Total gradient stack used is 214713 out of 10000000
DEBUG: Total dvariable address used is 1972 out of 150000
DEBUG: Total dvariable address used is 2132072 out of 50000000
DEBUG: Total gradient stack used is 214713 out of 10000000
DEBUG: Total dvariable address used is 1972 out of 150000
DEBUG: Total dvariable address used is 2132072 out of 50000000
DEBUG: Total gradient stack used is 214713 out of 10000000
DEBUG: Total dvariable address used is 1972 out of 150000
DEBUG: Total dvariable address used is 2132072 out of 50000000
DEBUG: Total gradient stack used is 214713 out of 10000000
DEBUG: Total dvariable address used is 1972 out of 150000
DEBUG: Total dvariable address used is 2132072 out of 50000000
DEBUG: Total gradient stack used is 214713 out of 10000000
DEBUG: Total dvariable address used is 1972 out of 150000
DEBUG: Total dvariable address used is 2132072 out of 50000000
DEBUG: Total gradient stack used is 214713 out of 10000000
DEBUG: Total dvariable address used is 1972 out of 150000
DEBUG: Total dvariable address used is 2132072 out of 50000000
DEBUG: Total gradient stack used is 214713 out of 10000000
DEBUG: Total dvariable address used is 1972 out of 150000
DEBUG: Total dvariable address used is 2132072 out of 50000000
DEBUG: Total gradient stack used is 214713 out of 10000000
DEBUG: Total dvariable address used is 1972 out of 150000
DEBUG: Total dvariable address used is 2132072 out of 50000000
DEBUG: Total gradient stack used is 214713 out of 10000000
DEBUG: Total dvariable address used is 1972 out of 150000
DEBUG: Total dvariable address used is 2132072 out of 50000000
DEBUG: Total gradient stack used is 214713 out of 10000000
DEBUG: Total dvariable address used is 1972 out of 150000
DEBUG: Total dvariable address used is 2132072 out of 50000000
DEBUG: Total gradient stack used is 214713 out of 10000000
DEBUG: Total dvariable address used is 1972 out of 150000
DEBUG: Total dvariable address used is 2132072 out of 50000000
DEBUG: Total gradient stack used is 214713 out of 10000000
DEBUG: Total dvariable address used is 1972 out of 150000
DEBUG: Total dvariable address used is 2132072 out of 50000000
DEBUG: Total gradient stack used is 214713 out of 10000000
DEBUG: Total dvariable address used is 1972 out of 150000
DEBUG: Total dvariable address used is 2132072 out of 50000000
DEBUG: Total gradient stack used is 214713 out of 10000000
DEBUG: Total dvariable address used is 1972 out of 150000
DEBUG: Total dvariable address used is 2132072 out of 50000000
DEBUG: Total gradient stack used is 214713 out of 10000000
DEBUG: Total dvariable address used is 1972 out of 150000
DEBUG: Total dvariable address used is 2132072 out of 50000000
DEBUG: Total gradient stack used is 214713 out of 10000000
DEBUG: Total dvariable address used is 1972 out of 150000
DEBUG: Total dvariable address used is 2132072 out of 50000000
DEBUG: Total gradient stack used is 214713 out of 10000000
DEBUG: Total dvariable address used is 1972 out of 150000
DEBUG: Total dvariable address used is 2132072 out of 50000000
DEBUG: Total gradient stack used is 214713 out of 10000000
DEBUG: Total dvariable address used is 1972 out of 150000
DEBUG: Total dvariable address used is 2132072 out of 50000000
DEBUG: Total gradient stack used is 214713 out of 10000000
DEBUG: Total dvariable address used is 1972 out of 150000
DEBUG: Total dvariable address used is 2132072 out of 50000000
DEBUG: Total gradient stack used is 214713 out of 10000000
DEBUG: Total dvariable address used is 1972 out of 150000
DEBUG: Total dvariable address used is 2132072 out of 50000000
DEBUG: Total gradient stack used is 214713 out of 10000000
DEBUG: Total dvariable address used is 1972 out of 150000
DEBUG: Total dvariable address used is 2132072 out of 50000000
DEBUG: Total gradient stack used is 214713 out of 10000000
DEBUG: Total dvariable address used is 1972 out of 150000
DEBUG: Total dvariable address used is 2132072 out of 50000000
DEBUG: Total gradient stack used is 214713 out of 10000000
DEBUG: Total dvariable address used is 1972 out of 150000
DEBUG: Total dvariable address used is 2132072 out of 50000000
DEBUG: Total gradient stack used is 214713 out of 10000000
DEBUG: Total dvariable address used is 1972 out of 150000
DEBUG: Total dvariable address used is 2132072 out of 50000000
DEBUG: Total gradient stack used is 214713 out of 10000000
DEBUG: Total dvariable address used is 1972 out of 150000
DEBUG: Total dvariable address used is 2132072 out of 50000000
DEBUG: Total gradient stack used is 214713 out of 10000000
DEBUG: Total dvariable address used is 1972 out of 150000
DEBUG: Total dvariable address used is 2132072 out of 50000000
DEBUG: Total gradient stack used is 214713 out of 10000000
DEBUG: Total dvariable address used is 1972 out of 150000
DEBUG: Total dvariable address used is 2132072 out of 50000000
DEBUG: Total gradient stack used is 214713 out of 10000000
DEBUG: Total dvariable address used is 1972 out of 150000
DEBUG: Total dvariable address used is 2132072 out of 50000000
DEBUG: Total gradient stack used is 214713 out of 10000000
DEBUG: Total dvariable address used is 1972 out of 150000
DEBUG: Total dvariable address used is 2132072 out of 50000000
DEBUG: Total gradient stack used is 214713 out of 10000000
DEBUG: Total dvariable address used is 1972 out of 150000
DEBUG: Total dvariable address used is 2132072 out of 50000000
DEBUG: Total gradient stack used is 214713 out of 10000000
DEBUG: Total dvariable address used is 1972 out of 150000
DEBUG: Total dvariable address used is 2132072 out of 50000000
DEBUG: Total gradient stack used is 214713 out of 10000000
DEBUG: Total dvariable address used is 1972 out of 150000
DEBUG: Total dvariable address used is 2132072 out of 50000000
DEBUG: Total gradient stack used is 214713 out of 10000000
DEBUG: Total dvariable address used is 1972 out of 150000
DEBUG: Total dvariable address used is 2132072 out of 50000000
DEBUG: Total gradient stack used is 214713 out of 10000000
DEBUG: Total dvariable address used is 1972 out of 150000
DEBUG: Total dvariable address used is 2132072 out of 50000000
DEBUG: Total gradient stack used is 214713 out of 10000000
DEBUG: Total dvariable address used is 1972 out of 150000
DEBUG: Total dvariable address used is 2132072 out of 50000000
DEBUG: Total gradient stack used is 214713 out of 10000000
DEBUG: Total dvariable address used is 1972 out of 150000
DEBUG: Total dvariable address used is 2132072 out of 50000000
DEBUG: Total gradient stack used is 214713 out of 10000000
DEBUG: Total dvariable address used is 1972 out of 150000
DEBUG: Total dvariable address used is 2132072 out of 50000000
DEBUG: Total gradient stack used is 214713 out of 10000000
DEBUG: Total dvariable address used is 1972 out of 150000
DEBUG: Total dvariable address used is 2132072 out of 50000000
DEBUG: Total gradient stack used is 214713 out of 10000000
DEBUG: Total dvariable address used is 1972 out of 150000
DEBUG: Total dvariable address used is 2132072 out of 50000000
DEBUG: Total gradient stack used is 214713 out of 10000000
DEBUG: Total dvariable address used is 1972 out of 150000
DEBUG: Total dvariable address used is 2132072 out of 50000000
DEBUG: Total gradient stack used is 214713 out of 10000000
DEBUG: Total dvariable address used is 1972 out of 150000
DEBUG: Total dvariable address used is 2132072 out of 50000000
DEBUG: Total gradient stack used is 214713 out of 10000000
DEBUG: Total dvariable address used is 1972 out of 150000
DEBUG: Total dvariable address used is 2132072 out of 50000000
DEBUG: Total gradient stack used is 214713 out of 10000000
DEBUG: Total dvariable address used is 1972 out of 150000
DEBUG: Total dvariable address used is 2132072 out of 50000000
DEBUG: Total gradient stack used is 214713 out of 10000000
DEBUG: Total dvariable address used is 1972 out of 150000
DEBUG: Total dvariable address used is 2132072 out of 50000000
DEBUG: Total gradient stack used is 214713 out of 10000000
DEBUG: Total dvariable address used is 1972 out of 150000
DEBUG: Total dvariable address used is 2132072 out of 50000000
DEBUG: Total gradient stack used is 214713 out of 10000000
DEBUG: Total dvariable address used is 1972 out of 150000
DEBUG: Total dvariable address used is 2132072 out of 50000000
DEBUG: Total gradient stack used is 214713 out of 10000000
DEBUG: Total dvariable address used is 1972 out of 150000
DEBUG: Total dvariable address used is 2132072 out of 50000000
DEBUG: Total gradient stack used is 214713 out of 10000000
DEBUG: Total dvariable address used is 1972 out of 150000
DEBUG: Total dvariable address used is 2132072 out of 50000000
DEBUG: Total gradient stack used is 214713 out of 10000000
DEBUG: Total dvariable address used is 1972 out of 150000
DEBUG: Total dvariable address used is 2132072 out of 50000000
DEBUG: Total gradient stack used is 214713 out of 10000000
DEBUG: Total dvariable address used is 1972 out of 150000
DEBUG: Total dvariable address used is 2132072 out of 50000000
DEBUG: Total gradient stack used is 214713 out of 10000000
DEBUG: Total dvariable address used is 1972 out of 150000
DEBUG: Total dvariable address used is 2132072 out of 50000000
DEBUG: Total gradient stack used is 214713 out of 10000000
DEBUG: Total dvariable address used is 1972 out of 150000
DEBUG: Total dvariable address used is 2132072 out of 50000000
DEBUG: Total gradient stack used is 214713 out of 10000000
DEBUG: Total dvariable address used is 1972 out of 150000
DEBUG: Total dvariable address used is 2132072 out of 50000000
DEBUG: Total gradient stack used is 214713 out of 10000000
DEBUG: Total dvariable address used is 1972 out of 150000
DEBUG: Total dvariable address used is 2132072 out of 50000000
DEBUG: Total gradient stack used is 214713 out of 10000000
DEBUG: Total dvariable address used is 1972 out of 150000
DEBUG: Total dvariable address used is 2132072 out of 50000000
DEBUG: Total gradient stack used is 214713 out of 10000000
DEBUG: Total dvariable address used is 1972 out of 150000
DEBUG: Total dvariable address used is 2132072 out of 50000000
DEBUG: Total gradient stack used is 214713 out of 10000000
DEBUG: Total dvariable address used is 1972 out of 150000
DEBUG: Total dvariable address used is 2132072 out of 50000000
DEBUG: Total gradient stack used is 214713 out of 10000000
DEBUG: Total dvariable address used is 1972 out of 150000
DEBUG: Total dvariable address used is 2132072 out of 50000000
DEBUG: Total gradient stack used is 214713 out of 10000000
DEBUG: Total dvariable address used is 1972 out of 150000
DEBUG: Total dvariable address used is 2132072 out of 50000000
DEBUG: Total gradient stack used is 214713 out of 10000000
DEBUG: Total dvariable address used is 1972 out of 150000
DEBUG: Total dvariable address used is 2132072 out of 50000000
DEBUG: Total gradient stack used is 214713 out of 10000000
DEBUG: Total dvariable address used is 1972 out of 150000
DEBUG: Total dvariable address used is 2132072 out of 50000000
DEBUG: Total gradient stack used is 214713 out of 10000000
DEBUG: Total dvariable address used is 1972 out of 150000
DEBUG: Total dvariable address used is 2132072 out of 50000000
DEBUG: Total gradient stack used is 214713 out of 10000000
DEBUG: Total dvariable address used is 1972 out of 150000
DEBUG: Total dvariable address used is 2132072 out of 50000000
DEBUG: Total gradient stack used is 214713 out of 10000000
DEBUG: Total dvariable address used is 1972 out of 150000
DEBUG: Total dvariable address used is 2132072 out of 50000000
DEBUG: Total gradient stack used is 214713 out of 10000000
DEBUG: Total dvariable address used is 1972 out of 150000
DEBUG: Total dvariable address used is 2132072 out of 50000000
DEBUG: Total gradient stack used is 214713 out of 10000000
DEBUG: Total dvariable address used is 1972 out of 150000
DEBUG: Total dvariable address used is 2132072 out of 50000000
DEBUG: Total gradient stack used is 214713 out of 10000000
DEBUG: Total dvariable address used is 1972 out of 150000
DEBUG: Total dvariable address used is 2132072 out of 50000000
DEBUG: Total gradient stack used is 214713 out of 10000000
DEBUG: Total dvariable address used is 1972 out of 150000
DEBUG: Total dvariable address used is 2132072 out of 50000000
DEBUG: Total gradient stack used is 214713 out of 10000000
DEBUG: Total dvariable address used is 1972 out of 150000
DEBUG: Total dvariable address used is 2132072 out of 50000000
DEBUG: Total gradient stack used is 214713 out of 10000000
DEBUG: Total dvariable address used is 1972 out of 150000
DEBUG: Total dvariable address used is 2132072 out of 50000000
DEBUG: Total gradient stack used is 214713 out of 10000000
DEBUG: Total dvariable address used is 1972 out of 150000
DEBUG: Total dvariable address used is 2132072 out of 50000000
DEBUG: Total gradient stack used is 214713 out of 10000000
DEBUG: Total dvariable address used is 1972 out of 150000
DEBUG: Total dvariable address used is 2132072 out of 50000000
DEBUG: Total gradient stack used is 214713 out of 10000000
DEBUG: Total dvariable address used is 1972 out of 150000
DEBUG: Total dvariable address used is 2132072 out of 50000000
DEBUG: Total gradient stack used is 214713 out of 10000000
DEBUG: Total dvariable address used is 1972 out of 150000
DEBUG: Total dvariable address used is 2132072 out of 50000000
DEBUG: Total gradient stack used is 214713 out of 10000000
DEBUG: Total dvariable address used is 1972 out of 150000
DEBUG: Total dvariable address used is 2132072 out of 50000000
DEBUG: Total gradient stack used is 214713 out of 10000000
DEBUG: Total dvariable address used is 1972 out of 150000
DEBUG: Total dvariable address used is 2132072 out of 50000000
DEBUG: Total gradient stack used is 214713 out of 10000000
DEBUG: Total dvariable address used is 1972 out of 150000
DEBUG: Total dvariable address used is 2132072 out of 50000000
DEBUG: Total gradient stack used is 214713 out of 10000000
DEBUG: Total dvariable address used is 1972 out of 150000
DEBUG: Total dvariable address used is 2132072 out of 50000000
DEBUG: Total gradient stack used is 214713 out of 10000000
DEBUG: Total dvariable address used is 1972 out of 150000
DEBUG: Total dvariable address used is 2132072 out of 50000000
DEBUG: Total gradient stack used is 214713 out of 10000000
DEBUG: Total dvariable address used is 1972 out of 150000
DEBUG: Total dvariable address used is 2132072 out of 50000000
DEBUG: Total gradient stack used is 214713 out of 10000000
DEBUG: Total dvariable address used is 1972 out of 150000
DEBUG: Total dvariable address used is 2132072 out of 50000000
DEBUG: Total gradient stack used is 214713 out of 10000000
DEBUG: Total dvariable address used is 1972 out of 150000
DEBUG: Total dvariable address used is 2132072 out of 50000000
DEBUG: Total gradient stack used is 214713 out of 10000000
DEBUG: Total dvariable address used is 1972 out of 150000
DEBUG: Total dvariable address used is 2132072 out of 50000000
DEBUG: Total gradient stack used is 214713 out of 10000000
DEBUG: Total dvariable address used is 1972 out of 150000
DEBUG: Total dvariable address used is 2132072 out of 50000000
DEBUG: Total gradient stack used is 214713 out of 10000000
DEBUG: Total dvariable address used is 1972 out of 150000
DEBUG: Total dvariable address used is 2132072 out of 50000000
DEBUG: Total gradient stack used is 214713 out of 10000000
DEBUG: Total dvariable address used is 1972 out of 150000
DEBUG: Total dvariable address used is 2132072 out of 50000000
DEBUG: Total gradient stack used is 214713 out of 10000000
DEBUG: Total dvariable address used is 1972 out of 150000
DEBUG: Total dvariable address used is 2132072 out of 50000000
DEBUG: Total gradient stack used is 214713 out of 10000000
DEBUG: Total dvariable address used is 1972 out of 150000
DEBUG: Total dvariable address used is 2132072 out of 50000000
DEBUG: Total gradient stack used is 214713 out of 10000000
DEBUG: Total dvariable address used is 1972 out of 150000
DEBUG: Total dvariable address used is 2132072 out of 50000000
DEBUG: Total gradient stack used is 214713 out of 10000000
DEBUG: Total dvariable address used is 1972 out of 150000
DEBUG: Total dvariable address used is 2132072 out of 50000000
DEBUG: Total gradient stack used is 214713 out of 10000000
DEBUG: Total dvariable address used is 1972 out of 150000
DEBUG: Total dvariable address used is 2132072 out of 50000000
DEBUG: Total gradient stack used is 214713 out of 10000000
DEBUG: Total dvariable address used is 1972 out of 150000
DEBUG: Total dvariable address used is 2132072 out of 50000000
DEBUG: Total gradient stack used is 214713 out of 10000000
DEBUG: Total dvariable address used is 1972 out of 150000
DEBUG: Total dvariable address used is 2132072 out of 50000000
DEBUG: Total gradient stack used is 214713 out of 10000000
DEBUG: Total dvariable address used is 1972 out of 150000
DEBUG: Total dvariable address used is 2132072 out of 50000000
DEBUG: Total gradient stack used is 214713 out of 10000000
DEBUG: Total dvariable address used is 1972 out of 150000
DEBUG: Total dvariable address used is 2132072 out of 50000000
DEBUG: Total gradient stack used is 214713 out of 10000000
DEBUG: Total dvariable address used is 1972 out of 150000
DEBUG: Total dvariable address used is 2132072 out of 50000000
DEBUG: Total gradient stack used is 214713 out of 10000000
DEBUG: Total dvariable address used is 1972 out of 150000
DEBUG: Total dvariable address used is 2132072 out of 50000000
DEBUG: Total gradient stack used is 214713 out of 10000000
DEBUG: Total dvariable address used is 1972 out of 150000
DEBUG: Total dvariable address used is 2132072 out of 50000000
DEBUG: Total gradient stack used is 214713 out of 10000000
DEBUG: Total dvariable address used is 1972 out of 150000
DEBUG: Total dvariable address used is 2132072 out of 50000000
DEBUG: Total gradient stack used is 214713 out of 10000000
DEBUG: Total dvariable address used is 1972 out of 150000
DEBUG: Total dvariable address used is 2132072 out of 50000000
DEBUG: Total gradient stack used is 214713 out of 10000000
DEBUG: Total dvariable address used is 1972 out of 150000
DEBUG: Total dvariable address used is 2132072 out of 50000000
DEBUG: Total gradient stack used is 214713 out of 10000000
DEBUG: Total dvariable address used is 1972 out of 150000
DEBUG: Total dvariable address used is 2132072 out of 50000000
DEBUG: Total gradient stack used is 214713 out of 10000000
DEBUG: Total dvariable address used is 1972 out of 150000
DEBUG: Total dvariable address used is 2132072 out of 50000000
DEBUG: Total gradient stack used is 214713 out of 10000000
DEBUG: Total dvariable address used is 1972 out of 150000
DEBUG: Total dvariable address used is 2132072 out of 50000000
DEBUG: Total gradient stack used is 214713 out of 10000000
DEBUG: Total dvariable address used is 1972 out of 150000
DEBUG: Total dvariable address used is 2132072 out of 50000000
DEBUG: Total gradient stack used is 214713 out of 10000000
DEBUG: Total dvariable address used is 1972 out of 150000
DEBUG: Total dvariable address used is 2132072 out of 50000000
DEBUG: Total gradient stack used is 214713 out of 10000000
DEBUG: Total dvariable address used is 1972 out of 150000
DEBUG: Total dvariable address used is 2132072 out of 50000000
DEBUG: Total gradient stack used is 214713 out of 10000000
DEBUG: Total dvariable address used is 1972 out of 150000
DEBUG: Total dvariable address used is 2132072 out of 50000000
DEBUG: Total gradient stack used is 214713 out of 10000000
DEBUG: Total dvariable address used is 1972 out of 150000
DEBUG: Total dvariable address used is 2132072 out of 50000000
DEBUG: Total gradient stack used is 214713 out of 10000000
DEBUG: Total dvariable address used is 1972 out of 150000
DEBUG: Total dvariable address used is 2132072 out of 50000000
DEBUG: Total gradient stack used is 214713 out of 10000000
DEBUG: Total dvariable address used is 1972 out of 150000
DEBUG: Total dvariable address used is 2132072 out of 50000000
DEBUG: Total gradient stack used is 214713 out of 10000000
DEBUG: Total dvariable address used is 1972 out of 150000
DEBUG: Total dvariable address used is 2132072 out of 50000000
DEBUG: Total gradient stack used is 214713 out of 10000000
DEBUG: Total dvariable address used is 1972 out of 150000
DEBUG: Total dvariable address used is 2132072 out of 50000000
DEBUG: Total gradient stack used is 214713 out of 10000000
DEBUG: Total dvariable address used is 1972 out of 150000
DEBUG: Total dvariable address used is 2132072 out of 50000000
DEBUG: Total gradient stack used is 214713 out of 10000000
DEBUG: Total dvariable address used is 1972 out of 150000
DEBUG: Total dvariable address used is 2132072 out of 50000000
DEBUG: Total gradient stack used is 214713 out of 10000000
DEBUG: Total dvariable address used is 1972 out of 150000
DEBUG: Total dvariable address used is 2132072 out of 50000000
DEBUG: Total gradient stack used is 214713 out of 10000000
DEBUG: Total dvariable address used is 1972 out of 150000
DEBUG: Total dvariable address used is 2132072 out of 50000000
DEBUG: Total gradient stack used is 214713 out of 10000000
DEBUG: Total dvariable address used is 1972 out of 150000
DEBUG: Total dvariable address used is 2132072 out of 50000000
20%DEBUG: Total gradient stack used is 214713 out of 10000000
DEBUG: Total dvariable address used is 1972 out of 150000
DEBUG: Total dvariable address used is 2132072 out of 50000000
DEBUG: Total gradient stack used is 214713 out of 10000000
DEBUG: Total dvariable address used is 1972 out of 150000
DEBUG: Total dvariable address used is 2132072 out of 50000000
DEBUG: Total gradient stack used is 214713 out of 10000000
DEBUG: Total dvariable address used is 1972 out of 150000
DEBUG: Total dvariable address used is 2132072 out of 50000000
DEBUG: Total gradient stack used is 214713 out of 10000000
DEBUG: Total dvariable address used is 1972 out of 150000
DEBUG: Total dvariable address used is 2132072 out of 50000000
DEBUG: Total gradient stack used is 214713 out of 10000000
DEBUG: Total dvariable address used is 1972 out of 150000
DEBUG: Total dvariable address used is 2132072 out of 50000000
DEBUG: Total gradient stack used is 214713 out of 10000000
DEBUG: Total dvariable address used is 1972 out of 150000
DEBUG: Total dvariable address used is 2132072 out of 50000000
DEBUG: Total gradient stack used is 214713 out of 10000000
DEBUG: Total dvariable address used is 1972 out of 150000
DEBUG: Total dvariable address used is 2132072 out of 50000000
DEBUG: Total gradient stack used is 214713 out of 10000000
DEBUG: Total dvariable address used is 1972 out of 150000
DEBUG: Total dvariable address used is 2132072 out of 50000000
DEBUG: Total gradient stack used is 214713 out of 10000000
DEBUG: Total dvariable address used is 1972 out of 150000
DEBUG: Total dvariable address used is 2132072 out of 50000000
DEBUG: Total gradient stack used is 214713 out of 10000000
DEBUG: Total dvariable address used is 1972 out of 150000
DEBUG: Total dvariable address used is 2132072 out of 50000000
DEBUG: Total gradient stack used is 214713 out of 10000000
DEBUG: Total dvariable address used is 1972 out of 150000
DEBUG: Total dvariable address used is 2132072 out of 50000000
DEBUG: Total gradient stack used is 214713 out of 10000000
DEBUG: Total dvariable address used is 1972 out of 150000
DEBUG: Total dvariable address used is 2132072 out of 50000000
DEBUG: Total gradient stack used is 214713 out of 10000000
DEBUG: Total dvariable address used is 1972 out of 150000
DEBUG: Total dvariable address used is 2132072 out of 50000000
DEBUG: Total gradient stack used is 214713 out of 10000000
DEBUG: Total dvariable address used is 1972 out of 150000
DEBUG: Total dvariable address used is 2132072 out of 50000000
DEBUG: Total gradient stack used is 214713 out of 10000000
DEBUG: Total dvariable address used is 1972 out of 150000
DEBUG: Total dvariable address used is 2132072 out of 50000000
DEBUG: Total gradient stack used is 214713 out of 10000000
DEBUG: Total dvariable address used is 1972 out of 150000
DEBUG: Total dvariable address used is 2132072 out of 50000000
DEBUG: Total gradient stack used is 214713 out of 10000000
DEBUG: Total dvariable address used is 1972 out of 150000
DEBUG: Total dvariable address used is 2132072 out of 50000000
DEBUG: Total gradient stack used is 214713 out of 10000000
DEBUG: Total dvariable address used is 1972 out of 150000
DEBUG: Total dvariable address used is 2132072 out of 50000000
DEBUG: Total gradient stack used is 214713 out of 10000000
DEBUG: Total dvariable address used is 1972 out of 150000
DEBUG: Total dvariable address used is 2132072 out of 50000000
DEBUG: Total gradient stack used is 214713 out of 10000000
DEBUG: Total dvariable address used is 1972 out of 150000
DEBUG: Total dvariable address used is 2132072 out of 50000000
DEBUG: Total gradient stack used is 214713 out of 10000000
DEBUG: Total dvariable address used is 1972 out of 150000
DEBUG: Total dvariable address used is 2132072 out of 50000000
DEBUG: Total gradient stack used is 214713 out of 10000000
DEBUG: Total dvariable address used is 1972 out of 150000
DEBUG: Total dvariable address used is 2132072 out of 50000000
DEBUG: Total gradient stack used is 214713 out of 10000000
DEBUG: Total dvariable address used is 1972 out of 150000
DEBUG: Total dvariable address used is 2132072 out of 50000000
DEBUG: Total gradient stack used is 214713 out of 10000000
DEBUG: Total dvariable address used is 1972 out of 150000
DEBUG: Total dvariable address used is 2132072 out of 50000000
DEBUG: Total gradient stack used is 214713 out of 10000000
DEBUG: Total dvariable address used is 1972 out of 150000
DEBUG: Total dvariable address used is 2132072 out of 50000000
DEBUG: Total gradient stack used is 214713 out of 10000000
DEBUG: Total dvariable address used is 1972 out of 150000
DEBUG: Total dvariable address used is 2132072 out of 50000000
DEBUG: Total gradient stack used is 214713 out of 10000000
DEBUG: Total dvariable address used is 1972 out of 150000
DEBUG: Total dvariable address used is 2132072 out of 50000000
DEBUG: Total gradient stack used is 214713 out of 10000000
DEBUG: Total dvariable address used is 1972 out of 150000
DEBUG: Total dvariable address used is 2132072 out of 50000000
DEBUG: Total gradient stack used is 214713 out of 10000000
DEBUG: Total dvariable address used is 1972 out of 150000
DEBUG: Total dvariable address used is 2132072 out of 50000000
DEBUG: Total gradient stack used is 214713 out of 10000000
DEBUG: Total dvariable address used is 1972 out of 150000
DEBUG: Total dvariable address used is 2132072 out of 50000000
DEBUG: Total gradient stack used is 214713 out of 10000000
DEBUG: Total dvariable address used is 1972 out of 150000
DEBUG: Total dvariable address used is 2132072 out of 50000000
DEBUG: Total gradient stack used is 214713 out of 10000000
DEBUG: Total dvariable address used is 1972 out of 150000
DEBUG: Total dvariable address used is 2132072 out of 50000000
DEBUG: Total gradient stack used is 214713 out of 10000000
DEBUG: Total dvariable address used is 1972 out of 150000
DEBUG: Total dvariable address used is 2132072 out of 50000000
DEBUG: Total gradient stack used is 214713 out of 10000000
DEBUG: Total dvariable address used is 1972 out of 150000
DEBUG: Total dvariable address used is 2132072 out of 50000000
DEBUG: Total gradient stack used is 214713 out of 10000000
DEBUG: Total dvariable address used is 1972 out of 150000
DEBUG: Total dvariable address used is 2132072 out of 50000000
DEBUG: Total gradient stack used is 214713 out of 10000000
DEBUG: Total dvariable address used is 1972 out of 150000
DEBUG: Total dvariable address used is 2132072 out of 50000000
DEBUG: Total gradient stack used is 214713 out of 10000000
DEBUG: Total dvariable address used is 1972 out of 150000
DEBUG: Total dvariable address used is 2132072 out of 50000000
DEBUG: Total gradient stack used is 214713 out of 10000000
DEBUG: Total dvariable address used is 1972 out of 150000
DEBUG: Total dvariable address used is 2132072 out of 50000000
DEBUG: Total gradient stack used is 214713 out of 10000000
DEBUG: Total dvariable address used is 1972 out of 150000
DEBUG: Total dvariable address used is 2132072 out of 50000000
DEBUG: Total gradient stack used is 214713 out of 10000000
DEBUG: Total dvariable address used is 1972 out of 150000
DEBUG: Total dvariable address used is 2132072 out of 50000000
DEBUG: Total gradient stack used is 214713 out of 10000000
DEBUG: Total dvariable address used is 1972 out of 150000
DEBUG: Total dvariable address used is 2132072 out of 50000000
DEBUG: Total gradient stack used is 214713 out of 10000000
DEBUG: Total dvariable address used is 1972 out of 150000
DEBUG: Total dvariable address used is 2132072 out of 50000000
DEBUG: Total gradient stack used is 214713 out of 10000000
DEBUG: Total dvariable address used is 1972 out of 150000
DEBUG: Total dvariable address used is 2132072 out of 50000000
DEBUG: Total gradient stack used is 214713 out of 10000000
DEBUG: Total dvariable address used is 1972 out of 150000
DEBUG: Total dvariable address used is 2132072 out of 50000000
DEBUG: Total gradient stack used is 214713 out of 10000000
DEBUG: Total dvariable address used is 1972 out of 150000
DEBUG: Total dvariable address used is 2132072 out of 50000000
DEBUG: Total gradient stack used is 214713 out of 10000000
DEBUG: Total dvariable address used is 1972 out of 150000
DEBUG: Total dvariable address used is 2132072 out of 50000000
DEBUG: Total gradient stack used is 214713 out of 10000000
DEBUG: Total dvariable address used is 1972 out of 150000
DEBUG: Total dvariable address used is 2132072 out of 50000000
DEBUG: Total gradient stack used is 214713 out of 10000000
DEBUG: Total dvariable address used is 1972 out of 150000
DEBUG: Total dvariable address used is 2132072 out of 50000000
DEBUG: Total gradient stack used is 214713 out of 10000000
DEBUG: Total dvariable address used is 1972 out of 150000
DEBUG: Total dvariable address used is 2132072 out of 50000000
DEBUG: Total gradient stack used is 214713 out of 10000000
DEBUG: Total dvariable address used is 1972 out of 150000
DEBUG: Total dvariable address used is 2132072 out of 50000000
DEBUG: Total gradient stack used is 214713 out of 10000000
DEBUG: Total dvariable address used is 1972 out of 150000
DEBUG: Total dvariable address used is 2132072 out of 50000000
DEBUG: Total gradient stack used is 214713 out of 10000000
DEBUG: Total dvariable address used is 1972 out of 150000
DEBUG: Total dvariable address used is 2132072 out of 50000000
DEBUG: Total gradient stack used is 214713 out of 10000000
DEBUG: Total dvariable address used is 1972 out of 150000
DEBUG: Total dvariable address used is 2132072 out of 50000000
DEBUG: Total gradient stack used is 214713 out of 10000000
DEBUG: Total dvariable address used is 1972 out of 150000
DEBUG: Total dvariable address used is 2132072 out of 50000000
DEBUG: Total gradient stack used is 214713 out of 10000000
DEBUG: Total dvariable address used is 1972 out of 150000
DEBUG: Total dvariable address used is 2132072 out of 50000000
DEBUG: Total gradient stack used is 214713 out of 10000000
DEBUG: Total dvariable address used is 1972 out of 150000
DEBUG: Total dvariable address used is 2132072 out of 50000000
DEBUG: Total gradient stack used is 214713 out of 10000000
DEBUG: Total dvariable address used is 1972 out of 150000
DEBUG: Total dvariable address used is 2132072 out of 50000000
DEBUG: Total gradient stack used is 214713 out of 10000000
DEBUG: Total dvariable address used is 1972 out of 150000
DEBUG: Total dvariable address used is 2132072 out of 50000000
DEBUG: Total gradient stack used is 214713 out of 10000000
DEBUG: Total dvariable address used is 1972 out of 150000
DEBUG: Total dvariable address used is 2132072 out of 50000000
DEBUG: Total gradient stack used is 214713 out of 10000000
DEBUG: Total dvariable address used is 1972 out of 150000
DEBUG: Total dvariable address used is 2132072 out of 50000000
DEBUG: Total gradient stack used is 214713 out of 10000000
DEBUG: Total dvariable address used is 1972 out of 150000
DEBUG: Total dvariable address used is 2132072 out of 50000000
DEBUG: Total gradient stack used is 214713 out of 10000000
DEBUG: Total dvariable address used is 1972 out of 150000
DEBUG: Total dvariable address used is 2132072 out of 50000000
DEBUG: Total gradient stack used is 214713 out of 10000000
DEBUG: Total dvariable address used is 1972 out of 150000
DEBUG: Total dvariable address used is 2132072 out of 50000000
DEBUG: Total gradient stack used is 214713 out of 10000000
DEBUG: Total dvariable address used is 1972 out of 150000
DEBUG: Total dvariable address used is 2132072 out of 50000000
DEBUG: Total gradient stack used is 214713 out of 10000000
DEBUG: Total dvariable address used is 1972 out of 150000
DEBUG: Total dvariable address used is 2132072 out of 50000000
DEBUG: Total gradient stack used is 214713 out of 10000000
DEBUG: Total dvariable address used is 1972 out of 150000
DEBUG: Total dvariable address used is 2132072 out of 50000000
DEBUG: Total gradient stack used is 214713 out of 10000000
DEBUG: Total dvariable address used is 1972 out of 150000
DEBUG: Total dvariable address used is 2132072 out of 50000000
DEBUG: Total gradient stack used is 214713 out of 10000000
DEBUG: Total dvariable address used is 1972 out of 150000
DEBUG: Total dvariable address used is 2132072 out of 50000000
DEBUG: Total gradient stack used is 214713 out of 10000000
DEBUG: Total dvariable address used is 1972 out of 150000
DEBUG: Total dvariable address used is 2132072 out of 50000000
DEBUG: Total gradient stack used is 214713 out of 10000000
DEBUG: Total dvariable address used is 1972 out of 150000
DEBUG: Total dvariable address used is 2132072 out of 50000000
DEBUG: Total gradient stack used is 214713 out of 10000000
DEBUG: Total dvariable address used is 1972 out of 150000
DEBUG: Total dvariable address used is 2132072 out of 50000000
DEBUG: Total gradient stack used is 214713 out of 10000000
DEBUG: Total dvariable address used is 1972 out of 150000
DEBUG: Total dvariable address used is 2132072 out of 50000000
DEBUG: Total gradient stack used is 214713 out of 10000000
DEBUG: Total dvariable address used is 1972 out of 150000
DEBUG: Total dvariable address used is 2132072 out of 50000000
DEBUG: Total gradient stack used is 214713 out of 10000000
DEBUG: Total dvariable address used is 1972 out of 150000
DEBUG: Total dvariable address used is 2132072 out of 50000000
DEBUG: Total gradient stack used is 214713 out of 10000000
DEBUG: Total dvariable address used is 1972 out of 150000
DEBUG: Total dvariable address used is 2132072 out of 50000000
DEBUG: Total gradient stack used is 214713 out of 10000000
DEBUG: Total dvariable address used is 1972 out of 150000
DEBUG: Total dvariable address used is 2132072 out of 50000000
DEBUG: Total gradient stack used is 214713 out of 10000000
DEBUG: Total dvariable address used is 1972 out of 150000
DEBUG: Total dvariable address used is 2132072 out of 50000000
DEBUG: Total gradient stack used is 214713 out of 10000000
DEBUG: Total dvariable address used is 1972 out of 150000
DEBUG: Total dvariable address used is 2132072 out of 50000000
DEBUG: Total gradient stack used is 214713 out of 10000000
DEBUG: Total dvariable address used is 1972 out of 150000
DEBUG: Total dvariable address used is 2132072 out of 50000000
DEBUG: Total gradient stack used is 214713 out of 10000000
DEBUG: Total dvariable address used is 1972 out of 150000
DEBUG: Total dvariable address used is 2132072 out of 50000000
DEBUG: Total gradient stack used is 214713 out of 10000000
DEBUG: Total dvariable address used is 1972 out of 150000
DEBUG: Total dvariable address used is 2132072 out of 50000000
DEBUG: Total gradient stack used is 214713 out of 10000000
DEBUG: Total dvariable address used is 1972 out of 150000
DEBUG: Total dvariable address used is 2132072 out of 50000000
DEBUG: Total gradient stack used is 214713 out of 10000000
DEBUG: Total dvariable address used is 1972 out of 150000
DEBUG: Total dvariable address used is 2132072 out of 50000000
DEBUG: Total gradient stack used is 214713 out of 10000000
DEBUG: Total dvariable address used is 1972 out of 150000
DEBUG: Total dvariable address used is 2132072 out of 50000000
DEBUG: Total gradient stack used is 214713 out of 10000000
DEBUG: Total dvariable address used is 1972 out of 150000
DEBUG: Total dvariable address used is 2132072 out of 50000000
DEBUG: Total gradient stack used is 214713 out of 10000000
DEBUG: Total dvariable address used is 1972 out of 150000
DEBUG: Total dvariable address used is 2132072 out of 50000000
DEBUG: Total gradient stack used is 214713 out of 10000000
DEBUG: Total dvariable address used is 1972 out of 150000
DEBUG: Total dvariable address used is 2132072 out of 50000000
DEBUG: Total gradient stack used is 214713 out of 10000000
DEBUG: Total dvariable address used is 1972 out of 150000
DEBUG: Total dvariable address used is 2132072 out of 50000000
DEBUG: Total gradient stack used is 214713 out of 10000000
DEBUG: Total dvariable address used is 1972 out of 150000
DEBUG: Total dvariable address used is 2132072 out of 50000000
DEBUG: Total gradient stack used is 214713 out of 10000000
DEBUG: Total dvariable address used is 1972 out of 150000
DEBUG: Total dvariable address used is 2132072 out of 50000000
DEBUG: Total gradient stack used is 214713 out of 10000000
DEBUG: Total dvariable address used is 1972 out of 150000
DEBUG: Total dvariable address used is 2132072 out of 50000000
DEBUG: Total gradient stack used is 214713 out of 10000000
DEBUG: Total dvariable address used is 1972 out of 150000
DEBUG: Total dvariable address used is 2132072 out of 50000000
DEBUG: Total gradient stack used is 214713 out of 10000000
DEBUG: Total dvariable address used is 1972 out of 150000
DEBUG: Total dvariable address used is 2132072 out of 50000000
DEBUG: Total gradient stack used is 214713 out of 10000000
DEBUG: Total dvariable address used is 1972 out of 150000
DEBUG: Total dvariable address used is 2132072 out of 50000000
DEBUG: Total gradient stack used is 214713 out of 10000000
DEBUG: Total dvariable address used is 1972 out of 150000
DEBUG: Total dvariable address used is 2132072 out of 50000000
DEBUG: Total gradient stack used is 214713 out of 10000000
DEBUG: Total dvariable address used is 1972 out of 150000
DEBUG: Total dvariable address used is 2132072 out of 50000000
DEBUG: Total gradient stack used is 214713 out of 10000000
DEBUG: Total dvariable address used is 1972 out of 150000
DEBUG: Total dvariable address used is 2132072 out of 50000000
DEBUG: Total gradient stack used is 214713 out of 10000000
DEBUG: Total dvariable address used is 1972 out of 150000
DEBUG: Total dvariable address used is 2132072 out of 50000000
DEBUG: Total gradient stack used is 214713 out of 10000000
DEBUG: Total dvariable address used is 1972 out of 150000
DEBUG: Total dvariable address used is 2132072 out of 50000000
DEBUG: Total gradient stack used is 214713 out of 10000000
DEBUG: Total dvariable address used is 1972 out of 150000
DEBUG: Total dvariable address used is 2132072 out of 50000000
DEBUG: Total gradient stack used is 214713 out of 10000000
DEBUG: Total dvariable address used is 1972 out of 150000
DEBUG: Total dvariable address used is 2132072 out of 50000000
DEBUG: Total gradient stack used is 214713 out of 10000000
DEBUG: Total dvariable address used is 1972 out of 150000
DEBUG: Total dvariable address used is 2132072 out of 50000000
DEBUG: Total gradient stack used is 214713 out of 10000000
DEBUG: Total dvariable address used is 1972 out of 150000
DEBUG: Total dvariable address used is 2132072 out of 50000000
DEBUG: Total gradient stack used is 214713 out of 10000000
DEBUG: Total dvariable address used is 1972 out of 150000
DEBUG: Total dvariable address used is 2132072 out of 50000000
DEBUG: Total gradient stack used is 214713 out of 10000000
DEBUG: Total dvariable address used is 1972 out of 150000
DEBUG: Total dvariable address used is 2132072 out of 50000000
DEBUG: Total gradient stack used is 214713 out of 10000000
DEBUG: Total dvariable address used is 1972 out of 150000
DEBUG: Total dvariable address used is 2132072 out of 50000000
DEBUG: Total gradient stack used is 214713 out of 10000000
DEBUG: Total dvariable address used is 1972 out of 150000
DEBUG: Total dvariable address used is 2132072 out of 50000000
DEBUG: Total gradient stack used is 214713 out of 10000000
DEBUG: Total dvariable address used is 1972 out of 150000
DEBUG: Total dvariable address used is 2132072 out of 50000000
DEBUG: Total gradient stack used is 214713 out of 10000000
DEBUG: Total dvariable address used is 1972 out of 150000
DEBUG: Total dvariable address used is 2132072 out of 50000000
DEBUG: Total gradient stack used is 214713 out of 10000000
DEBUG: Total dvariable address used is 1972 out of 150000
DEBUG: Total dvariable address used is 2132072 out of 50000000
DEBUG: Total gradient stack used is 214713 out of 10000000
DEBUG: Total dvariable address used is 1972 out of 150000
DEBUG: Total dvariable address used is 2132072 out of 50000000
DEBUG: Total gradient stack used is 214713 out of 10000000
DEBUG: Total dvariable address used is 1972 out of 150000
DEBUG: Total dvariable address used is 2132072 out of 50000000
DEBUG: Total gradient stack used is 214713 out of 10000000
DEBUG: Total dvariable address used is 1972 out of 150000
DEBUG: Total dvariable address used is 2132072 out of 50000000
DEBUG: Total gradient stack used is 214713 out of 10000000
DEBUG: Total dvariable address used is 1972 out of 150000
DEBUG: Total dvariable address used is 2132072 out of 50000000
DEBUG: Total gradient stack used is 214713 out of 10000000
DEBUG: Total dvariable address used is 1972 out of 150000
DEBUG: Total dvariable address used is 2132072 out of 50000000
DEBUG: Total gradient stack used is 214713 out of 10000000
DEBUG: Total dvariable address used is 1972 out of 150000
DEBUG: Total dvariable address used is 2132072 out of 50000000
DEBUG: Total gradient stack used is 214713 out of 10000000
DEBUG: Total dvariable address used is 1972 out of 150000
DEBUG: Total dvariable address used is 2132072 out of 50000000
DEBUG: Total gradient stack used is 214713 out of 10000000
DEBUG: Total dvariable address used is 1972 out of 150000
DEBUG: Total dvariable address used is 2132072 out of 50000000
DEBUG: Total gradient stack used is 214713 out of 10000000
DEBUG: Total dvariable address used is 1972 out of 150000
DEBUG: Total dvariable address used is 2132072 out of 50000000
DEBUG: Total gradient stack used is 214713 out of 10000000
DEBUG: Total dvariable address used is 1972 out of 150000
DEBUG: Total dvariable address used is 2132072 out of 50000000
DEBUG: Total gradient stack used is 214713 out of 10000000
DEBUG: Total dvariable address used is 1972 out of 150000
DEBUG: Total dvariable address used is 2132072 out of 50000000
DEBUG: Total gradient stack used is 214713 out of 10000000
DEBUG: Total dvariable address used is 1972 out of 150000
DEBUG: Total dvariable address used is 2132072 out of 50000000
DEBUG: Total gradient stack used is 214713 out of 10000000
DEBUG: Total dvariable address used is 1972 out of 150000
DEBUG: Total dvariable address used is 2132072 out of 50000000
DEBUG: Total gradient stack used is 214713 out of 10000000
DEBUG: Total dvariable address used is 1972 out of 150000
DEBUG: Total dvariable address used is 2132072 out of 50000000
DEBUG: Total gradient stack used is 214713 out of 10000000
DEBUG: Total dvariable address used is 1972 out of 150000
DEBUG: Total dvariable address used is 2132072 out of 50000000
DEBUG: Total gradient stack used is 214713 out of 10000000
DEBUG: Total dvariable address used is 1972 out of 150000
DEBUG: Total dvariable address used is 2132072 out of 50000000
DEBUG: Total gradient stack used is 214713 out of 10000000
DEBUG: Total dvariable address used is 1972 out of 150000
DEBUG: Total dvariable address used is 2132072 out of 50000000
DEBUG: Total gradient stack used is 214713 out of 10000000
DEBUG: Total dvariable address used is 1972 out of 150000
DEBUG: Total dvariable address used is 2132072 out of 50000000
DEBUG: Total gradient stack used is 214713 out of 10000000
DEBUG: Total dvariable address used is 1972 out of 150000
DEBUG: Total dvariable address used is 2132072 out of 50000000
DEBUG: Total gradient stack used is 214713 out of 10000000
DEBUG: Total dvariable address used is 1972 out of 150000
DEBUG: Total dvariable address used is 2132072 out of 50000000
DEBUG: Total gradient stack used is 214713 out of 10000000
DEBUG: Total dvariable address used is 1972 out of 150000
DEBUG: Total dvariable address used is 2132072 out of 50000000
DEBUG: Total gradient stack used is 214713 out of 10000000
DEBUG: Total dvariable address used is 1972 out of 150000
DEBUG: Total dvariable address used is 2132072 out of 50000000
DEBUG: Total gradient stack used is 214713 out of 10000000
DEBUG: Total dvariable address used is 1972 out of 150000
DEBUG: Total dvariable address used is 2132072 out of 50000000
DEBUG: Total gradient stack used is 214713 out of 10000000
DEBUG: Total dvariable address used is 1972 out of 150000
DEBUG: Total dvariable address used is 2132072 out of 50000000
DEBUG: Total gradient stack used is 214713 out of 10000000
DEBUG: Total dvariable address used is 1972 out of 150000
DEBUG: Total dvariable address used is 2132072 out of 50000000
DEBUG: Total gradient stack used is 214713 out of 10000000
DEBUG: Total dvariable address used is 1972 out of 150000
DEBUG: Total dvariable address used is 2132072 out of 50000000
DEBUG: Total gradient stack used is 214713 out of 10000000
DEBUG: Total dvariable address used is 1972 out of 150000
DEBUG: Total dvariable address used is 2132072 out of 50000000
DEBUG: Total gradient stack used is 214713 out of 10000000
DEBUG: Total dvariable address used is 1972 out of 150000
DEBUG: Total dvariable address used is 2132072 out of 50000000
DEBUG: Total gradient stack used is 214713 out of 10000000
DEBUG: Total dvariable address used is 1972 out of 150000
DEBUG: Total dvariable address used is 2132072 out of 50000000
DEBUG: Total gradient stack used is 214713 out of 10000000
DEBUG: Total dvariable address used is 1972 out of 150000
DEBUG: Total dvariable address used is 2132072 out of 50000000
DEBUG: Total gradient stack used is 214713 out of 10000000
DEBUG: Total dvariable address used is 1972 out of 150000
DEBUG: Total dvariable address used is 2132072 out of 50000000
DEBUG: Total gradient stack used is 214713 out of 10000000
DEBUG: Total dvariable address used is 1972 out of 150000
DEBUG: Total dvariable address used is 2132072 out of 50000000
DEBUG: Total gradient stack used is 214713 out of 10000000
DEBUG: Total dvariable address used is 1972 out of 150000
DEBUG: Total dvariable address used is 2132072 out of 50000000
DEBUG: Total gradient stack used is 214713 out of 10000000
DEBUG: Total dvariable address used is 1972 out of 150000
DEBUG: Total dvariable address used is 2132072 out of 50000000
DEBUG: Total gradient stack used is 214713 out of 10000000
DEBUG: Total dvariable address used is 1972 out of 150000
DEBUG: Total dvariable address used is 2132072 out of 50000000
DEBUG: Total gradient stack used is 214713 out of 10000000
DEBUG: Total dvariable address used is 1972 out of 150000
DEBUG: Total dvariable address used is 2132072 out of 50000000
DEBUG: Total gradient stack used is 214713 out of 10000000
DEBUG: Total dvariable address used is 1972 out of 150000
DEBUG: Total dvariable address used is 2132072 out of 50000000
DEBUG: Total gradient stack used is 214713 out of 10000000
DEBUG: Total dvariable address used is 1972 out of 150000
DEBUG: Total dvariable address used is 2132072 out of 50000000
DEBUG: Total gradient stack used is 214713 out of 10000000
DEBUG: Total dvariable address used is 1972 out of 150000
DEBUG: Total dvariable address used is 2132072 out of 50000000
DEBUG: Total gradient stack used is 214713 out of 10000000
DEBUG: Total dvariable address used is 1972 out of 150000
DEBUG: Total dvariable address used is 2132072 out of 50000000
DEBUG: Total gradient stack used is 214713 out of 10000000
DEBUG: Total dvariable address used is 1972 out of 150000
DEBUG: Total dvariable address used is 2132072 out of 50000000
DEBUG: Total gradient stack used is 214713 out of 10000000
DEBUG: Total dvariable address used is 1972 out of 150000
DEBUG: Total dvariable address used is 2132072 out of 50000000
DEBUG: Total gradient stack used is 214713 out of 10000000
DEBUG: Total dvariable address used is 1972 out of 150000
DEBUG: Total dvariable address used is 2132072 out of 50000000
DEBUG: Total gradient stack used is 214713 out of 10000000
DEBUG: Total dvariable address used is 1972 out of 150000
DEBUG: Total dvariable address used is 2132072 out of 50000000
DEBUG: Total gradient stack used is 214713 out of 10000000
DEBUG: Total dvariable address used is 1972 out of 150000
DEBUG: Total dvariable address used is 2132072 out of 50000000
DEBUG: Total gradient stack used is 214713 out of 10000000
DEBUG: Total dvariable address used is 1972 out of 150000
DEBUG: Total dvariable address used is 2132072 out of 50000000
DEBUG: Total gradient stack used is 214713 out of 10000000
DEBUG: Total dvariable address used is 1972 out of 150000
DEBUG: Total dvariable address used is 2132072 out of 50000000
DEBUG: Total gradient stack used is 214713 out of 10000000
DEBUG: Total dvariable address used is 1972 out of 150000
DEBUG: Total dvariable address used is 2132072 out of 50000000
DEBUG: Total gradient stack used is 214713 out of 10000000
DEBUG: Total dvariable address used is 1972 out of 150000
DEBUG: Total dvariable address used is 2132072 out of 50000000
DEBUG: Total gradient stack used is 214713 out of 10000000
DEBUG: Total dvariable address used is 1972 out of 150000
DEBUG: Total dvariable address used is 2132072 out of 50000000
DEBUG: Total gradient stack used is 214713 out of 10000000
DEBUG: Total dvariable address used is 1972 out of 150000
DEBUG: Total dvariable address used is 2132072 out of 50000000
DEBUG: Total gradient stack used is 214713 out of 10000000
DEBUG: Total dvariable address used is 1972 out of 150000
DEBUG: Total dvariable address used is 2132072 out of 50000000
DEBUG: Total gradient stack used is 214713 out of 10000000
DEBUG: Total dvariable address used is 1972 out of 150000
DEBUG: Total dvariable address used is 2132072 out of 50000000
DEBUG: Total gradient stack used is 214713 out of 10000000
DEBUG: Total dvariable address used is 1972 out of 150000
DEBUG: Total dvariable address used is 2132072 out of 50000000
DEBUG: Total gradient stack used is 214713 out of 10000000
DEBUG: Total dvariable address used is 1972 out of 150000
DEBUG: Total dvariable address used is 2132072 out of 50000000
DEBUG: Total gradient stack used is 214713 out of 10000000
DEBUG: Total dvariable address used is 1972 out of 150000
DEBUG: Total dvariable address used is 2132072 out of 50000000
DEBUG: Total gradient stack used is 214713 out of 10000000
DEBUG: Total dvariable address used is 1972 out of 150000
DEBUG: Total dvariable address used is 2132072 out of 50000000
DEBUG: Total gradient stack used is 214713 out of 10000000
DEBUG: Total dvariable address used is 1972 out of 150000
DEBUG: Total dvariable address used is 2132072 out of 50000000
DEBUG: Total gradient stack used is 214713 out of 10000000
DEBUG: Total dvariable address used is 1972 out of 150000
DEBUG: Total dvariable address used is 2132072 out of 50000000
DEBUG: Total gradient stack used is 214713 out of 10000000
DEBUG: Total dvariable address used is 1972 out of 150000
DEBUG: Total dvariable address used is 2132072 out of 50000000
DEBUG: Total gradient stack used is 214713 out of 10000000
DEBUG: Total dvariable address used is 1972 out of 150000
DEBUG: Total dvariable address used is 2132072 out of 50000000
DEBUG: Total gradient stack used is 214713 out of 10000000
DEBUG: Total dvariable address used is 1972 out of 150000
DEBUG: Total dvariable address used is 2132072 out of 50000000
DEBUG: Total gradient stack used is 214713 out of 10000000
DEBUG: Total dvariable address used is 1972 out of 150000
DEBUG: Total dvariable address used is 2132072 out of 50000000
DEBUG: Total gradient stack used is 214713 out of 10000000
DEBUG: Total dvariable address used is 1972 out of 150000
DEBUG: Total dvariable address used is 2132072 out of 50000000
DEBUG: Total gradient stack used is 214713 out of 10000000
DEBUG: Total dvariable address used is 1972 out of 150000
DEBUG: Total dvariable address used is 2132072 out of 50000000
DEBUG: Total gradient stack used is 214713 out of 10000000
DEBUG: Total dvariable address used is 1972 out of 150000
DEBUG: Total dvariable address used is 2132072 out of 50000000
DEBUG: Total gradient stack used is 214713 out of 10000000
DEBUG: Total dvariable address used is 1972 out of 150000
DEBUG: Total dvariable address used is 2132072 out of 50000000
DEBUG: Total gradient stack used is 214713 out of 10000000
DEBUG: Total dvariable address used is 1972 out of 150000
DEBUG: Total dvariable address used is 2132072 out of 50000000
DEBUG: Total gradient stack used is 214713 out of 10000000
DEBUG: Total dvariable address used is 1972 out of 150000
DEBUG: Total dvariable address used is 2132072 out of 50000000
DEBUG: Total gradient stack used is 214713 out of 10000000
DEBUG: Total dvariable address used is 1972 out of 150000
DEBUG: Total dvariable address used is 2132072 out of 50000000
DEBUG: Total gradient stack used is 214713 out of 10000000
DEBUG: Total dvariable address used is 1972 out of 150000
DEBUG: Total dvariable address used is 2132072 out of 50000000
DEBUG: Total gradient stack used is 214713 out of 10000000
DEBUG: Total dvariable address used is 1972 out of 150000
DEBUG: Total dvariable address used is 2132072 out of 50000000
DEBUG: Total gradient stack used is 214713 out of 10000000
DEBUG: Total dvariable address used is 1972 out of 150000
DEBUG: Total dvariable address used is 2132072 out of 50000000
DEBUG: Total gradient stack used is 214713 out of 10000000
DEBUG: Total dvariable address used is 1972 out of 150000
DEBUG: Total dvariable address used is 2132072 out of 50000000
, 40%DEBUG: Total gradient stack used is 214713 out of 10000000
DEBUG: Total dvariable address used is 1972 out of 150000
DEBUG: Total dvariable address used is 2132072 out of 50000000
DEBUG: Total gradient stack used is 214713 out of 10000000
DEBUG: Total dvariable address used is 1972 out of 150000
DEBUG: Total dvariable address used is 2132072 out of 50000000
DEBUG: Total gradient stack used is 214713 out of 10000000
DEBUG: Total dvariable address used is 1972 out of 150000
DEBUG: Total dvariable address used is 2132072 out of 50000000
DEBUG: Total gradient stack used is 214713 out of 10000000
DEBUG: Total dvariable address used is 1972 out of 150000
DEBUG: Total dvariable address used is 2132072 out of 50000000
DEBUG: Total gradient stack used is 214713 out of 10000000
DEBUG: Total dvariable address used is 1972 out of 150000
DEBUG: Total dvariable address used is 2132072 out of 50000000
DEBUG: Total gradient stack used is 214713 out of 10000000
DEBUG: Total dvariable address used is 1972 out of 150000
DEBUG: Total dvariable address used is 2132072 out of 50000000
DEBUG: Total gradient stack used is 214713 out of 10000000
DEBUG: Total dvariable address used is 1972 out of 150000
DEBUG: Total dvariable address used is 2132072 out of 50000000
DEBUG: Total gradient stack used is 214713 out of 10000000
DEBUG: Total dvariable address used is 1972 out of 150000
DEBUG: Total dvariable address used is 2132072 out of 50000000
DEBUG: Total gradient stack used is 214713 out of 10000000
DEBUG: Total dvariable address used is 1972 out of 150000
DEBUG: Total dvariable address used is 2132072 out of 50000000
DEBUG: Total gradient stack used is 214713 out of 10000000
DEBUG: Total dvariable address used is 1972 out of 150000
DEBUG: Total dvariable address used is 2132072 out of 50000000
DEBUG: Total gradient stack used is 214713 out of 10000000
DEBUG: Total dvariable address used is 1972 out of 150000
DEBUG: Total dvariable address used is 2132072 out of 50000000
DEBUG: Total gradient stack used is 214713 out of 10000000
DEBUG: Total dvariable address used is 1972 out of 150000
DEBUG: Total dvariable address used is 2132072 out of 50000000
DEBUG: Total gradient stack used is 214713 out of 10000000
DEBUG: Total dvariable address used is 1972 out of 150000
DEBUG: Total dvariable address used is 2132072 out of 50000000
DEBUG: Total gradient stack used is 214713 out of 10000000
DEBUG: Total dvariable address used is 1972 out of 150000
DEBUG: Total dvariable address used is 2132072 out of 50000000
DEBUG: Total gradient stack used is 214713 out of 10000000
DEBUG: Total dvariable address used is 1972 out of 150000
DEBUG: Total dvariable address used is 2132072 out of 50000000
DEBUG: Total gradient stack used is 214713 out of 10000000
DEBUG: Total dvariable address used is 1972 out of 150000
DEBUG: Total dvariable address used is 2132072 out of 50000000
DEBUG: Total gradient stack used is 214713 out of 10000000
DEBUG: Total dvariable address used is 1972 out of 150000
DEBUG: Total dvariable address used is 2132072 out of 50000000
DEBUG: Total gradient stack used is 214713 out of 10000000
DEBUG: Total dvariable address used is 1972 out of 150000
DEBUG: Total dvariable address used is 2132072 out of 50000000
DEBUG: Total gradient stack used is 214713 out of 10000000
DEBUG: Total dvariable address used is 1972 out of 150000
DEBUG: Total dvariable address used is 2132072 out of 50000000
DEBUG: Total gradient stack used is 214713 out of 10000000
DEBUG: Total dvariable address used is 1972 out of 150000
DEBUG: Total dvariable address used is 2132072 out of 50000000
DEBUG: Total gradient stack used is 214713 out of 10000000
DEBUG: Total dvariable address used is 1972 out of 150000
DEBUG: Total dvariable address used is 2132072 out of 50000000
DEBUG: Total gradient stack used is 214713 out of 10000000
DEBUG: Total dvariable address used is 1972 out of 150000
DEBUG: Total dvariable address used is 2132072 out of 50000000
DEBUG: Total gradient stack used is 214713 out of 10000000
DEBUG: Total dvariable address used is 1972 out of 150000
DEBUG: Total dvariable address used is 2132072 out of 50000000
DEBUG: Total gradient stack used is 214713 out of 10000000
DEBUG: Total dvariable address used is 1972 out of 150000
DEBUG: Total dvariable address used is 2132072 out of 50000000
DEBUG: Total gradient stack used is 214713 out of 10000000
DEBUG: Total dvariable address used is 1972 out of 150000
DEBUG: Total dvariable address used is 2132072 out of 50000000
DEBUG: Total gradient stack used is 214713 out of 10000000
DEBUG: Total dvariable address used is 1972 out of 150000
DEBUG: Total dvariable address used is 2132072 out of 50000000
DEBUG: Total gradient stack used is 214713 out of 10000000
DEBUG: Total dvariable address used is 1972 out of 150000
DEBUG: Total dvariable address used is 2132072 out of 50000000
DEBUG: Total gradient stack used is 214713 out of 10000000
DEBUG: Total dvariable address used is 1972 out of 150000
DEBUG: Total dvariable address used is 2132072 out of 50000000
DEBUG: Total gradient stack used is 214713 out of 10000000
DEBUG: Total dvariable address used is 1972 out of 150000
DEBUG: Total dvariable address used is 2132072 out of 50000000
DEBUG: Total gradient stack used is 214713 out of 10000000
DEBUG: Total dvariable address used is 1972 out of 150000
DEBUG: Total dvariable address used is 2132072 out of 50000000
DEBUG: Total gradient stack used is 214713 out of 10000000
DEBUG: Total dvariable address used is 1972 out of 150000
DEBUG: Total dvariable address used is 2132072 out of 50000000
DEBUG: Total gradient stack used is 214713 out of 10000000
DEBUG: Total dvariable address used is 1972 out of 150000
DEBUG: Total dvariable address used is 2132072 out of 50000000
DEBUG: Total gradient stack used is 214713 out of 10000000
DEBUG: Total dvariable address used is 1972 out of 150000
DEBUG: Total dvariable address used is 2132072 out of 50000000
DEBUG: Total gradient stack used is 214713 out of 10000000
DEBUG: Total dvariable address used is 1972 out of 150000
DEBUG: Total dvariable address used is 2132072 out of 50000000
DEBUG: Total gradient stack used is 214713 out of 10000000
DEBUG: Total dvariable address used is 1972 out of 150000
DEBUG: Total dvariable address used is 2132072 out of 50000000
DEBUG: Total gradient stack used is 214713 out of 10000000
DEBUG: Total dvariable address used is 1972 out of 150000
DEBUG: Total dvariable address used is 2132072 out of 50000000
DEBUG: Total gradient stack used is 214713 out of 10000000
DEBUG: Total dvariable address used is 1972 out of 150000
DEBUG: Total dvariable address used is 2132072 out of 50000000
DEBUG: Total gradient stack used is 214713 out of 10000000
DEBUG: Total dvariable address used is 1972 out of 150000
DEBUG: Total dvariable address used is 2132072 out of 50000000
DEBUG: Total gradient stack used is 214713 out of 10000000
DEBUG: Total dvariable address used is 1972 out of 150000
DEBUG: Total dvariable address used is 2132072 out of 50000000
DEBUG: Total gradient stack used is 214713 out of 10000000
DEBUG: Total dvariable address used is 1972 out of 150000
DEBUG: Total dvariable address used is 2132072 out of 50000000
DEBUG: Total gradient stack used is 214713 out of 10000000
DEBUG: Total dvariable address used is 1972 out of 150000
DEBUG: Total dvariable address used is 2132072 out of 50000000
DEBUG: Total gradient stack used is 214713 out of 10000000
DEBUG: Total dvariable address used is 1972 out of 150000
DEBUG: Total dvariable address used is 2132072 out of 50000000
DEBUG: Total gradient stack used is 214713 out of 10000000
DEBUG: Total dvariable address used is 1972 out of 150000
DEBUG: Total dvariable address used is 2132072 out of 50000000
DEBUG: Total gradient stack used is 214713 out of 10000000
DEBUG: Total dvariable address used is 1972 out of 150000
DEBUG: Total dvariable address used is 2132072 out of 50000000
DEBUG: Total gradient stack used is 214713 out of 10000000
DEBUG: Total dvariable address used is 1972 out of 150000
DEBUG: Total dvariable address used is 2132072 out of 50000000
DEBUG: Total gradient stack used is 214713 out of 10000000
DEBUG: Total dvariable address used is 1972 out of 150000
DEBUG: Total dvariable address used is 2132072 out of 50000000
DEBUG: Total gradient stack used is 214713 out of 10000000
DEBUG: Total dvariable address used is 1972 out of 150000
DEBUG: Total dvariable address used is 2132072 out of 50000000
DEBUG: Total gradient stack used is 214713 out of 10000000
DEBUG: Total dvariable address used is 1972 out of 150000
DEBUG: Total dvariable address used is 2132072 out of 50000000
DEBUG: Total gradient stack used is 214713 out of 10000000
DEBUG: Total dvariable address used is 1972 out of 150000
DEBUG: Total dvariable address used is 2132072 out of 50000000
DEBUG: Total gradient stack used is 214713 out of 10000000
DEBUG: Total dvariable address used is 1972 out of 150000
DEBUG: Total dvariable address used is 2132072 out of 50000000
DEBUG: Total gradient stack used is 214713 out of 10000000
DEBUG: Total dvariable address used is 1972 out of 150000
DEBUG: Total dvariable address used is 2132072 out of 50000000
DEBUG: Total gradient stack used is 214713 out of 10000000
DEBUG: Total dvariable address used is 1972 out of 150000
DEBUG: Total dvariable address used is 2132072 out of 50000000
DEBUG: Total gradient stack used is 214713 out of 10000000
DEBUG: Total dvariable address used is 1972 out of 150000
DEBUG: Total dvariable address used is 2132072 out of 50000000
DEBUG: Total gradient stack used is 214713 out of 10000000
DEBUG: Total dvariable address used is 1972 out of 150000
DEBUG: Total dvariable address used is 2132072 out of 50000000
DEBUG: Total gradient stack used is 214713 out of 10000000
DEBUG: Total dvariable address used is 1972 out of 150000
DEBUG: Total dvariable address used is 2132072 out of 50000000
DEBUG: Total gradient stack used is 214713 out of 10000000
DEBUG: Total dvariable address used is 1972 out of 150000
DEBUG: Total dvariable address used is 2132072 out of 50000000
DEBUG: Total gradient stack used is 214713 out of 10000000
DEBUG: Total dvariable address used is 1972 out of 150000
DEBUG: Total dvariable address used is 2132072 out of 50000000
DEBUG: Total gradient stack used is 214713 out of 10000000
DEBUG: Total dvariable address used is 1972 out of 150000
DEBUG: Total dvariable address used is 2132072 out of 50000000
DEBUG: Total gradient stack used is 214713 out of 10000000
DEBUG: Total dvariable address used is 1972 out of 150000
DEBUG: Total dvariable address used is 2132072 out of 50000000
DEBUG: Total gradient stack used is 214713 out of 10000000
DEBUG: Total dvariable address used is 1972 out of 150000
DEBUG: Total dvariable address used is 2132072 out of 50000000
DEBUG: Total gradient stack used is 214713 out of 10000000
DEBUG: Total dvariable address used is 1972 out of 150000
DEBUG: Total dvariable address used is 2132072 out of 50000000
DEBUG: Total gradient stack used is 214713 out of 10000000
DEBUG: Total dvariable address used is 1972 out of 150000
DEBUG: Total dvariable address used is 2132072 out of 50000000
DEBUG: Total gradient stack used is 214713 out of 10000000
DEBUG: Total dvariable address used is 1972 out of 150000
DEBUG: Total dvariable address used is 2132072 out of 50000000
DEBUG: Total gradient stack used is 214713 out of 10000000
DEBUG: Total dvariable address used is 1972 out of 150000
DEBUG: Total dvariable address used is 2132072 out of 50000000
DEBUG: Total gradient stack used is 214713 out of 10000000
DEBUG: Total dvariable address used is 1972 out of 150000
DEBUG: Total dvariable address used is 2132072 out of 50000000
DEBUG: Total gradient stack used is 214713 out of 10000000
DEBUG: Total dvariable address used is 1972 out of 150000
DEBUG: Total dvariable address used is 2132072 out of 50000000
DEBUG: Total gradient stack used is 214713 out of 10000000
DEBUG: Total dvariable address used is 1972 out of 150000
DEBUG: Total dvariable address used is 2132072 out of 50000000
DEBUG: Total gradient stack used is 214713 out of 10000000
DEBUG: Total dvariable address used is 1972 out of 150000
DEBUG: Total dvariable address used is 2132072 out of 50000000
DEBUG: Total gradient stack used is 214713 out of 10000000
DEBUG: Total dvariable address used is 1972 out of 150000
DEBUG: Total dvariable address used is 2132072 out of 50000000
DEBUG: Total gradient stack used is 214713 out of 10000000
DEBUG: Total dvariable address used is 1972 out of 150000
DEBUG: Total dvariable address used is 2132072 out of 50000000
DEBUG: Total gradient stack used is 214713 out of 10000000
DEBUG: Total dvariable address used is 1972 out of 150000
DEBUG: Total dvariable address used is 2132072 out of 50000000
DEBUG: Total gradient stack used is 214713 out of 10000000
DEBUG: Total dvariable address used is 1972 out of 150000
DEBUG: Total dvariable address used is 2132072 out of 50000000
DEBUG: Total gradient stack used is 214713 out of 10000000
DEBUG: Total dvariable address used is 1972 out of 150000
DEBUG: Total dvariable address used is 2132072 out of 50000000
DEBUG: Total gradient stack used is 214713 out of 10000000
DEBUG: Total dvariable address used is 1972 out of 150000
DEBUG: Total dvariable address used is 2132072 out of 50000000
DEBUG: Total gradient stack used is 214713 out of 10000000
DEBUG: Total dvariable address used is 1972 out of 150000
DEBUG: Total dvariable address used is 2132072 out of 50000000
DEBUG: Total gradient stack used is 214713 out of 10000000
DEBUG: Total dvariable address used is 1972 out of 150000
DEBUG: Total dvariable address used is 2132072 out of 50000000
DEBUG: Total gradient stack used is 214713 out of 10000000
DEBUG: Total dvariable address used is 1972 out of 150000
DEBUG: Total dvariable address used is 2132072 out of 50000000
DEBUG: Total gradient stack used is 214713 out of 10000000
DEBUG: Total dvariable address used is 1972 out of 150000
DEBUG: Total dvariable address used is 2132072 out of 50000000
DEBUG: Total gradient stack used is 214713 out of 10000000
DEBUG: Total dvariable address used is 1972 out of 150000
DEBUG: Total dvariable address used is 2132072 out of 50000000
DEBUG: Total gradient stack used is 214713 out of 10000000
DEBUG: Total dvariable address used is 1972 out of 150000
DEBUG: Total dvariable address used is 2132072 out of 50000000
DEBUG: Total gradient stack used is 214713 out of 10000000
DEBUG: Total dvariable address used is 1972 out of 150000
DEBUG: Total dvariable address used is 2132072 out of 50000000
DEBUG: Total gradient stack used is 214713 out of 10000000
DEBUG: Total dvariable address used is 1972 out of 150000
DEBUG: Total dvariable address used is 2132072 out of 50000000
DEBUG: Total gradient stack used is 214713 out of 10000000
DEBUG: Total dvariable address used is 1972 out of 150000
DEBUG: Total dvariable address used is 2132072 out of 50000000
DEBUG: Total gradient stack used is 214713 out of 10000000
DEBUG: Total dvariable address used is 1972 out of 150000
DEBUG: Total dvariable address used is 2132072 out of 50000000
DEBUG: Total gradient stack used is 214713 out of 10000000
DEBUG: Total dvariable address used is 1972 out of 150000
DEBUG: Total dvariable address used is 2132072 out of 50000000
DEBUG: Total gradient stack used is 214713 out of 10000000
DEBUG: Total dvariable address used is 1972 out of 150000
DEBUG: Total dvariable address used is 2132072 out of 50000000
DEBUG: Total gradient stack used is 214713 out of 10000000
DEBUG: Total dvariable address used is 1972 out of 150000
DEBUG: Total dvariable address used is 2132072 out of 50000000
DEBUG: Total gradient stack used is 214713 out of 10000000
DEBUG: Total dvariable address used is 1972 out of 150000
DEBUG: Total dvariable address used is 2132072 out of 50000000
DEBUG: Total gradient stack used is 214713 out of 10000000
DEBUG: Total dvariable address used is 1972 out of 150000
DEBUG: Total dvariable address used is 2132072 out of 50000000
DEBUG: Total gradient stack used is 214713 out of 10000000
DEBUG: Total dvariable address used is 1972 out of 150000
DEBUG: Total dvariable address used is 2132072 out of 50000000
DEBUG: Total gradient stack used is 214713 out of 10000000
DEBUG: Total dvariable address used is 1972 out of 150000
DEBUG: Total dvariable address used is 2132072 out of 50000000
DEBUG: Total gradient stack used is 214713 out of 10000000
DEBUG: Total dvariable address used is 1972 out of 150000
DEBUG: Total dvariable address used is 2132072 out of 50000000
DEBUG: Total gradient stack used is 214713 out of 10000000
DEBUG: Total dvariable address used is 1972 out of 150000
DEBUG: Total dvariable address used is 2132072 out of 50000000
DEBUG: Total gradient stack used is 214713 out of 10000000
DEBUG: Total dvariable address used is 1972 out of 150000
DEBUG: Total dvariable address used is 2132072 out of 50000000
DEBUG: Total gradient stack used is 214713 out of 10000000
DEBUG: Total dvariable address used is 1972 out of 150000
DEBUG: Total dvariable address used is 2132072 out of 50000000
DEBUG: Total gradient stack used is 214713 out of 10000000
DEBUG: Total dvariable address used is 1972 out of 150000
DEBUG: Total dvariable address used is 2132072 out of 50000000
DEBUG: Total gradient stack used is 214713 out of 10000000
DEBUG: Total dvariable address used is 1972 out of 150000
DEBUG: Total dvariable address used is 2132072 out of 50000000
DEBUG: Total gradient stack used is 214713 out of 10000000
DEBUG: Total dvariable address used is 1972 out of 150000
DEBUG: Total dvariable address used is 2132072 out of 50000000
DEBUG: Total gradient stack used is 214713 out of 10000000
DEBUG: Total dvariable address used is 1972 out of 150000
DEBUG: Total dvariable address used is 2132072 out of 50000000
DEBUG: Total gradient stack used is 214713 out of 10000000
DEBUG: Total dvariable address used is 1972 out of 150000
DEBUG: Total dvariable address used is 2132072 out of 50000000
DEBUG: Total gradient stack used is 214713 out of 10000000
DEBUG: Total dvariable address used is 1972 out of 150000
DEBUG: Total dvariable address used is 2132072 out of 50000000
DEBUG: Total gradient stack used is 214713 out of 10000000
DEBUG: Total dvariable address used is 1972 out of 150000
DEBUG: Total dvariable address used is 2132072 out of 50000000
DEBUG: Total gradient stack used is 214713 out of 10000000
DEBUG: Total dvariable address used is 1972 out of 150000
DEBUG: Total dvariable address used is 2132072 out of 50000000
DEBUG: Total gradient stack used is 214713 out of 10000000
DEBUG: Total dvariable address used is 1972 out of 150000
DEBUG: Total dvariable address used is 2132072 out of 50000000
DEBUG: Total gradient stack used is 214713 out of 10000000
DEBUG: Total dvariable address used is 1972 out of 150000
DEBUG: Total dvariable address used is 2132072 out of 50000000
DEBUG: Total gradient stack used is 214713 out of 10000000
DEBUG: Total dvariable address used is 1972 out of 150000
DEBUG: Total dvariable address used is 2132072 out of 50000000
DEBUG: Total gradient stack used is 214713 out of 10000000
DEBUG: Total dvariable address used is 1972 out of 150000
DEBUG: Total dvariable address used is 2132072 out of 50000000
DEBUG: Total gradient stack used is 214713 out of 10000000
DEBUG: Total dvariable address used is 1972 out of 150000
DEBUG: Total dvariable address used is 2132072 out of 50000000
DEBUG: Total gradient stack used is 214713 out of 10000000
DEBUG: Total dvariable address used is 1972 out of 150000
DEBUG: Total dvariable address used is 2132072 out of 50000000
DEBUG: Total gradient stack used is 214713 out of 10000000
DEBUG: Total dvariable address used is 1972 out of 150000
DEBUG: Total dvariable address used is 2132072 out of 50000000
DEBUG: Total gradient stack used is 214713 out of 10000000
DEBUG: Total dvariable address used is 1972 out of 150000
DEBUG: Total dvariable address used is 2132072 out of 50000000
DEBUG: Total gradient stack used is 214713 out of 10000000
DEBUG: Total dvariable address used is 1972 out of 150000
DEBUG: Total dvariable address used is 2132072 out of 50000000
DEBUG: Total gradient stack used is 214713 out of 10000000
DEBUG: Total dvariable address used is 1972 out of 150000
DEBUG: Total dvariable address used is 2132072 out of 50000000
DEBUG: Total gradient stack used is 214713 out of 10000000
DEBUG: Total dvariable address used is 1972 out of 150000
DEBUG: Total dvariable address used is 2132072 out of 50000000
DEBUG: Total gradient stack used is 214713 out of 10000000
DEBUG: Total dvariable address used is 1972 out of 150000
DEBUG: Total dvariable address used is 2132072 out of 50000000
DEBUG: Total gradient stack used is 214713 out of 10000000
DEBUG: Total dvariable address used is 1972 out of 150000
DEBUG: Total dvariable address used is 2132072 out of 50000000
DEBUG: Total gradient stack used is 214713 out of 10000000
DEBUG: Total dvariable address used is 1972 out of 150000
DEBUG: Total dvariable address used is 2132072 out of 50000000
DEBUG: Total gradient stack used is 214713 out of 10000000
DEBUG: Total dvariable address used is 1972 out of 150000
DEBUG: Total dvariable address used is 2132072 out of 50000000
DEBUG: Total gradient stack used is 214713 out of 10000000
DEBUG: Total dvariable address used is 1972 out of 150000
DEBUG: Total dvariable address used is 2132072 out of 50000000
DEBUG: Total gradient stack used is 214713 out of 10000000
DEBUG: Total dvariable address used is 1972 out of 150000
DEBUG: Total dvariable address used is 2132072 out of 50000000
DEBUG: Total gradient stack used is 214713 out of 10000000
DEBUG: Total dvariable address used is 1972 out of 150000
DEBUG: Total dvariable address used is 2132072 out of 50000000
DEBUG: Total gradient stack used is 214713 out of 10000000
DEBUG: Total dvariable address used is 1972 out of 150000
DEBUG: Total dvariable address used is 2132072 out of 50000000
DEBUG: Total gradient stack used is 214713 out of 10000000
DEBUG: Total dvariable address used is 1972 out of 150000
DEBUG: Total dvariable address used is 2132072 out of 50000000
DEBUG: Total gradient stack used is 214713 out of 10000000
DEBUG: Total dvariable address used is 1972 out of 150000
DEBUG: Total dvariable address used is 2132072 out of 50000000
DEBUG: Total gradient stack used is 214713 out of 10000000
DEBUG: Total dvariable address used is 1972 out of 150000
DEBUG: Total dvariable address used is 2132072 out of 50000000
DEBUG: Total gradient stack used is 214713 out of 10000000
DEBUG: Total dvariable address used is 1972 out of 150000
DEBUG: Total dvariable address used is 2132072 out of 50000000
DEBUG: Total gradient stack used is 214713 out of 10000000
DEBUG: Total dvariable address used is 1972 out of 150000
DEBUG: Total dvariable address used is 2132072 out of 50000000
DEBUG: Total gradient stack used is 214713 out of 10000000
DEBUG: Total dvariable address used is 1972 out of 150000
DEBUG: Total dvariable address used is 2132072 out of 50000000
DEBUG: Total gradient stack used is 214713 out of 10000000
DEBUG: Total dvariable address used is 1972 out of 150000
DEBUG: Total dvariable address used is 2132072 out of 50000000
DEBUG: Total gradient stack used is 214713 out of 10000000
DEBUG: Total dvariable address used is 1972 out of 150000
DEBUG: Total dvariable address used is 2132072 out of 50000000
DEBUG: Total gradient stack used is 214713 out of 10000000
DEBUG: Total dvariable address used is 1972 out of 150000
DEBUG: Total dvariable address used is 2132072 out of 50000000
DEBUG: Total gradient stack used is 214713 out of 10000000
DEBUG: Total dvariable address used is 1972 out of 150000
DEBUG: Total dvariable address used is 2132072 out of 50000000
DEBUG: Total gradient stack used is 214713 out of 10000000
DEBUG: Total dvariable address used is 1972 out of 150000
DEBUG: Total dvariable address used is 2132072 out of 50000000
DEBUG: Total gradient stack used is 214713 out of 10000000
DEBUG: Total dvariable address used is 1972 out of 150000
DEBUG: Total dvariable address used is 2132072 out of 50000000
DEBUG: Total gradient stack used is 214713 out of 10000000
DEBUG: Total dvariable address used is 1972 out of 150000
DEBUG: Total dvariable address used is 2132072 out of 50000000
DEBUG: Total gradient stack used is 214713 out of 10000000
DEBUG: Total dvariable address used is 1972 out of 150000
DEBUG: Total dvariable address used is 2132072 out of 50000000
DEBUG: Total gradient stack used is 214713 out of 10000000
DEBUG: Total dvariable address used is 1972 out of 150000
DEBUG: Total dvariable address used is 2132072 out of 50000000
DEBUG: Total gradient stack used is 214713 out of 10000000
DEBUG: Total dvariable address used is 1972 out of 150000
DEBUG: Total dvariable address used is 2132072 out of 50000000
DEBUG: Total gradient stack used is 214713 out of 10000000
DEBUG: Total dvariable address used is 1972 out of 150000
DEBUG: Total dvariable address used is 2132072 out of 50000000
DEBUG: Total gradient stack used is 214713 out of 10000000
DEBUG: Total dvariable address used is 1972 out of 150000
DEBUG: Total dvariable address used is 2132072 out of 50000000
DEBUG: Total gradient stack used is 214713 out of 10000000
DEBUG: Total dvariable address used is 1972 out of 150000
DEBUG: Total dvariable address used is 2132072 out of 50000000
DEBUG: Total gradient stack used is 214713 out of 10000000
DEBUG: Total dvariable address used is 1972 out of 150000
DEBUG: Total dvariable address used is 2132072 out of 50000000
DEBUG: Total gradient stack used is 214713 out of 10000000
DEBUG: Total dvariable address used is 1972 out of 150000
DEBUG: Total dvariable address used is 2132072 out of 50000000
DEBUG: Total gradient stack used is 214713 out of 10000000
DEBUG: Total dvariable address used is 1972 out of 150000
DEBUG: Total dvariable address used is 2132072 out of 50000000
DEBUG: Total gradient stack used is 214713 out of 10000000
DEBUG: Total dvariable address used is 1972 out of 150000
DEBUG: Total dvariable address used is 2132072 out of 50000000
DEBUG: Total gradient stack used is 214713 out of 10000000
DEBUG: Total dvariable address used is 1972 out of 150000
DEBUG: Total dvariable address used is 2132072 out of 50000000
DEBUG: Total gradient stack used is 214713 out of 10000000
DEBUG: Total dvariable address used is 1972 out of 150000
DEBUG: Total dvariable address used is 2132072 out of 50000000
DEBUG: Total gradient stack used is 214713 out of 10000000
DEBUG: Total dvariable address used is 1972 out of 150000
DEBUG: Total dvariable address used is 2132072 out of 50000000
DEBUG: Total gradient stack used is 214713 out of 10000000
DEBUG: Total dvariable address used is 1972 out of 150000
DEBUG: Total dvariable address used is 2132072 out of 50000000
DEBUG: Total gradient stack used is 214713 out of 10000000
DEBUG: Total dvariable address used is 1972 out of 150000
DEBUG: Total dvariable address used is 2132072 out of 50000000
DEBUG: Total gradient stack used is 214713 out of 10000000
DEBUG: Total dvariable address used is 1972 out of 150000
DEBUG: Total dvariable address used is 2132072 out of 50000000
DEBUG: Total gradient stack used is 214713 out of 10000000
DEBUG: Total dvariable address used is 1972 out of 150000
DEBUG: Total dvariable address used is 2132072 out of 50000000
DEBUG: Total gradient stack used is 214713 out of 10000000
DEBUG: Total dvariable address used is 1972 out of 150000
DEBUG: Total dvariable address used is 2132072 out of 50000000
DEBUG: Total gradient stack used is 214713 out of 10000000
DEBUG: Total dvariable address used is 1972 out of 150000
DEBUG: Total dvariable address used is 2132072 out of 50000000
DEBUG: Total gradient stack used is 214713 out of 10000000
DEBUG: Total dvariable address used is 1972 out of 150000
DEBUG: Total dvariable address used is 2132072 out of 50000000
DEBUG: Total gradient stack used is 214713 out of 10000000
DEBUG: Total dvariable address used is 1972 out of 150000
DEBUG: Total dvariable address used is 2132072 out of 50000000
DEBUG: Total gradient stack used is 214713 out of 10000000
DEBUG: Total dvariable address used is 1972 out of 150000
DEBUG: Total dvariable address used is 2132072 out of 50000000
DEBUG: Total gradient stack used is 214713 out of 10000000
DEBUG: Total dvariable address used is 1972 out of 150000
DEBUG: Total dvariable address used is 2132072 out of 50000000
DEBUG: Total gradient stack used is 214713 out of 10000000
DEBUG: Total dvariable address used is 1972 out of 150000
DEBUG: Total dvariable address used is 2132072 out of 50000000
DEBUG: Total gradient stack used is 214713 out of 10000000
DEBUG: Total dvariable address used is 1972 out of 150000
DEBUG: Total dvariable address used is 2132072 out of 50000000
DEBUG: Total gradient stack used is 214713 out of 10000000
DEBUG: Total dvariable address used is 1972 out of 150000
DEBUG: Total dvariable address used is 2132072 out of 50000000
DEBUG: Total gradient stack used is 214713 out of 10000000
DEBUG: Total dvariable address used is 1972 out of 150000
DEBUG: Total dvariable address used is 2132072 out of 50000000
DEBUG: Total gradient stack used is 214713 out of 10000000
DEBUG: Total dvariable address used is 1972 out of 150000
DEBUG: Total dvariable address used is 2132072 out of 50000000
DEBUG: Total gradient stack used is 214713 out of 10000000
DEBUG: Total dvariable address used is 1972 out of 150000
DEBUG: Total dvariable address used is 2132072 out of 50000000
DEBUG: Total gradient stack used is 214713 out of 10000000
DEBUG: Total dvariable address used is 1972 out of 150000
DEBUG: Total dvariable address used is 2132072 out of 50000000
DEBUG: Total gradient stack used is 214713 out of 10000000
DEBUG: Total dvariable address used is 1972 out of 150000
DEBUG: Total dvariable address used is 2132072 out of 50000000
DEBUG: Total gradient stack used is 214713 out of 10000000
DEBUG: Total dvariable address used is 1972 out of 150000
DEBUG: Total dvariable address used is 2132072 out of 50000000
DEBUG: Total gradient stack used is 214713 out of 10000000
DEBUG: Total dvariable address used is 1972 out of 150000
DEBUG: Total dvariable address used is 2132072 out of 50000000
DEBUG: Total gradient stack used is 214713 out of 10000000
DEBUG: Total dvariable address used is 1972 out of 150000
DEBUG: Total dvariable address used is 2132072 out of 50000000
DEBUG: Total gradient stack used is 214713 out of 10000000
DEBUG: Total dvariable address used is 1972 out of 150000
DEBUG: Total dvariable address used is 2132072 out of 50000000
DEBUG: Total gradient stack used is 214713 out of 10000000
DEBUG: Total dvariable address used is 1972 out of 150000
DEBUG: Total dvariable address used is 2132072 out of 50000000
DEBUG: Total gradient stack used is 214713 out of 10000000
DEBUG: Total dvariable address used is 1972 out of 150000
DEBUG: Total dvariable address used is 2132072 out of 50000000
DEBUG: Total gradient stack used is 214713 out of 10000000
DEBUG: Total dvariable address used is 1972 out of 150000
DEBUG: Total dvariable address used is 2132072 out of 50000000
DEBUG: Total gradient stack used is 214713 out of 10000000
DEBUG: Total dvariable address used is 1972 out of 150000
DEBUG: Total dvariable address used is 2132072 out of 50000000
DEBUG: Total gradient stack used is 214713 out of 10000000
DEBUG: Total dvariable address used is 1972 out of 150000
DEBUG: Total dvariable address used is 2132072 out of 50000000
DEBUG: Total gradient stack used is 214713 out of 10000000
DEBUG: Total dvariable address used is 1972 out of 150000
DEBUG: Total dvariable address used is 2132072 out of 50000000
DEBUG: Total gradient stack used is 214713 out of 10000000
DEBUG: Total dvariable address used is 1972 out of 150000
DEBUG: Total dvariable address used is 2132072 out of 50000000
DEBUG: Total gradient stack used is 214713 out of 10000000
DEBUG: Total dvariable address used is 1972 out of 150000
DEBUG: Total dvariable address used is 2132072 out of 50000000
DEBUG: Total gradient stack used is 214713 out of 10000000
DEBUG: Total dvariable address used is 1972 out of 150000
DEBUG: Total dvariable address used is 2132072 out of 50000000
DEBUG: Total gradient stack used is 214713 out of 10000000
DEBUG: Total dvariable address used is 1972 out of 150000
DEBUG: Total dvariable address used is 2132072 out of 50000000
DEBUG: Total gradient stack used is 214713 out of 10000000
DEBUG: Total dvariable address used is 1972 out of 150000
DEBUG: Total dvariable address used is 2132072 out of 50000000
DEBUG: Total gradient stack used is 214713 out of 10000000
DEBUG: Total dvariable address used is 1972 out of 150000
DEBUG: Total dvariable address used is 2132072 out of 50000000
DEBUG: Total gradient stack used is 214713 out of 10000000
DEBUG: Total dvariable address used is 1972 out of 150000
DEBUG: Total dvariable address used is 2132072 out of 50000000
DEBUG: Total gradient stack used is 214713 out of 10000000
DEBUG: Total dvariable address used is 1972 out of 150000
DEBUG: Total dvariable address used is 2132072 out of 50000000
, 60%DEBUG: Total gradient stack used is 214713 out of 10000000
DEBUG: Total dvariable address used is 1972 out of 150000
DEBUG: Total dvariable address used is 2132072 out of 50000000
DEBUG: Total gradient stack used is 214713 out of 10000000
DEBUG: Total dvariable address used is 1972 out of 150000
DEBUG: Total dvariable address used is 2132072 out of 50000000
DEBUG: Total gradient stack used is 214713 out of 10000000
DEBUG: Total dvariable address used is 1972 out of 150000
DEBUG: Total dvariable address used is 2132072 out of 50000000
DEBUG: Total gradient stack used is 214713 out of 10000000
DEBUG: Total dvariable address used is 1972 out of 150000
DEBUG: Total dvariable address used is 2132072 out of 50000000
DEBUG: Total gradient stack used is 214713 out of 10000000
DEBUG: Total dvariable address used is 1972 out of 150000
DEBUG: Total dvariable address used is 2132072 out of 50000000
DEBUG: Total gradient stack used is 214713 out of 10000000
DEBUG: Total dvariable address used is 1972 out of 150000
DEBUG: Total dvariable address used is 2132072 out of 50000000
DEBUG: Total gradient stack used is 214713 out of 10000000
DEBUG: Total dvariable address used is 1972 out of 150000
DEBUG: Total dvariable address used is 2132072 out of 50000000
DEBUG: Total gradient stack used is 214713 out of 10000000
DEBUG: Total dvariable address used is 1972 out of 150000
DEBUG: Total dvariable address used is 2132072 out of 50000000
DEBUG: Total gradient stack used is 214713 out of 10000000
DEBUG: Total dvariable address used is 1972 out of 150000
DEBUG: Total dvariable address used is 2132072 out of 50000000
DEBUG: Total gradient stack used is 214713 out of 10000000
DEBUG: Total dvariable address used is 1972 out of 150000
DEBUG: Total dvariable address used is 2132072 out of 50000000
DEBUG: Total gradient stack used is 214713 out of 10000000
DEBUG: Total dvariable address used is 1972 out of 150000
DEBUG: Total dvariable address used is 2132072 out of 50000000
DEBUG: Total gradient stack used is 214713 out of 10000000
DEBUG: Total dvariable address used is 1972 out of 150000
DEBUG: Total dvariable address used is 2132072 out of 50000000
DEBUG: Total gradient stack used is 214713 out of 10000000
DEBUG: Total dvariable address used is 1972 out of 150000
DEBUG: Total dvariable address used is 2132072 out of 50000000
DEBUG: Total gradient stack used is 214713 out of 10000000
DEBUG: Total dvariable address used is 1972 out of 150000
DEBUG: Total dvariable address used is 2132072 out of 50000000
DEBUG: Total gradient stack used is 214713 out of 10000000
DEBUG: Total dvariable address used is 1972 out of 150000
DEBUG: Total dvariable address used is 2132072 out of 50000000
DEBUG: Total gradient stack used is 214713 out of 10000000
DEBUG: Total dvariable address used is 1972 out of 150000
DEBUG: Total dvariable address used is 2132072 out of 50000000
DEBUG: Total gradient stack used is 214713 out of 10000000
DEBUG: Total dvariable address used is 1972 out of 150000
DEBUG: Total dvariable address used is 2132072 out of 50000000
DEBUG: Total gradient stack used is 214713 out of 10000000
DEBUG: Total dvariable address used is 1972 out of 150000
DEBUG: Total dvariable address used is 2132072 out of 50000000
DEBUG: Total gradient stack used is 214713 out of 10000000
DEBUG: Total dvariable address used is 1972 out of 150000
DEBUG: Total dvariable address used is 2132072 out of 50000000
DEBUG: Total gradient stack used is 214713 out of 10000000
DEBUG: Total dvariable address used is 1972 out of 150000
DEBUG: Total dvariable address used is 2132072 out of 50000000
DEBUG: Total gradient stack used is 214713 out of 10000000
DEBUG: Total dvariable address used is 1972 out of 150000
DEBUG: Total dvariable address used is 2132072 out of 50000000
DEBUG: Total gradient stack used is 214713 out of 10000000
DEBUG: Total dvariable address used is 1972 out of 150000
DEBUG: Total dvariable address used is 2132072 out of 50000000
DEBUG: Total gradient stack used is 214713 out of 10000000
DEBUG: Total dvariable address used is 1972 out of 150000
DEBUG: Total dvariable address used is 2132072 out of 50000000
DEBUG: Total gradient stack used is 214713 out of 10000000
DEBUG: Total dvariable address used is 1972 out of 150000
DEBUG: Total dvariable address used is 2132072 out of 50000000
DEBUG: Total gradient stack used is 214713 out of 10000000
DEBUG: Total dvariable address used is 1972 out of 150000
DEBUG: Total dvariable address used is 2132072 out of 50000000
DEBUG: Total gradient stack used is 214713 out of 10000000
DEBUG: Total dvariable address used is 1972 out of 150000
DEBUG: Total dvariable address used is 2132072 out of 50000000
DEBUG: Total gradient stack used is 214713 out of 10000000
DEBUG: Total dvariable address used is 1972 out of 150000
DEBUG: Total dvariable address used is 2132072 out of 50000000
DEBUG: Total gradient stack used is 214713 out of 10000000
DEBUG: Total dvariable address used is 1972 out of 150000
DEBUG: Total dvariable address used is 2132072 out of 50000000
DEBUG: Total gradient stack used is 214713 out of 10000000
DEBUG: Total dvariable address used is 1972 out of 150000
DEBUG: Total dvariable address used is 2132072 out of 50000000
DEBUG: Total gradient stack used is 214713 out of 10000000
DEBUG: Total dvariable address used is 1972 out of 150000
DEBUG: Total dvariable address used is 2132072 out of 50000000
DEBUG: Total gradient stack used is 214713 out of 10000000
DEBUG: Total dvariable address used is 1972 out of 150000
DEBUG: Total dvariable address used is 2132072 out of 50000000
DEBUG: Total gradient stack used is 214713 out of 10000000
DEBUG: Total dvariable address used is 1972 out of 150000
DEBUG: Total dvariable address used is 2132072 out of 50000000
DEBUG: Total gradient stack used is 214713 out of 10000000
DEBUG: Total dvariable address used is 1972 out of 150000
DEBUG: Total dvariable address used is 2132072 out of 50000000
DEBUG: Total gradient stack used is 214713 out of 10000000
DEBUG: Total dvariable address used is 1972 out of 150000
DEBUG: Total dvariable address used is 2132072 out of 50000000
DEBUG: Total gradient stack used is 214713 out of 10000000
DEBUG: Total dvariable address used is 1972 out of 150000
DEBUG: Total dvariable address used is 2132072 out of 50000000
DEBUG: Total gradient stack used is 214713 out of 10000000
DEBUG: Total dvariable address used is 1972 out of 150000
DEBUG: Total dvariable address used is 2132072 out of 50000000
DEBUG: Total gradient stack used is 214713 out of 10000000
DEBUG: Total dvariable address used is 1972 out of 150000
DEBUG: Total dvariable address used is 2132072 out of 50000000
DEBUG: Total gradient stack used is 214713 out of 10000000
DEBUG: Total dvariable address used is 1972 out of 150000
DEBUG: Total dvariable address used is 2132072 out of 50000000
DEBUG: Total gradient stack used is 214713 out of 10000000
DEBUG: Total dvariable address used is 1972 out of 150000
DEBUG: Total dvariable address used is 2132072 out of 50000000
DEBUG: Total gradient stack used is 214713 out of 10000000
DEBUG: Total dvariable address used is 1972 out of 150000
DEBUG: Total dvariable address used is 2132072 out of 50000000
DEBUG: Total gradient stack used is 214713 out of 10000000
DEBUG: Total dvariable address used is 1972 out of 150000
DEBUG: Total dvariable address used is 2132072 out of 50000000
DEBUG: Total gradient stack used is 214713 out of 10000000
DEBUG: Total dvariable address used is 1972 out of 150000
DEBUG: Total dvariable address used is 2132072 out of 50000000
DEBUG: Total gradient stack used is 214713 out of 10000000
DEBUG: Total dvariable address used is 1972 out of 150000
DEBUG: Total dvariable address used is 2132072 out of 50000000
DEBUG: Total gradient stack used is 214713 out of 10000000
DEBUG: Total dvariable address used is 1972 out of 150000
DEBUG: Total dvariable address used is 2132072 out of 50000000
DEBUG: Total gradient stack used is 214713 out of 10000000
DEBUG: Total dvariable address used is 1972 out of 150000
DEBUG: Total dvariable address used is 2132072 out of 50000000
DEBUG: Total gradient stack used is 214713 out of 10000000
DEBUG: Total dvariable address used is 1972 out of 150000
DEBUG: Total dvariable address used is 2132072 out of 50000000
DEBUG: Total gradient stack used is 214713 out of 10000000
DEBUG: Total dvariable address used is 1972 out of 150000
DEBUG: Total dvariable address used is 2132072 out of 50000000
DEBUG: Total gradient stack used is 214713 out of 10000000
DEBUG: Total dvariable address used is 1972 out of 150000
DEBUG: Total dvariable address used is 2132072 out of 50000000
DEBUG: Total gradient stack used is 214713 out of 10000000
DEBUG: Total dvariable address used is 1972 out of 150000
DEBUG: Total dvariable address used is 2132072 out of 50000000
DEBUG: Total gradient stack used is 214713 out of 10000000
DEBUG: Total dvariable address used is 1972 out of 150000
DEBUG: Total dvariable address used is 2132072 out of 50000000
DEBUG: Total gradient stack used is 214713 out of 10000000
DEBUG: Total dvariable address used is 1972 out of 150000
DEBUG: Total dvariable address used is 2132072 out of 50000000
DEBUG: Total gradient stack used is 214713 out of 10000000
DEBUG: Total dvariable address used is 1972 out of 150000
DEBUG: Total dvariable address used is 2132072 out of 50000000
DEBUG: Total gradient stack used is 214713 out of 10000000
DEBUG: Total dvariable address used is 1972 out of 150000
DEBUG: Total dvariable address used is 2132072 out of 50000000
DEBUG: Total gradient stack used is 214713 out of 10000000
DEBUG: Total dvariable address used is 1972 out of 150000
DEBUG: Total dvariable address used is 2132072 out of 50000000
DEBUG: Total gradient stack used is 214713 out of 10000000
DEBUG: Total dvariable address used is 1972 out of 150000
DEBUG: Total dvariable address used is 2132072 out of 50000000
DEBUG: Total gradient stack used is 214713 out of 10000000
DEBUG: Total dvariable address used is 1972 out of 150000
DEBUG: Total dvariable address used is 2132072 out of 50000000
DEBUG: Total gradient stack used is 214713 out of 10000000
DEBUG: Total dvariable address used is 1972 out of 150000
DEBUG: Total dvariable address used is 2132072 out of 50000000
DEBUG: Total gradient stack used is 214713 out of 10000000
DEBUG: Total dvariable address used is 1972 out of 150000
DEBUG: Total dvariable address used is 2132072 out of 50000000
DEBUG: Total gradient stack used is 214713 out of 10000000
DEBUG: Total dvariable address used is 1972 out of 150000
DEBUG: Total dvariable address used is 2132072 out of 50000000
DEBUG: Total gradient stack used is 214713 out of 10000000
DEBUG: Total dvariable address used is 1972 out of 150000
DEBUG: Total dvariable address used is 2132072 out of 50000000
DEBUG: Total gradient stack used is 214713 out of 10000000
DEBUG: Total dvariable address used is 1972 out of 150000
DEBUG: Total dvariable address used is 2132072 out of 50000000
DEBUG: Total gradient stack used is 214713 out of 10000000
DEBUG: Total dvariable address used is 1972 out of 150000
DEBUG: Total dvariable address used is 2132072 out of 50000000
DEBUG: Total gradient stack used is 214713 out of 10000000
DEBUG: Total dvariable address used is 1972 out of 150000
DEBUG: Total dvariable address used is 2132072 out of 50000000
DEBUG: Total gradient stack used is 214713 out of 10000000
DEBUG: Total dvariable address used is 1972 out of 150000
DEBUG: Total dvariable address used is 2132072 out of 50000000
DEBUG: Total gradient stack used is 214713 out of 10000000
DEBUG: Total dvariable address used is 1972 out of 150000
DEBUG: Total dvariable address used is 2132072 out of 50000000
DEBUG: Total gradient stack used is 214713 out of 10000000
DEBUG: Total dvariable address used is 1972 out of 150000
DEBUG: Total dvariable address used is 2132072 out of 50000000
DEBUG: Total gradient stack used is 214713 out of 10000000
DEBUG: Total dvariable address used is 1972 out of 150000
DEBUG: Total dvariable address used is 2132072 out of 50000000
DEBUG: Total gradient stack used is 214713 out of 10000000
DEBUG: Total dvariable address used is 1972 out of 150000
DEBUG: Total dvariable address used is 2132072 out of 50000000
DEBUG: Total gradient stack used is 214713 out of 10000000
DEBUG: Total dvariable address used is 1972 out of 150000
DEBUG: Total dvariable address used is 2132072 out of 50000000
DEBUG: Total gradient stack used is 214713 out of 10000000
DEBUG: Total dvariable address used is 1972 out of 150000
DEBUG: Total dvariable address used is 2132072 out of 50000000
DEBUG: Total gradient stack used is 214713 out of 10000000
DEBUG: Total dvariable address used is 1972 out of 150000
DEBUG: Total dvariable address used is 2132072 out of 50000000
DEBUG: Total gradient stack used is 214713 out of 10000000
DEBUG: Total dvariable address used is 1972 out of 150000
DEBUG: Total dvariable address used is 2132072 out of 50000000
DEBUG: Total gradient stack used is 214713 out of 10000000
DEBUG: Total dvariable address used is 1972 out of 150000
DEBUG: Total dvariable address used is 2132072 out of 50000000
DEBUG: Total gradient stack used is 214713 out of 10000000
DEBUG: Total dvariable address used is 1972 out of 150000
DEBUG: Total dvariable address used is 2132072 out of 50000000
DEBUG: Total gradient stack used is 214713 out of 10000000
DEBUG: Total dvariable address used is 1972 out of 150000
DEBUG: Total dvariable address used is 2132072 out of 50000000
DEBUG: Total gradient stack used is 214713 out of 10000000
DEBUG: Total dvariable address used is 1972 out of 150000
DEBUG: Total dvariable address used is 2132072 out of 50000000
DEBUG: Total gradient stack used is 214713 out of 10000000
DEBUG: Total dvariable address used is 1972 out of 150000
DEBUG: Total dvariable address used is 2132072 out of 50000000
DEBUG: Total gradient stack used is 214713 out of 10000000
DEBUG: Total dvariable address used is 1972 out of 150000
DEBUG: Total dvariable address used is 2132072 out of 50000000
DEBUG: Total gradient stack used is 214713 out of 10000000
DEBUG: Total dvariable address used is 1972 out of 150000
DEBUG: Total dvariable address used is 2132072 out of 50000000
DEBUG: Total gradient stack used is 214713 out of 10000000
DEBUG: Total dvariable address used is 1972 out of 150000
DEBUG: Total dvariable address used is 2132072 out of 50000000
DEBUG: Total gradient stack used is 214713 out of 10000000
DEBUG: Total dvariable address used is 1972 out of 150000
DEBUG: Total dvariable address used is 2132072 out of 50000000
DEBUG: Total gradient stack used is 214713 out of 10000000
DEBUG: Total dvariable address used is 1972 out of 150000
DEBUG: Total dvariable address used is 2132072 out of 50000000
DEBUG: Total gradient stack used is 214713 out of 10000000
DEBUG: Total dvariable address used is 1972 out of 150000
DEBUG: Total dvariable address used is 2132072 out of 50000000
DEBUG: Total gradient stack used is 214713 out of 10000000
DEBUG: Total dvariable address used is 1972 out of 150000
DEBUG: Total dvariable address used is 2132072 out of 50000000
DEBUG: Total gradient stack used is 214713 out of 10000000
DEBUG: Total dvariable address used is 1972 out of 150000
DEBUG: Total dvariable address used is 2132072 out of 50000000
DEBUG: Total gradient stack used is 214713 out of 10000000
DEBUG: Total dvariable address used is 1972 out of 150000
DEBUG: Total dvariable address used is 2132072 out of 50000000
DEBUG: Total gradient stack used is 214713 out of 10000000
DEBUG: Total dvariable address used is 1972 out of 150000
DEBUG: Total dvariable address used is 2132072 out of 50000000
DEBUG: Total gradient stack used is 214713 out of 10000000
DEBUG: Total dvariable address used is 1972 out of 150000
DEBUG: Total dvariable address used is 2132072 out of 50000000
DEBUG: Total gradient stack used is 214713 out of 10000000
DEBUG: Total dvariable address used is 1972 out of 150000
DEBUG: Total dvariable address used is 2132072 out of 50000000
DEBUG: Total gradient stack used is 214713 out of 10000000
DEBUG: Total dvariable address used is 1972 out of 150000
DEBUG: Total dvariable address used is 2132072 out of 50000000
DEBUG: Total gradient stack used is 214713 out of 10000000
DEBUG: Total dvariable address used is 1972 out of 150000
DEBUG: Total dvariable address used is 2132072 out of 50000000
DEBUG: Total gradient stack used is 214713 out of 10000000
DEBUG: Total dvariable address used is 1972 out of 150000
DEBUG: Total dvariable address used is 2132072 out of 50000000
DEBUG: Total gradient stack used is 214713 out of 10000000
DEBUG: Total dvariable address used is 1972 out of 150000
DEBUG: Total dvariable address used is 2132072 out of 50000000
DEBUG: Total gradient stack used is 214713 out of 10000000
DEBUG: Total dvariable address used is 1972 out of 150000
DEBUG: Total dvariable address used is 2132072 out of 50000000
DEBUG: Total gradient stack used is 214713 out of 10000000
DEBUG: Total dvariable address used is 1972 out of 150000
DEBUG: Total dvariable address used is 2132072 out of 50000000
DEBUG: Total gradient stack used is 214713 out of 10000000
DEBUG: Total dvariable address used is 1972 out of 150000
DEBUG: Total dvariable address used is 2132072 out of 50000000
DEBUG: Total gradient stack used is 214713 out of 10000000
DEBUG: Total dvariable address used is 1972 out of 150000
DEBUG: Total dvariable address used is 2132072 out of 50000000
DEBUG: Total gradient stack used is 214713 out of 10000000
DEBUG: Total dvariable address used is 1972 out of 150000
DEBUG: Total dvariable address used is 2132072 out of 50000000
DEBUG: Total gradient stack used is 214713 out of 10000000
DEBUG: Total dvariable address used is 1972 out of 150000
DEBUG: Total dvariable address used is 2132072 out of 50000000
DEBUG: Total gradient stack used is 214713 out of 10000000
DEBUG: Total dvariable address used is 1972 out of 150000
DEBUG: Total dvariable address used is 2132072 out of 50000000
DEBUG: Total gradient stack used is 214713 out of 10000000
DEBUG: Total dvariable address used is 1972 out of 150000
DEBUG: Total dvariable address used is 2132072 out of 50000000
DEBUG: Total gradient stack used is 214713 out of 10000000
DEBUG: Total dvariable address used is 1972 out of 150000
DEBUG: Total dvariable address used is 2132072 out of 50000000
DEBUG: Total gradient stack used is 214713 out of 10000000
DEBUG: Total dvariable address used is 1972 out of 150000
DEBUG: Total dvariable address used is 2132072 out of 50000000
DEBUG: Total gradient stack used is 214713 out of 10000000
DEBUG: Total dvariable address used is 1972 out of 150000
DEBUG: Total dvariable address used is 2132072 out of 50000000
DEBUG: Total gradient stack used is 214713 out of 10000000
DEBUG: Total dvariable address used is 1972 out of 150000
DEBUG: Total dvariable address used is 2132072 out of 50000000
DEBUG: Total gradient stack used is 214713 out of 10000000
DEBUG: Total dvariable address used is 1972 out of 150000
DEBUG: Total dvariable address used is 2132072 out of 50000000
DEBUG: Total gradient stack used is 214713 out of 10000000
DEBUG: Total dvariable address used is 1972 out of 150000
DEBUG: Total dvariable address used is 2132072 out of 50000000
DEBUG: Total gradient stack used is 214713 out of 10000000
DEBUG: Total dvariable address used is 1972 out of 150000
DEBUG: Total dvariable address used is 2132072 out of 50000000
DEBUG: Total gradient stack used is 214713 out of 10000000
DEBUG: Total dvariable address used is 1972 out of 150000
DEBUG: Total dvariable address used is 2132072 out of 50000000
DEBUG: Total gradient stack used is 214713 out of 10000000
DEBUG: Total dvariable address used is 1972 out of 150000
DEBUG: Total dvariable address used is 2132072 out of 50000000
DEBUG: Total gradient stack used is 214713 out of 10000000
DEBUG: Total dvariable address used is 1972 out of 150000
DEBUG: Total dvariable address used is 2132072 out of 50000000
DEBUG: Total gradient stack used is 214713 out of 10000000
DEBUG: Total dvariable address used is 1972 out of 150000
DEBUG: Total dvariable address used is 2132072 out of 50000000
DEBUG: Total gradient stack used is 214713 out of 10000000
DEBUG: Total dvariable address used is 1972 out of 150000
DEBUG: Total dvariable address used is 2132072 out of 50000000
DEBUG: Total gradient stack used is 214713 out of 10000000
DEBUG: Total dvariable address used is 1972 out of 150000
DEBUG: Total dvariable address used is 2132072 out of 50000000
DEBUG: Total gradient stack used is 214713 out of 10000000
DEBUG: Total dvariable address used is 1972 out of 150000
DEBUG: Total dvariable address used is 2132072 out of 50000000
DEBUG: Total gradient stack used is 214713 out of 10000000
DEBUG: Total dvariable address used is 1972 out of 150000
DEBUG: Total dvariable address used is 2132072 out of 50000000
DEBUG: Total gradient stack used is 214713 out of 10000000
DEBUG: Total dvariable address used is 1972 out of 150000
DEBUG: Total dvariable address used is 2132072 out of 50000000
DEBUG: Total gradient stack used is 214713 out of 10000000
DEBUG: Total dvariable address used is 1972 out of 150000
DEBUG: Total dvariable address used is 2132072 out of 50000000
DEBUG: Total gradient stack used is 214713 out of 10000000
DEBUG: Total dvariable address used is 1972 out of 150000
DEBUG: Total dvariable address used is 2132072 out of 50000000
DEBUG: Total gradient stack used is 214713 out of 10000000
DEBUG: Total dvariable address used is 1972 out of 150000
DEBUG: Total dvariable address used is 2132072 out of 50000000
DEBUG: Total gradient stack used is 214713 out of 10000000
DEBUG: Total dvariable address used is 1972 out of 150000
DEBUG: Total dvariable address used is 2132072 out of 50000000
DEBUG: Total gradient stack used is 214713 out of 10000000
DEBUG: Total dvariable address used is 1972 out of 150000
DEBUG: Total dvariable address used is 2132072 out of 50000000
DEBUG: Total gradient stack used is 214713 out of 10000000
DEBUG: Total dvariable address used is 1972 out of 150000
DEBUG: Total dvariable address used is 2132072 out of 50000000
DEBUG: Total gradient stack used is 214713 out of 10000000
DEBUG: Total dvariable address used is 1972 out of 150000
DEBUG: Total dvariable address used is 2132072 out of 50000000
DEBUG: Total gradient stack used is 214713 out of 10000000
DEBUG: Total dvariable address used is 1972 out of 150000
DEBUG: Total dvariable address used is 2132072 out of 50000000
DEBUG: Total gradient stack used is 214713 out of 10000000
DEBUG: Total dvariable address used is 1972 out of 150000
DEBUG: Total dvariable address used is 2132072 out of 50000000
DEBUG: Total gradient stack used is 214713 out of 10000000
DEBUG: Total dvariable address used is 1972 out of 150000
DEBUG: Total dvariable address used is 2132072 out of 50000000
DEBUG: Total gradient stack used is 214713 out of 10000000
DEBUG: Total dvariable address used is 1972 out of 150000
DEBUG: Total dvariable address used is 2132072 out of 50000000
DEBUG: Total gradient stack used is 214713 out of 10000000
DEBUG: Total dvariable address used is 1972 out of 150000
DEBUG: Total dvariable address used is 2132072 out of 50000000
DEBUG: Total gradient stack used is 214713 out of 10000000
DEBUG: Total dvariable address used is 1972 out of 150000
DEBUG: Total dvariable address used is 2132072 out of 50000000
DEBUG: Total gradient stack used is 214713 out of 10000000
DEBUG: Total dvariable address used is 1972 out of 150000
DEBUG: Total dvariable address used is 2132072 out of 50000000
DEBUG: Total gradient stack used is 214713 out of 10000000
DEBUG: Total dvariable address used is 1972 out of 150000
DEBUG: Total dvariable address used is 2132072 out of 50000000
DEBUG: Total gradient stack used is 214713 out of 10000000
DEBUG: Total dvariable address used is 1972 out of 150000
DEBUG: Total dvariable address used is 2132072 out of 50000000
DEBUG: Total gradient stack used is 214713 out of 10000000
DEBUG: Total dvariable address used is 1972 out of 150000
DEBUG: Total dvariable address used is 2132072 out of 50000000
DEBUG: Total gradient stack used is 214713 out of 10000000
DEBUG: Total dvariable address used is 1972 out of 150000
DEBUG: Total dvariable address used is 2132072 out of 50000000
DEBUG: Total gradient stack used is 214713 out of 10000000
DEBUG: Total dvariable address used is 1972 out of 150000
DEBUG: Total dvariable address used is 2132072 out of 50000000
DEBUG: Total gradient stack used is 214713 out of 10000000
DEBUG: Total dvariable address used is 1972 out of 150000
DEBUG: Total dvariable address used is 2132072 out of 50000000
DEBUG: Total gradient stack used is 214713 out of 10000000
DEBUG: Total dvariable address used is 1972 out of 150000
DEBUG: Total dvariable address used is 2132072 out of 50000000
DEBUG: Total gradient stack used is 214713 out of 10000000
DEBUG: Total dvariable address used is 1972 out of 150000
DEBUG: Total dvariable address used is 2132072 out of 50000000
DEBUG: Total gradient stack used is 214713 out of 10000000
DEBUG: Total dvariable address used is 1972 out of 150000
DEBUG: Total dvariable address used is 2132072 out of 50000000
DEBUG: Total gradient stack used is 214713 out of 10000000
DEBUG: Total dvariable address used is 1972 out of 150000
DEBUG: Total dvariable address used is 2132072 out of 50000000
DEBUG: Total gradient stack used is 214713 out of 10000000
DEBUG: Total dvariable address used is 1972 out of 150000
DEBUG: Total dvariable address used is 2132072 out of 50000000
DEBUG: Total gradient stack used is 214713 out of 10000000
DEBUG: Total dvariable address used is 1972 out of 150000
DEBUG: Total dvariable address used is 2132072 out of 50000000
DEBUG: Total gradient stack used is 214713 out of 10000000
DEBUG: Total dvariable address used is 1972 out of 150000
DEBUG: Total dvariable address used is 2132072 out of 50000000
DEBUG: Total gradient stack used is 214713 out of 10000000
DEBUG: Total dvariable address used is 1972 out of 150000
DEBUG: Total dvariable address used is 2132072 out of 50000000
DEBUG: Total gradient stack used is 214713 out of 10000000
DEBUG: Total dvariable address used is 1972 out of 150000
DEBUG: Total dvariable address used is 2132072 out of 50000000
DEBUG: Total gradient stack used is 214713 out of 10000000
DEBUG: Total dvariable address used is 1972 out of 150000
DEBUG: Total dvariable address used is 2132072 out of 50000000
DEBUG: Total gradient stack used is 214713 out of 10000000
DEBUG: Total dvariable address used is 1972 out of 150000
DEBUG: Total dvariable address used is 2132072 out of 50000000
DEBUG: Total gradient stack used is 214713 out of 10000000
DEBUG: Total dvariable address used is 1972 out of 150000
DEBUG: Total dvariable address used is 2132072 out of 50000000
DEBUG: Total gradient stack used is 214713 out of 10000000
DEBUG: Total dvariable address used is 1972 out of 150000
DEBUG: Total dvariable address used is 2132072 out of 50000000
DEBUG: Total gradient stack used is 214713 out of 10000000
DEBUG: Total dvariable address used is 1972 out of 150000
DEBUG: Total dvariable address used is 2132072 out of 50000000
DEBUG: Total gradient stack used is 214713 out of 10000000
DEBUG: Total dvariable address used is 1972 out of 150000
DEBUG: Total dvariable address used is 2132072 out of 50000000
DEBUG: Total gradient stack used is 214713 out of 10000000
DEBUG: Total dvariable address used is 1972 out of 150000
DEBUG: Total dvariable address used is 2132072 out of 50000000
DEBUG: Total gradient stack used is 214713 out of 10000000
DEBUG: Total dvariable address used is 1972 out of 150000
DEBUG: Total dvariable address used is 2132072 out of 50000000
DEBUG: Total gradient stack used is 214713 out of 10000000
DEBUG: Total dvariable address used is 1972 out of 150000
DEBUG: Total dvariable address used is 2132072 out of 50000000
DEBUG: Total gradient stack used is 214713 out of 10000000
DEBUG: Total dvariable address used is 1972 out of 150000
DEBUG: Total dvariable address used is 2132072 out of 50000000
DEBUG: Total gradient stack used is 214713 out of 10000000
DEBUG: Total dvariable address used is 1972 out of 150000
DEBUG: Total dvariable address used is 2132072 out of 50000000
DEBUG: Total gradient stack used is 214713 out of 10000000
DEBUG: Total dvariable address used is 1972 out of 150000
DEBUG: Total dvariable address used is 2132072 out of 50000000
DEBUG: Total gradient stack used is 214713 out of 10000000
DEBUG: Total dvariable address used is 1972 out of 150000
DEBUG: Total dvariable address used is 2132072 out of 50000000
DEBUG: Total gradient stack used is 214713 out of 10000000
DEBUG: Total dvariable address used is 1972 out of 150000
DEBUG: Total dvariable address used is 2132072 out of 50000000
DEBUG: Total gradient stack used is 214713 out of 10000000
DEBUG: Total dvariable address used is 1972 out of 150000
DEBUG: Total dvariable address used is 2132072 out of 50000000
DEBUG: Total gradient stack used is 214713 out of 10000000
DEBUG: Total dvariable address used is 1972 out of 150000
DEBUG: Total dvariable address used is 2132072 out of 50000000
DEBUG: Total gradient stack used is 214713 out of 10000000
DEBUG: Total dvariable address used is 1972 out of 150000
DEBUG: Total dvariable address used is 2132072 out of 50000000
DEBUG: Total gradient stack used is 214713 out of 10000000
DEBUG: Total dvariable address used is 1972 out of 150000
DEBUG: Total dvariable address used is 2132072 out of 50000000
DEBUG: Total gradient stack used is 214713 out of 10000000
DEBUG: Total dvariable address used is 1972 out of 150000
DEBUG: Total dvariable address used is 2132072 out of 50000000
DEBUG: Total gradient stack used is 214713 out of 10000000
DEBUG: Total dvariable address used is 1972 out of 150000
DEBUG: Total dvariable address used is 2132072 out of 50000000
DEBUG: Total gradient stack used is 214713 out of 10000000
DEBUG: Total dvariable address used is 1972 out of 150000
DEBUG: Total dvariable address used is 2132072 out of 50000000
DEBUG: Total gradient stack used is 214713 out of 10000000
DEBUG: Total dvariable address used is 1972 out of 150000
DEBUG: Total dvariable address used is 2132072 out of 50000000
DEBUG: Total gradient stack used is 214713 out of 10000000
DEBUG: Total dvariable address used is 1972 out of 150000
DEBUG: Total dvariable address used is 2132072 out of 50000000
DEBUG: Total gradient stack used is 214713 out of 10000000
DEBUG: Total dvariable address used is 1972 out of 150000
DEBUG: Total dvariable address used is 2132072 out of 50000000
DEBUG: Total gradient stack used is 214713 out of 10000000
DEBUG: Total dvariable address used is 1972 out of 150000
DEBUG: Total dvariable address used is 2132072 out of 50000000
DEBUG: Total gradient stack used is 214713 out of 10000000
DEBUG: Total dvariable address used is 1972 out of 150000
DEBUG: Total dvariable address used is 2132072 out of 50000000
DEBUG: Total gradient stack used is 214713 out of 10000000
DEBUG: Total dvariable address used is 1972 out of 150000
DEBUG: Total dvariable address used is 2132072 out of 50000000
DEBUG: Total gradient stack used is 214713 out of 10000000
DEBUG: Total dvariable address used is 1972 out of 150000
DEBUG: Total dvariable address used is 2132072 out of 50000000
DEBUG: Total gradient stack used is 214713 out of 10000000
DEBUG: Total dvariable address used is 1972 out of 150000
DEBUG: Total dvariable address used is 2132072 out of 50000000
DEBUG: Total gradient stack used is 214713 out of 10000000
DEBUG: Total dvariable address used is 1972 out of 150000
DEBUG: Total dvariable address used is 2132072 out of 50000000
DEBUG: Total gradient stack used is 214713 out of 10000000
DEBUG: Total dvariable address used is 1972 out of 150000
DEBUG: Total dvariable address used is 2132072 out of 50000000
DEBUG: Total gradient stack used is 214713 out of 10000000
DEBUG: Total dvariable address used is 1972 out of 150000
DEBUG: Total dvariable address used is 2132072 out of 50000000
DEBUG: Total gradient stack used is 214713 out of 10000000
DEBUG: Total dvariable address used is 1972 out of 150000
DEBUG: Total dvariable address used is 2132072 out of 50000000
DEBUG: Total gradient stack used is 214713 out of 10000000
DEBUG: Total dvariable address used is 1972 out of 150000
DEBUG: Total dvariable address used is 2132072 out of 50000000
DEBUG: Total gradient stack used is 214713 out of 10000000
DEBUG: Total dvariable address used is 1972 out of 150000
DEBUG: Total dvariable address used is 2132072 out of 50000000
DEBUG: Total gradient stack used is 214713 out of 10000000
DEBUG: Total dvariable address used is 1972 out of 150000
DEBUG: Total dvariable address used is 2132072 out of 50000000
DEBUG: Total gradient stack used is 214713 out of 10000000
DEBUG: Total dvariable address used is 1972 out of 150000
DEBUG: Total dvariable address used is 2132072 out of 50000000
DEBUG: Total gradient stack used is 214713 out of 10000000
DEBUG: Total dvariable address used is 1972 out of 150000
DEBUG: Total dvariable address used is 2132072 out of 50000000
, 80%DEBUG: Total gradient stack used is 214713 out of 10000000
DEBUG: Total dvariable address used is 1972 out of 150000
DEBUG: Total dvariable address used is 2132072 out of 50000000
DEBUG: Total gradient stack used is 214713 out of 10000000
DEBUG: Total dvariable address used is 1972 out of 150000
DEBUG: Total dvariable address used is 2132072 out of 50000000
DEBUG: Total gradient stack used is 214713 out of 10000000
DEBUG: Total dvariable address used is 1972 out of 150000
DEBUG: Total dvariable address used is 2132072 out of 50000000
DEBUG: Total gradient stack used is 214713 out of 10000000
DEBUG: Total dvariable address used is 1972 out of 150000
DEBUG: Total dvariable address used is 2132072 out of 50000000
DEBUG: Total gradient stack used is 214713 out of 10000000
DEBUG: Total dvariable address used is 1972 out of 150000
DEBUG: Total dvariable address used is 2132072 out of 50000000
DEBUG: Total gradient stack used is 214713 out of 10000000
DEBUG: Total dvariable address used is 1972 out of 150000
DEBUG: Total dvariable address used is 2132072 out of 50000000
DEBUG: Total gradient stack used is 214713 out of 10000000
DEBUG: Total dvariable address used is 1972 out of 150000
DEBUG: Total dvariable address used is 2132072 out of 50000000
DEBUG: Total gradient stack used is 214713 out of 10000000
DEBUG: Total dvariable address used is 1972 out of 150000
DEBUG: Total dvariable address used is 2132072 out of 50000000
DEBUG: Total gradient stack used is 214713 out of 10000000
DEBUG: Total dvariable address used is 1972 out of 150000
DEBUG: Total dvariable address used is 2132072 out of 50000000
DEBUG: Total gradient stack used is 214713 out of 10000000
DEBUG: Total dvariable address used is 1972 out of 150000
DEBUG: Total dvariable address used is 2132072 out of 50000000
DEBUG: Total gradient stack used is 214713 out of 10000000
DEBUG: Total dvariable address used is 1972 out of 150000
DEBUG: Total dvariable address used is 2132072 out of 50000000
DEBUG: Total gradient stack used is 214713 out of 10000000
DEBUG: Total dvariable address used is 1972 out of 150000
DEBUG: Total dvariable address used is 2132072 out of 50000000
DEBUG: Total gradient stack used is 214713 out of 10000000
DEBUG: Total dvariable address used is 1972 out of 150000
DEBUG: Total dvariable address used is 2132072 out of 50000000
DEBUG: Total gradient stack used is 214713 out of 10000000
DEBUG: Total dvariable address used is 1972 out of 150000
DEBUG: Total dvariable address used is 2132072 out of 50000000
DEBUG: Total gradient stack used is 214713 out of 10000000
DEBUG: Total dvariable address used is 1972 out of 150000
DEBUG: Total dvariable address used is 2132072 out of 50000000
DEBUG: Total gradient stack used is 214713 out of 10000000
DEBUG: Total dvariable address used is 1972 out of 150000
DEBUG: Total dvariable address used is 2132072 out of 50000000
DEBUG: Total gradient stack used is 214713 out of 10000000
DEBUG: Total dvariable address used is 1972 out of 150000
DEBUG: Total dvariable address used is 2132072 out of 50000000
DEBUG: Total gradient stack used is 214713 out of 10000000
DEBUG: Total dvariable address used is 1972 out of 150000
DEBUG: Total dvariable address used is 2132072 out of 50000000
DEBUG: Total gradient stack used is 214713 out of 10000000
DEBUG: Total dvariable address used is 1972 out of 150000
DEBUG: Total dvariable address used is 2132072 out of 50000000
DEBUG: Total gradient stack used is 214713 out of 10000000
DEBUG: Total dvariable address used is 1972 out of 150000
DEBUG: Total dvariable address used is 2132072 out of 50000000
DEBUG: Total gradient stack used is 214713 out of 10000000
DEBUG: Total dvariable address used is 1972 out of 150000
DEBUG: Total dvariable address used is 2132072 out of 50000000
DEBUG: Total gradient stack used is 214713 out of 10000000
DEBUG: Total dvariable address used is 1972 out of 150000
DEBUG: Total dvariable address used is 2132072 out of 50000000
DEBUG: Total gradient stack used is 214713 out of 10000000
DEBUG: Total dvariable address used is 1972 out of 150000
DEBUG: Total dvariable address used is 2132072 out of 50000000
DEBUG: Total gradient stack used is 214713 out of 10000000
DEBUG: Total dvariable address used is 1972 out of 150000
DEBUG: Total dvariable address used is 2132072 out of 50000000
DEBUG: Total gradient stack used is 214713 out of 10000000
DEBUG: Total dvariable address used is 1972 out of 150000
DEBUG: Total dvariable address used is 2132072 out of 50000000
DEBUG: Total gradient stack used is 214713 out of 10000000
DEBUG: Total dvariable address used is 1972 out of 150000
DEBUG: Total dvariable address used is 2132072 out of 50000000
DEBUG: Total gradient stack used is 214713 out of 10000000
DEBUG: Total dvariable address used is 1972 out of 150000
DEBUG: Total dvariable address used is 2132072 out of 50000000
DEBUG: Total gradient stack used is 214713 out of 10000000
DEBUG: Total dvariable address used is 1972 out of 150000
DEBUG: Total dvariable address used is 2132072 out of 50000000
DEBUG: Total gradient stack used is 214713 out of 10000000
DEBUG: Total dvariable address used is 1972 out of 150000
DEBUG: Total dvariable address used is 2132072 out of 50000000
DEBUG: Total gradient stack used is 214713 out of 10000000
DEBUG: Total dvariable address used is 1972 out of 150000
DEBUG: Total dvariable address used is 2132072 out of 50000000
DEBUG: Total gradient stack used is 214713 out of 10000000
DEBUG: Total dvariable address used is 1972 out of 150000
DEBUG: Total dvariable address used is 2132072 out of 50000000
DEBUG: Total gradient stack used is 214713 out of 10000000
DEBUG: Total dvariable address used is 1972 out of 150000
DEBUG: Total dvariable address used is 2132072 out of 50000000
DEBUG: Total gradient stack used is 214713 out of 10000000
DEBUG: Total dvariable address used is 1972 out of 150000
DEBUG: Total dvariable address used is 2132072 out of 50000000
DEBUG: Total gradient stack used is 214713 out of 10000000
DEBUG: Total dvariable address used is 1972 out of 150000
DEBUG: Total dvariable address used is 2132072 out of 50000000
DEBUG: Total gradient stack used is 214713 out of 10000000
DEBUG: Total dvariable address used is 1972 out of 150000
DEBUG: Total dvariable address used is 2132072 out of 50000000
DEBUG: Total gradient stack used is 214713 out of 10000000
DEBUG: Total dvariable address used is 1972 out of 150000
DEBUG: Total dvariable address used is 2132072 out of 50000000
DEBUG: Total gradient stack used is 214713 out of 10000000
DEBUG: Total dvariable address used is 1972 out of 150000
DEBUG: Total dvariable address used is 2132072 out of 50000000
DEBUG: Total gradient stack used is 214713 out of 10000000
DEBUG: Total dvariable address used is 1972 out of 150000
DEBUG: Total dvariable address used is 2132072 out of 50000000
DEBUG: Total gradient stack used is 214713 out of 10000000
DEBUG: Total dvariable address used is 1972 out of 150000
DEBUG: Total dvariable address used is 2132072 out of 50000000
DEBUG: Total gradient stack used is 214713 out of 10000000
DEBUG: Total dvariable address used is 1972 out of 150000
DEBUG: Total dvariable address used is 2132072 out of 50000000
DEBUG: Total gradient stack used is 214713 out of 10000000
DEBUG: Total dvariable address used is 1972 out of 150000
DEBUG: Total dvariable address used is 2132072 out of 50000000
DEBUG: Total gradient stack used is 214713 out of 10000000
DEBUG: Total dvariable address used is 1972 out of 150000
DEBUG: Total dvariable address used is 2132072 out of 50000000
DEBUG: Total gradient stack used is 214713 out of 10000000
DEBUG: Total dvariable address used is 1972 out of 150000
DEBUG: Total dvariable address used is 2132072 out of 50000000
DEBUG: Total gradient stack used is 214713 out of 10000000
DEBUG: Total dvariable address used is 1972 out of 150000
DEBUG: Total dvariable address used is 2132072 out of 50000000
DEBUG: Total gradient stack used is 214713 out of 10000000
DEBUG: Total dvariable address used is 1972 out of 150000
DEBUG: Total dvariable address used is 2132072 out of 50000000
DEBUG: Total gradient stack used is 214713 out of 10000000
DEBUG: Total dvariable address used is 1972 out of 150000
DEBUG: Total dvariable address used is 2132072 out of 50000000
DEBUG: Total gradient stack used is 214713 out of 10000000
DEBUG: Total dvariable address used is 1972 out of 150000
DEBUG: Total dvariable address used is 2132072 out of 50000000
DEBUG: Total gradient stack used is 214713 out of 10000000
DEBUG: Total dvariable address used is 1972 out of 150000
DEBUG: Total dvariable address used is 2132072 out of 50000000
DEBUG: Total gradient stack used is 214713 out of 10000000
DEBUG: Total dvariable address used is 1972 out of 150000
DEBUG: Total dvariable address used is 2132072 out of 50000000
DEBUG: Total gradient stack used is 214713 out of 10000000
DEBUG: Total dvariable address used is 1972 out of 150000
DEBUG: Total dvariable address used is 2132072 out of 50000000
DEBUG: Total gradient stack used is 214713 out of 10000000
DEBUG: Total dvariable address used is 1972 out of 150000
DEBUG: Total dvariable address used is 2132072 out of 50000000
DEBUG: Total gradient stack used is 214713 out of 10000000
DEBUG: Total dvariable address used is 1972 out of 150000
DEBUG: Total dvariable address used is 2132072 out of 50000000
DEBUG: Total gradient stack used is 214713 out of 10000000
DEBUG: Total dvariable address used is 1972 out of 150000
DEBUG: Total dvariable address used is 2132072 out of 50000000
DEBUG: Total gradient stack used is 214713 out of 10000000
DEBUG: Total dvariable address used is 1972 out of 150000
DEBUG: Total dvariable address used is 2132072 out of 50000000
DEBUG: Total gradient stack used is 214713 out of 10000000
DEBUG: Total dvariable address used is 1972 out of 150000
DEBUG: Total dvariable address used is 2132072 out of 50000000
DEBUG: Total gradient stack used is 214713 out of 10000000
DEBUG: Total dvariable address used is 1972 out of 150000
DEBUG: Total dvariable address used is 2132072 out of 50000000
DEBUG: Total gradient stack used is 214713 out of 10000000
DEBUG: Total dvariable address used is 1972 out of 150000
DEBUG: Total dvariable address used is 2132072 out of 50000000
DEBUG: Total gradient stack used is 214713 out of 10000000
DEBUG: Total dvariable address used is 1972 out of 150000
DEBUG: Total dvariable address used is 2132072 out of 50000000
DEBUG: Total gradient stack used is 214713 out of 10000000
DEBUG: Total dvariable address used is 1972 out of 150000
DEBUG: Total dvariable address used is 2132072 out of 50000000
DEBUG: Total gradient stack used is 214713 out of 10000000
DEBUG: Total dvariable address used is 1972 out of 150000
DEBUG: Total dvariable address used is 2132072 out of 50000000
DEBUG: Total gradient stack used is 214713 out of 10000000
DEBUG: Total dvariable address used is 1972 out of 150000
DEBUG: Total dvariable address used is 2132072 out of 50000000
DEBUG: Total gradient stack used is 214713 out of 10000000
DEBUG: Total dvariable address used is 1972 out of 150000
DEBUG: Total dvariable address used is 2132072 out of 50000000
DEBUG: Total gradient stack used is 214713 out of 10000000
DEBUG: Total dvariable address used is 1972 out of 150000
DEBUG: Total dvariable address used is 2132072 out of 50000000
DEBUG: Total gradient stack used is 214713 out of 10000000
DEBUG: Total dvariable address used is 1972 out of 150000
DEBUG: Total dvariable address used is 2132072 out of 50000000
DEBUG: Total gradient stack used is 214713 out of 10000000
DEBUG: Total dvariable address used is 1972 out of 150000
DEBUG: Total dvariable address used is 2132072 out of 50000000
DEBUG: Total gradient stack used is 214713 out of 10000000
DEBUG: Total dvariable address used is 1972 out of 150000
DEBUG: Total dvariable address used is 2132072 out of 50000000
DEBUG: Total gradient stack used is 214713 out of 10000000
DEBUG: Total dvariable address used is 1972 out of 150000
DEBUG: Total dvariable address used is 2132072 out of 50000000
DEBUG: Total gradient stack used is 214713 out of 10000000
DEBUG: Total dvariable address used is 1972 out of 150000
DEBUG: Total dvariable address used is 2132072 out of 50000000
DEBUG: Total gradient stack used is 214713 out of 10000000
DEBUG: Total dvariable address used is 1972 out of 150000
DEBUG: Total dvariable address used is 2132072 out of 50000000
DEBUG: Total gradient stack used is 214713 out of 10000000
DEBUG: Total dvariable address used is 1972 out of 150000
DEBUG: Total dvariable address used is 2132072 out of 50000000
DEBUG: Total gradient stack used is 214713 out of 10000000
DEBUG: Total dvariable address used is 1972 out of 150000
DEBUG: Total dvariable address used is 2132072 out of 50000000
DEBUG: Total gradient stack used is 214713 out of 10000000
DEBUG: Total dvariable address used is 1972 out of 150000
DEBUG: Total dvariable address used is 2132072 out of 50000000
DEBUG: Total gradient stack used is 214713 out of 10000000
DEBUG: Total dvariable address used is 1972 out of 150000
DEBUG: Total dvariable address used is 2132072 out of 50000000
DEBUG: Total gradient stack used is 214713 out of 10000000
DEBUG: Total dvariable address used is 1972 out of 150000
DEBUG: Total dvariable address used is 2132072 out of 50000000
DEBUG: Total gradient stack used is 214713 out of 10000000
DEBUG: Total dvariable address used is 1972 out of 150000
DEBUG: Total dvariable address used is 2132072 out of 50000000
DEBUG: Total gradient stack used is 214713 out of 10000000
DEBUG: Total dvariable address used is 1972 out of 150000
DEBUG: Total dvariable address used is 2132072 out of 50000000
DEBUG: Total gradient stack used is 214713 out of 10000000
DEBUG: Total dvariable address used is 1972 out of 150000
DEBUG: Total dvariable address used is 2132072 out of 50000000
DEBUG: Total gradient stack used is 214713 out of 10000000
DEBUG: Total dvariable address used is 1972 out of 150000
DEBUG: Total dvariable address used is 2132072 out of 50000000
DEBUG: Total gradient stack used is 214713 out of 10000000
DEBUG: Total dvariable address used is 1972 out of 150000
DEBUG: Total dvariable address used is 2132072 out of 50000000
DEBUG: Total gradient stack used is 214713 out of 10000000
DEBUG: Total dvariable address used is 1972 out of 150000
DEBUG: Total dvariable address used is 2132072 out of 50000000
DEBUG: Total gradient stack used is 214713 out of 10000000
DEBUG: Total dvariable address used is 1972 out of 150000
DEBUG: Total dvariable address used is 2132072 out of 50000000
DEBUG: Total gradient stack used is 214713 out of 10000000
DEBUG: Total dvariable address used is 1972 out of 150000
DEBUG: Total dvariable address used is 2132072 out of 50000000
DEBUG: Total gradient stack used is 214713 out of 10000000
DEBUG: Total dvariable address used is 1972 out of 150000
DEBUG: Total dvariable address used is 2132072 out of 50000000
DEBUG: Total gradient stack used is 214713 out of 10000000
DEBUG: Total dvariable address used is 1972 out of 150000
DEBUG: Total dvariable address used is 2132072 out of 50000000
DEBUG: Total gradient stack used is 214713 out of 10000000
DEBUG: Total dvariable address used is 1972 out of 150000
DEBUG: Total dvariable address used is 2132072 out of 50000000
DEBUG: Total gradient stack used is 214713 out of 10000000
DEBUG: Total dvariable address used is 1972 out of 150000
DEBUG: Total dvariable address used is 2132072 out of 50000000
DEBUG: Total gradient stack used is 214713 out of 10000000
DEBUG: Total dvariable address used is 1972 out of 150000
DEBUG: Total dvariable address used is 2132072 out of 50000000
DEBUG: Total gradient stack used is 214713 out of 10000000
DEBUG: Total dvariable address used is 1972 out of 150000
DEBUG: Total dvariable address used is 2132072 out of 50000000
DEBUG: Total gradient stack used is 214713 out of 10000000
DEBUG: Total dvariable address used is 1972 out of 150000
DEBUG: Total dvariable address used is 2132072 out of 50000000
DEBUG: Total gradient stack used is 214713 out of 10000000
DEBUG: Total dvariable address used is 1972 out of 150000
DEBUG: Total dvariable address used is 2132072 out of 50000000
DEBUG: Total gradient stack used is 214713 out of 10000000
DEBUG: Total dvariable address used is 1972 out of 150000
DEBUG: Total dvariable address used is 2132072 out of 50000000
DEBUG: Total gradient stack used is 214713 out of 10000000
DEBUG: Total dvariable address used is 1972 out of 150000
DEBUG: Total dvariable address used is 2132072 out of 50000000
DEBUG: Total gradient stack used is 214713 out of 10000000
DEBUG: Total dvariable address used is 1972 out of 150000
DEBUG: Total dvariable address used is 2132072 out of 50000000
DEBUG: Total gradient stack used is 214713 out of 10000000
DEBUG: Total dvariable address used is 1972 out of 150000
DEBUG: Total dvariable address used is 2132072 out of 50000000
DEBUG: Total gradient stack used is 214713 out of 10000000
DEBUG: Total dvariable address used is 1972 out of 150000
DEBUG: Total dvariable address used is 2132072 out of 50000000
DEBUG: Total gradient stack used is 214713 out of 10000000
DEBUG: Total dvariable address used is 1972 out of 150000
DEBUG: Total dvariable address used is 2132072 out of 50000000
DEBUG: Total gradient stack used is 214713 out of 10000000
DEBUG: Total dvariable address used is 1972 out of 150000
DEBUG: Total dvariable address used is 2132072 out of 50000000
DEBUG: Total gradient stack used is 214713 out of 10000000
DEBUG: Total dvariable address used is 1972 out of 150000
DEBUG: Total dvariable address used is 2132072 out of 50000000
DEBUG: Total gradient stack used is 214713 out of 10000000
DEBUG: Total dvariable address used is 1972 out of 150000
DEBUG: Total dvariable address used is 2132072 out of 50000000
DEBUG: Total gradient stack used is 214713 out of 10000000
DEBUG: Total dvariable address used is 1972 out of 150000
DEBUG: Total dvariable address used is 2132072 out of 50000000
DEBUG: Total gradient stack used is 214713 out of 10000000
DEBUG: Total dvariable address used is 1972 out of 150000
DEBUG: Total dvariable address used is 2132072 out of 50000000
DEBUG: Total gradient stack used is 214713 out of 10000000
DEBUG: Total dvariable address used is 1972 out of 150000
DEBUG: Total dvariable address used is 2132072 out of 50000000
DEBUG: Total gradient stack used is 214713 out of 10000000
DEBUG: Total dvariable address used is 1972 out of 150000
DEBUG: Total dvariable address used is 2132072 out of 50000000
DEBUG: Total gradient stack used is 214713 out of 10000000
DEBUG: Total dvariable address used is 1972 out of 150000
DEBUG: Total dvariable address used is 2132072 out of 50000000
DEBUG: Total gradient stack used is 214713 out of 10000000
DEBUG: Total dvariable address used is 1972 out of 150000
DEBUG: Total dvariable address used is 2132072 out of 50000000
DEBUG: Total gradient stack used is 214713 out of 10000000
DEBUG: Total dvariable address used is 1972 out of 150000
DEBUG: Total dvariable address used is 2132072 out of 50000000
DEBUG: Total gradient stack used is 214713 out of 10000000
DEBUG: Total dvariable address used is 1972 out of 150000
DEBUG: Total dvariable address used is 2132072 out of 50000000
DEBUG: Total gradient stack used is 214713 out of 10000000
DEBUG: Total dvariable address used is 1972 out of 150000
DEBUG: Total dvariable address used is 2132072 out of 50000000
DEBUG: Total gradient stack used is 214713 out of 10000000
DEBUG: Total dvariable address used is 1972 out of 150000
DEBUG: Total dvariable address used is 2132072 out of 50000000
DEBUG: Total gradient stack used is 214713 out of 10000000
DEBUG: Total dvariable address used is 1972 out of 150000
DEBUG: Total dvariable address used is 2132072 out of 50000000
DEBUG: Total gradient stack used is 214713 out of 10000000
DEBUG: Total dvariable address used is 1972 out of 150000
DEBUG: Total dvariable address used is 2132072 out of 50000000
DEBUG: Total gradient stack used is 214713 out of 10000000
DEBUG: Total dvariable address used is 1972 out of 150000
DEBUG: Total dvariable address used is 2132072 out of 50000000
DEBUG: Total gradient stack used is 214713 out of 10000000
DEBUG: Total dvariable address used is 1972 out of 150000
DEBUG: Total dvariable address used is 2132072 out of 50000000
DEBUG: Total gradient stack used is 214713 out of 10000000
DEBUG: Total dvariable address used is 1972 out of 150000
DEBUG: Total dvariable address used is 2132072 out of 50000000
DEBUG: Total gradient stack used is 214713 out of 10000000
DEBUG: Total dvariable address used is 1972 out of 150000
DEBUG: Total dvariable address used is 2132072 out of 50000000
DEBUG: Total gradient stack used is 214713 out of 10000000
DEBUG: Total dvariable address used is 1972 out of 150000
DEBUG: Total dvariable address used is 2132072 out of 50000000
DEBUG: Total gradient stack used is 214713 out of 10000000
DEBUG: Total dvariable address used is 1972 out of 150000
DEBUG: Total dvariable address used is 2132072 out of 50000000
DEBUG: Total gradient stack used is 214713 out of 10000000
DEBUG: Total dvariable address used is 1972 out of 150000
DEBUG: Total dvariable address used is 2132072 out of 50000000
DEBUG: Total gradient stack used is 214713 out of 10000000
DEBUG: Total dvariable address used is 1972 out of 150000
DEBUG: Total dvariable address used is 2132072 out of 50000000
DEBUG: Total gradient stack used is 214713 out of 10000000
DEBUG: Total dvariable address used is 1972 out of 150000
DEBUG: Total dvariable address used is 2132072 out of 50000000
DEBUG: Total gradient stack used is 214713 out of 10000000
DEBUG: Total dvariable address used is 1972 out of 150000
DEBUG: Total dvariable address used is 2132072 out of 50000000
DEBUG: Total gradient stack used is 214713 out of 10000000
DEBUG: Total dvariable address used is 1972 out of 150000
DEBUG: Total dvariable address used is 2132072 out of 50000000
DEBUG: Total gradient stack used is 214713 out of 10000000
DEBUG: Total dvariable address used is 1972 out of 150000
DEBUG: Total dvariable address used is 2132072 out of 50000000
DEBUG: Total gradient stack used is 214713 out of 10000000
DEBUG: Total dvariable address used is 1972 out of 150000
DEBUG: Total dvariable address used is 2132072 out of 50000000
DEBUG: Total gradient stack used is 214713 out of 10000000
DEBUG: Total dvariable address used is 1972 out of 150000
DEBUG: Total dvariable address used is 2132072 out of 50000000
DEBUG: Total gradient stack used is 214713 out of 10000000
DEBUG: Total dvariable address used is 1972 out of 150000
DEBUG: Total dvariable address used is 2132072 out of 50000000
DEBUG: Total gradient stack used is 214713 out of 10000000
DEBUG: Total dvariable address used is 1972 out of 150000
DEBUG: Total dvariable address used is 2132072 out of 50000000
DEBUG: Total gradient stack used is 214713 out of 10000000
DEBUG: Total dvariable address used is 1972 out of 150000
DEBUG: Total dvariable address used is 2132072 out of 50000000
DEBUG: Total gradient stack used is 214713 out of 10000000
DEBUG: Total dvariable address used is 1972 out of 150000
DEBUG: Total dvariable address used is 2132072 out of 50000000
DEBUG: Total gradient stack used is 214713 out of 10000000
DEBUG: Total dvariable address used is 1972 out of 150000
DEBUG: Total dvariable address used is 2132072 out of 50000000
DEBUG: Total gradient stack used is 214713 out of 10000000
DEBUG: Total dvariable address used is 1972 out of 150000
DEBUG: Total dvariable address used is 2132072 out of 50000000
DEBUG: Total gradient stack used is 214713 out of 10000000
DEBUG: Total dvariable address used is 1972 out of 150000
DEBUG: Total dvariable address used is 2132072 out of 50000000
DEBUG: Total gradient stack used is 214713 out of 10000000
DEBUG: Total dvariable address used is 1972 out of 150000
DEBUG: Total dvariable address used is 2132072 out of 50000000
DEBUG: Total gradient stack used is 214713 out of 10000000
DEBUG: Total dvariable address used is 1972 out of 150000
DEBUG: Total dvariable address used is 2132072 out of 50000000
DEBUG: Total gradient stack used is 214713 out of 10000000
DEBUG: Total dvariable address used is 1972 out of 150000
DEBUG: Total dvariable address used is 2132072 out of 50000000
DEBUG: Total gradient stack used is 214713 out of 10000000
DEBUG: Total dvariable address used is 1972 out of 150000
DEBUG: Total dvariable address used is 2132072 out of 50000000
DEBUG: Total gradient stack used is 214713 out of 10000000
DEBUG: Total dvariable address used is 1972 out of 150000
DEBUG: Total dvariable address used is 2132072 out of 50000000
DEBUG: Total gradient stack used is 214713 out of 10000000
DEBUG: Total dvariable address used is 1972 out of 150000
DEBUG: Total dvariable address used is 2132072 out of 50000000
DEBUG: Total gradient stack used is 214713 out of 10000000
DEBUG: Total dvariable address used is 1972 out of 150000
DEBUG: Total dvariable address used is 2132072 out of 50000000
DEBUG: Total gradient stack used is 214713 out of 10000000
DEBUG: Total dvariable address used is 1972 out of 150000
DEBUG: Total dvariable address used is 2132072 out of 50000000
DEBUG: Total gradient stack used is 214713 out of 10000000
DEBUG: Total dvariable address used is 1972 out of 150000
DEBUG: Total dvariable address used is 2132072 out of 50000000
DEBUG: Total gradient stack used is 214713 out of 10000000
DEBUG: Total dvariable address used is 1972 out of 150000
DEBUG: Total dvariable address used is 2132072 out of 50000000
DEBUG: Total gradient stack used is 214713 out of 10000000
DEBUG: Total dvariable address used is 1972 out of 150000
DEBUG: Total dvariable address used is 2132072 out of 50000000
DEBUG: Total gradient stack used is 214713 out of 10000000
DEBUG: Total dvariable address used is 1972 out of 150000
DEBUG: Total dvariable address used is 2132072 out of 50000000
DEBUG: Total gradient stack used is 214713 out of 10000000
DEBUG: Total dvariable address used is 1972 out of 150000
DEBUG: Total dvariable address used is 2132072 out of 50000000
DEBUG: Total gradient stack used is 214713 out of 10000000
DEBUG: Total dvariable address used is 1972 out of 150000
DEBUG: Total dvariable address used is 2132072 out of 50000000
DEBUG: Total gradient stack used is 214713 out of 10000000
DEBUG: Total dvariable address used is 1972 out of 150000
DEBUG: Total dvariable address used is 2132072 out of 50000000
DEBUG: Total gradient stack used is 214713 out of 10000000
DEBUG: Total dvariable address used is 1972 out of 150000
DEBUG: Total dvariable address used is 2132072 out of 50000000
DEBUG: Total gradient stack used is 214713 out of 10000000
DEBUG: Total dvariable address used is 1972 out of 150000
DEBUG: Total dvariable address used is 2132072 out of 50000000
DEBUG: Total gradient stack used is 214713 out of 10000000
DEBUG: Total dvariable address used is 1972 out of 150000
DEBUG: Total dvariable address used is 2132072 out of 50000000
DEBUG: Total gradient stack used is 214713 out of 10000000
DEBUG: Total dvariable address used is 1972 out of 150000
DEBUG: Total dvariable address used is 2132072 out of 50000000
DEBUG: Total gradient stack used is 214713 out of 10000000
DEBUG: Total dvariable address used is 1972 out of 150000
DEBUG: Total dvariable address used is 2132072 out of 50000000
DEBUG: Total gradient stack used is 214713 out of 10000000
DEBUG: Total dvariable address used is 1972 out of 150000
DEBUG: Total dvariable address used is 2132072 out of 50000000
DEBUG: Total gradient stack used is 214713 out of 10000000
DEBUG: Total dvariable address used is 1972 out of 150000
DEBUG: Total dvariable address used is 2132072 out of 50000000
DEBUG: Total gradient stack used is 214713 out of 10000000
DEBUG: Total dvariable address used is 1972 out of 150000
DEBUG: Total dvariable address used is 2132072 out of 50000000
DEBUG: Total gradient stack used is 214713 out of 10000000
DEBUG: Total dvariable address used is 1972 out of 150000
DEBUG: Total dvariable address used is 2132072 out of 50000000
DEBUG: Total gradient stack used is 214713 out of 10000000
DEBUG: Total dvariable address used is 1972 out of 150000
DEBUG: Total dvariable address used is 2132072 out of 50000000
DEBUG: Total gradient stack used is 214713 out of 10000000
DEBUG: Total dvariable address used is 1972 out of 150000
DEBUG: Total dvariable address used is 2132072 out of 50000000
DEBUG: Total gradient stack used is 214713 out of 10000000
DEBUG: Total dvariable address used is 1972 out of 150000
DEBUG: Total dvariable address used is 2132072 out of 50000000
DEBUG: Total gradient stack used is 214713 out of 10000000
DEBUG: Total dvariable address used is 1972 out of 150000
DEBUG: Total dvariable address used is 2132072 out of 50000000
DEBUG: Total gradient stack used is 214713 out of 10000000
DEBUG: Total dvariable address used is 1972 out of 150000
DEBUG: Total dvariable address used is 2132072 out of 50000000
DEBUG: Total gradient stack used is 214713 out of 10000000
DEBUG: Total dvariable address used is 1972 out of 150000
DEBUG: Total dvariable address used is 2132072 out of 50000000
DEBUG: Total gradient stack used is 214713 out of 10000000
DEBUG: Total dvariable address used is 1972 out of 150000
DEBUG: Total dvariable address used is 2132072 out of 50000000
DEBUG: Total gradient stack used is 214713 out of 10000000
DEBUG: Total dvariable address used is 1972 out of 150000
DEBUG: Total dvariable address used is 2132072 out of 50000000
DEBUG: Total gradient stack used is 214713 out of 10000000
DEBUG: Total dvariable address used is 1972 out of 150000
DEBUG: Total dvariable address used is 2132072 out of 50000000
DEBUG: Total gradient stack used is 214713 out of 10000000
DEBUG: Total dvariable address used is 1972 out of 150000
DEBUG: Total dvariable address used is 2132072 out of 50000000
DEBUG: Total gradient stack used is 214713 out of 10000000
DEBUG: Total dvariable address used is 1972 out of 150000
DEBUG: Total dvariable address used is 2132072 out of 50000000
DEBUG: Total gradient stack used is 214713 out of 10000000
DEBUG: Total dvariable address used is 1972 out of 150000
DEBUG: Total dvariable address used is 2132072 out of 50000000
DEBUG: Total gradient stack used is 214713 out of 10000000
DEBUG: Total dvariable address used is 1972 out of 150000
DEBUG: Total dvariable address used is 2132072 out of 50000000
DEBUG: Total gradient stack used is 214713 out of 10000000
DEBUG: Total dvariable address used is 1972 out of 150000
DEBUG: Total dvariable address used is 2132072 out of 50000000
DEBUG: Total gradient stack used is 214713 out of 10000000
DEBUG: Total dvariable address used is 1972 out of 150000
DEBUG: Total dvariable address used is 2132072 out of 50000000
DEBUG: Total gradient stack used is 214713 out of 10000000
DEBUG: Total dvariable address used is 1972 out of 150000
DEBUG: Total dvariable address used is 2132072 out of 50000000
DEBUG: Total gradient stack used is 214713 out of 10000000
DEBUG: Total dvariable address used is 1972 out of 150000
DEBUG: Total dvariable address used is 2132072 out of 50000000
DEBUG: Total gradient stack used is 214713 out of 10000000
DEBUG: Total dvariable address used is 1972 out of 150000
DEBUG: Total dvariable address used is 2132072 out of 50000000
DEBUG: Total gradient stack used is 214713 out of 10000000
DEBUG: Total dvariable address used is 1972 out of 150000
DEBUG: Total dvariable address used is 2132072 out of 50000000
DEBUG: Total gradient stack used is 214713 out of 10000000
DEBUG: Total dvariable address used is 1972 out of 150000
DEBUG: Total dvariable address used is 2132072 out of 50000000
DEBUG: Total gradient stack used is 214713 out of 10000000
DEBUG: Total dvariable address used is 1972 out of 150000
DEBUG: Total dvariable address used is 2132072 out of 50000000
DEBUG: Total gradient stack used is 214713 out of 10000000
DEBUG: Total dvariable address used is 1972 out of 150000
DEBUG: Total dvariable address used is 2132072 out of 50000000
DEBUG: Total gradient stack used is 214713 out of 10000000
DEBUG: Total dvariable address used is 1972 out of 150000
DEBUG: Total dvariable address used is 2132072 out of 50000000
DEBUG: Total gradient stack used is 214713 out of 10000000
DEBUG: Total dvariable address used is 1972 out of 150000
DEBUG: Total dvariable address used is 2132072 out of 50000000
DEBUG: Total gradient stack used is 214713 out of 10000000
DEBUG: Total dvariable address used is 1972 out of 150000
DEBUG: Total dvariable address used is 2132072 out of 50000000
DEBUG: Total gradient stack used is 214713 out of 10000000
DEBUG: Total dvariable address used is 1972 out of 150000
DEBUG: Total dvariable address used is 2132072 out of 50000000
DEBUG: Total gradient stack used is 214713 out of 10000000
DEBUG: Total dvariable address used is 1972 out of 150000
DEBUG: Total dvariable address used is 2132072 out of 50000000
DEBUG: Total gradient stack used is 214713 out of 10000000
DEBUG: Total dvariable address used is 1972 out of 150000
DEBUG: Total dvariable address used is 2132072 out of 50000000
, 100%DEBUG: Total gradient stack used is 214713 out of 10000000
DEBUG: Total dvariable address used is 1972 out of 150000
DEBUG: Total dvariable address used is 2132072 out of 50000000
DEBUG: Total gradient stack used is 214713 out of 10000000
DEBUG: Total dvariable address used is 1972 out of 150000
DEBUG: Total dvariable address used is 2132072 out of 50000000
DEBUG: Total gradient stack used is 214713 out of 10000000
DEBUG: Total dvariable address used is 1972 out of 150000
DEBUG: Total dvariable address used is 2132072 out of 50000000
DEBUG: Total gradient stack used is 214713 out of 10000000
DEBUG: Total dvariable address used is 1972 out of 150000
DEBUG: Total dvariable address used is 2132072 out of 50000000
 done (12 s) 
Differentiating 4 derived quantities: DEBUG: Total gradient stack used is 1315011 out of 10000000
DEBUG: Total dvariable address used is 1972 out of 150000
DEBUG: Total dvariable address used is 2132072 out of 50000000
1, 2, 3, 4 done (2 m 9.3 s) 
Inverting Hessian (234 variables): 20%, 40%, 60%, 80%, 100% done (0.11 s) 
Starting standard error calculations... 
 Warning: Non-positive variance of sdreport variables: 514, 521, 522, 525, 526, 529, 530
 done (0.44 s) 
Starting FINAL_SECTION
+--------------------------+
| Beginning report section |
+--------------------------+
last phase
Finished WriteFiles
Finished CreateOutput
nsel_patterns = 8
nsel_use      = 5
deleting ppSLX array w/ 5 sel patterns
deleting ppSLX[0]
deleted ppSLX[0]
deleting ppSLX[1]
deleted ppSLX[1]
deleting ppSLX[2]
deleted ppSLX[2]
deleting ppSLX[3]
deleted ppSLX[3]
deleting ppSLX[4]
deleted ppSLX[4]
Finished deleting ppSLX

Starting time statistics


*******************************************


-------------------------------------------
--Start time: Fri Aug 28 08:21:40 2026

--Finish time: Fri Aug 28 08:24:03 2026

--Runtime: 0 hours, 2 minutes, 23 seconds
--Number of function evaluations: 977
*******************************************

Finished running model 'gmacs' after 2 m 23 s.

./gmacs elapsed time is 143171654 microseconds.
