end of GMACS.DAT
+----------------------+
| Reading data file    |
+----------------------+
 * Model dimensions
 * Natural mortality
 * Catch data
 * Abundance data
 * Size composition data
end of data section
+----------------------+
| Reading control file |
+----------------------+
Warning - the end of block 2 exceeds nyrRetro
 * General controls
 1982 2025 1 1 2 0.5 3 1 1 0 0 200 5 1940 1950 2050 2051 0 0
Expecting 97 theta parameters
 * Allometry
 * Maturity definition
## Legal definition
 * Growth parameter controls
growth increment option for sex 1 is 1
growth increment option for sex 2 is 1
LinearGM: setting nparG=3 for ig 1
ig = 1 nparG = 3
LinearGM: setting nparG=3 for ig 2
ig = 2 nparG = 3
ig = 3 nparG = 0
ig = 4 nparG = 0
ig = 5 nparG = 0
ig = 6 nparG = 0
nparGs 3 3 0 0 0 0
assigning growth parameters
1 1 Alpha_male 2.049 -5 20 0 2.049 1 3 0 0 0 0 0 0 0.3 0
    Alpha_male
printing Gpar_control
2 1 Beta_male -0.2258 -1 0 0 -0.2258 0.5 3 0 0 0 0 0 0 0.3 0
    Beta_male
printing Gpar_control
3 1 Gscale_male 0.25 0.001 5 0 0 999 -3 0 0 0 0 0 0 0.3 0
    Gscale_male
printing Gpar_control
IPAR1  2.049 -5 20 0 2.049 1 3 0 0 0 0 0 0 0.3 0
IPAR2  -0.2258 -1 0 0 -0.2258 0.5 3 0 0 0 0 0 0 0.3 0
IPAR3  0.25 0.001 5 0 0 999 -3 0 0 0 0 0 0 0.3 0
1 1 Alpha_female -1.1539 -5 10 0 -1.1539 1 3 0 0 0 0 0 0 0.3 0
    Alpha_female
printing Gpar_control
2 1 Beta_female -0.3389 -1 0 0 -0.3389 0.5 3 0 0 0 0 0 0 0.3 0
    Beta_female
printing Gpar_control
3 1 Gscale_female 0.25 0.001 5 0 0 999 -3 0 0 0 0 0 0 0.3 0
    Gscale_female
printing Gpar_control
IPAR4  -1.1539 -5 10 0 -1.1539 1 3 0 0 0 0 0 0 0.3 0
IPAR5  -0.3389 -1 0 0 -0.3389 0.5 3 0 0 0 0 0 0 0.3 0
IPAR6  0.25 0.001 5 0 0 999 -3 0 0 0 0 0 0 0.3 0
1
Special 1 0
2
Special 2 0
3
Special 3 0
4
Special 4 0
5
Special 5 1
6
Special 6 1
 * Natural mortality parameter controls
 * Selectivity parameter controls
 * Catchability parameter controls
 0 0 0 0
 0 0 0 0
 * Additional CV controls
 * Fishing mortality controls
 * Size composition controls
## Emphasis Factors (Fdev Penalties) ##
## Emphasis Factors (Priors/Penalties) ##
end of control section
+-------------------------+
| Reading projection file |
+-------------------------+
end of projection section
Number of estimated parameters: 412
Number of std variables: 430
+----------------------+
| Parameter section    |
+----------------------+
+----------------------+
| Preliminary section  |
+----------------------+
+------------------------------+
| Initial Procedure Section    |
+------------------------------+
initialize model AEP
initialize model AEP
Finished PRELIMINARY_CALCS_SECTION
Starting optimization of 'gmacs' in phase 1 of 4 at Sat Aug 29 22:07:46 2026

#--BETWEEN_PHASES_SECTION---------------------
#----Starting phase 1 of 4
Finished BETWEEN_PHASES_SECTION
----------------------------------------------
DEBUG: Total gradient stack used is 201470 out of 10000000
DEBUG: Total dvariable address used is 2076 out of 150000
DEBUG: Total dvariable address used is 3873808 out of 50000000
phase= 1 | nvar=259 | iter=  0 | nll=1.18e+05 | mag=6.57e+05 | par[  1]=T_pars_est[2]
DEBUG: Total gradient stack used is 201470 out of 10000000
DEBUG: Total dvariable address used is 2076 out of 150000
DEBUG: Total dvariable address used is 3873808 out of 50000000
DEBUG: Total gradient stack used is 201470 out of 10000000
DEBUG: Total dvariable address used is 2076 out of 150000
DEBUG: Total dvariable address used is 3873808 out of 50000000
DEBUG: Total gradient stack used is 201470 out of 10000000
DEBUG: Total dvariable address used is 2076 out of 150000
DEBUG: Total dvariable address used is 3873808 out of 50000000
DEBUG: Total gradient stack used is 201470 out of 10000000
DEBUG: Total dvariable address used is 2076 out of 150000
DEBUG: Total dvariable address used is 3873808 out of 50000000
DEBUG: Total gradient stack used is 201470 out of 10000000
DEBUG: Total dvariable address used is 2076 out of 150000
DEBUG: Total dvariable address used is 3873808 out of 50000000
DEBUG: Total gradient stack used is 201470 out of 10000000
DEBUG: Total dvariable address used is 2076 out of 150000
DEBUG: Total dvariable address used is 3873808 out of 50000000
DEBUG: Total gradient stack used is 201470 out of 10000000
DEBUG: Total dvariable address used is 2076 out of 150000
DEBUG: Total dvariable address used is 3873808 out of 50000000
DEBUG: Total gradient stack used is 201470 out of 10000000
DEBUG: Total dvariable address used is 2076 out of 150000
DEBUG: Total dvariable address used is 3873808 out of 50000000
DEBUG: Total gradient stack used is 201470 out of 10000000
DEBUG: Total dvariable address used is 2076 out of 150000
DEBUG: Total dvariable address used is 3873808 out of 50000000
DEBUG: Total gradient stack used is 201470 out of 10000000
DEBUG: Total dvariable address used is 2076 out of 150000
DEBUG: Total dvariable address used is 3873808 out of 50000000
DEBUG: Total gradient stack used is 201470 out of 10000000
DEBUG: Total dvariable address used is 2076 out of 150000
DEBUG: Total dvariable address used is 3873808 out of 50000000
DEBUG: Total gradient stack used is 201470 out of 10000000
DEBUG: Total dvariable address used is 2076 out of 150000
DEBUG: Total dvariable address used is 3873808 out of 50000000
DEBUG: Total gradient stack used is 201470 out of 10000000
DEBUG: Total dvariable address used is 2076 out of 150000
DEBUG: Total dvariable address used is 3873808 out of 50000000
DEBUG: Total gradient stack used is 201470 out of 10000000
DEBUG: Total dvariable address used is 2076 out of 150000
DEBUG: Total dvariable address used is 3873808 out of 50000000
DEBUG: Total gradient stack used is 201470 out of 10000000
DEBUG: Total dvariable address used is 2076 out of 150000
DEBUG: Total dvariable address used is 3873808 out of 50000000
DEBUG: Total gradient stack used is 201470 out of 10000000
DEBUG: Total dvariable address used is 2076 out of 150000
DEBUG: Total dvariable address used is 3873808 out of 50000000
DEBUG: Total gradient stack used is 201470 out of 10000000
DEBUG: Total dvariable address used is 2076 out of 150000
DEBUG: Total dvariable address used is 3873808 out of 50000000
DEBUG: Total gradient stack used is 201470 out of 10000000
DEBUG: Total dvariable address used is 2076 out of 150000
DEBUG: Total dvariable address used is 3873808 out of 50000000
DEBUG: Total gradient stack used is 201470 out of 10000000
DEBUG: Total dvariable address used is 2076 out of 150000
DEBUG: Total dvariable address used is 3873808 out of 50000000
DEBUG: Total gradient stack used is 201470 out of 10000000
DEBUG: Total dvariable address used is 2076 out of 150000
DEBUG: Total dvariable address used is 3873808 out of 50000000
DEBUG: Total gradient stack used is 201470 out of 10000000
DEBUG: Total dvariable address used is 2076 out of 150000
DEBUG: Total dvariable address used is 3873808 out of 50000000
DEBUG: Total gradient stack used is 201470 out of 10000000
DEBUG: Total dvariable address used is 2076 out of 150000
DEBUG: Total dvariable address used is 3873808 out of 50000000
DEBUG: Total gradient stack used is 201470 out of 10000000
DEBUG: Total dvariable address used is 2076 out of 150000
DEBUG: Total dvariable address used is 3873808 out of 50000000
DEBUG: Total gradient stack used is 201470 out of 10000000
DEBUG: Total dvariable address used is 2076 out of 150000
DEBUG: Total dvariable address used is 3873808 out of 50000000
DEBUG: Total gradient stack used is 201470 out of 10000000
DEBUG: Total dvariable address used is 2076 out of 150000
DEBUG: Total dvariable address used is 3873808 out of 50000000
DEBUG: Total gradient stack used is 201470 out of 10000000
DEBUG: Total dvariable address used is 2076 out of 150000
DEBUG: Total dvariable address used is 3873808 out of 50000000
DEBUG: Total gradient stack used is 201470 out of 10000000
DEBUG: Total dvariable address used is 2076 out of 150000
DEBUG: Total dvariable address used is 3873808 out of 50000000
DEBUG: Total gradient stack used is 201470 out of 10000000
DEBUG: Total dvariable address used is 2076 out of 150000
DEBUG: Total dvariable address used is 3873808 out of 50000000
phase= 1 | nvar=259 | iter= 20 | nll=-4.81e+02 | mag=3.75e+05 | par[  2]=T_pars_est[3]
DEBUG: Total gradient stack used is 201470 out of 10000000
DEBUG: Total dvariable address used is 2076 out of 150000
DEBUG: Total dvariable address used is 3873808 out of 50000000
DEBUG: Total gradient stack used is 201470 out of 10000000
DEBUG: Total dvariable address used is 2076 out of 150000
DEBUG: Total dvariable address used is 3873808 out of 50000000
DEBUG: Total gradient stack used is 201470 out of 10000000
DEBUG: Total dvariable address used is 2076 out of 150000
DEBUG: Total dvariable address used is 3873808 out of 50000000
DEBUG: Total gradient stack used is 201470 out of 10000000
DEBUG: Total dvariable address used is 2076 out of 150000
DEBUG: Total dvariable address used is 3873808 out of 50000000
DEBUG: Total gradient stack used is 201470 out of 10000000
DEBUG: Total dvariable address used is 2076 out of 150000
DEBUG: Total dvariable address used is 3873808 out of 50000000
DEBUG: Total gradient stack used is 201470 out of 10000000
DEBUG: Total dvariable address used is 2076 out of 150000
DEBUG: Total dvariable address used is 3873808 out of 50000000
DEBUG: Total gradient stack used is 201470 out of 10000000
DEBUG: Total dvariable address used is 2076 out of 150000
DEBUG: Total dvariable address used is 3873808 out of 50000000
DEBUG: Total gradient stack used is 201470 out of 10000000
DEBUG: Total dvariable address used is 2076 out of 150000
DEBUG: Total dvariable address used is 3873808 out of 50000000
DEBUG: Total gradient stack used is 201470 out of 10000000
DEBUG: Total dvariable address used is 2076 out of 150000
DEBUG: Total dvariable address used is 3873808 out of 50000000
DEBUG: Total gradient stack used is 201470 out of 10000000
DEBUG: Total dvariable address used is 2076 out of 150000
DEBUG: Total dvariable address used is 3873808 out of 50000000
DEBUG: Total gradient stack used is 201470 out of 10000000
DEBUG: Total dvariable address used is 2076 out of 150000
DEBUG: Total dvariable address used is 3873808 out of 50000000
DEBUG: Total gradient stack used is 201470 out of 10000000
DEBUG: Total dvariable address used is 2076 out of 150000
DEBUG: Total dvariable address used is 3873808 out of 50000000
DEBUG: Total gradient stack used is 201470 out of 10000000
DEBUG: Total dvariable address used is 2076 out of 150000
DEBUG: Total dvariable address used is 3873808 out of 50000000
DEBUG: Total gradient stack used is 201470 out of 10000000
DEBUG: Total dvariable address used is 2076 out of 150000
DEBUG: Total dvariable address used is 3873808 out of 50000000
DEBUG: Total gradient stack used is 201470 out of 10000000
DEBUG: Total dvariable address used is 2076 out of 150000
DEBUG: Total dvariable address used is 3873808 out of 50000000
DEBUG: Total gradient stack used is 201470 out of 10000000
DEBUG: Total dvariable address used is 2076 out of 150000
DEBUG: Total dvariable address used is 3873808 out of 50000000
DEBUG: Total gradient stack used is 201470 out of 10000000
DEBUG: Total dvariable address used is 2076 out of 150000
DEBUG: Total dvariable address used is 3873808 out of 50000000
DEBUG: Total gradient stack used is 201470 out of 10000000
DEBUG: Total dvariable address used is 2076 out of 150000
DEBUG: Total dvariable address used is 3873808 out of 50000000
DEBUG: Total gradient stack used is 201470 out of 10000000
DEBUG: Total dvariable address used is 2076 out of 150000
DEBUG: Total dvariable address used is 3873808 out of 50000000
DEBUG: Total gradient stack used is 201470 out of 10000000
DEBUG: Total dvariable address used is 2076 out of 150000
DEBUG: Total dvariable address used is 3873808 out of 50000000
DEBUG: Total gradient stack used is 201470 out of 10000000
DEBUG: Total dvariable address used is 2076 out of 150000
DEBUG: Total dvariable address used is 3873808 out of 50000000
phase= 1 | nvar=259 | iter= 40 | nll=-1.28e+03 | mag=4.48e+05 | par[  2]=T_pars_est[3]
DEBUG: Total gradient stack used is 201470 out of 10000000
DEBUG: Total dvariable address used is 2076 out of 150000
DEBUG: Total dvariable address used is 3873808 out of 50000000
DEBUG: Total gradient stack used is 201470 out of 10000000
DEBUG: Total dvariable address used is 2076 out of 150000
DEBUG: Total dvariable address used is 3873808 out of 50000000
DEBUG: Total gradient stack used is 201470 out of 10000000
DEBUG: Total dvariable address used is 2076 out of 150000
DEBUG: Total dvariable address used is 3873808 out of 50000000
DEBUG: Total gradient stack used is 201470 out of 10000000
DEBUG: Total dvariable address used is 2076 out of 150000
DEBUG: Total dvariable address used is 3873808 out of 50000000
DEBUG: Total gradient stack used is 201470 out of 10000000
DEBUG: Total dvariable address used is 2076 out of 150000
DEBUG: Total dvariable address used is 3873808 out of 50000000
DEBUG: Total gradient stack used is 201470 out of 10000000
DEBUG: Total dvariable address used is 2076 out of 150000
DEBUG: Total dvariable address used is 3873808 out of 50000000
DEBUG: Total gradient stack used is 201470 out of 10000000
DEBUG: Total dvariable address used is 2076 out of 150000
DEBUG: Total dvariable address used is 3873808 out of 50000000
DEBUG: Total gradient stack used is 201470 out of 10000000
DEBUG: Total dvariable address used is 2076 out of 150000
DEBUG: Total dvariable address used is 3873808 out of 50000000
DEBUG: Total gradient stack used is 201470 out of 10000000
DEBUG: Total dvariable address used is 2076 out of 150000
DEBUG: Total dvariable address used is 3873808 out of 50000000
DEBUG: Total gradient stack used is 201470 out of 10000000
DEBUG: Total dvariable address used is 2076 out of 150000
DEBUG: Total dvariable address used is 3873808 out of 50000000
DEBUG: Total gradient stack used is 201470 out of 10000000
DEBUG: Total dvariable address used is 2076 out of 150000
DEBUG: Total dvariable address used is 3873808 out of 50000000
DEBUG: Total gradient stack used is 201470 out of 10000000
DEBUG: Total dvariable address used is 2076 out of 150000
DEBUG: Total dvariable address used is 3873808 out of 50000000
DEBUG: Total gradient stack used is 201470 out of 10000000
DEBUG: Total dvariable address used is 2076 out of 150000
DEBUG: Total dvariable address used is 3873808 out of 50000000
DEBUG: Total gradient stack used is 201470 out of 10000000
DEBUG: Total dvariable address used is 2076 out of 150000
DEBUG: Total dvariable address used is 3873808 out of 50000000
DEBUG: Total gradient stack used is 201470 out of 10000000
DEBUG: Total dvariable address used is 2076 out of 150000
DEBUG: Total dvariable address used is 3873808 out of 50000000
DEBUG: Total gradient stack used is 201470 out of 10000000
DEBUG: Total dvariable address used is 2076 out of 150000
DEBUG: Total dvariable address used is 3873808 out of 50000000
DEBUG: Total gradient stack used is 201470 out of 10000000
DEBUG: Total dvariable address used is 2076 out of 150000
DEBUG: Total dvariable address used is 3873808 out of 50000000
DEBUG: Total gradient stack used is 201470 out of 10000000
DEBUG: Total dvariable address used is 2076 out of 150000
DEBUG: Total dvariable address used is 3873808 out of 50000000
DEBUG: Total gradient stack used is 201470 out of 10000000
DEBUG: Total dvariable address used is 2076 out of 150000
DEBUG: Total dvariable address used is 3873808 out of 50000000
DEBUG: Total gradient stack used is 201470 out of 10000000
DEBUG: Total dvariable address used is 2076 out of 150000
DEBUG: Total dvariable address used is 3873808 out of 50000000
phase= 1 | nvar=259 | iter= 60 | nll=-1.34e+03 | mag=4.36e+05 | par[  2]=T_pars_est[3]
DEBUG: Total gradient stack used is 201470 out of 10000000
DEBUG: Total dvariable address used is 2076 out of 150000
DEBUG: Total dvariable address used is 3873808 out of 50000000
DEBUG: Total gradient stack used is 201470 out of 10000000
DEBUG: Total dvariable address used is 2076 out of 150000
DEBUG: Total dvariable address used is 3873808 out of 50000000
DEBUG: Total gradient stack used is 201470 out of 10000000
DEBUG: Total dvariable address used is 2076 out of 150000
DEBUG: Total dvariable address used is 3873808 out of 50000000
DEBUG: Total gradient stack used is 201470 out of 10000000
DEBUG: Total dvariable address used is 2076 out of 150000
DEBUG: Total dvariable address used is 3873808 out of 50000000
DEBUG: Total gradient stack used is 201470 out of 10000000
DEBUG: Total dvariable address used is 2076 out of 150000
DEBUG: Total dvariable address used is 3873808 out of 50000000
DEBUG: Total gradient stack used is 201470 out of 10000000
DEBUG: Total dvariable address used is 2076 out of 150000
DEBUG: Total dvariable address used is 3873808 out of 50000000
DEBUG: Total gradient stack used is 201470 out of 10000000
DEBUG: Total dvariable address used is 2076 out of 150000
DEBUG: Total dvariable address used is 3873808 out of 50000000
DEBUG: Total gradient stack used is 201470 out of 10000000
DEBUG: Total dvariable address used is 2076 out of 150000
DEBUG: Total dvariable address used is 3873808 out of 50000000
DEBUG: Total gradient stack used is 201470 out of 10000000
DEBUG: Total dvariable address used is 2076 out of 150000
DEBUG: Total dvariable address used is 3873808 out of 50000000
DEBUG: Total gradient stack used is 201470 out of 10000000
DEBUG: Total dvariable address used is 2076 out of 150000
DEBUG: Total dvariable address used is 3873808 out of 50000000
DEBUG: Total gradient stack used is 201470 out of 10000000
DEBUG: Total dvariable address used is 2076 out of 150000
DEBUG: Total dvariable address used is 3873808 out of 50000000
DEBUG: Total gradient stack used is 201470 out of 10000000
DEBUG: Total dvariable address used is 2076 out of 150000
DEBUG: Total dvariable address used is 3873808 out of 50000000
DEBUG: Total gradient stack used is 201470 out of 10000000
DEBUG: Total dvariable address used is 2076 out of 150000
DEBUG: Total dvariable address used is 3873808 out of 50000000
DEBUG: Total gradient stack used is 201470 out of 10000000
DEBUG: Total dvariable address used is 2076 out of 150000
DEBUG: Total dvariable address used is 3873808 out of 50000000
DEBUG: Total gradient stack used is 201470 out of 10000000
DEBUG: Total dvariable address used is 2076 out of 150000
DEBUG: Total dvariable address used is 3873808 out of 50000000
DEBUG: Total gradient stack used is 201470 out of 10000000
DEBUG: Total dvariable address used is 2076 out of 150000
DEBUG: Total dvariable address used is 3873808 out of 50000000
DEBUG: Total gradient stack used is 201470 out of 10000000
DEBUG: Total dvariable address used is 2076 out of 150000
DEBUG: Total dvariable address used is 3873808 out of 50000000
DEBUG: Total gradient stack used is 201470 out of 10000000
DEBUG: Total dvariable address used is 2076 out of 150000
DEBUG: Total dvariable address used is 3873808 out of 50000000
DEBUG: Total gradient stack used is 201470 out of 10000000
DEBUG: Total dvariable address used is 2076 out of 150000
DEBUG: Total dvariable address used is 3873808 out of 50000000
DEBUG: Total gradient stack used is 201470 out of 10000000
DEBUG: Total dvariable address used is 2076 out of 150000
DEBUG: Total dvariable address used is 3873808 out of 50000000
phase= 1 | nvar=259 | iter= 80 | nll=-6.23e+03 | mag=3.68e+05 | par[  2]=T_pars_est[3]
DEBUG: Total gradient stack used is 201470 out of 10000000
DEBUG: Total dvariable address used is 2076 out of 150000
DEBUG: Total dvariable address used is 3873808 out of 50000000
DEBUG: Total gradient stack used is 201470 out of 10000000
DEBUG: Total dvariable address used is 2076 out of 150000
DEBUG: Total dvariable address used is 3873808 out of 50000000
DEBUG: Total gradient stack used is 201470 out of 10000000
DEBUG: Total dvariable address used is 2076 out of 150000
DEBUG: Total dvariable address used is 3873808 out of 50000000
DEBUG: Total gradient stack used is 201470 out of 10000000
DEBUG: Total dvariable address used is 2076 out of 150000
DEBUG: Total dvariable address used is 3873808 out of 50000000
DEBUG: Total gradient stack used is 201470 out of 10000000
DEBUG: Total dvariable address used is 2076 out of 150000
DEBUG: Total dvariable address used is 3873808 out of 50000000
DEBUG: Total gradient stack used is 201470 out of 10000000
DEBUG: Total dvariable address used is 2076 out of 150000
DEBUG: Total dvariable address used is 3873808 out of 50000000
DEBUG: Total gradient stack used is 201470 out of 10000000
DEBUG: Total dvariable address used is 2076 out of 150000
DEBUG: Total dvariable address used is 3873808 out of 50000000
DEBUG: Total gradient stack used is 201470 out of 10000000
DEBUG: Total dvariable address used is 2076 out of 150000
DEBUG: Total dvariable address used is 3873808 out of 50000000
DEBUG: Total gradient stack used is 201470 out of 10000000
DEBUG: Total dvariable address used is 2076 out of 150000
DEBUG: Total dvariable address used is 3873808 out of 50000000
DEBUG: Total gradient stack used is 201470 out of 10000000
DEBUG: Total dvariable address used is 2076 out of 150000
DEBUG: Total dvariable address used is 3873808 out of 50000000
DEBUG: Total gradient stack used is 201470 out of 10000000
DEBUG: Total dvariable address used is 2076 out of 150000
DEBUG: Total dvariable address used is 3873808 out of 50000000
DEBUG: Total gradient stack used is 201470 out of 10000000
DEBUG: Total dvariable address used is 2076 out of 150000
DEBUG: Total dvariable address used is 3873808 out of 50000000
DEBUG: Total gradient stack used is 201470 out of 10000000
DEBUG: Total dvariable address used is 2076 out of 150000
DEBUG: Total dvariable address used is 3873808 out of 50000000
DEBUG: Total gradient stack used is 201470 out of 10000000
DEBUG: Total dvariable address used is 2076 out of 150000
DEBUG: Total dvariable address used is 3873808 out of 50000000
DEBUG: Total gradient stack used is 201470 out of 10000000
DEBUG: Total dvariable address used is 2076 out of 150000
DEBUG: Total dvariable address used is 3873808 out of 50000000
DEBUG: Total gradient stack used is 201470 out of 10000000
DEBUG: Total dvariable address used is 2076 out of 150000
DEBUG: Total dvariable address used is 3873808 out of 50000000
DEBUG: Total gradient stack used is 201470 out of 10000000
DEBUG: Total dvariable address used is 2076 out of 150000
DEBUG: Total dvariable address used is 3873808 out of 50000000
DEBUG: Total gradient stack used is 201470 out of 10000000
DEBUG: Total dvariable address used is 2076 out of 150000
DEBUG: Total dvariable address used is 3873808 out of 50000000
DEBUG: Total gradient stack used is 201470 out of 10000000
DEBUG: Total dvariable address used is 2076 out of 150000
DEBUG: Total dvariable address used is 3873808 out of 50000000
DEBUG: Total gradient stack used is 201470 out of 10000000
DEBUG: Total dvariable address used is 2076 out of 150000
DEBUG: Total dvariable address used is 3873808 out of 50000000
DEBUG: Total gradient stack used is 201470 out of 10000000
DEBUG: Total dvariable address used is 2076 out of 150000
DEBUG: Total dvariable address used is 3873808 out of 50000000
DEBUG: Total gradient stack used is 201470 out of 10000000
DEBUG: Total dvariable address used is 2076 out of 150000
DEBUG: Total dvariable address used is 3873808 out of 50000000
phase= 1 | nvar=259 | iter=100 | nll=-9.51e+03 | mag=2.79e+05 | par[  2]=T_pars_est[3]
DEBUG: Total gradient stack used is 201470 out of 10000000
DEBUG: Total dvariable address used is 2076 out of 150000
DEBUG: Total dvariable address used is 3873808 out of 50000000
DEBUG: Total gradient stack used is 201470 out of 10000000
DEBUG: Total dvariable address used is 2076 out of 150000
DEBUG: Total dvariable address used is 3873808 out of 50000000
DEBUG: Total gradient stack used is 201470 out of 10000000
DEBUG: Total dvariable address used is 2076 out of 150000
DEBUG: Total dvariable address used is 3873808 out of 50000000
DEBUG: Total gradient stack used is 201470 out of 10000000
DEBUG: Total dvariable address used is 2076 out of 150000
DEBUG: Total dvariable address used is 3873808 out of 50000000
DEBUG: Total gradient stack used is 201470 out of 10000000
DEBUG: Total dvariable address used is 2076 out of 150000
DEBUG: Total dvariable address used is 3873808 out of 50000000
DEBUG: Total gradient stack used is 201470 out of 10000000
DEBUG: Total dvariable address used is 2076 out of 150000
DEBUG: Total dvariable address used is 3873808 out of 50000000
DEBUG: Total gradient stack used is 201470 out of 10000000
DEBUG: Total dvariable address used is 2076 out of 150000
DEBUG: Total dvariable address used is 3873808 out of 50000000
DEBUG: Total gradient stack used is 201470 out of 10000000
DEBUG: Total dvariable address used is 2076 out of 150000
DEBUG: Total dvariable address used is 3873808 out of 50000000
DEBUG: Total gradient stack used is 201470 out of 10000000
DEBUG: Total dvariable address used is 2076 out of 150000
DEBUG: Total dvariable address used is 3873808 out of 50000000
DEBUG: Total gradient stack used is 201470 out of 10000000
DEBUG: Total dvariable address used is 2076 out of 150000
DEBUG: Total dvariable address used is 3873808 out of 50000000
DEBUG: Total gradient stack used is 201470 out of 10000000
DEBUG: Total dvariable address used is 2076 out of 150000
DEBUG: Total dvariable address used is 3873808 out of 50000000
DEBUG: Total gradient stack used is 201470 out of 10000000
DEBUG: Total dvariable address used is 2076 out of 150000
DEBUG: Total dvariable address used is 3873808 out of 50000000
DEBUG: Total gradient stack used is 201470 out of 10000000
DEBUG: Total dvariable address used is 2076 out of 150000
DEBUG: Total dvariable address used is 3873808 out of 50000000
DEBUG: Total gradient stack used is 201470 out of 10000000
DEBUG: Total dvariable address used is 2076 out of 150000
DEBUG: Total dvariable address used is 3873808 out of 50000000
DEBUG: Total gradient stack used is 201470 out of 10000000
DEBUG: Total dvariable address used is 2076 out of 150000
DEBUG: Total dvariable address used is 3873808 out of 50000000
DEBUG: Total gradient stack used is 201470 out of 10000000
DEBUG: Total dvariable address used is 2076 out of 150000
DEBUG: Total dvariable address used is 3873808 out of 50000000
DEBUG: Total gradient stack used is 201470 out of 10000000
DEBUG: Total dvariable address used is 2076 out of 150000
DEBUG: Total dvariable address used is 3873808 out of 50000000
DEBUG: Total gradient stack used is 201470 out of 10000000
DEBUG: Total dvariable address used is 2076 out of 150000
DEBUG: Total dvariable address used is 3873808 out of 50000000
DEBUG: Total gradient stack used is 201470 out of 10000000
DEBUG: Total dvariable address used is 2076 out of 150000
DEBUG: Total dvariable address used is 3873808 out of 50000000
DEBUG: Total gradient stack used is 201470 out of 10000000
DEBUG: Total dvariable address used is 2076 out of 150000
DEBUG: Total dvariable address used is 3873808 out of 50000000
DEBUG: Total gradient stack used is 201470 out of 10000000
DEBUG: Total dvariable address used is 2076 out of 150000
DEBUG: Total dvariable address used is 3873808 out of 50000000
DEBUG: Total gradient stack used is 201470 out of 10000000
DEBUG: Total dvariable address used is 2076 out of 150000
DEBUG: Total dvariable address used is 3873808 out of 50000000
DEBUG: Total gradient stack used is 201470 out of 10000000
DEBUG: Total dvariable address used is 2076 out of 150000
DEBUG: Total dvariable address used is 3873808 out of 50000000
phase= 1 | nvar=259 | iter=120 | nll=-9.84e+03 | mag=2.61e+05 | par[  2]=T_pars_est[3]
DEBUG: Total gradient stack used is 201470 out of 10000000
DEBUG: Total dvariable address used is 2076 out of 150000
DEBUG: Total dvariable address used is 3873808 out of 50000000
DEBUG: Total gradient stack used is 201470 out of 10000000
DEBUG: Total dvariable address used is 2076 out of 150000
DEBUG: Total dvariable address used is 3873808 out of 50000000
DEBUG: Total gradient stack used is 201470 out of 10000000
DEBUG: Total dvariable address used is 2076 out of 150000
DEBUG: Total dvariable address used is 3873808 out of 50000000
DEBUG: Total gradient stack used is 201470 out of 10000000
DEBUG: Total dvariable address used is 2076 out of 150000
DEBUG: Total dvariable address used is 3873808 out of 50000000
DEBUG: Total gradient stack used is 201470 out of 10000000
DEBUG: Total dvariable address used is 2076 out of 150000
DEBUG: Total dvariable address used is 3873808 out of 50000000
DEBUG: Total gradient stack used is 201470 out of 10000000
DEBUG: Total dvariable address used is 2076 out of 150000
DEBUG: Total dvariable address used is 3873808 out of 50000000
DEBUG: Total gradient stack used is 201470 out of 10000000
DEBUG: Total dvariable address used is 2076 out of 150000
DEBUG: Total dvariable address used is 3873808 out of 50000000
DEBUG: Total gradient stack used is 201470 out of 10000000
DEBUG: Total dvariable address used is 2076 out of 150000
DEBUG: Total dvariable address used is 3873808 out of 50000000
DEBUG: Total gradient stack used is 201470 out of 10000000
DEBUG: Total dvariable address used is 2076 out of 150000
DEBUG: Total dvariable address used is 3873808 out of 50000000
DEBUG: Total gradient stack used is 201470 out of 10000000
DEBUG: Total dvariable address used is 2076 out of 150000
DEBUG: Total dvariable address used is 3873808 out of 50000000
DEBUG: Total gradient stack used is 201470 out of 10000000
DEBUG: Total dvariable address used is 2076 out of 150000
DEBUG: Total dvariable address used is 3873808 out of 50000000
DEBUG: Total gradient stack used is 201470 out of 10000000
DEBUG: Total dvariable address used is 2076 out of 150000
DEBUG: Total dvariable address used is 3873808 out of 50000000
DEBUG: Total gradient stack used is 201470 out of 10000000
DEBUG: Total dvariable address used is 2076 out of 150000
DEBUG: Total dvariable address used is 3873808 out of 50000000
DEBUG: Total gradient stack used is 201470 out of 10000000
DEBUG: Total dvariable address used is 2076 out of 150000
DEBUG: Total dvariable address used is 3873808 out of 50000000
DEBUG: Total gradient stack used is 201470 out of 10000000
DEBUG: Total dvariable address used is 2076 out of 150000
DEBUG: Total dvariable address used is 3873808 out of 50000000
DEBUG: Total gradient stack used is 201470 out of 10000000
DEBUG: Total dvariable address used is 2076 out of 150000
DEBUG: Total dvariable address used is 3873808 out of 50000000
DEBUG: Total gradient stack used is 201470 out of 10000000
DEBUG: Total dvariable address used is 2076 out of 150000
DEBUG: Total dvariable address used is 3873808 out of 50000000
DEBUG: Total gradient stack used is 201470 out of 10000000
DEBUG: Total dvariable address used is 2076 out of 150000
DEBUG: Total dvariable address used is 3873808 out of 50000000
DEBUG: Total gradient stack used is 201470 out of 10000000
DEBUG: Total dvariable address used is 2076 out of 150000
DEBUG: Total dvariable address used is 3873808 out of 50000000
DEBUG: Total gradient stack used is 201470 out of 10000000
DEBUG: Total dvariable address used is 2076 out of 150000
DEBUG: Total dvariable address used is 3873808 out of 50000000
DEBUG: Total gradient stack used is 201470 out of 10000000
DEBUG: Total dvariable address used is 2076 out of 150000
DEBUG: Total dvariable address used is 3873808 out of 50000000
phase= 1 | nvar=259 | iter=140 | nll=-1.16e+04 | mag=2.29e+05 | par[  2]=T_pars_est[3]
DEBUG: Total gradient stack used is 201470 out of 10000000
DEBUG: Total dvariable address used is 2076 out of 150000
DEBUG: Total dvariable address used is 3873808 out of 50000000
DEBUG: Total gradient stack used is 201470 out of 10000000
DEBUG: Total dvariable address used is 2076 out of 150000
DEBUG: Total dvariable address used is 3873808 out of 50000000
DEBUG: Total gradient stack used is 201470 out of 10000000
DEBUG: Total dvariable address used is 2076 out of 150000
DEBUG: Total dvariable address used is 3873808 out of 50000000
DEBUG: Total gradient stack used is 201470 out of 10000000
DEBUG: Total dvariable address used is 2076 out of 150000
DEBUG: Total dvariable address used is 3873808 out of 50000000
DEBUG: Total gradient stack used is 201470 out of 10000000
DEBUG: Total dvariable address used is 2076 out of 150000
DEBUG: Total dvariable address used is 3873808 out of 50000000
DEBUG: Total gradient stack used is 201470 out of 10000000
DEBUG: Total dvariable address used is 2076 out of 150000
DEBUG: Total dvariable address used is 3873808 out of 50000000
DEBUG: Total gradient stack used is 201470 out of 10000000
DEBUG: Total dvariable address used is 2076 out of 150000
DEBUG: Total dvariable address used is 3873808 out of 50000000
DEBUG: Total gradient stack used is 201470 out of 10000000
DEBUG: Total dvariable address used is 2076 out of 150000
DEBUG: Total dvariable address used is 3873808 out of 50000000
DEBUG: Total gradient stack used is 201470 out of 10000000
DEBUG: Total dvariable address used is 2076 out of 150000
DEBUG: Total dvariable address used is 3873808 out of 50000000
DEBUG: Total gradient stack used is 201470 out of 10000000
DEBUG: Total dvariable address used is 2076 out of 150000
DEBUG: Total dvariable address used is 3873808 out of 50000000
DEBUG: Total gradient stack used is 201470 out of 10000000
DEBUG: Total dvariable address used is 2076 out of 150000
DEBUG: Total dvariable address used is 3873808 out of 50000000
DEBUG: Total gradient stack used is 201470 out of 10000000
DEBUG: Total dvariable address used is 2076 out of 150000
DEBUG: Total dvariable address used is 3873808 out of 50000000
DEBUG: Total gradient stack used is 201470 out of 10000000
DEBUG: Total dvariable address used is 2076 out of 150000
DEBUG: Total dvariable address used is 3873808 out of 50000000
DEBUG: Total gradient stack used is 201470 out of 10000000
DEBUG: Total dvariable address used is 2076 out of 150000
DEBUG: Total dvariable address used is 3873808 out of 50000000
DEBUG: Total gradient stack used is 201470 out of 10000000
DEBUG: Total dvariable address used is 2076 out of 150000
DEBUG: Total dvariable address used is 3873808 out of 50000000
DEBUG: Total gradient stack used is 201470 out of 10000000
DEBUG: Total dvariable address used is 2076 out of 150000
DEBUG: Total dvariable address used is 3873808 out of 50000000
DEBUG: Total gradient stack used is 201470 out of 10000000
DEBUG: Total dvariable address used is 2076 out of 150000
DEBUG: Total dvariable address used is 3873808 out of 50000000
DEBUG: Total gradient stack used is 201470 out of 10000000
DEBUG: Total dvariable address used is 2076 out of 150000
DEBUG: Total dvariable address used is 3873808 out of 50000000
DEBUG: Total gradient stack used is 201470 out of 10000000
DEBUG: Total dvariable address used is 2076 out of 150000
DEBUG: Total dvariable address used is 3873808 out of 50000000
DEBUG: Total gradient stack used is 201470 out of 10000000
DEBUG: Total dvariable address used is 2076 out of 150000
DEBUG: Total dvariable address used is 3873808 out of 50000000
DEBUG: Total gradient stack used is 201470 out of 10000000
DEBUG: Total dvariable address used is 2076 out of 150000
DEBUG: Total dvariable address used is 3873808 out of 50000000
DEBUG: Total gradient stack used is 201470 out of 10000000
DEBUG: Total dvariable address used is 2076 out of 150000
DEBUG: Total dvariable address used is 3873808 out of 50000000
DEBUG: Total gradient stack used is 201470 out of 10000000
DEBUG: Total dvariable address used is 2076 out of 150000
DEBUG: Total dvariable address used is 3873808 out of 50000000
DEBUG: Total gradient stack used is 201470 out of 10000000
DEBUG: Total dvariable address used is 2076 out of 150000
DEBUG: Total dvariable address used is 3873808 out of 50000000
phase= 1 | nvar=259 | iter=160 | nll=-1.36e+04 | mag=1.04e+05 | par[  2]=T_pars_est[3]
DEBUG: Total gradient stack used is 201470 out of 10000000
DEBUG: Total dvariable address used is 2076 out of 150000
DEBUG: Total dvariable address used is 3873808 out of 50000000
DEBUG: Total gradient stack used is 201470 out of 10000000
DEBUG: Total dvariable address used is 2076 out of 150000
DEBUG: Total dvariable address used is 3873808 out of 50000000
DEBUG: Total gradient stack used is 201470 out of 10000000
DEBUG: Total dvariable address used is 2076 out of 150000
DEBUG: Total dvariable address used is 3873808 out of 50000000
DEBUG: Total gradient stack used is 201470 out of 10000000
DEBUG: Total dvariable address used is 2076 out of 150000
DEBUG: Total dvariable address used is 3873808 out of 50000000
DEBUG: Total gradient stack used is 201470 out of 10000000
DEBUG: Total dvariable address used is 2076 out of 150000
DEBUG: Total dvariable address used is 3873808 out of 50000000
DEBUG: Total gradient stack used is 201470 out of 10000000
DEBUG: Total dvariable address used is 2076 out of 150000
DEBUG: Total dvariable address used is 3873808 out of 50000000
DEBUG: Total gradient stack used is 201470 out of 10000000
DEBUG: Total dvariable address used is 2076 out of 150000
DEBUG: Total dvariable address used is 3873808 out of 50000000
DEBUG: Total gradient stack used is 201470 out of 10000000
DEBUG: Total dvariable address used is 2076 out of 150000
DEBUG: Total dvariable address used is 3873808 out of 50000000
DEBUG: Total gradient stack used is 201470 out of 10000000
DEBUG: Total dvariable address used is 2076 out of 150000
DEBUG: Total dvariable address used is 3873808 out of 50000000
DEBUG: Total gradient stack used is 201470 out of 10000000
DEBUG: Total dvariable address used is 2076 out of 150000
DEBUG: Total dvariable address used is 3873808 out of 50000000
DEBUG: Total gradient stack used is 201470 out of 10000000
DEBUG: Total dvariable address used is 2076 out of 150000
DEBUG: Total dvariable address used is 3873808 out of 50000000
DEBUG: Total gradient stack used is 201470 out of 10000000
DEBUG: Total dvariable address used is 2076 out of 150000
DEBUG: Total dvariable address used is 3873808 out of 50000000
DEBUG: Total gradient stack used is 201470 out of 10000000
DEBUG: Total dvariable address used is 2076 out of 150000
DEBUG: Total dvariable address used is 3873808 out of 50000000
DEBUG: Total gradient stack used is 201470 out of 10000000
DEBUG: Total dvariable address used is 2076 out of 150000
DEBUG: Total dvariable address used is 3873808 out of 50000000
DEBUG: Total gradient stack used is 201470 out of 10000000
DEBUG: Total dvariable address used is 2076 out of 150000
DEBUG: Total dvariable address used is 3873808 out of 50000000
DEBUG: Total gradient stack used is 201470 out of 10000000
DEBUG: Total dvariable address used is 2076 out of 150000
DEBUG: Total dvariable address used is 3873808 out of 50000000
DEBUG: Total gradient stack used is 201470 out of 10000000
DEBUG: Total dvariable address used is 2076 out of 150000
DEBUG: Total dvariable address used is 3873808 out of 50000000
DEBUG: Total gradient stack used is 201470 out of 10000000
DEBUG: Total dvariable address used is 2076 out of 150000
DEBUG: Total dvariable address used is 3873808 out of 50000000
DEBUG: Total gradient stack used is 201470 out of 10000000
DEBUG: Total dvariable address used is 2076 out of 150000
DEBUG: Total dvariable address used is 3873808 out of 50000000
DEBUG: Total gradient stack used is 201470 out of 10000000
DEBUG: Total dvariable address used is 2076 out of 150000
DEBUG: Total dvariable address used is 3873808 out of 50000000
DEBUG: Total gradient stack used is 201470 out of 10000000
DEBUG: Total dvariable address used is 2076 out of 150000
DEBUG: Total dvariable address used is 3873808 out of 50000000
DEBUG: Total gradient stack used is 201470 out of 10000000
DEBUG: Total dvariable address used is 2076 out of 150000
DEBUG: Total dvariable address used is 3873808 out of 50000000
DEBUG: Total gradient stack used is 201470 out of 10000000
DEBUG: Total dvariable address used is 2076 out of 150000
DEBUG: Total dvariable address used is 3873808 out of 50000000
DEBUG: Total gradient stack used is 201470 out of 10000000
DEBUG: Total dvariable address used is 2076 out of 150000
DEBUG: Total dvariable address used is 3873808 out of 50000000
DEBUG: Total gradient stack used is 201470 out of 10000000
DEBUG: Total dvariable address used is 2076 out of 150000
DEBUG: Total dvariable address used is 3873808 out of 50000000
DEBUG: Total gradient stack used is 201470 out of 10000000
DEBUG: Total dvariable address used is 2076 out of 150000
DEBUG: Total dvariable address used is 3873808 out of 50000000
DEBUG: Total gradient stack used is 201470 out of 10000000
DEBUG: Total dvariable address used is 2076 out of 150000
DEBUG: Total dvariable address used is 3873808 out of 50000000
phase= 1 | nvar=259 | iter=180 | nll=-1.50e+04 | mag=8.01e+04 | par[  2]=T_pars_est[3]
DEBUG: Total gradient stack used is 201470 out of 10000000
DEBUG: Total dvariable address used is 2076 out of 150000
DEBUG: Total dvariable address used is 3873808 out of 50000000
DEBUG: Total gradient stack used is 201470 out of 10000000
DEBUG: Total dvariable address used is 2076 out of 150000
DEBUG: Total dvariable address used is 3873808 out of 50000000
DEBUG: Total gradient stack used is 201470 out of 10000000
DEBUG: Total dvariable address used is 2076 out of 150000
DEBUG: Total dvariable address used is 3873808 out of 50000000
DEBUG: Total gradient stack used is 201470 out of 10000000
DEBUG: Total dvariable address used is 2076 out of 150000
DEBUG: Total dvariable address used is 3873808 out of 50000000
DEBUG: Total gradient stack used is 201470 out of 10000000
DEBUG: Total dvariable address used is 2076 out of 150000
DEBUG: Total dvariable address used is 3873808 out of 50000000
DEBUG: Total gradient stack used is 201470 out of 10000000
DEBUG: Total dvariable address used is 2076 out of 150000
DEBUG: Total dvariable address used is 3873808 out of 50000000
DEBUG: Total gradient stack used is 201470 out of 10000000
DEBUG: Total dvariable address used is 2076 out of 150000
DEBUG: Total dvariable address used is 3873808 out of 50000000
DEBUG: Total gradient stack used is 201470 out of 10000000
DEBUG: Total dvariable address used is 2076 out of 150000
DEBUG: Total dvariable address used is 3873808 out of 50000000
DEBUG: Total gradient stack used is 201470 out of 10000000
DEBUG: Total dvariable address used is 2076 out of 150000
DEBUG: Total dvariable address used is 3873808 out of 50000000
DEBUG: Total gradient stack used is 201470 out of 10000000
DEBUG: Total dvariable address used is 2076 out of 150000
DEBUG: Total dvariable address used is 3873808 out of 50000000
DEBUG: Total gradient stack used is 201470 out of 10000000
DEBUG: Total dvariable address used is 2076 out of 150000
DEBUG: Total dvariable address used is 3873808 out of 50000000
DEBUG: Total gradient stack used is 201470 out of 10000000
DEBUG: Total dvariable address used is 2076 out of 150000
DEBUG: Total dvariable address used is 3873808 out of 50000000
DEBUG: Total gradient stack used is 201470 out of 10000000
DEBUG: Total dvariable address used is 2076 out of 150000
DEBUG: Total dvariable address used is 3873808 out of 50000000
DEBUG: Total gradient stack used is 201470 out of 10000000
DEBUG: Total dvariable address used is 2076 out of 150000
DEBUG: Total dvariable address used is 3873808 out of 50000000
DEBUG: Total gradient stack used is 201470 out of 10000000
DEBUG: Total dvariable address used is 2076 out of 150000
DEBUG: Total dvariable address used is 3873808 out of 50000000
DEBUG: Total gradient stack used is 201470 out of 10000000
DEBUG: Total dvariable address used is 2076 out of 150000
DEBUG: Total dvariable address used is 3873808 out of 50000000
DEBUG: Total gradient stack used is 201470 out of 10000000
DEBUG: Total dvariable address used is 2076 out of 150000
DEBUG: Total dvariable address used is 3873808 out of 50000000
DEBUG: Total gradient stack used is 201470 out of 10000000
DEBUG: Total dvariable address used is 2076 out of 150000
DEBUG: Total dvariable address used is 3873808 out of 50000000
DEBUG: Total gradient stack used is 201470 out of 10000000
DEBUG: Total dvariable address used is 2076 out of 150000
DEBUG: Total dvariable address used is 3873808 out of 50000000
DEBUG: Total gradient stack used is 201470 out of 10000000
DEBUG: Total dvariable address used is 2076 out of 150000
DEBUG: Total dvariable address used is 3873808 out of 50000000
DEBUG: Total gradient stack used is 201470 out of 10000000
DEBUG: Total dvariable address used is 2076 out of 150000
DEBUG: Total dvariable address used is 3873808 out of 50000000
DEBUG: Total gradient stack used is 201470 out of 10000000
DEBUG: Total dvariable address used is 2076 out of 150000
DEBUG: Total dvariable address used is 3873808 out of 50000000
DEBUG: Total gradient stack used is 201470 out of 10000000
DEBUG: Total dvariable address used is 2076 out of 150000
DEBUG: Total dvariable address used is 3873808 out of 50000000
DEBUG: Total gradient stack used is 201470 out of 10000000
DEBUG: Total dvariable address used is 2076 out of 150000
DEBUG: Total dvariable address used is 3873808 out of 50000000
DEBUG: Total gradient stack used is 201470 out of 10000000
DEBUG: Total dvariable address used is 2076 out of 150000
DEBUG: Total dvariable address used is 3873808 out of 50000000
DEBUG: Total gradient stack used is 201470 out of 10000000
DEBUG: Total dvariable address used is 2076 out of 150000
DEBUG: Total dvariable address used is 3873808 out of 50000000
DEBUG: Total gradient stack used is 201470 out of 10000000
DEBUG: Total dvariable address used is 2076 out of 150000
DEBUG: Total dvariable address used is 3873808 out of 50000000
DEBUG: Total gradient stack used is 201470 out of 10000000
DEBUG: Total dvariable address used is 2076 out of 150000
DEBUG: Total dvariable address used is 3873808 out of 50000000
DEBUG: Total gradient stack used is 201470 out of 10000000
DEBUG: Total dvariable address used is 2076 out of 150000
DEBUG: Total dvariable address used is 3873808 out of 50000000
phase= 1 | nvar=259 | iter=200 | nll=-1.59e+04 | mag=1.73e+04 | par[  2]=T_pars_est[3]
DEBUG: Total gradient stack used is 201470 out of 10000000
DEBUG: Total dvariable address used is 2076 out of 150000
DEBUG: Total dvariable address used is 3873808 out of 50000000
DEBUG: Total gradient stack used is 201470 out of 10000000
DEBUG: Total dvariable address used is 2076 out of 150000
DEBUG: Total dvariable address used is 3873808 out of 50000000
DEBUG: Total gradient stack used is 201470 out of 10000000
DEBUG: Total dvariable address used is 2076 out of 150000
DEBUG: Total dvariable address used is 3873808 out of 50000000
DEBUG: Total gradient stack used is 201470 out of 10000000
DEBUG: Total dvariable address used is 2076 out of 150000
DEBUG: Total dvariable address used is 3873808 out of 50000000
DEBUG: Total gradient stack used is 201470 out of 10000000
DEBUG: Total dvariable address used is 2076 out of 150000
DEBUG: Total dvariable address used is 3873808 out of 50000000
DEBUG: Total gradient stack used is 201470 out of 10000000
DEBUG: Total dvariable address used is 2076 out of 150000
DEBUG: Total dvariable address used is 3873808 out of 50000000
DEBUG: Total gradient stack used is 201470 out of 10000000
DEBUG: Total dvariable address used is 2076 out of 150000
DEBUG: Total dvariable address used is 3873808 out of 50000000
DEBUG: Total gradient stack used is 201470 out of 10000000
DEBUG: Total dvariable address used is 2076 out of 150000
DEBUG: Total dvariable address used is 3873808 out of 50000000
DEBUG: Total gradient stack used is 201470 out of 10000000
DEBUG: Total dvariable address used is 2076 out of 150000
DEBUG: Total dvariable address used is 3873808 out of 50000000
DEBUG: Total gradient stack used is 201470 out of 10000000
DEBUG: Total dvariable address used is 2076 out of 150000
DEBUG: Total dvariable address used is 3873808 out of 50000000
DEBUG: Total gradient stack used is 201470 out of 10000000
DEBUG: Total dvariable address used is 2076 out of 150000
DEBUG: Total dvariable address used is 3873808 out of 50000000
DEBUG: Total gradient stack used is 201470 out of 10000000
DEBUG: Total dvariable address used is 2076 out of 150000
DEBUG: Total dvariable address used is 3873808 out of 50000000
DEBUG: Total gradient stack used is 201470 out of 10000000
DEBUG: Total dvariable address used is 2076 out of 150000
DEBUG: Total dvariable address used is 3873808 out of 50000000
DEBUG: Total gradient stack used is 201470 out of 10000000
DEBUG: Total dvariable address used is 2076 out of 150000
DEBUG: Total dvariable address used is 3873808 out of 50000000
DEBUG: Total gradient stack used is 201470 out of 10000000
DEBUG: Total dvariable address used is 2076 out of 150000
DEBUG: Total dvariable address used is 3873808 out of 50000000
DEBUG: Total gradient stack used is 201470 out of 10000000
DEBUG: Total dvariable address used is 2076 out of 150000
DEBUG: Total dvariable address used is 3873808 out of 50000000
DEBUG: Total gradient stack used is 201470 out of 10000000
DEBUG: Total dvariable address used is 2076 out of 150000
DEBUG: Total dvariable address used is 3873808 out of 50000000
DEBUG: Total gradient stack used is 201470 out of 10000000
DEBUG: Total dvariable address used is 2076 out of 150000
DEBUG: Total dvariable address used is 3873808 out of 50000000
DEBUG: Total gradient stack used is 201470 out of 10000000
DEBUG: Total dvariable address used is 2076 out of 150000
DEBUG: Total dvariable address used is 3873808 out of 50000000
DEBUG: Total gradient stack used is 201470 out of 10000000
DEBUG: Total dvariable address used is 2076 out of 150000
DEBUG: Total dvariable address used is 3873808 out of 50000000
DEBUG: Total gradient stack used is 201470 out of 10000000
DEBUG: Total dvariable address used is 2076 out of 150000
DEBUG: Total dvariable address used is 3873808 out of 50000000
DEBUG: Total gradient stack used is 201470 out of 10000000
DEBUG: Total dvariable address used is 2076 out of 150000
DEBUG: Total dvariable address used is 3873808 out of 50000000
DEBUG: Total gradient stack used is 201470 out of 10000000
DEBUG: Total dvariable address used is 2076 out of 150000
DEBUG: Total dvariable address used is 3873808 out of 50000000
DEBUG: Total gradient stack used is 201470 out of 10000000
DEBUG: Total dvariable address used is 2076 out of 150000
DEBUG: Total dvariable address used is 3873808 out of 50000000
DEBUG: Total gradient stack used is 201470 out of 10000000
DEBUG: Total dvariable address used is 2076 out of 150000
DEBUG: Total dvariable address used is 3873808 out of 50000000
DEBUG: Total gradient stack used is 201470 out of 10000000
DEBUG: Total dvariable address used is 2076 out of 150000
DEBUG: Total dvariable address used is 3873808 out of 50000000
DEBUG: Total gradient stack used is 201470 out of 10000000
DEBUG: Total dvariable address used is 2076 out of 150000
DEBUG: Total dvariable address used is 3873808 out of 50000000
DEBUG: Total gradient stack used is 201470 out of 10000000
DEBUG: Total dvariable address used is 2076 out of 150000
DEBUG: Total dvariable address used is 3873808 out of 50000000
DEBUG: Total gradient stack used is 201470 out of 10000000
DEBUG: Total dvariable address used is 2076 out of 150000
DEBUG: Total dvariable address used is 3873808 out of 50000000
phase= 1 | nvar=259 | iter=220 | nll=-1.64e+04 | mag=1.44e+04 | par[  1]=T_pars_est[2]
DEBUG: Total gradient stack used is 201470 out of 10000000
DEBUG: Total dvariable address used is 2076 out of 150000
DEBUG: Total dvariable address used is 3873808 out of 50000000
DEBUG: Total gradient stack used is 201470 out of 10000000
DEBUG: Total dvariable address used is 2076 out of 150000
DEBUG: Total dvariable address used is 3873808 out of 50000000
DEBUG: Total gradient stack used is 201470 out of 10000000
DEBUG: Total dvariable address used is 2076 out of 150000
DEBUG: Total dvariable address used is 3873808 out of 50000000
DEBUG: Total gradient stack used is 201470 out of 10000000
DEBUG: Total dvariable address used is 2076 out of 150000
DEBUG: Total dvariable address used is 3873808 out of 50000000
DEBUG: Total gradient stack used is 201470 out of 10000000
DEBUG: Total dvariable address used is 2076 out of 150000
DEBUG: Total dvariable address used is 3873808 out of 50000000
DEBUG: Total gradient stack used is 201470 out of 10000000
DEBUG: Total dvariable address used is 2076 out of 150000
DEBUG: Total dvariable address used is 3873808 out of 50000000
DEBUG: Total gradient stack used is 201470 out of 10000000
DEBUG: Total dvariable address used is 2076 out of 150000
DEBUG: Total dvariable address used is 3873808 out of 50000000
DEBUG: Total gradient stack used is 201470 out of 10000000
DEBUG: Total dvariable address used is 2076 out of 150000
DEBUG: Total dvariable address used is 3873808 out of 50000000
DEBUG: Total gradient stack used is 201470 out of 10000000
DEBUG: Total dvariable address used is 2076 out of 150000
DEBUG: Total dvariable address used is 3873808 out of 50000000
DEBUG: Total gradient stack used is 201470 out of 10000000
DEBUG: Total dvariable address used is 2076 out of 150000
DEBUG: Total dvariable address used is 3873808 out of 50000000
DEBUG: Total gradient stack used is 201470 out of 10000000
DEBUG: Total dvariable address used is 2076 out of 150000
DEBUG: Total dvariable address used is 3873808 out of 50000000
DEBUG: Total gradient stack used is 201470 out of 10000000
DEBUG: Total dvariable address used is 2076 out of 150000
DEBUG: Total dvariable address used is 3873808 out of 50000000
DEBUG: Total gradient stack used is 201470 out of 10000000
DEBUG: Total dvariable address used is 2076 out of 150000
DEBUG: Total dvariable address used is 3873808 out of 50000000
DEBUG: Total gradient stack used is 201470 out of 10000000
DEBUG: Total dvariable address used is 2076 out of 150000
DEBUG: Total dvariable address used is 3873808 out of 50000000
DEBUG: Total gradient stack used is 201470 out of 10000000
DEBUG: Total dvariable address used is 2076 out of 150000
DEBUG: Total dvariable address used is 3873808 out of 50000000
DEBUG: Total gradient stack used is 201470 out of 10000000
DEBUG: Total dvariable address used is 2076 out of 150000
DEBUG: Total dvariable address used is 3873808 out of 50000000
DEBUG: Total gradient stack used is 201470 out of 10000000
DEBUG: Total dvariable address used is 2076 out of 150000
DEBUG: Total dvariable address used is 3873808 out of 50000000
DEBUG: Total gradient stack used is 201470 out of 10000000
DEBUG: Total dvariable address used is 2076 out of 150000
DEBUG: Total dvariable address used is 3873808 out of 50000000
DEBUG: Total gradient stack used is 201470 out of 10000000
DEBUG: Total dvariable address used is 2076 out of 150000
DEBUG: Total dvariable address used is 3873808 out of 50000000
DEBUG: Total gradient stack used is 201470 out of 10000000
DEBUG: Total dvariable address used is 2076 out of 150000
DEBUG: Total dvariable address used is 3873808 out of 50000000
DEBUG: Total gradient stack used is 201470 out of 10000000
DEBUG: Total dvariable address used is 2076 out of 150000
DEBUG: Total dvariable address used is 3873808 out of 50000000
DEBUG: Total gradient stack used is 201470 out of 10000000
DEBUG: Total dvariable address used is 2076 out of 150000
DEBUG: Total dvariable address used is 3873808 out of 50000000
DEBUG: Total gradient stack used is 201470 out of 10000000
DEBUG: Total dvariable address used is 2076 out of 150000
DEBUG: Total dvariable address used is 3873808 out of 50000000
DEBUG: Total gradient stack used is 201470 out of 10000000
DEBUG: Total dvariable address used is 2076 out of 150000
DEBUG: Total dvariable address used is 3873808 out of 50000000
DEBUG: Total gradient stack used is 201470 out of 10000000
DEBUG: Total dvariable address used is 2076 out of 150000
DEBUG: Total dvariable address used is 3873808 out of 50000000
DEBUG: Total gradient stack used is 201470 out of 10000000
DEBUG: Total dvariable address used is 2076 out of 150000
DEBUG: Total dvariable address used is 3873808 out of 50000000
DEBUG: Total gradient stack used is 201470 out of 10000000
DEBUG: Total dvariable address used is 2076 out of 150000
DEBUG: Total dvariable address used is 3873808 out of 50000000
DEBUG: Total gradient stack used is 201470 out of 10000000
DEBUG: Total dvariable address used is 2076 out of 150000
DEBUG: Total dvariable address used is 3873808 out of 50000000
DEBUG: Total gradient stack used is 201470 out of 10000000
DEBUG: Total dvariable address used is 2076 out of 150000
DEBUG: Total dvariable address used is 3873808 out of 50000000
DEBUG: Total gradient stack used is 201470 out of 10000000
DEBUG: Total dvariable address used is 2076 out of 150000
DEBUG: Total dvariable address used is 3873808 out of 50000000
DEBUG: Total gradient stack used is 201470 out of 10000000
DEBUG: Total dvariable address used is 2076 out of 150000
DEBUG: Total dvariable address used is 3873808 out of 50000000
DEBUG: Total gradient stack used is 201470 out of 10000000
DEBUG: Total dvariable address used is 2076 out of 150000
DEBUG: Total dvariable address used is 3873808 out of 50000000
DEBUG: Total gradient stack used is 201470 out of 10000000
DEBUG: Total dvariable address used is 2076 out of 150000
DEBUG: Total dvariable address used is 3873808 out of 50000000
phase= 1 | nvar=259 | iter=240 | nll=-1.67e+04 | mag=7.56e+03 | par[  1]=T_pars_est[2]
DEBUG: Total gradient stack used is 201470 out of 10000000
DEBUG: Total dvariable address used is 2076 out of 150000
DEBUG: Total dvariable address used is 3873808 out of 50000000
DEBUG: Total gradient stack used is 201470 out of 10000000
DEBUG: Total dvariable address used is 2076 out of 150000
DEBUG: Total dvariable address used is 3873808 out of 50000000
DEBUG: Total gradient stack used is 201470 out of 10000000
DEBUG: Total dvariable address used is 2076 out of 150000
DEBUG: Total dvariable address used is 3873808 out of 50000000
DEBUG: Total gradient stack used is 201470 out of 10000000
DEBUG: Total dvariable address used is 2076 out of 150000
DEBUG: Total dvariable address used is 3873808 out of 50000000
DEBUG: Total gradient stack used is 201470 out of 10000000
DEBUG: Total dvariable address used is 2076 out of 150000
DEBUG: Total dvariable address used is 3873808 out of 50000000
DEBUG: Total gradient stack used is 201470 out of 10000000
DEBUG: Total dvariable address used is 2076 out of 150000
DEBUG: Total dvariable address used is 3873808 out of 50000000
DEBUG: Total gradient stack used is 201470 out of 10000000
DEBUG: Total dvariable address used is 2076 out of 150000
DEBUG: Total dvariable address used is 3873808 out of 50000000
DEBUG: Total gradient stack used is 201470 out of 10000000
DEBUG: Total dvariable address used is 2076 out of 150000
DEBUG: Total dvariable address used is 3873808 out of 50000000
DEBUG: Total gradient stack used is 201470 out of 10000000
DEBUG: Total dvariable address used is 2076 out of 150000
DEBUG: Total dvariable address used is 3873808 out of 50000000
DEBUG: Total gradient stack used is 201470 out of 10000000
DEBUG: Total dvariable address used is 2076 out of 150000
DEBUG: Total dvariable address used is 3873808 out of 50000000
DEBUG: Total gradient stack used is 201470 out of 10000000
DEBUG: Total dvariable address used is 2076 out of 150000
DEBUG: Total dvariable address used is 3873808 out of 50000000
DEBUG: Total gradient stack used is 201470 out of 10000000
DEBUG: Total dvariable address used is 2076 out of 150000
DEBUG: Total dvariable address used is 3873808 out of 50000000
DEBUG: Total gradient stack used is 201470 out of 10000000
DEBUG: Total dvariable address used is 2076 out of 150000
DEBUG: Total dvariable address used is 3873808 out of 50000000
DEBUG: Total gradient stack used is 201470 out of 10000000
DEBUG: Total dvariable address used is 2076 out of 150000
DEBUG: Total dvariable address used is 3873808 out of 50000000
DEBUG: Total gradient stack used is 201470 out of 10000000
DEBUG: Total dvariable address used is 2076 out of 150000
DEBUG: Total dvariable address used is 3873808 out of 50000000
DEBUG: Total gradient stack used is 201470 out of 10000000
DEBUG: Total dvariable address used is 2076 out of 150000
DEBUG: Total dvariable address used is 3873808 out of 50000000
DEBUG: Total gradient stack used is 201470 out of 10000000
DEBUG: Total dvariable address used is 2076 out of 150000
DEBUG: Total dvariable address used is 3873808 out of 50000000
DEBUG: Total gradient stack used is 201470 out of 10000000
DEBUG: Total dvariable address used is 2076 out of 150000
DEBUG: Total dvariable address used is 3873808 out of 50000000
DEBUG: Total gradient stack used is 201470 out of 10000000
DEBUG: Total dvariable address used is 2076 out of 150000
DEBUG: Total dvariable address used is 3873808 out of 50000000
DEBUG: Total gradient stack used is 201470 out of 10000000
DEBUG: Total dvariable address used is 2076 out of 150000
DEBUG: Total dvariable address used is 3873808 out of 50000000
DEBUG: Total gradient stack used is 201470 out of 10000000
DEBUG: Total dvariable address used is 2076 out of 150000
DEBUG: Total dvariable address used is 3873808 out of 50000000
DEBUG: Total gradient stack used is 201470 out of 10000000
DEBUG: Total dvariable address used is 2076 out of 150000
DEBUG: Total dvariable address used is 3873808 out of 50000000
DEBUG: Total gradient stack used is 201470 out of 10000000
DEBUG: Total dvariable address used is 2076 out of 150000
DEBUG: Total dvariable address used is 3873808 out of 50000000
DEBUG: Total gradient stack used is 201470 out of 10000000
DEBUG: Total dvariable address used is 2076 out of 150000
DEBUG: Total dvariable address used is 3873808 out of 50000000
DEBUG: Total gradient stack used is 201470 out of 10000000
DEBUG: Total dvariable address used is 2076 out of 150000
DEBUG: Total dvariable address used is 3873808 out of 50000000
DEBUG: Total gradient stack used is 201470 out of 10000000
DEBUG: Total dvariable address used is 2076 out of 150000
DEBUG: Total dvariable address used is 3873808 out of 50000000
DEBUG: Total gradient stack used is 201470 out of 10000000
DEBUG: Total dvariable address used is 2076 out of 150000
DEBUG: Total dvariable address used is 3873808 out of 50000000
DEBUG: Total gradient stack used is 201470 out of 10000000
DEBUG: Total dvariable address used is 2076 out of 150000
DEBUG: Total dvariable address used is 3873808 out of 50000000
DEBUG: Total gradient stack used is 201470 out of 10000000
DEBUG: Total dvariable address used is 2076 out of 150000
DEBUG: Total dvariable address used is 3873808 out of 50000000
DEBUG: Total gradient stack used is 201470 out of 10000000
DEBUG: Total dvariable address used is 2076 out of 150000
DEBUG: Total dvariable address used is 3873808 out of 50000000
DEBUG: Total gradient stack used is 201470 out of 10000000
DEBUG: Total dvariable address used is 2076 out of 150000
DEBUG: Total dvariable address used is 3873808 out of 50000000
DEBUG: Total gradient stack used is 201470 out of 10000000
DEBUG: Total dvariable address used is 2076 out of 150000
DEBUG: Total dvariable address used is 3873808 out of 50000000
DEBUG: Total gradient stack used is 201470 out of 10000000
DEBUG: Total dvariable address used is 2076 out of 150000
DEBUG: Total dvariable address used is 3873808 out of 50000000
DEBUG: Total gradient stack used is 201470 out of 10000000
DEBUG: Total dvariable address used is 2076 out of 150000
DEBUG: Total dvariable address used is 3873808 out of 50000000
DEBUG: Total gradient stack used is 201470 out of 10000000
DEBUG: Total dvariable address used is 2076 out of 150000
DEBUG: Total dvariable address used is 3873808 out of 50000000
DEBUG: Total gradient stack used is 201470 out of 10000000
DEBUG: Total dvariable address used is 2076 out of 150000
DEBUG: Total dvariable address used is 3873808 out of 50000000
DEBUG: Total gradient stack used is 201470 out of 10000000
DEBUG: Total dvariable address used is 2076 out of 150000
DEBUG: Total dvariable address used is 3873808 out of 50000000
DEBUG: Total gradient stack used is 201470 out of 10000000
DEBUG: Total dvariable address used is 2076 out of 150000
DEBUG: Total dvariable address used is 3873808 out of 50000000
DEBUG: Total gradient stack used is 201470 out of 10000000
DEBUG: Total dvariable address used is 2076 out of 150000
DEBUG: Total dvariable address used is 3873808 out of 50000000
phase= 1 | nvar=259 | iter=260 | nll=-1.74e+04 | mag=1.25e+04 | par[  1]=T_pars_est[2]
DEBUG: Total gradient stack used is 201470 out of 10000000
DEBUG: Total dvariable address used is 2076 out of 150000
DEBUG: Total dvariable address used is 3873808 out of 50000000
DEBUG: Total gradient stack used is 201470 out of 10000000
DEBUG: Total dvariable address used is 2076 out of 150000
DEBUG: Total dvariable address used is 3873808 out of 50000000
DEBUG: Total gradient stack used is 201470 out of 10000000
DEBUG: Total dvariable address used is 2076 out of 150000
DEBUG: Total dvariable address used is 3873808 out of 50000000
DEBUG: Total gradient stack used is 201470 out of 10000000
DEBUG: Total dvariable address used is 2076 out of 150000
DEBUG: Total dvariable address used is 3873808 out of 50000000
DEBUG: Total gradient stack used is 201470 out of 10000000
DEBUG: Total dvariable address used is 2076 out of 150000
DEBUG: Total dvariable address used is 3873808 out of 50000000
DEBUG: Total gradient stack used is 201470 out of 10000000
DEBUG: Total dvariable address used is 2076 out of 150000
DEBUG: Total dvariable address used is 3873808 out of 50000000
DEBUG: Total gradient stack used is 201470 out of 10000000
DEBUG: Total dvariable address used is 2076 out of 150000
DEBUG: Total dvariable address used is 3873808 out of 50000000
DEBUG: Total gradient stack used is 201470 out of 10000000
DEBUG: Total dvariable address used is 2076 out of 150000
DEBUG: Total dvariable address used is 3873808 out of 50000000
DEBUG: Total gradient stack used is 201470 out of 10000000
DEBUG: Total dvariable address used is 2076 out of 150000
DEBUG: Total dvariable address used is 3873808 out of 50000000
DEBUG: Total gradient stack used is 201470 out of 10000000
DEBUG: Total dvariable address used is 2076 out of 150000
DEBUG: Total dvariable address used is 3873808 out of 50000000
DEBUG: Total gradient stack used is 201470 out of 10000000
DEBUG: Total dvariable address used is 2076 out of 150000
DEBUG: Total dvariable address used is 3873808 out of 50000000
DEBUG: Total gradient stack used is 201470 out of 10000000
DEBUG: Total dvariable address used is 2076 out of 150000
DEBUG: Total dvariable address used is 3873808 out of 50000000
DEBUG: Total gradient stack used is 201596 out of 10000000
DEBUG: Total dvariable address used is 2076 out of 150000
DEBUG: Total dvariable address used is 3873808 out of 50000000
DEBUG: Total gradient stack used is 201470 out of 10000000
DEBUG: Total dvariable address used is 2076 out of 150000
DEBUG: Total dvariable address used is 3873808 out of 50000000
DEBUG: Total gradient stack used is 201470 out of 10000000
DEBUG: Total dvariable address used is 2076 out of 150000
DEBUG: Total dvariable address used is 3873808 out of 50000000
DEBUG: Total gradient stack used is 201470 out of 10000000
DEBUG: Total dvariable address used is 2076 out of 150000
DEBUG: Total dvariable address used is 3873808 out of 50000000
DEBUG: Total gradient stack used is 201470 out of 10000000
DEBUG: Total dvariable address used is 2076 out of 150000
DEBUG: Total dvariable address used is 3873808 out of 50000000
DEBUG: Total gradient stack used is 201470 out of 10000000
DEBUG: Total dvariable address used is 2076 out of 150000
DEBUG: Total dvariable address used is 3873808 out of 50000000
DEBUG: Total gradient stack used is 201470 out of 10000000
DEBUG: Total dvariable address used is 2076 out of 150000
DEBUG: Total dvariable address used is 3873808 out of 50000000
DEBUG: Total gradient stack used is 201470 out of 10000000
DEBUG: Total dvariable address used is 2076 out of 150000
DEBUG: Total dvariable address used is 3873808 out of 50000000
DEBUG: Total gradient stack used is 201470 out of 10000000
DEBUG: Total dvariable address used is 2076 out of 150000
DEBUG: Total dvariable address used is 3873808 out of 50000000
DEBUG: Total gradient stack used is 201470 out of 10000000
DEBUG: Total dvariable address used is 2076 out of 150000
DEBUG: Total dvariable address used is 3873808 out of 50000000
DEBUG: Total gradient stack used is 201470 out of 10000000
DEBUG: Total dvariable address used is 2076 out of 150000
DEBUG: Total dvariable address used is 3873808 out of 50000000
DEBUG: Total gradient stack used is 201470 out of 10000000
DEBUG: Total dvariable address used is 2076 out of 150000
DEBUG: Total dvariable address used is 3873808 out of 50000000
DEBUG: Total gradient stack used is 201470 out of 10000000
DEBUG: Total dvariable address used is 2076 out of 150000
DEBUG: Total dvariable address used is 3873808 out of 50000000
DEBUG: Total gradient stack used is 201470 out of 10000000
DEBUG: Total dvariable address used is 2076 out of 150000
DEBUG: Total dvariable address used is 3873808 out of 50000000
DEBUG: Total gradient stack used is 201470 out of 10000000
DEBUG: Total dvariable address used is 2076 out of 150000
DEBUG: Total dvariable address used is 3873808 out of 50000000
DEBUG: Total gradient stack used is 201470 out of 10000000
DEBUG: Total dvariable address used is 2076 out of 150000
DEBUG: Total dvariable address used is 3873808 out of 50000000
DEBUG: Total gradient stack used is 201470 out of 10000000
DEBUG: Total dvariable address used is 2076 out of 150000
DEBUG: Total dvariable address used is 3873808 out of 50000000
DEBUG: Total gradient stack used is 201470 out of 10000000
DEBUG: Total dvariable address used is 2076 out of 150000
DEBUG: Total dvariable address used is 3873808 out of 50000000
DEBUG: Total gradient stack used is 201470 out of 10000000
DEBUG: Total dvariable address used is 2076 out of 150000
DEBUG: Total dvariable address used is 3873808 out of 50000000
DEBUG: Total gradient stack used is 201470 out of 10000000
DEBUG: Total dvariable address used is 2076 out of 150000
DEBUG: Total dvariable address used is 3873808 out of 50000000
DEBUG: Total gradient stack used is 201470 out of 10000000
DEBUG: Total dvariable address used is 2076 out of 150000
DEBUG: Total dvariable address used is 3873808 out of 50000000
DEBUG: Total gradient stack used is 201470 out of 10000000
DEBUG: Total dvariable address used is 2076 out of 150000
DEBUG: Total dvariable address used is 3873808 out of 50000000
DEBUG: Total gradient stack used is 201470 out of 10000000
DEBUG: Total dvariable address used is 2076 out of 150000
DEBUG: Total dvariable address used is 3873808 out of 50000000
DEBUG: Total gradient stack used is 201470 out of 10000000
DEBUG: Total dvariable address used is 2076 out of 150000
DEBUG: Total dvariable address used is 3873808 out of 50000000
DEBUG: Total gradient stack used is 201470 out of 10000000
DEBUG: Total dvariable address used is 2076 out of 150000
DEBUG: Total dvariable address used is 3873808 out of 50000000
DEBUG: Total gradient stack used is 201554 out of 10000000
DEBUG: Total dvariable address used is 2076 out of 150000
DEBUG: Total dvariable address used is 3873808 out of 50000000
DEBUG: Total gradient stack used is 201470 out of 10000000
DEBUG: Total dvariable address used is 2076 out of 150000
DEBUG: Total dvariable address used is 3873808 out of 50000000
DEBUG: Total gradient stack used is 201470 out of 10000000
DEBUG: Total dvariable address used is 2076 out of 150000
DEBUG: Total dvariable address used is 3873808 out of 50000000
DEBUG: Total gradient stack used is 201470 out of 10000000
DEBUG: Total dvariable address used is 2076 out of 150000
DEBUG: Total dvariable address used is 3873808 out of 50000000
DEBUG: Total gradient stack used is 201470 out of 10000000
DEBUG: Total dvariable address used is 2076 out of 150000
DEBUG: Total dvariable address used is 3873808 out of 50000000
DEBUG: Total gradient stack used is 201470 out of 10000000
DEBUG: Total dvariable address used is 2076 out of 150000
DEBUG: Total dvariable address used is 3873808 out of 50000000
phase= 1 | nvar=259 | iter=280 | nll=-1.78e+04 | mag=7.53e+03 | par[  1]=T_pars_est[2]
DEBUG: Total gradient stack used is 201470 out of 10000000
DEBUG: Total dvariable address used is 2076 out of 150000
DEBUG: Total dvariable address used is 3873808 out of 50000000
DEBUG: Total gradient stack used is 201470 out of 10000000
DEBUG: Total dvariable address used is 2076 out of 150000
DEBUG: Total dvariable address used is 3873808 out of 50000000
DEBUG: Total gradient stack used is 201470 out of 10000000
DEBUG: Total dvariable address used is 2076 out of 150000
DEBUG: Total dvariable address used is 3873808 out of 50000000
DEBUG: Total gradient stack used is 201470 out of 10000000
DEBUG: Total dvariable address used is 2076 out of 150000
DEBUG: Total dvariable address used is 3873808 out of 50000000
DEBUG: Total gradient stack used is 201470 out of 10000000
DEBUG: Total dvariable address used is 2076 out of 150000
DEBUG: Total dvariable address used is 3873808 out of 50000000
DEBUG: Total gradient stack used is 201470 out of 10000000
DEBUG: Total dvariable address used is 2076 out of 150000
DEBUG: Total dvariable address used is 3873808 out of 50000000
DEBUG: Total gradient stack used is 201470 out of 10000000
DEBUG: Total dvariable address used is 2076 out of 150000
DEBUG: Total dvariable address used is 3873808 out of 50000000
DEBUG: Total gradient stack used is 201470 out of 10000000
DEBUG: Total dvariable address used is 2076 out of 150000
DEBUG: Total dvariable address used is 3873808 out of 50000000
DEBUG: Total gradient stack used is 201470 out of 10000000
DEBUG: Total dvariable address used is 2076 out of 150000
DEBUG: Total dvariable address used is 3873808 out of 50000000
DEBUG: Total gradient stack used is 201470 out of 10000000
DEBUG: Total dvariable address used is 2076 out of 150000
DEBUG: Total dvariable address used is 3873808 out of 50000000
DEBUG: Total gradient stack used is 201470 out of 10000000
DEBUG: Total dvariable address used is 2076 out of 150000
DEBUG: Total dvariable address used is 3873808 out of 50000000
DEBUG: Total gradient stack used is 201470 out of 10000000
DEBUG: Total dvariable address used is 2076 out of 150000
DEBUG: Total dvariable address used is 3873808 out of 50000000
DEBUG: Total gradient stack used is 201470 out of 10000000
DEBUG: Total dvariable address used is 2076 out of 150000
DEBUG: Total dvariable address used is 3873808 out of 50000000
DEBUG: Total gradient stack used is 201470 out of 10000000
DEBUG: Total dvariable address used is 2076 out of 150000
DEBUG: Total dvariable address used is 3873808 out of 50000000
DEBUG: Total gradient stack used is 201470 out of 10000000
DEBUG: Total dvariable address used is 2076 out of 150000
DEBUG: Total dvariable address used is 3873808 out of 50000000
DEBUG: Total gradient stack used is 201470 out of 10000000
DEBUG: Total dvariable address used is 2076 out of 150000
DEBUG: Total dvariable address used is 3873808 out of 50000000
DEBUG: Total gradient stack used is 201470 out of 10000000
DEBUG: Total dvariable address used is 2076 out of 150000
DEBUG: Total dvariable address used is 3873808 out of 50000000
DEBUG: Total gradient stack used is 201470 out of 10000000
DEBUG: Total dvariable address used is 2076 out of 150000
DEBUG: Total dvariable address used is 3873808 out of 50000000
DEBUG: Total gradient stack used is 201470 out of 10000000
DEBUG: Total dvariable address used is 2076 out of 150000
DEBUG: Total dvariable address used is 3873808 out of 50000000
DEBUG: Total gradient stack used is 201470 out of 10000000
DEBUG: Total dvariable address used is 2076 out of 150000
DEBUG: Total dvariable address used is 3873808 out of 50000000
phase= 1 | nvar=259 | iter=300 | nll=-1.84e+04 | mag=8.32e+03 | par[  1]=T_pars_est[2]
DEBUG: Total gradient stack used is 201470 out of 10000000
DEBUG: Total dvariable address used is 2076 out of 150000
DEBUG: Total dvariable address used is 3873808 out of 50000000
DEBUG: Total gradient stack used is 201470 out of 10000000
DEBUG: Total dvariable address used is 2076 out of 150000
DEBUG: Total dvariable address used is 3873808 out of 50000000
DEBUG: Total gradient stack used is 201470 out of 10000000
DEBUG: Total dvariable address used is 2076 out of 150000
DEBUG: Total dvariable address used is 3873808 out of 50000000
DEBUG: Total gradient stack used is 201470 out of 10000000
DEBUG: Total dvariable address used is 2076 out of 150000
DEBUG: Total dvariable address used is 3873808 out of 50000000
DEBUG: Total gradient stack used is 201470 out of 10000000
DEBUG: Total dvariable address used is 2076 out of 150000
DEBUG: Total dvariable address used is 3873808 out of 50000000
DEBUG: Total gradient stack used is 201470 out of 10000000
DEBUG: Total dvariable address used is 2076 out of 150000
DEBUG: Total dvariable address used is 3873808 out of 50000000
DEBUG: Total gradient stack used is 201470 out of 10000000
DEBUG: Total dvariable address used is 2076 out of 150000
DEBUG: Total dvariable address used is 3873808 out of 50000000
DEBUG: Total gradient stack used is 201470 out of 10000000
DEBUG: Total dvariable address used is 2076 out of 150000
DEBUG: Total dvariable address used is 3873808 out of 50000000
DEBUG: Total gradient stack used is 201470 out of 10000000
DEBUG: Total dvariable address used is 2076 out of 150000
DEBUG: Total dvariable address used is 3873808 out of 50000000
DEBUG: Total gradient stack used is 201470 out of 10000000
DEBUG: Total dvariable address used is 2076 out of 150000
DEBUG: Total dvariable address used is 3873808 out of 50000000
DEBUG: Total gradient stack used is 201470 out of 10000000
DEBUG: Total dvariable address used is 2076 out of 150000
DEBUG: Total dvariable address used is 3873808 out of 50000000
DEBUG: Total gradient stack used is 201470 out of 10000000
DEBUG: Total dvariable address used is 2076 out of 150000
DEBUG: Total dvariable address used is 3873808 out of 50000000
DEBUG: Total gradient stack used is 201470 out of 10000000
DEBUG: Total dvariable address used is 2076 out of 150000
DEBUG: Total dvariable address used is 3873808 out of 50000000
DEBUG: Total gradient stack used is 201470 out of 10000000
DEBUG: Total dvariable address used is 2076 out of 150000
DEBUG: Total dvariable address used is 3873808 out of 50000000
DEBUG: Total gradient stack used is 201470 out of 10000000
DEBUG: Total dvariable address used is 2076 out of 150000
DEBUG: Total dvariable address used is 3873808 out of 50000000
DEBUG: Total gradient stack used is 201470 out of 10000000
DEBUG: Total dvariable address used is 2076 out of 150000
DEBUG: Total dvariable address used is 3873808 out of 50000000
DEBUG: Total gradient stack used is 201470 out of 10000000
DEBUG: Total dvariable address used is 2076 out of 150000
DEBUG: Total dvariable address used is 3873808 out of 50000000
DEBUG: Total gradient stack used is 201470 out of 10000000
DEBUG: Total dvariable address used is 2076 out of 150000
DEBUG: Total dvariable address used is 3873808 out of 50000000
DEBUG: Total gradient stack used is 201470 out of 10000000
DEBUG: Total dvariable address used is 2076 out of 150000
DEBUG: Total dvariable address used is 3873808 out of 50000000
DEBUG: Total gradient stack used is 201470 out of 10000000
DEBUG: Total dvariable address used is 2076 out of 150000
DEBUG: Total dvariable address used is 3873808 out of 50000000
DEBUG: Total gradient stack used is 201470 out of 10000000
DEBUG: Total dvariable address used is 2076 out of 150000
DEBUG: Total dvariable address used is 3873808 out of 50000000
phase= 1 | nvar=259 | iter=320 | nll=-1.85e+04 | mag=3.61e+03 | par[  1]=T_pars_est[2]
DEBUG: Total gradient stack used is 201470 out of 10000000
DEBUG: Total dvariable address used is 2076 out of 150000
DEBUG: Total dvariable address used is 3873808 out of 50000000
DEBUG: Total gradient stack used is 201470 out of 10000000
DEBUG: Total dvariable address used is 2076 out of 150000
DEBUG: Total dvariable address used is 3873808 out of 50000000
DEBUG: Total gradient stack used is 201470 out of 10000000
DEBUG: Total dvariable address used is 2076 out of 150000
DEBUG: Total dvariable address used is 3873808 out of 50000000
DEBUG: Total gradient stack used is 201470 out of 10000000
DEBUG: Total dvariable address used is 2076 out of 150000
DEBUG: Total dvariable address used is 3873808 out of 50000000
DEBUG: Total gradient stack used is 201470 out of 10000000
DEBUG: Total dvariable address used is 2076 out of 150000
DEBUG: Total dvariable address used is 3873808 out of 50000000
DEBUG: Total gradient stack used is 201470 out of 10000000
DEBUG: Total dvariable address used is 2076 out of 150000
DEBUG: Total dvariable address used is 3873808 out of 50000000
DEBUG: Total gradient stack used is 201470 out of 10000000
DEBUG: Total dvariable address used is 2076 out of 150000
DEBUG: Total dvariable address used is 3873808 out of 50000000
DEBUG: Total gradient stack used is 201470 out of 10000000
DEBUG: Total dvariable address used is 2076 out of 150000
DEBUG: Total dvariable address used is 3873808 out of 50000000
DEBUG: Total gradient stack used is 201470 out of 10000000
DEBUG: Total dvariable address used is 2076 out of 150000
DEBUG: Total dvariable address used is 3873808 out of 50000000
DEBUG: Total gradient stack used is 201470 out of 10000000
DEBUG: Total dvariable address used is 2076 out of 150000
DEBUG: Total dvariable address used is 3873808 out of 50000000
DEBUG: Total gradient stack used is 201470 out of 10000000
DEBUG: Total dvariable address used is 2076 out of 150000
DEBUG: Total dvariable address used is 3873808 out of 50000000
DEBUG: Total gradient stack used is 201470 out of 10000000
DEBUG: Total dvariable address used is 2076 out of 150000
DEBUG: Total dvariable address used is 3873808 out of 50000000
DEBUG: Total gradient stack used is 201470 out of 10000000
DEBUG: Total dvariable address used is 2076 out of 150000
DEBUG: Total dvariable address used is 3873808 out of 50000000
DEBUG: Total gradient stack used is 201470 out of 10000000
DEBUG: Total dvariable address used is 2076 out of 150000
DEBUG: Total dvariable address used is 3873808 out of 50000000
DEBUG: Total gradient stack used is 201470 out of 10000000
DEBUG: Total dvariable address used is 2076 out of 150000
DEBUG: Total dvariable address used is 3873808 out of 50000000
DEBUG: Total gradient stack used is 201470 out of 10000000
DEBUG: Total dvariable address used is 2076 out of 150000
DEBUG: Total dvariable address used is 3873808 out of 50000000
DEBUG: Total gradient stack used is 201470 out of 10000000
DEBUG: Total dvariable address used is 2076 out of 150000
DEBUG: Total dvariable address used is 3873808 out of 50000000
DEBUG: Total gradient stack used is 201470 out of 10000000
DEBUG: Total dvariable address used is 2076 out of 150000
DEBUG: Total dvariable address used is 3873808 out of 50000000
DEBUG: Total gradient stack used is 201470 out of 10000000
DEBUG: Total dvariable address used is 2076 out of 150000
DEBUG: Total dvariable address used is 3873808 out of 50000000
DEBUG: Total gradient stack used is 201470 out of 10000000
DEBUG: Total dvariable address used is 2076 out of 150000
DEBUG: Total dvariable address used is 3873808 out of 50000000
phase= 1 | nvar=259 | iter=340 | nll=-1.86e+04 | mag=5.55e+02 | par[  2]=T_pars_est[3]
DEBUG: Total gradient stack used is 201470 out of 10000000
DEBUG: Total dvariable address used is 2076 out of 150000
DEBUG: Total dvariable address used is 3873808 out of 50000000
DEBUG: Total gradient stack used is 201470 out of 10000000
DEBUG: Total dvariable address used is 2076 out of 150000
DEBUG: Total dvariable address used is 3873808 out of 50000000
DEBUG: Total gradient stack used is 201470 out of 10000000
DEBUG: Total dvariable address used is 2076 out of 150000
DEBUG: Total dvariable address used is 3873808 out of 50000000
DEBUG: Total gradient stack used is 201470 out of 10000000
DEBUG: Total dvariable address used is 2076 out of 150000
DEBUG: Total dvariable address used is 3873808 out of 50000000
DEBUG: Total gradient stack used is 201470 out of 10000000
DEBUG: Total dvariable address used is 2076 out of 150000
DEBUG: Total dvariable address used is 3873808 out of 50000000
DEBUG: Total gradient stack used is 201470 out of 10000000
DEBUG: Total dvariable address used is 2076 out of 150000
DEBUG: Total dvariable address used is 3873808 out of 50000000
DEBUG: Total gradient stack used is 201470 out of 10000000
DEBUG: Total dvariable address used is 2076 out of 150000
DEBUG: Total dvariable address used is 3873808 out of 50000000
DEBUG: Total gradient stack used is 201470 out of 10000000
DEBUG: Total dvariable address used is 2076 out of 150000
DEBUG: Total dvariable address used is 3873808 out of 50000000
DEBUG: Total gradient stack used is 201470 out of 10000000
DEBUG: Total dvariable address used is 2076 out of 150000
DEBUG: Total dvariable address used is 3873808 out of 50000000
DEBUG: Total gradient stack used is 201470 out of 10000000
DEBUG: Total dvariable address used is 2076 out of 150000
DEBUG: Total dvariable address used is 3873808 out of 50000000
DEBUG: Total gradient stack used is 201470 out of 10000000
DEBUG: Total dvariable address used is 2076 out of 150000
DEBUG: Total dvariable address used is 3873808 out of 50000000
DEBUG: Total gradient stack used is 201470 out of 10000000
DEBUG: Total dvariable address used is 2076 out of 150000
DEBUG: Total dvariable address used is 3873808 out of 50000000
DEBUG: Total gradient stack used is 201470 out of 10000000
DEBUG: Total dvariable address used is 2076 out of 150000
DEBUG: Total dvariable address used is 3873808 out of 50000000
DEBUG: Total gradient stack used is 201470 out of 10000000
DEBUG: Total dvariable address used is 2076 out of 150000
DEBUG: Total dvariable address used is 3873808 out of 50000000
DEBUG: Total gradient stack used is 201470 out of 10000000
DEBUG: Total dvariable address used is 2076 out of 150000
DEBUG: Total dvariable address used is 3873808 out of 50000000
DEBUG: Total gradient stack used is 201470 out of 10000000
DEBUG: Total dvariable address used is 2076 out of 150000
DEBUG: Total dvariable address used is 3873808 out of 50000000
DEBUG: Total gradient stack used is 201470 out of 10000000
DEBUG: Total dvariable address used is 2076 out of 150000
DEBUG: Total dvariable address used is 3873808 out of 50000000
DEBUG: Total gradient stack used is 201470 out of 10000000
DEBUG: Total dvariable address used is 2076 out of 150000
DEBUG: Total dvariable address used is 3873808 out of 50000000
DEBUG: Total gradient stack used is 201470 out of 10000000
DEBUG: Total dvariable address used is 2076 out of 150000
DEBUG: Total dvariable address used is 3873808 out of 50000000
DEBUG: Total gradient stack used is 201470 out of 10000000
DEBUG: Total dvariable address used is 2076 out of 150000
DEBUG: Total dvariable address used is 3873808 out of 50000000
phase= 1 | nvar=259 | iter=360 | nll=-1.86e+04 | mag=1.17e+02 | par[  2]=T_pars_est[3]
DEBUG: Total gradient stack used is 201470 out of 10000000
DEBUG: Total dvariable address used is 2076 out of 150000
DEBUG: Total dvariable address used is 3873808 out of 50000000
DEBUG: Total gradient stack used is 201470 out of 10000000
DEBUG: Total dvariable address used is 2076 out of 150000
DEBUG: Total dvariable address used is 3873808 out of 50000000
DEBUG: Total gradient stack used is 201470 out of 10000000
DEBUG: Total dvariable address used is 2076 out of 150000
DEBUG: Total dvariable address used is 3873808 out of 50000000
DEBUG: Total gradient stack used is 201470 out of 10000000
DEBUG: Total dvariable address used is 2076 out of 150000
DEBUG: Total dvariable address used is 3873808 out of 50000000
DEBUG: Total gradient stack used is 201470 out of 10000000
DEBUG: Total dvariable address used is 2076 out of 150000
DEBUG: Total dvariable address used is 3873808 out of 50000000
DEBUG: Total gradient stack used is 201470 out of 10000000
DEBUG: Total dvariable address used is 2076 out of 150000
DEBUG: Total dvariable address used is 3873808 out of 50000000
DEBUG: Total gradient stack used is 201470 out of 10000000
DEBUG: Total dvariable address used is 2076 out of 150000
DEBUG: Total dvariable address used is 3873808 out of 50000000
DEBUG: Total gradient stack used is 201470 out of 10000000
DEBUG: Total dvariable address used is 2076 out of 150000
DEBUG: Total dvariable address used is 3873808 out of 50000000
DEBUG: Total gradient stack used is 201470 out of 10000000
DEBUG: Total dvariable address used is 2076 out of 150000
DEBUG: Total dvariable address used is 3873808 out of 50000000
DEBUG: Total gradient stack used is 201470 out of 10000000
DEBUG: Total dvariable address used is 2076 out of 150000
DEBUG: Total dvariable address used is 3873808 out of 50000000
DEBUG: Total gradient stack used is 201470 out of 10000000
DEBUG: Total dvariable address used is 2076 out of 150000
DEBUG: Total dvariable address used is 3873808 out of 50000000
DEBUG: Total gradient stack used is 201470 out of 10000000
DEBUG: Total dvariable address used is 2076 out of 150000
DEBUG: Total dvariable address used is 3873808 out of 50000000
DEBUG: Total gradient stack used is 201470 out of 10000000
DEBUG: Total dvariable address used is 2076 out of 150000
DEBUG: Total dvariable address used is 3873808 out of 50000000
DEBUG: Total gradient stack used is 201470 out of 10000000
DEBUG: Total dvariable address used is 2076 out of 150000
DEBUG: Total dvariable address used is 3873808 out of 50000000
DEBUG: Total gradient stack used is 201470 out of 10000000
DEBUG: Total dvariable address used is 2076 out of 150000
DEBUG: Total dvariable address used is 3873808 out of 50000000
DEBUG: Total gradient stack used is 201470 out of 10000000
DEBUG: Total dvariable address used is 2076 out of 150000
DEBUG: Total dvariable address used is 3873808 out of 50000000
DEBUG: Total gradient stack used is 201470 out of 10000000
DEBUG: Total dvariable address used is 2076 out of 150000
DEBUG: Total dvariable address used is 3873808 out of 50000000
DEBUG: Total gradient stack used is 201470 out of 10000000
DEBUG: Total dvariable address used is 2076 out of 150000
DEBUG: Total dvariable address used is 3873808 out of 50000000
DEBUG: Total gradient stack used is 201470 out of 10000000
DEBUG: Total dvariable address used is 2076 out of 150000
DEBUG: Total dvariable address used is 3873808 out of 50000000
DEBUG: Total gradient stack used is 201470 out of 10000000
DEBUG: Total dvariable address used is 2076 out of 150000
DEBUG: Total dvariable address used is 3873808 out of 50000000
phase= 1 | nvar=259 | iter=380 | nll=-1.86e+04 | mag=1.28e+01 | par[  1]=T_pars_est[2]
DEBUG: Total gradient stack used is 201470 out of 10000000
DEBUG: Total dvariable address used is 2076 out of 150000
DEBUG: Total dvariable address used is 3873808 out of 50000000
DEBUG: Total gradient stack used is 201470 out of 10000000
DEBUG: Total dvariable address used is 2076 out of 150000
DEBUG: Total dvariable address used is 3873808 out of 50000000
DEBUG: Total gradient stack used is 201470 out of 10000000
DEBUG: Total dvariable address used is 2076 out of 150000
DEBUG: Total dvariable address used is 3873808 out of 50000000
DEBUG: Total gradient stack used is 201470 out of 10000000
DEBUG: Total dvariable address used is 2076 out of 150000
DEBUG: Total dvariable address used is 3873808 out of 50000000
DEBUG: Total gradient stack used is 201470 out of 10000000
DEBUG: Total dvariable address used is 2076 out of 150000
DEBUG: Total dvariable address used is 3873808 out of 50000000
DEBUG: Total gradient stack used is 201470 out of 10000000
DEBUG: Total dvariable address used is 2076 out of 150000
DEBUG: Total dvariable address used is 3873808 out of 50000000
DEBUG: Total gradient stack used is 201470 out of 10000000
DEBUG: Total dvariable address used is 2076 out of 150000
DEBUG: Total dvariable address used is 3873808 out of 50000000
DEBUG: Total gradient stack used is 201470 out of 10000000
DEBUG: Total dvariable address used is 2076 out of 150000
DEBUG: Total dvariable address used is 3873808 out of 50000000
DEBUG: Total gradient stack used is 201470 out of 10000000
DEBUG: Total dvariable address used is 2076 out of 150000
DEBUG: Total dvariable address used is 3873808 out of 50000000
DEBUG: Total gradient stack used is 201470 out of 10000000
DEBUG: Total dvariable address used is 2076 out of 150000
DEBUG: Total dvariable address used is 3873808 out of 50000000
DEBUG: Total gradient stack used is 201470 out of 10000000
DEBUG: Total dvariable address used is 2076 out of 150000
DEBUG: Total dvariable address used is 3873808 out of 50000000
DEBUG: Total gradient stack used is 201470 out of 10000000
DEBUG: Total dvariable address used is 2076 out of 150000
DEBUG: Total dvariable address used is 3873808 out of 50000000
DEBUG: Total gradient stack used is 201470 out of 10000000
DEBUG: Total dvariable address used is 2076 out of 150000
DEBUG: Total dvariable address used is 3873808 out of 50000000
DEBUG: Total gradient stack used is 201470 out of 10000000
DEBUG: Total dvariable address used is 2076 out of 150000
DEBUG: Total dvariable address used is 3873808 out of 50000000
DEBUG: Total gradient stack used is 201470 out of 10000000
DEBUG: Total dvariable address used is 2076 out of 150000
DEBUG: Total dvariable address used is 3873808 out of 50000000
DEBUG: Total gradient stack used is 201470 out of 10000000
DEBUG: Total dvariable address used is 2076 out of 150000
DEBUG: Total dvariable address used is 3873808 out of 50000000
DEBUG: Total gradient stack used is 201470 out of 10000000
DEBUG: Total dvariable address used is 2076 out of 150000
DEBUG: Total dvariable address used is 3873808 out of 50000000
DEBUG: Total gradient stack used is 201470 out of 10000000
DEBUG: Total dvariable address used is 2076 out of 150000
DEBUG: Total dvariable address used is 3873808 out of 50000000
DEBUG: Total gradient stack used is 201470 out of 10000000
DEBUG: Total dvariable address used is 2076 out of 150000
DEBUG: Total dvariable address used is 3873808 out of 50000000
DEBUG: Total gradient stack used is 201470 out of 10000000
DEBUG: Total dvariable address used is 2076 out of 150000
DEBUG: Total dvariable address used is 3873808 out of 50000000
phase= 1 | nvar=259 | iter=400 | nll=-1.86e+04 | mag=9.02e-01 | par[  2]=T_pars_est[3]
DEBUG: Total gradient stack used is 201470 out of 10000000
DEBUG: Total dvariable address used is 2076 out of 150000
DEBUG: Total dvariable address used is 3873808 out of 50000000
DEBUG: Total gradient stack used is 201470 out of 10000000
DEBUG: Total dvariable address used is 2076 out of 150000
DEBUG: Total dvariable address used is 3873808 out of 50000000
DEBUG: Total gradient stack used is 201470 out of 10000000
DEBUG: Total dvariable address used is 2076 out of 150000
DEBUG: Total dvariable address used is 3873808 out of 50000000
DEBUG: Total gradient stack used is 201470 out of 10000000
DEBUG: Total dvariable address used is 2076 out of 150000
DEBUG: Total dvariable address used is 3873808 out of 50000000
DEBUG: Total gradient stack used is 201470 out of 10000000
DEBUG: Total dvariable address used is 2076 out of 150000
DEBUG: Total dvariable address used is 3873808 out of 50000000
DEBUG: Total gradient stack used is 201470 out of 10000000
DEBUG: Total dvariable address used is 2076 out of 150000
DEBUG: Total dvariable address used is 3873808 out of 50000000
DEBUG: Total gradient stack used is 201470 out of 10000000
DEBUG: Total dvariable address used is 2076 out of 150000
DEBUG: Total dvariable address used is 3873808 out of 50000000
DEBUG: Total gradient stack used is 201470 out of 10000000
DEBUG: Total dvariable address used is 2076 out of 150000
DEBUG: Total dvariable address used is 3873808 out of 50000000
DEBUG: Total gradient stack used is 201470 out of 10000000
DEBUG: Total dvariable address used is 2076 out of 150000
DEBUG: Total dvariable address used is 3873808 out of 50000000
DEBUG: Total gradient stack used is 201470 out of 10000000
DEBUG: Total dvariable address used is 2076 out of 150000
DEBUG: Total dvariable address used is 3873808 out of 50000000
DEBUG: Total gradient stack used is 201470 out of 10000000
DEBUG: Total dvariable address used is 2076 out of 150000
DEBUG: Total dvariable address used is 3873808 out of 50000000
DEBUG: Total gradient stack used is 201470 out of 10000000
DEBUG: Total dvariable address used is 2076 out of 150000
DEBUG: Total dvariable address used is 3873808 out of 50000000
DEBUG: Total gradient stack used is 201470 out of 10000000
DEBUG: Total dvariable address used is 2076 out of 150000
DEBUG: Total dvariable address used is 3873808 out of 50000000
DEBUG: Total gradient stack used is 201470 out of 10000000
DEBUG: Total dvariable address used is 2076 out of 150000
DEBUG: Total dvariable address used is 3873808 out of 50000000
DEBUG: Total gradient stack used is 201470 out of 10000000
DEBUG: Total dvariable address used is 2076 out of 150000
DEBUG: Total dvariable address used is 3873808 out of 50000000
DEBUG: Total gradient stack used is 201470 out of 10000000
DEBUG: Total dvariable address used is 2076 out of 150000
DEBUG: Total dvariable address used is 3873808 out of 50000000
DEBUG: Total gradient stack used is 201470 out of 10000000
DEBUG: Total dvariable address used is 2076 out of 150000
DEBUG: Total dvariable address used is 3873808 out of 50000000
DEBUG: Total gradient stack used is 201470 out of 10000000
DEBUG: Total dvariable address used is 2076 out of 150000
DEBUG: Total dvariable address used is 3873808 out of 50000000
DEBUG: Total gradient stack used is 201470 out of 10000000
DEBUG: Total dvariable address used is 2076 out of 150000
DEBUG: Total dvariable address used is 3873808 out of 50000000
DEBUG: Total gradient stack used is 201470 out of 10000000
DEBUG: Total dvariable address used is 2076 out of 150000
DEBUG: Total dvariable address used is 3873808 out of 50000000
phase= 1 | nvar=259 | iter=420 | nll=-1.86e+04 | mag=1.48e-01 | par[  2]=T_pars_est[3]
DEBUG: Total gradient stack used is 201470 out of 10000000
DEBUG: Total dvariable address used is 2076 out of 150000
DEBUG: Total dvariable address used is 3873808 out of 50000000
DEBUG: Total gradient stack used is 201470 out of 10000000
DEBUG: Total dvariable address used is 2076 out of 150000
DEBUG: Total dvariable address used is 3873808 out of 50000000
DEBUG: Total gradient stack used is 201470 out of 10000000
DEBUG: Total dvariable address used is 2076 out of 150000
DEBUG: Total dvariable address used is 3873808 out of 50000000
DEBUG: Total gradient stack used is 201470 out of 10000000
DEBUG: Total dvariable address used is 2076 out of 150000
DEBUG: Total dvariable address used is 3873808 out of 50000000
DEBUG: Total gradient stack used is 201470 out of 10000000
DEBUG: Total dvariable address used is 2076 out of 150000
DEBUG: Total dvariable address used is 3873808 out of 50000000
DEBUG: Total gradient stack used is 201470 out of 10000000
DEBUG: Total dvariable address used is 2076 out of 150000
DEBUG: Total dvariable address used is 3873808 out of 50000000
DEBUG: Total gradient stack used is 201470 out of 10000000
DEBUG: Total dvariable address used is 2076 out of 150000
DEBUG: Total dvariable address used is 3873808 out of 50000000
DEBUG: Total gradient stack used is 201470 out of 10000000
DEBUG: Total dvariable address used is 2076 out of 150000
DEBUG: Total dvariable address used is 3873808 out of 50000000
DEBUG: Total gradient stack used is 201470 out of 10000000
DEBUG: Total dvariable address used is 2076 out of 150000
DEBUG: Total dvariable address used is 3873808 out of 50000000
DEBUG: Total gradient stack used is 201470 out of 10000000
DEBUG: Total dvariable address used is 2076 out of 150000
DEBUG: Total dvariable address used is 3873808 out of 50000000
phase= 1 | nvar=259 | iter=430 | nll=-1.86e+04 | mag=8.91e-03 | par[  2]=T_pars_est[3]
DEBUG: Total gradient stack used is 0 out of 10000000
DEBUG: Total dvariable address used is 2076 out of 150000
DEBUG: Total dvariable address used is 3873808 out of 50000000
Starting REPORT_SECTION
+--------------------------+
| Beginning report section |
+--------------------------+
Finished WriteFiles
REPORT_SECTION: finished CreateOutput
REPORT_SECTION: finished save_gradients
Finished REPORT_SECTION

#--BETWEEN_PHASES_SECTION---------------------
#----Starting phase 2 of 4
Finished BETWEEN_PHASES_SECTION
----------------------------------------------
DEBUG: Total gradient stack used is 202279 out of 10000000
DEBUG: Total dvariable address used is 2076 out of 150000
DEBUG: Total dvariable address used is 3999296 out of 50000000
phase= 2 | nvar=303 | iter=  0 | nll=-1.85e+04 | mag=8.75e+03 | par[260]=logit_rec_prop_est[1]
DEBUG: Total gradient stack used is 202279 out of 10000000
DEBUG: Total dvariable address used is 2076 out of 150000
DEBUG: Total dvariable address used is 3999296 out of 50000000
DEBUG: Total gradient stack used is 202279 out of 10000000
DEBUG: Total dvariable address used is 2076 out of 150000
DEBUG: Total dvariable address used is 3999296 out of 50000000
DEBUG: Total gradient stack used is 202279 out of 10000000
DEBUG: Total dvariable address used is 2076 out of 150000
DEBUG: Total dvariable address used is 3999296 out of 50000000
DEBUG: Total gradient stack used is 202279 out of 10000000
DEBUG: Total dvariable address used is 2076 out of 150000
DEBUG: Total dvariable address used is 3999296 out of 50000000
DEBUG: Total gradient stack used is 202279 out of 10000000
DEBUG: Total dvariable address used is 2076 out of 150000
DEBUG: Total dvariable address used is 3999296 out of 50000000
DEBUG: Total gradient stack used is 202279 out of 10000000
DEBUG: Total dvariable address used is 2076 out of 150000
DEBUG: Total dvariable address used is 3999296 out of 50000000
DEBUG: Total gradient stack used is 202279 out of 10000000
DEBUG: Total dvariable address used is 2076 out of 150000
DEBUG: Total dvariable address used is 3999296 out of 50000000
DEBUG: Total gradient stack used is 202279 out of 10000000
DEBUG: Total dvariable address used is 2076 out of 150000
DEBUG: Total dvariable address used is 3999296 out of 50000000
DEBUG: Total gradient stack used is 202279 out of 10000000
DEBUG: Total dvariable address used is 2076 out of 150000
DEBUG: Total dvariable address used is 3999296 out of 50000000
DEBUG: Total gradient stack used is 202279 out of 10000000
DEBUG: Total dvariable address used is 2076 out of 150000
DEBUG: Total dvariable address used is 3999296 out of 50000000
DEBUG: Total gradient stack used is 202279 out of 10000000
DEBUG: Total dvariable address used is 2076 out of 150000
DEBUG: Total dvariable address used is 3999296 out of 50000000
DEBUG: Total gradient stack used is 202279 out of 10000000
DEBUG: Total dvariable address used is 2076 out of 150000
DEBUG: Total dvariable address used is 3999296 out of 50000000
DEBUG: Total gradient stack used is 202279 out of 10000000
DEBUG: Total dvariable address used is 2076 out of 150000
DEBUG: Total dvariable address used is 3999296 out of 50000000
DEBUG: Total gradient stack used is 202279 out of 10000000
DEBUG: Total dvariable address used is 2076 out of 150000
DEBUG: Total dvariable address used is 3999296 out of 50000000
DEBUG: Total gradient stack used is 202279 out of 10000000
DEBUG: Total dvariable address used is 2076 out of 150000
DEBUG: Total dvariable address used is 3999296 out of 50000000
DEBUG: Total gradient stack used is 202279 out of 10000000
DEBUG: Total dvariable address used is 2076 out of 150000
DEBUG: Total dvariable address used is 3999296 out of 50000000
DEBUG: Total gradient stack used is 202279 out of 10000000
DEBUG: Total dvariable address used is 2076 out of 150000
DEBUG: Total dvariable address used is 3999296 out of 50000000
DEBUG: Total gradient stack used is 202279 out of 10000000
DEBUG: Total dvariable address used is 2076 out of 150000
DEBUG: Total dvariable address used is 3999296 out of 50000000
DEBUG: Total gradient stack used is 202279 out of 10000000
DEBUG: Total dvariable address used is 2076 out of 150000
DEBUG: Total dvariable address used is 3999296 out of 50000000
DEBUG: Total gradient stack used is 202279 out of 10000000
DEBUG: Total dvariable address used is 2076 out of 150000
DEBUG: Total dvariable address used is 3999296 out of 50000000
DEBUG: Total gradient stack used is 202279 out of 10000000
DEBUG: Total dvariable address used is 2076 out of 150000
DEBUG: Total dvariable address used is 3999296 out of 50000000
DEBUG: Total gradient stack used is 202279 out of 10000000
DEBUG: Total dvariable address used is 2076 out of 150000
DEBUG: Total dvariable address used is 3999296 out of 50000000
DEBUG: Total gradient stack used is 202279 out of 10000000
DEBUG: Total dvariable address used is 2076 out of 150000
DEBUG: Total dvariable address used is 3999296 out of 50000000
DEBUG: Total gradient stack used is 202279 out of 10000000
DEBUG: Total dvariable address used is 2076 out of 150000
DEBUG: Total dvariable address used is 3999296 out of 50000000
phase= 2 | nvar=303 | iter= 20 | nll=-1.87e+04 | mag=1.03e+04 | par[263]=logit_rec_prop_est[4]
DEBUG: Total gradient stack used is 202279 out of 10000000
DEBUG: Total dvariable address used is 2076 out of 150000
DEBUG: Total dvariable address used is 3999296 out of 50000000
DEBUG: Total gradient stack used is 202279 out of 10000000
DEBUG: Total dvariable address used is 2076 out of 150000
DEBUG: Total dvariable address used is 3999296 out of 50000000
DEBUG: Total gradient stack used is 202279 out of 10000000
DEBUG: Total dvariable address used is 2076 out of 150000
DEBUG: Total dvariable address used is 3999296 out of 50000000
DEBUG: Total gradient stack used is 202279 out of 10000000
DEBUG: Total dvariable address used is 2076 out of 150000
DEBUG: Total dvariable address used is 3999296 out of 50000000
DEBUG: Total gradient stack used is 202279 out of 10000000
DEBUG: Total dvariable address used is 2076 out of 150000
DEBUG: Total dvariable address used is 3999296 out of 50000000
DEBUG: Total gradient stack used is 202279 out of 10000000
DEBUG: Total dvariable address used is 2076 out of 150000
DEBUG: Total dvariable address used is 3999296 out of 50000000
DEBUG: Total gradient stack used is 202279 out of 10000000
DEBUG: Total dvariable address used is 2076 out of 150000
DEBUG: Total dvariable address used is 3999296 out of 50000000
DEBUG: Total gradient stack used is 202279 out of 10000000
DEBUG: Total dvariable address used is 2076 out of 150000
DEBUG: Total dvariable address used is 3999296 out of 50000000
DEBUG: Total gradient stack used is 202279 out of 10000000
DEBUG: Total dvariable address used is 2076 out of 150000
DEBUG: Total dvariable address used is 3999296 out of 50000000
DEBUG: Total gradient stack used is 202279 out of 10000000
DEBUG: Total dvariable address used is 2076 out of 150000
DEBUG: Total dvariable address used is 3999296 out of 50000000
DEBUG: Total gradient stack used is 202279 out of 10000000
DEBUG: Total dvariable address used is 2076 out of 150000
DEBUG: Total dvariable address used is 3999296 out of 50000000
DEBUG: Total gradient stack used is 202279 out of 10000000
DEBUG: Total dvariable address used is 2076 out of 150000
DEBUG: Total dvariable address used is 3999296 out of 50000000
DEBUG: Total gradient stack used is 202279 out of 10000000
DEBUG: Total dvariable address used is 2076 out of 150000
DEBUG: Total dvariable address used is 3999296 out of 50000000
DEBUG: Total gradient stack used is 202279 out of 10000000
DEBUG: Total dvariable address used is 2076 out of 150000
DEBUG: Total dvariable address used is 3999296 out of 50000000
DEBUG: Total gradient stack used is 202279 out of 10000000
DEBUG: Total dvariable address used is 2076 out of 150000
DEBUG: Total dvariable address used is 3999296 out of 50000000
DEBUG: Total gradient stack used is 202279 out of 10000000
DEBUG: Total dvariable address used is 2076 out of 150000
DEBUG: Total dvariable address used is 3999296 out of 50000000
DEBUG: Total gradient stack used is 202279 out of 10000000
DEBUG: Total dvariable address used is 2076 out of 150000
DEBUG: Total dvariable address used is 3999296 out of 50000000
DEBUG: Total gradient stack used is 202279 out of 10000000
DEBUG: Total dvariable address used is 2076 out of 150000
DEBUG: Total dvariable address used is 3999296 out of 50000000
DEBUG: Total gradient stack used is 202279 out of 10000000
DEBUG: Total dvariable address used is 2076 out of 150000
DEBUG: Total dvariable address used is 3999296 out of 50000000
DEBUG: Total gradient stack used is 202279 out of 10000000
DEBUG: Total dvariable address used is 2076 out of 150000
DEBUG: Total dvariable address used is 3999296 out of 50000000
DEBUG: Total gradient stack used is 202279 out of 10000000
DEBUG: Total dvariable address used is 2076 out of 150000
DEBUG: Total dvariable address used is 3999296 out of 50000000
phase= 2 | nvar=303 | iter= 40 | nll=-1.88e+04 | mag=1.24e+04 | par[  2]=T_pars_est[3]
DEBUG: Total gradient stack used is 202279 out of 10000000
DEBUG: Total dvariable address used is 2076 out of 150000
DEBUG: Total dvariable address used is 3999296 out of 50000000
DEBUG: Total gradient stack used is 202279 out of 10000000
DEBUG: Total dvariable address used is 2076 out of 150000
DEBUG: Total dvariable address used is 3999296 out of 50000000
DEBUG: Total gradient stack used is 202279 out of 10000000
DEBUG: Total dvariable address used is 2076 out of 150000
DEBUG: Total dvariable address used is 3999296 out of 50000000
DEBUG: Total gradient stack used is 202279 out of 10000000
DEBUG: Total dvariable address used is 2076 out of 150000
DEBUG: Total dvariable address used is 3999296 out of 50000000
DEBUG: Total gradient stack used is 202279 out of 10000000
DEBUG: Total dvariable address used is 2076 out of 150000
DEBUG: Total dvariable address used is 3999296 out of 50000000
DEBUG: Total gradient stack used is 202279 out of 10000000
DEBUG: Total dvariable address used is 2076 out of 150000
DEBUG: Total dvariable address used is 3999296 out of 50000000
DEBUG: Total gradient stack used is 202279 out of 10000000
DEBUG: Total dvariable address used is 2076 out of 150000
DEBUG: Total dvariable address used is 3999296 out of 50000000
DEBUG: Total gradient stack used is 202279 out of 10000000
DEBUG: Total dvariable address used is 2076 out of 150000
DEBUG: Total dvariable address used is 3999296 out of 50000000
DEBUG: Total gradient stack used is 202279 out of 10000000
DEBUG: Total dvariable address used is 2076 out of 150000
DEBUG: Total dvariable address used is 3999296 out of 50000000
DEBUG: Total gradient stack used is 202279 out of 10000000
DEBUG: Total dvariable address used is 2076 out of 150000
DEBUG: Total dvariable address used is 3999296 out of 50000000
DEBUG: Total gradient stack used is 202279 out of 10000000
DEBUG: Total dvariable address used is 2076 out of 150000
DEBUG: Total dvariable address used is 3999296 out of 50000000
DEBUG: Total gradient stack used is 202279 out of 10000000
DEBUG: Total dvariable address used is 2076 out of 150000
DEBUG: Total dvariable address used is 3999296 out of 50000000
DEBUG: Total gradient stack used is 202279 out of 10000000
DEBUG: Total dvariable address used is 2076 out of 150000
DEBUG: Total dvariable address used is 3999296 out of 50000000
DEBUG: Total gradient stack used is 202279 out of 10000000
DEBUG: Total dvariable address used is 2076 out of 150000
DEBUG: Total dvariable address used is 3999296 out of 50000000
DEBUG: Total gradient stack used is 202279 out of 10000000
DEBUG: Total dvariable address used is 2076 out of 150000
DEBUG: Total dvariable address used is 3999296 out of 50000000
DEBUG: Total gradient stack used is 202279 out of 10000000
DEBUG: Total dvariable address used is 2076 out of 150000
DEBUG: Total dvariable address used is 3999296 out of 50000000
DEBUG: Total gradient stack used is 202279 out of 10000000
DEBUG: Total dvariable address used is 2076 out of 150000
DEBUG: Total dvariable address used is 3999296 out of 50000000
DEBUG: Total gradient stack used is 202279 out of 10000000
DEBUG: Total dvariable address used is 2076 out of 150000
DEBUG: Total dvariable address used is 3999296 out of 50000000
DEBUG: Total gradient stack used is 202279 out of 10000000
DEBUG: Total dvariable address used is 2076 out of 150000
DEBUG: Total dvariable address used is 3999296 out of 50000000
DEBUG: Total gradient stack used is 202279 out of 10000000
DEBUG: Total dvariable address used is 2076 out of 150000
DEBUG: Total dvariable address used is 3999296 out of 50000000
DEBUG: Total gradient stack used is 202279 out of 10000000
DEBUG: Total dvariable address used is 2076 out of 150000
DEBUG: Total dvariable address used is 3999296 out of 50000000
DEBUG: Total gradient stack used is 202279 out of 10000000
DEBUG: Total dvariable address used is 2076 out of 150000
DEBUG: Total dvariable address used is 3999296 out of 50000000
DEBUG: Total gradient stack used is 202279 out of 10000000
DEBUG: Total dvariable address used is 2076 out of 150000
DEBUG: Total dvariable address used is 3999296 out of 50000000
phase= 2 | nvar=303 | iter= 60 | nll=-1.88e+04 | mag=1.20e+04 | par[  2]=T_pars_est[3]
DEBUG: Total gradient stack used is 202279 out of 10000000
DEBUG: Total dvariable address used is 2076 out of 150000
DEBUG: Total dvariable address used is 3999296 out of 50000000
DEBUG: Total gradient stack used is 202279 out of 10000000
DEBUG: Total dvariable address used is 2076 out of 150000
DEBUG: Total dvariable address used is 3999296 out of 50000000
DEBUG: Total gradient stack used is 202279 out of 10000000
DEBUG: Total dvariable address used is 2076 out of 150000
DEBUG: Total dvariable address used is 3999296 out of 50000000
DEBUG: Total gradient stack used is 202279 out of 10000000
DEBUG: Total dvariable address used is 2076 out of 150000
DEBUG: Total dvariable address used is 3999296 out of 50000000
DEBUG: Total gradient stack used is 202279 out of 10000000
DEBUG: Total dvariable address used is 2076 out of 150000
DEBUG: Total dvariable address used is 3999296 out of 50000000
DEBUG: Total gradient stack used is 202279 out of 10000000
DEBUG: Total dvariable address used is 2076 out of 150000
DEBUG: Total dvariable address used is 3999296 out of 50000000
DEBUG: Total gradient stack used is 202279 out of 10000000
DEBUG: Total dvariable address used is 2076 out of 150000
DEBUG: Total dvariable address used is 3999296 out of 50000000
DEBUG: Total gradient stack used is 202279 out of 10000000
DEBUG: Total dvariable address used is 2076 out of 150000
DEBUG: Total dvariable address used is 3999296 out of 50000000
DEBUG: Total gradient stack used is 202279 out of 10000000
DEBUG: Total dvariable address used is 2076 out of 150000
DEBUG: Total dvariable address used is 3999296 out of 50000000
DEBUG: Total gradient stack used is 202279 out of 10000000
DEBUG: Total dvariable address used is 2076 out of 150000
DEBUG: Total dvariable address used is 3999296 out of 50000000
DEBUG: Total gradient stack used is 202279 out of 10000000
DEBUG: Total dvariable address used is 2076 out of 150000
DEBUG: Total dvariable address used is 3999296 out of 50000000
DEBUG: Total gradient stack used is 202279 out of 10000000
DEBUG: Total dvariable address used is 2076 out of 150000
DEBUG: Total dvariable address used is 3999296 out of 50000000
DEBUG: Total gradient stack used is 202279 out of 10000000
DEBUG: Total dvariable address used is 2076 out of 150000
DEBUG: Total dvariable address used is 3999296 out of 50000000
DEBUG: Total gradient stack used is 202279 out of 10000000
DEBUG: Total dvariable address used is 2076 out of 150000
DEBUG: Total dvariable address used is 3999296 out of 50000000
DEBUG: Total gradient stack used is 202279 out of 10000000
DEBUG: Total dvariable address used is 2076 out of 150000
DEBUG: Total dvariable address used is 3999296 out of 50000000
DEBUG: Total gradient stack used is 202279 out of 10000000
DEBUG: Total dvariable address used is 2076 out of 150000
DEBUG: Total dvariable address used is 3999296 out of 50000000
DEBUG: Total gradient stack used is 202279 out of 10000000
DEBUG: Total dvariable address used is 2076 out of 150000
DEBUG: Total dvariable address used is 3999296 out of 50000000
DEBUG: Total gradient stack used is 202279 out of 10000000
DEBUG: Total dvariable address used is 2076 out of 150000
DEBUG: Total dvariable address used is 3999296 out of 50000000
DEBUG: Total gradient stack used is 202279 out of 10000000
DEBUG: Total dvariable address used is 2076 out of 150000
DEBUG: Total dvariable address used is 3999296 out of 50000000
DEBUG: Total gradient stack used is 202279 out of 10000000
DEBUG: Total dvariable address used is 2076 out of 150000
DEBUG: Total dvariable address used is 3999296 out of 50000000
phase= 2 | nvar=303 | iter= 80 | nll=-1.88e+04 | mag=1.18e+04 | par[  2]=T_pars_est[3]
DEBUG: Total gradient stack used is 202279 out of 10000000
DEBUG: Total dvariable address used is 2076 out of 150000
DEBUG: Total dvariable address used is 3999296 out of 50000000
DEBUG: Total gradient stack used is 202279 out of 10000000
DEBUG: Total dvariable address used is 2076 out of 150000
DEBUG: Total dvariable address used is 3999296 out of 50000000
DEBUG: Total gradient stack used is 202279 out of 10000000
DEBUG: Total dvariable address used is 2076 out of 150000
DEBUG: Total dvariable address used is 3999296 out of 50000000
DEBUG: Total gradient stack used is 202279 out of 10000000
DEBUG: Total dvariable address used is 2076 out of 150000
DEBUG: Total dvariable address used is 3999296 out of 50000000
DEBUG: Total gradient stack used is 202279 out of 10000000
DEBUG: Total dvariable address used is 2076 out of 150000
DEBUG: Total dvariable address used is 3999296 out of 50000000
DEBUG: Total gradient stack used is 202279 out of 10000000
DEBUG: Total dvariable address used is 2076 out of 150000
DEBUG: Total dvariable address used is 3999296 out of 50000000
DEBUG: Total gradient stack used is 202279 out of 10000000
DEBUG: Total dvariable address used is 2076 out of 150000
DEBUG: Total dvariable address used is 3999296 out of 50000000
DEBUG: Total gradient stack used is 202279 out of 10000000
DEBUG: Total dvariable address used is 2076 out of 150000
DEBUG: Total dvariable address used is 3999296 out of 50000000
DEBUG: Total gradient stack used is 202279 out of 10000000
DEBUG: Total dvariable address used is 2076 out of 150000
DEBUG: Total dvariable address used is 3999296 out of 50000000
DEBUG: Total gradient stack used is 202279 out of 10000000
DEBUG: Total dvariable address used is 2076 out of 150000
DEBUG: Total dvariable address used is 3999296 out of 50000000
DEBUG: Total gradient stack used is 202279 out of 10000000
DEBUG: Total dvariable address used is 2076 out of 150000
DEBUG: Total dvariable address used is 3999296 out of 50000000
DEBUG: Total gradient stack used is 202279 out of 10000000
DEBUG: Total dvariable address used is 2076 out of 150000
DEBUG: Total dvariable address used is 3999296 out of 50000000
DEBUG: Total gradient stack used is 202279 out of 10000000
DEBUG: Total dvariable address used is 2076 out of 150000
DEBUG: Total dvariable address used is 3999296 out of 50000000
DEBUG: Total gradient stack used is 202279 out of 10000000
DEBUG: Total dvariable address used is 2076 out of 150000
DEBUG: Total dvariable address used is 3999296 out of 50000000
DEBUG: Total gradient stack used is 202279 out of 10000000
DEBUG: Total dvariable address used is 2076 out of 150000
DEBUG: Total dvariable address used is 3999296 out of 50000000
DEBUG: Total gradient stack used is 202279 out of 10000000
DEBUG: Total dvariable address used is 2076 out of 150000
DEBUG: Total dvariable address used is 3999296 out of 50000000
DEBUG: Total gradient stack used is 202279 out of 10000000
DEBUG: Total dvariable address used is 2076 out of 150000
DEBUG: Total dvariable address used is 3999296 out of 50000000
DEBUG: Total gradient stack used is 202279 out of 10000000
DEBUG: Total dvariable address used is 2076 out of 150000
DEBUG: Total dvariable address used is 3999296 out of 50000000
DEBUG: Total gradient stack used is 202279 out of 10000000
DEBUG: Total dvariable address used is 2076 out of 150000
DEBUG: Total dvariable address used is 3999296 out of 50000000
DEBUG: Total gradient stack used is 202279 out of 10000000
DEBUG: Total dvariable address used is 2076 out of 150000
DEBUG: Total dvariable address used is 3999296 out of 50000000
phase= 2 | nvar=303 | iter=100 | nll=-1.88e+04 | mag=9.22e+03 | par[  2]=T_pars_est[3]
DEBUG: Total gradient stack used is 202279 out of 10000000
DEBUG: Total dvariable address used is 2076 out of 150000
DEBUG: Total dvariable address used is 3999296 out of 50000000
DEBUG: Total gradient stack used is 202279 out of 10000000
DEBUG: Total dvariable address used is 2076 out of 150000
DEBUG: Total dvariable address used is 3999296 out of 50000000
DEBUG: Total gradient stack used is 202279 out of 10000000
DEBUG: Total dvariable address used is 2076 out of 150000
DEBUG: Total dvariable address used is 3999296 out of 50000000
DEBUG: Total gradient stack used is 202279 out of 10000000
DEBUG: Total dvariable address used is 2076 out of 150000
DEBUG: Total dvariable address used is 3999296 out of 50000000
DEBUG: Total gradient stack used is 202279 out of 10000000
DEBUG: Total dvariable address used is 2076 out of 150000
DEBUG: Total dvariable address used is 3999296 out of 50000000
DEBUG: Total gradient stack used is 202279 out of 10000000
DEBUG: Total dvariable address used is 2076 out of 150000
DEBUG: Total dvariable address used is 3999296 out of 50000000
DEBUG: Total gradient stack used is 202279 out of 10000000
DEBUG: Total dvariable address used is 2076 out of 150000
DEBUG: Total dvariable address used is 3999296 out of 50000000
DEBUG: Total gradient stack used is 202279 out of 10000000
DEBUG: Total dvariable address used is 2076 out of 150000
DEBUG: Total dvariable address used is 3999296 out of 50000000
DEBUG: Total gradient stack used is 202279 out of 10000000
DEBUG: Total dvariable address used is 2076 out of 150000
DEBUG: Total dvariable address used is 3999296 out of 50000000
DEBUG: Total gradient stack used is 202279 out of 10000000
DEBUG: Total dvariable address used is 2076 out of 150000
DEBUG: Total dvariable address used is 3999296 out of 50000000
DEBUG: Total gradient stack used is 202279 out of 10000000
DEBUG: Total dvariable address used is 2076 out of 150000
DEBUG: Total dvariable address used is 3999296 out of 50000000
DEBUG: Total gradient stack used is 202279 out of 10000000
DEBUG: Total dvariable address used is 2076 out of 150000
DEBUG: Total dvariable address used is 3999296 out of 50000000
DEBUG: Total gradient stack used is 202279 out of 10000000
DEBUG: Total dvariable address used is 2076 out of 150000
DEBUG: Total dvariable address used is 3999296 out of 50000000
DEBUG: Total gradient stack used is 202279 out of 10000000
DEBUG: Total dvariable address used is 2076 out of 150000
DEBUG: Total dvariable address used is 3999296 out of 50000000
DEBUG: Total gradient stack used is 202279 out of 10000000
DEBUG: Total dvariable address used is 2076 out of 150000
DEBUG: Total dvariable address used is 3999296 out of 50000000
DEBUG: Total gradient stack used is 202279 out of 10000000
DEBUG: Total dvariable address used is 2076 out of 150000
DEBUG: Total dvariable address used is 3999296 out of 50000000
DEBUG: Total gradient stack used is 202279 out of 10000000
DEBUG: Total dvariable address used is 2076 out of 150000
DEBUG: Total dvariable address used is 3999296 out of 50000000
DEBUG: Total gradient stack used is 202279 out of 10000000
DEBUG: Total dvariable address used is 2076 out of 150000
DEBUG: Total dvariable address used is 3999296 out of 50000000
DEBUG: Total gradient stack used is 202279 out of 10000000
DEBUG: Total dvariable address used is 2076 out of 150000
DEBUG: Total dvariable address used is 3999296 out of 50000000
DEBUG: Total gradient stack used is 202279 out of 10000000
DEBUG: Total dvariable address used is 2076 out of 150000
DEBUG: Total dvariable address used is 3999296 out of 50000000
DEBUG: Total gradient stack used is 202279 out of 10000000
DEBUG: Total dvariable address used is 2076 out of 150000
DEBUG: Total dvariable address used is 3999296 out of 50000000
DEBUG: Total gradient stack used is 202279 out of 10000000
DEBUG: Total dvariable address used is 2076 out of 150000
DEBUG: Total dvariable address used is 3999296 out of 50000000
DEBUG: Total gradient stack used is 202279 out of 10000000
DEBUG: Total dvariable address used is 2076 out of 150000
DEBUG: Total dvariable address used is 3999296 out of 50000000
phase= 2 | nvar=303 | iter=120 | nll=-1.88e+04 | mag=7.03e+03 | par[  2]=T_pars_est[3]
DEBUG: Total gradient stack used is 202279 out of 10000000
DEBUG: Total dvariable address used is 2076 out of 150000
DEBUG: Total dvariable address used is 3999296 out of 50000000
DEBUG: Total gradient stack used is 202279 out of 10000000
DEBUG: Total dvariable address used is 2076 out of 150000
DEBUG: Total dvariable address used is 3999296 out of 50000000
DEBUG: Total gradient stack used is 202279 out of 10000000
DEBUG: Total dvariable address used is 2076 out of 150000
DEBUG: Total dvariable address used is 3999296 out of 50000000
DEBUG: Total gradient stack used is 202279 out of 10000000
DEBUG: Total dvariable address used is 2076 out of 150000
DEBUG: Total dvariable address used is 3999296 out of 50000000
DEBUG: Total gradient stack used is 202279 out of 10000000
DEBUG: Total dvariable address used is 2076 out of 150000
DEBUG: Total dvariable address used is 3999296 out of 50000000
DEBUG: Total gradient stack used is 202279 out of 10000000
DEBUG: Total dvariable address used is 2076 out of 150000
DEBUG: Total dvariable address used is 3999296 out of 50000000
DEBUG: Total gradient stack used is 202279 out of 10000000
DEBUG: Total dvariable address used is 2076 out of 150000
DEBUG: Total dvariable address used is 3999296 out of 50000000
DEBUG: Total gradient stack used is 202279 out of 10000000
DEBUG: Total dvariable address used is 2076 out of 150000
DEBUG: Total dvariable address used is 3999296 out of 50000000
DEBUG: Total gradient stack used is 202279 out of 10000000
DEBUG: Total dvariable address used is 2076 out of 150000
DEBUG: Total dvariable address used is 3999296 out of 50000000
DEBUG: Total gradient stack used is 202279 out of 10000000
DEBUG: Total dvariable address used is 2076 out of 150000
DEBUG: Total dvariable address used is 3999296 out of 50000000
DEBUG: Total gradient stack used is 202279 out of 10000000
DEBUG: Total dvariable address used is 2076 out of 150000
DEBUG: Total dvariable address used is 3999296 out of 50000000
DEBUG: Total gradient stack used is 202279 out of 10000000
DEBUG: Total dvariable address used is 2076 out of 150000
DEBUG: Total dvariable address used is 3999296 out of 50000000
DEBUG: Total gradient stack used is 202279 out of 10000000
DEBUG: Total dvariable address used is 2076 out of 150000
DEBUG: Total dvariable address used is 3999296 out of 50000000
DEBUG: Total gradient stack used is 202279 out of 10000000
DEBUG: Total dvariable address used is 2076 out of 150000
DEBUG: Total dvariable address used is 3999296 out of 50000000
DEBUG: Total gradient stack used is 202279 out of 10000000
DEBUG: Total dvariable address used is 2076 out of 150000
DEBUG: Total dvariable address used is 3999296 out of 50000000
DEBUG: Total gradient stack used is 202279 out of 10000000
DEBUG: Total dvariable address used is 2076 out of 150000
DEBUG: Total dvariable address used is 3999296 out of 50000000
DEBUG: Total gradient stack used is 202279 out of 10000000
DEBUG: Total dvariable address used is 2076 out of 150000
DEBUG: Total dvariable address used is 3999296 out of 50000000
DEBUG: Total gradient stack used is 202279 out of 10000000
DEBUG: Total dvariable address used is 2076 out of 150000
DEBUG: Total dvariable address used is 3999296 out of 50000000
DEBUG: Total gradient stack used is 202279 out of 10000000
DEBUG: Total dvariable address used is 2076 out of 150000
DEBUG: Total dvariable address used is 3999296 out of 50000000
DEBUG: Total gradient stack used is 202279 out of 10000000
DEBUG: Total dvariable address used is 2076 out of 150000
DEBUG: Total dvariable address used is 3999296 out of 50000000
DEBUG: Total gradient stack used is 202279 out of 10000000
DEBUG: Total dvariable address used is 2076 out of 150000
DEBUG: Total dvariable address used is 3999296 out of 50000000
phase= 2 | nvar=303 | iter=140 | nll=-1.89e+04 | mag=8.36e+03 | par[  2]=T_pars_est[3]
DEBUG: Total gradient stack used is 202279 out of 10000000
DEBUG: Total dvariable address used is 2076 out of 150000
DEBUG: Total dvariable address used is 3999296 out of 50000000
DEBUG: Total gradient stack used is 202279 out of 10000000
DEBUG: Total dvariable address used is 2076 out of 150000
DEBUG: Total dvariable address used is 3999296 out of 50000000
DEBUG: Total gradient stack used is 202279 out of 10000000
DEBUG: Total dvariable address used is 2076 out of 150000
DEBUG: Total dvariable address used is 3999296 out of 50000000
DEBUG: Total gradient stack used is 202279 out of 10000000
DEBUG: Total dvariable address used is 2076 out of 150000
DEBUG: Total dvariable address used is 3999296 out of 50000000
DEBUG: Total gradient stack used is 202279 out of 10000000
DEBUG: Total dvariable address used is 2076 out of 150000
DEBUG: Total dvariable address used is 3999296 out of 50000000
DEBUG: Total gradient stack used is 202279 out of 10000000
DEBUG: Total dvariable address used is 2076 out of 150000
DEBUG: Total dvariable address used is 3999296 out of 50000000
DEBUG: Total gradient stack used is 202279 out of 10000000
DEBUG: Total dvariable address used is 2076 out of 150000
DEBUG: Total dvariable address used is 3999296 out of 50000000
DEBUG: Total gradient stack used is 202279 out of 10000000
DEBUG: Total dvariable address used is 2076 out of 150000
DEBUG: Total dvariable address used is 3999296 out of 50000000
DEBUG: Total gradient stack used is 202279 out of 10000000
DEBUG: Total dvariable address used is 2076 out of 150000
DEBUG: Total dvariable address used is 3999296 out of 50000000
DEBUG: Total gradient stack used is 202279 out of 10000000
DEBUG: Total dvariable address used is 2076 out of 150000
DEBUG: Total dvariable address used is 3999296 out of 50000000
DEBUG: Total gradient stack used is 202279 out of 10000000
DEBUG: Total dvariable address used is 2076 out of 150000
DEBUG: Total dvariable address used is 3999296 out of 50000000
DEBUG: Total gradient stack used is 202279 out of 10000000
DEBUG: Total dvariable address used is 2076 out of 150000
DEBUG: Total dvariable address used is 3999296 out of 50000000
DEBUG: Total gradient stack used is 202279 out of 10000000
DEBUG: Total dvariable address used is 2076 out of 150000
DEBUG: Total dvariable address used is 3999296 out of 50000000
DEBUG: Total gradient stack used is 202279 out of 10000000
DEBUG: Total dvariable address used is 2076 out of 150000
DEBUG: Total dvariable address used is 3999296 out of 50000000
DEBUG: Total gradient stack used is 202279 out of 10000000
DEBUG: Total dvariable address used is 2076 out of 150000
DEBUG: Total dvariable address used is 3999296 out of 50000000
DEBUG: Total gradient stack used is 202279 out of 10000000
DEBUG: Total dvariable address used is 2076 out of 150000
DEBUG: Total dvariable address used is 3999296 out of 50000000
DEBUG: Total gradient stack used is 202279 out of 10000000
DEBUG: Total dvariable address used is 2076 out of 150000
DEBUG: Total dvariable address used is 3999296 out of 50000000
DEBUG: Total gradient stack used is 202279 out of 10000000
DEBUG: Total dvariable address used is 2076 out of 150000
DEBUG: Total dvariable address used is 3999296 out of 50000000
DEBUG: Total gradient stack used is 202279 out of 10000000
DEBUG: Total dvariable address used is 2076 out of 150000
DEBUG: Total dvariable address used is 3999296 out of 50000000
DEBUG: Total gradient stack used is 202279 out of 10000000
DEBUG: Total dvariable address used is 2076 out of 150000
DEBUG: Total dvariable address used is 3999296 out of 50000000
DEBUG: Total gradient stack used is 202279 out of 10000000
DEBUG: Total dvariable address used is 2076 out of 150000
DEBUG: Total dvariable address used is 3999296 out of 50000000
DEBUG: Total gradient stack used is 202279 out of 10000000
DEBUG: Total dvariable address used is 2076 out of 150000
DEBUG: Total dvariable address used is 3999296 out of 50000000
DEBUG: Total gradient stack used is 202279 out of 10000000
DEBUG: Total dvariable address used is 2076 out of 150000
DEBUG: Total dvariable address used is 3999296 out of 50000000
DEBUG: Total gradient stack used is 202279 out of 10000000
DEBUG: Total dvariable address used is 2076 out of 150000
DEBUG: Total dvariable address used is 3999296 out of 50000000
DEBUG: Total gradient stack used is 202279 out of 10000000
DEBUG: Total dvariable address used is 2076 out of 150000
DEBUG: Total dvariable address used is 3999296 out of 50000000
DEBUG: Total gradient stack used is 202279 out of 10000000
DEBUG: Total dvariable address used is 2076 out of 150000
DEBUG: Total dvariable address used is 3999296 out of 50000000
phase= 2 | nvar=303 | iter=160 | nll=-1.89e+04 | mag=6.79e+03 | par[  2]=T_pars_est[3]
DEBUG: Total gradient stack used is 202279 out of 10000000
DEBUG: Total dvariable address used is 2076 out of 150000
DEBUG: Total dvariable address used is 3999296 out of 50000000
DEBUG: Total gradient stack used is 202279 out of 10000000
DEBUG: Total dvariable address used is 2076 out of 150000
DEBUG: Total dvariable address used is 3999296 out of 50000000
DEBUG: Total gradient stack used is 202279 out of 10000000
DEBUG: Total dvariable address used is 2076 out of 150000
DEBUG: Total dvariable address used is 3999296 out of 50000000
DEBUG: Total gradient stack used is 202279 out of 10000000
DEBUG: Total dvariable address used is 2076 out of 150000
DEBUG: Total dvariable address used is 3999296 out of 50000000
DEBUG: Total gradient stack used is 202279 out of 10000000
DEBUG: Total dvariable address used is 2076 out of 150000
DEBUG: Total dvariable address used is 3999296 out of 50000000
DEBUG: Total gradient stack used is 202279 out of 10000000
DEBUG: Total dvariable address used is 2076 out of 150000
DEBUG: Total dvariable address used is 3999296 out of 50000000
DEBUG: Total gradient stack used is 202279 out of 10000000
DEBUG: Total dvariable address used is 2076 out of 150000
DEBUG: Total dvariable address used is 3999296 out of 50000000
DEBUG: Total gradient stack used is 202279 out of 10000000
DEBUG: Total dvariable address used is 2076 out of 150000
DEBUG: Total dvariable address used is 3999296 out of 50000000
DEBUG: Total gradient stack used is 202279 out of 10000000
DEBUG: Total dvariable address used is 2076 out of 150000
DEBUG: Total dvariable address used is 3999296 out of 50000000
DEBUG: Total gradient stack used is 202279 out of 10000000
DEBUG: Total dvariable address used is 2076 out of 150000
DEBUG: Total dvariable address used is 3999296 out of 50000000
DEBUG: Total gradient stack used is 202279 out of 10000000
DEBUG: Total dvariable address used is 2076 out of 150000
DEBUG: Total dvariable address used is 3999296 out of 50000000
DEBUG: Total gradient stack used is 202279 out of 10000000
DEBUG: Total dvariable address used is 2076 out of 150000
DEBUG: Total dvariable address used is 3999296 out of 50000000
DEBUG: Total gradient stack used is 202279 out of 10000000
DEBUG: Total dvariable address used is 2076 out of 150000
DEBUG: Total dvariable address used is 3999296 out of 50000000
DEBUG: Total gradient stack used is 202279 out of 10000000
DEBUG: Total dvariable address used is 2076 out of 150000
DEBUG: Total dvariable address used is 3999296 out of 50000000
DEBUG: Total gradient stack used is 202279 out of 10000000
DEBUG: Total dvariable address used is 2076 out of 150000
DEBUG: Total dvariable address used is 3999296 out of 50000000
DEBUG: Total gradient stack used is 202279 out of 10000000
DEBUG: Total dvariable address used is 2076 out of 150000
DEBUG: Total dvariable address used is 3999296 out of 50000000
DEBUG: Total gradient stack used is 202279 out of 10000000
DEBUG: Total dvariable address used is 2076 out of 150000
DEBUG: Total dvariable address used is 3999296 out of 50000000
DEBUG: Total gradient stack used is 202279 out of 10000000
DEBUG: Total dvariable address used is 2076 out of 150000
DEBUG: Total dvariable address used is 3999296 out of 50000000
DEBUG: Total gradient stack used is 202279 out of 10000000
DEBUG: Total dvariable address used is 2076 out of 150000
DEBUG: Total dvariable address used is 3999296 out of 50000000
DEBUG: Total gradient stack used is 202279 out of 10000000
DEBUG: Total dvariable address used is 2076 out of 150000
DEBUG: Total dvariable address used is 3999296 out of 50000000
DEBUG: Total gradient stack used is 202279 out of 10000000
DEBUG: Total dvariable address used is 2076 out of 150000
DEBUG: Total dvariable address used is 3999296 out of 50000000
DEBUG: Total gradient stack used is 202279 out of 10000000
DEBUG: Total dvariable address used is 2076 out of 150000
DEBUG: Total dvariable address used is 3999296 out of 50000000
DEBUG: Total gradient stack used is 202279 out of 10000000
DEBUG: Total dvariable address used is 2076 out of 150000
DEBUG: Total dvariable address used is 3999296 out of 50000000
DEBUG: Total gradient stack used is 202279 out of 10000000
DEBUG: Total dvariable address used is 2076 out of 150000
DEBUG: Total dvariable address used is 3999296 out of 50000000
DEBUG: Total gradient stack used is 202279 out of 10000000
DEBUG: Total dvariable address used is 2076 out of 150000
DEBUG: Total dvariable address used is 3999296 out of 50000000
DEBUG: Total gradient stack used is 202279 out of 10000000
DEBUG: Total dvariable address used is 2076 out of 150000
DEBUG: Total dvariable address used is 3999296 out of 50000000
DEBUG: Total gradient stack used is 202279 out of 10000000
DEBUG: Total dvariable address used is 2076 out of 150000
DEBUG: Total dvariable address used is 3999296 out of 50000000
DEBUG: Total gradient stack used is 202279 out of 10000000
DEBUG: Total dvariable address used is 2076 out of 150000
DEBUG: Total dvariable address used is 3999296 out of 50000000
phase= 2 | nvar=303 | iter=180 | nll=-1.89e+04 | mag=4.38e+03 | par[  2]=T_pars_est[3]
DEBUG: Total gradient stack used is 202279 out of 10000000
DEBUG: Total dvariable address used is 2076 out of 150000
DEBUG: Total dvariable address used is 3999296 out of 50000000
DEBUG: Total gradient stack used is 202279 out of 10000000
DEBUG: Total dvariable address used is 2076 out of 150000
DEBUG: Total dvariable address used is 3999296 out of 50000000
DEBUG: Total gradient stack used is 202279 out of 10000000
DEBUG: Total dvariable address used is 2076 out of 150000
DEBUG: Total dvariable address used is 3999296 out of 50000000
DEBUG: Total gradient stack used is 202279 out of 10000000
DEBUG: Total dvariable address used is 2076 out of 150000
DEBUG: Total dvariable address used is 3999296 out of 50000000
DEBUG: Total gradient stack used is 202279 out of 10000000
DEBUG: Total dvariable address used is 2076 out of 150000
DEBUG: Total dvariable address used is 3999296 out of 50000000
DEBUG: Total gradient stack used is 202279 out of 10000000
DEBUG: Total dvariable address used is 2076 out of 150000
DEBUG: Total dvariable address used is 3999296 out of 50000000
DEBUG: Total gradient stack used is 202279 out of 10000000
DEBUG: Total dvariable address used is 2076 out of 150000
DEBUG: Total dvariable address used is 3999296 out of 50000000
DEBUG: Total gradient stack used is 202279 out of 10000000
DEBUG: Total dvariable address used is 2076 out of 150000
DEBUG: Total dvariable address used is 3999296 out of 50000000
DEBUG: Total gradient stack used is 202279 out of 10000000
DEBUG: Total dvariable address used is 2076 out of 150000
DEBUG: Total dvariable address used is 3999296 out of 50000000
DEBUG: Total gradient stack used is 202279 out of 10000000
DEBUG: Total dvariable address used is 2076 out of 150000
DEBUG: Total dvariable address used is 3999296 out of 50000000
DEBUG: Total gradient stack used is 202279 out of 10000000
DEBUG: Total dvariable address used is 2076 out of 150000
DEBUG: Total dvariable address used is 3999296 out of 50000000
DEBUG: Total gradient stack used is 202279 out of 10000000
DEBUG: Total dvariable address used is 2076 out of 150000
DEBUG: Total dvariable address used is 3999296 out of 50000000
DEBUG: Total gradient stack used is 202279 out of 10000000
DEBUG: Total dvariable address used is 2076 out of 150000
DEBUG: Total dvariable address used is 3999296 out of 50000000
DEBUG: Total gradient stack used is 202279 out of 10000000
DEBUG: Total dvariable address used is 2076 out of 150000
DEBUG: Total dvariable address used is 3999296 out of 50000000
DEBUG: Total gradient stack used is 202279 out of 10000000
DEBUG: Total dvariable address used is 2076 out of 150000
DEBUG: Total dvariable address used is 3999296 out of 50000000
DEBUG: Total gradient stack used is 202279 out of 10000000
DEBUG: Total dvariable address used is 2076 out of 150000
DEBUG: Total dvariable address used is 3999296 out of 50000000
DEBUG: Total gradient stack used is 202279 out of 10000000
DEBUG: Total dvariable address used is 2076 out of 150000
DEBUG: Total dvariable address used is 3999296 out of 50000000
DEBUG: Total gradient stack used is 202279 out of 10000000
DEBUG: Total dvariable address used is 2076 out of 150000
DEBUG: Total dvariable address used is 3999296 out of 50000000
DEBUG: Total gradient stack used is 202279 out of 10000000
DEBUG: Total dvariable address used is 2076 out of 150000
DEBUG: Total dvariable address used is 3999296 out of 50000000
DEBUG: Total gradient stack used is 202279 out of 10000000
DEBUG: Total dvariable address used is 2076 out of 150000
DEBUG: Total dvariable address used is 3999296 out of 50000000
DEBUG: Total gradient stack used is 202279 out of 10000000
DEBUG: Total dvariable address used is 2076 out of 150000
DEBUG: Total dvariable address used is 3999296 out of 50000000
DEBUG: Total gradient stack used is 202279 out of 10000000
DEBUG: Total dvariable address used is 2076 out of 150000
DEBUG: Total dvariable address used is 3999296 out of 50000000
DEBUG: Total gradient stack used is 202279 out of 10000000
DEBUG: Total dvariable address used is 2076 out of 150000
DEBUG: Total dvariable address used is 3999296 out of 50000000
DEBUG: Total gradient stack used is 202279 out of 10000000
DEBUG: Total dvariable address used is 2076 out of 150000
DEBUG: Total dvariable address used is 3999296 out of 50000000
DEBUG: Total gradient stack used is 202279 out of 10000000
DEBUG: Total dvariable address used is 2076 out of 150000
DEBUG: Total dvariable address used is 3999296 out of 50000000
phase= 2 | nvar=303 | iter=200 | nll=-1.89e+04 | mag=3.48e+03 | par[  2]=T_pars_est[3]
DEBUG: Total gradient stack used is 202279 out of 10000000
DEBUG: Total dvariable address used is 2076 out of 150000
DEBUG: Total dvariable address used is 3999296 out of 50000000
DEBUG: Total gradient stack used is 202279 out of 10000000
DEBUG: Total dvariable address used is 2076 out of 150000
DEBUG: Total dvariable address used is 3999296 out of 50000000
DEBUG: Total gradient stack used is 202279 out of 10000000
DEBUG: Total dvariable address used is 2076 out of 150000
DEBUG: Total dvariable address used is 3999296 out of 50000000
DEBUG: Total gradient stack used is 202279 out of 10000000
DEBUG: Total dvariable address used is 2076 out of 150000
DEBUG: Total dvariable address used is 3999296 out of 50000000
DEBUG: Total gradient stack used is 202279 out of 10000000
DEBUG: Total dvariable address used is 2076 out of 150000
DEBUG: Total dvariable address used is 3999296 out of 50000000
DEBUG: Total gradient stack used is 202279 out of 10000000
DEBUG: Total dvariable address used is 2076 out of 150000
DEBUG: Total dvariable address used is 3999296 out of 50000000
DEBUG: Total gradient stack used is 202279 out of 10000000
DEBUG: Total dvariable address used is 2076 out of 150000
DEBUG: Total dvariable address used is 3999296 out of 50000000
DEBUG: Total gradient stack used is 202279 out of 10000000
DEBUG: Total dvariable address used is 2076 out of 150000
DEBUG: Total dvariable address used is 3999296 out of 50000000
DEBUG: Total gradient stack used is 202279 out of 10000000
DEBUG: Total dvariable address used is 2076 out of 150000
DEBUG: Total dvariable address used is 3999296 out of 50000000
DEBUG: Total gradient stack used is 202279 out of 10000000
DEBUG: Total dvariable address used is 2076 out of 150000
DEBUG: Total dvariable address used is 3999296 out of 50000000
DEBUG: Total gradient stack used is 202279 out of 10000000
DEBUG: Total dvariable address used is 2076 out of 150000
DEBUG: Total dvariable address used is 3999296 out of 50000000
DEBUG: Total gradient stack used is 202279 out of 10000000
DEBUG: Total dvariable address used is 2076 out of 150000
DEBUG: Total dvariable address used is 3999296 out of 50000000
DEBUG: Total gradient stack used is 202279 out of 10000000
DEBUG: Total dvariable address used is 2076 out of 150000
DEBUG: Total dvariable address used is 3999296 out of 50000000
DEBUG: Total gradient stack used is 202279 out of 10000000
DEBUG: Total dvariable address used is 2076 out of 150000
DEBUG: Total dvariable address used is 3999296 out of 50000000
DEBUG: Total gradient stack used is 202279 out of 10000000
DEBUG: Total dvariable address used is 2076 out of 150000
DEBUG: Total dvariable address used is 3999296 out of 50000000
DEBUG: Total gradient stack used is 202279 out of 10000000
DEBUG: Total dvariable address used is 2076 out of 150000
DEBUG: Total dvariable address used is 3999296 out of 50000000
DEBUG: Total gradient stack used is 202279 out of 10000000
DEBUG: Total dvariable address used is 2076 out of 150000
DEBUG: Total dvariable address used is 3999296 out of 50000000
DEBUG: Total gradient stack used is 202279 out of 10000000
DEBUG: Total dvariable address used is 2076 out of 150000
DEBUG: Total dvariable address used is 3999296 out of 50000000
DEBUG: Total gradient stack used is 202279 out of 10000000
DEBUG: Total dvariable address used is 2076 out of 150000
DEBUG: Total dvariable address used is 3999296 out of 50000000
DEBUG: Total gradient stack used is 202279 out of 10000000
DEBUG: Total dvariable address used is 2076 out of 150000
DEBUG: Total dvariable address used is 3999296 out of 50000000
DEBUG: Total gradient stack used is 202279 out of 10000000
DEBUG: Total dvariable address used is 2076 out of 150000
DEBUG: Total dvariable address used is 3999296 out of 50000000
DEBUG: Total gradient stack used is 202279 out of 10000000
DEBUG: Total dvariable address used is 2076 out of 150000
DEBUG: Total dvariable address used is 3999296 out of 50000000
DEBUG: Total gradient stack used is 202279 out of 10000000
DEBUG: Total dvariable address used is 2076 out of 150000
DEBUG: Total dvariable address used is 3999296 out of 50000000
DEBUG: Total gradient stack used is 202279 out of 10000000
DEBUG: Total dvariable address used is 2076 out of 150000
DEBUG: Total dvariable address used is 3999296 out of 50000000
DEBUG: Total gradient stack used is 202279 out of 10000000
DEBUG: Total dvariable address used is 2076 out of 150000
DEBUG: Total dvariable address used is 3999296 out of 50000000
DEBUG: Total gradient stack used is 202279 out of 10000000
DEBUG: Total dvariable address used is 2076 out of 150000
DEBUG: Total dvariable address used is 3999296 out of 50000000
DEBUG: Total gradient stack used is 202279 out of 10000000
DEBUG: Total dvariable address used is 2076 out of 150000
DEBUG: Total dvariable address used is 3999296 out of 50000000
DEBUG: Total gradient stack used is 202279 out of 10000000
DEBUG: Total dvariable address used is 2076 out of 150000
DEBUG: Total dvariable address used is 3999296 out of 50000000
DEBUG: Total gradient stack used is 202279 out of 10000000
DEBUG: Total dvariable address used is 2076 out of 150000
DEBUG: Total dvariable address used is 3999296 out of 50000000
phase= 2 | nvar=303 | iter=220 | nll=-1.89e+04 | mag=2.46e+03 | par[  2]=T_pars_est[3]
DEBUG: Total gradient stack used is 202279 out of 10000000
DEBUG: Total dvariable address used is 2076 out of 150000
DEBUG: Total dvariable address used is 3999296 out of 50000000
DEBUG: Total gradient stack used is 202279 out of 10000000
DEBUG: Total dvariable address used is 2076 out of 150000
DEBUG: Total dvariable address used is 3999296 out of 50000000
DEBUG: Total gradient stack used is 202279 out of 10000000
DEBUG: Total dvariable address used is 2076 out of 150000
DEBUG: Total dvariable address used is 3999296 out of 50000000
DEBUG: Total gradient stack used is 202279 out of 10000000
DEBUG: Total dvariable address used is 2076 out of 150000
DEBUG: Total dvariable address used is 3999296 out of 50000000
DEBUG: Total gradient stack used is 202279 out of 10000000
DEBUG: Total dvariable address used is 2076 out of 150000
DEBUG: Total dvariable address used is 3999296 out of 50000000
DEBUG: Total gradient stack used is 202279 out of 10000000
DEBUG: Total dvariable address used is 2076 out of 150000
DEBUG: Total dvariable address used is 3999296 out of 50000000
DEBUG: Total gradient stack used is 202279 out of 10000000
DEBUG: Total dvariable address used is 2076 out of 150000
DEBUG: Total dvariable address used is 3999296 out of 50000000
DEBUG: Total gradient stack used is 202279 out of 10000000
DEBUG: Total dvariable address used is 2076 out of 150000
DEBUG: Total dvariable address used is 3999296 out of 50000000
DEBUG: Total gradient stack used is 202279 out of 10000000
DEBUG: Total dvariable address used is 2076 out of 150000
DEBUG: Total dvariable address used is 3999296 out of 50000000
DEBUG: Total gradient stack used is 202279 out of 10000000
DEBUG: Total dvariable address used is 2076 out of 150000
DEBUG: Total dvariable address used is 3999296 out of 50000000
DEBUG: Total gradient stack used is 202279 out of 10000000
DEBUG: Total dvariable address used is 2076 out of 150000
DEBUG: Total dvariable address used is 3999296 out of 50000000
DEBUG: Total gradient stack used is 202279 out of 10000000
DEBUG: Total dvariable address used is 2076 out of 150000
DEBUG: Total dvariable address used is 3999296 out of 50000000
DEBUG: Total gradient stack used is 202279 out of 10000000
DEBUG: Total dvariable address used is 2076 out of 150000
DEBUG: Total dvariable address used is 3999296 out of 50000000
DEBUG: Total gradient stack used is 202279 out of 10000000
DEBUG: Total dvariable address used is 2076 out of 150000
DEBUG: Total dvariable address used is 3999296 out of 50000000
DEBUG: Total gradient stack used is 202279 out of 10000000
DEBUG: Total dvariable address used is 2076 out of 150000
DEBUG: Total dvariable address used is 3999296 out of 50000000
DEBUG: Total gradient stack used is 202279 out of 10000000
DEBUG: Total dvariable address used is 2076 out of 150000
DEBUG: Total dvariable address used is 3999296 out of 50000000
DEBUG: Total gradient stack used is 202279 out of 10000000
DEBUG: Total dvariable address used is 2076 out of 150000
DEBUG: Total dvariable address used is 3999296 out of 50000000
DEBUG: Total gradient stack used is 202279 out of 10000000
DEBUG: Total dvariable address used is 2076 out of 150000
DEBUG: Total dvariable address used is 3999296 out of 50000000
DEBUG: Total gradient stack used is 202279 out of 10000000
DEBUG: Total dvariable address used is 2076 out of 150000
DEBUG: Total dvariable address used is 3999296 out of 50000000
DEBUG: Total gradient stack used is 202279 out of 10000000
DEBUG: Total dvariable address used is 2076 out of 150000
DEBUG: Total dvariable address used is 3999296 out of 50000000
DEBUG: Total gradient stack used is 202279 out of 10000000
DEBUG: Total dvariable address used is 2076 out of 150000
DEBUG: Total dvariable address used is 3999296 out of 50000000
DEBUG: Total gradient stack used is 202279 out of 10000000
DEBUG: Total dvariable address used is 2076 out of 150000
DEBUG: Total dvariable address used is 3999296 out of 50000000
DEBUG: Total gradient stack used is 202279 out of 10000000
DEBUG: Total dvariable address used is 2076 out of 150000
DEBUG: Total dvariable address used is 3999296 out of 50000000
DEBUG: Total gradient stack used is 202279 out of 10000000
DEBUG: Total dvariable address used is 2076 out of 150000
DEBUG: Total dvariable address used is 3999296 out of 50000000
DEBUG: Total gradient stack used is 202279 out of 10000000
DEBUG: Total dvariable address used is 2076 out of 150000
DEBUG: Total dvariable address used is 3999296 out of 50000000
DEBUG: Total gradient stack used is 202279 out of 10000000
DEBUG: Total dvariable address used is 2076 out of 150000
DEBUG: Total dvariable address used is 3999296 out of 50000000
DEBUG: Total gradient stack used is 202279 out of 10000000
DEBUG: Total dvariable address used is 2076 out of 150000
DEBUG: Total dvariable address used is 3999296 out of 50000000
DEBUG: Total gradient stack used is 202279 out of 10000000
DEBUG: Total dvariable address used is 2076 out of 150000
DEBUG: Total dvariable address used is 3999296 out of 50000000
DEBUG: Total gradient stack used is 202279 out of 10000000
DEBUG: Total dvariable address used is 2076 out of 150000
DEBUG: Total dvariable address used is 3999296 out of 50000000
DEBUG: Total gradient stack used is 202279 out of 10000000
DEBUG: Total dvariable address used is 2076 out of 150000
DEBUG: Total dvariable address used is 3999296 out of 50000000
DEBUG: Total gradient stack used is 202279 out of 10000000
DEBUG: Total dvariable address used is 2076 out of 150000
DEBUG: Total dvariable address used is 3999296 out of 50000000
DEBUG: Total gradient stack used is 202279 out of 10000000
DEBUG: Total dvariable address used is 2076 out of 150000
DEBUG: Total dvariable address used is 3999296 out of 50000000
DEBUG: Total gradient stack used is 202279 out of 10000000
DEBUG: Total dvariable address used is 2076 out of 150000
DEBUG: Total dvariable address used is 3999296 out of 50000000
phase= 2 | nvar=303 | iter=240 | nll=-1.89e+04 | mag=3.98e+03 | par[  2]=T_pars_est[3]
DEBUG: Total gradient stack used is 202279 out of 10000000
DEBUG: Total dvariable address used is 2076 out of 150000
DEBUG: Total dvariable address used is 3999296 out of 50000000
DEBUG: Total gradient stack used is 202279 out of 10000000
DEBUG: Total dvariable address used is 2076 out of 150000
DEBUG: Total dvariable address used is 3999296 out of 50000000
DEBUG: Total gradient stack used is 202279 out of 10000000
DEBUG: Total dvariable address used is 2076 out of 150000
DEBUG: Total dvariable address used is 3999296 out of 50000000
DEBUG: Total gradient stack used is 202279 out of 10000000
DEBUG: Total dvariable address used is 2076 out of 150000
DEBUG: Total dvariable address used is 3999296 out of 50000000
DEBUG: Total gradient stack used is 202279 out of 10000000
DEBUG: Total dvariable address used is 2076 out of 150000
DEBUG: Total dvariable address used is 3999296 out of 50000000
DEBUG: Total gradient stack used is 202279 out of 10000000
DEBUG: Total dvariable address used is 2076 out of 150000
DEBUG: Total dvariable address used is 3999296 out of 50000000
DEBUG: Total gradient stack used is 202279 out of 10000000
DEBUG: Total dvariable address used is 2076 out of 150000
DEBUG: Total dvariable address used is 3999296 out of 50000000
DEBUG: Total gradient stack used is 202279 out of 10000000
DEBUG: Total dvariable address used is 2076 out of 150000
DEBUG: Total dvariable address used is 3999296 out of 50000000
DEBUG: Total gradient stack used is 202279 out of 10000000
DEBUG: Total dvariable address used is 2076 out of 150000
DEBUG: Total dvariable address used is 3999296 out of 50000000
DEBUG: Total gradient stack used is 202279 out of 10000000
DEBUG: Total dvariable address used is 2076 out of 150000
DEBUG: Total dvariable address used is 3999296 out of 50000000
DEBUG: Total gradient stack used is 202279 out of 10000000
DEBUG: Total dvariable address used is 2076 out of 150000
DEBUG: Total dvariable address used is 3999296 out of 50000000
DEBUG: Total gradient stack used is 202279 out of 10000000
DEBUG: Total dvariable address used is 2076 out of 150000
DEBUG: Total dvariable address used is 3999296 out of 50000000
DEBUG: Total gradient stack used is 202279 out of 10000000
DEBUG: Total dvariable address used is 2076 out of 150000
DEBUG: Total dvariable address used is 3999296 out of 50000000
DEBUG: Total gradient stack used is 202279 out of 10000000
DEBUG: Total dvariable address used is 2076 out of 150000
DEBUG: Total dvariable address used is 3999296 out of 50000000
DEBUG: Total gradient stack used is 202279 out of 10000000
DEBUG: Total dvariable address used is 2076 out of 150000
DEBUG: Total dvariable address used is 3999296 out of 50000000
DEBUG: Total gradient stack used is 202279 out of 10000000
DEBUG: Total dvariable address used is 2076 out of 150000
DEBUG: Total dvariable address used is 3999296 out of 50000000
DEBUG: Total gradient stack used is 202279 out of 10000000
DEBUG: Total dvariable address used is 2076 out of 150000
DEBUG: Total dvariable address used is 3999296 out of 50000000
DEBUG: Total gradient stack used is 202279 out of 10000000
DEBUG: Total dvariable address used is 2076 out of 150000
DEBUG: Total dvariable address used is 3999296 out of 50000000
DEBUG: Total gradient stack used is 202279 out of 10000000
DEBUG: Total dvariable address used is 2076 out of 150000
DEBUG: Total dvariable address used is 3999296 out of 50000000
DEBUG: Total gradient stack used is 202279 out of 10000000
DEBUG: Total dvariable address used is 2076 out of 150000
DEBUG: Total dvariable address used is 3999296 out of 50000000
DEBUG: Total gradient stack used is 202279 out of 10000000
DEBUG: Total dvariable address used is 2076 out of 150000
DEBUG: Total dvariable address used is 3999296 out of 50000000
DEBUG: Total gradient stack used is 202279 out of 10000000
DEBUG: Total dvariable address used is 2076 out of 150000
DEBUG: Total dvariable address used is 3999296 out of 50000000
DEBUG: Total gradient stack used is 202279 out of 10000000
DEBUG: Total dvariable address used is 2076 out of 150000
DEBUG: Total dvariable address used is 3999296 out of 50000000
DEBUG: Total gradient stack used is 202279 out of 10000000
DEBUG: Total dvariable address used is 2076 out of 150000
DEBUG: Total dvariable address used is 3999296 out of 50000000
DEBUG: Total gradient stack used is 202279 out of 10000000
DEBUG: Total dvariable address used is 2076 out of 150000
DEBUG: Total dvariable address used is 3999296 out of 50000000
DEBUG: Total gradient stack used is 202279 out of 10000000
DEBUG: Total dvariable address used is 2076 out of 150000
DEBUG: Total dvariable address used is 3999296 out of 50000000
DEBUG: Total gradient stack used is 202279 out of 10000000
DEBUG: Total dvariable address used is 2076 out of 150000
DEBUG: Total dvariable address used is 3999296 out of 50000000
DEBUG: Total gradient stack used is 202279 out of 10000000
DEBUG: Total dvariable address used is 2076 out of 150000
DEBUG: Total dvariable address used is 3999296 out of 50000000
DEBUG: Total gradient stack used is 202279 out of 10000000
DEBUG: Total dvariable address used is 2076 out of 150000
DEBUG: Total dvariable address used is 3999296 out of 50000000
DEBUG: Total gradient stack used is 202279 out of 10000000
DEBUG: Total dvariable address used is 2076 out of 150000
DEBUG: Total dvariable address used is 3999296 out of 50000000
phase= 2 | nvar=303 | iter=260 | nll=-1.89e+04 | mag=3.29e+03 | par[  2]=T_pars_est[3]
DEBUG: Total gradient stack used is 202279 out of 10000000
DEBUG: Total dvariable address used is 2076 out of 150000
DEBUG: Total dvariable address used is 3999296 out of 50000000
DEBUG: Total gradient stack used is 202279 out of 10000000
DEBUG: Total dvariable address used is 2076 out of 150000
DEBUG: Total dvariable address used is 3999296 out of 50000000
DEBUG: Total gradient stack used is 202279 out of 10000000
DEBUG: Total dvariable address used is 2076 out of 150000
DEBUG: Total dvariable address used is 3999296 out of 50000000
DEBUG: Total gradient stack used is 202279 out of 10000000
DEBUG: Total dvariable address used is 2076 out of 150000
DEBUG: Total dvariable address used is 3999296 out of 50000000
DEBUG: Total gradient stack used is 202279 out of 10000000
DEBUG: Total dvariable address used is 2076 out of 150000
DEBUG: Total dvariable address used is 3999296 out of 50000000
DEBUG: Total gradient stack used is 202279 out of 10000000
DEBUG: Total dvariable address used is 2076 out of 150000
DEBUG: Total dvariable address used is 3999296 out of 50000000
DEBUG: Total gradient stack used is 202279 out of 10000000
DEBUG: Total dvariable address used is 2076 out of 150000
DEBUG: Total dvariable address used is 3999296 out of 50000000
DEBUG: Total gradient stack used is 202279 out of 10000000
DEBUG: Total dvariable address used is 2076 out of 150000
DEBUG: Total dvariable address used is 3999296 out of 50000000
DEBUG: Total gradient stack used is 202279 out of 10000000
DEBUG: Total dvariable address used is 2076 out of 150000
DEBUG: Total dvariable address used is 3999296 out of 50000000
DEBUG: Total gradient stack used is 202279 out of 10000000
DEBUG: Total dvariable address used is 2076 out of 150000
DEBUG: Total dvariable address used is 3999296 out of 50000000
DEBUG: Total gradient stack used is 202279 out of 10000000
DEBUG: Total dvariable address used is 2076 out of 150000
DEBUG: Total dvariable address used is 3999296 out of 50000000
DEBUG: Total gradient stack used is 202279 out of 10000000
DEBUG: Total dvariable address used is 2076 out of 150000
DEBUG: Total dvariable address used is 3999296 out of 50000000
DEBUG: Total gradient stack used is 202279 out of 10000000
DEBUG: Total dvariable address used is 2076 out of 150000
DEBUG: Total dvariable address used is 3999296 out of 50000000
DEBUG: Total gradient stack used is 202279 out of 10000000
DEBUG: Total dvariable address used is 2076 out of 150000
DEBUG: Total dvariable address used is 3999296 out of 50000000
DEBUG: Total gradient stack used is 202279 out of 10000000
DEBUG: Total dvariable address used is 2076 out of 150000
DEBUG: Total dvariable address used is 3999296 out of 50000000
DEBUG: Total gradient stack used is 202279 out of 10000000
DEBUG: Total dvariable address used is 2076 out of 150000
DEBUG: Total dvariable address used is 3999296 out of 50000000
DEBUG: Total gradient stack used is 202279 out of 10000000
DEBUG: Total dvariable address used is 2076 out of 150000
DEBUG: Total dvariable address used is 3999296 out of 50000000
DEBUG: Total gradient stack used is 202279 out of 10000000
DEBUG: Total dvariable address used is 2076 out of 150000
DEBUG: Total dvariable address used is 3999296 out of 50000000
DEBUG: Total gradient stack used is 202279 out of 10000000
DEBUG: Total dvariable address used is 2076 out of 150000
DEBUG: Total dvariable address used is 3999296 out of 50000000
DEBUG: Total gradient stack used is 202279 out of 10000000
DEBUG: Total dvariable address used is 2076 out of 150000
DEBUG: Total dvariable address used is 3999296 out of 50000000
DEBUG: Total gradient stack used is 202279 out of 10000000
DEBUG: Total dvariable address used is 2076 out of 150000
DEBUG: Total dvariable address used is 3999296 out of 50000000
DEBUG: Total gradient stack used is 202279 out of 10000000
DEBUG: Total dvariable address used is 2076 out of 150000
DEBUG: Total dvariable address used is 3999296 out of 50000000
DEBUG: Total gradient stack used is 202279 out of 10000000
DEBUG: Total dvariable address used is 2076 out of 150000
DEBUG: Total dvariable address used is 3999296 out of 50000000
DEBUG: Total gradient stack used is 202279 out of 10000000
DEBUG: Total dvariable address used is 2076 out of 150000
DEBUG: Total dvariable address used is 3999296 out of 50000000
DEBUG: Total gradient stack used is 202279 out of 10000000
DEBUG: Total dvariable address used is 2076 out of 150000
DEBUG: Total dvariable address used is 3999296 out of 50000000
DEBUG: Total gradient stack used is 202279 out of 10000000
DEBUG: Total dvariable address used is 2076 out of 150000
DEBUG: Total dvariable address used is 3999296 out of 50000000
DEBUG: Total gradient stack used is 202279 out of 10000000
DEBUG: Total dvariable address used is 2076 out of 150000
DEBUG: Total dvariable address used is 3999296 out of 50000000
DEBUG: Total gradient stack used is 202279 out of 10000000
DEBUG: Total dvariable address used is 2076 out of 150000
DEBUG: Total dvariable address used is 3999296 out of 50000000
DEBUG: Total gradient stack used is 202279 out of 10000000
DEBUG: Total dvariable address used is 2076 out of 150000
DEBUG: Total dvariable address used is 3999296 out of 50000000
DEBUG: Total gradient stack used is 202279 out of 10000000
DEBUG: Total dvariable address used is 2076 out of 150000
DEBUG: Total dvariable address used is 3999296 out of 50000000
DEBUG: Total gradient stack used is 202279 out of 10000000
DEBUG: Total dvariable address used is 2076 out of 150000
DEBUG: Total dvariable address used is 3999296 out of 50000000
DEBUG: Total gradient stack used is 202279 out of 10000000
DEBUG: Total dvariable address used is 2076 out of 150000
DEBUG: Total dvariable address used is 3999296 out of 50000000
phase= 2 | nvar=303 | iter=280 | nll=-1.89e+04 | mag=2.14e+03 | par[  2]=T_pars_est[3]
DEBUG: Total gradient stack used is 202279 out of 10000000
DEBUG: Total dvariable address used is 2076 out of 150000
DEBUG: Total dvariable address used is 3999296 out of 50000000
DEBUG: Total gradient stack used is 202279 out of 10000000
DEBUG: Total dvariable address used is 2076 out of 150000
DEBUG: Total dvariable address used is 3999296 out of 50000000
DEBUG: Total gradient stack used is 202279 out of 10000000
DEBUG: Total dvariable address used is 2076 out of 150000
DEBUG: Total dvariable address used is 3999296 out of 50000000
DEBUG: Total gradient stack used is 202279 out of 10000000
DEBUG: Total dvariable address used is 2076 out of 150000
DEBUG: Total dvariable address used is 3999296 out of 50000000
DEBUG: Total gradient stack used is 202279 out of 10000000
DEBUG: Total dvariable address used is 2076 out of 150000
DEBUG: Total dvariable address used is 3999296 out of 50000000
DEBUG: Total gradient stack used is 202279 out of 10000000
DEBUG: Total dvariable address used is 2076 out of 150000
DEBUG: Total dvariable address used is 3999296 out of 50000000
DEBUG: Total gradient stack used is 202279 out of 10000000
DEBUG: Total dvariable address used is 2076 out of 150000
DEBUG: Total dvariable address used is 3999296 out of 50000000
DEBUG: Total gradient stack used is 202279 out of 10000000
DEBUG: Total dvariable address used is 2076 out of 150000
DEBUG: Total dvariable address used is 3999296 out of 50000000
DEBUG: Total gradient stack used is 202279 out of 10000000
DEBUG: Total dvariable address used is 2076 out of 150000
DEBUG: Total dvariable address used is 3999296 out of 50000000
DEBUG: Total gradient stack used is 202279 out of 10000000
DEBUG: Total dvariable address used is 2076 out of 150000
DEBUG: Total dvariable address used is 3999296 out of 50000000
DEBUG: Total gradient stack used is 202279 out of 10000000
DEBUG: Total dvariable address used is 2076 out of 150000
DEBUG: Total dvariable address used is 3999296 out of 50000000
DEBUG: Total gradient stack used is 202279 out of 10000000
DEBUG: Total dvariable address used is 2076 out of 150000
DEBUG: Total dvariable address used is 3999296 out of 50000000
DEBUG: Total gradient stack used is 202279 out of 10000000
DEBUG: Total dvariable address used is 2076 out of 150000
DEBUG: Total dvariable address used is 3999296 out of 50000000
DEBUG: Total gradient stack used is 202279 out of 10000000
DEBUG: Total dvariable address used is 2076 out of 150000
DEBUG: Total dvariable address used is 3999296 out of 50000000
DEBUG: Total gradient stack used is 202279 out of 10000000
DEBUG: Total dvariable address used is 2076 out of 150000
DEBUG: Total dvariable address used is 3999296 out of 50000000
DEBUG: Total gradient stack used is 202279 out of 10000000
DEBUG: Total dvariable address used is 2076 out of 150000
DEBUG: Total dvariable address used is 3999296 out of 50000000
DEBUG: Total gradient stack used is 202279 out of 10000000
DEBUG: Total dvariable address used is 2076 out of 150000
DEBUG: Total dvariable address used is 3999296 out of 50000000
DEBUG: Total gradient stack used is 202279 out of 10000000
DEBUG: Total dvariable address used is 2076 out of 150000
DEBUG: Total dvariable address used is 3999296 out of 50000000
DEBUG: Total gradient stack used is 202279 out of 10000000
DEBUG: Total dvariable address used is 2076 out of 150000
DEBUG: Total dvariable address used is 3999296 out of 50000000
DEBUG: Total gradient stack used is 202279 out of 10000000
DEBUG: Total dvariable address used is 2076 out of 150000
DEBUG: Total dvariable address used is 3999296 out of 50000000
DEBUG: Total gradient stack used is 202279 out of 10000000
DEBUG: Total dvariable address used is 2076 out of 150000
DEBUG: Total dvariable address used is 3999296 out of 50000000
DEBUG: Total gradient stack used is 202279 out of 10000000
DEBUG: Total dvariable address used is 2076 out of 150000
DEBUG: Total dvariable address used is 3999296 out of 50000000
DEBUG: Total gradient stack used is 202279 out of 10000000
DEBUG: Total dvariable address used is 2076 out of 150000
DEBUG: Total dvariable address used is 3999296 out of 50000000
DEBUG: Total gradient stack used is 202279 out of 10000000
DEBUG: Total dvariable address used is 2076 out of 150000
DEBUG: Total dvariable address used is 3999296 out of 50000000
DEBUG: Total gradient stack used is 202279 out of 10000000
DEBUG: Total dvariable address used is 2076 out of 150000
DEBUG: Total dvariable address used is 3999296 out of 50000000
DEBUG: Total gradient stack used is 202279 out of 10000000
DEBUG: Total dvariable address used is 2076 out of 150000
DEBUG: Total dvariable address used is 3999296 out of 50000000
DEBUG: Total gradient stack used is 202279 out of 10000000
DEBUG: Total dvariable address used is 2076 out of 150000
DEBUG: Total dvariable address used is 3999296 out of 50000000
DEBUG: Total gradient stack used is 202279 out of 10000000
DEBUG: Total dvariable address used is 2076 out of 150000
DEBUG: Total dvariable address used is 3999296 out of 50000000
DEBUG: Total gradient stack used is 202279 out of 10000000
DEBUG: Total dvariable address used is 2076 out of 150000
DEBUG: Total dvariable address used is 3999296 out of 50000000
DEBUG: Total gradient stack used is 202279 out of 10000000
DEBUG: Total dvariable address used is 2076 out of 150000
DEBUG: Total dvariable address used is 3999296 out of 50000000
DEBUG: Total gradient stack used is 202279 out of 10000000
DEBUG: Total dvariable address used is 2076 out of 150000
DEBUG: Total dvariable address used is 3999296 out of 50000000
DEBUG: Total gradient stack used is 202279 out of 10000000
DEBUG: Total dvariable address used is 2076 out of 150000
DEBUG: Total dvariable address used is 3999296 out of 50000000
DEBUG: Total gradient stack used is 202279 out of 10000000
DEBUG: Total dvariable address used is 2076 out of 150000
DEBUG: Total dvariable address used is 3999296 out of 50000000
DEBUG: Total gradient stack used is 202279 out of 10000000
DEBUG: Total dvariable address used is 2076 out of 150000
DEBUG: Total dvariable address used is 3999296 out of 50000000
DEBUG: Total gradient stack used is 202279 out of 10000000
DEBUG: Total dvariable address used is 2076 out of 150000
DEBUG: Total dvariable address used is 3999296 out of 50000000
DEBUG: Total gradient stack used is 202279 out of 10000000
DEBUG: Total dvariable address used is 2076 out of 150000
DEBUG: Total dvariable address used is 3999296 out of 50000000
DEBUG: Total gradient stack used is 202279 out of 10000000
DEBUG: Total dvariable address used is 2076 out of 150000
DEBUG: Total dvariable address used is 3999296 out of 50000000
phase= 2 | nvar=303 | iter=300 | nll=-1.89e+04 | mag=1.60e+03 | par[292]=logit_rec_prop_est[33]
DEBUG: Total gradient stack used is 202279 out of 10000000
DEBUG: Total dvariable address used is 2076 out of 150000
DEBUG: Total dvariable address used is 3999296 out of 50000000
DEBUG: Total gradient stack used is 202279 out of 10000000
DEBUG: Total dvariable address used is 2076 out of 150000
DEBUG: Total dvariable address used is 3999296 out of 50000000
DEBUG: Total gradient stack used is 202279 out of 10000000
DEBUG: Total dvariable address used is 2076 out of 150000
DEBUG: Total dvariable address used is 3999296 out of 50000000
DEBUG: Total gradient stack used is 202279 out of 10000000
DEBUG: Total dvariable address used is 2076 out of 150000
DEBUG: Total dvariable address used is 3999296 out of 50000000
DEBUG: Total gradient stack used is 202279 out of 10000000
DEBUG: Total dvariable address used is 2076 out of 150000
DEBUG: Total dvariable address used is 3999296 out of 50000000
DEBUG: Total gradient stack used is 202279 out of 10000000
DEBUG: Total dvariable address used is 2076 out of 150000
DEBUG: Total dvariable address used is 3999296 out of 50000000
DEBUG: Total gradient stack used is 202279 out of 10000000
DEBUG: Total dvariable address used is 2076 out of 150000
DEBUG: Total dvariable address used is 3999296 out of 50000000
DEBUG: Total gradient stack used is 202279 out of 10000000
DEBUG: Total dvariable address used is 2076 out of 150000
DEBUG: Total dvariable address used is 3999296 out of 50000000
DEBUG: Total gradient stack used is 202279 out of 10000000
DEBUG: Total dvariable address used is 2076 out of 150000
DEBUG: Total dvariable address used is 3999296 out of 50000000
DEBUG: Total gradient stack used is 202279 out of 10000000
DEBUG: Total dvariable address used is 2076 out of 150000
DEBUG: Total dvariable address used is 3999296 out of 50000000
DEBUG: Total gradient stack used is 202279 out of 10000000
DEBUG: Total dvariable address used is 2076 out of 150000
DEBUG: Total dvariable address used is 3999296 out of 50000000
DEBUG: Total gradient stack used is 202279 out of 10000000
DEBUG: Total dvariable address used is 2076 out of 150000
DEBUG: Total dvariable address used is 3999296 out of 50000000
DEBUG: Total gradient stack used is 202279 out of 10000000
DEBUG: Total dvariable address used is 2076 out of 150000
DEBUG: Total dvariable address used is 3999296 out of 50000000
DEBUG: Total gradient stack used is 202279 out of 10000000
DEBUG: Total dvariable address used is 2076 out of 150000
DEBUG: Total dvariable address used is 3999296 out of 50000000
DEBUG: Total gradient stack used is 202279 out of 10000000
DEBUG: Total dvariable address used is 2076 out of 150000
DEBUG: Total dvariable address used is 3999296 out of 50000000
DEBUG: Total gradient stack used is 202279 out of 10000000
DEBUG: Total dvariable address used is 2076 out of 150000
DEBUG: Total dvariable address used is 3999296 out of 50000000
DEBUG: Total gradient stack used is 202279 out of 10000000
DEBUG: Total dvariable address used is 2076 out of 150000
DEBUG: Total dvariable address used is 3999296 out of 50000000
DEBUG: Total gradient stack used is 202279 out of 10000000
DEBUG: Total dvariable address used is 2076 out of 150000
DEBUG: Total dvariable address used is 3999296 out of 50000000
DEBUG: Total gradient stack used is 202279 out of 10000000
DEBUG: Total dvariable address used is 2076 out of 150000
DEBUG: Total dvariable address used is 3999296 out of 50000000
DEBUG: Total gradient stack used is 202279 out of 10000000
DEBUG: Total dvariable address used is 2076 out of 150000
DEBUG: Total dvariable address used is 3999296 out of 50000000
DEBUG: Total gradient stack used is 202279 out of 10000000
DEBUG: Total dvariable address used is 2076 out of 150000
DEBUG: Total dvariable address used is 3999296 out of 50000000
DEBUG: Total gradient stack used is 202279 out of 10000000
DEBUG: Total dvariable address used is 2076 out of 150000
DEBUG: Total dvariable address used is 3999296 out of 50000000
DEBUG: Total gradient stack used is 202279 out of 10000000
DEBUG: Total dvariable address used is 2076 out of 150000
DEBUG: Total dvariable address used is 3999296 out of 50000000
DEBUG: Total gradient stack used is 202279 out of 10000000
DEBUG: Total dvariable address used is 2076 out of 150000
DEBUG: Total dvariable address used is 3999296 out of 50000000
DEBUG: Total gradient stack used is 202279 out of 10000000
DEBUG: Total dvariable address used is 2076 out of 150000
DEBUG: Total dvariable address used is 3999296 out of 50000000
DEBUG: Total gradient stack used is 202279 out of 10000000
DEBUG: Total dvariable address used is 2076 out of 150000
DEBUG: Total dvariable address used is 3999296 out of 50000000
DEBUG: Total gradient stack used is 202279 out of 10000000
DEBUG: Total dvariable address used is 2076 out of 150000
DEBUG: Total dvariable address used is 3999296 out of 50000000
DEBUG: Total gradient stack used is 202279 out of 10000000
DEBUG: Total dvariable address used is 2076 out of 150000
DEBUG: Total dvariable address used is 3999296 out of 50000000
DEBUG: Total gradient stack used is 202279 out of 10000000
DEBUG: Total dvariable address used is 2076 out of 150000
DEBUG: Total dvariable address used is 3999296 out of 50000000
DEBUG: Total gradient stack used is 202279 out of 10000000
DEBUG: Total dvariable address used is 2076 out of 150000
DEBUG: Total dvariable address used is 3999296 out of 50000000
DEBUG: Total gradient stack used is 202279 out of 10000000
DEBUG: Total dvariable address used is 2076 out of 150000
DEBUG: Total dvariable address used is 3999296 out of 50000000
DEBUG: Total gradient stack used is 202279 out of 10000000
DEBUG: Total dvariable address used is 2076 out of 150000
DEBUG: Total dvariable address used is 3999296 out of 50000000
DEBUG: Total gradient stack used is 202279 out of 10000000
DEBUG: Total dvariable address used is 2076 out of 150000
DEBUG: Total dvariable address used is 3999296 out of 50000000
DEBUG: Total gradient stack used is 202279 out of 10000000
DEBUG: Total dvariable address used is 2076 out of 150000
DEBUG: Total dvariable address used is 3999296 out of 50000000
DEBUG: Total gradient stack used is 202279 out of 10000000
DEBUG: Total dvariable address used is 2076 out of 150000
DEBUG: Total dvariable address used is 3999296 out of 50000000
DEBUG: Total gradient stack used is 202279 out of 10000000
DEBUG: Total dvariable address used is 2076 out of 150000
DEBUG: Total dvariable address used is 3999296 out of 50000000
DEBUG: Total gradient stack used is 202279 out of 10000000
DEBUG: Total dvariable address used is 2076 out of 150000
DEBUG: Total dvariable address used is 3999296 out of 50000000
DEBUG: Total gradient stack used is 202279 out of 10000000
DEBUG: Total dvariable address used is 2076 out of 150000
DEBUG: Total dvariable address used is 3999296 out of 50000000
DEBUG: Total gradient stack used is 202279 out of 10000000
DEBUG: Total dvariable address used is 2076 out of 150000
DEBUG: Total dvariable address used is 3999296 out of 50000000
DEBUG: Total gradient stack used is 202279 out of 10000000
DEBUG: Total dvariable address used is 2076 out of 150000
DEBUG: Total dvariable address used is 3999296 out of 50000000
phase= 2 | nvar=303 | iter=320 | nll=-1.89e+04 | mag=1.15e+03 | par[292]=logit_rec_prop_est[33]
DEBUG: Total gradient stack used is 202279 out of 10000000
DEBUG: Total dvariable address used is 2076 out of 150000
DEBUG: Total dvariable address used is 3999296 out of 50000000
DEBUG: Total gradient stack used is 202279 out of 10000000
DEBUG: Total dvariable address used is 2076 out of 150000
DEBUG: Total dvariable address used is 3999296 out of 50000000
DEBUG: Total gradient stack used is 202279 out of 10000000
DEBUG: Total dvariable address used is 2076 out of 150000
DEBUG: Total dvariable address used is 3999296 out of 50000000
DEBUG: Total gradient stack used is 202279 out of 10000000
DEBUG: Total dvariable address used is 2076 out of 150000
DEBUG: Total dvariable address used is 3999296 out of 50000000
DEBUG: Total gradient stack used is 202279 out of 10000000
DEBUG: Total dvariable address used is 2076 out of 150000
DEBUG: Total dvariable address used is 3999296 out of 50000000
DEBUG: Total gradient stack used is 202279 out of 10000000
DEBUG: Total dvariable address used is 2076 out of 150000
DEBUG: Total dvariable address used is 3999296 out of 50000000
DEBUG: Total gradient stack used is 202279 out of 10000000
DEBUG: Total dvariable address used is 2076 out of 150000
DEBUG: Total dvariable address used is 3999296 out of 50000000
DEBUG: Total gradient stack used is 202279 out of 10000000
DEBUG: Total dvariable address used is 2076 out of 150000
DEBUG: Total dvariable address used is 3999296 out of 50000000
DEBUG: Total gradient stack used is 202279 out of 10000000
DEBUG: Total dvariable address used is 2076 out of 150000
DEBUG: Total dvariable address used is 3999296 out of 50000000
DEBUG: Total gradient stack used is 202279 out of 10000000
DEBUG: Total dvariable address used is 2076 out of 150000
DEBUG: Total dvariable address used is 3999296 out of 50000000
DEBUG: Total gradient stack used is 202279 out of 10000000
DEBUG: Total dvariable address used is 2076 out of 150000
DEBUG: Total dvariable address used is 3999296 out of 50000000
DEBUG: Total gradient stack used is 202279 out of 10000000
DEBUG: Total dvariable address used is 2076 out of 150000
DEBUG: Total dvariable address used is 3999296 out of 50000000
DEBUG: Total gradient stack used is 202279 out of 10000000
DEBUG: Total dvariable address used is 2076 out of 150000
DEBUG: Total dvariable address used is 3999296 out of 50000000
DEBUG: Total gradient stack used is 202279 out of 10000000
DEBUG: Total dvariable address used is 2076 out of 150000
DEBUG: Total dvariable address used is 3999296 out of 50000000
DEBUG: Total gradient stack used is 202279 out of 10000000
DEBUG: Total dvariable address used is 2076 out of 150000
DEBUG: Total dvariable address used is 3999296 out of 50000000
DEBUG: Total gradient stack used is 202279 out of 10000000
DEBUG: Total dvariable address used is 2076 out of 150000
DEBUG: Total dvariable address used is 3999296 out of 50000000
DEBUG: Total gradient stack used is 202279 out of 10000000
DEBUG: Total dvariable address used is 2076 out of 150000
DEBUG: Total dvariable address used is 3999296 out of 50000000
DEBUG: Total gradient stack used is 202279 out of 10000000
DEBUG: Total dvariable address used is 2076 out of 150000
DEBUG: Total dvariable address used is 3999296 out of 50000000
DEBUG: Total gradient stack used is 202279 out of 10000000
DEBUG: Total dvariable address used is 2076 out of 150000
DEBUG: Total dvariable address used is 3999296 out of 50000000
DEBUG: Total gradient stack used is 202279 out of 10000000
DEBUG: Total dvariable address used is 2076 out of 150000
DEBUG: Total dvariable address used is 3999296 out of 50000000
DEBUG: Total gradient stack used is 202279 out of 10000000
DEBUG: Total dvariable address used is 2076 out of 150000
DEBUG: Total dvariable address used is 3999296 out of 50000000
DEBUG: Total gradient stack used is 202279 out of 10000000
DEBUG: Total dvariable address used is 2076 out of 150000
DEBUG: Total dvariable address used is 3999296 out of 50000000
DEBUG: Total gradient stack used is 202279 out of 10000000
DEBUG: Total dvariable address used is 2076 out of 150000
DEBUG: Total dvariable address used is 3999296 out of 50000000
DEBUG: Total gradient stack used is 202279 out of 10000000
DEBUG: Total dvariable address used is 2076 out of 150000
DEBUG: Total dvariable address used is 3999296 out of 50000000
DEBUG: Total gradient stack used is 202279 out of 10000000
DEBUG: Total dvariable address used is 2076 out of 150000
DEBUG: Total dvariable address used is 3999296 out of 50000000
DEBUG: Total gradient stack used is 202279 out of 10000000
DEBUG: Total dvariable address used is 2076 out of 150000
DEBUG: Total dvariable address used is 3999296 out of 50000000
DEBUG: Total gradient stack used is 202279 out of 10000000
DEBUG: Total dvariable address used is 2076 out of 150000
DEBUG: Total dvariable address used is 3999296 out of 50000000
DEBUG: Total gradient stack used is 202279 out of 10000000
DEBUG: Total dvariable address used is 2076 out of 150000
DEBUG: Total dvariable address used is 3999296 out of 50000000
DEBUG: Total gradient stack used is 202279 out of 10000000
DEBUG: Total dvariable address used is 2076 out of 150000
DEBUG: Total dvariable address used is 3999296 out of 50000000
DEBUG: Total gradient stack used is 202279 out of 10000000
DEBUG: Total dvariable address used is 2076 out of 150000
DEBUG: Total dvariable address used is 3999296 out of 50000000
DEBUG: Total gradient stack used is 202279 out of 10000000
DEBUG: Total dvariable address used is 2076 out of 150000
DEBUG: Total dvariable address used is 3999296 out of 50000000
DEBUG: Total gradient stack used is 202279 out of 10000000
DEBUG: Total dvariable address used is 2076 out of 150000
DEBUG: Total dvariable address used is 3999296 out of 50000000
DEBUG: Total gradient stack used is 202279 out of 10000000
DEBUG: Total dvariable address used is 2076 out of 150000
DEBUG: Total dvariable address used is 3999296 out of 50000000
DEBUG: Total gradient stack used is 202279 out of 10000000
DEBUG: Total dvariable address used is 2076 out of 150000
DEBUG: Total dvariable address used is 3999296 out of 50000000
DEBUG: Total gradient stack used is 202279 out of 10000000
DEBUG: Total dvariable address used is 2076 out of 150000
DEBUG: Total dvariable address used is 3999296 out of 50000000
phase= 2 | nvar=303 | iter=340 | nll=-1.89e+04 | mag=7.31e+02 | par[  2]=T_pars_est[3]
DEBUG: Total gradient stack used is 202279 out of 10000000
DEBUG: Total dvariable address used is 2076 out of 150000
DEBUG: Total dvariable address used is 3999296 out of 50000000
DEBUG: Total gradient stack used is 202279 out of 10000000
DEBUG: Total dvariable address used is 2076 out of 150000
DEBUG: Total dvariable address used is 3999296 out of 50000000
DEBUG: Total gradient stack used is 202279 out of 10000000
DEBUG: Total dvariable address used is 2076 out of 150000
DEBUG: Total dvariable address used is 3999296 out of 50000000
DEBUG: Total gradient stack used is 202279 out of 10000000
DEBUG: Total dvariable address used is 2076 out of 150000
DEBUG: Total dvariable address used is 3999296 out of 50000000
DEBUG: Total gradient stack used is 202279 out of 10000000
DEBUG: Total dvariable address used is 2076 out of 150000
DEBUG: Total dvariable address used is 3999296 out of 50000000
DEBUG: Total gradient stack used is 202279 out of 10000000
DEBUG: Total dvariable address used is 2076 out of 150000
DEBUG: Total dvariable address used is 3999296 out of 50000000
DEBUG: Total gradient stack used is 202279 out of 10000000
DEBUG: Total dvariable address used is 2076 out of 150000
DEBUG: Total dvariable address used is 3999296 out of 50000000
DEBUG: Total gradient stack used is 202279 out of 10000000
DEBUG: Total dvariable address used is 2076 out of 150000
DEBUG: Total dvariable address used is 3999296 out of 50000000
DEBUG: Total gradient stack used is 202279 out of 10000000
DEBUG: Total dvariable address used is 2076 out of 150000
DEBUG: Total dvariable address used is 3999296 out of 50000000
DEBUG: Total gradient stack used is 202279 out of 10000000
DEBUG: Total dvariable address used is 2076 out of 150000
DEBUG: Total dvariable address used is 3999296 out of 50000000
DEBUG: Total gradient stack used is 202279 out of 10000000
DEBUG: Total dvariable address used is 2076 out of 150000
DEBUG: Total dvariable address used is 3999296 out of 50000000
DEBUG: Total gradient stack used is 202279 out of 10000000
DEBUG: Total dvariable address used is 2076 out of 150000
DEBUG: Total dvariable address used is 3999296 out of 50000000
DEBUG: Total gradient stack used is 202279 out of 10000000
DEBUG: Total dvariable address used is 2076 out of 150000
DEBUG: Total dvariable address used is 3999296 out of 50000000
DEBUG: Total gradient stack used is 202279 out of 10000000
DEBUG: Total dvariable address used is 2076 out of 150000
DEBUG: Total dvariable address used is 3999296 out of 50000000
DEBUG: Total gradient stack used is 202279 out of 10000000
DEBUG: Total dvariable address used is 2076 out of 150000
DEBUG: Total dvariable address used is 3999296 out of 50000000
DEBUG: Total gradient stack used is 202279 out of 10000000
DEBUG: Total dvariable address used is 2076 out of 150000
DEBUG: Total dvariable address used is 3999296 out of 50000000
DEBUG: Total gradient stack used is 202279 out of 10000000
DEBUG: Total dvariable address used is 2076 out of 150000
DEBUG: Total dvariable address used is 3999296 out of 50000000
DEBUG: Total gradient stack used is 202279 out of 10000000
DEBUG: Total dvariable address used is 2076 out of 150000
DEBUG: Total dvariable address used is 3999296 out of 50000000
DEBUG: Total gradient stack used is 202279 out of 10000000
DEBUG: Total dvariable address used is 2076 out of 150000
DEBUG: Total dvariable address used is 3999296 out of 50000000
DEBUG: Total gradient stack used is 202279 out of 10000000
DEBUG: Total dvariable address used is 2076 out of 150000
DEBUG: Total dvariable address used is 3999296 out of 50000000
DEBUG: Total gradient stack used is 202279 out of 10000000
DEBUG: Total dvariable address used is 2076 out of 150000
DEBUG: Total dvariable address used is 3999296 out of 50000000
phase= 2 | nvar=303 | iter=360 | nll=-1.89e+04 | mag=7.31e+01 | par[  2]=T_pars_est[3]
DEBUG: Total gradient stack used is 202279 out of 10000000
DEBUG: Total dvariable address used is 2076 out of 150000
DEBUG: Total dvariable address used is 3999296 out of 50000000
DEBUG: Total gradient stack used is 202279 out of 10000000
DEBUG: Total dvariable address used is 2076 out of 150000
DEBUG: Total dvariable address used is 3999296 out of 50000000
DEBUG: Total gradient stack used is 202279 out of 10000000
DEBUG: Total dvariable address used is 2076 out of 150000
DEBUG: Total dvariable address used is 3999296 out of 50000000
DEBUG: Total gradient stack used is 202279 out of 10000000
DEBUG: Total dvariable address used is 2076 out of 150000
DEBUG: Total dvariable address used is 3999296 out of 50000000
DEBUG: Total gradient stack used is 202279 out of 10000000
DEBUG: Total dvariable address used is 2076 out of 150000
DEBUG: Total dvariable address used is 3999296 out of 50000000
DEBUG: Total gradient stack used is 202279 out of 10000000
DEBUG: Total dvariable address used is 2076 out of 150000
DEBUG: Total dvariable address used is 3999296 out of 50000000
DEBUG: Total gradient stack used is 202279 out of 10000000
DEBUG: Total dvariable address used is 2076 out of 150000
DEBUG: Total dvariable address used is 3999296 out of 50000000
DEBUG: Total gradient stack used is 202279 out of 10000000
DEBUG: Total dvariable address used is 2076 out of 150000
DEBUG: Total dvariable address used is 3999296 out of 50000000
DEBUG: Total gradient stack used is 202279 out of 10000000
DEBUG: Total dvariable address used is 2076 out of 150000
DEBUG: Total dvariable address used is 3999296 out of 50000000
DEBUG: Total gradient stack used is 202279 out of 10000000
DEBUG: Total dvariable address used is 2076 out of 150000
DEBUG: Total dvariable address used is 3999296 out of 50000000
DEBUG: Total gradient stack used is 202279 out of 10000000
DEBUG: Total dvariable address used is 2076 out of 150000
DEBUG: Total dvariable address used is 3999296 out of 50000000
DEBUG: Total gradient stack used is 202279 out of 10000000
DEBUG: Total dvariable address used is 2076 out of 150000
DEBUG: Total dvariable address used is 3999296 out of 50000000
DEBUG: Total gradient stack used is 202279 out of 10000000
DEBUG: Total dvariable address used is 2076 out of 150000
DEBUG: Total dvariable address used is 3999296 out of 50000000
DEBUG: Total gradient stack used is 202279 out of 10000000
DEBUG: Total dvariable address used is 2076 out of 150000
DEBUG: Total dvariable address used is 3999296 out of 50000000
DEBUG: Total gradient stack used is 202279 out of 10000000
DEBUG: Total dvariable address used is 2076 out of 150000
DEBUG: Total dvariable address used is 3999296 out of 50000000
DEBUG: Total gradient stack used is 202279 out of 10000000
DEBUG: Total dvariable address used is 2076 out of 150000
DEBUG: Total dvariable address used is 3999296 out of 50000000
DEBUG: Total gradient stack used is 202279 out of 10000000
DEBUG: Total dvariable address used is 2076 out of 150000
DEBUG: Total dvariable address used is 3999296 out of 50000000
DEBUG: Total gradient stack used is 202279 out of 10000000
DEBUG: Total dvariable address used is 2076 out of 150000
DEBUG: Total dvariable address used is 3999296 out of 50000000
DEBUG: Total gradient stack used is 202279 out of 10000000
DEBUG: Total dvariable address used is 2076 out of 150000
DEBUG: Total dvariable address used is 3999296 out of 50000000
DEBUG: Total gradient stack used is 202279 out of 10000000
DEBUG: Total dvariable address used is 2076 out of 150000
DEBUG: Total dvariable address used is 3999296 out of 50000000
phase= 2 | nvar=303 | iter=380 | nll=-1.89e+04 | mag=2.09e-01 | par[  2]=T_pars_est[3]
DEBUG: Total gradient stack used is 202279 out of 10000000
DEBUG: Total dvariable address used is 2076 out of 150000
DEBUG: Total dvariable address used is 3999296 out of 50000000
DEBUG: Total gradient stack used is 202279 out of 10000000
DEBUG: Total dvariable address used is 2076 out of 150000
DEBUG: Total dvariable address used is 3999296 out of 50000000
DEBUG: Total gradient stack used is 202279 out of 10000000
DEBUG: Total dvariable address used is 2076 out of 150000
DEBUG: Total dvariable address used is 3999296 out of 50000000
DEBUG: Total gradient stack used is 202279 out of 10000000
DEBUG: Total dvariable address used is 2076 out of 150000
DEBUG: Total dvariable address used is 3999296 out of 50000000
DEBUG: Total gradient stack used is 202279 out of 10000000
DEBUG: Total dvariable address used is 2076 out of 150000
DEBUG: Total dvariable address used is 3999296 out of 50000000
DEBUG: Total gradient stack used is 202279 out of 10000000
DEBUG: Total dvariable address used is 2076 out of 150000
DEBUG: Total dvariable address used is 3999296 out of 50000000
DEBUG: Total gradient stack used is 202279 out of 10000000
DEBUG: Total dvariable address used is 2076 out of 150000
DEBUG: Total dvariable address used is 3999296 out of 50000000
DEBUG: Total gradient stack used is 202279 out of 10000000
DEBUG: Total dvariable address used is 2076 out of 150000
DEBUG: Total dvariable address used is 3999296 out of 50000000
DEBUG: Total gradient stack used is 202279 out of 10000000
DEBUG: Total dvariable address used is 2076 out of 150000
DEBUG: Total dvariable address used is 3999296 out of 50000000
DEBUG: Total gradient stack used is 202279 out of 10000000
DEBUG: Total dvariable address used is 2076 out of 150000
DEBUG: Total dvariable address used is 3999296 out of 50000000
phase= 2 | nvar=303 | iter=390 | nll=-1.89e+04 | mag=8.33e-03 | par[  2]=T_pars_est[3]
DEBUG: Total gradient stack used is 0 out of 10000000
DEBUG: Total dvariable address used is 2076 out of 150000
DEBUG: Total dvariable address used is 3999296 out of 50000000
Starting REPORT_SECTION
+--------------------------+
| Beginning report section |
+--------------------------+
Finished WriteFiles
REPORT_SECTION: finished CreateOutput
REPORT_SECTION: finished save_gradients
Finished REPORT_SECTION

#--BETWEEN_PHASES_SECTION---------------------
#----Starting phase 3 of 4
Finished BETWEEN_PHASES_SECTION
----------------------------------------------
DEBUG: Total gradient stack used is 420708 out of 10000000
DEBUG: Total dvariable address used is 2086 out of 150000
DEBUG: Total dvariable address used is 3999296 out of 50000000
phase= 3 | nvar=393 | iter=  0 | nll=-1.91e+04 | mag=6.16e+04 | par[ 88]=G_pars_est[5]
DEBUG: Total gradient stack used is 420708 out of 10000000
DEBUG: Total dvariable address used is 2086 out of 150000
DEBUG: Total dvariable address used is 3999296 out of 50000000
DEBUG: Total gradient stack used is 420708 out of 10000000
DEBUG: Total dvariable address used is 2086 out of 150000
DEBUG: Total dvariable address used is 3999296 out of 50000000
DEBUG: Total gradient stack used is 420694 out of 10000000
DEBUG: Total dvariable address used is 2086 out of 150000
DEBUG: Total dvariable address used is 3999296 out of 50000000
DEBUG: Total gradient stack used is 420644 out of 10000000
DEBUG: Total dvariable address used is 2086 out of 150000
DEBUG: Total dvariable address used is 3999296 out of 50000000
DEBUG: Total gradient stack used is 420523 out of 10000000
DEBUG: Total dvariable address used is 2086 out of 150000
DEBUG: Total dvariable address used is 3999296 out of 50000000
DEBUG: Total gradient stack used is 420631 out of 10000000
DEBUG: Total dvariable address used is 2086 out of 150000
DEBUG: Total dvariable address used is 3999296 out of 50000000
DEBUG: Total gradient stack used is 420473 out of 10000000
DEBUG: Total dvariable address used is 2086 out of 150000
DEBUG: Total dvariable address used is 3999296 out of 50000000
DEBUG: Total gradient stack used is 420633 out of 10000000
DEBUG: Total dvariable address used is 2086 out of 150000
DEBUG: Total dvariable address used is 3999296 out of 50000000
DEBUG: Total gradient stack used is 420502 out of 10000000
DEBUG: Total dvariable address used is 2086 out of 150000
DEBUG: Total dvariable address used is 3999296 out of 50000000
DEBUG: Total gradient stack used is 420498 out of 10000000
DEBUG: Total dvariable address used is 2086 out of 150000
DEBUG: Total dvariable address used is 3999296 out of 50000000
DEBUG: Total gradient stack used is 420507 out of 10000000
DEBUG: Total dvariable address used is 2086 out of 150000
DEBUG: Total dvariable address used is 3999296 out of 50000000
DEBUG: Total gradient stack used is 420548 out of 10000000
DEBUG: Total dvariable address used is 2086 out of 150000
DEBUG: Total dvariable address used is 3999296 out of 50000000
DEBUG: Total gradient stack used is 420580 out of 10000000
DEBUG: Total dvariable address used is 2086 out of 150000
DEBUG: Total dvariable address used is 3999296 out of 50000000
DEBUG: Total gradient stack used is 420592 out of 10000000
DEBUG: Total dvariable address used is 2086 out of 150000
DEBUG: Total dvariable address used is 3999296 out of 50000000
DEBUG: Total gradient stack used is 420282 out of 10000000
DEBUG: Total dvariable address used is 2086 out of 150000
DEBUG: Total dvariable address used is 3999296 out of 50000000
DEBUG: Total gradient stack used is 419571 out of 10000000
DEBUG: Total dvariable address used is 2086 out of 150000
DEBUG: Total dvariable address used is 3999296 out of 50000000
DEBUG: Total gradient stack used is 419720 out of 10000000
DEBUG: Total dvariable address used is 2086 out of 150000
DEBUG: Total dvariable address used is 3999296 out of 50000000
DEBUG: Total gradient stack used is 419718 out of 10000000
DEBUG: Total dvariable address used is 2086 out of 150000
DEBUG: Total dvariable address used is 3999296 out of 50000000
DEBUG: Total gradient stack used is 419687 out of 10000000
DEBUG: Total dvariable address used is 2086 out of 150000
DEBUG: Total dvariable address used is 3999296 out of 50000000
DEBUG: Total gradient stack used is 419706 out of 10000000
DEBUG: Total dvariable address used is 2086 out of 150000
DEBUG: Total dvariable address used is 3999296 out of 50000000
DEBUG: Total gradient stack used is 419463 out of 10000000
DEBUG: Total dvariable address used is 2086 out of 150000
DEBUG: Total dvariable address used is 3999296 out of 50000000
DEBUG: Total gradient stack used is 419492 out of 10000000
DEBUG: Total dvariable address used is 2086 out of 150000
DEBUG: Total dvariable address used is 3999296 out of 50000000
DEBUG: Total gradient stack used is 419533 out of 10000000
DEBUG: Total dvariable address used is 2086 out of 150000
DEBUG: Total dvariable address used is 3999296 out of 50000000
DEBUG: Total gradient stack used is 419647 out of 10000000
DEBUG: Total dvariable address used is 2086 out of 150000
DEBUG: Total dvariable address used is 3999296 out of 50000000
DEBUG: Total gradient stack used is 419650 out of 10000000
DEBUG: Total dvariable address used is 2086 out of 150000
DEBUG: Total dvariable address used is 3999296 out of 50000000
DEBUG: Total gradient stack used is 419686 out of 10000000
DEBUG: Total dvariable address used is 2086 out of 150000
DEBUG: Total dvariable address used is 3999296 out of 50000000
phase= 3 | nvar=393 | iter= 20 | nll=-2.02e+04 | mag=8.64e+04 | par[  2]=T_pars_est[3]
DEBUG: Total gradient stack used is 419797 out of 10000000
DEBUG: Total dvariable address used is 2086 out of 150000
DEBUG: Total dvariable address used is 3999296 out of 50000000
DEBUG: Total gradient stack used is 419791 out of 10000000
DEBUG: Total dvariable address used is 2086 out of 150000
DEBUG: Total dvariable address used is 3999296 out of 50000000
DEBUG: Total gradient stack used is 419728 out of 10000000
DEBUG: Total dvariable address used is 2086 out of 150000
DEBUG: Total dvariable address used is 3999296 out of 50000000
DEBUG: Total gradient stack used is 419654 out of 10000000
DEBUG: Total dvariable address used is 2086 out of 150000
DEBUG: Total dvariable address used is 3999296 out of 50000000
DEBUG: Total gradient stack used is 419604 out of 10000000
DEBUG: Total dvariable address used is 2086 out of 150000
DEBUG: Total dvariable address used is 3999296 out of 50000000
DEBUG: Total gradient stack used is 419537 out of 10000000
DEBUG: Total dvariable address used is 2086 out of 150000
DEBUG: Total dvariable address used is 3999296 out of 50000000
DEBUG: Total gradient stack used is 419508 out of 10000000
DEBUG: Total dvariable address used is 2086 out of 150000
DEBUG: Total dvariable address used is 3999296 out of 50000000
DEBUG: Total gradient stack used is 419481 out of 10000000
DEBUG: Total dvariable address used is 2086 out of 150000
DEBUG: Total dvariable address used is 3999296 out of 50000000
DEBUG: Total gradient stack used is 419765 out of 10000000
DEBUG: Total dvariable address used is 2086 out of 150000
DEBUG: Total dvariable address used is 3999296 out of 50000000
DEBUG: Total gradient stack used is 419726 out of 10000000
DEBUG: Total dvariable address used is 2086 out of 150000
DEBUG: Total dvariable address used is 3999296 out of 50000000
DEBUG: Total gradient stack used is 419709 out of 10000000
DEBUG: Total dvariable address used is 2086 out of 150000
DEBUG: Total dvariable address used is 3999296 out of 50000000
DEBUG: Total gradient stack used is 419720 out of 10000000
DEBUG: Total dvariable address used is 2086 out of 150000
DEBUG: Total dvariable address used is 3999296 out of 50000000
DEBUG: Total gradient stack used is 419726 out of 10000000
DEBUG: Total dvariable address used is 2086 out of 150000
DEBUG: Total dvariable address used is 3999296 out of 50000000
DEBUG: Total gradient stack used is 419753 out of 10000000
DEBUG: Total dvariable address used is 2086 out of 150000
DEBUG: Total dvariable address used is 3999296 out of 50000000
DEBUG: Total gradient stack used is 419745 out of 10000000
DEBUG: Total dvariable address used is 2086 out of 150000
DEBUG: Total dvariable address used is 3999296 out of 50000000
DEBUG: Total gradient stack used is 419495 out of 10000000
DEBUG: Total dvariable address used is 2086 out of 150000
DEBUG: Total dvariable address used is 3999296 out of 50000000
DEBUG: Total gradient stack used is 419509 out of 10000000
DEBUG: Total dvariable address used is 2086 out of 150000
DEBUG: Total dvariable address used is 3999296 out of 50000000
DEBUG: Total gradient stack used is 419483 out of 10000000
DEBUG: Total dvariable address used is 2086 out of 150000
DEBUG: Total dvariable address used is 3999296 out of 50000000
DEBUG: Total gradient stack used is 419491 out of 10000000
DEBUG: Total dvariable address used is 2086 out of 150000
DEBUG: Total dvariable address used is 3999296 out of 50000000
DEBUG: Total gradient stack used is 419483 out of 10000000
DEBUG: Total dvariable address used is 2086 out of 150000
DEBUG: Total dvariable address used is 3999296 out of 50000000
phase= 3 | nvar=393 | iter= 40 | nll=-2.06e+04 | mag=8.42e+04 | par[  2]=T_pars_est[3]
DEBUG: Total gradient stack used is 419503 out of 10000000
DEBUG: Total dvariable address used is 2086 out of 150000
DEBUG: Total dvariable address used is 3999296 out of 50000000
DEBUG: Total gradient stack used is 419486 out of 10000000
DEBUG: Total dvariable address used is 2086 out of 150000
DEBUG: Total dvariable address used is 3999296 out of 50000000
DEBUG: Total gradient stack used is 419502 out of 10000000
DEBUG: Total dvariable address used is 2086 out of 150000
DEBUG: Total dvariable address used is 3999296 out of 50000000
DEBUG: Total gradient stack used is 419491 out of 10000000
DEBUG: Total dvariable address used is 2086 out of 150000
DEBUG: Total dvariable address used is 3999296 out of 50000000
DEBUG: Total gradient stack used is 419495 out of 10000000
DEBUG: Total dvariable address used is 2086 out of 150000
DEBUG: Total dvariable address used is 3999296 out of 50000000
DEBUG: Total gradient stack used is 419499 out of 10000000
DEBUG: Total dvariable address used is 2086 out of 150000
DEBUG: Total dvariable address used is 3999296 out of 50000000
DEBUG: Total gradient stack used is 419483 out of 10000000
DEBUG: Total dvariable address used is 2086 out of 150000
DEBUG: Total dvariable address used is 3999296 out of 50000000
DEBUG: Total gradient stack used is 419503 out of 10000000
DEBUG: Total dvariable address used is 2086 out of 150000
DEBUG: Total dvariable address used is 3999296 out of 50000000
DEBUG: Total gradient stack used is 419484 out of 10000000
DEBUG: Total dvariable address used is 2086 out of 150000
DEBUG: Total dvariable address used is 3999296 out of 50000000
DEBUG: Total gradient stack used is 419482 out of 10000000
DEBUG: Total dvariable address used is 2086 out of 150000
DEBUG: Total dvariable address used is 3999296 out of 50000000
DEBUG: Total gradient stack used is 419491 out of 10000000
DEBUG: Total dvariable address used is 2086 out of 150000
DEBUG: Total dvariable address used is 3999296 out of 50000000
DEBUG: Total gradient stack used is 419726 out of 10000000
DEBUG: Total dvariable address used is 2086 out of 150000
DEBUG: Total dvariable address used is 3999296 out of 50000000
DEBUG: Total gradient stack used is 419726 out of 10000000
DEBUG: Total dvariable address used is 2086 out of 150000
DEBUG: Total dvariable address used is 3999296 out of 50000000
DEBUG: Total gradient stack used is 419452 out of 10000000
DEBUG: Total dvariable address used is 2086 out of 150000
DEBUG: Total dvariable address used is 3999296 out of 50000000
DEBUG: Total gradient stack used is 419443 out of 10000000
DEBUG: Total dvariable address used is 2086 out of 150000
DEBUG: Total dvariable address used is 3999296 out of 50000000
DEBUG: Total gradient stack used is 419474 out of 10000000
DEBUG: Total dvariable address used is 2086 out of 150000
DEBUG: Total dvariable address used is 3999296 out of 50000000
DEBUG: Total gradient stack used is 419479 out of 10000000
DEBUG: Total dvariable address used is 2086 out of 150000
DEBUG: Total dvariable address used is 3999296 out of 50000000
DEBUG: Total gradient stack used is 419465 out of 10000000
DEBUG: Total dvariable address used is 2086 out of 150000
DEBUG: Total dvariable address used is 3999296 out of 50000000
DEBUG: Total gradient stack used is 419465 out of 10000000
DEBUG: Total dvariable address used is 2086 out of 150000
DEBUG: Total dvariable address used is 3999296 out of 50000000
DEBUG: Total gradient stack used is 419457 out of 10000000
DEBUG: Total dvariable address used is 2086 out of 150000
DEBUG: Total dvariable address used is 3999296 out of 50000000
DEBUG: Total gradient stack used is 419457 out of 10000000
DEBUG: Total dvariable address used is 2086 out of 150000
DEBUG: Total dvariable address used is 3999296 out of 50000000
DEBUG: Total gradient stack used is 419446 out of 10000000
DEBUG: Total dvariable address used is 2086 out of 150000
DEBUG: Total dvariable address used is 3999296 out of 50000000
phase= 3 | nvar=393 | iter= 60 | nll=-2.07e+04 | mag=8.35e+04 | par[  2]=T_pars_est[3]
DEBUG: Total gradient stack used is 419457 out of 10000000
DEBUG: Total dvariable address used is 2086 out of 150000
DEBUG: Total dvariable address used is 3999296 out of 50000000
DEBUG: Total gradient stack used is 419460 out of 10000000
DEBUG: Total dvariable address used is 2086 out of 150000
DEBUG: Total dvariable address used is 3999296 out of 50000000
DEBUG: Total gradient stack used is 419460 out of 10000000
DEBUG: Total dvariable address used is 2086 out of 150000
DEBUG: Total dvariable address used is 3999296 out of 50000000
DEBUG: Total gradient stack used is 419460 out of 10000000
DEBUG: Total dvariable address used is 2086 out of 150000
DEBUG: Total dvariable address used is 3999296 out of 50000000
DEBUG: Total gradient stack used is 419446 out of 10000000
DEBUG: Total dvariable address used is 2086 out of 150000
DEBUG: Total dvariable address used is 3999296 out of 50000000
DEBUG: Total gradient stack used is 419457 out of 10000000
DEBUG: Total dvariable address used is 2086 out of 150000
DEBUG: Total dvariable address used is 3999296 out of 50000000
DEBUG: Total gradient stack used is 419471 out of 10000000
DEBUG: Total dvariable address used is 2086 out of 150000
DEBUG: Total dvariable address used is 3999296 out of 50000000
DEBUG: Total gradient stack used is 419465 out of 10000000
DEBUG: Total dvariable address used is 2086 out of 150000
DEBUG: Total dvariable address used is 3999296 out of 50000000
DEBUG: Total gradient stack used is 419456 out of 10000000
DEBUG: Total dvariable address used is 2086 out of 150000
DEBUG: Total dvariable address used is 3999296 out of 50000000
DEBUG: Total gradient stack used is 419462 out of 10000000
DEBUG: Total dvariable address used is 2086 out of 150000
DEBUG: Total dvariable address used is 3999296 out of 50000000
DEBUG: Total gradient stack used is 419465 out of 10000000
DEBUG: Total dvariable address used is 2086 out of 150000
DEBUG: Total dvariable address used is 3999296 out of 50000000
DEBUG: Total gradient stack used is 419462 out of 10000000
DEBUG: Total dvariable address used is 2086 out of 150000
DEBUG: Total dvariable address used is 3999296 out of 50000000
DEBUG: Total gradient stack used is 419457 out of 10000000
DEBUG: Total dvariable address used is 2086 out of 150000
DEBUG: Total dvariable address used is 3999296 out of 50000000
DEBUG: Total gradient stack used is 419457 out of 10000000
DEBUG: Total dvariable address used is 2086 out of 150000
DEBUG: Total dvariable address used is 3999296 out of 50000000
DEBUG: Total gradient stack used is 419468 out of 10000000
DEBUG: Total dvariable address used is 2086 out of 150000
DEBUG: Total dvariable address used is 3999296 out of 50000000
DEBUG: Total gradient stack used is 419462 out of 10000000
DEBUG: Total dvariable address used is 2086 out of 150000
DEBUG: Total dvariable address used is 3999296 out of 50000000
DEBUG: Total gradient stack used is 419462 out of 10000000
DEBUG: Total dvariable address used is 2086 out of 150000
DEBUG: Total dvariable address used is 3999296 out of 50000000
DEBUG: Total gradient stack used is 419459 out of 10000000
DEBUG: Total dvariable address used is 2086 out of 150000
DEBUG: Total dvariable address used is 3999296 out of 50000000
DEBUG: Total gradient stack used is 419459 out of 10000000
DEBUG: Total dvariable address used is 2086 out of 150000
DEBUG: Total dvariable address used is 3999296 out of 50000000
DEBUG: Total gradient stack used is 419462 out of 10000000
DEBUG: Total dvariable address used is 2086 out of 150000
DEBUG: Total dvariable address used is 3999296 out of 50000000
phase= 3 | nvar=393 | iter= 80 | nll=-2.07e+04 | mag=7.58e+04 | par[  2]=T_pars_est[3]
DEBUG: Total gradient stack used is 419462 out of 10000000
DEBUG: Total dvariable address used is 2086 out of 150000
DEBUG: Total dvariable address used is 3999296 out of 50000000
DEBUG: Total gradient stack used is 419462 out of 10000000
DEBUG: Total dvariable address used is 2086 out of 150000
DEBUG: Total dvariable address used is 3999296 out of 50000000
DEBUG: Total gradient stack used is 419462 out of 10000000
DEBUG: Total dvariable address used is 2086 out of 150000
DEBUG: Total dvariable address used is 3999296 out of 50000000
DEBUG: Total gradient stack used is 419459 out of 10000000
DEBUG: Total dvariable address used is 2086 out of 150000
DEBUG: Total dvariable address used is 3999296 out of 50000000
DEBUG: Total gradient stack used is 419459 out of 10000000
DEBUG: Total dvariable address used is 2086 out of 150000
DEBUG: Total dvariable address used is 3999296 out of 50000000
DEBUG: Total gradient stack used is 419453 out of 10000000
DEBUG: Total dvariable address used is 2086 out of 150000
DEBUG: Total dvariable address used is 3999296 out of 50000000
DEBUG: Total gradient stack used is 419459 out of 10000000
DEBUG: Total dvariable address used is 2086 out of 150000
DEBUG: Total dvariable address used is 3999296 out of 50000000
DEBUG: Total gradient stack used is 419459 out of 10000000
DEBUG: Total dvariable address used is 2086 out of 150000
DEBUG: Total dvariable address used is 3999296 out of 50000000
DEBUG: Total gradient stack used is 419459 out of 10000000
DEBUG: Total dvariable address used is 2086 out of 150000
DEBUG: Total dvariable address used is 3999296 out of 50000000
DEBUG: Total gradient stack used is 419459 out of 10000000
DEBUG: Total dvariable address used is 2086 out of 150000
DEBUG: Total dvariable address used is 3999296 out of 50000000
DEBUG: Total gradient stack used is 419459 out of 10000000
DEBUG: Total dvariable address used is 2086 out of 150000
DEBUG: Total dvariable address used is 3999296 out of 50000000
DEBUG: Total gradient stack used is 419459 out of 10000000
DEBUG: Total dvariable address used is 2086 out of 150000
DEBUG: Total dvariable address used is 3999296 out of 50000000
DEBUG: Total gradient stack used is 419462 out of 10000000
DEBUG: Total dvariable address used is 2086 out of 150000
DEBUG: Total dvariable address used is 3999296 out of 50000000
DEBUG: Total gradient stack used is 419462 out of 10000000
DEBUG: Total dvariable address used is 2086 out of 150000
DEBUG: Total dvariable address used is 3999296 out of 50000000
DEBUG: Total gradient stack used is 419451 out of 10000000
DEBUG: Total dvariable address used is 2086 out of 150000
DEBUG: Total dvariable address used is 3999296 out of 50000000
DEBUG: Total gradient stack used is 419454 out of 10000000
DEBUG: Total dvariable address used is 2086 out of 150000
DEBUG: Total dvariable address used is 3999296 out of 50000000
DEBUG: Total gradient stack used is 419451 out of 10000000
DEBUG: Total dvariable address used is 2086 out of 150000
DEBUG: Total dvariable address used is 3999296 out of 50000000
DEBUG: Total gradient stack used is 419465 out of 10000000
DEBUG: Total dvariable address used is 2086 out of 150000
DEBUG: Total dvariable address used is 3999296 out of 50000000
DEBUG: Total gradient stack used is 419451 out of 10000000
DEBUG: Total dvariable address used is 2086 out of 150000
DEBUG: Total dvariable address used is 3999296 out of 50000000
DEBUG: Total gradient stack used is 419466 out of 10000000
DEBUG: Total dvariable address used is 2086 out of 150000
DEBUG: Total dvariable address used is 3999296 out of 50000000
DEBUG: Total gradient stack used is 419466 out of 10000000
DEBUG: Total dvariable address used is 2086 out of 150000
DEBUG: Total dvariable address used is 3999296 out of 50000000
phase= 3 | nvar=393 | iter=100 | nll=-2.07e+04 | mag=7.99e+04 | par[  2]=T_pars_est[3]
DEBUG: Total gradient stack used is 419710 out of 10000000
DEBUG: Total dvariable address used is 2086 out of 150000
DEBUG: Total dvariable address used is 3999296 out of 50000000
DEBUG: Total gradient stack used is 419702 out of 10000000
DEBUG: Total dvariable address used is 2086 out of 150000
DEBUG: Total dvariable address used is 3999296 out of 50000000
DEBUG: Total gradient stack used is 419688 out of 10000000
DEBUG: Total dvariable address used is 2086 out of 150000
DEBUG: Total dvariable address used is 3999296 out of 50000000
DEBUG: Total gradient stack used is 419683 out of 10000000
DEBUG: Total dvariable address used is 2086 out of 150000
DEBUG: Total dvariable address used is 3999296 out of 50000000
DEBUG: Total gradient stack used is 419689 out of 10000000
DEBUG: Total dvariable address used is 2086 out of 150000
DEBUG: Total dvariable address used is 3999296 out of 50000000
DEBUG: Total gradient stack used is 419689 out of 10000000
DEBUG: Total dvariable address used is 2086 out of 150000
DEBUG: Total dvariable address used is 3999296 out of 50000000
DEBUG: Total gradient stack used is 419692 out of 10000000
DEBUG: Total dvariable address used is 2086 out of 150000
DEBUG: Total dvariable address used is 3999296 out of 50000000
DEBUG: Total gradient stack used is 419692 out of 10000000
DEBUG: Total dvariable address used is 2086 out of 150000
DEBUG: Total dvariable address used is 3999296 out of 50000000
DEBUG: Total gradient stack used is 419667 out of 10000000
DEBUG: Total dvariable address used is 2086 out of 150000
DEBUG: Total dvariable address used is 3999296 out of 50000000
DEBUG: Total gradient stack used is 419692 out of 10000000
DEBUG: Total dvariable address used is 2086 out of 150000
DEBUG: Total dvariable address used is 3999296 out of 50000000
DEBUG: Total gradient stack used is 419686 out of 10000000
DEBUG: Total dvariable address used is 2086 out of 150000
DEBUG: Total dvariable address used is 3999296 out of 50000000
DEBUG: Total gradient stack used is 419680 out of 10000000
DEBUG: Total dvariable address used is 2086 out of 150000
DEBUG: Total dvariable address used is 3999296 out of 50000000
DEBUG: Total gradient stack used is 419686 out of 10000000
DEBUG: Total dvariable address used is 2086 out of 150000
DEBUG: Total dvariable address used is 3999296 out of 50000000
DEBUG: Total gradient stack used is 419686 out of 10000000
DEBUG: Total dvariable address used is 2086 out of 150000
DEBUG: Total dvariable address used is 3999296 out of 50000000
DEBUG: Total gradient stack used is 419650 out of 10000000
DEBUG: Total dvariable address used is 2086 out of 150000
DEBUG: Total dvariable address used is 3999296 out of 50000000
DEBUG: Total gradient stack used is 419664 out of 10000000
DEBUG: Total dvariable address used is 2086 out of 150000
DEBUG: Total dvariable address used is 3999296 out of 50000000
DEBUG: Total gradient stack used is 419642 out of 10000000
DEBUG: Total dvariable address used is 2086 out of 150000
DEBUG: Total dvariable address used is 3999296 out of 50000000
DEBUG: Total gradient stack used is 419642 out of 10000000
DEBUG: Total dvariable address used is 2086 out of 150000
DEBUG: Total dvariable address used is 3999296 out of 50000000
DEBUG: Total gradient stack used is 419664 out of 10000000
DEBUG: Total dvariable address used is 2086 out of 150000
DEBUG: Total dvariable address used is 3999296 out of 50000000
DEBUG: Total gradient stack used is 419653 out of 10000000
DEBUG: Total dvariable address used is 2086 out of 150000
DEBUG: Total dvariable address used is 3999296 out of 50000000
phase= 3 | nvar=393 | iter=120 | nll=-2.08e+04 | mag=7.17e+04 | par[  2]=T_pars_est[3]
DEBUG: Total gradient stack used is 419642 out of 10000000
DEBUG: Total dvariable address used is 2086 out of 150000
DEBUG: Total dvariable address used is 3999296 out of 50000000
DEBUG: Total gradient stack used is 419653 out of 10000000
DEBUG: Total dvariable address used is 2086 out of 150000
DEBUG: Total dvariable address used is 3999296 out of 50000000
DEBUG: Total gradient stack used is 419639 out of 10000000
DEBUG: Total dvariable address used is 2086 out of 150000
DEBUG: Total dvariable address used is 3999296 out of 50000000
DEBUG: Total gradient stack used is 419631 out of 10000000
DEBUG: Total dvariable address used is 2086 out of 150000
DEBUG: Total dvariable address used is 3999296 out of 50000000
DEBUG: Total gradient stack used is 419597 out of 10000000
DEBUG: Total dvariable address used is 2086 out of 150000
DEBUG: Total dvariable address used is 3999296 out of 50000000
DEBUG: Total gradient stack used is 419609 out of 10000000
DEBUG: Total dvariable address used is 2086 out of 150000
DEBUG: Total dvariable address used is 3999296 out of 50000000
DEBUG: Total gradient stack used is 419592 out of 10000000
DEBUG: Total dvariable address used is 2086 out of 150000
DEBUG: Total dvariable address used is 3999296 out of 50000000
DEBUG: Total gradient stack used is 419553 out of 10000000
DEBUG: Total dvariable address used is 2086 out of 150000
DEBUG: Total dvariable address used is 3999296 out of 50000000
DEBUG: Total gradient stack used is 419550 out of 10000000
DEBUG: Total dvariable address used is 2086 out of 150000
DEBUG: Total dvariable address used is 3999296 out of 50000000
DEBUG: Total gradient stack used is 419539 out of 10000000
DEBUG: Total dvariable address used is 2086 out of 150000
DEBUG: Total dvariable address used is 3999296 out of 50000000
DEBUG: Total gradient stack used is 419551 out of 10000000
DEBUG: Total dvariable address used is 2086 out of 150000
DEBUG: Total dvariable address used is 3999296 out of 50000000
DEBUG: Total gradient stack used is 419518 out of 10000000
DEBUG: Total dvariable address used is 2086 out of 150000
DEBUG: Total dvariable address used is 3999296 out of 50000000
DEBUG: Total gradient stack used is 419461 out of 10000000
DEBUG: Total dvariable address used is 2086 out of 150000
DEBUG: Total dvariable address used is 3999296 out of 50000000
DEBUG: Total gradient stack used is 419434 out of 10000000
DEBUG: Total dvariable address used is 2086 out of 150000
DEBUG: Total dvariable address used is 3999296 out of 50000000
DEBUG: Total gradient stack used is 419354 out of 10000000
DEBUG: Total dvariable address used is 2086 out of 150000
DEBUG: Total dvariable address used is 3999296 out of 50000000
DEBUG: Total gradient stack used is 419310 out of 10000000
DEBUG: Total dvariable address used is 2086 out of 150000
DEBUG: Total dvariable address used is 3999296 out of 50000000
DEBUG: Total gradient stack used is 419284 out of 10000000
DEBUG: Total dvariable address used is 2086 out of 150000
DEBUG: Total dvariable address used is 3999296 out of 50000000
DEBUG: Total gradient stack used is 419231 out of 10000000
DEBUG: Total dvariable address used is 2086 out of 150000
DEBUG: Total dvariable address used is 3999296 out of 50000000
DEBUG: Total gradient stack used is 419225 out of 10000000
DEBUG: Total dvariable address used is 2086 out of 150000
DEBUG: Total dvariable address used is 3999296 out of 50000000
DEBUG: Total gradient stack used is 419222 out of 10000000
DEBUG: Total dvariable address used is 2086 out of 150000
DEBUG: Total dvariable address used is 3999296 out of 50000000
phase= 3 | nvar=393 | iter=140 | nll=-2.14e+04 | mag=4.00e+04 | par[  2]=T_pars_est[3]
DEBUG: Total gradient stack used is 419160 out of 10000000
DEBUG: Total dvariable address used is 2086 out of 150000
DEBUG: Total dvariable address used is 3999296 out of 50000000
DEBUG: Total gradient stack used is 419118 out of 10000000
DEBUG: Total dvariable address used is 2086 out of 150000
DEBUG: Total dvariable address used is 3999296 out of 50000000
DEBUG: Total gradient stack used is 419086 out of 10000000
DEBUG: Total dvariable address used is 2086 out of 150000
DEBUG: Total dvariable address used is 3999296 out of 50000000
DEBUG: Total gradient stack used is 419072 out of 10000000
DEBUG: Total dvariable address used is 2086 out of 150000
DEBUG: Total dvariable address used is 3999296 out of 50000000
DEBUG: Total gradient stack used is 419765 out of 10000000
DEBUG: Total dvariable address used is 2086 out of 150000
DEBUG: Total dvariable address used is 3999296 out of 50000000
DEBUG: Total gradient stack used is 420281 out of 10000000
DEBUG: Total dvariable address used is 2086 out of 150000
DEBUG: Total dvariable address used is 3999296 out of 50000000
DEBUG: Total gradient stack used is 420067 out of 10000000
DEBUG: Total dvariable address used is 2086 out of 150000
DEBUG: Total dvariable address used is 3999296 out of 50000000
DEBUG: Total gradient stack used is 420302 out of 10000000
DEBUG: Total dvariable address used is 2086 out of 150000
DEBUG: Total dvariable address used is 3999296 out of 50000000
DEBUG: Total gradient stack used is 420437 out of 10000000
DEBUG: Total dvariable address used is 2086 out of 150000
DEBUG: Total dvariable address used is 3999296 out of 50000000
DEBUG: Total gradient stack used is 420252 out of 10000000
DEBUG: Total dvariable address used is 2086 out of 150000
DEBUG: Total dvariable address used is 3999296 out of 50000000
DEBUG: Total gradient stack used is 420439 out of 10000000
DEBUG: Total dvariable address used is 2086 out of 150000
DEBUG: Total dvariable address used is 3999296 out of 50000000
DEBUG: Total gradient stack used is 420438 out of 10000000
DEBUG: Total dvariable address used is 2086 out of 150000
DEBUG: Total dvariable address used is 3999296 out of 50000000
DEBUG: Total gradient stack used is 420424 out of 10000000
DEBUG: Total dvariable address used is 2086 out of 150000
DEBUG: Total dvariable address used is 3999296 out of 50000000
DEBUG: Total gradient stack used is 420420 out of 10000000
DEBUG: Total dvariable address used is 2086 out of 150000
DEBUG: Total dvariable address used is 3999296 out of 50000000
DEBUG: Total gradient stack used is 420381 out of 10000000
DEBUG: Total dvariable address used is 2086 out of 150000
DEBUG: Total dvariable address used is 3999296 out of 50000000
DEBUG: Total gradient stack used is 420409 out of 10000000
DEBUG: Total dvariable address used is 2086 out of 150000
DEBUG: Total dvariable address used is 3999296 out of 50000000
DEBUG: Total gradient stack used is 420193 out of 10000000
DEBUG: Total dvariable address used is 2086 out of 150000
DEBUG: Total dvariable address used is 3999296 out of 50000000
DEBUG: Total gradient stack used is 420389 out of 10000000
DEBUG: Total dvariable address used is 2086 out of 150000
DEBUG: Total dvariable address used is 3999296 out of 50000000
DEBUG: Total gradient stack used is 420193 out of 10000000
DEBUG: Total dvariable address used is 2086 out of 150000
DEBUG: Total dvariable address used is 3999296 out of 50000000
DEBUG: Total gradient stack used is 420386 out of 10000000
DEBUG: Total dvariable address used is 2086 out of 150000
DEBUG: Total dvariable address used is 3999296 out of 50000000
phase= 3 | nvar=393 | iter=160 | nll=-2.19e+04 | mag=5.53e+03 | par[383]=logit_rec_prop_est[34]
DEBUG: Total gradient stack used is 420389 out of 10000000
DEBUG: Total dvariable address used is 2086 out of 150000
DEBUG: Total dvariable address used is 3999296 out of 50000000
DEBUG: Total gradient stack used is 420400 out of 10000000
DEBUG: Total dvariable address used is 2086 out of 150000
DEBUG: Total dvariable address used is 3999296 out of 50000000
DEBUG: Total gradient stack used is 420386 out of 10000000
DEBUG: Total dvariable address used is 2086 out of 150000
DEBUG: Total dvariable address used is 3999296 out of 50000000
DEBUG: Total gradient stack used is 420414 out of 10000000
DEBUG: Total dvariable address used is 2086 out of 150000
DEBUG: Total dvariable address used is 3999296 out of 50000000
DEBUG: Total gradient stack used is 420411 out of 10000000
DEBUG: Total dvariable address used is 2086 out of 150000
DEBUG: Total dvariable address used is 3999296 out of 50000000
DEBUG: Total gradient stack used is 420411 out of 10000000
DEBUG: Total dvariable address used is 2086 out of 150000
DEBUG: Total dvariable address used is 3999296 out of 50000000
DEBUG: Total gradient stack used is 420408 out of 10000000
DEBUG: Total dvariable address used is 2086 out of 150000
DEBUG: Total dvariable address used is 3999296 out of 50000000
DEBUG: Total gradient stack used is 420399 out of 10000000
DEBUG: Total dvariable address used is 2086 out of 150000
DEBUG: Total dvariable address used is 3999296 out of 50000000
DEBUG: Total gradient stack used is 420410 out of 10000000
DEBUG: Total dvariable address used is 2086 out of 150000
DEBUG: Total dvariable address used is 3999296 out of 50000000
DEBUG: Total gradient stack used is 420407 out of 10000000
DEBUG: Total dvariable address used is 2086 out of 150000
DEBUG: Total dvariable address used is 3999296 out of 50000000
DEBUG: Total gradient stack used is 420410 out of 10000000
DEBUG: Total dvariable address used is 2086 out of 150000
DEBUG: Total dvariable address used is 3999296 out of 50000000
DEBUG: Total gradient stack used is 420413 out of 10000000
DEBUG: Total dvariable address used is 2086 out of 150000
DEBUG: Total dvariable address used is 3999296 out of 50000000
DEBUG: Total gradient stack used is 420410 out of 10000000
DEBUG: Total dvariable address used is 2086 out of 150000
DEBUG: Total dvariable address used is 3999296 out of 50000000
DEBUG: Total gradient stack used is 420413 out of 10000000
DEBUG: Total dvariable address used is 2086 out of 150000
DEBUG: Total dvariable address used is 3999296 out of 50000000
DEBUG: Total gradient stack used is 420402 out of 10000000
DEBUG: Total dvariable address used is 2086 out of 150000
DEBUG: Total dvariable address used is 3999296 out of 50000000
DEBUG: Total gradient stack used is 420405 out of 10000000
DEBUG: Total dvariable address used is 2086 out of 150000
DEBUG: Total dvariable address used is 3999296 out of 50000000
DEBUG: Total gradient stack used is 420388 out of 10000000
DEBUG: Total dvariable address used is 2086 out of 150000
DEBUG: Total dvariable address used is 3999296 out of 50000000
DEBUG: Total gradient stack used is 420388 out of 10000000
DEBUG: Total dvariable address used is 2086 out of 150000
DEBUG: Total dvariable address used is 3999296 out of 50000000
DEBUG: Total gradient stack used is 420405 out of 10000000
DEBUG: Total dvariable address used is 2086 out of 150000
DEBUG: Total dvariable address used is 3999296 out of 50000000
DEBUG: Total gradient stack used is 420388 out of 10000000
DEBUG: Total dvariable address used is 2086 out of 150000
DEBUG: Total dvariable address used is 3999296 out of 50000000
phase= 3 | nvar=393 | iter=180 | nll=-2.19e+04 | mag=5.64e+03 | par[383]=logit_rec_prop_est[34]
DEBUG: Total gradient stack used is 420399 out of 10000000
DEBUG: Total dvariable address used is 2086 out of 150000
DEBUG: Total dvariable address used is 3999296 out of 50000000
DEBUG: Total gradient stack used is 420396 out of 10000000
DEBUG: Total dvariable address used is 2086 out of 150000
DEBUG: Total dvariable address used is 3999296 out of 50000000
DEBUG: Total gradient stack used is 420396 out of 10000000
DEBUG: Total dvariable address used is 2086 out of 150000
DEBUG: Total dvariable address used is 3999296 out of 50000000
DEBUG: Total gradient stack used is 420387 out of 10000000
DEBUG: Total dvariable address used is 2086 out of 150000
DEBUG: Total dvariable address used is 3999296 out of 50000000
DEBUG: Total gradient stack used is 420384 out of 10000000
DEBUG: Total dvariable address used is 2086 out of 150000
DEBUG: Total dvariable address used is 3999296 out of 50000000
DEBUG: Total gradient stack used is 420386 out of 10000000
DEBUG: Total dvariable address used is 2086 out of 150000
DEBUG: Total dvariable address used is 3999296 out of 50000000
DEBUG: Total gradient stack used is 420408 out of 10000000
DEBUG: Total dvariable address used is 2086 out of 150000
DEBUG: Total dvariable address used is 3999296 out of 50000000
DEBUG: Total gradient stack used is 420441 out of 10000000
DEBUG: Total dvariable address used is 2086 out of 150000
DEBUG: Total dvariable address used is 3999296 out of 50000000
DEBUG: Total gradient stack used is 420509 out of 10000000
DEBUG: Total dvariable address used is 2086 out of 150000
DEBUG: Total dvariable address used is 3999296 out of 50000000
DEBUG: Total gradient stack used is 420545 out of 10000000
DEBUG: Total dvariable address used is 2086 out of 150000
DEBUG: Total dvariable address used is 3999296 out of 50000000
DEBUG: Total gradient stack used is 419831 out of 10000000
DEBUG: Total dvariable address used is 2086 out of 150000
DEBUG: Total dvariable address used is 3999296 out of 50000000
DEBUG: Total gradient stack used is 419922 out of 10000000
DEBUG: Total dvariable address used is 2086 out of 150000
DEBUG: Total dvariable address used is 3999296 out of 50000000
DEBUG: Total gradient stack used is 419680 out of 10000000
DEBUG: Total dvariable address used is 2086 out of 150000
DEBUG: Total dvariable address used is 3999296 out of 50000000
DEBUG: Total gradient stack used is 419537 out of 10000000
DEBUG: Total dvariable address used is 2086 out of 150000
DEBUG: Total dvariable address used is 3999296 out of 50000000
DEBUG: Total gradient stack used is 419573 out of 10000000
DEBUG: Total dvariable address used is 2086 out of 150000
DEBUG: Total dvariable address used is 3999296 out of 50000000
DEBUG: Total gradient stack used is 419580 out of 10000000
DEBUG: Total dvariable address used is 2086 out of 150000
DEBUG: Total dvariable address used is 3999296 out of 50000000
DEBUG: Total gradient stack used is 419568 out of 10000000
DEBUG: Total dvariable address used is 2086 out of 150000
DEBUG: Total dvariable address used is 3999296 out of 50000000
DEBUG: Total gradient stack used is 419584 out of 10000000
DEBUG: Total dvariable address used is 2086 out of 150000
DEBUG: Total dvariable address used is 3999296 out of 50000000
DEBUG: Total gradient stack used is 419600 out of 10000000
DEBUG: Total dvariable address used is 2086 out of 150000
DEBUG: Total dvariable address used is 3999296 out of 50000000
DEBUG: Total gradient stack used is 419603 out of 10000000
DEBUG: Total dvariable address used is 2086 out of 150000
DEBUG: Total dvariable address used is 3999296 out of 50000000
DEBUG: Total gradient stack used is 419600 out of 10000000
DEBUG: Total dvariable address used is 2086 out of 150000
DEBUG: Total dvariable address used is 3999296 out of 50000000
phase= 3 | nvar=393 | iter=200 | nll=-2.21e+04 | mag=6.12e+03 | par[ 88]=G_pars_est[5]
DEBUG: Total gradient stack used is 419603 out of 10000000
DEBUG: Total dvariable address used is 2086 out of 150000
DEBUG: Total dvariable address used is 3999296 out of 50000000
DEBUG: Total gradient stack used is 419600 out of 10000000
DEBUG: Total dvariable address used is 2086 out of 150000
DEBUG: Total dvariable address used is 3999296 out of 50000000
DEBUG: Total gradient stack used is 419600 out of 10000000
DEBUG: Total dvariable address used is 2086 out of 150000
DEBUG: Total dvariable address used is 3999296 out of 50000000
DEBUG: Total gradient stack used is 419600 out of 10000000
DEBUG: Total dvariable address used is 2086 out of 150000
DEBUG: Total dvariable address used is 3999296 out of 50000000
DEBUG: Total gradient stack used is 419597 out of 10000000
DEBUG: Total dvariable address used is 2086 out of 150000
DEBUG: Total dvariable address used is 3999296 out of 50000000
DEBUG: Total gradient stack used is 419597 out of 10000000
DEBUG: Total dvariable address used is 2086 out of 150000
DEBUG: Total dvariable address used is 3999296 out of 50000000
DEBUG: Total gradient stack used is 419600 out of 10000000
DEBUG: Total dvariable address used is 2086 out of 150000
DEBUG: Total dvariable address used is 3999296 out of 50000000
DEBUG: Total gradient stack used is 419597 out of 10000000
DEBUG: Total dvariable address used is 2086 out of 150000
DEBUG: Total dvariable address used is 3999296 out of 50000000
DEBUG: Total gradient stack used is 419600 out of 10000000
DEBUG: Total dvariable address used is 2086 out of 150000
DEBUG: Total dvariable address used is 3999296 out of 50000000
DEBUG: Total gradient stack used is 419597 out of 10000000
DEBUG: Total dvariable address used is 2086 out of 150000
DEBUG: Total dvariable address used is 3999296 out of 50000000
DEBUG: Total gradient stack used is 419597 out of 10000000
DEBUG: Total dvariable address used is 2086 out of 150000
DEBUG: Total dvariable address used is 3999296 out of 50000000
DEBUG: Total gradient stack used is 419594 out of 10000000
DEBUG: Total dvariable address used is 2086 out of 150000
DEBUG: Total dvariable address used is 3999296 out of 50000000
DEBUG: Total gradient stack used is 419597 out of 10000000
DEBUG: Total dvariable address used is 2086 out of 150000
DEBUG: Total dvariable address used is 3999296 out of 50000000
DEBUG: Total gradient stack used is 419594 out of 10000000
DEBUG: Total dvariable address used is 2086 out of 150000
DEBUG: Total dvariable address used is 3999296 out of 50000000
DEBUG: Total gradient stack used is 419594 out of 10000000
DEBUG: Total dvariable address used is 2086 out of 150000
DEBUG: Total dvariable address used is 3999296 out of 50000000
DEBUG: Total gradient stack used is 419591 out of 10000000
DEBUG: Total dvariable address used is 2086 out of 150000
DEBUG: Total dvariable address used is 3999296 out of 50000000
DEBUG: Total gradient stack used is 419594 out of 10000000
DEBUG: Total dvariable address used is 2086 out of 150000
DEBUG: Total dvariable address used is 3999296 out of 50000000
DEBUG: Total gradient stack used is 419594 out of 10000000
DEBUG: Total dvariable address used is 2086 out of 150000
DEBUG: Total dvariable address used is 3999296 out of 50000000
DEBUG: Total gradient stack used is 419594 out of 10000000
DEBUG: Total dvariable address used is 2086 out of 150000
DEBUG: Total dvariable address used is 3999296 out of 50000000
DEBUG: Total gradient stack used is 419580 out of 10000000
DEBUG: Total dvariable address used is 2086 out of 150000
DEBUG: Total dvariable address used is 3999296 out of 50000000
phase= 3 | nvar=393 | iter=220 | nll=-2.21e+04 | mag=6.15e+03 | par[ 88]=G_pars_est[5]
DEBUG: Total gradient stack used is 419594 out of 10000000
DEBUG: Total dvariable address used is 2086 out of 150000
DEBUG: Total dvariable address used is 3999296 out of 50000000
DEBUG: Total gradient stack used is 419608 out of 10000000
DEBUG: Total dvariable address used is 2086 out of 150000
DEBUG: Total dvariable address used is 3999296 out of 50000000
DEBUG: Total gradient stack used is 419616 out of 10000000
DEBUG: Total dvariable address used is 2086 out of 150000
DEBUG: Total dvariable address used is 3999296 out of 50000000
DEBUG: Total gradient stack used is 419613 out of 10000000
DEBUG: Total dvariable address used is 2086 out of 150000
DEBUG: Total dvariable address used is 3999296 out of 50000000
DEBUG: Total gradient stack used is 419604 out of 10000000
DEBUG: Total dvariable address used is 2086 out of 150000
DEBUG: Total dvariable address used is 3999296 out of 50000000
DEBUG: Total gradient stack used is 419595 out of 10000000
DEBUG: Total dvariable address used is 2086 out of 150000
DEBUG: Total dvariable address used is 3999296 out of 50000000
DEBUG: Total gradient stack used is 419603 out of 10000000
DEBUG: Total dvariable address used is 2086 out of 150000
DEBUG: Total dvariable address used is 3999296 out of 50000000
DEBUG: Total gradient stack used is 419625 out of 10000000
DEBUG: Total dvariable address used is 2086 out of 150000
DEBUG: Total dvariable address used is 3999296 out of 50000000
DEBUG: Total gradient stack used is 419616 out of 10000000
DEBUG: Total dvariable address used is 2086 out of 150000
DEBUG: Total dvariable address used is 3999296 out of 50000000
DEBUG: Total gradient stack used is 419616 out of 10000000
DEBUG: Total dvariable address used is 2086 out of 150000
DEBUG: Total dvariable address used is 3999296 out of 50000000
DEBUG: Total gradient stack used is 419616 out of 10000000
DEBUG: Total dvariable address used is 2086 out of 150000
DEBUG: Total dvariable address used is 3999296 out of 50000000
DEBUG: Total gradient stack used is 419602 out of 10000000
DEBUG: Total dvariable address used is 2086 out of 150000
DEBUG: Total dvariable address used is 3999296 out of 50000000
DEBUG: Total gradient stack used is 419593 out of 10000000
DEBUG: Total dvariable address used is 2086 out of 150000
DEBUG: Total dvariable address used is 3999296 out of 50000000
DEBUG: Total gradient stack used is 419609 out of 10000000
DEBUG: Total dvariable address used is 2086 out of 150000
DEBUG: Total dvariable address used is 3999296 out of 50000000
DEBUG: Total gradient stack used is 419617 out of 10000000
DEBUG: Total dvariable address used is 2086 out of 150000
DEBUG: Total dvariable address used is 3999296 out of 50000000
DEBUG: Total gradient stack used is 419649 out of 10000000
DEBUG: Total dvariable address used is 2086 out of 150000
DEBUG: Total dvariable address used is 3999296 out of 50000000
DEBUG: Total gradient stack used is 419643 out of 10000000
DEBUG: Total dvariable address used is 2086 out of 150000
DEBUG: Total dvariable address used is 3999296 out of 50000000
DEBUG: Total gradient stack used is 419664 out of 10000000
DEBUG: Total dvariable address used is 2086 out of 150000
DEBUG: Total dvariable address used is 3999296 out of 50000000
DEBUG: Total gradient stack used is 419683 out of 10000000
DEBUG: Total dvariable address used is 2086 out of 150000
DEBUG: Total dvariable address used is 3999296 out of 50000000
DEBUG: Total gradient stack used is 419691 out of 10000000
DEBUG: Total dvariable address used is 2086 out of 150000
DEBUG: Total dvariable address used is 3999296 out of 50000000
phase= 3 | nvar=393 | iter=240 | nll=-2.21e+04 | mag=6.35e+03 | par[ 88]=G_pars_est[5]
DEBUG: Total gradient stack used is 419694 out of 10000000
DEBUG: Total dvariable address used is 2086 out of 150000
DEBUG: Total dvariable address used is 3999296 out of 50000000
DEBUG: Total gradient stack used is 419694 out of 10000000
DEBUG: Total dvariable address used is 2086 out of 150000
DEBUG: Total dvariable address used is 3999296 out of 50000000
DEBUG: Total gradient stack used is 419691 out of 10000000
DEBUG: Total dvariable address used is 2086 out of 150000
DEBUG: Total dvariable address used is 3999296 out of 50000000
DEBUG: Total gradient stack used is 419688 out of 10000000
DEBUG: Total dvariable address used is 2086 out of 150000
DEBUG: Total dvariable address used is 3999296 out of 50000000
DEBUG: Total gradient stack used is 419685 out of 10000000
DEBUG: Total dvariable address used is 2086 out of 150000
DEBUG: Total dvariable address used is 3999296 out of 50000000
DEBUG: Total gradient stack used is 419679 out of 10000000
DEBUG: Total dvariable address used is 2086 out of 150000
DEBUG: Total dvariable address used is 3999296 out of 50000000
DEBUG: Total gradient stack used is 419679 out of 10000000
DEBUG: Total dvariable address used is 2086 out of 150000
DEBUG: Total dvariable address used is 3999296 out of 50000000
DEBUG: Total gradient stack used is 419679 out of 10000000
DEBUG: Total dvariable address used is 2086 out of 150000
DEBUG: Total dvariable address used is 3999296 out of 50000000
DEBUG: Total gradient stack used is 419682 out of 10000000
DEBUG: Total dvariable address used is 2086 out of 150000
DEBUG: Total dvariable address used is 3999296 out of 50000000
DEBUG: Total gradient stack used is 419696 out of 10000000
DEBUG: Total dvariable address used is 2086 out of 150000
DEBUG: Total dvariable address used is 3999296 out of 50000000
DEBUG: Total gradient stack used is 419687 out of 10000000
DEBUG: Total dvariable address used is 2086 out of 150000
DEBUG: Total dvariable address used is 3999296 out of 50000000
DEBUG: Total gradient stack used is 419679 out of 10000000
DEBUG: Total dvariable address used is 2086 out of 150000
DEBUG: Total dvariable address used is 3999296 out of 50000000
DEBUG: Total gradient stack used is 419690 out of 10000000
DEBUG: Total dvariable address used is 2086 out of 150000
DEBUG: Total dvariable address used is 3999296 out of 50000000
DEBUG: Total gradient stack used is 419690 out of 10000000
DEBUG: Total dvariable address used is 2086 out of 150000
DEBUG: Total dvariable address used is 3999296 out of 50000000
DEBUG: Total gradient stack used is 419687 out of 10000000
DEBUG: Total dvariable address used is 2086 out of 150000
DEBUG: Total dvariable address used is 3999296 out of 50000000
DEBUG: Total gradient stack used is 419687 out of 10000000
DEBUG: Total dvariable address used is 2086 out of 150000
DEBUG: Total dvariable address used is 3999296 out of 50000000
DEBUG: Total gradient stack used is 419687 out of 10000000
DEBUG: Total dvariable address used is 2086 out of 150000
DEBUG: Total dvariable address used is 3999296 out of 50000000
DEBUG: Total gradient stack used is 419690 out of 10000000
DEBUG: Total dvariable address used is 2086 out of 150000
DEBUG: Total dvariable address used is 3999296 out of 50000000
DEBUG: Total gradient stack used is 419690 out of 10000000
DEBUG: Total dvariable address used is 2086 out of 150000
DEBUG: Total dvariable address used is 3999296 out of 50000000
DEBUG: Total gradient stack used is 419687 out of 10000000
DEBUG: Total dvariable address used is 2086 out of 150000
DEBUG: Total dvariable address used is 3999296 out of 50000000
phase= 3 | nvar=393 | iter=260 | nll=-2.21e+04 | mag=7.86e+03 | par[  2]=T_pars_est[3]
DEBUG: Total gradient stack used is 419690 out of 10000000
DEBUG: Total dvariable address used is 2086 out of 150000
DEBUG: Total dvariable address used is 3999296 out of 50000000
DEBUG: Total gradient stack used is 419673 out of 10000000
DEBUG: Total dvariable address used is 2086 out of 150000
DEBUG: Total dvariable address used is 3999296 out of 50000000
DEBUG: Total gradient stack used is 419679 out of 10000000
DEBUG: Total dvariable address used is 2086 out of 150000
DEBUG: Total dvariable address used is 3999296 out of 50000000
DEBUG: Total gradient stack used is 419676 out of 10000000
DEBUG: Total dvariable address used is 2086 out of 150000
DEBUG: Total dvariable address used is 3999296 out of 50000000
DEBUG: Total gradient stack used is 419679 out of 10000000
DEBUG: Total dvariable address used is 2086 out of 150000
DEBUG: Total dvariable address used is 3999296 out of 50000000
DEBUG: Total gradient stack used is 419673 out of 10000000
DEBUG: Total dvariable address used is 2086 out of 150000
DEBUG: Total dvariable address used is 3999296 out of 50000000
DEBUG: Total gradient stack used is 419670 out of 10000000
DEBUG: Total dvariable address used is 2086 out of 150000
DEBUG: Total dvariable address used is 3999296 out of 50000000
DEBUG: Total gradient stack used is 419678 out of 10000000
DEBUG: Total dvariable address used is 2086 out of 150000
DEBUG: Total dvariable address used is 3999296 out of 50000000
DEBUG: Total gradient stack used is 419689 out of 10000000
DEBUG: Total dvariable address used is 2086 out of 150000
DEBUG: Total dvariable address used is 3999296 out of 50000000
DEBUG: Total gradient stack used is 419686 out of 10000000
DEBUG: Total dvariable address used is 2086 out of 150000
DEBUG: Total dvariable address used is 3999296 out of 50000000
DEBUG: Total gradient stack used is 419672 out of 10000000
DEBUG: Total dvariable address used is 2086 out of 150000
DEBUG: Total dvariable address used is 3999296 out of 50000000
DEBUG: Total gradient stack used is 419672 out of 10000000
DEBUG: Total dvariable address used is 2086 out of 150000
DEBUG: Total dvariable address used is 3999296 out of 50000000
DEBUG: Total gradient stack used is 419672 out of 10000000
DEBUG: Total dvariable address used is 2086 out of 150000
DEBUG: Total dvariable address used is 3999296 out of 50000000
DEBUG: Total gradient stack used is 419641 out of 10000000
DEBUG: Total dvariable address used is 2086 out of 150000
DEBUG: Total dvariable address used is 3999296 out of 50000000
DEBUG: Total gradient stack used is 419641 out of 10000000
DEBUG: Total dvariable address used is 2086 out of 150000
DEBUG: Total dvariable address used is 3999296 out of 50000000
DEBUG: Total gradient stack used is 419669 out of 10000000
DEBUG: Total dvariable address used is 2086 out of 150000
DEBUG: Total dvariable address used is 3999296 out of 50000000
DEBUG: Total gradient stack used is 419641 out of 10000000
DEBUG: Total dvariable address used is 2086 out of 150000
DEBUG: Total dvariable address used is 3999296 out of 50000000
DEBUG: Total gradient stack used is 419655 out of 10000000
DEBUG: Total dvariable address used is 2086 out of 150000
DEBUG: Total dvariable address used is 3999296 out of 50000000
DEBUG: Total gradient stack used is 419641 out of 10000000
DEBUG: Total dvariable address used is 2086 out of 150000
DEBUG: Total dvariable address used is 3999296 out of 50000000
DEBUG: Total gradient stack used is 419641 out of 10000000
DEBUG: Total dvariable address used is 2086 out of 150000
DEBUG: Total dvariable address used is 3999296 out of 50000000
phase= 3 | nvar=393 | iter=280 | nll=-2.22e+04 | mag=7.17e+03 | par[  2]=T_pars_est[3]
DEBUG: Total gradient stack used is 419641 out of 10000000
DEBUG: Total dvariable address used is 2086 out of 150000
DEBUG: Total dvariable address used is 3999296 out of 50000000
DEBUG: Total gradient stack used is 419641 out of 10000000
DEBUG: Total dvariable address used is 2086 out of 150000
DEBUG: Total dvariable address used is 3999296 out of 50000000
DEBUG: Total gradient stack used is 419641 out of 10000000
DEBUG: Total dvariable address used is 2086 out of 150000
DEBUG: Total dvariable address used is 3999296 out of 50000000
DEBUG: Total gradient stack used is 419641 out of 10000000
DEBUG: Total dvariable address used is 2086 out of 150000
DEBUG: Total dvariable address used is 3999296 out of 50000000
DEBUG: Total gradient stack used is 419644 out of 10000000
DEBUG: Total dvariable address used is 2086 out of 150000
DEBUG: Total dvariable address used is 3999296 out of 50000000
DEBUG: Total gradient stack used is 419641 out of 10000000
DEBUG: Total dvariable address used is 2086 out of 150000
DEBUG: Total dvariable address used is 3999296 out of 50000000
DEBUG: Total gradient stack used is 419644 out of 10000000
DEBUG: Total dvariable address used is 2086 out of 150000
DEBUG: Total dvariable address used is 3999296 out of 50000000
DEBUG: Total gradient stack used is 419641 out of 10000000
DEBUG: Total dvariable address used is 2086 out of 150000
DEBUG: Total dvariable address used is 3999296 out of 50000000
DEBUG: Total gradient stack used is 419635 out of 10000000
DEBUG: Total dvariable address used is 2086 out of 150000
DEBUG: Total dvariable address used is 3999296 out of 50000000
DEBUG: Total gradient stack used is 419632 out of 10000000
DEBUG: Total dvariable address used is 2086 out of 150000
DEBUG: Total dvariable address used is 3999296 out of 50000000
DEBUG: Total gradient stack used is 419632 out of 10000000
DEBUG: Total dvariable address used is 2086 out of 150000
DEBUG: Total dvariable address used is 3999296 out of 50000000
DEBUG: Total gradient stack used is 419632 out of 10000000
DEBUG: Total dvariable address used is 2086 out of 150000
DEBUG: Total dvariable address used is 3999296 out of 50000000
DEBUG: Total gradient stack used is 419629 out of 10000000
DEBUG: Total dvariable address used is 2086 out of 150000
DEBUG: Total dvariable address used is 3999296 out of 50000000
DEBUG: Total gradient stack used is 419632 out of 10000000
DEBUG: Total dvariable address used is 2086 out of 150000
DEBUG: Total dvariable address used is 3999296 out of 50000000
DEBUG: Total gradient stack used is 419660 out of 10000000
DEBUG: Total dvariable address used is 2086 out of 150000
DEBUG: Total dvariable address used is 3999296 out of 50000000
DEBUG: Total gradient stack used is 419660 out of 10000000
DEBUG: Total dvariable address used is 2086 out of 150000
DEBUG: Total dvariable address used is 3999296 out of 50000000
DEBUG: Total gradient stack used is 419659 out of 10000000
DEBUG: Total dvariable address used is 2086 out of 150000
DEBUG: Total dvariable address used is 3999296 out of 50000000
DEBUG: Total gradient stack used is 419678 out of 10000000
DEBUG: Total dvariable address used is 2086 out of 150000
DEBUG: Total dvariable address used is 3999296 out of 50000000
DEBUG: Total gradient stack used is 419664 out of 10000000
DEBUG: Total dvariable address used is 2086 out of 150000
DEBUG: Total dvariable address used is 3999296 out of 50000000
DEBUG: Total gradient stack used is 419622 out of 10000000
DEBUG: Total dvariable address used is 2086 out of 150000
DEBUG: Total dvariable address used is 3999296 out of 50000000
phase= 3 | nvar=393 | iter=300 | nll=-2.22e+04 | mag=4.94e+03 | par[  2]=T_pars_est[3]
DEBUG: Total gradient stack used is 419622 out of 10000000
DEBUG: Total dvariable address used is 2086 out of 150000
DEBUG: Total dvariable address used is 3999296 out of 50000000
DEBUG: Total gradient stack used is 419622 out of 10000000
DEBUG: Total dvariable address used is 2086 out of 150000
DEBUG: Total dvariable address used is 3999296 out of 50000000
DEBUG: Total gradient stack used is 419650 out of 10000000
DEBUG: Total dvariable address used is 2086 out of 150000
DEBUG: Total dvariable address used is 3999296 out of 50000000
DEBUG: Total gradient stack used is 419622 out of 10000000
DEBUG: Total dvariable address used is 2086 out of 150000
DEBUG: Total dvariable address used is 3999296 out of 50000000
DEBUG: Total gradient stack used is 419622 out of 10000000
DEBUG: Total dvariable address used is 2086 out of 150000
DEBUG: Total dvariable address used is 3999296 out of 50000000
DEBUG: Total gradient stack used is 419622 out of 10000000
DEBUG: Total dvariable address used is 2086 out of 150000
DEBUG: Total dvariable address used is 3999296 out of 50000000
DEBUG: Total gradient stack used is 419622 out of 10000000
DEBUG: Total dvariable address used is 2086 out of 150000
DEBUG: Total dvariable address used is 3999296 out of 50000000
DEBUG: Total gradient stack used is 419622 out of 10000000
DEBUG: Total dvariable address used is 2086 out of 150000
DEBUG: Total dvariable address used is 3999296 out of 50000000
DEBUG: Total gradient stack used is 419619 out of 10000000
DEBUG: Total dvariable address used is 2086 out of 150000
DEBUG: Total dvariable address used is 3999296 out of 50000000
DEBUG: Total gradient stack used is 419619 out of 10000000
DEBUG: Total dvariable address used is 2086 out of 150000
DEBUG: Total dvariable address used is 3999296 out of 50000000
DEBUG: Total gradient stack used is 419619 out of 10000000
DEBUG: Total dvariable address used is 2086 out of 150000
DEBUG: Total dvariable address used is 3999296 out of 50000000
DEBUG: Total gradient stack used is 419633 out of 10000000
DEBUG: Total dvariable address used is 2086 out of 150000
DEBUG: Total dvariable address used is 3999296 out of 50000000
DEBUG: Total gradient stack used is 419633 out of 10000000
DEBUG: Total dvariable address used is 2086 out of 150000
DEBUG: Total dvariable address used is 3999296 out of 50000000
DEBUG: Total gradient stack used is 419633 out of 10000000
DEBUG: Total dvariable address used is 2086 out of 150000
DEBUG: Total dvariable address used is 3999296 out of 50000000
DEBUG: Total gradient stack used is 419633 out of 10000000
DEBUG: Total dvariable address used is 2086 out of 150000
DEBUG: Total dvariable address used is 3999296 out of 50000000
DEBUG: Total gradient stack used is 419627 out of 10000000
DEBUG: Total dvariable address used is 2086 out of 150000
DEBUG: Total dvariable address used is 3999296 out of 50000000
DEBUG: Total gradient stack used is 419624 out of 10000000
DEBUG: Total dvariable address used is 2086 out of 150000
DEBUG: Total dvariable address used is 3999296 out of 50000000
DEBUG: Total gradient stack used is 419647 out of 10000000
DEBUG: Total dvariable address used is 2086 out of 150000
DEBUG: Total dvariable address used is 3999296 out of 50000000
DEBUG: Total gradient stack used is 419638 out of 10000000
DEBUG: Total dvariable address used is 2086 out of 150000
DEBUG: Total dvariable address used is 3999296 out of 50000000
DEBUG: Total gradient stack used is 419635 out of 10000000
DEBUG: Total dvariable address used is 2086 out of 150000
DEBUG: Total dvariable address used is 3999296 out of 50000000
DEBUG: Total gradient stack used is 419631 out of 10000000
DEBUG: Total dvariable address used is 2086 out of 150000
DEBUG: Total dvariable address used is 3999296 out of 50000000
phase= 3 | nvar=393 | iter=320 | nll=-2.22e+04 | mag=5.07e+03 | par[  2]=T_pars_est[3]
DEBUG: Total gradient stack used is 419641 out of 10000000
DEBUG: Total dvariable address used is 2086 out of 150000
DEBUG: Total dvariable address used is 3999296 out of 50000000
DEBUG: Total gradient stack used is 419660 out of 10000000
DEBUG: Total dvariable address used is 2086 out of 150000
DEBUG: Total dvariable address used is 3999296 out of 50000000
DEBUG: Total gradient stack used is 419652 out of 10000000
DEBUG: Total dvariable address used is 2086 out of 150000
DEBUG: Total dvariable address used is 3999296 out of 50000000
DEBUG: Total gradient stack used is 419669 out of 10000000
DEBUG: Total dvariable address used is 2086 out of 150000
DEBUG: Total dvariable address used is 3999296 out of 50000000
DEBUG: Total gradient stack used is 419655 out of 10000000
DEBUG: Total dvariable address used is 2086 out of 150000
DEBUG: Total dvariable address used is 3999296 out of 50000000
DEBUG: Total gradient stack used is 419638 out of 10000000
DEBUG: Total dvariable address used is 2086 out of 150000
DEBUG: Total dvariable address used is 3999296 out of 50000000
DEBUG: Total gradient stack used is 419655 out of 10000000
DEBUG: Total dvariable address used is 2086 out of 150000
DEBUG: Total dvariable address used is 3999296 out of 50000000
DEBUG: Total gradient stack used is 419641 out of 10000000
DEBUG: Total dvariable address used is 2086 out of 150000
DEBUG: Total dvariable address used is 3999296 out of 50000000
DEBUG: Total gradient stack used is 419641 out of 10000000
DEBUG: Total dvariable address used is 2086 out of 150000
DEBUG: Total dvariable address used is 3999296 out of 50000000
DEBUG: Total gradient stack used is 419638 out of 10000000
DEBUG: Total dvariable address used is 2086 out of 150000
DEBUG: Total dvariable address used is 3999296 out of 50000000
DEBUG: Total gradient stack used is 419638 out of 10000000
DEBUG: Total dvariable address used is 2086 out of 150000
DEBUG: Total dvariable address used is 3999296 out of 50000000
DEBUG: Total gradient stack used is 419638 out of 10000000
DEBUG: Total dvariable address used is 2086 out of 150000
DEBUG: Total dvariable address used is 3999296 out of 50000000
DEBUG: Total gradient stack used is 419638 out of 10000000
DEBUG: Total dvariable address used is 2086 out of 150000
DEBUG: Total dvariable address used is 3999296 out of 50000000
DEBUG: Total gradient stack used is 419638 out of 10000000
DEBUG: Total dvariable address used is 2086 out of 150000
DEBUG: Total dvariable address used is 3999296 out of 50000000
DEBUG: Total gradient stack used is 419638 out of 10000000
DEBUG: Total dvariable address used is 2086 out of 150000
DEBUG: Total dvariable address used is 3999296 out of 50000000
DEBUG: Total gradient stack used is 419638 out of 10000000
DEBUG: Total dvariable address used is 2086 out of 150000
DEBUG: Total dvariable address used is 3999296 out of 50000000
DEBUG: Total gradient stack used is 419638 out of 10000000
DEBUG: Total dvariable address used is 2086 out of 150000
DEBUG: Total dvariable address used is 3999296 out of 50000000
DEBUG: Total gradient stack used is 419638 out of 10000000
DEBUG: Total dvariable address used is 2086 out of 150000
DEBUG: Total dvariable address used is 3999296 out of 50000000
DEBUG: Total gradient stack used is 419652 out of 10000000
DEBUG: Total dvariable address used is 2086 out of 150000
DEBUG: Total dvariable address used is 3999296 out of 50000000
DEBUG: Total gradient stack used is 419652 out of 10000000
DEBUG: Total dvariable address used is 2086 out of 150000
DEBUG: Total dvariable address used is 3999296 out of 50000000
DEBUG: Total gradient stack used is 419663 out of 10000000
DEBUG: Total dvariable address used is 2086 out of 150000
DEBUG: Total dvariable address used is 3999296 out of 50000000
DEBUG: Total gradient stack used is 419668 out of 10000000
DEBUG: Total dvariable address used is 2086 out of 150000
DEBUG: Total dvariable address used is 3999296 out of 50000000
DEBUG: Total gradient stack used is 419665 out of 10000000
DEBUG: Total dvariable address used is 2086 out of 150000
DEBUG: Total dvariable address used is 3999296 out of 50000000
phase= 3 | nvar=393 | iter=340 | nll=-2.22e+04 | mag=4.82e+03 | par[  2]=T_pars_est[3]
DEBUG: Total gradient stack used is 419687 out of 10000000
DEBUG: Total dvariable address used is 2086 out of 150000
DEBUG: Total dvariable address used is 3999296 out of 50000000
DEBUG: Total gradient stack used is 419709 out of 10000000
DEBUG: Total dvariable address used is 2086 out of 150000
DEBUG: Total dvariable address used is 3999296 out of 50000000
DEBUG: Total gradient stack used is 419709 out of 10000000
DEBUG: Total dvariable address used is 2086 out of 150000
DEBUG: Total dvariable address used is 3999296 out of 50000000
DEBUG: Total gradient stack used is 419709 out of 10000000
DEBUG: Total dvariable address used is 2086 out of 150000
DEBUG: Total dvariable address used is 3999296 out of 50000000
DEBUG: Total gradient stack used is 419709 out of 10000000
DEBUG: Total dvariable address used is 2086 out of 150000
DEBUG: Total dvariable address used is 3999296 out of 50000000
DEBUG: Total gradient stack used is 419709 out of 10000000
DEBUG: Total dvariable address used is 2086 out of 150000
DEBUG: Total dvariable address used is 3999296 out of 50000000
DEBUG: Total gradient stack used is 419723 out of 10000000
DEBUG: Total dvariable address used is 2086 out of 150000
DEBUG: Total dvariable address used is 3999296 out of 50000000
DEBUG: Total gradient stack used is 419720 out of 10000000
DEBUG: Total dvariable address used is 2086 out of 150000
DEBUG: Total dvariable address used is 3999296 out of 50000000
DEBUG: Total gradient stack used is 419720 out of 10000000
DEBUG: Total dvariable address used is 2086 out of 150000
DEBUG: Total dvariable address used is 3999296 out of 50000000
DEBUG: Total gradient stack used is 419720 out of 10000000
DEBUG: Total dvariable address used is 2086 out of 150000
DEBUG: Total dvariable address used is 3999296 out of 50000000
DEBUG: Total gradient stack used is 419720 out of 10000000
DEBUG: Total dvariable address used is 2086 out of 150000
DEBUG: Total dvariable address used is 3999296 out of 50000000
DEBUG: Total gradient stack used is 419723 out of 10000000
DEBUG: Total dvariable address used is 2086 out of 150000
DEBUG: Total dvariable address used is 3999296 out of 50000000
DEBUG: Total gradient stack used is 419723 out of 10000000
DEBUG: Total dvariable address used is 2086 out of 150000
DEBUG: Total dvariable address used is 3999296 out of 50000000
DEBUG: Total gradient stack used is 419723 out of 10000000
DEBUG: Total dvariable address used is 2086 out of 150000
DEBUG: Total dvariable address used is 3999296 out of 50000000
DEBUG: Total gradient stack used is 419737 out of 10000000
DEBUG: Total dvariable address used is 2086 out of 150000
DEBUG: Total dvariable address used is 3999296 out of 50000000
DEBUG: Total gradient stack used is 419737 out of 10000000
DEBUG: Total dvariable address used is 2086 out of 150000
DEBUG: Total dvariable address used is 3999296 out of 50000000
DEBUG: Total gradient stack used is 419748 out of 10000000
DEBUG: Total dvariable address used is 2086 out of 150000
DEBUG: Total dvariable address used is 3999296 out of 50000000
DEBUG: Total gradient stack used is 419762 out of 10000000
DEBUG: Total dvariable address used is 2086 out of 150000
DEBUG: Total dvariable address used is 3999296 out of 50000000
DEBUG: Total gradient stack used is 419756 out of 10000000
DEBUG: Total dvariable address used is 2086 out of 150000
DEBUG: Total dvariable address used is 3999296 out of 50000000
DEBUG: Total gradient stack used is 419741 out of 10000000
DEBUG: Total dvariable address used is 2086 out of 150000
DEBUG: Total dvariable address used is 3999296 out of 50000000
DEBUG: Total gradient stack used is 419471 out of 10000000
DEBUG: Total dvariable address used is 2086 out of 150000
DEBUG: Total dvariable address used is 3999296 out of 50000000
DEBUG: Total gradient stack used is 419478 out of 10000000
DEBUG: Total dvariable address used is 2086 out of 150000
DEBUG: Total dvariable address used is 3999296 out of 50000000
phase= 3 | nvar=393 | iter=360 | nll=-2.22e+04 | mag=2.28e+03 | par[  2]=T_pars_est[3]
DEBUG: Total gradient stack used is 419501 out of 10000000
DEBUG: Total dvariable address used is 2086 out of 150000
DEBUG: Total dvariable address used is 3999296 out of 50000000
DEBUG: Total gradient stack used is 419497 out of 10000000
DEBUG: Total dvariable address used is 2086 out of 150000
DEBUG: Total dvariable address used is 3999296 out of 50000000
DEBUG: Total gradient stack used is 419516 out of 10000000
DEBUG: Total dvariable address used is 2086 out of 150000
DEBUG: Total dvariable address used is 3999296 out of 50000000
DEBUG: Total gradient stack used is 419510 out of 10000000
DEBUG: Total dvariable address used is 2086 out of 150000
DEBUG: Total dvariable address used is 3999296 out of 50000000
DEBUG: Total gradient stack used is 419507 out of 10000000
DEBUG: Total dvariable address used is 2086 out of 150000
DEBUG: Total dvariable address used is 3999296 out of 50000000
DEBUG: Total gradient stack used is 419510 out of 10000000
DEBUG: Total dvariable address used is 2086 out of 150000
DEBUG: Total dvariable address used is 3999296 out of 50000000
DEBUG: Total gradient stack used is 419510 out of 10000000
DEBUG: Total dvariable address used is 2086 out of 150000
DEBUG: Total dvariable address used is 3999296 out of 50000000
DEBUG: Total gradient stack used is 419510 out of 10000000
DEBUG: Total dvariable address used is 2086 out of 150000
DEBUG: Total dvariable address used is 3999296 out of 50000000
DEBUG: Total gradient stack used is 419510 out of 10000000
DEBUG: Total dvariable address used is 2086 out of 150000
DEBUG: Total dvariable address used is 3999296 out of 50000000
DEBUG: Total gradient stack used is 419507 out of 10000000
DEBUG: Total dvariable address used is 2086 out of 150000
DEBUG: Total dvariable address used is 3999296 out of 50000000
DEBUG: Total gradient stack used is 419507 out of 10000000
DEBUG: Total dvariable address used is 2086 out of 150000
DEBUG: Total dvariable address used is 3999296 out of 50000000
DEBUG: Total gradient stack used is 419507 out of 10000000
DEBUG: Total dvariable address used is 2086 out of 150000
DEBUG: Total dvariable address used is 3999296 out of 50000000
DEBUG: Total gradient stack used is 419507 out of 10000000
DEBUG: Total dvariable address used is 2086 out of 150000
DEBUG: Total dvariable address used is 3999296 out of 50000000
DEBUG: Total gradient stack used is 419504 out of 10000000
DEBUG: Total dvariable address used is 2086 out of 150000
DEBUG: Total dvariable address used is 3999296 out of 50000000
DEBUG: Total gradient stack used is 419487 out of 10000000
DEBUG: Total dvariable address used is 2086 out of 150000
DEBUG: Total dvariable address used is 3999296 out of 50000000
DEBUG: Total gradient stack used is 419470 out of 10000000
DEBUG: Total dvariable address used is 2086 out of 150000
DEBUG: Total dvariable address used is 3999296 out of 50000000
DEBUG: Total gradient stack used is 419489 out of 10000000
DEBUG: Total dvariable address used is 2086 out of 150000
DEBUG: Total dvariable address used is 3999296 out of 50000000
DEBUG: Total gradient stack used is 419508 out of 10000000
DEBUG: Total dvariable address used is 2086 out of 150000
DEBUG: Total dvariable address used is 3999296 out of 50000000
DEBUG: Total gradient stack used is 419527 out of 10000000
DEBUG: Total dvariable address used is 2086 out of 150000
DEBUG: Total dvariable address used is 3999296 out of 50000000
DEBUG: Total gradient stack used is 419491 out of 10000000
DEBUG: Total dvariable address used is 2086 out of 150000
DEBUG: Total dvariable address used is 3999296 out of 50000000
DEBUG: Total gradient stack used is 419530 out of 10000000
DEBUG: Total dvariable address used is 2086 out of 150000
DEBUG: Total dvariable address used is 3999296 out of 50000000
DEBUG: Total gradient stack used is 419513 out of 10000000
DEBUG: Total dvariable address used is 2086 out of 150000
DEBUG: Total dvariable address used is 3999296 out of 50000000
DEBUG: Total gradient stack used is 419513 out of 10000000
DEBUG: Total dvariable address used is 2086 out of 150000
DEBUG: Total dvariable address used is 3999296 out of 50000000
DEBUG: Total gradient stack used is 419513 out of 10000000
DEBUG: Total dvariable address used is 2086 out of 150000
DEBUG: Total dvariable address used is 3999296 out of 50000000
phase= 3 | nvar=393 | iter=380 | nll=-2.22e+04 | mag=5.91e+03 | par[  2]=T_pars_est[3]
DEBUG: Total gradient stack used is 419513 out of 10000000
DEBUG: Total dvariable address used is 2086 out of 150000
DEBUG: Total dvariable address used is 3999296 out of 50000000
DEBUG: Total gradient stack used is 419516 out of 10000000
DEBUG: Total dvariable address used is 2086 out of 150000
DEBUG: Total dvariable address used is 3999296 out of 50000000
DEBUG: Total gradient stack used is 419516 out of 10000000
DEBUG: Total dvariable address used is 2086 out of 150000
DEBUG: Total dvariable address used is 3999296 out of 50000000
DEBUG: Total gradient stack used is 419513 out of 10000000
DEBUG: Total dvariable address used is 2086 out of 150000
DEBUG: Total dvariable address used is 3999296 out of 50000000
DEBUG: Total gradient stack used is 419516 out of 10000000
DEBUG: Total dvariable address used is 2086 out of 150000
DEBUG: Total dvariable address used is 3999296 out of 50000000
DEBUG: Total gradient stack used is 419516 out of 10000000
DEBUG: Total dvariable address used is 2086 out of 150000
DEBUG: Total dvariable address used is 3999296 out of 50000000
DEBUG: Total gradient stack used is 419527 out of 10000000
DEBUG: Total dvariable address used is 2086 out of 150000
DEBUG: Total dvariable address used is 3999296 out of 50000000
DEBUG: Total gradient stack used is 419569 out of 10000000
DEBUG: Total dvariable address used is 2086 out of 150000
DEBUG: Total dvariable address used is 3999296 out of 50000000
DEBUG: Total gradient stack used is 419557 out of 10000000
DEBUG: Total dvariable address used is 2086 out of 150000
DEBUG: Total dvariable address used is 3999296 out of 50000000
DEBUG: Total gradient stack used is 419615 out of 10000000
DEBUG: Total dvariable address used is 2086 out of 150000
DEBUG: Total dvariable address used is 3999296 out of 50000000
DEBUG: Total gradient stack used is 419571 out of 10000000
DEBUG: Total dvariable address used is 2086 out of 150000
DEBUG: Total dvariable address used is 3999296 out of 50000000
DEBUG: Total gradient stack used is 419571 out of 10000000
DEBUG: Total dvariable address used is 2086 out of 150000
DEBUG: Total dvariable address used is 3999296 out of 50000000
DEBUG: Total gradient stack used is 419571 out of 10000000
DEBUG: Total dvariable address used is 2086 out of 150000
DEBUG: Total dvariable address used is 3999296 out of 50000000
DEBUG: Total gradient stack used is 419571 out of 10000000
DEBUG: Total dvariable address used is 2086 out of 150000
DEBUG: Total dvariable address used is 3999296 out of 50000000
DEBUG: Total gradient stack used is 419585 out of 10000000
DEBUG: Total dvariable address used is 2086 out of 150000
DEBUG: Total dvariable address used is 3999296 out of 50000000
DEBUG: Total gradient stack used is 419558 out of 10000000
DEBUG: Total dvariable address used is 2086 out of 150000
DEBUG: Total dvariable address used is 3999296 out of 50000000
DEBUG: Total gradient stack used is 419336 out of 10000000
DEBUG: Total dvariable address used is 2086 out of 150000
DEBUG: Total dvariable address used is 3999296 out of 50000000
DEBUG: Total gradient stack used is 419545 out of 10000000
DEBUG: Total dvariable address used is 2086 out of 150000
DEBUG: Total dvariable address used is 3999296 out of 50000000
DEBUG: Total gradient stack used is 419563 out of 10000000
DEBUG: Total dvariable address used is 2086 out of 150000
DEBUG: Total dvariable address used is 3999296 out of 50000000
DEBUG: Total gradient stack used is 419556 out of 10000000
DEBUG: Total dvariable address used is 2086 out of 150000
DEBUG: Total dvariable address used is 3999296 out of 50000000
DEBUG: Total gradient stack used is 419556 out of 10000000
DEBUG: Total dvariable address used is 2086 out of 150000
DEBUG: Total dvariable address used is 3999296 out of 50000000
DEBUG: Total gradient stack used is 419566 out of 10000000
DEBUG: Total dvariable address used is 2086 out of 150000
DEBUG: Total dvariable address used is 3999296 out of 50000000
DEBUG: Total gradient stack used is 419309 out of 10000000
DEBUG: Total dvariable address used is 2086 out of 150000
DEBUG: Total dvariable address used is 3999296 out of 50000000
DEBUG: Total gradient stack used is 419336 out of 10000000
DEBUG: Total dvariable address used is 2086 out of 150000
DEBUG: Total dvariable address used is 3999296 out of 50000000
DEBUG: Total gradient stack used is 419324 out of 10000000
DEBUG: Total dvariable address used is 2086 out of 150000
DEBUG: Total dvariable address used is 3999296 out of 50000000
DEBUG: Total gradient stack used is 419333 out of 10000000
DEBUG: Total dvariable address used is 2086 out of 150000
DEBUG: Total dvariable address used is 3999296 out of 50000000
DEBUG: Total gradient stack used is 419333 out of 10000000
DEBUG: Total dvariable address used is 2086 out of 150000
DEBUG: Total dvariable address used is 3999296 out of 50000000
DEBUG: Total gradient stack used is 419324 out of 10000000
DEBUG: Total dvariable address used is 2086 out of 150000
DEBUG: Total dvariable address used is 3999296 out of 50000000
DEBUG: Total gradient stack used is 419309 out of 10000000
DEBUG: Total dvariable address used is 2086 out of 150000
DEBUG: Total dvariable address used is 3999296 out of 50000000
phase= 3 | nvar=393 | iter=400 | nll=-2.23e+04 | mag=1.87e+03 | par[  2]=T_pars_est[3]
DEBUG: Total gradient stack used is 419299 out of 10000000
DEBUG: Total dvariable address used is 2086 out of 150000
DEBUG: Total dvariable address used is 3999296 out of 50000000
DEBUG: Total gradient stack used is 419303 out of 10000000
DEBUG: Total dvariable address used is 2086 out of 150000
DEBUG: Total dvariable address used is 3999296 out of 50000000
DEBUG: Total gradient stack used is 419297 out of 10000000
DEBUG: Total dvariable address used is 2086 out of 150000
DEBUG: Total dvariable address used is 3999296 out of 50000000
DEBUG: Total gradient stack used is 419352 out of 10000000
DEBUG: Total dvariable address used is 2086 out of 150000
DEBUG: Total dvariable address used is 3999296 out of 50000000
DEBUG: Total gradient stack used is 419381 out of 10000000
DEBUG: Total dvariable address used is 2086 out of 150000
DEBUG: Total dvariable address used is 3999296 out of 50000000
DEBUG: Total gradient stack used is 419377 out of 10000000
DEBUG: Total dvariable address used is 2086 out of 150000
DEBUG: Total dvariable address used is 3999296 out of 50000000
DEBUG: Total gradient stack used is 419377 out of 10000000
DEBUG: Total dvariable address used is 2086 out of 150000
DEBUG: Total dvariable address used is 3999296 out of 50000000
DEBUG: Total gradient stack used is 419377 out of 10000000
DEBUG: Total dvariable address used is 2086 out of 150000
DEBUG: Total dvariable address used is 3999296 out of 50000000
DEBUG: Total gradient stack used is 419377 out of 10000000
DEBUG: Total dvariable address used is 2086 out of 150000
DEBUG: Total dvariable address used is 3999296 out of 50000000
DEBUG: Total gradient stack used is 419377 out of 10000000
DEBUG: Total dvariable address used is 2086 out of 150000
DEBUG: Total dvariable address used is 3999296 out of 50000000
DEBUG: Total gradient stack used is 419376 out of 10000000
DEBUG: Total dvariable address used is 2086 out of 150000
DEBUG: Total dvariable address used is 3999296 out of 50000000
DEBUG: Total gradient stack used is 419384 out of 10000000
DEBUG: Total dvariable address used is 2086 out of 150000
DEBUG: Total dvariable address used is 3999296 out of 50000000
DEBUG: Total gradient stack used is 419376 out of 10000000
DEBUG: Total dvariable address used is 2086 out of 150000
DEBUG: Total dvariable address used is 3999296 out of 50000000
DEBUG: Total gradient stack used is 419376 out of 10000000
DEBUG: Total dvariable address used is 2086 out of 150000
DEBUG: Total dvariable address used is 3999296 out of 50000000
DEBUG: Total gradient stack used is 419395 out of 10000000
DEBUG: Total dvariable address used is 2086 out of 150000
DEBUG: Total dvariable address used is 3999296 out of 50000000
DEBUG: Total gradient stack used is 419391 out of 10000000
DEBUG: Total dvariable address used is 2086 out of 150000
DEBUG: Total dvariable address used is 3999296 out of 50000000
DEBUG: Total gradient stack used is 419395 out of 10000000
DEBUG: Total dvariable address used is 2086 out of 150000
DEBUG: Total dvariable address used is 3999296 out of 50000000
DEBUG: Total gradient stack used is 419395 out of 10000000
DEBUG: Total dvariable address used is 2086 out of 150000
DEBUG: Total dvariable address used is 3999296 out of 50000000
DEBUG: Total gradient stack used is 419409 out of 10000000
DEBUG: Total dvariable address used is 2086 out of 150000
DEBUG: Total dvariable address used is 3999296 out of 50000000
DEBUG: Total gradient stack used is 419394 out of 10000000
DEBUG: Total dvariable address used is 2086 out of 150000
DEBUG: Total dvariable address used is 3999296 out of 50000000
DEBUG: Total gradient stack used is 419388 out of 10000000
DEBUG: Total dvariable address used is 2086 out of 150000
DEBUG: Total dvariable address used is 3999296 out of 50000000
DEBUG: Total gradient stack used is 419422 out of 10000000
DEBUG: Total dvariable address used is 2086 out of 150000
DEBUG: Total dvariable address used is 3999296 out of 50000000
DEBUG: Total gradient stack used is 419419 out of 10000000
DEBUG: Total dvariable address used is 2086 out of 150000
DEBUG: Total dvariable address used is 3999296 out of 50000000
DEBUG: Total gradient stack used is 419433 out of 10000000
DEBUG: Total dvariable address used is 2086 out of 150000
DEBUG: Total dvariable address used is 3999296 out of 50000000
DEBUG: Total gradient stack used is 419433 out of 10000000
DEBUG: Total dvariable address used is 2086 out of 150000
DEBUG: Total dvariable address used is 3999296 out of 50000000
DEBUG: Total gradient stack used is 419434 out of 10000000
DEBUG: Total dvariable address used is 2086 out of 150000
DEBUG: Total dvariable address used is 3999296 out of 50000000
DEBUG: Total gradient stack used is 419420 out of 10000000
DEBUG: Total dvariable address used is 2086 out of 150000
DEBUG: Total dvariable address used is 3999296 out of 50000000
DEBUG: Total gradient stack used is 419398 out of 10000000
DEBUG: Total dvariable address used is 2086 out of 150000
DEBUG: Total dvariable address used is 3999296 out of 50000000
DEBUG: Total gradient stack used is 419422 out of 10000000
DEBUG: Total dvariable address used is 2086 out of 150000
DEBUG: Total dvariable address used is 3999296 out of 50000000
phase= 3 | nvar=393 | iter=420 | nll=-2.23e+04 | mag=1.12e+03 | par[  2]=T_pars_est[3]
DEBUG: Total gradient stack used is 419436 out of 10000000
DEBUG: Total dvariable address used is 2086 out of 150000
DEBUG: Total dvariable address used is 3999296 out of 50000000
DEBUG: Total gradient stack used is 419417 out of 10000000
DEBUG: Total dvariable address used is 2086 out of 150000
DEBUG: Total dvariable address used is 3999296 out of 50000000
DEBUG: Total gradient stack used is 419436 out of 10000000
DEBUG: Total dvariable address used is 2086 out of 150000
DEBUG: Total dvariable address used is 3999296 out of 50000000
DEBUG: Total gradient stack used is 419436 out of 10000000
DEBUG: Total dvariable address used is 2086 out of 150000
DEBUG: Total dvariable address used is 3999296 out of 50000000
DEBUG: Total gradient stack used is 419425 out of 10000000
DEBUG: Total dvariable address used is 2086 out of 150000
DEBUG: Total dvariable address used is 3999296 out of 50000000
DEBUG: Total gradient stack used is 419439 out of 10000000
DEBUG: Total dvariable address used is 2086 out of 150000
DEBUG: Total dvariable address used is 3999296 out of 50000000
DEBUG: Total gradient stack used is 419425 out of 10000000
DEBUG: Total dvariable address used is 2086 out of 150000
DEBUG: Total dvariable address used is 3999296 out of 50000000
DEBUG: Total gradient stack used is 419436 out of 10000000
DEBUG: Total dvariable address used is 2086 out of 150000
DEBUG: Total dvariable address used is 3999296 out of 50000000
DEBUG: Total gradient stack used is 419428 out of 10000000
DEBUG: Total dvariable address used is 2086 out of 150000
DEBUG: Total dvariable address used is 3999296 out of 50000000
DEBUG: Total gradient stack used is 419417 out of 10000000
DEBUG: Total dvariable address used is 2086 out of 150000
DEBUG: Total dvariable address used is 3999296 out of 50000000
DEBUG: Total gradient stack used is 419412 out of 10000000
DEBUG: Total dvariable address used is 2086 out of 150000
DEBUG: Total dvariable address used is 3999296 out of 50000000
DEBUG: Total gradient stack used is 419415 out of 10000000
DEBUG: Total dvariable address used is 2086 out of 150000
DEBUG: Total dvariable address used is 3999296 out of 50000000
DEBUG: Total gradient stack used is 419418 out of 10000000
DEBUG: Total dvariable address used is 2086 out of 150000
DEBUG: Total dvariable address used is 3999296 out of 50000000
DEBUG: Total gradient stack used is 419418 out of 10000000
DEBUG: Total dvariable address used is 2086 out of 150000
DEBUG: Total dvariable address used is 3999296 out of 50000000
DEBUG: Total gradient stack used is 419427 out of 10000000
DEBUG: Total dvariable address used is 2086 out of 150000
DEBUG: Total dvariable address used is 3999296 out of 50000000
DEBUG: Total gradient stack used is 419430 out of 10000000
DEBUG: Total dvariable address used is 2086 out of 150000
DEBUG: Total dvariable address used is 3999296 out of 50000000
DEBUG: Total gradient stack used is 419430 out of 10000000
DEBUG: Total dvariable address used is 2086 out of 150000
DEBUG: Total dvariable address used is 3999296 out of 50000000
DEBUG: Total gradient stack used is 419433 out of 10000000
DEBUG: Total dvariable address used is 2086 out of 150000
DEBUG: Total dvariable address used is 3999296 out of 50000000
DEBUG: Total gradient stack used is 419433 out of 10000000
DEBUG: Total dvariable address used is 2086 out of 150000
DEBUG: Total dvariable address used is 3999296 out of 50000000
DEBUG: Total gradient stack used is 419433 out of 10000000
DEBUG: Total dvariable address used is 2086 out of 150000
DEBUG: Total dvariable address used is 3999296 out of 50000000
phase= 3 | nvar=393 | iter=440 | nll=-2.23e+04 | mag=4.96e+01 | par[  2]=T_pars_est[3]
DEBUG: Total gradient stack used is 419433 out of 10000000
DEBUG: Total dvariable address used is 2086 out of 150000
DEBUG: Total dvariable address used is 3999296 out of 50000000
DEBUG: Total gradient stack used is 419433 out of 10000000
DEBUG: Total dvariable address used is 2086 out of 150000
DEBUG: Total dvariable address used is 3999296 out of 50000000
DEBUG: Total gradient stack used is 419433 out of 10000000
DEBUG: Total dvariable address used is 2086 out of 150000
DEBUG: Total dvariable address used is 3999296 out of 50000000
DEBUG: Total gradient stack used is 419433 out of 10000000
DEBUG: Total dvariable address used is 2086 out of 150000
DEBUG: Total dvariable address used is 3999296 out of 50000000
DEBUG: Total gradient stack used is 419433 out of 10000000
DEBUG: Total dvariable address used is 2086 out of 150000
DEBUG: Total dvariable address used is 3999296 out of 50000000
DEBUG: Total gradient stack used is 419433 out of 10000000
DEBUG: Total dvariable address used is 2086 out of 150000
DEBUG: Total dvariable address used is 3999296 out of 50000000
DEBUG: Total gradient stack used is 419433 out of 10000000
DEBUG: Total dvariable address used is 2086 out of 150000
DEBUG: Total dvariable address used is 3999296 out of 50000000
DEBUG: Total gradient stack used is 419433 out of 10000000
DEBUG: Total dvariable address used is 2086 out of 150000
DEBUG: Total dvariable address used is 3999296 out of 50000000
DEBUG: Total gradient stack used is 419433 out of 10000000
DEBUG: Total dvariable address used is 2086 out of 150000
DEBUG: Total dvariable address used is 3999296 out of 50000000
DEBUG: Total gradient stack used is 419430 out of 10000000
DEBUG: Total dvariable address used is 2086 out of 150000
DEBUG: Total dvariable address used is 3999296 out of 50000000
DEBUG: Total gradient stack used is 419430 out of 10000000
DEBUG: Total dvariable address used is 2086 out of 150000
DEBUG: Total dvariable address used is 3999296 out of 50000000
DEBUG: Total gradient stack used is 419430 out of 10000000
DEBUG: Total dvariable address used is 2086 out of 150000
DEBUG: Total dvariable address used is 3999296 out of 50000000
DEBUG: Total gradient stack used is 419430 out of 10000000
DEBUG: Total dvariable address used is 2086 out of 150000
DEBUG: Total dvariable address used is 3999296 out of 50000000
DEBUG: Total gradient stack used is 419430 out of 10000000
DEBUG: Total dvariable address used is 2086 out of 150000
DEBUG: Total dvariable address used is 3999296 out of 50000000
DEBUG: Total gradient stack used is 419430 out of 10000000
DEBUG: Total dvariable address used is 2086 out of 150000
DEBUG: Total dvariable address used is 3999296 out of 50000000
DEBUG: Total gradient stack used is 419430 out of 10000000
DEBUG: Total dvariable address used is 2086 out of 150000
DEBUG: Total dvariable address used is 3999296 out of 50000000
DEBUG: Total gradient stack used is 419430 out of 10000000
DEBUG: Total dvariable address used is 2086 out of 150000
DEBUG: Total dvariable address used is 3999296 out of 50000000
DEBUG: Total gradient stack used is 419430 out of 10000000
DEBUG: Total dvariable address used is 2086 out of 150000
DEBUG: Total dvariable address used is 3999296 out of 50000000
DEBUG: Total gradient stack used is 419430 out of 10000000
DEBUG: Total dvariable address used is 2086 out of 150000
DEBUG: Total dvariable address used is 3999296 out of 50000000
DEBUG: Total gradient stack used is 419430 out of 10000000
DEBUG: Total dvariable address used is 2086 out of 150000
DEBUG: Total dvariable address used is 3999296 out of 50000000
phase= 3 | nvar=393 | iter=460 | nll=-2.23e+04 | mag=4.35e+00 | par[364]=logit_rec_prop_est[15]
DEBUG: Total gradient stack used is 419430 out of 10000000
DEBUG: Total dvariable address used is 2086 out of 150000
DEBUG: Total dvariable address used is 3999296 out of 50000000
DEBUG: Total gradient stack used is 419430 out of 10000000
DEBUG: Total dvariable address used is 2086 out of 150000
DEBUG: Total dvariable address used is 3999296 out of 50000000
DEBUG: Total gradient stack used is 419430 out of 10000000
DEBUG: Total dvariable address used is 2086 out of 150000
DEBUG: Total dvariable address used is 3999296 out of 50000000
DEBUG: Total gradient stack used is 419430 out of 10000000
DEBUG: Total dvariable address used is 2086 out of 150000
DEBUG: Total dvariable address used is 3999296 out of 50000000
DEBUG: Total gradient stack used is 419430 out of 10000000
DEBUG: Total dvariable address used is 2086 out of 150000
DEBUG: Total dvariable address used is 3999296 out of 50000000
DEBUG: Total gradient stack used is 419430 out of 10000000
DEBUG: Total dvariable address used is 2086 out of 150000
DEBUG: Total dvariable address used is 3999296 out of 50000000
DEBUG: Total gradient stack used is 419430 out of 10000000
DEBUG: Total dvariable address used is 2086 out of 150000
DEBUG: Total dvariable address used is 3999296 out of 50000000
DEBUG: Total gradient stack used is 419430 out of 10000000
DEBUG: Total dvariable address used is 2086 out of 150000
DEBUG: Total dvariable address used is 3999296 out of 50000000
DEBUG: Total gradient stack used is 419430 out of 10000000
DEBUG: Total dvariable address used is 2086 out of 150000
DEBUG: Total dvariable address used is 3999296 out of 50000000
DEBUG: Total gradient stack used is 419430 out of 10000000
DEBUG: Total dvariable address used is 2086 out of 150000
DEBUG: Total dvariable address used is 3999296 out of 50000000
DEBUG: Total gradient stack used is 419430 out of 10000000
DEBUG: Total dvariable address used is 2086 out of 150000
DEBUG: Total dvariable address used is 3999296 out of 50000000
DEBUG: Total gradient stack used is 419430 out of 10000000
DEBUG: Total dvariable address used is 2086 out of 150000
DEBUG: Total dvariable address used is 3999296 out of 50000000
DEBUG: Total gradient stack used is 419430 out of 10000000
DEBUG: Total dvariable address used is 2086 out of 150000
DEBUG: Total dvariable address used is 3999296 out of 50000000
DEBUG: Total gradient stack used is 419430 out of 10000000
DEBUG: Total dvariable address used is 2086 out of 150000
DEBUG: Total dvariable address used is 3999296 out of 50000000
DEBUG: Total gradient stack used is 419430 out of 10000000
DEBUG: Total dvariable address used is 2086 out of 150000
DEBUG: Total dvariable address used is 3999296 out of 50000000
DEBUG: Total gradient stack used is 419430 out of 10000000
DEBUG: Total dvariable address used is 2086 out of 150000
DEBUG: Total dvariable address used is 3999296 out of 50000000
DEBUG: Total gradient stack used is 419430 out of 10000000
DEBUG: Total dvariable address used is 2086 out of 150000
DEBUG: Total dvariable address used is 3999296 out of 50000000
DEBUG: Total gradient stack used is 419430 out of 10000000
DEBUG: Total dvariable address used is 2086 out of 150000
DEBUG: Total dvariable address used is 3999296 out of 50000000
DEBUG: Total gradient stack used is 419430 out of 10000000
DEBUG: Total dvariable address used is 2086 out of 150000
DEBUG: Total dvariable address used is 3999296 out of 50000000
DEBUG: Total gradient stack used is 419430 out of 10000000
DEBUG: Total dvariable address used is 2086 out of 150000
DEBUG: Total dvariable address used is 3999296 out of 50000000
phase= 3 | nvar=393 | iter=480 | nll=-2.23e+04 | mag=7.30e-01 | par[358]=logit_rec_prop_est[9]
DEBUG: Total gradient stack used is 419430 out of 10000000
DEBUG: Total dvariable address used is 2086 out of 150000
DEBUG: Total dvariable address used is 3999296 out of 50000000
DEBUG: Total gradient stack used is 419430 out of 10000000
DEBUG: Total dvariable address used is 2086 out of 150000
DEBUG: Total dvariable address used is 3999296 out of 50000000
DEBUG: Total gradient stack used is 419430 out of 10000000
DEBUG: Total dvariable address used is 2086 out of 150000
DEBUG: Total dvariable address used is 3999296 out of 50000000
DEBUG: Total gradient stack used is 419430 out of 10000000
DEBUG: Total dvariable address used is 2086 out of 150000
DEBUG: Total dvariable address used is 3999296 out of 50000000
DEBUG: Total gradient stack used is 419430 out of 10000000
DEBUG: Total dvariable address used is 2086 out of 150000
DEBUG: Total dvariable address used is 3999296 out of 50000000
DEBUG: Total gradient stack used is 419430 out of 10000000
DEBUG: Total dvariable address used is 2086 out of 150000
DEBUG: Total dvariable address used is 3999296 out of 50000000
DEBUG: Total gradient stack used is 419430 out of 10000000
DEBUG: Total dvariable address used is 2086 out of 150000
DEBUG: Total dvariable address used is 3999296 out of 50000000
DEBUG: Total gradient stack used is 419430 out of 10000000
DEBUG: Total dvariable address used is 2086 out of 150000
DEBUG: Total dvariable address used is 3999296 out of 50000000
DEBUG: Total gradient stack used is 419430 out of 10000000
DEBUG: Total dvariable address used is 2086 out of 150000
DEBUG: Total dvariable address used is 3999296 out of 50000000
DEBUG: Total gradient stack used is 419430 out of 10000000
DEBUG: Total dvariable address used is 2086 out of 150000
DEBUG: Total dvariable address used is 3999296 out of 50000000
DEBUG: Total gradient stack used is 419430 out of 10000000
DEBUG: Total dvariable address used is 2086 out of 150000
DEBUG: Total dvariable address used is 3999296 out of 50000000
DEBUG: Total gradient stack used is 419430 out of 10000000
DEBUG: Total dvariable address used is 2086 out of 150000
DEBUG: Total dvariable address used is 3999296 out of 50000000
DEBUG: Total gradient stack used is 419430 out of 10000000
DEBUG: Total dvariable address used is 2086 out of 150000
DEBUG: Total dvariable address used is 3999296 out of 50000000
DEBUG: Total gradient stack used is 419430 out of 10000000
DEBUG: Total dvariable address used is 2086 out of 150000
DEBUG: Total dvariable address used is 3999296 out of 50000000
DEBUG: Total gradient stack used is 419430 out of 10000000
DEBUG: Total dvariable address used is 2086 out of 150000
DEBUG: Total dvariable address used is 3999296 out of 50000000
DEBUG: Total gradient stack used is 419430 out of 10000000
DEBUG: Total dvariable address used is 2086 out of 150000
DEBUG: Total dvariable address used is 3999296 out of 50000000
DEBUG: Total gradient stack used is 419430 out of 10000000
DEBUG: Total dvariable address used is 2086 out of 150000
DEBUG: Total dvariable address used is 3999296 out of 50000000
DEBUG: Total gradient stack used is 419430 out of 10000000
DEBUG: Total dvariable address used is 2086 out of 150000
DEBUG: Total dvariable address used is 3999296 out of 50000000
DEBUG: Total gradient stack used is 419430 out of 10000000
DEBUG: Total dvariable address used is 2086 out of 150000
DEBUG: Total dvariable address used is 3999296 out of 50000000
DEBUG: Total gradient stack used is 419430 out of 10000000
DEBUG: Total dvariable address used is 2086 out of 150000
DEBUG: Total dvariable address used is 3999296 out of 50000000
phase= 3 | nvar=393 | iter=500 | nll=-2.23e+04 | mag=1.52e-02 | par[353]=logit_rec_prop_est[4]
DEBUG: Total gradient stack used is 419430 out of 10000000
DEBUG: Total dvariable address used is 2086 out of 150000
DEBUG: Total dvariable address used is 3999296 out of 50000000
DEBUG: Total gradient stack used is 419430 out of 10000000
DEBUG: Total dvariable address used is 2086 out of 150000
DEBUG: Total dvariable address used is 3999296 out of 50000000
DEBUG: Total gradient stack used is 419430 out of 10000000
DEBUG: Total dvariable address used is 2086 out of 150000
DEBUG: Total dvariable address used is 3999296 out of 50000000
DEBUG: Total gradient stack used is 419430 out of 10000000
DEBUG: Total dvariable address used is 2086 out of 150000
DEBUG: Total dvariable address used is 3999296 out of 50000000
DEBUG: Total gradient stack used is 419430 out of 10000000
DEBUG: Total dvariable address used is 2086 out of 150000
DEBUG: Total dvariable address used is 3999296 out of 50000000
DEBUG: Total gradient stack used is 419430 out of 10000000
DEBUG: Total dvariable address used is 2086 out of 150000
DEBUG: Total dvariable address used is 3999296 out of 50000000
DEBUG: Total gradient stack used is 419430 out of 10000000
DEBUG: Total dvariable address used is 2086 out of 150000
DEBUG: Total dvariable address used is 3999296 out of 50000000
DEBUG: Total gradient stack used is 419430 out of 10000000
DEBUG: Total dvariable address used is 2086 out of 150000
DEBUG: Total dvariable address used is 3999296 out of 50000000
DEBUG: Total gradient stack used is 419430 out of 10000000
DEBUG: Total dvariable address used is 2086 out of 150000
DEBUG: Total dvariable address used is 3999296 out of 50000000
DEBUG: Total gradient stack used is 419430 out of 10000000
DEBUG: Total dvariable address used is 2086 out of 150000
DEBUG: Total dvariable address used is 3999296 out of 50000000
DEBUG: Total gradient stack used is 419430 out of 10000000
DEBUG: Total dvariable address used is 2086 out of 150000
DEBUG: Total dvariable address used is 3999296 out of 50000000
DEBUG: Total gradient stack used is 419430 out of 10000000
DEBUG: Total dvariable address used is 2086 out of 150000
DEBUG: Total dvariable address used is 3999296 out of 50000000
DEBUG: Total gradient stack used is 419430 out of 10000000
DEBUG: Total dvariable address used is 2086 out of 150000
DEBUG: Total dvariable address used is 3999296 out of 50000000
DEBUG: Total gradient stack used is 419430 out of 10000000
DEBUG: Total dvariable address used is 2086 out of 150000
DEBUG: Total dvariable address used is 3999296 out of 50000000
DEBUG: Total gradient stack used is 419430 out of 10000000
DEBUG: Total dvariable address used is 2086 out of 150000
DEBUG: Total dvariable address used is 3999296 out of 50000000
DEBUG: Total gradient stack used is 419430 out of 10000000
DEBUG: Total dvariable address used is 2086 out of 150000
DEBUG: Total dvariable address used is 3999296 out of 50000000
DEBUG: Total gradient stack used is 419430 out of 10000000
DEBUG: Total dvariable address used is 2086 out of 150000
DEBUG: Total dvariable address used is 3999296 out of 50000000
DEBUG: Total gradient stack used is 419430 out of 10000000
DEBUG: Total dvariable address used is 2086 out of 150000
DEBUG: Total dvariable address used is 3999296 out of 50000000
DEBUG: Total gradient stack used is 419430 out of 10000000
DEBUG: Total dvariable address used is 2086 out of 150000
DEBUG: Total dvariable address used is 3999296 out of 50000000
DEBUG: Total gradient stack used is 419430 out of 10000000
DEBUG: Total dvariable address used is 2086 out of 150000
DEBUG: Total dvariable address used is 3999296 out of 50000000
DEBUG: Total gradient stack used is 419430 out of 10000000
DEBUG: Total dvariable address used is 2086 out of 150000
DEBUG: Total dvariable address used is 3999296 out of 50000000
DEBUG: Total gradient stack used is 419430 out of 10000000
DEBUG: Total dvariable address used is 2086 out of 150000
DEBUG: Total dvariable address used is 3999296 out of 50000000
DEBUG: Total gradient stack used is 419430 out of 10000000
DEBUG: Total dvariable address used is 2086 out of 150000
DEBUG: Total dvariable address used is 3999296 out of 50000000
DEBUG: Total gradient stack used is 419430 out of 10000000
DEBUG: Total dvariable address used is 2086 out of 150000
DEBUG: Total dvariable address used is 3999296 out of 50000000
DEBUG: Total gradient stack used is 419430 out of 10000000
DEBUG: Total dvariable address used is 2086 out of 150000
DEBUG: Total dvariable address used is 3999296 out of 50000000
DEBUG: Total gradient stack used is 419430 out of 10000000
DEBUG: Total dvariable address used is 2086 out of 150000
DEBUG: Total dvariable address used is 3999296 out of 50000000
DEBUG: Total gradient stack used is 419430 out of 10000000
DEBUG: Total dvariable address used is 2086 out of 150000
DEBUG: Total dvariable address used is 3999296 out of 50000000
DEBUG: Total gradient stack used is 419430 out of 10000000
DEBUG: Total dvariable address used is 2086 out of 150000
DEBUG: Total dvariable address used is 3999296 out of 50000000
DEBUG: Total gradient stack used is 419430 out of 10000000
DEBUG: Total dvariable address used is 2086 out of 150000
DEBUG: Total dvariable address used is 3999296 out of 50000000
DEBUG: Total gradient stack used is 419430 out of 10000000
DEBUG: Total dvariable address used is 2086 out of 150000
DEBUG: Total dvariable address used is 3999296 out of 50000000
DEBUG: Total gradient stack used is 419430 out of 10000000
DEBUG: Total dvariable address used is 2086 out of 150000
DEBUG: Total dvariable address used is 3999296 out of 50000000
DEBUG: Total gradient stack used is 419430 out of 10000000
DEBUG: Total dvariable address used is 2086 out of 150000
DEBUG: Total dvariable address used is 3999296 out of 50000000
DEBUG: Total gradient stack used is 419430 out of 10000000
DEBUG: Total dvariable address used is 2086 out of 150000
DEBUG: Total dvariable address used is 3999296 out of 50000000
DEBUG: Total gradient stack used is 419430 out of 10000000
DEBUG: Total dvariable address used is 2086 out of 150000
DEBUG: Total dvariable address used is 3999296 out of 50000000
DEBUG: Total gradient stack used is 419430 out of 10000000
DEBUG: Total dvariable address used is 2086 out of 150000
DEBUG: Total dvariable address used is 3999296 out of 50000000
phase= 3 | nvar=393 | iter=505 | nll=-2.23e+04 | mag=5.91e-03 | par[  2]=T_pars_est[3]
DEBUG: Total gradient stack used is 0 out of 10000000
DEBUG: Total dvariable address used is 2086 out of 150000
DEBUG: Total dvariable address used is 3999296 out of 50000000
Starting REPORT_SECTION
+--------------------------+
| Beginning report section |
+--------------------------+
Finished WriteFiles
REPORT_SECTION: finished CreateOutput
REPORT_SECTION: finished save_gradients
Finished REPORT_SECTION

#--BETWEEN_PHASES_SECTION---------------------
#----Starting phase 4 of 4
Finished BETWEEN_PHASES_SECTION
----------------------------------------------
DEBUG: Total gradient stack used is 419879 out of 10000000
DEBUG: Total dvariable address used is 2086 out of 150000
DEBUG: Total dvariable address used is 3999296 out of 50000000
phase= 4 | nvar=412 | iter=  0 | nll=-2.23e+04 | mag=4.02e+04 | par[192]=S_pars_est[95]
DEBUG: Total gradient stack used is 419879 out of 10000000
DEBUG: Total dvariable address used is 2086 out of 150000
DEBUG: Total dvariable address used is 3999296 out of 50000000
DEBUG: Total gradient stack used is 419879 out of 10000000
DEBUG: Total dvariable address used is 2086 out of 150000
DEBUG: Total dvariable address used is 3999296 out of 50000000
DEBUG: Total gradient stack used is 419879 out of 10000000
DEBUG: Total dvariable address used is 2086 out of 150000
DEBUG: Total dvariable address used is 3999296 out of 50000000
DEBUG: Total gradient stack used is 419879 out of 10000000
DEBUG: Total dvariable address used is 2086 out of 150000
DEBUG: Total dvariable address used is 3999296 out of 50000000
DEBUG: Total gradient stack used is 419868 out of 10000000
DEBUG: Total dvariable address used is 2086 out of 150000
DEBUG: Total dvariable address used is 3999296 out of 50000000
DEBUG: Total gradient stack used is 419904 out of 10000000
DEBUG: Total dvariable address used is 2086 out of 150000
DEBUG: Total dvariable address used is 3999296 out of 50000000
DEBUG: Total gradient stack used is 419875 out of 10000000
DEBUG: Total dvariable address used is 2086 out of 150000
DEBUG: Total dvariable address used is 3999296 out of 50000000
DEBUG: Total gradient stack used is 419713 out of 10000000
DEBUG: Total dvariable address used is 2086 out of 150000
DEBUG: Total dvariable address used is 3999296 out of 50000000
DEBUG: Total gradient stack used is 419863 out of 10000000
DEBUG: Total dvariable address used is 2086 out of 150000
DEBUG: Total dvariable address used is 3999296 out of 50000000
DEBUG: Total gradient stack used is 419875 out of 10000000
DEBUG: Total dvariable address used is 2086 out of 150000
DEBUG: Total dvariable address used is 3999296 out of 50000000
DEBUG: Total gradient stack used is 419916 out of 10000000
DEBUG: Total dvariable address used is 2086 out of 150000
DEBUG: Total dvariable address used is 3999296 out of 50000000
DEBUG: Total gradient stack used is 419864 out of 10000000
DEBUG: Total dvariable address used is 2086 out of 150000
DEBUG: Total dvariable address used is 3999296 out of 50000000
DEBUG: Total gradient stack used is 419806 out of 10000000
DEBUG: Total dvariable address used is 2086 out of 150000
DEBUG: Total dvariable address used is 3999296 out of 50000000
DEBUG: Total gradient stack used is 419803 out of 10000000
DEBUG: Total dvariable address used is 2086 out of 150000
DEBUG: Total dvariable address used is 3999296 out of 50000000
DEBUG: Total gradient stack used is 419911 out of 10000000
DEBUG: Total dvariable address used is 2086 out of 150000
DEBUG: Total dvariable address used is 3999296 out of 50000000
DEBUG: Total gradient stack used is 419911 out of 10000000
DEBUG: Total dvariable address used is 2086 out of 150000
DEBUG: Total dvariable address used is 3999296 out of 50000000
DEBUG: Total gradient stack used is 419905 out of 10000000
DEBUG: Total dvariable address used is 2086 out of 150000
DEBUG: Total dvariable address used is 3999296 out of 50000000
DEBUG: Total gradient stack used is 419932 out of 10000000
DEBUG: Total dvariable address used is 2086 out of 150000
DEBUG: Total dvariable address used is 3999296 out of 50000000
DEBUG: Total gradient stack used is 419924 out of 10000000
DEBUG: Total dvariable address used is 2086 out of 150000
DEBUG: Total dvariable address used is 3999296 out of 50000000
DEBUG: Total gradient stack used is 419932 out of 10000000
DEBUG: Total dvariable address used is 2086 out of 150000
DEBUG: Total dvariable address used is 3999296 out of 50000000
DEBUG: Total gradient stack used is 419897 out of 10000000
DEBUG: Total dvariable address used is 2086 out of 150000
DEBUG: Total dvariable address used is 3999296 out of 50000000
DEBUG: Total gradient stack used is 419921 out of 10000000
DEBUG: Total dvariable address used is 2086 out of 150000
DEBUG: Total dvariable address used is 3999296 out of 50000000
DEBUG: Total gradient stack used is 419925 out of 10000000
DEBUG: Total dvariable address used is 2086 out of 150000
DEBUG: Total dvariable address used is 3999296 out of 50000000
DEBUG: Total gradient stack used is 419797 out of 10000000
DEBUG: Total dvariable address used is 2086 out of 150000
DEBUG: Total dvariable address used is 3999296 out of 50000000
DEBUG: Total gradient stack used is 419953 out of 10000000
DEBUG: Total dvariable address used is 2086 out of 150000
DEBUG: Total dvariable address used is 3999296 out of 50000000
phase= 4 | nvar=412 | iter= 20 | nll=-2.26e+04 | mag=2.06e+04 | par[192]=S_pars_est[95]
DEBUG: Total gradient stack used is 419917 out of 10000000
DEBUG: Total dvariable address used is 2086 out of 150000
DEBUG: Total dvariable address used is 3999296 out of 50000000
DEBUG: Total gradient stack used is 419906 out of 10000000
DEBUG: Total dvariable address used is 2086 out of 150000
DEBUG: Total dvariable address used is 3999296 out of 50000000
DEBUG: Total gradient stack used is 419950 out of 10000000
DEBUG: Total dvariable address used is 2086 out of 150000
DEBUG: Total dvariable address used is 3999296 out of 50000000
DEBUG: Total gradient stack used is 419953 out of 10000000
DEBUG: Total dvariable address used is 2086 out of 150000
DEBUG: Total dvariable address used is 3999296 out of 50000000
DEBUG: Total gradient stack used is 419992 out of 10000000
DEBUG: Total dvariable address used is 2086 out of 150000
DEBUG: Total dvariable address used is 3999296 out of 50000000
DEBUG: Total gradient stack used is 419926 out of 10000000
DEBUG: Total dvariable address used is 2086 out of 150000
DEBUG: Total dvariable address used is 3999296 out of 50000000
DEBUG: Total gradient stack used is 419923 out of 10000000
DEBUG: Total dvariable address used is 2086 out of 150000
DEBUG: Total dvariable address used is 3999296 out of 50000000
DEBUG: Total gradient stack used is 419929 out of 10000000
DEBUG: Total dvariable address used is 2086 out of 150000
DEBUG: Total dvariable address used is 3999296 out of 50000000
DEBUG: Total gradient stack used is 419944 out of 10000000
DEBUG: Total dvariable address used is 2086 out of 150000
DEBUG: Total dvariable address used is 3999296 out of 50000000
DEBUG: Total gradient stack used is 419979 out of 10000000
DEBUG: Total dvariable address used is 2086 out of 150000
DEBUG: Total dvariable address used is 3999296 out of 50000000
DEBUG: Total gradient stack used is 420010 out of 10000000
DEBUG: Total dvariable address used is 2086 out of 150000
DEBUG: Total dvariable address used is 3999296 out of 50000000
DEBUG: Total gradient stack used is 420021 out of 10000000
DEBUG: Total dvariable address used is 2086 out of 150000
DEBUG: Total dvariable address used is 3999296 out of 50000000
DEBUG: Total gradient stack used is 420021 out of 10000000
DEBUG: Total dvariable address used is 2086 out of 150000
DEBUG: Total dvariable address used is 3999296 out of 50000000
DEBUG: Total gradient stack used is 420024 out of 10000000
DEBUG: Total dvariable address used is 2086 out of 150000
DEBUG: Total dvariable address used is 3999296 out of 50000000
DEBUG: Total gradient stack used is 420006 out of 10000000
DEBUG: Total dvariable address used is 2086 out of 150000
DEBUG: Total dvariable address used is 3999296 out of 50000000
DEBUG: Total gradient stack used is 420006 out of 10000000
DEBUG: Total dvariable address used is 2086 out of 150000
DEBUG: Total dvariable address used is 3999296 out of 50000000
DEBUG: Total gradient stack used is 420000 out of 10000000
DEBUG: Total dvariable address used is 2086 out of 150000
DEBUG: Total dvariable address used is 3999296 out of 50000000
DEBUG: Total gradient stack used is 420017 out of 10000000
DEBUG: Total dvariable address used is 2086 out of 150000
DEBUG: Total dvariable address used is 3999296 out of 50000000
DEBUG: Total gradient stack used is 420026 out of 10000000
DEBUG: Total dvariable address used is 2086 out of 150000
DEBUG: Total dvariable address used is 3999296 out of 50000000
DEBUG: Total gradient stack used is 420031 out of 10000000
DEBUG: Total dvariable address used is 2086 out of 150000
DEBUG: Total dvariable address used is 3999296 out of 50000000
DEBUG: Total gradient stack used is 420017 out of 10000000
DEBUG: Total dvariable address used is 2086 out of 150000
DEBUG: Total dvariable address used is 3999296 out of 50000000
phase= 4 | nvar=412 | iter= 40 | nll=-2.26e+04 | mag=9.42e+03 | par[100]=S_pars_est[1]
DEBUG: Total gradient stack used is 420039 out of 10000000
DEBUG: Total dvariable address used is 2086 out of 150000
DEBUG: Total dvariable address used is 3999296 out of 50000000
DEBUG: Total gradient stack used is 420036 out of 10000000
DEBUG: Total dvariable address used is 2086 out of 150000
DEBUG: Total dvariable address used is 3999296 out of 50000000
DEBUG: Total gradient stack used is 420042 out of 10000000
DEBUG: Total dvariable address used is 2086 out of 150000
DEBUG: Total dvariable address used is 3999296 out of 50000000
DEBUG: Total gradient stack used is 419746 out of 10000000
DEBUG: Total dvariable address used is 2086 out of 150000
DEBUG: Total dvariable address used is 3999296 out of 50000000
DEBUG: Total gradient stack used is 419754 out of 10000000
DEBUG: Total dvariable address used is 2086 out of 150000
DEBUG: Total dvariable address used is 3999296 out of 50000000
DEBUG: Total gradient stack used is 419723 out of 10000000
DEBUG: Total dvariable address used is 2086 out of 150000
DEBUG: Total dvariable address used is 3999296 out of 50000000
DEBUG: Total gradient stack used is 419690 out of 10000000
DEBUG: Total dvariable address used is 2086 out of 150000
DEBUG: Total dvariable address used is 3999296 out of 50000000
DEBUG: Total gradient stack used is 419715 out of 10000000
DEBUG: Total dvariable address used is 2086 out of 150000
DEBUG: Total dvariable address used is 3999296 out of 50000000
DEBUG: Total gradient stack used is 419690 out of 10000000
DEBUG: Total dvariable address used is 2086 out of 150000
DEBUG: Total dvariable address used is 3999296 out of 50000000
DEBUG: Total gradient stack used is 419745 out of 10000000
DEBUG: Total dvariable address used is 2086 out of 150000
DEBUG: Total dvariable address used is 3999296 out of 50000000
DEBUG: Total gradient stack used is 419726 out of 10000000
DEBUG: Total dvariable address used is 2086 out of 150000
DEBUG: Total dvariable address used is 3999296 out of 50000000
DEBUG: Total gradient stack used is 419726 out of 10000000
DEBUG: Total dvariable address used is 2086 out of 150000
DEBUG: Total dvariable address used is 3999296 out of 50000000
DEBUG: Total gradient stack used is 419651 out of 10000000
DEBUG: Total dvariable address used is 2086 out of 150000
DEBUG: Total dvariable address used is 3999296 out of 50000000
DEBUG: Total gradient stack used is 419687 out of 10000000
DEBUG: Total dvariable address used is 2086 out of 150000
DEBUG: Total dvariable address used is 3999296 out of 50000000
DEBUG: Total gradient stack used is 419690 out of 10000000
DEBUG: Total dvariable address used is 2086 out of 150000
DEBUG: Total dvariable address used is 3999296 out of 50000000
DEBUG: Total gradient stack used is 419709 out of 10000000
DEBUG: Total dvariable address used is 2086 out of 150000
DEBUG: Total dvariable address used is 3999296 out of 50000000
DEBUG: Total gradient stack used is 419709 out of 10000000
DEBUG: Total dvariable address used is 2086 out of 150000
DEBUG: Total dvariable address used is 3999296 out of 50000000
DEBUG: Total gradient stack used is 419695 out of 10000000
DEBUG: Total dvariable address used is 2086 out of 150000
DEBUG: Total dvariable address used is 3999296 out of 50000000
DEBUG: Total gradient stack used is 419684 out of 10000000
DEBUG: Total dvariable address used is 2086 out of 150000
DEBUG: Total dvariable address used is 3999296 out of 50000000
DEBUG: Total gradient stack used is 419699 out of 10000000
DEBUG: Total dvariable address used is 2086 out of 150000
DEBUG: Total dvariable address used is 3999296 out of 50000000
DEBUG: Total gradient stack used is 419660 out of 10000000
DEBUG: Total dvariable address used is 2086 out of 150000
DEBUG: Total dvariable address used is 3999296 out of 50000000
phase= 4 | nvar=412 | iter= 60 | nll=-2.27e+04 | mag=1.87e+04 | par[  2]=T_pars_est[3]
DEBUG: Total gradient stack used is 419663 out of 10000000
DEBUG: Total dvariable address used is 2086 out of 150000
DEBUG: Total dvariable address used is 3999296 out of 50000000
DEBUG: Total gradient stack used is 419674 out of 10000000
DEBUG: Total dvariable address used is 2086 out of 150000
DEBUG: Total dvariable address used is 3999296 out of 50000000
DEBUG: Total gradient stack used is 419688 out of 10000000
DEBUG: Total dvariable address used is 2086 out of 150000
DEBUG: Total dvariable address used is 3999296 out of 50000000
DEBUG: Total gradient stack used is 419696 out of 10000000
DEBUG: Total dvariable address used is 2086 out of 150000
DEBUG: Total dvariable address used is 3999296 out of 50000000
DEBUG: Total gradient stack used is 419690 out of 10000000
DEBUG: Total dvariable address used is 2086 out of 150000
DEBUG: Total dvariable address used is 3999296 out of 50000000
DEBUG: Total gradient stack used is 419701 out of 10000000
DEBUG: Total dvariable address used is 2086 out of 150000
DEBUG: Total dvariable address used is 3999296 out of 50000000
DEBUG: Total gradient stack used is 419726 out of 10000000
DEBUG: Total dvariable address used is 2086 out of 150000
DEBUG: Total dvariable address used is 3999296 out of 50000000
DEBUG: Total gradient stack used is 419698 out of 10000000
DEBUG: Total dvariable address used is 2086 out of 150000
DEBUG: Total dvariable address used is 3999296 out of 50000000
DEBUG: Total gradient stack used is 419701 out of 10000000
DEBUG: Total dvariable address used is 2086 out of 150000
DEBUG: Total dvariable address used is 3999296 out of 50000000
DEBUG: Total gradient stack used is 419698 out of 10000000
DEBUG: Total dvariable address used is 2086 out of 150000
DEBUG: Total dvariable address used is 3999296 out of 50000000
DEBUG: Total gradient stack used is 419695 out of 10000000
DEBUG: Total dvariable address used is 2086 out of 150000
DEBUG: Total dvariable address used is 3999296 out of 50000000
DEBUG: Total gradient stack used is 419722 out of 10000000
DEBUG: Total dvariable address used is 2086 out of 150000
DEBUG: Total dvariable address used is 3999296 out of 50000000
DEBUG: Total gradient stack used is 419724 out of 10000000
DEBUG: Total dvariable address used is 2086 out of 150000
DEBUG: Total dvariable address used is 3999296 out of 50000000
DEBUG: Total gradient stack used is 419724 out of 10000000
DEBUG: Total dvariable address used is 2086 out of 150000
DEBUG: Total dvariable address used is 3999296 out of 50000000
DEBUG: Total gradient stack used is 419735 out of 10000000
DEBUG: Total dvariable address used is 2086 out of 150000
DEBUG: Total dvariable address used is 3999296 out of 50000000
DEBUG: Total gradient stack used is 419732 out of 10000000
DEBUG: Total dvariable address used is 2086 out of 150000
DEBUG: Total dvariable address used is 3999296 out of 50000000
DEBUG: Total gradient stack used is 419735 out of 10000000
DEBUG: Total dvariable address used is 2086 out of 150000
DEBUG: Total dvariable address used is 3999296 out of 50000000
DEBUG: Total gradient stack used is 419735 out of 10000000
DEBUG: Total dvariable address used is 2086 out of 150000
DEBUG: Total dvariable address used is 3999296 out of 50000000
DEBUG: Total gradient stack used is 419732 out of 10000000
DEBUG: Total dvariable address used is 2086 out of 150000
DEBUG: Total dvariable address used is 3999296 out of 50000000
DEBUG: Total gradient stack used is 419729 out of 10000000
DEBUG: Total dvariable address used is 2086 out of 150000
DEBUG: Total dvariable address used is 3999296 out of 50000000
phase= 4 | nvar=412 | iter= 80 | nll=-2.27e+04 | mag=2.51e+04 | par[  2]=T_pars_est[3]
DEBUG: Total gradient stack used is 419729 out of 10000000
DEBUG: Total dvariable address used is 2086 out of 150000
DEBUG: Total dvariable address used is 3999296 out of 50000000
DEBUG: Total gradient stack used is 419729 out of 10000000
DEBUG: Total dvariable address used is 2086 out of 150000
DEBUG: Total dvariable address used is 3999296 out of 50000000
DEBUG: Total gradient stack used is 419732 out of 10000000
DEBUG: Total dvariable address used is 2086 out of 150000
DEBUG: Total dvariable address used is 3999296 out of 50000000
DEBUG: Total gradient stack used is 419738 out of 10000000
DEBUG: Total dvariable address used is 2086 out of 150000
DEBUG: Total dvariable address used is 3999296 out of 50000000
DEBUG: Total gradient stack used is 419716 out of 10000000
DEBUG: Total dvariable address used is 2086 out of 150000
DEBUG: Total dvariable address used is 3999296 out of 50000000
DEBUG: Total gradient stack used is 419730 out of 10000000
DEBUG: Total dvariable address used is 2086 out of 150000
DEBUG: Total dvariable address used is 3999296 out of 50000000
DEBUG: Total gradient stack used is 419727 out of 10000000
DEBUG: Total dvariable address used is 2086 out of 150000
DEBUG: Total dvariable address used is 3999296 out of 50000000
DEBUG: Total gradient stack used is 419716 out of 10000000
DEBUG: Total dvariable address used is 2086 out of 150000
DEBUG: Total dvariable address used is 3999296 out of 50000000
DEBUG: Total gradient stack used is 419716 out of 10000000
DEBUG: Total dvariable address used is 2086 out of 150000
DEBUG: Total dvariable address used is 3999296 out of 50000000
DEBUG: Total gradient stack used is 419716 out of 10000000
DEBUG: Total dvariable address used is 2086 out of 150000
DEBUG: Total dvariable address used is 3999296 out of 50000000
DEBUG: Total gradient stack used is 419716 out of 10000000
DEBUG: Total dvariable address used is 2086 out of 150000
DEBUG: Total dvariable address used is 3999296 out of 50000000
DEBUG: Total gradient stack used is 419719 out of 10000000
DEBUG: Total dvariable address used is 2086 out of 150000
DEBUG: Total dvariable address used is 3999296 out of 50000000
DEBUG: Total gradient stack used is 419724 out of 10000000
DEBUG: Total dvariable address used is 2086 out of 150000
DEBUG: Total dvariable address used is 3999296 out of 50000000
DEBUG: Total gradient stack used is 419724 out of 10000000
DEBUG: Total dvariable address used is 2086 out of 150000
DEBUG: Total dvariable address used is 3999296 out of 50000000
DEBUG: Total gradient stack used is 419721 out of 10000000
DEBUG: Total dvariable address used is 2086 out of 150000
DEBUG: Total dvariable address used is 3999296 out of 50000000
DEBUG: Total gradient stack used is 419746 out of 10000000
DEBUG: Total dvariable address used is 2086 out of 150000
DEBUG: Total dvariable address used is 3999296 out of 50000000
DEBUG: Total gradient stack used is 419743 out of 10000000
DEBUG: Total dvariable address used is 2086 out of 150000
DEBUG: Total dvariable address used is 3999296 out of 50000000
DEBUG: Total gradient stack used is 419723 out of 10000000
DEBUG: Total dvariable address used is 2086 out of 150000
DEBUG: Total dvariable address used is 3999296 out of 50000000
DEBUG: Total gradient stack used is 419720 out of 10000000
DEBUG: Total dvariable address used is 2086 out of 150000
DEBUG: Total dvariable address used is 3999296 out of 50000000
DEBUG: Total gradient stack used is 419720 out of 10000000
DEBUG: Total dvariable address used is 2086 out of 150000
DEBUG: Total dvariable address used is 3999296 out of 50000000
phase= 4 | nvar=412 | iter=100 | nll=-2.27e+04 | mag=2.66e+04 | par[  2]=T_pars_est[3]
DEBUG: Total gradient stack used is 419731 out of 10000000
DEBUG: Total dvariable address used is 2086 out of 150000
DEBUG: Total dvariable address used is 3999296 out of 50000000
DEBUG: Total gradient stack used is 419728 out of 10000000
DEBUG: Total dvariable address used is 2086 out of 150000
DEBUG: Total dvariable address used is 3999296 out of 50000000
DEBUG: Total gradient stack used is 419728 out of 10000000
DEBUG: Total dvariable address used is 2086 out of 150000
DEBUG: Total dvariable address used is 3999296 out of 50000000
DEBUG: Total gradient stack used is 419728 out of 10000000
DEBUG: Total dvariable address used is 2086 out of 150000
DEBUG: Total dvariable address used is 3999296 out of 50000000
DEBUG: Total gradient stack used is 419728 out of 10000000
DEBUG: Total dvariable address used is 2086 out of 150000
DEBUG: Total dvariable address used is 3999296 out of 50000000
DEBUG: Total gradient stack used is 419728 out of 10000000
DEBUG: Total dvariable address used is 2086 out of 150000
DEBUG: Total dvariable address used is 3999296 out of 50000000
DEBUG: Total gradient stack used is 419728 out of 10000000
DEBUG: Total dvariable address used is 2086 out of 150000
DEBUG: Total dvariable address used is 3999296 out of 50000000
DEBUG: Total gradient stack used is 419731 out of 10000000
DEBUG: Total dvariable address used is 2086 out of 150000
DEBUG: Total dvariable address used is 3999296 out of 50000000
DEBUG: Total gradient stack used is 419734 out of 10000000
DEBUG: Total dvariable address used is 2086 out of 150000
DEBUG: Total dvariable address used is 3999296 out of 50000000
DEBUG: Total gradient stack used is 419734 out of 10000000
DEBUG: Total dvariable address used is 2086 out of 150000
DEBUG: Total dvariable address used is 3999296 out of 50000000
DEBUG: Total gradient stack used is 419737 out of 10000000
DEBUG: Total dvariable address used is 2086 out of 150000
DEBUG: Total dvariable address used is 3999296 out of 50000000
DEBUG: Total gradient stack used is 419743 out of 10000000
DEBUG: Total dvariable address used is 2086 out of 150000
DEBUG: Total dvariable address used is 3999296 out of 50000000
DEBUG: Total gradient stack used is 419732 out of 10000000
DEBUG: Total dvariable address used is 2086 out of 150000
DEBUG: Total dvariable address used is 3999296 out of 50000000
DEBUG: Total gradient stack used is 419718 out of 10000000
DEBUG: Total dvariable address used is 2086 out of 150000
DEBUG: Total dvariable address used is 3999296 out of 50000000
DEBUG: Total gradient stack used is 419724 out of 10000000
DEBUG: Total dvariable address used is 2086 out of 150000
DEBUG: Total dvariable address used is 3999296 out of 50000000
DEBUG: Total gradient stack used is 419727 out of 10000000
DEBUG: Total dvariable address used is 2086 out of 150000
DEBUG: Total dvariable address used is 3999296 out of 50000000
DEBUG: Total gradient stack used is 419716 out of 10000000
DEBUG: Total dvariable address used is 2086 out of 150000
DEBUG: Total dvariable address used is 3999296 out of 50000000
DEBUG: Total gradient stack used is 419716 out of 10000000
DEBUG: Total dvariable address used is 2086 out of 150000
DEBUG: Total dvariable address used is 3999296 out of 50000000
DEBUG: Total gradient stack used is 419722 out of 10000000
DEBUG: Total dvariable address used is 2086 out of 150000
DEBUG: Total dvariable address used is 3999296 out of 50000000
DEBUG: Total gradient stack used is 419722 out of 10000000
DEBUG: Total dvariable address used is 2086 out of 150000
DEBUG: Total dvariable address used is 3999296 out of 50000000
phase= 4 | nvar=412 | iter=120 | nll=-2.27e+04 | mag=2.69e+04 | par[  2]=T_pars_est[3]
DEBUG: Total gradient stack used is 419736 out of 10000000
DEBUG: Total dvariable address used is 2086 out of 150000
DEBUG: Total dvariable address used is 3999296 out of 50000000
DEBUG: Total gradient stack used is 419730 out of 10000000
DEBUG: Total dvariable address used is 2086 out of 150000
DEBUG: Total dvariable address used is 3999296 out of 50000000
DEBUG: Total gradient stack used is 419721 out of 10000000
DEBUG: Total dvariable address used is 2086 out of 150000
DEBUG: Total dvariable address used is 3999296 out of 50000000
DEBUG: Total gradient stack used is 419735 out of 10000000
DEBUG: Total dvariable address used is 2086 out of 150000
DEBUG: Total dvariable address used is 3999296 out of 50000000
DEBUG: Total gradient stack used is 419738 out of 10000000
DEBUG: Total dvariable address used is 2086 out of 150000
DEBUG: Total dvariable address used is 3999296 out of 50000000
DEBUG: Total gradient stack used is 419721 out of 10000000
DEBUG: Total dvariable address used is 2086 out of 150000
DEBUG: Total dvariable address used is 3999296 out of 50000000
DEBUG: Total gradient stack used is 419721 out of 10000000
DEBUG: Total dvariable address used is 2086 out of 150000
DEBUG: Total dvariable address used is 3999296 out of 50000000
DEBUG: Total gradient stack used is 419721 out of 10000000
DEBUG: Total dvariable address used is 2086 out of 150000
DEBUG: Total dvariable address used is 3999296 out of 50000000
DEBUG: Total gradient stack used is 419732 out of 10000000
DEBUG: Total dvariable address used is 2086 out of 150000
DEBUG: Total dvariable address used is 3999296 out of 50000000
DEBUG: Total gradient stack used is 419735 out of 10000000
DEBUG: Total dvariable address used is 2086 out of 150000
DEBUG: Total dvariable address used is 3999296 out of 50000000
DEBUG: Total gradient stack used is 419710 out of 10000000
DEBUG: Total dvariable address used is 2086 out of 150000
DEBUG: Total dvariable address used is 3999296 out of 50000000
DEBUG: Total gradient stack used is 419699 out of 10000000
DEBUG: Total dvariable address used is 2086 out of 150000
DEBUG: Total dvariable address used is 3999296 out of 50000000
DEBUG: Total gradient stack used is 419702 out of 10000000
DEBUG: Total dvariable address used is 2086 out of 150000
DEBUG: Total dvariable address used is 3999296 out of 50000000
DEBUG: Total gradient stack used is 419708 out of 10000000
DEBUG: Total dvariable address used is 2086 out of 150000
DEBUG: Total dvariable address used is 3999296 out of 50000000
DEBUG: Total gradient stack used is 419714 out of 10000000
DEBUG: Total dvariable address used is 2086 out of 150000
DEBUG: Total dvariable address used is 3999296 out of 50000000
DEBUG: Total gradient stack used is 419692 out of 10000000
DEBUG: Total dvariable address used is 2086 out of 150000
DEBUG: Total dvariable address used is 3999296 out of 50000000
DEBUG: Total gradient stack used is 419698 out of 10000000
DEBUG: Total dvariable address used is 2086 out of 150000
DEBUG: Total dvariable address used is 3999296 out of 50000000
DEBUG: Total gradient stack used is 419698 out of 10000000
DEBUG: Total dvariable address used is 2086 out of 150000
DEBUG: Total dvariable address used is 3999296 out of 50000000
DEBUG: Total gradient stack used is 419698 out of 10000000
DEBUG: Total dvariable address used is 2086 out of 150000
DEBUG: Total dvariable address used is 3999296 out of 50000000
DEBUG: Total gradient stack used is 419698 out of 10000000
DEBUG: Total dvariable address used is 2086 out of 150000
DEBUG: Total dvariable address used is 3999296 out of 50000000
phase= 4 | nvar=412 | iter=140 | nll=-2.27e+04 | mag=2.53e+04 | par[  2]=T_pars_est[3]
DEBUG: Total gradient stack used is 419695 out of 10000000
DEBUG: Total dvariable address used is 2086 out of 150000
DEBUG: Total dvariable address used is 3999296 out of 50000000
DEBUG: Total gradient stack used is 419703 out of 10000000
DEBUG: Total dvariable address used is 2086 out of 150000
DEBUG: Total dvariable address used is 3999296 out of 50000000
DEBUG: Total gradient stack used is 419697 out of 10000000
DEBUG: Total dvariable address used is 2086 out of 150000
DEBUG: Total dvariable address used is 3999296 out of 50000000
DEBUG: Total gradient stack used is 419691 out of 10000000
DEBUG: Total dvariable address used is 2086 out of 150000
DEBUG: Total dvariable address used is 3999296 out of 50000000
DEBUG: Total gradient stack used is 419713 out of 10000000
DEBUG: Total dvariable address used is 2086 out of 150000
DEBUG: Total dvariable address used is 3999296 out of 50000000
DEBUG: Total gradient stack used is 419713 out of 10000000
DEBUG: Total dvariable address used is 2086 out of 150000
DEBUG: Total dvariable address used is 3999296 out of 50000000
DEBUG: Total gradient stack used is 419699 out of 10000000
DEBUG: Total dvariable address used is 2086 out of 150000
DEBUG: Total dvariable address used is 3999296 out of 50000000
DEBUG: Total gradient stack used is 419691 out of 10000000
DEBUG: Total dvariable address used is 2086 out of 150000
DEBUG: Total dvariable address used is 3999296 out of 50000000
DEBUG: Total gradient stack used is 419703 out of 10000000
DEBUG: Total dvariable address used is 2086 out of 150000
DEBUG: Total dvariable address used is 3999296 out of 50000000
DEBUG: Total gradient stack used is 419681 out of 10000000
DEBUG: Total dvariable address used is 2086 out of 150000
DEBUG: Total dvariable address used is 3999296 out of 50000000
DEBUG: Total gradient stack used is 419684 out of 10000000
DEBUG: Total dvariable address used is 2086 out of 150000
DEBUG: Total dvariable address used is 3999296 out of 50000000
DEBUG: Total gradient stack used is 419684 out of 10000000
DEBUG: Total dvariable address used is 2086 out of 150000
DEBUG: Total dvariable address used is 3999296 out of 50000000
DEBUG: Total gradient stack used is 419673 out of 10000000
DEBUG: Total dvariable address used is 2086 out of 150000
DEBUG: Total dvariable address used is 3999296 out of 50000000
DEBUG: Total gradient stack used is 419684 out of 10000000
DEBUG: Total dvariable address used is 2086 out of 150000
DEBUG: Total dvariable address used is 3999296 out of 50000000
DEBUG: Total gradient stack used is 419667 out of 10000000
DEBUG: Total dvariable address used is 2086 out of 150000
DEBUG: Total dvariable address used is 3999296 out of 50000000
DEBUG: Total gradient stack used is 419686 out of 10000000
DEBUG: Total dvariable address used is 2086 out of 150000
DEBUG: Total dvariable address used is 3999296 out of 50000000
DEBUG: Total gradient stack used is 419669 out of 10000000
DEBUG: Total dvariable address used is 2086 out of 150000
DEBUG: Total dvariable address used is 3999296 out of 50000000
DEBUG: Total gradient stack used is 419672 out of 10000000
DEBUG: Total dvariable address used is 2086 out of 150000
DEBUG: Total dvariable address used is 3999296 out of 50000000
DEBUG: Total gradient stack used is 419694 out of 10000000
DEBUG: Total dvariable address used is 2086 out of 150000
DEBUG: Total dvariable address used is 3999296 out of 50000000
DEBUG: Total gradient stack used is 419656 out of 10000000
DEBUG: Total dvariable address used is 2086 out of 150000
DEBUG: Total dvariable address used is 3999296 out of 50000000
phase= 4 | nvar=412 | iter=160 | nll=-2.27e+04 | mag=2.44e+04 | par[  2]=T_pars_est[3]
DEBUG: Total gradient stack used is 419659 out of 10000000
DEBUG: Total dvariable address used is 2086 out of 150000
DEBUG: Total dvariable address used is 3999296 out of 50000000
DEBUG: Total gradient stack used is 419657 out of 10000000
DEBUG: Total dvariable address used is 2086 out of 150000
DEBUG: Total dvariable address used is 3999296 out of 50000000
DEBUG: Total gradient stack used is 419646 out of 10000000
DEBUG: Total dvariable address used is 2086 out of 150000
DEBUG: Total dvariable address used is 3999296 out of 50000000
DEBUG: Total gradient stack used is 419649 out of 10000000
DEBUG: Total dvariable address used is 2086 out of 150000
DEBUG: Total dvariable address used is 3999296 out of 50000000
DEBUG: Total gradient stack used is 419652 out of 10000000
DEBUG: Total dvariable address used is 2086 out of 150000
DEBUG: Total dvariable address used is 3999296 out of 50000000
DEBUG: Total gradient stack used is 419666 out of 10000000
DEBUG: Total dvariable address used is 2086 out of 150000
DEBUG: Total dvariable address used is 3999296 out of 50000000
DEBUG: Total gradient stack used is 419663 out of 10000000
DEBUG: Total dvariable address used is 2086 out of 150000
DEBUG: Total dvariable address used is 3999296 out of 50000000
DEBUG: Total gradient stack used is 419657 out of 10000000
DEBUG: Total dvariable address used is 2086 out of 150000
DEBUG: Total dvariable address used is 3999296 out of 50000000
DEBUG: Total gradient stack used is 419673 out of 10000000
DEBUG: Total dvariable address used is 2086 out of 150000
DEBUG: Total dvariable address used is 3999296 out of 50000000
DEBUG: Total gradient stack used is 419942 out of 10000000
DEBUG: Total dvariable address used is 2086 out of 150000
DEBUG: Total dvariable address used is 3999296 out of 50000000
DEBUG: Total gradient stack used is 419915 out of 10000000
DEBUG: Total dvariable address used is 2086 out of 150000
DEBUG: Total dvariable address used is 3999296 out of 50000000
DEBUG: Total gradient stack used is 419902 out of 10000000
DEBUG: Total dvariable address used is 2086 out of 150000
DEBUG: Total dvariable address used is 3999296 out of 50000000
DEBUG: Total gradient stack used is 419894 out of 10000000
DEBUG: Total dvariable address used is 2086 out of 150000
DEBUG: Total dvariable address used is 3999296 out of 50000000
DEBUG: Total gradient stack used is 419909 out of 10000000
DEBUG: Total dvariable address used is 2086 out of 150000
DEBUG: Total dvariable address used is 3999296 out of 50000000
DEBUG: Total gradient stack used is 420166 out of 10000000
DEBUG: Total dvariable address used is 2086 out of 150000
DEBUG: Total dvariable address used is 3999296 out of 50000000
DEBUG: Total gradient stack used is 420166 out of 10000000
DEBUG: Total dvariable address used is 2086 out of 150000
DEBUG: Total dvariable address used is 3999296 out of 50000000
DEBUG: Total gradient stack used is 420180 out of 10000000
DEBUG: Total dvariable address used is 2086 out of 150000
DEBUG: Total dvariable address used is 3999296 out of 50000000
DEBUG: Total gradient stack used is 419914 out of 10000000
DEBUG: Total dvariable address used is 2086 out of 150000
DEBUG: Total dvariable address used is 3999296 out of 50000000
DEBUG: Total gradient stack used is 419905 out of 10000000
DEBUG: Total dvariable address used is 2086 out of 150000
DEBUG: Total dvariable address used is 3999296 out of 50000000
DEBUG: Total gradient stack used is 419913 out of 10000000
DEBUG: Total dvariable address used is 2086 out of 150000
DEBUG: Total dvariable address used is 3999296 out of 50000000
phase= 4 | nvar=412 | iter=180 | nll=-2.28e+04 | mag=1.87e+04 | par[  2]=T_pars_est[3]
DEBUG: Total gradient stack used is 419924 out of 10000000
DEBUG: Total dvariable address used is 2086 out of 150000
DEBUG: Total dvariable address used is 3999296 out of 50000000
DEBUG: Total gradient stack used is 419924 out of 10000000
DEBUG: Total dvariable address used is 2086 out of 150000
DEBUG: Total dvariable address used is 3999296 out of 50000000
DEBUG: Total gradient stack used is 419924 out of 10000000
DEBUG: Total dvariable address used is 2086 out of 150000
DEBUG: Total dvariable address used is 3999296 out of 50000000
DEBUG: Total gradient stack used is 419913 out of 10000000
DEBUG: Total dvariable address used is 2086 out of 150000
DEBUG: Total dvariable address used is 3999296 out of 50000000
DEBUG: Total gradient stack used is 419902 out of 10000000
DEBUG: Total dvariable address used is 2086 out of 150000
DEBUG: Total dvariable address used is 3999296 out of 50000000
DEBUG: Total gradient stack used is 419908 out of 10000000
DEBUG: Total dvariable address used is 2086 out of 150000
DEBUG: Total dvariable address used is 3999296 out of 50000000
DEBUG: Total gradient stack used is 419908 out of 10000000
DEBUG: Total dvariable address used is 2086 out of 150000
DEBUG: Total dvariable address used is 3999296 out of 50000000
DEBUG: Total gradient stack used is 419905 out of 10000000
DEBUG: Total dvariable address used is 2086 out of 150000
DEBUG: Total dvariable address used is 3999296 out of 50000000
DEBUG: Total gradient stack used is 419905 out of 10000000
DEBUG: Total dvariable address used is 2086 out of 150000
DEBUG: Total dvariable address used is 3999296 out of 50000000
DEBUG: Total gradient stack used is 419902 out of 10000000
DEBUG: Total dvariable address used is 2086 out of 150000
DEBUG: Total dvariable address used is 3999296 out of 50000000
DEBUG: Total gradient stack used is 419902 out of 10000000
DEBUG: Total dvariable address used is 2086 out of 150000
DEBUG: Total dvariable address used is 3999296 out of 50000000
DEBUG: Total gradient stack used is 419902 out of 10000000
DEBUG: Total dvariable address used is 2086 out of 150000
DEBUG: Total dvariable address used is 3999296 out of 50000000
DEBUG: Total gradient stack used is 419902 out of 10000000
DEBUG: Total dvariable address used is 2086 out of 150000
DEBUG: Total dvariable address used is 3999296 out of 50000000
DEBUG: Total gradient stack used is 419902 out of 10000000
DEBUG: Total dvariable address used is 2086 out of 150000
DEBUG: Total dvariable address used is 3999296 out of 50000000
DEBUG: Total gradient stack used is 419905 out of 10000000
DEBUG: Total dvariable address used is 2086 out of 150000
DEBUG: Total dvariable address used is 3999296 out of 50000000
DEBUG: Total gradient stack used is 419905 out of 10000000
DEBUG: Total dvariable address used is 2086 out of 150000
DEBUG: Total dvariable address used is 3999296 out of 50000000
DEBUG: Total gradient stack used is 419905 out of 10000000
DEBUG: Total dvariable address used is 2086 out of 150000
DEBUG: Total dvariable address used is 3999296 out of 50000000
DEBUG: Total gradient stack used is 419905 out of 10000000
DEBUG: Total dvariable address used is 2086 out of 150000
DEBUG: Total dvariable address used is 3999296 out of 50000000
DEBUG: Total gradient stack used is 419905 out of 10000000
DEBUG: Total dvariable address used is 2086 out of 150000
DEBUG: Total dvariable address used is 3999296 out of 50000000
DEBUG: Total gradient stack used is 419902 out of 10000000
DEBUG: Total dvariable address used is 2086 out of 150000
DEBUG: Total dvariable address used is 3999296 out of 50000000
phase= 4 | nvar=412 | iter=200 | nll=-2.28e+04 | mag=1.73e+04 | par[  2]=T_pars_est[3]
DEBUG: Total gradient stack used is 419902 out of 10000000
DEBUG: Total dvariable address used is 2086 out of 150000
DEBUG: Total dvariable address used is 3999296 out of 50000000
DEBUG: Total gradient stack used is 419902 out of 10000000
DEBUG: Total dvariable address used is 2086 out of 150000
DEBUG: Total dvariable address used is 3999296 out of 50000000
DEBUG: Total gradient stack used is 419902 out of 10000000
DEBUG: Total dvariable address used is 2086 out of 150000
DEBUG: Total dvariable address used is 3999296 out of 50000000
DEBUG: Total gradient stack used is 419902 out of 10000000
DEBUG: Total dvariable address used is 2086 out of 150000
DEBUG: Total dvariable address used is 3999296 out of 50000000
DEBUG: Total gradient stack used is 419905 out of 10000000
DEBUG: Total dvariable address used is 2086 out of 150000
DEBUG: Total dvariable address used is 3999296 out of 50000000
DEBUG: Total gradient stack used is 419908 out of 10000000
DEBUG: Total dvariable address used is 2086 out of 150000
DEBUG: Total dvariable address used is 3999296 out of 50000000
DEBUG: Total gradient stack used is 419908 out of 10000000
DEBUG: Total dvariable address used is 2086 out of 150000
DEBUG: Total dvariable address used is 3999296 out of 50000000
DEBUG: Total gradient stack used is 419908 out of 10000000
DEBUG: Total dvariable address used is 2086 out of 150000
DEBUG: Total dvariable address used is 3999296 out of 50000000
DEBUG: Total gradient stack used is 419908 out of 10000000
DEBUG: Total dvariable address used is 2086 out of 150000
DEBUG: Total dvariable address used is 3999296 out of 50000000
DEBUG: Total gradient stack used is 419905 out of 10000000
DEBUG: Total dvariable address used is 2086 out of 150000
DEBUG: Total dvariable address used is 3999296 out of 50000000
DEBUG: Total gradient stack used is 419902 out of 10000000
DEBUG: Total dvariable address used is 2086 out of 150000
DEBUG: Total dvariable address used is 3999296 out of 50000000
DEBUG: Total gradient stack used is 419916 out of 10000000
DEBUG: Total dvariable address used is 2086 out of 150000
DEBUG: Total dvariable address used is 3999296 out of 50000000
DEBUG: Total gradient stack used is 419913 out of 10000000
DEBUG: Total dvariable address used is 2086 out of 150000
DEBUG: Total dvariable address used is 3999296 out of 50000000
DEBUG: Total gradient stack used is 419916 out of 10000000
DEBUG: Total dvariable address used is 2086 out of 150000
DEBUG: Total dvariable address used is 3999296 out of 50000000
DEBUG: Total gradient stack used is 419902 out of 10000000
DEBUG: Total dvariable address used is 2086 out of 150000
DEBUG: Total dvariable address used is 3999296 out of 50000000
DEBUG: Total gradient stack used is 419905 out of 10000000
DEBUG: Total dvariable address used is 2086 out of 150000
DEBUG: Total dvariable address used is 3999296 out of 50000000
DEBUG: Total gradient stack used is 419908 out of 10000000
DEBUG: Total dvariable address used is 2086 out of 150000
DEBUG: Total dvariable address used is 3999296 out of 50000000
DEBUG: Total gradient stack used is 419917 out of 10000000
DEBUG: Total dvariable address used is 2086 out of 150000
DEBUG: Total dvariable address used is 3999296 out of 50000000
DEBUG: Total gradient stack used is 419911 out of 10000000
DEBUG: Total dvariable address used is 2086 out of 150000
DEBUG: Total dvariable address used is 3999296 out of 50000000
DEBUG: Total gradient stack used is 419916 out of 10000000
DEBUG: Total dvariable address used is 2086 out of 150000
DEBUG: Total dvariable address used is 3999296 out of 50000000
phase= 4 | nvar=412 | iter=220 | nll=-2.28e+04 | mag=1.63e+04 | par[  2]=T_pars_est[3]
DEBUG: Total gradient stack used is 419895 out of 10000000
DEBUG: Total dvariable address used is 2086 out of 150000
DEBUG: Total dvariable address used is 3999296 out of 50000000
DEBUG: Total gradient stack used is 419922 out of 10000000
DEBUG: Total dvariable address used is 2086 out of 150000
DEBUG: Total dvariable address used is 3999296 out of 50000000
DEBUG: Total gradient stack used is 419913 out of 10000000
DEBUG: Total dvariable address used is 2086 out of 150000
DEBUG: Total dvariable address used is 3999296 out of 50000000
DEBUG: Total gradient stack used is 419928 out of 10000000
DEBUG: Total dvariable address used is 2086 out of 150000
DEBUG: Total dvariable address used is 3999296 out of 50000000
DEBUG: Total gradient stack used is 419904 out of 10000000
DEBUG: Total dvariable address used is 2086 out of 150000
DEBUG: Total dvariable address used is 3999296 out of 50000000
DEBUG: Total gradient stack used is 419911 out of 10000000
DEBUG: Total dvariable address used is 2086 out of 150000
DEBUG: Total dvariable address used is 3999296 out of 50000000
DEBUG: Total gradient stack used is 419911 out of 10000000
DEBUG: Total dvariable address used is 2086 out of 150000
DEBUG: Total dvariable address used is 3999296 out of 50000000
DEBUG: Total gradient stack used is 419908 out of 10000000
DEBUG: Total dvariable address used is 2086 out of 150000
DEBUG: Total dvariable address used is 3999296 out of 50000000
DEBUG: Total gradient stack used is 419904 out of 10000000
DEBUG: Total dvariable address used is 2086 out of 150000
DEBUG: Total dvariable address used is 3999296 out of 50000000
DEBUG: Total gradient stack used is 419925 out of 10000000
DEBUG: Total dvariable address used is 2086 out of 150000
DEBUG: Total dvariable address used is 3999296 out of 50000000
DEBUG: Total gradient stack used is 419931 out of 10000000
DEBUG: Total dvariable address used is 2086 out of 150000
DEBUG: Total dvariable address used is 3999296 out of 50000000
DEBUG: Total gradient stack used is 419925 out of 10000000
DEBUG: Total dvariable address used is 2086 out of 150000
DEBUG: Total dvariable address used is 3999296 out of 50000000
DEBUG: Total gradient stack used is 419919 out of 10000000
DEBUG: Total dvariable address used is 2086 out of 150000
DEBUG: Total dvariable address used is 3999296 out of 50000000
DEBUG: Total gradient stack used is 419919 out of 10000000
DEBUG: Total dvariable address used is 2086 out of 150000
DEBUG: Total dvariable address used is 3999296 out of 50000000
DEBUG: Total gradient stack used is 419919 out of 10000000
DEBUG: Total dvariable address used is 2086 out of 150000
DEBUG: Total dvariable address used is 3999296 out of 50000000
DEBUG: Total gradient stack used is 419922 out of 10000000
DEBUG: Total dvariable address used is 2086 out of 150000
DEBUG: Total dvariable address used is 3999296 out of 50000000
DEBUG: Total gradient stack used is 419925 out of 10000000
DEBUG: Total dvariable address used is 2086 out of 150000
DEBUG: Total dvariable address used is 3999296 out of 50000000
DEBUG: Total gradient stack used is 419925 out of 10000000
DEBUG: Total dvariable address used is 2086 out of 150000
DEBUG: Total dvariable address used is 3999296 out of 50000000
DEBUG: Total gradient stack used is 419925 out of 10000000
DEBUG: Total dvariable address used is 2086 out of 150000
DEBUG: Total dvariable address used is 3999296 out of 50000000
DEBUG: Total gradient stack used is 419925 out of 10000000
DEBUG: Total dvariable address used is 2086 out of 150000
DEBUG: Total dvariable address used is 3999296 out of 50000000
DEBUG: Total gradient stack used is 419925 out of 10000000
DEBUG: Total dvariable address used is 2086 out of 150000
DEBUG: Total dvariable address used is 3999296 out of 50000000
phase= 4 | nvar=412 | iter=240 | nll=-2.28e+04 | mag=1.22e+04 | par[  2]=T_pars_est[3]
DEBUG: Total gradient stack used is 419922 out of 10000000
DEBUG: Total dvariable address used is 2086 out of 150000
DEBUG: Total dvariable address used is 3999296 out of 50000000
DEBUG: Total gradient stack used is 419922 out of 10000000
DEBUG: Total dvariable address used is 2086 out of 150000
DEBUG: Total dvariable address used is 3999296 out of 50000000
DEBUG: Total gradient stack used is 419922 out of 10000000
DEBUG: Total dvariable address used is 2086 out of 150000
DEBUG: Total dvariable address used is 3999296 out of 50000000
DEBUG: Total gradient stack used is 419925 out of 10000000
DEBUG: Total dvariable address used is 2086 out of 150000
DEBUG: Total dvariable address used is 3999296 out of 50000000
DEBUG: Total gradient stack used is 419925 out of 10000000
DEBUG: Total dvariable address used is 2086 out of 150000
DEBUG: Total dvariable address used is 3999296 out of 50000000
DEBUG: Total gradient stack used is 419925 out of 10000000
DEBUG: Total dvariable address used is 2086 out of 150000
DEBUG: Total dvariable address used is 3999296 out of 50000000
DEBUG: Total gradient stack used is 419925 out of 10000000
DEBUG: Total dvariable address used is 2086 out of 150000
DEBUG: Total dvariable address used is 3999296 out of 50000000
DEBUG: Total gradient stack used is 419925 out of 10000000
DEBUG: Total dvariable address used is 2086 out of 150000
DEBUG: Total dvariable address used is 3999296 out of 50000000
DEBUG: Total gradient stack used is 419925 out of 10000000
DEBUG: Total dvariable address used is 2086 out of 150000
DEBUG: Total dvariable address used is 3999296 out of 50000000
DEBUG: Total gradient stack used is 419922 out of 10000000
DEBUG: Total dvariable address used is 2086 out of 150000
DEBUG: Total dvariable address used is 3999296 out of 50000000
DEBUG: Total gradient stack used is 419922 out of 10000000
DEBUG: Total dvariable address used is 2086 out of 150000
DEBUG: Total dvariable address used is 3999296 out of 50000000
DEBUG: Total gradient stack used is 419922 out of 10000000
DEBUG: Total dvariable address used is 2086 out of 150000
DEBUG: Total dvariable address used is 3999296 out of 50000000
DEBUG: Total gradient stack used is 419925 out of 10000000
DEBUG: Total dvariable address used is 2086 out of 150000
DEBUG: Total dvariable address used is 3999296 out of 50000000
DEBUG: Total gradient stack used is 419928 out of 10000000
DEBUG: Total dvariable address used is 2086 out of 150000
DEBUG: Total dvariable address used is 3999296 out of 50000000
DEBUG: Total gradient stack used is 419931 out of 10000000
DEBUG: Total dvariable address used is 2086 out of 150000
DEBUG: Total dvariable address used is 3999296 out of 50000000
DEBUG: Total gradient stack used is 419931 out of 10000000
DEBUG: Total dvariable address used is 2086 out of 150000
DEBUG: Total dvariable address used is 3999296 out of 50000000
DEBUG: Total gradient stack used is 419931 out of 10000000
DEBUG: Total dvariable address used is 2086 out of 150000
DEBUG: Total dvariable address used is 3999296 out of 50000000
DEBUG: Total gradient stack used is 419931 out of 10000000
DEBUG: Total dvariable address used is 2086 out of 150000
DEBUG: Total dvariable address used is 3999296 out of 50000000
DEBUG: Total gradient stack used is 419931 out of 10000000
DEBUG: Total dvariable address used is 2086 out of 150000
DEBUG: Total dvariable address used is 3999296 out of 50000000
DEBUG: Total gradient stack used is 419931 out of 10000000
DEBUG: Total dvariable address used is 2086 out of 150000
DEBUG: Total dvariable address used is 3999296 out of 50000000
DEBUG: Total gradient stack used is 419931 out of 10000000
DEBUG: Total dvariable address used is 2086 out of 150000
DEBUG: Total dvariable address used is 3999296 out of 50000000
phase= 4 | nvar=412 | iter=260 | nll=-2.28e+04 | mag=1.26e+04 | par[  2]=T_pars_est[3]
DEBUG: Total gradient stack used is 419931 out of 10000000
DEBUG: Total dvariable address used is 2086 out of 150000
DEBUG: Total dvariable address used is 3999296 out of 50000000
DEBUG: Total gradient stack used is 419931 out of 10000000
DEBUG: Total dvariable address used is 2086 out of 150000
DEBUG: Total dvariable address used is 3999296 out of 50000000
DEBUG: Total gradient stack used is 419931 out of 10000000
DEBUG: Total dvariable address used is 2086 out of 150000
DEBUG: Total dvariable address used is 3999296 out of 50000000
DEBUG: Total gradient stack used is 419920 out of 10000000
DEBUG: Total dvariable address used is 2086 out of 150000
DEBUG: Total dvariable address used is 3999296 out of 50000000
DEBUG: Total gradient stack used is 419932 out of 10000000
DEBUG: Total dvariable address used is 2086 out of 150000
DEBUG: Total dvariable address used is 3999296 out of 50000000
DEBUG: Total gradient stack used is 419913 out of 10000000
DEBUG: Total dvariable address used is 2086 out of 150000
DEBUG: Total dvariable address used is 3999296 out of 50000000
DEBUG: Total gradient stack used is 419913 out of 10000000
DEBUG: Total dvariable address used is 2086 out of 150000
DEBUG: Total dvariable address used is 3999296 out of 50000000
DEBUG: Total gradient stack used is 419913 out of 10000000
DEBUG: Total dvariable address used is 2086 out of 150000
DEBUG: Total dvariable address used is 3999296 out of 50000000
DEBUG: Total gradient stack used is 419913 out of 10000000
DEBUG: Total dvariable address used is 2086 out of 150000
DEBUG: Total dvariable address used is 3999296 out of 50000000
DEBUG: Total gradient stack used is 419910 out of 10000000
DEBUG: Total dvariable address used is 2086 out of 150000
DEBUG: Total dvariable address used is 3999296 out of 50000000
DEBUG: Total gradient stack used is 419907 out of 10000000
DEBUG: Total dvariable address used is 2086 out of 150000
DEBUG: Total dvariable address used is 3999296 out of 50000000
DEBUG: Total gradient stack used is 419913 out of 10000000
DEBUG: Total dvariable address used is 2086 out of 150000
DEBUG: Total dvariable address used is 3999296 out of 50000000
DEBUG: Total gradient stack used is 419913 out of 10000000
DEBUG: Total dvariable address used is 2086 out of 150000
DEBUG: Total dvariable address used is 3999296 out of 50000000
DEBUG: Total gradient stack used is 419913 out of 10000000
DEBUG: Total dvariable address used is 2086 out of 150000
DEBUG: Total dvariable address used is 3999296 out of 50000000
DEBUG: Total gradient stack used is 419913 out of 10000000
DEBUG: Total dvariable address used is 2086 out of 150000
DEBUG: Total dvariable address used is 3999296 out of 50000000
DEBUG: Total gradient stack used is 419913 out of 10000000
DEBUG: Total dvariable address used is 2086 out of 150000
DEBUG: Total dvariable address used is 3999296 out of 50000000
DEBUG: Total gradient stack used is 419913 out of 10000000
DEBUG: Total dvariable address used is 2086 out of 150000
DEBUG: Total dvariable address used is 3999296 out of 50000000
DEBUG: Total gradient stack used is 419913 out of 10000000
DEBUG: Total dvariable address used is 2086 out of 150000
DEBUG: Total dvariable address used is 3999296 out of 50000000
DEBUG: Total gradient stack used is 419913 out of 10000000
DEBUG: Total dvariable address used is 2086 out of 150000
DEBUG: Total dvariable address used is 3999296 out of 50000000
DEBUG: Total gradient stack used is 419907 out of 10000000
DEBUG: Total dvariable address used is 2086 out of 150000
DEBUG: Total dvariable address used is 3999296 out of 50000000
phase= 4 | nvar=412 | iter=280 | nll=-2.28e+04 | mag=1.13e+04 | par[  2]=T_pars_est[3]
DEBUG: Total gradient stack used is 419907 out of 10000000
DEBUG: Total dvariable address used is 2086 out of 150000
DEBUG: Total dvariable address used is 3999296 out of 50000000
DEBUG: Total gradient stack used is 419913 out of 10000000
DEBUG: Total dvariable address used is 2086 out of 150000
DEBUG: Total dvariable address used is 3999296 out of 50000000
DEBUG: Total gradient stack used is 419913 out of 10000000
DEBUG: Total dvariable address used is 2086 out of 150000
DEBUG: Total dvariable address used is 3999296 out of 50000000
DEBUG: Total gradient stack used is 419916 out of 10000000
DEBUG: Total dvariable address used is 2086 out of 150000
DEBUG: Total dvariable address used is 3999296 out of 50000000
DEBUG: Total gradient stack used is 419922 out of 10000000
DEBUG: Total dvariable address used is 2086 out of 150000
DEBUG: Total dvariable address used is 3999296 out of 50000000
DEBUG: Total gradient stack used is 419913 out of 10000000
DEBUG: Total dvariable address used is 2086 out of 150000
DEBUG: Total dvariable address used is 3999296 out of 50000000
DEBUG: Total gradient stack used is 419913 out of 10000000
DEBUG: Total dvariable address used is 2086 out of 150000
DEBUG: Total dvariable address used is 3999296 out of 50000000
DEBUG: Total gradient stack used is 419907 out of 10000000
DEBUG: Total dvariable address used is 2086 out of 150000
DEBUG: Total dvariable address used is 3999296 out of 50000000
DEBUG: Total gradient stack used is 419932 out of 10000000
DEBUG: Total dvariable address used is 2086 out of 150000
DEBUG: Total dvariable address used is 3999296 out of 50000000
DEBUG: Total gradient stack used is 419926 out of 10000000
DEBUG: Total dvariable address used is 2086 out of 150000
DEBUG: Total dvariable address used is 3999296 out of 50000000
DEBUG: Total gradient stack used is 419926 out of 10000000
DEBUG: Total dvariable address used is 2086 out of 150000
DEBUG: Total dvariable address used is 3999296 out of 50000000
DEBUG: Total gradient stack used is 419932 out of 10000000
DEBUG: Total dvariable address used is 2086 out of 150000
DEBUG: Total dvariable address used is 3999296 out of 50000000
DEBUG: Total gradient stack used is 419910 out of 10000000
DEBUG: Total dvariable address used is 2086 out of 150000
DEBUG: Total dvariable address used is 3999296 out of 50000000
DEBUG: Total gradient stack used is 419913 out of 10000000
DEBUG: Total dvariable address used is 2086 out of 150000
DEBUG: Total dvariable address used is 3999296 out of 50000000
DEBUG: Total gradient stack used is 419907 out of 10000000
DEBUG: Total dvariable address used is 2086 out of 150000
DEBUG: Total dvariable address used is 3999296 out of 50000000
DEBUG: Total gradient stack used is 419932 out of 10000000
DEBUG: Total dvariable address used is 2086 out of 150000
DEBUG: Total dvariable address used is 3999296 out of 50000000
DEBUG: Total gradient stack used is 419928 out of 10000000
DEBUG: Total dvariable address used is 2086 out of 150000
DEBUG: Total dvariable address used is 3999296 out of 50000000
DEBUG: Total gradient stack used is 419922 out of 10000000
DEBUG: Total dvariable address used is 2086 out of 150000
DEBUG: Total dvariable address used is 3999296 out of 50000000
DEBUG: Total gradient stack used is 419933 out of 10000000
DEBUG: Total dvariable address used is 2086 out of 150000
DEBUG: Total dvariable address used is 3999296 out of 50000000
DEBUG: Total gradient stack used is 419919 out of 10000000
DEBUG: Total dvariable address used is 2086 out of 150000
DEBUG: Total dvariable address used is 3999296 out of 50000000
DEBUG: Total gradient stack used is 419919 out of 10000000
DEBUG: Total dvariable address used is 2086 out of 150000
DEBUG: Total dvariable address used is 3999296 out of 50000000
phase= 4 | nvar=412 | iter=300 | nll=-2.28e+04 | mag=6.18e+03 | par[  2]=T_pars_est[3]
DEBUG: Total gradient stack used is 419919 out of 10000000
DEBUG: Total dvariable address used is 2086 out of 150000
DEBUG: Total dvariable address used is 3999296 out of 50000000
DEBUG: Total gradient stack used is 419922 out of 10000000
DEBUG: Total dvariable address used is 2086 out of 150000
DEBUG: Total dvariable address used is 3999296 out of 50000000
DEBUG: Total gradient stack used is 419925 out of 10000000
DEBUG: Total dvariable address used is 2086 out of 150000
DEBUG: Total dvariable address used is 3999296 out of 50000000
DEBUG: Total gradient stack used is 419925 out of 10000000
DEBUG: Total dvariable address used is 2086 out of 150000
DEBUG: Total dvariable address used is 3999296 out of 50000000
DEBUG: Total gradient stack used is 419925 out of 10000000
DEBUG: Total dvariable address used is 2086 out of 150000
DEBUG: Total dvariable address used is 3999296 out of 50000000
DEBUG: Total gradient stack used is 419922 out of 10000000
DEBUG: Total dvariable address used is 2086 out of 150000
DEBUG: Total dvariable address used is 3999296 out of 50000000
DEBUG: Total gradient stack used is 419922 out of 10000000
DEBUG: Total dvariable address used is 2086 out of 150000
DEBUG: Total dvariable address used is 3999296 out of 50000000
DEBUG: Total gradient stack used is 419919 out of 10000000
DEBUG: Total dvariable address used is 2086 out of 150000
DEBUG: Total dvariable address used is 3999296 out of 50000000
DEBUG: Total gradient stack used is 419919 out of 10000000
DEBUG: Total dvariable address used is 2086 out of 150000
DEBUG: Total dvariable address used is 3999296 out of 50000000
DEBUG: Total gradient stack used is 419922 out of 10000000
DEBUG: Total dvariable address used is 2086 out of 150000
DEBUG: Total dvariable address used is 3999296 out of 50000000
DEBUG: Total gradient stack used is 419922 out of 10000000
DEBUG: Total dvariable address used is 2086 out of 150000
DEBUG: Total dvariable address used is 3999296 out of 50000000
DEBUG: Total gradient stack used is 419922 out of 10000000
DEBUG: Total dvariable address used is 2086 out of 150000
DEBUG: Total dvariable address used is 3999296 out of 50000000
DEBUG: Total gradient stack used is 419925 out of 10000000
DEBUG: Total dvariable address used is 2086 out of 150000
DEBUG: Total dvariable address used is 3999296 out of 50000000
DEBUG: Total gradient stack used is 419922 out of 10000000
DEBUG: Total dvariable address used is 2086 out of 150000
DEBUG: Total dvariable address used is 3999296 out of 50000000
DEBUG: Total gradient stack used is 419922 out of 10000000
DEBUG: Total dvariable address used is 2086 out of 150000
DEBUG: Total dvariable address used is 3999296 out of 50000000
DEBUG: Total gradient stack used is 419919 out of 10000000
DEBUG: Total dvariable address used is 2086 out of 150000
DEBUG: Total dvariable address used is 3999296 out of 50000000
DEBUG: Total gradient stack used is 419919 out of 10000000
DEBUG: Total dvariable address used is 2086 out of 150000
DEBUG: Total dvariable address used is 3999296 out of 50000000
DEBUG: Total gradient stack used is 419919 out of 10000000
DEBUG: Total dvariable address used is 2086 out of 150000
DEBUG: Total dvariable address used is 3999296 out of 50000000
DEBUG: Total gradient stack used is 419919 out of 10000000
DEBUG: Total dvariable address used is 2086 out of 150000
DEBUG: Total dvariable address used is 3999296 out of 50000000
DEBUG: Total gradient stack used is 419919 out of 10000000
DEBUG: Total dvariable address used is 2086 out of 150000
DEBUG: Total dvariable address used is 3999296 out of 50000000
phase= 4 | nvar=412 | iter=320 | nll=-2.28e+04 | mag=6.41e+03 | par[  2]=T_pars_est[3]
DEBUG: Total gradient stack used is 419919 out of 10000000
DEBUG: Total dvariable address used is 2086 out of 150000
DEBUG: Total dvariable address used is 3999296 out of 50000000
DEBUG: Total gradient stack used is 419919 out of 10000000
DEBUG: Total dvariable address used is 2086 out of 150000
DEBUG: Total dvariable address used is 3999296 out of 50000000
DEBUG: Total gradient stack used is 419930 out of 10000000
DEBUG: Total dvariable address used is 2086 out of 150000
DEBUG: Total dvariable address used is 3999296 out of 50000000
DEBUG: Total gradient stack used is 419930 out of 10000000
DEBUG: Total dvariable address used is 2086 out of 150000
DEBUG: Total dvariable address used is 3999296 out of 50000000
DEBUG: Total gradient stack used is 419930 out of 10000000
DEBUG: Total dvariable address used is 2086 out of 150000
DEBUG: Total dvariable address used is 3999296 out of 50000000
DEBUG: Total gradient stack used is 419915 out of 10000000
DEBUG: Total dvariable address used is 2086 out of 150000
DEBUG: Total dvariable address used is 3999296 out of 50000000
DEBUG: Total gradient stack used is 419931 out of 10000000
DEBUG: Total dvariable address used is 2086 out of 150000
DEBUG: Total dvariable address used is 3999296 out of 50000000
DEBUG: Total gradient stack used is 419917 out of 10000000
DEBUG: Total dvariable address used is 2086 out of 150000
DEBUG: Total dvariable address used is 3999296 out of 50000000
DEBUG: Total gradient stack used is 419926 out of 10000000
DEBUG: Total dvariable address used is 2086 out of 150000
DEBUG: Total dvariable address used is 3999296 out of 50000000
DEBUG: Total gradient stack used is 419937 out of 10000000
DEBUG: Total dvariable address used is 2086 out of 150000
DEBUG: Total dvariable address used is 3999296 out of 50000000
DEBUG: Total gradient stack used is 419945 out of 10000000
DEBUG: Total dvariable address used is 2086 out of 150000
DEBUG: Total dvariable address used is 3999296 out of 50000000
DEBUG: Total gradient stack used is 419931 out of 10000000
DEBUG: Total dvariable address used is 2086 out of 150000
DEBUG: Total dvariable address used is 3999296 out of 50000000
DEBUG: Total gradient stack used is 419917 out of 10000000
DEBUG: Total dvariable address used is 2086 out of 150000
DEBUG: Total dvariable address used is 3999296 out of 50000000
DEBUG: Total gradient stack used is 419917 out of 10000000
DEBUG: Total dvariable address used is 2086 out of 150000
DEBUG: Total dvariable address used is 3999296 out of 50000000
DEBUG: Total gradient stack used is 419917 out of 10000000
DEBUG: Total dvariable address used is 2086 out of 150000
DEBUG: Total dvariable address used is 3999296 out of 50000000
DEBUG: Total gradient stack used is 419917 out of 10000000
DEBUG: Total dvariable address used is 2086 out of 150000
DEBUG: Total dvariable address used is 3999296 out of 50000000
DEBUG: Total gradient stack used is 419917 out of 10000000
DEBUG: Total dvariable address used is 2086 out of 150000
DEBUG: Total dvariable address used is 3999296 out of 50000000
DEBUG: Total gradient stack used is 419917 out of 10000000
DEBUG: Total dvariable address used is 2086 out of 150000
DEBUG: Total dvariable address used is 3999296 out of 50000000
DEBUG: Total gradient stack used is 419917 out of 10000000
DEBUG: Total dvariable address used is 2086 out of 150000
DEBUG: Total dvariable address used is 3999296 out of 50000000
DEBUG: Total gradient stack used is 419917 out of 10000000
DEBUG: Total dvariable address used is 2086 out of 150000
DEBUG: Total dvariable address used is 3999296 out of 50000000
DEBUG: Total gradient stack used is 419917 out of 10000000
DEBUG: Total dvariable address used is 2086 out of 150000
DEBUG: Total dvariable address used is 3999296 out of 50000000
DEBUG: Total gradient stack used is 419917 out of 10000000
DEBUG: Total dvariable address used is 2086 out of 150000
DEBUG: Total dvariable address used is 3999296 out of 50000000
phase= 4 | nvar=412 | iter=340 | nll=-2.28e+04 | mag=8.72e+03 | par[  2]=T_pars_est[3]
DEBUG: Total gradient stack used is 419917 out of 10000000
DEBUG: Total dvariable address used is 2086 out of 150000
DEBUG: Total dvariable address used is 3999296 out of 50000000
DEBUG: Total gradient stack used is 419917 out of 10000000
DEBUG: Total dvariable address used is 2086 out of 150000
DEBUG: Total dvariable address used is 3999296 out of 50000000
DEBUG: Total gradient stack used is 419917 out of 10000000
DEBUG: Total dvariable address used is 2086 out of 150000
DEBUG: Total dvariable address used is 3999296 out of 50000000
DEBUG: Total gradient stack used is 419917 out of 10000000
DEBUG: Total dvariable address used is 2086 out of 150000
DEBUG: Total dvariable address used is 3999296 out of 50000000
DEBUG: Total gradient stack used is 419917 out of 10000000
DEBUG: Total dvariable address used is 2086 out of 150000
DEBUG: Total dvariable address used is 3999296 out of 50000000
DEBUG: Total gradient stack used is 419931 out of 10000000
DEBUG: Total dvariable address used is 2086 out of 150000
DEBUG: Total dvariable address used is 3999296 out of 50000000
DEBUG: Total gradient stack used is 419931 out of 10000000
DEBUG: Total dvariable address used is 2086 out of 150000
DEBUG: Total dvariable address used is 3999296 out of 50000000
DEBUG: Total gradient stack used is 419931 out of 10000000
DEBUG: Total dvariable address used is 2086 out of 150000
DEBUG: Total dvariable address used is 3999296 out of 50000000
DEBUG: Total gradient stack used is 419917 out of 10000000
DEBUG: Total dvariable address used is 2086 out of 150000
DEBUG: Total dvariable address used is 3999296 out of 50000000
DEBUG: Total gradient stack used is 419917 out of 10000000
DEBUG: Total dvariable address used is 2086 out of 150000
DEBUG: Total dvariable address used is 3999296 out of 50000000
DEBUG: Total gradient stack used is 419917 out of 10000000
DEBUG: Total dvariable address used is 2086 out of 150000
DEBUG: Total dvariable address used is 3999296 out of 50000000
DEBUG: Total gradient stack used is 419917 out of 10000000
DEBUG: Total dvariable address used is 2086 out of 150000
DEBUG: Total dvariable address used is 3999296 out of 50000000
DEBUG: Total gradient stack used is 420113 out of 10000000
DEBUG: Total dvariable address used is 2086 out of 150000
DEBUG: Total dvariable address used is 3999296 out of 50000000
DEBUG: Total gradient stack used is 420110 out of 10000000
DEBUG: Total dvariable address used is 2086 out of 150000
DEBUG: Total dvariable address used is 3999296 out of 50000000
DEBUG: Total gradient stack used is 420110 out of 10000000
DEBUG: Total dvariable address used is 2086 out of 150000
DEBUG: Total dvariable address used is 3999296 out of 50000000
DEBUG: Total gradient stack used is 420085 out of 10000000
DEBUG: Total dvariable address used is 2086 out of 150000
DEBUG: Total dvariable address used is 3999296 out of 50000000
DEBUG: Total gradient stack used is 420085 out of 10000000
DEBUG: Total dvariable address used is 2086 out of 150000
DEBUG: Total dvariable address used is 3999296 out of 50000000
DEBUG: Total gradient stack used is 420085 out of 10000000
DEBUG: Total dvariable address used is 2086 out of 150000
DEBUG: Total dvariable address used is 3999296 out of 50000000
DEBUG: Total gradient stack used is 420085 out of 10000000
DEBUG: Total dvariable address used is 2086 out of 150000
DEBUG: Total dvariable address used is 3999296 out of 50000000
DEBUG: Total gradient stack used is 420085 out of 10000000
DEBUG: Total dvariable address used is 2086 out of 150000
DEBUG: Total dvariable address used is 3999296 out of 50000000
phase= 4 | nvar=412 | iter=360 | nll=-2.28e+04 | mag=6.81e+03 | par[  2]=T_pars_est[3]
DEBUG: Total gradient stack used is 420085 out of 10000000
DEBUG: Total dvariable address used is 2086 out of 150000
DEBUG: Total dvariable address used is 3999296 out of 50000000
DEBUG: Total gradient stack used is 420085 out of 10000000
DEBUG: Total dvariable address used is 2086 out of 150000
DEBUG: Total dvariable address used is 3999296 out of 50000000
DEBUG: Total gradient stack used is 420085 out of 10000000
DEBUG: Total dvariable address used is 2086 out of 150000
DEBUG: Total dvariable address used is 3999296 out of 50000000
DEBUG: Total gradient stack used is 420085 out of 10000000
DEBUG: Total dvariable address used is 2086 out of 150000
DEBUG: Total dvariable address used is 3999296 out of 50000000
DEBUG: Total gradient stack used is 420085 out of 10000000
DEBUG: Total dvariable address used is 2086 out of 150000
DEBUG: Total dvariable address used is 3999296 out of 50000000
DEBUG: Total gradient stack used is 420085 out of 10000000
DEBUG: Total dvariable address used is 2086 out of 150000
DEBUG: Total dvariable address used is 3999296 out of 50000000
DEBUG: Total gradient stack used is 420085 out of 10000000
DEBUG: Total dvariable address used is 2086 out of 150000
DEBUG: Total dvariable address used is 3999296 out of 50000000
DEBUG: Total gradient stack used is 420085 out of 10000000
DEBUG: Total dvariable address used is 2086 out of 150000
DEBUG: Total dvariable address used is 3999296 out of 50000000
DEBUG: Total gradient stack used is 420085 out of 10000000
DEBUG: Total dvariable address used is 2086 out of 150000
DEBUG: Total dvariable address used is 3999296 out of 50000000
DEBUG: Total gradient stack used is 420085 out of 10000000
DEBUG: Total dvariable address used is 2086 out of 150000
DEBUG: Total dvariable address used is 3999296 out of 50000000
DEBUG: Total gradient stack used is 420085 out of 10000000
DEBUG: Total dvariable address used is 2086 out of 150000
DEBUG: Total dvariable address used is 3999296 out of 50000000
DEBUG: Total gradient stack used is 420085 out of 10000000
DEBUG: Total dvariable address used is 2086 out of 150000
DEBUG: Total dvariable address used is 3999296 out of 50000000
DEBUG: Total gradient stack used is 420085 out of 10000000
DEBUG: Total dvariable address used is 2086 out of 150000
DEBUG: Total dvariable address used is 3999296 out of 50000000
DEBUG: Total gradient stack used is 420071 out of 10000000
DEBUG: Total dvariable address used is 2086 out of 150000
DEBUG: Total dvariable address used is 3999296 out of 50000000
DEBUG: Total gradient stack used is 420075 out of 10000000
DEBUG: Total dvariable address used is 2086 out of 150000
DEBUG: Total dvariable address used is 3999296 out of 50000000
DEBUG: Total gradient stack used is 420075 out of 10000000
DEBUG: Total dvariable address used is 2086 out of 150000
DEBUG: Total dvariable address used is 3999296 out of 50000000
DEBUG: Total gradient stack used is 420066 out of 10000000
DEBUG: Total dvariable address used is 2086 out of 150000
DEBUG: Total dvariable address used is 3999296 out of 50000000
DEBUG: Total gradient stack used is 420075 out of 10000000
DEBUG: Total dvariable address used is 2086 out of 150000
DEBUG: Total dvariable address used is 3999296 out of 50000000
DEBUG: Total gradient stack used is 420066 out of 10000000
DEBUG: Total dvariable address used is 2086 out of 150000
DEBUG: Total dvariable address used is 3999296 out of 50000000
DEBUG: Total gradient stack used is 420063 out of 10000000
DEBUG: Total dvariable address used is 2086 out of 150000
DEBUG: Total dvariable address used is 3999296 out of 50000000
DEBUG: Total gradient stack used is 420063 out of 10000000
DEBUG: Total dvariable address used is 2086 out of 150000
DEBUG: Total dvariable address used is 3999296 out of 50000000
DEBUG: Total gradient stack used is 420063 out of 10000000
DEBUG: Total dvariable address used is 2086 out of 150000
DEBUG: Total dvariable address used is 3999296 out of 50000000
DEBUG: Total gradient stack used is 420066 out of 10000000
DEBUG: Total dvariable address used is 2086 out of 150000
DEBUG: Total dvariable address used is 3999296 out of 50000000
phase= 4 | nvar=412 | iter=380 | nll=-2.28e+04 | mag=5.17e+03 | par[  2]=T_pars_est[3]
DEBUG: Total gradient stack used is 420066 out of 10000000
DEBUG: Total dvariable address used is 2086 out of 150000
DEBUG: Total dvariable address used is 3999296 out of 50000000
DEBUG: Total gradient stack used is 420066 out of 10000000
DEBUG: Total dvariable address used is 2086 out of 150000
DEBUG: Total dvariable address used is 3999296 out of 50000000
DEBUG: Total gradient stack used is 420066 out of 10000000
DEBUG: Total dvariable address used is 2086 out of 150000
DEBUG: Total dvariable address used is 3999296 out of 50000000
DEBUG: Total gradient stack used is 420066 out of 10000000
DEBUG: Total dvariable address used is 2086 out of 150000
DEBUG: Total dvariable address used is 3999296 out of 50000000
DEBUG: Total gradient stack used is 420063 out of 10000000
DEBUG: Total dvariable address used is 2086 out of 150000
DEBUG: Total dvariable address used is 3999296 out of 50000000
DEBUG: Total gradient stack used is 420063 out of 10000000
DEBUG: Total dvariable address used is 2086 out of 150000
DEBUG: Total dvariable address used is 3999296 out of 50000000
DEBUG: Total gradient stack used is 420063 out of 10000000
DEBUG: Total dvariable address used is 2086 out of 150000
DEBUG: Total dvariable address used is 3999296 out of 50000000
DEBUG: Total gradient stack used is 420063 out of 10000000
DEBUG: Total dvariable address used is 2086 out of 150000
DEBUG: Total dvariable address used is 3999296 out of 50000000
DEBUG: Total gradient stack used is 420069 out of 10000000
DEBUG: Total dvariable address used is 2086 out of 150000
DEBUG: Total dvariable address used is 3999296 out of 50000000
DEBUG: Total gradient stack used is 420069 out of 10000000
DEBUG: Total dvariable address used is 2086 out of 150000
DEBUG: Total dvariable address used is 3999296 out of 50000000
DEBUG: Total gradient stack used is 420077 out of 10000000
DEBUG: Total dvariable address used is 2086 out of 150000
DEBUG: Total dvariable address used is 3999296 out of 50000000
DEBUG: Total gradient stack used is 420235 out of 10000000
DEBUG: Total dvariable address used is 2086 out of 150000
DEBUG: Total dvariable address used is 3999296 out of 50000000
DEBUG: Total gradient stack used is 420238 out of 10000000
DEBUG: Total dvariable address used is 2086 out of 150000
DEBUG: Total dvariable address used is 3999296 out of 50000000
DEBUG: Total gradient stack used is 420235 out of 10000000
DEBUG: Total dvariable address used is 2086 out of 150000
DEBUG: Total dvariable address used is 3999296 out of 50000000
DEBUG: Total gradient stack used is 420235 out of 10000000
DEBUG: Total dvariable address used is 2086 out of 150000
DEBUG: Total dvariable address used is 3999296 out of 50000000
DEBUG: Total gradient stack used is 420235 out of 10000000
DEBUG: Total dvariable address used is 2086 out of 150000
DEBUG: Total dvariable address used is 3999296 out of 50000000
DEBUG: Total gradient stack used is 420235 out of 10000000
DEBUG: Total dvariable address used is 2086 out of 150000
DEBUG: Total dvariable address used is 3999296 out of 50000000
DEBUG: Total gradient stack used is 420235 out of 10000000
DEBUG: Total dvariable address used is 2086 out of 150000
DEBUG: Total dvariable address used is 3999296 out of 50000000
DEBUG: Total gradient stack used is 420235 out of 10000000
DEBUG: Total dvariable address used is 2086 out of 150000
DEBUG: Total dvariable address used is 3999296 out of 50000000
DEBUG: Total gradient stack used is 420232 out of 10000000
DEBUG: Total dvariable address used is 2086 out of 150000
DEBUG: Total dvariable address used is 3999296 out of 50000000
DEBUG: Total gradient stack used is 420229 out of 10000000
DEBUG: Total dvariable address used is 2086 out of 150000
DEBUG: Total dvariable address used is 3999296 out of 50000000
DEBUG: Total gradient stack used is 420229 out of 10000000
DEBUG: Total dvariable address used is 2086 out of 150000
DEBUG: Total dvariable address used is 3999296 out of 50000000
phase= 4 | nvar=412 | iter=400 | nll=-2.28e+04 | mag=4.30e+03 | par[  2]=T_pars_est[3]
DEBUG: Total gradient stack used is 420237 out of 10000000
DEBUG: Total dvariable address used is 2086 out of 150000
DEBUG: Total dvariable address used is 3999296 out of 50000000
DEBUG: Total gradient stack used is 420237 out of 10000000
DEBUG: Total dvariable address used is 2086 out of 150000
DEBUG: Total dvariable address used is 3999296 out of 50000000
DEBUG: Total gradient stack used is 420240 out of 10000000
DEBUG: Total dvariable address used is 2086 out of 150000
DEBUG: Total dvariable address used is 3999296 out of 50000000
DEBUG: Total gradient stack used is 420237 out of 10000000
DEBUG: Total dvariable address used is 2086 out of 150000
DEBUG: Total dvariable address used is 3999296 out of 50000000
DEBUG: Total gradient stack used is 420237 out of 10000000
DEBUG: Total dvariable address used is 2086 out of 150000
DEBUG: Total dvariable address used is 3999296 out of 50000000
DEBUG: Total gradient stack used is 420237 out of 10000000
DEBUG: Total dvariable address used is 2086 out of 150000
DEBUG: Total dvariable address used is 3999296 out of 50000000
DEBUG: Total gradient stack used is 420237 out of 10000000
DEBUG: Total dvariable address used is 2086 out of 150000
DEBUG: Total dvariable address used is 3999296 out of 50000000
DEBUG: Total gradient stack used is 420237 out of 10000000
DEBUG: Total dvariable address used is 2086 out of 150000
DEBUG: Total dvariable address used is 3999296 out of 50000000
DEBUG: Total gradient stack used is 420237 out of 10000000
DEBUG: Total dvariable address used is 2086 out of 150000
DEBUG: Total dvariable address used is 3999296 out of 50000000
DEBUG: Total gradient stack used is 420237 out of 10000000
DEBUG: Total dvariable address used is 2086 out of 150000
DEBUG: Total dvariable address used is 3999296 out of 50000000
DEBUG: Total gradient stack used is 420237 out of 10000000
DEBUG: Total dvariable address used is 2086 out of 150000
DEBUG: Total dvariable address used is 3999296 out of 50000000
DEBUG: Total gradient stack used is 420237 out of 10000000
DEBUG: Total dvariable address used is 2086 out of 150000
DEBUG: Total dvariable address used is 3999296 out of 50000000
DEBUG: Total gradient stack used is 420237 out of 10000000
DEBUG: Total dvariable address used is 2086 out of 150000
DEBUG: Total dvariable address used is 3999296 out of 50000000
DEBUG: Total gradient stack used is 420265 out of 10000000
DEBUG: Total dvariable address used is 2086 out of 150000
DEBUG: Total dvariable address used is 3999296 out of 50000000
DEBUG: Total gradient stack used is 420237 out of 10000000
DEBUG: Total dvariable address used is 2086 out of 150000
DEBUG: Total dvariable address used is 3999296 out of 50000000
DEBUG: Total gradient stack used is 420240 out of 10000000
DEBUG: Total dvariable address used is 2086 out of 150000
DEBUG: Total dvariable address used is 3999296 out of 50000000
DEBUG: Total gradient stack used is 420237 out of 10000000
DEBUG: Total dvariable address used is 2086 out of 150000
DEBUG: Total dvariable address used is 3999296 out of 50000000
DEBUG: Total gradient stack used is 420237 out of 10000000
DEBUG: Total dvariable address used is 2086 out of 150000
DEBUG: Total dvariable address used is 3999296 out of 50000000
DEBUG: Total gradient stack used is 420237 out of 10000000
DEBUG: Total dvariable address used is 2086 out of 150000
DEBUG: Total dvariable address used is 3999296 out of 50000000
DEBUG: Total gradient stack used is 420237 out of 10000000
DEBUG: Total dvariable address used is 2086 out of 150000
DEBUG: Total dvariable address used is 3999296 out of 50000000
DEBUG: Total gradient stack used is 420240 out of 10000000
DEBUG: Total dvariable address used is 2086 out of 150000
DEBUG: Total dvariable address used is 3999296 out of 50000000
DEBUG: Total gradient stack used is 420237 out of 10000000
DEBUG: Total dvariable address used is 2086 out of 150000
DEBUG: Total dvariable address used is 3999296 out of 50000000
DEBUG: Total gradient stack used is 420237 out of 10000000
DEBUG: Total dvariable address used is 2086 out of 150000
DEBUG: Total dvariable address used is 3999296 out of 50000000
DEBUG: Total gradient stack used is 420237 out of 10000000
DEBUG: Total dvariable address used is 2086 out of 150000
DEBUG: Total dvariable address used is 3999296 out of 50000000
DEBUG: Total gradient stack used is 420251 out of 10000000
DEBUG: Total dvariable address used is 2086 out of 150000
DEBUG: Total dvariable address used is 3999296 out of 50000000
DEBUG: Total gradient stack used is 420262 out of 10000000
DEBUG: Total dvariable address used is 2086 out of 150000
DEBUG: Total dvariable address used is 3999296 out of 50000000
DEBUG: Total gradient stack used is 420251 out of 10000000
DEBUG: Total dvariable address used is 2086 out of 150000
DEBUG: Total dvariable address used is 3999296 out of 50000000
DEBUG: Total gradient stack used is 420251 out of 10000000
DEBUG: Total dvariable address used is 2086 out of 150000
DEBUG: Total dvariable address used is 3999296 out of 50000000
DEBUG: Total gradient stack used is 420251 out of 10000000
DEBUG: Total dvariable address used is 2086 out of 150000
DEBUG: Total dvariable address used is 3999296 out of 50000000
DEBUG: Total gradient stack used is 420268 out of 10000000
DEBUG: Total dvariable address used is 2086 out of 150000
DEBUG: Total dvariable address used is 3999296 out of 50000000
DEBUG: Total gradient stack used is 420265 out of 10000000
DEBUG: Total dvariable address used is 2086 out of 150000
DEBUG: Total dvariable address used is 3999296 out of 50000000
DEBUG: Total gradient stack used is 420265 out of 10000000
DEBUG: Total dvariable address used is 2086 out of 150000
DEBUG: Total dvariable address used is 3999296 out of 50000000
DEBUG: Total gradient stack used is 420265 out of 10000000
DEBUG: Total dvariable address used is 2086 out of 150000
DEBUG: Total dvariable address used is 3999296 out of 50000000
phase= 4 | nvar=412 | iter=420 | nll=-2.28e+04 | mag=3.44e+03 | par[  2]=T_pars_est[3]
DEBUG: Total gradient stack used is 420265 out of 10000000
DEBUG: Total dvariable address used is 2086 out of 150000
DEBUG: Total dvariable address used is 3999296 out of 50000000
DEBUG: Total gradient stack used is 420262 out of 10000000
DEBUG: Total dvariable address used is 2086 out of 150000
DEBUG: Total dvariable address used is 3999296 out of 50000000
DEBUG: Total gradient stack used is 420259 out of 10000000
DEBUG: Total dvariable address used is 2086 out of 150000
DEBUG: Total dvariable address used is 3999296 out of 50000000
DEBUG: Total gradient stack used is 420262 out of 10000000
DEBUG: Total dvariable address used is 2086 out of 150000
DEBUG: Total dvariable address used is 3999296 out of 50000000
DEBUG: Total gradient stack used is 420262 out of 10000000
DEBUG: Total dvariable address used is 2086 out of 150000
DEBUG: Total dvariable address used is 3999296 out of 50000000
DEBUG: Total gradient stack used is 420262 out of 10000000
DEBUG: Total dvariable address used is 2086 out of 150000
DEBUG: Total dvariable address used is 3999296 out of 50000000
DEBUG: Total gradient stack used is 420265 out of 10000000
DEBUG: Total dvariable address used is 2086 out of 150000
DEBUG: Total dvariable address used is 3999296 out of 50000000
DEBUG: Total gradient stack used is 420265 out of 10000000
DEBUG: Total dvariable address used is 2086 out of 150000
DEBUG: Total dvariable address used is 3999296 out of 50000000
DEBUG: Total gradient stack used is 420265 out of 10000000
DEBUG: Total dvariable address used is 2086 out of 150000
DEBUG: Total dvariable address used is 3999296 out of 50000000
DEBUG: Total gradient stack used is 420265 out of 10000000
DEBUG: Total dvariable address used is 2086 out of 150000
DEBUG: Total dvariable address used is 3999296 out of 50000000
DEBUG: Total gradient stack used is 420265 out of 10000000
DEBUG: Total dvariable address used is 2086 out of 150000
DEBUG: Total dvariable address used is 3999296 out of 50000000
DEBUG: Total gradient stack used is 420265 out of 10000000
DEBUG: Total dvariable address used is 2086 out of 150000
DEBUG: Total dvariable address used is 3999296 out of 50000000
DEBUG: Total gradient stack used is 420265 out of 10000000
DEBUG: Total dvariable address used is 2086 out of 150000
DEBUG: Total dvariable address used is 3999296 out of 50000000
DEBUG: Total gradient stack used is 420251 out of 10000000
DEBUG: Total dvariable address used is 2086 out of 150000
DEBUG: Total dvariable address used is 3999296 out of 50000000
DEBUG: Total gradient stack used is 420265 out of 10000000
DEBUG: Total dvariable address used is 2086 out of 150000
DEBUG: Total dvariable address used is 3999296 out of 50000000
DEBUG: Total gradient stack used is 420265 out of 10000000
DEBUG: Total dvariable address used is 2086 out of 150000
DEBUG: Total dvariable address used is 3999296 out of 50000000
DEBUG: Total gradient stack used is 420251 out of 10000000
DEBUG: Total dvariable address used is 2086 out of 150000
DEBUG: Total dvariable address used is 3999296 out of 50000000
DEBUG: Total gradient stack used is 420254 out of 10000000
DEBUG: Total dvariable address used is 2086 out of 150000
DEBUG: Total dvariable address used is 3999296 out of 50000000
DEBUG: Total gradient stack used is 420243 out of 10000000
DEBUG: Total dvariable address used is 2086 out of 150000
DEBUG: Total dvariable address used is 3999296 out of 50000000
DEBUG: Total gradient stack used is 420238 out of 10000000
DEBUG: Total dvariable address used is 2086 out of 150000
DEBUG: Total dvariable address used is 3999296 out of 50000000
DEBUG: Total gradient stack used is 420235 out of 10000000
DEBUG: Total dvariable address used is 2086 out of 150000
DEBUG: Total dvariable address used is 3999296 out of 50000000
DEBUG: Total gradient stack used is 420247 out of 10000000
DEBUG: Total dvariable address used is 2086 out of 150000
DEBUG: Total dvariable address used is 3999296 out of 50000000
DEBUG: Total gradient stack used is 420247 out of 10000000
DEBUG: Total dvariable address used is 2086 out of 150000
DEBUG: Total dvariable address used is 3999296 out of 50000000
DEBUG: Total gradient stack used is 420253 out of 10000000
DEBUG: Total dvariable address used is 2086 out of 150000
DEBUG: Total dvariable address used is 3999296 out of 50000000
DEBUG: Total gradient stack used is 420245 out of 10000000
DEBUG: Total dvariable address used is 2086 out of 150000
DEBUG: Total dvariable address used is 3999296 out of 50000000
DEBUG: Total gradient stack used is 420239 out of 10000000
DEBUG: Total dvariable address used is 2086 out of 150000
DEBUG: Total dvariable address used is 3999296 out of 50000000
DEBUG: Total gradient stack used is 420253 out of 10000000
DEBUG: Total dvariable address used is 2086 out of 150000
DEBUG: Total dvariable address used is 3999296 out of 50000000
DEBUG: Total gradient stack used is 420250 out of 10000000
DEBUG: Total dvariable address used is 2086 out of 150000
DEBUG: Total dvariable address used is 3999296 out of 50000000
DEBUG: Total gradient stack used is 420247 out of 10000000
DEBUG: Total dvariable address used is 2086 out of 150000
DEBUG: Total dvariable address used is 3999296 out of 50000000
phase= 4 | nvar=412 | iter=440 | nll=-2.28e+04 | mag=8.06e+02 | par[148]=S_pars_est[49]
DEBUG: Total gradient stack used is 420244 out of 10000000
DEBUG: Total dvariable address used is 2086 out of 150000
DEBUG: Total dvariable address used is 3999296 out of 50000000
DEBUG: Total gradient stack used is 420247 out of 10000000
DEBUG: Total dvariable address used is 2086 out of 150000
DEBUG: Total dvariable address used is 3999296 out of 50000000
DEBUG: Total gradient stack used is 420249 out of 10000000
DEBUG: Total dvariable address used is 2086 out of 150000
DEBUG: Total dvariable address used is 3999296 out of 50000000
DEBUG: Total gradient stack used is 420249 out of 10000000
DEBUG: Total dvariable address used is 2086 out of 150000
DEBUG: Total dvariable address used is 3999296 out of 50000000
DEBUG: Total gradient stack used is 420249 out of 10000000
DEBUG: Total dvariable address used is 2086 out of 150000
DEBUG: Total dvariable address used is 3999296 out of 50000000
DEBUG: Total gradient stack used is 420249 out of 10000000
DEBUG: Total dvariable address used is 2086 out of 150000
DEBUG: Total dvariable address used is 3999296 out of 50000000
DEBUG: Total gradient stack used is 420249 out of 10000000
DEBUG: Total dvariable address used is 2086 out of 150000
DEBUG: Total dvariable address used is 3999296 out of 50000000
DEBUG: Total gradient stack used is 420249 out of 10000000
DEBUG: Total dvariable address used is 2086 out of 150000
DEBUG: Total dvariable address used is 3999296 out of 50000000
DEBUG: Total gradient stack used is 420246 out of 10000000
DEBUG: Total dvariable address used is 2086 out of 150000
DEBUG: Total dvariable address used is 3999296 out of 50000000
DEBUG: Total gradient stack used is 420249 out of 10000000
DEBUG: Total dvariable address used is 2086 out of 150000
DEBUG: Total dvariable address used is 3999296 out of 50000000
DEBUG: Total gradient stack used is 420249 out of 10000000
DEBUG: Total dvariable address used is 2086 out of 150000
DEBUG: Total dvariable address used is 3999296 out of 50000000
DEBUG: Total gradient stack used is 420249 out of 10000000
DEBUG: Total dvariable address used is 2086 out of 150000
DEBUG: Total dvariable address used is 3999296 out of 50000000
DEBUG: Total gradient stack used is 420249 out of 10000000
DEBUG: Total dvariable address used is 2086 out of 150000
DEBUG: Total dvariable address used is 3999296 out of 50000000
DEBUG: Total gradient stack used is 420249 out of 10000000
DEBUG: Total dvariable address used is 2086 out of 150000
DEBUG: Total dvariable address used is 3999296 out of 50000000
DEBUG: Total gradient stack used is 420249 out of 10000000
DEBUG: Total dvariable address used is 2086 out of 150000
DEBUG: Total dvariable address used is 3999296 out of 50000000
DEBUG: Total gradient stack used is 420249 out of 10000000
DEBUG: Total dvariable address used is 2086 out of 150000
DEBUG: Total dvariable address used is 3999296 out of 50000000
DEBUG: Total gradient stack used is 420235 out of 10000000
DEBUG: Total dvariable address used is 2086 out of 150000
DEBUG: Total dvariable address used is 3999296 out of 50000000
DEBUG: Total gradient stack used is 420238 out of 10000000
DEBUG: Total dvariable address used is 2086 out of 150000
DEBUG: Total dvariable address used is 3999296 out of 50000000
DEBUG: Total gradient stack used is 420238 out of 10000000
DEBUG: Total dvariable address used is 2086 out of 150000
DEBUG: Total dvariable address used is 3999296 out of 50000000
DEBUG: Total gradient stack used is 420241 out of 10000000
DEBUG: Total dvariable address used is 2086 out of 150000
DEBUG: Total dvariable address used is 3999296 out of 50000000
DEBUG: Total gradient stack used is 420241 out of 10000000
DEBUG: Total dvariable address used is 2086 out of 150000
DEBUG: Total dvariable address used is 3999296 out of 50000000
DEBUG: Total gradient stack used is 420241 out of 10000000
DEBUG: Total dvariable address used is 2086 out of 150000
DEBUG: Total dvariable address used is 3999296 out of 50000000
phase= 4 | nvar=412 | iter=460 | nll=-2.29e+04 | mag=1.94e+03 | par[401]=logit_rec_prop_est[33]
DEBUG: Total gradient stack used is 420241 out of 10000000
DEBUG: Total dvariable address used is 2086 out of 150000
DEBUG: Total dvariable address used is 3999296 out of 50000000
DEBUG: Total gradient stack used is 420244 out of 10000000
DEBUG: Total dvariable address used is 2086 out of 150000
DEBUG: Total dvariable address used is 3999296 out of 50000000
DEBUG: Total gradient stack used is 420244 out of 10000000
DEBUG: Total dvariable address used is 2086 out of 150000
DEBUG: Total dvariable address used is 3999296 out of 50000000
DEBUG: Total gradient stack used is 420244 out of 10000000
DEBUG: Total dvariable address used is 2086 out of 150000
DEBUG: Total dvariable address used is 3999296 out of 50000000
DEBUG: Total gradient stack used is 420236 out of 10000000
DEBUG: Total dvariable address used is 2086 out of 150000
DEBUG: Total dvariable address used is 3999296 out of 50000000
DEBUG: Total gradient stack used is 420239 out of 10000000
DEBUG: Total dvariable address used is 2086 out of 150000
DEBUG: Total dvariable address used is 3999296 out of 50000000
DEBUG: Total gradient stack used is 420236 out of 10000000
DEBUG: Total dvariable address used is 2086 out of 150000
DEBUG: Total dvariable address used is 3999296 out of 50000000
DEBUG: Total gradient stack used is 420233 out of 10000000
DEBUG: Total dvariable address used is 2086 out of 150000
DEBUG: Total dvariable address used is 3999296 out of 50000000
DEBUG: Total gradient stack used is 420236 out of 10000000
DEBUG: Total dvariable address used is 2086 out of 150000
DEBUG: Total dvariable address used is 3999296 out of 50000000
DEBUG: Total gradient stack used is 420401 out of 10000000
DEBUG: Total dvariable address used is 2086 out of 150000
DEBUG: Total dvariable address used is 3999296 out of 50000000
DEBUG: Total gradient stack used is 420401 out of 10000000
DEBUG: Total dvariable address used is 2086 out of 150000
DEBUG: Total dvariable address used is 3999296 out of 50000000
DEBUG: Total gradient stack used is 420412 out of 10000000
DEBUG: Total dvariable address used is 2086 out of 150000
DEBUG: Total dvariable address used is 3999296 out of 50000000
DEBUG: Total gradient stack used is 420412 out of 10000000
DEBUG: Total dvariable address used is 2086 out of 150000
DEBUG: Total dvariable address used is 3999296 out of 50000000
DEBUG: Total gradient stack used is 420401 out of 10000000
DEBUG: Total dvariable address used is 2086 out of 150000
DEBUG: Total dvariable address used is 3999296 out of 50000000
DEBUG: Total gradient stack used is 420401 out of 10000000
DEBUG: Total dvariable address used is 2086 out of 150000
DEBUG: Total dvariable address used is 3999296 out of 50000000
DEBUG: Total gradient stack used is 420401 out of 10000000
DEBUG: Total dvariable address used is 2086 out of 150000
DEBUG: Total dvariable address used is 3999296 out of 50000000
DEBUG: Total gradient stack used is 420401 out of 10000000
DEBUG: Total dvariable address used is 2086 out of 150000
DEBUG: Total dvariable address used is 3999296 out of 50000000
DEBUG: Total gradient stack used is 420401 out of 10000000
DEBUG: Total dvariable address used is 2086 out of 150000
DEBUG: Total dvariable address used is 3999296 out of 50000000
DEBUG: Total gradient stack used is 420401 out of 10000000
DEBUG: Total dvariable address used is 2086 out of 150000
DEBUG: Total dvariable address used is 3999296 out of 50000000
DEBUG: Total gradient stack used is 420401 out of 10000000
DEBUG: Total dvariable address used is 2086 out of 150000
DEBUG: Total dvariable address used is 3999296 out of 50000000
phase= 4 | nvar=412 | iter=480 | nll=-2.29e+04 | mag=1.05e+02 | par[402]=logit_rec_prop_est[34]
DEBUG: Total gradient stack used is 420401 out of 10000000
DEBUG: Total dvariable address used is 2086 out of 150000
DEBUG: Total dvariable address used is 3999296 out of 50000000
DEBUG: Total gradient stack used is 420401 out of 10000000
DEBUG: Total dvariable address used is 2086 out of 150000
DEBUG: Total dvariable address used is 3999296 out of 50000000
DEBUG: Total gradient stack used is 420401 out of 10000000
DEBUG: Total dvariable address used is 2086 out of 150000
DEBUG: Total dvariable address used is 3999296 out of 50000000
DEBUG: Total gradient stack used is 420401 out of 10000000
DEBUG: Total dvariable address used is 2086 out of 150000
DEBUG: Total dvariable address used is 3999296 out of 50000000
DEBUG: Total gradient stack used is 420401 out of 10000000
DEBUG: Total dvariable address used is 2086 out of 150000
DEBUG: Total dvariable address used is 3999296 out of 50000000
DEBUG: Total gradient stack used is 420401 out of 10000000
DEBUG: Total dvariable address used is 2086 out of 150000
DEBUG: Total dvariable address used is 3999296 out of 50000000
DEBUG: Total gradient stack used is 420401 out of 10000000
DEBUG: Total dvariable address used is 2086 out of 150000
DEBUG: Total dvariable address used is 3999296 out of 50000000
DEBUG: Total gradient stack used is 420401 out of 10000000
DEBUG: Total dvariable address used is 2086 out of 150000
DEBUG: Total dvariable address used is 3999296 out of 50000000
DEBUG: Total gradient stack used is 420401 out of 10000000
DEBUG: Total dvariable address used is 2086 out of 150000
DEBUG: Total dvariable address used is 3999296 out of 50000000
DEBUG: Total gradient stack used is 420401 out of 10000000
DEBUG: Total dvariable address used is 2086 out of 150000
DEBUG: Total dvariable address used is 3999296 out of 50000000
DEBUG: Total gradient stack used is 420401 out of 10000000
DEBUG: Total dvariable address used is 2086 out of 150000
DEBUG: Total dvariable address used is 3999296 out of 50000000
DEBUG: Total gradient stack used is 420401 out of 10000000
DEBUG: Total dvariable address used is 2086 out of 150000
DEBUG: Total dvariable address used is 3999296 out of 50000000
DEBUG: Total gradient stack used is 420401 out of 10000000
DEBUG: Total dvariable address used is 2086 out of 150000
DEBUG: Total dvariable address used is 3999296 out of 50000000
DEBUG: Total gradient stack used is 420401 out of 10000000
DEBUG: Total dvariable address used is 2086 out of 150000
DEBUG: Total dvariable address used is 3999296 out of 50000000
DEBUG: Total gradient stack used is 420401 out of 10000000
DEBUG: Total dvariable address used is 2086 out of 150000
DEBUG: Total dvariable address used is 3999296 out of 50000000
DEBUG: Total gradient stack used is 420401 out of 10000000
DEBUG: Total dvariable address used is 2086 out of 150000
DEBUG: Total dvariable address used is 3999296 out of 50000000
DEBUG: Total gradient stack used is 420401 out of 10000000
DEBUG: Total dvariable address used is 2086 out of 150000
DEBUG: Total dvariable address used is 3999296 out of 50000000
DEBUG: Total gradient stack used is 420401 out of 10000000
DEBUG: Total dvariable address used is 2086 out of 150000
DEBUG: Total dvariable address used is 3999296 out of 50000000
DEBUG: Total gradient stack used is 420401 out of 10000000
DEBUG: Total dvariable address used is 2086 out of 150000
DEBUG: Total dvariable address used is 3999296 out of 50000000
DEBUG: Total gradient stack used is 420401 out of 10000000
DEBUG: Total dvariable address used is 2086 out of 150000
DEBUG: Total dvariable address used is 3999296 out of 50000000
phase= 4 | nvar=412 | iter=500 | nll=-2.29e+04 | mag=4.12e+01 | par[401]=logit_rec_prop_est[33]
DEBUG: Total gradient stack used is 420401 out of 10000000
DEBUG: Total dvariable address used is 2086 out of 150000
DEBUG: Total dvariable address used is 3999296 out of 50000000
DEBUG: Total gradient stack used is 420401 out of 10000000
DEBUG: Total dvariable address used is 2086 out of 150000
DEBUG: Total dvariable address used is 3999296 out of 50000000
DEBUG: Total gradient stack used is 420401 out of 10000000
DEBUG: Total dvariable address used is 2086 out of 150000
DEBUG: Total dvariable address used is 3999296 out of 50000000
DEBUG: Total gradient stack used is 420401 out of 10000000
DEBUG: Total dvariable address used is 2086 out of 150000
DEBUG: Total dvariable address used is 3999296 out of 50000000
DEBUG: Total gradient stack used is 420401 out of 10000000
DEBUG: Total dvariable address used is 2086 out of 150000
DEBUG: Total dvariable address used is 3999296 out of 50000000
DEBUG: Total gradient stack used is 420401 out of 10000000
DEBUG: Total dvariable address used is 2086 out of 150000
DEBUG: Total dvariable address used is 3999296 out of 50000000
DEBUG: Total gradient stack used is 420387 out of 10000000
DEBUG: Total dvariable address used is 2086 out of 150000
DEBUG: Total dvariable address used is 3999296 out of 50000000
DEBUG: Total gradient stack used is 420387 out of 10000000
DEBUG: Total dvariable address used is 2086 out of 150000
DEBUG: Total dvariable address used is 3999296 out of 50000000
DEBUG: Total gradient stack used is 420387 out of 10000000
DEBUG: Total dvariable address used is 2086 out of 150000
DEBUG: Total dvariable address used is 3999296 out of 50000000
DEBUG: Total gradient stack used is 420387 out of 10000000
DEBUG: Total dvariable address used is 2086 out of 150000
DEBUG: Total dvariable address used is 3999296 out of 50000000
DEBUG: Total gradient stack used is 420387 out of 10000000
DEBUG: Total dvariable address used is 2086 out of 150000
DEBUG: Total dvariable address used is 3999296 out of 50000000
DEBUG: Total gradient stack used is 420387 out of 10000000
DEBUG: Total dvariable address used is 2086 out of 150000
DEBUG: Total dvariable address used is 3999296 out of 50000000
DEBUG: Total gradient stack used is 420387 out of 10000000
DEBUG: Total dvariable address used is 2086 out of 150000
DEBUG: Total dvariable address used is 3999296 out of 50000000
DEBUG: Total gradient stack used is 420387 out of 10000000
DEBUG: Total dvariable address used is 2086 out of 150000
DEBUG: Total dvariable address used is 3999296 out of 50000000
DEBUG: Total gradient stack used is 420387 out of 10000000
DEBUG: Total dvariable address used is 2086 out of 150000
DEBUG: Total dvariable address used is 3999296 out of 50000000
DEBUG: Total gradient stack used is 420387 out of 10000000
DEBUG: Total dvariable address used is 2086 out of 150000
DEBUG: Total dvariable address used is 3999296 out of 50000000
DEBUG: Total gradient stack used is 420387 out of 10000000
DEBUG: Total dvariable address used is 2086 out of 150000
DEBUG: Total dvariable address used is 3999296 out of 50000000
DEBUG: Total gradient stack used is 420387 out of 10000000
DEBUG: Total dvariable address used is 2086 out of 150000
DEBUG: Total dvariable address used is 3999296 out of 50000000
DEBUG: Total gradient stack used is 420387 out of 10000000
DEBUG: Total dvariable address used is 2086 out of 150000
DEBUG: Total dvariable address used is 3999296 out of 50000000
DEBUG: Total gradient stack used is 420390 out of 10000000
DEBUG: Total dvariable address used is 2086 out of 150000
DEBUG: Total dvariable address used is 3999296 out of 50000000
phase= 4 | nvar=412 | iter=520 | nll=-2.29e+04 | mag=3.68e+01 | par[401]=logit_rec_prop_est[33]
DEBUG: Total gradient stack used is 420390 out of 10000000
DEBUG: Total dvariable address used is 2086 out of 150000
DEBUG: Total dvariable address used is 3999296 out of 50000000
DEBUG: Total gradient stack used is 420393 out of 10000000
DEBUG: Total dvariable address used is 2086 out of 150000
DEBUG: Total dvariable address used is 3999296 out of 50000000
DEBUG: Total gradient stack used is 420393 out of 10000000
DEBUG: Total dvariable address used is 2086 out of 150000
DEBUG: Total dvariable address used is 3999296 out of 50000000
DEBUG: Total gradient stack used is 420393 out of 10000000
DEBUG: Total dvariable address used is 2086 out of 150000
DEBUG: Total dvariable address used is 3999296 out of 50000000
DEBUG: Total gradient stack used is 420393 out of 10000000
DEBUG: Total dvariable address used is 2086 out of 150000
DEBUG: Total dvariable address used is 3999296 out of 50000000
DEBUG: Total gradient stack used is 420393 out of 10000000
DEBUG: Total dvariable address used is 2086 out of 150000
DEBUG: Total dvariable address used is 3999296 out of 50000000
DEBUG: Total gradient stack used is 420393 out of 10000000
DEBUG: Total dvariable address used is 2086 out of 150000
DEBUG: Total dvariable address used is 3999296 out of 50000000
DEBUG: Total gradient stack used is 420393 out of 10000000
DEBUG: Total dvariable address used is 2086 out of 150000
DEBUG: Total dvariable address used is 3999296 out of 50000000
DEBUG: Total gradient stack used is 420393 out of 10000000
DEBUG: Total dvariable address used is 2086 out of 150000
DEBUG: Total dvariable address used is 3999296 out of 50000000
DEBUG: Total gradient stack used is 420393 out of 10000000
DEBUG: Total dvariable address used is 2086 out of 150000
DEBUG: Total dvariable address used is 3999296 out of 50000000
DEBUG: Total gradient stack used is 420393 out of 10000000
DEBUG: Total dvariable address used is 2086 out of 150000
DEBUG: Total dvariable address used is 3999296 out of 50000000
DEBUG: Total gradient stack used is 420393 out of 10000000
DEBUG: Total dvariable address used is 2086 out of 150000
DEBUG: Total dvariable address used is 3999296 out of 50000000
DEBUG: Total gradient stack used is 420393 out of 10000000
DEBUG: Total dvariable address used is 2086 out of 150000
DEBUG: Total dvariable address used is 3999296 out of 50000000
DEBUG: Total gradient stack used is 420393 out of 10000000
DEBUG: Total dvariable address used is 2086 out of 150000
DEBUG: Total dvariable address used is 3999296 out of 50000000
DEBUG: Total gradient stack used is 420393 out of 10000000
DEBUG: Total dvariable address used is 2086 out of 150000
DEBUG: Total dvariable address used is 3999296 out of 50000000
DEBUG: Total gradient stack used is 420393 out of 10000000
DEBUG: Total dvariable address used is 2086 out of 150000
DEBUG: Total dvariable address used is 3999296 out of 50000000
DEBUG: Total gradient stack used is 420393 out of 10000000
DEBUG: Total dvariable address used is 2086 out of 150000
DEBUG: Total dvariable address used is 3999296 out of 50000000
DEBUG: Total gradient stack used is 420393 out of 10000000
DEBUG: Total dvariable address used is 2086 out of 150000
DEBUG: Total dvariable address used is 3999296 out of 50000000
DEBUG: Total gradient stack used is 420393 out of 10000000
DEBUG: Total dvariable address used is 2086 out of 150000
DEBUG: Total dvariable address used is 3999296 out of 50000000
DEBUG: Total gradient stack used is 420393 out of 10000000
DEBUG: Total dvariable address used is 2086 out of 150000
DEBUG: Total dvariable address used is 3999296 out of 50000000
DEBUG: Total gradient stack used is 420393 out of 10000000
DEBUG: Total dvariable address used is 2086 out of 150000
DEBUG: Total dvariable address used is 3999296 out of 50000000
phase= 4 | nvar=412 | iter=540 | nll=-2.29e+04 | mag=5.06e+01 | par[380]=logit_rec_prop_est[12]
DEBUG: Total gradient stack used is 420393 out of 10000000
DEBUG: Total dvariable address used is 2086 out of 150000
DEBUG: Total dvariable address used is 3999296 out of 50000000
DEBUG: Total gradient stack used is 420393 out of 10000000
DEBUG: Total dvariable address used is 2086 out of 150000
DEBUG: Total dvariable address used is 3999296 out of 50000000
DEBUG: Total gradient stack used is 420393 out of 10000000
DEBUG: Total dvariable address used is 2086 out of 150000
DEBUG: Total dvariable address used is 3999296 out of 50000000
DEBUG: Total gradient stack used is 420393 out of 10000000
DEBUG: Total dvariable address used is 2086 out of 150000
DEBUG: Total dvariable address used is 3999296 out of 50000000
DEBUG: Total gradient stack used is 420387 out of 10000000
DEBUG: Total dvariable address used is 2086 out of 150000
DEBUG: Total dvariable address used is 3999296 out of 50000000
DEBUG: Total gradient stack used is 420387 out of 10000000
DEBUG: Total dvariable address used is 2086 out of 150000
DEBUG: Total dvariable address used is 3999296 out of 50000000
DEBUG: Total gradient stack used is 420387 out of 10000000
DEBUG: Total dvariable address used is 2086 out of 150000
DEBUG: Total dvariable address used is 3999296 out of 50000000
DEBUG: Total gradient stack used is 420387 out of 10000000
DEBUG: Total dvariable address used is 2086 out of 150000
DEBUG: Total dvariable address used is 3999296 out of 50000000
DEBUG: Total gradient stack used is 420387 out of 10000000
DEBUG: Total dvariable address used is 2086 out of 150000
DEBUG: Total dvariable address used is 3999296 out of 50000000
DEBUG: Total gradient stack used is 420390 out of 10000000
DEBUG: Total dvariable address used is 2086 out of 150000
DEBUG: Total dvariable address used is 3999296 out of 50000000
DEBUG: Total gradient stack used is 420390 out of 10000000
DEBUG: Total dvariable address used is 2086 out of 150000
DEBUG: Total dvariable address used is 3999296 out of 50000000
DEBUG: Total gradient stack used is 420390 out of 10000000
DEBUG: Total dvariable address used is 2086 out of 150000
DEBUG: Total dvariable address used is 3999296 out of 50000000
DEBUG: Total gradient stack used is 420390 out of 10000000
DEBUG: Total dvariable address used is 2086 out of 150000
DEBUG: Total dvariable address used is 3999296 out of 50000000
DEBUG: Total gradient stack used is 420390 out of 10000000
DEBUG: Total dvariable address used is 2086 out of 150000
DEBUG: Total dvariable address used is 3999296 out of 50000000
DEBUG: Total gradient stack used is 420390 out of 10000000
DEBUG: Total dvariable address used is 2086 out of 150000
DEBUG: Total dvariable address used is 3999296 out of 50000000
DEBUG: Total gradient stack used is 420390 out of 10000000
DEBUG: Total dvariable address used is 2086 out of 150000
DEBUG: Total dvariable address used is 3999296 out of 50000000
DEBUG: Total gradient stack used is 420390 out of 10000000
DEBUG: Total dvariable address used is 2086 out of 150000
DEBUG: Total dvariable address used is 3999296 out of 50000000
DEBUG: Total gradient stack used is 420390 out of 10000000
DEBUG: Total dvariable address used is 2086 out of 150000
DEBUG: Total dvariable address used is 3999296 out of 50000000
DEBUG: Total gradient stack used is 420390 out of 10000000
DEBUG: Total dvariable address used is 2086 out of 150000
DEBUG: Total dvariable address used is 3999296 out of 50000000
DEBUG: Total gradient stack used is 420390 out of 10000000
DEBUG: Total dvariable address used is 2086 out of 150000
DEBUG: Total dvariable address used is 3999296 out of 50000000
DEBUG: Total gradient stack used is 420390 out of 10000000
DEBUG: Total dvariable address used is 2086 out of 150000
DEBUG: Total dvariable address used is 3999296 out of 50000000
phase= 4 | nvar=412 | iter=560 | nll=-2.29e+04 | mag=1.07e+01 | par[  2]=T_pars_est[3]
DEBUG: Total gradient stack used is 420390 out of 10000000
DEBUG: Total dvariable address used is 2086 out of 150000
DEBUG: Total dvariable address used is 3999296 out of 50000000
DEBUG: Total gradient stack used is 420390 out of 10000000
DEBUG: Total dvariable address used is 2086 out of 150000
DEBUG: Total dvariable address used is 3999296 out of 50000000
DEBUG: Total gradient stack used is 420387 out of 10000000
DEBUG: Total dvariable address used is 2086 out of 150000
DEBUG: Total dvariable address used is 3999296 out of 50000000
DEBUG: Total gradient stack used is 420387 out of 10000000
DEBUG: Total dvariable address used is 2086 out of 150000
DEBUG: Total dvariable address used is 3999296 out of 50000000
DEBUG: Total gradient stack used is 420387 out of 10000000
DEBUG: Total dvariable address used is 2086 out of 150000
DEBUG: Total dvariable address used is 3999296 out of 50000000
DEBUG: Total gradient stack used is 420387 out of 10000000
DEBUG: Total dvariable address used is 2086 out of 150000
DEBUG: Total dvariable address used is 3999296 out of 50000000
DEBUG: Total gradient stack used is 420387 out of 10000000
DEBUG: Total dvariable address used is 2086 out of 150000
DEBUG: Total dvariable address used is 3999296 out of 50000000
DEBUG: Total gradient stack used is 420387 out of 10000000
DEBUG: Total dvariable address used is 2086 out of 150000
DEBUG: Total dvariable address used is 3999296 out of 50000000
DEBUG: Total gradient stack used is 420387 out of 10000000
DEBUG: Total dvariable address used is 2086 out of 150000
DEBUG: Total dvariable address used is 3999296 out of 50000000
DEBUG: Total gradient stack used is 420387 out of 10000000
DEBUG: Total dvariable address used is 2086 out of 150000
DEBUG: Total dvariable address used is 3999296 out of 50000000
DEBUG: Total gradient stack used is 420387 out of 10000000
DEBUG: Total dvariable address used is 2086 out of 150000
DEBUG: Total dvariable address used is 3999296 out of 50000000
DEBUG: Total gradient stack used is 420387 out of 10000000
DEBUG: Total dvariable address used is 2086 out of 150000
DEBUG: Total dvariable address used is 3999296 out of 50000000
DEBUG: Total gradient stack used is 420387 out of 10000000
DEBUG: Total dvariable address used is 2086 out of 150000
DEBUG: Total dvariable address used is 3999296 out of 50000000
DEBUG: Total gradient stack used is 420387 out of 10000000
DEBUG: Total dvariable address used is 2086 out of 150000
DEBUG: Total dvariable address used is 3999296 out of 50000000
DEBUG: Total gradient stack used is 420387 out of 10000000
DEBUG: Total dvariable address used is 2086 out of 150000
DEBUG: Total dvariable address used is 3999296 out of 50000000
DEBUG: Total gradient stack used is 420387 out of 10000000
DEBUG: Total dvariable address used is 2086 out of 150000
DEBUG: Total dvariable address used is 3999296 out of 50000000
DEBUG: Total gradient stack used is 420387 out of 10000000
DEBUG: Total dvariable address used is 2086 out of 150000
DEBUG: Total dvariable address used is 3999296 out of 50000000
DEBUG: Total gradient stack used is 420387 out of 10000000
DEBUG: Total dvariable address used is 2086 out of 150000
DEBUG: Total dvariable address used is 3999296 out of 50000000
DEBUG: Total gradient stack used is 420387 out of 10000000
DEBUG: Total dvariable address used is 2086 out of 150000
DEBUG: Total dvariable address used is 3999296 out of 50000000
DEBUG: Total gradient stack used is 420387 out of 10000000
DEBUG: Total dvariable address used is 2086 out of 150000
DEBUG: Total dvariable address used is 3999296 out of 50000000
DEBUG: Total gradient stack used is 420387 out of 10000000
DEBUG: Total dvariable address used is 2086 out of 150000
DEBUG: Total dvariable address used is 3999296 out of 50000000
DEBUG: Total gradient stack used is 420387 out of 10000000
DEBUG: Total dvariable address used is 2086 out of 150000
DEBUG: Total dvariable address used is 3999296 out of 50000000
DEBUG: Total gradient stack used is 420387 out of 10000000
DEBUG: Total dvariable address used is 2086 out of 150000
DEBUG: Total dvariable address used is 3999296 out of 50000000
DEBUG: Total gradient stack used is 420387 out of 10000000
DEBUG: Total dvariable address used is 2086 out of 150000
DEBUG: Total dvariable address used is 3999296 out of 50000000
DEBUG: Total gradient stack used is 420387 out of 10000000
DEBUG: Total dvariable address used is 2086 out of 150000
DEBUG: Total dvariable address used is 3999296 out of 50000000
DEBUG: Total gradient stack used is 420387 out of 10000000
DEBUG: Total dvariable address used is 2086 out of 150000
DEBUG: Total dvariable address used is 3999296 out of 50000000
DEBUG: Total gradient stack used is 420387 out of 10000000
DEBUG: Total dvariable address used is 2086 out of 150000
DEBUG: Total dvariable address used is 3999296 out of 50000000
DEBUG: Total gradient stack used is 420387 out of 10000000
DEBUG: Total dvariable address used is 2086 out of 150000
DEBUG: Total dvariable address used is 3999296 out of 50000000
DEBUG: Total gradient stack used is 420387 out of 10000000
DEBUG: Total dvariable address used is 2086 out of 150000
DEBUG: Total dvariable address used is 3999296 out of 50000000
DEBUG: Total gradient stack used is 420387 out of 10000000
DEBUG: Total dvariable address used is 2086 out of 150000
DEBUG: Total dvariable address used is 3999296 out of 50000000
DEBUG: Total gradient stack used is 420387 out of 10000000
DEBUG: Total dvariable address used is 2086 out of 150000
DEBUG: Total dvariable address used is 3999296 out of 50000000
DEBUG: Total gradient stack used is 420387 out of 10000000
DEBUG: Total dvariable address used is 2086 out of 150000
DEBUG: Total dvariable address used is 3999296 out of 50000000
DEBUG: Total gradient stack used is 420387 out of 10000000
DEBUG: Total dvariable address used is 2086 out of 150000
DEBUG: Total dvariable address used is 3999296 out of 50000000
DEBUG: Total gradient stack used is 420387 out of 10000000
DEBUG: Total dvariable address used is 2086 out of 150000
DEBUG: Total dvariable address used is 3999296 out of 50000000
DEBUG: Total gradient stack used is 420387 out of 10000000
DEBUG: Total dvariable address used is 2086 out of 150000
DEBUG: Total dvariable address used is 3999296 out of 50000000
DEBUG: Total gradient stack used is 420387 out of 10000000
DEBUG: Total dvariable address used is 2086 out of 150000
DEBUG: Total dvariable address used is 3999296 out of 50000000
DEBUG: Total gradient stack used is 420387 out of 10000000
DEBUG: Total dvariable address used is 2086 out of 150000
DEBUG: Total dvariable address used is 3999296 out of 50000000
DEBUG: Total gradient stack used is 420387 out of 10000000
DEBUG: Total dvariable address used is 2086 out of 150000
DEBUG: Total dvariable address used is 3999296 out of 50000000
DEBUG: Total gradient stack used is 420387 out of 10000000
DEBUG: Total dvariable address used is 2086 out of 150000
DEBUG: Total dvariable address used is 3999296 out of 50000000
DEBUG: Total gradient stack used is 420387 out of 10000000
DEBUG: Total dvariable address used is 2086 out of 150000
DEBUG: Total dvariable address used is 3999296 out of 50000000
DEBUG: Total gradient stack used is 420387 out of 10000000
DEBUG: Total dvariable address used is 2086 out of 150000
DEBUG: Total dvariable address used is 3999296 out of 50000000
DEBUG: Total gradient stack used is 420387 out of 10000000
DEBUG: Total dvariable address used is 2086 out of 150000
DEBUG: Total dvariable address used is 3999296 out of 50000000
DEBUG: Total gradient stack used is 420387 out of 10000000
DEBUG: Total dvariable address used is 2086 out of 150000
DEBUG: Total dvariable address used is 3999296 out of 50000000
DEBUG: Total gradient stack used is 420387 out of 10000000
DEBUG: Total dvariable address used is 2086 out of 150000
DEBUG: Total dvariable address used is 3999296 out of 50000000
DEBUG: Total gradient stack used is 420387 out of 10000000
DEBUG: Total dvariable address used is 2086 out of 150000
DEBUG: Total dvariable address used is 3999296 out of 50000000
DEBUG: Total gradient stack used is 420387 out of 10000000
DEBUG: Total dvariable address used is 2086 out of 150000
DEBUG: Total dvariable address used is 3999296 out of 50000000
DEBUG: Total gradient stack used is 420387 out of 10000000
DEBUG: Total dvariable address used is 2086 out of 150000
DEBUG: Total dvariable address used is 3999296 out of 50000000
DEBUG: Total gradient stack used is 420387 out of 10000000
DEBUG: Total dvariable address used is 2086 out of 150000
DEBUG: Total dvariable address used is 3999296 out of 50000000
DEBUG: Total gradient stack used is 420387 out of 10000000
DEBUG: Total dvariable address used is 2086 out of 150000
DEBUG: Total dvariable address used is 3999296 out of 50000000
phase= 4 | nvar=412 | iter=579 | nll=-2.29e+04 | mag=7.09e-03 | par[  1]=T_pars_est[2]
Optimization completed after 44 s with final statistics:
  nll=-22882.432311 | mag=7.08877e-03 | par[  1]=T_pars_est[2]

Warning: the following parameters had issues
  S_pars_est[47] is within 1% of upper bound: -11.5129 < -0.0902385 < 0
  S_pars_est[48] is within 1% of upper bound: -11.5129 < -0.101355 < 0
  S_pars_est[71] is within 1% of upper bound: -11.5129 < -0.0931818 < 0
  S_pars_est[93] is within 1% of upper bound: -11.5129 < -0.08048 < 0

DEBUG: Total gradient stack used is 0 out of 10000000
DEBUG: Total dvariable address used is 2086 out of 150000
DEBUG: Total dvariable address used is 3999296 out of 50000000
Starting REPORT_SECTION
+--------------------------+
| Beginning report section |
+--------------------------+
last phase
Finished WriteFiles
REPORT_SECTION: finished CreateOutput
REPORT_SECTION: finished save_gradients
Finished REPORT_SECTION
Calculating Hessian (412 variables): DEBUG: Total gradient stack used is 420387 out of 10000000
DEBUG: Total dvariable address used is 2086 out of 150000
DEBUG: Total dvariable address used is 4013584 out of 50000000
DEBUG: Total gradient stack used is 420387 out of 10000000
DEBUG: Total dvariable address used is 2086 out of 150000
DEBUG: Total dvariable address used is 4013584 out of 50000000
DEBUG: Total gradient stack used is 420387 out of 10000000
DEBUG: Total dvariable address used is 2086 out of 150000
DEBUG: Total dvariable address used is 4013584 out of 50000000
DEBUG: Total gradient stack used is 420387 out of 10000000
DEBUG: Total dvariable address used is 2086 out of 150000
DEBUG: Total dvariable address used is 4013584 out of 50000000
DEBUG: Total gradient stack used is 420387 out of 10000000
DEBUG: Total dvariable address used is 2086 out of 150000
DEBUG: Total dvariable address used is 4013584 out of 50000000
DEBUG: Total gradient stack used is 420387 out of 10000000
DEBUG: Total dvariable address used is 2086 out of 150000
DEBUG: Total dvariable address used is 4013584 out of 50000000
DEBUG: Total gradient stack used is 420387 out of 10000000
DEBUG: Total dvariable address used is 2086 out of 150000
DEBUG: Total dvariable address used is 4013584 out of 50000000
DEBUG: Total gradient stack used is 420387 out of 10000000
DEBUG: Total dvariable address used is 2086 out of 150000
DEBUG: Total dvariable address used is 4013584 out of 50000000
DEBUG: Total gradient stack used is 420387 out of 10000000
DEBUG: Total dvariable address used is 2086 out of 150000
DEBUG: Total dvariable address used is 4013584 out of 50000000
DEBUG: Total gradient stack used is 420387 out of 10000000
DEBUG: Total dvariable address used is 2086 out of 150000
DEBUG: Total dvariable address used is 4013584 out of 50000000
DEBUG: Total gradient stack used is 420387 out of 10000000
DEBUG: Total dvariable address used is 2086 out of 150000
DEBUG: Total dvariable address used is 4013584 out of 50000000
DEBUG: Total gradient stack used is 420387 out of 10000000
DEBUG: Total dvariable address used is 2086 out of 150000
DEBUG: Total dvariable address used is 4013584 out of 50000000
DEBUG: Total gradient stack used is 420387 out of 10000000
DEBUG: Total dvariable address used is 2086 out of 150000
DEBUG: Total dvariable address used is 4013584 out of 50000000
DEBUG: Total gradient stack used is 420387 out of 10000000
DEBUG: Total dvariable address used is 2086 out of 150000
DEBUG: Total dvariable address used is 4013584 out of 50000000
DEBUG: Total gradient stack used is 420387 out of 10000000
DEBUG: Total dvariable address used is 2086 out of 150000
DEBUG: Total dvariable address used is 4013584 out of 50000000
DEBUG: Total gradient stack used is 420387 out of 10000000
DEBUG: Total dvariable address used is 2086 out of 150000
DEBUG: Total dvariable address used is 4013584 out of 50000000
DEBUG: Total gradient stack used is 420387 out of 10000000
DEBUG: Total dvariable address used is 2086 out of 150000
DEBUG: Total dvariable address used is 4013584 out of 50000000
DEBUG: Total gradient stack used is 420387 out of 10000000
DEBUG: Total dvariable address used is 2086 out of 150000
DEBUG: Total dvariable address used is 4013584 out of 50000000
DEBUG: Total gradient stack used is 420387 out of 10000000
DEBUG: Total dvariable address used is 2086 out of 150000
DEBUG: Total dvariable address used is 4013584 out of 50000000
DEBUG: Total gradient stack used is 420387 out of 10000000
DEBUG: Total dvariable address used is 2086 out of 150000
DEBUG: Total dvariable address used is 4013584 out of 50000000
DEBUG: Total gradient stack used is 420387 out of 10000000
DEBUG: Total dvariable address used is 2086 out of 150000
DEBUG: Total dvariable address used is 4013584 out of 50000000
DEBUG: Total gradient stack used is 420387 out of 10000000
DEBUG: Total dvariable address used is 2086 out of 150000
DEBUG: Total dvariable address used is 4013584 out of 50000000
DEBUG: Total gradient stack used is 420387 out of 10000000
DEBUG: Total dvariable address used is 2086 out of 150000
DEBUG: Total dvariable address used is 4013584 out of 50000000
DEBUG: Total gradient stack used is 420387 out of 10000000
DEBUG: Total dvariable address used is 2086 out of 150000
DEBUG: Total dvariable address used is 4013584 out of 50000000
DEBUG: Total gradient stack used is 420387 out of 10000000
DEBUG: Total dvariable address used is 2086 out of 150000
DEBUG: Total dvariable address used is 4013584 out of 50000000
DEBUG: Total gradient stack used is 420387 out of 10000000
DEBUG: Total dvariable address used is 2086 out of 150000
DEBUG: Total dvariable address used is 4013584 out of 50000000
DEBUG: Total gradient stack used is 420387 out of 10000000
DEBUG: Total dvariable address used is 2086 out of 150000
DEBUG: Total dvariable address used is 4013584 out of 50000000
DEBUG: Total gradient stack used is 420387 out of 10000000
DEBUG: Total dvariable address used is 2086 out of 150000
DEBUG: Total dvariable address used is 4013584 out of 50000000
DEBUG: Total gradient stack used is 420387 out of 10000000
DEBUG: Total dvariable address used is 2086 out of 150000
DEBUG: Total dvariable address used is 4013584 out of 50000000
DEBUG: Total gradient stack used is 420387 out of 10000000
DEBUG: Total dvariable address used is 2086 out of 150000
DEBUG: Total dvariable address used is 4013584 out of 50000000
DEBUG: Total gradient stack used is 420387 out of 10000000
DEBUG: Total dvariable address used is 2086 out of 150000
DEBUG: Total dvariable address used is 4013584 out of 50000000
DEBUG: Total gradient stack used is 420387 out of 10000000
DEBUG: Total dvariable address used is 2086 out of 150000
DEBUG: Total dvariable address used is 4013584 out of 50000000
DEBUG: Total gradient stack used is 420387 out of 10000000
DEBUG: Total dvariable address used is 2086 out of 150000
DEBUG: Total dvariable address used is 4013584 out of 50000000
DEBUG: Total gradient stack used is 420387 out of 10000000
DEBUG: Total dvariable address used is 2086 out of 150000
DEBUG: Total dvariable address used is 4013584 out of 50000000
DEBUG: Total gradient stack used is 420387 out of 10000000
DEBUG: Total dvariable address used is 2086 out of 150000
DEBUG: Total dvariable address used is 4013584 out of 50000000
DEBUG: Total gradient stack used is 420387 out of 10000000
DEBUG: Total dvariable address used is 2086 out of 150000
DEBUG: Total dvariable address used is 4013584 out of 50000000
DEBUG: Total gradient stack used is 420387 out of 10000000
DEBUG: Total dvariable address used is 2086 out of 150000
DEBUG: Total dvariable address used is 4013584 out of 50000000
DEBUG: Total gradient stack used is 420387 out of 10000000
DEBUG: Total dvariable address used is 2086 out of 150000
DEBUG: Total dvariable address used is 4013584 out of 50000000
DEBUG: Total gradient stack used is 420387 out of 10000000
DEBUG: Total dvariable address used is 2086 out of 150000
DEBUG: Total dvariable address used is 4013584 out of 50000000
DEBUG: Total gradient stack used is 420387 out of 10000000
DEBUG: Total dvariable address used is 2086 out of 150000
DEBUG: Total dvariable address used is 4013584 out of 50000000
DEBUG: Total gradient stack used is 420387 out of 10000000
DEBUG: Total dvariable address used is 2086 out of 150000
DEBUG: Total dvariable address used is 4013584 out of 50000000
DEBUG: Total gradient stack used is 420387 out of 10000000
DEBUG: Total dvariable address used is 2086 out of 150000
DEBUG: Total dvariable address used is 4013584 out of 50000000
DEBUG: Total gradient stack used is 420387 out of 10000000
DEBUG: Total dvariable address used is 2086 out of 150000
DEBUG: Total dvariable address used is 4013584 out of 50000000
DEBUG: Total gradient stack used is 420387 out of 10000000
DEBUG: Total dvariable address used is 2086 out of 150000
DEBUG: Total dvariable address used is 4013584 out of 50000000
DEBUG: Total gradient stack used is 420387 out of 10000000
DEBUG: Total dvariable address used is 2086 out of 150000
DEBUG: Total dvariable address used is 4013584 out of 50000000
DEBUG: Total gradient stack used is 420387 out of 10000000
DEBUG: Total dvariable address used is 2086 out of 150000
DEBUG: Total dvariable address used is 4013584 out of 50000000
DEBUG: Total gradient stack used is 420387 out of 10000000
DEBUG: Total dvariable address used is 2086 out of 150000
DEBUG: Total dvariable address used is 4013584 out of 50000000
DEBUG: Total gradient stack used is 420387 out of 10000000
DEBUG: Total dvariable address used is 2086 out of 150000
DEBUG: Total dvariable address used is 4013584 out of 50000000
DEBUG: Total gradient stack used is 420387 out of 10000000
DEBUG: Total dvariable address used is 2086 out of 150000
DEBUG: Total dvariable address used is 4013584 out of 50000000
DEBUG: Total gradient stack used is 420387 out of 10000000
DEBUG: Total dvariable address used is 2086 out of 150000
DEBUG: Total dvariable address used is 4013584 out of 50000000
DEBUG: Total gradient stack used is 420387 out of 10000000
DEBUG: Total dvariable address used is 2086 out of 150000
DEBUG: Total dvariable address used is 4013584 out of 50000000
DEBUG: Total gradient stack used is 420387 out of 10000000
DEBUG: Total dvariable address used is 2086 out of 150000
DEBUG: Total dvariable address used is 4013584 out of 50000000
DEBUG: Total gradient stack used is 420387 out of 10000000
DEBUG: Total dvariable address used is 2086 out of 150000
DEBUG: Total dvariable address used is 4013584 out of 50000000
DEBUG: Total gradient stack used is 420387 out of 10000000
DEBUG: Total dvariable address used is 2086 out of 150000
DEBUG: Total dvariable address used is 4013584 out of 50000000
DEBUG: Total gradient stack used is 420387 out of 10000000
DEBUG: Total dvariable address used is 2086 out of 150000
DEBUG: Total dvariable address used is 4013584 out of 50000000
DEBUG: Total gradient stack used is 420387 out of 10000000
DEBUG: Total dvariable address used is 2086 out of 150000
DEBUG: Total dvariable address used is 4013584 out of 50000000
DEBUG: Total gradient stack used is 420387 out of 10000000
DEBUG: Total dvariable address used is 2086 out of 150000
DEBUG: Total dvariable address used is 4013584 out of 50000000
DEBUG: Total gradient stack used is 420387 out of 10000000
DEBUG: Total dvariable address used is 2086 out of 150000
DEBUG: Total dvariable address used is 4013584 out of 50000000
DEBUG: Total gradient stack used is 420387 out of 10000000
DEBUG: Total dvariable address used is 2086 out of 150000
DEBUG: Total dvariable address used is 4013584 out of 50000000
DEBUG: Total gradient stack used is 420387 out of 10000000
DEBUG: Total dvariable address used is 2086 out of 150000
DEBUG: Total dvariable address used is 4013584 out of 50000000
DEBUG: Total gradient stack used is 420387 out of 10000000
DEBUG: Total dvariable address used is 2086 out of 150000
DEBUG: Total dvariable address used is 4013584 out of 50000000
DEBUG: Total gradient stack used is 420387 out of 10000000
DEBUG: Total dvariable address used is 2086 out of 150000
DEBUG: Total dvariable address used is 4013584 out of 50000000
DEBUG: Total gradient stack used is 420387 out of 10000000
DEBUG: Total dvariable address used is 2086 out of 150000
DEBUG: Total dvariable address used is 4013584 out of 50000000
DEBUG: Total gradient stack used is 420387 out of 10000000
DEBUG: Total dvariable address used is 2086 out of 150000
DEBUG: Total dvariable address used is 4013584 out of 50000000
DEBUG: Total gradient stack used is 420387 out of 10000000
DEBUG: Total dvariable address used is 2086 out of 150000
DEBUG: Total dvariable address used is 4013584 out of 50000000
DEBUG: Total gradient stack used is 420387 out of 10000000
DEBUG: Total dvariable address used is 2086 out of 150000
DEBUG: Total dvariable address used is 4013584 out of 50000000
DEBUG: Total gradient stack used is 420387 out of 10000000
DEBUG: Total dvariable address used is 2086 out of 150000
DEBUG: Total dvariable address used is 4013584 out of 50000000
DEBUG: Total gradient stack used is 420387 out of 10000000
DEBUG: Total dvariable address used is 2086 out of 150000
DEBUG: Total dvariable address used is 4013584 out of 50000000
DEBUG: Total gradient stack used is 420387 out of 10000000
DEBUG: Total dvariable address used is 2086 out of 150000
DEBUG: Total dvariable address used is 4013584 out of 50000000
DEBUG: Total gradient stack used is 420387 out of 10000000
DEBUG: Total dvariable address used is 2086 out of 150000
DEBUG: Total dvariable address used is 4013584 out of 50000000
DEBUG: Total gradient stack used is 420387 out of 10000000
DEBUG: Total dvariable address used is 2086 out of 150000
DEBUG: Total dvariable address used is 4013584 out of 50000000
DEBUG: Total gradient stack used is 420387 out of 10000000
DEBUG: Total dvariable address used is 2086 out of 150000
DEBUG: Total dvariable address used is 4013584 out of 50000000
DEBUG: Total gradient stack used is 420387 out of 10000000
DEBUG: Total dvariable address used is 2086 out of 150000
DEBUG: Total dvariable address used is 4013584 out of 50000000
DEBUG: Total gradient stack used is 420387 out of 10000000
DEBUG: Total dvariable address used is 2086 out of 150000
DEBUG: Total dvariable address used is 4013584 out of 50000000
DEBUG: Total gradient stack used is 420387 out of 10000000
DEBUG: Total dvariable address used is 2086 out of 150000
DEBUG: Total dvariable address used is 4013584 out of 50000000
DEBUG: Total gradient stack used is 420387 out of 10000000
DEBUG: Total dvariable address used is 2086 out of 150000
DEBUG: Total dvariable address used is 4013584 out of 50000000
DEBUG: Total gradient stack used is 420387 out of 10000000
DEBUG: Total dvariable address used is 2086 out of 150000
DEBUG: Total dvariable address used is 4013584 out of 50000000
DEBUG: Total gradient stack used is 420387 out of 10000000
DEBUG: Total dvariable address used is 2086 out of 150000
DEBUG: Total dvariable address used is 4013584 out of 50000000
DEBUG: Total gradient stack used is 420387 out of 10000000
DEBUG: Total dvariable address used is 2086 out of 150000
DEBUG: Total dvariable address used is 4013584 out of 50000000
DEBUG: Total gradient stack used is 420387 out of 10000000
DEBUG: Total dvariable address used is 2086 out of 150000
DEBUG: Total dvariable address used is 4013584 out of 50000000
DEBUG: Total gradient stack used is 420387 out of 10000000
DEBUG: Total dvariable address used is 2086 out of 150000
DEBUG: Total dvariable address used is 4013584 out of 50000000
DEBUG: Total gradient stack used is 420387 out of 10000000
DEBUG: Total dvariable address used is 2086 out of 150000
DEBUG: Total dvariable address used is 4013584 out of 50000000
DEBUG: Total gradient stack used is 420387 out of 10000000
DEBUG: Total dvariable address used is 2086 out of 150000
DEBUG: Total dvariable address used is 4013584 out of 50000000
DEBUG: Total gradient stack used is 420387 out of 10000000
DEBUG: Total dvariable address used is 2086 out of 150000
DEBUG: Total dvariable address used is 4013584 out of 50000000
DEBUG: Total gradient stack used is 420387 out of 10000000
DEBUG: Total dvariable address used is 2086 out of 150000
DEBUG: Total dvariable address used is 4013584 out of 50000000
DEBUG: Total gradient stack used is 420387 out of 10000000
DEBUG: Total dvariable address used is 2086 out of 150000
DEBUG: Total dvariable address used is 4013584 out of 50000000
DEBUG: Total gradient stack used is 420387 out of 10000000
DEBUG: Total dvariable address used is 2086 out of 150000
DEBUG: Total dvariable address used is 4013584 out of 50000000
DEBUG: Total gradient stack used is 420387 out of 10000000
DEBUG: Total dvariable address used is 2086 out of 150000
DEBUG: Total dvariable address used is 4013584 out of 50000000
DEBUG: Total gradient stack used is 420387 out of 10000000
DEBUG: Total dvariable address used is 2086 out of 150000
DEBUG: Total dvariable address used is 4013584 out of 50000000
DEBUG: Total gradient stack used is 420387 out of 10000000
DEBUG: Total dvariable address used is 2086 out of 150000
DEBUG: Total dvariable address used is 4013584 out of 50000000
DEBUG: Total gradient stack used is 420387 out of 10000000
DEBUG: Total dvariable address used is 2086 out of 150000
DEBUG: Total dvariable address used is 4013584 out of 50000000
DEBUG: Total gradient stack used is 420387 out of 10000000
DEBUG: Total dvariable address used is 2086 out of 150000
DEBUG: Total dvariable address used is 4013584 out of 50000000
DEBUG: Total gradient stack used is 420387 out of 10000000
DEBUG: Total dvariable address used is 2086 out of 150000
DEBUG: Total dvariable address used is 4013584 out of 50000000
DEBUG: Total gradient stack used is 420387 out of 10000000
DEBUG: Total dvariable address used is 2086 out of 150000
DEBUG: Total dvariable address used is 4013584 out of 50000000
DEBUG: Total gradient stack used is 420387 out of 10000000
DEBUG: Total dvariable address used is 2086 out of 150000
DEBUG: Total dvariable address used is 4013584 out of 50000000
DEBUG: Total gradient stack used is 420387 out of 10000000
DEBUG: Total dvariable address used is 2086 out of 150000
DEBUG: Total dvariable address used is 4013584 out of 50000000
DEBUG: Total gradient stack used is 420387 out of 10000000
DEBUG: Total dvariable address used is 2086 out of 150000
DEBUG: Total dvariable address used is 4013584 out of 50000000
DEBUG: Total gradient stack used is 420387 out of 10000000
DEBUG: Total dvariable address used is 2086 out of 150000
DEBUG: Total dvariable address used is 4013584 out of 50000000
DEBUG: Total gradient stack used is 420387 out of 10000000
DEBUG: Total dvariable address used is 2086 out of 150000
DEBUG: Total dvariable address used is 4013584 out of 50000000
DEBUG: Total gradient stack used is 420387 out of 10000000
DEBUG: Total dvariable address used is 2086 out of 150000
DEBUG: Total dvariable address used is 4013584 out of 50000000
DEBUG: Total gradient stack used is 420387 out of 10000000
DEBUG: Total dvariable address used is 2086 out of 150000
DEBUG: Total dvariable address used is 4013584 out of 50000000
DEBUG: Total gradient stack used is 420387 out of 10000000
DEBUG: Total dvariable address used is 2086 out of 150000
DEBUG: Total dvariable address used is 4013584 out of 50000000
DEBUG: Total gradient stack used is 420387 out of 10000000
DEBUG: Total dvariable address used is 2086 out of 150000
DEBUG: Total dvariable address used is 4013584 out of 50000000
DEBUG: Total gradient stack used is 420387 out of 10000000
DEBUG: Total dvariable address used is 2086 out of 150000
DEBUG: Total dvariable address used is 4013584 out of 50000000
DEBUG: Total gradient stack used is 420387 out of 10000000
DEBUG: Total dvariable address used is 2086 out of 150000
DEBUG: Total dvariable address used is 4013584 out of 50000000
DEBUG: Total gradient stack used is 420387 out of 10000000
DEBUG: Total dvariable address used is 2086 out of 150000
DEBUG: Total dvariable address used is 4013584 out of 50000000
DEBUG: Total gradient stack used is 420387 out of 10000000
DEBUG: Total dvariable address used is 2086 out of 150000
DEBUG: Total dvariable address used is 4013584 out of 50000000
DEBUG: Total gradient stack used is 420387 out of 10000000
DEBUG: Total dvariable address used is 2086 out of 150000
DEBUG: Total dvariable address used is 4013584 out of 50000000
DEBUG: Total gradient stack used is 420387 out of 10000000
DEBUG: Total dvariable address used is 2086 out of 150000
DEBUG: Total dvariable address used is 4013584 out of 50000000
DEBUG: Total gradient stack used is 420387 out of 10000000
DEBUG: Total dvariable address used is 2086 out of 150000
DEBUG: Total dvariable address used is 4013584 out of 50000000
DEBUG: Total gradient stack used is 420387 out of 10000000
DEBUG: Total dvariable address used is 2086 out of 150000
DEBUG: Total dvariable address used is 4013584 out of 50000000
DEBUG: Total gradient stack used is 420387 out of 10000000
DEBUG: Total dvariable address used is 2086 out of 150000
DEBUG: Total dvariable address used is 4013584 out of 50000000
DEBUG: Total gradient stack used is 420387 out of 10000000
DEBUG: Total dvariable address used is 2086 out of 150000
DEBUG: Total dvariable address used is 4013584 out of 50000000
DEBUG: Total gradient stack used is 420387 out of 10000000
DEBUG: Total dvariable address used is 2086 out of 150000
DEBUG: Total dvariable address used is 4013584 out of 50000000
DEBUG: Total gradient stack used is 420387 out of 10000000
DEBUG: Total dvariable address used is 2086 out of 150000
DEBUG: Total dvariable address used is 4013584 out of 50000000
DEBUG: Total gradient stack used is 420387 out of 10000000
DEBUG: Total dvariable address used is 2086 out of 150000
DEBUG: Total dvariable address used is 4013584 out of 50000000
DEBUG: Total gradient stack used is 420387 out of 10000000
DEBUG: Total dvariable address used is 2086 out of 150000
DEBUG: Total dvariable address used is 4013584 out of 50000000
DEBUG: Total gradient stack used is 420387 out of 10000000
DEBUG: Total dvariable address used is 2086 out of 150000
DEBUG: Total dvariable address used is 4013584 out of 50000000
DEBUG: Total gradient stack used is 420387 out of 10000000
DEBUG: Total dvariable address used is 2086 out of 150000
DEBUG: Total dvariable address used is 4013584 out of 50000000
DEBUG: Total gradient stack used is 420387 out of 10000000
DEBUG: Total dvariable address used is 2086 out of 150000
DEBUG: Total dvariable address used is 4013584 out of 50000000
DEBUG: Total gradient stack used is 420387 out of 10000000
DEBUG: Total dvariable address used is 2086 out of 150000
DEBUG: Total dvariable address used is 4013584 out of 50000000
DEBUG: Total gradient stack used is 420387 out of 10000000
DEBUG: Total dvariable address used is 2086 out of 150000
DEBUG: Total dvariable address used is 4013584 out of 50000000
DEBUG: Total gradient stack used is 420387 out of 10000000
DEBUG: Total dvariable address used is 2086 out of 150000
DEBUG: Total dvariable address used is 4013584 out of 50000000
DEBUG: Total gradient stack used is 420387 out of 10000000
DEBUG: Total dvariable address used is 2086 out of 150000
DEBUG: Total dvariable address used is 4013584 out of 50000000
DEBUG: Total gradient stack used is 420387 out of 10000000
DEBUG: Total dvariable address used is 2086 out of 150000
DEBUG: Total dvariable address used is 4013584 out of 50000000
DEBUG: Total gradient stack used is 420387 out of 10000000
DEBUG: Total dvariable address used is 2086 out of 150000
DEBUG: Total dvariable address used is 4013584 out of 50000000
DEBUG: Total gradient stack used is 420387 out of 10000000
DEBUG: Total dvariable address used is 2086 out of 150000
DEBUG: Total dvariable address used is 4013584 out of 50000000
DEBUG: Total gradient stack used is 420387 out of 10000000
DEBUG: Total dvariable address used is 2086 out of 150000
DEBUG: Total dvariable address used is 4013584 out of 50000000
DEBUG: Total gradient stack used is 420387 out of 10000000
DEBUG: Total dvariable address used is 2086 out of 150000
DEBUG: Total dvariable address used is 4013584 out of 50000000
DEBUG: Total gradient stack used is 420387 out of 10000000
DEBUG: Total dvariable address used is 2086 out of 150000
DEBUG: Total dvariable address used is 4013584 out of 50000000
DEBUG: Total gradient stack used is 420387 out of 10000000
DEBUG: Total dvariable address used is 2086 out of 150000
DEBUG: Total dvariable address used is 4013584 out of 50000000
DEBUG: Total gradient stack used is 420387 out of 10000000
DEBUG: Total dvariable address used is 2086 out of 150000
DEBUG: Total dvariable address used is 4013584 out of 50000000
DEBUG: Total gradient stack used is 420387 out of 10000000
DEBUG: Total dvariable address used is 2086 out of 150000
DEBUG: Total dvariable address used is 4013584 out of 50000000
DEBUG: Total gradient stack used is 420387 out of 10000000
DEBUG: Total dvariable address used is 2086 out of 150000
DEBUG: Total dvariable address used is 4013584 out of 50000000
DEBUG: Total gradient stack used is 420387 out of 10000000
DEBUG: Total dvariable address used is 2086 out of 150000
DEBUG: Total dvariable address used is 4013584 out of 50000000
DEBUG: Total gradient stack used is 420387 out of 10000000
DEBUG: Total dvariable address used is 2086 out of 150000
DEBUG: Total dvariable address used is 4013584 out of 50000000
DEBUG: Total gradient stack used is 420387 out of 10000000
DEBUG: Total dvariable address used is 2086 out of 150000
DEBUG: Total dvariable address used is 4013584 out of 50000000
DEBUG: Total gradient stack used is 420387 out of 10000000
DEBUG: Total dvariable address used is 2086 out of 150000
DEBUG: Total dvariable address used is 4013584 out of 50000000
DEBUG: Total gradient stack used is 420387 out of 10000000
DEBUG: Total dvariable address used is 2086 out of 150000
DEBUG: Total dvariable address used is 4013584 out of 50000000
DEBUG: Total gradient stack used is 420387 out of 10000000
DEBUG: Total dvariable address used is 2086 out of 150000
DEBUG: Total dvariable address used is 4013584 out of 50000000
DEBUG: Total gradient stack used is 420387 out of 10000000
DEBUG: Total dvariable address used is 2086 out of 150000
DEBUG: Total dvariable address used is 4013584 out of 50000000
DEBUG: Total gradient stack used is 420387 out of 10000000
DEBUG: Total dvariable address used is 2086 out of 150000
DEBUG: Total dvariable address used is 4013584 out of 50000000
DEBUG: Total gradient stack used is 420387 out of 10000000
DEBUG: Total dvariable address used is 2086 out of 150000
DEBUG: Total dvariable address used is 4013584 out of 50000000
DEBUG: Total gradient stack used is 420387 out of 10000000
DEBUG: Total dvariable address used is 2086 out of 150000
DEBUG: Total dvariable address used is 4013584 out of 50000000
DEBUG: Total gradient stack used is 420387 out of 10000000
DEBUG: Total dvariable address used is 2086 out of 150000
DEBUG: Total dvariable address used is 4013584 out of 50000000
DEBUG: Total gradient stack used is 420387 out of 10000000
DEBUG: Total dvariable address used is 2086 out of 150000
DEBUG: Total dvariable address used is 4013584 out of 50000000
DEBUG: Total gradient stack used is 420387 out of 10000000
DEBUG: Total dvariable address used is 2086 out of 150000
DEBUG: Total dvariable address used is 4013584 out of 50000000
DEBUG: Total gradient stack used is 420387 out of 10000000
DEBUG: Total dvariable address used is 2086 out of 150000
DEBUG: Total dvariable address used is 4013584 out of 50000000
DEBUG: Total gradient stack used is 420387 out of 10000000
DEBUG: Total dvariable address used is 2086 out of 150000
DEBUG: Total dvariable address used is 4013584 out of 50000000
DEBUG: Total gradient stack used is 420387 out of 10000000
DEBUG: Total dvariable address used is 2086 out of 150000
DEBUG: Total dvariable address used is 4013584 out of 50000000
DEBUG: Total gradient stack used is 420387 out of 10000000
DEBUG: Total dvariable address used is 2086 out of 150000
DEBUG: Total dvariable address used is 4013584 out of 50000000
DEBUG: Total gradient stack used is 420387 out of 10000000
DEBUG: Total dvariable address used is 2086 out of 150000
DEBUG: Total dvariable address used is 4013584 out of 50000000
DEBUG: Total gradient stack used is 420387 out of 10000000
DEBUG: Total dvariable address used is 2086 out of 150000
DEBUG: Total dvariable address used is 4013584 out of 50000000
DEBUG: Total gradient stack used is 420387 out of 10000000
DEBUG: Total dvariable address used is 2086 out of 150000
DEBUG: Total dvariable address used is 4013584 out of 50000000
DEBUG: Total gradient stack used is 420387 out of 10000000
DEBUG: Total dvariable address used is 2086 out of 150000
DEBUG: Total dvariable address used is 4013584 out of 50000000
DEBUG: Total gradient stack used is 420387 out of 10000000
DEBUG: Total dvariable address used is 2086 out of 150000
DEBUG: Total dvariable address used is 4013584 out of 50000000
DEBUG: Total gradient stack used is 420387 out of 10000000
DEBUG: Total dvariable address used is 2086 out of 150000
DEBUG: Total dvariable address used is 4013584 out of 50000000
DEBUG: Total gradient stack used is 420387 out of 10000000
DEBUG: Total dvariable address used is 2086 out of 150000
DEBUG: Total dvariable address used is 4013584 out of 50000000
DEBUG: Total gradient stack used is 420387 out of 10000000
DEBUG: Total dvariable address used is 2086 out of 150000
DEBUG: Total dvariable address used is 4013584 out of 50000000
DEBUG: Total gradient stack used is 420387 out of 10000000
DEBUG: Total dvariable address used is 2086 out of 150000
DEBUG: Total dvariable address used is 4013584 out of 50000000
DEBUG: Total gradient stack used is 420387 out of 10000000
DEBUG: Total dvariable address used is 2086 out of 150000
DEBUG: Total dvariable address used is 4013584 out of 50000000
DEBUG: Total gradient stack used is 420387 out of 10000000
DEBUG: Total dvariable address used is 2086 out of 150000
DEBUG: Total dvariable address used is 4013584 out of 50000000
DEBUG: Total gradient stack used is 420387 out of 10000000
DEBUG: Total dvariable address used is 2086 out of 150000
DEBUG: Total dvariable address used is 4013584 out of 50000000
DEBUG: Total gradient stack used is 420387 out of 10000000
DEBUG: Total dvariable address used is 2086 out of 150000
DEBUG: Total dvariable address used is 4013584 out of 50000000
DEBUG: Total gradient stack used is 420387 out of 10000000
DEBUG: Total dvariable address used is 2086 out of 150000
DEBUG: Total dvariable address used is 4013584 out of 50000000
DEBUG: Total gradient stack used is 420387 out of 10000000
DEBUG: Total dvariable address used is 2086 out of 150000
DEBUG: Total dvariable address used is 4013584 out of 50000000
DEBUG: Total gradient stack used is 420387 out of 10000000
DEBUG: Total dvariable address used is 2086 out of 150000
DEBUG: Total dvariable address used is 4013584 out of 50000000
DEBUG: Total gradient stack used is 420387 out of 10000000
DEBUG: Total dvariable address used is 2086 out of 150000
DEBUG: Total dvariable address used is 4013584 out of 50000000
DEBUG: Total gradient stack used is 420387 out of 10000000
DEBUG: Total dvariable address used is 2086 out of 150000
DEBUG: Total dvariable address used is 4013584 out of 50000000
DEBUG: Total gradient stack used is 420387 out of 10000000
DEBUG: Total dvariable address used is 2086 out of 150000
DEBUG: Total dvariable address used is 4013584 out of 50000000
DEBUG: Total gradient stack used is 420387 out of 10000000
DEBUG: Total dvariable address used is 2086 out of 150000
DEBUG: Total dvariable address used is 4013584 out of 50000000
DEBUG: Total gradient stack used is 420387 out of 10000000
DEBUG: Total dvariable address used is 2086 out of 150000
DEBUG: Total dvariable address used is 4013584 out of 50000000
DEBUG: Total gradient stack used is 420387 out of 10000000
DEBUG: Total dvariable address used is 2086 out of 150000
DEBUG: Total dvariable address used is 4013584 out of 50000000
DEBUG: Total gradient stack used is 420387 out of 10000000
DEBUG: Total dvariable address used is 2086 out of 150000
DEBUG: Total dvariable address used is 4013584 out of 50000000
DEBUG: Total gradient stack used is 420387 out of 10000000
DEBUG: Total dvariable address used is 2086 out of 150000
DEBUG: Total dvariable address used is 4013584 out of 50000000
DEBUG: Total gradient stack used is 420387 out of 10000000
DEBUG: Total dvariable address used is 2086 out of 150000
DEBUG: Total dvariable address used is 4013584 out of 50000000
DEBUG: Total gradient stack used is 420387 out of 10000000
DEBUG: Total dvariable address used is 2086 out of 150000
DEBUG: Total dvariable address used is 4013584 out of 50000000
DEBUG: Total gradient stack used is 420387 out of 10000000
DEBUG: Total dvariable address used is 2086 out of 150000
DEBUG: Total dvariable address used is 4013584 out of 50000000
DEBUG: Total gradient stack used is 420387 out of 10000000
DEBUG: Total dvariable address used is 2086 out of 150000
DEBUG: Total dvariable address used is 4013584 out of 50000000
DEBUG: Total gradient stack used is 420387 out of 10000000
DEBUG: Total dvariable address used is 2086 out of 150000
DEBUG: Total dvariable address used is 4013584 out of 50000000
DEBUG: Total gradient stack used is 420387 out of 10000000
DEBUG: Total dvariable address used is 2086 out of 150000
DEBUG: Total dvariable address used is 4013584 out of 50000000
DEBUG: Total gradient stack used is 420387 out of 10000000
DEBUG: Total dvariable address used is 2086 out of 150000
DEBUG: Total dvariable address used is 4013584 out of 50000000
DEBUG: Total gradient stack used is 420387 out of 10000000
DEBUG: Total dvariable address used is 2086 out of 150000
DEBUG: Total dvariable address used is 4013584 out of 50000000
DEBUG: Total gradient stack used is 420387 out of 10000000
DEBUG: Total dvariable address used is 2086 out of 150000
DEBUG: Total dvariable address used is 4013584 out of 50000000
DEBUG: Total gradient stack used is 420387 out of 10000000
DEBUG: Total dvariable address used is 2086 out of 150000
DEBUG: Total dvariable address used is 4013584 out of 50000000
DEBUG: Total gradient stack used is 420387 out of 10000000
DEBUG: Total dvariable address used is 2086 out of 150000
DEBUG: Total dvariable address used is 4013584 out of 50000000
DEBUG: Total gradient stack used is 420387 out of 10000000
DEBUG: Total dvariable address used is 2086 out of 150000
DEBUG: Total dvariable address used is 4013584 out of 50000000
DEBUG: Total gradient stack used is 420387 out of 10000000
DEBUG: Total dvariable address used is 2086 out of 150000
DEBUG: Total dvariable address used is 4013584 out of 50000000
DEBUG: Total gradient stack used is 420387 out of 10000000
DEBUG: Total dvariable address used is 2086 out of 150000
DEBUG: Total dvariable address used is 4013584 out of 50000000
DEBUG: Total gradient stack used is 420387 out of 10000000
DEBUG: Total dvariable address used is 2086 out of 150000
DEBUG: Total dvariable address used is 4013584 out of 50000000
DEBUG: Total gradient stack used is 420387 out of 10000000
DEBUG: Total dvariable address used is 2086 out of 150000
DEBUG: Total dvariable address used is 4013584 out of 50000000
DEBUG: Total gradient stack used is 420387 out of 10000000
DEBUG: Total dvariable address used is 2086 out of 150000
DEBUG: Total dvariable address used is 4013584 out of 50000000
DEBUG: Total gradient stack used is 420387 out of 10000000
DEBUG: Total dvariable address used is 2086 out of 150000
DEBUG: Total dvariable address used is 4013584 out of 50000000
DEBUG: Total gradient stack used is 420387 out of 10000000
DEBUG: Total dvariable address used is 2086 out of 150000
DEBUG: Total dvariable address used is 4013584 out of 50000000
DEBUG: Total gradient stack used is 420387 out of 10000000
DEBUG: Total dvariable address used is 2086 out of 150000
DEBUG: Total dvariable address used is 4013584 out of 50000000
DEBUG: Total gradient stack used is 420387 out of 10000000
DEBUG: Total dvariable address used is 2086 out of 150000
DEBUG: Total dvariable address used is 4013584 out of 50000000
DEBUG: Total gradient stack used is 420387 out of 10000000
DEBUG: Total dvariable address used is 2086 out of 150000
DEBUG: Total dvariable address used is 4013584 out of 50000000
DEBUG: Total gradient stack used is 420387 out of 10000000
DEBUG: Total dvariable address used is 2086 out of 150000
DEBUG: Total dvariable address used is 4013584 out of 50000000
DEBUG: Total gradient stack used is 420387 out of 10000000
DEBUG: Total dvariable address used is 2086 out of 150000
DEBUG: Total dvariable address used is 4013584 out of 50000000
DEBUG: Total gradient stack used is 420387 out of 10000000
DEBUG: Total dvariable address used is 2086 out of 150000
DEBUG: Total dvariable address used is 4013584 out of 50000000
DEBUG: Total gradient stack used is 420387 out of 10000000
DEBUG: Total dvariable address used is 2086 out of 150000
DEBUG: Total dvariable address used is 4013584 out of 50000000
DEBUG: Total gradient stack used is 420387 out of 10000000
DEBUG: Total dvariable address used is 2086 out of 150000
DEBUG: Total dvariable address used is 4013584 out of 50000000
DEBUG: Total gradient stack used is 420387 out of 10000000
DEBUG: Total dvariable address used is 2086 out of 150000
DEBUG: Total dvariable address used is 4013584 out of 50000000
DEBUG: Total gradient stack used is 420387 out of 10000000
DEBUG: Total dvariable address used is 2086 out of 150000
DEBUG: Total dvariable address used is 4013584 out of 50000000
DEBUG: Total gradient stack used is 420387 out of 10000000
DEBUG: Total dvariable address used is 2086 out of 150000
DEBUG: Total dvariable address used is 4013584 out of 50000000
DEBUG: Total gradient stack used is 420387 out of 10000000
DEBUG: Total dvariable address used is 2086 out of 150000
DEBUG: Total dvariable address used is 4013584 out of 50000000
DEBUG: Total gradient stack used is 420387 out of 10000000
DEBUG: Total dvariable address used is 2086 out of 150000
DEBUG: Total dvariable address used is 4013584 out of 50000000
DEBUG: Total gradient stack used is 420387 out of 10000000
DEBUG: Total dvariable address used is 2086 out of 150000
DEBUG: Total dvariable address used is 4013584 out of 50000000
DEBUG: Total gradient stack used is 420387 out of 10000000
DEBUG: Total dvariable address used is 2086 out of 150000
DEBUG: Total dvariable address used is 4013584 out of 50000000
DEBUG: Total gradient stack used is 420387 out of 10000000
DEBUG: Total dvariable address used is 2086 out of 150000
DEBUG: Total dvariable address used is 4013584 out of 50000000
DEBUG: Total gradient stack used is 420387 out of 10000000
DEBUG: Total dvariable address used is 2086 out of 150000
DEBUG: Total dvariable address used is 4013584 out of 50000000
DEBUG: Total gradient stack used is 420387 out of 10000000
DEBUG: Total dvariable address used is 2086 out of 150000
DEBUG: Total dvariable address used is 4013584 out of 50000000
DEBUG: Total gradient stack used is 420387 out of 10000000
DEBUG: Total dvariable address used is 2086 out of 150000
DEBUG: Total dvariable address used is 4013584 out of 50000000
DEBUG: Total gradient stack used is 420387 out of 10000000
DEBUG: Total dvariable address used is 2086 out of 150000
DEBUG: Total dvariable address used is 4013584 out of 50000000
DEBUG: Total gradient stack used is 420387 out of 10000000
DEBUG: Total dvariable address used is 2086 out of 150000
DEBUG: Total dvariable address used is 4013584 out of 50000000
DEBUG: Total gradient stack used is 420387 out of 10000000
DEBUG: Total dvariable address used is 2086 out of 150000
DEBUG: Total dvariable address used is 4013584 out of 50000000
DEBUG: Total gradient stack used is 420387 out of 10000000
DEBUG: Total dvariable address used is 2086 out of 150000
DEBUG: Total dvariable address used is 4013584 out of 50000000
DEBUG: Total gradient stack used is 420387 out of 10000000
DEBUG: Total dvariable address used is 2086 out of 150000
DEBUG: Total dvariable address used is 4013584 out of 50000000
DEBUG: Total gradient stack used is 420387 out of 10000000
DEBUG: Total dvariable address used is 2086 out of 150000
DEBUG: Total dvariable address used is 4013584 out of 50000000
DEBUG: Total gradient stack used is 420387 out of 10000000
DEBUG: Total dvariable address used is 2086 out of 150000
DEBUG: Total dvariable address used is 4013584 out of 50000000
DEBUG: Total gradient stack used is 420387 out of 10000000
DEBUG: Total dvariable address used is 2086 out of 150000
DEBUG: Total dvariable address used is 4013584 out of 50000000
DEBUG: Total gradient stack used is 420387 out of 10000000
DEBUG: Total dvariable address used is 2086 out of 150000
DEBUG: Total dvariable address used is 4013584 out of 50000000
DEBUG: Total gradient stack used is 420387 out of 10000000
DEBUG: Total dvariable address used is 2086 out of 150000
DEBUG: Total dvariable address used is 4013584 out of 50000000
DEBUG: Total gradient stack used is 420387 out of 10000000
DEBUG: Total dvariable address used is 2086 out of 150000
DEBUG: Total dvariable address used is 4013584 out of 50000000
DEBUG: Total gradient stack used is 420387 out of 10000000
DEBUG: Total dvariable address used is 2086 out of 150000
DEBUG: Total dvariable address used is 4013584 out of 50000000
DEBUG: Total gradient stack used is 420387 out of 10000000
DEBUG: Total dvariable address used is 2086 out of 150000
DEBUG: Total dvariable address used is 4013584 out of 50000000
DEBUG: Total gradient stack used is 420387 out of 10000000
DEBUG: Total dvariable address used is 2086 out of 150000
DEBUG: Total dvariable address used is 4013584 out of 50000000
DEBUG: Total gradient stack used is 420387 out of 10000000
DEBUG: Total dvariable address used is 2086 out of 150000
DEBUG: Total dvariable address used is 4013584 out of 50000000
DEBUG: Total gradient stack used is 420387 out of 10000000
DEBUG: Total dvariable address used is 2086 out of 150000
DEBUG: Total dvariable address used is 4013584 out of 50000000
DEBUG: Total gradient stack used is 420387 out of 10000000
DEBUG: Total dvariable address used is 2086 out of 150000
DEBUG: Total dvariable address used is 4013584 out of 50000000
DEBUG: Total gradient stack used is 420387 out of 10000000
DEBUG: Total dvariable address used is 2086 out of 150000
DEBUG: Total dvariable address used is 4013584 out of 50000000
DEBUG: Total gradient stack used is 420387 out of 10000000
DEBUG: Total dvariable address used is 2086 out of 150000
DEBUG: Total dvariable address used is 4013584 out of 50000000
DEBUG: Total gradient stack used is 420387 out of 10000000
DEBUG: Total dvariable address used is 2086 out of 150000
DEBUG: Total dvariable address used is 4013584 out of 50000000
DEBUG: Total gradient stack used is 420387 out of 10000000
DEBUG: Total dvariable address used is 2086 out of 150000
DEBUG: Total dvariable address used is 4013584 out of 50000000
DEBUG: Total gradient stack used is 420387 out of 10000000
DEBUG: Total dvariable address used is 2086 out of 150000
DEBUG: Total dvariable address used is 4013584 out of 50000000
DEBUG: Total gradient stack used is 420387 out of 10000000
DEBUG: Total dvariable address used is 2086 out of 150000
DEBUG: Total dvariable address used is 4013584 out of 50000000
DEBUG: Total gradient stack used is 420387 out of 10000000
DEBUG: Total dvariable address used is 2086 out of 150000
DEBUG: Total dvariable address used is 4013584 out of 50000000
DEBUG: Total gradient stack used is 420387 out of 10000000
DEBUG: Total dvariable address used is 2086 out of 150000
DEBUG: Total dvariable address used is 4013584 out of 50000000
DEBUG: Total gradient stack used is 420387 out of 10000000
DEBUG: Total dvariable address used is 2086 out of 150000
DEBUG: Total dvariable address used is 4013584 out of 50000000
DEBUG: Total gradient stack used is 420387 out of 10000000
DEBUG: Total dvariable address used is 2086 out of 150000
DEBUG: Total dvariable address used is 4013584 out of 50000000
DEBUG: Total gradient stack used is 420387 out of 10000000
DEBUG: Total dvariable address used is 2086 out of 150000
DEBUG: Total dvariable address used is 4013584 out of 50000000
DEBUG: Total gradient stack used is 420387 out of 10000000
DEBUG: Total dvariable address used is 2086 out of 150000
DEBUG: Total dvariable address used is 4013584 out of 50000000
DEBUG: Total gradient stack used is 420387 out of 10000000
DEBUG: Total dvariable address used is 2086 out of 150000
DEBUG: Total dvariable address used is 4013584 out of 50000000
DEBUG: Total gradient stack used is 420387 out of 10000000
DEBUG: Total dvariable address used is 2086 out of 150000
DEBUG: Total dvariable address used is 4013584 out of 50000000
DEBUG: Total gradient stack used is 420387 out of 10000000
DEBUG: Total dvariable address used is 2086 out of 150000
DEBUG: Total dvariable address used is 4013584 out of 50000000
DEBUG: Total gradient stack used is 420387 out of 10000000
DEBUG: Total dvariable address used is 2086 out of 150000
DEBUG: Total dvariable address used is 4013584 out of 50000000
DEBUG: Total gradient stack used is 420387 out of 10000000
DEBUG: Total dvariable address used is 2086 out of 150000
DEBUG: Total dvariable address used is 4013584 out of 50000000
DEBUG: Total gradient stack used is 420387 out of 10000000
DEBUG: Total dvariable address used is 2086 out of 150000
DEBUG: Total dvariable address used is 4013584 out of 50000000
DEBUG: Total gradient stack used is 420387 out of 10000000
DEBUG: Total dvariable address used is 2086 out of 150000
DEBUG: Total dvariable address used is 4013584 out of 50000000
DEBUG: Total gradient stack used is 420387 out of 10000000
DEBUG: Total dvariable address used is 2086 out of 150000
DEBUG: Total dvariable address used is 4013584 out of 50000000
DEBUG: Total gradient stack used is 420387 out of 10000000
DEBUG: Total dvariable address used is 2086 out of 150000
DEBUG: Total dvariable address used is 4013584 out of 50000000
DEBUG: Total gradient stack used is 420387 out of 10000000
DEBUG: Total dvariable address used is 2086 out of 150000
DEBUG: Total dvariable address used is 4013584 out of 50000000
DEBUG: Total gradient stack used is 420387 out of 10000000
DEBUG: Total dvariable address used is 2086 out of 150000
DEBUG: Total dvariable address used is 4013584 out of 50000000
DEBUG: Total gradient stack used is 420387 out of 10000000
DEBUG: Total dvariable address used is 2086 out of 150000
DEBUG: Total dvariable address used is 4013584 out of 50000000
DEBUG: Total gradient stack used is 420387 out of 10000000
DEBUG: Total dvariable address used is 2086 out of 150000
DEBUG: Total dvariable address used is 4013584 out of 50000000
DEBUG: Total gradient stack used is 420387 out of 10000000
DEBUG: Total dvariable address used is 2086 out of 150000
DEBUG: Total dvariable address used is 4013584 out of 50000000
DEBUG: Total gradient stack used is 420387 out of 10000000
DEBUG: Total dvariable address used is 2086 out of 150000
DEBUG: Total dvariable address used is 4013584 out of 50000000
DEBUG: Total gradient stack used is 420387 out of 10000000
DEBUG: Total dvariable address used is 2086 out of 150000
DEBUG: Total dvariable address used is 4013584 out of 50000000
DEBUG: Total gradient stack used is 420387 out of 10000000
DEBUG: Total dvariable address used is 2086 out of 150000
DEBUG: Total dvariable address used is 4013584 out of 50000000
DEBUG: Total gradient stack used is 420387 out of 10000000
DEBUG: Total dvariable address used is 2086 out of 150000
DEBUG: Total dvariable address used is 4013584 out of 50000000
DEBUG: Total gradient stack used is 420387 out of 10000000
DEBUG: Total dvariable address used is 2086 out of 150000
DEBUG: Total dvariable address used is 4013584 out of 50000000
DEBUG: Total gradient stack used is 420387 out of 10000000
DEBUG: Total dvariable address used is 2086 out of 150000
DEBUG: Total dvariable address used is 4013584 out of 50000000
DEBUG: Total gradient stack used is 420387 out of 10000000
DEBUG: Total dvariable address used is 2086 out of 150000
DEBUG: Total dvariable address used is 4013584 out of 50000000
DEBUG: Total gradient stack used is 420387 out of 10000000
DEBUG: Total dvariable address used is 2086 out of 150000
DEBUG: Total dvariable address used is 4013584 out of 50000000
DEBUG: Total gradient stack used is 420387 out of 10000000
DEBUG: Total dvariable address used is 2086 out of 150000
DEBUG: Total dvariable address used is 4013584 out of 50000000
DEBUG: Total gradient stack used is 420387 out of 10000000
DEBUG: Total dvariable address used is 2086 out of 150000
DEBUG: Total dvariable address used is 4013584 out of 50000000
DEBUG: Total gradient stack used is 420387 out of 10000000
DEBUG: Total dvariable address used is 2086 out of 150000
DEBUG: Total dvariable address used is 4013584 out of 50000000
DEBUG: Total gradient stack used is 420387 out of 10000000
DEBUG: Total dvariable address used is 2086 out of 150000
DEBUG: Total dvariable address used is 4013584 out of 50000000
DEBUG: Total gradient stack used is 420387 out of 10000000
DEBUG: Total dvariable address used is 2086 out of 150000
DEBUG: Total dvariable address used is 4013584 out of 50000000
DEBUG: Total gradient stack used is 420387 out of 10000000
DEBUG: Total dvariable address used is 2086 out of 150000
DEBUG: Total dvariable address used is 4013584 out of 50000000
DEBUG: Total gradient stack used is 420387 out of 10000000
DEBUG: Total dvariable address used is 2086 out of 150000
DEBUG: Total dvariable address used is 4013584 out of 50000000
DEBUG: Total gradient stack used is 420387 out of 10000000
DEBUG: Total dvariable address used is 2086 out of 150000
DEBUG: Total dvariable address used is 4013584 out of 50000000
DEBUG: Total gradient stack used is 420387 out of 10000000
DEBUG: Total dvariable address used is 2086 out of 150000
DEBUG: Total dvariable address used is 4013584 out of 50000000
DEBUG: Total gradient stack used is 420387 out of 10000000
DEBUG: Total dvariable address used is 2086 out of 150000
DEBUG: Total dvariable address used is 4013584 out of 50000000
DEBUG: Total gradient stack used is 420387 out of 10000000
DEBUG: Total dvariable address used is 2086 out of 150000
DEBUG: Total dvariable address used is 4013584 out of 50000000
DEBUG: Total gradient stack used is 420387 out of 10000000
DEBUG: Total dvariable address used is 2086 out of 150000
DEBUG: Total dvariable address used is 4013584 out of 50000000
DEBUG: Total gradient stack used is 420387 out of 10000000
DEBUG: Total dvariable address used is 2086 out of 150000
DEBUG: Total dvariable address used is 4013584 out of 50000000
DEBUG: Total gradient stack used is 420387 out of 10000000
DEBUG: Total dvariable address used is 2086 out of 150000
DEBUG: Total dvariable address used is 4013584 out of 50000000
DEBUG: Total gradient stack used is 420387 out of 10000000
DEBUG: Total dvariable address used is 2086 out of 150000
DEBUG: Total dvariable address used is 4013584 out of 50000000
DEBUG: Total gradient stack used is 420387 out of 10000000
DEBUG: Total dvariable address used is 2086 out of 150000
DEBUG: Total dvariable address used is 4013584 out of 50000000
DEBUG: Total gradient stack used is 420387 out of 10000000
DEBUG: Total dvariable address used is 2086 out of 150000
DEBUG: Total dvariable address used is 4013584 out of 50000000
DEBUG: Total gradient stack used is 420387 out of 10000000
DEBUG: Total dvariable address used is 2086 out of 150000
DEBUG: Total dvariable address used is 4013584 out of 50000000
DEBUG: Total gradient stack used is 420387 out of 10000000
DEBUG: Total dvariable address used is 2086 out of 150000
DEBUG: Total dvariable address used is 4013584 out of 50000000
DEBUG: Total gradient stack used is 420387 out of 10000000
DEBUG: Total dvariable address used is 2086 out of 150000
DEBUG: Total dvariable address used is 4013584 out of 50000000
DEBUG: Total gradient stack used is 420387 out of 10000000
DEBUG: Total dvariable address used is 2086 out of 150000
DEBUG: Total dvariable address used is 4013584 out of 50000000
DEBUG: Total gradient stack used is 420387 out of 10000000
DEBUG: Total dvariable address used is 2086 out of 150000
DEBUG: Total dvariable address used is 4013584 out of 50000000
DEBUG: Total gradient stack used is 420387 out of 10000000
DEBUG: Total dvariable address used is 2086 out of 150000
DEBUG: Total dvariable address used is 4013584 out of 50000000
DEBUG: Total gradient stack used is 420387 out of 10000000
DEBUG: Total dvariable address used is 2086 out of 150000
DEBUG: Total dvariable address used is 4013584 out of 50000000
DEBUG: Total gradient stack used is 420387 out of 10000000
DEBUG: Total dvariable address used is 2086 out of 150000
DEBUG: Total dvariable address used is 4013584 out of 50000000
DEBUG: Total gradient stack used is 420387 out of 10000000
DEBUG: Total dvariable address used is 2086 out of 150000
DEBUG: Total dvariable address used is 4013584 out of 50000000
DEBUG: Total gradient stack used is 420387 out of 10000000
DEBUG: Total dvariable address used is 2086 out of 150000
DEBUG: Total dvariable address used is 4013584 out of 50000000
DEBUG: Total gradient stack used is 420387 out of 10000000
DEBUG: Total dvariable address used is 2086 out of 150000
DEBUG: Total dvariable address used is 4013584 out of 50000000
DEBUG: Total gradient stack used is 420387 out of 10000000
DEBUG: Total dvariable address used is 2086 out of 150000
DEBUG: Total dvariable address used is 4013584 out of 50000000
DEBUG: Total gradient stack used is 420387 out of 10000000
DEBUG: Total dvariable address used is 2086 out of 150000
DEBUG: Total dvariable address used is 4013584 out of 50000000
DEBUG: Total gradient stack used is 420387 out of 10000000
DEBUG: Total dvariable address used is 2086 out of 150000
DEBUG: Total dvariable address used is 4013584 out of 50000000
DEBUG: Total gradient stack used is 420387 out of 10000000
DEBUG: Total dvariable address used is 2086 out of 150000
DEBUG: Total dvariable address used is 4013584 out of 50000000
DEBUG: Total gradient stack used is 420387 out of 10000000
DEBUG: Total dvariable address used is 2086 out of 150000
DEBUG: Total dvariable address used is 4013584 out of 50000000
DEBUG: Total gradient stack used is 420387 out of 10000000
DEBUG: Total dvariable address used is 2086 out of 150000
DEBUG: Total dvariable address used is 4013584 out of 50000000
DEBUG: Total gradient stack used is 420387 out of 10000000
DEBUG: Total dvariable address used is 2086 out of 150000
DEBUG: Total dvariable address used is 4013584 out of 50000000
DEBUG: Total gradient stack used is 420387 out of 10000000
DEBUG: Total dvariable address used is 2086 out of 150000
DEBUG: Total dvariable address used is 4013584 out of 50000000
DEBUG: Total gradient stack used is 420387 out of 10000000
DEBUG: Total dvariable address used is 2086 out of 150000
DEBUG: Total dvariable address used is 4013584 out of 50000000
DEBUG: Total gradient stack used is 420387 out of 10000000
DEBUG: Total dvariable address used is 2086 out of 150000
DEBUG: Total dvariable address used is 4013584 out of 50000000
DEBUG: Total gradient stack used is 420387 out of 10000000
DEBUG: Total dvariable address used is 2086 out of 150000
DEBUG: Total dvariable address used is 4013584 out of 50000000
DEBUG: Total gradient stack used is 420387 out of 10000000
DEBUG: Total dvariable address used is 2086 out of 150000
DEBUG: Total dvariable address used is 4013584 out of 50000000
DEBUG: Total gradient stack used is 420387 out of 10000000
DEBUG: Total dvariable address used is 2086 out of 150000
DEBUG: Total dvariable address used is 4013584 out of 50000000
DEBUG: Total gradient stack used is 420387 out of 10000000
DEBUG: Total dvariable address used is 2086 out of 150000
DEBUG: Total dvariable address used is 4013584 out of 50000000
DEBUG: Total gradient stack used is 420387 out of 10000000
DEBUG: Total dvariable address used is 2086 out of 150000
DEBUG: Total dvariable address used is 4013584 out of 50000000
DEBUG: Total gradient stack used is 420387 out of 10000000
DEBUG: Total dvariable address used is 2086 out of 150000
DEBUG: Total dvariable address used is 4013584 out of 50000000
DEBUG: Total gradient stack used is 420387 out of 10000000
DEBUG: Total dvariable address used is 2086 out of 150000
DEBUG: Total dvariable address used is 4013584 out of 50000000
DEBUG: Total gradient stack used is 420387 out of 10000000
DEBUG: Total dvariable address used is 2086 out of 150000
DEBUG: Total dvariable address used is 4013584 out of 50000000
DEBUG: Total gradient stack used is 420387 out of 10000000
DEBUG: Total dvariable address used is 2086 out of 150000
DEBUG: Total dvariable address used is 4013584 out of 50000000
DEBUG: Total gradient stack used is 420387 out of 10000000
DEBUG: Total dvariable address used is 2086 out of 150000
DEBUG: Total dvariable address used is 4013584 out of 50000000
DEBUG: Total gradient stack used is 420387 out of 10000000
DEBUG: Total dvariable address used is 2086 out of 150000
DEBUG: Total dvariable address used is 4013584 out of 50000000
DEBUG: Total gradient stack used is 420387 out of 10000000
DEBUG: Total dvariable address used is 2086 out of 150000
DEBUG: Total dvariable address used is 4013584 out of 50000000
DEBUG: Total gradient stack used is 420387 out of 10000000
DEBUG: Total dvariable address used is 2086 out of 150000
DEBUG: Total dvariable address used is 4013584 out of 50000000
DEBUG: Total gradient stack used is 420387 out of 10000000
DEBUG: Total dvariable address used is 2086 out of 150000
DEBUG: Total dvariable address used is 4013584 out of 50000000
DEBUG: Total gradient stack used is 420387 out of 10000000
DEBUG: Total dvariable address used is 2086 out of 150000
DEBUG: Total dvariable address used is 4013584 out of 50000000
DEBUG: Total gradient stack used is 420387 out of 10000000
DEBUG: Total dvariable address used is 2086 out of 150000
DEBUG: Total dvariable address used is 4013584 out of 50000000
DEBUG: Total gradient stack used is 420387 out of 10000000
DEBUG: Total dvariable address used is 2086 out of 150000
DEBUG: Total dvariable address used is 4013584 out of 50000000
DEBUG: Total gradient stack used is 420387 out of 10000000
DEBUG: Total dvariable address used is 2086 out of 150000
DEBUG: Total dvariable address used is 4013584 out of 50000000
DEBUG: Total gradient stack used is 420387 out of 10000000
DEBUG: Total dvariable address used is 2086 out of 150000
DEBUG: Total dvariable address used is 4013584 out of 50000000
DEBUG: Total gradient stack used is 420387 out of 10000000
DEBUG: Total dvariable address used is 2086 out of 150000
DEBUG: Total dvariable address used is 4013584 out of 50000000
DEBUG: Total gradient stack used is 420387 out of 10000000
DEBUG: Total dvariable address used is 2086 out of 150000
DEBUG: Total dvariable address used is 4013584 out of 50000000
DEBUG: Total gradient stack used is 420387 out of 10000000
DEBUG: Total dvariable address used is 2086 out of 150000
DEBUG: Total dvariable address used is 4013584 out of 50000000
DEBUG: Total gradient stack used is 420387 out of 10000000
DEBUG: Total dvariable address used is 2086 out of 150000
DEBUG: Total dvariable address used is 4013584 out of 50000000
DEBUG: Total gradient stack used is 420387 out of 10000000
DEBUG: Total dvariable address used is 2086 out of 150000
DEBUG: Total dvariable address used is 4013584 out of 50000000
DEBUG: Total gradient stack used is 420387 out of 10000000
DEBUG: Total dvariable address used is 2086 out of 150000
DEBUG: Total dvariable address used is 4013584 out of 50000000
DEBUG: Total gradient stack used is 420387 out of 10000000
DEBUG: Total dvariable address used is 2086 out of 150000
DEBUG: Total dvariable address used is 4013584 out of 50000000
DEBUG: Total gradient stack used is 420387 out of 10000000
DEBUG: Total dvariable address used is 2086 out of 150000
DEBUG: Total dvariable address used is 4013584 out of 50000000
DEBUG: Total gradient stack used is 420387 out of 10000000
DEBUG: Total dvariable address used is 2086 out of 150000
DEBUG: Total dvariable address used is 4013584 out of 50000000
DEBUG: Total gradient stack used is 420387 out of 10000000
DEBUG: Total dvariable address used is 2086 out of 150000
DEBUG: Total dvariable address used is 4013584 out of 50000000
DEBUG: Total gradient stack used is 420387 out of 10000000
DEBUG: Total dvariable address used is 2086 out of 150000
DEBUG: Total dvariable address used is 4013584 out of 50000000
DEBUG: Total gradient stack used is 420387 out of 10000000
DEBUG: Total dvariable address used is 2086 out of 150000
DEBUG: Total dvariable address used is 4013584 out of 50000000
20%DEBUG: Total gradient stack used is 420387 out of 10000000
DEBUG: Total dvariable address used is 2086 out of 150000
DEBUG: Total dvariable address used is 4013584 out of 50000000
DEBUG: Total gradient stack used is 420387 out of 10000000
DEBUG: Total dvariable address used is 2086 out of 150000
DEBUG: Total dvariable address used is 4013584 out of 50000000
DEBUG: Total gradient stack used is 420387 out of 10000000
DEBUG: Total dvariable address used is 2086 out of 150000
DEBUG: Total dvariable address used is 4013584 out of 50000000
DEBUG: Total gradient stack used is 420387 out of 10000000
DEBUG: Total dvariable address used is 2086 out of 150000
DEBUG: Total dvariable address used is 4013584 out of 50000000
DEBUG: Total gradient stack used is 420387 out of 10000000
DEBUG: Total dvariable address used is 2086 out of 150000
DEBUG: Total dvariable address used is 4013584 out of 50000000
DEBUG: Total gradient stack used is 420387 out of 10000000
DEBUG: Total dvariable address used is 2086 out of 150000
DEBUG: Total dvariable address used is 4013584 out of 50000000
DEBUG: Total gradient stack used is 420387 out of 10000000
DEBUG: Total dvariable address used is 2086 out of 150000
DEBUG: Total dvariable address used is 4013584 out of 50000000
DEBUG: Total gradient stack used is 420387 out of 10000000
DEBUG: Total dvariable address used is 2086 out of 150000
DEBUG: Total dvariable address used is 4013584 out of 50000000
DEBUG: Total gradient stack used is 420393 out of 10000000
DEBUG: Total dvariable address used is 2086 out of 150000
DEBUG: Total dvariable address used is 4013584 out of 50000000
DEBUG: Total gradient stack used is 420387 out of 10000000
DEBUG: Total dvariable address used is 2086 out of 150000
DEBUG: Total dvariable address used is 4013584 out of 50000000
DEBUG: Total gradient stack used is 420387 out of 10000000
DEBUG: Total dvariable address used is 2086 out of 150000
DEBUG: Total dvariable address used is 4013584 out of 50000000
DEBUG: Total gradient stack used is 420387 out of 10000000
DEBUG: Total dvariable address used is 2086 out of 150000
DEBUG: Total dvariable address used is 4013584 out of 50000000
DEBUG: Total gradient stack used is 420387 out of 10000000
DEBUG: Total dvariable address used is 2086 out of 150000
DEBUG: Total dvariable address used is 4013584 out of 50000000
DEBUG: Total gradient stack used is 420387 out of 10000000
DEBUG: Total dvariable address used is 2086 out of 150000
DEBUG: Total dvariable address used is 4013584 out of 50000000
DEBUG: Total gradient stack used is 420387 out of 10000000
DEBUG: Total dvariable address used is 2086 out of 150000
DEBUG: Total dvariable address used is 4013584 out of 50000000
DEBUG: Total gradient stack used is 420387 out of 10000000
DEBUG: Total dvariable address used is 2086 out of 150000
DEBUG: Total dvariable address used is 4013584 out of 50000000
DEBUG: Total gradient stack used is 420387 out of 10000000
DEBUG: Total dvariable address used is 2086 out of 150000
DEBUG: Total dvariable address used is 4013584 out of 50000000
DEBUG: Total gradient stack used is 420387 out of 10000000
DEBUG: Total dvariable address used is 2086 out of 150000
DEBUG: Total dvariable address used is 4013584 out of 50000000
DEBUG: Total gradient stack used is 420387 out of 10000000
DEBUG: Total dvariable address used is 2086 out of 150000
DEBUG: Total dvariable address used is 4013584 out of 50000000
DEBUG: Total gradient stack used is 420387 out of 10000000
DEBUG: Total dvariable address used is 2086 out of 150000
DEBUG: Total dvariable address used is 4013584 out of 50000000
DEBUG: Total gradient stack used is 420387 out of 10000000
DEBUG: Total dvariable address used is 2086 out of 150000
DEBUG: Total dvariable address used is 4013584 out of 50000000
DEBUG: Total gradient stack used is 420387 out of 10000000
DEBUG: Total dvariable address used is 2086 out of 150000
DEBUG: Total dvariable address used is 4013584 out of 50000000
DEBUG: Total gradient stack used is 420387 out of 10000000
DEBUG: Total dvariable address used is 2086 out of 150000
DEBUG: Total dvariable address used is 4013584 out of 50000000
DEBUG: Total gradient stack used is 420387 out of 10000000
DEBUG: Total dvariable address used is 2086 out of 150000
DEBUG: Total dvariable address used is 4013584 out of 50000000
DEBUG: Total gradient stack used is 420387 out of 10000000
DEBUG: Total dvariable address used is 2086 out of 150000
DEBUG: Total dvariable address used is 4013584 out of 50000000
DEBUG: Total gradient stack used is 420387 out of 10000000
DEBUG: Total dvariable address used is 2086 out of 150000
DEBUG: Total dvariable address used is 4013584 out of 50000000
DEBUG: Total gradient stack used is 420387 out of 10000000
DEBUG: Total dvariable address used is 2086 out of 150000
DEBUG: Total dvariable address used is 4013584 out of 50000000
DEBUG: Total gradient stack used is 420387 out of 10000000
DEBUG: Total dvariable address used is 2086 out of 150000
DEBUG: Total dvariable address used is 4013584 out of 50000000
DEBUG: Total gradient stack used is 420387 out of 10000000
DEBUG: Total dvariable address used is 2086 out of 150000
DEBUG: Total dvariable address used is 4013584 out of 50000000
DEBUG: Total gradient stack used is 420387 out of 10000000
DEBUG: Total dvariable address used is 2086 out of 150000
DEBUG: Total dvariable address used is 4013584 out of 50000000
DEBUG: Total gradient stack used is 420387 out of 10000000
DEBUG: Total dvariable address used is 2086 out of 150000
DEBUG: Total dvariable address used is 4013584 out of 50000000
DEBUG: Total gradient stack used is 420387 out of 10000000
DEBUG: Total dvariable address used is 2086 out of 150000
DEBUG: Total dvariable address used is 4013584 out of 50000000
DEBUG: Total gradient stack used is 420387 out of 10000000
DEBUG: Total dvariable address used is 2086 out of 150000
DEBUG: Total dvariable address used is 4013584 out of 50000000
DEBUG: Total gradient stack used is 420387 out of 10000000
DEBUG: Total dvariable address used is 2086 out of 150000
DEBUG: Total dvariable address used is 4013584 out of 50000000
DEBUG: Total gradient stack used is 420387 out of 10000000
DEBUG: Total dvariable address used is 2086 out of 150000
DEBUG: Total dvariable address used is 4013584 out of 50000000
DEBUG: Total gradient stack used is 420387 out of 10000000
DEBUG: Total dvariable address used is 2086 out of 150000
DEBUG: Total dvariable address used is 4013584 out of 50000000
DEBUG: Total gradient stack used is 420387 out of 10000000
DEBUG: Total dvariable address used is 2086 out of 150000
DEBUG: Total dvariable address used is 4013584 out of 50000000
DEBUG: Total gradient stack used is 420387 out of 10000000
DEBUG: Total dvariable address used is 2086 out of 150000
DEBUG: Total dvariable address used is 4013584 out of 50000000
DEBUG: Total gradient stack used is 420387 out of 10000000
DEBUG: Total dvariable address used is 2086 out of 150000
DEBUG: Total dvariable address used is 4013584 out of 50000000
DEBUG: Total gradient stack used is 420387 out of 10000000
DEBUG: Total dvariable address used is 2086 out of 150000
DEBUG: Total dvariable address used is 4013584 out of 50000000
DEBUG: Total gradient stack used is 420387 out of 10000000
DEBUG: Total dvariable address used is 2086 out of 150000
DEBUG: Total dvariable address used is 4013584 out of 50000000
DEBUG: Total gradient stack used is 420387 out of 10000000
DEBUG: Total dvariable address used is 2086 out of 150000
DEBUG: Total dvariable address used is 4013584 out of 50000000
DEBUG: Total gradient stack used is 420387 out of 10000000
DEBUG: Total dvariable address used is 2086 out of 150000
DEBUG: Total dvariable address used is 4013584 out of 50000000
DEBUG: Total gradient stack used is 420387 out of 10000000
DEBUG: Total dvariable address used is 2086 out of 150000
DEBUG: Total dvariable address used is 4013584 out of 50000000
DEBUG: Total gradient stack used is 420387 out of 10000000
DEBUG: Total dvariable address used is 2086 out of 150000
DEBUG: Total dvariable address used is 4013584 out of 50000000
DEBUG: Total gradient stack used is 420387 out of 10000000
DEBUG: Total dvariable address used is 2086 out of 150000
DEBUG: Total dvariable address used is 4013584 out of 50000000
DEBUG: Total gradient stack used is 420387 out of 10000000
DEBUG: Total dvariable address used is 2086 out of 150000
DEBUG: Total dvariable address used is 4013584 out of 50000000
DEBUG: Total gradient stack used is 420387 out of 10000000
DEBUG: Total dvariable address used is 2086 out of 150000
DEBUG: Total dvariable address used is 4013584 out of 50000000
DEBUG: Total gradient stack used is 420387 out of 10000000
DEBUG: Total dvariable address used is 2086 out of 150000
DEBUG: Total dvariable address used is 4013584 out of 50000000
DEBUG: Total gradient stack used is 420387 out of 10000000
DEBUG: Total dvariable address used is 2086 out of 150000
DEBUG: Total dvariable address used is 4013584 out of 50000000
DEBUG: Total gradient stack used is 420387 out of 10000000
DEBUG: Total dvariable address used is 2086 out of 150000
DEBUG: Total dvariable address used is 4013584 out of 50000000
DEBUG: Total gradient stack used is 420387 out of 10000000
DEBUG: Total dvariable address used is 2086 out of 150000
DEBUG: Total dvariable address used is 4013584 out of 50000000
DEBUG: Total gradient stack used is 420387 out of 10000000
DEBUG: Total dvariable address used is 2086 out of 150000
DEBUG: Total dvariable address used is 4013584 out of 50000000
DEBUG: Total gradient stack used is 420387 out of 10000000
DEBUG: Total dvariable address used is 2086 out of 150000
DEBUG: Total dvariable address used is 4013584 out of 50000000
DEBUG: Total gradient stack used is 420387 out of 10000000
DEBUG: Total dvariable address used is 2086 out of 150000
DEBUG: Total dvariable address used is 4013584 out of 50000000
DEBUG: Total gradient stack used is 420387 out of 10000000
DEBUG: Total dvariable address used is 2086 out of 150000
DEBUG: Total dvariable address used is 4013584 out of 50000000
DEBUG: Total gradient stack used is 420387 out of 10000000
DEBUG: Total dvariable address used is 2086 out of 150000
DEBUG: Total dvariable address used is 4013584 out of 50000000
DEBUG: Total gradient stack used is 420387 out of 10000000
DEBUG: Total dvariable address used is 2086 out of 150000
DEBUG: Total dvariable address used is 4013584 out of 50000000
DEBUG: Total gradient stack used is 420387 out of 10000000
DEBUG: Total dvariable address used is 2086 out of 150000
DEBUG: Total dvariable address used is 4013584 out of 50000000
DEBUG: Total gradient stack used is 420387 out of 10000000
DEBUG: Total dvariable address used is 2086 out of 150000
DEBUG: Total dvariable address used is 4013584 out of 50000000
DEBUG: Total gradient stack used is 420387 out of 10000000
DEBUG: Total dvariable address used is 2086 out of 150000
DEBUG: Total dvariable address used is 4013584 out of 50000000
DEBUG: Total gradient stack used is 420387 out of 10000000
DEBUG: Total dvariable address used is 2086 out of 150000
DEBUG: Total dvariable address used is 4013584 out of 50000000
DEBUG: Total gradient stack used is 420387 out of 10000000
DEBUG: Total dvariable address used is 2086 out of 150000
DEBUG: Total dvariable address used is 4013584 out of 50000000
DEBUG: Total gradient stack used is 420387 out of 10000000
DEBUG: Total dvariable address used is 2086 out of 150000
DEBUG: Total dvariable address used is 4013584 out of 50000000
DEBUG: Total gradient stack used is 420387 out of 10000000
DEBUG: Total dvariable address used is 2086 out of 150000
DEBUG: Total dvariable address used is 4013584 out of 50000000
DEBUG: Total gradient stack used is 420387 out of 10000000
DEBUG: Total dvariable address used is 2086 out of 150000
DEBUG: Total dvariable address used is 4013584 out of 50000000
DEBUG: Total gradient stack used is 420387 out of 10000000
DEBUG: Total dvariable address used is 2086 out of 150000
DEBUG: Total dvariable address used is 4013584 out of 50000000
DEBUG: Total gradient stack used is 420387 out of 10000000
DEBUG: Total dvariable address used is 2086 out of 150000
DEBUG: Total dvariable address used is 4013584 out of 50000000
DEBUG: Total gradient stack used is 420387 out of 10000000
DEBUG: Total dvariable address used is 2086 out of 150000
DEBUG: Total dvariable address used is 4013584 out of 50000000
DEBUG: Total gradient stack used is 420387 out of 10000000
DEBUG: Total dvariable address used is 2086 out of 150000
DEBUG: Total dvariable address used is 4013584 out of 50000000
DEBUG: Total gradient stack used is 420387 out of 10000000
DEBUG: Total dvariable address used is 2086 out of 150000
DEBUG: Total dvariable address used is 4013584 out of 50000000
DEBUG: Total gradient stack used is 420387 out of 10000000
DEBUG: Total dvariable address used is 2086 out of 150000
DEBUG: Total dvariable address used is 4013584 out of 50000000
DEBUG: Total gradient stack used is 420387 out of 10000000
DEBUG: Total dvariable address used is 2086 out of 150000
DEBUG: Total dvariable address used is 4013584 out of 50000000
DEBUG: Total gradient stack used is 420387 out of 10000000
DEBUG: Total dvariable address used is 2086 out of 150000
DEBUG: Total dvariable address used is 4013584 out of 50000000
DEBUG: Total gradient stack used is 420387 out of 10000000
DEBUG: Total dvariable address used is 2086 out of 150000
DEBUG: Total dvariable address used is 4013584 out of 50000000
DEBUG: Total gradient stack used is 420387 out of 10000000
DEBUG: Total dvariable address used is 2086 out of 150000
DEBUG: Total dvariable address used is 4013584 out of 50000000
DEBUG: Total gradient stack used is 420387 out of 10000000
DEBUG: Total dvariable address used is 2086 out of 150000
DEBUG: Total dvariable address used is 4013584 out of 50000000
DEBUG: Total gradient stack used is 420387 out of 10000000
DEBUG: Total dvariable address used is 2086 out of 150000
DEBUG: Total dvariable address used is 4013584 out of 50000000
DEBUG: Total gradient stack used is 420387 out of 10000000
DEBUG: Total dvariable address used is 2086 out of 150000
DEBUG: Total dvariable address used is 4013584 out of 50000000
DEBUG: Total gradient stack used is 420387 out of 10000000
DEBUG: Total dvariable address used is 2086 out of 150000
DEBUG: Total dvariable address used is 4013584 out of 50000000
DEBUG: Total gradient stack used is 420387 out of 10000000
DEBUG: Total dvariable address used is 2086 out of 150000
DEBUG: Total dvariable address used is 4013584 out of 50000000
DEBUG: Total gradient stack used is 420387 out of 10000000
DEBUG: Total dvariable address used is 2086 out of 150000
DEBUG: Total dvariable address used is 4013584 out of 50000000
DEBUG: Total gradient stack used is 420387 out of 10000000
DEBUG: Total dvariable address used is 2086 out of 150000
DEBUG: Total dvariable address used is 4013584 out of 50000000
DEBUG: Total gradient stack used is 420387 out of 10000000
DEBUG: Total dvariable address used is 2086 out of 150000
DEBUG: Total dvariable address used is 4013584 out of 50000000
DEBUG: Total gradient stack used is 420387 out of 10000000
DEBUG: Total dvariable address used is 2086 out of 150000
DEBUG: Total dvariable address used is 4013584 out of 50000000
DEBUG: Total gradient stack used is 420387 out of 10000000
DEBUG: Total dvariable address used is 2086 out of 150000
DEBUG: Total dvariable address used is 4013584 out of 50000000
DEBUG: Total gradient stack used is 420387 out of 10000000
DEBUG: Total dvariable address used is 2086 out of 150000
DEBUG: Total dvariable address used is 4013584 out of 50000000
DEBUG: Total gradient stack used is 420387 out of 10000000
DEBUG: Total dvariable address used is 2086 out of 150000
DEBUG: Total dvariable address used is 4013584 out of 50000000
DEBUG: Total gradient stack used is 420387 out of 10000000
DEBUG: Total dvariable address used is 2086 out of 150000
DEBUG: Total dvariable address used is 4013584 out of 50000000
DEBUG: Total gradient stack used is 420387 out of 10000000
DEBUG: Total dvariable address used is 2086 out of 150000
DEBUG: Total dvariable address used is 4013584 out of 50000000
DEBUG: Total gradient stack used is 420387 out of 10000000
DEBUG: Total dvariable address used is 2086 out of 150000
DEBUG: Total dvariable address used is 4013584 out of 50000000
DEBUG: Total gradient stack used is 420387 out of 10000000
DEBUG: Total dvariable address used is 2086 out of 150000
DEBUG: Total dvariable address used is 4013584 out of 50000000
DEBUG: Total gradient stack used is 420387 out of 10000000
DEBUG: Total dvariable address used is 2086 out of 150000
DEBUG: Total dvariable address used is 4013584 out of 50000000
DEBUG: Total gradient stack used is 420387 out of 10000000
DEBUG: Total dvariable address used is 2086 out of 150000
DEBUG: Total dvariable address used is 4013584 out of 50000000
DEBUG: Total gradient stack used is 420387 out of 10000000
DEBUG: Total dvariable address used is 2086 out of 150000
DEBUG: Total dvariable address used is 4013584 out of 50000000
DEBUG: Total gradient stack used is 420387 out of 10000000
DEBUG: Total dvariable address used is 2086 out of 150000
DEBUG: Total dvariable address used is 4013584 out of 50000000
DEBUG: Total gradient stack used is 420387 out of 10000000
DEBUG: Total dvariable address used is 2086 out of 150000
DEBUG: Total dvariable address used is 4013584 out of 50000000
DEBUG: Total gradient stack used is 420387 out of 10000000
DEBUG: Total dvariable address used is 2086 out of 150000
DEBUG: Total dvariable address used is 4013584 out of 50000000
DEBUG: Total gradient stack used is 420387 out of 10000000
DEBUG: Total dvariable address used is 2086 out of 150000
DEBUG: Total dvariable address used is 4013584 out of 50000000
DEBUG: Total gradient stack used is 420387 out of 10000000
DEBUG: Total dvariable address used is 2086 out of 150000
DEBUG: Total dvariable address used is 4013584 out of 50000000
DEBUG: Total gradient stack used is 420387 out of 10000000
DEBUG: Total dvariable address used is 2086 out of 150000
DEBUG: Total dvariable address used is 4013584 out of 50000000
DEBUG: Total gradient stack used is 420387 out of 10000000
DEBUG: Total dvariable address used is 2086 out of 150000
DEBUG: Total dvariable address used is 4013584 out of 50000000
DEBUG: Total gradient stack used is 420387 out of 10000000
DEBUG: Total dvariable address used is 2086 out of 150000
DEBUG: Total dvariable address used is 4013584 out of 50000000
DEBUG: Total gradient stack used is 420387 out of 10000000
DEBUG: Total dvariable address used is 2086 out of 150000
DEBUG: Total dvariable address used is 4013584 out of 50000000
DEBUG: Total gradient stack used is 420387 out of 10000000
DEBUG: Total dvariable address used is 2086 out of 150000
DEBUG: Total dvariable address used is 4013584 out of 50000000
DEBUG: Total gradient stack used is 420387 out of 10000000
DEBUG: Total dvariable address used is 2086 out of 150000
DEBUG: Total dvariable address used is 4013584 out of 50000000
DEBUG: Total gradient stack used is 420387 out of 10000000
DEBUG: Total dvariable address used is 2086 out of 150000
DEBUG: Total dvariable address used is 4013584 out of 50000000
DEBUG: Total gradient stack used is 420387 out of 10000000
DEBUG: Total dvariable address used is 2086 out of 150000
DEBUG: Total dvariable address used is 4013584 out of 50000000
DEBUG: Total gradient stack used is 420387 out of 10000000
DEBUG: Total dvariable address used is 2086 out of 150000
DEBUG: Total dvariable address used is 4013584 out of 50000000
DEBUG: Total gradient stack used is 420387 out of 10000000
DEBUG: Total dvariable address used is 2086 out of 150000
DEBUG: Total dvariable address used is 4013584 out of 50000000
DEBUG: Total gradient stack used is 420387 out of 10000000
DEBUG: Total dvariable address used is 2086 out of 150000
DEBUG: Total dvariable address used is 4013584 out of 50000000
DEBUG: Total gradient stack used is 420387 out of 10000000
DEBUG: Total dvariable address used is 2086 out of 150000
DEBUG: Total dvariable address used is 4013584 out of 50000000
DEBUG: Total gradient stack used is 420387 out of 10000000
DEBUG: Total dvariable address used is 2086 out of 150000
DEBUG: Total dvariable address used is 4013584 out of 50000000
DEBUG: Total gradient stack used is 420387 out of 10000000
DEBUG: Total dvariable address used is 2086 out of 150000
DEBUG: Total dvariable address used is 4013584 out of 50000000
DEBUG: Total gradient stack used is 420387 out of 10000000
DEBUG: Total dvariable address used is 2086 out of 150000
DEBUG: Total dvariable address used is 4013584 out of 50000000
DEBUG: Total gradient stack used is 420387 out of 10000000
DEBUG: Total dvariable address used is 2086 out of 150000
DEBUG: Total dvariable address used is 4013584 out of 50000000
DEBUG: Total gradient stack used is 420387 out of 10000000
DEBUG: Total dvariable address used is 2086 out of 150000
DEBUG: Total dvariable address used is 4013584 out of 50000000
DEBUG: Total gradient stack used is 420387 out of 10000000
DEBUG: Total dvariable address used is 2086 out of 150000
DEBUG: Total dvariable address used is 4013584 out of 50000000
DEBUG: Total gradient stack used is 420387 out of 10000000
DEBUG: Total dvariable address used is 2086 out of 150000
DEBUG: Total dvariable address used is 4013584 out of 50000000
DEBUG: Total gradient stack used is 420387 out of 10000000
DEBUG: Total dvariable address used is 2086 out of 150000
DEBUG: Total dvariable address used is 4013584 out of 50000000
DEBUG: Total gradient stack used is 420387 out of 10000000
DEBUG: Total dvariable address used is 2086 out of 150000
DEBUG: Total dvariable address used is 4013584 out of 50000000
DEBUG: Total gradient stack used is 420387 out of 10000000
DEBUG: Total dvariable address used is 2086 out of 150000
DEBUG: Total dvariable address used is 4013584 out of 50000000
DEBUG: Total gradient stack used is 420387 out of 10000000
DEBUG: Total dvariable address used is 2086 out of 150000
DEBUG: Total dvariable address used is 4013584 out of 50000000
DEBUG: Total gradient stack used is 420387 out of 10000000
DEBUG: Total dvariable address used is 2086 out of 150000
DEBUG: Total dvariable address used is 4013584 out of 50000000
DEBUG: Total gradient stack used is 420387 out of 10000000
DEBUG: Total dvariable address used is 2086 out of 150000
DEBUG: Total dvariable address used is 4013584 out of 50000000
DEBUG: Total gradient stack used is 420387 out of 10000000
DEBUG: Total dvariable address used is 2086 out of 150000
DEBUG: Total dvariable address used is 4013584 out of 50000000
DEBUG: Total gradient stack used is 420387 out of 10000000
DEBUG: Total dvariable address used is 2086 out of 150000
DEBUG: Total dvariable address used is 4013584 out of 50000000
DEBUG: Total gradient stack used is 420387 out of 10000000
DEBUG: Total dvariable address used is 2086 out of 150000
DEBUG: Total dvariable address used is 4013584 out of 50000000
DEBUG: Total gradient stack used is 420387 out of 10000000
DEBUG: Total dvariable address used is 2086 out of 150000
DEBUG: Total dvariable address used is 4013584 out of 50000000
DEBUG: Total gradient stack used is 420387 out of 10000000
DEBUG: Total dvariable address used is 2086 out of 150000
DEBUG: Total dvariable address used is 4013584 out of 50000000
DEBUG: Total gradient stack used is 420387 out of 10000000
DEBUG: Total dvariable address used is 2086 out of 150000
DEBUG: Total dvariable address used is 4013584 out of 50000000
DEBUG: Total gradient stack used is 420387 out of 10000000
DEBUG: Total dvariable address used is 2086 out of 150000
DEBUG: Total dvariable address used is 4013584 out of 50000000
DEBUG: Total gradient stack used is 420387 out of 10000000
DEBUG: Total dvariable address used is 2086 out of 150000
DEBUG: Total dvariable address used is 4013584 out of 50000000
DEBUG: Total gradient stack used is 420387 out of 10000000
DEBUG: Total dvariable address used is 2086 out of 150000
DEBUG: Total dvariable address used is 4013584 out of 50000000
DEBUG: Total gradient stack used is 420387 out of 10000000
DEBUG: Total dvariable address used is 2086 out of 150000
DEBUG: Total dvariable address used is 4013584 out of 50000000
DEBUG: Total gradient stack used is 420387 out of 10000000
DEBUG: Total dvariable address used is 2086 out of 150000
DEBUG: Total dvariable address used is 4013584 out of 50000000
DEBUG: Total gradient stack used is 420387 out of 10000000
DEBUG: Total dvariable address used is 2086 out of 150000
DEBUG: Total dvariable address used is 4013584 out of 50000000
DEBUG: Total gradient stack used is 420387 out of 10000000
DEBUG: Total dvariable address used is 2086 out of 150000
DEBUG: Total dvariable address used is 4013584 out of 50000000
DEBUG: Total gradient stack used is 420387 out of 10000000
DEBUG: Total dvariable address used is 2086 out of 150000
DEBUG: Total dvariable address used is 4013584 out of 50000000
DEBUG: Total gradient stack used is 420387 out of 10000000
DEBUG: Total dvariable address used is 2086 out of 150000
DEBUG: Total dvariable address used is 4013584 out of 50000000
DEBUG: Total gradient stack used is 420387 out of 10000000
DEBUG: Total dvariable address used is 2086 out of 150000
DEBUG: Total dvariable address used is 4013584 out of 50000000
DEBUG: Total gradient stack used is 420387 out of 10000000
DEBUG: Total dvariable address used is 2086 out of 150000
DEBUG: Total dvariable address used is 4013584 out of 50000000
DEBUG: Total gradient stack used is 420387 out of 10000000
DEBUG: Total dvariable address used is 2086 out of 150000
DEBUG: Total dvariable address used is 4013584 out of 50000000
DEBUG: Total gradient stack used is 420387 out of 10000000
DEBUG: Total dvariable address used is 2086 out of 150000
DEBUG: Total dvariable address used is 4013584 out of 50000000
DEBUG: Total gradient stack used is 420387 out of 10000000
DEBUG: Total dvariable address used is 2086 out of 150000
DEBUG: Total dvariable address used is 4013584 out of 50000000
DEBUG: Total gradient stack used is 420387 out of 10000000
DEBUG: Total dvariable address used is 2086 out of 150000
DEBUG: Total dvariable address used is 4013584 out of 50000000
DEBUG: Total gradient stack used is 420387 out of 10000000
DEBUG: Total dvariable address used is 2086 out of 150000
DEBUG: Total dvariable address used is 4013584 out of 50000000
DEBUG: Total gradient stack used is 420387 out of 10000000
DEBUG: Total dvariable address used is 2086 out of 150000
DEBUG: Total dvariable address used is 4013584 out of 50000000
DEBUG: Total gradient stack used is 420387 out of 10000000
DEBUG: Total dvariable address used is 2086 out of 150000
DEBUG: Total dvariable address used is 4013584 out of 50000000
DEBUG: Total gradient stack used is 420387 out of 10000000
DEBUG: Total dvariable address used is 2086 out of 150000
DEBUG: Total dvariable address used is 4013584 out of 50000000
DEBUG: Total gradient stack used is 420387 out of 10000000
DEBUG: Total dvariable address used is 2086 out of 150000
DEBUG: Total dvariable address used is 4013584 out of 50000000
DEBUG: Total gradient stack used is 420387 out of 10000000
DEBUG: Total dvariable address used is 2086 out of 150000
DEBUG: Total dvariable address used is 4013584 out of 50000000
DEBUG: Total gradient stack used is 420387 out of 10000000
DEBUG: Total dvariable address used is 2086 out of 150000
DEBUG: Total dvariable address used is 4013584 out of 50000000
DEBUG: Total gradient stack used is 420387 out of 10000000
DEBUG: Total dvariable address used is 2086 out of 150000
DEBUG: Total dvariable address used is 4013584 out of 50000000
DEBUG: Total gradient stack used is 420387 out of 10000000
DEBUG: Total dvariable address used is 2086 out of 150000
DEBUG: Total dvariable address used is 4013584 out of 50000000
DEBUG: Total gradient stack used is 420387 out of 10000000
DEBUG: Total dvariable address used is 2086 out of 150000
DEBUG: Total dvariable address used is 4013584 out of 50000000
DEBUG: Total gradient stack used is 420387 out of 10000000
DEBUG: Total dvariable address used is 2086 out of 150000
DEBUG: Total dvariable address used is 4013584 out of 50000000
DEBUG: Total gradient stack used is 420387 out of 10000000
DEBUG: Total dvariable address used is 2086 out of 150000
DEBUG: Total dvariable address used is 4013584 out of 50000000
DEBUG: Total gradient stack used is 420387 out of 10000000
DEBUG: Total dvariable address used is 2086 out of 150000
DEBUG: Total dvariable address used is 4013584 out of 50000000
DEBUG: Total gradient stack used is 420387 out of 10000000
DEBUG: Total dvariable address used is 2086 out of 150000
DEBUG: Total dvariable address used is 4013584 out of 50000000
DEBUG: Total gradient stack used is 420387 out of 10000000
DEBUG: Total dvariable address used is 2086 out of 150000
DEBUG: Total dvariable address used is 4013584 out of 50000000
DEBUG: Total gradient stack used is 420387 out of 10000000
DEBUG: Total dvariable address used is 2086 out of 150000
DEBUG: Total dvariable address used is 4013584 out of 50000000
DEBUG: Total gradient stack used is 420387 out of 10000000
DEBUG: Total dvariable address used is 2086 out of 150000
DEBUG: Total dvariable address used is 4013584 out of 50000000
DEBUG: Total gradient stack used is 420387 out of 10000000
DEBUG: Total dvariable address used is 2086 out of 150000
DEBUG: Total dvariable address used is 4013584 out of 50000000
DEBUG: Total gradient stack used is 420387 out of 10000000
DEBUG: Total dvariable address used is 2086 out of 150000
DEBUG: Total dvariable address used is 4013584 out of 50000000
DEBUG: Total gradient stack used is 420387 out of 10000000
DEBUG: Total dvariable address used is 2086 out of 150000
DEBUG: Total dvariable address used is 4013584 out of 50000000
DEBUG: Total gradient stack used is 420387 out of 10000000
DEBUG: Total dvariable address used is 2086 out of 150000
DEBUG: Total dvariable address used is 4013584 out of 50000000
DEBUG: Total gradient stack used is 420387 out of 10000000
DEBUG: Total dvariable address used is 2086 out of 150000
DEBUG: Total dvariable address used is 4013584 out of 50000000
DEBUG: Total gradient stack used is 420387 out of 10000000
DEBUG: Total dvariable address used is 2086 out of 150000
DEBUG: Total dvariable address used is 4013584 out of 50000000
DEBUG: Total gradient stack used is 420387 out of 10000000
DEBUG: Total dvariable address used is 2086 out of 150000
DEBUG: Total dvariable address used is 4013584 out of 50000000
DEBUG: Total gradient stack used is 420387 out of 10000000
DEBUG: Total dvariable address used is 2086 out of 150000
DEBUG: Total dvariable address used is 4013584 out of 50000000
DEBUG: Total gradient stack used is 420387 out of 10000000
DEBUG: Total dvariable address used is 2086 out of 150000
DEBUG: Total dvariable address used is 4013584 out of 50000000
DEBUG: Total gradient stack used is 420387 out of 10000000
DEBUG: Total dvariable address used is 2086 out of 150000
DEBUG: Total dvariable address used is 4013584 out of 50000000
DEBUG: Total gradient stack used is 420387 out of 10000000
DEBUG: Total dvariable address used is 2086 out of 150000
DEBUG: Total dvariable address used is 4013584 out of 50000000
DEBUG: Total gradient stack used is 420387 out of 10000000
DEBUG: Total dvariable address used is 2086 out of 150000
DEBUG: Total dvariable address used is 4013584 out of 50000000
DEBUG: Total gradient stack used is 420387 out of 10000000
DEBUG: Total dvariable address used is 2086 out of 150000
DEBUG: Total dvariable address used is 4013584 out of 50000000
DEBUG: Total gradient stack used is 420387 out of 10000000
DEBUG: Total dvariable address used is 2086 out of 150000
DEBUG: Total dvariable address used is 4013584 out of 50000000
DEBUG: Total gradient stack used is 420387 out of 10000000
DEBUG: Total dvariable address used is 2086 out of 150000
DEBUG: Total dvariable address used is 4013584 out of 50000000
DEBUG: Total gradient stack used is 420387 out of 10000000
DEBUG: Total dvariable address used is 2086 out of 150000
DEBUG: Total dvariable address used is 4013584 out of 50000000
DEBUG: Total gradient stack used is 420387 out of 10000000
DEBUG: Total dvariable address used is 2086 out of 150000
DEBUG: Total dvariable address used is 4013584 out of 50000000
DEBUG: Total gradient stack used is 420387 out of 10000000
DEBUG: Total dvariable address used is 2086 out of 150000
DEBUG: Total dvariable address used is 4013584 out of 50000000
DEBUG: Total gradient stack used is 420387 out of 10000000
DEBUG: Total dvariable address used is 2086 out of 150000
DEBUG: Total dvariable address used is 4013584 out of 50000000
DEBUG: Total gradient stack used is 420387 out of 10000000
DEBUG: Total dvariable address used is 2086 out of 150000
DEBUG: Total dvariable address used is 4013584 out of 50000000
DEBUG: Total gradient stack used is 420387 out of 10000000
DEBUG: Total dvariable address used is 2086 out of 150000
DEBUG: Total dvariable address used is 4013584 out of 50000000
DEBUG: Total gradient stack used is 420387 out of 10000000
DEBUG: Total dvariable address used is 2086 out of 150000
DEBUG: Total dvariable address used is 4013584 out of 50000000
DEBUG: Total gradient stack used is 420387 out of 10000000
DEBUG: Total dvariable address used is 2086 out of 150000
DEBUG: Total dvariable address used is 4013584 out of 50000000
DEBUG: Total gradient stack used is 420387 out of 10000000
DEBUG: Total dvariable address used is 2086 out of 150000
DEBUG: Total dvariable address used is 4013584 out of 50000000
DEBUG: Total gradient stack used is 420387 out of 10000000
DEBUG: Total dvariable address used is 2086 out of 150000
DEBUG: Total dvariable address used is 4013584 out of 50000000
DEBUG: Total gradient stack used is 420387 out of 10000000
DEBUG: Total dvariable address used is 2086 out of 150000
DEBUG: Total dvariable address used is 4013584 out of 50000000
DEBUG: Total gradient stack used is 420387 out of 10000000
DEBUG: Total dvariable address used is 2086 out of 150000
DEBUG: Total dvariable address used is 4013584 out of 50000000
DEBUG: Total gradient stack used is 420387 out of 10000000
DEBUG: Total dvariable address used is 2086 out of 150000
DEBUG: Total dvariable address used is 4013584 out of 50000000
DEBUG: Total gradient stack used is 420387 out of 10000000
DEBUG: Total dvariable address used is 2086 out of 150000
DEBUG: Total dvariable address used is 4013584 out of 50000000
DEBUG: Total gradient stack used is 420387 out of 10000000
DEBUG: Total dvariable address used is 2086 out of 150000
DEBUG: Total dvariable address used is 4013584 out of 50000000
DEBUG: Total gradient stack used is 420387 out of 10000000
DEBUG: Total dvariable address used is 2086 out of 150000
DEBUG: Total dvariable address used is 4013584 out of 50000000
DEBUG: Total gradient stack used is 420387 out of 10000000
DEBUG: Total dvariable address used is 2086 out of 150000
DEBUG: Total dvariable address used is 4013584 out of 50000000
DEBUG: Total gradient stack used is 420387 out of 10000000
DEBUG: Total dvariable address used is 2086 out of 150000
DEBUG: Total dvariable address used is 4013584 out of 50000000
DEBUG: Total gradient stack used is 420387 out of 10000000
DEBUG: Total dvariable address used is 2086 out of 150000
DEBUG: Total dvariable address used is 4013584 out of 50000000
DEBUG: Total gradient stack used is 420387 out of 10000000
DEBUG: Total dvariable address used is 2086 out of 150000
DEBUG: Total dvariable address used is 4013584 out of 50000000
DEBUG: Total gradient stack used is 420387 out of 10000000
DEBUG: Total dvariable address used is 2086 out of 150000
DEBUG: Total dvariable address used is 4013584 out of 50000000
DEBUG: Total gradient stack used is 420387 out of 10000000
DEBUG: Total dvariable address used is 2086 out of 150000
DEBUG: Total dvariable address used is 4013584 out of 50000000
DEBUG: Total gradient stack used is 420387 out of 10000000
DEBUG: Total dvariable address used is 2086 out of 150000
DEBUG: Total dvariable address used is 4013584 out of 50000000
DEBUG: Total gradient stack used is 420387 out of 10000000
DEBUG: Total dvariable address used is 2086 out of 150000
DEBUG: Total dvariable address used is 4013584 out of 50000000
DEBUG: Total gradient stack used is 420387 out of 10000000
DEBUG: Total dvariable address used is 2086 out of 150000
DEBUG: Total dvariable address used is 4013584 out of 50000000
DEBUG: Total gradient stack used is 420387 out of 10000000
DEBUG: Total dvariable address used is 2086 out of 150000
DEBUG: Total dvariable address used is 4013584 out of 50000000
DEBUG: Total gradient stack used is 420387 out of 10000000
DEBUG: Total dvariable address used is 2086 out of 150000
DEBUG: Total dvariable address used is 4013584 out of 50000000
DEBUG: Total gradient stack used is 420387 out of 10000000
DEBUG: Total dvariable address used is 2086 out of 150000
DEBUG: Total dvariable address used is 4013584 out of 50000000
DEBUG: Total gradient stack used is 420387 out of 10000000
DEBUG: Total dvariable address used is 2086 out of 150000
DEBUG: Total dvariable address used is 4013584 out of 50000000
DEBUG: Total gradient stack used is 420387 out of 10000000
DEBUG: Total dvariable address used is 2086 out of 150000
DEBUG: Total dvariable address used is 4013584 out of 50000000
DEBUG: Total gradient stack used is 420387 out of 10000000
DEBUG: Total dvariable address used is 2086 out of 150000
DEBUG: Total dvariable address used is 4013584 out of 50000000
DEBUG: Total gradient stack used is 420387 out of 10000000
DEBUG: Total dvariable address used is 2086 out of 150000
DEBUG: Total dvariable address used is 4013584 out of 50000000
DEBUG: Total gradient stack used is 420387 out of 10000000
DEBUG: Total dvariable address used is 2086 out of 150000
DEBUG: Total dvariable address used is 4013584 out of 50000000
DEBUG: Total gradient stack used is 420387 out of 10000000
DEBUG: Total dvariable address used is 2086 out of 150000
DEBUG: Total dvariable address used is 4013584 out of 50000000
DEBUG: Total gradient stack used is 420387 out of 10000000
DEBUG: Total dvariable address used is 2086 out of 150000
DEBUG: Total dvariable address used is 4013584 out of 50000000
DEBUG: Total gradient stack used is 420387 out of 10000000
DEBUG: Total dvariable address used is 2086 out of 150000
DEBUG: Total dvariable address used is 4013584 out of 50000000
DEBUG: Total gradient stack used is 420387 out of 10000000
DEBUG: Total dvariable address used is 2086 out of 150000
DEBUG: Total dvariable address used is 4013584 out of 50000000
DEBUG: Total gradient stack used is 420387 out of 10000000
DEBUG: Total dvariable address used is 2086 out of 150000
DEBUG: Total dvariable address used is 4013584 out of 50000000
DEBUG: Total gradient stack used is 420387 out of 10000000
DEBUG: Total dvariable address used is 2086 out of 150000
DEBUG: Total dvariable address used is 4013584 out of 50000000
DEBUG: Total gradient stack used is 420387 out of 10000000
DEBUG: Total dvariable address used is 2086 out of 150000
DEBUG: Total dvariable address used is 4013584 out of 50000000
DEBUG: Total gradient stack used is 420387 out of 10000000
DEBUG: Total dvariable address used is 2086 out of 150000
DEBUG: Total dvariable address used is 4013584 out of 50000000
DEBUG: Total gradient stack used is 420387 out of 10000000
DEBUG: Total dvariable address used is 2086 out of 150000
DEBUG: Total dvariable address used is 4013584 out of 50000000
DEBUG: Total gradient stack used is 420387 out of 10000000
DEBUG: Total dvariable address used is 2086 out of 150000
DEBUG: Total dvariable address used is 4013584 out of 50000000
DEBUG: Total gradient stack used is 420387 out of 10000000
DEBUG: Total dvariable address used is 2086 out of 150000
DEBUG: Total dvariable address used is 4013584 out of 50000000
DEBUG: Total gradient stack used is 420387 out of 10000000
DEBUG: Total dvariable address used is 2086 out of 150000
DEBUG: Total dvariable address used is 4013584 out of 50000000
DEBUG: Total gradient stack used is 420387 out of 10000000
DEBUG: Total dvariable address used is 2086 out of 150000
DEBUG: Total dvariable address used is 4013584 out of 50000000
DEBUG: Total gradient stack used is 420387 out of 10000000
DEBUG: Total dvariable address used is 2086 out of 150000
DEBUG: Total dvariable address used is 4013584 out of 50000000
DEBUG: Total gradient stack used is 420387 out of 10000000
DEBUG: Total dvariable address used is 2086 out of 150000
DEBUG: Total dvariable address used is 4013584 out of 50000000
DEBUG: Total gradient stack used is 420387 out of 10000000
DEBUG: Total dvariable address used is 2086 out of 150000
DEBUG: Total dvariable address used is 4013584 out of 50000000
DEBUG: Total gradient stack used is 420387 out of 10000000
DEBUG: Total dvariable address used is 2086 out of 150000
DEBUG: Total dvariable address used is 4013584 out of 50000000
DEBUG: Total gradient stack used is 420387 out of 10000000
DEBUG: Total dvariable address used is 2086 out of 150000
DEBUG: Total dvariable address used is 4013584 out of 50000000
DEBUG: Total gradient stack used is 420387 out of 10000000
DEBUG: Total dvariable address used is 2086 out of 150000
DEBUG: Total dvariable address used is 4013584 out of 50000000
DEBUG: Total gradient stack used is 420387 out of 10000000
DEBUG: Total dvariable address used is 2086 out of 150000
DEBUG: Total dvariable address used is 4013584 out of 50000000
DEBUG: Total gradient stack used is 420387 out of 10000000
DEBUG: Total dvariable address used is 2086 out of 150000
DEBUG: Total dvariable address used is 4013584 out of 50000000
DEBUG: Total gradient stack used is 420387 out of 10000000
DEBUG: Total dvariable address used is 2086 out of 150000
DEBUG: Total dvariable address used is 4013584 out of 50000000
DEBUG: Total gradient stack used is 420387 out of 10000000
DEBUG: Total dvariable address used is 2086 out of 150000
DEBUG: Total dvariable address used is 4013584 out of 50000000
DEBUG: Total gradient stack used is 420387 out of 10000000
DEBUG: Total dvariable address used is 2086 out of 150000
DEBUG: Total dvariable address used is 4013584 out of 50000000
DEBUG: Total gradient stack used is 420387 out of 10000000
DEBUG: Total dvariable address used is 2086 out of 150000
DEBUG: Total dvariable address used is 4013584 out of 50000000
DEBUG: Total gradient stack used is 420387 out of 10000000
DEBUG: Total dvariable address used is 2086 out of 150000
DEBUG: Total dvariable address used is 4013584 out of 50000000
DEBUG: Total gradient stack used is 420387 out of 10000000
DEBUG: Total dvariable address used is 2086 out of 150000
DEBUG: Total dvariable address used is 4013584 out of 50000000
DEBUG: Total gradient stack used is 420387 out of 10000000
DEBUG: Total dvariable address used is 2086 out of 150000
DEBUG: Total dvariable address used is 4013584 out of 50000000
DEBUG: Total gradient stack used is 420387 out of 10000000
DEBUG: Total dvariable address used is 2086 out of 150000
DEBUG: Total dvariable address used is 4013584 out of 50000000
DEBUG: Total gradient stack used is 420387 out of 10000000
DEBUG: Total dvariable address used is 2086 out of 150000
DEBUG: Total dvariable address used is 4013584 out of 50000000
DEBUG: Total gradient stack used is 420387 out of 10000000
DEBUG: Total dvariable address used is 2086 out of 150000
DEBUG: Total dvariable address used is 4013584 out of 50000000
DEBUG: Total gradient stack used is 420387 out of 10000000
DEBUG: Total dvariable address used is 2086 out of 150000
DEBUG: Total dvariable address used is 4013584 out of 50000000
DEBUG: Total gradient stack used is 420387 out of 10000000
DEBUG: Total dvariable address used is 2086 out of 150000
DEBUG: Total dvariable address used is 4013584 out of 50000000
DEBUG: Total gradient stack used is 420387 out of 10000000
DEBUG: Total dvariable address used is 2086 out of 150000
DEBUG: Total dvariable address used is 4013584 out of 50000000
DEBUG: Total gradient stack used is 420387 out of 10000000
DEBUG: Total dvariable address used is 2086 out of 150000
DEBUG: Total dvariable address used is 4013584 out of 50000000
DEBUG: Total gradient stack used is 420387 out of 10000000
DEBUG: Total dvariable address used is 2086 out of 150000
DEBUG: Total dvariable address used is 4013584 out of 50000000
DEBUG: Total gradient stack used is 420387 out of 10000000
DEBUG: Total dvariable address used is 2086 out of 150000
DEBUG: Total dvariable address used is 4013584 out of 50000000
DEBUG: Total gradient stack used is 420387 out of 10000000
DEBUG: Total dvariable address used is 2086 out of 150000
DEBUG: Total dvariable address used is 4013584 out of 50000000
DEBUG: Total gradient stack used is 420387 out of 10000000
DEBUG: Total dvariable address used is 2086 out of 150000
DEBUG: Total dvariable address used is 4013584 out of 50000000
DEBUG: Total gradient stack used is 420387 out of 10000000
DEBUG: Total dvariable address used is 2086 out of 150000
DEBUG: Total dvariable address used is 4013584 out of 50000000
DEBUG: Total gradient stack used is 420387 out of 10000000
DEBUG: Total dvariable address used is 2086 out of 150000
DEBUG: Total dvariable address used is 4013584 out of 50000000
DEBUG: Total gradient stack used is 420387 out of 10000000
DEBUG: Total dvariable address used is 2086 out of 150000
DEBUG: Total dvariable address used is 4013584 out of 50000000
DEBUG: Total gradient stack used is 420387 out of 10000000
DEBUG: Total dvariable address used is 2086 out of 150000
DEBUG: Total dvariable address used is 4013584 out of 50000000
DEBUG: Total gradient stack used is 420387 out of 10000000
DEBUG: Total dvariable address used is 2086 out of 150000
DEBUG: Total dvariable address used is 4013584 out of 50000000
DEBUG: Total gradient stack used is 420387 out of 10000000
DEBUG: Total dvariable address used is 2086 out of 150000
DEBUG: Total dvariable address used is 4013584 out of 50000000
DEBUG: Total gradient stack used is 420387 out of 10000000
DEBUG: Total dvariable address used is 2086 out of 150000
DEBUG: Total dvariable address used is 4013584 out of 50000000
DEBUG: Total gradient stack used is 420387 out of 10000000
DEBUG: Total dvariable address used is 2086 out of 150000
DEBUG: Total dvariable address used is 4013584 out of 50000000
DEBUG: Total gradient stack used is 420387 out of 10000000
DEBUG: Total dvariable address used is 2086 out of 150000
DEBUG: Total dvariable address used is 4013584 out of 50000000
DEBUG: Total gradient stack used is 420387 out of 10000000
DEBUG: Total dvariable address used is 2086 out of 150000
DEBUG: Total dvariable address used is 4013584 out of 50000000
DEBUG: Total gradient stack used is 420387 out of 10000000
DEBUG: Total dvariable address used is 2086 out of 150000
DEBUG: Total dvariable address used is 4013584 out of 50000000
DEBUG: Total gradient stack used is 420387 out of 10000000
DEBUG: Total dvariable address used is 2086 out of 150000
DEBUG: Total dvariable address used is 4013584 out of 50000000
DEBUG: Total gradient stack used is 420387 out of 10000000
DEBUG: Total dvariable address used is 2086 out of 150000
DEBUG: Total dvariable address used is 4013584 out of 50000000
DEBUG: Total gradient stack used is 420387 out of 10000000
DEBUG: Total dvariable address used is 2086 out of 150000
DEBUG: Total dvariable address used is 4013584 out of 50000000
DEBUG: Total gradient stack used is 420387 out of 10000000
DEBUG: Total dvariable address used is 2086 out of 150000
DEBUG: Total dvariable address used is 4013584 out of 50000000
DEBUG: Total gradient stack used is 420387 out of 10000000
DEBUG: Total dvariable address used is 2086 out of 150000
DEBUG: Total dvariable address used is 4013584 out of 50000000
DEBUG: Total gradient stack used is 420387 out of 10000000
DEBUG: Total dvariable address used is 2086 out of 150000
DEBUG: Total dvariable address used is 4013584 out of 50000000
DEBUG: Total gradient stack used is 420387 out of 10000000
DEBUG: Total dvariable address used is 2086 out of 150000
DEBUG: Total dvariable address used is 4013584 out of 50000000
DEBUG: Total gradient stack used is 420387 out of 10000000
DEBUG: Total dvariable address used is 2086 out of 150000
DEBUG: Total dvariable address used is 4013584 out of 50000000
DEBUG: Total gradient stack used is 420387 out of 10000000
DEBUG: Total dvariable address used is 2086 out of 150000
DEBUG: Total dvariable address used is 4013584 out of 50000000
DEBUG: Total gradient stack used is 420387 out of 10000000
DEBUG: Total dvariable address used is 2086 out of 150000
DEBUG: Total dvariable address used is 4013584 out of 50000000
DEBUG: Total gradient stack used is 420387 out of 10000000
DEBUG: Total dvariable address used is 2086 out of 150000
DEBUG: Total dvariable address used is 4013584 out of 50000000
DEBUG: Total gradient stack used is 420387 out of 10000000
DEBUG: Total dvariable address used is 2086 out of 150000
DEBUG: Total dvariable address used is 4013584 out of 50000000
DEBUG: Total gradient stack used is 420387 out of 10000000
DEBUG: Total dvariable address used is 2086 out of 150000
DEBUG: Total dvariable address used is 4013584 out of 50000000
DEBUG: Total gradient stack used is 420387 out of 10000000
DEBUG: Total dvariable address used is 2086 out of 150000
DEBUG: Total dvariable address used is 4013584 out of 50000000
DEBUG: Total gradient stack used is 420387 out of 10000000
DEBUG: Total dvariable address used is 2086 out of 150000
DEBUG: Total dvariable address used is 4013584 out of 50000000
DEBUG: Total gradient stack used is 420387 out of 10000000
DEBUG: Total dvariable address used is 2086 out of 150000
DEBUG: Total dvariable address used is 4013584 out of 50000000
DEBUG: Total gradient stack used is 420387 out of 10000000
DEBUG: Total dvariable address used is 2086 out of 150000
DEBUG: Total dvariable address used is 4013584 out of 50000000
DEBUG: Total gradient stack used is 420387 out of 10000000
DEBUG: Total dvariable address used is 2086 out of 150000
DEBUG: Total dvariable address used is 4013584 out of 50000000
DEBUG: Total gradient stack used is 420387 out of 10000000
DEBUG: Total dvariable address used is 2086 out of 150000
DEBUG: Total dvariable address used is 4013584 out of 50000000
DEBUG: Total gradient stack used is 420387 out of 10000000
DEBUG: Total dvariable address used is 2086 out of 150000
DEBUG: Total dvariable address used is 4013584 out of 50000000
DEBUG: Total gradient stack used is 420387 out of 10000000
DEBUG: Total dvariable address used is 2086 out of 150000
DEBUG: Total dvariable address used is 4013584 out of 50000000
DEBUG: Total gradient stack used is 420387 out of 10000000
DEBUG: Total dvariable address used is 2086 out of 150000
DEBUG: Total dvariable address used is 4013584 out of 50000000
DEBUG: Total gradient stack used is 420387 out of 10000000
DEBUG: Total dvariable address used is 2086 out of 150000
DEBUG: Total dvariable address used is 4013584 out of 50000000
DEBUG: Total gradient stack used is 420387 out of 10000000
DEBUG: Total dvariable address used is 2086 out of 150000
DEBUG: Total dvariable address used is 4013584 out of 50000000
DEBUG: Total gradient stack used is 420387 out of 10000000
DEBUG: Total dvariable address used is 2086 out of 150000
DEBUG: Total dvariable address used is 4013584 out of 50000000
DEBUG: Total gradient stack used is 420387 out of 10000000
DEBUG: Total dvariable address used is 2086 out of 150000
DEBUG: Total dvariable address used is 4013584 out of 50000000
DEBUG: Total gradient stack used is 420387 out of 10000000
DEBUG: Total dvariable address used is 2086 out of 150000
DEBUG: Total dvariable address used is 4013584 out of 50000000
DEBUG: Total gradient stack used is 420387 out of 10000000
DEBUG: Total dvariable address used is 2086 out of 150000
DEBUG: Total dvariable address used is 4013584 out of 50000000
DEBUG: Total gradient stack used is 420387 out of 10000000
DEBUG: Total dvariable address used is 2086 out of 150000
DEBUG: Total dvariable address used is 4013584 out of 50000000
DEBUG: Total gradient stack used is 420387 out of 10000000
DEBUG: Total dvariable address used is 2086 out of 150000
DEBUG: Total dvariable address used is 4013584 out of 50000000
DEBUG: Total gradient stack used is 420387 out of 10000000
DEBUG: Total dvariable address used is 2086 out of 150000
DEBUG: Total dvariable address used is 4013584 out of 50000000
DEBUG: Total gradient stack used is 420387 out of 10000000
DEBUG: Total dvariable address used is 2086 out of 150000
DEBUG: Total dvariable address used is 4013584 out of 50000000
DEBUG: Total gradient stack used is 420387 out of 10000000
DEBUG: Total dvariable address used is 2086 out of 150000
DEBUG: Total dvariable address used is 4013584 out of 50000000
DEBUG: Total gradient stack used is 420387 out of 10000000
DEBUG: Total dvariable address used is 2086 out of 150000
DEBUG: Total dvariable address used is 4013584 out of 50000000
DEBUG: Total gradient stack used is 420387 out of 10000000
DEBUG: Total dvariable address used is 2086 out of 150000
DEBUG: Total dvariable address used is 4013584 out of 50000000
DEBUG: Total gradient stack used is 420387 out of 10000000
DEBUG: Total dvariable address used is 2086 out of 150000
DEBUG: Total dvariable address used is 4013584 out of 50000000
DEBUG: Total gradient stack used is 420387 out of 10000000
DEBUG: Total dvariable address used is 2086 out of 150000
DEBUG: Total dvariable address used is 4013584 out of 50000000
DEBUG: Total gradient stack used is 420387 out of 10000000
DEBUG: Total dvariable address used is 2086 out of 150000
DEBUG: Total dvariable address used is 4013584 out of 50000000
DEBUG: Total gradient stack used is 420387 out of 10000000
DEBUG: Total dvariable address used is 2086 out of 150000
DEBUG: Total dvariable address used is 4013584 out of 50000000
DEBUG: Total gradient stack used is 420387 out of 10000000
DEBUG: Total dvariable address used is 2086 out of 150000
DEBUG: Total dvariable address used is 4013584 out of 50000000
DEBUG: Total gradient stack used is 420387 out of 10000000
DEBUG: Total dvariable address used is 2086 out of 150000
DEBUG: Total dvariable address used is 4013584 out of 50000000
DEBUG: Total gradient stack used is 420387 out of 10000000
DEBUG: Total dvariable address used is 2086 out of 150000
DEBUG: Total dvariable address used is 4013584 out of 50000000
DEBUG: Total gradient stack used is 420387 out of 10000000
DEBUG: Total dvariable address used is 2086 out of 150000
DEBUG: Total dvariable address used is 4013584 out of 50000000
DEBUG: Total gradient stack used is 420387 out of 10000000
DEBUG: Total dvariable address used is 2086 out of 150000
DEBUG: Total dvariable address used is 4013584 out of 50000000
DEBUG: Total gradient stack used is 420387 out of 10000000
DEBUG: Total dvariable address used is 2086 out of 150000
DEBUG: Total dvariable address used is 4013584 out of 50000000
DEBUG: Total gradient stack used is 420387 out of 10000000
DEBUG: Total dvariable address used is 2086 out of 150000
DEBUG: Total dvariable address used is 4013584 out of 50000000
DEBUG: Total gradient stack used is 420387 out of 10000000
DEBUG: Total dvariable address used is 2086 out of 150000
DEBUG: Total dvariable address used is 4013584 out of 50000000
DEBUG: Total gradient stack used is 420387 out of 10000000
DEBUG: Total dvariable address used is 2086 out of 150000
DEBUG: Total dvariable address used is 4013584 out of 50000000
DEBUG: Total gradient stack used is 420387 out of 10000000
DEBUG: Total dvariable address used is 2086 out of 150000
DEBUG: Total dvariable address used is 4013584 out of 50000000
DEBUG: Total gradient stack used is 420387 out of 10000000
DEBUG: Total dvariable address used is 2086 out of 150000
DEBUG: Total dvariable address used is 4013584 out of 50000000
DEBUG: Total gradient stack used is 420387 out of 10000000
DEBUG: Total dvariable address used is 2086 out of 150000
DEBUG: Total dvariable address used is 4013584 out of 50000000
DEBUG: Total gradient stack used is 420387 out of 10000000
DEBUG: Total dvariable address used is 2086 out of 150000
DEBUG: Total dvariable address used is 4013584 out of 50000000
DEBUG: Total gradient stack used is 420387 out of 10000000
DEBUG: Total dvariable address used is 2086 out of 150000
DEBUG: Total dvariable address used is 4013584 out of 50000000
DEBUG: Total gradient stack used is 420387 out of 10000000
DEBUG: Total dvariable address used is 2086 out of 150000
DEBUG: Total dvariable address used is 4013584 out of 50000000
DEBUG: Total gradient stack used is 420387 out of 10000000
DEBUG: Total dvariable address used is 2086 out of 150000
DEBUG: Total dvariable address used is 4013584 out of 50000000
DEBUG: Total gradient stack used is 420387 out of 10000000
DEBUG: Total dvariable address used is 2086 out of 150000
DEBUG: Total dvariable address used is 4013584 out of 50000000
DEBUG: Total gradient stack used is 420387 out of 10000000
DEBUG: Total dvariable address used is 2086 out of 150000
DEBUG: Total dvariable address used is 4013584 out of 50000000
DEBUG: Total gradient stack used is 420387 out of 10000000
DEBUG: Total dvariable address used is 2086 out of 150000
DEBUG: Total dvariable address used is 4013584 out of 50000000
DEBUG: Total gradient stack used is 420387 out of 10000000
DEBUG: Total dvariable address used is 2086 out of 150000
DEBUG: Total dvariable address used is 4013584 out of 50000000
DEBUG: Total gradient stack used is 420387 out of 10000000
DEBUG: Total dvariable address used is 2086 out of 150000
DEBUG: Total dvariable address used is 4013584 out of 50000000
DEBUG: Total gradient stack used is 420387 out of 10000000
DEBUG: Total dvariable address used is 2086 out of 150000
DEBUG: Total dvariable address used is 4013584 out of 50000000
DEBUG: Total gradient stack used is 420387 out of 10000000
DEBUG: Total dvariable address used is 2086 out of 150000
DEBUG: Total dvariable address used is 4013584 out of 50000000
DEBUG: Total gradient stack used is 420387 out of 10000000
DEBUG: Total dvariable address used is 2086 out of 150000
DEBUG: Total dvariable address used is 4013584 out of 50000000
DEBUG: Total gradient stack used is 420387 out of 10000000
DEBUG: Total dvariable address used is 2086 out of 150000
DEBUG: Total dvariable address used is 4013584 out of 50000000
DEBUG: Total gradient stack used is 420387 out of 10000000
DEBUG: Total dvariable address used is 2086 out of 150000
DEBUG: Total dvariable address used is 4013584 out of 50000000
DEBUG: Total gradient stack used is 420387 out of 10000000
DEBUG: Total dvariable address used is 2086 out of 150000
DEBUG: Total dvariable address used is 4013584 out of 50000000
DEBUG: Total gradient stack used is 420387 out of 10000000
DEBUG: Total dvariable address used is 2086 out of 150000
DEBUG: Total dvariable address used is 4013584 out of 50000000
, 40%DEBUG: Total gradient stack used is 420387 out of 10000000
DEBUG: Total dvariable address used is 2086 out of 150000
DEBUG: Total dvariable address used is 4013584 out of 50000000
DEBUG: Total gradient stack used is 420387 out of 10000000
DEBUG: Total dvariable address used is 2086 out of 150000
DEBUG: Total dvariable address used is 4013584 out of 50000000
DEBUG: Total gradient stack used is 420387 out of 10000000
DEBUG: Total dvariable address used is 2086 out of 150000
DEBUG: Total dvariable address used is 4013584 out of 50000000
DEBUG: Total gradient stack used is 420387 out of 10000000
DEBUG: Total dvariable address used is 2086 out of 150000
DEBUG: Total dvariable address used is 4013584 out of 50000000
DEBUG: Total gradient stack used is 420387 out of 10000000
DEBUG: Total dvariable address used is 2086 out of 150000
DEBUG: Total dvariable address used is 4013584 out of 50000000
DEBUG: Total gradient stack used is 420387 out of 10000000
DEBUG: Total dvariable address used is 2086 out of 150000
DEBUG: Total dvariable address used is 4013584 out of 50000000
DEBUG: Total gradient stack used is 420387 out of 10000000
DEBUG: Total dvariable address used is 2086 out of 150000
DEBUG: Total dvariable address used is 4013584 out of 50000000
DEBUG: Total gradient stack used is 420387 out of 10000000
DEBUG: Total dvariable address used is 2086 out of 150000
DEBUG: Total dvariable address used is 4013584 out of 50000000
DEBUG: Total gradient stack used is 420387 out of 10000000
DEBUG: Total dvariable address used is 2086 out of 150000
DEBUG: Total dvariable address used is 4013584 out of 50000000
DEBUG: Total gradient stack used is 420387 out of 10000000
DEBUG: Total dvariable address used is 2086 out of 150000
DEBUG: Total dvariable address used is 4013584 out of 50000000
DEBUG: Total gradient stack used is 420387 out of 10000000
DEBUG: Total dvariable address used is 2086 out of 150000
DEBUG: Total dvariable address used is 4013584 out of 50000000
DEBUG: Total gradient stack used is 420387 out of 10000000
DEBUG: Total dvariable address used is 2086 out of 150000
DEBUG: Total dvariable address used is 4013584 out of 50000000
DEBUG: Total gradient stack used is 420387 out of 10000000
DEBUG: Total dvariable address used is 2086 out of 150000
DEBUG: Total dvariable address used is 4013584 out of 50000000
DEBUG: Total gradient stack used is 420387 out of 10000000
DEBUG: Total dvariable address used is 2086 out of 150000
DEBUG: Total dvariable address used is 4013584 out of 50000000
DEBUG: Total gradient stack used is 420387 out of 10000000
DEBUG: Total dvariable address used is 2086 out of 150000
DEBUG: Total dvariable address used is 4013584 out of 50000000
DEBUG: Total gradient stack used is 420387 out of 10000000
DEBUG: Total dvariable address used is 2086 out of 150000
DEBUG: Total dvariable address used is 4013584 out of 50000000
DEBUG: Total gradient stack used is 420387 out of 10000000
DEBUG: Total dvariable address used is 2086 out of 150000
DEBUG: Total dvariable address used is 4013584 out of 50000000
DEBUG: Total gradient stack used is 420387 out of 10000000
DEBUG: Total dvariable address used is 2086 out of 150000
DEBUG: Total dvariable address used is 4013584 out of 50000000
DEBUG: Total gradient stack used is 420387 out of 10000000
DEBUG: Total dvariable address used is 2086 out of 150000
DEBUG: Total dvariable address used is 4013584 out of 50000000
DEBUG: Total gradient stack used is 420387 out of 10000000
DEBUG: Total dvariable address used is 2086 out of 150000
DEBUG: Total dvariable address used is 4013584 out of 50000000
DEBUG: Total gradient stack used is 420387 out of 10000000
DEBUG: Total dvariable address used is 2086 out of 150000
DEBUG: Total dvariable address used is 4013584 out of 50000000
DEBUG: Total gradient stack used is 420387 out of 10000000
DEBUG: Total dvariable address used is 2086 out of 150000
DEBUG: Total dvariable address used is 4013584 out of 50000000
DEBUG: Total gradient stack used is 420387 out of 10000000
DEBUG: Total dvariable address used is 2086 out of 150000
DEBUG: Total dvariable address used is 4013584 out of 50000000
DEBUG: Total gradient stack used is 420387 out of 10000000
DEBUG: Total dvariable address used is 2086 out of 150000
DEBUG: Total dvariable address used is 4013584 out of 50000000
DEBUG: Total gradient stack used is 420387 out of 10000000
DEBUG: Total dvariable address used is 2086 out of 150000
DEBUG: Total dvariable address used is 4013584 out of 50000000
DEBUG: Total gradient stack used is 420387 out of 10000000
DEBUG: Total dvariable address used is 2086 out of 150000
DEBUG: Total dvariable address used is 4013584 out of 50000000
DEBUG: Total gradient stack used is 420387 out of 10000000
DEBUG: Total dvariable address used is 2086 out of 150000
DEBUG: Total dvariable address used is 4013584 out of 50000000
DEBUG: Total gradient stack used is 420387 out of 10000000
DEBUG: Total dvariable address used is 2086 out of 150000
DEBUG: Total dvariable address used is 4013584 out of 50000000
DEBUG: Total gradient stack used is 420387 out of 10000000
DEBUG: Total dvariable address used is 2086 out of 150000
DEBUG: Total dvariable address used is 4013584 out of 50000000
DEBUG: Total gradient stack used is 420387 out of 10000000
DEBUG: Total dvariable address used is 2086 out of 150000
DEBUG: Total dvariable address used is 4013584 out of 50000000
DEBUG: Total gradient stack used is 420387 out of 10000000
DEBUG: Total dvariable address used is 2086 out of 150000
DEBUG: Total dvariable address used is 4013584 out of 50000000
DEBUG: Total gradient stack used is 420387 out of 10000000
DEBUG: Total dvariable address used is 2086 out of 150000
DEBUG: Total dvariable address used is 4013584 out of 50000000
DEBUG: Total gradient stack used is 420387 out of 10000000
DEBUG: Total dvariable address used is 2086 out of 150000
DEBUG: Total dvariable address used is 4013584 out of 50000000
DEBUG: Total gradient stack used is 420387 out of 10000000
DEBUG: Total dvariable address used is 2086 out of 150000
DEBUG: Total dvariable address used is 4013584 out of 50000000
DEBUG: Total gradient stack used is 420387 out of 10000000
DEBUG: Total dvariable address used is 2086 out of 150000
DEBUG: Total dvariable address used is 4013584 out of 50000000
DEBUG: Total gradient stack used is 420387 out of 10000000
DEBUG: Total dvariable address used is 2086 out of 150000
DEBUG: Total dvariable address used is 4013584 out of 50000000
DEBUG: Total gradient stack used is 420387 out of 10000000
DEBUG: Total dvariable address used is 2086 out of 150000
DEBUG: Total dvariable address used is 4013584 out of 50000000
DEBUG: Total gradient stack used is 420387 out of 10000000
DEBUG: Total dvariable address used is 2086 out of 150000
DEBUG: Total dvariable address used is 4013584 out of 50000000
DEBUG: Total gradient stack used is 420387 out of 10000000
DEBUG: Total dvariable address used is 2086 out of 150000
DEBUG: Total dvariable address used is 4013584 out of 50000000
DEBUG: Total gradient stack used is 420387 out of 10000000
DEBUG: Total dvariable address used is 2086 out of 150000
DEBUG: Total dvariable address used is 4013584 out of 50000000
DEBUG: Total gradient stack used is 420387 out of 10000000
DEBUG: Total dvariable address used is 2086 out of 150000
DEBUG: Total dvariable address used is 4013584 out of 50000000
DEBUG: Total gradient stack used is 420387 out of 10000000
DEBUG: Total dvariable address used is 2086 out of 150000
DEBUG: Total dvariable address used is 4013584 out of 50000000
DEBUG: Total gradient stack used is 420387 out of 10000000
DEBUG: Total dvariable address used is 2086 out of 150000
DEBUG: Total dvariable address used is 4013584 out of 50000000
DEBUG: Total gradient stack used is 420387 out of 10000000
DEBUG: Total dvariable address used is 2086 out of 150000
DEBUG: Total dvariable address used is 4013584 out of 50000000
DEBUG: Total gradient stack used is 420387 out of 10000000
DEBUG: Total dvariable address used is 2086 out of 150000
DEBUG: Total dvariable address used is 4013584 out of 50000000
DEBUG: Total gradient stack used is 420387 out of 10000000
DEBUG: Total dvariable address used is 2086 out of 150000
DEBUG: Total dvariable address used is 4013584 out of 50000000
DEBUG: Total gradient stack used is 420387 out of 10000000
DEBUG: Total dvariable address used is 2086 out of 150000
DEBUG: Total dvariable address used is 4013584 out of 50000000
DEBUG: Total gradient stack used is 420387 out of 10000000
DEBUG: Total dvariable address used is 2086 out of 150000
DEBUG: Total dvariable address used is 4013584 out of 50000000
DEBUG: Total gradient stack used is 420387 out of 10000000
DEBUG: Total dvariable address used is 2086 out of 150000
DEBUG: Total dvariable address used is 4013584 out of 50000000
DEBUG: Total gradient stack used is 420387 out of 10000000
DEBUG: Total dvariable address used is 2086 out of 150000
DEBUG: Total dvariable address used is 4013584 out of 50000000
DEBUG: Total gradient stack used is 420387 out of 10000000
DEBUG: Total dvariable address used is 2086 out of 150000
DEBUG: Total dvariable address used is 4013584 out of 50000000
DEBUG: Total gradient stack used is 420387 out of 10000000
DEBUG: Total dvariable address used is 2086 out of 150000
DEBUG: Total dvariable address used is 4013584 out of 50000000
DEBUG: Total gradient stack used is 420387 out of 10000000
DEBUG: Total dvariable address used is 2086 out of 150000
DEBUG: Total dvariable address used is 4013584 out of 50000000
DEBUG: Total gradient stack used is 420387 out of 10000000
DEBUG: Total dvariable address used is 2086 out of 150000
DEBUG: Total dvariable address used is 4013584 out of 50000000
DEBUG: Total gradient stack used is 420387 out of 10000000
DEBUG: Total dvariable address used is 2086 out of 150000
DEBUG: Total dvariable address used is 4013584 out of 50000000
DEBUG: Total gradient stack used is 420387 out of 10000000
DEBUG: Total dvariable address used is 2086 out of 150000
DEBUG: Total dvariable address used is 4013584 out of 50000000
DEBUG: Total gradient stack used is 420387 out of 10000000
DEBUG: Total dvariable address used is 2086 out of 150000
DEBUG: Total dvariable address used is 4013584 out of 50000000
DEBUG: Total gradient stack used is 420387 out of 10000000
DEBUG: Total dvariable address used is 2086 out of 150000
DEBUG: Total dvariable address used is 4013584 out of 50000000
DEBUG: Total gradient stack used is 420387 out of 10000000
DEBUG: Total dvariable address used is 2086 out of 150000
DEBUG: Total dvariable address used is 4013584 out of 50000000
DEBUG: Total gradient stack used is 420387 out of 10000000
DEBUG: Total dvariable address used is 2086 out of 150000
DEBUG: Total dvariable address used is 4013584 out of 50000000
DEBUG: Total gradient stack used is 420387 out of 10000000
DEBUG: Total dvariable address used is 2086 out of 150000
DEBUG: Total dvariable address used is 4013584 out of 50000000
DEBUG: Total gradient stack used is 420387 out of 10000000
DEBUG: Total dvariable address used is 2086 out of 150000
DEBUG: Total dvariable address used is 4013584 out of 50000000
DEBUG: Total gradient stack used is 420387 out of 10000000
DEBUG: Total dvariable address used is 2086 out of 150000
DEBUG: Total dvariable address used is 4013584 out of 50000000
DEBUG: Total gradient stack used is 420387 out of 10000000
DEBUG: Total dvariable address used is 2086 out of 150000
DEBUG: Total dvariable address used is 4013584 out of 50000000
DEBUG: Total gradient stack used is 420387 out of 10000000
DEBUG: Total dvariable address used is 2086 out of 150000
DEBUG: Total dvariable address used is 4013584 out of 50000000
DEBUG: Total gradient stack used is 420387 out of 10000000
DEBUG: Total dvariable address used is 2086 out of 150000
DEBUG: Total dvariable address used is 4013584 out of 50000000
DEBUG: Total gradient stack used is 420387 out of 10000000
DEBUG: Total dvariable address used is 2086 out of 150000
DEBUG: Total dvariable address used is 4013584 out of 50000000
DEBUG: Total gradient stack used is 420387 out of 10000000
DEBUG: Total dvariable address used is 2086 out of 150000
DEBUG: Total dvariable address used is 4013584 out of 50000000
DEBUG: Total gradient stack used is 420387 out of 10000000
DEBUG: Total dvariable address used is 2086 out of 150000
DEBUG: Total dvariable address used is 4013584 out of 50000000
DEBUG: Total gradient stack used is 420387 out of 10000000
DEBUG: Total dvariable address used is 2086 out of 150000
DEBUG: Total dvariable address used is 4013584 out of 50000000
DEBUG: Total gradient stack used is 420387 out of 10000000
DEBUG: Total dvariable address used is 2086 out of 150000
DEBUG: Total dvariable address used is 4013584 out of 50000000
DEBUG: Total gradient stack used is 420387 out of 10000000
DEBUG: Total dvariable address used is 2086 out of 150000
DEBUG: Total dvariable address used is 4013584 out of 50000000
DEBUG: Total gradient stack used is 420387 out of 10000000
DEBUG: Total dvariable address used is 2086 out of 150000
DEBUG: Total dvariable address used is 4013584 out of 50000000
DEBUG: Total gradient stack used is 420387 out of 10000000
DEBUG: Total dvariable address used is 2086 out of 150000
DEBUG: Total dvariable address used is 4013584 out of 50000000
DEBUG: Total gradient stack used is 420387 out of 10000000
DEBUG: Total dvariable address used is 2086 out of 150000
DEBUG: Total dvariable address used is 4013584 out of 50000000
DEBUG: Total gradient stack used is 420387 out of 10000000
DEBUG: Total dvariable address used is 2086 out of 150000
DEBUG: Total dvariable address used is 4013584 out of 50000000
DEBUG: Total gradient stack used is 420387 out of 10000000
DEBUG: Total dvariable address used is 2086 out of 150000
DEBUG: Total dvariable address used is 4013584 out of 50000000
DEBUG: Total gradient stack used is 420387 out of 10000000
DEBUG: Total dvariable address used is 2086 out of 150000
DEBUG: Total dvariable address used is 4013584 out of 50000000
DEBUG: Total gradient stack used is 420387 out of 10000000
DEBUG: Total dvariable address used is 2086 out of 150000
DEBUG: Total dvariable address used is 4013584 out of 50000000
DEBUG: Total gradient stack used is 420387 out of 10000000
DEBUG: Total dvariable address used is 2086 out of 150000
DEBUG: Total dvariable address used is 4013584 out of 50000000
DEBUG: Total gradient stack used is 420387 out of 10000000
DEBUG: Total dvariable address used is 2086 out of 150000
DEBUG: Total dvariable address used is 4013584 out of 50000000
DEBUG: Total gradient stack used is 420387 out of 10000000
DEBUG: Total dvariable address used is 2086 out of 150000
DEBUG: Total dvariable address used is 4013584 out of 50000000
DEBUG: Total gradient stack used is 420387 out of 10000000
DEBUG: Total dvariable address used is 2086 out of 150000
DEBUG: Total dvariable address used is 4013584 out of 50000000
DEBUG: Total gradient stack used is 420387 out of 10000000
DEBUG: Total dvariable address used is 2086 out of 150000
DEBUG: Total dvariable address used is 4013584 out of 50000000
DEBUG: Total gradient stack used is 420387 out of 10000000
DEBUG: Total dvariable address used is 2086 out of 150000
DEBUG: Total dvariable address used is 4013584 out of 50000000
DEBUG: Total gradient stack used is 420387 out of 10000000
DEBUG: Total dvariable address used is 2086 out of 150000
DEBUG: Total dvariable address used is 4013584 out of 50000000
DEBUG: Total gradient stack used is 420387 out of 10000000
DEBUG: Total dvariable address used is 2086 out of 150000
DEBUG: Total dvariable address used is 4013584 out of 50000000
DEBUG: Total gradient stack used is 420387 out of 10000000
DEBUG: Total dvariable address used is 2086 out of 150000
DEBUG: Total dvariable address used is 4013584 out of 50000000
DEBUG: Total gradient stack used is 420387 out of 10000000
DEBUG: Total dvariable address used is 2086 out of 150000
DEBUG: Total dvariable address used is 4013584 out of 50000000
DEBUG: Total gradient stack used is 420387 out of 10000000
DEBUG: Total dvariable address used is 2086 out of 150000
DEBUG: Total dvariable address used is 4013584 out of 50000000
DEBUG: Total gradient stack used is 420387 out of 10000000
DEBUG: Total dvariable address used is 2086 out of 150000
DEBUG: Total dvariable address used is 4013584 out of 50000000
DEBUG: Total gradient stack used is 420387 out of 10000000
DEBUG: Total dvariable address used is 2086 out of 150000
DEBUG: Total dvariable address used is 4013584 out of 50000000
DEBUG: Total gradient stack used is 420387 out of 10000000
DEBUG: Total dvariable address used is 2086 out of 150000
DEBUG: Total dvariable address used is 4013584 out of 50000000
DEBUG: Total gradient stack used is 420387 out of 10000000
DEBUG: Total dvariable address used is 2086 out of 150000
DEBUG: Total dvariable address used is 4013584 out of 50000000
DEBUG: Total gradient stack used is 420387 out of 10000000
DEBUG: Total dvariable address used is 2086 out of 150000
DEBUG: Total dvariable address used is 4013584 out of 50000000
DEBUG: Total gradient stack used is 420387 out of 10000000
DEBUG: Total dvariable address used is 2086 out of 150000
DEBUG: Total dvariable address used is 4013584 out of 50000000
DEBUG: Total gradient stack used is 420387 out of 10000000
DEBUG: Total dvariable address used is 2086 out of 150000
DEBUG: Total dvariable address used is 4013584 out of 50000000
DEBUG: Total gradient stack used is 420387 out of 10000000
DEBUG: Total dvariable address used is 2086 out of 150000
DEBUG: Total dvariable address used is 4013584 out of 50000000
DEBUG: Total gradient stack used is 420387 out of 10000000
DEBUG: Total dvariable address used is 2086 out of 150000
DEBUG: Total dvariable address used is 4013584 out of 50000000
DEBUG: Total gradient stack used is 420387 out of 10000000
DEBUG: Total dvariable address used is 2086 out of 150000
DEBUG: Total dvariable address used is 4013584 out of 50000000
DEBUG: Total gradient stack used is 420387 out of 10000000
DEBUG: Total dvariable address used is 2086 out of 150000
DEBUG: Total dvariable address used is 4013584 out of 50000000
DEBUG: Total gradient stack used is 420387 out of 10000000
DEBUG: Total dvariable address used is 2086 out of 150000
DEBUG: Total dvariable address used is 4013584 out of 50000000
DEBUG: Total gradient stack used is 420387 out of 10000000
DEBUG: Total dvariable address used is 2086 out of 150000
DEBUG: Total dvariable address used is 4013584 out of 50000000
DEBUG: Total gradient stack used is 420387 out of 10000000
DEBUG: Total dvariable address used is 2086 out of 150000
DEBUG: Total dvariable address used is 4013584 out of 50000000
DEBUG: Total gradient stack used is 420387 out of 10000000
DEBUG: Total dvariable address used is 2086 out of 150000
DEBUG: Total dvariable address used is 4013584 out of 50000000
DEBUG: Total gradient stack used is 420387 out of 10000000
DEBUG: Total dvariable address used is 2086 out of 150000
DEBUG: Total dvariable address used is 4013584 out of 50000000
DEBUG: Total gradient stack used is 420387 out of 10000000
DEBUG: Total dvariable address used is 2086 out of 150000
DEBUG: Total dvariable address used is 4013584 out of 50000000
DEBUG: Total gradient stack used is 420387 out of 10000000
DEBUG: Total dvariable address used is 2086 out of 150000
DEBUG: Total dvariable address used is 4013584 out of 50000000
DEBUG: Total gradient stack used is 420387 out of 10000000
DEBUG: Total dvariable address used is 2086 out of 150000
DEBUG: Total dvariable address used is 4013584 out of 50000000
DEBUG: Total gradient stack used is 420387 out of 10000000
DEBUG: Total dvariable address used is 2086 out of 150000
DEBUG: Total dvariable address used is 4013584 out of 50000000
DEBUG: Total gradient stack used is 420387 out of 10000000
DEBUG: Total dvariable address used is 2086 out of 150000
DEBUG: Total dvariable address used is 4013584 out of 50000000
DEBUG: Total gradient stack used is 420387 out of 10000000
DEBUG: Total dvariable address used is 2086 out of 150000
DEBUG: Total dvariable address used is 4013584 out of 50000000
DEBUG: Total gradient stack used is 420387 out of 10000000
DEBUG: Total dvariable address used is 2086 out of 150000
DEBUG: Total dvariable address used is 4013584 out of 50000000
DEBUG: Total gradient stack used is 420387 out of 10000000
DEBUG: Total dvariable address used is 2086 out of 150000
DEBUG: Total dvariable address used is 4013584 out of 50000000
DEBUG: Total gradient stack used is 420387 out of 10000000
DEBUG: Total dvariable address used is 2086 out of 150000
DEBUG: Total dvariable address used is 4013584 out of 50000000
DEBUG: Total gradient stack used is 420387 out of 10000000
DEBUG: Total dvariable address used is 2086 out of 150000
DEBUG: Total dvariable address used is 4013584 out of 50000000
DEBUG: Total gradient stack used is 420387 out of 10000000
DEBUG: Total dvariable address used is 2086 out of 150000
DEBUG: Total dvariable address used is 4013584 out of 50000000
DEBUG: Total gradient stack used is 420387 out of 10000000
DEBUG: Total dvariable address used is 2086 out of 150000
DEBUG: Total dvariable address used is 4013584 out of 50000000
DEBUG: Total gradient stack used is 420387 out of 10000000
DEBUG: Total dvariable address used is 2086 out of 150000
DEBUG: Total dvariable address used is 4013584 out of 50000000
DEBUG: Total gradient stack used is 420387 out of 10000000
DEBUG: Total dvariable address used is 2086 out of 150000
DEBUG: Total dvariable address used is 4013584 out of 50000000
DEBUG: Total gradient stack used is 420387 out of 10000000
DEBUG: Total dvariable address used is 2086 out of 150000
DEBUG: Total dvariable address used is 4013584 out of 50000000
DEBUG: Total gradient stack used is 420387 out of 10000000
DEBUG: Total dvariable address used is 2086 out of 150000
DEBUG: Total dvariable address used is 4013584 out of 50000000
DEBUG: Total gradient stack used is 420387 out of 10000000
DEBUG: Total dvariable address used is 2086 out of 150000
DEBUG: Total dvariable address used is 4013584 out of 50000000
DEBUG: Total gradient stack used is 420387 out of 10000000
DEBUG: Total dvariable address used is 2086 out of 150000
DEBUG: Total dvariable address used is 4013584 out of 50000000
DEBUG: Total gradient stack used is 420387 out of 10000000
DEBUG: Total dvariable address used is 2086 out of 150000
DEBUG: Total dvariable address used is 4013584 out of 50000000
DEBUG: Total gradient stack used is 420387 out of 10000000
DEBUG: Total dvariable address used is 2086 out of 150000
DEBUG: Total dvariable address used is 4013584 out of 50000000
DEBUG: Total gradient stack used is 420387 out of 10000000
DEBUG: Total dvariable address used is 2086 out of 150000
DEBUG: Total dvariable address used is 4013584 out of 50000000
DEBUG: Total gradient stack used is 420387 out of 10000000
DEBUG: Total dvariable address used is 2086 out of 150000
DEBUG: Total dvariable address used is 4013584 out of 50000000
DEBUG: Total gradient stack used is 420387 out of 10000000
DEBUG: Total dvariable address used is 2086 out of 150000
DEBUG: Total dvariable address used is 4013584 out of 50000000
DEBUG: Total gradient stack used is 420387 out of 10000000
DEBUG: Total dvariable address used is 2086 out of 150000
DEBUG: Total dvariable address used is 4013584 out of 50000000
DEBUG: Total gradient stack used is 420387 out of 10000000
DEBUG: Total dvariable address used is 2086 out of 150000
DEBUG: Total dvariable address used is 4013584 out of 50000000
DEBUG: Total gradient stack used is 420387 out of 10000000
DEBUG: Total dvariable address used is 2086 out of 150000
DEBUG: Total dvariable address used is 4013584 out of 50000000
DEBUG: Total gradient stack used is 420387 out of 10000000
DEBUG: Total dvariable address used is 2086 out of 150000
DEBUG: Total dvariable address used is 4013584 out of 50000000
DEBUG: Total gradient stack used is 420387 out of 10000000
DEBUG: Total dvariable address used is 2086 out of 150000
DEBUG: Total dvariable address used is 4013584 out of 50000000
DEBUG: Total gradient stack used is 420387 out of 10000000
DEBUG: Total dvariable address used is 2086 out of 150000
DEBUG: Total dvariable address used is 4013584 out of 50000000
DEBUG: Total gradient stack used is 420387 out of 10000000
DEBUG: Total dvariable address used is 2086 out of 150000
DEBUG: Total dvariable address used is 4013584 out of 50000000
DEBUG: Total gradient stack used is 420387 out of 10000000
DEBUG: Total dvariable address used is 2086 out of 150000
DEBUG: Total dvariable address used is 4013584 out of 50000000
DEBUG: Total gradient stack used is 420387 out of 10000000
DEBUG: Total dvariable address used is 2086 out of 150000
DEBUG: Total dvariable address used is 4013584 out of 50000000
DEBUG: Total gradient stack used is 420387 out of 10000000
DEBUG: Total dvariable address used is 2086 out of 150000
DEBUG: Total dvariable address used is 4013584 out of 50000000
DEBUG: Total gradient stack used is 420387 out of 10000000
DEBUG: Total dvariable address used is 2086 out of 150000
DEBUG: Total dvariable address used is 4013584 out of 50000000
DEBUG: Total gradient stack used is 420387 out of 10000000
DEBUG: Total dvariable address used is 2086 out of 150000
DEBUG: Total dvariable address used is 4013584 out of 50000000
DEBUG: Total gradient stack used is 420387 out of 10000000
DEBUG: Total dvariable address used is 2086 out of 150000
DEBUG: Total dvariable address used is 4013584 out of 50000000
DEBUG: Total gradient stack used is 420387 out of 10000000
DEBUG: Total dvariable address used is 2086 out of 150000
DEBUG: Total dvariable address used is 4013584 out of 50000000
DEBUG: Total gradient stack used is 420387 out of 10000000
DEBUG: Total dvariable address used is 2086 out of 150000
DEBUG: Total dvariable address used is 4013584 out of 50000000
DEBUG: Total gradient stack used is 420387 out of 10000000
DEBUG: Total dvariable address used is 2086 out of 150000
DEBUG: Total dvariable address used is 4013584 out of 50000000
DEBUG: Total gradient stack used is 420387 out of 10000000
DEBUG: Total dvariable address used is 2086 out of 150000
DEBUG: Total dvariable address used is 4013584 out of 50000000
DEBUG: Total gradient stack used is 420387 out of 10000000
DEBUG: Total dvariable address used is 2086 out of 150000
DEBUG: Total dvariable address used is 4013584 out of 50000000
DEBUG: Total gradient stack used is 420387 out of 10000000
DEBUG: Total dvariable address used is 2086 out of 150000
DEBUG: Total dvariable address used is 4013584 out of 50000000
DEBUG: Total gradient stack used is 420387 out of 10000000
DEBUG: Total dvariable address used is 2086 out of 150000
DEBUG: Total dvariable address used is 4013584 out of 50000000
DEBUG: Total gradient stack used is 420387 out of 10000000
DEBUG: Total dvariable address used is 2086 out of 150000
DEBUG: Total dvariable address used is 4013584 out of 50000000
DEBUG: Total gradient stack used is 420387 out of 10000000
DEBUG: Total dvariable address used is 2086 out of 150000
DEBUG: Total dvariable address used is 4013584 out of 50000000
DEBUG: Total gradient stack used is 420387 out of 10000000
DEBUG: Total dvariable address used is 2086 out of 150000
DEBUG: Total dvariable address used is 4013584 out of 50000000
DEBUG: Total gradient stack used is 420387 out of 10000000
DEBUG: Total dvariable address used is 2086 out of 150000
DEBUG: Total dvariable address used is 4013584 out of 50000000
DEBUG: Total gradient stack used is 420387 out of 10000000
DEBUG: Total dvariable address used is 2086 out of 150000
DEBUG: Total dvariable address used is 4013584 out of 50000000
DEBUG: Total gradient stack used is 420387 out of 10000000
DEBUG: Total dvariable address used is 2086 out of 150000
DEBUG: Total dvariable address used is 4013584 out of 50000000
DEBUG: Total gradient stack used is 420387 out of 10000000
DEBUG: Total dvariable address used is 2086 out of 150000
DEBUG: Total dvariable address used is 4013584 out of 50000000
DEBUG: Total gradient stack used is 420387 out of 10000000
DEBUG: Total dvariable address used is 2086 out of 150000
DEBUG: Total dvariable address used is 4013584 out of 50000000
DEBUG: Total gradient stack used is 420387 out of 10000000
DEBUG: Total dvariable address used is 2086 out of 150000
DEBUG: Total dvariable address used is 4013584 out of 50000000
DEBUG: Total gradient stack used is 420387 out of 10000000
DEBUG: Total dvariable address used is 2086 out of 150000
DEBUG: Total dvariable address used is 4013584 out of 50000000
DEBUG: Total gradient stack used is 420387 out of 10000000
DEBUG: Total dvariable address used is 2086 out of 150000
DEBUG: Total dvariable address used is 4013584 out of 50000000
DEBUG: Total gradient stack used is 420387 out of 10000000
DEBUG: Total dvariable address used is 2086 out of 150000
DEBUG: Total dvariable address used is 4013584 out of 50000000
DEBUG: Total gradient stack used is 420387 out of 10000000
DEBUG: Total dvariable address used is 2086 out of 150000
DEBUG: Total dvariable address used is 4013584 out of 50000000
DEBUG: Total gradient stack used is 420387 out of 10000000
DEBUG: Total dvariable address used is 2086 out of 150000
DEBUG: Total dvariable address used is 4013584 out of 50000000
DEBUG: Total gradient stack used is 420387 out of 10000000
DEBUG: Total dvariable address used is 2086 out of 150000
DEBUG: Total dvariable address used is 4013584 out of 50000000
DEBUG: Total gradient stack used is 420387 out of 10000000
DEBUG: Total dvariable address used is 2086 out of 150000
DEBUG: Total dvariable address used is 4013584 out of 50000000
DEBUG: Total gradient stack used is 420387 out of 10000000
DEBUG: Total dvariable address used is 2086 out of 150000
DEBUG: Total dvariable address used is 4013584 out of 50000000
DEBUG: Total gradient stack used is 420387 out of 10000000
DEBUG: Total dvariable address used is 2086 out of 150000
DEBUG: Total dvariable address used is 4013584 out of 50000000
DEBUG: Total gradient stack used is 420387 out of 10000000
DEBUG: Total dvariable address used is 2086 out of 150000
DEBUG: Total dvariable address used is 4013584 out of 50000000
DEBUG: Total gradient stack used is 420387 out of 10000000
DEBUG: Total dvariable address used is 2086 out of 150000
DEBUG: Total dvariable address used is 4013584 out of 50000000
DEBUG: Total gradient stack used is 420387 out of 10000000
DEBUG: Total dvariable address used is 2086 out of 150000
DEBUG: Total dvariable address used is 4013584 out of 50000000
DEBUG: Total gradient stack used is 420387 out of 10000000
DEBUG: Total dvariable address used is 2086 out of 150000
DEBUG: Total dvariable address used is 4013584 out of 50000000
DEBUG: Total gradient stack used is 420387 out of 10000000
DEBUG: Total dvariable address used is 2086 out of 150000
DEBUG: Total dvariable address used is 4013584 out of 50000000
DEBUG: Total gradient stack used is 420387 out of 10000000
DEBUG: Total dvariable address used is 2086 out of 150000
DEBUG: Total dvariable address used is 4013584 out of 50000000
DEBUG: Total gradient stack used is 420387 out of 10000000
DEBUG: Total dvariable address used is 2086 out of 150000
DEBUG: Total dvariable address used is 4013584 out of 50000000
DEBUG: Total gradient stack used is 420387 out of 10000000
DEBUG: Total dvariable address used is 2086 out of 150000
DEBUG: Total dvariable address used is 4013584 out of 50000000
DEBUG: Total gradient stack used is 420387 out of 10000000
DEBUG: Total dvariable address used is 2086 out of 150000
DEBUG: Total dvariable address used is 4013584 out of 50000000
DEBUG: Total gradient stack used is 420387 out of 10000000
DEBUG: Total dvariable address used is 2086 out of 150000
DEBUG: Total dvariable address used is 4013584 out of 50000000
DEBUG: Total gradient stack used is 420387 out of 10000000
DEBUG: Total dvariable address used is 2086 out of 150000
DEBUG: Total dvariable address used is 4013584 out of 50000000
DEBUG: Total gradient stack used is 420387 out of 10000000
DEBUG: Total dvariable address used is 2086 out of 150000
DEBUG: Total dvariable address used is 4013584 out of 50000000
DEBUG: Total gradient stack used is 420387 out of 10000000
DEBUG: Total dvariable address used is 2086 out of 150000
DEBUG: Total dvariable address used is 4013584 out of 50000000
DEBUG: Total gradient stack used is 420387 out of 10000000
DEBUG: Total dvariable address used is 2086 out of 150000
DEBUG: Total dvariable address used is 4013584 out of 50000000
DEBUG: Total gradient stack used is 420387 out of 10000000
DEBUG: Total dvariable address used is 2086 out of 150000
DEBUG: Total dvariable address used is 4013584 out of 50000000
DEBUG: Total gradient stack used is 420387 out of 10000000
DEBUG: Total dvariable address used is 2086 out of 150000
DEBUG: Total dvariable address used is 4013584 out of 50000000
DEBUG: Total gradient stack used is 420387 out of 10000000
DEBUG: Total dvariable address used is 2086 out of 150000
DEBUG: Total dvariable address used is 4013584 out of 50000000
DEBUG: Total gradient stack used is 420387 out of 10000000
DEBUG: Total dvariable address used is 2086 out of 150000
DEBUG: Total dvariable address used is 4013584 out of 50000000
DEBUG: Total gradient stack used is 420387 out of 10000000
DEBUG: Total dvariable address used is 2086 out of 150000
DEBUG: Total dvariable address used is 4013584 out of 50000000
DEBUG: Total gradient stack used is 420387 out of 10000000
DEBUG: Total dvariable address used is 2086 out of 150000
DEBUG: Total dvariable address used is 4013584 out of 50000000
DEBUG: Total gradient stack used is 420387 out of 10000000
DEBUG: Total dvariable address used is 2086 out of 150000
DEBUG: Total dvariable address used is 4013584 out of 50000000
DEBUG: Total gradient stack used is 420387 out of 10000000
DEBUG: Total dvariable address used is 2086 out of 150000
DEBUG: Total dvariable address used is 4013584 out of 50000000
DEBUG: Total gradient stack used is 420387 out of 10000000
DEBUG: Total dvariable address used is 2086 out of 150000
DEBUG: Total dvariable address used is 4013584 out of 50000000
DEBUG: Total gradient stack used is 420387 out of 10000000
DEBUG: Total dvariable address used is 2086 out of 150000
DEBUG: Total dvariable address used is 4013584 out of 50000000
DEBUG: Total gradient stack used is 420387 out of 10000000
DEBUG: Total dvariable address used is 2086 out of 150000
DEBUG: Total dvariable address used is 4013584 out of 50000000
DEBUG: Total gradient stack used is 420387 out of 10000000
DEBUG: Total dvariable address used is 2086 out of 150000
DEBUG: Total dvariable address used is 4013584 out of 50000000
DEBUG: Total gradient stack used is 420387 out of 10000000
DEBUG: Total dvariable address used is 2086 out of 150000
DEBUG: Total dvariable address used is 4013584 out of 50000000
DEBUG: Total gradient stack used is 420387 out of 10000000
DEBUG: Total dvariable address used is 2086 out of 150000
DEBUG: Total dvariable address used is 4013584 out of 50000000
DEBUG: Total gradient stack used is 420387 out of 10000000
DEBUG: Total dvariable address used is 2086 out of 150000
DEBUG: Total dvariable address used is 4013584 out of 50000000
DEBUG: Total gradient stack used is 420387 out of 10000000
DEBUG: Total dvariable address used is 2086 out of 150000
DEBUG: Total dvariable address used is 4013584 out of 50000000
DEBUG: Total gradient stack used is 420387 out of 10000000
DEBUG: Total dvariable address used is 2086 out of 150000
DEBUG: Total dvariable address used is 4013584 out of 50000000
DEBUG: Total gradient stack used is 420387 out of 10000000
DEBUG: Total dvariable address used is 2086 out of 150000
DEBUG: Total dvariable address used is 4013584 out of 50000000
DEBUG: Total gradient stack used is 420387 out of 10000000
DEBUG: Total dvariable address used is 2086 out of 150000
DEBUG: Total dvariable address used is 4013584 out of 50000000
DEBUG: Total gradient stack used is 420387 out of 10000000
DEBUG: Total dvariable address used is 2086 out of 150000
DEBUG: Total dvariable address used is 4013584 out of 50000000
DEBUG: Total gradient stack used is 420387 out of 10000000
DEBUG: Total dvariable address used is 2086 out of 150000
DEBUG: Total dvariable address used is 4013584 out of 50000000
DEBUG: Total gradient stack used is 420387 out of 10000000
DEBUG: Total dvariable address used is 2086 out of 150000
DEBUG: Total dvariable address used is 4013584 out of 50000000
DEBUG: Total gradient stack used is 420387 out of 10000000
DEBUG: Total dvariable address used is 2086 out of 150000
DEBUG: Total dvariable address used is 4013584 out of 50000000
DEBUG: Total gradient stack used is 420387 out of 10000000
DEBUG: Total dvariable address used is 2086 out of 150000
DEBUG: Total dvariable address used is 4013584 out of 50000000
DEBUG: Total gradient stack used is 420387 out of 10000000
DEBUG: Total dvariable address used is 2086 out of 150000
DEBUG: Total dvariable address used is 4013584 out of 50000000
DEBUG: Total gradient stack used is 420387 out of 10000000
DEBUG: Total dvariable address used is 2086 out of 150000
DEBUG: Total dvariable address used is 4013584 out of 50000000
DEBUG: Total gradient stack used is 420387 out of 10000000
DEBUG: Total dvariable address used is 2086 out of 150000
DEBUG: Total dvariable address used is 4013584 out of 50000000
DEBUG: Total gradient stack used is 420387 out of 10000000
DEBUG: Total dvariable address used is 2086 out of 150000
DEBUG: Total dvariable address used is 4013584 out of 50000000
DEBUG: Total gradient stack used is 420387 out of 10000000
DEBUG: Total dvariable address used is 2086 out of 150000
DEBUG: Total dvariable address used is 4013584 out of 50000000
DEBUG: Total gradient stack used is 420387 out of 10000000
DEBUG: Total dvariable address used is 2086 out of 150000
DEBUG: Total dvariable address used is 4013584 out of 50000000
DEBUG: Total gradient stack used is 420387 out of 10000000
DEBUG: Total dvariable address used is 2086 out of 150000
DEBUG: Total dvariable address used is 4013584 out of 50000000
DEBUG: Total gradient stack used is 420387 out of 10000000
DEBUG: Total dvariable address used is 2086 out of 150000
DEBUG: Total dvariable address used is 4013584 out of 50000000
DEBUG: Total gradient stack used is 420387 out of 10000000
DEBUG: Total dvariable address used is 2086 out of 150000
DEBUG: Total dvariable address used is 4013584 out of 50000000
DEBUG: Total gradient stack used is 420387 out of 10000000
DEBUG: Total dvariable address used is 2086 out of 150000
DEBUG: Total dvariable address used is 4013584 out of 50000000
DEBUG: Total gradient stack used is 420387 out of 10000000
DEBUG: Total dvariable address used is 2086 out of 150000
DEBUG: Total dvariable address used is 4013584 out of 50000000
DEBUG: Total gradient stack used is 420387 out of 10000000
DEBUG: Total dvariable address used is 2086 out of 150000
DEBUG: Total dvariable address used is 4013584 out of 50000000
DEBUG: Total gradient stack used is 420387 out of 10000000
DEBUG: Total dvariable address used is 2086 out of 150000
DEBUG: Total dvariable address used is 4013584 out of 50000000
DEBUG: Total gradient stack used is 420387 out of 10000000
DEBUG: Total dvariable address used is 2086 out of 150000
DEBUG: Total dvariable address used is 4013584 out of 50000000
DEBUG: Total gradient stack used is 420387 out of 10000000
DEBUG: Total dvariable address used is 2086 out of 150000
DEBUG: Total dvariable address used is 4013584 out of 50000000
DEBUG: Total gradient stack used is 420387 out of 10000000
DEBUG: Total dvariable address used is 2086 out of 150000
DEBUG: Total dvariable address used is 4013584 out of 50000000
DEBUG: Total gradient stack used is 420387 out of 10000000
DEBUG: Total dvariable address used is 2086 out of 150000
DEBUG: Total dvariable address used is 4013584 out of 50000000
DEBUG: Total gradient stack used is 420387 out of 10000000
DEBUG: Total dvariable address used is 2086 out of 150000
DEBUG: Total dvariable address used is 4013584 out of 50000000
DEBUG: Total gradient stack used is 420387 out of 10000000
DEBUG: Total dvariable address used is 2086 out of 150000
DEBUG: Total dvariable address used is 4013584 out of 50000000
DEBUG: Total gradient stack used is 420387 out of 10000000
DEBUG: Total dvariable address used is 2086 out of 150000
DEBUG: Total dvariable address used is 4013584 out of 50000000
DEBUG: Total gradient stack used is 420387 out of 10000000
DEBUG: Total dvariable address used is 2086 out of 150000
DEBUG: Total dvariable address used is 4013584 out of 50000000
DEBUG: Total gradient stack used is 420387 out of 10000000
DEBUG: Total dvariable address used is 2086 out of 150000
DEBUG: Total dvariable address used is 4013584 out of 50000000
DEBUG: Total gradient stack used is 420387 out of 10000000
DEBUG: Total dvariable address used is 2086 out of 150000
DEBUG: Total dvariable address used is 4013584 out of 50000000
DEBUG: Total gradient stack used is 420387 out of 10000000
DEBUG: Total dvariable address used is 2086 out of 150000
DEBUG: Total dvariable address used is 4013584 out of 50000000
DEBUG: Total gradient stack used is 420387 out of 10000000
DEBUG: Total dvariable address used is 2086 out of 150000
DEBUG: Total dvariable address used is 4013584 out of 50000000
DEBUG: Total gradient stack used is 420387 out of 10000000
DEBUG: Total dvariable address used is 2086 out of 150000
DEBUG: Total dvariable address used is 4013584 out of 50000000
DEBUG: Total gradient stack used is 420387 out of 10000000
DEBUG: Total dvariable address used is 2086 out of 150000
DEBUG: Total dvariable address used is 4013584 out of 50000000
DEBUG: Total gradient stack used is 420387 out of 10000000
DEBUG: Total dvariable address used is 2086 out of 150000
DEBUG: Total dvariable address used is 4013584 out of 50000000
DEBUG: Total gradient stack used is 420387 out of 10000000
DEBUG: Total dvariable address used is 2086 out of 150000
DEBUG: Total dvariable address used is 4013584 out of 50000000
DEBUG: Total gradient stack used is 420387 out of 10000000
DEBUG: Total dvariable address used is 2086 out of 150000
DEBUG: Total dvariable address used is 4013584 out of 50000000
DEBUG: Total gradient stack used is 420387 out of 10000000
DEBUG: Total dvariable address used is 2086 out of 150000
DEBUG: Total dvariable address used is 4013584 out of 50000000
DEBUG: Total gradient stack used is 420387 out of 10000000
DEBUG: Total dvariable address used is 2086 out of 150000
DEBUG: Total dvariable address used is 4013584 out of 50000000
DEBUG: Total gradient stack used is 420387 out of 10000000
DEBUG: Total dvariable address used is 2086 out of 150000
DEBUG: Total dvariable address used is 4013584 out of 50000000
DEBUG: Total gradient stack used is 420387 out of 10000000
DEBUG: Total dvariable address used is 2086 out of 150000
DEBUG: Total dvariable address used is 4013584 out of 50000000
DEBUG: Total gradient stack used is 420387 out of 10000000
DEBUG: Total dvariable address used is 2086 out of 150000
DEBUG: Total dvariable address used is 4013584 out of 50000000
DEBUG: Total gradient stack used is 420387 out of 10000000
DEBUG: Total dvariable address used is 2086 out of 150000
DEBUG: Total dvariable address used is 4013584 out of 50000000
DEBUG: Total gradient stack used is 420387 out of 10000000
DEBUG: Total dvariable address used is 2086 out of 150000
DEBUG: Total dvariable address used is 4013584 out of 50000000
DEBUG: Total gradient stack used is 420387 out of 10000000
DEBUG: Total dvariable address used is 2086 out of 150000
DEBUG: Total dvariable address used is 4013584 out of 50000000
DEBUG: Total gradient stack used is 420387 out of 10000000
DEBUG: Total dvariable address used is 2086 out of 150000
DEBUG: Total dvariable address used is 4013584 out of 50000000
DEBUG: Total gradient stack used is 420387 out of 10000000
DEBUG: Total dvariable address used is 2086 out of 150000
DEBUG: Total dvariable address used is 4013584 out of 50000000
DEBUG: Total gradient stack used is 420387 out of 10000000
DEBUG: Total dvariable address used is 2086 out of 150000
DEBUG: Total dvariable address used is 4013584 out of 50000000
DEBUG: Total gradient stack used is 420387 out of 10000000
DEBUG: Total dvariable address used is 2086 out of 150000
DEBUG: Total dvariable address used is 4013584 out of 50000000
DEBUG: Total gradient stack used is 420387 out of 10000000
DEBUG: Total dvariable address used is 2086 out of 150000
DEBUG: Total dvariable address used is 4013584 out of 50000000
DEBUG: Total gradient stack used is 420387 out of 10000000
DEBUG: Total dvariable address used is 2086 out of 150000
DEBUG: Total dvariable address used is 4013584 out of 50000000
DEBUG: Total gradient stack used is 420387 out of 10000000
DEBUG: Total dvariable address used is 2086 out of 150000
DEBUG: Total dvariable address used is 4013584 out of 50000000
DEBUG: Total gradient stack used is 420387 out of 10000000
DEBUG: Total dvariable address used is 2086 out of 150000
DEBUG: Total dvariable address used is 4013584 out of 50000000
DEBUG: Total gradient stack used is 420387 out of 10000000
DEBUG: Total dvariable address used is 2086 out of 150000
DEBUG: Total dvariable address used is 4013584 out of 50000000
DEBUG: Total gradient stack used is 420387 out of 10000000
DEBUG: Total dvariable address used is 2086 out of 150000
DEBUG: Total dvariable address used is 4013584 out of 50000000
DEBUG: Total gradient stack used is 420387 out of 10000000
DEBUG: Total dvariable address used is 2086 out of 150000
DEBUG: Total dvariable address used is 4013584 out of 50000000
DEBUG: Total gradient stack used is 420387 out of 10000000
DEBUG: Total dvariable address used is 2086 out of 150000
DEBUG: Total dvariable address used is 4013584 out of 50000000
DEBUG: Total gradient stack used is 420387 out of 10000000
DEBUG: Total dvariable address used is 2086 out of 150000
DEBUG: Total dvariable address used is 4013584 out of 50000000
DEBUG: Total gradient stack used is 420387 out of 10000000
DEBUG: Total dvariable address used is 2086 out of 150000
DEBUG: Total dvariable address used is 4013584 out of 50000000
DEBUG: Total gradient stack used is 420387 out of 10000000
DEBUG: Total dvariable address used is 2086 out of 150000
DEBUG: Total dvariable address used is 4013584 out of 50000000
DEBUG: Total gradient stack used is 420387 out of 10000000
DEBUG: Total dvariable address used is 2086 out of 150000
DEBUG: Total dvariable address used is 4013584 out of 50000000
DEBUG: Total gradient stack used is 420387 out of 10000000
DEBUG: Total dvariable address used is 2086 out of 150000
DEBUG: Total dvariable address used is 4013584 out of 50000000
DEBUG: Total gradient stack used is 420387 out of 10000000
DEBUG: Total dvariable address used is 2086 out of 150000
DEBUG: Total dvariable address used is 4013584 out of 50000000
DEBUG: Total gradient stack used is 420387 out of 10000000
DEBUG: Total dvariable address used is 2086 out of 150000
DEBUG: Total dvariable address used is 4013584 out of 50000000
DEBUG: Total gradient stack used is 420387 out of 10000000
DEBUG: Total dvariable address used is 2086 out of 150000
DEBUG: Total dvariable address used is 4013584 out of 50000000
DEBUG: Total gradient stack used is 420387 out of 10000000
DEBUG: Total dvariable address used is 2086 out of 150000
DEBUG: Total dvariable address used is 4013584 out of 50000000
DEBUG: Total gradient stack used is 420387 out of 10000000
DEBUG: Total dvariable address used is 2086 out of 150000
DEBUG: Total dvariable address used is 4013584 out of 50000000
DEBUG: Total gradient stack used is 420387 out of 10000000
DEBUG: Total dvariable address used is 2086 out of 150000
DEBUG: Total dvariable address used is 4013584 out of 50000000
DEBUG: Total gradient stack used is 420387 out of 10000000
DEBUG: Total dvariable address used is 2086 out of 150000
DEBUG: Total dvariable address used is 4013584 out of 50000000
DEBUG: Total gradient stack used is 420387 out of 10000000
DEBUG: Total dvariable address used is 2086 out of 150000
DEBUG: Total dvariable address used is 4013584 out of 50000000
DEBUG: Total gradient stack used is 420387 out of 10000000
DEBUG: Total dvariable address used is 2086 out of 150000
DEBUG: Total dvariable address used is 4013584 out of 50000000
DEBUG: Total gradient stack used is 420387 out of 10000000
DEBUG: Total dvariable address used is 2086 out of 150000
DEBUG: Total dvariable address used is 4013584 out of 50000000
DEBUG: Total gradient stack used is 420387 out of 10000000
DEBUG: Total dvariable address used is 2086 out of 150000
DEBUG: Total dvariable address used is 4013584 out of 50000000
DEBUG: Total gradient stack used is 420387 out of 10000000
DEBUG: Total dvariable address used is 2086 out of 150000
DEBUG: Total dvariable address used is 4013584 out of 50000000
DEBUG: Total gradient stack used is 420387 out of 10000000
DEBUG: Total dvariable address used is 2086 out of 150000
DEBUG: Total dvariable address used is 4013584 out of 50000000
DEBUG: Total gradient stack used is 420387 out of 10000000
DEBUG: Total dvariable address used is 2086 out of 150000
DEBUG: Total dvariable address used is 4013584 out of 50000000
DEBUG: Total gradient stack used is 420387 out of 10000000
DEBUG: Total dvariable address used is 2086 out of 150000
DEBUG: Total dvariable address used is 4013584 out of 50000000
DEBUG: Total gradient stack used is 420387 out of 10000000
DEBUG: Total dvariable address used is 2086 out of 150000
DEBUG: Total dvariable address used is 4013584 out of 50000000
DEBUG: Total gradient stack used is 420387 out of 10000000
DEBUG: Total dvariable address used is 2086 out of 150000
DEBUG: Total dvariable address used is 4013584 out of 50000000
DEBUG: Total gradient stack used is 420387 out of 10000000
DEBUG: Total dvariable address used is 2086 out of 150000
DEBUG: Total dvariable address used is 4013584 out of 50000000
DEBUG: Total gradient stack used is 420387 out of 10000000
DEBUG: Total dvariable address used is 2086 out of 150000
DEBUG: Total dvariable address used is 4013584 out of 50000000
DEBUG: Total gradient stack used is 420387 out of 10000000
DEBUG: Total dvariable address used is 2086 out of 150000
DEBUG: Total dvariable address used is 4013584 out of 50000000
DEBUG: Total gradient stack used is 420387 out of 10000000
DEBUG: Total dvariable address used is 2086 out of 150000
DEBUG: Total dvariable address used is 4013584 out of 50000000
DEBUG: Total gradient stack used is 420387 out of 10000000
DEBUG: Total dvariable address used is 2086 out of 150000
DEBUG: Total dvariable address used is 4013584 out of 50000000
DEBUG: Total gradient stack used is 420387 out of 10000000
DEBUG: Total dvariable address used is 2086 out of 150000
DEBUG: Total dvariable address used is 4013584 out of 50000000
DEBUG: Total gradient stack used is 420387 out of 10000000
DEBUG: Total dvariable address used is 2086 out of 150000
DEBUG: Total dvariable address used is 4013584 out of 50000000
DEBUG: Total gradient stack used is 420387 out of 10000000
DEBUG: Total dvariable address used is 2086 out of 150000
DEBUG: Total dvariable address used is 4013584 out of 50000000
DEBUG: Total gradient stack used is 420387 out of 10000000
DEBUG: Total dvariable address used is 2086 out of 150000
DEBUG: Total dvariable address used is 4013584 out of 50000000
DEBUG: Total gradient stack used is 420387 out of 10000000
DEBUG: Total dvariable address used is 2086 out of 150000
DEBUG: Total dvariable address used is 4013584 out of 50000000
DEBUG: Total gradient stack used is 420387 out of 10000000
DEBUG: Total dvariable address used is 2086 out of 150000
DEBUG: Total dvariable address used is 4013584 out of 50000000
DEBUG: Total gradient stack used is 420387 out of 10000000
DEBUG: Total dvariable address used is 2086 out of 150000
DEBUG: Total dvariable address used is 4013584 out of 50000000
DEBUG: Total gradient stack used is 420387 out of 10000000
DEBUG: Total dvariable address used is 2086 out of 150000
DEBUG: Total dvariable address used is 4013584 out of 50000000
DEBUG: Total gradient stack used is 420387 out of 10000000
DEBUG: Total dvariable address used is 2086 out of 150000
DEBUG: Total dvariable address used is 4013584 out of 50000000
DEBUG: Total gradient stack used is 420387 out of 10000000
DEBUG: Total dvariable address used is 2086 out of 150000
DEBUG: Total dvariable address used is 4013584 out of 50000000
DEBUG: Total gradient stack used is 420387 out of 10000000
DEBUG: Total dvariable address used is 2086 out of 150000
DEBUG: Total dvariable address used is 4013584 out of 50000000
DEBUG: Total gradient stack used is 420387 out of 10000000
DEBUG: Total dvariable address used is 2086 out of 150000
DEBUG: Total dvariable address used is 4013584 out of 50000000
DEBUG: Total gradient stack used is 420387 out of 10000000
DEBUG: Total dvariable address used is 2086 out of 150000
DEBUG: Total dvariable address used is 4013584 out of 50000000
DEBUG: Total gradient stack used is 420387 out of 10000000
DEBUG: Total dvariable address used is 2086 out of 150000
DEBUG: Total dvariable address used is 4013584 out of 50000000
DEBUG: Total gradient stack used is 420387 out of 10000000
DEBUG: Total dvariable address used is 2086 out of 150000
DEBUG: Total dvariable address used is 4013584 out of 50000000
DEBUG: Total gradient stack used is 420387 out of 10000000
DEBUG: Total dvariable address used is 2086 out of 150000
DEBUG: Total dvariable address used is 4013584 out of 50000000
DEBUG: Total gradient stack used is 420387 out of 10000000
DEBUG: Total dvariable address used is 2086 out of 150000
DEBUG: Total dvariable address used is 4013584 out of 50000000
DEBUG: Total gradient stack used is 420387 out of 10000000
DEBUG: Total dvariable address used is 2086 out of 150000
DEBUG: Total dvariable address used is 4013584 out of 50000000
DEBUG: Total gradient stack used is 420387 out of 10000000
DEBUG: Total dvariable address used is 2086 out of 150000
DEBUG: Total dvariable address used is 4013584 out of 50000000
DEBUG: Total gradient stack used is 420387 out of 10000000
DEBUG: Total dvariable address used is 2086 out of 150000
DEBUG: Total dvariable address used is 4013584 out of 50000000
DEBUG: Total gradient stack used is 420387 out of 10000000
DEBUG: Total dvariable address used is 2086 out of 150000
DEBUG: Total dvariable address used is 4013584 out of 50000000
DEBUG: Total gradient stack used is 420387 out of 10000000
DEBUG: Total dvariable address used is 2086 out of 150000
DEBUG: Total dvariable address used is 4013584 out of 50000000
DEBUG: Total gradient stack used is 420387 out of 10000000
DEBUG: Total dvariable address used is 2086 out of 150000
DEBUG: Total dvariable address used is 4013584 out of 50000000
DEBUG: Total gradient stack used is 420387 out of 10000000
DEBUG: Total dvariable address used is 2086 out of 150000
DEBUG: Total dvariable address used is 4013584 out of 50000000
DEBUG: Total gradient stack used is 420387 out of 10000000
DEBUG: Total dvariable address used is 2086 out of 150000
DEBUG: Total dvariable address used is 4013584 out of 50000000
DEBUG: Total gradient stack used is 420387 out of 10000000
DEBUG: Total dvariable address used is 2086 out of 150000
DEBUG: Total dvariable address used is 4013584 out of 50000000
DEBUG: Total gradient stack used is 420387 out of 10000000
DEBUG: Total dvariable address used is 2086 out of 150000
DEBUG: Total dvariable address used is 4013584 out of 50000000
DEBUG: Total gradient stack used is 420387 out of 10000000
DEBUG: Total dvariable address used is 2086 out of 150000
DEBUG: Total dvariable address used is 4013584 out of 50000000
DEBUG: Total gradient stack used is 420387 out of 10000000
DEBUG: Total dvariable address used is 2086 out of 150000
DEBUG: Total dvariable address used is 4013584 out of 50000000
DEBUG: Total gradient stack used is 420387 out of 10000000
DEBUG: Total dvariable address used is 2086 out of 150000
DEBUG: Total dvariable address used is 4013584 out of 50000000
DEBUG: Total gradient stack used is 420387 out of 10000000
DEBUG: Total dvariable address used is 2086 out of 150000
DEBUG: Total dvariable address used is 4013584 out of 50000000
DEBUG: Total gradient stack used is 420387 out of 10000000
DEBUG: Total dvariable address used is 2086 out of 150000
DEBUG: Total dvariable address used is 4013584 out of 50000000
DEBUG: Total gradient stack used is 420387 out of 10000000
DEBUG: Total dvariable address used is 2086 out of 150000
DEBUG: Total dvariable address used is 4013584 out of 50000000
DEBUG: Total gradient stack used is 420387 out of 10000000
DEBUG: Total dvariable address used is 2086 out of 150000
DEBUG: Total dvariable address used is 4013584 out of 50000000
DEBUG: Total gradient stack used is 420387 out of 10000000
DEBUG: Total dvariable address used is 2086 out of 150000
DEBUG: Total dvariable address used is 4013584 out of 50000000
DEBUG: Total gradient stack used is 420387 out of 10000000
DEBUG: Total dvariable address used is 2086 out of 150000
DEBUG: Total dvariable address used is 4013584 out of 50000000
DEBUG: Total gradient stack used is 420387 out of 10000000
DEBUG: Total dvariable address used is 2086 out of 150000
DEBUG: Total dvariable address used is 4013584 out of 50000000
DEBUG: Total gradient stack used is 420387 out of 10000000
DEBUG: Total dvariable address used is 2086 out of 150000
DEBUG: Total dvariable address used is 4013584 out of 50000000
DEBUG: Total gradient stack used is 420387 out of 10000000
DEBUG: Total dvariable address used is 2086 out of 150000
DEBUG: Total dvariable address used is 4013584 out of 50000000
DEBUG: Total gradient stack used is 420387 out of 10000000
DEBUG: Total dvariable address used is 2086 out of 150000
DEBUG: Total dvariable address used is 4013584 out of 50000000
DEBUG: Total gradient stack used is 420387 out of 10000000
DEBUG: Total dvariable address used is 2086 out of 150000
DEBUG: Total dvariable address used is 4013584 out of 50000000
DEBUG: Total gradient stack used is 420387 out of 10000000
DEBUG: Total dvariable address used is 2086 out of 150000
DEBUG: Total dvariable address used is 4013584 out of 50000000
DEBUG: Total gradient stack used is 420387 out of 10000000
DEBUG: Total dvariable address used is 2086 out of 150000
DEBUG: Total dvariable address used is 4013584 out of 50000000
DEBUG: Total gradient stack used is 420387 out of 10000000
DEBUG: Total dvariable address used is 2086 out of 150000
DEBUG: Total dvariable address used is 4013584 out of 50000000
DEBUG: Total gradient stack used is 420387 out of 10000000
DEBUG: Total dvariable address used is 2086 out of 150000
DEBUG: Total dvariable address used is 4013584 out of 50000000
DEBUG: Total gradient stack used is 420387 out of 10000000
DEBUG: Total dvariable address used is 2086 out of 150000
DEBUG: Total dvariable address used is 4013584 out of 50000000
, 60%DEBUG: Total gradient stack used is 420387 out of 10000000
DEBUG: Total dvariable address used is 2086 out of 150000
DEBUG: Total dvariable address used is 4013584 out of 50000000
DEBUG: Total gradient stack used is 420387 out of 10000000
DEBUG: Total dvariable address used is 2086 out of 150000
DEBUG: Total dvariable address used is 4013584 out of 50000000
DEBUG: Total gradient stack used is 420387 out of 10000000
DEBUG: Total dvariable address used is 2086 out of 150000
DEBUG: Total dvariable address used is 4013584 out of 50000000
DEBUG: Total gradient stack used is 420387 out of 10000000
DEBUG: Total dvariable address used is 2086 out of 150000
DEBUG: Total dvariable address used is 4013584 out of 50000000
DEBUG: Total gradient stack used is 420387 out of 10000000
DEBUG: Total dvariable address used is 2086 out of 150000
DEBUG: Total dvariable address used is 4013584 out of 50000000
DEBUG: Total gradient stack used is 420387 out of 10000000
DEBUG: Total dvariable address used is 2086 out of 150000
DEBUG: Total dvariable address used is 4013584 out of 50000000
DEBUG: Total gradient stack used is 420387 out of 10000000
DEBUG: Total dvariable address used is 2086 out of 150000
DEBUG: Total dvariable address used is 4013584 out of 50000000
DEBUG: Total gradient stack used is 420387 out of 10000000
DEBUG: Total dvariable address used is 2086 out of 150000
DEBUG: Total dvariable address used is 4013584 out of 50000000
DEBUG: Total gradient stack used is 420387 out of 10000000
DEBUG: Total dvariable address used is 2086 out of 150000
DEBUG: Total dvariable address used is 4013584 out of 50000000
DEBUG: Total gradient stack used is 420387 out of 10000000
DEBUG: Total dvariable address used is 2086 out of 150000
DEBUG: Total dvariable address used is 4013584 out of 50000000
DEBUG: Total gradient stack used is 420387 out of 10000000
DEBUG: Total dvariable address used is 2086 out of 150000
DEBUG: Total dvariable address used is 4013584 out of 50000000
DEBUG: Total gradient stack used is 420387 out of 10000000
DEBUG: Total dvariable address used is 2086 out of 150000
DEBUG: Total dvariable address used is 4013584 out of 50000000
DEBUG: Total gradient stack used is 420387 out of 10000000
DEBUG: Total dvariable address used is 2086 out of 150000
DEBUG: Total dvariable address used is 4013584 out of 50000000
DEBUG: Total gradient stack used is 420387 out of 10000000
DEBUG: Total dvariable address used is 2086 out of 150000
DEBUG: Total dvariable address used is 4013584 out of 50000000
DEBUG: Total gradient stack used is 420387 out of 10000000
DEBUG: Total dvariable address used is 2086 out of 150000
DEBUG: Total dvariable address used is 4013584 out of 50000000
DEBUG: Total gradient stack used is 420387 out of 10000000
DEBUG: Total dvariable address used is 2086 out of 150000
DEBUG: Total dvariable address used is 4013584 out of 50000000
DEBUG: Total gradient stack used is 420387 out of 10000000
DEBUG: Total dvariable address used is 2086 out of 150000
DEBUG: Total dvariable address used is 4013584 out of 50000000
DEBUG: Total gradient stack used is 420387 out of 10000000
DEBUG: Total dvariable address used is 2086 out of 150000
DEBUG: Total dvariable address used is 4013584 out of 50000000
DEBUG: Total gradient stack used is 420387 out of 10000000
DEBUG: Total dvariable address used is 2086 out of 150000
DEBUG: Total dvariable address used is 4013584 out of 50000000
DEBUG: Total gradient stack used is 420387 out of 10000000
DEBUG: Total dvariable address used is 2086 out of 150000
DEBUG: Total dvariable address used is 4013584 out of 50000000
DEBUG: Total gradient stack used is 420387 out of 10000000
DEBUG: Total dvariable address used is 2086 out of 150000
DEBUG: Total dvariable address used is 4013584 out of 50000000
DEBUG: Total gradient stack used is 420387 out of 10000000
DEBUG: Total dvariable address used is 2086 out of 150000
DEBUG: Total dvariable address used is 4013584 out of 50000000
DEBUG: Total gradient stack used is 420387 out of 10000000
DEBUG: Total dvariable address used is 2086 out of 150000
DEBUG: Total dvariable address used is 4013584 out of 50000000
DEBUG: Total gradient stack used is 420387 out of 10000000
DEBUG: Total dvariable address used is 2086 out of 150000
DEBUG: Total dvariable address used is 4013584 out of 50000000
DEBUG: Total gradient stack used is 420387 out of 10000000
DEBUG: Total dvariable address used is 2086 out of 150000
DEBUG: Total dvariable address used is 4013584 out of 50000000
DEBUG: Total gradient stack used is 420387 out of 10000000
DEBUG: Total dvariable address used is 2086 out of 150000
DEBUG: Total dvariable address used is 4013584 out of 50000000
DEBUG: Total gradient stack used is 420387 out of 10000000
DEBUG: Total dvariable address used is 2086 out of 150000
DEBUG: Total dvariable address used is 4013584 out of 50000000
DEBUG: Total gradient stack used is 420387 out of 10000000
DEBUG: Total dvariable address used is 2086 out of 150000
DEBUG: Total dvariable address used is 4013584 out of 50000000
DEBUG: Total gradient stack used is 420387 out of 10000000
DEBUG: Total dvariable address used is 2086 out of 150000
DEBUG: Total dvariable address used is 4013584 out of 50000000
DEBUG: Total gradient stack used is 420387 out of 10000000
DEBUG: Total dvariable address used is 2086 out of 150000
DEBUG: Total dvariable address used is 4013584 out of 50000000
DEBUG: Total gradient stack used is 420387 out of 10000000
DEBUG: Total dvariable address used is 2086 out of 150000
DEBUG: Total dvariable address used is 4013584 out of 50000000
DEBUG: Total gradient stack used is 420387 out of 10000000
DEBUG: Total dvariable address used is 2086 out of 150000
DEBUG: Total dvariable address used is 4013584 out of 50000000
DEBUG: Total gradient stack used is 420387 out of 10000000
DEBUG: Total dvariable address used is 2086 out of 150000
DEBUG: Total dvariable address used is 4013584 out of 50000000
DEBUG: Total gradient stack used is 420387 out of 10000000
DEBUG: Total dvariable address used is 2086 out of 150000
DEBUG: Total dvariable address used is 4013584 out of 50000000
DEBUG: Total gradient stack used is 420387 out of 10000000
DEBUG: Total dvariable address used is 2086 out of 150000
DEBUG: Total dvariable address used is 4013584 out of 50000000
DEBUG: Total gradient stack used is 420387 out of 10000000
DEBUG: Total dvariable address used is 2086 out of 150000
DEBUG: Total dvariable address used is 4013584 out of 50000000
DEBUG: Total gradient stack used is 420387 out of 10000000
DEBUG: Total dvariable address used is 2086 out of 150000
DEBUG: Total dvariable address used is 4013584 out of 50000000
DEBUG: Total gradient stack used is 420387 out of 10000000
DEBUG: Total dvariable address used is 2086 out of 150000
DEBUG: Total dvariable address used is 4013584 out of 50000000
DEBUG: Total gradient stack used is 420387 out of 10000000
DEBUG: Total dvariable address used is 2086 out of 150000
DEBUG: Total dvariable address used is 4013584 out of 50000000
DEBUG: Total gradient stack used is 420387 out of 10000000
DEBUG: Total dvariable address used is 2086 out of 150000
DEBUG: Total dvariable address used is 4013584 out of 50000000
DEBUG: Total gradient stack used is 420387 out of 10000000
DEBUG: Total dvariable address used is 2086 out of 150000
DEBUG: Total dvariable address used is 4013584 out of 50000000
DEBUG: Total gradient stack used is 420387 out of 10000000
DEBUG: Total dvariable address used is 2086 out of 150000
DEBUG: Total dvariable address used is 4013584 out of 50000000
DEBUG: Total gradient stack used is 420387 out of 10000000
DEBUG: Total dvariable address used is 2086 out of 150000
DEBUG: Total dvariable address used is 4013584 out of 50000000
DEBUG: Total gradient stack used is 420387 out of 10000000
DEBUG: Total dvariable address used is 2086 out of 150000
DEBUG: Total dvariable address used is 4013584 out of 50000000
DEBUG: Total gradient stack used is 420387 out of 10000000
DEBUG: Total dvariable address used is 2086 out of 150000
DEBUG: Total dvariable address used is 4013584 out of 50000000
DEBUG: Total gradient stack used is 420387 out of 10000000
DEBUG: Total dvariable address used is 2086 out of 150000
DEBUG: Total dvariable address used is 4013584 out of 50000000
DEBUG: Total gradient stack used is 420387 out of 10000000
DEBUG: Total dvariable address used is 2086 out of 150000
DEBUG: Total dvariable address used is 4013584 out of 50000000
DEBUG: Total gradient stack used is 420387 out of 10000000
DEBUG: Total dvariable address used is 2086 out of 150000
DEBUG: Total dvariable address used is 4013584 out of 50000000
DEBUG: Total gradient stack used is 420387 out of 10000000
DEBUG: Total dvariable address used is 2086 out of 150000
DEBUG: Total dvariable address used is 4013584 out of 50000000
DEBUG: Total gradient stack used is 420387 out of 10000000
DEBUG: Total dvariable address used is 2086 out of 150000
DEBUG: Total dvariable address used is 4013584 out of 50000000
DEBUG: Total gradient stack used is 420387 out of 10000000
DEBUG: Total dvariable address used is 2086 out of 150000
DEBUG: Total dvariable address used is 4013584 out of 50000000
DEBUG: Total gradient stack used is 420387 out of 10000000
DEBUG: Total dvariable address used is 2086 out of 150000
DEBUG: Total dvariable address used is 4013584 out of 50000000
DEBUG: Total gradient stack used is 420387 out of 10000000
DEBUG: Total dvariable address used is 2086 out of 150000
DEBUG: Total dvariable address used is 4013584 out of 50000000
DEBUG: Total gradient stack used is 420387 out of 10000000
DEBUG: Total dvariable address used is 2086 out of 150000
DEBUG: Total dvariable address used is 4013584 out of 50000000
DEBUG: Total gradient stack used is 420387 out of 10000000
DEBUG: Total dvariable address used is 2086 out of 150000
DEBUG: Total dvariable address used is 4013584 out of 50000000
DEBUG: Total gradient stack used is 420387 out of 10000000
DEBUG: Total dvariable address used is 2086 out of 150000
DEBUG: Total dvariable address used is 4013584 out of 50000000
DEBUG: Total gradient stack used is 420387 out of 10000000
DEBUG: Total dvariable address used is 2086 out of 150000
DEBUG: Total dvariable address used is 4013584 out of 50000000
DEBUG: Total gradient stack used is 420387 out of 10000000
DEBUG: Total dvariable address used is 2086 out of 150000
DEBUG: Total dvariable address used is 4013584 out of 50000000
DEBUG: Total gradient stack used is 420387 out of 10000000
DEBUG: Total dvariable address used is 2086 out of 150000
DEBUG: Total dvariable address used is 4013584 out of 50000000
DEBUG: Total gradient stack used is 420387 out of 10000000
DEBUG: Total dvariable address used is 2086 out of 150000
DEBUG: Total dvariable address used is 4013584 out of 50000000
DEBUG: Total gradient stack used is 420387 out of 10000000
DEBUG: Total dvariable address used is 2086 out of 150000
DEBUG: Total dvariable address used is 4013584 out of 50000000
DEBUG: Total gradient stack used is 420387 out of 10000000
DEBUG: Total dvariable address used is 2086 out of 150000
DEBUG: Total dvariable address used is 4013584 out of 50000000
DEBUG: Total gradient stack used is 420387 out of 10000000
DEBUG: Total dvariable address used is 2086 out of 150000
DEBUG: Total dvariable address used is 4013584 out of 50000000
DEBUG: Total gradient stack used is 420387 out of 10000000
DEBUG: Total dvariable address used is 2086 out of 150000
DEBUG: Total dvariable address used is 4013584 out of 50000000
DEBUG: Total gradient stack used is 420387 out of 10000000
DEBUG: Total dvariable address used is 2086 out of 150000
DEBUG: Total dvariable address used is 4013584 out of 50000000
DEBUG: Total gradient stack used is 420387 out of 10000000
DEBUG: Total dvariable address used is 2086 out of 150000
DEBUG: Total dvariable address used is 4013584 out of 50000000
DEBUG: Total gradient stack used is 420387 out of 10000000
DEBUG: Total dvariable address used is 2086 out of 150000
DEBUG: Total dvariable address used is 4013584 out of 50000000
DEBUG: Total gradient stack used is 420387 out of 10000000
DEBUG: Total dvariable address used is 2086 out of 150000
DEBUG: Total dvariable address used is 4013584 out of 50000000
DEBUG: Total gradient stack used is 420387 out of 10000000
DEBUG: Total dvariable address used is 2086 out of 150000
DEBUG: Total dvariable address used is 4013584 out of 50000000
DEBUG: Total gradient stack used is 420387 out of 10000000
DEBUG: Total dvariable address used is 2086 out of 150000
DEBUG: Total dvariable address used is 4013584 out of 50000000
DEBUG: Total gradient stack used is 420387 out of 10000000
DEBUG: Total dvariable address used is 2086 out of 150000
DEBUG: Total dvariable address used is 4013584 out of 50000000
DEBUG: Total gradient stack used is 420387 out of 10000000
DEBUG: Total dvariable address used is 2086 out of 150000
DEBUG: Total dvariable address used is 4013584 out of 50000000
DEBUG: Total gradient stack used is 420387 out of 10000000
DEBUG: Total dvariable address used is 2086 out of 150000
DEBUG: Total dvariable address used is 4013584 out of 50000000
DEBUG: Total gradient stack used is 420387 out of 10000000
DEBUG: Total dvariable address used is 2086 out of 150000
DEBUG: Total dvariable address used is 4013584 out of 50000000
DEBUG: Total gradient stack used is 420387 out of 10000000
DEBUG: Total dvariable address used is 2086 out of 150000
DEBUG: Total dvariable address used is 4013584 out of 50000000
DEBUG: Total gradient stack used is 420387 out of 10000000
DEBUG: Total dvariable address used is 2086 out of 150000
DEBUG: Total dvariable address used is 4013584 out of 50000000
DEBUG: Total gradient stack used is 420387 out of 10000000
DEBUG: Total dvariable address used is 2086 out of 150000
DEBUG: Total dvariable address used is 4013584 out of 50000000
DEBUG: Total gradient stack used is 420387 out of 10000000
DEBUG: Total dvariable address used is 2086 out of 150000
DEBUG: Total dvariable address used is 4013584 out of 50000000
DEBUG: Total gradient stack used is 420387 out of 10000000
DEBUG: Total dvariable address used is 2086 out of 150000
DEBUG: Total dvariable address used is 4013584 out of 50000000
DEBUG: Total gradient stack used is 420387 out of 10000000
DEBUG: Total dvariable address used is 2086 out of 150000
DEBUG: Total dvariable address used is 4013584 out of 50000000
DEBUG: Total gradient stack used is 420387 out of 10000000
DEBUG: Total dvariable address used is 2086 out of 150000
DEBUG: Total dvariable address used is 4013584 out of 50000000
DEBUG: Total gradient stack used is 420387 out of 10000000
DEBUG: Total dvariable address used is 2086 out of 150000
DEBUG: Total dvariable address used is 4013584 out of 50000000
DEBUG: Total gradient stack used is 420387 out of 10000000
DEBUG: Total dvariable address used is 2086 out of 150000
DEBUG: Total dvariable address used is 4013584 out of 50000000
DEBUG: Total gradient stack used is 420387 out of 10000000
DEBUG: Total dvariable address used is 2086 out of 150000
DEBUG: Total dvariable address used is 4013584 out of 50000000
DEBUG: Total gradient stack used is 420387 out of 10000000
DEBUG: Total dvariable address used is 2086 out of 150000
DEBUG: Total dvariable address used is 4013584 out of 50000000
DEBUG: Total gradient stack used is 420387 out of 10000000
DEBUG: Total dvariable address used is 2086 out of 150000
DEBUG: Total dvariable address used is 4013584 out of 50000000
DEBUG: Total gradient stack used is 420387 out of 10000000
DEBUG: Total dvariable address used is 2086 out of 150000
DEBUG: Total dvariable address used is 4013584 out of 50000000
DEBUG: Total gradient stack used is 420387 out of 10000000
DEBUG: Total dvariable address used is 2086 out of 150000
DEBUG: Total dvariable address used is 4013584 out of 50000000
DEBUG: Total gradient stack used is 420387 out of 10000000
DEBUG: Total dvariable address used is 2086 out of 150000
DEBUG: Total dvariable address used is 4013584 out of 50000000
DEBUG: Total gradient stack used is 420387 out of 10000000
DEBUG: Total dvariable address used is 2086 out of 150000
DEBUG: Total dvariable address used is 4013584 out of 50000000
DEBUG: Total gradient stack used is 420387 out of 10000000
DEBUG: Total dvariable address used is 2086 out of 150000
DEBUG: Total dvariable address used is 4013584 out of 50000000
DEBUG: Total gradient stack used is 420387 out of 10000000
DEBUG: Total dvariable address used is 2086 out of 150000
DEBUG: Total dvariable address used is 4013584 out of 50000000
DEBUG: Total gradient stack used is 420387 out of 10000000
DEBUG: Total dvariable address used is 2086 out of 150000
DEBUG: Total dvariable address used is 4013584 out of 50000000
DEBUG: Total gradient stack used is 420387 out of 10000000
DEBUG: Total dvariable address used is 2086 out of 150000
DEBUG: Total dvariable address used is 4013584 out of 50000000
DEBUG: Total gradient stack used is 420387 out of 10000000
DEBUG: Total dvariable address used is 2086 out of 150000
DEBUG: Total dvariable address used is 4013584 out of 50000000
DEBUG: Total gradient stack used is 420387 out of 10000000
DEBUG: Total dvariable address used is 2086 out of 150000
DEBUG: Total dvariable address used is 4013584 out of 50000000
DEBUG: Total gradient stack used is 420387 out of 10000000
DEBUG: Total dvariable address used is 2086 out of 150000
DEBUG: Total dvariable address used is 4013584 out of 50000000
DEBUG: Total gradient stack used is 420387 out of 10000000
DEBUG: Total dvariable address used is 2086 out of 150000
DEBUG: Total dvariable address used is 4013584 out of 50000000
DEBUG: Total gradient stack used is 420387 out of 10000000
DEBUG: Total dvariable address used is 2086 out of 150000
DEBUG: Total dvariable address used is 4013584 out of 50000000
DEBUG: Total gradient stack used is 420387 out of 10000000
DEBUG: Total dvariable address used is 2086 out of 150000
DEBUG: Total dvariable address used is 4013584 out of 50000000
DEBUG: Total gradient stack used is 420387 out of 10000000
DEBUG: Total dvariable address used is 2086 out of 150000
DEBUG: Total dvariable address used is 4013584 out of 50000000
DEBUG: Total gradient stack used is 420387 out of 10000000
DEBUG: Total dvariable address used is 2086 out of 150000
DEBUG: Total dvariable address used is 4013584 out of 50000000
DEBUG: Total gradient stack used is 420387 out of 10000000
DEBUG: Total dvariable address used is 2086 out of 150000
DEBUG: Total dvariable address used is 4013584 out of 50000000
DEBUG: Total gradient stack used is 420387 out of 10000000
DEBUG: Total dvariable address used is 2086 out of 150000
DEBUG: Total dvariable address used is 4013584 out of 50000000
DEBUG: Total gradient stack used is 420387 out of 10000000
DEBUG: Total dvariable address used is 2086 out of 150000
DEBUG: Total dvariable address used is 4013584 out of 50000000
DEBUG: Total gradient stack used is 420387 out of 10000000
DEBUG: Total dvariable address used is 2086 out of 150000
DEBUG: Total dvariable address used is 4013584 out of 50000000
DEBUG: Total gradient stack used is 420387 out of 10000000
DEBUG: Total dvariable address used is 2086 out of 150000
DEBUG: Total dvariable address used is 4013584 out of 50000000
DEBUG: Total gradient stack used is 420387 out of 10000000
DEBUG: Total dvariable address used is 2086 out of 150000
DEBUG: Total dvariable address used is 4013584 out of 50000000
DEBUG: Total gradient stack used is 420387 out of 10000000
DEBUG: Total dvariable address used is 2086 out of 150000
DEBUG: Total dvariable address used is 4013584 out of 50000000
DEBUG: Total gradient stack used is 420387 out of 10000000
DEBUG: Total dvariable address used is 2086 out of 150000
DEBUG: Total dvariable address used is 4013584 out of 50000000
DEBUG: Total gradient stack used is 420387 out of 10000000
DEBUG: Total dvariable address used is 2086 out of 150000
DEBUG: Total dvariable address used is 4013584 out of 50000000
DEBUG: Total gradient stack used is 420387 out of 10000000
DEBUG: Total dvariable address used is 2086 out of 150000
DEBUG: Total dvariable address used is 4013584 out of 50000000
DEBUG: Total gradient stack used is 420387 out of 10000000
DEBUG: Total dvariable address used is 2086 out of 150000
DEBUG: Total dvariable address used is 4013584 out of 50000000
DEBUG: Total gradient stack used is 420387 out of 10000000
DEBUG: Total dvariable address used is 2086 out of 150000
DEBUG: Total dvariable address used is 4013584 out of 50000000
DEBUG: Total gradient stack used is 420387 out of 10000000
DEBUG: Total dvariable address used is 2086 out of 150000
DEBUG: Total dvariable address used is 4013584 out of 50000000
DEBUG: Total gradient stack used is 420387 out of 10000000
DEBUG: Total dvariable address used is 2086 out of 150000
DEBUG: Total dvariable address used is 4013584 out of 50000000
DEBUG: Total gradient stack used is 420387 out of 10000000
DEBUG: Total dvariable address used is 2086 out of 150000
DEBUG: Total dvariable address used is 4013584 out of 50000000
DEBUG: Total gradient stack used is 420387 out of 10000000
DEBUG: Total dvariable address used is 2086 out of 150000
DEBUG: Total dvariable address used is 4013584 out of 50000000
DEBUG: Total gradient stack used is 420387 out of 10000000
DEBUG: Total dvariable address used is 2086 out of 150000
DEBUG: Total dvariable address used is 4013584 out of 50000000
DEBUG: Total gradient stack used is 420387 out of 10000000
DEBUG: Total dvariable address used is 2086 out of 150000
DEBUG: Total dvariable address used is 4013584 out of 50000000
DEBUG: Total gradient stack used is 420387 out of 10000000
DEBUG: Total dvariable address used is 2086 out of 150000
DEBUG: Total dvariable address used is 4013584 out of 50000000
DEBUG: Total gradient stack used is 420387 out of 10000000
DEBUG: Total dvariable address used is 2086 out of 150000
DEBUG: Total dvariable address used is 4013584 out of 50000000
DEBUG: Total gradient stack used is 420387 out of 10000000
DEBUG: Total dvariable address used is 2086 out of 150000
DEBUG: Total dvariable address used is 4013584 out of 50000000
DEBUG: Total gradient stack used is 420387 out of 10000000
DEBUG: Total dvariable address used is 2086 out of 150000
DEBUG: Total dvariable address used is 4013584 out of 50000000
DEBUG: Total gradient stack used is 420387 out of 10000000
DEBUG: Total dvariable address used is 2086 out of 150000
DEBUG: Total dvariable address used is 4013584 out of 50000000
DEBUG: Total gradient stack used is 420387 out of 10000000
DEBUG: Total dvariable address used is 2086 out of 150000
DEBUG: Total dvariable address used is 4013584 out of 50000000
DEBUG: Total gradient stack used is 420387 out of 10000000
DEBUG: Total dvariable address used is 2086 out of 150000
DEBUG: Total dvariable address used is 4013584 out of 50000000
DEBUG: Total gradient stack used is 420387 out of 10000000
DEBUG: Total dvariable address used is 2086 out of 150000
DEBUG: Total dvariable address used is 4013584 out of 50000000
DEBUG: Total gradient stack used is 420387 out of 10000000
DEBUG: Total dvariable address used is 2086 out of 150000
DEBUG: Total dvariable address used is 4013584 out of 50000000
DEBUG: Total gradient stack used is 420387 out of 10000000
DEBUG: Total dvariable address used is 2086 out of 150000
DEBUG: Total dvariable address used is 4013584 out of 50000000
DEBUG: Total gradient stack used is 420387 out of 10000000
DEBUG: Total dvariable address used is 2086 out of 150000
DEBUG: Total dvariable address used is 4013584 out of 50000000
DEBUG: Total gradient stack used is 420387 out of 10000000
DEBUG: Total dvariable address used is 2086 out of 150000
DEBUG: Total dvariable address used is 4013584 out of 50000000
DEBUG: Total gradient stack used is 420387 out of 10000000
DEBUG: Total dvariable address used is 2086 out of 150000
DEBUG: Total dvariable address used is 4013584 out of 50000000
DEBUG: Total gradient stack used is 420387 out of 10000000
DEBUG: Total dvariable address used is 2086 out of 150000
DEBUG: Total dvariable address used is 4013584 out of 50000000
DEBUG: Total gradient stack used is 420387 out of 10000000
DEBUG: Total dvariable address used is 2086 out of 150000
DEBUG: Total dvariable address used is 4013584 out of 50000000
DEBUG: Total gradient stack used is 420387 out of 10000000
DEBUG: Total dvariable address used is 2086 out of 150000
DEBUG: Total dvariable address used is 4013584 out of 50000000
DEBUG: Total gradient stack used is 420387 out of 10000000
DEBUG: Total dvariable address used is 2086 out of 150000
DEBUG: Total dvariable address used is 4013584 out of 50000000
DEBUG: Total gradient stack used is 420387 out of 10000000
DEBUG: Total dvariable address used is 2086 out of 150000
DEBUG: Total dvariable address used is 4013584 out of 50000000
DEBUG: Total gradient stack used is 420387 out of 10000000
DEBUG: Total dvariable address used is 2086 out of 150000
DEBUG: Total dvariable address used is 4013584 out of 50000000
DEBUG: Total gradient stack used is 420387 out of 10000000
DEBUG: Total dvariable address used is 2086 out of 150000
DEBUG: Total dvariable address used is 4013584 out of 50000000
DEBUG: Total gradient stack used is 420387 out of 10000000
DEBUG: Total dvariable address used is 2086 out of 150000
DEBUG: Total dvariable address used is 4013584 out of 50000000
DEBUG: Total gradient stack used is 420387 out of 10000000
DEBUG: Total dvariable address used is 2086 out of 150000
DEBUG: Total dvariable address used is 4013584 out of 50000000
DEBUG: Total gradient stack used is 420387 out of 10000000
DEBUG: Total dvariable address used is 2086 out of 150000
DEBUG: Total dvariable address used is 4013584 out of 50000000
DEBUG: Total gradient stack used is 420387 out of 10000000
DEBUG: Total dvariable address used is 2086 out of 150000
DEBUG: Total dvariable address used is 4013584 out of 50000000
DEBUG: Total gradient stack used is 420387 out of 10000000
DEBUG: Total dvariable address used is 2086 out of 150000
DEBUG: Total dvariable address used is 4013584 out of 50000000
DEBUG: Total gradient stack used is 420387 out of 10000000
DEBUG: Total dvariable address used is 2086 out of 150000
DEBUG: Total dvariable address used is 4013584 out of 50000000
DEBUG: Total gradient stack used is 420387 out of 10000000
DEBUG: Total dvariable address used is 2086 out of 150000
DEBUG: Total dvariable address used is 4013584 out of 50000000
DEBUG: Total gradient stack used is 420387 out of 10000000
DEBUG: Total dvariable address used is 2086 out of 150000
DEBUG: Total dvariable address used is 4013584 out of 50000000
DEBUG: Total gradient stack used is 420387 out of 10000000
DEBUG: Total dvariable address used is 2086 out of 150000
DEBUG: Total dvariable address used is 4013584 out of 50000000
DEBUG: Total gradient stack used is 420387 out of 10000000
DEBUG: Total dvariable address used is 2086 out of 150000
DEBUG: Total dvariable address used is 4013584 out of 50000000
DEBUG: Total gradient stack used is 420387 out of 10000000
DEBUG: Total dvariable address used is 2086 out of 150000
DEBUG: Total dvariable address used is 4013584 out of 50000000
DEBUG: Total gradient stack used is 420387 out of 10000000
DEBUG: Total dvariable address used is 2086 out of 150000
DEBUG: Total dvariable address used is 4013584 out of 50000000
DEBUG: Total gradient stack used is 420387 out of 10000000
DEBUG: Total dvariable address used is 2086 out of 150000
DEBUG: Total dvariable address used is 4013584 out of 50000000
DEBUG: Total gradient stack used is 420387 out of 10000000
DEBUG: Total dvariable address used is 2086 out of 150000
DEBUG: Total dvariable address used is 4013584 out of 50000000
DEBUG: Total gradient stack used is 420387 out of 10000000
DEBUG: Total dvariable address used is 2086 out of 150000
DEBUG: Total dvariable address used is 4013584 out of 50000000
DEBUG: Total gradient stack used is 420387 out of 10000000
DEBUG: Total dvariable address used is 2086 out of 150000
DEBUG: Total dvariable address used is 4013584 out of 50000000
DEBUG: Total gradient stack used is 420387 out of 10000000
DEBUG: Total dvariable address used is 2086 out of 150000
DEBUG: Total dvariable address used is 4013584 out of 50000000
DEBUG: Total gradient stack used is 420387 out of 10000000
DEBUG: Total dvariable address used is 2086 out of 150000
DEBUG: Total dvariable address used is 4013584 out of 50000000
DEBUG: Total gradient stack used is 420387 out of 10000000
DEBUG: Total dvariable address used is 2086 out of 150000
DEBUG: Total dvariable address used is 4013584 out of 50000000
DEBUG: Total gradient stack used is 420387 out of 10000000
DEBUG: Total dvariable address used is 2086 out of 150000
DEBUG: Total dvariable address used is 4013584 out of 50000000
DEBUG: Total gradient stack used is 420387 out of 10000000
DEBUG: Total dvariable address used is 2086 out of 150000
DEBUG: Total dvariable address used is 4013584 out of 50000000
DEBUG: Total gradient stack used is 420387 out of 10000000
DEBUG: Total dvariable address used is 2086 out of 150000
DEBUG: Total dvariable address used is 4013584 out of 50000000
DEBUG: Total gradient stack used is 420387 out of 10000000
DEBUG: Total dvariable address used is 2086 out of 150000
DEBUG: Total dvariable address used is 4013584 out of 50000000
DEBUG: Total gradient stack used is 420387 out of 10000000
DEBUG: Total dvariable address used is 2086 out of 150000
DEBUG: Total dvariable address used is 4013584 out of 50000000
DEBUG: Total gradient stack used is 420387 out of 10000000
DEBUG: Total dvariable address used is 2086 out of 150000
DEBUG: Total dvariable address used is 4013584 out of 50000000
DEBUG: Total gradient stack used is 420387 out of 10000000
DEBUG: Total dvariable address used is 2086 out of 150000
DEBUG: Total dvariable address used is 4013584 out of 50000000
DEBUG: Total gradient stack used is 420387 out of 10000000
DEBUG: Total dvariable address used is 2086 out of 150000
DEBUG: Total dvariable address used is 4013584 out of 50000000
DEBUG: Total gradient stack used is 420387 out of 10000000
DEBUG: Total dvariable address used is 2086 out of 150000
DEBUG: Total dvariable address used is 4013584 out of 50000000
DEBUG: Total gradient stack used is 420387 out of 10000000
DEBUG: Total dvariable address used is 2086 out of 150000
DEBUG: Total dvariable address used is 4013584 out of 50000000
DEBUG: Total gradient stack used is 420387 out of 10000000
DEBUG: Total dvariable address used is 2086 out of 150000
DEBUG: Total dvariable address used is 4013584 out of 50000000
DEBUG: Total gradient stack used is 420387 out of 10000000
DEBUG: Total dvariable address used is 2086 out of 150000
DEBUG: Total dvariable address used is 4013584 out of 50000000
DEBUG: Total gradient stack used is 420387 out of 10000000
DEBUG: Total dvariable address used is 2086 out of 150000
DEBUG: Total dvariable address used is 4013584 out of 50000000
DEBUG: Total gradient stack used is 420387 out of 10000000
DEBUG: Total dvariable address used is 2086 out of 150000
DEBUG: Total dvariable address used is 4013584 out of 50000000
DEBUG: Total gradient stack used is 420387 out of 10000000
DEBUG: Total dvariable address used is 2086 out of 150000
DEBUG: Total dvariable address used is 4013584 out of 50000000
DEBUG: Total gradient stack used is 420387 out of 10000000
DEBUG: Total dvariable address used is 2086 out of 150000
DEBUG: Total dvariable address used is 4013584 out of 50000000
DEBUG: Total gradient stack used is 420387 out of 10000000
DEBUG: Total dvariable address used is 2086 out of 150000
DEBUG: Total dvariable address used is 4013584 out of 50000000
DEBUG: Total gradient stack used is 420387 out of 10000000
DEBUG: Total dvariable address used is 2086 out of 150000
DEBUG: Total dvariable address used is 4013584 out of 50000000
DEBUG: Total gradient stack used is 420387 out of 10000000
DEBUG: Total dvariable address used is 2086 out of 150000
DEBUG: Total dvariable address used is 4013584 out of 50000000
DEBUG: Total gradient stack used is 420387 out of 10000000
DEBUG: Total dvariable address used is 2086 out of 150000
DEBUG: Total dvariable address used is 4013584 out of 50000000
DEBUG: Total gradient stack used is 420387 out of 10000000
DEBUG: Total dvariable address used is 2086 out of 150000
DEBUG: Total dvariable address used is 4013584 out of 50000000
DEBUG: Total gradient stack used is 420387 out of 10000000
DEBUG: Total dvariable address used is 2086 out of 150000
DEBUG: Total dvariable address used is 4013584 out of 50000000
DEBUG: Total gradient stack used is 420387 out of 10000000
DEBUG: Total dvariable address used is 2086 out of 150000
DEBUG: Total dvariable address used is 4013584 out of 50000000
DEBUG: Total gradient stack used is 420387 out of 10000000
DEBUG: Total dvariable address used is 2086 out of 150000
DEBUG: Total dvariable address used is 4013584 out of 50000000
DEBUG: Total gradient stack used is 420387 out of 10000000
DEBUG: Total dvariable address used is 2086 out of 150000
DEBUG: Total dvariable address used is 4013584 out of 50000000
DEBUG: Total gradient stack used is 420387 out of 10000000
DEBUG: Total dvariable address used is 2086 out of 150000
DEBUG: Total dvariable address used is 4013584 out of 50000000
DEBUG: Total gradient stack used is 420387 out of 10000000
DEBUG: Total dvariable address used is 2086 out of 150000
DEBUG: Total dvariable address used is 4013584 out of 50000000
DEBUG: Total gradient stack used is 420387 out of 10000000
DEBUG: Total dvariable address used is 2086 out of 150000
DEBUG: Total dvariable address used is 4013584 out of 50000000
DEBUG: Total gradient stack used is 420387 out of 10000000
DEBUG: Total dvariable address used is 2086 out of 150000
DEBUG: Total dvariable address used is 4013584 out of 50000000
DEBUG: Total gradient stack used is 420387 out of 10000000
DEBUG: Total dvariable address used is 2086 out of 150000
DEBUG: Total dvariable address used is 4013584 out of 50000000
DEBUG: Total gradient stack used is 420387 out of 10000000
DEBUG: Total dvariable address used is 2086 out of 150000
DEBUG: Total dvariable address used is 4013584 out of 50000000
DEBUG: Total gradient stack used is 420387 out of 10000000
DEBUG: Total dvariable address used is 2086 out of 150000
DEBUG: Total dvariable address used is 4013584 out of 50000000
DEBUG: Total gradient stack used is 420387 out of 10000000
DEBUG: Total dvariable address used is 2086 out of 150000
DEBUG: Total dvariable address used is 4013584 out of 50000000
DEBUG: Total gradient stack used is 420387 out of 10000000
DEBUG: Total dvariable address used is 2086 out of 150000
DEBUG: Total dvariable address used is 4013584 out of 50000000
DEBUG: Total gradient stack used is 420387 out of 10000000
DEBUG: Total dvariable address used is 2086 out of 150000
DEBUG: Total dvariable address used is 4013584 out of 50000000
DEBUG: Total gradient stack used is 420387 out of 10000000
DEBUG: Total dvariable address used is 2086 out of 150000
DEBUG: Total dvariable address used is 4013584 out of 50000000
DEBUG: Total gradient stack used is 420387 out of 10000000
DEBUG: Total dvariable address used is 2086 out of 150000
DEBUG: Total dvariable address used is 4013584 out of 50000000
DEBUG: Total gradient stack used is 420387 out of 10000000
DEBUG: Total dvariable address used is 2086 out of 150000
DEBUG: Total dvariable address used is 4013584 out of 50000000
DEBUG: Total gradient stack used is 420387 out of 10000000
DEBUG: Total dvariable address used is 2086 out of 150000
DEBUG: Total dvariable address used is 4013584 out of 50000000
DEBUG: Total gradient stack used is 420387 out of 10000000
DEBUG: Total dvariable address used is 2086 out of 150000
DEBUG: Total dvariable address used is 4013584 out of 50000000
DEBUG: Total gradient stack used is 420387 out of 10000000
DEBUG: Total dvariable address used is 2086 out of 150000
DEBUG: Total dvariable address used is 4013584 out of 50000000
DEBUG: Total gradient stack used is 420387 out of 10000000
DEBUG: Total dvariable address used is 2086 out of 150000
DEBUG: Total dvariable address used is 4013584 out of 50000000
DEBUG: Total gradient stack used is 420387 out of 10000000
DEBUG: Total dvariable address used is 2086 out of 150000
DEBUG: Total dvariable address used is 4013584 out of 50000000
DEBUG: Total gradient stack used is 420387 out of 10000000
DEBUG: Total dvariable address used is 2086 out of 150000
DEBUG: Total dvariable address used is 4013584 out of 50000000
DEBUG: Total gradient stack used is 420387 out of 10000000
DEBUG: Total dvariable address used is 2086 out of 150000
DEBUG: Total dvariable address used is 4013584 out of 50000000
DEBUG: Total gradient stack used is 420387 out of 10000000
DEBUG: Total dvariable address used is 2086 out of 150000
DEBUG: Total dvariable address used is 4013584 out of 50000000
DEBUG: Total gradient stack used is 420387 out of 10000000
DEBUG: Total dvariable address used is 2086 out of 150000
DEBUG: Total dvariable address used is 4013584 out of 50000000
DEBUG: Total gradient stack used is 420387 out of 10000000
DEBUG: Total dvariable address used is 2086 out of 150000
DEBUG: Total dvariable address used is 4013584 out of 50000000
DEBUG: Total gradient stack used is 420387 out of 10000000
DEBUG: Total dvariable address used is 2086 out of 150000
DEBUG: Total dvariable address used is 4013584 out of 50000000
DEBUG: Total gradient stack used is 420387 out of 10000000
DEBUG: Total dvariable address used is 2086 out of 150000
DEBUG: Total dvariable address used is 4013584 out of 50000000
DEBUG: Total gradient stack used is 420387 out of 10000000
DEBUG: Total dvariable address used is 2086 out of 150000
DEBUG: Total dvariable address used is 4013584 out of 50000000
DEBUG: Total gradient stack used is 420387 out of 10000000
DEBUG: Total dvariable address used is 2086 out of 150000
DEBUG: Total dvariable address used is 4013584 out of 50000000
DEBUG: Total gradient stack used is 420387 out of 10000000
DEBUG: Total dvariable address used is 2086 out of 150000
DEBUG: Total dvariable address used is 4013584 out of 50000000
DEBUG: Total gradient stack used is 420387 out of 10000000
DEBUG: Total dvariable address used is 2086 out of 150000
DEBUG: Total dvariable address used is 4013584 out of 50000000
DEBUG: Total gradient stack used is 420387 out of 10000000
DEBUG: Total dvariable address used is 2086 out of 150000
DEBUG: Total dvariable address used is 4013584 out of 50000000
DEBUG: Total gradient stack used is 420387 out of 10000000
DEBUG: Total dvariable address used is 2086 out of 150000
DEBUG: Total dvariable address used is 4013584 out of 50000000
DEBUG: Total gradient stack used is 420387 out of 10000000
DEBUG: Total dvariable address used is 2086 out of 150000
DEBUG: Total dvariable address used is 4013584 out of 50000000
DEBUG: Total gradient stack used is 420387 out of 10000000
DEBUG: Total dvariable address used is 2086 out of 150000
DEBUG: Total dvariable address used is 4013584 out of 50000000
DEBUG: Total gradient stack used is 420387 out of 10000000
DEBUG: Total dvariable address used is 2086 out of 150000
DEBUG: Total dvariable address used is 4013584 out of 50000000
DEBUG: Total gradient stack used is 420387 out of 10000000
DEBUG: Total dvariable address used is 2086 out of 150000
DEBUG: Total dvariable address used is 4013584 out of 50000000
DEBUG: Total gradient stack used is 420387 out of 10000000
DEBUG: Total dvariable address used is 2086 out of 150000
DEBUG: Total dvariable address used is 4013584 out of 50000000
DEBUG: Total gradient stack used is 420387 out of 10000000
DEBUG: Total dvariable address used is 2086 out of 150000
DEBUG: Total dvariable address used is 4013584 out of 50000000
DEBUG: Total gradient stack used is 420387 out of 10000000
DEBUG: Total dvariable address used is 2086 out of 150000
DEBUG: Total dvariable address used is 4013584 out of 50000000
DEBUG: Total gradient stack used is 420387 out of 10000000
DEBUG: Total dvariable address used is 2086 out of 150000
DEBUG: Total dvariable address used is 4013584 out of 50000000
DEBUG: Total gradient stack used is 420387 out of 10000000
DEBUG: Total dvariable address used is 2086 out of 150000
DEBUG: Total dvariable address used is 4013584 out of 50000000
DEBUG: Total gradient stack used is 420387 out of 10000000
DEBUG: Total dvariable address used is 2086 out of 150000
DEBUG: Total dvariable address used is 4013584 out of 50000000
DEBUG: Total gradient stack used is 420387 out of 10000000
DEBUG: Total dvariable address used is 2086 out of 150000
DEBUG: Total dvariable address used is 4013584 out of 50000000
DEBUG: Total gradient stack used is 420387 out of 10000000
DEBUG: Total dvariable address used is 2086 out of 150000
DEBUG: Total dvariable address used is 4013584 out of 50000000
DEBUG: Total gradient stack used is 420387 out of 10000000
DEBUG: Total dvariable address used is 2086 out of 150000
DEBUG: Total dvariable address used is 4013584 out of 50000000
DEBUG: Total gradient stack used is 420387 out of 10000000
DEBUG: Total dvariable address used is 2086 out of 150000
DEBUG: Total dvariable address used is 4013584 out of 50000000
DEBUG: Total gradient stack used is 420387 out of 10000000
DEBUG: Total dvariable address used is 2086 out of 150000
DEBUG: Total dvariable address used is 4013584 out of 50000000
DEBUG: Total gradient stack used is 420387 out of 10000000
DEBUG: Total dvariable address used is 2086 out of 150000
DEBUG: Total dvariable address used is 4013584 out of 50000000
DEBUG: Total gradient stack used is 420387 out of 10000000
DEBUG: Total dvariable address used is 2086 out of 150000
DEBUG: Total dvariable address used is 4013584 out of 50000000
DEBUG: Total gradient stack used is 420387 out of 10000000
DEBUG: Total dvariable address used is 2086 out of 150000
DEBUG: Total dvariable address used is 4013584 out of 50000000
DEBUG: Total gradient stack used is 420387 out of 10000000
DEBUG: Total dvariable address used is 2086 out of 150000
DEBUG: Total dvariable address used is 4013584 out of 50000000
DEBUG: Total gradient stack used is 420387 out of 10000000
DEBUG: Total dvariable address used is 2086 out of 150000
DEBUG: Total dvariable address used is 4013584 out of 50000000
DEBUG: Total gradient stack used is 420387 out of 10000000
DEBUG: Total dvariable address used is 2086 out of 150000
DEBUG: Total dvariable address used is 4013584 out of 50000000
DEBUG: Total gradient stack used is 420387 out of 10000000
DEBUG: Total dvariable address used is 2086 out of 150000
DEBUG: Total dvariable address used is 4013584 out of 50000000
DEBUG: Total gradient stack used is 420387 out of 10000000
DEBUG: Total dvariable address used is 2086 out of 150000
DEBUG: Total dvariable address used is 4013584 out of 50000000
DEBUG: Total gradient stack used is 420387 out of 10000000
DEBUG: Total dvariable address used is 2086 out of 150000
DEBUG: Total dvariable address used is 4013584 out of 50000000
DEBUG: Total gradient stack used is 420387 out of 10000000
DEBUG: Total dvariable address used is 2086 out of 150000
DEBUG: Total dvariable address used is 4013584 out of 50000000
DEBUG: Total gradient stack used is 420387 out of 10000000
DEBUG: Total dvariable address used is 2086 out of 150000
DEBUG: Total dvariable address used is 4013584 out of 50000000
DEBUG: Total gradient stack used is 420387 out of 10000000
DEBUG: Total dvariable address used is 2086 out of 150000
DEBUG: Total dvariable address used is 4013584 out of 50000000
DEBUG: Total gradient stack used is 420387 out of 10000000
DEBUG: Total dvariable address used is 2086 out of 150000
DEBUG: Total dvariable address used is 4013584 out of 50000000
DEBUG: Total gradient stack used is 420387 out of 10000000
DEBUG: Total dvariable address used is 2086 out of 150000
DEBUG: Total dvariable address used is 4013584 out of 50000000
DEBUG: Total gradient stack used is 420387 out of 10000000
DEBUG: Total dvariable address used is 2086 out of 150000
DEBUG: Total dvariable address used is 4013584 out of 50000000
DEBUG: Total gradient stack used is 420387 out of 10000000
DEBUG: Total dvariable address used is 2086 out of 150000
DEBUG: Total dvariable address used is 4013584 out of 50000000
DEBUG: Total gradient stack used is 420387 out of 10000000
DEBUG: Total dvariable address used is 2086 out of 150000
DEBUG: Total dvariable address used is 4013584 out of 50000000
DEBUG: Total gradient stack used is 420387 out of 10000000
DEBUG: Total dvariable address used is 2086 out of 150000
DEBUG: Total dvariable address used is 4013584 out of 50000000
DEBUG: Total gradient stack used is 420387 out of 10000000
DEBUG: Total dvariable address used is 2086 out of 150000
DEBUG: Total dvariable address used is 4013584 out of 50000000
DEBUG: Total gradient stack used is 420387 out of 10000000
DEBUG: Total dvariable address used is 2086 out of 150000
DEBUG: Total dvariable address used is 4013584 out of 50000000
DEBUG: Total gradient stack used is 420387 out of 10000000
DEBUG: Total dvariable address used is 2086 out of 150000
DEBUG: Total dvariable address used is 4013584 out of 50000000
DEBUG: Total gradient stack used is 420387 out of 10000000
DEBUG: Total dvariable address used is 2086 out of 150000
DEBUG: Total dvariable address used is 4013584 out of 50000000
DEBUG: Total gradient stack used is 420387 out of 10000000
DEBUG: Total dvariable address used is 2086 out of 150000
DEBUG: Total dvariable address used is 4013584 out of 50000000
DEBUG: Total gradient stack used is 420387 out of 10000000
DEBUG: Total dvariable address used is 2086 out of 150000
DEBUG: Total dvariable address used is 4013584 out of 50000000
DEBUG: Total gradient stack used is 420387 out of 10000000
DEBUG: Total dvariable address used is 2086 out of 150000
DEBUG: Total dvariable address used is 4013584 out of 50000000
DEBUG: Total gradient stack used is 420387 out of 10000000
DEBUG: Total dvariable address used is 2086 out of 150000
DEBUG: Total dvariable address used is 4013584 out of 50000000
DEBUG: Total gradient stack used is 420387 out of 10000000
DEBUG: Total dvariable address used is 2086 out of 150000
DEBUG: Total dvariable address used is 4013584 out of 50000000
DEBUG: Total gradient stack used is 420387 out of 10000000
DEBUG: Total dvariable address used is 2086 out of 150000
DEBUG: Total dvariable address used is 4013584 out of 50000000
DEBUG: Total gradient stack used is 420387 out of 10000000
DEBUG: Total dvariable address used is 2086 out of 150000
DEBUG: Total dvariable address used is 4013584 out of 50000000
DEBUG: Total gradient stack used is 420387 out of 10000000
DEBUG: Total dvariable address used is 2086 out of 150000
DEBUG: Total dvariable address used is 4013584 out of 50000000
DEBUG: Total gradient stack used is 420387 out of 10000000
DEBUG: Total dvariable address used is 2086 out of 150000
DEBUG: Total dvariable address used is 4013584 out of 50000000
DEBUG: Total gradient stack used is 420387 out of 10000000
DEBUG: Total dvariable address used is 2086 out of 150000
DEBUG: Total dvariable address used is 4013584 out of 50000000
DEBUG: Total gradient stack used is 420387 out of 10000000
DEBUG: Total dvariable address used is 2086 out of 150000
DEBUG: Total dvariable address used is 4013584 out of 50000000
DEBUG: Total gradient stack used is 420387 out of 10000000
DEBUG: Total dvariable address used is 2086 out of 150000
DEBUG: Total dvariable address used is 4013584 out of 50000000
DEBUG: Total gradient stack used is 420387 out of 10000000
DEBUG: Total dvariable address used is 2086 out of 150000
DEBUG: Total dvariable address used is 4013584 out of 50000000
DEBUG: Total gradient stack used is 420387 out of 10000000
DEBUG: Total dvariable address used is 2086 out of 150000
DEBUG: Total dvariable address used is 4013584 out of 50000000
DEBUG: Total gradient stack used is 420387 out of 10000000
DEBUG: Total dvariable address used is 2086 out of 150000
DEBUG: Total dvariable address used is 4013584 out of 50000000
DEBUG: Total gradient stack used is 420387 out of 10000000
DEBUG: Total dvariable address used is 2086 out of 150000
DEBUG: Total dvariable address used is 4013584 out of 50000000
DEBUG: Total gradient stack used is 420387 out of 10000000
DEBUG: Total dvariable address used is 2086 out of 150000
DEBUG: Total dvariable address used is 4013584 out of 50000000
DEBUG: Total gradient stack used is 420387 out of 10000000
DEBUG: Total dvariable address used is 2086 out of 150000
DEBUG: Total dvariable address used is 4013584 out of 50000000
DEBUG: Total gradient stack used is 420387 out of 10000000
DEBUG: Total dvariable address used is 2086 out of 150000
DEBUG: Total dvariable address used is 4013584 out of 50000000
DEBUG: Total gradient stack used is 420387 out of 10000000
DEBUG: Total dvariable address used is 2086 out of 150000
DEBUG: Total dvariable address used is 4013584 out of 50000000
DEBUG: Total gradient stack used is 420387 out of 10000000
DEBUG: Total dvariable address used is 2086 out of 150000
DEBUG: Total dvariable address used is 4013584 out of 50000000
DEBUG: Total gradient stack used is 420387 out of 10000000
DEBUG: Total dvariable address used is 2086 out of 150000
DEBUG: Total dvariable address used is 4013584 out of 50000000
DEBUG: Total gradient stack used is 420387 out of 10000000
DEBUG: Total dvariable address used is 2086 out of 150000
DEBUG: Total dvariable address used is 4013584 out of 50000000
DEBUG: Total gradient stack used is 420387 out of 10000000
DEBUG: Total dvariable address used is 2086 out of 150000
DEBUG: Total dvariable address used is 4013584 out of 50000000
DEBUG: Total gradient stack used is 420387 out of 10000000
DEBUG: Total dvariable address used is 2086 out of 150000
DEBUG: Total dvariable address used is 4013584 out of 50000000
DEBUG: Total gradient stack used is 420387 out of 10000000
DEBUG: Total dvariable address used is 2086 out of 150000
DEBUG: Total dvariable address used is 4013584 out of 50000000
DEBUG: Total gradient stack used is 420387 out of 10000000
DEBUG: Total dvariable address used is 2086 out of 150000
DEBUG: Total dvariable address used is 4013584 out of 50000000
DEBUG: Total gradient stack used is 420387 out of 10000000
DEBUG: Total dvariable address used is 2086 out of 150000
DEBUG: Total dvariable address used is 4013584 out of 50000000
DEBUG: Total gradient stack used is 420387 out of 10000000
DEBUG: Total dvariable address used is 2086 out of 150000
DEBUG: Total dvariable address used is 4013584 out of 50000000
DEBUG: Total gradient stack used is 420387 out of 10000000
DEBUG: Total dvariable address used is 2086 out of 150000
DEBUG: Total dvariable address used is 4013584 out of 50000000
DEBUG: Total gradient stack used is 420387 out of 10000000
DEBUG: Total dvariable address used is 2086 out of 150000
DEBUG: Total dvariable address used is 4013584 out of 50000000
DEBUG: Total gradient stack used is 420387 out of 10000000
DEBUG: Total dvariable address used is 2086 out of 150000
DEBUG: Total dvariable address used is 4013584 out of 50000000
DEBUG: Total gradient stack used is 420387 out of 10000000
DEBUG: Total dvariable address used is 2086 out of 150000
DEBUG: Total dvariable address used is 4013584 out of 50000000
DEBUG: Total gradient stack used is 420387 out of 10000000
DEBUG: Total dvariable address used is 2086 out of 150000
DEBUG: Total dvariable address used is 4013584 out of 50000000
DEBUG: Total gradient stack used is 420387 out of 10000000
DEBUG: Total dvariable address used is 2086 out of 150000
DEBUG: Total dvariable address used is 4013584 out of 50000000
DEBUG: Total gradient stack used is 420387 out of 10000000
DEBUG: Total dvariable address used is 2086 out of 150000
DEBUG: Total dvariable address used is 4013584 out of 50000000
DEBUG: Total gradient stack used is 420387 out of 10000000
DEBUG: Total dvariable address used is 2086 out of 150000
DEBUG: Total dvariable address used is 4013584 out of 50000000
DEBUG: Total gradient stack used is 420387 out of 10000000
DEBUG: Total dvariable address used is 2086 out of 150000
DEBUG: Total dvariable address used is 4013584 out of 50000000
DEBUG: Total gradient stack used is 420387 out of 10000000
DEBUG: Total dvariable address used is 2086 out of 150000
DEBUG: Total dvariable address used is 4013584 out of 50000000
DEBUG: Total gradient stack used is 420387 out of 10000000
DEBUG: Total dvariable address used is 2086 out of 150000
DEBUG: Total dvariable address used is 4013584 out of 50000000
DEBUG: Total gradient stack used is 420387 out of 10000000
DEBUG: Total dvariable address used is 2086 out of 150000
DEBUG: Total dvariable address used is 4013584 out of 50000000
DEBUG: Total gradient stack used is 420387 out of 10000000
DEBUG: Total dvariable address used is 2086 out of 150000
DEBUG: Total dvariable address used is 4013584 out of 50000000
DEBUG: Total gradient stack used is 420387 out of 10000000
DEBUG: Total dvariable address used is 2086 out of 150000
DEBUG: Total dvariable address used is 4013584 out of 50000000
DEBUG: Total gradient stack used is 420387 out of 10000000
DEBUG: Total dvariable address used is 2086 out of 150000
DEBUG: Total dvariable address used is 4013584 out of 50000000
DEBUG: Total gradient stack used is 420387 out of 10000000
DEBUG: Total dvariable address used is 2086 out of 150000
DEBUG: Total dvariable address used is 4013584 out of 50000000
DEBUG: Total gradient stack used is 420387 out of 10000000
DEBUG: Total dvariable address used is 2086 out of 150000
DEBUG: Total dvariable address used is 4013584 out of 50000000
DEBUG: Total gradient stack used is 420387 out of 10000000
DEBUG: Total dvariable address used is 2086 out of 150000
DEBUG: Total dvariable address used is 4013584 out of 50000000
DEBUG: Total gradient stack used is 420387 out of 10000000
DEBUG: Total dvariable address used is 2086 out of 150000
DEBUG: Total dvariable address used is 4013584 out of 50000000
DEBUG: Total gradient stack used is 420387 out of 10000000
DEBUG: Total dvariable address used is 2086 out of 150000
DEBUG: Total dvariable address used is 4013584 out of 50000000
DEBUG: Total gradient stack used is 420387 out of 10000000
DEBUG: Total dvariable address used is 2086 out of 150000
DEBUG: Total dvariable address used is 4013584 out of 50000000
DEBUG: Total gradient stack used is 420387 out of 10000000
DEBUG: Total dvariable address used is 2086 out of 150000
DEBUG: Total dvariable address used is 4013584 out of 50000000
DEBUG: Total gradient stack used is 420387 out of 10000000
DEBUG: Total dvariable address used is 2086 out of 150000
DEBUG: Total dvariable address used is 4013584 out of 50000000
DEBUG: Total gradient stack used is 420387 out of 10000000
DEBUG: Total dvariable address used is 2086 out of 150000
DEBUG: Total dvariable address used is 4013584 out of 50000000
DEBUG: Total gradient stack used is 420387 out of 10000000
DEBUG: Total dvariable address used is 2086 out of 150000
DEBUG: Total dvariable address used is 4013584 out of 50000000
DEBUG: Total gradient stack used is 420387 out of 10000000
DEBUG: Total dvariable address used is 2086 out of 150000
DEBUG: Total dvariable address used is 4013584 out of 50000000
DEBUG: Total gradient stack used is 420387 out of 10000000
DEBUG: Total dvariable address used is 2086 out of 150000
DEBUG: Total dvariable address used is 4013584 out of 50000000
DEBUG: Total gradient stack used is 420387 out of 10000000
DEBUG: Total dvariable address used is 2086 out of 150000
DEBUG: Total dvariable address used is 4013584 out of 50000000
DEBUG: Total gradient stack used is 420387 out of 10000000
DEBUG: Total dvariable address used is 2086 out of 150000
DEBUG: Total dvariable address used is 4013584 out of 50000000
DEBUG: Total gradient stack used is 420387 out of 10000000
DEBUG: Total dvariable address used is 2086 out of 150000
DEBUG: Total dvariable address used is 4013584 out of 50000000
DEBUG: Total gradient stack used is 420387 out of 10000000
DEBUG: Total dvariable address used is 2086 out of 150000
DEBUG: Total dvariable address used is 4013584 out of 50000000
DEBUG: Total gradient stack used is 420387 out of 10000000
DEBUG: Total dvariable address used is 2086 out of 150000
DEBUG: Total dvariable address used is 4013584 out of 50000000
DEBUG: Total gradient stack used is 420387 out of 10000000
DEBUG: Total dvariable address used is 2086 out of 150000
DEBUG: Total dvariable address used is 4013584 out of 50000000
DEBUG: Total gradient stack used is 420387 out of 10000000
DEBUG: Total dvariable address used is 2086 out of 150000
DEBUG: Total dvariable address used is 4013584 out of 50000000
DEBUG: Total gradient stack used is 420387 out of 10000000
DEBUG: Total dvariable address used is 2086 out of 150000
DEBUG: Total dvariable address used is 4013584 out of 50000000
DEBUG: Total gradient stack used is 420387 out of 10000000
DEBUG: Total dvariable address used is 2086 out of 150000
DEBUG: Total dvariable address used is 4013584 out of 50000000
DEBUG: Total gradient stack used is 420387 out of 10000000
DEBUG: Total dvariable address used is 2086 out of 150000
DEBUG: Total dvariable address used is 4013584 out of 50000000
DEBUG: Total gradient stack used is 420387 out of 10000000
DEBUG: Total dvariable address used is 2086 out of 150000
DEBUG: Total dvariable address used is 4013584 out of 50000000
DEBUG: Total gradient stack used is 420387 out of 10000000
DEBUG: Total dvariable address used is 2086 out of 150000
DEBUG: Total dvariable address used is 4013584 out of 50000000
DEBUG: Total gradient stack used is 420387 out of 10000000
DEBUG: Total dvariable address used is 2086 out of 150000
DEBUG: Total dvariable address used is 4013584 out of 50000000
DEBUG: Total gradient stack used is 420387 out of 10000000
DEBUG: Total dvariable address used is 2086 out of 150000
DEBUG: Total dvariable address used is 4013584 out of 50000000
DEBUG: Total gradient stack used is 420387 out of 10000000
DEBUG: Total dvariable address used is 2086 out of 150000
DEBUG: Total dvariable address used is 4013584 out of 50000000
DEBUG: Total gradient stack used is 420387 out of 10000000
DEBUG: Total dvariable address used is 2086 out of 150000
DEBUG: Total dvariable address used is 4013584 out of 50000000
DEBUG: Total gradient stack used is 420387 out of 10000000
DEBUG: Total dvariable address used is 2086 out of 150000
DEBUG: Total dvariable address used is 4013584 out of 50000000
DEBUG: Total gradient stack used is 420387 out of 10000000
DEBUG: Total dvariable address used is 2086 out of 150000
DEBUG: Total dvariable address used is 4013584 out of 50000000
DEBUG: Total gradient stack used is 420387 out of 10000000
DEBUG: Total dvariable address used is 2086 out of 150000
DEBUG: Total dvariable address used is 4013584 out of 50000000
DEBUG: Total gradient stack used is 420387 out of 10000000
DEBUG: Total dvariable address used is 2086 out of 150000
DEBUG: Total dvariable address used is 4013584 out of 50000000
, 80%DEBUG: Total gradient stack used is 420387 out of 10000000
DEBUG: Total dvariable address used is 2086 out of 150000
DEBUG: Total dvariable address used is 4013584 out of 50000000
DEBUG: Total gradient stack used is 420387 out of 10000000
DEBUG: Total dvariable address used is 2086 out of 150000
DEBUG: Total dvariable address used is 4013584 out of 50000000
DEBUG: Total gradient stack used is 420387 out of 10000000
DEBUG: Total dvariable address used is 2086 out of 150000
DEBUG: Total dvariable address used is 4013584 out of 50000000
DEBUG: Total gradient stack used is 420387 out of 10000000
DEBUG: Total dvariable address used is 2086 out of 150000
DEBUG: Total dvariable address used is 4013584 out of 50000000
DEBUG: Total gradient stack used is 420387 out of 10000000
DEBUG: Total dvariable address used is 2086 out of 150000
DEBUG: Total dvariable address used is 4013584 out of 50000000
DEBUG: Total gradient stack used is 420387 out of 10000000
DEBUG: Total dvariable address used is 2086 out of 150000
DEBUG: Total dvariable address used is 4013584 out of 50000000
DEBUG: Total gradient stack used is 420387 out of 10000000
DEBUG: Total dvariable address used is 2086 out of 150000
DEBUG: Total dvariable address used is 4013584 out of 50000000
DEBUG: Total gradient stack used is 420387 out of 10000000
DEBUG: Total dvariable address used is 2086 out of 150000
DEBUG: Total dvariable address used is 4013584 out of 50000000
DEBUG: Total gradient stack used is 420387 out of 10000000
DEBUG: Total dvariable address used is 2086 out of 150000
DEBUG: Total dvariable address used is 4013584 out of 50000000
DEBUG: Total gradient stack used is 420387 out of 10000000
DEBUG: Total dvariable address used is 2086 out of 150000
DEBUG: Total dvariable address used is 4013584 out of 50000000
DEBUG: Total gradient stack used is 420387 out of 10000000
DEBUG: Total dvariable address used is 2086 out of 150000
DEBUG: Total dvariable address used is 4013584 out of 50000000
DEBUG: Total gradient stack used is 420387 out of 10000000
DEBUG: Total dvariable address used is 2086 out of 150000
DEBUG: Total dvariable address used is 4013584 out of 50000000
DEBUG: Total gradient stack used is 420387 out of 10000000
DEBUG: Total dvariable address used is 2086 out of 150000
DEBUG: Total dvariable address used is 4013584 out of 50000000
DEBUG: Total gradient stack used is 420387 out of 10000000
DEBUG: Total dvariable address used is 2086 out of 150000
DEBUG: Total dvariable address used is 4013584 out of 50000000
DEBUG: Total gradient stack used is 420387 out of 10000000
DEBUG: Total dvariable address used is 2086 out of 150000
DEBUG: Total dvariable address used is 4013584 out of 50000000
DEBUG: Total gradient stack used is 420387 out of 10000000
DEBUG: Total dvariable address used is 2086 out of 150000
DEBUG: Total dvariable address used is 4013584 out of 50000000
DEBUG: Total gradient stack used is 420387 out of 10000000
DEBUG: Total dvariable address used is 2086 out of 150000
DEBUG: Total dvariable address used is 4013584 out of 50000000
DEBUG: Total gradient stack used is 420387 out of 10000000
DEBUG: Total dvariable address used is 2086 out of 150000
DEBUG: Total dvariable address used is 4013584 out of 50000000
DEBUG: Total gradient stack used is 420387 out of 10000000
DEBUG: Total dvariable address used is 2086 out of 150000
DEBUG: Total dvariable address used is 4013584 out of 50000000
DEBUG: Total gradient stack used is 420387 out of 10000000
DEBUG: Total dvariable address used is 2086 out of 150000
DEBUG: Total dvariable address used is 4013584 out of 50000000
DEBUG: Total gradient stack used is 420387 out of 10000000
DEBUG: Total dvariable address used is 2086 out of 150000
DEBUG: Total dvariable address used is 4013584 out of 50000000
DEBUG: Total gradient stack used is 420387 out of 10000000
DEBUG: Total dvariable address used is 2086 out of 150000
DEBUG: Total dvariable address used is 4013584 out of 50000000
DEBUG: Total gradient stack used is 420387 out of 10000000
DEBUG: Total dvariable address used is 2086 out of 150000
DEBUG: Total dvariable address used is 4013584 out of 50000000
DEBUG: Total gradient stack used is 420387 out of 10000000
DEBUG: Total dvariable address used is 2086 out of 150000
DEBUG: Total dvariable address used is 4013584 out of 50000000
DEBUG: Total gradient stack used is 420387 out of 10000000
DEBUG: Total dvariable address used is 2086 out of 150000
DEBUG: Total dvariable address used is 4013584 out of 50000000
DEBUG: Total gradient stack used is 420387 out of 10000000
DEBUG: Total dvariable address used is 2086 out of 150000
DEBUG: Total dvariable address used is 4013584 out of 50000000
DEBUG: Total gradient stack used is 420387 out of 10000000
DEBUG: Total dvariable address used is 2086 out of 150000
DEBUG: Total dvariable address used is 4013584 out of 50000000
DEBUG: Total gradient stack used is 420387 out of 10000000
DEBUG: Total dvariable address used is 2086 out of 150000
DEBUG: Total dvariable address used is 4013584 out of 50000000
DEBUG: Total gradient stack used is 420387 out of 10000000
DEBUG: Total dvariable address used is 2086 out of 150000
DEBUG: Total dvariable address used is 4013584 out of 50000000
DEBUG: Total gradient stack used is 420387 out of 10000000
DEBUG: Total dvariable address used is 2086 out of 150000
DEBUG: Total dvariable address used is 4013584 out of 50000000
DEBUG: Total gradient stack used is 420387 out of 10000000
DEBUG: Total dvariable address used is 2086 out of 150000
DEBUG: Total dvariable address used is 4013584 out of 50000000
DEBUG: Total gradient stack used is 420387 out of 10000000
DEBUG: Total dvariable address used is 2086 out of 150000
DEBUG: Total dvariable address used is 4013584 out of 50000000
DEBUG: Total gradient stack used is 420387 out of 10000000
DEBUG: Total dvariable address used is 2086 out of 150000
DEBUG: Total dvariable address used is 4013584 out of 50000000
DEBUG: Total gradient stack used is 420387 out of 10000000
DEBUG: Total dvariable address used is 2086 out of 150000
DEBUG: Total dvariable address used is 4013584 out of 50000000
DEBUG: Total gradient stack used is 420387 out of 10000000
DEBUG: Total dvariable address used is 2086 out of 150000
DEBUG: Total dvariable address used is 4013584 out of 50000000
DEBUG: Total gradient stack used is 420387 out of 10000000
DEBUG: Total dvariable address used is 2086 out of 150000
DEBUG: Total dvariable address used is 4013584 out of 50000000
DEBUG: Total gradient stack used is 420387 out of 10000000
DEBUG: Total dvariable address used is 2086 out of 150000
DEBUG: Total dvariable address used is 4013584 out of 50000000
DEBUG: Total gradient stack used is 420387 out of 10000000
DEBUG: Total dvariable address used is 2086 out of 150000
DEBUG: Total dvariable address used is 4013584 out of 50000000
DEBUG: Total gradient stack used is 420387 out of 10000000
DEBUG: Total dvariable address used is 2086 out of 150000
DEBUG: Total dvariable address used is 4013584 out of 50000000
DEBUG: Total gradient stack used is 420387 out of 10000000
DEBUG: Total dvariable address used is 2086 out of 150000
DEBUG: Total dvariable address used is 4013584 out of 50000000
DEBUG: Total gradient stack used is 420387 out of 10000000
DEBUG: Total dvariable address used is 2086 out of 150000
DEBUG: Total dvariable address used is 4013584 out of 50000000
DEBUG: Total gradient stack used is 420387 out of 10000000
DEBUG: Total dvariable address used is 2086 out of 150000
DEBUG: Total dvariable address used is 4013584 out of 50000000
DEBUG: Total gradient stack used is 420387 out of 10000000
DEBUG: Total dvariable address used is 2086 out of 150000
DEBUG: Total dvariable address used is 4013584 out of 50000000
DEBUG: Total gradient stack used is 420387 out of 10000000
DEBUG: Total dvariable address used is 2086 out of 150000
DEBUG: Total dvariable address used is 4013584 out of 50000000
DEBUG: Total gradient stack used is 420387 out of 10000000
DEBUG: Total dvariable address used is 2086 out of 150000
DEBUG: Total dvariable address used is 4013584 out of 50000000
DEBUG: Total gradient stack used is 420387 out of 10000000
DEBUG: Total dvariable address used is 2086 out of 150000
DEBUG: Total dvariable address used is 4013584 out of 50000000
DEBUG: Total gradient stack used is 420387 out of 10000000
DEBUG: Total dvariable address used is 2086 out of 150000
DEBUG: Total dvariable address used is 4013584 out of 50000000
DEBUG: Total gradient stack used is 420387 out of 10000000
DEBUG: Total dvariable address used is 2086 out of 150000
DEBUG: Total dvariable address used is 4013584 out of 50000000
DEBUG: Total gradient stack used is 420387 out of 10000000
DEBUG: Total dvariable address used is 2086 out of 150000
DEBUG: Total dvariable address used is 4013584 out of 50000000
DEBUG: Total gradient stack used is 420387 out of 10000000
DEBUG: Total dvariable address used is 2086 out of 150000
DEBUG: Total dvariable address used is 4013584 out of 50000000
DEBUG: Total gradient stack used is 420387 out of 10000000
DEBUG: Total dvariable address used is 2086 out of 150000
DEBUG: Total dvariable address used is 4013584 out of 50000000
DEBUG: Total gradient stack used is 420387 out of 10000000
DEBUG: Total dvariable address used is 2086 out of 150000
DEBUG: Total dvariable address used is 4013584 out of 50000000
DEBUG: Total gradient stack used is 420387 out of 10000000
DEBUG: Total dvariable address used is 2086 out of 150000
DEBUG: Total dvariable address used is 4013584 out of 50000000
DEBUG: Total gradient stack used is 420387 out of 10000000
DEBUG: Total dvariable address used is 2086 out of 150000
DEBUG: Total dvariable address used is 4013584 out of 50000000
DEBUG: Total gradient stack used is 420387 out of 10000000
DEBUG: Total dvariable address used is 2086 out of 150000
DEBUG: Total dvariable address used is 4013584 out of 50000000
DEBUG: Total gradient stack used is 420387 out of 10000000
DEBUG: Total dvariable address used is 2086 out of 150000
DEBUG: Total dvariable address used is 4013584 out of 50000000
DEBUG: Total gradient stack used is 420387 out of 10000000
DEBUG: Total dvariable address used is 2086 out of 150000
DEBUG: Total dvariable address used is 4013584 out of 50000000
DEBUG: Total gradient stack used is 420387 out of 10000000
DEBUG: Total dvariable address used is 2086 out of 150000
DEBUG: Total dvariable address used is 4013584 out of 50000000
DEBUG: Total gradient stack used is 420387 out of 10000000
DEBUG: Total dvariable address used is 2086 out of 150000
DEBUG: Total dvariable address used is 4013584 out of 50000000
DEBUG: Total gradient stack used is 420387 out of 10000000
DEBUG: Total dvariable address used is 2086 out of 150000
DEBUG: Total dvariable address used is 4013584 out of 50000000
DEBUG: Total gradient stack used is 420387 out of 10000000
DEBUG: Total dvariable address used is 2086 out of 150000
DEBUG: Total dvariable address used is 4013584 out of 50000000
DEBUG: Total gradient stack used is 420387 out of 10000000
DEBUG: Total dvariable address used is 2086 out of 150000
DEBUG: Total dvariable address used is 4013584 out of 50000000
DEBUG: Total gradient stack used is 420387 out of 10000000
DEBUG: Total dvariable address used is 2086 out of 150000
DEBUG: Total dvariable address used is 4013584 out of 50000000
DEBUG: Total gradient stack used is 420387 out of 10000000
DEBUG: Total dvariable address used is 2086 out of 150000
DEBUG: Total dvariable address used is 4013584 out of 50000000
DEBUG: Total gradient stack used is 420387 out of 10000000
DEBUG: Total dvariable address used is 2086 out of 150000
DEBUG: Total dvariable address used is 4013584 out of 50000000
DEBUG: Total gradient stack used is 420387 out of 10000000
DEBUG: Total dvariable address used is 2086 out of 150000
DEBUG: Total dvariable address used is 4013584 out of 50000000
DEBUG: Total gradient stack used is 420387 out of 10000000
DEBUG: Total dvariable address used is 2086 out of 150000
DEBUG: Total dvariable address used is 4013584 out of 50000000
DEBUG: Total gradient stack used is 420387 out of 10000000
DEBUG: Total dvariable address used is 2086 out of 150000
DEBUG: Total dvariable address used is 4013584 out of 50000000
DEBUG: Total gradient stack used is 420387 out of 10000000
DEBUG: Total dvariable address used is 2086 out of 150000
DEBUG: Total dvariable address used is 4013584 out of 50000000
DEBUG: Total gradient stack used is 420387 out of 10000000
DEBUG: Total dvariable address used is 2086 out of 150000
DEBUG: Total dvariable address used is 4013584 out of 50000000
DEBUG: Total gradient stack used is 420387 out of 10000000
DEBUG: Total dvariable address used is 2086 out of 150000
DEBUG: Total dvariable address used is 4013584 out of 50000000
DEBUG: Total gradient stack used is 420387 out of 10000000
DEBUG: Total dvariable address used is 2086 out of 150000
DEBUG: Total dvariable address used is 4013584 out of 50000000
DEBUG: Total gradient stack used is 420387 out of 10000000
DEBUG: Total dvariable address used is 2086 out of 150000
DEBUG: Total dvariable address used is 4013584 out of 50000000
DEBUG: Total gradient stack used is 420387 out of 10000000
DEBUG: Total dvariable address used is 2086 out of 150000
DEBUG: Total dvariable address used is 4013584 out of 50000000
DEBUG: Total gradient stack used is 420387 out of 10000000
DEBUG: Total dvariable address used is 2086 out of 150000
DEBUG: Total dvariable address used is 4013584 out of 50000000
DEBUG: Total gradient stack used is 420387 out of 10000000
DEBUG: Total dvariable address used is 2086 out of 150000
DEBUG: Total dvariable address used is 4013584 out of 50000000
DEBUG: Total gradient stack used is 420387 out of 10000000
DEBUG: Total dvariable address used is 2086 out of 150000
DEBUG: Total dvariable address used is 4013584 out of 50000000
DEBUG: Total gradient stack used is 420387 out of 10000000
DEBUG: Total dvariable address used is 2086 out of 150000
DEBUG: Total dvariable address used is 4013584 out of 50000000
DEBUG: Total gradient stack used is 420387 out of 10000000
DEBUG: Total dvariable address used is 2086 out of 150000
DEBUG: Total dvariable address used is 4013584 out of 50000000
DEBUG: Total gradient stack used is 420387 out of 10000000
DEBUG: Total dvariable address used is 2086 out of 150000
DEBUG: Total dvariable address used is 4013584 out of 50000000
DEBUG: Total gradient stack used is 420387 out of 10000000
DEBUG: Total dvariable address used is 2086 out of 150000
DEBUG: Total dvariable address used is 4013584 out of 50000000
DEBUG: Total gradient stack used is 420387 out of 10000000
DEBUG: Total dvariable address used is 2086 out of 150000
DEBUG: Total dvariable address used is 4013584 out of 50000000
DEBUG: Total gradient stack used is 420387 out of 10000000
DEBUG: Total dvariable address used is 2086 out of 150000
DEBUG: Total dvariable address used is 4013584 out of 50000000
DEBUG: Total gradient stack used is 420387 out of 10000000
DEBUG: Total dvariable address used is 2086 out of 150000
DEBUG: Total dvariable address used is 4013584 out of 50000000
DEBUG: Total gradient stack used is 420387 out of 10000000
DEBUG: Total dvariable address used is 2086 out of 150000
DEBUG: Total dvariable address used is 4013584 out of 50000000
DEBUG: Total gradient stack used is 420387 out of 10000000
DEBUG: Total dvariable address used is 2086 out of 150000
DEBUG: Total dvariable address used is 4013584 out of 50000000
DEBUG: Total gradient stack used is 420387 out of 10000000
DEBUG: Total dvariable address used is 2086 out of 150000
DEBUG: Total dvariable address used is 4013584 out of 50000000
DEBUG: Total gradient stack used is 420387 out of 10000000
DEBUG: Total dvariable address used is 2086 out of 150000
DEBUG: Total dvariable address used is 4013584 out of 50000000
DEBUG: Total gradient stack used is 420387 out of 10000000
DEBUG: Total dvariable address used is 2086 out of 150000
DEBUG: Total dvariable address used is 4013584 out of 50000000
DEBUG: Total gradient stack used is 420387 out of 10000000
DEBUG: Total dvariable address used is 2086 out of 150000
DEBUG: Total dvariable address used is 4013584 out of 50000000
DEBUG: Total gradient stack used is 420387 out of 10000000
DEBUG: Total dvariable address used is 2086 out of 150000
DEBUG: Total dvariable address used is 4013584 out of 50000000
DEBUG: Total gradient stack used is 420387 out of 10000000
DEBUG: Total dvariable address used is 2086 out of 150000
DEBUG: Total dvariable address used is 4013584 out of 50000000
DEBUG: Total gradient stack used is 420387 out of 10000000
DEBUG: Total dvariable address used is 2086 out of 150000
DEBUG: Total dvariable address used is 4013584 out of 50000000
DEBUG: Total gradient stack used is 420387 out of 10000000
DEBUG: Total dvariable address used is 2086 out of 150000
DEBUG: Total dvariable address used is 4013584 out of 50000000
DEBUG: Total gradient stack used is 420387 out of 10000000
DEBUG: Total dvariable address used is 2086 out of 150000
DEBUG: Total dvariable address used is 4013584 out of 50000000
DEBUG: Total gradient stack used is 420387 out of 10000000
DEBUG: Total dvariable address used is 2086 out of 150000
DEBUG: Total dvariable address used is 4013584 out of 50000000
DEBUG: Total gradient stack used is 420387 out of 10000000
DEBUG: Total dvariable address used is 2086 out of 150000
DEBUG: Total dvariable address used is 4013584 out of 50000000
DEBUG: Total gradient stack used is 420387 out of 10000000
DEBUG: Total dvariable address used is 2086 out of 150000
DEBUG: Total dvariable address used is 4013584 out of 50000000
DEBUG: Total gradient stack used is 420387 out of 10000000
DEBUG: Total dvariable address used is 2086 out of 150000
DEBUG: Total dvariable address used is 4013584 out of 50000000
DEBUG: Total gradient stack used is 420387 out of 10000000
DEBUG: Total dvariable address used is 2086 out of 150000
DEBUG: Total dvariable address used is 4013584 out of 50000000
DEBUG: Total gradient stack used is 420387 out of 10000000
DEBUG: Total dvariable address used is 2086 out of 150000
DEBUG: Total dvariable address used is 4013584 out of 50000000
DEBUG: Total gradient stack used is 420387 out of 10000000
DEBUG: Total dvariable address used is 2086 out of 150000
DEBUG: Total dvariable address used is 4013584 out of 50000000
DEBUG: Total gradient stack used is 420387 out of 10000000
DEBUG: Total dvariable address used is 2086 out of 150000
DEBUG: Total dvariable address used is 4013584 out of 50000000
DEBUG: Total gradient stack used is 420387 out of 10000000
DEBUG: Total dvariable address used is 2086 out of 150000
DEBUG: Total dvariable address used is 4013584 out of 50000000
DEBUG: Total gradient stack used is 420387 out of 10000000
DEBUG: Total dvariable address used is 2086 out of 150000
DEBUG: Total dvariable address used is 4013584 out of 50000000
DEBUG: Total gradient stack used is 420387 out of 10000000
DEBUG: Total dvariable address used is 2086 out of 150000
DEBUG: Total dvariable address used is 4013584 out of 50000000
DEBUG: Total gradient stack used is 420387 out of 10000000
DEBUG: Total dvariable address used is 2086 out of 150000
DEBUG: Total dvariable address used is 4013584 out of 50000000
DEBUG: Total gradient stack used is 420387 out of 10000000
DEBUG: Total dvariable address used is 2086 out of 150000
DEBUG: Total dvariable address used is 4013584 out of 50000000
DEBUG: Total gradient stack used is 420387 out of 10000000
DEBUG: Total dvariable address used is 2086 out of 150000
DEBUG: Total dvariable address used is 4013584 out of 50000000
DEBUG: Total gradient stack used is 420387 out of 10000000
DEBUG: Total dvariable address used is 2086 out of 150000
DEBUG: Total dvariable address used is 4013584 out of 50000000
DEBUG: Total gradient stack used is 420387 out of 10000000
DEBUG: Total dvariable address used is 2086 out of 150000
DEBUG: Total dvariable address used is 4013584 out of 50000000
DEBUG: Total gradient stack used is 420387 out of 10000000
DEBUG: Total dvariable address used is 2086 out of 150000
DEBUG: Total dvariable address used is 4013584 out of 50000000
DEBUG: Total gradient stack used is 420387 out of 10000000
DEBUG: Total dvariable address used is 2086 out of 150000
DEBUG: Total dvariable address used is 4013584 out of 50000000
DEBUG: Total gradient stack used is 420387 out of 10000000
DEBUG: Total dvariable address used is 2086 out of 150000
DEBUG: Total dvariable address used is 4013584 out of 50000000
DEBUG: Total gradient stack used is 420387 out of 10000000
DEBUG: Total dvariable address used is 2086 out of 150000
DEBUG: Total dvariable address used is 4013584 out of 50000000
DEBUG: Total gradient stack used is 420387 out of 10000000
DEBUG: Total dvariable address used is 2086 out of 150000
DEBUG: Total dvariable address used is 4013584 out of 50000000
DEBUG: Total gradient stack used is 420387 out of 10000000
DEBUG: Total dvariable address used is 2086 out of 150000
DEBUG: Total dvariable address used is 4013584 out of 50000000
DEBUG: Total gradient stack used is 420387 out of 10000000
DEBUG: Total dvariable address used is 2086 out of 150000
DEBUG: Total dvariable address used is 4013584 out of 50000000
DEBUG: Total gradient stack used is 420387 out of 10000000
DEBUG: Total dvariable address used is 2086 out of 150000
DEBUG: Total dvariable address used is 4013584 out of 50000000
DEBUG: Total gradient stack used is 420387 out of 10000000
DEBUG: Total dvariable address used is 2086 out of 150000
DEBUG: Total dvariable address used is 4013584 out of 50000000
DEBUG: Total gradient stack used is 420387 out of 10000000
DEBUG: Total dvariable address used is 2086 out of 150000
DEBUG: Total dvariable address used is 4013584 out of 50000000
DEBUG: Total gradient stack used is 420387 out of 10000000
DEBUG: Total dvariable address used is 2086 out of 150000
DEBUG: Total dvariable address used is 4013584 out of 50000000
DEBUG: Total gradient stack used is 420387 out of 10000000
DEBUG: Total dvariable address used is 2086 out of 150000
DEBUG: Total dvariable address used is 4013584 out of 50000000
DEBUG: Total gradient stack used is 420387 out of 10000000
DEBUG: Total dvariable address used is 2086 out of 150000
DEBUG: Total dvariable address used is 4013584 out of 50000000
DEBUG: Total gradient stack used is 420387 out of 10000000
DEBUG: Total dvariable address used is 2086 out of 150000
DEBUG: Total dvariable address used is 4013584 out of 50000000
DEBUG: Total gradient stack used is 420387 out of 10000000
DEBUG: Total dvariable address used is 2086 out of 150000
DEBUG: Total dvariable address used is 4013584 out of 50000000
DEBUG: Total gradient stack used is 420387 out of 10000000
DEBUG: Total dvariable address used is 2086 out of 150000
DEBUG: Total dvariable address used is 4013584 out of 50000000
DEBUG: Total gradient stack used is 420387 out of 10000000
DEBUG: Total dvariable address used is 2086 out of 150000
DEBUG: Total dvariable address used is 4013584 out of 50000000
DEBUG: Total gradient stack used is 420387 out of 10000000
DEBUG: Total dvariable address used is 2086 out of 150000
DEBUG: Total dvariable address used is 4013584 out of 50000000
DEBUG: Total gradient stack used is 420387 out of 10000000
DEBUG: Total dvariable address used is 2086 out of 150000
DEBUG: Total dvariable address used is 4013584 out of 50000000
DEBUG: Total gradient stack used is 420387 out of 10000000
DEBUG: Total dvariable address used is 2086 out of 150000
DEBUG: Total dvariable address used is 4013584 out of 50000000
DEBUG: Total gradient stack used is 420387 out of 10000000
DEBUG: Total dvariable address used is 2086 out of 150000
DEBUG: Total dvariable address used is 4013584 out of 50000000
DEBUG: Total gradient stack used is 420387 out of 10000000
DEBUG: Total dvariable address used is 2086 out of 150000
DEBUG: Total dvariable address used is 4013584 out of 50000000
DEBUG: Total gradient stack used is 420387 out of 10000000
DEBUG: Total dvariable address used is 2086 out of 150000
DEBUG: Total dvariable address used is 4013584 out of 50000000
DEBUG: Total gradient stack used is 420387 out of 10000000
DEBUG: Total dvariable address used is 2086 out of 150000
DEBUG: Total dvariable address used is 4013584 out of 50000000
DEBUG: Total gradient stack used is 420387 out of 10000000
DEBUG: Total dvariable address used is 2086 out of 150000
DEBUG: Total dvariable address used is 4013584 out of 50000000
DEBUG: Total gradient stack used is 420387 out of 10000000
DEBUG: Total dvariable address used is 2086 out of 150000
DEBUG: Total dvariable address used is 4013584 out of 50000000
DEBUG: Total gradient stack used is 420387 out of 10000000
DEBUG: Total dvariable address used is 2086 out of 150000
DEBUG: Total dvariable address used is 4013584 out of 50000000
DEBUG: Total gradient stack used is 420387 out of 10000000
DEBUG: Total dvariable address used is 2086 out of 150000
DEBUG: Total dvariable address used is 4013584 out of 50000000
DEBUG: Total gradient stack used is 420387 out of 10000000
DEBUG: Total dvariable address used is 2086 out of 150000
DEBUG: Total dvariable address used is 4013584 out of 50000000
DEBUG: Total gradient stack used is 420387 out of 10000000
DEBUG: Total dvariable address used is 2086 out of 150000
DEBUG: Total dvariable address used is 4013584 out of 50000000
DEBUG: Total gradient stack used is 420387 out of 10000000
DEBUG: Total dvariable address used is 2086 out of 150000
DEBUG: Total dvariable address used is 4013584 out of 50000000
DEBUG: Total gradient stack used is 420387 out of 10000000
DEBUG: Total dvariable address used is 2086 out of 150000
DEBUG: Total dvariable address used is 4013584 out of 50000000
DEBUG: Total gradient stack used is 420387 out of 10000000
DEBUG: Total dvariable address used is 2086 out of 150000
DEBUG: Total dvariable address used is 4013584 out of 50000000
DEBUG: Total gradient stack used is 420387 out of 10000000
DEBUG: Total dvariable address used is 2086 out of 150000
DEBUG: Total dvariable address used is 4013584 out of 50000000
DEBUG: Total gradient stack used is 420387 out of 10000000
DEBUG: Total dvariable address used is 2086 out of 150000
DEBUG: Total dvariable address used is 4013584 out of 50000000
DEBUG: Total gradient stack used is 420387 out of 10000000
DEBUG: Total dvariable address used is 2086 out of 150000
DEBUG: Total dvariable address used is 4013584 out of 50000000
DEBUG: Total gradient stack used is 420387 out of 10000000
DEBUG: Total dvariable address used is 2086 out of 150000
DEBUG: Total dvariable address used is 4013584 out of 50000000
DEBUG: Total gradient stack used is 420387 out of 10000000
DEBUG: Total dvariable address used is 2086 out of 150000
DEBUG: Total dvariable address used is 4013584 out of 50000000
DEBUG: Total gradient stack used is 420387 out of 10000000
DEBUG: Total dvariable address used is 2086 out of 150000
DEBUG: Total dvariable address used is 4013584 out of 50000000
DEBUG: Total gradient stack used is 420387 out of 10000000
DEBUG: Total dvariable address used is 2086 out of 150000
DEBUG: Total dvariable address used is 4013584 out of 50000000
DEBUG: Total gradient stack used is 420387 out of 10000000
DEBUG: Total dvariable address used is 2086 out of 150000
DEBUG: Total dvariable address used is 4013584 out of 50000000
DEBUG: Total gradient stack used is 420387 out of 10000000
DEBUG: Total dvariable address used is 2086 out of 150000
DEBUG: Total dvariable address used is 4013584 out of 50000000
DEBUG: Total gradient stack used is 420387 out of 10000000
DEBUG: Total dvariable address used is 2086 out of 150000
DEBUG: Total dvariable address used is 4013584 out of 50000000
DEBUG: Total gradient stack used is 420387 out of 10000000
DEBUG: Total dvariable address used is 2086 out of 150000
DEBUG: Total dvariable address used is 4013584 out of 50000000
DEBUG: Total gradient stack used is 420387 out of 10000000
DEBUG: Total dvariable address used is 2086 out of 150000
DEBUG: Total dvariable address used is 4013584 out of 50000000
DEBUG: Total gradient stack used is 420387 out of 10000000
DEBUG: Total dvariable address used is 2086 out of 150000
DEBUG: Total dvariable address used is 4013584 out of 50000000
DEBUG: Total gradient stack used is 420387 out of 10000000
DEBUG: Total dvariable address used is 2086 out of 150000
DEBUG: Total dvariable address used is 4013584 out of 50000000
DEBUG: Total gradient stack used is 420387 out of 10000000
DEBUG: Total dvariable address used is 2086 out of 150000
DEBUG: Total dvariable address used is 4013584 out of 50000000
DEBUG: Total gradient stack used is 420387 out of 10000000
DEBUG: Total dvariable address used is 2086 out of 150000
DEBUG: Total dvariable address used is 4013584 out of 50000000
DEBUG: Total gradient stack used is 420387 out of 10000000
DEBUG: Total dvariable address used is 2086 out of 150000
DEBUG: Total dvariable address used is 4013584 out of 50000000
DEBUG: Total gradient stack used is 420387 out of 10000000
DEBUG: Total dvariable address used is 2086 out of 150000
DEBUG: Total dvariable address used is 4013584 out of 50000000
DEBUG: Total gradient stack used is 420387 out of 10000000
DEBUG: Total dvariable address used is 2086 out of 150000
DEBUG: Total dvariable address used is 4013584 out of 50000000
DEBUG: Total gradient stack used is 420387 out of 10000000
DEBUG: Total dvariable address used is 2086 out of 150000
DEBUG: Total dvariable address used is 4013584 out of 50000000
DEBUG: Total gradient stack used is 420387 out of 10000000
DEBUG: Total dvariable address used is 2086 out of 150000
DEBUG: Total dvariable address used is 4013584 out of 50000000
DEBUG: Total gradient stack used is 420387 out of 10000000
DEBUG: Total dvariable address used is 2086 out of 150000
DEBUG: Total dvariable address used is 4013584 out of 50000000
DEBUG: Total gradient stack used is 420387 out of 10000000
DEBUG: Total dvariable address used is 2086 out of 150000
DEBUG: Total dvariable address used is 4013584 out of 50000000
DEBUG: Total gradient stack used is 420387 out of 10000000
DEBUG: Total dvariable address used is 2086 out of 150000
DEBUG: Total dvariable address used is 4013584 out of 50000000
DEBUG: Total gradient stack used is 420387 out of 10000000
DEBUG: Total dvariable address used is 2086 out of 150000
DEBUG: Total dvariable address used is 4013584 out of 50000000
DEBUG: Total gradient stack used is 420387 out of 10000000
DEBUG: Total dvariable address used is 2086 out of 150000
DEBUG: Total dvariable address used is 4013584 out of 50000000
DEBUG: Total gradient stack used is 420387 out of 10000000
DEBUG: Total dvariable address used is 2086 out of 150000
DEBUG: Total dvariable address used is 4013584 out of 50000000
DEBUG: Total gradient stack used is 420387 out of 10000000
DEBUG: Total dvariable address used is 2086 out of 150000
DEBUG: Total dvariable address used is 4013584 out of 50000000
DEBUG: Total gradient stack used is 420387 out of 10000000
DEBUG: Total dvariable address used is 2086 out of 150000
DEBUG: Total dvariable address used is 4013584 out of 50000000
DEBUG: Total gradient stack used is 420387 out of 10000000
DEBUG: Total dvariable address used is 2086 out of 150000
DEBUG: Total dvariable address used is 4013584 out of 50000000
DEBUG: Total gradient stack used is 420387 out of 10000000
DEBUG: Total dvariable address used is 2086 out of 150000
DEBUG: Total dvariable address used is 4013584 out of 50000000
DEBUG: Total gradient stack used is 420387 out of 10000000
DEBUG: Total dvariable address used is 2086 out of 150000
DEBUG: Total dvariable address used is 4013584 out of 50000000
DEBUG: Total gradient stack used is 420387 out of 10000000
DEBUG: Total dvariable address used is 2086 out of 150000
DEBUG: Total dvariable address used is 4013584 out of 50000000
DEBUG: Total gradient stack used is 420387 out of 10000000
DEBUG: Total dvariable address used is 2086 out of 150000
DEBUG: Total dvariable address used is 4013584 out of 50000000
DEBUG: Total gradient stack used is 420387 out of 10000000
DEBUG: Total dvariable address used is 2086 out of 150000
DEBUG: Total dvariable address used is 4013584 out of 50000000
DEBUG: Total gradient stack used is 420387 out of 10000000
DEBUG: Total dvariable address used is 2086 out of 150000
DEBUG: Total dvariable address used is 4013584 out of 50000000
DEBUG: Total gradient stack used is 420387 out of 10000000
DEBUG: Total dvariable address used is 2086 out of 150000
DEBUG: Total dvariable address used is 4013584 out of 50000000
DEBUG: Total gradient stack used is 420387 out of 10000000
DEBUG: Total dvariable address used is 2086 out of 150000
DEBUG: Total dvariable address used is 4013584 out of 50000000
DEBUG: Total gradient stack used is 420387 out of 10000000
DEBUG: Total dvariable address used is 2086 out of 150000
DEBUG: Total dvariable address used is 4013584 out of 50000000
DEBUG: Total gradient stack used is 420387 out of 10000000
DEBUG: Total dvariable address used is 2086 out of 150000
DEBUG: Total dvariable address used is 4013584 out of 50000000
DEBUG: Total gradient stack used is 420387 out of 10000000
DEBUG: Total dvariable address used is 2086 out of 150000
DEBUG: Total dvariable address used is 4013584 out of 50000000
DEBUG: Total gradient stack used is 420387 out of 10000000
DEBUG: Total dvariable address used is 2086 out of 150000
DEBUG: Total dvariable address used is 4013584 out of 50000000
DEBUG: Total gradient stack used is 420387 out of 10000000
DEBUG: Total dvariable address used is 2086 out of 150000
DEBUG: Total dvariable address used is 4013584 out of 50000000
DEBUG: Total gradient stack used is 420387 out of 10000000
DEBUG: Total dvariable address used is 2086 out of 150000
DEBUG: Total dvariable address used is 4013584 out of 50000000
DEBUG: Total gradient stack used is 420387 out of 10000000
DEBUG: Total dvariable address used is 2086 out of 150000
DEBUG: Total dvariable address used is 4013584 out of 50000000
DEBUG: Total gradient stack used is 420387 out of 10000000
DEBUG: Total dvariable address used is 2086 out of 150000
DEBUG: Total dvariable address used is 4013584 out of 50000000
DEBUG: Total gradient stack used is 420387 out of 10000000
DEBUG: Total dvariable address used is 2086 out of 150000
DEBUG: Total dvariable address used is 4013584 out of 50000000
DEBUG: Total gradient stack used is 420387 out of 10000000
DEBUG: Total dvariable address used is 2086 out of 150000
DEBUG: Total dvariable address used is 4013584 out of 50000000
DEBUG: Total gradient stack used is 420387 out of 10000000
DEBUG: Total dvariable address used is 2086 out of 150000
DEBUG: Total dvariable address used is 4013584 out of 50000000
DEBUG: Total gradient stack used is 420387 out of 10000000
DEBUG: Total dvariable address used is 2086 out of 150000
DEBUG: Total dvariable address used is 4013584 out of 50000000
DEBUG: Total gradient stack used is 420387 out of 10000000
DEBUG: Total dvariable address used is 2086 out of 150000
DEBUG: Total dvariable address used is 4013584 out of 50000000
DEBUG: Total gradient stack used is 420387 out of 10000000
DEBUG: Total dvariable address used is 2086 out of 150000
DEBUG: Total dvariable address used is 4013584 out of 50000000
DEBUG: Total gradient stack used is 420387 out of 10000000
DEBUG: Total dvariable address used is 2086 out of 150000
DEBUG: Total dvariable address used is 4013584 out of 50000000
DEBUG: Total gradient stack used is 420387 out of 10000000
DEBUG: Total dvariable address used is 2086 out of 150000
DEBUG: Total dvariable address used is 4013584 out of 50000000
DEBUG: Total gradient stack used is 420387 out of 10000000
DEBUG: Total dvariable address used is 2086 out of 150000
DEBUG: Total dvariable address used is 4013584 out of 50000000
DEBUG: Total gradient stack used is 420387 out of 10000000
DEBUG: Total dvariable address used is 2086 out of 150000
DEBUG: Total dvariable address used is 4013584 out of 50000000
DEBUG: Total gradient stack used is 420387 out of 10000000
DEBUG: Total dvariable address used is 2086 out of 150000
DEBUG: Total dvariable address used is 4013584 out of 50000000
DEBUG: Total gradient stack used is 420387 out of 10000000
DEBUG: Total dvariable address used is 2086 out of 150000
DEBUG: Total dvariable address used is 4013584 out of 50000000
DEBUG: Total gradient stack used is 420387 out of 10000000
DEBUG: Total dvariable address used is 2086 out of 150000
DEBUG: Total dvariable address used is 4013584 out of 50000000
DEBUG: Total gradient stack used is 420387 out of 10000000
DEBUG: Total dvariable address used is 2086 out of 150000
DEBUG: Total dvariable address used is 4013584 out of 50000000
DEBUG: Total gradient stack used is 420387 out of 10000000
DEBUG: Total dvariable address used is 2086 out of 150000
DEBUG: Total dvariable address used is 4013584 out of 50000000
DEBUG: Total gradient stack used is 420387 out of 10000000
DEBUG: Total dvariable address used is 2086 out of 150000
DEBUG: Total dvariable address used is 4013584 out of 50000000
DEBUG: Total gradient stack used is 420387 out of 10000000
DEBUG: Total dvariable address used is 2086 out of 150000
DEBUG: Total dvariable address used is 4013584 out of 50000000
DEBUG: Total gradient stack used is 420387 out of 10000000
DEBUG: Total dvariable address used is 2086 out of 150000
DEBUG: Total dvariable address used is 4013584 out of 50000000
DEBUG: Total gradient stack used is 420387 out of 10000000
DEBUG: Total dvariable address used is 2086 out of 150000
DEBUG: Total dvariable address used is 4013584 out of 50000000
DEBUG: Total gradient stack used is 420387 out of 10000000
DEBUG: Total dvariable address used is 2086 out of 150000
DEBUG: Total dvariable address used is 4013584 out of 50000000
DEBUG: Total gradient stack used is 420387 out of 10000000
DEBUG: Total dvariable address used is 2086 out of 150000
DEBUG: Total dvariable address used is 4013584 out of 50000000
DEBUG: Total gradient stack used is 420387 out of 10000000
DEBUG: Total dvariable address used is 2086 out of 150000
DEBUG: Total dvariable address used is 4013584 out of 50000000
DEBUG: Total gradient stack used is 420387 out of 10000000
DEBUG: Total dvariable address used is 2086 out of 150000
DEBUG: Total dvariable address used is 4013584 out of 50000000
DEBUG: Total gradient stack used is 420387 out of 10000000
DEBUG: Total dvariable address used is 2086 out of 150000
DEBUG: Total dvariable address used is 4013584 out of 50000000
DEBUG: Total gradient stack used is 420387 out of 10000000
DEBUG: Total dvariable address used is 2086 out of 150000
DEBUG: Total dvariable address used is 4013584 out of 50000000
DEBUG: Total gradient stack used is 420387 out of 10000000
DEBUG: Total dvariable address used is 2086 out of 150000
DEBUG: Total dvariable address used is 4013584 out of 50000000
DEBUG: Total gradient stack used is 420387 out of 10000000
DEBUG: Total dvariable address used is 2086 out of 150000
DEBUG: Total dvariable address used is 4013584 out of 50000000
DEBUG: Total gradient stack used is 420387 out of 10000000
DEBUG: Total dvariable address used is 2086 out of 150000
DEBUG: Total dvariable address used is 4013584 out of 50000000
DEBUG: Total gradient stack used is 420387 out of 10000000
DEBUG: Total dvariable address used is 2086 out of 150000
DEBUG: Total dvariable address used is 4013584 out of 50000000
DEBUG: Total gradient stack used is 420387 out of 10000000
DEBUG: Total dvariable address used is 2086 out of 150000
DEBUG: Total dvariable address used is 4013584 out of 50000000
DEBUG: Total gradient stack used is 420387 out of 10000000
DEBUG: Total dvariable address used is 2086 out of 150000
DEBUG: Total dvariable address used is 4013584 out of 50000000
DEBUG: Total gradient stack used is 420387 out of 10000000
DEBUG: Total dvariable address used is 2086 out of 150000
DEBUG: Total dvariable address used is 4013584 out of 50000000
DEBUG: Total gradient stack used is 420387 out of 10000000
DEBUG: Total dvariable address used is 2086 out of 150000
DEBUG: Total dvariable address used is 4013584 out of 50000000
DEBUG: Total gradient stack used is 420387 out of 10000000
DEBUG: Total dvariable address used is 2086 out of 150000
DEBUG: Total dvariable address used is 4013584 out of 50000000
DEBUG: Total gradient stack used is 420387 out of 10000000
DEBUG: Total dvariable address used is 2086 out of 150000
DEBUG: Total dvariable address used is 4013584 out of 50000000
DEBUG: Total gradient stack used is 420387 out of 10000000
DEBUG: Total dvariable address used is 2086 out of 150000
DEBUG: Total dvariable address used is 4013584 out of 50000000
DEBUG: Total gradient stack used is 420387 out of 10000000
DEBUG: Total dvariable address used is 2086 out of 150000
DEBUG: Total dvariable address used is 4013584 out of 50000000
DEBUG: Total gradient stack used is 420387 out of 10000000
DEBUG: Total dvariable address used is 2086 out of 150000
DEBUG: Total dvariable address used is 4013584 out of 50000000
DEBUG: Total gradient stack used is 420387 out of 10000000
DEBUG: Total dvariable address used is 2086 out of 150000
DEBUG: Total dvariable address used is 4013584 out of 50000000
DEBUG: Total gradient stack used is 420387 out of 10000000
DEBUG: Total dvariable address used is 2086 out of 150000
DEBUG: Total dvariable address used is 4013584 out of 50000000
DEBUG: Total gradient stack used is 420387 out of 10000000
DEBUG: Total dvariable address used is 2086 out of 150000
DEBUG: Total dvariable address used is 4013584 out of 50000000
DEBUG: Total gradient stack used is 420387 out of 10000000
DEBUG: Total dvariable address used is 2086 out of 150000
DEBUG: Total dvariable address used is 4013584 out of 50000000
DEBUG: Total gradient stack used is 420387 out of 10000000
DEBUG: Total dvariable address used is 2086 out of 150000
DEBUG: Total dvariable address used is 4013584 out of 50000000
DEBUG: Total gradient stack used is 420387 out of 10000000
DEBUG: Total dvariable address used is 2086 out of 150000
DEBUG: Total dvariable address used is 4013584 out of 50000000
DEBUG: Total gradient stack used is 420387 out of 10000000
DEBUG: Total dvariable address used is 2086 out of 150000
DEBUG: Total dvariable address used is 4013584 out of 50000000
DEBUG: Total gradient stack used is 420387 out of 10000000
DEBUG: Total dvariable address used is 2086 out of 150000
DEBUG: Total dvariable address used is 4013584 out of 50000000
DEBUG: Total gradient stack used is 420387 out of 10000000
DEBUG: Total dvariable address used is 2086 out of 150000
DEBUG: Total dvariable address used is 4013584 out of 50000000
DEBUG: Total gradient stack used is 420387 out of 10000000
DEBUG: Total dvariable address used is 2086 out of 150000
DEBUG: Total dvariable address used is 4013584 out of 50000000
DEBUG: Total gradient stack used is 420387 out of 10000000
DEBUG: Total dvariable address used is 2086 out of 150000
DEBUG: Total dvariable address used is 4013584 out of 50000000
DEBUG: Total gradient stack used is 420387 out of 10000000
DEBUG: Total dvariable address used is 2086 out of 150000
DEBUG: Total dvariable address used is 4013584 out of 50000000
DEBUG: Total gradient stack used is 420387 out of 10000000
DEBUG: Total dvariable address used is 2086 out of 150000
DEBUG: Total dvariable address used is 4013584 out of 50000000
DEBUG: Total gradient stack used is 420387 out of 10000000
DEBUG: Total dvariable address used is 2086 out of 150000
DEBUG: Total dvariable address used is 4013584 out of 50000000
DEBUG: Total gradient stack used is 420387 out of 10000000
DEBUG: Total dvariable address used is 2086 out of 150000
DEBUG: Total dvariable address used is 4013584 out of 50000000
DEBUG: Total gradient stack used is 420387 out of 10000000
DEBUG: Total dvariable address used is 2086 out of 150000
DEBUG: Total dvariable address used is 4013584 out of 50000000
DEBUG: Total gradient stack used is 420387 out of 10000000
DEBUG: Total dvariable address used is 2086 out of 150000
DEBUG: Total dvariable address used is 4013584 out of 50000000
DEBUG: Total gradient stack used is 420387 out of 10000000
DEBUG: Total dvariable address used is 2086 out of 150000
DEBUG: Total dvariable address used is 4013584 out of 50000000
DEBUG: Total gradient stack used is 420387 out of 10000000
DEBUG: Total dvariable address used is 2086 out of 150000
DEBUG: Total dvariable address used is 4013584 out of 50000000
DEBUG: Total gradient stack used is 420387 out of 10000000
DEBUG: Total dvariable address used is 2086 out of 150000
DEBUG: Total dvariable address used is 4013584 out of 50000000
DEBUG: Total gradient stack used is 420387 out of 10000000
DEBUG: Total dvariable address used is 2086 out of 150000
DEBUG: Total dvariable address used is 4013584 out of 50000000
DEBUG: Total gradient stack used is 420387 out of 10000000
DEBUG: Total dvariable address used is 2086 out of 150000
DEBUG: Total dvariable address used is 4013584 out of 50000000
DEBUG: Total gradient stack used is 420387 out of 10000000
DEBUG: Total dvariable address used is 2086 out of 150000
DEBUG: Total dvariable address used is 4013584 out of 50000000
DEBUG: Total gradient stack used is 420387 out of 10000000
DEBUG: Total dvariable address used is 2086 out of 150000
DEBUG: Total dvariable address used is 4013584 out of 50000000
DEBUG: Total gradient stack used is 420387 out of 10000000
DEBUG: Total dvariable address used is 2086 out of 150000
DEBUG: Total dvariable address used is 4013584 out of 50000000
DEBUG: Total gradient stack used is 420387 out of 10000000
DEBUG: Total dvariable address used is 2086 out of 150000
DEBUG: Total dvariable address used is 4013584 out of 50000000
DEBUG: Total gradient stack used is 420387 out of 10000000
DEBUG: Total dvariable address used is 2086 out of 150000
DEBUG: Total dvariable address used is 4013584 out of 50000000
DEBUG: Total gradient stack used is 420387 out of 10000000
DEBUG: Total dvariable address used is 2086 out of 150000
DEBUG: Total dvariable address used is 4013584 out of 50000000
DEBUG: Total gradient stack used is 420387 out of 10000000
DEBUG: Total dvariable address used is 2086 out of 150000
DEBUG: Total dvariable address used is 4013584 out of 50000000
DEBUG: Total gradient stack used is 420387 out of 10000000
DEBUG: Total dvariable address used is 2086 out of 150000
DEBUG: Total dvariable address used is 4013584 out of 50000000
DEBUG: Total gradient stack used is 420387 out of 10000000
DEBUG: Total dvariable address used is 2086 out of 150000
DEBUG: Total dvariable address used is 4013584 out of 50000000
DEBUG: Total gradient stack used is 420387 out of 10000000
DEBUG: Total dvariable address used is 2086 out of 150000
DEBUG: Total dvariable address used is 4013584 out of 50000000
DEBUG: Total gradient stack used is 420387 out of 10000000
DEBUG: Total dvariable address used is 2086 out of 150000
DEBUG: Total dvariable address used is 4013584 out of 50000000
DEBUG: Total gradient stack used is 420387 out of 10000000
DEBUG: Total dvariable address used is 2086 out of 150000
DEBUG: Total dvariable address used is 4013584 out of 50000000
DEBUG: Total gradient stack used is 420387 out of 10000000
DEBUG: Total dvariable address used is 2086 out of 150000
DEBUG: Total dvariable address used is 4013584 out of 50000000
DEBUG: Total gradient stack used is 420387 out of 10000000
DEBUG: Total dvariable address used is 2086 out of 150000
DEBUG: Total dvariable address used is 4013584 out of 50000000
DEBUG: Total gradient stack used is 420387 out of 10000000
DEBUG: Total dvariable address used is 2086 out of 150000
DEBUG: Total dvariable address used is 4013584 out of 50000000
DEBUG: Total gradient stack used is 420387 out of 10000000
DEBUG: Total dvariable address used is 2086 out of 150000
DEBUG: Total dvariable address used is 4013584 out of 50000000
DEBUG: Total gradient stack used is 420387 out of 10000000
DEBUG: Total dvariable address used is 2086 out of 150000
DEBUG: Total dvariable address used is 4013584 out of 50000000
DEBUG: Total gradient stack used is 420387 out of 10000000
DEBUG: Total dvariable address used is 2086 out of 150000
DEBUG: Total dvariable address used is 4013584 out of 50000000
DEBUG: Total gradient stack used is 420387 out of 10000000
DEBUG: Total dvariable address used is 2086 out of 150000
DEBUG: Total dvariable address used is 4013584 out of 50000000
DEBUG: Total gradient stack used is 420387 out of 10000000
DEBUG: Total dvariable address used is 2086 out of 150000
DEBUG: Total dvariable address used is 4013584 out of 50000000
DEBUG: Total gradient stack used is 420387 out of 10000000
DEBUG: Total dvariable address used is 2086 out of 150000
DEBUG: Total dvariable address used is 4013584 out of 50000000
DEBUG: Total gradient stack used is 420387 out of 10000000
DEBUG: Total dvariable address used is 2086 out of 150000
DEBUG: Total dvariable address used is 4013584 out of 50000000
DEBUG: Total gradient stack used is 420387 out of 10000000
DEBUG: Total dvariable address used is 2086 out of 150000
DEBUG: Total dvariable address used is 4013584 out of 50000000
DEBUG: Total gradient stack used is 420387 out of 10000000
DEBUG: Total dvariable address used is 2086 out of 150000
DEBUG: Total dvariable address used is 4013584 out of 50000000
DEBUG: Total gradient stack used is 420387 out of 10000000
DEBUG: Total dvariable address used is 2086 out of 150000
DEBUG: Total dvariable address used is 4013584 out of 50000000
DEBUG: Total gradient stack used is 420387 out of 10000000
DEBUG: Total dvariable address used is 2086 out of 150000
DEBUG: Total dvariable address used is 4013584 out of 50000000
DEBUG: Total gradient stack used is 420387 out of 10000000
DEBUG: Total dvariable address used is 2086 out of 150000
DEBUG: Total dvariable address used is 4013584 out of 50000000
DEBUG: Total gradient stack used is 420387 out of 10000000
DEBUG: Total dvariable address used is 2086 out of 150000
DEBUG: Total dvariable address used is 4013584 out of 50000000
DEBUG: Total gradient stack used is 420387 out of 10000000
DEBUG: Total dvariable address used is 2086 out of 150000
DEBUG: Total dvariable address used is 4013584 out of 50000000
DEBUG: Total gradient stack used is 420387 out of 10000000
DEBUG: Total dvariable address used is 2086 out of 150000
DEBUG: Total dvariable address used is 4013584 out of 50000000
DEBUG: Total gradient stack used is 420387 out of 10000000
DEBUG: Total dvariable address used is 2086 out of 150000
DEBUG: Total dvariable address used is 4013584 out of 50000000
DEBUG: Total gradient stack used is 420387 out of 10000000
DEBUG: Total dvariable address used is 2086 out of 150000
DEBUG: Total dvariable address used is 4013584 out of 50000000
DEBUG: Total gradient stack used is 420387 out of 10000000
DEBUG: Total dvariable address used is 2086 out of 150000
DEBUG: Total dvariable address used is 4013584 out of 50000000
DEBUG: Total gradient stack used is 420387 out of 10000000
DEBUG: Total dvariable address used is 2086 out of 150000
DEBUG: Total dvariable address used is 4013584 out of 50000000
DEBUG: Total gradient stack used is 420387 out of 10000000
DEBUG: Total dvariable address used is 2086 out of 150000
DEBUG: Total dvariable address used is 4013584 out of 50000000
DEBUG: Total gradient stack used is 420387 out of 10000000
DEBUG: Total dvariable address used is 2086 out of 150000
DEBUG: Total dvariable address used is 4013584 out of 50000000
DEBUG: Total gradient stack used is 420387 out of 10000000
DEBUG: Total dvariable address used is 2086 out of 150000
DEBUG: Total dvariable address used is 4013584 out of 50000000
DEBUG: Total gradient stack used is 420387 out of 10000000
DEBUG: Total dvariable address used is 2086 out of 150000
DEBUG: Total dvariable address used is 4013584 out of 50000000
DEBUG: Total gradient stack used is 420387 out of 10000000
DEBUG: Total dvariable address used is 2086 out of 150000
DEBUG: Total dvariable address used is 4013584 out of 50000000
DEBUG: Total gradient stack used is 420387 out of 10000000
DEBUG: Total dvariable address used is 2086 out of 150000
DEBUG: Total dvariable address used is 4013584 out of 50000000
DEBUG: Total gradient stack used is 420387 out of 10000000
DEBUG: Total dvariable address used is 2086 out of 150000
DEBUG: Total dvariable address used is 4013584 out of 50000000
DEBUG: Total gradient stack used is 420387 out of 10000000
DEBUG: Total dvariable address used is 2086 out of 150000
DEBUG: Total dvariable address used is 4013584 out of 50000000
DEBUG: Total gradient stack used is 420387 out of 10000000
DEBUG: Total dvariable address used is 2086 out of 150000
DEBUG: Total dvariable address used is 4013584 out of 50000000
DEBUG: Total gradient stack used is 420387 out of 10000000
DEBUG: Total dvariable address used is 2086 out of 150000
DEBUG: Total dvariable address used is 4013584 out of 50000000
DEBUG: Total gradient stack used is 420387 out of 10000000
DEBUG: Total dvariable address used is 2086 out of 150000
DEBUG: Total dvariable address used is 4013584 out of 50000000
DEBUG: Total gradient stack used is 420387 out of 10000000
DEBUG: Total dvariable address used is 2086 out of 150000
DEBUG: Total dvariable address used is 4013584 out of 50000000
DEBUG: Total gradient stack used is 420387 out of 10000000
DEBUG: Total dvariable address used is 2086 out of 150000
DEBUG: Total dvariable address used is 4013584 out of 50000000
DEBUG: Total gradient stack used is 420387 out of 10000000
DEBUG: Total dvariable address used is 2086 out of 150000
DEBUG: Total dvariable address used is 4013584 out of 50000000
DEBUG: Total gradient stack used is 420387 out of 10000000
DEBUG: Total dvariable address used is 2086 out of 150000
DEBUG: Total dvariable address used is 4013584 out of 50000000
DEBUG: Total gradient stack used is 420387 out of 10000000
DEBUG: Total dvariable address used is 2086 out of 150000
DEBUG: Total dvariable address used is 4013584 out of 50000000
DEBUG: Total gradient stack used is 420387 out of 10000000
DEBUG: Total dvariable address used is 2086 out of 150000
DEBUG: Total dvariable address used is 4013584 out of 50000000
DEBUG: Total gradient stack used is 420387 out of 10000000
DEBUG: Total dvariable address used is 2086 out of 150000
DEBUG: Total dvariable address used is 4013584 out of 50000000
DEBUG: Total gradient stack used is 420387 out of 10000000
DEBUG: Total dvariable address used is 2086 out of 150000
DEBUG: Total dvariable address used is 4013584 out of 50000000
DEBUG: Total gradient stack used is 420387 out of 10000000
DEBUG: Total dvariable address used is 2086 out of 150000
DEBUG: Total dvariable address used is 4013584 out of 50000000
DEBUG: Total gradient stack used is 420387 out of 10000000
DEBUG: Total dvariable address used is 2086 out of 150000
DEBUG: Total dvariable address used is 4013584 out of 50000000
DEBUG: Total gradient stack used is 420387 out of 10000000
DEBUG: Total dvariable address used is 2086 out of 150000
DEBUG: Total dvariable address used is 4013584 out of 50000000
DEBUG: Total gradient stack used is 420387 out of 10000000
DEBUG: Total dvariable address used is 2086 out of 150000
DEBUG: Total dvariable address used is 4013584 out of 50000000
DEBUG: Total gradient stack used is 420387 out of 10000000
DEBUG: Total dvariable address used is 2086 out of 150000
DEBUG: Total dvariable address used is 4013584 out of 50000000
DEBUG: Total gradient stack used is 420387 out of 10000000
DEBUG: Total dvariable address used is 2086 out of 150000
DEBUG: Total dvariable address used is 4013584 out of 50000000
DEBUG: Total gradient stack used is 420387 out of 10000000
DEBUG: Total dvariable address used is 2086 out of 150000
DEBUG: Total dvariable address used is 4013584 out of 50000000
DEBUG: Total gradient stack used is 420387 out of 10000000
DEBUG: Total dvariable address used is 2086 out of 150000
DEBUG: Total dvariable address used is 4013584 out of 50000000
DEBUG: Total gradient stack used is 420387 out of 10000000
DEBUG: Total dvariable address used is 2086 out of 150000
DEBUG: Total dvariable address used is 4013584 out of 50000000
DEBUG: Total gradient stack used is 420387 out of 10000000
DEBUG: Total dvariable address used is 2086 out of 150000
DEBUG: Total dvariable address used is 4013584 out of 50000000
DEBUG: Total gradient stack used is 420387 out of 10000000
DEBUG: Total dvariable address used is 2086 out of 150000
DEBUG: Total dvariable address used is 4013584 out of 50000000
DEBUG: Total gradient stack used is 420387 out of 10000000
DEBUG: Total dvariable address used is 2086 out of 150000
DEBUG: Total dvariable address used is 4013584 out of 50000000
DEBUG: Total gradient stack used is 420387 out of 10000000
DEBUG: Total dvariable address used is 2086 out of 150000
DEBUG: Total dvariable address used is 4013584 out of 50000000
DEBUG: Total gradient stack used is 420387 out of 10000000
DEBUG: Total dvariable address used is 2086 out of 150000
DEBUG: Total dvariable address used is 4013584 out of 50000000
DEBUG: Total gradient stack used is 420387 out of 10000000
DEBUG: Total dvariable address used is 2086 out of 150000
DEBUG: Total dvariable address used is 4013584 out of 50000000
DEBUG: Total gradient stack used is 420387 out of 10000000
DEBUG: Total dvariable address used is 2086 out of 150000
DEBUG: Total dvariable address used is 4013584 out of 50000000
DEBUG: Total gradient stack used is 420387 out of 10000000
DEBUG: Total dvariable address used is 2086 out of 150000
DEBUG: Total dvariable address used is 4013584 out of 50000000
DEBUG: Total gradient stack used is 420387 out of 10000000
DEBUG: Total dvariable address used is 2086 out of 150000
DEBUG: Total dvariable address used is 4013584 out of 50000000
DEBUG: Total gradient stack used is 420387 out of 10000000
DEBUG: Total dvariable address used is 2086 out of 150000
DEBUG: Total dvariable address used is 4013584 out of 50000000
DEBUG: Total gradient stack used is 420387 out of 10000000
DEBUG: Total dvariable address used is 2086 out of 150000
DEBUG: Total dvariable address used is 4013584 out of 50000000
DEBUG: Total gradient stack used is 420387 out of 10000000
DEBUG: Total dvariable address used is 2086 out of 150000
DEBUG: Total dvariable address used is 4013584 out of 50000000
DEBUG: Total gradient stack used is 420387 out of 10000000
DEBUG: Total dvariable address used is 2086 out of 150000
DEBUG: Total dvariable address used is 4013584 out of 50000000
DEBUG: Total gradient stack used is 420387 out of 10000000
DEBUG: Total dvariable address used is 2086 out of 150000
DEBUG: Total dvariable address used is 4013584 out of 50000000
DEBUG: Total gradient stack used is 420387 out of 10000000
DEBUG: Total dvariable address used is 2086 out of 150000
DEBUG: Total dvariable address used is 4013584 out of 50000000
DEBUG: Total gradient stack used is 420387 out of 10000000
DEBUG: Total dvariable address used is 2086 out of 150000
DEBUG: Total dvariable address used is 4013584 out of 50000000
, 100%DEBUG: Total gradient stack used is 420387 out of 10000000
DEBUG: Total dvariable address used is 2086 out of 150000
DEBUG: Total dvariable address used is 4013584 out of 50000000
DEBUG: Total gradient stack used is 420387 out of 10000000
DEBUG: Total dvariable address used is 2086 out of 150000
DEBUG: Total dvariable address used is 4013584 out of 50000000
DEBUG: Total gradient stack used is 420387 out of 10000000
DEBUG: Total dvariable address used is 2086 out of 150000
DEBUG: Total dvariable address used is 4013584 out of 50000000
DEBUG: Total gradient stack used is 420387 out of 10000000
DEBUG: Total dvariable address used is 2086 out of 150000
DEBUG: Total dvariable address used is 4013584 out of 50000000
 done (33 s) 
Differentiating 4 derived quantities: DEBUG: Total gradient stack used is 2474006 out of 10000000
DEBUG: Total dvariable address used is 2086 out of 150000
DEBUG: Total dvariable address used is 4013584 out of 50000000
1, 2, 3, 4 done (4 m 56 s) 
Inverting Hessian (412 variables): 20%, 40%, 60%, 80%, 100% done (0.58 s) 
Starting standard error calculations... 
 Warning: Non-positive variance of sdreport variables: 921, 922, 925, 926, 929, 930
 done (1.8 s) 
Starting FINAL_SECTION
+--------------------------+
| Beginning report section |
+--------------------------+
last phase
Finished WriteFiles
Finished CreateOutput
nsel_patterns = 16
nsel_use      = 8
deleting ppSLX array w/ 8 sel patterns
deleting ppSLX[0]
deleted ppSLX[0]
deleting ppSLX[1]
deleted ppSLX[1]
deleting ppSLX[2]
deleted ppSLX[2]
deleting ppSLX[3]
deleted ppSLX[3]
deleting ppSLX[4]
deleted ppSLX[4]
deleting ppSLX[5]
deleted ppSLX[5]
deleting ppSLX[6]
deleted ppSLX[6]
deleting ppSLX[7]
deleted ppSLX[7]
Finished deleting ppSLX

Starting time statistics


*******************************************


-------------------------------------------
--Start time: Sat Aug 29 22:07:46 2026

--Finish time: Sat Aug 29 22:14:02 2026

--Runtime: 0 hours, 6 minutes, 16 seconds
--Number of function evaluations: 3931
*******************************************

Finished running model 'gmacs' after 6 m 16 s.

./gmacs elapsed time is 375788575 microseconds.
