#========================================================================================================
 # Gmacs Main Data File
1982 # Start year
2025 # End year
3 # Number of seasons
4 # Number of distinct data groups (fleet, among fishing fleets and surveys)
2 # Number of sexes
1 # Number of shell condition types
2 # Number of maturity types
22 # Number of size-classes in the model
3 # Season recruitment occurs
3 # Season molting and growth occurs
3 # Season to calculate SSB (changed to match Feb mating)
1 # Season for N output
# maximum size-class (males then females)
 22 22
# size_breaks (a vector giving the break points between size intervals with dimension nclass+1)
 25.0000 30.0000 35.0000 40.0000 45.0000 50.0000 55.0000 60.0000 65.0000 70.0000 75.0000 80.0000 85.0000 90.0000 95.0000 100.0000 105.0000 110.0000 115.0000 120.0000 125.0000 130.0000 135.0000
# Natural mortality per season input type (1 = vector by season, 2 = matrix by season/year)
1
# Proportion of the total natural mortality to be applied each season
 0.6200 0.0100 0.3700

# Fishing fleet and survey names
Pot_Fishery
Trawl_Bycatch
NMFS_Trawl_1982
NMFS_Trawl_1989
# Are the seasons instantaneous (0) or continuous (1)
 1 1 1


##------------------------------------------------------------
##--CATCH DATA------------------------------------------------
##------------------------------------------------------------
 0 #--input catch data format (0: old format, 1: new format)
# Number of catch data frames
4
# Number of rows in each data frame
 42 42 42 44


##  CATCH DATA
##  Type of catch: 1 = retained, 2 = discard
##  Units of catch: 1 = biomass, 2 = numbers
# year  seas    fleet   sex     obs     cv      type    units   mult    effort  discard_mortality # original
1982.0000	 2.0000	 1.0000	 1.0000	 12.0451	 0.0400	 1.0000	 1.0000	 1.0000	 0.0000	 0.3000	  # 11.8518
1983.0000	 2.0000	 1.0000	 1.0000	 12.2083	 0.0400	 1.0000	 1.0000	 1.0000	 0.0000	 0.3000	  # 12.1623
1984.0000	 2.0000	 1.0000	 1.0000	 29.6673	 0.0400	 1.0000	 1.0000	 1.0000	 0.0000	 0.3000	  # 29.9369
1985.0000	 2.0000	 1.0000	 1.0000	 43.1009	 0.0400	 1.0000	 1.0000	 1.0000	 0.0000	 0.3000	  # 44.4455
1986.0000	 2.0000	 1.0000	 1.0000	 42.3631	 0.0400	 1.0000	 1.0000	 1.0000	 0.0000	 0.3000	  # 46.2231
1987.0000	 2.0000	 1.0000	 1.0000	 51.7743	 0.0400	 1.0000	 1.0000	 1.0000	 0.0000	 0.3000	  # 61.3965
1988.0000	 2.0000	 1.0000	 1.0000	 55.5653	 0.0400	 1.0000	 1.0000	 1.0000	 0.0000	 0.3000	  # 67.7927
1989.0000	 2.0000	 1.0000	 1.0000	 61.3176	 0.0400	 1.0000	 1.0000	 1.0000	 0.0000	 0.3000	  # 73.3261
1990.0000	 2.0000	 1.0000	 1.0000	 143.1229	 0.0400	 1.0000	 1.0000	 1.0000	 0.0000	 0.3000	  # 149.0722
1991.0000	 2.0000	 1.0000	 1.0000	 104.7079	 0.0400	 1.0000	 1.0000	 1.0000	 0.0000	 0.3000	  # 143.0185
1992.0000	 2.0000	 1.0000	 1.0000	 110.6559	 0.0400	 1.0000	 1.0000	 1.0000	 0.0000	 0.3000	  # 104.6682
1993.0000	 2.0000	 1.0000	 1.0000	 68.7985	 0.0400	 1.0000	 1.0000	 1.0000	 0.0000	 0.3000	  # 67.9448
1994.0000	 2.0000	 1.0000	 1.0000	 30.7264	 0.0400	 1.0000	 1.0000	 1.0000	 0.0000	 0.3000	  # 34.1596
1995.0000	 2.0000	 1.0000	 1.0000	 30.9525	 0.0400	 1.0000	 1.0000	 1.0000	 0.0000	 0.3000	  # 29.7993
1996.0000	 2.0000	 1.0000	 1.0000	 56.6388	 0.0400	 1.0000	 1.0000	 1.0000	 0.0000	 0.3000	  # 54.2394
1997.0000	 2.0000	 1.0000	 1.0000	 78.1867	 0.0400	 1.0000	 1.0000	 1.0000	 0.0000	 0.3000	  # 110.4399
1998.0000	 2.0000	 1.0000	 1.0000	 94.2315	 0.0400	 1.0000	 1.0000	 1.0000	 0.0000	 0.3000	  # 88.1515
1999.0000	 2.0000	 1.0000	 1.0000	 16.2440	 0.0400	 1.0000	 1.0000	 1.0000	 0.0000	 0.3000	  # 15.1007
2000.0000	 2.0000	 1.0000	 1.0000	 12.4195	 0.0400	 1.0000	 1.0000	 1.0000	 0.0000	 0.3000	  # 11.4561
2001.0000	 2.0000	 1.0000	 1.0000	 14.7183	 0.0400	 1.0000	 1.0000	 1.0000	 0.0000	 0.3000	  # 14.7986
2002.0000	 2.0000	 1.0000	 1.0000	 13.3377	 0.0400	 1.0000	 1.0000	 1.0000	 0.0000	 0.3000	  # 12.8420
2003.0000	 2.0000	 1.0000	 1.0000	 10.9722	 0.0400	 1.0000	 1.0000	 1.0000	 0.0000	 0.3000	  # 10.8601
2004.0000	 2.0000	 1.0000	 1.0000	 13.4550	 0.0400	 1.0000	 1.0000	 1.0000	 0.0000	 0.3000	  # 11.2909
2005.0000	 2.0000	 1.0000	 1.0000	 12.7576	 0.0400	 1.0000	 1.0000	 1.0000	 0.0000	 0.3000	  # 16.7711
2006.0000	 2.0000	 1.0000	 1.0000	 18.9249	 0.0400	 1.0000	 1.0000	 1.0000	 0.0000	 0.3000	  # 16.4906
2007.0000	 2.0000	 1.0000	 1.0000	 29.4297	 0.0400	 1.0000	 1.0000	 1.0000	 0.0000	 0.3000	  # 28.5890
2008.0000	 2.0000	 1.0000	 1.0000	 26.9205	 0.0400	 1.0000	 1.0000	 1.0000	 0.0000	 0.3000	  # 26.5568
2009.0000	 2.0000	 1.0000	 1.0000	 23.5481	 0.0400	 1.0000	 1.0000	 1.0000	 0.0000	 0.3000	  # 21.7788
2010.0000	 2.0000	 1.0000	 1.0000	 26.4857	 0.0400	 1.0000	 1.0000	 1.0000	 0.0000	 0.3000	  # 24.6134
2011.0000	 2.0000	 1.0000	 1.0000	 36.8123	 0.0400	 1.0000	 1.0000	 1.0000	 0.0000	 0.3000	  # 40.2929
2012.0000	 2.0000	 1.0000	 1.0000	 29.8423	 0.0400	 1.0000	 1.0000	 1.0000	 0.0000	 0.3000	  # 30.0525
2013.0000	 2.0000	 1.0000	 1.0000	 26.7508	 0.0400	 1.0000	 1.0000	 1.0000	 0.0000	 0.3000	  # 24.4864
2014.0000	 2.0000	 1.0000	 1.0000	 31.8595	 0.0400	 1.0000	 1.0000	 1.0000	 0.0000	 0.3000	  # 30.8178
2015.0000	 2.0000	 1.0000	 1.0000	 20.8967	 0.0400	 1.0000	 1.0000	 1.0000	 0.0000	 0.3000	  # 18.4210
2016.0000	 2.0000	 1.0000	 1.0000	 10.2448	 0.0400	 1.0000	 1.0000	 1.0000	 0.0000	 0.3000	  # 9.7844
2017.0000	 2.0000	 1.0000	 1.0000	 10.0262	 0.0400	 1.0000	 1.0000	 1.0000	 0.0000	 0.3000	  # 8.6017
2018.0000	 2.0000	 1.0000	 1.0000	 12.6773	 0.0400	 1.0000	 1.0000	 1.0000	 0.0000	 0.3000	  # 12.5093
2019.0000	 2.0000	 1.0000	 1.0000	 19.2771	 0.0400	 1.0000	 1.0000	 1.0000	 0.0000	 0.3000	  # 15.4333
2020.0000	 2.0000	 1.0000	 1.0000	 15.9561	 0.0400	 1.0000	 1.0000	 1.0000	 0.0000	 0.3000	  # 20.4122
2021.0000	 2.0000	 1.0000	 1.0000	 3.0462	 0.0400	 1.0000	 1.0000	 1.0000	 0.0000	 0.3000	  # 2.5166
2024.0000	 2.0000	 1.0000	 1.0000	 2.3914	 0.0400	 1.0000	 1.0000	 1.0000	 0.0000	 0.3000	  # 2.1453
2025.0000	 2.0000	 1.0000	 1.0000	 4.7881	 0.0400	 1.0000	 1.0000	 1.0000	 0.0000	 0.3000	  # 4.1255
1982.0000	 2.0000	 1.0000	 1.0000	 1.2159	 0.0700	 2.0000	 1.0000	 1.0000	 0.0000	 0.3000	  # 1.2665
1983.0000	 2.0000	 1.0000	 1.0000	 1.2165	 0.0700	 2.0000	 1.0000	 1.0000	 0.0000	 0.3000	  # 1.2383
1984.0000	 2.0000	 1.0000	 1.0000	 2.7689	 0.0700	 2.0000	 1.0000	 1.0000	 0.0000	 0.3000	  # 2.7587
1985.0000	 2.0000	 1.0000	 1.0000	 3.9575	 0.0700	 2.0000	 1.0000	 1.0000	 0.0000	 0.3000	  # 4.0147
1986.0000	 2.0000	 1.0000	 1.0000	 4.5594	 0.0700	 2.0000	 1.0000	 1.0000	 0.0000	 0.3000	  # 4.2453
1987.0000	 2.0000	 1.0000	 1.0000	 7.0425	 0.0700	 2.0000	 1.0000	 1.0000	 0.0000	 0.3000	  # 5.5224
1988.0000	 2.0000	 1.0000	 1.0000	 8.4015	 0.0700	 2.0000	 1.0000	 1.0000	 0.0000	 0.3000	  # 5.8167
1989.0000	 2.0000	 1.0000	 1.0000	 9.8463	 0.0700	 2.0000	 1.0000	 1.0000	 0.0000	 0.3000	  # 6.6847
1990.0000	 2.0000	 1.0000	 1.0000	 29.5819	 0.0700	 2.0000	 1.0000	 1.0000	 0.0000	 0.3000	  # 35.5466
1991.0000	 2.0000	 1.0000	 1.0000	 17.3233	 0.0700	 2.0000	 1.0000	 1.0000	 0.0000	 0.3000	  # 9.0278
1992.0000	 2.0000	 1.0000	 1.0000	 20.7748	 0.0700	 2.0000	 1.0000	 1.0000	 0.0000	 0.3000	  # 21.1834
1993.0000	 2.0000	 1.0000	 1.0000	 20.3864	 0.0700	 2.0000	 1.0000	 1.0000	 0.0000	 0.3000	  # 22.2702
1994.0000	 2.0000	 1.0000	 1.0000	 9.8870	 0.0700	 2.0000	 1.0000	 1.0000	 0.0000	 0.3000	  # 7.7821
1995.0000	 2.0000	 1.0000	 1.0000	 14.2973	 0.0700	 2.0000	 1.0000	 1.0000	 0.0000	 0.3000	  # 14.7306
1996.0000	 2.0000	 1.0000	 1.0000	 19.0426	 0.0700	 2.0000	 1.0000	 1.0000	 0.0000	 0.3000	  # 23.2300
1997.0000	 2.0000	 1.0000	 1.0000	 14.3759	 0.0700	 2.0000	 1.0000	 1.0000	 0.0000	 0.3000	  # 7.1025
1998.0000	 2.0000	 1.0000	 1.0000	 22.3539	 0.0700	 2.0000	 1.0000	 1.0000	 0.0000	 0.3000	  # 19.9104
1999.0000	 2.0000	 1.0000	 1.0000	 3.6419	 0.0700	 2.0000	 1.0000	 1.0000	 0.0000	 0.3000	  # 4.1299
2000.0000	 2.0000	 1.0000	 1.0000	 2.6603	 0.0700	 2.0000	 1.0000	 1.0000	 0.0000	 0.3000	  # 3.2534
2001.0000	 2.0000	 1.0000	 1.0000	 4.2825	 0.0700	 2.0000	 1.0000	 1.0000	 0.0000	 0.3000	  # 3.9849
2002.0000	 2.0000	 1.0000	 1.0000	 4.5207	 0.0700	 2.0000	 1.0000	 1.0000	 0.0000	 0.3000	  # 4.5008
2003.0000	 2.0000	 1.0000	 1.0000	 2.5142	 0.0700	 2.0000	 1.0000	 1.0000	 0.0000	 0.3000	  # 2.4529
2004.0000	 2.0000	 1.0000	 1.0000	 2.0869	 0.0700	 2.0000	 1.0000	 1.0000	 0.0000	 0.3000	  # 3.5849
2005.0000	 2.0000	 1.0000	 1.0000	 1.4052	 0.0700	 2.0000	 1.0000	 1.0000	 0.0000	 0.3000	  # 0.6227
2006.0000	 2.0000	 1.0000	 1.0000	 3.3451	 0.0700	 2.0000	 1.0000	 1.0000	 0.0000	 0.3000	  # 4.1745
2007.0000	 2.0000	 1.0000	 1.0000	 5.8850	 0.0700	 2.0000	 1.0000	 1.0000	 0.0000	 0.3000	  # 5.7682
2008.0000	 2.0000	 1.0000	 1.0000	 5.2590	 0.0700	 2.0000	 1.0000	 1.0000	 0.0000	 0.3000	  # 5.1139
2009.0000	 2.0000	 1.0000	 1.0000	 3.4583	 0.0700	 2.0000	 1.0000	 1.0000	 0.0000	 0.3000	  # 4.2847
2010.0000	 2.0000	 1.0000	 1.0000	 3.2840	 0.0700	 2.0000	 1.0000	 1.0000	 0.0000	 0.3000	  # 4.4738
2011.0000	 2.0000	 1.0000	 1.0000	 4.1959	 0.0700	 2.0000	 1.0000	 1.0000	 0.0000	 0.3000	  # 3.7252
2012.0000	 2.0000	 1.0000	 1.0000	 5.6692	 0.0700	 2.0000	 1.0000	 1.0000	 0.0000	 0.3000	  # 5.5286
2013.0000	 2.0000	 1.0000	 1.0000	 8.7002	 0.0700	 2.0000	 1.0000	 1.0000	 0.0000	 0.3000	  # 10.6144
2014.0000	 2.0000	 1.0000	 1.0000	 10.9966	 0.0700	 2.0000	 1.0000	 1.0000	 0.0000	 0.3000	  # 11.6187
2015.0000	 2.0000	 1.0000	 1.0000	 8.2796	 0.0700	 2.0000	 1.0000	 1.0000	 0.0000	 0.3000	  # 10.9020
2016.0000	 2.0000	 1.0000	 1.0000	 4.3400	 0.0700	 2.0000	 1.0000	 1.0000	 0.0000	 0.3000	  # 4.5149
2017.0000	 2.0000	 1.0000	 1.0000	 4.5665	 0.0700	 2.0000	 1.0000	 1.0000	 0.0000	 0.3000	  # 5.8823
2018.0000	 2.0000	 1.0000	 1.0000	 8.6855	 0.0700	 2.0000	 1.0000	 1.0000	 0.0000	 0.3000	  # 8.6250
2019.0000	 2.0000	 1.0000	 1.0000	 9.1579	 0.0700	 2.0000	 1.0000	 1.0000	 0.0000	 0.3000	  # 15.6078
2020.0000	 2.0000	 1.0000	 1.0000	 8.8931	 0.0700	 2.0000	 1.0000	 1.0000	 0.0000	 0.3000	  # 6.1163
2021.0000	 2.0000	 1.0000	 1.0000	 1.1110	 0.0700	 2.0000	 1.0000	 1.0000	 0.0000	 0.3000	  # 1.6767
2024.0000	 2.0000	 1.0000	 1.0000	 0.5112	 0.0700	 2.0000	 1.0000	 1.0000	 0.0000	 0.3000	  # 0.6634
2025.0000	 2.0000	 1.0000	 1.0000	 1.6892	 0.0700	 2.0000	 1.0000	 1.0000	 0.0000	 0.3000	  # 2.5177
1982.0000	 2.0000	 1.0000	 2.0000	 0.0156	 0.0700	 2.0000	 1.0000	 1.0000	 0.0000	 0.3000	  # 0.0156
1983.0000	 2.0000	 1.0000	 2.0000	 0.0109	 0.0700	 2.0000	 1.0000	 1.0000	 0.0000	 0.3000	  # 0.0109
1984.0000	 2.0000	 1.0000	 2.0000	 0.0108	 0.0700	 2.0000	 1.0000	 1.0000	 0.0000	 0.3000	  # 0.0108
1985.0000	 2.0000	 1.0000	 2.0000	 0.0109	 0.0700	 2.0000	 1.0000	 1.0000	 0.0000	 0.3000	  # 0.0109
1986.0000	 2.0000	 1.0000	 2.0000	 0.0239	 0.0700	 2.0000	 1.0000	 1.0000	 0.0000	 0.3000	  # 0.0239
1987.0000	 2.0000	 1.0000	 2.0000	 0.0346	 0.0700	 2.0000	 1.0000	 1.0000	 0.0000	 0.3000	  # 0.0346
1988.0000	 2.0000	 1.0000	 2.0000	 0.0368	 0.0700	 2.0000	 1.0000	 1.0000	 0.0000	 0.3000	  # 0.0368
1989.0000	 2.0000	 1.0000	 2.0000	 0.0478	 0.0700	 2.0000	 1.0000	 1.0000	 0.0000	 0.3000	  # 0.0478
1990.0000	 2.0000	 1.0000	 2.0000	 1.5254	 0.0700	 2.0000	 1.0000	 1.0000	 0.0000	 0.3000	  # 1.5227
1991.0000	 2.0000	 1.0000	 2.0000	 0.2000	 0.0700	 2.0000	 1.0000	 1.0000	 0.0000	 0.3000	  # 0.1999
1992.0000	 2.0000	 1.0000	 2.0000	 0.2784	 0.0700	 2.0000	 1.0000	 1.0000	 0.0000	 0.3000	  # 0.2783
1993.0000	 2.0000	 1.0000	 2.0000	 0.1156	 0.0700	 2.0000	 1.0000	 1.0000	 0.0000	 0.3000	  # 0.1156
1994.0000	 2.0000	 1.0000	 2.0000	 0.0781	 0.0700	 2.0000	 1.0000	 1.0000	 0.0000	 0.3000	  # 0.0781
1995.0000	 2.0000	 1.0000	 2.0000	 0.0213	 0.0700	 2.0000	 1.0000	 1.0000	 0.0000	 0.3000	  # 0.0213
1996.0000	 2.0000	 1.0000	 2.0000	 0.1006	 0.0700	 2.0000	 1.0000	 1.0000	 0.0000	 0.3000	  # 0.1006
1997.0000	 2.0000	 1.0000	 2.0000	 0.0990	 0.0700	 2.0000	 1.0000	 1.0000	 0.0000	 0.3000	  # 0.0990
1998.0000	 2.0000	 1.0000	 2.0000	 0.0076	 0.0700	 2.0000	 1.0000	 1.0000	 0.0000	 0.3000	  # 0.0076
1999.0000	 2.0000	 1.0000	 2.0000	 0.0080	 0.0700	 2.0000	 1.0000	 1.0000	 0.0000	 0.3000	  # 0.0080
2000.0000	 2.0000	 1.0000	 2.0000	 0.0009	 0.0700	 2.0000	 1.0000	 1.0000	 0.0000	 0.3000	  # 0.0009
2001.0000	 2.0000	 1.0000	 2.0000	 0.0160	 0.0700	 2.0000	 1.0000	 1.0000	 0.0000	 0.3000	  # 0.0160
2002.0000	 2.0000	 1.0000	 2.0000	 0.0018	 0.0700	 2.0000	 1.0000	 1.0000	 0.0000	 0.3000	  # 0.0018
2003.0000	 2.0000	 1.0000	 2.0000	 0.0008	 0.0700	 2.0000	 1.0000	 1.0000	 0.0000	 0.3000	  # 0.0008
2004.0000	 2.0000	 1.0000	 2.0000	 0.0015	 0.0700	 2.0000	 1.0000	 1.0000	 0.0000	 0.3000	  # 0.0015
2005.0000	 2.0000	 1.0000	 2.0000	 0.0035	 0.0700	 2.0000	 1.0000	 1.0000	 0.0000	 0.3000	  # 0.0035
2006.0000	 2.0000	 1.0000	 2.0000	 0.0012	 0.0700	 2.0000	 1.0000	 1.0000	 0.0000	 0.3000	  # 0.0012
2007.0000	 2.0000	 1.0000	 2.0000	 0.0184	 0.0700	 2.0000	 1.0000	 1.0000	 0.0000	 0.3000	  # 0.0184
2008.0000	 2.0000	 1.0000	 2.0000	 0.0174	 0.0700	 2.0000	 1.0000	 1.0000	 0.0000	 0.3000	  # 0.0174
2009.0000	 2.0000	 1.0000	 2.0000	 0.0124	 0.0700	 2.0000	 1.0000	 1.0000	 0.0000	 0.3000	  # 0.0124
2010.0000	 2.0000	 1.0000	 2.0000	 0.0100	 0.0700	 2.0000	 1.0000	 1.0000	 0.0000	 0.3000	  # 0.0100
2011.0000	 2.0000	 1.0000	 2.0000	 0.1909	 0.0700	 2.0000	 1.0000	 1.0000	 0.0000	 0.3000	  # 0.1909
2012.0000	 2.0000	 1.0000	 2.0000	 0.0571	 0.0700	 2.0000	 1.0000	 1.0000	 0.0000	 0.3000	  # 0.0571
2013.0000	 2.0000	 1.0000	 2.0000	 0.1157	 0.0700	 2.0000	 1.0000	 1.0000	 0.0000	 0.3000	  # 0.1157
2014.0000	 2.0000	 1.0000	 2.0000	 0.2991	 0.0700	 2.0000	 1.0000	 1.0000	 0.0000	 0.3000	  # 0.2989
2015.0000	 2.0000	 1.0000	 2.0000	 0.1150	 0.0700	 2.0000	 1.0000	 1.0000	 0.0000	 0.3000	  # 0.1150
2016.0000	 2.0000	 1.0000	 2.0000	 0.0332	 0.0700	 2.0000	 1.0000	 1.0000	 0.0000	 0.3000	  # 0.0332
2017.0000	 2.0000	 1.0000	 2.0000	 0.0280	 0.0700	 2.0000	 1.0000	 1.0000	 0.0000	 0.3000	  # 0.0280
2018.0000	 2.0000	 1.0000	 2.0000	 0.0222	 0.0700	 2.0000	 1.0000	 1.0000	 0.0000	 0.3000	  # 0.0222
2019.0000	 2.0000	 1.0000	 2.0000	 0.0214	 0.0700	 2.0000	 1.0000	 1.0000	 0.0000	 0.3000	  # 0.0214
2020.0000	 2.0000	 1.0000	 2.0000	 0.0008	 0.0700	 2.0000	 1.0000	 1.0000	 0.0000	 0.3000	  # 0.0008
2021.0000	 2.0000	 1.0000	 2.0000	 0.0000	 0.0700	 2.0000	 1.0000	 1.0000	 0.0000	 0.3000	  # 0.0000
2024.0000	 2.0000	 1.0000	 2.0000	 0.0000	 0.0700	 2.0000	 1.0000	 1.0000	 0.0000	 0.3000	  # 0.0000
2025.0000	 2.0000	 1.0000	 2.0000	 0.0303	 0.0700	 2.0000	 1.0000	 1.0000	 0.0000	 0.3000	  # 0.0303
1982.0000	 2.0000	 2.0000	 0.0000	 0.3684	 0.2000	 2.0000	 1.0000	 1.0000	 0.0000	 1.0000	  # 0.3673
1983.0000	 2.0000	 2.0000	 0.0000	 0.4734	 0.2000	 2.0000	 1.0000	 1.0000	 0.0000	 1.0000	  # 0.4733
1984.0000	 2.0000	 2.0000	 0.0000	 0.5025	 0.2000	 2.0000	 1.0000	 1.0000	 0.0000	 1.0000	  # 0.5029
1985.0000	 2.0000	 2.0000	 0.0000	 0.4291	 0.2000	 2.0000	 1.0000	 1.0000	 0.0000	 1.0000	  # 0.4317
1986.0000	 2.0000	 2.0000	 0.0000	 0.0000	 0.2000	 2.0000	 1.0000	 1.0000	 0.0000	 1.0000	  # 0.0001
1987.0000	 2.0000	 2.0000	 0.0000	 0.0028	 0.2000	 2.0000	 1.0000	 1.0000	 0.0000	 1.0000	  # 0.0028
1988.0000	 2.0000	 2.0000	 0.0000	 0.0019	 0.2000	 2.0000	 1.0000	 1.0000	 0.0000	 1.0000	  # 0.0019
1989.0000	 2.0000	 2.0000	 0.0000	 0.1001	 0.2000	 2.0000	 1.0000	 1.0000	 0.0000	 1.0000	  # 0.1002
1990.0000	 2.0000	 2.0000	 0.0000	 0.3313	 0.1000	 2.0000	 1.0000	 1.0000	 0.0000	 1.0000	  # 0.3316
1991.0000	 2.0000	 2.0000	 0.0000	 4.4018	 0.1000	 2.0000	 1.0000	 1.0000	 0.0000	 1.0000	  # 4.4506
1992.0000	 2.0000	 2.0000	 0.0000	 2.0654	 0.1000	 2.0000	 1.0000	 1.0000	 0.0000	 1.0000	  # 2.0494
1993.0000	 2.0000	 2.0000	 0.0000	 1.1283	 0.1000	 2.0000	 1.0000	 1.0000	 0.0000	 1.0000	  # 1.1259
1994.0000	 2.0000	 2.0000	 0.0000	 0.6991	 0.1000	 2.0000	 1.0000	 1.0000	 0.0000	 1.0000	  # 0.6992
1995.0000	 2.0000	 2.0000	 0.0000	 1.0486	 0.1000	 2.0000	 1.0000	 1.0000	 0.0000	 1.0000	  # 1.0439
1996.0000	 2.0000	 2.0000	 0.0000	 1.2222	 0.1000	 2.0000	 1.0000	 1.0000	 0.0000	 1.0000	  # 1.2234
1997.0000	 2.0000	 2.0000	 0.0000	 0.7246	 0.1000	 2.0000	 1.0000	 1.0000	 0.0000	 1.0000	  # 0.7264
1998.0000	 2.0000	 2.0000	 0.0000	 0.5808	 0.1000	 2.0000	 1.0000	 1.0000	 0.0000	 1.0000	  # 0.5782
1999.0000	 2.0000	 2.0000	 0.0000	 0.2423	 0.1000	 2.0000	 1.0000	 1.0000	 0.0000	 1.0000	  # 0.2414
2000.0000	 2.0000	 2.0000	 0.0000	 0.2480	 0.1000	 2.0000	 1.0000	 1.0000	 0.0000	 1.0000	  # 0.2472
2001.0000	 2.0000	 2.0000	 0.0000	 0.1817	 0.1000	 2.0000	 1.0000	 1.0000	 0.0000	 1.0000	  # 0.1813
2002.0000	 2.0000	 2.0000	 0.0000	 0.1044	 0.1000	 2.0000	 1.0000	 1.0000	 0.0000	 1.0000	  # 0.1042
2003.0000	 2.0000	 2.0000	 0.0000	 0.1365	 0.1000	 2.0000	 1.0000	 1.0000	 0.0000	 1.0000	  # 0.1363
2004.0000	 2.0000	 2.0000	 0.0000	 0.1796	 0.1000	 2.0000	 1.0000	 1.0000	 0.0000	 1.0000	  # 0.1795
2005.0000	 2.0000	 2.0000	 0.0000	 0.1888	 0.1000	 2.0000	 1.0000	 1.0000	 0.0000	 1.0000	  # 0.1887
2006.0000	 2.0000	 2.0000	 0.0000	 0.3658	 0.1000	 2.0000	 1.0000	 1.0000	 0.0000	 1.0000	  # 0.3633
2007.0000	 2.0000	 2.0000	 0.0000	 0.3065	 0.1000	 2.0000	 1.0000	 1.0000	 0.0000	 1.0000	  # 0.3056
2008.0000	 2.0000	 2.0000	 0.0000	 0.1892	 0.1000	 2.0000	 1.0000	 1.0000	 0.0000	 1.0000	  # 0.1890
2009.0000	 2.0000	 2.0000	 0.0000	 0.3893	 0.1000	 2.0000	 1.0000	 1.0000	 0.0000	 1.0000	  # 0.3888
2010.0000	 2.0000	 2.0000	 0.0000	 0.1380	 0.1000	 2.0000	 1.0000	 1.0000	 0.0000	 1.0000	  # 0.1381
2011.0000	 2.0000	 2.0000	 0.0000	 0.1395	 0.1000	 2.0000	 1.0000	 1.0000	 0.0000	 1.0000	  # 0.1396
2012.0000	 2.0000	 2.0000	 0.0000	 0.1505	 0.1000	 2.0000	 1.0000	 1.0000	 0.0000	 1.0000	  # 0.1504
2013.0000	 2.0000	 2.0000	 0.0000	 0.1622	 0.1000	 2.0000	 1.0000	 1.0000	 0.0000	 1.0000	  # 0.1621
2014.0000	 2.0000	 2.0000	 0.0000	 0.6187	 0.1000	 2.0000	 1.0000	 1.0000	 0.0000	 1.0000	  # 0.6174
2015.0000	 2.0000	 2.0000	 0.0000	 1.5946	 0.1000	 2.0000	 1.0000	 1.0000	 0.0000	 1.0000	  # 1.5819
2016.0000	 2.0000	 2.0000	 0.0000	 0.0351	 0.1000	 2.0000	 1.0000	 1.0000	 0.0000	 1.0000	  # 0.0351
2017.0000	 2.0000	 2.0000	 0.0000	 0.1014	 0.1000	 2.0000	 1.0000	 1.0000	 0.0000	 1.0000	  # 0.1012
2018.0000	 2.0000	 2.0000	 0.0000	 0.4021	 0.1000	 2.0000	 1.0000	 1.0000	 0.0000	 1.0000	  # 0.4014
2019.0000	 2.0000	 2.0000	 0.0000	 0.2105	 0.1000	 2.0000	 1.0000	 1.0000	 0.0000	 1.0000	  # 0.2105
2020.0000	 2.0000	 2.0000	 0.0000	 0.1927	 0.1000	 2.0000	 1.0000	 1.0000	 0.0000	 1.0000	  # 0.1932
2021.0000	 2.0000	 2.0000	 0.0000	 0.1306	 0.1000	 2.0000	 1.0000	 1.0000	 0.0000	 1.0000	  # 0.1295
2022.0000	 2.0000	 2.0000	 0.0000	 0.0606	 0.1000	 2.0000	 1.0000	 1.0000	 0.0000	 1.0000	  # 0.0605
2023.0000	 2.0000	 2.0000	 0.0000	 0.1079	 0.1000	 2.0000	 1.0000	 1.0000	 0.0000	 1.0000	  # 0.1072
2024.0000	 2.0000	 2.0000	 0.0000	 0.0941	 0.1000	 2.0000	 1.0000	 1.0000	 0.0000	 1.0000	  # 0.0937
2025.0000	 2.0000	 2.0000	 0.0000	 0.4237	 0.1000	 2.0000	 1.0000	 1.0000	 0.0000	 1.0000	  # 0.4218


##------------------------------------------------------------
##--RELATIVE ABUNDANCE DATA-----------------------------------
##------------------------------------------------------------
0  #--input format type (0: old format, 1: new format)
4  ##  Number  of  relative  abundance indices (must match number of surveys)
 1 1 1 1  ##  Type of 'survey' catchability (1=Selectivity; 2=Selectivity+Retention), by data frame
88  ##  Total number of rows
##--------
## Q_index: index of associated q. Multiple q's (e.g., in time blocks) can now be estimated for each relative abundance index/survey.
## Sex: 1 = male, 2 = female, 0 = both
## Maturity: 1 = mature, 2 = immature, 0 = both
## Units of survey: 1 = biomass, 2 = numbers
## Time: CPUE timing within season
## RAI_id: integer id for the associated survey
#Q_index	Year	Season	Fleet	Sex	Maturity	Value	CV	Units	Time	RAI_id	# original
1.0000	 1982.0000	 1.0000	 3.0000	 2.0000	 1.0000	 58.2045	 0.1585	 1.0000	 0.0000	 1.0000	 # 141.4920
1.0000	 1983.0000	 1.0000	 3.0000	 2.0000	 1.0000	 47.9802	 0.2025	 1.0000	 0.0000	 1.0000	 # 82.1821
1.0000	 1984.0000	 1.0000	 3.0000	 2.0000	 1.0000	 41.4119	 0.1998	 1.0000	 0.0000	 1.0000	 # 39.3686
1.0000	 1985.0000	 1.0000	 3.0000	 2.0000	 1.0000	 41.3193	 0.2154	 1.0000	 0.0000	 1.0000	 # 5.8891
1.0000	 1986.0000	 1.0000	 3.0000	 2.0000	 1.0000	 51.5515	 0.2088	 1.0000	 0.0000	 1.0000	 # 15.1740
1.0000	 1987.0000	 1.0000	 3.0000	 2.0000	 1.0000	 84.4187	 0.1889	 1.0000	 0.0000	 1.0000	 # 119.5512
1.0000	 1988.0000	 1.0000	 3.0000	 2.0000	 1.0000	 125.9867	 0.1766	 1.0000	 0.0000	 1.0000	 # 165.6186
2.0000	 1989.0000	 1.0000	 4.0000	 2.0000	 1.0000	 186.5869	 0.3242	 1.0000	 0.0000	 2.0000	 # 256.7275
2.0000	 1990.0000	 1.0000	 4.0000	 2.0000	 1.0000	 175.1943	 0.2104	 1.0000	 0.0000	 2.0000	 # 174.9418
2.0000	 1991.0000	 1.0000	 4.0000	 2.0000	 1.0000	 148.2960	 0.2427	 1.0000	 0.0000	 2.0000	 # 199.0196
2.0000	 1992.0000	 1.0000	 4.0000	 2.0000	 1.0000	 121.9960	 0.2016	 1.0000	 0.0000	 2.0000	 # 123.4792
2.0000	 1993.0000	 1.0000	 4.0000	 2.0000	 1.0000	 104.4211	 0.1663	 1.0000	 0.0000	 2.0000	 # 127.0806
2.0000	 1994.0000	 1.0000	 4.0000	 2.0000	 1.0000	 96.4672	 0.1400	 1.0000	 0.0000	 2.0000	 # 122.6040
2.0000	 1995.0000	 1.0000	 4.0000	 2.0000	 1.0000	 96.4009	 0.1362	 1.0000	 0.0000	 2.0000	 # 164.9585
2.0000	 1996.0000	 1.0000	 4.0000	 2.0000	 1.0000	 98.5989	 0.1515	 1.0000	 0.0000	 2.0000	 # 104.4291
2.0000	 1997.0000	 1.0000	 4.0000	 2.0000	 1.0000	 93.8282	 0.1970	 1.0000	 0.0000	 2.0000	 # 101.3934
2.0000	 1998.0000	 1.0000	 4.0000	 2.0000	 1.0000	 81.6527	 0.2801	 1.0000	 0.0000	 2.0000	 # 70.1827
2.0000	 1999.0000	 1.0000	 4.0000	 2.0000	 1.0000	 65.9957	 0.2384	 1.0000	 0.0000	 2.0000	 # 29.8490
2.0000	 2000.0000	 1.0000	 4.0000	 2.0000	 1.0000	 54.4616	 0.5387	 1.0000	 0.0000	 2.0000	 # 93.8821
2.0000	 2001.0000	 1.0000	 4.0000	 2.0000	 1.0000	 49.7832	 0.2969	 1.0000	 0.0000	 2.0000	 # 74.8401
2.0000	 2002.0000	 1.0000	 4.0000	 2.0000	 1.0000	 47.8207	 0.3190	 1.0000	 0.0000	 2.0000	 # 29.5081
2.0000	 2003.0000	 1.0000	 4.0000	 2.0000	 1.0000	 45.1010	 0.4060	 1.0000	 0.0000	 2.0000	 # 38.7615
2.0000	 2004.0000	 1.0000	 4.0000	 2.0000	 1.0000	 63.7133	 0.2795	 1.0000	 0.0000	 2.0000	 # 47.7426
2.0000	 2005.0000	 1.0000	 4.0000	 2.0000	 1.0000	 96.6621	 0.2233	 1.0000	 0.0000	 2.0000	 # 62.6031
2.0000	 2006.0000	 1.0000	 4.0000	 2.0000	 1.0000	 95.5450	 0.2036	 1.0000	 0.0000	 2.0000	 # 50.5924
2.0000	 2007.0000	 1.0000	 4.0000	 2.0000	 1.0000	 84.1291	 0.3237	 1.0000	 0.0000	 2.0000	 # 54.4486
2.0000	 2008.0000	 1.0000	 4.0000	 2.0000	 1.0000	 72.2725	 0.2352	 1.0000	 0.0000	 2.0000	 # 49.3520
2.0000	 2009.0000	 1.0000	 4.0000	 2.0000	 1.0000	 63.1181	 0.2308	 1.0000	 0.0000	 2.0000	 # 50.0017
2.0000	 2010.0000	 1.0000	 4.0000	 2.0000	 1.0000	 73.1685	 0.1836	 1.0000	 0.0000	 2.0000	 # 94.9561
2.0000	 2011.0000	 1.0000	 4.0000	 2.0000	 1.0000	 92.8010	 0.1922	 1.0000	 0.0000	 2.0000	 # 169.1174
2.0000	 2012.0000	 1.0000	 4.0000	 2.0000	 1.0000	 93.1147	 0.2348	 1.0000	 0.0000	 2.0000	 # 143.2529
2.0000	 2013.0000	 1.0000	 4.0000	 2.0000	 1.0000	 85.6495	 0.2067	 1.0000	 0.0000	 2.0000	 # 125.6718
2.0000	 2014.0000	 1.0000	 4.0000	 2.0000	 1.0000	 77.4642	 0.2140	 1.0000	 0.0000	 2.0000	 # 111.3619
2.0000	 2015.0000	 1.0000	 4.0000	 2.0000	 1.0000	 66.0526	 0.1829	 1.0000	 0.0000	 2.0000	 # 81.6278
2.0000	 2016.0000	 1.0000	 4.0000	 2.0000	 1.0000	 62.2744	 0.2060	 1.0000	 0.0000	 2.0000	 # 53.1242
2.0000	 2017.0000	 1.0000	 4.0000	 2.0000	 1.0000	 85.5939	 0.2193	 1.0000	 0.0000	 2.0000	 # 105.8830
2.0000	 2018.0000	 1.0000	 4.0000	 2.0000	 1.0000	 151.7591	 0.1998	 1.0000	 0.0000	 2.0000	 # 165.4484
2.0000	 2019.0000	 1.0000	 4.0000	 2.0000	 1.0000	 110.2797	 0.1970	 1.0000	 0.0000	 2.0000	 # 109.2259
2.0000	 2021.0000	 1.0000	 4.0000	 2.0000	 1.0000	 39.9144	 0.4429	 1.0000	 0.0000	 2.0000	 # 30.5380
2.0000	 2022.0000	 1.0000	 4.0000	 2.0000	 1.0000	 39.4392	 0.3449	 1.0000	 0.0000	 2.0000	 # 21.4316
2.0000	 2023.0000	 1.0000	 4.0000	 2.0000	 1.0000	 43.1213	 0.2739	 1.0000	 0.0000	 2.0000	 # 15.3002
2.0000	 2024.0000	 1.0000	 4.0000	 2.0000	 1.0000	 64.7901	 0.2286	 1.0000	 0.0000	 2.0000	 # 41.9009
2.0000	 2025.0000	 1.0000	 4.0000	 2.0000	 1.0000	 93.5965	 0.1716	 1.0000	 0.0000	 2.0000	 # 147.3377
2.0000	 2026.0000	 1.0000	 4.0000	 2.0000	 1.0000	 88.5595	 0.2282	 1.0000	 0.0000	 2.0000	 # 280.2170
3.0000	 1982.0000	 1.0000	 3.0000	 1.0000	 1.0000	 151.0271	 0.1377	 1.0000	 0.0000	 3.0000	 # 172.3763
3.0000	 1983.0000	 1.0000	 3.0000	 1.0000	 1.0000	 171.5765	 0.1257	 1.0000	 0.0000	 3.0000	 # 147.6079
3.0000	 1984.0000	 1.0000	 3.0000	 1.0000	 1.0000	 196.3344	 0.1181	 1.0000	 0.0000	 3.0000	 # 166.4939
3.0000	 1985.0000	 1.0000	 3.0000	 1.0000	 1.0000	 204.8692	 0.1064	 1.0000	 0.0000	 3.0000	 # 70.0197
3.0000	 1986.0000	 1.0000	 3.0000	 1.0000	 1.0000	 202.8669	 0.1118	 1.0000	 0.0000	 3.0000	 # 85.7843
3.0000	 1987.0000	 1.0000	 3.0000	 1.0000	 1.0000	 215.0559	 0.1065	 1.0000	 0.0000	 3.0000	 # 185.3806
3.0000	 1988.0000	 1.0000	 3.0000	 1.0000	 1.0000	 240.3229	 0.1495	 1.0000	 0.0000	 3.0000	 # 251.0219
4.0000	 1989.0000	 1.0000	 4.0000	 1.0000	 1.0000	 341.6232	 0.1075	 1.0000	 0.0000	 4.0000	 # 272.6113
4.0000	 1990.0000	 1.0000	 4.0000	 1.0000	 1.0000	 374.3559	 0.1388	 1.0000	 0.0000	 4.0000	 # 370.6030
4.0000	 1991.0000	 1.0000	 4.0000	 1.0000	 1.0000	 315.9373	 0.1468	 1.0000	 0.0000	 4.0000	 # 396.9517
4.0000	 1992.0000	 1.0000	 4.0000	 1.0000	 1.0000	 272.7567	 0.0935	 1.0000	 0.0000	 4.0000	 # 223.1893
4.0000	 1993.0000	 1.0000	 4.0000	 1.0000	 1.0000	 208.7863	 0.1050	 1.0000	 0.0000	 4.0000	 # 215.0220
4.0000	 1994.0000	 1.0000	 4.0000	 1.0000	 1.0000	 205.5959	 0.0837	 1.0000	 0.0000	 4.0000	 # 140.6742
4.0000	 1995.0000	 1.0000	 4.0000	 1.0000	 1.0000	 187.2608	 0.1274	 1.0000	 0.0000	 4.0000	 # 205.7353
4.0000	 1996.0000	 1.0000	 4.0000	 1.0000	 1.0000	 226.7130	 0.1250	 1.0000	 0.0000	 4.0000	 # 270.8220
4.0000	 1997.0000	 1.0000	 4.0000	 1.0000	 1.0000	 243.5728	 0.0950	 1.0000	 0.0000	 4.0000	 # 281.3671
4.0000	 1998.0000	 1.0000	 4.0000	 1.0000	 1.0000	 200.1303	 0.0896	 1.0000	 0.0000	 4.0000	 # 199.4704
4.0000	 1999.0000	 1.0000	 4.0000	 1.0000	 1.0000	 118.4587	 0.0897	 1.0000	 0.0000	 4.0000	 # 90.5774
4.0000	 2000.0000	 1.0000	 4.0000	 1.0000	 1.0000	 97.3765	 0.1361	 1.0000	 0.0000	 4.0000	 # 88.2639
4.0000	 2001.0000	 1.0000	 4.0000	 1.0000	 1.0000	 83.3214	 0.1163	 1.0000	 0.0000	 4.0000	 # 117.1361
4.0000	 2002.0000	 1.0000	 4.0000	 1.0000	 1.0000	 71.7456	 0.2268	 1.0000	 0.0000	 4.0000	 # 84.3373
4.0000	 2003.0000	 1.0000	 4.0000	 1.0000	 1.0000	 71.1895	 0.1187	 1.0000	 0.0000	 4.0000	 # 61.2435
4.0000	 2004.0000	 1.0000	 4.0000	 1.0000	 1.0000	 73.7767	 0.1378	 1.0000	 0.0000	 4.0000	 # 71.7701
4.0000	 2005.0000	 1.0000	 4.0000	 1.0000	 1.0000	 84.6797	 0.1127	 1.0000	 0.0000	 4.0000	 # 125.1229
4.0000	 2006.0000	 1.0000	 4.0000	 1.0000	 1.0000	 103.2202	 0.2604	 1.0000	 0.0000	 4.0000	 # 138.6879
4.0000	 2007.0000	 1.0000	 4.0000	 1.0000	 1.0000	 123.3775	 0.1474	 1.0000	 0.0000	 4.0000	 # 148.9123
4.0000	 2008.0000	 1.0000	 4.0000	 1.0000	 1.0000	 134.5433	 0.1018	 1.0000	 0.0000	 4.0000	 # 126.2499
4.0000	 2009.0000	 1.0000	 4.0000	 1.0000	 1.0000	 151.7066	 0.1283	 1.0000	 0.0000	 4.0000	 # 133.4201
4.0000	 2010.0000	 1.0000	 4.0000	 1.0000	 1.0000	 149.0031	 0.1216	 1.0000	 0.0000	 4.0000	 # 157.4812
4.0000	 2011.0000	 1.0000	 4.0000	 1.0000	 1.0000	 145.4546	 0.1142	 1.0000	 0.0000	 4.0000	 # 167.6812
4.0000	 2012.0000	 1.0000	 4.0000	 1.0000	 1.0000	 117.0542	 0.1186	 1.0000	 0.0000	 4.0000	 # 124.0096
4.0000	 2013.0000	 1.0000	 4.0000	 1.0000	 1.0000	 102.4297	 0.1181	 1.0000	 0.0000	 4.0000	 # 93.1168
4.0000	 2014.0000	 1.0000	 4.0000	 1.0000	 1.0000	 91.5932	 0.1639	 1.0000	 0.0000	 4.0000	 # 164.0412
4.0000	 2015.0000	 1.0000	 4.0000	 1.0000	 1.0000	 74.0324	 0.1175	 1.0000	 0.0000	 4.0000	 # 76.9623
4.0000	 2016.0000	 1.0000	 4.0000	 1.0000	 1.0000	 58.0061	 0.1079	 1.0000	 0.0000	 4.0000	 # 62.8200
4.0000	 2017.0000	 1.0000	 4.0000	 1.0000	 1.0000	 72.5601	 0.1310	 1.0000	 0.0000	 4.0000	 # 82.8410
4.0000	 2018.0000	 1.0000	 4.0000	 1.0000	 1.0000	 104.3612	 0.1703	 1.0000	 0.0000	 4.0000	 # 232.9941
4.0000	 2019.0000	 1.0000	 4.0000	 1.0000	 1.0000	 154.4517	 0.1718	 1.0000	 0.0000	 4.0000	 # 202.8882
4.0000	 2021.0000	 1.0000	 4.0000	 1.0000	 1.0000	 48.6550	 0.1338	 1.0000	 0.0000	 4.0000	 # 58.0567
4.0000	 2022.0000	 1.0000	 4.0000	 1.0000	 1.0000	 42.8243	 0.1492	 1.0000	 0.0000	 4.0000	 # 35.2550
4.0000	 2023.0000	 1.0000	 4.0000	 1.0000	 1.0000	 37.4093	 0.1269	 1.0000	 0.0000	 4.0000	 # 24.4325
4.0000	 2024.0000	 1.0000	 4.0000	 1.0000	 1.0000	 45.9981	 0.1220	 1.0000	 0.0000	 4.0000	 # 57.6422
4.0000	 2025.0000	 1.0000	 4.0000	 1.0000	 1.0000	 73.6881	 0.1466	 1.0000	 0.0000	 4.0000	 # 117.7272
4.0000	 2026.0000	 1.0000	 4.0000	 1.0000	 1.0000	 158.3377	 0.1571	 1.0000	 0.0000	 4.0000	 # 114.5763
999 # chk

##------------------------------------------------------------
##--SIZE COMPOSITION DATA-------------------------------------
##------------------------------------------------------------
0   #--format flag (0=old style, 1=new style)
#  Number  of  length  frequency matrices
13
##  Number of rows in each matrix
 44 34 34 35 35 7 37 7 37 7 37 7 37
##  Number of bins in each matrix (columns of size data)
 22 22 22 22 22 22 22 22 22 22 22 22 22
## Sex: 1 = male, 2 = female, 0 = both
## Type of catch: 1 = retained, 2 = discard, 0 = total
## Shell: 1 = newshell, 2 = oldshell, 0 = both
## Maturity: 1 = immature, 2 = mature, 0 = both
## Stage1_EffN: the stage-1 effective sample size (this can be modified in the CTL file)
# Year Season Fleet Sex Type Shell Maturity Stage1_EffN Data
1982.0000	 2.0000	 1.0000	 1.0000	 1.0000	 0.0000	 0.0000	 100.0000	 0.0000	 0.0000	 0.0000	 0.0000	 0.0000	 0.0000	 0.0000	 0.0000	 0.0000	 0.0000	 0.0000	 0.0000	 0.0000	 0.0003	 0.0124	 0.2796	 0.2860	 0.1841	 0.0955	 0.0506	 0.0269	 0.0646	 	 # 0.0000	 0.0000	 0.0000	 0.0000	 0.0000	 0.0000	 0.0000	 0.0000	 0.0000	 0.0002	 0.0004	 0.0010	 0.0037	 0.0199	 0.1329	 0.3435	 0.2764	 0.1405	 0.0566	 0.0185	 0.0049	 0.0016	 
1983.0000	 2.0000	 1.0000	 1.0000	 1.0000	 0.0000	 0.0000	 100.0000	 0.0000	 0.0000	 0.0000	 0.0000	 0.0000	 0.0000	 0.0000	 0.0000	 0.0000	 0.0000	 0.0000	 0.0000	 0.0000	 0.0003	 0.0136	 0.2215	 0.2620	 0.2111	 0.1282	 0.0688	 0.0381	 0.0564	 	 # 0.0000	 0.0000	 0.0000	 0.0000	 0.0000	 0.0000	 0.0000	 0.0000	 0.0000	 0.0000	 0.0002	 0.0004	 0.0013	 0.0083	 0.0519	 0.1885	 0.2750	 0.2585	 0.1476	 0.0541	 0.0120	 0.0023	 
1984.0000	 2.0000	 1.0000	 1.0000	 1.0000	 0.0000	 0.0000	 100.0000	 0.0000	 0.0000	 0.0000	 0.0000	 0.0000	 0.0000	 0.0000	 0.0000	 0.0000	 0.0000	 0.0000	 0.0000	 0.0000	 0.0003	 0.0146	 0.1883	 0.2409	 0.2130	 0.1459	 0.0874	 0.0527	 0.0569	 	 # 0.0000	 0.0000	 0.0000	 0.0000	 0.0000	 0.0000	 0.0000	 0.0001	 0.0000	 0.0002	 0.0001	 0.0017	 0.0053	 0.0212	 0.0686	 0.1681	 0.2284	 0.2344	 0.1688	 0.0788	 0.0201	 0.0042	 
1985.0000	 2.0000	 1.0000	 1.0000	 1.0000	 0.0000	 0.0000	 100.0000	 0.0000	 0.0000	 0.0000	 0.0000	 0.0000	 0.0000	 0.0000	 0.0000	 0.0000	 0.0000	 0.0000	 0.0000	 0.0000	 0.0003	 0.0153	 0.1712	 0.2238	 0.2056	 0.1532	 0.1022	 0.0666	 0.0617	 	 # 0.0000	 0.0000	 0.0000	 0.0000	 0.0000	 0.0000	 0.0000	 0.0000	 0.0000	 0.0001	 0.0003	 0.0014	 0.0049	 0.0261	 0.0908	 0.1857	 0.2210	 0.2136	 0.1492	 0.0753	 0.0258	 0.0057	 
1986.0000	 2.0000	 1.0000	 1.0000	 1.0000	 0.0000	 0.0000	 100.0000	 0.0000	 0.0000	 0.0000	 0.0000	 0.0000	 0.0000	 0.0000	 0.0000	 0.0000	 0.0000	 0.0000	 0.0000	 0.0000	 0.0004	 0.0180	 0.1719	 0.2198	 0.2006	 0.1531	 0.1054	 0.0699	 0.0609	 	 # 0.0000	 0.0000	 0.0000	 0.0000	 0.0000	 0.0000	 0.0000	 0.0000	 0.0000	 0.0000	 0.0000	 0.0012	 0.0046	 0.0304	 0.1010	 0.1662	 0.2189	 0.2183	 0.1512	 0.0791	 0.0238	 0.0054	 
1987.0000	 2.0000	 1.0000	 1.0000	 1.0000	 0.0000	 0.0000	 100.0000	 0.0000	 0.0000	 0.0000	 0.0000	 0.0000	 0.0000	 0.0000	 0.0000	 0.0000	 0.0000	 0.0000	 0.0000	 0.0000	 0.0005	 0.0229	 0.1849	 0.2278	 0.2002	 0.1487	 0.0998	 0.0638	 0.0514	 	 # 0.0000	 0.0000	 0.0000	 0.0000	 0.0000	 0.0000	 0.0000	 0.0000	 0.0000	 0.0000	 0.0000	 0.0024	 0.0103	 0.0186	 0.0755	 0.1864	 0.2289	 0.2153	 0.1543	 0.0822	 0.0225	 0.0035	 
1988.0000	 2.0000	 1.0000	 1.0000	 1.0000	 0.0000	 0.0000	 100.0000	 0.0000	 0.0000	 0.0000	 0.0000	 0.0000	 0.0000	 0.0000	 0.0000	 0.0000	 0.0000	 0.0000	 0.0000	 0.0000	 0.0006	 0.0254	 0.1843	 0.2264	 0.2008	 0.1515	 0.1019	 0.0634	 0.0457	 	 # 0.0000	 0.0000	 0.0000	 0.0000	 0.0000	 0.0000	 0.0000	 0.0000	 0.0000	 0.0000	 0.0000	 0.0027	 0.0066	 0.0218	 0.0728	 0.1608	 0.2005	 0.2102	 0.1661	 0.1073	 0.0413	 0.0098	 
1989.0000	 2.0000	 1.0000	 1.0000	 1.0000	 0.0000	 0.0000	 100.0000	 0.0000	 0.0000	 0.0000	 0.0000	 0.0000	 0.0000	 0.0000	 0.0000	 0.0000	 0.0000	 0.0000	 0.0000	 0.0000	 0.0006	 0.0271	 0.1830	 0.2261	 0.2016	 0.1526	 0.1022	 0.0630	 0.0439	 	 # 0.0000	 0.0000	 0.0000	 0.0000	 0.0000	 0.0000	 0.0000	 0.0001	 0.0002	 0.0003	 0.0015	 0.0026	 0.0069	 0.0261	 0.0877	 0.1970	 0.2186	 0.1795	 0.1437	 0.0894	 0.0358	 0.0106	 
1990.0000	 2.0000	 1.0000	 1.0000	 1.0000	 0.0000	 0.0000	 100.0000	 0.0000	 0.0000	 0.0000	 0.0000	 0.0000	 0.0000	 0.0000	 0.0000	 0.0000	 0.0000	 0.0000	 0.0000	 0.0000	 0.0008	 0.0355	 0.2122	 0.2375	 0.1943	 0.1388	 0.0900	 0.0542	 0.0366	 	 # 0.0000	 0.0000	 0.0000	 0.0000	 0.0000	 0.0000	 0.0000	 0.0000	 0.0000	 0.0000	 0.0000	 0.0000	 0.0007	 0.0022	 0.0098	 0.0315	 0.0741	 0.1490	 0.2000	 0.2416	 0.1486	 0.1425	 
1991.0000	 2.0000	 1.0000	 1.0000	 1.0000	 0.0000	 0.0000	 100.0000	 0.0000	 0.0000	 0.0000	 0.0000	 0.0000	 0.0000	 0.0000	 0.0000	 0.0000	 0.0000	 0.0000	 0.0000	 0.0000	 0.0006	 0.0305	 0.1812	 0.2197	 0.2015	 0.1591	 0.1081	 0.0635	 0.0357	 	 # 0.0000	 0.0000	 0.0000	 0.0000	 0.0000	 0.0000	 0.0000	 0.0000	 0.0000	 0.0002	 0.0006	 0.0019	 0.0043	 0.0147	 0.0440	 0.1191	 0.1864	 0.2251	 0.1968	 0.1287	 0.0565	 0.0216	 
1992.0000	 2.0000	 1.0000	 1.0000	 1.0000	 0.0000	 0.0000	 100.0000	 0.0000	 0.0000	 0.0000	 0.0000	 0.0000	 0.0000	 0.0000	 0.0000	 0.0000	 0.0000	 0.0000	 0.0000	 0.0000	 0.0008	 0.0352	 0.1776	 0.1966	 0.1763	 0.1467	 0.1137	 0.0830	 0.0700	 	 # 0.0000	 0.0000	 0.0000	 0.0000	 0.0000	 0.0000	 0.0000	 0.0000	 0.0000	 0.0002	 0.0007	 0.0025	 0.0065	 0.0169	 0.0456	 0.1193	 0.1896	 0.2408	 0.2062	 0.1192	 0.0409	 0.0116	 
1993.0000	 2.0000	 1.0000	 1.0000	 1.0000	 0.0000	 0.0000	 100.0000	 0.0000	 0.0000	 0.0000	 0.0000	 0.0000	 0.0000	 0.0000	 0.0000	 0.0000	 0.0000	 0.0000	 0.0000	 0.0000	 0.0012	 0.0523	 0.2228	 0.2177	 0.1775	 0.1357	 0.0947	 0.0590	 0.0391	 	 # 0.0000	 0.0000	 0.0000	 0.0000	 0.0000	 0.0000	 0.0000	 0.0000	 0.0001	 0.0004	 0.0012	 0.0036	 0.0071	 0.0200	 0.0609	 0.1507	 0.2117	 0.2207	 0.1744	 0.1003	 0.0375	 0.0112	 
1994.0000	 2.0000	 1.0000	 1.0000	 1.0000	 0.0000	 0.0000	 100.0000	 0.0000	 0.0000	 0.0000	 0.0000	 0.0000	 0.0000	 0.0000	 0.0000	 0.0000	 0.0000	 0.0000	 0.0000	 0.0000	 0.0013	 0.0529	 0.2103	 0.2134	 0.1872	 0.1479	 0.1003	 0.0570	 0.0296	 	 # 0.0000	 0.0000	 0.0000	 0.0000	 0.0000	 0.0000	 0.0000	 0.0000	 0.0001	 0.0009	 0.0030	 0.0075	 0.0131	 0.0359	 0.0965	 0.1773	 0.2025	 0.1860	 0.1415	 0.0875	 0.0362	 0.0120	 
1995.0000	 2.0000	 1.0000	 1.0000	 1.0000	 0.0000	 0.0000	 100.0000	 0.0000	 0.0000	 0.0000	 0.0000	 0.0000	 0.0000	 0.0000	 0.0000	 0.0000	 0.0000	 0.0000	 0.0000	 0.0000	 0.0018	 0.0684	 0.2625	 0.2423	 0.1784	 0.1173	 0.0697	 0.0379	 0.0217	 	 # 0.0000	 0.0000	 0.0000	 0.0000	 0.0000	 0.0000	 0.0000	 0.0000	 0.0002	 0.0006	 0.0022	 0.0070	 0.0178	 0.0419	 0.1066	 0.1942	 0.2125	 0.1876	 0.1291	 0.0695	 0.0238	 0.0071	 
1996.0000	 2.0000	 1.0000	 1.0000	 1.0000	 0.0000	 0.0000	 100.0000	 0.0000	 0.0000	 0.0000	 0.0000	 0.0000	 0.0000	 0.0000	 0.0000	 0.0000	 0.0000	 0.0000	 0.0000	 0.0000	 0.0013	 0.0528	 0.2420	 0.2490	 0.1938	 0.1299	 0.0756	 0.0379	 0.0177	 	 # 0.0000	 0.0000	 0.0000	 0.0000	 0.0000	 0.0000	 0.0000	 0.0000	 0.0000	 0.0001	 0.0005	 0.0017	 0.0054	 0.0220	 0.0955	 0.2538	 0.2624	 0.1885	 0.1047	 0.0465	 0.0150	 0.0039	 
1997.0000	 2.0000	 1.0000	 1.0000	 1.0000	 0.0000	 0.0000	 100.0000	 0.0000	 0.0000	 0.0000	 0.0000	 0.0000	 0.0000	 0.0000	 0.0000	 0.0000	 0.0000	 0.0000	 0.0000	 0.0000	 0.0007	 0.0327	 0.1820	 0.2282	 0.2108	 0.1603	 0.1030	 0.0558	 0.0266	 	 # 0.0000	 0.0000	 0.0000	 0.0000	 0.0000	 0.0000	 0.0000	 0.0000	 0.0000	 0.0001	 0.0003	 0.0006	 0.0019	 0.0074	 0.0426	 0.1592	 0.2454	 0.2440	 0.1695	 0.0858	 0.0329	 0.0102	 
1998.0000	 2.0000	 1.0000	 1.0000	 1.0000	 0.0000	 0.0000	 100.0000	 0.0000	 0.0000	 0.0000	 0.0000	 0.0000	 0.0000	 0.0000	 0.0000	 0.0000	 0.0000	 0.0000	 0.0000	 0.0000	 0.0010	 0.0430	 0.1942	 0.2082	 0.1786	 0.1437	 0.1079	 0.0727	 0.0507	 	 # 0.0000	 0.0000	 0.0000	 0.0000	 0.0000	 0.0000	 0.0000	 0.0000	 0.0000	 0.0001	 0.0002	 0.0007	 0.0019	 0.0091	 0.0469	 0.1619	 0.2473	 0.2491	 0.1739	 0.0797	 0.0239	 0.0054	 
1999.0000	 2.0000	 1.0000	 1.0000	 1.0000	 0.0000	 0.0000	 100.0000	 0.0000	 0.0000	 0.0000	 0.0000	 0.0000	 0.0000	 0.0000	 0.0000	 0.0000	 0.0000	 0.0000	 0.0000	 0.0000	 0.0010	 0.0410	 0.1620	 0.1788	 0.1797	 0.1670	 0.1320	 0.0864	 0.0521	 	 # 0.0000	 0.0000	 0.0000	 0.0000	 0.0000	 0.0000	 0.0000	 0.0001	 0.0002	 0.0002	 0.0005	 0.0010	 0.0014	 0.0066	 0.0353	 0.1311	 0.2172	 0.2619	 0.2012	 0.1059	 0.0299	 0.0075	 
2000.0000	 2.0000	 1.0000	 1.0000	 1.0000	 0.0000	 0.0000	 100.0000	 0.0000	 0.0000	 0.0000	 0.0000	 0.0000	 0.0000	 0.0000	 0.0000	 0.0000	 0.0000	 0.0000	 0.0000	 0.0000	 0.0009	 0.0388	 0.1582	 0.1840	 0.1829	 0.1623	 0.1253	 0.0849	 0.0628	 	 # 0.0000	 0.0000	 0.0000	 0.0000	 0.0000	 0.0000	 0.0000	 0.0000	 0.0000	 0.0001	 0.0005	 0.0014	 0.0032	 0.0070	 0.0280	 0.1114	 0.1936	 0.2441	 0.2233	 0.1322	 0.0434	 0.0117	 
2001.0000	 2.0000	 1.0000	 1.0000	 1.0000	 0.0000	 0.0000	 100.0000	 0.0000	 0.0000	 0.0000	 0.0000	 0.0000	 0.0000	 0.0000	 0.0000	 0.0000	 0.0000	 0.0000	 0.0000	 0.0000	 0.0012	 0.0496	 0.1987	 0.2136	 0.1832	 0.1410	 0.0986	 0.0641	 0.0501	 	 # 0.0000	 0.0000	 0.0000	 0.0000	 0.0000	 0.0000	 0.0000	 0.0000	 0.0001	 0.0002	 0.0008	 0.0018	 0.0040	 0.0127	 0.0515	 0.1796	 0.2241	 0.2146	 0.1693	 0.0976	 0.0352	 0.0085	 
2002.0000	 2.0000	 1.0000	 1.0000	 1.0000	 0.0000	 0.0000	 100.0000	 0.0000	 0.0000	 0.0000	 0.0000	 0.0000	 0.0000	 0.0000	 0.0000	 0.0000	 0.0000	 0.0000	 0.0000	 0.0000	 0.0013	 0.0550	 0.2292	 0.2403	 0.1927	 0.1336	 0.0808	 0.0431	 0.0241	 	 # 0.0000	 0.0000	 0.0000	 0.0000	 0.0000	 0.0000	 0.0000	 0.0000	 0.0000	 0.0001	 0.0008	 0.0024	 0.0069	 0.0244	 0.0962	 0.2496	 0.2631	 0.1870	 0.1109	 0.0441	 0.0120	 0.0026	 
2003.0000	 2.0000	 1.0000	 1.0000	 1.0000	 0.0000	 0.0000	 100.0000	 0.0000	 0.0000	 0.0000	 0.0000	 0.0000	 0.0000	 0.0000	 0.0000	 0.0000	 0.0000	 0.0000	 0.0000	 0.0000	 0.0009	 0.0389	 0.1904	 0.2248	 0.2023	 0.1552	 0.1016	 0.0565	 0.0294	 	 # 0.0000	 0.0000	 0.0000	 0.0000	 0.0000	 0.0000	 0.0000	 0.0000	 0.0001	 0.0002	 0.0003	 0.0004	 0.0014	 0.0067	 0.0392	 0.1544	 0.2449	 0.2504	 0.1832	 0.0869	 0.0264	 0.0054	 
2004.0000	 2.0000	 1.0000	 1.0000	 1.0000	 0.0000	 0.0000	 100.0000	 0.0000	 0.0000	 0.0000	 0.0000	 0.0000	 0.0000	 0.0000	 0.0000	 0.0000	 0.0000	 0.0000	 0.0000	 0.0000	 0.0006	 0.0281	 0.1605	 0.2135	 0.2072	 0.1667	 0.1141	 0.0682	 0.0411	 	 # 0.0000	 0.0000	 0.0000	 0.0000	 0.0000	 0.0000	 0.0000	 0.0000	 0.0000	 0.0003	 0.0004	 0.0009	 0.0025	 0.0083	 0.0302	 0.0960	 0.1740	 0.2288	 0.2254	 0.1504	 0.0646	 0.0181	 
2005.0000	 2.0000	 1.0000	 1.0000	 1.0000	 0.0000	 0.0000	 100.0000	 0.0000	 0.0000	 0.0000	 0.0000	 0.0000	 0.0000	 0.0000	 0.0000	 0.0000	 0.0000	 0.0000	 0.0000	 0.0000	 0.0004	 0.0198	 0.1261	 0.1866	 0.1988	 0.1761	 0.1337	 0.0907	 0.0677	 	 # 0.0000	 0.0000	 0.0000	 0.0000	 0.0000	 0.0000	 0.0000	 0.0000	 0.0000	 0.0000	 0.0003	 0.0005	 0.0008	 0.0017	 0.0066	 0.0450	 0.1164	 0.2087	 0.2565	 0.2172	 0.1083	 0.0379	 
2006.0000	 2.0000	 1.0000	 1.0000	 1.0000	 0.0000	 0.0000	 100.0000	 0.0000	 0.0000	 0.0000	 0.0000	 0.0000	 0.0000	 0.0000	 0.0000	 0.0000	 0.0000	 0.0000	 0.0000	 0.0000	 0.0007	 0.0295	 0.1711	 0.2155	 0.1950	 0.1512	 0.1069	 0.0717	 0.0585	 	 # 0.0000	 0.0000	 0.0000	 0.0000	 0.0000	 0.0000	 0.0000	 0.0000	 0.0000	 0.0000	 0.0001	 0.0008	 0.0015	 0.0048	 0.0357	 0.2085	 0.3334	 0.2395	 0.0984	 0.0456	 0.0203	 0.0113	 
2007.0000	 2.0000	 1.0000	 1.0000	 1.0000	 0.0000	 0.0000	 100.0000	 0.0000	 0.0000	 0.0000	 0.0000	 0.0000	 0.0000	 0.0000	 0.0000	 0.0000	 0.0000	 0.0000	 0.0000	 0.0000	 0.0008	 0.0331	 0.1957	 0.2382	 0.2072	 0.1500	 0.0933	 0.0513	 0.0305	 	 # 0.0000	 0.0000	 0.0000	 0.0000	 0.0000	 0.0000	 0.0000	 0.0000	 0.0000	 0.0001	 0.0001	 0.0003	 0.0013	 0.0044	 0.0372	 0.2104	 0.3220	 0.2341	 0.1167	 0.0542	 0.0156	 0.0036	 
2008.0000	 2.0000	 1.0000	 1.0000	 1.0000	 0.0000	 0.0000	 100.0000	 0.0000	 0.0000	 0.0000	 0.0000	 0.0000	 0.0000	 0.0000	 0.0000	 0.0000	 0.0000	 0.0000	 0.0000	 0.0000	 0.0007	 0.0329	 0.1954	 0.2360	 0.2030	 0.1486	 0.0966	 0.0555	 0.0313	 	 # 0.0000	 0.0000	 0.0000	 0.0000	 0.0000	 0.0000	 0.0000	 0.0000	 0.0000	 0.0000	 0.0001	 0.0004	 0.0009	 0.0052	 0.0388	 0.1849	 0.2841	 0.2375	 0.1416	 0.0756	 0.0258	 0.0050	 
2009.0000	 2.0000	 1.0000	 1.0000	 1.0000	 0.0000	 0.0000	 100.0000	 0.0000	 0.0000	 0.0000	 0.0000	 0.0000	 0.0000	 0.0000	 0.0000	 0.0000	 0.0000	 0.0000	 0.0000	 0.0000	 0.0006	 0.0261	 0.1671	 0.2182	 0.2067	 0.1642	 0.1118	 0.0662	 0.0390	 	 # 0.0000	 0.0000	 0.0000	 0.0000	 0.0000	 0.0000	 0.0000	 0.0000	 0.0000	 0.0000	 0.0001	 0.0002	 0.0005	 0.0025	 0.0188	 0.1167	 0.2131	 0.2348	 0.2121	 0.1367	 0.0518	 0.0126	 
2010.0000	 2.0000	 1.0000	 1.0000	 1.0000	 0.0000	 0.0000	 100.0000	 0.0000	 0.0000	 0.0000	 0.0000	 0.0000	 0.0000	 0.0000	 0.0000	 0.0000	 0.0000	 0.0000	 0.0000	 0.0000	 0.0005	 0.0232	 0.1543	 0.2087	 0.2025	 0.1649	 0.1167	 0.0749	 0.0543	 	 # 0.0000	 0.0000	 0.0000	 0.0000	 0.0000	 0.0000	 0.0000	 0.0000	 0.0000	 0.0000	 0.0000	 0.0001	 0.0004	 0.0015	 0.0104	 0.0616	 0.1433	 0.2281	 0.2698	 0.1916	 0.0750	 0.0183	 
2011.0000	 2.0000	 1.0000	 1.0000	 1.0000	 0.0000	 0.0000	 100.0000	 0.0000	 0.0000	 0.0000	 0.0000	 0.0000	 0.0000	 0.0000	 0.0000	 0.0000	 0.0000	 0.0000	 0.0000	 0.0000	 0.0004	 0.0215	 0.1438	 0.1971	 0.1952	 0.1656	 0.1243	 0.0852	 0.0669	 	 # 0.0000	 0.0000	 0.0000	 0.0000	 0.0000	 0.0000	 0.0000	 0.0000	 0.0000	 0.0000	 0.0002	 0.0005	 0.0012	 0.0021	 0.0124	 0.0655	 0.1421	 0.2175	 0.2559	 0.1943	 0.0831	 0.0251	 
2012.0000	 2.0000	 1.0000	 1.0000	 1.0000	 0.0000	 0.0000	 100.0000	 0.0000	 0.0000	 0.0000	 0.0000	 0.0000	 0.0000	 0.0000	 0.0000	 0.0000	 0.0000	 0.0000	 0.0000	 0.0000	 0.0007	 0.0334	 0.1915	 0.2213	 0.1864	 0.1414	 0.1004	 0.0681	 0.0569	 	 # 0.0000	 0.0000	 0.0000	 0.0000	 0.0000	 0.0000	 0.0000	 0.0000	 0.0000	 0.0000	 0.0001	 0.0003	 0.0008	 0.0035	 0.0258	 0.1244	 0.2013	 0.2148	 0.2035	 0.1445	 0.0609	 0.0201	 
2013.0000	 2.0000	 1.0000	 1.0000	 1.0000	 0.0000	 0.0000	 100.0000	 0.0000	 0.0000	 0.0000	 0.0000	 0.0000	 0.0000	 0.0000	 0.0000	 0.0000	 0.0000	 0.0000	 0.0000	 0.0000	 0.0012	 0.0538	 0.2636	 0.2535	 0.1783	 0.1129	 0.0680	 0.0400	 0.0288	 	 # 0.0000	 0.0000	 0.0000	 0.0000	 0.0000	 0.0000	 0.0000	 0.0000	 0.0000	 0.0001	 0.0001	 0.0001	 0.0010	 0.0071	 0.0630	 0.2183	 0.2590	 0.1984	 0.1290	 0.0797	 0.0336	 0.0106	 
2014.0000	 2.0000	 1.0000	 1.0000	 1.0000	 0.0000	 0.0000	 100.0000	 0.0000	 0.0000	 0.0000	 0.0000	 0.0000	 0.0000	 0.0000	 0.0000	 0.0000	 0.0000	 0.0000	 0.0000	 0.0000	 0.0013	 0.0583	 0.2462	 0.2288	 0.1778	 0.1296	 0.0849	 0.0480	 0.0251	 	 # 0.0000	 0.0000	 0.0000	 0.0000	 0.0000	 0.0000	 0.0000	 0.0000	 0.0000	 0.0000	 0.0000	 0.0003	 0.0006	 0.0044	 0.0400	 0.2034	 0.2924	 0.2272	 0.1270	 0.0670	 0.0283	 0.0093	 
2015.0000	 2.0000	 1.0000	 1.0000	 1.0000	 0.0000	 0.0000	 100.0000	 0.0000	 0.0000	 0.0000	 0.0000	 0.0000	 0.0000	 0.0000	 0.0000	 0.0000	 0.0000	 0.0000	 0.0000	 0.0000	 0.0016	 0.0665	 0.2378	 0.2190	 0.1776	 0.1323	 0.0875	 0.0502	 0.0274	 	 # 0.0000	 0.0000	 0.0000	 0.0000	 0.0000	 0.0000	 0.0000	 0.0000	 0.0000	 0.0000	 0.0002	 0.0002	 0.0005	 0.0030	 0.0352	 0.1415	 0.1970	 0.1856	 0.1639	 0.1455	 0.0914	 0.0361	 
2016.0000	 2.0000	 1.0000	 1.0000	 1.0000	 0.0000	 0.0000	 100.0000	 0.0000	 0.0000	 0.0000	 0.0000	 0.0000	 0.0000	 0.0000	 0.0000	 0.0000	 0.0000	 0.0000	 0.0000	 0.0000	 0.0018	 0.0684	 0.2212	 0.2085	 0.1787	 0.1409	 0.0966	 0.0554	 0.0285	 	 # 0.0000	 0.0000	 0.0000	 0.0000	 0.0000	 0.0000	 0.0000	 0.0000	 0.0000	 0.0001	 0.0001	 0.0001	 0.0006	 0.0034	 0.0348	 0.1563	 0.2267	 0.1963	 0.1619	 0.1303	 0.0651	 0.0241	 
2017.0000	 2.0000	 1.0000	 1.0000	 1.0000	 0.0000	 0.0000	 100.0000	 0.0000	 0.0000	 0.0000	 0.0000	 0.0000	 0.0000	 0.0000	 0.0000	 0.0000	 0.0000	 0.0000	 0.0000	 0.0000	 0.0018	 0.0688	 0.2431	 0.2319	 0.1809	 0.1261	 0.0784	 0.0434	 0.0255	 	 # 0.0000	 0.0000	 0.0000	 0.0000	 0.0000	 0.0000	 0.0000	 0.0000	 0.0001	 0.0000	 0.0003	 0.0003	 0.0005	 0.0052	 0.0631	 0.2533	 0.2833	 0.2057	 0.1156	 0.0516	 0.0172	 0.0038	 
2018.0000	 2.0000	 1.0000	 1.0000	 1.0000	 0.0000	 0.0000	 100.0000	 0.0000	 0.0000	 0.0000	 0.0000	 0.0000	 0.0000	 0.0000	 0.0000	 0.0000	 0.0000	 0.0000	 0.0000	 0.0001	 0.0025	 0.0825	 0.2790	 0.2430	 0.1730	 0.1104	 0.0627	 0.0314	 0.0155	 	 # 0.0000	 0.0000	 0.0000	 0.0000	 0.0000	 0.0000	 0.0001	 0.0000	 0.0000	 0.0002	 0.0005	 0.0010	 0.0015	 0.0045	 0.0573	 0.2383	 0.2716	 0.1980	 0.1231	 0.0653	 0.0291	 0.0098	 
2019.0000	 2.0000	 1.0000	 1.0000	 1.0000	 0.0000	 0.0000	 100.0000	 0.0000	 0.0000	 0.0000	 0.0000	 0.0000	 0.0000	 0.0000	 0.0000	 0.0000	 0.0000	 0.0000	 0.0000	 0.0000	 0.0017	 0.0656	 0.3058	 0.2841	 0.1801	 0.0945	 0.0438	 0.0179	 0.0064	 	 # 0.0000	 0.0000	 0.0000	 0.0000	 0.0000	 0.0000	 0.0000	 0.0000	 0.0000	 0.0001	 0.0001	 0.0004	 0.0008	 0.0097	 0.0961	 0.2939	 0.2691	 0.1614	 0.0869	 0.0467	 0.0234	 0.0116	 
2020.0000	 2.0000	 1.0000	 1.0000	 1.0000	 0.0000	 0.0000	 100.0000	 0.0000	 0.0000	 0.0000	 0.0000	 0.0000	 0.0000	 0.0000	 0.0000	 0.0000	 0.0000	 0.0000	 0.0000	 0.0000	 0.0021	 0.0805	 0.2932	 0.2385	 0.1683	 0.1116	 0.0638	 0.0301	 0.0119	 	 # 0.0000	 0.0000	 0.0000	 0.0000	 0.0000	 0.0000	 0.0000	 0.0000	 0.0000	 0.0000	 0.0002	 0.0002	 0.0008	 0.0054	 0.0732	 0.2839	 0.3042	 0.1940	 0.0878	 0.0342	 0.0116	 0.0044	 
2021.0000	 2.0000	 1.0000	 1.0000	 1.0000	 0.0000	 0.0000	 100.0000	 0.0000	 0.0000	 0.0000	 0.0000	 0.0000	 0.0000	 0.0000	 0.0000	 0.0000	 0.0000	 0.0000	 0.0000	 0.0000	 0.0015	 0.0573	 0.2109	 0.2132	 0.1961	 0.1545	 0.0973	 0.0483	 0.0209	 	 # 0.0000	 0.0000	 0.0000	 0.0000	 0.0000	 0.0000	 0.0000	 0.0000	 0.0000	 0.0000	 0.0000	 0.0001	 0.0004	 0.0047	 0.0813	 0.2881	 0.2961	 0.1999	 0.0892	 0.0315	 0.0071	 0.0015	 
2022.0000	 2.0000	 1.0000	 1.0000	 1.0000	 0.0000	 0.0000	 100.0000	 0.0000	 0.0000	 0.0000	 0.0000	 0.0000	 0.0000	 0.0000	 0.0000	 0.0000	 0.0000	 0.0000	 0.0000	 0.0000	 0.0008	 0.0313	 0.1363	 0.1786	 0.1976	 0.1791	 0.1327	 0.0848	 0.0588	 	 # 0.0000	 0.0000	 0.0000	 0.0000	 0.0000	 0.0000	 0.0000	 0.0000	 0.0000	 0.0000	 0.0000	 0.0000	 0.0000	 0.0000	 0.0000	 0.0000	 1.0000	 0.0000	 0.0000	 0.0000	 0.0000	 0.0000	 
2023.0000	 2.0000	 1.0000	 1.0000	 1.0000	 0.0000	 0.0000	 100.0000	 0.0000	 0.0000	 0.0000	 0.0000	 0.0000	 0.0000	 0.0000	 0.0000	 0.0000	 0.0000	 0.0000	 0.0000	 0.0000	 0.0007	 0.0273	 0.1286	 0.1777	 0.2005	 0.1812	 0.1346	 0.0868	 0.0628	 	 # 0.0000	 0.0000	 0.0000	 0.0000	 0.0000	 0.0000	 0.0000	 0.0000	 0.0000	 0.0000	 0.0000	 0.0000	 0.0000	 0.0000	 0.0000	 0.0000	 0.0000	 0.5000	 0.5000	 0.0000	 0.0000	 0.0000	 
2024.0000	 2.0000	 1.0000	 1.0000	 1.0000	 0.0000	 0.0000	 100.0000	 0.0000	 0.0000	 0.0000	 0.0000	 0.0000	 0.0000	 0.0000	 0.0000	 0.0000	 0.0000	 0.0000	 0.0000	 0.0000	 0.0009	 0.0309	 0.1423	 0.1873	 0.2002	 0.1733	 0.1256	 0.0803	 0.0591	 	 # 0.0000	 0.0000	 0.0000	 0.0000	 0.0000	 0.0000	 0.0000	 0.0000	 0.0000	 0.0000	 0.0000	 0.0000	 0.0000	 0.0012	 0.0146	 0.0907	 0.1935	 0.2516	 0.2270	 0.1472	 0.0540	 0.0202	 
2025.0000	 2.0000	 1.0000	 1.0000	 1.0000	 0.0000	 0.0000	 100.0000	 0.0000	 0.0000	 0.0000	 0.0000	 0.0000	 0.0000	 0.0000	 0.0000	 0.0000	 0.0000	 0.0000	 0.0000	 0.0000	 0.0013	 0.0475	 0.2384	 0.2598	 0.2005	 0.1256	 0.0691	 0.0357	 0.0219	 	 # 0.0000	 0.0000	 0.0000	 0.0000	 0.0000	 0.0000	 0.0000	 0.0000	 0.0000	 0.0000	 0.0000	 0.0002	 0.0004	 0.0019	 0.0182	 0.1311	 0.2152	 0.2677	 0.2089	 0.1127	 0.0346	 0.0091	 
1990.0000	 2.0000	 1.0000	 1.0000	 0.0000	 0.0000	 0.0000	 100.0000	 0.0000	 0.0000	 0.0000	 0.0000	 0.0000	 0.0001	 0.0003	 0.0007	 0.0017	 0.0038	 0.0086	 0.0179	 0.0362	 0.0715	 0.1325	 0.1762	 0.1745	 0.1422	 0.1016	 0.0658	 0.0396	 0.0268	 	 # 0.0000	 0.0000	 0.0000	 0.0001	 0.0001	 0.0002	 0.0005	 0.0020	 0.0036	 0.0091	 0.0158	 0.0228	 0.0451	 0.0981	 0.1570	 0.1947	 0.1636	 0.1340	 0.0885	 0.0446	 0.0154	 0.0048	 
1991.0000	 2.0000	 1.0000	 1.0000	 0.0000	 0.0000	 0.0000	 100.0000	 0.0000	 0.0000	 0.0000	 0.0000	 0.0000	 0.0001	 0.0002	 0.0006	 0.0014	 0.0030	 0.0067	 0.0138	 0.0283	 0.0597	 0.1198	 0.1585	 0.1701	 0.1553	 0.1226	 0.0833	 0.0490	 0.0275	 	 # 0.0000	 0.0000	 0.0000	 0.0000	 0.0000	 0.0000	 0.0001	 0.0003	 0.0010	 0.0037	 0.0072	 0.0135	 0.0222	 0.0488	 0.0854	 0.1353	 0.1745	 0.1978	 0.1624	 0.0933	 0.0384	 0.0162	 
1992.0000	 2.0000	 1.0000	 1.0000	 0.0000	 0.0000	 0.0000	 100.0000	 0.0000	 0.0000	 0.0000	 0.0001	 0.0001	 0.0001	 0.0003	 0.0007	 0.0017	 0.0038	 0.0085	 0.0174	 0.0344	 0.0696	 0.1328	 0.1489	 0.1459	 0.1303	 0.1084	 0.0840	 0.0613	 0.0517	 	 # 0.0000	 0.0000	 0.0000	 0.0000	 0.0000	 0.0000	 0.0001	 0.0003	 0.0008	 0.0044	 0.0101	 0.0213	 0.0333	 0.0532	 0.0774	 0.1275	 0.1730	 0.2126	 0.1666	 0.0877	 0.0252	 0.0064	 
1993.0000	 2.0000	 1.0000	 1.0000	 0.0000	 0.0000	 0.0000	 100.0000	 0.0000	 0.0000	 0.0000	 0.0001	 0.0003	 0.0004	 0.0008	 0.0016	 0.0028	 0.0055	 0.0115	 0.0236	 0.0470	 0.0948	 0.1739	 0.1650	 0.1426	 0.1158	 0.0885	 0.0618	 0.0385	 0.0255	 	 # 0.0000	 0.0000	 0.0000	 0.0000	 0.0000	 0.0000	 0.0000	 0.0003	 0.0017	 0.0079	 0.0248	 0.0417	 0.0495	 0.0706	 0.0976	 0.1355	 0.1629	 0.1727	 0.1318	 0.0698	 0.0254	 0.0078	 
1994.0000	 2.0000	 1.0000	 1.0000	 0.0000	 0.0000	 0.0000	 100.0000	 0.0000	 0.0000	 0.0000	 0.0001	 0.0002	 0.0006	 0.0014	 0.0028	 0.0050	 0.0093	 0.0172	 0.0309	 0.0543	 0.0989	 0.1690	 0.1494	 0.1342	 0.1172	 0.0926	 0.0628	 0.0356	 0.0185	 	 # 0.0000	 0.0000	 0.0000	 0.0000	 0.0000	 0.0000	 0.0003	 0.0027	 0.0108	 0.0427	 0.0811	 0.0954	 0.0868	 0.0880	 0.0977	 0.1189	 0.1231	 0.1050	 0.0794	 0.0445	 0.0179	 0.0057	 
1995.0000	 2.0000	 1.0000	 1.0000	 0.0000	 0.0000	 0.0000	 100.0000	 0.0000	 0.0000	 0.0000	 0.0000	 0.0001	 0.0004	 0.0012	 0.0030	 0.0063	 0.0126	 0.0236	 0.0415	 0.0703	 0.1204	 0.1911	 0.1632	 0.1333	 0.0977	 0.0642	 0.0382	 0.0207	 0.0119	 	 # 0.0000	 0.0000	 0.0000	 0.0000	 0.0000	 0.0000	 0.0002	 0.0018	 0.0057	 0.0226	 0.0499	 0.0857	 0.1075	 0.1255	 0.1199	 0.1250	 0.1178	 0.1074	 0.0761	 0.0386	 0.0130	 0.0034	 
1996.0000	 2.0000	 1.0000	 1.0000	 0.0000	 0.0000	 0.0000	 100.0000	 0.0000	 0.0000	 0.0000	 0.0000	 0.0000	 0.0002	 0.0005	 0.0012	 0.0029	 0.0066	 0.0143	 0.0289	 0.0557	 0.1027	 0.1698	 0.1730	 0.1576	 0.1221	 0.0818	 0.0476	 0.0239	 0.0112	 	 # 0.0000	 0.0000	 0.0000	 0.0000	 0.0000	 0.0000	 0.0001	 0.0005	 0.0019	 0.0063	 0.0160	 0.0365	 0.0660	 0.1180	 0.1745	 0.2049	 0.1700	 0.1132	 0.0586	 0.0246	 0.0076	 0.0015	 
1997.0000	 2.0000	 1.0000	 1.0000	 0.0000	 0.0000	 0.0000	 100.0000	 0.0000	 0.0000	 0.0000	 0.0000	 0.0000	 0.0001	 0.0003	 0.0006	 0.0015	 0.0034	 0.0076	 0.0157	 0.0318	 0.0668	 0.1255	 0.1554	 0.1724	 0.1586	 0.1206	 0.0775	 0.0420	 0.0200	 	 # 0.0000	 0.0000	 0.0000	 0.0000	 0.0000	 0.0001	 0.0002	 0.0006	 0.0017	 0.0058	 0.0124	 0.0249	 0.0433	 0.0813	 0.1379	 0.1734	 0.1796	 0.1570	 0.1040	 0.0514	 0.0196	 0.0066	 
1998.0000	 2.0000	 1.0000	 1.0000	 0.0000	 0.0000	 0.0000	 100.0000	 0.0000	 0.0000	 0.0000	 0.0000	 0.0000	 0.0001	 0.0004	 0.0009	 0.0020	 0.0047	 0.0102	 0.0206	 0.0404	 0.0841	 0.1525	 0.1534	 0.1455	 0.1243	 0.1000	 0.0751	 0.0506	 0.0353	 	 # 0.0000	 0.0000	 0.0000	 0.0000	 0.0000	 0.0000	 0.0001	 0.0004	 0.0014	 0.0045	 0.0100	 0.0210	 0.0362	 0.0747	 0.1304	 0.1773	 0.1872	 0.1728	 0.1155	 0.0510	 0.0144	 0.0032	 
1999.0000	 2.0000	 1.0000	 1.0000	 0.0000	 0.0000	 0.0000	 100.0000	 0.0000	 0.0000	 0.0000	 0.0000	 0.0001	 0.0002	 0.0004	 0.0010	 0.0022	 0.0050	 0.0108	 0.0216	 0.0418	 0.0847	 0.1464	 0.1286	 0.1256	 0.1257	 0.1168	 0.0923	 0.0604	 0.0364	 	 # 0.0000	 0.0000	 0.0000	 0.0000	 0.0000	 0.0000	 0.0001	 0.0013	 0.0032	 0.0071	 0.0117	 0.0150	 0.0173	 0.0353	 0.0734	 0.1263	 0.1793	 0.2156	 0.1804	 0.0962	 0.0312	 0.0066	 
2000.0000	 2.0000	 1.0000	 1.0000	 0.0000	 0.0000	 0.0000	 100.0000	 0.0000	 0.0000	 0.0000	 0.0000	 0.0001	 0.0002	 0.0005	 0.0011	 0.0025	 0.0054	 0.0112	 0.0218	 0.0412	 0.0815	 0.1401	 0.1269	 0.1306	 0.1293	 0.1147	 0.0885	 0.0600	 0.0444	 	 # 0.0000	 0.0000	 0.0000	 0.0000	 0.0000	 0.0000	 0.0000	 0.0004	 0.0009	 0.0022	 0.0070	 0.0166	 0.0283	 0.0487	 0.0931	 0.1529	 0.1890	 0.1949	 0.1588	 0.0783	 0.0230	 0.0058	 
2001.0000	 2.0000	 1.0000	 1.0000	 0.0000	 0.0000	 0.0000	 100.0000	 0.0000	 0.0000	 0.0000	 0.0000	 0.0001	 0.0002	 0.0006	 0.0014	 0.0031	 0.0065	 0.0138	 0.0269	 0.0508	 0.0984	 0.1641	 0.1463	 0.1392	 0.1189	 0.0915	 0.0640	 0.0416	 0.0325	 	 # 0.0000	 0.0000	 0.0000	 0.0000	 0.0000	 0.0000	 0.0002	 0.0007	 0.0021	 0.0086	 0.0190	 0.0364	 0.0508	 0.0780	 0.1320	 0.1851	 0.1777	 0.1425	 0.0966	 0.0501	 0.0161	 0.0040	 
2002.0000	 2.0000	 1.0000	 1.0000	 0.0000	 0.0000	 0.0000	 100.0000	 0.0000	 0.0000	 0.0000	 0.0000	 0.0001	 0.0002	 0.0006	 0.0015	 0.0034	 0.0072	 0.0150	 0.0288	 0.0541	 0.1044	 0.1752	 0.1625	 0.1507	 0.1203	 0.0835	 0.0505	 0.0269	 0.0150	 	 # 0.0000	 0.0001	 0.0001	 0.0000	 0.0000	 0.0000	 0.0002	 0.0009	 0.0031	 0.0092	 0.0225	 0.0460	 0.0731	 0.1224	 0.1791	 0.1978	 0.1584	 0.1026	 0.0551	 0.0223	 0.0057	 0.0013	 
2003.0000	 2.0000	 1.0000	 1.0000	 0.0000	 0.0000	 0.0000	 100.0000	 0.0000	 0.0000	 0.0000	 0.0001	 0.0001	 0.0002	 0.0003	 0.0009	 0.0021	 0.0049	 0.0107	 0.0214	 0.0416	 0.0812	 0.1399	 0.1525	 0.1593	 0.1428	 0.1095	 0.0717	 0.0399	 0.0208	 	 # 0.0000	 0.0000	 0.0000	 0.0000	 0.0000	 0.0000	 0.0001	 0.0003	 0.0009	 0.0037	 0.0072	 0.0142	 0.0236	 0.0516	 0.0947	 0.1592	 0.1992	 0.2035	 0.1483	 0.0701	 0.0190	 0.0044	 
2004.0000	 2.0000	 1.0000	 1.0000	 0.0000	 0.0000	 0.0000	 100.0000	 0.0000	 0.0000	 0.0000	 0.0001	 0.0001	 0.0003	 0.0005	 0.0009	 0.0016	 0.0031	 0.0067	 0.0140	 0.0288	 0.0597	 0.1115	 0.1416	 0.1666	 0.1611	 0.1296	 0.0887	 0.0530	 0.0319	 	 # 0.0000	 0.0000	 0.0000	 0.0000	 0.0000	 0.0000	 0.0001	 0.0022	 0.0054	 0.0106	 0.0136	 0.0168	 0.0228	 0.0377	 0.0646	 0.1040	 0.1622	 0.2005	 0.1859	 0.1183	 0.0440	 0.0112	 
2005.0000	 2.0000	 1.0000	 1.0000	 0.0000	 0.0000	 0.0000	 100.0000	 0.0000	 0.0000	 0.0000	 0.0001	 0.0001	 0.0003	 0.0006	 0.0012	 0.0023	 0.0044	 0.0080	 0.0138	 0.0238	 0.0444	 0.0828	 0.1174	 0.1537	 0.1631	 0.1444	 0.1097	 0.0744	 0.0555	 	 # 0.0000	 0.0000	 0.0000	 0.0000	 0.0000	 0.0001	 0.0003	 0.0009	 0.0020	 0.0046	 0.0124	 0.0291	 0.0417	 0.0487	 0.0610	 0.0914	 0.1230	 0.1697	 0.1827	 0.1410	 0.0658	 0.0257	 
2006.0000	 2.0000	 1.0000	 1.0000	 0.0000	 0.0000	 0.0000	 100.0000	 0.0000	 0.0000	 0.0000	 0.0001	 0.0001	 0.0003	 0.0006	 0.0013	 0.0027	 0.0055	 0.0109	 0.0204	 0.0369	 0.0662	 0.1125	 0.1451	 0.1617	 0.1457	 0.1130	 0.0798	 0.0535	 0.0437	 	 # 0.0000	 0.0000	 0.0000	 0.0000	 0.0000	 0.0000	 0.0001	 0.0004	 0.0008	 0.0029	 0.0095	 0.0334	 0.0582	 0.0757	 0.1195	 0.2097	 0.2388	 0.1459	 0.0588	 0.0288	 0.0127	 0.0048	 
2007.0000	 2.0000	 1.0000	 1.0000	 0.0000	 0.0000	 0.0000	 100.0000	 0.0000	 0.0000	 0.0000	 0.0000	 0.0001	 0.0003	 0.0006	 0.0013	 0.0025	 0.0052	 0.0105	 0.0202	 0.0374	 0.0693	 0.1237	 0.1629	 0.1755	 0.1520	 0.1100	 0.0684	 0.0377	 0.0224	 	 # 0.0000	 0.0000	 0.0000	 0.0000	 0.0000	 0.0000	 0.0000	 0.0002	 0.0008	 0.0026	 0.0060	 0.0173	 0.0319	 0.0654	 0.1232	 0.2158	 0.2402	 0.1674	 0.0808	 0.0354	 0.0105	 0.0025	 
2008.0000	 2.0000	 1.0000	 1.0000	 0.0000	 0.0000	 0.0000	 100.0000	 0.0000	 0.0000	 0.0000	 0.0000	 0.0001	 0.0002	 0.0004	 0.0010	 0.0023	 0.0049	 0.0100	 0.0188	 0.0357	 0.0685	 0.1240	 0.1638	 0.1751	 0.1500	 0.1098	 0.0713	 0.0410	 0.0231	 	 # 0.0000	 0.0000	 0.0000	 0.0000	 0.0000	 0.0000	 0.0000	 0.0001	 0.0005	 0.0012	 0.0031	 0.0102	 0.0220	 0.0538	 0.1212	 0.2146	 0.2356	 0.1770	 0.0963	 0.0466	 0.0150	 0.0029	 
2009.0000	 2.0000	 1.0000	 1.0000	 0.0000	 0.0000	 0.0000	 100.0000	 0.0000	 0.0000	 0.0000	 0.0000	 0.0000	 0.0001	 0.0002	 0.0006	 0.0014	 0.0032	 0.0069	 0.0139	 0.0277	 0.0555	 0.1050	 0.1494	 0.1727	 0.1629	 0.1294	 0.0881	 0.0522	 0.0307	 	 # 0.0000	 0.0000	 0.0000	 0.0000	 0.0000	 0.0000	 0.0000	 0.0002	 0.0007	 0.0021	 0.0049	 0.0096	 0.0167	 0.0390	 0.0916	 0.1539	 0.1904	 0.1866	 0.1604	 0.0979	 0.0368	 0.0090	 
2010.0000	 2.0000	 1.0000	 1.0000	 0.0000	 0.0000	 0.0000	 100.0000	 0.0000	 0.0000	 0.0000	 0.0000	 0.0001	 0.0001	 0.0002	 0.0005	 0.0011	 0.0024	 0.0052	 0.0109	 0.0229	 0.0483	 0.0962	 0.1424	 0.1705	 0.1647	 0.1342	 0.0950	 0.0610	 0.0441	 	 # 0.0000	 0.0000	 0.0000	 0.0000	 0.0000	 0.0000	 0.0000	 0.0000	 0.0001	 0.0004	 0.0009	 0.0022	 0.0048	 0.0162	 0.0483	 0.0990	 0.1549	 0.2098	 0.2308	 0.1592	 0.0590	 0.0144	 
2011.0000	 2.0000	 1.0000	 1.0000	 0.0000	 0.0000	 0.0000	 100.0000	 0.0000	 0.0000	 0.0000	 0.0000	 0.0001	 0.0002	 0.0004	 0.0008	 0.0015	 0.0029	 0.0057	 0.0111	 0.0218	 0.0449	 0.0903	 0.1341	 0.1627	 0.1605	 0.1361	 0.1021	 0.0700	 0.0550	 	 # 0.0000	 0.0000	 0.0000	 0.0000	 0.0000	 0.0001	 0.0006	 0.0019	 0.0023	 0.0034	 0.0060	 0.0126	 0.0161	 0.0236	 0.0487	 0.0921	 0.1348	 0.1868	 0.2149	 0.1628	 0.0699	 0.0233	 
2012.0000	 2.0000	 1.0000	 1.0000	 0.0000	 0.0000	 0.0000	 100.0000	 0.0000	 0.0000	 0.0000	 0.0000	 0.0001	 0.0002	 0.0005	 0.0012	 0.0026	 0.0052	 0.0102	 0.0188	 0.0347	 0.0671	 0.1260	 0.1606	 0.1642	 0.1378	 0.1045	 0.0742	 0.0503	 0.0420	 	 # 0.0000	 0.0000	 0.0000	 0.0000	 0.0000	 0.0000	 0.0001	 0.0007	 0.0015	 0.0033	 0.0085	 0.0184	 0.0281	 0.0448	 0.0905	 0.1554	 0.1761	 0.1689	 0.1456	 0.1007	 0.0434	 0.0140	 
2013.0000	 2.0000	 1.0000	 1.0000	 0.0000	 0.0000	 0.0000	 100.0000	 0.0000	 0.0000	 0.0000	 0.0000	 0.0001	 0.0002	 0.0005	 0.0012	 0.0027	 0.0058	 0.0122	 0.0243	 0.0489	 0.0978	 0.1761	 0.1921	 0.1635	 0.1144	 0.0725	 0.0436	 0.0257	 0.0185	 	 # 0.0000	 0.0000	 0.0000	 0.0000	 0.0000	 0.0000	 0.0001	 0.0007	 0.0016	 0.0047	 0.0131	 0.0322	 0.0508	 0.0896	 0.1622	 0.2038	 0.1762	 0.1214	 0.0763	 0.0444	 0.0173	 0.0055	 
2014.0000	 2.0000	 1.0000	 1.0000	 0.0000	 0.0000	 0.0000	 100.0000	 0.0000	 0.0000	 0.0000	 0.0000	 0.0001	 0.0002	 0.0005	 0.0012	 0.0028	 0.0060	 0.0128	 0.0258	 0.0522	 0.1051	 0.1854	 0.1743	 0.1434	 0.1109	 0.0808	 0.0529	 0.0299	 0.0157	 	 # 0.0000	 0.0000	 0.0000	 0.0000	 0.0000	 0.0000	 0.0001	 0.0007	 0.0020	 0.0069	 0.0193	 0.0412	 0.0527	 0.0726	 0.1314	 0.2000	 0.2023	 0.1397	 0.0746	 0.0377	 0.0145	 0.0044	 
2015.0000	 2.0000	 1.0000	 1.0000	 0.0000	 0.0000	 0.0000	 100.0000	 0.0000	 0.0001	 0.0002	 0.0001	 0.0001	 0.0003	 0.0008	 0.0017	 0.0035	 0.0071	 0.0147	 0.0291	 0.0584	 0.1179	 0.1992	 0.1586	 0.1292	 0.1043	 0.0777	 0.0514	 0.0295	 0.0161	 	 # 0.0000	 0.0000	 0.0000	 0.0000	 0.0000	 0.0000	 0.0002	 0.0005	 0.0021	 0.0059	 0.0159	 0.0327	 0.0511	 0.0854	 0.1337	 0.1595	 0.1492	 0.1204	 0.0953	 0.0795	 0.0479	 0.0207	 
2016.0000	 2.0000	 1.0000	 1.0000	 0.0000	 0.0000	 0.0000	 100.0000	 0.0000	 0.0001	 0.0003	 0.0005	 0.0008	 0.0009	 0.0011	 0.0024	 0.0048	 0.0095	 0.0187	 0.0348	 0.0654	 0.1243	 0.1962	 0.1412	 0.1178	 0.1005	 0.0792	 0.0543	 0.0311	 0.0160	 	 # 0.0000	 0.0000	 0.0000	 0.0000	 0.0000	 0.0000	 0.0001	 0.0004	 0.0016	 0.0061	 0.0166	 0.0339	 0.0505	 0.0790	 0.1296	 0.1611	 0.1529	 0.1228	 0.0977	 0.0805	 0.0466	 0.0207	 
2017.0000	 2.0000	 1.0000	 1.0000	 0.0000	 0.0000	 0.0000	 100.0000	 0.0000	 0.0000	 0.0001	 0.0004	 0.0010	 0.0020	 0.0037	 0.0059	 0.0081	 0.0117	 0.0202	 0.0369	 0.0688	 0.1253	 0.1910	 0.1503	 0.1269	 0.0986	 0.0687	 0.0427	 0.0237	 0.0139	 	 # 0.0000	 0.0000	 0.0000	 0.0000	 0.0000	 0.0000	 0.0004	 0.0019	 0.0041	 0.0120	 0.0278	 0.0459	 0.0651	 0.1083	 0.1774	 0.1991	 0.1607	 0.1059	 0.0569	 0.0248	 0.0073	 0.0025	 
2018.0000	 2.0000	 1.0000	 1.0000	 0.0000	 0.0000	 0.0000	 100.0000	 0.0000	 0.0000	 0.0000	 0.0002	 0.0006	 0.0018	 0.0043	 0.0088	 0.0158	 0.0266	 0.0434	 0.0660	 0.0952	 0.1379	 0.1835	 0.1381	 0.1064	 0.0754	 0.0482	 0.0274	 0.0137	 0.0067	 	 # 0.0000	 0.0000	 0.0000	 0.0000	 0.0000	 0.0001	 0.0004	 0.0019	 0.0043	 0.0128	 0.0354	 0.0701	 0.0960	 0.1299	 0.1732	 0.1818	 0.1331	 0.0825	 0.0444	 0.0225	 0.0086	 0.0030	 
2019.0000	 2.0000	 1.0000	 1.0000	 0.0000	 0.0000	 0.0000	 100.0000	 0.0000	 0.0000	 0.0000	 0.0000	 0.0001	 0.0003	 0.0008	 0.0022	 0.0050	 0.0106	 0.0215	 0.0404	 0.0711	 0.1204	 0.1860	 0.1928	 0.1585	 0.1000	 0.0525	 0.0243	 0.0099	 0.0036	 	 # 0.0000	 0.0000	 0.0000	 0.0000	 0.0000	 0.0000	 0.0002	 0.0008	 0.0026	 0.0083	 0.0233	 0.0587	 0.1037	 0.1712	 0.2325	 0.1896	 0.1079	 0.0549	 0.0266	 0.0123	 0.0053	 0.0022	 
2020.0000	 2.0000	 1.0000	 1.0000	 0.0000	 0.0000	 0.0000	 100.0000	 0.0000	 0.0000	 0.0000	 0.0000	 0.0001	 0.0002	 0.0007	 0.0020	 0.0047	 0.0108	 0.0231	 0.0448	 0.0794	 0.1360	 0.2095	 0.1698	 0.1222	 0.0859	 0.0569	 0.0326	 0.0153	 0.0061	 	 # 0.0000	 0.0000	 0.0000	 0.0000	 0.0000	 0.0000	 0.0000	 0.0001	 0.0009	 0.0037	 0.0123	 0.0348	 0.0688	 0.1317	 0.1937	 0.2124	 0.1657	 0.1008	 0.0449	 0.0198	 0.0076	 0.0027	 
2021.0000	 2.0000	 1.0000	 1.0000	 0.0000	 0.0000	 0.0000	 100.0000	 0.0000	 0.0000	 0.0001	 0.0000	 0.0000	 0.0002	 0.0006	 0.0015	 0.0034	 0.0079	 0.0173	 0.0348	 0.0639	 0.1125	 0.1753	 0.1437	 0.1285	 0.1177	 0.0927	 0.0584	 0.0290	 0.0126	 	 # 0.0000	 0.0000	 0.0000	 0.0000	 0.0000	 0.0000	 0.0000	 0.0000	 0.0003	 0.0012	 0.0045	 0.0136	 0.0304	 0.0769	 0.1624	 0.2228	 0.2157	 0.1591	 0.0756	 0.0287	 0.0075	 0.0014	 
2024.0000	 2.0000	 1.0000	 1.0000	 0.0000	 0.0000	 0.0000	 100.0000	 0.0000	 0.0001	 0.0003	 0.0005	 0.0011	 0.0017	 0.0029	 0.0053	 0.0088	 0.0143	 0.0230	 0.0350	 0.0500	 0.0731	 0.1079	 0.1105	 0.1287	 0.1370	 0.1186	 0.0859	 0.0549	 0.0404	 	 # 0.0000	 0.0000	 0.0000	 0.0000	 0.0000	 0.0000	 0.0000	 0.0000	 0.0002	 0.0014	 0.0045	 0.0161	 0.0261	 0.0432	 0.0780	 0.1433	 0.1849	 0.2037	 0.1625	 0.0941	 0.0323	 0.0097	 
2025.0000	 2.0000	 1.0000	 1.0000	 0.0000	 0.0000	 0.0000	 100.0000	 0.0000	 0.0000	 0.0001	 0.0002	 0.0006	 0.0013	 0.0026	 0.0048	 0.0079	 0.0133	 0.0233	 0.0397	 0.0649	 0.1013	 0.1461	 0.1632	 0.1574	 0.1210	 0.0758	 0.0417	 0.0215	 0.0132	 	 # 0.0000	 0.0000	 0.0000	 0.0000	 0.0000	 0.0003	 0.0016	 0.0085	 0.0135	 0.0185	 0.0400	 0.0761	 0.0844	 0.0816	 0.1051	 0.1321	 0.1372	 0.1258	 0.0997	 0.0535	 0.0177	 0.0044	 
1990.0000	 2.0000	 1.0000	 2.0000	 2.0000	 0.0000	 0.0000	 100.0000	 0.0000	 0.0000	 0.0000	 0.0002	 0.0018	 0.0120	 0.0475	 0.1811	 0.3167	 0.2433	 0.1381	 0.0505	 0.0082	 0.0006	 0.0000	 0.0000	 0.0000	 0.0000	 0.0000	 0.0000	 0.0000	 0.0000	 	 # 0.0008	 0.0010	 0.0045	 0.0082	 0.0315	 0.1216	 0.2156	 0.2525	 0.2309	 0.0998	 0.0230	 0.0057	 0.0020	 0.0015	 0.0009	 0.0002	 0.0001	 0.0000	 0.0000	 0.0000	 0.0000	 0.0001	 
1991.0000	 2.0000	 1.0000	 2.0000	 2.0000	 0.0000	 0.0000	 100.0000	 0.0000	 0.0000	 0.0000	 0.0001	 0.0015	 0.0110	 0.0443	 0.1755	 0.3122	 0.2472	 0.1450	 0.0538	 0.0088	 0.0006	 0.0000	 0.0000	 0.0000	 0.0000	 0.0000	 0.0000	 0.0000	 0.0000	 	 # 0.0000	 0.0000	 0.0007	 0.0015	 0.0132	 0.0351	 0.0819	 0.1412	 0.2648	 0.2641	 0.0885	 0.0344	 0.0139	 0.0205	 0.0139	 0.0139	 0.0066	 0.0059	 0.0000	 0.0000	 0.0000	 0.0000	 
1992.0000	 2.0000	 1.0000	 2.0000	 2.0000	 0.0000	 0.0000	 100.0000	 0.0000	 0.0000	 0.0000	 0.0001	 0.0016	 0.0108	 0.0432	 0.1731	 0.3101	 0.2486	 0.1477	 0.0551	 0.0090	 0.0006	 0.0000	 0.0000	 0.0000	 0.0000	 0.0000	 0.0000	 0.0000	 0.0000	 	 # 0.0000	 0.0000	 0.0000	 0.0000	 0.0036	 0.0458	 0.0833	 0.1594	 0.2193	 0.2318	 0.1359	 0.0750	 0.0208	 0.0187	 0.0042	 0.0021	 0.0000	 0.0000	 0.0000	 0.0000	 0.0000	 0.0000	 
1993.0000	 2.0000	 1.0000	 2.0000	 2.0000	 0.0000	 0.0000	 100.0000	 0.0000	 0.0000	 0.0000	 0.0002	 0.0018	 0.0116	 0.0441	 0.1743	 0.3109	 0.2473	 0.1459	 0.0543	 0.0089	 0.0006	 0.0000	 0.0000	 0.0000	 0.0000	 0.0000	 0.0000	 0.0000	 0.0000	 	 # 0.0000	 0.0000	 0.0000	 0.0008	 0.0055	 0.0416	 0.1265	 0.2577	 0.3001	 0.1705	 0.0353	 0.0181	 0.0204	 0.0079	 0.0118	 0.0039	 0.0000	 0.0000	 0.0000	 0.0000	 0.0000	 0.0000	 
1994.0000	 2.0000	 1.0000	 2.0000	 2.0000	 0.0000	 0.0000	 100.0000	 0.0000	 0.0000	 0.0001	 0.0002	 0.0021	 0.0125	 0.0463	 0.1779	 0.3138	 0.2446	 0.1413	 0.0521	 0.0085	 0.0006	 0.0000	 0.0000	 0.0000	 0.0000	 0.0000	 0.0000	 0.0000	 0.0000	 	 # 0.0000	 0.0000	 0.0000	 0.0000	 0.0019	 0.0186	 0.0761	 0.1484	 0.2393	 0.3506	 0.0872	 0.0186	 0.0223	 0.0148	 0.0111	 0.0037	 0.0074	 0.0000	 0.0000	 0.0000	 0.0000	 0.0000	 
1995.0000	 2.0000	 1.0000	 2.0000	 2.0000	 0.0000	 0.0000	 100.0000	 0.0000	 0.0000	 0.0001	 0.0003	 0.0024	 0.0136	 0.0481	 0.1806	 0.3162	 0.2424	 0.1375	 0.0502	 0.0082	 0.0006	 0.0000	 0.0000	 0.0000	 0.0000	 0.0000	 0.0000	 0.0000	 0.0000	 	 # 0.0000	 0.0000	 0.0000	 0.0000	 0.0074	 0.0221	 0.1176	 0.1838	 0.3603	 0.1765	 0.0735	 0.0368	 0.0147	 0.0000	 0.0074	 0.0000	 0.0000	 0.0000	 0.0000	 0.0000	 0.0000	 0.0000	 
1996.0000	 2.0000	 1.0000	 2.0000	 2.0000	 0.0000	 0.0000	 100.0000	 0.0000	 0.0000	 0.0000	 0.0002	 0.0022	 0.0133	 0.0493	 0.1842	 0.3199	 0.2406	 0.1336	 0.0482	 0.0078	 0.0005	 0.0000	 0.0000	 0.0000	 0.0000	 0.0000	 0.0000	 0.0000	 0.0000	 	 # 0.0000	 0.0000	 0.0000	 0.0000	 0.0013	 0.0051	 0.1080	 0.2694	 0.3062	 0.2541	 0.0419	 0.0038	 0.0064	 0.0025	 0.0000	 0.0000	 0.0000	 0.0013	 0.0000	 0.0000	 0.0000	 0.0000	 
1997.0000	 2.0000	 1.0000	 2.0000	 2.0000	 0.0000	 0.0000	 100.0000	 0.0000	 0.0000	 0.0000	 0.0002	 0.0019	 0.0121	 0.0466	 0.1802	 0.3174	 0.2439	 0.1383	 0.0505	 0.0082	 0.0006	 0.0000	 0.0000	 0.0000	 0.0000	 0.0000	 0.0000	 0.0000	 0.0000	 	 # 0.0000	 0.0000	 0.0009	 0.0019	 0.0244	 0.1098	 0.2158	 0.3049	 0.2364	 0.0769	 0.0206	 0.0056	 0.0009	 0.0000	 0.0009	 0.0000	 0.0000	 0.0009	 0.0000	 0.0000	 0.0000	 0.0000	 
1998.0000	 2.0000	 1.0000	 2.0000	 2.0000	 0.0000	 0.0000	 100.0000	 0.0000	 0.0000	 0.0000	 0.0001	 0.0015	 0.0108	 0.0441	 0.1763	 0.3147	 0.2471	 0.1433	 0.0528	 0.0086	 0.0006	 0.0000	 0.0000	 0.0000	 0.0000	 0.0000	 0.0000	 0.0000	 0.0000	 	 # 0.0000	 0.0000	 0.0000	 0.0090	 0.0270	 0.0721	 0.1802	 0.3694	 0.2883	 0.0180	 0.0000	 0.0090	 0.0000	 0.0180	 0.0090	 0.0000	 0.0000	 0.0000	 0.0000	 0.0000	 0.0000	 0.0000	 
1999.0000	 2.0000	 1.0000	 2.0000	 2.0000	 0.0000	 0.0000	 100.0000	 0.0000	 0.0000	 0.0000	 0.0001	 0.0014	 0.0102	 0.0415	 0.1711	 0.3104	 0.2505	 0.1493	 0.0557	 0.0091	 0.0006	 0.0000	 0.0000	 0.0000	 0.0000	 0.0000	 0.0000	 0.0000	 0.0000	 	 # 0.0000	 0.0000	 0.0000	 0.0000	 0.0000	 0.0100	 0.0300	 0.1100	 0.3800	 0.3400	 0.0700	 0.0400	 0.0200	 0.0000	 0.0000	 0.0000	 0.0000	 0.0000	 0.0000	 0.0000	 0.0000	 0.0000	 
2000.0000	 2.0000	 1.0000	 2.0000	 2.0000	 0.0000	 0.0000	 100.0000	 0.0000	 0.0000	 0.0000	 0.0002	 0.0017	 0.0108	 0.0417	 0.1705	 0.3094	 0.2503	 0.1496	 0.0559	 0.0092	 0.0006	 0.0000	 0.0000	 0.0000	 0.0000	 0.0000	 0.0000	 0.0000	 0.0000	 	 # 0.0000	 0.0000	 0.0000	 0.0000	 0.0000	 0.0667	 0.0000	 0.2667	 0.0000	 0.3333	 0.1333	 0.1333	 0.0667	 0.0000	 0.0000	 0.0000	 0.0000	 0.0000	 0.0000	 0.0000	 0.0000	 0.0000	 
2001.0000	 2.0000	 1.0000	 2.0000	 2.0000	 0.0000	 0.0000	 100.0000	 0.0000	 0.0000	 0.0000	 0.0002	 0.0020	 0.0122	 0.0449	 0.1756	 0.3132	 0.2463	 0.1432	 0.0529	 0.0086	 0.0006	 0.0000	 0.0000	 0.0000	 0.0000	 0.0000	 0.0000	 0.0000	 0.0000	 	 # 0.0000	 0.0000	 0.0000	 0.0018	 0.0376	 0.2473	 0.4032	 0.1756	 0.0878	 0.0287	 0.0018	 0.0000	 0.0018	 0.0036	 0.0018	 0.0018	 0.0054	 0.0000	 0.0018	 0.0000	 0.0000	 0.0000	 
2002.0000	 2.0000	 1.0000	 2.0000	 2.0000	 0.0000	 0.0000	 100.0000	 0.0000	 0.0000	 0.0000	 0.0002	 0.0020	 0.0124	 0.0468	 0.1802	 0.3174	 0.2436	 0.1381	 0.0504	 0.0082	 0.0006	 0.0000	 0.0000	 0.0000	 0.0000	 0.0000	 0.0000	 0.0000	 0.0000	 	 # 0.0000	 0.0000	 0.0000	 0.0000	 0.0000	 0.0317	 0.1905	 0.2857	 0.3492	 0.1111	 0.0317	 0.0000	 0.0000	 0.0000	 0.0000	 0.0000	 0.0000	 0.0000	 0.0000	 0.0000	 0.0000	 0.0000	 
2003.0000	 2.0000	 1.0000	 2.0000	 2.0000	 0.0000	 0.0000	 100.0000	 0.0000	 0.0001	 0.0002	 0.0002	 0.0020	 0.0122	 0.0455	 0.1774	 0.3153	 0.2454	 0.1409	 0.0517	 0.0084	 0.0006	 0.0000	 0.0000	 0.0000	 0.0000	 0.0000	 0.0000	 0.0000	 0.0000	 	 # 0.0000	 0.0000	 0.0000	 0.0000	 0.0000	 0.0000	 0.0000	 0.2727	 0.2727	 0.0909	 0.1818	 0.1364	 0.0455	 0.0000	 0.0000	 0.0000	 0.0000	 0.0000	 0.0000	 0.0000	 0.0000	 0.0000	 
2004.0000	 2.0000	 1.0000	 2.0000	 2.0000	 0.0000	 0.0000	 100.0000	 0.0000	 0.0000	 0.0002	 0.0011	 0.0059	 0.0227	 0.0525	 0.1752	 0.3083	 0.2388	 0.1365	 0.0500	 0.0082	 0.0006	 0.0000	 0.0000	 0.0000	 0.0000	 0.0000	 0.0000	 0.0000	 0.0000	 	 # 0.0000	 0.0000	 0.0000	 0.0000	 0.0000	 0.2222	 0.2222	 0.1111	 0.2222	 0.0000	 0.1111	 0.0000	 0.0000	 0.1111	 0.0000	 0.0000	 0.0000	 0.0000	 0.0000	 0.0000	 0.0000	 0.0000	 
2005.0000	 2.0000	 1.0000	 2.0000	 2.0000	 0.0000	 0.0000	 100.0000	 0.0000	 0.0000	 0.0000	 0.0003	 0.0029	 0.0172	 0.0637	 0.2127	 0.3434	 0.2213	 0.1005	 0.0324	 0.0051	 0.0003	 0.0000	 0.0000	 0.0000	 0.0000	 0.0000	 0.0000	 0.0000	 0.0000	 	 # 0.0076	 0.0000	 0.0000	 0.0000	 0.0000	 0.0682	 0.2273	 0.2955	 0.1970	 0.1061	 0.0758	 0.0227	 0.0000	 0.0000	 0.0000	 0.0000	 0.0000	 0.0000	 0.0000	 0.0000	 0.0000	 0.0000	 
2006.0000	 2.0000	 1.0000	 2.0000	 2.0000	 0.0000	 0.0000	 100.0000	 0.0000	 0.0000	 0.0000	 0.0002	 0.0018	 0.0117	 0.0461	 0.1800	 0.3190	 0.2448	 0.1377	 0.0500	 0.0081	 0.0006	 0.0000	 0.0000	 0.0000	 0.0000	 0.0000	 0.0000	 0.0000	 0.0000	 	 # 0.0000	 0.0000	 0.0000	 0.0000	 0.0000	 0.0000	 0.0351	 0.1404	 0.3333	 0.2632	 0.1579	 0.0175	 0.0526	 0.0000	 0.0000	 0.0000	 0.0000	 0.0000	 0.0000	 0.0000	 0.0000	 0.0000	 
2007.0000	 2.0000	 1.0000	 2.0000	 2.0000	 0.0000	 0.0000	 100.0000	 0.0000	 0.0000	 0.0000	 0.0002	 0.0017	 0.0111	 0.0432	 0.1738	 0.3130	 0.2484	 0.1454	 0.0538	 0.0088	 0.0006	 0.0000	 0.0000	 0.0000	 0.0000	 0.0000	 0.0000	 0.0000	 0.0000	 	 # 0.0000	 0.0000	 0.0000	 0.0000	 0.0000	 0.0000	 0.0110	 0.2055	 0.2575	 0.3041	 0.1342	 0.0384	 0.0329	 0.0110	 0.0027	 0.0027	 0.0000	 0.0000	 0.0000	 0.0000	 0.0000	 0.0000	 
2008.0000	 2.0000	 1.0000	 2.0000	 2.0000	 0.0000	 0.0000	 100.0000	 0.0000	 0.0000	 0.0000	 0.0001	 0.0015	 0.0107	 0.0433	 0.1747	 0.3139	 0.2481	 0.1447	 0.0535	 0.0088	 0.0006	 0.0000	 0.0000	 0.0000	 0.0000	 0.0000	 0.0000	 0.0000	 0.0000	 	 # 0.0000	 0.0000	 0.0000	 0.0000	 0.0000	 0.0000	 0.0217	 0.1649	 0.2646	 0.3688	 0.1605	 0.0130	 0.0043	 0.0022	 0.0000	 0.0000	 0.0000	 0.0000	 0.0000	 0.0000	 0.0000	 0.0000	 
2009.0000	 2.0000	 1.0000	 2.0000	 2.0000	 0.0000	 0.0000	 100.0000	 0.0000	 0.0000	 0.0001	 0.0002	 0.0019	 0.0116	 0.0422	 0.1704	 0.3098	 0.2499	 0.1486	 0.0554	 0.0091	 0.0006	 0.0000	 0.0000	 0.0000	 0.0000	 0.0000	 0.0000	 0.0000	 0.0000	 	 # 0.0000	 0.0000	 0.0000	 0.0000	 0.0000	 0.0041	 0.0041	 0.0935	 0.3211	 0.3862	 0.1504	 0.0285	 0.0041	 0.0081	 0.0000	 0.0000	 0.0000	 0.0000	 0.0000	 0.0000	 0.0000	 0.0000	 
2010.0000	 2.0000	 1.0000	 2.0000	 2.0000	 0.0000	 0.0000	 100.0000	 0.0000	 0.0000	 0.0001	 0.0006	 0.0037	 0.0169	 0.0495	 0.1785	 0.3141	 0.2411	 0.1367	 0.0499	 0.0081	 0.0006	 0.0000	 0.0000	 0.0000	 0.0000	 0.0000	 0.0000	 0.0000	 0.0000	 	 # 0.0000	 0.0000	 0.0000	 0.0000	 0.0000	 0.0172	 0.0905	 0.2371	 0.2845	 0.2737	 0.0668	 0.0151	 0.0108	 0.0000	 0.0043	 0.0000	 0.0000	 0.0000	 0.0000	 0.0000	 0.0000	 0.0000	 
2011.0000	 2.0000	 1.0000	 2.0000	 2.0000	 0.0000	 0.0000	 100.0000	 0.0000	 0.0000	 0.0000	 0.0003	 0.0027	 0.0155	 0.0563	 0.1976	 0.3314	 0.2313	 0.1174	 0.0405	 0.0065	 0.0004	 0.0000	 0.0000	 0.0000	 0.0000	 0.0000	 0.0000	 0.0000	 0.0000	 	 # 0.0000	 0.0000	 0.0004	 0.0048	 0.0305	 0.2648	 0.2993	 0.1905	 0.1523	 0.0458	 0.0078	 0.0018	 0.0005	 0.0005	 0.0009	 0.0000	 0.0000	 0.0000	 0.0000	 0.0000	 0.0000	 0.0000	 
2012.0000	 2.0000	 1.0000	 2.0000	 2.0000	 0.0000	 0.0000	 100.0000	 0.0000	 0.0000	 0.0000	 0.0002	 0.0019	 0.0122	 0.0472	 0.1817	 0.3198	 0.2433	 0.1360	 0.0492	 0.0080	 0.0005	 0.0000	 0.0000	 0.0000	 0.0000	 0.0000	 0.0000	 0.0000	 0.0000	 	 # 0.0000	 0.0000	 0.0000	 0.0019	 0.0081	 0.0305	 0.0585	 0.0921	 0.1469	 0.3385	 0.2427	 0.0653	 0.0137	 0.0006	 0.0012	 0.0000	 0.0000	 0.0000	 0.0000	 0.0000	 0.0000	 0.0000	 
2013.0000	 2.0000	 1.0000	 2.0000	 2.0000	 0.0000	 0.0000	 100.0000	 0.0000	 0.0000	 0.0000	 0.0002	 0.0019	 0.0118	 0.0442	 0.1752	 0.3140	 0.2471	 0.1434	 0.0529	 0.0087	 0.0006	 0.0000	 0.0000	 0.0000	 0.0000	 0.0000	 0.0000	 0.0000	 0.0000	 	 # 0.0000	 0.0000	 0.0000	 0.0000	 0.0003	 0.0099	 0.0443	 0.0985	 0.1830	 0.3799	 0.2327	 0.0405	 0.0075	 0.0020	 0.0003	 0.0000	 0.0000	 0.0000	 0.0000	 0.0000	 0.0000	 0.0000	 
2014.0000	 2.0000	 1.0000	 2.0000	 2.0000	 0.0000	 0.0000	 100.0000	 0.0000	 0.0000	 0.0000	 0.0001	 0.0017	 0.0113	 0.0450	 0.1779	 0.3163	 0.2457	 0.1410	 0.0517	 0.0085	 0.0006	 0.0000	 0.0000	 0.0000	 0.0000	 0.0000	 0.0000	 0.0000	 0.0000	 	 # 0.0000	 0.0000	 0.0000	 0.0000	 0.0002	 0.0109	 0.0352	 0.0789	 0.2280	 0.3948	 0.2154	 0.0281	 0.0057	 0.0021	 0.0005	 0.0002	 0.0000	 0.0000	 0.0000	 0.0000	 0.0000	 0.0000	 
2015.0000	 2.0000	 1.0000	 2.0000	 2.0000	 0.0000	 0.0000	 100.0000	 0.0000	 0.0000	 0.0001	 0.0001	 0.0016	 0.0108	 0.0425	 0.1728	 0.3122	 0.2492	 0.1467	 0.0544	 0.0089	 0.0006	 0.0000	 0.0000	 0.0000	 0.0000	 0.0000	 0.0000	 0.0000	 0.0000	 	 # 0.0000	 0.0000	 0.0000	 0.0000	 0.0004	 0.0186	 0.0503	 0.1167	 0.2563	 0.3651	 0.1635	 0.0212	 0.0052	 0.0004	 0.0004	 0.0004	 0.0004	 0.0000	 0.0000	 0.0000	 0.0000	 0.0000	 
2016.0000	 2.0000	 1.0000	 2.0000	 2.0000	 0.0000	 0.0000	 100.0000	 0.0000	 0.0000	 0.0002	 0.0003	 0.0024	 0.0131	 0.0443	 0.1731	 0.3111	 0.2472	 0.1451	 0.0537	 0.0088	 0.0006	 0.0000	 0.0000	 0.0000	 0.0000	 0.0000	 0.0000	 0.0000	 0.0000	 	 # 0.0000	 0.0000	 0.0000	 0.0000	 0.0000	 0.0064	 0.0230	 0.0691	 0.2199	 0.3990	 0.2238	 0.0409	 0.0090	 0.0051	 0.0026	 0.0000	 0.0013	 0.0000	 0.0000	 0.0000	 0.0000	 0.0000	 
2017.0000	 2.0000	 1.0000	 2.0000	 2.0000	 0.0000	 0.0000	 100.0000	 0.0000	 0.0001	 0.0004	 0.0008	 0.0048	 0.0204	 0.0543	 0.1842	 0.3173	 0.2352	 0.1285	 0.0460	 0.0074	 0.0005	 0.0000	 0.0000	 0.0000	 0.0000	 0.0000	 0.0000	 0.0000	 0.0000	 	 # 0.0000	 0.0000	 0.0000	 0.0019	 0.0019	 0.0115	 0.0477	 0.1603	 0.3874	 0.2824	 0.0687	 0.0153	 0.0191	 0.0038	 0.0000	 0.0000	 0.0000	 0.0000	 0.0000	 0.0000	 0.0000	 0.0000	 
2018.0000	 2.0000	 1.0000	 2.0000	 2.0000	 0.0000	 0.0000	 100.0000	 0.0000	 0.0000	 0.0000	 0.0003	 0.0037	 0.0210	 0.0583	 0.2041	 0.3351	 0.2256	 0.1090	 0.0365	 0.0058	 0.0004	 0.0000	 0.0000	 0.0000	 0.0000	 0.0000	 0.0000	 0.0000	 0.0000	 	 # 0.0000	 0.0000	 0.0000	 0.0039	 0.0430	 0.1289	 0.2500	 0.2559	 0.2305	 0.0645	 0.0117	 0.0098	 0.0020	 0.0000	 0.0000	 0.0000	 0.0000	 0.0000	 0.0000	 0.0000	 0.0000	 0.0000	 
2019.0000	 2.0000	 1.0000	 2.0000	 2.0000	 0.0000	 0.0000	 100.0000	 0.0000	 0.0000	 0.0000	 0.0003	 0.0034	 0.0204	 0.0576	 0.2045	 0.3358	 0.2260	 0.1092	 0.0366	 0.0058	 0.0004	 0.0000	 0.0000	 0.0000	 0.0000	 0.0000	 0.0000	 0.0000	 0.0000	 	 # 0.0000	 0.0000	 0.0000	 0.0000	 0.0018	 0.0175	 0.1336	 0.3714	 0.3825	 0.0700	 0.0147	 0.0046	 0.0018	 0.0018	 0.0000	 0.0000	 0.0000	 0.0000	 0.0000	 0.0000	 0.0000	 0.0000	 
2020.0000	 2.0000	 1.0000	 2.0000	 2.0000	 0.0000	 0.0000	 100.0000	 0.0000	 0.0000	 0.0001	 0.0003	 0.0034	 0.0203	 0.0575	 0.2044	 0.3357	 0.2261	 0.1093	 0.0366	 0.0058	 0.0004	 0.0000	 0.0000	 0.0000	 0.0000	 0.0000	 0.0000	 0.0000	 0.0000	 	 # 0.0000	 0.0000	 0.0000	 0.0556	 0.0000	 0.2778	 0.1111	 0.1667	 0.3889	 0.0000	 0.0000	 0.0000	 0.0000	 0.0000	 0.0000	 0.0000	 0.0000	 0.0000	 0.0000	 0.0000	 0.0000	 0.0000	 
2021.0000	 2.0000	 1.0000	 2.0000	 2.0000	 0.0000	 0.0000	 10.0000	 0.0000	 0.0000	 0.0001	 0.0005	 0.0044	 0.0229	 0.0590	 0.2035	 0.3336	 0.2247	 0.1087	 0.0364	 0.0058	 0.0004	 0.0000	 0.0000	 0.0000	 0.0000	 0.0000	 0.0000	 0.0000	 0.0000	 	 # 0.0000	 0.0000	 0.0000	 0.0000	 0.0000	 1.0000	 0.0000	 0.0000	 0.0000	 0.0000	 0.0000	 0.0000	 0.0000	 0.0000	 0.0000	 0.0000	 0.0000	 0.0000	 0.0000	 0.0000	 0.0000	 0.0000	 
2024.0000	 2.0000	 1.0000	 2.0000	 2.0000	 0.0000	 0.0000	 10.0000	 0.0000	 0.0000	 0.0002	 0.0013	 0.0072	 0.0284	 0.0645	 0.1981	 0.3262	 0.2222	 0.1089	 0.0368	 0.0059	 0.0004	 0.0000	 0.0000	 0.0000	 0.0000	 0.0000	 0.0000	 0.0000	 0.0000	 	 # 0.0000	 0.0000	 0.0000	 0.0000	 0.0000	 1.0000	 0.0000	 0.0000	 0.0000	 0.0000	 0.0000	 0.0000	 0.0000	 0.0000	 0.0000	 0.0000	 0.0000	 0.0000	 0.0000	 0.0000	 0.0000	 0.0000	 
2025.0000	 2.0000	 1.0000	 2.0000	 2.0000	 0.0000	 0.0000	 10.0000	 0.0000	 0.0000	 0.0000	 0.0003	 0.0031	 0.0183	 0.0655	 0.2166	 0.3467	 0.2187	 0.0957	 0.0301	 0.0047	 0.0003	 0.0000	 0.0000	 0.0000	 0.0000	 0.0000	 0.0000	 0.0000	 0.0000	 	 # 0.0000	 0.0012	 0.0000	 0.0000	 0.0000	 0.0136	 0.0741	 0.1716	 0.3259	 0.2988	 0.0938	 0.0148	 0.0025	 0.0025	 0.0000	 0.0012	 0.0000	 0.0000	 0.0000	 0.0000	 0.0000	 0.0000	 
1991.0000	 2.0000	 2.0000	 2.0000	 2.0000	 0.0000	 0.0000	 100.0000	 0.0026	 0.0064	 0.0104	 0.0221	 0.0731	 0.1357	 0.1460	 0.1742	 0.1482	 0.1151	 0.0956	 0.0547	 0.0140	 0.0015	 0.0001	 0.0001	 0.0001	 0.0000	 0.0000	 0.0000	 0.0000	 0.0000	 	 # 0.0540	 0.0510	 0.0370	 0.0520	 0.0810	 0.1330	 0.1420	 0.1520	 0.1340	 0.0870	 0.0290	 0.0110	 0.0050	 0.0040	 0.0030	 0.0040	 0.0030	 0.0050	 0.0030	 0.0010	 0.0030	 0.0050	 
1992.0000	 2.0000	 2.0000	 2.0000	 2.0000	 0.0000	 0.0000	 100.0000	 0.0053	 0.0127	 0.0175	 0.0243	 0.0732	 0.1322	 0.1401	 0.1691	 0.1448	 0.1139	 0.0958	 0.0551	 0.0141	 0.0015	 0.0001	 0.0001	 0.0001	 0.0000	 0.0000	 0.0000	 0.0000	 0.0000	 	 # 0.0280	 0.1610	 0.1770	 0.1740	 0.1420	 0.0870	 0.1000	 0.0550	 0.0350	 0.0170	 0.0070	 0.0010	 0.0020	 0.0020	 0.0030	 0.0020	 0.0010	 0.0030	 0.0010	 0.0010	 0.0000	 0.0010	 
1993.0000	 2.0000	 2.0000	 2.0000	 2.0000	 0.0000	 0.0000	 100.0000	 0.0078	 0.0192	 0.0263	 0.0314	 0.0801	 0.1341	 0.1364	 0.1620	 0.1382	 0.1078	 0.0901	 0.0517	 0.0132	 0.0014	 0.0001	 0.0001	 0.0001	 0.0000	 0.0000	 0.0000	 0.0000	 0.0000	 	 # 0.0000	 0.0020	 0.0100	 0.1120	 0.3270	 0.2600	 0.1990	 0.0670	 0.0190	 0.0030	 0.0000	 0.0010	 0.0010	 0.0000	 0.0000	 0.0000	 0.0000	 0.0000	 0.0000	 0.0000	 0.0000	 0.0000	 
1994.0000	 2.0000	 2.0000	 2.0000	 2.0000	 0.0000	 0.0000	 100.0000	 0.0116	 0.0279	 0.0370	 0.0375	 0.0867	 0.1366	 0.1343	 0.1553	 0.1310	 0.1002	 0.0820	 0.0466	 0.0119	 0.0013	 0.0001	 0.0001	 0.0000	 0.0000	 0.0000	 0.0000	 0.0000	 0.0000	 	 # 0.0000	 0.0000	 0.0000	 0.0090	 0.0090	 0.1610	 0.1360	 0.2430	 0.1590	 0.1020	 0.0480	 0.0390	 0.0230	 0.0110	 0.0200	 0.0050	 0.0050	 0.0000	 0.0110	 0.0050	 0.0090	 0.0070	 
1995.0000	 2.0000	 2.0000	 2.0000	 2.0000	 0.0000	 0.0000	 100.0000	 0.0071	 0.0206	 0.0325	 0.0466	 0.0977	 0.1445	 0.1364	 0.1542	 0.1290	 0.0970	 0.0780	 0.0439	 0.0111	 0.0012	 0.0001	 0.0001	 0.0000	 0.0000	 0.0000	 0.0000	 0.0000	 0.0000	 	 # 0.0200	 0.0140	 0.0030	 0.0170	 0.0430	 0.1280	 0.1340	 0.2100	 0.2070	 0.1050	 0.0260	 0.0370	 0.0110	 0.0170	 0.0170	 0.0090	 0.0030	 0.0000	 0.0000	 0.0000	 0.0000	 0.0000	 
1996.0000	 2.0000	 2.0000	 2.0000	 2.0000	 0.0000	 0.0000	 100.0000	 0.0042	 0.0125	 0.0218	 0.0396	 0.0938	 0.1473	 0.1455	 0.1637	 0.1359	 0.1003	 0.0789	 0.0439	 0.0111	 0.0012	 0.0001	 0.0000	 0.0000	 0.0000	 0.0000	 0.0000	 0.0000	 0.0000	 	 # 0.0010	 0.0020	 0.0040	 0.0140	 0.0700	 0.1250	 0.1830	 0.1870	 0.2060	 0.1000	 0.0330	 0.0270	 0.0110	 0.0110	 0.0070	 0.0090	 0.0020	 0.0020	 0.0020	 0.0010	 0.0010	 0.0010	 
1997.0000	 2.0000	 2.0000	 2.0000	 2.0000	 0.0000	 0.0000	 100.0000	 0.0003	 0.0032	 0.0100	 0.0319	 0.0854	 0.1437	 0.1480	 0.1721	 0.1449	 0.1092	 0.0878	 0.0494	 0.0125	 0.0013	 0.0001	 0.0001	 0.0000	 0.0000	 0.0000	 0.0000	 0.0000	 0.0000	 	 # 0.0080	 0.0670	 0.0590	 0.1680	 0.1580	 0.1440	 0.1970	 0.0980	 0.0470	 0.0190	 0.0090	 0.0090	 0.0080	 0.0040	 0.0030	 0.0020	 0.0010	 0.0010	 0.0000	 0.0000	 0.0000	 0.0000	 
1998.0000	 2.0000	 2.0000	 2.0000	 2.0000	 0.0000	 0.0000	 100.0000	 0.0011	 0.0028	 0.0064	 0.0215	 0.0732	 0.1361	 0.1475	 0.1774	 0.1514	 0.1166	 0.0958	 0.0544	 0.0139	 0.0015	 0.0001	 0.0001	 0.0001	 0.0000	 0.0000	 0.0000	 0.0000	 0.0000	 	 # 0.0200	 0.0280	 0.0460	 0.1700	 0.2230	 0.1480	 0.1210	 0.0800	 0.0480	 0.0260	 0.0190	 0.0130	 0.0110	 0.0110	 0.0100	 0.0100	 0.0040	 0.0050	 0.0050	 0.0020	 0.0010	 0.0010	 
1999.0000	 2.0000	 2.0000	 2.0000	 2.0000	 0.0000	 0.0000	 100.0000	 0.0050	 0.0111	 0.0145	 0.0201	 0.0679	 0.1278	 0.1389	 0.1725	 0.1496	 0.1185	 0.1000	 0.0575	 0.0147	 0.0016	 0.0001	 0.0001	 0.0001	 0.0000	 0.0000	 0.0000	 0.0000	 0.0000	 	 # 0.0030	 0.0060	 0.0270	 0.0720	 0.0720	 0.1340	 0.2370	 0.2110	 0.1120	 0.0440	 0.0140	 0.0070	 0.0070	 0.0040	 0.0060	 0.0060	 0.0080	 0.0110	 0.0080	 0.0050	 0.0040	 0.0010	 
2000.0000	 2.0000	 2.0000	 2.0000	 2.0000	 0.0000	 0.0000	 100.0000	 0.0081	 0.0196	 0.0262	 0.0296	 0.0761	 0.1287	 0.1320	 0.1622	 0.1408	 0.1117	 0.0946	 0.0545	 0.0139	 0.0015	 0.0001	 0.0001	 0.0001	 0.0000	 0.0000	 0.0000	 0.0000	 0.0000	 	 # 0.0060	 0.0140	 0.0160	 0.0290	 0.0500	 0.1330	 0.2180	 0.1860	 0.1270	 0.0990	 0.0330	 0.0250	 0.0180	 0.0070	 0.0060	 0.0030	 0.0060	 0.0080	 0.0050	 0.0040	 0.0010	 0.0060	 
2001.0000	 2.0000	 2.0000	 2.0000	 2.0000	 0.0000	 0.0000	 100.0000	 0.0054	 0.0158	 0.0254	 0.0396	 0.0892	 0.1387	 0.1355	 0.1596	 0.1361	 0.1049	 0.0865	 0.0492	 0.0125	 0.0013	 0.0001	 0.0001	 0.0001	 0.0000	 0.0000	 0.0000	 0.0000	 0.0000	 	 # 0.0100	 0.0270	 0.0600	 0.0780	 0.0550	 0.1440	 0.1630	 0.1310	 0.1260	 0.0900	 0.0380	 0.0230	 0.0120	 0.0090	 0.0110	 0.0040	 0.0050	 0.0060	 0.0030	 0.0040	 0.0000	 0.0010	 
2002.0000	 2.0000	 2.0000	 2.0000	 2.0000	 0.0000	 0.0000	 100.0000	 0.0071	 0.0177	 0.0255	 0.0346	 0.0863	 0.1399	 0.1410	 0.1633	 0.1375	 0.1036	 0.0832	 0.0468	 0.0119	 0.0013	 0.0001	 0.0001	 0.0000	 0.0000	 0.0000	 0.0000	 0.0000	 0.0000	 	 # 0.0040	 0.0070	 0.0150	 0.0330	 0.0800	 0.1900	 0.2470	 0.1740	 0.1040	 0.0410	 0.0270	 0.0250	 0.0120	 0.0130	 0.0060	 0.0070	 0.0020	 0.0050	 0.0050	 0.0020	 0.0020	 0.0010	 
2003.0000	 2.0000	 2.0000	 2.0000	 2.0000	 0.0000	 0.0000	 100.0000	 0.0547	 0.1144	 0.1206	 0.0272	 0.0647	 0.1033	 0.1030	 0.1208	 0.1027	 0.0784	 0.0638	 0.0361	 0.0092	 0.0010	 0.0001	 0.0000	 0.0000	 0.0000	 0.0000	 0.0000	 0.0000	 0.0000	 	 # 0.0230	 0.3240	 0.1600	 0.0580	 0.0460	 0.0690	 0.0830	 0.0790	 0.0600	 0.0350	 0.0180	 0.0100	 0.0040	 0.0050	 0.0040	 0.0030	 0.0050	 0.0050	 0.0060	 0.0030	 0.0020	 0.0010	 
2004.0000	 2.0000	 2.0000	 2.0000	 2.0000	 0.0000	 0.0000	 100.0000	 0.0023	 0.0288	 0.0654	 0.1205	 0.1669	 0.1665	 0.1024	 0.1029	 0.0866	 0.0658	 0.0533	 0.0301	 0.0077	 0.0008	 0.0001	 0.0000	 0.0000	 0.0000	 0.0000	 0.0000	 0.0000	 0.0000	 	 # 0.0160	 0.0310	 0.0400	 0.1040	 0.2380	 0.3080	 0.1340	 0.0500	 0.0380	 0.0170	 0.0080	 0.0060	 0.0030	 0.0020	 0.0010	 0.0010	 0.0010	 0.0010	 0.0010	 0.0000	 0.0000	 0.0000	 
2005.0000	 2.0000	 2.0000	 2.0000	 2.0000	 0.0000	 0.0000	 100.0000	 0.0045	 0.0108	 0.0205	 0.0446	 0.1113	 0.1708	 0.1685	 0.1691	 0.1306	 0.0826	 0.0531	 0.0264	 0.0065	 0.0007	 0.0001	 0.0000	 0.0000	 0.0000	 0.0000	 0.0000	 0.0000	 0.0000	 	 # 0.0050	 0.0060	 0.0100	 0.0260	 0.1250	 0.2570	 0.2420	 0.1290	 0.0910	 0.0450	 0.0220	 0.0120	 0.0060	 0.0060	 0.0030	 0.0050	 0.0040	 0.0020	 0.0020	 0.0020	 0.0020	 0.0010	 
2006.0000	 2.0000	 2.0000	 2.0000	 2.0000	 0.0000	 0.0000	 100.0000	 0.0041	 0.0109	 0.0167	 0.0285	 0.0804	 0.1388	 0.1457	 0.1712	 0.1450	 0.1092	 0.0870	 0.0487	 0.0124	 0.0013	 0.0001	 0.0000	 0.0000	 0.0000	 0.0000	 0.0000	 0.0000	 0.0000	 	 # 0.0000	 0.0010	 0.0010	 0.0090	 0.0270	 0.1200	 0.2540	 0.2810	 0.1780	 0.0760	 0.0260	 0.0090	 0.0040	 0.0040	 0.0010	 0.0030	 0.0020	 0.0000	 0.0010	 0.0000	 0.0010	 0.0010	 
2007.0000	 2.0000	 2.0000	 2.0000	 2.0000	 0.0000	 0.0000	 100.0000	 0.0007	 0.0040	 0.0105	 0.0301	 0.0802	 0.1364	 0.1411	 0.1708	 0.1470	 0.1145	 0.0949	 0.0542	 0.0138	 0.0015	 0.0001	 0.0001	 0.0001	 0.0000	 0.0000	 0.0000	 0.0000	 0.0000	 	 # 0.0000	 0.0020	 0.0020	 0.0090	 0.0380	 0.1220	 0.2420	 0.2290	 0.1740	 0.0790	 0.0330	 0.0170	 0.0150	 0.0110	 0.0100	 0.0070	 0.0060	 0.0030	 0.0010	 0.0010	 0.0000	 0.0000	 
2008.0000	 2.0000	 2.0000	 2.0000	 2.0000	 0.0000	 0.0000	 100.0000	 0.0095	 0.0200	 0.0237	 0.0216	 0.0704	 0.1290	 0.1389	 0.1687	 0.1449	 0.1123	 0.0928	 0.0529	 0.0135	 0.0014	 0.0001	 0.0001	 0.0001	 0.0000	 0.0000	 0.0000	 0.0000	 0.0000	 	 # 0.0050	 0.0070	 0.0060	 0.0120	 0.0470	 0.1200	 0.1730	 0.2030	 0.1910	 0.1170	 0.0420	 0.0210	 0.0170	 0.0120	 0.0100	 0.0050	 0.0040	 0.0020	 0.0030	 0.0000	 0.0020	 0.0000	 
2009.0000	 2.0000	 2.0000	 2.0000	 2.0000	 0.0000	 0.0000	 100.0000	 0.0292	 0.0643	 0.0728	 0.0348	 0.0757	 0.1169	 0.1136	 0.1382	 0.1201	 0.0950	 0.0801	 0.0460	 0.0118	 0.0013	 0.0001	 0.0001	 0.0000	 0.0000	 0.0000	 0.0000	 0.0000	 0.0000	 	 # 0.0010	 0.0020	 0.0030	 0.0070	 0.0390	 0.1840	 0.2790	 0.2170	 0.1600	 0.0620	 0.0180	 0.0060	 0.0050	 0.0040	 0.0040	 0.0020	 0.0030	 0.0020	 0.0010	 0.0010	 0.0000	 0.0010	 
2010.0000	 2.0000	 2.0000	 2.0000	 2.0000	 0.0000	 0.0000	 100.0000	 0.0078	 0.0298	 0.0528	 0.0798	 0.1282	 0.1522	 0.1185	 0.1286	 0.1081	 0.0814	 0.0654	 0.0368	 0.0094	 0.0010	 0.0001	 0.0000	 0.0000	 0.0000	 0.0000	 0.0000	 0.0000	 0.0000	 	 # 0.0020	 0.0250	 0.0110	 0.0410	 0.1460	 0.1730	 0.2140	 0.1410	 0.0950	 0.0480	 0.0280	 0.0160	 0.0080	 0.0060	 0.0080	 0.0050	 0.0070	 0.0060	 0.0040	 0.0090	 0.0030	 0.0030	 
2011.0000	 2.0000	 2.0000	 2.0000	 2.0000	 0.0000	 0.0000	 100.0000	 0.0047	 0.0134	 0.0245	 0.0467	 0.1065	 0.1595	 0.1540	 0.1628	 0.1305	 0.0894	 0.0642	 0.0342	 0.0086	 0.0009	 0.0001	 0.0000	 0.0000	 0.0000	 0.0000	 0.0000	 0.0000	 0.0000	 	 # 0.0010	 0.0030	 0.0060	 0.0410	 0.1140	 0.1240	 0.1210	 0.1740	 0.1940	 0.0990	 0.0410	 0.0130	 0.0060	 0.0040	 0.0050	 0.0050	 0.0130	 0.0130	 0.0080	 0.0040	 0.0040	 0.0050	 
2012.0000	 2.0000	 2.0000	 2.0000	 2.0000	 0.0000	 0.0000	 100.0000	 0.0069	 0.0166	 0.0232	 0.0312	 0.0833	 0.1396	 0.1441	 0.1670	 0.1406	 0.1049	 0.0831	 0.0464	 0.0118	 0.0012	 0.0001	 0.0000	 0.0000	 0.0000	 0.0000	 0.0000	 0.0000	 0.0000	 	 # 0.0020	 0.0010	 0.0040	 0.0110	 0.0360	 0.0990	 0.1530	 0.2090	 0.2090	 0.1420	 0.0660	 0.0280	 0.0110	 0.0060	 0.0060	 0.0040	 0.0010	 0.0020	 0.0020	 0.0030	 0.0030	 0.0010	 
2013.0000	 2.0000	 2.0000	 2.0000	 2.0000	 0.0000	 0.0000	 100.0000	 0.0013	 0.0067	 0.0152	 0.0361	 0.0865	 0.1393	 0.1395	 0.1663	 0.1425	 0.1100	 0.0904	 0.0514	 0.0131	 0.0014	 0.0001	 0.0001	 0.0000	 0.0000	 0.0000	 0.0000	 0.0000	 0.0000	 	 # 0.0040	 0.0290	 0.0230	 0.0220	 0.0660	 0.1410	 0.1270	 0.0980	 0.1120	 0.1300	 0.1300	 0.0600	 0.0250	 0.0090	 0.0080	 0.0050	 0.0050	 0.0040	 0.0020	 0.0010	 0.0010	 0.0010	 
2014.0000	 2.0000	 2.0000	 2.0000	 2.0000	 0.0000	 0.0000	 100.0000	 0.0035	 0.0082	 0.0130	 0.0256	 0.0775	 0.1372	 0.1454	 0.1730	 0.1470	 0.1121	 0.0911	 0.0515	 0.0131	 0.0014	 0.0001	 0.0001	 0.0001	 0.0000	 0.0000	 0.0000	 0.0000	 0.0000	 	 # 0.0020	 0.0230	 0.0230	 0.1020	 0.1640	 0.1410	 0.1690	 0.1160	 0.1150	 0.0800	 0.0250	 0.0090	 0.0090	 0.0050	 0.0020	 0.0030	 0.0020	 0.0010	 0.0030	 0.0030	 0.0010	 0.0020	 
2015.0000	 2.0000	 2.0000	 2.0000	 2.0000	 0.0000	 0.0000	 100.0000	 0.0149	 0.0325	 0.0376	 0.0252	 0.0711	 0.1244	 0.1307	 0.1601	 0.1383	 0.1083	 0.0904	 0.0517	 0.0132	 0.0014	 0.0001	 0.0001	 0.0001	 0.0000	 0.0000	 0.0000	 0.0000	 0.0000	 	 # 0.0080	 0.0150	 0.0230	 0.0760	 0.1240	 0.1370	 0.2130	 0.2210	 0.0890	 0.0530	 0.0170	 0.0080	 0.0030	 0.0040	 0.0040	 0.0010	 0.0020	 0.0020	 0.0010	 0.0000	 0.0000	 0.0010	 
2016.0000	 2.0000	 2.0000	 2.0000	 2.0000	 0.0000	 0.0000	 100.0000	 0.0413	 0.0907	 0.1021	 0.0430	 0.0817	 0.1141	 0.1031	 0.1213	 0.1042	 0.0812	 0.0676	 0.0386	 0.0098	 0.0010	 0.0001	 0.0000	 0.0000	 0.0000	 0.0000	 0.0000	 0.0000	 0.0000	 	 # 0.0020	 0.0060	 0.0320	 0.0640	 0.1150	 0.1940	 0.1600	 0.1150	 0.0870	 0.0700	 0.0460	 0.0380	 0.0200	 0.0120	 0.0140	 0.0060	 0.0110	 0.0040	 0.0040	 0.0020	 0.0000	 0.0000	 
2017.0000	 2.0000	 2.0000	 2.0000	 2.0000	 0.0000	 0.0000	 100.0000	 0.0469	 0.1096	 0.1323	 0.0775	 0.1167	 0.1280	 0.0909	 0.0927	 0.0763	 0.0555	 0.0430	 0.0237	 0.0060	 0.0006	 0.0001	 0.0000	 0.0000	 0.0000	 0.0000	 0.0000	 0.0000	 0.0000	 	 # 0.0030	 0.0070	 0.0450	 0.1690	 0.1590	 0.2020	 0.1290	 0.0990	 0.0530	 0.0410	 0.0270	 0.0100	 0.0130	 0.0080	 0.0080	 0.0100	 0.0030	 0.0010	 0.0050	 0.0000	 0.0030	 0.0040	 
2018.0000	 2.0000	 2.0000	 2.0000	 2.0000	 0.0000	 0.0000	 100.0000	 0.0006	 0.0043	 0.0135	 0.0479	 0.1356	 0.1995	 0.1479	 0.1558	 0.1223	 0.0807	 0.0553	 0.0285	 0.0071	 0.0007	 0.0001	 0.0000	 0.0000	 0.0000	 0.0000	 0.0000	 0.0000	 0.0000	 	 # 0.0040	 0.0060	 0.0080	 0.0530	 0.1340	 0.2930	 0.2400	 0.1380	 0.0690	 0.0200	 0.0070	 0.0080	 0.0040	 0.0050	 0.0030	 0.0010	 0.0020	 0.0010	 0.0000	 0.0010	 0.0000	 0.0010	 
2019.0000	 2.0000	 2.0000	 2.0000	 2.0000	 0.0000	 0.0000	 100.0000	 0.0000	 0.0010	 0.0071	 0.0396	 0.1307	 0.2014	 0.1516	 0.1620	 0.1272	 0.0840	 0.0575	 0.0297	 0.0074	 0.0008	 0.0001	 0.0000	 0.0000	 0.0000	 0.0000	 0.0000	 0.0000	 0.0000	 	 # 0.0020	 0.0040	 0.0090	 0.0270	 0.1270	 0.2980	 0.2260	 0.1550	 0.0760	 0.0260	 0.0170	 0.0140	 0.0080	 0.0060	 0.0020	 0.0010	 0.0010	 0.0010	 0.0000	 0.0000	 0.0010	 0.0000	 
2020.0000	 2.0000	 2.0000	 2.0000	 2.0000	 0.0000	 0.0000	 100.0000	 0.0108	 0.0229	 0.0286	 0.0373	 0.1234	 0.1903	 0.1433	 0.1532	 0.1203	 0.0795	 0.0544	 0.0281	 0.0070	 0.0007	 0.0001	 0.0000	 0.0000	 0.0000	 0.0000	 0.0000	 0.0000	 0.0000	 	 # 0.0080	 0.0120	 0.0150	 0.0480	 0.1810	 0.2960	 0.2070	 0.0960	 0.0550	 0.0170	 0.0120	 0.0150	 0.0120	 0.0080	 0.0070	 0.0070	 0.0000	 0.0020	 0.0020	 0.0000	 0.0000	 0.0010	 
2021.0000	 2.0000	 2.0000	 2.0000	 2.0000	 0.0000	 0.0000	 100.0000	 0.0134	 0.0340	 0.0477	 0.0598	 0.1391	 0.1884	 0.1295	 0.1343	 0.1053	 0.0696	 0.0477	 0.0246	 0.0061	 0.0006	 0.0000	 0.0000	 0.0000	 0.0000	 0.0000	 0.0000	 0.0000	 0.0000	 	 # 0.0000	 0.0190	 0.0410	 0.0560	 0.0710	 0.1520	 0.1000	 0.1600	 0.1040	 0.0670	 0.0480	 0.0300	 0.0450	 0.0220	 0.0330	 0.0190	 0.0220	 0.0000	 0.0040	 0.0040	 0.0040	 0.0000	 
2022.0000	 2.0000	 2.0000	 2.0000	 2.0000	 0.0000	 0.0000	 100.0000	 0.0189	 0.0455	 0.0605	 0.0628	 0.1374	 0.1827	 0.1326	 0.1313	 0.1005	 0.0630	 0.0399	 0.0196	 0.0048	 0.0005	 0.0000	 0.0000	 0.0000	 0.0000	 0.0000	 0.0000	 0.0000	 0.0000	 	 # 0.0100	 0.0550	 0.0390	 0.0740	 0.1410	 0.1190	 0.1610	 0.1160	 0.0770	 0.0420	 0.0640	 0.0290	 0.0350	 0.0160	 0.0030	 0.0060	 0.0060	 0.0060	 0.0000	 0.0000	 0.0000	 0.0000	 
2023.0000	 2.0000	 2.0000	 2.0000	 2.0000	 0.0000	 0.0000	 100.0000	 0.0559	 0.1207	 0.1337	 0.0520	 0.1046	 0.1362	 0.1027	 0.1032	 0.0806	 0.0525	 0.0351	 0.0179	 0.0044	 0.0005	 0.0000	 0.0000	 0.0000	 0.0000	 0.0000	 0.0000	 0.0000	 0.0000	 	 # 0.0830	 0.0920	 0.0760	 0.0710	 0.1380	 0.1120	 0.1010	 0.1360	 0.0820	 0.0320	 0.0320	 0.0140	 0.0080	 0.0110	 0.0040	 0.0040	 0.0040	 0.0010	 0.0000	 0.0000	 0.0000	 0.0010	 
2024.0000	 2.0000	 2.0000	 2.0000	 2.0000	 0.0000	 0.0000	 100.0000	 0.0021	 0.0270	 0.0633	 0.1225	 0.1811	 0.1866	 0.1128	 0.1042	 0.0821	 0.0549	 0.0381	 0.0198	 0.0049	 0.0005	 0.0000	 0.0000	 0.0000	 0.0000	 0.0000	 0.0000	 0.0000	 0.0000	 	 # 0.0050	 0.0540	 0.0820	 0.0390	 0.1140	 0.1350	 0.1660	 0.1630	 0.0580	 0.0670	 0.0490	 0.0230	 0.0170	 0.0090	 0.0090	 0.0030	 0.0030	 0.0010	 0.0010	 0.0010	 0.0010	 0.0010	 
2025.0000	 2.0000	 2.0000	 2.0000	 2.0000	 0.0000	 0.0000	 100.0000	 0.0005	 0.0025	 0.0124	 0.0463	 0.1188	 0.1811	 0.1725	 0.1716	 0.1314	 0.0813	 0.0504	 0.0244	 0.0059	 0.0006	 0.0000	 0.0000	 0.0000	 0.0000	 0.0000	 0.0000	 0.0000	 0.0000	 	 # 0.0000	 0.0000	 0.0000	 0.0120	 0.0980	 0.2290	 0.2820	 0.1700	 0.0960	 0.0740	 0.0190	 0.0090	 0.0050	 0.0010	 0.0010	 0.0010	 0.0010	 0.0000	 0.0000	 0.0000	 0.0000	 0.0000	 
1991.0000	 2.0000	 2.0000	 1.0000	 2.0000	 0.0000	 0.0000	 100.0000	 0.0017	 0.0036	 0.0040	 0.0015	 0.0027	 0.0049	 0.0088	 0.0141	 0.0202	 0.0286	 0.0395	 0.0514	 0.0669	 0.0906	 0.1208	 0.1150	 0.1020	 0.0918	 0.0824	 0.0681	 0.0489	 0.0327	 	 # 0.0150	 0.0180	 0.0120	 0.0210	 0.0230	 0.0210	 0.0210	 0.0220	 0.0200	 0.0220	 0.0350	 0.0440	 0.0660	 0.0920	 0.0900	 0.0770	 0.0720	 0.0790	 0.0900	 0.0690	 0.0510	 0.0410	 
1992.0000	 2.0000	 2.0000	 1.0000	 2.0000	 0.0000	 0.0000	 100.0000	 0.0023	 0.0060	 0.0087	 0.0071	 0.0083	 0.0076	 0.0098	 0.0153	 0.0224	 0.0326	 0.0455	 0.0587	 0.0736	 0.0955	 0.1211	 0.0977	 0.0792	 0.0697	 0.0659	 0.0621	 0.0554	 0.0555	 	 # 0.0110	 0.0550	 0.0750	 0.0970	 0.1200	 0.0680	 0.0670	 0.0520	 0.0420	 0.0290	 0.0360	 0.0270	 0.0280	 0.0260	 0.0350	 0.0330	 0.0390	 0.0560	 0.0430	 0.0330	 0.0190	 0.0090	 
1993.0000	 2.0000	 2.0000	 1.0000	 2.0000	 0.0000	 0.0000	 100.0000	 0.0003	 0.0026	 0.0071	 0.0133	 0.0186	 0.0208	 0.0245	 0.0291	 0.0325	 0.0401	 0.0532	 0.0687	 0.0867	 0.1123	 0.1369	 0.0935	 0.0668	 0.0535	 0.0465	 0.0394	 0.0300	 0.0236	 	 # 0.0000	 0.0010	 0.0020	 0.0230	 0.0470	 0.0730	 0.1200	 0.1040	 0.0640	 0.0530	 0.0440	 0.0310	 0.0280	 0.0360	 0.0490	 0.0690	 0.0760	 0.0700	 0.0580	 0.0300	 0.0130	 0.0100	 
1994.0000	 2.0000	 2.0000	 1.0000	 2.0000	 0.0000	 0.0000	 100.0000	 0.0004	 0.0010	 0.0025	 0.0060	 0.0135	 0.0238	 0.0355	 0.0454	 0.0520	 0.0604	 0.0707	 0.0801	 0.0891	 0.1041	 0.1182	 0.0751	 0.0558	 0.0481	 0.0432	 0.0356	 0.0247	 0.0153	 	 # 0.0000	 0.0000	 0.0000	 0.0020	 0.0020	 0.0180	 0.0240	 0.0390	 0.0560	 0.0730	 0.0710	 0.0570	 0.0540	 0.0650	 0.0680	 0.0820	 0.1010	 0.1060	 0.0750	 0.0510	 0.0310	 0.0250	 
1995.0000	 2.0000	 2.0000	 1.0000	 2.0000	 0.0000	 0.0000	 100.0000	 0.0002	 0.0007	 0.0014	 0.0026	 0.0067	 0.0153	 0.0293	 0.0447	 0.0597	 0.0750	 0.0888	 0.0986	 0.1057	 0.1162	 0.1226	 0.0753	 0.0509	 0.0368	 0.0275	 0.0198	 0.0132	 0.0090	 	 # 0.0010	 0.0030	 0.0010	 0.0050	 0.0150	 0.0300	 0.0530	 0.0730	 0.0950	 0.0940	 0.1120	 0.1000	 0.0980	 0.0790	 0.0650	 0.0500	 0.0370	 0.0350	 0.0260	 0.0150	 0.0090	 0.0060	 
1996.0000	 2.0000	 2.0000	 1.0000	 2.0000	 0.0000	 0.0000	 100.0000	 0.0001	 0.0004	 0.0008	 0.0014	 0.0033	 0.0073	 0.0146	 0.0234	 0.0347	 0.0498	 0.0681	 0.0868	 0.1058	 0.1254	 0.1377	 0.1010	 0.0761	 0.0581	 0.0442	 0.0313	 0.0192	 0.0107	 	 # 0.0000	 0.0010	 0.0010	 0.0020	 0.0020	 0.0080	 0.0280	 0.0590	 0.0880	 0.0930	 0.0830	 0.0670	 0.0720	 0.0880	 0.0950	 0.0870	 0.0720	 0.0610	 0.0440	 0.0260	 0.0130	 0.0100	 
1997.0000	 2.0000	 2.0000	 1.0000	 2.0000	 0.0000	 0.0000	 100.0000	 0.0003	 0.0006	 0.0009	 0.0009	 0.0021	 0.0048	 0.0095	 0.0150	 0.0219	 0.0317	 0.0442	 0.0577	 0.0740	 0.0998	 0.1246	 0.1110	 0.1019	 0.0924	 0.0798	 0.0623	 0.0413	 0.0234	 	 # 0.0020	 0.0060	 0.0060	 0.0110	 0.0080	 0.0120	 0.0300	 0.0520	 0.0730	 0.0810	 0.0720	 0.0550	 0.0510	 0.0540	 0.0650	 0.0730	 0.0820	 0.0940	 0.0820	 0.0540	 0.0260	 0.0110	 
1998.0000	 2.0000	 2.0000	 1.0000	 2.0000	 0.0000	 0.0000	 100.0000	 0.0004	 0.0011	 0.0017	 0.0019	 0.0035	 0.0063	 0.0118	 0.0185	 0.0269	 0.0386	 0.0532	 0.0677	 0.0844	 0.1127	 0.1358	 0.0983	 0.0772	 0.0650	 0.0594	 0.0542	 0.0446	 0.0370	 	 # 0.0020	 0.0020	 0.0040	 0.0080	 0.0070	 0.0070	 0.0150	 0.0260	 0.0410	 0.0520	 0.0560	 0.0570	 0.0630	 0.0850	 0.1050	 0.1010	 0.1010	 0.0920	 0.0790	 0.0550	 0.0270	 0.0160	 
1999.0000	 2.0000	 2.0000	 1.0000	 2.0000	 0.0000	 0.0000	 100.0000	 0.0008	 0.0020	 0.0028	 0.0026	 0.0047	 0.0081	 0.0139	 0.0207	 0.0287	 0.0402	 0.0548	 0.0691	 0.0849	 0.1104	 0.1267	 0.0801	 0.0647	 0.0638	 0.0674	 0.0647	 0.0518	 0.0371	 	 # 0.0000	 0.0010	 0.0050	 0.0080	 0.0090	 0.0160	 0.0320	 0.0490	 0.0550	 0.0570	 0.0530	 0.0480	 0.0530	 0.0660	 0.0800	 0.0850	 0.1020	 0.1070	 0.0900	 0.0530	 0.0210	 0.0090	 
2000.0000	 2.0000	 2.0000	 1.0000	 2.0000	 0.0000	 0.0000	 100.0000	 0.0005	 0.0016	 0.0030	 0.0041	 0.0062	 0.0092	 0.0151	 0.0225	 0.0312	 0.0426	 0.0563	 0.0690	 0.0826	 0.1049	 0.1197	 0.0780	 0.0665	 0.0649	 0.0654	 0.0613	 0.0508	 0.0447	 	 # 0.0010	 0.0010	 0.0020	 0.0040	 0.0080	 0.0190	 0.0320	 0.0410	 0.0490	 0.0630	 0.0570	 0.0480	 0.0460	 0.0530	 0.0640	 0.0820	 0.1020	 0.1170	 0.1040	 0.0610	 0.0270	 0.0170	 
2001.0000	 2.0000	 2.0000	 1.0000	 2.0000	 0.0000	 0.0000	 100.0000	 0.0001	 0.0007	 0.0019	 0.0038	 0.0070	 0.0117	 0.0189	 0.0269	 0.0359	 0.0483	 0.0642	 0.0791	 0.0947	 0.1178	 0.1307	 0.0838	 0.0660	 0.0555	 0.0486	 0.0413	 0.0328	 0.0304	 	 # 0.0010	 0.0010	 0.0030	 0.0020	 0.0020	 0.0040	 0.0160	 0.0350	 0.0550	 0.0700	 0.0690	 0.0540	 0.0490	 0.0560	 0.0770	 0.0900	 0.1060	 0.1110	 0.0970	 0.0610	 0.0250	 0.0160	 
2002.0000	 2.0000	 2.0000	 1.0000	 2.0000	 0.0000	 0.0000	 100.0000	 0.0034	 0.0070	 0.0075	 0.0019	 0.0045	 0.0097	 0.0179	 0.0276	 0.0386	 0.0521	 0.0681	 0.0824	 0.0982	 0.1216	 0.1357	 0.0905	 0.0695	 0.0547	 0.0431	 0.0317	 0.0206	 0.0137	 	 # 0.0000	 0.0000	 0.0010	 0.0020	 0.0040	 0.0100	 0.0170	 0.0220	 0.0310	 0.0370	 0.0450	 0.0520	 0.0630	 0.0860	 0.1210	 0.1320	 0.1250	 0.1060	 0.0770	 0.0430	 0.0160	 0.0110	 
2003.0000	 2.0000	 2.0000	 1.0000	 2.0000	 0.0000	 0.0000	 100.0000	 0.0022	 0.0062	 0.0095	 0.0088	 0.0099	 0.0084	 0.0108	 0.0179	 0.0274	 0.0398	 0.0547	 0.0690	 0.0850	 0.1066	 0.1221	 0.0957	 0.0827	 0.0731	 0.0637	 0.0507	 0.0344	 0.0213	 	 # 0.0010	 0.0430	 0.0220	 0.0090	 0.0040	 0.0060	 0.0150	 0.0290	 0.0440	 0.0500	 0.0510	 0.0500	 0.0590	 0.0690	 0.0880	 0.1040	 0.1070	 0.1020	 0.0750	 0.0460	 0.0180	 0.0080	 
2004.0000	 2.0000	 2.0000	 1.0000	 2.0000	 0.0000	 0.0000	 100.0000	 0.0020	 0.0052	 0.0082	 0.0086	 0.0125	 0.0148	 0.0180	 0.0209	 0.0228	 0.0278	 0.0375	 0.0494	 0.0641	 0.0854	 0.1059	 0.0968	 0.0943	 0.0898	 0.0821	 0.0683	 0.0498	 0.0357	 	 # 0.0030	 0.0040	 0.0050	 0.0110	 0.0230	 0.0310	 0.0340	 0.0500	 0.0520	 0.0500	 0.0500	 0.0490	 0.0530	 0.0610	 0.0720	 0.0820	 0.0820	 0.0900	 0.0890	 0.0600	 0.0330	 0.0140	 
2005.0000	 2.0000	 2.0000	 1.0000	 2.0000	 0.0000	 0.0000	 100.0000	 0.0024	 0.0060	 0.0084	 0.0072	 0.0108	 0.0140	 0.0194	 0.0262	 0.0318	 0.0379	 0.0436	 0.0475	 0.0518	 0.0621	 0.0770	 0.0785	 0.0850	 0.0889	 0.0895	 0.0826	 0.0685	 0.0607	 	 # 0.0000	 0.0010	 0.0010	 0.0020	 0.0080	 0.0120	 0.0160	 0.0340	 0.0500	 0.0540	 0.0670	 0.0770	 0.0800	 0.0640	 0.0670	 0.0690	 0.0750	 0.0840	 0.0880	 0.0790	 0.0430	 0.0290	 
2006.0000	 2.0000	 2.0000	 1.0000	 2.0000	 0.0000	 0.0000	 100.0000	 0.0004	 0.0023	 0.0053	 0.0087	 0.0120	 0.0140	 0.0189	 0.0264	 0.0342	 0.0439	 0.0550	 0.0650	 0.0744	 0.0858	 0.0969	 0.0899	 0.0829	 0.0736	 0.0649	 0.0557	 0.0456	 0.0443	 	 # 0.0000	 0.0000	 0.0000	 0.0000	 0.0010	 0.0030	 0.0070	 0.0180	 0.0280	 0.0310	 0.0350	 0.0470	 0.0610	 0.0710	 0.0880	 0.1190	 0.1370	 0.1370	 0.0990	 0.0630	 0.0330	 0.0210	 
2007.0000	 2.0000	 2.0000	 1.0000	 2.0000	 0.0000	 0.0000	 100.0000	 0.0004	 0.0011	 0.0023	 0.0041	 0.0085	 0.0141	 0.0201	 0.0263	 0.0327	 0.0426	 0.0548	 0.0664	 0.0778	 0.0925	 0.1098	 0.1040	 0.0927	 0.0791	 0.0651	 0.0492	 0.0331	 0.0234	 	 # 0.0000	 0.0000	 0.0000	 0.0010	 0.0020	 0.0050	 0.0120	 0.0260	 0.0360	 0.0450	 0.0480	 0.0640	 0.0820	 0.0790	 0.0950	 0.1180	 0.1280	 0.1050	 0.0710	 0.0420	 0.0210	 0.0180	 
2008.0000	 2.0000	 2.0000	 1.0000	 2.0000	 0.0000	 0.0000	 100.0000	 0.0009	 0.0020	 0.0026	 0.0020	 0.0043	 0.0083	 0.0139	 0.0222	 0.0315	 0.0422	 0.0537	 0.0639	 0.0768	 0.0946	 0.1139	 0.1082	 0.0957	 0.0808	 0.0672	 0.0531	 0.0373	 0.0250	 	 # 0.0000	 0.0010	 0.0000	 0.0010	 0.0010	 0.0020	 0.0070	 0.0200	 0.0300	 0.0340	 0.0340	 0.0390	 0.0460	 0.0600	 0.0910	 0.1410	 0.1670	 0.1440	 0.0940	 0.0530	 0.0220	 0.0120	 
2009.0000	 2.0000	 2.0000	 1.0000	 2.0000	 0.0000	 0.0000	 100.0000	 0.0011	 0.0028	 0.0037	 0.0027	 0.0039	 0.0053	 0.0082	 0.0138	 0.0212	 0.0300	 0.0410	 0.0520	 0.0656	 0.0845	 0.1063	 0.1088	 0.1040	 0.0967	 0.0873	 0.0722	 0.0523	 0.0366	 	 # 0.0000	 0.0010	 0.0000	 0.0010	 0.0010	 0.0020	 0.0070	 0.0170	 0.0240	 0.0300	 0.0390	 0.0510	 0.0700	 0.0920	 0.1140	 0.1220	 0.1250	 0.1100	 0.0920	 0.0610	 0.0280	 0.0140	 
2010.0000	 2.0000	 2.0000	 1.0000	 2.0000	 0.0000	 0.0000	 100.0000	 0.0002	 0.0010	 0.0025	 0.0043	 0.0060	 0.0069	 0.0089	 0.0127	 0.0173	 0.0235	 0.0323	 0.0425	 0.0563	 0.0763	 0.1010	 0.1076	 0.1066	 0.1015	 0.0939	 0.0808	 0.0634	 0.0546	 	 # 0.0010	 0.0030	 0.0010	 0.0030	 0.0060	 0.0090	 0.0190	 0.0320	 0.0300	 0.0240	 0.0290	 0.0330	 0.0420	 0.0600	 0.0760	 0.0900	 0.1000	 0.1150	 0.1260	 0.1080	 0.0620	 0.0320	 
2011.0000	 2.0000	 2.0000	 1.0000	 2.0000	 0.0000	 0.0000	 100.0000	 0.0004	 0.0009	 0.0016	 0.0025	 0.0053	 0.0093	 0.0137	 0.0182	 0.0222	 0.0272	 0.0344	 0.0420	 0.0523	 0.0691	 0.0924	 0.0987	 0.0991	 0.0963	 0.0928	 0.0846	 0.0709	 0.0662	 	 # 0.0000	 0.0010	 0.0010	 0.0060	 0.0120	 0.0070	 0.0130	 0.0240	 0.0280	 0.0270	 0.0340	 0.0380	 0.0380	 0.0440	 0.0600	 0.0790	 0.0920	 0.1200	 0.1290	 0.1210	 0.0750	 0.0490	 
2012.0000	 2.0000	 2.0000	 1.0000	 2.0000	 0.0000	 0.0000	 100.0000	 0.0003	 0.0009	 0.0016	 0.0024	 0.0047	 0.0088	 0.0156	 0.0248	 0.0342	 0.0438	 0.0536	 0.0625	 0.0730	 0.0907	 0.1132	 0.1038	 0.0878	 0.0726	 0.0626	 0.0540	 0.0447	 0.0445	 	 # 0.0000	 0.0010	 0.0010	 0.0020	 0.0040	 0.0140	 0.0400	 0.0570	 0.0440	 0.0330	 0.0430	 0.0520	 0.0500	 0.0450	 0.0590	 0.0790	 0.0930	 0.0980	 0.1060	 0.0880	 0.0530	 0.0370	 
2013.0000	 2.0000	 2.0000	 1.0000	 2.0000	 0.0000	 0.0000	 100.0000	 0.0011	 0.0025	 0.0031	 0.0021	 0.0043	 0.0081	 0.0145	 0.0232	 0.0333	 0.0453	 0.0597	 0.0751	 0.0957	 0.1229	 0.1471	 0.1154	 0.0812	 0.0561	 0.0403	 0.0295	 0.0212	 0.0182	 	 # 0.0010	 0.0040	 0.0020	 0.0020	 0.0020	 0.0040	 0.0090	 0.0200	 0.0240	 0.0320	 0.0500	 0.0640	 0.0640	 0.0670	 0.0920	 0.1110	 0.1160	 0.1060	 0.0930	 0.0730	 0.0410	 0.0240	 
2014.0000	 2.0000	 2.0000	 1.0000	 2.0000	 0.0000	 0.0000	 100.0000	 0.0010	 0.0029	 0.0046	 0.0049	 0.0069	 0.0090	 0.0143	 0.0228	 0.0330	 0.0454	 0.0608	 0.0772	 0.0989	 0.1279	 0.1500	 0.1015	 0.0690	 0.0526	 0.0436	 0.0347	 0.0240	 0.0149	 	 # 0.0020	 0.0030	 0.0020	 0.0080	 0.0130	 0.0100	 0.0160	 0.0240	 0.0320	 0.0430	 0.0460	 0.0480	 0.0510	 0.0620	 0.0890	 0.1250	 0.1280	 0.1060	 0.0850	 0.0600	 0.0320	 0.0160	 
2015.0000	 2.0000	 2.0000	 1.0000	 2.0000	 0.0000	 0.0000	 100.0000	 0.0129	 0.0269	 0.0288	 0.0060	 0.0098	 0.0138	 0.0200	 0.0278	 0.0359	 0.0464	 0.0606	 0.0755	 0.0959	 0.1242	 0.1396	 0.0799	 0.0539	 0.0429	 0.0363	 0.0292	 0.0204	 0.0133	 	 # 0.0020	 0.0010	 0.0050	 0.0160	 0.0170	 0.0190	 0.0450	 0.0650	 0.0510	 0.0510	 0.0540	 0.0670	 0.0590	 0.0500	 0.0540	 0.0580	 0.0630	 0.0570	 0.0630	 0.0820	 0.0720	 0.0510	 
2016.0000	 2.0000	 2.0000	 1.0000	 2.0000	 0.0000	 0.0000	 100.0000	 0.0069	 0.0225	 0.0379	 0.0407	 0.0442	 0.0296	 0.0241	 0.0320	 0.0411	 0.0515	 0.0636	 0.0749	 0.0891	 0.1087	 0.1140	 0.0590	 0.0407	 0.0343	 0.0307	 0.0256	 0.0179	 0.0110	 	 # 0.0010	 0.0010	 0.0030	 0.0070	 0.0120	 0.0210	 0.0340	 0.0440	 0.0430	 0.0480	 0.0650	 0.0730	 0.0780	 0.0850	 0.0890	 0.0890	 0.0780	 0.0640	 0.0500	 0.0480	 0.0380	 0.0280	 
2017.0000	 2.0000	 2.0000	 1.0000	 2.0000	 0.0000	 0.0000	 100.0000	 0.0009	 0.0055	 0.0155	 0.0309	 0.0487	 0.0604	 0.0690	 0.0699	 0.0603	 0.0549	 0.0597	 0.0690	 0.0814	 0.0951	 0.0964	 0.0546	 0.0381	 0.0292	 0.0231	 0.0175	 0.0118	 0.0082	 	 # 0.0010	 0.0010	 0.0060	 0.0130	 0.0260	 0.0320	 0.0400	 0.0430	 0.0410	 0.0440	 0.0460	 0.0510	 0.0580	 0.0830	 0.1000	 0.0920	 0.0840	 0.0770	 0.0610	 0.0480	 0.0340	 0.0180	 
2018.0000	 2.0000	 2.0000	 1.0000	 2.0000	 0.0000	 0.0000	 100.0000	 0.0002	 0.0009	 0.0035	 0.0101	 0.0232	 0.0423	 0.0653	 0.0842	 0.0957	 0.1017	 0.1045	 0.1002	 0.0916	 0.0851	 0.0754	 0.0408	 0.0260	 0.0182	 0.0132	 0.0091	 0.0056	 0.0033	 	 # 0.0000	 0.0000	 0.0010	 0.0030	 0.0160	 0.0760	 0.1500	 0.1660	 0.1300	 0.1050	 0.0890	 0.0710	 0.0530	 0.0390	 0.0350	 0.0240	 0.0160	 0.0100	 0.0060	 0.0050	 0.0020	 0.0020	 
2019.0000	 2.0000	 2.0000	 1.0000	 2.0000	 0.0000	 0.0000	 100.0000	 0.0003	 0.0006	 0.0008	 0.0013	 0.0040	 0.0105	 0.0217	 0.0356	 0.0505	 0.0683	 0.0870	 0.1030	 0.1148	 0.1249	 0.1282	 0.0957	 0.0651	 0.0405	 0.0241	 0.0136	 0.0068	 0.0029	 	 # 0.0030	 0.0080	 0.0100	 0.0140	 0.0180	 0.0240	 0.0440	 0.0680	 0.0940	 0.1150	 0.1170	 0.1000	 0.0930	 0.0830	 0.0670	 0.0550	 0.0340	 0.0230	 0.0140	 0.0080	 0.0040	 0.0040	 
2020.0000	 2.0000	 2.0000	 1.0000	 2.0000	 0.0000	 0.0000	 100.0000	 0.0001	 0.0004	 0.0008	 0.0013	 0.0033	 0.0083	 0.0180	 0.0312	 0.0463	 0.0669	 0.0904	 0.1107	 0.1242	 0.1366	 0.1398	 0.0815	 0.0485	 0.0336	 0.0253	 0.0176	 0.0101	 0.0048	 	 # 0.0000	 0.0010	 0.0020	 0.0030	 0.0040	 0.0120	 0.0220	 0.0350	 0.0410	 0.0550	 0.0670	 0.0970	 0.1150	 0.1320	 0.1340	 0.1080	 0.0770	 0.0510	 0.0240	 0.0110	 0.0050	 0.0040	 
2021.0000	 2.0000	 2.0000	 1.0000	 2.0000	 0.0000	 0.0000	 100.0000	 0.0057	 0.0117	 0.0121	 0.0013	 0.0031	 0.0074	 0.0154	 0.0256	 0.0371	 0.0541	 0.0746	 0.0945	 0.1099	 0.1242	 0.1286	 0.0758	 0.0561	 0.0507	 0.0453	 0.0347	 0.0210	 0.0108	 	 # 0.0010	 0.0020	 0.0040	 0.0040	 0.0040	 0.0040	 0.0090	 0.0150	 0.0230	 0.0310	 0.0500	 0.0880	 0.1410	 0.1580	 0.1550	 0.1260	 0.0910	 0.0530	 0.0240	 0.0090	 0.0040	 0.0040	 
2022.0000	 2.0000	 2.0000	 1.0000	 2.0000	 0.0000	 0.0000	 100.0000	 0.0076	 0.0188	 0.0248	 0.0158	 0.0170	 0.0120	 0.0123	 0.0192	 0.0275	 0.0395	 0.0535	 0.0666	 0.0767	 0.0877	 0.0951	 0.0664	 0.0637	 0.0692	 0.0712	 0.0641	 0.0501	 0.0413	 	 # 0.0010	 0.0030	 0.0050	 0.0060	 0.0070	 0.0120	 0.0170	 0.0220	 0.0250	 0.0350	 0.0470	 0.0640	 0.0770	 0.1170	 0.1560	 0.1410	 0.1170	 0.0820	 0.0420	 0.0150	 0.0040	 0.0030	 
2023.0000	 2.0000	 2.0000	 1.0000	 2.0000	 0.0000	 0.0000	 100.0000	 0.0137	 0.0325	 0.0422	 0.0280	 0.0360	 0.0349	 0.0344	 0.0354	 0.0324	 0.0342	 0.0415	 0.0505	 0.0582	 0.0671	 0.0744	 0.0562	 0.0569	 0.0630	 0.0646	 0.0584	 0.0460	 0.0396	 	 # 0.0080	 0.0120	 0.0250	 0.0340	 0.0540	 0.0630	 0.0890	 0.0980	 0.0750	 0.0580	 0.0470	 0.0430	 0.0480	 0.0570	 0.0670	 0.0680	 0.0610	 0.0450	 0.0270	 0.0130	 0.0060	 0.0030	 
2024.0000	 2.0000	 2.0000	 1.0000	 2.0000	 0.0000	 0.0000	 100.0000	 0.0044	 0.0160	 0.0307	 0.0410	 0.0521	 0.0508	 0.0545	 0.0635	 0.0664	 0.0677	 0.0687	 0.0659	 0.0596	 0.0559	 0.0549	 0.0404	 0.0390	 0.0409	 0.0402	 0.0354	 0.0277	 0.0242	 	 # 0.0000	 0.0080	 0.0190	 0.0270	 0.0770	 0.0760	 0.0560	 0.0580	 0.0430	 0.0310	 0.0330	 0.0440	 0.0600	 0.0660	 0.0790	 0.0880	 0.0810	 0.0610	 0.0430	 0.0270	 0.0120	 0.0090	 
2025.0000	 2.0000	 2.0000	 1.0000	 2.0000	 0.0000	 0.0000	 100.0000	 0.0015	 0.0048	 0.0099	 0.0167	 0.0298	 0.0423	 0.0542	 0.0629	 0.0656	 0.0698	 0.0772	 0.0830	 0.0859	 0.0861	 0.0825	 0.0663	 0.0529	 0.0401	 0.0285	 0.0191	 0.0120	 0.0088	 	 # 0.0000	 0.0000	 0.0020	 0.0100	 0.0110	 0.0160	 0.0480	 0.0740	 0.0820	 0.0660	 0.0700	 0.0720	 0.0740	 0.0770	 0.0810	 0.0810	 0.0820	 0.0580	 0.0410	 0.0320	 0.0120	 0.0120	 
1982.0000	 1.0000	 3.0000	 2.0000	 2.0000	 0.0000	 2.0000	 100.0000	 0.0198	 0.0494	 0.0683	 0.1546	 0.1668	 0.4035	 0.1377	 0.0000	 0.0000	 0.0000	 0.0000	 0.0000	 0.0000	 0.0000	 0.0000	 0.0000	 0.0000	 0.0000	 0.0000	 0.0000	 0.0000	 0.0000	 	 # 0.0173	 0.0459	 0.0064	 0.0399	 0.1556	 0.4779	 0.1960	 0.0472	 0.0114	 0.0019	 0.0000	 0.0004	 0.0000	 0.0000	 0.0000	 0.0000	 0.0000	 0.0000	 0.0000	 0.0000	 0.0000	 0.0000	 
1983.0000	 1.0000	 3.0000	 2.0000	 2.0000	 0.0000	 2.0000	 100.0000	 0.0580	 0.2078	 0.2038	 0.1658	 0.2019	 0.1121	 0.0505	 0.0000	 0.0000	 0.0000	 0.0000	 0.0000	 0.0000	 0.0000	 0.0000	 0.0000	 0.0000	 0.0000	 0.0000	 0.0000	 0.0000	 0.0000	 	 # 0.3308	 0.2434	 0.0310	 0.0259	 0.1804	 0.1546	 0.0275	 0.0060	 0.0004	 0.0000	 0.0000	 0.0000	 0.0000	 0.0000	 0.0000	 0.0000	 0.0000	 0.0000	 0.0000	 0.0000	 0.0000	 0.0000	 
1984.0000	 1.0000	 3.0000	 2.0000	 2.0000	 0.0000	 2.0000	 100.0000	 0.0270	 0.1102	 0.1273	 0.2925	 0.2898	 0.1216	 0.0315	 0.0000	 0.0000	 0.0000	 0.0000	 0.0000	 0.0000	 0.0000	 0.0000	 0.0000	 0.0000	 0.0000	 0.0000	 0.0000	 0.0000	 0.0000	 	 # 0.0685	 0.1187	 0.0882	 0.2453	 0.3720	 0.0916	 0.0135	 0.0018	 0.0001	 0.0002	 0.0000	 0.0000	 0.0000	 0.0000	 0.0000	 0.0000	 0.0000	 0.0000	 0.0000	 0.0000	 0.0000	 0.0000	 
1985.0000	 1.0000	 3.0000	 2.0000	 2.0000	 0.0000	 2.0000	 100.0000	 0.0591	 0.2069	 0.2042	 0.1777	 0.1983	 0.1064	 0.0473	 0.0000	 0.0000	 0.0000	 0.0000	 0.0000	 0.0000	 0.0000	 0.0000	 0.0000	 0.0000	 0.0000	 0.0000	 0.0000	 0.0000	 0.0000	 	 # 0.0567	 0.1626	 0.1552	 0.3429	 0.1702	 0.0833	 0.0245	 0.0041	 0.0004	 0.0000	 0.0000	 0.0000	 0.0000	 0.0000	 0.0000	 0.0000	 0.0000	 0.0000	 0.0000	 0.0000	 0.0000	 0.0000	 
1986.0000	 1.0000	 3.0000	 2.0000	 2.0000	 0.0000	 2.0000	 100.0000	 0.0342	 0.1331	 0.1462	 0.2715	 0.2700	 0.1145	 0.0303	 0.0000	 0.0000	 0.0000	 0.0000	 0.0000	 0.0000	 0.0000	 0.0000	 0.0000	 0.0000	 0.0000	 0.0000	 0.0000	 0.0000	 0.0000	 	 # 0.0171	 0.1019	 0.1363	 0.3079	 0.2307	 0.1123	 0.0774	 0.0138	 0.0018	 0.0009	 0.0000	 0.0000	 0.0000	 0.0000	 0.0000	 0.0000	 0.0000	 0.0000	 0.0000	 0.0000	 0.0000	 0.0000	 
1987.0000	 1.0000	 3.0000	 2.0000	 2.0000	 0.0000	 2.0000	 100.0000	 0.0194	 0.0824	 0.1005	 0.2821	 0.3033	 0.1521	 0.0602	 0.0000	 0.0000	 0.0000	 0.0000	 0.0000	 0.0000	 0.0000	 0.0000	 0.0000	 0.0000	 0.0000	 0.0000	 0.0000	 0.0000	 0.0000	 	 # 0.0049	 0.0079	 0.0936	 0.2776	 0.3112	 0.1621	 0.1063	 0.0314	 0.0047	 0.0003	 0.0001	 0.0000	 0.0000	 0.0000	 0.0000	 0.0000	 0.0000	 0.0000	 0.0000	 0.0000	 0.0000	 0.0000	 
1988.0000	 1.0000	 3.0000	 2.0000	 2.0000	 0.0000	 2.0000	 100.0000	 0.0074	 0.0408	 0.0621	 0.2808	 0.3261	 0.1884	 0.0943	 0.0000	 0.0000	 0.0000	 0.0000	 0.0000	 0.0000	 0.0000	 0.0000	 0.0000	 0.0000	 0.0000	 0.0000	 0.0000	 0.0000	 0.0000	 	 # 0.0087	 0.0650	 0.1149	 0.2398	 0.2726	 0.1641	 0.0968	 0.0328	 0.0049	 0.0004	 0.0000	 0.0000	 0.0000	 0.0000	 0.0000	 0.0000	 0.0000	 0.0000	 0.0000	 0.0000	 0.0000	 0.0000	 
1989.0000	 1.0000	 4.0000	 2.0000	 2.0000	 0.0000	 2.0000	 100.0000	 0.0059	 0.0262	 0.0501	 0.2834	 0.3359	 0.1860	 0.1124	 0.0000	 0.0000	 0.0000	 0.0000	 0.0000	 0.0000	 0.0000	 0.0000	 0.0000	 0.0000	 0.0000	 0.0000	 0.0000	 0.0000	 0.0000	 	 # 0.0018	 0.0132	 0.0452	 0.2370	 0.2747	 0.1928	 0.1614	 0.0597	 0.0114	 0.0017	 0.0009	 0.0002	 0.0000	 0.0000	 0.0000	 0.0000	 0.0000	 0.0000	 0.0000	 0.0000	 0.0000	 0.0000	 
1990.0000	 1.0000	 4.0000	 2.0000	 2.0000	 0.0000	 2.0000	 100.0000	 0.0063	 0.0274	 0.0504	 0.2698	 0.3288	 0.1919	 0.1253	 0.0000	 0.0000	 0.0000	 0.0000	 0.0000	 0.0000	 0.0000	 0.0000	 0.0000	 0.0000	 0.0000	 0.0000	 0.0000	 0.0000	 0.0000	 	 # 0.0026	 0.0524	 0.2353	 0.1153	 0.2261	 0.1629	 0.1333	 0.0557	 0.0055	 0.0074	 0.0035	 0.0000	 0.0000	 0.0000	 0.0000	 0.0000	 0.0000	 0.0000	 0.0000	 0.0000	 0.0000	 0.0000	 
1991.0000	 1.0000	 4.0000	 2.0000	 2.0000	 0.0000	 2.0000	 100.0000	 0.0224	 0.0733	 0.0991	 0.2451	 0.2902	 0.1644	 0.1055	 0.0000	 0.0000	 0.0000	 0.0000	 0.0000	 0.0000	 0.0000	 0.0000	 0.0000	 0.0000	 0.0000	 0.0000	 0.0000	 0.0000	 0.0000	 	 # 0.0824	 0.0903	 0.0786	 0.1906	 0.2845	 0.1535	 0.0798	 0.0358	 0.0040	 0.0005	 0.0000	 0.0000	 0.0000	 0.0000	 0.0000	 0.0000	 0.0000	 0.0000	 0.0000	 0.0000	 0.0000	 0.0000	 
1992.0000	 1.0000	 4.0000	 2.0000	 2.0000	 0.0000	 2.0000	 100.0000	 0.0344	 0.1130	 0.1471	 0.2824	 0.2677	 0.1085	 0.0470	 0.0000	 0.0000	 0.0000	 0.0000	 0.0000	 0.0000	 0.0000	 0.0000	 0.0000	 0.0000	 0.0000	 0.0000	 0.0000	 0.0000	 0.0000	 	 # 0.0511	 0.1126	 0.1729	 0.3036	 0.2359	 0.0586	 0.0449	 0.0177	 0.0024	 0.0001	 0.0001	 0.0000	 0.0000	 0.0000	 0.0000	 0.0000	 0.0000	 0.0000	 0.0000	 0.0000	 0.0000	 0.0000	 
1993.0000	 1.0000	 4.0000	 2.0000	 2.0000	 0.0000	 2.0000	 100.0000	 0.0282	 0.0967	 0.1316	 0.3108	 0.2862	 0.1075	 0.0389	 0.0000	 0.0000	 0.0000	 0.0000	 0.0000	 0.0000	 0.0000	 0.0000	 0.0000	 0.0000	 0.0000	 0.0000	 0.0000	 0.0000	 0.0000	 	 # 0.0597	 0.1214	 0.1816	 0.3101	 0.2439	 0.0652	 0.0148	 0.0030	 0.0002	 0.0001	 0.0000	 0.0000	 0.0000	 0.0000	 0.0000	 0.0000	 0.0000	 0.0000	 0.0000	 0.0000	 0.0000	 0.0000	 
1994.0000	 1.0000	 4.0000	 2.0000	 2.0000	 0.0000	 2.0000	 100.0000	 0.0285	 0.0962	 0.1299	 0.3000	 0.2853	 0.1140	 0.0460	 0.0000	 0.0000	 0.0000	 0.0000	 0.0000	 0.0000	 0.0000	 0.0000	 0.0000	 0.0000	 0.0000	 0.0000	 0.0000	 0.0000	 0.0000	 	 # 0.0621	 0.1071	 0.2244	 0.3335	 0.1873	 0.0561	 0.0217	 0.0067	 0.0011	 0.0002	 0.0000	 0.0000	 0.0000	 0.0000	 0.0000	 0.0000	 0.0000	 0.0000	 0.0000	 0.0000	 0.0000	 0.0000	 
1995.0000	 1.0000	 4.0000	 2.0000	 2.0000	 0.0000	 2.0000	 100.0000	 0.0141	 0.0568	 0.0897	 0.3396	 0.3213	 0.1275	 0.0511	 0.0000	 0.0000	 0.0000	 0.0000	 0.0000	 0.0000	 0.0000	 0.0000	 0.0000	 0.0000	 0.0000	 0.0000	 0.0000	 0.0000	 0.0000	 	 # 0.0081	 0.0693	 0.1797	 0.2433	 0.3346	 0.1428	 0.0189	 0.0023	 0.0007	 0.0002	 0.0001	 0.0000	 0.0000	 0.0000	 0.0000	 0.0000	 0.0000	 0.0000	 0.0000	 0.0000	 0.0000	 0.0000	 
1996.0000	 1.0000	 4.0000	 2.0000	 2.0000	 0.0000	 2.0000	 100.0000	 0.0102	 0.0417	 0.0700	 0.3100	 0.3289	 0.1574	 0.0817	 0.0000	 0.0000	 0.0000	 0.0000	 0.0000	 0.0000	 0.0000	 0.0000	 0.0000	 0.0000	 0.0000	 0.0000	 0.0000	 0.0000	 0.0000	 	 # 0.0033	 0.0163	 0.0474	 0.2244	 0.4216	 0.2306	 0.0514	 0.0040	 0.0010	 0.0001	 0.0000	 0.0000	 0.0000	 0.0000	 0.0000	 0.0000	 0.0000	 0.0000	 0.0000	 0.0000	 0.0000	 0.0000	 
1997.0000	 1.0000	 4.0000	 2.0000	 2.0000	 0.0000	 2.0000	 100.0000	 0.0011	 0.0152	 0.0408	 0.3139	 0.3479	 0.1789	 0.1022	 0.0000	 0.0000	 0.0000	 0.0000	 0.0000	 0.0000	 0.0000	 0.0000	 0.0000	 0.0000	 0.0000	 0.0000	 0.0000	 0.0000	 0.0000	 	 # 0.0068	 0.0157	 0.0323	 0.1273	 0.4876	 0.2575	 0.0680	 0.0038	 0.0011	 0.0000	 0.0000	 0.0000	 0.0000	 0.0000	 0.0000	 0.0000	 0.0000	 0.0000	 0.0000	 0.0000	 0.0000	 0.0000	 
1998.0000	 1.0000	 4.0000	 2.0000	 2.0000	 0.0000	 2.0000	 100.0000	 0.0105	 0.0328	 0.0499	 0.2042	 0.3161	 0.2236	 0.1629	 0.0000	 0.0000	 0.0000	 0.0000	 0.0000	 0.0000	 0.0000	 0.0000	 0.0000	 0.0000	 0.0000	 0.0000	 0.0000	 0.0000	 0.0000	 	 # 0.0299	 0.0216	 0.0241	 0.1455	 0.3245	 0.2337	 0.1659	 0.0544	 0.0004	 0.0002	 0.0000	 0.0000	 0.0000	 0.0000	 0.0000	 0.0000	 0.0000	 0.0000	 0.0000	 0.0000	 0.0000	 0.0000	 
1999.0000	 1.0000	 4.0000	 2.0000	 2.0000	 0.0000	 2.0000	 100.0000	 0.0547	 0.1681	 0.2010	 0.2024	 0.2092	 0.1029	 0.0616	 0.0000	 0.0000	 0.0000	 0.0000	 0.0000	 0.0000	 0.0000	 0.0000	 0.0000	 0.0000	 0.0000	 0.0000	 0.0000	 0.0000	 0.0000	 	 # 0.0559	 0.1959	 0.1160	 0.1535	 0.2005	 0.1146	 0.0698	 0.0615	 0.0250	 0.0066	 0.0006	 0.0000	 0.0000	 0.0000	 0.0000	 0.0000	 0.0000	 0.0000	 0.0000	 0.0000	 0.0000	 0.0000	 
2000.0000	 1.0000	 4.0000	 2.0000	 2.0000	 0.0000	 2.0000	 100.0000	 0.0336	 0.1137	 0.1511	 0.3158	 0.2734	 0.0894	 0.0229	 0.0000	 0.0000	 0.0000	 0.0000	 0.0000	 0.0000	 0.0000	 0.0000	 0.0000	 0.0000	 0.0000	 0.0000	 0.0000	 0.0000	 0.0000	 	 # 0.0338	 0.0834	 0.1218	 0.2675	 0.2407	 0.1719	 0.0635	 0.0146	 0.0019	 0.0008	 0.0002	 0.0000	 0.0000	 0.0000	 0.0000	 0.0000	 0.0000	 0.0000	 0.0000	 0.0000	 0.0000	 0.0000	 
2001.0000	 1.0000	 4.0000	 2.0000	 2.0000	 0.0000	 2.0000	 100.0000	 0.0142	 0.0575	 0.0910	 0.3447	 0.3222	 0.1240	 0.0464	 0.0000	 0.0000	 0.0000	 0.0000	 0.0000	 0.0000	 0.0000	 0.0000	 0.0000	 0.0000	 0.0000	 0.0000	 0.0000	 0.0000	 0.0000	 	 # 0.0090	 0.0262	 0.1001	 0.3487	 0.1200	 0.1937	 0.1687	 0.0271	 0.0061	 0.0002	 0.0000	 0.0000	 0.0000	 0.0000	 0.0000	 0.0000	 0.0000	 0.0000	 0.0000	 0.0000	 0.0000	 0.0000	 
2002.0000	 1.0000	 4.0000	 2.0000	 2.0000	 0.0000	 2.0000	 100.0000	 0.0204	 0.0701	 0.0994	 0.2858	 0.3036	 0.1454	 0.0753	 0.0000	 0.0000	 0.0000	 0.0000	 0.0000	 0.0000	 0.0000	 0.0000	 0.0000	 0.0000	 0.0000	 0.0000	 0.0000	 0.0000	 0.0000	 	 # 0.0139	 0.0747	 0.0623	 0.2181	 0.2090	 0.2586	 0.1524	 0.0105	 0.0007	 0.0000	 0.0000	 0.0000	 0.0000	 0.0000	 0.0000	 0.0000	 0.0000	 0.0000	 0.0000	 0.0000	 0.0000	 0.0000	 
2003.0000	 1.0000	 4.0000	 2.0000	 2.0000	 0.0000	 2.0000	 100.0000	 0.0886	 0.2621	 0.2994	 0.1350	 0.1323	 0.0566	 0.0260	 0.0000	 0.0000	 0.0000	 0.0000	 0.0000	 0.0000	 0.0000	 0.0000	 0.0000	 0.0000	 0.0000	 0.0000	 0.0000	 0.0000	 0.0000	 	 # 0.0574	 0.1073	 0.1288	 0.1954	 0.2875	 0.1397	 0.0715	 0.0108	 0.0015	 0.0002	 0.0000	 0.0000	 0.0000	 0.0000	 0.0000	 0.0000	 0.0000	 0.0000	 0.0000	 0.0000	 0.0000	 0.0000	 
2004.0000	 1.0000	 4.0000	 2.0000	 2.0000	 0.0000	 2.0000	 100.0000	 0.0016	 0.0279	 0.0657	 0.4250	 0.3556	 0.1060	 0.0182	 0.0000	 0.0000	 0.0000	 0.0000	 0.0000	 0.0000	 0.0000	 0.0000	 0.0000	 0.0000	 0.0000	 0.0000	 0.0000	 0.0000	 0.0000	 	 # 0.0200	 0.1755	 0.4464	 0.1711	 0.1373	 0.0389	 0.0089	 0.0012	 0.0004	 0.0002	 0.0000	 0.0000	 0.0000	 0.0000	 0.0000	 0.0000	 0.0000	 0.0000	 0.0000	 0.0000	 0.0000	 0.0000	 
2005.0000	 1.0000	 4.0000	 2.0000	 2.0000	 0.0000	 2.0000	 100.0000	 0.0075	 0.0241	 0.0431	 0.2371	 0.3357	 0.2140	 0.1384	 0.0000	 0.0000	 0.0000	 0.0000	 0.0000	 0.0000	 0.0000	 0.0000	 0.0000	 0.0000	 0.0000	 0.0000	 0.0000	 0.0000	 0.0000	 	 # 0.0073	 0.0452	 0.0556	 0.2230	 0.3062	 0.2717	 0.0652	 0.0232	 0.0026	 0.0001	 0.0000	 0.0000	 0.0000	 0.0000	 0.0000	 0.0000	 0.0000	 0.0000	 0.0000	 0.0000	 0.0000	 0.0000	 
2006.0000	 1.0000	 4.0000	 2.0000	 2.0000	 0.0000	 2.0000	 100.0000	 0.0168	 0.0607	 0.0864	 0.2561	 0.2965	 0.1695	 0.1138	 0.0000	 0.0000	 0.0000	 0.0000	 0.0000	 0.0000	 0.0000	 0.0000	 0.0000	 0.0000	 0.0000	 0.0000	 0.0000	 0.0000	 0.0000	 	 # 0.0172	 0.0628	 0.1145	 0.2868	 0.1961	 0.1027	 0.1248	 0.0843	 0.0071	 0.0025	 0.0012	 0.0000	 0.0000	 0.0000	 0.0000	 0.0000	 0.0000	 0.0000	 0.0000	 0.0000	 0.0000	 0.0000	 
2007.0000	 1.0000	 4.0000	 2.0000	 2.0000	 0.0000	 2.0000	 100.0000	 0.0032	 0.0248	 0.0551	 0.3509	 0.3456	 0.1494	 0.0710	 0.0000	 0.0000	 0.0000	 0.0000	 0.0000	 0.0000	 0.0000	 0.0000	 0.0000	 0.0000	 0.0000	 0.0000	 0.0000	 0.0000	 0.0000	 	 # 0.0034	 0.0111	 0.0359	 0.0636	 0.2531	 0.3786	 0.2019	 0.0453	 0.0052	 0.0014	 0.0003	 0.0000	 0.0001	 0.0000	 0.0000	 0.0000	 0.0000	 0.0000	 0.0000	 0.0000	 0.0000	 0.0000	 
2008.0000	 1.0000	 4.0000	 2.0000	 2.0000	 0.0000	 2.0000	 100.0000	 0.0551	 0.1625	 0.1902	 0.1569	 0.2129	 0.1338	 0.0885	 0.0000	 0.0000	 0.0000	 0.0000	 0.0000	 0.0000	 0.0000	 0.0000	 0.0000	 0.0000	 0.0000	 0.0000	 0.0000	 0.0000	 0.0000	 	 # 0.0773	 0.1468	 0.0741	 0.1461	 0.1629	 0.1972	 0.1454	 0.0377	 0.0113	 0.0009	 0.0002	 0.0000	 0.0001	 0.0000	 0.0000	 0.0000	 0.0000	 0.0000	 0.0000	 0.0000	 0.0000	 0.0000	 
2009.0000	 1.0000	 4.0000	 2.0000	 2.0000	 0.0000	 2.0000	 100.0000	 0.0601	 0.1870	 0.2257	 0.2410	 0.2054	 0.0652	 0.0157	 0.0000	 0.0000	 0.0000	 0.0000	 0.0000	 0.0000	 0.0000	 0.0000	 0.0000	 0.0000	 0.0000	 0.0000	 0.0000	 0.0000	 0.0000	 	 # 0.0562	 0.1406	 0.1747	 0.1572	 0.3021	 0.1322	 0.0285	 0.0074	 0.0007	 0.0004	 0.0001	 0.0000	 0.0000	 0.0000	 0.0000	 0.0000	 0.0000	 0.0000	 0.0000	 0.0000	 0.0000	 0.0000	 
2010.0000	 1.0000	 4.0000	 2.0000	 2.0000	 0.0000	 2.0000	 100.0000	 0.0082	 0.0440	 0.0801	 0.3885	 0.3385	 0.1118	 0.0288	 0.0000	 0.0000	 0.0000	 0.0000	 0.0000	 0.0000	 0.0000	 0.0000	 0.0000	 0.0000	 0.0000	 0.0000	 0.0000	 0.0000	 0.0000	 	 # 0.0308	 0.0499	 0.0670	 0.3461	 0.4269	 0.0535	 0.0203	 0.0050	 0.0003	 0.0001	 0.0000	 0.0000	 0.0000	 0.0000	 0.0000	 0.0000	 0.0000	 0.0000	 0.0000	 0.0000	 0.0000	 0.0000	 
2011.0000	 1.0000	 4.0000	 2.0000	 2.0000	 0.0000	 2.0000	 100.0000	 0.0082	 0.0322	 0.0568	 0.2840	 0.3343	 0.1806	 0.1039	 0.0000	 0.0000	 0.0000	 0.0000	 0.0000	 0.0000	 0.0000	 0.0000	 0.0000	 0.0000	 0.0000	 0.0000	 0.0000	 0.0000	 0.0000	 	 # 0.0492	 0.0886	 0.0995	 0.2348	 0.2073	 0.1458	 0.0809	 0.0753	 0.0165	 0.0020	 0.0001	 0.0000	 0.0000	 0.0000	 0.0000	 0.0000	 0.0000	 0.0000	 0.0000	 0.0000	 0.0000	 0.0000	 
2012.0000	 1.0000	 4.0000	 2.0000	 2.0000	 0.0000	 2.0000	 100.0000	 0.0221	 0.0739	 0.1007	 0.2540	 0.2916	 0.1593	 0.0984	 0.0000	 0.0000	 0.0000	 0.0000	 0.0000	 0.0000	 0.0000	 0.0000	 0.0000	 0.0000	 0.0000	 0.0000	 0.0000	 0.0000	 0.0000	 	 # 0.0307	 0.0778	 0.1688	 0.2583	 0.1728	 0.0738	 0.0819	 0.0988	 0.0326	 0.0038	 0.0003	 0.0000	 0.0005	 0.0000	 0.0000	 0.0000	 0.0000	 0.0000	 0.0000	 0.0000	 0.0000	 0.0000	 
2013.0000	 1.0000	 4.0000	 2.0000	 2.0000	 0.0000	 2.0000	 100.0000	 0.0043	 0.0296	 0.0615	 0.3603	 0.3433	 0.1401	 0.0609	 0.0000	 0.0000	 0.0000	 0.0000	 0.0000	 0.0000	 0.0000	 0.0000	 0.0000	 0.0000	 0.0000	 0.0000	 0.0000	 0.0000	 0.0000	 	 # 0.0321	 0.1803	 0.1817	 0.1584	 0.1798	 0.1308	 0.0965	 0.0355	 0.0039	 0.0003	 0.0006	 0.0000	 0.0001	 0.0000	 0.0000	 0.0000	 0.0000	 0.0000	 0.0000	 0.0000	 0.0000	 0.0000	 
2014.0000	 1.0000	 4.0000	 2.0000	 2.0000	 0.0000	 2.0000	 100.0000	 0.0181	 0.0578	 0.0809	 0.2370	 0.3062	 0.1835	 0.1166	 0.0000	 0.0000	 0.0000	 0.0000	 0.0000	 0.0000	 0.0000	 0.0000	 0.0000	 0.0000	 0.0000	 0.0000	 0.0000	 0.0000	 0.0000	 	 # 0.0337	 0.0643	 0.0431	 0.1911	 0.3222	 0.2040	 0.0891	 0.0518	 0.0005	 0.0000	 0.0001	 0.0000	 0.0000	 0.0000	 0.0000	 0.0000	 0.0000	 0.0000	 0.0000	 0.0000	 0.0000	 0.0000	 
2015.0000	 1.0000	 4.0000	 2.0000	 2.0000	 0.0000	 2.0000	 100.0000	 0.0597	 0.1829	 0.2180	 0.2083	 0.2023	 0.0869	 0.0420	 0.0000	 0.0000	 0.0000	 0.0000	 0.0000	 0.0000	 0.0000	 0.0000	 0.0000	 0.0000	 0.0000	 0.0000	 0.0000	 0.0000	 0.0000	 	 # 0.0371	 0.1720	 0.2878	 0.2518	 0.1562	 0.0599	 0.0301	 0.0035	 0.0000	 0.0015	 0.0000	 0.0000	 0.0000	 0.0000	 0.0000	 0.0000	 0.0000	 0.0000	 0.0000	 0.0000	 0.0000	 0.0000	 
2016.0000	 1.0000	 4.0000	 2.0000	 2.0000	 0.0000	 2.0000	 100.0000	 0.0588	 0.1827	 0.2210	 0.2429	 0.2098	 0.0681	 0.0168	 0.0000	 0.0000	 0.0000	 0.0000	 0.0000	 0.0000	 0.0000	 0.0000	 0.0000	 0.0000	 0.0000	 0.0000	 0.0000	 0.0000	 0.0000	 	 # 0.0268	 0.1331	 0.2305	 0.3039	 0.2156	 0.0726	 0.0166	 0.0010	 0.0000	 0.0000	 0.0000	 0.0000	 0.0000	 0.0000	 0.0000	 0.0000	 0.0000	 0.0000	 0.0000	 0.0000	 0.0000	 0.0000	 
2017.0000	 1.0000	 4.0000	 2.0000	 2.0000	 0.0000	 2.0000	 100.0000	 0.0379	 0.1251	 0.1624	 0.3013	 0.2631	 0.0873	 0.0229	 0.0000	 0.0000	 0.0000	 0.0000	 0.0000	 0.0000	 0.0000	 0.0000	 0.0000	 0.0000	 0.0000	 0.0000	 0.0000	 0.0000	 0.0000	 	 # 0.0164	 0.1242	 0.1247	 0.4472	 0.2240	 0.0477	 0.0144	 0.0013	 0.0001	 0.0001	 0.0000	 0.0000	 0.0000	 0.0000	 0.0000	 0.0000	 0.0000	 0.0000	 0.0000	 0.0000	 0.0000	 0.0000	 
2018.0000	 1.0000	 4.0000	 2.0000	 2.0000	 0.0000	 2.0000	 100.0000	 0.0039	 0.0296	 0.0632	 0.3794	 0.3486	 0.1298	 0.0455	 0.0000	 0.0000	 0.0000	 0.0000	 0.0000	 0.0000	 0.0000	 0.0000	 0.0000	 0.0000	 0.0000	 0.0000	 0.0000	 0.0000	 0.0000	 	 # 0.0089	 0.0078	 0.0426	 0.4099	 0.4091	 0.0995	 0.0209	 0.0013	 0.0000	 0.0000	 0.0001	 0.0000	 0.0000	 0.0000	 0.0000	 0.0000	 0.0000	 0.0000	 0.0000	 0.0000	 0.0000	 0.0000	 
2019.0000	 1.0000	 4.0000	 2.0000	 2.0000	 0.0000	 2.0000	 100.0000	 0.0011	 0.0087	 0.0287	 0.2648	 0.3491	 0.2123	 0.1353	 0.0000	 0.0000	 0.0000	 0.0000	 0.0000	 0.0000	 0.0000	 0.0000	 0.0000	 0.0000	 0.0000	 0.0000	 0.0000	 0.0000	 0.0000	 	 # 0.0056	 0.0048	 0.0107	 0.0555	 0.2648	 0.4986	 0.1565	 0.0032	 0.0000	 0.0003	 0.0000	 0.0000	 0.0000	 0.0000	 0.0000	 0.0000	 0.0000	 0.0000	 0.0000	 0.0000	 0.0000	 0.0000	 
2021.0000	 1.0000	 4.0000	 2.0000	 2.0000	 0.0000	 2.0000	 100.0000	 0.0310	 0.1090	 0.1486	 0.3454	 0.2815	 0.0774	 0.0072	 0.0000	 0.0000	 0.0000	 0.0000	 0.0000	 0.0000	 0.0000	 0.0000	 0.0000	 0.0000	 0.0000	 0.0000	 0.0000	 0.0000	 0.0000	 	 # 0.2804	 0.2728	 0.1153	 0.0906	 0.0884	 0.0767	 0.0304	 0.0342	 0.0068	 0.0045	 0.0000	 0.0000	 0.0000	 0.0000	 0.0000	 0.0000	 0.0000	 0.0000	 0.0000	 0.0000	 0.0000	 0.0000	 
2022.0000	 1.0000	 4.0000	 2.0000	 2.0000	 0.0000	 2.0000	 100.0000	 0.0293	 0.0984	 0.1321	 0.2984	 0.2843	 0.1131	 0.0444	 0.0000	 0.0000	 0.0000	 0.0000	 0.0000	 0.0000	 0.0000	 0.0000	 0.0000	 0.0000	 0.0000	 0.0000	 0.0000	 0.0000	 0.0000	 	 # 0.0317	 0.1184	 0.0744	 0.2674	 0.3614	 0.1322	 0.0139	 0.0006	 0.0001	 0.0000	 0.0000	 0.0000	 0.0000	 0.0000	 0.0000	 0.0000	 0.0000	 0.0000	 0.0000	 0.0000	 0.0000	 0.0000	 
2023.0000	 1.0000	 4.0000	 2.0000	 2.0000	 0.0000	 2.0000	 100.0000	 0.0631	 0.1924	 0.2287	 0.2096	 0.1975	 0.0778	 0.0308	 0.0000	 0.0000	 0.0000	 0.0000	 0.0000	 0.0000	 0.0000	 0.0000	 0.0000	 0.0000	 0.0000	 0.0000	 0.0000	 0.0000	 0.0000	 	 # 0.0714	 0.1791	 0.2028	 0.1656	 0.2451	 0.1038	 0.0207	 0.0051	 0.0045	 0.0019	 0.0000	 0.0000	 0.0000	 0.0000	 0.0000	 0.0000	 0.0000	 0.0000	 0.0000	 0.0000	 0.0000	 0.0000	 
2024.0000	 1.0000	 4.0000	 2.0000	 2.0000	 0.0000	 2.0000	 100.0000	 0.0014	 0.0260	 0.0624	 0.4125	 0.3554	 0.1146	 0.0275	 0.0000	 0.0000	 0.0000	 0.0000	 0.0000	 0.0000	 0.0000	 0.0000	 0.0000	 0.0000	 0.0000	 0.0000	 0.0000	 0.0000	 0.0000	 	 # 0.0107	 0.1287	 0.1811	 0.1856	 0.2302	 0.0779	 0.0831	 0.0884	 0.0116	 0.0012	 0.0013	 0.0001	 0.0000	 0.0000	 0.0000	 0.0000	 0.0000	 0.0000	 0.0000	 0.0000	 0.0000	 0.0000	 
2025.0000	 1.0000	 4.0000	 2.0000	 2.0000	 0.0000	 2.0000	 100.0000	 0.0009	 0.0049	 0.0225	 0.2451	 0.3512	 0.2267	 0.1487	 0.0000	 0.0000	 0.0000	 0.0000	 0.0000	 0.0000	 0.0000	 0.0000	 0.0000	 0.0000	 0.0000	 0.0000	 0.0000	 0.0000	 0.0000	 	 # 0.0048	 0.0148	 0.0260	 0.1645	 0.3493	 0.2219	 0.1402	 0.0695	 0.0085	 0.0001	 0.0000	 0.0000	 0.0000	 0.0000	 0.0003	 0.0000	 0.0000	 0.0000	 0.0000	 0.0000	 0.0000	 0.0000	 
2026.0000	 1.0000	 4.0000	 2.0000	 2.0000	 0.0000	 2.0000	 100.0000	 0.0237	 0.0710	 0.0853	 0.1226	 0.2608	 0.2337	 0.2029	 0.0000	 0.0000	 0.0000	 0.0000	 0.0000	 0.0000	 0.0000	 0.0000	 0.0000	 0.0000	 0.0000	 0.0000	 0.0000	 0.0000	 0.0000	 	 # 0.0231	 0.0846	 0.0678	 0.1497	 0.1902	 0.2451	 0.2072	 0.0260	 0.0049	 0.0014	 0.0000	 0.0001	 0.0000	 0.0000	 0.0000	 0.0000	 0.0000	 0.0000	 0.0000	 0.0000	 0.0000	 0.0000	 
1982.0000	 1.0000	 3.0000	 1.0000	 2.0000	 0.0000	 2.0000	 100.0000	 0.0140	 0.1286	 0.0544	 0.1809	 0.0832	 0.1274	 0.1065	 0.0760	 0.0860	 0.0480	 0.0211	 0.0212	 0.0321	 0.0119	 0.0046	 0.0017	 0.0010	 0.0007	 0.0005	 0.0003	 0.0001	 0.0001	 	 # 0.0011	 0.0012	 0.0024	 0.0126	 0.0546	 0.1178	 0.1506	 0.1337	 0.1173	 0.1124	 0.1020	 0.0749	 0.0539	 0.0352	 0.0198	 0.0078	 0.0017	 0.0006	 0.0002	 0.0001	 0.0000	 0.0000	 
1983.0000	 1.0000	 3.0000	 1.0000	 2.0000	 0.0000	 2.0000	 100.0000	 0.0412	 0.1031	 0.1362	 0.1648	 0.0888	 0.0881	 0.0840	 0.0687	 0.0548	 0.0429	 0.0347	 0.0333	 0.0273	 0.0174	 0.0082	 0.0028	 0.0017	 0.0011	 0.0006	 0.0002	 0.0001	 0.0001	 	 # 0.0559	 0.0819	 0.0110	 0.0167	 0.0495	 0.0835	 0.1230	 0.1337	 0.1089	 0.0726	 0.0582	 0.0571	 0.0603	 0.0507	 0.0245	 0.0086	 0.0029	 0.0009	 0.0003	 0.0001	 0.0000	 0.0000	 
1984.0000	 1.0000	 3.0000	 1.0000	 2.0000	 0.0000	 2.0000	 100.0000	 0.0393	 0.1126	 0.1363	 0.1659	 0.1387	 0.1002	 0.0777	 0.0558	 0.0391	 0.0317	 0.0266	 0.0237	 0.0196	 0.0155	 0.0097	 0.0036	 0.0019	 0.0011	 0.0007	 0.0003	 0.0001	 0.0001	 	 # 0.0611	 0.1014	 0.0999	 0.1435	 0.1908	 0.0631	 0.0395	 0.0380	 0.0399	 0.0357	 0.0376	 0.0363	 0.0347	 0.0353	 0.0232	 0.0102	 0.0052	 0.0027	 0.0013	 0.0004	 0.0001	 0.0000	 
1985.0000	 1.0000	 3.0000	 1.0000	 2.0000	 0.0000	 2.0000	 100.0000	 0.0486	 0.1302	 0.1500	 0.1580	 0.1267	 0.0941	 0.0872	 0.0665	 0.0397	 0.0273	 0.0202	 0.0164	 0.0130	 0.0103	 0.0065	 0.0024	 0.0012	 0.0008	 0.0005	 0.0003	 0.0001	 0.0001	 	 # 0.0436	 0.1005	 0.1051	 0.1700	 0.1221	 0.0790	 0.0731	 0.0589	 0.0333	 0.0310	 0.0362	 0.0386	 0.0362	 0.0293	 0.0204	 0.0111	 0.0056	 0.0034	 0.0019	 0.0007	 0.0001	 0.0000	 
1986.0000	 1.0000	 3.0000	 1.0000	 2.0000	 0.0000	 2.0000	 100.0000	 0.0403	 0.1168	 0.1451	 0.1808	 0.1385	 0.0947	 0.0820	 0.0621	 0.0389	 0.0295	 0.0230	 0.0178	 0.0127	 0.0089	 0.0051	 0.0017	 0.0008	 0.0005	 0.0004	 0.0002	 0.0001	 0.0001	 	 # 0.0515	 0.1768	 0.1139	 0.1288	 0.1064	 0.1109	 0.0986	 0.0678	 0.0396	 0.0312	 0.0234	 0.0178	 0.0110	 0.0082	 0.0063	 0.0039	 0.0019	 0.0011	 0.0005	 0.0002	 0.0000	 0.0000	 
1987.0000	 1.0000	 3.0000	 1.0000	 2.0000	 0.0000	 2.0000	 100.0000	 0.0033	 0.0356	 0.0820	 0.2092	 0.1708	 0.1277	 0.1142	 0.0832	 0.0493	 0.0357	 0.0274	 0.0216	 0.0161	 0.0120	 0.0071	 0.0023	 0.0011	 0.0006	 0.0004	 0.0002	 0.0001	 0.0000	 	 # 0.0034	 0.0307	 0.1658	 0.2342	 0.1639	 0.1026	 0.1052	 0.0683	 0.0387	 0.0245	 0.0199	 0.0137	 0.0098	 0.0089	 0.0056	 0.0028	 0.0011	 0.0005	 0.0002	 0.0001	 0.0000	 0.0000	 
1988.0000	 1.0000	 3.0000	 1.0000	 2.0000	 0.0000	 2.0000	 100.0000	 0.0163	 0.0397	 0.0513	 0.0929	 0.1196	 0.1396	 0.1555	 0.1214	 0.0758	 0.0562	 0.0425	 0.0325	 0.0233	 0.0169	 0.0098	 0.0033	 0.0016	 0.0009	 0.0006	 0.0003	 0.0001	 0.0001	 	 # 0.0032	 0.0475	 0.0820	 0.1275	 0.1440	 0.1568	 0.1316	 0.0989	 0.0555	 0.0473	 0.0341	 0.0276	 0.0165	 0.0126	 0.0077	 0.0040	 0.0015	 0.0008	 0.0005	 0.0002	 0.0001	 0.0000	 
1989.0000	 1.0000	 4.0000	 1.0000	 2.0000	 0.0000	 2.0000	 100.0000	 0.0053	 0.0210	 0.0512	 0.0787	 0.0891	 0.0922	 0.1135	 0.1256	 0.1053	 0.0846	 0.0673	 0.0545	 0.0410	 0.0304	 0.0199	 0.0110	 0.0047	 0.0023	 0.0013	 0.0006	 0.0002	 0.0001	 	 # 0.0005	 0.0047	 0.0337	 0.1176	 0.1228	 0.1103	 0.0978	 0.0920	 0.1077	 0.0975	 0.0690	 0.0529	 0.0385	 0.0276	 0.0161	 0.0073	 0.0024	 0.0009	 0.0005	 0.0002	 0.0000	 0.0000	 
1990.0000	 1.0000	 4.0000	 1.0000	 2.0000	 0.0000	 2.0000	 100.0000	 0.0076	 0.0237	 0.0534	 0.0779	 0.0962	 0.0940	 0.0918	 0.0852	 0.0720	 0.0671	 0.0663	 0.0670	 0.0621	 0.0531	 0.0383	 0.0254	 0.0099	 0.0049	 0.0028	 0.0012	 0.0003	 0.0001	 	 # 0.0033	 0.0280	 0.0547	 0.0535	 0.0866	 0.1152	 0.1114	 0.0856	 0.0681	 0.0506	 0.0445	 0.0477	 0.0536	 0.0728	 0.0619	 0.0354	 0.0141	 0.0066	 0.0042	 0.0016	 0.0004	 0.0002	 
1991.0000	 1.0000	 4.0000	 1.0000	 2.0000	 0.0000	 2.0000	 100.0000	 0.0434	 0.1091	 0.1683	 0.0610	 0.0721	 0.0715	 0.0748	 0.0711	 0.0534	 0.0397	 0.0341	 0.0331	 0.0328	 0.0331	 0.0313	 0.0278	 0.0178	 0.0115	 0.0076	 0.0040	 0.0016	 0.0008	 	 # 0.0533	 0.0645	 0.0809	 0.1311	 0.1395	 0.0962	 0.1108	 0.0913	 0.0517	 0.0269	 0.0240	 0.0234	 0.0280	 0.0360	 0.0212	 0.0088	 0.0040	 0.0038	 0.0027	 0.0014	 0.0004	 0.0001	 
1992.0000	 1.0000	 4.0000	 1.0000	 2.0000	 0.0000	 2.0000	 100.0000	 0.0320	 0.0992	 0.1957	 0.1867	 0.1557	 0.0775	 0.0455	 0.0403	 0.0315	 0.0261	 0.0227	 0.0203	 0.0176	 0.0157	 0.0126	 0.0087	 0.0045	 0.0030	 0.0023	 0.0014	 0.0007	 0.0004	 	 # 0.0333	 0.0887	 0.1173	 0.2319	 0.2406	 0.0883	 0.0485	 0.0414	 0.0298	 0.0170	 0.0184	 0.0142	 0.0105	 0.0083	 0.0052	 0.0032	 0.0015	 0.0010	 0.0006	 0.0003	 0.0001	 0.0000	 
1993.0000	 1.0000	 4.0000	 1.0000	 2.0000	 0.0000	 2.0000	 100.0000	 0.0024	 0.0260	 0.0971	 0.2129	 0.2133	 0.1549	 0.1105	 0.0714	 0.0350	 0.0183	 0.0131	 0.0115	 0.0101	 0.0089	 0.0067	 0.0041	 0.0018	 0.0009	 0.0006	 0.0003	 0.0001	 0.0001	 	 # 0.0393	 0.1144	 0.1411	 0.2111	 0.1764	 0.1390	 0.0831	 0.0469	 0.0180	 0.0098	 0.0069	 0.0052	 0.0030	 0.0025	 0.0016	 0.0009	 0.0004	 0.0002	 0.0001	 0.0001	 0.0000	 0.0000	 
1994.0000	 1.0000	 4.0000	 1.0000	 2.0000	 0.0000	 2.0000	 100.0000	 0.0040	 0.0127	 0.0426	 0.1123	 0.1744	 0.1895	 0.1684	 0.1253	 0.0667	 0.0367	 0.0242	 0.0170	 0.0108	 0.0070	 0.0040	 0.0023	 0.0011	 0.0006	 0.0003	 0.0002	 0.0001	 0.0000	 	 # 0.0258	 0.0890	 0.1195	 0.1538	 0.1327	 0.1282	 0.1161	 0.0884	 0.0581	 0.0388	 0.0234	 0.0135	 0.0054	 0.0040	 0.0016	 0.0010	 0.0003	 0.0002	 0.0001	 0.0001	 0.0000	 0.0000	 
1995.0000	 1.0000	 4.0000	 1.0000	 2.0000	 0.0000	 2.0000	 100.0000	 0.0030	 0.0108	 0.0262	 0.0479	 0.0777	 0.1110	 0.1481	 0.1597	 0.1254	 0.0944	 0.0692	 0.0500	 0.0325	 0.0220	 0.0125	 0.0058	 0.0023	 0.0008	 0.0004	 0.0002	 0.0001	 0.0000	 	 # 0.0060	 0.0234	 0.0394	 0.0679	 0.1378	 0.1620	 0.1501	 0.1345	 0.0975	 0.0716	 0.0406	 0.0290	 0.0195	 0.0120	 0.0060	 0.0021	 0.0004	 0.0001	 0.0001	 0.0000	 0.0000	 0.0000	 
1996.0000	 1.0000	 4.0000	 1.0000	 2.0000	 0.0000	 2.0000	 100.0000	 0.0035	 0.0121	 0.0293	 0.0477	 0.0608	 0.0679	 0.0857	 0.1008	 0.0957	 0.0930	 0.0921	 0.0914	 0.0826	 0.0619	 0.0427	 0.0217	 0.0076	 0.0021	 0.0009	 0.0003	 0.0001	 0.0000	 	 # 0.0013	 0.0034	 0.0161	 0.0351	 0.0489	 0.0801	 0.1095	 0.1208	 0.1189	 0.1014	 0.0870	 0.0832	 0.0719	 0.0609	 0.0352	 0.0170	 0.0057	 0.0023	 0.0010	 0.0002	 0.0000	 0.0000	 
1997.0000	 1.0000	 4.0000	 1.0000	 2.0000	 0.0000	 2.0000	 100.0000	 0.0136	 0.0369	 0.0655	 0.0528	 0.0630	 0.0640	 0.0690	 0.0693	 0.0593	 0.0569	 0.0594	 0.0666	 0.0704	 0.0725	 0.0689	 0.0532	 0.0277	 0.0164	 0.0103	 0.0028	 0.0011	 0.0004	 	 # 0.0008	 0.0023	 0.0080	 0.0242	 0.0478	 0.0644	 0.0715	 0.0836	 0.0816	 0.0949	 0.0911	 0.0951	 0.0913	 0.0918	 0.0682	 0.0410	 0.0210	 0.0127	 0.0060	 0.0021	 0.0004	 0.0001	 
1998.0000	 1.0000	 4.0000	 1.0000	 2.0000	 0.0000	 2.0000	 100.0000	 0.0153	 0.0492	 0.1027	 0.1165	 0.1143	 0.0814	 0.0690	 0.0630	 0.0495	 0.0417	 0.0388	 0.0391	 0.0384	 0.0409	 0.0404	 0.0374	 0.0247	 0.0180	 0.0113	 0.0058	 0.0017	 0.0009	 	 # 0.0129	 0.0130	 0.0256	 0.0859	 0.1936	 0.1225	 0.1076	 0.0874	 0.0614	 0.0406	 0.0363	 0.0365	 0.0432	 0.0499	 0.0400	 0.0232	 0.0101	 0.0060	 0.0030	 0.0010	 0.0002	 0.0001	 
1999.0000	 1.0000	 4.0000	 1.0000	 2.0000	 0.0000	 2.0000	 100.0000	 0.0252	 0.0720	 0.1349	 0.1282	 0.1428	 0.1186	 0.1011	 0.0758	 0.0441	 0.0305	 0.0255	 0.0230	 0.0207	 0.0194	 0.0156	 0.0105	 0.0051	 0.0032	 0.0021	 0.0010	 0.0004	 0.0002	 	 # 0.0545	 0.1213	 0.0847	 0.0750	 0.1171	 0.1215	 0.1268	 0.1126	 0.0626	 0.0307	 0.0186	 0.0149	 0.0137	 0.0152	 0.0129	 0.0077	 0.0033	 0.0031	 0.0020	 0.0012	 0.0005	 0.0001	 
2000.0000	 1.0000	 4.0000	 1.0000	 2.0000	 0.0000	 2.0000	 100.0000	 0.0115	 0.0442	 0.1080	 0.1635	 0.1631	 0.1229	 0.1049	 0.0883	 0.0584	 0.0407	 0.0277	 0.0213	 0.0154	 0.0114	 0.0078	 0.0050	 0.0021	 0.0015	 0.0010	 0.0007	 0.0004	 0.0002	 	 # 0.0201	 0.0556	 0.0932	 0.1562	 0.1427	 0.1719	 0.1650	 0.0900	 0.0399	 0.0227	 0.0166	 0.0120	 0.0067	 0.0041	 0.0020	 0.0008	 0.0002	 0.0002	 0.0001	 0.0001	 0.0000	 0.0000	 
2001.0000	 1.0000	 4.0000	 1.0000	 2.0000	 0.0000	 2.0000	 100.0000	 0.0025	 0.0152	 0.0541	 0.1275	 0.1577	 0.1540	 0.1418	 0.1105	 0.0688	 0.0484	 0.0371	 0.0304	 0.0223	 0.0156	 0.0085	 0.0037	 0.0010	 0.0005	 0.0003	 0.0001	 0.0000	 0.0000	 	 # 0.0047	 0.0078	 0.0754	 0.1338	 0.0501	 0.0834	 0.1338	 0.1389	 0.1321	 0.0993	 0.0643	 0.0372	 0.0199	 0.0104	 0.0055	 0.0025	 0.0006	 0.0002	 0.0001	 0.0000	 0.0000	 0.0000	 
2002.0000	 1.0000	 4.0000	 1.0000	 2.0000	 0.0000	 2.0000	 100.0000	 0.0495	 0.1200	 0.1757	 0.0401	 0.0663	 0.0873	 0.1015	 0.0953	 0.0706	 0.0526	 0.0410	 0.0329	 0.0249	 0.0192	 0.0131	 0.0062	 0.0024	 0.0009	 0.0004	 0.0002	 0.0001	 0.0000	 	 # 0.0076	 0.0237	 0.0353	 0.0784	 0.0768	 0.1150	 0.0980	 0.1045	 0.0812	 0.0844	 0.0648	 0.0609	 0.0693	 0.0541	 0.0288	 0.0118	 0.0036	 0.0013	 0.0003	 0.0001	 0.0000	 0.0000	 
2003.0000	 1.0000	 4.0000	 1.0000	 2.0000	 0.0000	 2.0000	 100.0000	 0.0261	 0.0881	 0.1833	 0.1975	 0.1612	 0.0728	 0.0403	 0.0424	 0.0382	 0.0334	 0.0294	 0.0259	 0.0217	 0.0173	 0.0116	 0.0065	 0.0024	 0.0011	 0.0005	 0.0002	 0.0001	 0.0000	 	 # 0.0227	 0.0784	 0.1212	 0.1210	 0.2138	 0.1222	 0.0892	 0.0565	 0.0468	 0.0314	 0.0255	 0.0197	 0.0164	 0.0154	 0.0115	 0.0043	 0.0020	 0.0011	 0.0005	 0.0002	 0.0000	 0.0000	 
2004.0000	 1.0000	 4.0000	 1.0000	 2.0000	 0.0000	 2.0000	 100.0000	 0.0197	 0.0607	 0.1294	 0.1622	 0.1754	 0.1418	 0.1111	 0.0698	 0.0322	 0.0172	 0.0142	 0.0146	 0.0140	 0.0131	 0.0109	 0.0069	 0.0033	 0.0018	 0.0010	 0.0005	 0.0001	 0.0001	 	 # 0.0175	 0.1220	 0.2509	 0.1323	 0.1202	 0.0996	 0.0800	 0.0904	 0.0433	 0.0139	 0.0101	 0.0068	 0.0034	 0.0039	 0.0026	 0.0014	 0.0007	 0.0005	 0.0004	 0.0002	 0.0000	 0.0000	 
2005.0000	 1.0000	 4.0000	 1.0000	 2.0000	 0.0000	 2.0000	 100.0000	 0.0233	 0.0675	 0.1294	 0.1293	 0.1437	 0.1260	 0.1160	 0.0954	 0.0611	 0.0394	 0.0250	 0.0161	 0.0099	 0.0067	 0.0045	 0.0030	 0.0015	 0.0009	 0.0006	 0.0003	 0.0001	 0.0001	 	 # 0.0066	 0.0265	 0.0380	 0.1377	 0.1457	 0.1288	 0.1245	 0.1564	 0.1052	 0.0405	 0.0267	 0.0286	 0.0209	 0.0097	 0.0028	 0.0009	 0.0003	 0.0002	 0.0001	 0.0001	 0.0000	 0.0000	 
2006.0000	 1.0000	 4.0000	 1.0000	 2.0000	 0.0000	 2.0000	 100.0000	 0.0045	 0.0284	 0.0894	 0.1731	 0.1643	 0.1207	 0.1104	 0.0944	 0.0635	 0.0441	 0.0334	 0.0267	 0.0200	 0.0144	 0.0078	 0.0031	 0.0010	 0.0004	 0.0002	 0.0001	 0.0000	 0.0000	 	 # 0.0149	 0.0314	 0.1059	 0.1900	 0.0928	 0.0645	 0.0919	 0.1063	 0.0846	 0.0612	 0.0423	 0.0477	 0.0294	 0.0151	 0.0105	 0.0071	 0.0030	 0.0011	 0.0004	 0.0000	 0.0000	 0.0000	 
2007.0000	 1.0000	 4.0000	 1.0000	 2.0000	 0.0000	 2.0000	 100.0000	 0.0056	 0.0176	 0.0476	 0.0981	 0.1412	 0.1524	 0.1533	 0.1162	 0.0722	 0.0546	 0.0425	 0.0344	 0.0242	 0.0173	 0.0119	 0.0067	 0.0023	 0.0009	 0.0005	 0.0001	 0.0001	 0.0001	 	 # 0.0019	 0.0107	 0.0507	 0.0827	 0.1433	 0.1971	 0.1405	 0.0952	 0.0492	 0.0445	 0.0388	 0.0427	 0.0378	 0.0328	 0.0171	 0.0088	 0.0040	 0.0014	 0.0006	 0.0002	 0.0000	 0.0000	 
2008.0000	 1.0000	 4.0000	 1.0000	 2.0000	 0.0000	 2.0000	 100.0000	 0.0169	 0.0455	 0.0795	 0.0634	 0.0858	 0.1024	 0.1191	 0.1166	 0.0882	 0.0726	 0.0579	 0.0469	 0.0374	 0.0298	 0.0204	 0.0104	 0.0042	 0.0017	 0.0009	 0.0004	 0.0001	 0.0000	 	 # 0.0389	 0.0677	 0.0372	 0.0475	 0.0492	 0.0901	 0.1127	 0.1247	 0.1293	 0.1130	 0.0636	 0.0419	 0.0301	 0.0239	 0.0148	 0.0085	 0.0036	 0.0021	 0.0008	 0.0003	 0.0001	 0.0000	 
2009.0000	 1.0000	 4.0000	 1.0000	 2.0000	 0.0000	 2.0000	 100.0000	 0.0287	 0.0820	 0.1497	 0.1208	 0.1114	 0.0756	 0.0664	 0.0668	 0.0573	 0.0507	 0.0455	 0.0406	 0.0334	 0.0274	 0.0196	 0.0121	 0.0057	 0.0032	 0.0017	 0.0009	 0.0004	 0.0002	 	 # 0.0489	 0.0847	 0.1490	 0.1178	 0.1482	 0.0916	 0.0648	 0.0528	 0.0366	 0.0388	 0.0351	 0.0311	 0.0317	 0.0299	 0.0213	 0.0092	 0.0038	 0.0020	 0.0015	 0.0010	 0.0002	 0.0001	 
2010.0000	 1.0000	 4.0000	 1.0000	 2.0000	 0.0000	 2.0000	 100.0000	 0.0041	 0.0300	 0.0986	 0.1949	 0.1852	 0.1216	 0.0860	 0.0626	 0.0386	 0.0284	 0.0256	 0.0259	 0.0257	 0.0247	 0.0210	 0.0138	 0.0063	 0.0032	 0.0020	 0.0012	 0.0005	 0.0003	 	 # 0.0407	 0.0696	 0.0748	 0.1946	 0.3012	 0.1596	 0.0667	 0.0388	 0.0166	 0.0071	 0.0054	 0.0042	 0.0044	 0.0054	 0.0046	 0.0025	 0.0012	 0.0010	 0.0008	 0.0004	 0.0001	 0.0000	 
2011.0000	 1.0000	 4.0000	 1.0000	 2.0000	 0.0000	 2.0000	 100.0000	 0.0095	 0.0267	 0.0616	 0.1064	 0.1571	 0.1710	 0.1533	 0.1090	 0.0611	 0.0372	 0.0274	 0.0215	 0.0168	 0.0132	 0.0104	 0.0072	 0.0038	 0.0028	 0.0020	 0.0012	 0.0005	 0.0003	 	 # 0.0547	 0.0594	 0.0739	 0.1216	 0.1307	 0.1392	 0.1415	 0.1161	 0.0617	 0.0312	 0.0277	 0.0167	 0.0090	 0.0056	 0.0042	 0.0022	 0.0015	 0.0011	 0.0010	 0.0006	 0.0002	 0.0001	 
2012.0000	 1.0000	 4.0000	 1.0000	 2.0000	 0.0000	 2.0000	 100.0000	 0.0059	 0.0230	 0.0570	 0.0916	 0.1102	 0.1151	 0.1299	 0.1284	 0.0971	 0.0752	 0.0578	 0.0439	 0.0264	 0.0160	 0.0095	 0.0057	 0.0030	 0.0017	 0.0012	 0.0008	 0.0004	 0.0003	 	 # 0.0208	 0.0730	 0.1611	 0.1332	 0.0863	 0.0889	 0.1108	 0.1122	 0.0747	 0.0458	 0.0313	 0.0269	 0.0156	 0.0076	 0.0065	 0.0032	 0.0012	 0.0005	 0.0003	 0.0001	 0.0001	 0.0000	 
2013.0000	 1.0000	 4.0000	 1.0000	 2.0000	 0.0000	 2.0000	 100.0000	 0.0262	 0.0682	 0.1147	 0.0747	 0.0914	 0.0927	 0.0942	 0.0902	 0.0706	 0.0578	 0.0502	 0.0463	 0.0401	 0.0338	 0.0251	 0.0143	 0.0054	 0.0023	 0.0010	 0.0004	 0.0002	 0.0001	 	 # 0.0198	 0.0866	 0.1121	 0.1015	 0.1430	 0.1223	 0.1036	 0.0697	 0.0450	 0.0437	 0.0446	 0.0426	 0.0290	 0.0131	 0.0108	 0.0064	 0.0031	 0.0016	 0.0009	 0.0004	 0.0001	 0.0000	 
2014.0000	 1.0000	 4.0000	 1.0000	 2.0000	 0.0000	 2.0000	 100.0000	 0.0186	 0.0633	 0.1371	 0.1625	 0.1457	 0.0912	 0.0679	 0.0604	 0.0452	 0.0368	 0.0332	 0.0327	 0.0289	 0.0239	 0.0190	 0.0138	 0.0083	 0.0055	 0.0034	 0.0018	 0.0006	 0.0002	 	 # 0.0195	 0.0922	 0.0382	 0.1051	 0.2107	 0.1054	 0.1007	 0.1093	 0.0703	 0.0440	 0.0294	 0.0203	 0.0149	 0.0131	 0.0123	 0.0080	 0.0040	 0.0014	 0.0008	 0.0003	 0.0001	 0.0000	 
2015.0000	 1.0000	 4.0000	 1.0000	 2.0000	 0.0000	 2.0000	 100.0000	 0.0885	 0.2178	 0.3233	 0.0733	 0.0782	 0.0629	 0.0491	 0.0343	 0.0190	 0.0117	 0.0090	 0.0079	 0.0068	 0.0061	 0.0050	 0.0034	 0.0017	 0.0009	 0.0005	 0.0003	 0.0001	 0.0001	 	 # 0.0619	 0.1872	 0.2472	 0.1683	 0.0869	 0.0631	 0.0564	 0.0439	 0.0287	 0.0169	 0.0121	 0.0114	 0.0061	 0.0043	 0.0028	 0.0012	 0.0006	 0.0003	 0.0004	 0.0003	 0.0001	 0.0000	 
2016.0000	 1.0000	 4.0000	 1.0000	 2.0000	 0.0000	 2.0000	 100.0000	 0.0232	 0.0888	 0.2067	 0.2667	 0.2120	 0.0891	 0.0363	 0.0266	 0.0172	 0.0110	 0.0073	 0.0053	 0.0035	 0.0026	 0.0016	 0.0009	 0.0005	 0.0003	 0.0002	 0.0001	 0.0001	 0.0000	 	 # 0.0169	 0.1713	 0.2315	 0.2292	 0.1769	 0.0840	 0.0360	 0.0216	 0.0096	 0.0059	 0.0059	 0.0047	 0.0032	 0.0016	 0.0008	 0.0005	 0.0002	 0.0001	 0.0000	 0.0000	 0.0000	 0.0000	 
2017.0000	 1.0000	 4.0000	 1.0000	 2.0000	 0.0000	 2.0000	 100.0000	 0.0029	 0.0216	 0.0825	 0.1938	 0.2217	 0.1847	 0.1363	 0.0836	 0.0341	 0.0145	 0.0082	 0.0060	 0.0042	 0.0028	 0.0016	 0.0008	 0.0003	 0.0002	 0.0001	 0.0000	 0.0000	 0.0000	 	 # 0.0184	 0.0765	 0.1270	 0.2936	 0.1935	 0.1031	 0.0802	 0.0505	 0.0230	 0.0144	 0.0102	 0.0051	 0.0024	 0.0008	 0.0008	 0.0004	 0.0001	 0.0000	 0.0000	 0.0000	 0.0000	 0.0000	 
2018.0000	 1.0000	 4.0000	 1.0000	 2.0000	 0.0000	 2.0000	 100.0000	 0.0008	 0.0048	 0.0244	 0.0817	 0.1351	 0.1678	 0.1787	 0.1511	 0.1009	 0.0654	 0.0425	 0.0252	 0.0120	 0.0053	 0.0024	 0.0011	 0.0004	 0.0001	 0.0000	 0.0000	 0.0000	 0.0000	 	 # 0.0039	 0.0034	 0.0402	 0.1435	 0.1930	 0.2371	 0.1648	 0.0936	 0.0489	 0.0259	 0.0170	 0.0124	 0.0074	 0.0054	 0.0024	 0.0009	 0.0002	 0.0001	 0.0000	 0.0000	 0.0000	 0.0000	 
2019.0000	 1.0000	 4.0000	 1.0000	 2.0000	 0.0000	 2.0000	 100.0000	 0.0063	 0.0163	 0.0288	 0.0323	 0.0656	 0.1032	 0.1391	 0.1484	 0.1211	 0.0909	 0.0686	 0.0568	 0.0490	 0.0389	 0.0218	 0.0090	 0.0027	 0.0009	 0.0002	 0.0001	 0.0000	 0.0000	 	 # 0.0006	 0.0005	 0.0006	 0.0099	 0.0645	 0.1141	 0.1187	 0.1544	 0.1513	 0.1358	 0.1060	 0.0662	 0.0381	 0.0246	 0.0097	 0.0030	 0.0012	 0.0005	 0.0002	 0.0000	 0.0000	 0.0000	 
2021.0000	 1.0000	 4.0000	 1.0000	 2.0000	 0.0000	 2.0000	 100.0000	 0.1119	 0.2697	 0.3832	 0.0285	 0.0303	 0.0256	 0.0223	 0.0181	 0.0133	 0.0125	 0.0139	 0.0159	 0.0160	 0.0147	 0.0112	 0.0068	 0.0031	 0.0016	 0.0009	 0.0004	 0.0001	 0.0000	 	 # 0.0271	 0.0252	 0.0262	 0.0155	 0.0243	 0.0209	 0.0258	 0.0353	 0.0450	 0.0877	 0.1451	 0.1904	 0.1701	 0.1067	 0.0401	 0.0114	 0.0022	 0.0006	 0.0002	 0.0000	 0.0000	 0.0000	 
2022.0000	 1.0000	 4.0000	 1.0000	 2.0000	 0.0000	 2.0000	 100.0000	 0.0572	 0.1662	 0.3026	 0.2217	 0.1684	 0.0499	 0.0103	 0.0060	 0.0042	 0.0032	 0.0026	 0.0023	 0.0019	 0.0016	 0.0010	 0.0005	 0.0002	 0.0001	 0.0001	 0.0000	 0.0000	 0.0000	 	 # 0.0635	 0.1188	 0.0976	 0.2219	 0.2158	 0.1176	 0.0598	 0.0350	 0.0170	 0.0142	 0.0113	 0.0087	 0.0076	 0.0050	 0.0034	 0.0016	 0.0008	 0.0003	 0.0001	 0.0000	 0.0000	 0.0000	 
2023.0000	 1.0000	 4.0000	 1.0000	 2.0000	 0.0000	 2.0000	 100.0000	 0.0458	 0.1278	 0.2296	 0.1790	 0.1728	 0.1129	 0.0719	 0.0397	 0.0126	 0.0037	 0.0013	 0.0009	 0.0007	 0.0005	 0.0003	 0.0002	 0.0001	 0.0000	 0.0000	 0.0000	 0.0000	 0.0000	 	 # 0.0694	 0.1751	 0.3106	 0.1307	 0.0888	 0.0867	 0.0636	 0.0408	 0.0142	 0.0067	 0.0036	 0.0026	 0.0021	 0.0024	 0.0016	 0.0007	 0.0004	 0.0002	 0.0001	 0.0000	 0.0000	 0.0000	 
2024.0000	 1.0000	 4.0000	 1.0000	 2.0000	 0.0000	 2.0000	 100.0000	 0.0122	 0.0527	 0.1385	 0.2194	 0.1988	 0.1297	 0.0941	 0.0684	 0.0393	 0.0224	 0.0125	 0.0069	 0.0031	 0.0013	 0.0004	 0.0001	 0.0000	 0.0000	 0.0000	 0.0000	 0.0000	 0.0000	 	 # 0.0192	 0.1052	 0.1357	 0.1508	 0.1855	 0.1557	 0.0843	 0.0676	 0.0390	 0.0219	 0.0160	 0.0095	 0.0050	 0.0026	 0.0012	 0.0004	 0.0002	 0.0001	 0.0001	 0.0000	 0.0000	 0.0000	 
2025.0000	 1.0000	 4.0000	 1.0000	 2.0000	 0.0000	 2.0000	 100.0000	 0.0066	 0.0242	 0.0677	 0.1335	 0.1695	 0.1656	 0.1466	 0.1065	 0.0627	 0.0400	 0.0277	 0.0195	 0.0137	 0.0087	 0.0047	 0.0019	 0.0007	 0.0002	 0.0001	 0.0000	 0.0000	 0.0000	 	 # 0.0092	 0.0205	 0.0482	 0.1329	 0.1874	 0.1467	 0.1326	 0.1169	 0.0990	 0.0415	 0.0225	 0.0222	 0.0111	 0.0050	 0.0024	 0.0012	 0.0004	 0.0002	 0.0000	 0.0000	 0.0000	 0.0000	 
2026.0000	 1.0000	 4.0000	 1.0000	 2.0000	 0.0000	 2.0000	 100.0000	 0.0086	 0.0268	 0.0591	 0.0865	 0.1177	 0.1316	 0.1427	 0.1304	 0.0946	 0.0639	 0.0445	 0.0336	 0.0235	 0.0160	 0.0100	 0.0061	 0.0021	 0.0012	 0.0005	 0.0002	 0.0001	 0.0001	 	 # 0.0034	 0.0159	 0.0514	 0.0613	 0.0770	 0.1566	 0.1966	 0.1696	 0.0979	 0.0614	 0.0431	 0.0335	 0.0193	 0.0083	 0.0029	 0.0012	 0.0004	 0.0002	 0.0000	 0.0000	 0.0000	 0.0000	 
1982.0000	 1.0000	 3.0000	 2.0000	 2.0000	 0.0000	 1.0000	 100.0000	 0.0000	 0.0001	 0.0005	 0.0117	 0.1464	 0.4264	 0.2815	 0.0936	 0.0266	 0.0073	 0.0039	 0.0018	 0.0003	 0.0000	 0.0000	 0.0000	 0.0000	 0.0000	 0.0000	 0.0000	 0.0000	 0.0000	 	 # 0.0000	 0.0000	 0.0012	 0.0129	 0.1317	 0.3933	 0.2663	 0.1236	 0.0578	 0.0115	 0.0017	 0.0001	 0.0000	 0.0000	 0.0000	 0.0000	 0.0000	 0.0000	 0.0000	 0.0000	 0.0000	 0.0000	 
1983.0000	 1.0000	 3.0000	 2.0000	 2.0000	 0.0000	 1.0000	 100.0000	 0.0000	 0.0001	 0.0006	 0.0127	 0.1462	 0.4200	 0.2754	 0.0948	 0.0307	 0.0108	 0.0057	 0.0025	 0.0004	 0.0000	 0.0000	 0.0000	 0.0000	 0.0000	 0.0000	 0.0000	 0.0000	 0.0000	 	 # 0.0000	 0.0000	 0.0007	 0.0207	 0.2056	 0.4274	 0.2272	 0.0842	 0.0271	 0.0067	 0.0004	 0.0001	 0.0000	 0.0000	 0.0000	 0.0000	 0.0000	 0.0000	 0.0000	 0.0000	 0.0000	 0.0000	 
1984.0000	 1.0000	 3.0000	 2.0000	 2.0000	 0.0000	 1.0000	 100.0000	 0.0000	 0.0001	 0.0009	 0.0188	 0.1592	 0.4202	 0.2586	 0.0914	 0.0310	 0.0110	 0.0059	 0.0025	 0.0004	 0.0000	 0.0000	 0.0000	 0.0000	 0.0000	 0.0000	 0.0000	 0.0000	 0.0000	 	 # 0.0000	 0.0000	 0.0012	 0.0238	 0.1891	 0.3592	 0.2516	 0.1179	 0.0498	 0.0049	 0.0013	 0.0012	 0.0001	 0.0000	 0.0000	 0.0000	 0.0000	 0.0000	 0.0000	 0.0000	 0.0000	 0.0000	 
1985.0000	 1.0000	 3.0000	 2.0000	 2.0000	 0.0000	 1.0000	 100.0000	 0.0000	 0.0002	 0.0011	 0.0235	 0.1637	 0.4110	 0.2475	 0.0967	 0.0354	 0.0122	 0.0059	 0.0024	 0.0004	 0.0000	 0.0000	 0.0000	 0.0000	 0.0000	 0.0000	 0.0000	 0.0000	 0.0000	 	 # 0.0000	 0.0000	 0.0014	 0.0175	 0.1414	 0.4583	 0.2849	 0.0723	 0.0200	 0.0025	 0.0007	 0.0011	 0.0000	 0.0000	 0.0000	 0.0000	 0.0000	 0.0000	 0.0000	 0.0000	 0.0000	 0.0000	 
1986.0000	 1.0000	 3.0000	 2.0000	 2.0000	 0.0000	 1.0000	 100.0000	 0.0000	 0.0003	 0.0019	 0.0393	 0.1994	 0.4160	 0.2039	 0.0844	 0.0338	 0.0122	 0.0060	 0.0024	 0.0004	 0.0000	 0.0000	 0.0000	 0.0000	 0.0000	 0.0000	 0.0000	 0.0000	 0.0000	 	 # 0.0000	 0.0000	 0.0006	 0.0102	 0.1329	 0.4752	 0.2925	 0.0669	 0.0202	 0.0004	 0.0011	 0.0000	 0.0000	 0.0000	 0.0000	 0.0000	 0.0000	 0.0000	 0.0000	 0.0000	 0.0000	 0.0000	 
1987.0000	 1.0000	 3.0000	 2.0000	 2.0000	 0.0000	 1.0000	 100.0000	 0.0000	 0.0003	 0.0020	 0.0425	 0.1984	 0.4035	 0.1984	 0.0938	 0.0396	 0.0133	 0.0058	 0.0021	 0.0003	 0.0000	 0.0000	 0.0000	 0.0000	 0.0000	 0.0000	 0.0000	 0.0000	 0.0000	 	 # 0.0000	 0.0000	 0.0011	 0.0341	 0.1733	 0.3789	 0.2478	 0.1050	 0.0515	 0.0077	 0.0004	 0.0002	 0.0000	 0.0000	 0.0000	 0.0000	 0.0000	 0.0000	 0.0000	 0.0000	 0.0000	 0.0000	 
1988.0000	 1.0000	 3.0000	 2.0000	 2.0000	 0.0000	 1.0000	 100.0000	 0.0000	 0.0003	 0.0017	 0.0381	 0.1786	 0.3818	 0.2097	 0.1109	 0.0497	 0.0176	 0.0081	 0.0030	 0.0005	 0.0000	 0.0000	 0.0000	 0.0000	 0.0000	 0.0000	 0.0000	 0.0000	 0.0000	 	 # 0.0000	 0.0000	 0.0019	 0.0360	 0.1724	 0.3970	 0.2108	 0.1039	 0.0520	 0.0232	 0.0024	 0.0005	 0.0000	 0.0000	 0.0000	 0.0000	 0.0000	 0.0000	 0.0000	 0.0000	 0.0000	 0.0000	 
1989.0000	 1.0000	 4.0000	 2.0000	 2.0000	 0.0000	 1.0000	 100.0000	 0.0000	 0.0002	 0.0019	 0.0500	 0.2110	 0.3732	 0.2185	 0.0855	 0.0374	 0.0135	 0.0055	 0.0027	 0.0005	 0.0000	 0.0000	 0.0000	 0.0000	 0.0000	 0.0000	 0.0000	 0.0000	 0.0000	 	 # 0.0000	 0.0001	 0.0006	 0.0548	 0.2486	 0.3713	 0.1779	 0.0849	 0.0454	 0.0144	 0.0017	 0.0002	 0.0001	 0.0000	 0.0000	 0.0000	 0.0000	 0.0000	 0.0000	 0.0000	 0.0000	 0.0000	 
1990.0000	 1.0000	 4.0000	 2.0000	 2.0000	 0.0000	 1.0000	 100.0000	 0.0000	 0.0002	 0.0018	 0.0464	 0.1991	 0.3646	 0.2255	 0.0923	 0.0421	 0.0163	 0.0072	 0.0037	 0.0007	 0.0001	 0.0000	 0.0000	 0.0000	 0.0000	 0.0000	 0.0000	 0.0000	 0.0000	 	 # 0.0000	 0.0000	 0.0016	 0.0360	 0.1972	 0.3813	 0.2047	 0.1016	 0.0581	 0.0154	 0.0035	 0.0005	 0.0001	 0.0000	 0.0000	 0.0000	 0.0000	 0.0000	 0.0000	 0.0000	 0.0000	 0.0000	 
1991.0000	 1.0000	 4.0000	 2.0000	 2.0000	 0.0000	 1.0000	 100.0000	 0.0000	 0.0002	 0.0017	 0.0450	 0.1944	 0.3609	 0.2280	 0.0951	 0.0441	 0.0176	 0.0080	 0.0042	 0.0008	 0.0001	 0.0000	 0.0000	 0.0000	 0.0000	 0.0000	 0.0000	 0.0000	 0.0000	 	 # 0.0000	 0.0000	 0.0020	 0.0288	 0.2366	 0.3977	 0.1910	 0.0810	 0.0470	 0.0133	 0.0023	 0.0002	 0.0000	 0.0000	 0.0000	 0.0000	 0.0000	 0.0000	 0.0000	 0.0000	 0.0000	 0.0000	 
1992.0000	 1.0000	 4.0000	 2.0000	 2.0000	 0.0000	 1.0000	 100.0000	 0.0000	 0.0002	 0.0018	 0.0458	 0.1963	 0.3606	 0.2256	 0.0944	 0.0441	 0.0178	 0.0082	 0.0043	 0.0009	 0.0001	 0.0000	 0.0000	 0.0000	 0.0000	 0.0000	 0.0000	 0.0000	 0.0000	 	 # 0.0000	 0.0001	 0.0042	 0.0590	 0.1976	 0.3046	 0.2214	 0.1155	 0.0667	 0.0243	 0.0060	 0.0005	 0.0001	 0.0000	 0.0000	 0.0000	 0.0000	 0.0000	 0.0000	 0.0000	 0.0000	 0.0000	 
1993.0000	 1.0000	 4.0000	 2.0000	 2.0000	 0.0000	 1.0000	 100.0000	 0.0000	 0.0002	 0.0019	 0.0485	 0.2033	 0.3633	 0.2197	 0.0911	 0.0424	 0.0170	 0.0078	 0.0040	 0.0008	 0.0001	 0.0000	 0.0000	 0.0000	 0.0000	 0.0000	 0.0000	 0.0000	 0.0000	 	 # 0.0000	 0.0001	 0.0053	 0.0804	 0.2995	 0.3557	 0.1421	 0.0517	 0.0419	 0.0185	 0.0043	 0.0002	 0.0001	 0.0000	 0.0000	 0.0000	 0.0000	 0.0000	 0.0000	 0.0000	 0.0000	 0.0000	 
1994.0000	 1.0000	 4.0000	 2.0000	 2.0000	 0.0000	 1.0000	 100.0000	 0.0000	 0.0002	 0.0020	 0.0510	 0.2099	 0.3665	 0.2146	 0.0879	 0.0404	 0.0159	 0.0071	 0.0037	 0.0007	 0.0001	 0.0000	 0.0000	 0.0000	 0.0000	 0.0000	 0.0000	 0.0000	 0.0000	 	 # 0.0000	 0.0000	 0.0026	 0.0924	 0.2579	 0.2749	 0.2008	 0.1178	 0.0415	 0.0100	 0.0016	 0.0002	 0.0001	 0.0000	 0.0000	 0.0000	 0.0000	 0.0000	 0.0000	 0.0000	 0.0000	 0.0000	 
1995.0000	 1.0000	 4.0000	 2.0000	 2.0000	 0.0000	 1.0000	 100.0000	 0.0000	 0.0003	 0.0021	 0.0538	 0.2174	 0.3694	 0.2085	 0.0845	 0.0385	 0.0149	 0.0066	 0.0033	 0.0007	 0.0000	 0.0000	 0.0000	 0.0000	 0.0000	 0.0000	 0.0000	 0.0000	 0.0000	 	 # 0.0000	 0.0000	 0.0023	 0.0649	 0.2818	 0.3688	 0.1866	 0.0549	 0.0315	 0.0085	 0.0004	 0.0001	 0.0000	 0.0000	 0.0000	 0.0000	 0.0000	 0.0000	 0.0000	 0.0000	 0.0000	 0.0000	 
1996.0000	 1.0000	 4.0000	 2.0000	 2.0000	 0.0000	 1.0000	 100.0000	 0.0000	 0.0002	 0.0020	 0.0515	 0.2111	 0.3678	 0.2148	 0.0875	 0.0396	 0.0150	 0.0065	 0.0033	 0.0006	 0.0000	 0.0000	 0.0000	 0.0000	 0.0000	 0.0000	 0.0000	 0.0000	 0.0000	 	 # 0.0000	 0.0000	 0.0047	 0.1075	 0.3321	 0.3306	 0.1524	 0.0511	 0.0168	 0.0041	 0.0004	 0.0002	 0.0000	 0.0000	 0.0000	 0.0000	 0.0000	 0.0000	 0.0000	 0.0000	 0.0000	 0.0000	 
1997.0000	 1.0000	 4.0000	 2.0000	 2.0000	 0.0000	 1.0000	 100.0000	 0.0000	 0.0002	 0.0019	 0.0490	 0.2034	 0.3636	 0.2204	 0.0916	 0.0420	 0.0163	 0.0072	 0.0037	 0.0007	 0.0001	 0.0000	 0.0000	 0.0000	 0.0000	 0.0000	 0.0000	 0.0000	 0.0000	 	 # 0.0000	 0.0000	 0.0091	 0.0803	 0.2924	 0.3563	 0.1993	 0.0465	 0.0140	 0.0013	 0.0002	 0.0006	 0.0000	 0.0000	 0.0000	 0.0000	 0.0000	 0.0000	 0.0000	 0.0000	 0.0000	 0.0000	 
1998.0000	 1.0000	 4.0000	 2.0000	 2.0000	 0.0000	 1.0000	 100.0000	 0.0000	 0.0002	 0.0017	 0.0457	 0.1939	 0.3588	 0.2276	 0.0964	 0.0448	 0.0177	 0.0080	 0.0041	 0.0008	 0.0001	 0.0000	 0.0000	 0.0000	 0.0000	 0.0000	 0.0000	 0.0000	 0.0000	 	 # 0.0000	 0.0000	 0.0046	 0.0804	 0.2931	 0.3647	 0.1874	 0.0560	 0.0103	 0.0032	 0.0003	 0.0001	 0.0000	 0.0000	 0.0000	 0.0000	 0.0000	 0.0000	 0.0000	 0.0000	 0.0000	 0.0000	 
1999.0000	 1.0000	 4.0000	 2.0000	 2.0000	 0.0000	 1.0000	 100.0000	 0.0000	 0.0002	 0.0017	 0.0453	 0.1921	 0.3562	 0.2275	 0.0977	 0.0462	 0.0188	 0.0087	 0.0045	 0.0009	 0.0001	 0.0000	 0.0000	 0.0000	 0.0000	 0.0000	 0.0000	 0.0000	 0.0000	 	 # 0.0000	 0.0000	 0.0005	 0.0398	 0.2505	 0.3829	 0.2154	 0.0765	 0.0223	 0.0104	 0.0012	 0.0003	 0.0000	 0.0000	 0.0000	 0.0000	 0.0000	 0.0000	 0.0000	 0.0000	 0.0000	 0.0000	 
2000.0000	 1.0000	 4.0000	 2.0000	 2.0000	 0.0000	 1.0000	 100.0000	 0.0000	 0.0002	 0.0019	 0.0487	 0.2013	 0.3595	 0.2193	 0.0933	 0.0441	 0.0180	 0.0083	 0.0044	 0.0009	 0.0001	 0.0000	 0.0000	 0.0000	 0.0000	 0.0000	 0.0000	 0.0000	 0.0000	 	 # 0.0000	 0.0000	 0.0014	 0.0335	 0.1738	 0.3836	 0.2988	 0.0753	 0.0214	 0.0116	 0.0004	 0.0001	 0.0000	 0.0000	 0.0000	 0.0000	 0.0000	 0.0000	 0.0000	 0.0000	 0.0000	 0.0000	 
2001.0000	 1.0000	 4.0000	 2.0000	 2.0000	 0.0000	 1.0000	 100.0000	 0.0000	 0.0002	 0.0020	 0.0519	 0.2107	 0.3646	 0.2127	 0.0885	 0.0411	 0.0163	 0.0074	 0.0038	 0.0008	 0.0001	 0.0000	 0.0000	 0.0000	 0.0000	 0.0000	 0.0000	 0.0000	 0.0000	 	 # 0.0000	 0.0000	 0.0013	 0.0133	 0.1080	 0.3842	 0.3429	 0.1040	 0.0367	 0.0090	 0.0005	 0.0001	 0.0000	 0.0000	 0.0000	 0.0000	 0.0000	 0.0000	 0.0000	 0.0000	 0.0000	 0.0000	 
2002.0000	 1.0000	 4.0000	 2.0000	 2.0000	 0.0000	 1.0000	 100.0000	 0.0000	 0.0002	 0.0020	 0.0505	 0.2069	 0.3645	 0.2171	 0.0901	 0.0413	 0.0160	 0.0070	 0.0036	 0.0007	 0.0001	 0.0000	 0.0000	 0.0000	 0.0000	 0.0000	 0.0000	 0.0000	 0.0000	 	 # 0.0000	 0.0000	 0.0001	 0.0107	 0.1688	 0.4266	 0.2333	 0.1073	 0.0452	 0.0067	 0.0006	 0.0004	 0.0001	 0.0000	 0.0001	 0.0001	 0.0001	 0.0000	 0.0000	 0.0000	 0.0000	 0.0000	 
2003.0000	 1.0000	 4.0000	 2.0000	 2.0000	 0.0000	 1.0000	 100.0000	 0.0000	 0.0002	 0.0020	 0.0511	 0.2081	 0.3639	 0.2152	 0.0898	 0.0416	 0.0163	 0.0073	 0.0037	 0.0007	 0.0001	 0.0000	 0.0000	 0.0000	 0.0000	 0.0000	 0.0000	 0.0000	 0.0000	 	 # 0.0000	 0.0001	 0.0000	 0.0131	 0.2146	 0.3706	 0.2780	 0.0801	 0.0392	 0.0034	 0.0005	 0.0002	 0.0000	 0.0000	 0.0000	 0.0000	 0.0000	 0.0000	 0.0000	 0.0000	 0.0000	 0.0000	 
2004.0000	 1.0000	 4.0000	 2.0000	 2.0000	 0.0000	 1.0000	 100.0000	 0.0000	 0.0004	 0.0033	 0.0776	 0.2805	 0.3895	 0.1510	 0.0553	 0.0253	 0.0099	 0.0044	 0.0022	 0.0004	 0.0000	 0.0000	 0.0000	 0.0000	 0.0000	 0.0000	 0.0000	 0.0000	 0.0000	 	 # 0.0000	 0.0012	 0.0409	 0.0828	 0.2191	 0.3587	 0.2029	 0.0676	 0.0228	 0.0027	 0.0010	 0.0002	 0.0001	 0.0000	 0.0000	 0.0000	 0.0000	 0.0000	 0.0000	 0.0000	 0.0000	 0.0000	 
2005.0000	 1.0000	 4.0000	 2.0000	 2.0000	 0.0000	 1.0000	 100.0000	 0.0000	 0.0002	 0.0020	 0.0534	 0.2172	 0.3760	 0.2149	 0.0835	 0.0351	 0.0114	 0.0040	 0.0018	 0.0003	 0.0000	 0.0000	 0.0000	 0.0000	 0.0000	 0.0000	 0.0000	 0.0000	 0.0000	 	 # 0.0000	 0.0000	 0.0020	 0.0445	 0.1624	 0.4020	 0.2764	 0.0795	 0.0196	 0.0115	 0.0020	 0.0002	 0.0000	 0.0000	 0.0000	 0.0000	 0.0000	 0.0000	 0.0000	 0.0000	 0.0000	 0.0000	 
2006.0000	 1.0000	 4.0000	 2.0000	 2.0000	 0.0000	 1.0000	 100.0000	 0.0000	 0.0002	 0.0019	 0.0485	 0.2008	 0.3614	 0.2221	 0.0935	 0.0432	 0.0167	 0.0073	 0.0037	 0.0007	 0.0001	 0.0000	 0.0000	 0.0000	 0.0000	 0.0000	 0.0000	 0.0000	 0.0000	 	 # 0.0000	 0.0000	 0.0002	 0.0060	 0.0812	 0.2706	 0.3113	 0.2188	 0.0835	 0.0234	 0.0034	 0.0015	 0.0000	 0.0000	 0.0000	 0.0000	 0.0000	 0.0000	 0.0000	 0.0000	 0.0000	 0.0000	 
2007.0000	 1.0000	 4.0000	 2.0000	 2.0000	 0.0000	 1.0000	 100.0000	 0.0000	 0.0002	 0.0019	 0.0488	 0.2012	 0.3598	 0.2201	 0.0935	 0.0439	 0.0175	 0.0080	 0.0041	 0.0008	 0.0001	 0.0000	 0.0000	 0.0000	 0.0000	 0.0000	 0.0000	 0.0000	 0.0000	 	 # 0.0000	 0.0000	 0.0004	 0.0396	 0.1374	 0.3208	 0.2404	 0.1111	 0.0859	 0.0545	 0.0085	 0.0010	 0.0003	 0.0000	 0.0000	 0.0000	 0.0000	 0.0000	 0.0000	 0.0000	 0.0000	 0.0000	 
2008.0000	 1.0000	 4.0000	 2.0000	 2.0000	 0.0000	 1.0000	 100.0000	 0.0000	 0.0002	 0.0018	 0.0464	 0.1947	 0.3578	 0.2261	 0.0965	 0.0452	 0.0180	 0.0082	 0.0042	 0.0008	 0.0001	 0.0000	 0.0000	 0.0000	 0.0000	 0.0000	 0.0000	 0.0000	 0.0000	 	 # 0.0000	 0.0000	 0.0002	 0.0529	 0.1104	 0.2824	 0.2096	 0.1832	 0.1203	 0.0370	 0.0035	 0.0004	 0.0001	 0.0000	 0.0000	 0.0000	 0.0000	 0.0000	 0.0000	 0.0000	 0.0000	 0.0000	 
2009.0000	 1.0000	 4.0000	 2.0000	 2.0000	 0.0000	 1.0000	 100.0000	 0.0000	 0.0002	 0.0021	 0.0523	 0.2103	 0.3620	 0.2111	 0.0894	 0.0423	 0.0172	 0.0079	 0.0041	 0.0008	 0.0001	 0.0000	 0.0000	 0.0000	 0.0000	 0.0000	 0.0000	 0.0000	 0.0000	 	 # 0.0000	 0.0000	 0.0002	 0.0156	 0.1077	 0.3192	 0.2498	 0.1592	 0.1031	 0.0371	 0.0071	 0.0005	 0.0004	 0.0000	 0.0000	 0.0000	 0.0000	 0.0000	 0.0000	 0.0000	 0.0000	 0.0000	 
2010.0000	 1.0000	 4.0000	 2.0000	 2.0000	 0.0000	 1.0000	 100.0000	 0.0000	 0.0003	 0.0027	 0.0655	 0.2474	 0.3782	 0.1808	 0.0710	 0.0325	 0.0126	 0.0055	 0.0028	 0.0006	 0.0000	 0.0000	 0.0000	 0.0000	 0.0000	 0.0000	 0.0000	 0.0000	 0.0000	 	 # 0.0000	 0.0000	 0.0049	 0.1431	 0.1779	 0.3546	 0.2068	 0.0718	 0.0336	 0.0066	 0.0005	 0.0001	 0.0000	 0.0000	 0.0000	 0.0000	 0.0000	 0.0000	 0.0000	 0.0000	 0.0000	 0.0000	 
2011.0000	 1.0000	 4.0000	 2.0000	 2.0000	 0.0000	 1.0000	 100.0000	 0.0000	 0.0002	 0.0021	 0.0542	 0.2182	 0.3727	 0.2110	 0.0839	 0.0367	 0.0129	 0.0051	 0.0024	 0.0005	 0.0000	 0.0000	 0.0000	 0.0000	 0.0000	 0.0000	 0.0000	 0.0000	 0.0000	 	 # 0.0000	 0.0000	 0.0000	 0.0566	 0.2230	 0.4160	 0.2080	 0.0653	 0.0245	 0.0059	 0.0005	 0.0000	 0.0000	 0.0000	 0.0000	 0.0000	 0.0000	 0.0000	 0.0000	 0.0000	 0.0000	 0.0000	 
2012.0000	 1.0000	 4.0000	 2.0000	 2.0000	 0.0000	 1.0000	 100.0000	 0.0000	 0.0002	 0.0019	 0.0496	 0.2039	 0.3631	 0.2199	 0.0919	 0.0421	 0.0161	 0.0070	 0.0035	 0.0007	 0.0001	 0.0000	 0.0000	 0.0000	 0.0000	 0.0000	 0.0000	 0.0000	 0.0000	 	 # 0.0000	 0.0001	 0.0048	 0.0561	 0.2714	 0.3757	 0.1913	 0.0526	 0.0259	 0.0153	 0.0060	 0.0006	 0.0001	 0.0001	 0.0000	 0.0000	 0.0000	 0.0000	 0.0000	 0.0000	 0.0000	 0.0000	 
2013.0000	 1.0000	 4.0000	 2.0000	 2.0000	 0.0000	 1.0000	 100.0000	 0.0000	 0.0002	 0.0020	 0.0508	 0.2068	 0.3623	 0.2156	 0.0908	 0.0424	 0.0168	 0.0076	 0.0039	 0.0008	 0.0001	 0.0000	 0.0000	 0.0000	 0.0000	 0.0000	 0.0000	 0.0000	 0.0000	 	 # 0.0000	 0.0035	 0.0014	 0.0641	 0.2277	 0.3782	 0.1715	 0.0723	 0.0435	 0.0293	 0.0070	 0.0011	 0.0003	 0.0000	 0.0000	 0.0000	 0.0000	 0.0000	 0.0000	 0.0000	 0.0000	 0.0000	 
2014.0000	 1.0000	 4.0000	 2.0000	 2.0000	 0.0000	 1.0000	 100.0000	 0.0000	 0.0002	 0.0018	 0.0475	 0.1981	 0.3601	 0.2240	 0.0947	 0.0439	 0.0172	 0.0077	 0.0039	 0.0008	 0.0001	 0.0000	 0.0000	 0.0000	 0.0000	 0.0000	 0.0000	 0.0000	 0.0000	 	 # 0.0000	 0.0000	 0.0013	 0.0679	 0.1896	 0.3274	 0.2026	 0.0721	 0.0682	 0.0545	 0.0141	 0.0014	 0.0008	 0.0001	 0.0000	 0.0000	 0.0000	 0.0000	 0.0000	 0.0000	 0.0000	 0.0000	 
2015.0000	 1.0000	 4.0000	 2.0000	 2.0000	 0.0000	 1.0000	 100.0000	 0.0000	 0.0002	 0.0018	 0.0479	 0.1984	 0.3583	 0.2222	 0.0951	 0.0448	 0.0180	 0.0082	 0.0043	 0.0009	 0.0001	 0.0000	 0.0000	 0.0000	 0.0000	 0.0000	 0.0000	 0.0000	 0.0000	 	 # 0.0000	 0.0000	 0.0009	 0.0342	 0.1542	 0.3183	 0.2239	 0.0995	 0.0781	 0.0677	 0.0197	 0.0033	 0.0003	 0.0000	 0.0000	 0.0000	 0.0000	 0.0000	 0.0000	 0.0000	 0.0000	 0.0000	 
2016.0000	 1.0000	 4.0000	 2.0000	 2.0000	 0.0000	 1.0000	 100.0000	 0.0000	 0.0003	 0.0023	 0.0567	 0.2226	 0.3675	 0.2012	 0.0833	 0.0390	 0.0156	 0.0071	 0.0037	 0.0007	 0.0001	 0.0000	 0.0000	 0.0000	 0.0000	 0.0000	 0.0000	 0.0000	 0.0000	 	 # 0.0000	 0.0000	 0.0002	 0.0642	 0.1395	 0.3359	 0.2123	 0.1024	 0.0810	 0.0495	 0.0123	 0.0020	 0.0005	 0.0000	 0.0000	 0.0000	 0.0000	 0.0000	 0.0000	 0.0000	 0.0000	 0.0000	 
2017.0000	 1.0000	 4.0000	 2.0000	 2.0000	 0.0000	 1.0000	 100.0000	 0.0000	 0.0004	 0.0029	 0.0710	 0.2628	 0.3849	 0.1683	 0.0634	 0.0284	 0.0106	 0.0045	 0.0023	 0.0004	 0.0000	 0.0000	 0.0000	 0.0000	 0.0000	 0.0000	 0.0000	 0.0000	 0.0000	 	 # 0.0000	 0.0000	 0.0212	 0.1674	 0.2528	 0.3125	 0.1657	 0.0498	 0.0230	 0.0053	 0.0013	 0.0001	 0.0000	 0.0009	 0.0000	 0.0000	 0.0000	 0.0000	 0.0000	 0.0000	 0.0000	 0.0000	 
2018.0000	 1.0000	 4.0000	 2.0000	 2.0000	 0.0000	 1.0000	 100.0000	 0.0000	 0.0004	 0.0029	 0.0711	 0.2644	 0.3887	 0.1697	 0.0620	 0.0265	 0.0090	 0.0034	 0.0016	 0.0003	 0.0000	 0.0000	 0.0000	 0.0000	 0.0000	 0.0000	 0.0000	 0.0000	 0.0000	 	 # 0.0001	 0.0000	 0.0030	 0.1057	 0.3398	 0.3585	 0.1285	 0.0434	 0.0186	 0.0019	 0.0004	 0.0000	 0.0000	 0.0001	 0.0000	 0.0000	 0.0000	 0.0000	 0.0000	 0.0000	 0.0000	 0.0000	 
2019.0000	 1.0000	 4.0000	 2.0000	 2.0000	 0.0000	 1.0000	 100.0000	 0.0000	 0.0004	 0.0029	 0.0704	 0.2625	 0.3881	 0.1715	 0.0629	 0.0269	 0.0091	 0.0034	 0.0016	 0.0003	 0.0000	 0.0000	 0.0000	 0.0000	 0.0000	 0.0000	 0.0000	 0.0000	 0.0000	 	 # 0.0000	 0.0003	 0.0026	 0.0491	 0.2604	 0.4338	 0.1759	 0.0520	 0.0203	 0.0052	 0.0002	 0.0000	 0.0000	 0.0000	 0.0000	 0.0000	 0.0000	 0.0000	 0.0000	 0.0000	 0.0000	 0.0000	 
2021.0000	 1.0000	 4.0000	 2.0000	 2.0000	 0.0000	 1.0000	 100.0000	 0.0000	 0.0004	 0.0031	 0.0746	 0.2738	 0.3916	 0.1610	 0.0576	 0.0246	 0.0083	 0.0031	 0.0015	 0.0003	 0.0000	 0.0000	 0.0000	 0.0000	 0.0000	 0.0000	 0.0000	 0.0000	 0.0000	 	 # 0.0000	 0.0029	 0.0024	 0.0529	 0.3078	 0.4578	 0.1324	 0.0388	 0.0028	 0.0021	 0.0000	 0.0001	 0.0000	 0.0000	 0.0001	 0.0000	 0.0000	 0.0000	 0.0000	 0.0000	 0.0000	 0.0000	 
2022.0000	 1.0000	 4.0000	 2.0000	 2.0000	 0.0000	 1.0000	 100.0000	 0.0000	 0.0004	 0.0030	 0.0723	 0.2681	 0.3914	 0.1676	 0.0599	 0.0250	 0.0080	 0.0028	 0.0012	 0.0002	 0.0000	 0.0000	 0.0000	 0.0000	 0.0000	 0.0000	 0.0000	 0.0000	 0.0000	 	 # 0.0000	 0.0000	 0.0044	 0.0790	 0.2434	 0.4053	 0.1980	 0.0456	 0.0239	 0.0000	 0.0002	 0.0000	 0.0000	 0.0001	 0.0000	 0.0000	 0.0000	 0.0000	 0.0000	 0.0000	 0.0000	 0.0000	 
2023.0000	 1.0000	 4.0000	 2.0000	 2.0000	 0.0000	 1.0000	 100.0000	 0.0000	 0.0004	 0.0029	 0.0698	 0.2609	 0.3880	 0.1733	 0.0636	 0.0271	 0.0090	 0.0033	 0.0015	 0.0003	 0.0000	 0.0000	 0.0000	 0.0000	 0.0000	 0.0000	 0.0000	 0.0000	 0.0000	 	 # 0.0000	 0.0000	 0.0051	 0.0519	 0.2522	 0.4871	 0.1378	 0.0453	 0.0138	 0.0038	 0.0002	 0.0027	 0.0000	 0.0000	 0.0000	 0.0001	 0.0000	 0.0000	 0.0000	 0.0000	 0.0000	 0.0000	 
2024.0000	 1.0000	 4.0000	 2.0000	 2.0000	 0.0000	 1.0000	 100.0000	 0.0000	 0.0004	 0.0034	 0.0803	 0.2890	 0.3961	 0.1467	 0.0505	 0.0217	 0.0074	 0.0028	 0.0013	 0.0003	 0.0000	 0.0000	 0.0000	 0.0000	 0.0000	 0.0000	 0.0000	 0.0000	 0.0000	 	 # 0.0000	 0.0000	 0.0013	 0.0675	 0.2963	 0.3555	 0.1710	 0.0753	 0.0188	 0.0073	 0.0054	 0.0010	 0.0006	 0.0000	 0.0000	 0.0000	 0.0000	 0.0000	 0.0000	 0.0000	 0.0000	 0.0000	 
2025.0000	 1.0000	 4.0000	 2.0000	 2.0000	 0.0000	 1.0000	 100.0000	 0.0000	 0.0003	 0.0022	 0.0562	 0.2250	 0.3789	 0.2082	 0.0798	 0.0333	 0.0106	 0.0036	 0.0016	 0.0003	 0.0000	 0.0000	 0.0000	 0.0000	 0.0000	 0.0000	 0.0000	 0.0000	 0.0000	 	 # 0.0000	 0.0000	 0.0039	 0.0417	 0.1365	 0.2858	 0.2411	 0.0921	 0.0997	 0.0773	 0.0190	 0.0022	 0.0006	 0.0000	 0.0001	 0.0000	 0.0000	 0.0000	 0.0000	 0.0000	 0.0000	 0.0000	 
2026.0000	 1.0000	 4.0000	 2.0000	 2.0000	 0.0000	 1.0000	 100.0000	 0.0000	 0.0002	 0.0019	 0.0490	 0.2024	 0.3626	 0.2212	 0.0927	 0.0425	 0.0162	 0.0070	 0.0035	 0.0007	 0.0001	 0.0000	 0.0000	 0.0000	 0.0000	 0.0000	 0.0000	 0.0000	 0.0000	 	 # 0.0000	 0.0000	 0.0024	 0.0287	 0.1227	 0.2964	 0.2861	 0.1293	 0.0646	 0.0615	 0.0075	 0.0007	 0.0000	 0.0000	 0.0000	 0.0000	 0.0000	 0.0000	 0.0000	 0.0000	 0.0000	 0.0000	 
1982.0000	 1.0000	 3.0000	 1.0000	 2.0000	 0.0000	 1.0000	 100.0000	 0.0000	 0.0000	 0.0033	 0.0109	 0.0230	 0.0491	 0.0893	 0.0988	 0.0881	 0.0893	 0.0929	 0.0728	 0.0558	 0.0486	 0.0470	 0.0941	 0.0597	 0.0332	 0.0169	 0.0096	 0.0055	 0.0118	 	 # 0.0000	 0.0000	 0.0001	 0.0027	 0.0159	 0.0572	 0.1054	 0.1142	 0.1089	 0.1178	 0.1236	 0.0954	 0.0713	 0.0564	 0.0485	 0.0402	 0.0201	 0.0122	 0.0047	 0.0032	 0.0014	 0.0007	 
1983.0000	 1.0000	 3.0000	 1.0000	 2.0000	 0.0000	 1.0000	 100.0000	 0.0000	 0.0000	 0.0035	 0.0140	 0.0231	 0.0501	 0.0877	 0.0977	 0.0908	 0.0905	 0.0908	 0.0774	 0.0627	 0.0530	 0.0468	 0.0708	 0.0522	 0.0366	 0.0221	 0.0128	 0.0076	 0.0099	 	 # 0.0000	 0.0001	 0.0004	 0.0015	 0.0120	 0.0441	 0.0936	 0.1129	 0.1059	 0.0951	 0.0915	 0.0863	 0.0890	 0.0877	 0.0675	 0.0490	 0.0344	 0.0172	 0.0069	 0.0035	 0.0013	 0.0003	 
1984.0000	 1.0000	 3.0000	 1.0000	 2.0000	 0.0000	 1.0000	 100.0000	 0.0000	 0.0000	 0.0038	 0.0164	 0.0283	 0.0545	 0.0867	 0.0931	 0.0853	 0.0850	 0.0846	 0.0737	 0.0614	 0.0548	 0.0510	 0.0616	 0.0509	 0.0402	 0.0277	 0.0181	 0.0117	 0.0111	 	 # 0.0001	 0.0001	 0.0028	 0.0080	 0.0300	 0.0374	 0.0600	 0.0652	 0.0645	 0.0695	 0.0773	 0.0715	 0.0672	 0.0822	 0.0871	 0.0770	 0.0762	 0.0603	 0.0379	 0.0185	 0.0054	 0.0018	 
1985.0000	 1.0000	 3.0000	 1.0000	 2.0000	 0.0000	 1.0000	 100.0000	 0.0000	 0.0000	 0.0042	 0.0191	 0.0332	 0.0604	 0.0960	 0.1023	 0.0875	 0.0831	 0.0793	 0.0684	 0.0572	 0.0526	 0.0501	 0.0514	 0.0442	 0.0368	 0.0279	 0.0203	 0.0143	 0.0117	 	 # 0.0000	 0.0000	 0.0032	 0.0125	 0.0162	 0.0289	 0.0495	 0.0609	 0.0467	 0.0525	 0.0685	 0.0698	 0.0707	 0.0725	 0.0801	 0.0914	 0.0903	 0.0856	 0.0606	 0.0309	 0.0072	 0.0019	 
1986.0000	 1.0000	 3.0000	 1.0000	 2.0000	 0.0000	 1.0000	 100.0000	 0.0000	 0.0000	 0.0050	 0.0232	 0.0397	 0.0675	 0.1046	 0.1107	 0.0920	 0.0869	 0.0814	 0.0684	 0.0556	 0.0506	 0.0472	 0.0413	 0.0350	 0.0292	 0.0228	 0.0172	 0.0123	 0.0094	 	 # 0.0000	 0.0001	 0.0062	 0.0134	 0.0239	 0.0605	 0.0970	 0.1022	 0.0894	 0.0805	 0.0717	 0.0617	 0.0438	 0.0452	 0.0527	 0.0616	 0.0621	 0.0582	 0.0390	 0.0222	 0.0067	 0.0019	 
1987.0000	 1.0000	 3.0000	 1.0000	 2.0000	 0.0000	 1.0000	 100.0000	 0.0000	 0.0000	 0.0053	 0.0251	 0.0438	 0.0741	 0.1143	 0.1185	 0.0946	 0.0876	 0.0805	 0.0670	 0.0541	 0.0497	 0.0463	 0.0352	 0.0298	 0.0245	 0.0190	 0.0141	 0.0098	 0.0069	 	 # 0.0000	 0.0000	 0.0110	 0.0311	 0.0488	 0.0788	 0.1296	 0.1184	 0.0854	 0.0702	 0.0677	 0.0540	 0.0436	 0.0505	 0.0507	 0.0528	 0.0424	 0.0300	 0.0204	 0.0099	 0.0036	 0.0009	 
1988.0000	 1.0000	 3.0000	 1.0000	 2.0000	 0.0000	 1.0000	 100.0000	 0.0000	 0.0000	 0.0038	 0.0196	 0.0377	 0.0724	 0.1206	 0.1269	 0.1007	 0.0928	 0.0838	 0.0683	 0.0541	 0.0495	 0.0456	 0.0310	 0.0264	 0.0221	 0.0174	 0.0130	 0.0088	 0.0056	 	 # 0.0001	 0.0000	 0.0043	 0.0120	 0.0331	 0.0827	 0.1204	 0.1200	 0.0905	 0.0916	 0.0795	 0.0657	 0.0453	 0.0455	 0.0453	 0.0474	 0.0375	 0.0300	 0.0237	 0.0156	 0.0080	 0.0019	 
1989.0000	 1.0000	 4.0000	 1.0000	 2.0000	 0.0000	 1.0000	 100.0000	 0.0000	 0.0000	 0.0026	 0.0117	 0.0290	 0.0600	 0.0980	 0.1167	 0.1027	 0.0915	 0.0815	 0.0673	 0.0542	 0.0502	 0.0520	 0.0561	 0.0439	 0.0317	 0.0215	 0.0142	 0.0090	 0.0063	 	 # 0.0000	 0.0006	 0.0017	 0.0125	 0.0260	 0.0540	 0.0872	 0.1021	 0.1210	 0.1225	 0.1017	 0.0753	 0.0551	 0.0522	 0.0521	 0.0454	 0.0368	 0.0228	 0.0155	 0.0101	 0.0036	 0.0018	 
1990.0000	 1.0000	 4.0000	 1.0000	 2.0000	 0.0000	 1.0000	 100.0000	 0.0000	 0.0000	 0.0022	 0.0100	 0.0246	 0.0518	 0.0863	 0.1037	 0.0925	 0.0856	 0.0799	 0.0691	 0.0575	 0.0555	 0.0599	 0.0636	 0.0533	 0.0397	 0.0273	 0.0182	 0.0115	 0.0079	 	 # 0.0000	 0.0000	 0.0010	 0.0042	 0.0090	 0.0245	 0.0480	 0.0547	 0.0585	 0.0683	 0.0688	 0.0684	 0.0675	 0.0964	 0.1104	 0.1044	 0.0800	 0.0562	 0.0438	 0.0224	 0.0089	 0.0045	 
1991.0000	 1.0000	 4.0000	 1.0000	 2.0000	 0.0000	 1.0000	 100.0000	 0.0000	 0.0000	 0.0021	 0.0096	 0.0233	 0.0493	 0.0836	 0.1014	 0.0916	 0.0871	 0.0823	 0.0723	 0.0609	 0.0597	 0.0635	 0.0583	 0.0479	 0.0385	 0.0287	 0.0201	 0.0127	 0.0073	 	 # 0.0001	 0.0000	 0.0018	 0.0096	 0.0191	 0.0283	 0.0605	 0.0704	 0.0584	 0.0495	 0.0507	 0.0503	 0.0556	 0.0749	 0.0744	 0.0713	 0.0690	 0.0870	 0.0728	 0.0562	 0.0266	 0.0134	 
1992.0000	 1.0000	 4.0000	 1.0000	 2.0000	 0.0000	 1.0000	 100.0000	 0.0000	 0.0000	 0.0026	 0.0134	 0.0282	 0.0508	 0.0810	 0.0982	 0.0893	 0.0857	 0.0821	 0.0727	 0.0609	 0.0588	 0.0617	 0.0530	 0.0429	 0.0351	 0.0282	 0.0227	 0.0175	 0.0151	 	 # 0.0000	 0.0000	 0.0065	 0.0311	 0.0735	 0.0615	 0.0577	 0.0668	 0.0620	 0.0549	 0.0657	 0.0577	 0.0506	 0.0511	 0.0523	 0.0595	 0.0630	 0.0670	 0.0570	 0.0384	 0.0159	 0.0077	 
1993.0000	 1.0000	 4.0000	 1.0000	 2.0000	 0.0000	 1.0000	 100.0000	 0.0000	 0.0000	 0.0037	 0.0211	 0.0466	 0.0743	 0.1066	 0.1136	 0.0909	 0.0824	 0.0773	 0.0689	 0.0583	 0.0561	 0.0567	 0.0424	 0.0313	 0.0241	 0.0182	 0.0131	 0.0086	 0.0058	 	 # 0.0000	 0.0000	 0.0079	 0.0367	 0.0869	 0.1620	 0.1823	 0.1354	 0.0795	 0.0574	 0.0440	 0.0330	 0.0238	 0.0240	 0.0254	 0.0265	 0.0213	 0.0206	 0.0170	 0.0103	 0.0038	 0.0023	 
1994.0000	 1.0000	 4.0000	 1.0000	 2.0000	 0.0000	 1.0000	 100.0000	 0.0000	 0.0000	 0.0026	 0.0171	 0.0466	 0.0951	 0.1463	 0.1490	 0.1147	 0.0935	 0.0767	 0.0609	 0.0470	 0.0415	 0.0381	 0.0234	 0.0157	 0.0118	 0.0088	 0.0060	 0.0035	 0.0018	 	 # 0.0000	 0.0026	 0.0122	 0.0329	 0.0431	 0.1012	 0.1534	 0.1423	 0.1182	 0.0945	 0.0744	 0.0508	 0.0318	 0.0274	 0.0216	 0.0257	 0.0188	 0.0174	 0.0155	 0.0097	 0.0048	 0.0016	 
1995.0000	 1.0000	 4.0000	 1.0000	 2.0000	 0.0000	 1.0000	 100.0000	 0.0000	 0.0000	 0.0022	 0.0147	 0.0409	 0.0870	 0.1403	 0.1494	 0.1199	 0.0995	 0.0829	 0.0650	 0.0493	 0.0422	 0.0385	 0.0251	 0.0166	 0.0113	 0.0071	 0.0043	 0.0024	 0.0014	 	 # 0.0000	 0.0000	 0.0028	 0.0132	 0.0312	 0.0861	 0.1259	 0.1604	 0.1462	 0.1316	 0.0899	 0.0589	 0.0382	 0.0316	 0.0260	 0.0214	 0.0133	 0.0102	 0.0075	 0.0040	 0.0013	 0.0004	 
1996.0000	 1.0000	 4.0000	 1.0000	 2.0000	 0.0000	 1.0000	 100.0000	 0.0000	 0.0000	 0.0017	 0.0113	 0.0316	 0.0687	 0.1138	 0.1270	 0.1092	 0.0975	 0.0869	 0.0719	 0.0560	 0.0523	 0.0492	 0.0401	 0.0309	 0.0225	 0.0145	 0.0086	 0.0045	 0.0021	 	 # 0.0000	 0.0000	 0.0007	 0.0074	 0.0193	 0.0392	 0.0788	 0.1104	 0.1237	 0.1172	 0.1097	 0.0861	 0.0673	 0.0623	 0.0482	 0.0459	 0.0370	 0.0238	 0.0129	 0.0065	 0.0024	 0.0010	 
1997.0000	 1.0000	 4.0000	 1.0000	 2.0000	 0.0000	 1.0000	 100.0000	 0.0000	 0.0000	 0.0015	 0.0099	 0.0278	 0.0598	 0.0990	 0.1116	 0.0975	 0.0891	 0.0819	 0.0701	 0.0570	 0.0551	 0.0539	 0.0482	 0.0437	 0.0359	 0.0259	 0.0176	 0.0099	 0.0048	 	 # 0.0001	 0.0000	 0.0001	 0.0010	 0.0035	 0.0117	 0.0267	 0.0557	 0.0738	 0.0994	 0.0963	 0.0902	 0.0824	 0.0753	 0.0746	 0.0731	 0.0752	 0.0673	 0.0473	 0.0279	 0.0133	 0.0049	 
1998.0000	 1.0000	 4.0000	 1.0000	 2.0000	 0.0000	 1.0000	 100.0000	 0.0000	 0.0000	 0.0016	 0.0103	 0.0270	 0.0577	 0.0960	 0.1092	 0.0961	 0.0885	 0.0819	 0.0706	 0.0580	 0.0562	 0.0546	 0.0446	 0.0387	 0.0328	 0.0272	 0.0218	 0.0159	 0.0113	 	 # 0.0001	 0.0000	 0.0012	 0.0048	 0.0110	 0.0161	 0.0322	 0.0473	 0.0645	 0.0661	 0.0642	 0.0650	 0.0681	 0.0753	 0.0847	 0.0970	 0.0954	 0.0900	 0.0617	 0.0369	 0.0136	 0.0048	 
1999.0000	 1.0000	 4.0000	 1.0000	 2.0000	 0.0000	 1.0000	 100.0000	 0.0000	 0.0000	 0.0025	 0.0130	 0.0306	 0.0646	 0.1068	 0.1220	 0.1075	 0.0985	 0.0910	 0.0785	 0.0642	 0.0606	 0.0538	 0.0303	 0.0209	 0.0171	 0.0144	 0.0113	 0.0076	 0.0046	 	 # 0.0004	 0.0007	 0.0017	 0.0024	 0.0069	 0.0224	 0.0456	 0.0697	 0.0722	 0.0681	 0.0648	 0.0637	 0.0630	 0.0756	 0.0963	 0.0868	 0.0742	 0.0733	 0.0555	 0.0352	 0.0156	 0.0058	 
2000.0000	 1.0000	 4.0000	 1.0000	 2.0000	 0.0000	 1.0000	 100.0000	 0.0000	 0.0000	 0.0029	 0.0134	 0.0313	 0.0647	 0.1067	 0.1223	 0.1078	 0.0983	 0.0911	 0.0777	 0.0632	 0.0596	 0.0530	 0.0309	 0.0223	 0.0176	 0.0140	 0.0106	 0.0073	 0.0054	 	 # 0.0001	 0.0003	 0.0045	 0.0196	 0.0377	 0.0738	 0.1114	 0.1060	 0.0706	 0.0609	 0.0604	 0.0542	 0.0549	 0.0562	 0.0643	 0.0676	 0.0490	 0.0478	 0.0326	 0.0195	 0.0054	 0.0030	 
2001.0000	 1.0000	 4.0000	 1.0000	 2.0000	 0.0000	 1.0000	 100.0000	 0.0000	 0.0000	 0.0029	 0.0130	 0.0308	 0.0646	 0.1077	 0.1238	 0.1084	 0.0980	 0.0907	 0.0772	 0.0633	 0.0597	 0.0538	 0.0336	 0.0239	 0.0174	 0.0124	 0.0086	 0.0058	 0.0045	 	 # 0.0000	 0.0000	 0.0025	 0.0068	 0.0081	 0.0434	 0.0811	 0.1326	 0.1475	 0.1293	 0.0995	 0.0652	 0.0434	 0.0480	 0.0437	 0.0496	 0.0358	 0.0298	 0.0177	 0.0095	 0.0047	 0.0017	 
2002.0000	 1.0000	 4.0000	 1.0000	 2.0000	 0.0000	 1.0000	 100.0000	 0.0000	 0.0000	 0.0026	 0.0117	 0.0283	 0.0618	 0.1061	 0.1252	 0.1109	 0.1007	 0.0922	 0.0775	 0.0632	 0.0594	 0.0539	 0.0364	 0.0261	 0.0184	 0.0120	 0.0073	 0.0040	 0.0023	 	 # 0.0000	 0.0000	 0.0018	 0.0060	 0.0063	 0.0235	 0.0443	 0.0731	 0.0801	 0.1006	 0.0840	 0.0814	 0.0836	 0.0856	 0.0859	 0.0854	 0.0689	 0.0455	 0.0231	 0.0148	 0.0048	 0.0014	 
2003.0000	 1.0000	 4.0000	 1.0000	 2.0000	 0.0000	 1.0000	 100.0000	 0.0000	 0.0000	 0.0057	 0.0195	 0.0309	 0.0554	 0.0918	 0.1114	 0.1020	 0.0961	 0.0901	 0.0775	 0.0639	 0.0609	 0.0573	 0.0426	 0.0329	 0.0243	 0.0170	 0.0111	 0.0063	 0.0033	 	 # 0.0000	 0.0001	 0.0028	 0.0071	 0.0319	 0.0395	 0.0568	 0.0720	 0.0888	 0.0889	 0.0817	 0.0719	 0.0630	 0.0702	 0.0729	 0.0704	 0.0661	 0.0554	 0.0348	 0.0192	 0.0050	 0.0014	 
2004.0000	 1.0000	 4.0000	 1.0000	 2.0000	 0.0000	 1.0000	 100.0000	 0.0000	 0.0000	 0.0050	 0.0187	 0.0335	 0.0597	 0.0936	 0.1102	 0.0932	 0.0849	 0.0789	 0.0686	 0.0578	 0.0565	 0.0560	 0.0491	 0.0426	 0.0339	 0.0246	 0.0166	 0.0104	 0.0063	 	 # 0.0005	 0.0005	 0.0216	 0.0249	 0.0372	 0.0854	 0.1040	 0.1484	 0.1034	 0.0587	 0.0545	 0.0473	 0.0357	 0.0453	 0.0430	 0.0416	 0.0399	 0.0381	 0.0323	 0.0256	 0.0085	 0.0038	 
2005.0000	 1.0000	 4.0000	 1.0000	 2.0000	 0.0000	 1.0000	 100.0000	 0.0000	 0.0000	 0.0049	 0.0183	 0.0347	 0.0639	 0.1017	 0.1207	 0.1015	 0.0886	 0.0776	 0.0625	 0.0489	 0.0458	 0.0463	 0.0435	 0.0394	 0.0332	 0.0259	 0.0193	 0.0133	 0.0100	 	 # 0.0002	 0.0000	 0.0013	 0.0122	 0.0462	 0.0775	 0.0916	 0.1578	 0.1472	 0.0907	 0.0679	 0.0745	 0.0639	 0.0379	 0.0253	 0.0232	 0.0190	 0.0210	 0.0183	 0.0127	 0.0084	 0.0031	 
2006.0000	 1.0000	 4.0000	 1.0000	 2.0000	 0.0000	 1.0000	 100.0000	 0.0000	 0.0000	 0.0043	 0.0183	 0.0474	 0.0760	 0.0995	 0.1156	 0.1008	 0.0919	 0.0821	 0.0672	 0.0522	 0.0467	 0.0463	 0.0436	 0.0351	 0.0260	 0.0182	 0.0127	 0.0087	 0.0071	 	 # 0.0014	 0.0027	 0.0017	 0.0086	 0.0172	 0.0335	 0.0618	 0.1109	 0.1050	 0.0836	 0.0707	 0.0802	 0.0655	 0.0510	 0.0493	 0.0642	 0.0735	 0.0630	 0.0313	 0.0140	 0.0083	 0.0024	 
2007.0000	 1.0000	 4.0000	 1.0000	 2.0000	 0.0000	 1.0000	 100.0000	 0.0000	 0.0000	 0.0029	 0.0138	 0.0408	 0.0774	 0.0998	 0.1150	 0.0985	 0.0863	 0.0788	 0.0664	 0.0551	 0.0511	 0.0506	 0.0490	 0.0405	 0.0301	 0.0201	 0.0126	 0.0071	 0.0042	 	 # 0.0000	 0.0000	 0.0007	 0.0036	 0.0217	 0.0650	 0.0873	 0.1033	 0.0817	 0.0708	 0.0658	 0.0716	 0.0620	 0.0631	 0.0581	 0.0685	 0.0729	 0.0537	 0.0315	 0.0128	 0.0048	 0.0011	 
2008.0000	 1.0000	 4.0000	 1.0000	 2.0000	 0.0000	 1.0000	 100.0000	 0.0000	 0.0000	 0.0022	 0.0105	 0.0322	 0.0650	 0.0953	 0.1182	 0.1076	 0.0933	 0.0826	 0.0678	 0.0551	 0.0519	 0.0530	 0.0514	 0.0407	 0.0293	 0.0195	 0.0125	 0.0074	 0.0042	 	 # 0.0000	 0.0001	 0.0007	 0.0029	 0.0075	 0.0254	 0.0659	 0.1031	 0.1222	 0.1172	 0.0829	 0.0638	 0.0597	 0.0573	 0.0578	 0.0686	 0.0613	 0.0534	 0.0267	 0.0148	 0.0058	 0.0027	 
2009.0000	 1.0000	 4.0000	 1.0000	 2.0000	 0.0000	 1.0000	 100.0000	 0.0000	 0.0000	 0.0021	 0.0097	 0.0287	 0.0555	 0.0823	 0.1044	 0.0977	 0.0884	 0.0814	 0.0704	 0.0603	 0.0587	 0.0605	 0.0585	 0.0473	 0.0357	 0.0252	 0.0168	 0.0102	 0.0060	 	 # 0.0000	 0.0000	 0.0034	 0.0075	 0.0225	 0.0406	 0.0627	 0.0793	 0.0661	 0.0701	 0.0673	 0.0675	 0.0624	 0.0625	 0.0763	 0.0829	 0.0766	 0.0564	 0.0444	 0.0336	 0.0126	 0.0053	 
2010.0000	 1.0000	 4.0000	 1.0000	 2.0000	 0.0000	 1.0000	 100.0000	 0.0000	 0.0000	 0.0024	 0.0116	 0.0320	 0.0591	 0.0840	 0.1007	 0.0904	 0.0812	 0.0753	 0.0661	 0.0570	 0.0563	 0.0595	 0.0606	 0.0517	 0.0403	 0.0291	 0.0201	 0.0132	 0.0096	 	 # 0.0000	 0.0000	 0.0034	 0.0196	 0.0965	 0.1491	 0.1104	 0.1279	 0.0607	 0.0543	 0.0548	 0.0289	 0.0350	 0.0289	 0.0334	 0.0388	 0.0381	 0.0391	 0.0374	 0.0263	 0.0130	 0.0044	 
2011.0000	 1.0000	 4.0000	 1.0000	 2.0000	 0.0000	 1.0000	 100.0000	 0.0000	 0.0000	 0.0021	 0.0109	 0.0325	 0.0667	 0.1012	 0.1141	 0.0939	 0.0794	 0.0697	 0.0595	 0.0505	 0.0501	 0.0534	 0.0541	 0.0468	 0.0377	 0.0289	 0.0215	 0.0151	 0.0120	 	 # 0.0000	 0.0014	 0.0013	 0.0089	 0.0233	 0.0659	 0.1304	 0.1517	 0.1187	 0.0698	 0.0577	 0.0377	 0.0306	 0.0318	 0.0401	 0.0413	 0.0472	 0.0464	 0.0453	 0.0325	 0.0123	 0.0055	 
2012.0000	 1.0000	 4.0000	 1.0000	 2.0000	 0.0000	 1.0000	 100.0000	 0.0000	 0.0000	 0.0019	 0.0102	 0.0306	 0.0659	 0.1068	 0.1273	 0.1088	 0.0905	 0.0764	 0.0625	 0.0533	 0.0523	 0.0536	 0.0485	 0.0367	 0.0263	 0.0185	 0.0131	 0.0092	 0.0077	 	 # 0.0000	 0.0001	 0.0063	 0.0221	 0.0439	 0.0703	 0.1060	 0.1250	 0.1149	 0.1002	 0.0783	 0.0664	 0.0420	 0.0265	 0.0355	 0.0398	 0.0345	 0.0323	 0.0263	 0.0171	 0.0091	 0.0033	 
2013.0000	 1.0000	 4.0000	 1.0000	 2.0000	 0.0000	 1.0000	 100.0000	 0.0000	 0.0000	 0.0018	 0.0101	 0.0296	 0.0623	 0.1022	 0.1223	 0.1076	 0.0945	 0.0841	 0.0714	 0.0611	 0.0591	 0.0585	 0.0491	 0.0342	 0.0219	 0.0134	 0.0082	 0.0050	 0.0037	 	 # 0.0000	 0.0008	 0.0038	 0.0094	 0.0247	 0.0513	 0.0870	 0.0969	 0.0854	 0.0924	 0.1022	 0.0869	 0.0619	 0.0416	 0.0542	 0.0574	 0.0517	 0.0375	 0.0277	 0.0169	 0.0066	 0.0038	 
2014.0000	 1.0000	 4.0000	 1.0000	 2.0000	 0.0000	 1.0000	 100.0000	 0.0000	 0.0000	 0.0020	 0.0115	 0.0306	 0.0599	 0.0979	 0.1186	 0.1058	 0.0941	 0.0846	 0.0720	 0.0620	 0.0608	 0.0590	 0.0447	 0.0319	 0.0238	 0.0175	 0.0120	 0.0073	 0.0040	 	 # 0.0000	 0.0000	 0.0010	 0.0083	 0.0443	 0.0434	 0.0901	 0.1275	 0.1005	 0.0891	 0.0807	 0.0611	 0.0451	 0.0410	 0.0497	 0.0644	 0.0630	 0.0379	 0.0287	 0.0156	 0.0063	 0.0021	 
2015.0000	 1.0000	 4.0000	 1.0000	 2.0000	 0.0000	 1.0000	 100.0000	 0.0000	 0.0000	 0.0023	 0.0141	 0.0383	 0.0707	 0.1099	 0.1256	 0.1067	 0.0932	 0.0834	 0.0714	 0.0612	 0.0588	 0.0537	 0.0339	 0.0241	 0.0191	 0.0143	 0.0099	 0.0060	 0.0034	 	 # 0.0000	 0.0002	 0.0099	 0.0195	 0.0241	 0.0430	 0.0919	 0.0964	 0.0949	 0.0885	 0.0853	 0.0786	 0.0585	 0.0507	 0.0556	 0.0520	 0.0445	 0.0325	 0.0274	 0.0239	 0.0146	 0.0081	 
2016.0000	 1.0000	 4.0000	 1.0000	 2.0000	 0.0000	 1.0000	 100.0000	 0.0000	 0.0000	 0.0048	 0.0298	 0.0651	 0.0903	 0.1142	 0.1267	 0.1061	 0.0922	 0.0817	 0.0678	 0.0565	 0.0518	 0.0440	 0.0227	 0.0149	 0.0115	 0.0086	 0.0060	 0.0036	 0.0019	 	 # 0.0000	 0.0000	 0.0218	 0.0655	 0.1096	 0.1175	 0.1086	 0.0878	 0.0571	 0.0566	 0.0623	 0.0586	 0.0530	 0.0424	 0.0409	 0.0374	 0.0301	 0.0205	 0.0144	 0.0078	 0.0047	 0.0035	 
2017.0000	 1.0000	 4.0000	 1.0000	 2.0000	 0.0000	 1.0000	 100.0000	 0.0000	 0.0000	 0.0047	 0.0337	 0.0791	 0.1328	 0.1781	 0.1559	 0.0998	 0.0694	 0.0557	 0.0454	 0.0373	 0.0335	 0.0281	 0.0163	 0.0110	 0.0077	 0.0052	 0.0033	 0.0019	 0.0011	 	 # 0.0000	 0.0000	 0.0099	 0.0544	 0.0987	 0.1256	 0.1761	 0.1506	 0.0872	 0.0673	 0.0568	 0.0341	 0.0273	 0.0195	 0.0232	 0.0220	 0.0179	 0.0141	 0.0082	 0.0043	 0.0022	 0.0005	 
2018.0000	 1.0000	 4.0000	 1.0000	 2.0000	 0.0000	 1.0000	 100.0000	 0.0000	 0.0000	 0.0029	 0.0212	 0.0569	 0.1156	 0.1761	 0.1767	 0.1221	 0.0874	 0.0646	 0.0474	 0.0352	 0.0290	 0.0229	 0.0148	 0.0104	 0.0073	 0.0047	 0.0028	 0.0014	 0.0007	 	 # 0.0000	 0.0000	 0.0015	 0.0156	 0.0584	 0.1573	 0.1965	 0.1676	 0.1112	 0.0814	 0.0662	 0.0503	 0.0268	 0.0197	 0.0155	 0.0142	 0.0086	 0.0047	 0.0023	 0.0012	 0.0007	 0.0003	 
2019.0000	 1.0000	 4.0000	 1.0000	 2.0000	 0.0000	 1.0000	 100.0000	 0.0000	 0.0000	 0.0014	 0.0102	 0.0299	 0.0690	 0.1197	 0.1421	 0.1215	 0.1087	 0.0958	 0.0778	 0.0564	 0.0450	 0.0397	 0.0337	 0.0233	 0.0137	 0.0070	 0.0033	 0.0014	 0.0005	 	 # 0.0000	 0.0000	 0.0004	 0.0049	 0.0268	 0.0577	 0.0898	 0.1066	 0.1125	 0.1325	 0.1302	 0.1084	 0.0761	 0.0568	 0.0386	 0.0283	 0.0155	 0.0077	 0.0040	 0.0018	 0.0011	 0.0003	 
2021.0000	 1.0000	 4.0000	 1.0000	 2.0000	 0.0000	 1.0000	 100.0000	 0.0000	 0.0000	 0.0021	 0.0106	 0.0291	 0.0660	 0.1146	 0.1373	 0.1197	 0.1108	 0.1015	 0.0866	 0.0661	 0.0535	 0.0424	 0.0218	 0.0134	 0.0100	 0.0070	 0.0044	 0.0022	 0.0010	 	 # 0.0001	 0.0003	 0.0006	 0.0016	 0.0050	 0.0215	 0.0311	 0.0506	 0.0659	 0.0972	 0.1322	 0.1365	 0.1234	 0.1099	 0.0921	 0.0645	 0.0354	 0.0217	 0.0070	 0.0023	 0.0006	 0.0004	 
2022.0000	 1.0000	 4.0000	 1.0000	 2.0000	 0.0000	 1.0000	 100.0000	 0.0000	 0.0000	 0.0046	 0.0278	 0.0474	 0.0827	 0.1071	 0.1245	 0.1078	 0.0992	 0.0905	 0.0772	 0.0595	 0.0492	 0.0406	 0.0238	 0.0174	 0.0142	 0.0107	 0.0076	 0.0049	 0.0034	 	 # 0.0000	 0.0002	 0.0058	 0.0225	 0.0479	 0.0491	 0.0562	 0.0536	 0.0701	 0.0745	 0.0858	 0.0827	 0.0800	 0.0799	 0.0877	 0.0760	 0.0600	 0.0381	 0.0204	 0.0071	 0.0015	 0.0009	 
2023.0000	 1.0000	 4.0000	 1.0000	 2.0000	 0.0000	 1.0000	 100.0000	 0.0000	 0.0000	 0.0079	 0.0382	 0.0630	 0.0997	 0.1260	 0.1327	 0.1030	 0.0853	 0.0752	 0.0637	 0.0493	 0.0412	 0.0348	 0.0222	 0.0170	 0.0141	 0.0108	 0.0076	 0.0049	 0.0035	 	 # 0.0000	 0.0000	 0.0163	 0.0297	 0.0702	 0.1335	 0.1438	 0.1261	 0.0567	 0.0357	 0.0284	 0.0313	 0.0326	 0.0501	 0.0525	 0.0575	 0.0551	 0.0426	 0.0208	 0.0117	 0.0040	 0.0012	 
2024.0000	 1.0000	 4.0000	 1.0000	 2.0000	 0.0000	 1.0000	 100.0000	 0.0000	 0.0000	 0.0063	 0.0408	 0.1001	 0.1336	 0.1553	 0.1535	 0.1061	 0.0783	 0.0619	 0.0448	 0.0306	 0.0235	 0.0191	 0.0127	 0.0099	 0.0082	 0.0062	 0.0043	 0.0028	 0.0021	 	 # 0.0000	 0.0000	 0.0064	 0.0338	 0.0881	 0.1460	 0.1485	 0.1551	 0.0971	 0.0706	 0.0569	 0.0400	 0.0265	 0.0227	 0.0247	 0.0235	 0.0189	 0.0205	 0.0135	 0.0056	 0.0015	 0.0002	 
2025.0000	 1.0000	 4.0000	 1.0000	 2.0000	 0.0000	 1.0000	 100.0000	 0.0000	 0.0000	 0.0037	 0.0262	 0.0748	 0.1240	 0.1654	 0.1639	 0.1099	 0.0798	 0.0637	 0.0492	 0.0339	 0.0275	 0.0240	 0.0204	 0.0143	 0.0091	 0.0051	 0.0028	 0.0015	 0.0009	 	 # 0.0000	 0.0000	 0.0008	 0.0106	 0.0397	 0.0894	 0.1432	 0.1738	 0.1705	 0.1004	 0.0671	 0.0663	 0.0369	 0.0252	 0.0215	 0.0189	 0.0156	 0.0107	 0.0059	 0.0026	 0.0006	 0.0004	 
2026.0000	 1.0000	 4.0000	 1.0000	 2.0000	 0.0000	 1.0000	 100.0000	 0.0000	 0.0000	 0.0019	 0.0143	 0.0439	 0.0853	 0.1307	 0.1464	 0.1132	 0.0949	 0.0793	 0.0610	 0.0448	 0.0384	 0.0354	 0.0339	 0.0284	 0.0205	 0.0134	 0.0078	 0.0042	 0.0021	 	 # 0.0000	 0.0000	 0.0024	 0.0081	 0.0163	 0.0523	 0.1049	 0.1790	 0.1489	 0.1089	 0.1204	 0.0887	 0.0627	 0.0432	 0.0194	 0.0153	 0.0117	 0.0088	 0.0054	 0.0024	 0.0010	 0.0001	 

##  Growth data (increment)
# Type of growth increment (0=no growth data;1=size-at-release; 2= size-class-at-release)
1
# nobs_growth
294
# Growth data
 25.2000 1.0000 7.6000 0.0300
 25.2000 1.0000 7.6000 0.0300
 25.4000 1.0000 6.4000 0.0300
 25.6000 1.0000 5.8000 0.0300
 25.6000 1.0000 5.8000 0.0300
 25.7000 1.0000 7.5700 0.0300
 25.7000 1.0000 5.4700 0.0300
 25.8000 1.0000 4.9000 0.0300
 25.9000 1.0000 5.2000 0.0300
 25.9000 1.0000 5.2000 0.0300
 26.0000 1.0000 6.2000 0.0300
 26.1000 1.0000 5.4000 0.0300
 26.3000 1.0000 7.3000 0.0300
 26.5000 1.0000 6.7000 0.0300
 26.7000 1.0000 8.1000 0.0300
 27.1000 1.0000 5.5000 0.0300
 27.2000 1.0000 6.1000 0.0300
 27.4000 1.0000 7.4000 0.0300
 27.6000 1.0000 5.4000 0.0300
 27.9000 1.0000 8.9000 0.0300
 28.8000 1.0000 6.8000 0.0300
 28.9000 1.0000 7.0500 0.0300
 29.0000 1.0000 6.9000 0.0300
 29.1000 1.0000 7.0000 0.0300
 29.7000 1.0000 7.3000 0.0300
 29.9000 1.0000 10.0000 0.0300
 30.3000 1.0000 10.0000 0.0300
 30.7000 1.0000 9.8000 0.0300
 44.2000 1.0000 14.5000 0.0300
 44.7000 1.0000 12.6000 0.0300
 53.5600 1.0000 12.1400 0.0300
 54.8400 1.0000 13.1100 0.0300
 56.0700 1.0000 15.9200 0.0300
 56.5000 1.0000 13.5000 0.0300
 56.5000 1.0000 15.7400 0.0300
 56.9500 1.0000 13.0800 0.0300
 57.0000 1.0000 13.0000 0.0300
 57.4200 1.0000 16.5600 0.0300
 57.4400 1.0000 18.1300 0.0300
 57.6300 1.0000 10.9700 0.0300
 57.6300 1.0000 10.9700 0.0300
 58.4700 1.0000 16.2900 0.0300
 58.7000 1.0000 13.8000 0.0300
 59.3000 1.0000 15.8000 0.0300
 59.8600 1.0000 14.7500 0.0300
 60.3000 1.0000 14.8000 0.0300
 60.4800 1.0000 16.6700 0.0300
 60.6000 1.0000 16.4900 0.0300
 60.6200 1.0000 18.5100 0.0300
 60.8000 1.0000 17.6000 0.0300
 60.8200 1.0000 18.1400 0.0300
 60.8600 1.0000 18.1400 0.0300
 61.0900 1.0000 19.8600 0.0300
 61.4500 1.0000 16.0000 0.0300
 61.5900 1.0000 18.4300 0.0300
 61.9400 1.0000 17.0200 0.0300
 62.1500 1.0000 19.0300 0.0300
 62.2800 1.0000 14.5000 0.0300
 62.3000 1.0000 19.5000 0.0300
 62.5700 1.0000 17.3800 0.0300
 62.7200 1.0000 16.9900 0.0300
 62.7800 1.0000 17.1100 0.0300
 63.0900 1.0000 18.2200 0.0300
 63.3700 1.0000 20.6200 0.0300
 63.7500 1.0000 15.9200 0.0300
 63.8100 1.0000 15.4900 0.0300
 63.8900 1.0000 15.2000 0.0300
 64.0000 1.0000 20.7000 0.0300
 64.0000 1.0000 20.7000 0.0300
 64.0100 1.0000 16.5400 0.0300
 64.2100 1.0000 19.0300 0.0300
 64.3700 1.0000 18.0200 0.0300
 64.5900 1.0000 19.2000 0.0300
 64.7000 1.0000 18.0000 0.0300
 65.0200 1.0000 15.0700 0.0300
 65.4200 1.0000 15.4100 0.0300
 65.7600 1.0000 16.1200 0.0300
 65.7900 1.0000 17.2300 0.0300
 65.8500 1.0000 18.3800 0.0300
 65.9400 1.0000 17.1000 0.0300
 65.9700 1.0000 17.1300 0.0300
 66.0100 1.0000 15.5000 0.0300
 66.0400 1.0000 18.4200 0.0300
 66.3700 1.0000 16.6400 0.0300
 66.5200 1.0000 19.7200 0.0300
 67.0500 1.0000 17.4500 0.0300
 67.1000 1.0000 16.7400 0.0300
 67.2300 1.0000 18.3300 0.0300
 67.3400 1.0000 16.4700 0.0300
 67.4400 1.0000 16.9000 0.0300
 67.6000 1.0000 18.4000 0.0300
 67.6600 1.0000 20.9800 0.0300
 67.8600 1.0000 16.6400 0.0300
 67.8800 1.0000 19.7300 0.0300
 67.9000 1.0000 17.4000 0.0300
 68.7500 1.0000 17.9500 0.0300
 68.8600 1.0000 19.6600 0.0300
 69.0300 1.0000 16.5500 0.0300
 69.0500 1.0000 20.6700 0.0300
 69.0600 1.0000 15.0500 0.0300
 69.3600 1.0000 17.9100 0.0300
 69.5700 1.0000 17.2800 0.0300
 69.6900 1.0000 17.4400 0.0300
 69.8000 1.0000 17.2700 0.0300
 70.1900 1.0000 21.9600 0.0300
 70.2500 1.0000 9.9000 0.0300
 70.8700 1.0000 19.0000 0.0300
 71.0400 1.0000 27.7900 0.0300
 71.2000 1.0000 20.3700 0.0300
 71.4000 1.0000 18.9800 0.0300
 71.7100 1.0000 21.2500 0.0300
 71.7100 1.0000 9.6500 0.0300
 72.1900 1.0000 16.3800 0.0300
 72.2600 1.0000 18.8200 0.0300
 72.3700 1.0000 17.4900 0.0300
 72.4000 1.0000 18.5400 0.0300
 72.5300 1.0000 15.7000 0.0300
 72.5300 1.0000 15.9100 0.0300
 73.1900 1.0000 17.1500 0.0300
 73.2700 1.0000 18.1700 0.0300
 73.4100 1.0000 21.4500 0.0300
 73.5400 1.0000 17.5500 0.0300
 73.6100 1.0000 18.4800 0.0300
 73.8900 1.0000 19.7700 0.0300
 73.8900 1.0000 15.8200 0.0300
 73.9700 1.0000 18.4100 0.0300
 74.0100 1.0000 19.5500 0.0300
 74.0600 1.0000 18.7800 0.0300
 74.5000 1.0000 19.4000 0.0300
 74.9700 1.0000 19.7000 0.0300
 75.1900 1.0000 20.8800 0.0300
 75.3500 1.0000 20.3900 0.0300
 75.4300 1.0000 20.2800 0.0300
 75.5400 1.0000 17.6700 0.0300
 75.6600 1.0000 18.9800 0.0300
 75.7100 1.0000 15.1100 0.0300
 75.7200 1.0000 17.9600 0.0300
 75.9800 1.0000 20.6600 0.0300
 76.3100 1.0000 21.8200 0.0300
 76.8100 1.0000 17.2800 0.0300
 77.1000 1.0000 20.3600 0.0300
 77.2200 1.0000 20.9400 0.0300
 78.0500 1.0000 21.3000 0.0300
 78.1000 1.0000 19.1700 0.0300
 78.2100 1.0000 17.7500 0.0300
 78.5300 1.0000 19.5800 0.0300
 78.7200 1.0000 17.3900 0.0300
 79.6100 1.0000 21.3300 0.0300
 79.9000 1.0000 17.9000 0.0300
 80.1400 1.0000 20.1900 0.0300
 80.7000 1.0000 14.1800 0.0300
 80.8500 1.0000 22.1600 0.0300
 80.8800 1.0000 18.2300 0.0300
 82.8900 1.0000 21.8700 0.0300
 83.1200 1.0000 21.3600 0.0300
 84.6000 1.0000 20.1300 0.0300
 87.2900 1.0000 22.7000 0.0300
 89.8000 1.0000 20.2000 0.0300
 89.9000 1.0000 22.2000 0.0300
 89.9000 1.0000 22.4000 0.0300
 93.8000 1.0000 23.8000 0.0300
 25.0000 2.0000 6.1000 0.0300
 25.1000 2.0000 7.1000 0.0300
 25.2000 2.0000 6.8000 0.0300
 25.2000 2.0000 6.8000 0.0300
 25.3000 2.0000 8.2000 0.0300
 25.4000 2.0000 6.3000 0.0300
 25.4000 2.0000 6.3000 0.0300
 25.5000 2.0000 9.1000 0.0300
 25.5000 2.0000 7.4000 0.0300
 25.5000 2.0000 9.1000 0.0300
 25.5000 2.0000 7.4000 0.0300
 25.5000 2.0000 5.7200 0.0300
 25.7000 2.0000 6.8000 0.0300
 25.7000 2.0000 7.6000 0.0300
 25.7000 2.0000 4.2000 0.0300
 25.8000 2.0000 7.8000 0.0300
 25.8000 2.0000 6.3000 0.0300
 25.9000 2.0000 6.8000 0.0300
 25.9000 2.0000 6.8000 0.0300
 25.9000 2.0000 5.7000 0.0300
 25.9000 2.0000 6.7000 0.0300
 26.0000 2.0000 7.1000 0.0300
 26.0000 2.0000 6.8000 0.0300
 26.0000 2.0000 6.2000 0.0300
 26.1000 2.0000 7.1000 0.0300
 26.2000 2.0000 6.4000 0.0300
 26.2000 2.0000 6.4000 0.0300
 26.2000 2.0000 7.0000 0.0300
 26.3000 2.0000 6.5000 0.0300
 26.3000 2.0000 3.9000 0.0300
 26.4000 2.0000 5.4000 0.0300
 26.4000 2.0000 5.4000 0.0300
 26.4000 2.0000 6.2000 0.0300
 26.4000 2.0000 7.3000 0.0300
 26.5000 2.0000 7.4000 0.0300
 26.5000 2.0000 7.2000 0.0300
 26.5000 2.0000 6.1900 0.0300
 26.6000 2.0000 8.3000 0.0300
 26.7000 2.0000 5.0000 0.0300
 26.7000 2.0000 4.5000 0.0300
 26.7000 2.0000 5.7000 0.0300
 26.9000 2.0000 7.5000 0.0300
 26.9000 2.0000 7.6000 0.0300
 26.9000 2.0000 6.2000 0.0300
 27.0000 2.0000 7.7000 0.0300
 27.1000 2.0000 5.9300 0.0300
 27.1000 2.0000 6.3000 0.0300
 27.1000 2.0000 6.2000 0.0300
 27.1000 2.0000 5.6000 0.0300
 27.2000 2.0000 7.2000 0.0300
 27.2000 2.0000 7.3000 0.0300
 27.2000 2.0000 6.3000 0.0300
 27.4000 2.0000 7.7000 0.0300
 27.4000 2.0000 7.1000 0.0300
 27.4000 2.0000 6.8000 0.0300
 27.5000 2.0000 7.3000 0.0300
 27.5000 2.0000 6.5000 0.0300
 27.6000 2.0000 5.3000 0.0300
 27.6000 2.0000 5.1400 0.0300
 27.7000 2.0000 5.8100 0.0300
 28.0000 2.0000 7.0000 0.0300
 28.0000 2.0000 6.8000 0.0300
 28.1000 2.0000 6.4000 0.0300
 28.1000 2.0000 6.4000 0.0300
 28.1000 2.0000 6.5000 0.0300
 28.1000 2.0000 6.3000 0.0300
 28.2000 2.0000 8.0200 0.0300
 28.2000 2.0000 7.6000 0.0300
 28.2000 2.0000 8.0200 0.0300
 28.2000 2.0000 7.6000 0.0300
 28.2000 2.0000 7.6000 0.0300
 28.3000 2.0000 6.4400 0.0300
 28.3000 2.0000 7.2400 0.0300
 28.4000 2.0000 6.5000 0.0300
 28.5000 2.0000 7.9000 0.0300
 28.5000 2.0000 7.5000 0.0300
 28.5000 2.0000 7.6300 0.0300
 28.6000 2.0000 6.9000 0.0300
 28.6000 2.0000 6.8000 0.0300
 28.7000 2.0000 8.4000 0.0300
 28.7000 2.0000 7.3000 0.0300
 28.7000 2.0000 8.4000 0.0300
 28.7000 2.0000 7.3000 0.0300
 28.7000 2.0000 5.8000 0.0300
 28.7000 2.0000 6.7600 0.0300
 28.9000 2.0000 7.0000 0.0300
 28.9000 2.0000 5.9000 0.0300
 28.9000 2.0000 6.8000 0.0300
 29.0000 2.0000 7.7000 0.0300
 29.0000 2.0000 7.7000 0.0300
 29.0000 2.0000 6.9000 0.0300
 29.1000 2.0000 9.3000 0.0300
 29.1000 2.0000 9.3000 0.0300
 29.1000 2.0000 7.5000 0.0300
 29.1000 2.0000 2.7000 0.0300
 29.1000 2.0000 4.8200 0.0300
 29.2000 2.0000 9.3000 0.0300
 29.2000 2.0000 7.6000 0.0300
 29.3000 2.0000 6.1000 0.0300
 29.3000 2.0000 6.3400 0.0300
 29.4000 2.0000 7.3000 0.0300
 29.4000 2.0000 7.3000 0.0300
 29.5000 2.0000 8.9000 0.0300
 29.6000 2.0000 6.6000 0.0300
 29.6000 2.0000 5.8800 0.0300
 29.8000 2.0000 7.3800 0.0300
 30.0000 2.0000 6.0800 0.0300
 30.3000 2.0000 6.7000 0.0300
 30.4000 2.0000 6.8000 0.0300
 30.6000 2.0000 5.8000 0.0300
 30.6000 2.0000 6.1500 0.0300
 30.9000 2.0000 7.5000 0.0300
 30.9000 2.0000 7.5000 0.0300
 30.9000 2.0000 6.6000 0.0300
 31.0000 2.0000 6.5000 0.0300
 31.7000 2.0000 7.3500 0.0300
 31.8000 2.0000 7.8000 0.0300
 32.8000 2.0000 12.1000 0.0100
 33.3000 2.0000 8.0400 0.0100
 34.9000 2.0000 9.9000 0.0100
 34.9000 2.0000 9.9000 0.0100
 35.3000 2.0000 12.3000 0.0100
 38.3000 2.0000 12.6000 0.0100
 38.9000 2.0000 14.1000 0.0100
 41.0000 2.0000 14.8000 0.0100
 42.1000 2.0000 12.5000 0.0100
 44.2000 2.0000 15.3000 0.0100
 44.3000 2.0000 15.0000 0.0100
 44.8000 2.0000 14.9000 0.0100
 45.2000 2.0000 14.4000 0.0100
 46.9000 2.0000 13.5000 0.0100
 47.0000 2.0000 14.4000 0.0100
 47.9000 2.0000 13.5000 0.0100

# Environmental data
# Number of series
0
# Year ranges
#--none
# Indices
# Index Year Value
#--none

## eof
9999
